# Blender 4.2.3 LTS
# www.blender.org
o link_0__m0
v -0.108000 0.054223 0.052316
v -0.108000 0.050822 0.074147
v -0.108000 0.050013 0.081216
v -0.108000 0.048034 0.096064
v -0.108000 0.046874 0.110252
v -0.108000 0.045859 0.118051
v -0.108000 0.044809 0.139384
v -0.108000 0.044299 0.140090
v -0.108000 0.044533 0.141088
v -0.108000 0.044089 0.141510
v -0.108000 0.043899 0.142694
v -0.108000 0.043629 0.142870
v -0.108000 0.042934 0.144125
v -0.108000 -0.045859 0.118051
v -0.108000 -0.044809 0.139384
v -0.108000 -0.044299 0.140090
v -0.108000 -0.044533 0.141088
v -0.108000 -0.044089 0.141510
v -0.108000 -0.043899 0.142694
v -0.108000 -0.043629 0.142870
v -0.108000 -0.042934 0.144125
v -0.108000 -0.046874 0.110252
v -0.108000 -0.048034 0.096064
v -0.108000 -0.050013 0.081216
v -0.108000 -0.050822 0.074147
v -0.108000 -0.054223 0.052316
v 0.076265 0.055312 0.035145
v 0.083895 0.053834 0.018254
v 0.079936 0.061589 0.014524
v 0.085105 0.059275 0.005882
v 0.079787 0.063266 0.011665
v 0.078668 0.067586 0.005882
v 0.078362 0.065650 0.010375
v 0.074202 0.070545 0.009965
v 0.071423 0.075201 0.005882
v 0.070545 0.074202 0.009965
v 0.065845 0.078357 0.010093
v 0.063444 0.082045 0.005882
v 0.063336 0.079784 0.011554
v 0.061741 0.079893 0.014302
v 0.054813 0.088045 0.005882
v 0.055881 0.082482 0.018449
v 0.051825 0.077097 0.039268
v 0.045268 0.081094 0.039333
v 0.038489 0.084524 0.039330
v 0.036450 0.079981 0.055450
v 0.029791 0.082692 0.055450
v 0.028555 0.079261 0.067899
v 0.021982 0.081329 0.067899
v 0.021091 0.078030 0.080383
v 0.014643 0.079493 0.080383
v 0.014076 0.076410 0.092909
v 0.007784 0.077305 0.092909
v 0.007504 0.074522 0.105484
v 0.001389 0.074886 0.105484
v 0.001344 0.072454 0.118261
v -0.004582 0.072322 0.118261
v -0.004457 0.070349 0.131101
v -0.010191 0.069749 0.131101
v -0.009979 0.068298 0.144012
v -0.015527 0.067254 0.144012
v -0.012641 0.066938 0.157000
v -0.020931 0.064826 0.157000
v -0.020432 0.065929 0.144012
v -0.025227 0.064248 0.144012
v -0.020866 0.067330 0.131101
v -0.025763 0.065613 0.131101
v -0.021452 0.069219 0.118261
v -0.026486 0.067453 0.118261
v -0.022172 0.071542 0.105484
v -0.027374 0.069717 0.105484
v -0.023000 0.074214 0.092909
v -0.028397 0.072321 0.092909
v -0.023927 0.077208 0.080383
v -0.029542 0.075238 0.080383
v -0.024939 0.080472 0.067899
v -0.030791 0.078419 0.067899
v -0.026019 0.083956 0.055450
v -0.032648 0.083054 0.050959
v -0.027521 0.088697 0.039348
v -0.035669 0.090341 0.026104
v -0.029508 0.095214 0.018254
v -0.036119 0.097221 0.005882
v -0.045775 0.093065 0.005882
v 0.078145 0.050557 0.038738
v 0.086086 0.045545 0.025288
v 0.085848 0.036980 0.037414
v 0.092439 0.031245 0.024710
v 0.096747 0.024010 0.018254
v 0.090154 0.022398 0.039269
v 0.098385 0.016023 0.018254
v 0.091638 0.014956 0.039408
v 0.099366 0.007929 0.018254
v 0.092331 0.007366 0.040125
v 0.093503 -0.000199 0.037322
v 0.089257 -0.007513 0.049881
v 0.091582 -0.015296 0.039407
v 0.086690 -0.014507 0.055450
v 0.090027 -0.022730 0.039400
v 0.085214 -0.021543 0.055450
v 0.084465 -0.028848 0.050910
v 0.085697 -0.037534 0.037159
v 0.080567 -0.035136 0.055450
v 0.080794 -0.043412 0.043031
v 0.077426 -0.041603 0.055450
v 0.076976 -0.049870 0.043031
v 0.073767 -0.047791 0.055450
v 0.073490 -0.053114 0.046370
v 0.075521 -0.054681 0.038220
v 0.073110 0.052864 0.047842
v 0.070449 0.051611 0.057328
v 0.073975 0.047468 0.055450
v 0.067245 0.051226 0.066749
v 0.063460 0.051038 0.078064
v 0.070905 0.045499 0.067899
v 0.078806 0.041932 0.050869
v 0.074386 0.039552 0.067899
v 0.080719 0.034784 0.055450
v 0.077370 0.033341 0.067899
v 0.084560 0.028530 0.050949
v 0.079836 0.026906 0.067899
v 0.085307 0.021171 0.055450
v 0.081767 0.020292 0.067899
v 0.086752 0.014129 0.055450
v 0.083152 0.013542 0.067899
v 0.087617 0.006992 0.055450
v 0.083981 0.006702 0.067899
v 0.084248 -0.000172 0.067899
v 0.080830 -0.000163 0.080383
v 0.080545 -0.006781 0.080383
v 0.077422 -0.006518 0.092909
v 0.079722 -0.013341 0.080383
v 0.076631 -0.012824 0.092909
v 0.078365 -0.019811 0.080383
v 0.075326 -0.019043 0.092909
v 0.076484 -0.026149 0.080383
v 0.073518 -0.025135 0.092909
v 0.074091 -0.032312 0.080383
v 0.071218 -0.031059 0.092909
v 0.071203 -0.038259 0.080383
v 0.068442 -0.036775 0.092909
v 0.067838 -0.043949 0.080383
v 0.065208 -0.042245 0.092909
v 0.063946 -0.050730 0.077407
v 0.061537 -0.047433 0.092909
v 0.060378 -0.051826 0.085229
v 0.058340 -0.052784 0.088779
v 0.057455 -0.052303 0.092909
v 0.055406 -0.054894 0.091624
v 0.055387 -0.050420 0.105484
v 0.052989 -0.056823 0.092909
v 0.051081 -0.054778 0.105484
v 0.048188 -0.060947 0.092909
v 0.046449 -0.058756 0.105484
v 0.043025 -0.064696 0.092909
v 0.041476 -0.062367 0.105484
v 0.037594 -0.067996 0.092909
v 0.036240 -0.065548 0.105484
v 0.031911 -0.070840 0.092909
v 0.030762 -0.068290 0.105484
v 0.026015 -0.073211 0.092909
v 0.025079 -0.070575 0.105484
v 0.019945 -0.075092 0.092909
v 0.019227 -0.072389 0.105484
v 0.013742 -0.076471 0.092909
v 0.013247 -0.073718 0.105484
v 0.007447 -0.077338 0.092909
v 0.007179 -0.074554 0.105484
v 0.001061 -0.074891 0.105484
v 0.001027 -0.072460 0.118261
v -0.004897 -0.072301 0.118261
v 0.000999 -0.070483 0.131101
v -0.004764 -0.070329 0.131101
v 0.000978 -0.069016 0.144012
v -0.004665 -0.068865 0.144012
v -0.004403 -0.067979 0.157000
v -0.010277 -0.068253 0.144012
v -0.012888 -0.066891 0.157000
v -0.015820 -0.067185 0.144012
v -0.021170 -0.064748 0.157000
v -0.021258 -0.065668 0.144012
v -0.026553 -0.063711 0.144012
v -0.027117 -0.065065 0.131101
v -0.032344 -0.062631 0.131101
v -0.033251 -0.064388 0.118261
v -0.038052 -0.060897 0.122202
v -0.039716 -0.063644 0.104840
v 0.064234 0.049066 0.080383
v 0.057683 0.052052 0.092909
v 0.059926 0.052041 0.085949
v 0.056271 0.054126 0.091277
v 0.054901 0.055399 0.091615
v 0.053236 0.056592 0.092909
v 0.051319 0.054554 0.105484
v 0.055606 0.050178 0.105484
v 0.061744 0.047164 0.092909
v 0.059521 0.045466 0.105484
v 0.065391 0.041960 0.092909
v 0.063037 0.040450 0.105484
v 0.068602 0.036476 0.092909
v 0.066132 0.035163 0.105484
v 0.071353 0.030748 0.092909
v 0.068784 0.029641 0.105484
v 0.073627 0.024814 0.092909
v 0.070976 0.023921 0.105484
v 0.075409 0.018714 0.092909
v 0.072694 0.018040 0.105484
v 0.076686 0.012489 0.092909
v 0.073925 0.012039 0.105484
v 0.077450 0.006180 0.092909
v 0.074662 0.005958 0.105484
v 0.074899 -0.000147 0.105484
v 0.072467 -0.000140 0.118261
v 0.072211 -0.006080 0.118261
v 0.070490 -0.000134 0.131101
v 0.070241 -0.005914 0.131101
v 0.069023 -0.000129 0.144012
v 0.068779 -0.005791 0.144012
v 0.068121 -0.000126 0.157000
v 0.067568 -0.008662 0.157000
v 0.053773 0.056737 0.090882
v 0.052794 0.058322 0.088804
v 0.048433 0.060753 0.092909
v 0.046690 0.058566 0.105484
v 0.041747 0.062185 0.105484
v 0.040392 0.060166 0.118261
v 0.035340 0.063266 0.118261
v 0.034376 0.061540 0.131101
v 0.029232 0.064143 0.131101
v 0.028623 0.062808 0.144012
v 0.023395 0.064937 0.144012
v 0.029118 0.061585 0.157000
v 0.021170 0.064748 0.157000
v 0.018010 0.066632 0.144012
v 0.012888 0.066891 0.157000
v 0.012504 0.067881 0.144012
v 0.006915 0.068676 0.144012
v 0.012770 0.069323 0.131101
v 0.007062 0.070135 0.131101
v 0.013128 0.071268 0.118261
v 0.007260 0.072102 0.118261
v 0.013569 0.073660 0.105484
v 0.050857 0.063512 0.078347
v 0.045053 0.067110 0.080383
v 0.051128 0.067877 0.065285
v 0.046958 0.069947 0.067899
v 0.051652 0.070560 0.056949
v 0.048991 0.072975 0.055450
v 0.052952 0.073268 0.047269
v 0.054681 0.075522 0.038218
v 0.056984 0.077531 0.028919
v 0.065806 -0.078387 0.010099
v 0.063444 -0.082045 0.005882
v 0.071423 -0.075201 0.005882
v 0.070545 -0.074202 0.009965
v 0.074202 -0.070545 0.009965
v 0.078668 -0.067586 0.005882
v 0.078367 -0.065833 0.010093
v 0.079783 -0.063335 0.011558
v 0.085105 -0.059275 0.005882
v 0.079896 -0.061750 0.014278
v 0.078020 -0.055528 0.030350
v 0.077531 -0.056984 0.028919
v 0.063264 -0.079802 0.011646
v 0.061663 -0.079918 0.014400
v 0.053747 -0.080124 0.028119
v 0.054813 -0.088045 0.005882
v 0.048231 -0.087236 0.018254
v 0.045620 -0.093141 0.005882
v 0.040941 -0.090886 0.018254
v 0.035958 -0.097281 0.005882
v 0.032230 -0.091326 0.026976
v 0.025926 -0.100421 0.005882
v 0.024092 -0.090359 0.037285
v 0.017631 -0.098110 0.018254
v 0.016454 -0.091423 0.039273
v 0.022564 -0.084950 0.055450
v 0.015546 -0.086509 0.055450
v 0.021627 -0.081424 0.067899
v 0.014901 -0.082920 0.067899
v 0.020750 -0.078121 0.080383
v 0.014296 -0.079556 0.080383
v 0.055312 -0.076268 0.035137
v 0.052864 -0.073110 0.047842
v 0.050790 -0.076373 0.043031
v 0.051611 -0.070449 0.057328
v 0.048672 -0.073189 0.055450
v 0.051230 -0.067240 0.066743
v 0.051025 -0.063489 0.078034
v 0.046653 -0.070151 0.067899
v 0.042529 -0.076921 0.055450
v 0.040764 -0.073729 0.067899
v 0.036100 -0.080140 0.055450
v 0.034602 -0.076814 0.067899
v 0.029915 -0.084094 0.050908
v 0.028209 -0.079385 0.067899
v 0.051455 -0.061066 0.084154
v 0.044760 -0.067306 0.080383
v 0.039110 -0.070738 0.080383
v 0.033199 -0.073698 0.080383
v 0.027065 -0.076164 0.080383
v 0.053082 -0.057792 0.089617
v 0.067894 -0.051132 0.065230
v 0.070706 -0.045808 0.067899
v 0.070560 -0.051652 0.056950
v -0.055417 0.040419 0.149206
v -0.055038 0.040142 0.157000
v -0.053382 0.043177 0.148321
v -0.049572 0.046724 0.157000
v -0.051296 0.045775 0.147149
v -0.046882 0.050596 0.144511
v -0.043325 0.052568 0.157000
v -0.042119 0.054925 0.141880
v -0.038691 0.057159 0.144012
v -0.036835 0.058948 0.139156
v -0.034381 0.059851 0.144012
v -0.035112 0.061123 0.131101
v -0.030520 0.063540 0.131101
v -0.031376 0.065322 0.118261
v -0.036395 0.057584 0.157000
v -0.028891 0.061692 0.157000
v -0.029885 0.062218 0.144012
v -0.004152 0.067995 0.157000
v -0.004364 0.068885 0.144012
v 0.001307 0.070478 0.131101
v 0.001280 0.069011 0.144012
v 0.004403 0.067979 0.157000
v 0.033660 0.060259 0.144012
v 0.036607 0.057450 0.157000
v 0.038472 0.057307 0.144012
v 0.043519 0.052408 0.157000
v 0.043027 0.053971 0.144012
v 0.047293 0.050274 0.144012
v 0.048298 0.051343 0.131101
v 0.052333 0.047224 0.131101
v 0.053800 0.048549 0.118261
v 0.057588 0.043990 0.118261
v 0.049744 0.046541 0.157000
v 0.051244 0.046241 0.144012
v 0.056017 0.042789 0.131101
v 0.060990 0.039136 0.118261
v 0.054851 0.041899 0.144012
v 0.055185 0.039939 0.157000
v 0.058092 0.037276 0.144012
v 0.059756 0.032708 0.157000
v 0.060944 0.032404 0.144012
v 0.063388 0.027315 0.144012
v 0.064735 0.027896 0.131101
v 0.066798 0.022513 0.131101
v 0.068672 0.023144 0.118261
v 0.070333 0.017455 0.118261
v 0.063384 0.024960 0.157000
v 0.065408 0.022044 0.144012
v 0.068414 0.016978 0.131101
v 0.071525 0.011649 0.118261
v 0.066012 0.016819 0.157000
v 0.066991 0.016625 0.144012
v 0.069573 0.011331 0.131101
v 0.072237 0.005764 0.118261
v 0.068125 0.011095 0.144012
v 0.067600 0.008413 0.157000
v 0.068804 0.005491 0.144012
v 0.068076 -0.011392 0.144012
v 0.065950 -0.017063 0.157000
v 0.066918 -0.016917 0.144012
v 0.065311 -0.022329 0.144012
v 0.066699 -0.022804 0.131101
v 0.064613 -0.028178 0.131101
v 0.066425 -0.028969 0.118261
v 0.063835 -0.034300 0.118261
v 0.065978 -0.035451 0.105484
v 0.062860 -0.040724 0.105484
v 0.063291 -0.025194 0.157000
v 0.063268 -0.027592 0.144012
v 0.062094 -0.033364 0.131101
v 0.060819 -0.039402 0.118261
v 0.059322 -0.045725 0.105484
v 0.059635 -0.032928 0.157000
v 0.060802 -0.032670 0.144012
v 0.059159 -0.038327 0.131101
v 0.057395 -0.044240 0.118261
v 0.057928 -0.037529 0.144012
v 0.055038 -0.040142 0.157000
v 0.054668 -0.042138 0.144012
v 0.049572 -0.046724 0.157000
v 0.051041 -0.046464 0.144012
v 0.047073 -0.050480 0.144012
v 0.048074 -0.051553 0.131101
v 0.043708 -0.055303 0.131101
v 0.044937 -0.056851 0.118261
v 0.040129 -0.060342 0.118261
v 0.043325 -0.052568 0.157000
v 0.042794 -0.054155 0.144012
v 0.039034 -0.058695 0.131101
v 0.035063 -0.063419 0.118261
v 0.038222 -0.057474 0.144012
v 0.036395 -0.057584 0.157000
v 0.033397 -0.060405 0.144012
v 0.028891 -0.061692 0.157000
v 0.028349 -0.062932 0.144012
v 0.023111 -0.065039 0.144012
v 0.023602 -0.066421 0.131101
v 0.018095 -0.068127 0.131101
v 0.018603 -0.070038 0.118261
v 0.012817 -0.071324 0.118261
v 0.020931 -0.064826 0.157000
v 0.017719 -0.066710 0.144012
v 0.012468 -0.069378 0.131101
v 0.006946 -0.072133 0.118261
v 0.012641 -0.066938 0.157000
v 0.012208 -0.067935 0.144012
v 0.006756 -0.070165 0.131101
v 0.006616 -0.068705 0.144012
v 0.004152 -0.067995 0.157000
v -0.029118 -0.061585 0.157000
v -0.031671 -0.061328 0.144012
v -0.036835 -0.058948 0.139160
v -0.036607 -0.057450 0.157000
v -0.036577 -0.058535 0.144012
v -0.041827 -0.055165 0.141790
v -0.044769 -0.052534 0.144012
v -0.046937 -0.050593 0.144212
v -0.049744 -0.046541 0.157000
v -0.051295 -0.045776 0.147149
v -0.053379 -0.043182 0.148320
v -0.055185 -0.039939 0.157000
v -0.055417 -0.040418 0.149207
v -0.058332 -0.035936 0.150293
v -0.059756 -0.032708 0.157000
v -0.060877 -0.031272 0.151365
v -0.063384 -0.024960 0.157000
v -0.063067 -0.026417 0.152343
v -0.064897 -0.021363 0.153200
v -0.066012 -0.016819 0.157000
v -0.066344 -0.016158 0.153897
v -0.067384 -0.010865 0.154409
v -0.067600 -0.008413 0.157000
v -0.068015 -0.005499 0.154727
v -0.068121 0.000126 0.157000
v -0.068230 -0.000075 0.154837
v -0.068022 0.005382 0.154732
v -0.067568 0.008662 0.157000
v -0.067395 0.010786 0.154418
v -0.065950 0.017063 0.157000
v -0.066362 0.016078 0.153907
v -0.064927 0.021270 0.153214
v -0.063291 0.025194 0.157000
v -0.063094 0.026346 0.152356
v -0.060890 0.031244 0.151371
v -0.059635 0.032928 0.157000
v -0.058336 0.035929 0.150295
v -0.043519 -0.052408 0.157000
v -0.041720 -0.066767 0.088632
v -0.035650 -0.069034 0.092909
v -0.034367 -0.066549 0.105484
v -0.027878 -0.066890 0.118261
v -0.021709 -0.067063 0.131101
v -0.044037 -0.070474 0.071979
v -0.037088 -0.071819 0.080383
v -0.029890 -0.071717 0.092909
v -0.031095 -0.074610 0.080383
v -0.023929 -0.073920 0.092909
v -0.024894 -0.076901 0.080383
v -0.017808 -0.075628 0.092909
v -0.018526 -0.078678 0.080383
v -0.011568 -0.076830 0.092909
v -0.012035 -0.079929 0.080383
v -0.005251 -0.077518 0.092909
v -0.005463 -0.080645 0.080383
v 0.001144 -0.080822 0.080383
v 0.001192 -0.084239 0.067899
v 0.008075 -0.083860 0.067899
v 0.008424 -0.087491 0.055450
v -0.046587 -0.074554 0.055393
v -0.038657 -0.074856 0.067899
v -0.032410 -0.077764 0.067899
v -0.025947 -0.080153 0.067899
v -0.019310 -0.082005 0.067899
v -0.012543 -0.083309 0.067899
v -0.005693 -0.084055 0.067899
v 0.001244 -0.087886 0.055450
v 0.008791 -0.091297 0.043031
v -0.040330 -0.078096 0.055450
v -0.049301 -0.078899 0.038859
v -0.042085 -0.081494 0.043031
v -0.054994 -0.088065 0.005511
v -0.044969 -0.086463 0.025089
v -0.035716 -0.085758 0.039257
v -0.038347 -0.092010 0.018254
v -0.028576 -0.088362 0.039353
v -0.030700 -0.094836 0.018254
v -0.022339 -0.095167 0.024161
v -0.013894 -0.092458 0.037347
v -0.006613 -0.096152 0.028434
v -0.003000 -0.098000 0.023280
v -0.002844 -0.098955 0.020360
v -0.005342 -0.103576 0.005882
v -0.002394 -0.099808 0.017776
v -0.001295 -0.100741 0.014981
v -0.000017 -0.101013 0.014169
v 0.005101 -0.103588 0.005869
v 0.001008 -0.100836 0.014698
v 0.001758 -0.100431 0.015909
v 0.002483 -0.099684 0.018151
v 0.002898 -0.098776 0.020905
v 0.002992 -0.097775 0.023974
v 0.009078 -0.097440 0.023853
v 0.002753 -0.096808 0.026979
v 0.002216 -0.095978 0.029587
v 0.001297 -0.091710 0.043031
v -0.005940 -0.087694 0.055450
v -0.013087 -0.086916 0.055450
v -0.020146 -0.085555 0.055450
v -0.027070 -0.083623 0.055450
v -0.033813 -0.081131 0.055450
v -0.045775 -0.093065 0.005882
v -0.036119 -0.097221 0.005882
v -0.026093 -0.100377 0.005882
v -0.015799 -0.102503 0.005882
v 0.015628 -0.102529 0.005882
v 0.082085 -0.053329 0.023763
v 0.090668 -0.050357 0.005882
v 0.085404 -0.045718 0.026896
v 0.095299 -0.040920 0.005882
v 0.092573 -0.031838 0.023724
v 0.098952 -0.031064 0.005882
v 0.096641 -0.024432 0.018254
v 0.101588 -0.020888 0.005882
v 0.098314 -0.016452 0.018254
v 0.097195 -0.008026 0.024874
v 0.103181 -0.010498 0.005882
v 0.103713 0.000000 0.005882
v 0.103181 0.010498 0.005882
v 0.101588 0.020888 0.005882
v 0.098952 0.031064 0.005882
v 0.095299 0.040920 0.005882
v 0.090668 0.050357 0.005882
v 0.048612 0.087025 0.018254
v 0.045620 0.093141 0.005882
v 0.041337 0.090706 0.018254
v 0.035958 0.097281 0.005882
v 0.031607 0.088064 0.037134
v 0.025462 0.093414 0.027054
v 0.016791 0.091314 0.039424
v 0.008911 0.088806 0.050921
v 0.001630 0.087880 0.055450
v 0.001562 0.084233 0.067899
v -0.005327 0.084079 0.067899
v -0.005111 0.080669 0.080383
v -0.011686 0.079981 0.080383
v -0.011233 0.076880 0.092909
v -0.017478 0.075705 0.092909
v -0.016849 0.072979 0.105484
v 0.025926 0.100421 0.005882
v 0.018059 0.098032 0.018254
v 0.009585 0.095184 0.030635
v 0.001701 0.091703 0.043031
v -0.005557 0.087719 0.055450
v -0.012180 0.083363 0.067899
v -0.018183 0.078759 0.080383
v 0.015628 0.102529 0.005882
v 0.009987 0.099180 0.018254
v 0.002996 0.097847 0.023752
v 0.002750 0.096801 0.026998
v 0.005170 0.103584 0.005882
v 0.002854 0.098925 0.020450
v -0.005320 0.103579 0.005873
v 0.000120 0.101010 0.014182
v -0.015799 0.102503 0.005882
v -0.006205 0.095658 0.030037
v -0.001719 0.100459 0.015824
v -0.002465 0.099710 0.018073
v -0.002865 0.098889 0.020562
v -0.003000 0.098000 0.023280
v -0.002865 0.097109 0.026037
v -0.002461 0.096284 0.028621
v -0.001632 0.095461 0.031233
v -0.005799 0.091535 0.043031
v -0.000400 0.095007 0.032684
v 0.000935 0.095123 0.032317
v 0.002162 0.095921 0.029768
v -0.026093 0.100377 0.005882
v -0.021876 0.095483 0.023535
v -0.013341 0.092622 0.037094
v -0.012707 0.086972 0.055450
v -0.055029 0.088047 0.005494
v -0.049652 0.086435 0.018254
v -0.040327 0.084469 0.037020
v -0.038056 0.079229 0.055450
v -0.036477 0.075942 0.067899
v -0.034997 0.072861 0.080383
v -0.033640 0.070036 0.092909
v -0.032429 0.067514 0.105484
v -0.049333 0.078950 0.038668
v -0.046339 0.080598 0.039030
v -0.046629 0.074622 0.055127
v -0.043781 0.076215 0.055450
v -0.041965 0.073052 0.067899
v -0.044082 0.070546 0.071674
v -0.040262 0.070089 0.080383
v -0.041759 0.066828 0.088338
v -0.038701 0.067371 0.092909
v -0.039721 0.063700 0.104618
v -0.037308 0.064946 0.105484
v -0.036096 0.062837 0.118261
v -0.038063 0.060914 0.122077
v -0.002847 -0.097055 0.026207
v -0.002411 -0.096215 0.028840
v -0.001380 -0.095296 0.031760
v -0.006198 -0.091509 0.043031
v -0.000151 -0.094993 0.032727
v 0.001103 -0.095186 0.032108
v -0.000919 0.100865 0.014611
v 0.001268 0.100748 0.014959
v 0.002334 0.099885 0.017545
v 0.059326 0.038068 0.131101
v 0.063984 0.034021 0.118261
v 0.062239 0.033093 0.131101
v 0.068029 0.043653 0.080383
v 0.071369 0.037948 0.080383
v 0.074231 0.031988 0.080383
v 0.076597 0.025815 0.080383
v 0.078451 0.019469 0.080383
v 0.079779 0.012993 0.080383
v 0.080574 0.006430 0.080383
v 0.077696 -0.000154 0.092909
v 0.074635 -0.006284 0.105484
v 0.073872 -0.012362 0.105484
v 0.071473 -0.011960 0.118261
v 0.072614 -0.018357 0.105484
v 0.070257 -0.017761 0.118261
v 0.070871 -0.024230 0.105484
v 0.068570 -0.023443 0.118261
v 0.068654 -0.029941 0.105484
v 0.087895 -0.000182 0.055450
v 0.083951 -0.007068 0.067899
v 0.083092 -0.013905 0.067899
v 0.081678 -0.020649 0.067899
v 0.079718 -0.027255 0.067899
v 0.077224 -0.033678 0.067899
v 0.074213 -0.039876 0.067899
v 0.049653 0.052783 0.118261
v 0.045174 0.056664 0.118261
v 0.043941 0.055118 0.131101
v 0.043306 0.064508 0.092909
v 0.037890 0.067831 0.092909
v 0.039418 0.070567 0.080383
v 0.032220 0.070700 0.092909
v 0.033520 0.073552 0.080383
v 0.026335 0.073097 0.092909
v 0.027397 0.076046 0.080383
v 0.020273 0.075005 0.092909
v 0.039290 0.058524 0.131101
v 0.042864 0.076735 0.055450
v 0.041085 0.073551 0.067899
v 0.034937 0.076662 0.067899
v 0.036526 0.065389 0.105484
v 0.030052 0.065942 0.118261
v 0.023892 0.066317 0.131101
v 0.034107 -0.061689 0.131101
v 0.029764 -0.066073 0.118261
v 0.044963 -0.081268 0.039323
v 0.038177 -0.084682 0.039281
v 0.049422 -0.052999 0.118261
v 0.053588 -0.048783 0.118261
v 0.052126 -0.047452 0.131101
v 0.055830 -0.043033 0.131101
v -0.015857 0.068683 0.131101
v -0.016302 0.070610 0.118261
v -0.010477 0.071706 0.118261
v -0.018952 0.082089 0.067899
v -0.019772 0.085642 0.055450
v -0.020632 0.089368 0.043031
v -0.010828 0.074112 0.105484
v -0.004912 0.077541 0.092909
v 0.001499 0.080816 0.080383
v 0.008441 0.083824 0.067899
v 0.015923 0.086441 0.055450
v 0.023258 0.086165 0.050932
v -0.004736 0.074749 0.105484
v 0.001441 0.077683 0.092909
v 0.008098 0.080424 0.080383
v 0.015263 0.082854 0.067899
v 0.018393 0.068048 0.131101
v 0.018908 0.069957 0.118261
v 0.024562 0.068177 0.118261
v 0.019543 0.072304 0.105484
v 0.025386 0.070465 0.105484
v 0.031060 0.068155 0.105484
v 0.066551 0.028678 0.118261
v 0.070266 0.005607 0.131101
v 0.069523 -0.011634 0.131101
v 0.068340 -0.017277 0.131101
v 0.028951 -0.064270 0.131101
v 0.024264 -0.068284 0.118261
v 0.007747 -0.080458 0.080383
v 0.001100 -0.077688 0.092909
v -0.005062 -0.074728 0.105484
v -0.011152 -0.074064 0.105484
v -0.010789 -0.071659 0.118261
v -0.017167 -0.072905 0.105484
v -0.016609 -0.070538 0.118261
v -0.023067 -0.071258 0.105484
v -0.022318 -0.068944 0.118261
v -0.028813 -0.069135 0.105484
v -0.010495 -0.069704 0.131101
v -0.016156 -0.068613 0.131101
v -0.021022 -0.089277 0.043031
v 0.008079 0.097000 0.000000
v 0.003000 0.098000 0.000000
v 0.008079 0.102026 0.000000
v 0.002598 0.099500 0.000000
v 0.006574 0.103528 0.000002
v 0.001500 0.100598 0.000000
v 0.000008 0.103752 -0.000001
v 0.000000 0.101000 0.000000
v -0.001500 0.100598 0.000000
v -0.006677 0.103523 0.000000
v -0.002598 0.099500 0.000000
v -0.008079 0.102026 0.000000
v -0.003000 0.098000 0.000000
v -0.008079 0.097000 0.000000
v -0.002598 0.096500 0.000000
v -0.007591 0.094237 0.000000
v -0.006189 0.091807 0.000000
v -0.001500 0.095402 0.000000
v -0.004039 0.090004 0.000000
v 0.000000 0.095000 0.000000
v -0.001403 0.089044 0.000000
v 0.001403 0.089044 0.000000
v 0.004039 0.090004 0.000000
v 0.001500 0.095402 0.000000
v 0.006189 0.091807 0.000000
v 0.002598 0.096500 0.000000
v 0.007591 0.094237 0.000000
v -0.007894 0.102748 0.000000
v -0.007384 0.103292 0.000000
v 0.007384 0.103292 0.000000
v 0.007894 0.102748 0.000000
v 0.057339 -0.060889 0.012991
v 0.056400 -0.066450 0.012990
v 0.060554 -0.065054 0.013000
v 0.057325 -0.069185 0.012991
v 0.061069 -0.067145 0.013000
v 0.059085 -0.071474 0.012990
v 0.062498 -0.068757 0.013000
v 0.061493 -0.073064 0.012988
v 0.064511 -0.069521 0.013000
v 0.064288 -0.073793 0.012984
v 0.067165 -0.073563 0.012985
v 0.066650 -0.069261 0.013000
v 0.069816 -0.072418 0.012984
v 0.068422 -0.068038 0.013000
v 0.071960 -0.070475 0.012978
v 0.073339 -0.067938 0.012981
v 0.069423 -0.066131 0.013000
v 0.073828 -0.065082 0.012980
v 0.069423 -0.063977 0.013000
v 0.073358 -0.062222 0.012981
v 0.068422 -0.062070 0.013000
v 0.071989 -0.059668 0.012978
v 0.069861 -0.057718 0.012984
v 0.066650 -0.060846 0.013000
v 0.067214 -0.056554 0.012985
v 0.064511 -0.060587 0.013000
v 0.064329 -0.056308 0.012984
v 0.061531 -0.057025 0.012988
v 0.062498 -0.061350 0.013000
v 0.059111 -0.058608 0.012990
v 0.061069 -0.062963 0.013000
v 0.050945 -0.071633 0.000000
v 0.061686 -0.068038 0.000000
v 0.052956 -0.074851 0.000000
v 0.063458 -0.069261 0.000000
v 0.059992 -0.083445 -0.000000
v 0.061416 -0.083569 -0.000000
v 0.060685 -0.066131 0.000000
v 0.049773 -0.068024 0.000000
v 0.049508 -0.064239 0.000000
v 0.060685 -0.063977 0.000000
v 0.050167 -0.060502 0.000000
v 0.051710 -0.057036 0.000000
v 0.061686 -0.062070 0.000000
v 0.054046 -0.054046 0.000000
v 0.057036 -0.051710 0.000000
v 0.063458 -0.060846 0.000000
v 0.060502 -0.050167 0.000000
v 0.064239 -0.049508 0.000000
v 0.065596 -0.060587 0.000000
v 0.068024 -0.049773 0.000000
v 0.071633 -0.050945 0.000000
v 0.067610 -0.061350 0.000000
v 0.074851 -0.052956 0.000000
v 0.069038 -0.062963 0.000000
v 0.083436 -0.059993 -0.000000
v 0.083269 -0.061867 0.000002
v 0.083688 -0.060925 -0.000001
v 0.069554 -0.065054 0.000000
v 0.076879 -0.069651 0.000000
v 0.069038 -0.067145 0.000000
v 0.067610 -0.068757 0.000000
v 0.069651 -0.076879 0.000000
v 0.065596 -0.069521 0.000000
v 0.060660 -0.083665 0.000000
v -0.057339 0.060889 0.012991
v -0.056400 0.066450 0.012990
v -0.060554 0.065054 0.013000
v -0.057325 0.069185 0.012991
v -0.061069 0.067145 0.013000
v -0.059085 0.071474 0.012990
v -0.062498 0.068757 0.013000
v -0.061493 0.073064 0.012988
v -0.064511 0.069521 0.013000
v -0.064288 0.073793 0.012984
v -0.067165 0.073563 0.012985
v -0.066650 0.069261 0.013000
v -0.069816 0.072418 0.012984
v -0.068422 0.068038 0.013000
v -0.071960 0.070475 0.012978
v -0.073339 0.067938 0.012981
v -0.069423 0.066131 0.013000
v -0.073828 0.065082 0.012980
v -0.069423 0.063977 0.013000
v -0.073358 0.062222 0.012981
v -0.068422 0.062070 0.013000
v -0.071989 0.059668 0.012978
v -0.069861 0.057718 0.012984
v -0.066650 0.060846 0.013000
v -0.067214 0.056554 0.012985
v -0.064511 0.060587 0.013000
v -0.064329 0.056308 0.012984
v -0.061531 0.057025 0.012988
v -0.062498 0.061350 0.013000
v -0.059111 0.058608 0.012990
v -0.061069 0.062963 0.013000
v -0.049773 0.068024 0.000000
v -0.061069 0.067145 0.000000
v -0.050945 0.071633 0.000000
v -0.062498 0.068757 0.000000
v -0.062839 0.082555 -0.000000
v -0.064511 0.069521 0.000000
v -0.073195 0.074308 0.000000
v -0.066650 0.069261 0.000000
v -0.068422 0.068038 0.000000
v -0.069423 0.066131 0.000000
v -0.060554 0.065054 0.000000
v -0.049508 0.064239 0.000000
v -0.050167 0.060502 0.000000
v -0.061069 0.062963 0.000000
v -0.051710 0.057036 0.000000
v -0.054046 0.054046 0.000000
v -0.062498 0.061350 0.000000
v -0.057036 0.051710 0.000000
v -0.060502 0.050167 0.000000
v -0.064511 0.060587 0.000000
v -0.064239 0.049508 0.000000
v -0.068024 0.049773 0.000000
v -0.066650 0.060846 0.000000
v -0.071633 0.050945 0.000000
v -0.074851 0.052956 0.000000
v -0.068422 0.062070 0.000000
v -0.077486 0.055685 0.000000
v -0.069423 0.063977 0.000000
v -0.078758 0.070400 0.000000
v -0.084847 0.065595 -0.000000
v -0.084410 0.067141 0.000000
v -0.084845 0.066394 0.000000
v -0.057300 0.085059 0.000000
v -0.059358 0.085073 0.000004
v -0.058637 0.085418 0.000000
v -0.057988 0.085411 0.000000
v 0.057339 0.069217 0.012991
v 0.056400 0.063658 0.012990
v 0.060554 0.065054 0.013000
v 0.057325 0.060921 0.012991
v 0.061069 0.062963 0.013000
v 0.059085 0.058635 0.012990
v 0.062498 0.061350 0.013000
v 0.061493 0.057045 0.012988
v 0.064511 0.060587 0.013000
v 0.064288 0.056314 0.012984
v 0.067166 0.056544 0.012985
v 0.066650 0.060846 0.013000
v 0.069816 0.057690 0.012984
v 0.068422 0.062070 0.013000
v 0.071959 0.059633 0.012978
v 0.073339 0.062169 0.012981
v 0.069423 0.063977 0.013000
v 0.073828 0.065026 0.012980
v 0.069423 0.066131 0.013000
v 0.073358 0.067885 0.012981
v 0.068422 0.068038 0.013000
v 0.071989 0.070440 0.012978
v 0.069861 0.072390 0.012984
v 0.066650 0.069261 0.013000
v 0.067215 0.073553 0.012985
v 0.064511 0.069521 0.013000
v 0.064328 0.073799 0.012984
v 0.061531 0.073083 0.012988
v 0.062498 0.068757 0.013000
v 0.059111 0.071501 0.012989
v 0.061069 0.067145 0.013000
v 0.071633 0.050945 0.000000
v 0.067610 0.061350 0.000000
v 0.074851 0.052956 0.000000
v 0.069038 0.062963 0.000000
v 0.083445 0.059992 -0.000000
v 0.083576 0.061385 -0.000000
v 0.065596 0.060587 0.000000
v 0.068024 0.049773 0.000000
v 0.064239 0.049508 0.000000
v 0.063458 0.060846 0.000000
v 0.060502 0.050167 0.000000
v 0.057036 0.051710 0.000000
v 0.061686 0.062070 0.000000
v 0.054046 0.054046 0.000000
v 0.051710 0.057036 0.000000
v 0.060685 0.063977 0.000000
v 0.050167 0.060502 0.000000
v 0.049508 0.064239 0.000000
v 0.060685 0.066131 0.000000
v 0.049773 0.068024 0.000000
v 0.050945 0.071633 0.000000
v 0.061686 0.068038 0.000000
v 0.052956 0.074851 0.000000
v 0.063458 0.069261 0.000000
v 0.059993 0.083436 -0.000000
v 0.061415 0.083569 -0.000000
v 0.060659 0.083665 0.000000
v 0.069651 0.076879 0.000000
v 0.065596 0.069521 0.000000
v 0.067610 0.068757 0.000000
v 0.076879 0.069651 0.000000
v 0.069038 0.067145 0.000000
v 0.069554 0.065054 0.000000
v 0.083665 0.060660 0.000000
v -0.084391 -0.067154 -0.000000
v -0.085139 -0.066959 0.002143
v -0.083443 -0.067919 0.004196
v -0.086865 -0.066191 0.002787
v -0.088850 -0.065582 0.004231
v -0.088111 -0.065801 0.003421
v -0.092218 -0.064554 0.003421
v -0.093820 -0.064248 0.004263
v -0.096417 -0.063794 0.003421
v -0.099898 -0.063549 0.004627
v -0.100673 -0.063476 0.003421
v -0.108000 -0.063458 0.004351
v -0.108000 -0.063410 0.003468
v -0.078758 -0.070400 0.000000
v -0.078713 -0.070688 0.004163
v -0.073195 -0.074308 0.000000
v -0.074406 -0.073698 0.004714
v -0.065427 -0.080789 0.004784
v 0.060964 -0.084066 0.002013
v 0.063590 -0.082233 0.004074
v 0.071587 -0.075374 0.004074
v 0.078849 -0.067741 0.004074
v 0.084645 -0.060221 0.002771
v 0.085300 -0.059412 0.004074
v 0.086067 -0.058234 0.003421
v 0.091163 -0.049994 0.003688
v 0.095710 -0.040612 0.003684
v 0.099296 -0.030817 0.003677
v 0.101882 -0.020717 0.003672
v 0.103443 -0.010410 0.003669
v 0.103958 -0.000043 0.003632
v 0.103452 0.010319 0.003660
v 0.101900 0.020628 0.003654
v 0.099323 0.030730 0.003650
v 0.095747 0.040526 0.003649
v 0.091409 0.049429 0.003421
v 0.090876 0.050472 0.004074
v 0.086067 0.058234 0.003421
v 0.085300 0.059412 0.004074
v 0.084639 0.060245 0.002803
v 0.083770 0.061310 0.001361
v 0.078849 0.067741 0.004074
v 0.071587 0.075374 0.004074
v 0.063590 0.082233 0.004074
v 0.060905 0.084120 0.002105
v 0.059027 0.085522 0.003262
v 0.054939 0.088247 0.004074
v 0.049244 0.091509 0.003421
v 0.045725 0.093355 0.004074
v 0.039750 0.096014 0.003421
v 0.036040 0.097504 0.004074
v 0.029850 0.099538 0.003421
v 0.025986 0.100651 0.004074
v 0.019645 0.102044 0.003421
v 0.015664 0.102765 0.004074
v 0.008684 0.103554 0.003338
v 0.005182 0.103822 0.004074
v 0.007132 0.103616 0.002350
v -0.005354 0.103814 0.004074
v -0.006763 0.103590 0.001428
v -0.008127 0.103599 0.003223
v -0.015835 0.102738 0.004074
v -0.019021 0.102162 0.003421
v -0.026153 0.100608 0.004074
v -0.028631 0.099895 0.003421
v -0.036202 0.097444 0.004074
v -0.037983 0.096727 0.003421
v -0.045880 0.093279 0.004074
v -0.046992 0.092685 0.003421
v -0.055044 0.088190 0.004488
v -0.057291 0.086681 0.003008
v -0.060367 0.084639 0.004659
v -0.065426 0.080790 0.004785
v 0.054939 -0.088247 0.004074
v 0.059292 -0.085337 0.003206
v 0.045725 -0.093355 0.004074
v 0.049244 -0.091509 0.003421
v 0.039750 -0.096014 0.003421
v 0.036040 -0.097504 0.004074
v 0.029850 -0.099538 0.003421
v 0.025986 -0.100651 0.004074
v 0.019645 -0.102044 0.003421
v 0.015664 -0.102765 0.004074
v 0.008116 -0.103599 0.003215
v 0.005182 -0.103822 0.004074
v 0.006763 -0.103590 0.001428
v 0.006677 -0.103523 0.000000
v 0.000008 -0.103752 -0.000001
v -0.005354 -0.103814 0.004074
v -0.006574 -0.103528 0.000002
v -0.007132 -0.103616 0.002350
v -0.008698 -0.103553 0.003345
v -0.015835 -0.102738 0.004074
v -0.019021 -0.102162 0.003421
v -0.026153 -0.100608 0.004074
v -0.028631 -0.099895 0.003421
v -0.036202 -0.097444 0.004074
v -0.037983 -0.096727 0.003421
v -0.045880 -0.093279 0.004074
v -0.046992 -0.092685 0.003421
v -0.055045 -0.088190 0.004488
v -0.057178 -0.086758 0.003038
v -0.060382 -0.084627 0.004667
v -0.059354 -0.085077 0.000004
v -0.062839 -0.082555 -0.000000
v -0.074406 0.073698 0.004714
v -0.078713 0.070688 0.004163
v -0.083443 0.067919 0.004196
v -0.085272 0.066911 0.002319
v -0.087771 0.065915 0.003402
v -0.088850 0.065582 0.004231
v -0.092207 0.064556 0.003421
v -0.093820 0.064248 0.004263
v -0.096393 0.063797 0.003421
v -0.099512 0.063568 0.004294
v -0.101352 0.063438 0.003388
v -0.104904 0.063464 0.004306
v -0.073264 -0.070713 0.011055
v -0.075205 -0.067210 0.011001
v -0.079623 -0.066893 0.011012
v -0.074794 -0.062926 0.011050
v -0.073723 -0.059250 0.011003
v -0.073617 0.059137 0.011006
v -0.075378 0.064006 0.011001
v -0.079629 0.066895 0.011011
v -0.074507 0.068222 0.011050
v -0.073312 0.070604 0.011061
v 0.074573 0.060868 0.011007
v 0.076592 0.065780 0.011000
v 0.075393 0.064945 0.011001
v 0.075058 0.067519 0.011000
v 0.060868 -0.074573 0.011007
v 0.065780 -0.076592 0.011000
v 0.064945 -0.075393 0.011001
v 0.067519 -0.075058 0.011000
v -0.068166 0.074542 0.011050
v -0.064839 0.075021 0.011050
v -0.061036 0.080450 0.011000
v -0.061764 0.074465 0.011050
v -0.059012 0.072984 0.011050
v -0.055889 0.070056 0.011002
v -0.108000 0.041791 0.145234
v -0.108000 0.040451 0.146094
v -0.092901 0.038982 0.146667
v -0.108000 0.038968 0.146672
v -0.092897 0.044807 0.139401
v -0.108000 -0.041791 0.145234
v -0.092905 -0.043063 0.143969
v -0.092911 -0.044309 0.141781
v -0.093003 -0.044806 0.139405
v -0.092911 -0.041199 0.145662
v -0.108000 -0.040451 0.146094
v -0.092869 -0.038977 0.146669
v -0.108000 -0.038968 0.146672
v -0.108000 -0.063467 0.004863
v -0.104521 -0.063408 0.005366
v -0.108000 0.063469 0.004865
v -0.105064 0.063416 0.005311
v -0.108000 0.063442 0.003538
v -0.108000 -0.056952 0.036709
v -0.100939 -0.056841 0.037222
v -0.099881 -0.053545 0.056474
v -0.098388 -0.051304 0.071400
v -0.102579 -0.059650 0.022814
v -0.108000 -0.059994 0.021160
v -0.097232 -0.049092 0.088719
v -0.095333 -0.047466 0.103777
v -0.094033 -0.045795 0.123388
v -0.102830 0.060012 0.021038
v -0.108000 0.059994 0.021160
v -0.101583 0.057622 0.033091
v -0.108000 0.056952 0.036709
v -0.101066 0.055300 0.045895
v -0.098703 0.052682 0.061947
v -0.098451 0.050591 0.076638
v -0.097068 0.049047 0.089072
v -0.094783 0.047418 0.104233
v -0.091627 0.045653 0.125316
v -0.092363 0.029338 0.149004
v -0.108000 0.028003 0.149274
v -0.091825 0.019271 0.150720
v -0.108000 0.016870 0.151017
v -0.091576 0.009670 0.151680
v -0.108000 0.005634 0.151891
v -0.091075 -0.000278 0.152000
v -0.108000 -0.005634 0.151891
v -0.091881 -0.010019 0.151654
v -0.108000 -0.016870 0.151017
v -0.092160 -0.019660 0.150660
v -0.108000 -0.028003 0.149274
v -0.092363 -0.029338 0.149004
v -0.082027 -0.044330 0.141780
v -0.077826 -0.044910 0.139449
v -0.069404 -0.045400 0.139540
v -0.062638 -0.046321 0.139574
v -0.068117 -0.044973 0.141881
v -0.076887 -0.044439 0.141812
v -0.078571 -0.043107 0.144004
v -0.078067 -0.041245 0.145703
v -0.070878 -0.039364 0.146686
v -0.067514 -0.041904 0.145682
v -0.061516 -0.042785 0.145638
v -0.061915 -0.044609 0.144005
v -0.058494 -0.045403 0.143967
v -0.058897 -0.046633 0.141850
v -0.055732 -0.047661 0.141798
v -0.056149 -0.048135 0.139499
v -0.050658 -0.049917 0.141675
v -0.049484 -0.051280 0.139324
v -0.042183 -0.055094 0.141093
v -0.047272 -0.050882 0.143096
v -0.050912 -0.048296 0.143839
v -0.055208 -0.046450 0.143913
v -0.062205 -0.045853 0.141879
v -0.052738 -0.046203 0.144949
v -0.054490 -0.044685 0.145521
v -0.057802 -0.041323 0.146546
v -0.057943 -0.043605 0.145585
v -0.067792 -0.043745 0.144026
v -0.092689 0.041184 0.145662
v -0.071362 0.039354 0.146681
v -0.075442 0.041340 0.145706
v -0.069034 0.041769 0.145692
v -0.069218 0.043626 0.144026
v -0.061927 0.044607 0.144005
v -0.069348 0.044879 0.141866
v -0.062217 0.045851 0.141879
v -0.069411 0.045400 0.139540
v -0.062645 0.046317 0.139594
v -0.059995 0.046344 0.141863
v -0.056171 0.048127 0.139500
v -0.055749 0.047654 0.141798
v -0.051588 0.049474 0.141711
v -0.055226 0.046444 0.143913
v -0.050932 0.048286 0.143839
v -0.052737 0.046204 0.144948
v -0.047242 0.050874 0.143121
v -0.060172 0.043035 0.145618
v -0.057811 0.041315 0.146546
v -0.054509 0.044679 0.145521
v -0.041818 0.055399 0.140916
v -0.048638 0.050963 0.141772
v -0.049506 0.051268 0.139324
v -0.075643 0.044468 0.141835
v -0.077836 0.044910 0.139449
v -0.087250 0.044309 0.141760
v -0.075671 0.043209 0.144015
v -0.092462 0.043056 0.143969
v -0.092909 0.044310 0.141782
v -0.059631 0.045109 0.143981
v -0.099497 0.063518 0.005261
v -0.093851 0.057100 0.037158
v -0.090331 0.057542 0.037044
v -0.086849 0.058203 0.037104
v -0.083479 0.059144 0.037017
v -0.079414 0.060598 0.037061
v -0.081806 0.063823 0.021619
v -0.084204 0.046059 0.120408
v -0.086346 0.047831 0.100996
v -0.076744 0.046394 0.120412
v -0.078869 0.048347 0.100984
v -0.071793 0.046883 0.120346
v -0.073470 0.049075 0.101145
v -0.064738 0.048054 0.120254
v -0.066501 0.050595 0.101035
v -0.063828 0.050861 0.103827
v -0.083604 0.045374 0.129820
v -0.076335 0.045649 0.129368
v -0.063972 0.047039 0.129908
v -0.071042 0.046015 0.129982
v -0.057709 0.048742 0.129843
v -0.058500 0.049871 0.120175
v -0.061682 0.051199 0.105878
v -0.055501 0.051119 0.120138
v -0.051862 0.052936 0.120157
v -0.054247 0.055719 0.100833
v -0.044583 0.057272 0.120022
v -0.054699 0.049950 0.129813
v -0.051146 0.051681 0.129858
v -0.043776 0.056028 0.129715
v -0.050645 0.065121 0.075489
v -0.051182 0.061446 0.086344
v -0.052597 0.058141 0.095039
v -0.051155 0.068117 0.065343
v -0.051811 0.070247 0.057924
v -0.052446 0.072498 0.050619
v -0.055290 0.076959 0.033503
v -0.058355 0.083143 0.012473
v -0.060290 0.084380 0.005911
v -0.060821 0.082356 0.010072
v -0.065266 0.080621 0.005865
v -0.069434 0.076398 0.008066
v -0.070857 0.074565 0.009937
v -0.074231 0.073568 0.005829
v -0.077449 0.070017 0.009514
v -0.078047 0.071087 0.005109
v -0.080003 0.068315 0.009903
v -0.083932 0.067631 0.005183
v -0.081118 0.067461 0.010494
v -0.082049 0.066692 0.011371
v -0.082863 0.065760 0.013248
v -0.088821 0.065556 0.005206
v -0.085067 0.062145 0.022980
v -0.088378 0.061118 0.022990
v -0.093868 0.064203 0.005213
v -0.091770 0.060369 0.023000
v -0.095217 0.059899 0.023011
v -0.050953 0.063484 0.080007
v -0.074718 0.050882 0.088181
v -0.069576 0.051686 0.090354
v -0.071988 0.052750 0.081528
v -0.076037 0.052929 0.075267
v -0.074609 0.054637 0.068756
v -0.076972 0.055095 0.063390
v -0.081319 0.055118 0.057797
v -0.077648 0.057900 0.050308
v -0.091897 0.053503 0.057909
v -0.090592 0.051391 0.071739
v -0.087507 0.049348 0.087707
v -0.088325 0.053832 0.057873
v -0.086927 0.051669 0.071669
v -0.084792 0.054369 0.057835
v -0.083294 0.052104 0.071742
v -0.080150 0.050016 0.087705
v -0.079699 0.052729 0.071832
v -0.057998 -0.082831 0.013893
v -0.058993 -0.083115 0.011425
v -0.060289 -0.084382 0.005909
v -0.055027 -0.077267 0.033314
v -0.051185 -0.068152 0.065167
v -0.052136 -0.071933 0.052687
v -0.050612 -0.065651 0.073887
v -0.051172 -0.061510 0.086148
v -0.052639 -0.058134 0.094984
v -0.054100 -0.055895 0.100457
v -0.051893 -0.052933 0.120080
v -0.051030 -0.051743 0.129858
v -0.054699 -0.049950 0.129813
v -0.044583 -0.057272 0.120023
v -0.043776 -0.056028 0.129716
v -0.057709 -0.048742 0.129843
v -0.063971 -0.047039 0.129908
v -0.075912 -0.045654 0.129646
v -0.071042 -0.046015 0.129982
v -0.064738 -0.048054 0.120254
v -0.058500 -0.049871 0.120175
v -0.059611 -0.051855 0.106576
v -0.083034 -0.045365 0.130106
v -0.078993 -0.046262 0.120436
v -0.075378 -0.046516 0.120391
v -0.077030 -0.048549 0.101200
v -0.073470 -0.049075 0.101145
v -0.074718 -0.050882 0.088181
v -0.066501 -0.050595 0.101035
v -0.067027 -0.051047 0.097542
v -0.087928 -0.047764 0.101356
v -0.089084 -0.049216 0.088393
v -0.090522 -0.051392 0.071758
v -0.091897 -0.053503 0.057909
v -0.093798 -0.057082 0.037272
v -0.095217 -0.059899 0.023011
v -0.099298 -0.063545 0.005202
v -0.093868 -0.064202 0.005213
v -0.091770 -0.060369 0.023000
v -0.090291 -0.057516 0.037199
v -0.088325 -0.053832 0.057873
v -0.087479 -0.052435 0.066636
v -0.086643 -0.051136 0.075416
v -0.085439 -0.049409 0.088343
v -0.084271 -0.047905 0.101306
v -0.083842 -0.046049 0.120631
v -0.088378 -0.061118 0.022990
v -0.088825 -0.065555 0.005208
v -0.085067 -0.062145 0.022980
v -0.082868 -0.065754 0.013265
v -0.081855 -0.063424 0.022971
v -0.079854 -0.061144 0.034335
v -0.083921 -0.059854 0.033555
v -0.083180 -0.058458 0.040353
v -0.086574 -0.057563 0.040377
v -0.084792 -0.054369 0.057835
v -0.083965 -0.067615 0.005180
v -0.081928 -0.067027 0.010582
v -0.080003 -0.068315 0.009903
v -0.078047 -0.071087 0.005109
v -0.077449 -0.070017 0.009514
v -0.074243 -0.073558 0.005836
v -0.070574 -0.074765 0.009945
v -0.065266 -0.080621 0.005865
v -0.061509 -0.081874 0.009983
v -0.075082 -0.054825 0.067325
v -0.077920 -0.056070 0.057757
v -0.077376 -0.057514 0.052333
v -0.079871 -0.059582 0.040329
v -0.076037 -0.052929 0.075267
v -0.076968 -0.054451 0.066501
v -0.080408 -0.053587 0.066547
v -0.081319 -0.055118 0.057797
v -0.083916 -0.052913 0.066592
v -0.069517 -0.051761 0.089919
v -0.058057 -0.052614 0.106094
v -0.055501 -0.051119 0.120138
v -0.071793 -0.046883 0.120346
v -0.080634 -0.048162 0.101254
v -0.081821 -0.049745 0.088291
v -0.083055 -0.051555 0.075368
v -0.078243 -0.050235 0.088237
v -0.079515 -0.052154 0.075318
v -0.087299 -0.058922 0.033483
v -0.068478 -0.078274 0.005001
v -0.068478 0.078274 0.005001
v -0.078767 -0.034447 0.147893
v -0.061083 -0.036472 0.147649
v -0.063558 -0.031901 0.148650
v -0.065843 -0.027007 0.149580
v -0.077370 -0.030250 0.148849
v -0.082841 -0.025336 0.149784
v -0.069286 -0.016258 0.151121
v -0.070930 -0.005612 0.151907
v -0.070311 -0.011236 0.151580
v -0.067733 -0.021872 0.150408
v -0.071226 -0.000078 0.151999
v -0.070950 0.004987 0.151935
v -0.070152 0.012045 0.151520
v -0.069124 0.016888 0.151053
v -0.067599 0.022326 0.150339
v -0.065814 0.027000 0.149587
v -0.078481 0.026181 0.149648
v -0.063515 0.031968 0.148640
v -0.076904 0.031241 0.148642
v -0.078216 0.035273 0.147696
v -0.061242 0.036220 0.147706
v -0.056668 -0.040806 0.147031
v -0.054004 -0.044116 0.146047
v -0.052329 -0.045855 0.145414
v -0.051694 -0.045702 0.146218
v -0.043760 -0.053710 0.142037
v -0.039553 -0.057082 0.140060
v -0.053243 -0.043877 0.146937
v -0.055856 -0.040449 0.147983
v -0.059972 -0.036361 0.147884
v -0.059197 -0.036038 0.148500
v -0.058625 -0.035892 0.149358
v -0.061172 -0.031208 0.150402
v -0.061775 -0.031328 0.149522
v -0.062605 -0.031615 0.148903
v -0.064862 -0.026688 0.149834
v -0.066742 -0.021569 0.150647
v -0.068227 -0.016293 0.151309
v -0.069291 -0.010939 0.151796
v -0.069934 -0.005537 0.152094
v -0.070154 -0.000074 0.152197
v -0.069942 0.005428 0.152097
v -0.069301 0.010879 0.151800
v -0.068327 0.010774 0.152425
v -0.067294 0.016068 0.151941
v -0.066634 0.016015 0.152876
v -0.065208 0.021199 0.152203
v -0.063357 -0.026345 0.151356
v -0.063984 -0.026441 0.150455
v -0.065179 -0.021291 0.152189
v -0.065825 -0.021365 0.151269
v -0.066617 -0.016083 0.152868
v -0.067277 -0.016137 0.151933
v -0.067649 -0.010798 0.153368
v -0.068318 -0.010833 0.152420
v -0.068272 -0.005465 0.153673
v -0.068947 -0.005482 0.152719
v -0.068485 -0.000073 0.153779
v -0.069161 -0.000074 0.152822
v -0.068279 0.005358 0.153677
v -0.067658 0.010739 0.153372
v -0.063384 0.026275 0.151368
v -0.061186 0.031181 0.150408
v -0.058630 0.035885 0.149359
v -0.055856 0.040450 0.147983
v -0.059201 0.036031 0.148502
v -0.061788 0.031300 0.149528
v -0.062619 0.031587 0.148909
v -0.064890 0.026617 0.149846
v -0.056667 0.040807 0.147031
v -0.059976 0.036353 0.147885
v -0.066772 0.021475 0.150660
v -0.064012 0.026370 0.150467
v -0.065854 0.021272 0.151283
v -0.068244 0.016224 0.151317
v -0.068954 0.005375 0.152722
v -0.052521 0.044783 0.146615
v -0.053453 0.044753 0.145826
v -0.047084 0.050574 0.143910
v -0.043761 0.053707 0.142052
v 0.059709 0.076516 0.013456
v 0.061681 0.077436 0.013456
v 0.059666 0.076608 0.019231
v 0.076516 0.059709 0.013456
v 0.076608 0.059666 0.019231
v 0.077436 0.061681 0.013456
v 0.057073 0.075207 0.028457
v 0.056804 0.074640 0.013456
v 0.055000 0.073409 0.037770
v 0.054516 0.072048 0.013456
v 0.053401 0.071331 0.047072
v 0.053016 0.068932 0.013456
v 0.052244 0.068984 0.056461
v 0.051558 0.066438 0.065745
v 0.052415 0.065527 0.013456
v 0.051374 0.063665 0.075530
v 0.052759 0.062086 0.013456
v 0.052007 0.060210 0.084829
v 0.054023 0.058867 0.013456
v 0.056111 0.056111 0.013456
v 0.058867 0.054023 0.013456
v 0.057791 0.053083 0.089618
v 0.060081 0.052073 0.084926
v 0.062086 0.052759 0.013456
v 0.063449 0.051395 0.076078
v 0.065527 0.052415 0.013456
v 0.066537 0.051527 0.066578
v 0.068895 0.052210 0.056805
v 0.068932 0.053016 0.013456
v 0.071465 0.053436 0.047674
v 0.072048 0.054516 0.013456
v 0.073378 0.054971 0.037922
v 0.074640 0.056804 0.013456
v 0.075192 0.057052 0.028540
v 0.060873 0.074577 0.011007
v 0.064945 0.075393 0.011001
v 0.065779 0.076593 0.011000
v 0.067587 0.074667 0.011063
v 0.076608 -0.059666 0.019231
v 0.075207 -0.057073 0.028457
v 0.076516 -0.059709 0.013456
v 0.074640 -0.056804 0.013456
v 0.073409 -0.055000 0.037770
v 0.072048 -0.054516 0.013456
v 0.071331 -0.053401 0.047072
v 0.068932 -0.053016 0.013456
v 0.068984 -0.052244 0.056461
v 0.066438 -0.051558 0.065745
v 0.065527 -0.052415 0.013456
v 0.063665 -0.051374 0.075530
v 0.062086 -0.052759 0.013456
v 0.060210 -0.052007 0.084829
v 0.058867 -0.054023 0.013456
v 0.056737 -0.053772 0.090884
v 0.056111 -0.056111 0.013456
v 0.054127 -0.056270 0.091276
v 0.054023 -0.058867 0.013456
v 0.052073 -0.060081 0.084926
v 0.052759 -0.062086 0.013456
v 0.051395 -0.063449 0.076078
v 0.052415 -0.065527 0.013456
v 0.051527 -0.066537 0.066578
v 0.052210 -0.068895 0.056805
v 0.053016 -0.068932 0.013456
v 0.053436 -0.071465 0.047674
v 0.054516 -0.072048 0.013456
v 0.054971 -0.073378 0.037922
v 0.056804 -0.074640 0.013456
v 0.057052 -0.075192 0.028540
v 0.059709 -0.076516 0.013456
v 0.059666 -0.076608 0.019231
v 0.061681 -0.077436 0.013456
v 0.077436 -0.061681 0.013456
v 0.074577 -0.060873 0.011007
v 0.075393 -0.064945 0.011001
v 0.076593 -0.065779 0.011000
v 0.074667 -0.067587 0.011063
v -0.075692 -0.057037 0.052026
v -0.080971 -0.065153 0.013506
v -0.075155 -0.057442 0.013456
v -0.053010 -0.070670 0.050209
v -0.052213 -0.069076 0.057938
v -0.053591 -0.070399 0.013456
v -0.052588 -0.067191 0.013456
v -0.051657 -0.067167 0.064904
v -0.052465 -0.063832 0.013456
v -0.051658 -0.063753 0.059953
v -0.053232 -0.060559 0.013456
v -0.052473 -0.060270 0.059953
v -0.054834 -0.057604 0.013456
v -0.054178 -0.057125 0.059953
v -0.057157 -0.055174 0.013456
v -0.056650 -0.054541 0.059953
v -0.060038 -0.053443 0.013456
v -0.059716 -0.052698 0.059953
v -0.063274 -0.052532 0.013456
v -0.063160 -0.051729 0.059953
v -0.066635 -0.052505 0.013456
v -0.066736 -0.051700 0.059953
v -0.069885 -0.053365 0.013456
v -0.070195 -0.052615 0.059953
v -0.072793 -0.055050 0.013456
v -0.073563 -0.054432 0.068061
v -0.071025 -0.052541 0.082504
v -0.065453 -0.050862 0.101072
v -0.063566 -0.050870 0.104245
v -0.061130 -0.051327 0.106251
v -0.057254 -0.053117 0.105405
v -0.055709 -0.054328 0.103385
v -0.054534 -0.055518 0.100880
v -0.052893 -0.057942 0.094609
v -0.051895 -0.060422 0.087182
v -0.051404 -0.062899 0.079571
v -0.051348 -0.065083 0.072447
v -0.058546 -0.081024 0.013456
v -0.055834 -0.069898 0.011006
v -0.059095 -0.073046 0.011050
v -0.061036 -0.080450 0.011000
v -0.061863 -0.074499 0.011050
v -0.064942 -0.075023 0.011050
v -0.068071 -0.074545 0.011057
v -0.053591 0.070399 0.013456
v -0.053010 0.070670 0.050209
v -0.058546 0.081024 0.013456
v -0.075731 0.057096 0.051566
v -0.073590 0.054448 0.067999
v -0.075155 0.057442 0.013456
v -0.072793 0.055050 0.013456
v -0.069885 0.053365 0.013456
v -0.070194 0.052615 0.059935
v -0.066635 0.052505 0.013456
v -0.066736 0.051701 0.059935
v -0.063274 0.052532 0.013456
v -0.063160 0.051729 0.059935
v -0.060038 0.053443 0.013456
v -0.059716 0.052698 0.059935
v -0.056654 0.054538 0.059935
v -0.056849 0.053411 0.104901
v -0.055975 0.054079 0.103919
v -0.071248 0.052640 0.082172
v -0.069244 0.051681 0.090316
v -0.067382 0.051120 0.096606
v -0.065702 0.050877 0.100589
v -0.060008 0.051700 0.106561
v -0.054178 0.057126 0.059935
v -0.052847 0.058093 0.093871
v -0.052474 0.060270 0.059935
v -0.051948 0.060240 0.087826
v -0.051451 0.062729 0.079418
v -0.051658 0.063753 0.059935
v -0.051357 0.065044 0.072473
v -0.051643 0.067068 0.065179
v -0.052588 0.067191 0.013456
v -0.052225 0.069088 0.057800
v -0.052465 0.063832 0.013456
v -0.053232 0.060559 0.013456
v -0.054834 0.057604 0.013456
v -0.057157 0.055174 0.013456
v -0.081006 0.065208 0.013456
v -0.074909 0.057627 0.012299
v -0.081014 0.066265 0.011791
v -0.074262 0.058115 0.011417
v -0.080393 0.066382 0.011366
v -0.053869 0.070269 0.012299
v -0.052839 0.066814 0.012299
v -0.052852 0.063208 0.012299
v -0.053906 0.059761 0.012299
v -0.055912 0.056764 0.012299
v -0.058698 0.054476 0.012299
v -0.062027 0.053090 0.012299
v -0.065614 0.052726 0.012299
v -0.069153 0.053414 0.012299
v -0.072342 0.055095 0.012299
v -0.054604 0.069927 0.011417
v -0.053641 0.066698 0.011417
v -0.053653 0.063330 0.011417
v -0.054638 0.060108 0.011417
v -0.056512 0.057309 0.011417
v -0.059115 0.055170 0.011417
v -0.062225 0.053876 0.011417
v -0.065577 0.053535 0.011417
v -0.068884 0.054178 0.011417
v -0.071864 0.055749 0.011417
v -0.071198 0.056659 0.011013
v -0.054757 0.066538 0.011013
v -0.054768 0.063498 0.011013
v -0.055656 0.060592 0.011013
v -0.057347 0.058066 0.011013
v -0.059696 0.056137 0.011013
v -0.062502 0.054968 0.011013
v -0.065526 0.054661 0.011013
v -0.068509 0.055241 0.011013
v -0.059859 0.081582 0.011503
v -0.059498 0.081623 0.011841
v -0.058999 0.081635 0.012589
v -0.058980 -0.081675 0.012620
v -0.053869 -0.070269 0.012299
v -0.059237 -0.081382 0.012033
v -0.054604 -0.069927 0.011417
v -0.059751 -0.081690 0.011577
v -0.060564 -0.081250 0.011090
v -0.074909 -0.057627 0.012299
v -0.072342 -0.055095 0.012299
v -0.069153 -0.053414 0.012299
v -0.065614 -0.052726 0.012299
v -0.062027 -0.053090 0.012299
v -0.058698 -0.054476 0.012299
v -0.055912 -0.056764 0.012299
v -0.053906 -0.059761 0.012299
v -0.052852 -0.063208 0.012299
v -0.052839 -0.066814 0.012299
v -0.074262 -0.058115 0.011417
v -0.071864 -0.055749 0.011417
v -0.068884 -0.054178 0.011417
v -0.065577 -0.053535 0.011417
v -0.062225 -0.053876 0.011417
v -0.059115 -0.055170 0.011417
v -0.056512 -0.057309 0.011417
v -0.054638 -0.060108 0.011417
v -0.053653 -0.063330 0.011417
v -0.053641 -0.066698 0.011417
v -0.054757 -0.066538 0.011013
v -0.071198 -0.056659 0.011013
v -0.068509 -0.055241 0.011013
v -0.065526 -0.054661 0.011013
v -0.062502 -0.054968 0.011013
v -0.059696 -0.056137 0.011013
v -0.057347 -0.058066 0.011013
v -0.055656 -0.060592 0.011013
v -0.054768 -0.063498 0.011013
v -0.080463 -0.066756 0.011224
v -0.081058 -0.066283 0.011798
v -0.081319 -0.065816 0.012645
v 0.064340 -0.077211 0.011292
v 0.060181 -0.075504 0.011417
v 0.063216 -0.077487 0.011872
v 0.059838 -0.076238 0.012299
v 0.062339 -0.077555 0.012591
v 0.057004 -0.074408 0.012299
v 0.054772 -0.071878 0.012299
v 0.053308 -0.068838 0.012299
v 0.052722 -0.065515 0.012299
v 0.053058 -0.062158 0.012299
v 0.054290 -0.059017 0.012299
v 0.056328 -0.056328 0.012299
v 0.059017 -0.054290 0.012299
v 0.062158 -0.053058 0.012299
v 0.065515 -0.052722 0.012299
v 0.068838 -0.053308 0.012299
v 0.071878 -0.054772 0.012299
v 0.074408 -0.057004 0.012299
v 0.076238 -0.059838 0.012299
v 0.073794 -0.057533 0.011417
v 0.075504 -0.060181 0.011417
v 0.072621 -0.057915 0.011013
v 0.071430 -0.055447 0.011417
v 0.069991 -0.055897 0.011013
v 0.068590 -0.054079 0.011417
v 0.066860 -0.054809 0.011013
v 0.065485 -0.053531 0.011417
v 0.063546 -0.054760 0.011013
v 0.062348 -0.053845 0.011417
v 0.060385 -0.055757 0.011013
v 0.059414 -0.054997 0.011417
v 0.057698 -0.057698 0.011013
v 0.056901 -0.056901 0.011417
v 0.054997 -0.059414 0.011417
v 0.057533 -0.073794 0.011417
v 0.055447 -0.071430 0.011417
v 0.054079 -0.068590 0.011417
v 0.053531 -0.065485 0.011417
v 0.053845 -0.062348 0.011417
v 0.057915 -0.072621 0.011013
v 0.055897 -0.069991 0.011013
v 0.054809 -0.066860 0.011013
v 0.054760 -0.063546 0.011013
v 0.055757 -0.060385 0.011013
v 0.077556 -0.062527 0.012408
v 0.077439 -0.063480 0.011707
v 0.077085 -0.064700 0.011169
v 0.062527 0.077556 0.012408
v 0.059838 0.076238 0.012299
v 0.063480 0.077439 0.011707
v 0.060181 0.075504 0.011417
v 0.064700 0.077085 0.011169
v 0.076238 0.059838 0.012299
v 0.074408 0.057004 0.012299
v 0.071878 0.054772 0.012299
v 0.068838 0.053308 0.012299
v 0.065515 0.052722 0.012299
v 0.062158 0.053058 0.012299
v 0.059017 0.054290 0.012299
v 0.056328 0.056328 0.012299
v 0.054290 0.059017 0.012299
v 0.053058 0.062158 0.012299
v 0.052722 0.065515 0.012299
v 0.053308 0.068838 0.012299
v 0.054772 0.071878 0.012299
v 0.057004 0.074408 0.012299
v 0.057533 0.073794 0.011417
v 0.057915 0.072621 0.011013
v 0.055447 0.071430 0.011417
v 0.055897 0.069991 0.011013
v 0.054079 0.068590 0.011417
v 0.054809 0.066860 0.011013
v 0.053531 0.065485 0.011417
v 0.054760 0.063546 0.011013
v 0.053845 0.062348 0.011417
v 0.055757 0.060385 0.011013
v 0.054997 0.059414 0.011417
v 0.057698 0.057698 0.011013
v 0.056901 0.056901 0.011417
v 0.059414 0.054997 0.011417
v 0.075504 0.060181 0.011417
v 0.073794 0.057533 0.011417
v 0.071430 0.055447 0.011417
v 0.068590 0.054079 0.011417
v 0.065485 0.053531 0.011417
v 0.062348 0.053845 0.011417
v 0.072621 0.057915 0.011013
v 0.069991 0.055897 0.011013
v 0.066860 0.054809 0.011013
v 0.063546 0.054760 0.011013
v 0.060385 0.055757 0.011013
v 0.077211 0.064340 0.011292
v 0.077487 0.063216 0.011872
v 0.077555 0.062339 0.012591
v -0.081517 -0.065624 0.013625
v -0.081522 -0.066583 0.011631
v -0.080713 -0.067243 0.010914
v -0.081016 -0.067440 0.010590
v -0.079851 -0.068053 0.010472
v -0.081944 -0.066690 0.011412
v -0.082364 -0.066120 0.012575
v -0.082168 -0.065769 0.013753
v -0.081873 -0.066069 0.012647
v -0.079593 -0.067610 0.010862
v -0.061313 -0.080923 0.010905
v -0.069066 -0.075261 0.010705
v -0.069631 -0.075261 0.010344
v -0.075075 -0.071027 0.010564
v -0.072068 -0.072361 0.010939
v -0.061139 -0.081802 0.010520
v -0.079588 -0.061583 0.032804
v -0.079169 -0.061694 0.032042
v -0.078725 -0.061529 0.031736
v -0.076160 -0.057435 0.052164
v -0.076756 -0.057604 0.052272
v -0.059769 -0.082203 0.011451
v -0.058955 -0.082284 0.012605
v -0.058765 -0.082739 0.012538
v -0.058472 -0.082326 0.013820
v -0.059717 -0.082603 0.011207
v -0.060744 -0.081733 0.010858
v -0.058668 -0.081677 0.013663
v -0.074500 -0.054883 0.067416
v -0.074001 -0.054767 0.067129
v -0.072729 -0.053641 0.074615
v -0.071612 -0.052621 0.082595
v -0.051820 -0.060195 0.089140
v -0.051479 -0.061700 0.084452
v -0.051086 -0.063330 0.080153
v -0.051097 -0.065664 0.072518
v -0.051889 -0.070169 0.057858
v -0.052931 -0.071992 0.050553
v -0.051507 -0.067721 0.065029
v -0.052138 -0.069757 0.057765
v -0.053134 -0.071334 0.050405
v -0.073209 -0.053745 0.074630
v -0.055648 -0.075808 0.033346
v -0.055524 -0.076241 0.033916
v -0.055258 -0.076700 0.034101
v 0.079275 -0.063082 0.012649
v 0.079286 -0.062427 0.013847
v 0.078578 -0.062459 0.013888
v 0.078503 -0.063055 0.012762
v 0.078317 -0.064126 0.011680
v 0.077893 -0.063947 0.011719
v 0.077953 -0.062291 0.013651
v 0.078017 -0.062847 0.012698
v 0.077588 -0.065171 0.011118
v 0.077051 -0.066175 0.010870
v 0.077434 -0.066504 0.010504
v 0.078148 -0.065499 0.010760
v 0.078916 -0.064230 0.011414
v 0.073739 -0.069907 0.010856
v 0.072178 -0.072174 0.010504
v 0.066504 -0.077434 0.010504
v 0.071432 -0.072363 0.010859
v 0.069910 -0.073737 0.010856
v 0.066175 -0.077051 0.010870
v 0.077757 -0.060443 0.019668
v 0.078497 -0.060331 0.019736
v 0.077070 -0.060201 0.019485
v 0.065292 -0.078431 0.010695
v 0.065205 -0.078101 0.010979
v 0.063995 -0.078345 0.011797
v 0.062921 -0.078139 0.012741
v 0.062282 -0.077947 0.013670
v 0.064974 -0.077634 0.011190
v 0.063802 -0.077911 0.011831
v 0.062459 -0.078578 0.013888
v 0.063101 -0.078899 0.012737
v 0.064113 -0.078944 0.011531
v 0.062427 -0.079272 0.013854
v 0.063022 -0.079404 0.012618
v 0.075774 -0.057497 0.028768
v 0.076550 -0.057565 0.028923
v 0.074640 -0.055261 0.038199
v 0.075095 -0.055076 0.038206
v 0.072815 -0.053273 0.047538
v 0.077040 -0.057398 0.028938
v 0.070122 -0.052029 0.057039
v 0.072431 -0.053466 0.047514
v 0.069575 -0.052302 0.056681
v 0.071888 -0.053562 0.047297
v 0.067760 -0.051730 0.062854
v 0.065878 -0.051390 0.069142
v 0.062831 -0.051392 0.078494
v 0.066276 -0.051172 0.069454
v 0.063707 -0.051142 0.076926
v 0.052056 -0.059906 0.085946
v 0.051136 -0.064034 0.076005
v 0.052060 -0.070010 0.057208
v 0.053288 -0.072681 0.047781
v 0.055038 -0.075056 0.038378
v 0.055226 -0.074625 0.038343
v 0.053491 -0.072115 0.047701
v 0.055262 -0.073969 0.038143
v 0.057472 -0.075744 0.028819
v 0.060201 -0.077070 0.019485
v 0.060443 -0.077757 0.019668
v 0.057564 -0.076522 0.028940
v 0.057376 -0.077025 0.029018
v 0.060331 -0.078497 0.019736
v 0.052261 -0.069385 0.057033
v 0.051426 -0.062601 0.079094
v 0.074011 -0.055307 0.037917
v 0.068138 -0.051579 0.063086
v 0.077947 0.062282 0.013670
v 0.078139 0.062921 0.012741
v 0.077911 0.063802 0.011831
v 0.077634 0.064974 0.011190
v 0.077051 0.066175 0.010870
v 0.078101 0.065205 0.010979
v 0.078345 0.063995 0.011797
v 0.078899 0.063101 0.012737
v 0.078578 0.062459 0.013888
v 0.079272 0.062427 0.013854
v 0.079404 0.063022 0.012618
v 0.078944 0.064113 0.011531
v 0.077434 0.066504 0.010504
v 0.066175 0.077051 0.010870
v 0.069907 0.073739 0.010856
v 0.066504 0.077434 0.010504
v 0.072174 0.072178 0.010504
v 0.072363 0.071432 0.010859
v 0.073737 0.069910 0.010856
v 0.077757 0.060443 0.019668
v 0.077070 0.060201 0.019485
v 0.078497 0.060331 0.019736
v 0.065171 0.077588 0.011118
v 0.065499 0.078148 0.010760
v 0.064230 0.078916 0.011414
v 0.063082 0.079275 0.012649
v 0.062427 0.079286 0.013847
v 0.062459 0.078578 0.013888
v 0.063055 0.078503 0.012762
v 0.064126 0.078317 0.011680
v 0.063947 0.077893 0.011719
v 0.062291 0.077953 0.013651
v 0.062847 0.078017 0.012698
v 0.077025 0.057376 0.029018
v 0.076522 0.057564 0.028940
v 0.075744 0.057472 0.028819
v 0.073969 0.055262 0.038143
v 0.069385 0.052261 0.057033
v 0.062601 0.051426 0.079094
v 0.064034 0.051136 0.076005
v 0.051392 0.062831 0.078494
v 0.051831 0.060368 0.085239
v 0.051142 0.063707 0.076926
v 0.051172 0.066276 0.069454
v 0.052029 0.070122 0.057039
v 0.053273 0.072815 0.047538
v 0.053466 0.072431 0.047514
v 0.055261 0.074640 0.038199
v 0.057565 0.076550 0.028923
v 0.057497 0.075774 0.028768
v 0.060443 0.077757 0.019668
v 0.060201 0.077070 0.019485
v 0.055307 0.074010 0.037917
v 0.053562 0.071888 0.047297
v 0.052302 0.069575 0.056681
v 0.051730 0.067760 0.062854
v 0.051390 0.065878 0.069142
v 0.060331 0.078497 0.019736
v 0.057398 0.077040 0.028938
v 0.055076 0.075095 0.038206
v 0.070010 0.052060 0.057208
v 0.072681 0.053288 0.047781
v 0.072115 0.053491 0.047701
v 0.075056 0.055038 0.038378
v 0.074625 0.055226 0.038343
v 0.051579 0.068138 0.063086
v -0.082364 0.066120 0.012575
v -0.082168 0.065769 0.013753
v -0.081873 0.066069 0.012647
v -0.081517 0.065624 0.013625
v -0.081281 0.065793 0.012636
v -0.080303 0.066863 0.011156
v -0.079593 0.067610 0.010862
v -0.079851 0.068053 0.010472
v -0.080713 0.067243 0.010914
v -0.081516 0.066588 0.011623
v -0.071669 0.072701 0.010932
v -0.068688 0.075546 0.010713
v -0.061829 0.081345 0.010429
v -0.061337 0.080887 0.010910
v -0.073037 0.072667 0.010342
v -0.073487 0.071936 0.010702
v -0.078822 0.061683 0.031009
v -0.076160 0.057435 0.052164
v -0.079270 0.061847 0.031334
v -0.076756 0.057604 0.052272
v -0.079544 0.061576 0.032850
v -0.060823 0.081913 0.010718
v -0.060536 0.081219 0.011108
v -0.058668 0.081677 0.013663
v -0.059748 0.082209 0.011470
v -0.059661 0.082623 0.011258
v -0.058955 0.082284 0.012605
v -0.058472 0.082326 0.013820
v -0.058765 0.082739 0.012538
v -0.074129 0.054817 0.067294
v -0.058704 0.052261 0.106414
v -0.054722 0.055298 0.101401
v -0.053018 0.057644 0.095748
v -0.051830 0.060130 0.089382
v -0.051503 0.061605 0.084737
v -0.051084 0.065713 0.072422
v -0.051320 0.063092 0.079752
v -0.053148 0.071322 0.050316
v -0.052132 0.069742 0.057819
v -0.052941 0.071980 0.050566
v -0.073305 0.054018 0.072516
v -0.051500 0.067690 0.065137
v -0.055636 0.076477 0.033140
v -0.056044 0.076560 0.030740
v 0.074562 0.064791 0.011384
v 0.074029 0.063556 0.012629
v 0.074172 0.062464 0.011440
v 0.073056 0.060723 0.012629
v 0.073514 0.061109 0.011749
v 0.071844 0.058648 0.011749
v 0.071217 0.058359 0.012629
v 0.069484 0.056837 0.011749
v 0.068709 0.056721 0.012629
v 0.066675 0.055860 0.011749
v 0.065805 0.055986 0.012629
v 0.063701 0.055817 0.011749
v 0.062820 0.056233 0.012629
v 0.060864 0.056712 0.011749
v 0.060077 0.057436 0.012629
v 0.058453 0.058453 0.011749
v 0.057873 0.059465 0.012629
v 0.056712 0.060864 0.011749
v 0.056448 0.062099 0.012629
v 0.055817 0.063701 0.011749
v 0.055955 0.065054 0.012629
v 0.055860 0.066675 0.011749
v 0.056448 0.068008 0.012629
v 0.056837 0.069484 0.011749
v 0.057873 0.070643 0.012629
v 0.058648 0.071844 0.011749
v 0.060077 0.072671 0.012629
v 0.061109 0.073514 0.011749
v 0.062820 0.073875 0.012629
v 0.062631 0.074071 0.011741
v 0.064173 0.074349 0.011741
v 0.065805 0.074122 0.012629
v 0.065740 0.074366 0.011741
v 0.067266 0.074247 0.011458
v 0.068709 0.073387 0.012629
v 0.069706 0.073280 0.011344
v 0.071217 0.071748 0.012629
v 0.071821 0.071767 0.011073
v 0.073056 0.069385 0.012629
v 0.073328 0.069555 0.011441
v 0.074238 0.067347 0.011441
v 0.074029 0.066552 0.012629
v 0.074366 0.065740 0.011741
v 0.061109 -0.073514 0.011749
v 0.062631 -0.074071 0.011741
v 0.062820 -0.073875 0.012629
v 0.064173 -0.074349 0.011741
v 0.065805 -0.074122 0.012629
v 0.065740 -0.074366 0.011741
v 0.067288 -0.074120 0.011741
v 0.068709 -0.073387 0.012629
v 0.069564 -0.073323 0.011442
v 0.071217 -0.071748 0.012629
v 0.071777 -0.071815 0.011069
v 0.073292 -0.069705 0.011322
v 0.073056 -0.069385 0.012629
v 0.074246 -0.067280 0.011453
v 0.074029 -0.066552 0.012629
v 0.074366 -0.065740 0.011741
v 0.074029 -0.063556 0.012629
v 0.074555 -0.064771 0.011400
v 0.074071 -0.062631 0.011741
v 0.073056 -0.060723 0.012629
v 0.073660 -0.061082 0.011435
v 0.071844 -0.058648 0.011749
v 0.071217 -0.058359 0.012629
v 0.069484 -0.056837 0.011749
v 0.068709 -0.056721 0.012629
v 0.066675 -0.055860 0.011749
v 0.065805 -0.055986 0.012629
v 0.063701 -0.055817 0.011749
v 0.062820 -0.056233 0.012629
v 0.060864 -0.056712 0.011749
v 0.060077 -0.057436 0.012629
v 0.058453 -0.058453 0.011749
v 0.057873 -0.059465 0.012629
v 0.056712 -0.060864 0.011749
v 0.056448 -0.062099 0.012629
v 0.055817 -0.063701 0.011749
v 0.055955 -0.065054 0.012629
v 0.055860 -0.066675 0.011749
v 0.056448 -0.068008 0.012629
v 0.056837 -0.069484 0.011749
v 0.057873 -0.070643 0.012629
v 0.058648 -0.071844 0.011749
v 0.060077 -0.072671 0.012629
v -0.071912 -0.071520 0.011489
v -0.072234 -0.070643 0.012629
v -0.072965 -0.070240 0.011442
v -0.073660 -0.068008 0.012629
v -0.074055 -0.068007 0.011427
v -0.074499 -0.065585 0.011442
v -0.074153 -0.065054 0.012629
v -0.074305 -0.063117 0.011456
v -0.073660 -0.062099 0.012629
v -0.073370 -0.060809 0.011741
v -0.072234 -0.059465 0.012629
v -0.072509 -0.059436 0.011749
v -0.070319 -0.057345 0.011749
v -0.070031 -0.057436 0.012629
v -0.067575 -0.056065 0.011749
v -0.067288 -0.056233 0.012629
v -0.064565 -0.055731 0.011749
v -0.064302 -0.055986 0.012629
v -0.061607 -0.056378 0.011749
v -0.061399 -0.056721 0.012629
v -0.059012 -0.057938 0.011749
v -0.058891 -0.058359 0.012629
v -0.057052 -0.060246 0.011749
v -0.057051 -0.060723 0.012629
v -0.055934 -0.063060 0.011749
v -0.056079 -0.063556 0.012629
v -0.055776 -0.066084 0.011749
v -0.056079 -0.066552 0.012629
v -0.056593 -0.068999 0.011749
v -0.057051 -0.069385 0.012629
v -0.057401 -0.070404 0.011741
v -0.058891 -0.071748 0.012629
v -0.059434 -0.072510 0.011741
v -0.061399 -0.073387 0.012629
v -0.061971 -0.073983 0.011462
v -0.064302 -0.074122 0.012629
v -0.064885 -0.074501 0.011458
v -0.067288 -0.073875 0.012629
v -0.067914 -0.074097 0.011415
v -0.069302 -0.073384 0.011695
v -0.070031 -0.072671 0.012629
v -0.070639 -0.072679 0.011431
v -0.072770 -0.060889 0.012991
v -0.073709 -0.066451 0.012990
v -0.069554 -0.065054 0.013000
v -0.072784 -0.069185 0.012991
v -0.069038 -0.067145 0.013000
v -0.071022 -0.071474 0.012989
v -0.067610 -0.068757 0.013000
v -0.068615 -0.073064 0.012988
v -0.065596 -0.069521 0.013000
v -0.065820 -0.073793 0.012984
v -0.062943 -0.073563 0.012985
v -0.063458 -0.069261 0.013000
v -0.060292 -0.072418 0.012984
v -0.061686 -0.068038 0.013000
v -0.058149 -0.070475 0.012978
v -0.056768 -0.067938 0.012981
v -0.060685 -0.066131 0.013000
v -0.056279 -0.065082 0.012980
v -0.060685 -0.063977 0.013000
v -0.056748 -0.062221 0.012981
v -0.061686 -0.062070 0.013000
v -0.058119 -0.059669 0.012978
v -0.060247 -0.057718 0.012984
v -0.063458 -0.060846 0.013000
v -0.062894 -0.056554 0.012985
v -0.065596 -0.060587 0.013000
v -0.065779 -0.056308 0.012984
v -0.068577 -0.057025 0.012988
v -0.067610 -0.061350 0.013000
v -0.070997 -0.058607 0.012989
v -0.069038 -0.062963 0.013000
v -0.074061 0.067987 0.011428
v -0.073601 0.067982 0.012782
v -0.072946 0.070301 0.011422
v -0.072182 0.070597 0.012788
v -0.071875 0.071451 0.011694
v -0.070002 0.072610 0.012785
v -0.070864 0.072511 0.011427
v -0.069310 0.073465 0.011490
v -0.067267 0.073815 0.012780
v -0.067865 0.074092 0.011436
v -0.064911 0.074501 0.011459
v -0.064299 0.074057 0.012781
v -0.061997 0.073991 0.011463
v -0.061418 0.073325 0.012780
v -0.059434 0.072510 0.011741
v -0.058931 0.071697 0.012780
v -0.057401 0.070404 0.011741
v -0.057113 0.069355 0.012787
v -0.056593 0.068999 0.011749
v -0.056146 0.066561 0.012781
v -0.055776 0.066084 0.011749
v -0.056179 0.063598 0.012853
v -0.055934 0.063060 0.011749
v -0.057097 0.060772 0.012780
v -0.057052 0.060246 0.011749
v -0.058918 0.058420 0.012780
v -0.059012 0.057938 0.011749
v -0.061406 0.056788 0.012781
v -0.061607 0.056378 0.011749
v -0.064287 0.056051 0.012781
v -0.064565 0.055731 0.011749
v -0.067252 0.056290 0.012780
v -0.067575 0.056065 0.011749
v -0.069979 0.057478 0.012780
v -0.070319 0.057345 0.011749
v -0.072172 0.059487 0.012780
v -0.072617 0.059341 0.011434
v -0.073370 0.060809 0.011741
v -0.073595 0.062115 0.012783
v -0.074299 0.063087 0.011456
v -0.074086 0.065043 0.012784
v -0.074501 0.065561 0.011441
v -0.073891 -0.063578 0.012870
v -0.056054 -0.065054 0.012821
v -0.056542 -0.062132 0.012821
v -0.073930 -0.066535 0.012821
v -0.072969 -0.060771 0.012821
v -0.071149 -0.058433 0.012821
v -0.068669 -0.056812 0.012821
v -0.065797 -0.056085 0.012821
v -0.062845 -0.056330 0.012821
v -0.060132 -0.057520 0.012821
v -0.057952 -0.059526 0.012821
v -0.072969 -0.069337 0.012821
v -0.071149 -0.071675 0.012821
v -0.068669 -0.073295 0.012821
v -0.065797 -0.074022 0.012821
v -0.062845 -0.073778 0.012821
v -0.060132 -0.072588 0.012821
v -0.057952 -0.070581 0.012821
v -0.056542 -0.067976 0.012821
v 0.056216 -0.063578 0.012869
v 0.074053 -0.065054 0.012821
v 0.073566 -0.062132 0.012821
v 0.056177 -0.066535 0.012821
v 0.057139 -0.060771 0.012821
v 0.058959 -0.058433 0.012821
v 0.061439 -0.056812 0.012821
v 0.064311 -0.056085 0.012821
v 0.067263 -0.056330 0.012821
v 0.069976 -0.057520 0.012821
v 0.072156 -0.059526 0.012821
v 0.057139 -0.069337 0.012821
v 0.058959 -0.071675 0.012821
v 0.061439 -0.073295 0.012821
v 0.064311 -0.074022 0.012821
v 0.067263 -0.073778 0.012821
v 0.069976 -0.072588 0.012821
v 0.072156 -0.070581 0.012821
v 0.073566 -0.067976 0.012821
v 0.056216 0.066530 0.012869
v 0.074053 0.065054 0.012821
v 0.073566 0.067976 0.012821
v 0.056177 0.063573 0.012821
v 0.057139 0.069337 0.012821
v 0.058959 0.071675 0.012821
v 0.061439 0.073295 0.012821
v 0.064311 0.074022 0.012821
v 0.067263 0.073778 0.012821
v 0.069976 0.072588 0.012821
v 0.072156 0.070581 0.012821
v 0.057139 0.060771 0.012821
v 0.058959 0.058433 0.012821
v 0.061439 0.056812 0.012821
v 0.064311 0.056085 0.012821
v 0.067263 0.056330 0.012821
v 0.069976 0.057520 0.012821
v 0.072156 0.059526 0.012821
v 0.073566 0.062132 0.012821
v 0.072165 -0.058668 0.011339
v 0.074191 -0.061031 0.011063
v 0.072451 -0.058412 0.011075
v 0.070197 -0.056546 0.011075
v 0.067498 -0.055418 0.011075
v 0.064587 -0.055124 0.011075
v 0.061717 -0.055690 0.011075
v 0.059135 -0.057066 0.011075
v 0.057066 -0.059135 0.011075
v 0.055690 -0.061717 0.011075
v 0.055124 -0.064587 0.011075
v 0.055418 -0.067498 0.011075
v 0.056546 -0.070197 0.011075
v 0.058412 -0.072451 0.011075
v 0.061061 -0.074201 0.011063
v 0.061015 -0.073716 0.011339
v 0.058668 -0.072165 0.011339
v 0.056875 -0.069998 0.011339
v 0.055790 -0.067403 0.011339
v 0.055507 -0.064605 0.011339
v 0.056051 -0.061845 0.011339
v 0.057375 -0.059364 0.011339
v 0.059364 -0.057375 0.011339
v 0.061845 -0.056051 0.011339
v 0.064605 -0.055507 0.011339
v 0.067403 -0.055790 0.011339
v 0.069998 -0.056875 0.011339
v 0.062414 -0.074223 0.011367
v 0.062335 -0.074517 0.011114
v 0.074482 -0.062252 0.011117
v 0.074224 -0.062420 0.011368
v 0.064954 -0.074590 0.011357
v 0.067336 -0.074314 0.011357
v 0.064951 -0.074934 0.011094
v 0.067418 -0.074647 0.011094
v 0.074934 -0.064951 0.011094
v 0.069326 -0.073769 0.011044
v 0.073534 -0.069748 0.011006
v 0.071051 -0.072437 0.011139
v 0.058668 0.072165 0.011339
v 0.061015 0.073716 0.011339
v 0.061032 0.074192 0.011063
v 0.058412 0.072451 0.011075
v 0.056546 0.070197 0.011075
v 0.055418 0.067498 0.011075
v 0.055124 0.064587 0.011075
v 0.055690 0.061717 0.011075
v 0.057066 0.059135 0.011075
v 0.059135 0.057066 0.011075
v 0.061717 0.055690 0.011075
v 0.064587 0.055124 0.011075
v 0.067498 0.055418 0.011075
v 0.070197 0.056546 0.011075
v 0.072451 0.058412 0.011075
v 0.074201 0.061060 0.011063
v 0.073716 0.061015 0.011339
v 0.072165 0.058668 0.011339
v 0.069998 0.056875 0.011339
v 0.067403 0.055790 0.011339
v 0.064605 0.055507 0.011339
v 0.061845 0.056051 0.011339
v 0.059364 0.057375 0.011339
v 0.057375 0.059364 0.011339
v 0.056051 0.061845 0.011339
v 0.055507 0.064605 0.011339
v 0.055790 0.067403 0.011339
v 0.056875 0.069998 0.011339
v 0.074517 0.062336 0.011114
v 0.062251 0.074482 0.011117
v 0.062419 0.074223 0.011368
v 0.074934 0.064951 0.011094
v 0.074647 0.067418 0.011094
v 0.064951 0.074934 0.011094
v 0.064954 0.074590 0.011357
v 0.073769 0.069326 0.011044
v 0.069748 0.073534 0.011006
v 0.072437 0.071051 0.011139
v -0.057160 0.070413 0.011371
v -0.059313 0.072670 0.011357
v -0.056912 0.070583 0.011118
v -0.069490 0.073734 0.011119
v -0.071055 0.072703 0.011105
v -0.056113 0.069476 0.011066
v -0.056392 0.069093 0.011339
v -0.073460 0.060558 0.011377
v -0.074720 0.063005 0.011094
v -0.073694 0.060359 0.011119
v -0.074920 0.065588 0.011094
v -0.055214 0.066472 0.011075
v -0.055224 0.063567 0.011075
v -0.056074 0.060790 0.011075
v -0.057689 0.058376 0.011075
v -0.059934 0.056533 0.011075
v -0.062615 0.055416 0.011075
v -0.065505 0.055123 0.011075
v -0.068356 0.055677 0.011075
v -0.070925 0.057032 0.011075
v -0.073157 0.059223 0.011063
v -0.070698 0.057341 0.011339
v -0.068228 0.056039 0.011339
v -0.065487 0.055506 0.011339
v -0.062709 0.055788 0.011339
v -0.060131 0.056862 0.011339
v -0.057974 0.058634 0.011339
v -0.056420 0.060954 0.011339
v -0.055604 0.063625 0.011339
v -0.055594 0.066417 0.011339
v -0.073156 -0.059236 0.011066
v -0.070925 -0.057032 0.011075
v -0.068356 -0.055677 0.011075
v -0.065505 -0.055123 0.011075
v -0.062615 -0.055416 0.011075
v -0.059934 -0.056533 0.011075
v -0.057689 -0.058376 0.011075
v -0.056074 -0.060790 0.011075
v -0.055224 -0.063567 0.011075
v -0.055214 -0.066472 0.011075
v -0.056098 -0.069464 0.011063
v -0.055594 -0.066417 0.011339
v -0.056392 -0.069093 0.011339
v -0.055604 -0.063625 0.011339
v -0.056420 -0.060954 0.011339
v -0.057974 -0.058634 0.011339
v -0.060131 -0.056862 0.011339
v -0.062709 -0.055788 0.011339
v -0.065487 -0.055506 0.011339
v -0.068228 -0.056039 0.011339
v -0.070698 -0.057341 0.011339
v -0.072687 -0.059302 0.011339
v -0.056863 -0.070498 0.011119
v -0.057147 -0.070382 0.011377
v -0.073480 -0.060582 0.011370
v -0.073744 -0.060438 0.011119
v -0.059313 -0.072670 0.011357
v -0.074442 -0.068135 0.011094
v -0.074920 -0.065588 0.011094
v -0.070732 -0.072946 0.011105
v -0.072157 -0.071728 0.011119
v -0.095063 -0.062344 0.002000
v -0.108000 -0.061871 0.002000
v -0.077792 -0.051684 0.001999
v -0.077941 0.051875 0.001999
v -0.108000 0.061880 0.002000
v -0.095332 0.062313 0.002000
v -0.087123 0.064543 0.001971
v -0.073449 -0.048686 0.002000
v -0.071939 0.047887 0.001999
v -0.067182 -0.046680 0.001999
v -0.065474 0.046663 0.002000
v -0.058960 -0.047589 0.001999
v -0.059672 0.047357 0.001999
v -0.051956 -0.051991 0.002000
v -0.052496 0.051473 0.001999
v 0.051712 0.052241 0.002000
v -0.048618 0.056790 0.002000
v 0.048466 0.057101 0.002000
v 0.000000 0.087895 0.002000
v 0.046629 0.063421 0.001999
v 0.002814 0.088341 0.002000
v 0.005352 0.089634 0.002000
v 0.047141 0.069240 0.002000
v 0.007366 0.091648 0.002000
v 0.029420 0.098103 0.002000
v 0.008913 0.094894 0.001997
v 0.019361 0.100573 0.002000
v 0.008870 0.102072 0.001975
v -0.046758 0.062331 0.001999
v -0.002814 0.088341 0.002000
v -0.005352 0.089634 0.002000
v -0.047266 0.070009 0.001999
v -0.007366 0.091648 0.002000
v -0.028218 0.098455 0.002000
v -0.008911 0.095024 0.001997
v -0.018746 0.100689 0.002000
v -0.008975 0.102043 0.001993
v -0.037436 0.095333 0.002000
v -0.046315 0.091349 0.002000
v -0.054776 0.086541 0.002000
v 0.039177 0.094630 0.002000
v 0.049171 0.074399 0.001998
v 0.048534 0.090190 0.002000
v 0.057770 0.084560 0.001968
v 0.052241 -0.051712 0.002000
v 0.058630 0.047707 0.002000
v 0.057101 -0.048466 0.002000
v 0.063421 -0.046628 0.002000
v 0.102419 0.000000 0.002000
v 0.101916 -0.010137 0.002000
v 0.101916 0.010137 0.002000
v 0.066836 0.046642 0.002000
v 0.100413 0.020175 0.002000
v 0.097922 0.030015 0.002000
v 0.094471 0.039560 0.002000
v 0.074193 0.049010 0.001999
v 0.084827 0.057395 0.002000
v 0.090091 0.048717 0.002000
v 0.100413 -0.020175 0.002000
v 0.069240 -0.047141 0.002000
v 0.097922 -0.030015 0.002000
v 0.094471 -0.039560 0.002000
v 0.090091 -0.048717 0.002000
v 0.074399 -0.049171 0.001998
v 0.084560 -0.057769 0.001968
v -0.048618 -0.056790 0.002000
v 0.047708 -0.058630 0.001999
v 0.000000 -0.087895 0.002000
v 0.002814 -0.088341 0.002000
v 0.046642 -0.066836 0.002000
v 0.005352 -0.089634 0.002000
v 0.007366 -0.091648 0.002000
v 0.029420 -0.098103 0.002000
v 0.008911 -0.095024 0.001997
v 0.019361 -0.100573 0.002000
v 0.008974 -0.102043 0.001993
v 0.039177 -0.094630 0.002000
v 0.049010 -0.074193 0.001999
v 0.057395 -0.084827 0.002000
v 0.048534 -0.090190 0.002000
v -0.046663 -0.063073 0.001999
v -0.002814 -0.088341 0.002000
v -0.005352 -0.089634 0.002000
v -0.047358 -0.070201 0.001999
v -0.007366 -0.091648 0.002000
v -0.028218 -0.098455 0.002000
v -0.008913 -0.094894 0.001997
v -0.018746 -0.100689 0.002000
v -0.008870 -0.102072 0.001975
v -0.037436 -0.095333 0.002000
v -0.046315 -0.091349 0.002000
v -0.055160 -0.086280 0.001968
v -0.087592 -0.064396 0.002000
v 0.008105 -0.097000 0.001026
v 0.008079 -0.097000 0.000000
v 0.007617 -0.094228 0.001026
v 0.007591 -0.094237 0.000000
v 0.006209 -0.091790 0.001026
v 0.006189 -0.091807 0.000000
v 0.004053 -0.089980 0.001026
v 0.004039 -0.090004 0.000000
v 0.001407 -0.089018 0.001026
v 0.001403 -0.089044 0.000000
v -0.001407 -0.089018 0.001026
v -0.001403 -0.089044 0.000000
v -0.004053 -0.089980 0.001026
v -0.004039 -0.090004 0.000000
v -0.006209 -0.091790 0.001026
v -0.006189 -0.091807 0.000000
v -0.007617 -0.094228 0.001026
v -0.007591 -0.094237 0.000000
v -0.008105 -0.097000 0.001026
v -0.008079 -0.097000 0.000000
v -0.008079 -0.102026 0.000000
v -0.008115 -0.102116 0.001161
v 0.008135 -0.102120 0.001258
v 0.008079 -0.102026 0.000000
v 0.008105 0.097000 0.001026
v 0.008115 0.102116 0.001161
v -0.008135 0.102120 0.001258
v -0.008105 0.097000 0.001026
v -0.007617 0.094228 0.001026
v -0.006209 0.091790 0.001026
v -0.004053 0.089980 0.001026
v -0.001407 0.089018 0.001026
v 0.001407 0.089018 0.001026
v 0.004053 0.089980 0.001026
v 0.006209 0.091790 0.001026
v 0.007617 0.094228 0.001026
v 0.051688 0.075878 0.001751
v 0.058686 0.083960 0.001569
v 0.052463 0.075249 0.001045
v 0.059287 0.083492 0.000913
v 0.049606 0.072614 0.001751
v 0.048306 0.068968 0.001751
v 0.047855 0.065123 0.001751
v 0.048275 0.061275 0.001751
v 0.049545 0.057618 0.001751
v 0.051601 0.054338 0.001751
v 0.054338 0.051601 0.001751
v 0.057618 0.049545 0.001751
v 0.061275 0.048275 0.001751
v 0.065123 0.047855 0.001751
v 0.068968 0.048306 0.001751
v 0.072614 0.049606 0.001751
v 0.075878 0.051688 0.001751
v 0.072175 0.050502 0.001045
v 0.075249 0.052463 0.001045
v 0.068741 0.049278 0.001045
v 0.065119 0.048853 0.001045
v 0.061494 0.049249 0.001045
v 0.058050 0.050445 0.001045
v 0.054960 0.052382 0.001045
v 0.052382 0.054960 0.001045
v 0.050445 0.058050 0.001045
v 0.049249 0.061494 0.001045
v 0.048853 0.065119 0.001045
v 0.049278 0.068741 0.001045
v 0.050502 0.072175 0.001045
v 0.084285 0.058228 0.001832
v 0.083768 0.058942 0.001347
v 0.083602 0.059700 0.000627
v -0.078790 0.054703 0.001751
v -0.085930 0.064811 0.001552
v -0.077993 0.055304 0.001045
v -0.085152 0.065020 0.000897
v -0.076127 0.051893 0.001751
v -0.072903 0.049750 0.001751
v -0.069282 0.048383 0.001751
v -0.065446 0.047859 0.001751
v -0.061591 0.048207 0.001751
v -0.057911 0.049408 0.001751
v -0.054593 0.051402 0.001751
v -0.051805 0.054087 0.001751
v -0.049688 0.057328 0.001751
v -0.048349 0.060960 0.001751
v -0.047857 0.064800 0.001751
v -0.048235 0.068652 0.001751
v -0.049466 0.072322 0.001751
v -0.049211 0.068443 0.001045
v -0.050371 0.071901 0.001045
v -0.048855 0.064815 0.001045
v -0.049318 0.061198 0.001045
v -0.050579 0.057776 0.001045
v -0.052574 0.054724 0.001045
v -0.055200 0.052194 0.001045
v -0.058325 0.050316 0.001045
v -0.061792 0.049185 0.001045
v -0.065424 0.048857 0.001045
v -0.069036 0.049350 0.001045
v -0.072448 0.050638 0.001045
v -0.075484 0.052657 0.001045
v -0.055790 0.086261 0.001860
v -0.056281 0.085340 0.001347
v -0.056724 0.084925 0.000732
v -0.086625 -0.064847 0.001825
v -0.078790 -0.054703 0.001751
v -0.085703 -0.065084 0.001320
v -0.077993 -0.055304 0.001045
v -0.085040 -0.065262 0.000585
v -0.077486 -0.055685 0.000000
v -0.084853 -0.065554 0.000001
v -0.049466 -0.072322 0.001751
v -0.048235 -0.068652 0.001751
v -0.047857 -0.064800 0.001751
v -0.048349 -0.060960 0.001751
v -0.049688 -0.057328 0.001751
v -0.051805 -0.054087 0.001751
v -0.054593 -0.051402 0.001751
v -0.057911 -0.049408 0.001751
v -0.061591 -0.048207 0.001751
v -0.065446 -0.047859 0.001751
v -0.069282 -0.048383 0.001751
v -0.072903 -0.049750 0.001751
v -0.076127 -0.051893 0.001751
v -0.075484 -0.052657 0.001045
v -0.074851 -0.052956 0.000000
v -0.072448 -0.050638 0.001045
v -0.071633 -0.050945 0.000000
v -0.069036 -0.049350 0.001045
v -0.068024 -0.049773 0.000000
v -0.065424 -0.048857 0.001045
v -0.064239 -0.049508 0.000000
v -0.061792 -0.049185 0.001045
v -0.060502 -0.050167 0.000000
v -0.058325 -0.050316 0.001045
v -0.057036 -0.051710 0.000000
v -0.055200 -0.052194 0.001045
v -0.054046 -0.054046 0.000000
v -0.052574 -0.054724 0.001045
v -0.051710 -0.057036 0.000000
v -0.050579 -0.057776 0.001045
v -0.050167 -0.060502 0.000000
v -0.049318 -0.061198 0.001045
v -0.049508 -0.064239 0.000000
v -0.048855 -0.064815 0.001045
v -0.049773 -0.068024 0.000000
v -0.049211 -0.068443 0.001045
v -0.050945 -0.071633 0.000000
v -0.050371 -0.071901 0.001045
v -0.056035 -0.085553 0.001563
v -0.056625 -0.085021 0.000904
v -0.057287 -0.085036 -0.000000
v 0.075878 -0.051688 0.001751
v 0.083960 -0.058686 0.001569
v 0.075249 -0.052463 0.001045
v 0.083492 -0.059287 0.000913
v 0.072614 -0.049606 0.001751
v 0.068968 -0.048306 0.001751
v 0.065123 -0.047855 0.001751
v 0.061275 -0.048275 0.001751
v 0.057618 -0.049545 0.001751
v 0.054338 -0.051601 0.001751
v 0.051601 -0.054338 0.001751
v 0.049545 -0.057618 0.001751
v 0.048275 -0.061275 0.001751
v 0.047855 -0.065123 0.001751
v 0.048306 -0.068968 0.001751
v 0.049606 -0.072614 0.001751
v 0.051688 -0.075878 0.001751
v 0.050502 -0.072175 0.001045
v 0.052463 -0.075249 0.001045
v 0.049278 -0.068741 0.001045
v 0.048853 -0.065119 0.001045
v 0.049249 -0.061494 0.001045
v 0.050445 -0.058050 0.001045
v 0.052382 -0.054960 0.001045
v 0.054960 -0.052382 0.001045
v 0.058050 -0.050445 0.001045
v 0.061494 -0.049249 0.001045
v 0.065119 -0.048853 0.001045
v 0.068741 -0.049278 0.001045
v 0.072175 -0.050502 0.001045
v 0.058228 -0.084285 0.001832
v 0.058942 -0.083768 0.001347
v 0.059700 -0.083602 0.000627
v -0.008613 0.097000 0.001870
v -0.008441 0.102072 0.001758
v -0.008248 0.097000 0.001515
v -0.008191 0.094339 0.001870
v -0.006968 0.091938 0.001870
v -0.005062 0.090032 0.001870
v -0.002661 0.088809 0.001870
v 0.000000 0.088387 0.001870
v 0.002661 0.088809 0.001870
v 0.005062 0.090032 0.001870
v 0.006968 0.091938 0.001870
v 0.008191 0.094339 0.001870
v 0.008613 0.097000 0.001870
v 0.007844 0.094451 0.001515
v 0.008248 0.097000 0.001515
v 0.006673 0.092152 0.001515
v 0.004848 0.090327 0.001515
v 0.002549 0.089156 0.001515
v 0.000000 0.088752 0.001515
v -0.002549 0.089156 0.001515
v -0.004848 0.090327 0.001515
v -0.006673 0.092152 0.001515
v -0.007844 0.094451 0.001515
v 0.008365 0.102072 0.001685
v -0.008248 -0.097000 0.001515
v -0.008365 -0.102072 0.001685
v -0.008613 -0.097000 0.001870
v -0.007844 -0.094451 0.001515
v -0.008191 -0.094339 0.001870
v -0.006968 -0.091938 0.001870
v -0.005062 -0.090032 0.001870
v -0.002661 -0.088809 0.001870
v 0.000000 -0.088387 0.001870
v 0.002661 -0.088809 0.001870
v 0.005062 -0.090032 0.001870
v 0.006968 -0.091938 0.001870
v 0.008191 -0.094339 0.001870
v 0.008613 -0.097000 0.001870
v 0.008248 -0.097000 0.001515
v 0.007844 -0.094451 0.001515
v 0.006673 -0.092152 0.001515
v 0.004848 -0.090327 0.001515
v 0.002549 -0.089156 0.001515
v 0.000000 -0.088752 0.001515
v -0.002549 -0.089156 0.001515
v -0.004848 -0.090327 0.001515
v -0.006673 -0.092152 0.001515
v 0.008441 -0.102072 0.001758
v -0.107999 -0.063179 0.002712
v -0.107999 -0.062636 0.002194
v -0.102301 -0.063308 0.002891
v -0.102296 -0.062970 0.002412
v -0.102289 -0.062473 0.002099
v -0.094937 -0.062985 0.002097
v -0.087913 -0.064995 0.002174
v -0.096285 -0.063342 0.002412
v -0.089411 -0.064859 0.002412
v -0.092822 -0.063936 0.002412
v -0.092894 -0.064266 0.002891
v -0.096327 -0.063677 0.002891
v -0.088266 -0.065503 0.002737
v -0.085226 -0.065816 0.000651
v -0.085905 -0.065596 0.001421
v -0.085920 -0.066181 0.001702
v -0.086889 -0.065824 0.002273
v -0.085795 -0.066533 0.002016
v -0.084980 -0.066839 0.001051
v -0.085176 -0.066453 0.000841
v -0.084845 -0.066394 0.000000
v -0.086792 -0.065304 0.001932
v -0.058326 -0.085706 0.000961
v -0.058637 -0.085418 0.000000
v -0.057729 -0.085636 0.000700
v -0.057987 -0.085412 0.000000
v -0.057248 -0.085391 0.000578
v -0.056726 -0.085719 0.001278
v -0.055979 -0.086323 0.001871
v -0.055165 -0.087155 0.002188
v -0.056288 -0.086659 0.002095
v -0.057127 -0.086024 0.001436
v -0.055456 -0.087616 0.002705
v -0.057710 -0.086186 0.001871
v -0.056712 -0.086900 0.002613
v -0.046890 -0.092484 0.002705
v -0.037901 -0.096517 0.002705
v -0.028569 -0.099678 0.002705
v -0.018979 -0.101940 0.002705
v -0.009218 -0.103281 0.002705
v -0.018879 -0.101404 0.002188
v -0.008910 -0.102722 0.002137
v -0.046644 -0.091998 0.002188
v -0.037701 -0.096009 0.002188
v -0.028419 -0.099154 0.002188
v -0.008201 -0.103458 0.002653
v -0.008439 -0.103112 0.002244
v -0.008429 -0.102637 0.001854
v -0.007437 -0.103471 0.001807
v -0.007410 -0.103341 0.000980
v -0.007853 -0.103131 0.001606
v -0.007920 -0.102799 0.000994
v -0.008125 -0.102642 0.001480
v -0.007894 -0.102748 0.000000
v -0.007384 -0.103292 0.000000
v 0.007384 -0.103292 0.000000
v 0.007410 -0.103341 0.000980
v 0.007894 -0.102748 0.000000
v 0.007920 -0.102799 0.000994
v 0.007497 -0.103477 0.001978
v 0.007893 -0.103133 0.001722
v 0.008156 -0.102648 0.001572
v 0.008623 -0.103377 0.002669
v 0.008561 -0.103105 0.002283
v 0.009170 -0.102738 0.002188
v 0.008667 -0.102616 0.002001
v 0.019602 -0.101822 0.002705
v 0.029785 -0.099321 0.002705
v 0.039664 -0.095805 0.002705
v 0.049137 -0.091310 0.002705
v 0.059029 -0.085324 0.002670
v 0.048879 -0.090830 0.002188
v 0.057802 -0.085429 0.002188
v 0.019499 -0.101287 0.002188
v 0.029629 -0.098800 0.002188
v 0.039455 -0.095302 0.002188
v 0.060274 -0.083926 0.000807
v 0.060885 -0.083943 0.001077
v 0.060147 -0.084539 0.002101
v 0.059712 -0.084453 0.001730
v 0.059354 -0.084254 0.001512
v 0.058564 -0.084805 0.001986
v 0.058858 -0.085080 0.002258
v 0.083896 -0.060939 0.000959
v 0.083889 -0.060408 0.000724
v 0.083732 -0.059959 0.000598
v 0.084173 -0.059461 0.001409
v 0.084693 -0.058563 0.001931
v 0.084989 -0.058876 0.002165
v 0.084364 -0.059827 0.001618
v 0.084448 -0.060267 0.001986
v 0.085204 -0.059252 0.002674
v 0.085880 -0.058108 0.002705
v 0.085429 -0.057802 0.002188
v 0.091210 -0.049322 0.002705
v 0.095644 -0.040052 0.002705
v 0.099139 -0.030388 0.002705
v 0.101660 -0.020426 0.002705
v 0.103182 -0.010263 0.002705
v 0.103691 0.000000 0.002705
v 0.103182 0.010263 0.002705
v 0.101660 0.020426 0.002705
v 0.099139 0.030388 0.002705
v 0.095644 0.040052 0.002705
v 0.091210 0.049322 0.002705
v 0.085325 0.059026 0.002671
v 0.090731 0.049063 0.002188
v 0.085429 0.057802 0.002188
v 0.090731 -0.049063 0.002188
v 0.095141 -0.039841 0.002188
v 0.098618 -0.030228 0.002188
v 0.101125 -0.020319 0.002188
v 0.102640 -0.010209 0.002188
v 0.103147 0.000000 0.002188
v 0.102640 0.010209 0.002188
v 0.101125 0.020319 0.002188
v 0.098618 0.030228 0.002188
v 0.095141 0.039841 0.002188
v 0.083926 0.060274 0.000807
v 0.083943 0.060885 0.001077
v 0.084539 0.060147 0.002101
v 0.084453 0.059712 0.001730
v 0.084254 0.059354 0.001512
v 0.084805 0.058564 0.001986
v 0.085080 0.058858 0.002258
v 0.060939 0.083896 0.000959
v 0.060408 0.083889 0.000724
v 0.059959 0.083732 0.000598
v 0.059461 0.084173 0.001409
v 0.058563 0.084693 0.001931
v 0.058876 0.084989 0.002165
v 0.059827 0.084364 0.001618
v 0.060267 0.084448 0.001986
v 0.059252 0.085204 0.002674
v 0.058108 0.085880 0.002705
v 0.057802 0.085429 0.002188
v 0.049137 0.091310 0.002705
v 0.039664 0.095805 0.002705
v 0.029785 0.099321 0.002705
v 0.019602 0.101822 0.002705
v 0.009218 0.103281 0.002705
v 0.019499 0.101287 0.002188
v 0.008909 0.102722 0.002137
v 0.048879 0.090830 0.002188
v 0.039455 0.095302 0.002188
v 0.029629 0.098800 0.002188
v 0.008201 0.103458 0.002653
v 0.008439 0.103112 0.002244
v 0.008429 0.102637 0.001854
v 0.007437 0.103471 0.001807
v 0.007410 0.103341 0.000980
v 0.007853 0.103131 0.001606
v 0.007920 0.102799 0.000994
v 0.008125 0.102642 0.001480
v -0.007410 0.103341 0.000980
v -0.007920 0.102799 0.000994
v -0.007497 0.103477 0.001978
v -0.007893 0.103133 0.001722
v -0.008156 0.102648 0.001572
v -0.008630 0.103376 0.002671
v -0.008561 0.103105 0.002283
v -0.009170 0.102738 0.002188
v -0.008667 0.102616 0.002001
v -0.018979 0.101940 0.002705
v -0.028569 0.099678 0.002705
v -0.037901 0.096517 0.002705
v -0.046890 0.092484 0.002705
v -0.056321 0.087108 0.002637
v -0.046644 0.091998 0.002188
v -0.055165 0.087155 0.002188
v -0.018879 0.101404 0.002188
v -0.028419 0.099154 0.002188
v -0.037701 0.096009 0.002188
v -0.057152 0.085336 0.000625
v -0.057700 0.085662 0.000771
v -0.058169 0.085771 0.001023
v -0.057415 0.086352 0.002025
v -0.056201 0.086816 0.002231
v -0.056576 0.085851 0.001458
v -0.057050 0.086190 0.001687
v -0.084924 0.066859 0.000954
v -0.085157 0.066294 0.000688
v -0.085177 0.065746 0.000568
v -0.085831 0.065582 0.001359
v -0.086754 0.065182 0.001894
v -0.086878 0.065627 0.002116
v -0.085853 0.066064 0.001562
v -0.085730 0.066557 0.001968
v -0.086858 0.066128 0.002650
v -0.088033 0.065589 0.002705
v -0.087844 0.065078 0.002188
v -0.091585 0.064579 0.002891
v -0.091501 0.064252 0.002412
v -0.091376 0.063771 0.002099
v -0.097577 0.062646 0.002097
v -0.108000 0.062633 0.002193
v -0.099878 0.063030 0.002409
v -0.107999 0.063177 0.002712
v -0.099899 0.063368 0.002886
v -0.096300 0.063681 0.002891
v -0.096258 0.063345 0.002412
v -0.020519 0.014282 0.157000
v -0.022974 0.009859 0.157000
v -0.024488 0.005032 0.157000
v -0.025000 0.000000 0.157000
v -0.024488 -0.005032 0.157000
v -0.022974 -0.009859 0.157000
v -0.020519 -0.014282 0.157000
v -0.017224 -0.018120 0.157000
v -0.013224 -0.021216 0.157000
v -0.008683 -0.023444 0.157000
v -0.003786 -0.024712 0.157000
v 0.001266 -0.024968 0.157000
v 0.006266 -0.024202 0.157000
v 0.011010 -0.022445 0.157000
v 0.015303 -0.019769 0.157000
v 0.018969 -0.016284 0.157000
v 0.021859 -0.012133 0.157000
v 0.023853 -0.007484 0.157000
v 0.024872 -0.002529 0.157000
v 0.024872 0.002529 0.157000
v 0.023853 0.007484 0.157000
v 0.021859 0.012133 0.157000
v 0.018969 0.016284 0.157000
v 0.015303 0.019769 0.157000
v 0.011010 0.022445 0.157000
v 0.006266 0.024202 0.157000
v 0.001266 0.024968 0.157000
v -0.003786 0.024712 0.157000
v -0.008683 0.023444 0.157000
v -0.013224 0.021216 0.157000
v -0.017224 0.018120 0.157000
v -0.025000 0.000000 0.147500
v -0.024488 -0.005032 0.147500
v -0.024488 0.005032 0.147500
v -0.022974 0.009859 0.147500
v -0.022974 -0.009859 0.147500
v -0.020519 0.014282 0.147500
v -0.020519 -0.014282 0.147500
v -0.017224 0.018120 0.147500
v -0.017224 -0.018120 0.147500
v -0.013224 0.021216 0.147500
v -0.008683 0.023444 0.147500
v -0.003786 0.024712 0.147500
v 0.001266 0.024968 0.147500
v 0.006266 0.024202 0.147500
v 0.011010 0.022445 0.147500
v 0.015303 0.019769 0.147500
v 0.018969 0.016284 0.147500
v 0.021859 0.012133 0.147500
v 0.023853 0.007484 0.147500
v 0.024872 0.002529 0.147500
v 0.024872 -0.002529 0.147500
v 0.023853 -0.007484 0.147500
v -0.013224 -0.021216 0.147500
v 0.021859 -0.012133 0.147500
v 0.018969 -0.016284 0.147500
v 0.015303 -0.019769 0.147500
v 0.011010 -0.022445 0.147500
v -0.008683 -0.023444 0.147500
v 0.006266 -0.024202 0.147500
v -0.003786 -0.024712 0.147500
v 0.001266 -0.024968 0.147500
v -0.003000 -0.098000 0.000000
v -0.002598 -0.099500 0.000000
v -0.001500 -0.100598 0.000000
v 0.000000 -0.101000 0.000000
v 0.001500 -0.100598 0.000000
v 0.002598 -0.099500 0.000000
v 0.003000 -0.098000 0.000000
v 0.002598 -0.096500 0.000000
v 0.001500 -0.095402 0.000000
v 0.000000 -0.095000 0.000000
v -0.001500 -0.095402 0.000000
v -0.002598 -0.096500 0.000000
v -0.064511 -0.069521 0.000000
v -0.062498 -0.068757 0.000000
v -0.066650 -0.069261 0.000000
v -0.068422 -0.068038 0.000000
v -0.069423 -0.066131 0.000000
v -0.069423 -0.063977 0.000000
v -0.068422 -0.062070 0.000000
v -0.066650 -0.060846 0.000000
v -0.064511 -0.060587 0.000000
v -0.062498 -0.061350 0.000000
v -0.061069 -0.062963 0.000000
v -0.060554 -0.065054 0.000000
v -0.061069 -0.067145 0.000000
v -0.108000 -0.063131 0.004403
v -0.108000 -0.062658 0.004104
v -0.108000 -0.062109 0.004000
v -0.108000 0.062109 0.004000
v -0.108000 0.062658 0.004104
v -0.108000 0.063131 0.004403
v -0.108000 0.057028 0.036763
v -0.108000 0.060145 0.021268
v -0.108000 0.063570 0.005840
v -0.108000 0.063572 0.005171
v -0.108000 0.063609 0.005506
v -0.108000 -0.040165 0.146648
v -0.108000 -0.038417 0.147355
v -0.108000 -0.027600 0.149867
v -0.108000 -0.016624 0.151550
v -0.108000 -0.005552 0.152394
v -0.108000 0.005552 0.152394
v -0.108000 0.016624 0.151550
v -0.108000 0.027600 0.149867
v -0.108000 0.038417 0.147355
v -0.108000 0.040165 0.146648
v -0.108000 0.041699 0.145551
v -0.108000 -0.041699 0.145551
v -0.108000 -0.057028 0.036763
v -0.108000 -0.060145 0.021268
v -0.108000 -0.063570 0.005840
v -0.108000 -0.063609 0.005506
v -0.108000 -0.063572 0.005171
vn -1.0000 -0.0000 -0.0000
vn -1.0000 0.0002 -0.0000
vn -1.0000 0.0001 -0.0000
vn -1.0000 -0.0002 -0.0000
vn 0.7808 0.5453 0.3050
vn 0.7745 0.5477 0.3166
vn 0.7592 0.5780 0.2993
vn 0.7563 0.5858 0.2913
vn 0.7321 0.6060 0.3111
vn 0.7088 0.6290 0.3194
vn 0.6953 0.6615 0.2811
vn 0.6725 0.6725 0.3091
vn 0.6344 0.7082 0.3097
vn 0.6247 0.7283 0.2818
vn 0.5993 0.7397 0.3062
vn 0.5851 0.7495 0.3098
vn 0.5428 0.7808 0.3093
vn 0.5539 0.7777 0.2972
vn 0.4977 0.8113 0.3068
vn 0.4313 0.8527 0.2949
vn 0.3603 0.8850 0.2950
vn 0.3619 0.8889 0.2809
vn 0.2880 0.9155 0.2809
vn 0.2895 0.9201 0.2638
vn 0.2134 0.9407 0.2638
vn 0.2147 0.9461 0.2426
vn 0.1366 0.9605 0.2426
vn 0.1375 0.9665 0.2169
vn 0.0580 0.9745 0.2169
vn 0.0584 0.9806 0.1869
vn -0.0219 0.9821 0.1869
vn -0.0220 0.9881 0.1521
vn -0.1029 0.9830 0.1521
vn -0.1034 0.9882 0.1128
vn -0.1838 0.9765 0.1128
vn -0.1845 0.9807 0.0649
vn -0.2461 0.9661 0.0782
vn -0.2601 0.9629 0.0718
vn -0.3301 0.9416 0.0673
vn -0.3287 0.9377 0.1128
vn -0.3288 0.9377 0.1128
vn -0.3270 0.9327 0.1521
vn -0.3272 0.9326 0.1521
vn -0.3252 0.9270 0.1869
vn -0.3232 0.9211 0.2170
vn -0.3231 0.9211 0.2170
vn -0.3211 0.9155 0.2426
vn -0.3212 0.9154 0.2425
vn -0.3193 0.9102 0.2639
vn -0.3177 0.9056 0.2810
vn -0.3147 0.9062 0.2824
vn -0.3222 0.8995 0.2949
vn -0.3089 0.9019 0.3020
vn -0.3182 0.8969 0.3071
vn -0.3119 0.8973 0.3122
vn -0.3764 0.8745 0.3059
vn 0.7831 0.5412 0.3064
vn 0.8226 0.4783 0.3074
vn 0.9127 0.2695 0.3070
vn 0.9323 0.1912 0.3072
vn 0.9322 0.1916 0.3070
vn 0.9448 0.1145 0.3071
vn 0.9447 0.1153 0.3069
vn 0.9512 0.0338 0.3068
vn 0.9488 -0.1134 0.2949
vn 0.9353 -0.1959 0.2948
vn 0.9352 -0.1962 0.2949
vn 0.9146 -0.2769 0.2947
vn 0.8928 -0.3405 0.2950
vn 0.8579 -0.4202 0.2957
vn 0.8598 -0.4176 0.2940
vn 0.8228 -0.4864 0.2940
vn 0.8227 -0.4865 0.2940
vn 0.7868 -0.5426 0.2941
vn 0.7880 0.5379 0.2995
vn 0.7809 0.5522 0.2920
vn 0.7895 0.5375 0.2963
vn 0.7897 0.5403 0.2907
vn 0.7716 0.5771 0.2677
vn 0.7896 0.5455 0.2810
vn 0.8261 0.4885 0.2810
vn 0.8278 0.4846 0.2826
vn 0.8660 0.4127 0.2825
vn 0.8651 0.4156 0.2809
vn 0.8947 0.3473 0.2809
vn 0.8957 0.3433 0.2826
vn 0.9216 0.2662 0.2824
vn 0.9213 0.2690 0.2810
vn 0.9401 0.1929 0.2810
vn 0.9527 0.1155 0.2810
vn 0.9590 0.0372 0.2810
vn 0.9638 0.0374 0.2639
vn 0.9637 -0.0415 0.2639
vn 0.9692 -0.0417 0.2425
vn 0.9626 -0.1208 0.2425
vn 0.9626 -0.1207 0.2425
vn 0.9495 -0.1991 0.2425
vn 0.9495 -0.1992 0.2426
vn 0.9300 -0.2760 0.2426
vn 0.9044 -0.3511 0.2426
vn 0.8727 -0.4238 0.2426
vn 0.8350 -0.4938 0.2426
vn 0.8351 -0.4937 0.2425
vn 0.7916 -0.5608 0.2425
vn 0.7920 -0.5604 0.2423
vn 0.7371 -0.6286 0.2482
vn 0.7337 -0.6317 0.2505
vn 0.7454 -0.6248 0.2325
vn 0.7113 -0.6643 0.2298
vn 0.7001 -0.6726 0.2399
vn 0.7104 -0.6695 0.2171
vn 0.6783 -0.6990 0.2266
vn 0.6944 -0.6861 0.2169
vn 0.6361 -0.7405 0.2169
vn 0.6360 -0.7406 0.2170
vn 0.5736 -0.7899 0.2169
vn 0.5069 -0.8343 0.2170
vn 0.5068 -0.8343 0.2170
vn 0.4369 -0.8730 0.2170
vn 0.4369 -0.8729 0.2169
vn 0.3642 -0.9057 0.2169
vn 0.3642 -0.9057 0.2170
vn 0.2889 -0.9324 0.2170
vn 0.2890 -0.9324 0.2169
vn 0.2118 -0.9529 0.2169
vn 0.2118 -0.9529 0.2170
vn 0.1332 -0.9671 0.2170
vn 0.1332 -0.9671 0.2169
vn 0.0537 -0.9747 0.2169
vn 0.0540 -0.9809 0.1868
vn -0.0264 -0.9820 0.1868
vn -0.0265 -0.9880 0.1521
vn -0.0264 -0.9880 0.1520
vn -0.0265 -0.9933 0.1128
vn -0.0266 -0.9933 0.1128
vn -0.0267 -0.9973 0.0686
vn -0.1081 -0.9917 0.0698
vn -0.1268 -0.9888 0.0782
vn -0.1888 -0.9799 0.0648
vn -0.2497 -0.9651 0.0782
vn -0.2680 -0.9609 0.0699
vn -0.3459 -0.9358 0.0686
vn -0.3445 -0.9320 0.1128
vn -0.4194 -0.9007 0.1128
vn -0.4172 -0.8960 0.1521
vn -0.4966 -0.8546 0.1520
vn -0.4764 -0.8603 0.1817
vn 0.7707 0.5887 0.2436
vn 0.7600 0.5978 0.2550
vn 0.6887 0.6906 0.2209
vn 0.7162 0.6590 0.2298
vn 0.7097 0.6654 0.2316
vn 0.6904 0.6712 0.2698
vn 0.6832 0.6972 0.2171
vn 0.7119 0.6642 0.2281
vn 0.6973 0.6831 0.2170
vn 0.7508 0.6238 0.2170
vn 0.7994 0.5602 0.2170
vn 0.7994 0.5603 0.2169
vn 0.8424 0.4932 0.2169
vn 0.8424 0.4932 0.2170
vn 0.8800 0.4226 0.2170
vn 0.9115 0.3493 0.2170
vn 0.9370 0.2737 0.2170
vn 0.9563 0.1962 0.2170
vn 0.9691 0.1174 0.2170
vn 0.9691 0.1175 0.2169
vn 0.9755 0.0379 0.2169
vn 0.9817 0.0381 0.1868
vn 0.9815 -0.0423 0.1868
vn 0.9875 -0.0426 0.1521
vn 0.9875 -0.0425 0.1521
vn 0.9927 -0.0428 0.1128
vn 0.9967 -0.0429 0.0692
vn 0.9948 -0.0645 0.0785
vn 0.6784 0.6980 0.2295
vn 0.6668 0.7097 0.2273
vn 0.6355 0.7336 0.2408
vn 0.6392 0.7378 0.2169
vn 0.5767 0.7877 0.2169
vn 0.5803 0.7927 0.1868
vn 0.5138 0.8373 0.1868
vn 0.5169 0.8424 0.1521
vn 0.4463 0.8819 0.1521
vn 0.4486 0.8866 0.1128
vn 0.3747 0.9202 0.1128
vn 0.3762 0.9237 0.0726
vn 0.3687 0.9264 0.0766
vn 0.2996 0.9518 0.0652
vn 0.2497 0.9651 0.0792
vn 0.2207 0.9730 0.0676
vn 0.1405 0.9875 0.0711
vn 0.1399 0.9837 0.1128
vn 0.1392 0.9785 0.1521
vn 0.1391 0.9785 0.1521
vn 0.1382 0.9726 0.1869
vn 0.1374 0.9665 0.2169
vn 0.6383 0.7294 0.2462
vn 0.6350 0.7327 0.2446
vn 0.5740 0.7730 0.2702
vn 0.5565 0.7878 0.2639
vn 0.5635 0.7754 0.2850
vn 0.5533 0.7841 0.2811
vn 0.5468 0.7843 0.2929
vn 0.5427 0.7849 0.2991
vn 0.5436 0.7808 0.3079
vn 0.5602 0.7701 0.3051
vn 0.5575 0.7717 0.3062
vn 0.6247 -0.7283 0.2818
vn 0.6343 -0.7083 0.3097
vn 0.6725 -0.6725 0.3091
vn 0.6953 -0.6615 0.2811
vn 0.7070 -0.6335 0.3142
vn 0.7425 -0.5979 0.3020
vn 0.7566 -0.5860 0.2903
vn 0.7608 -0.5741 0.3027
vn 0.7653 -0.5652 0.3081
vn 0.7698 -0.5598 0.3066
vn 0.7712 -0.5587 0.3050
vn 0.7422 -0.5992 0.3001
vn 0.5985 -0.7401 0.3067
vn 0.5868 -0.7482 0.3095
vn 0.5554 -0.7720 0.3089
vn 0.5437 -0.7821 0.3046
vn 0.4890 -0.8140 0.3134
vn 0.4624 -0.8342 0.3006
vn 0.4249 -0.8486 0.3153
vn 0.3755 -0.8763 0.3017
vn 0.3565 -0.8808 0.3117
vn 0.2843 -0.9084 0.3067
vn 0.2817 -0.9088 0.3077
vn 0.2028 -0.9290 0.3095
vn 0.2093 -0.9284 0.3071
vn 0.2068 -0.9328 0.2952
vn 0.2072 -0.9328 0.2950
vn 0.2081 -0.9369 0.2810
vn 0.2084 -0.9368 0.2809
vn 0.2094 -0.9416 0.2638
vn 0.2094 -0.9416 0.2639
vn 0.2106 -0.9470 0.2425
vn 0.2105 -0.9470 0.2426
vn 0.5490 -0.7781 0.3051
vn 0.5593 -0.7728 0.2999
vn 0.5345 -0.7885 0.3043
vn 0.5518 -0.7812 0.2920
vn 0.5443 -0.7856 0.2942
vn 0.5469 -0.7854 0.2898
vn 0.6004 -0.7556 0.2620
vn 0.5484 -0.7875 0.2811
vn 0.4983 -0.8202 0.2810
vn 0.4297 -0.8582 0.2810
vn 0.4296 -0.8582 0.2810
vn 0.3619 -0.8889 0.2810
vn 0.3579 -0.8900 0.2826
vn 0.2813 -0.9171 0.2824
vn 0.2840 -0.9167 0.2810
vn 0.6327 -0.7342 0.2461
vn 0.5695 -0.7853 0.2428
vn 0.5700 -0.7850 0.2425
vn 0.5037 -0.8292 0.2425
vn 0.5038 -0.8291 0.2425
vn 0.4344 -0.8675 0.2425
vn 0.4342 -0.8676 0.2426
vn 0.3619 -0.9001 0.2426
vn 0.3620 -0.9001 0.2425
vn 0.2872 -0.9267 0.2425
vn 0.6316 -0.7353 0.2457
vn 0.6653 -0.7109 0.2280
vn 0.6697 -0.7071 0.2270
vn 0.6802 -0.6929 0.2391
vn 0.7786 -0.5659 0.2711
vn 0.7919 -0.5506 0.2639
vn 0.7805 -0.5557 0.2862
vn 0.7891 -0.5463 0.2810
vn 0.7883 -0.5410 0.2931
vn -0.7939 0.6051 0.0601
vn -0.7671 0.6370 0.0764
vn -0.7618 0.6438 0.0713
vn -0.7199 0.6916 0.0594
vn -0.6810 0.7280 0.0790
vn -0.6510 0.7562 0.0660
vn -0.5787 0.8115 0.0804
vn -0.5780 0.8123 0.0784
vn -0.5266 0.8431 0.1093
vn -0.5320 0.8392 0.1128
vn -0.4628 0.8793 0.1128
vn -0.4604 0.8746 0.1521
vn -0.3949 0.9061 0.1521
vn -0.3925 0.9006 0.1869
vn -0.5846 0.8077 0.0769
vn -0.5286 0.8463 0.0658
vn -0.4787 0.8745 0.0784
vn -0.4647 0.8826 0.0713
vn -0.4629 0.8792 0.1128
vn -0.3969 0.9109 0.1128
vn -0.3948 0.9061 0.1521
vn -0.3986 0.9146 0.0675
vn -0.3652 0.9275 0.0795
vn -0.1232 0.9893 0.0783
vn -0.1037 0.9922 0.0697
vn -0.1033 0.9882 0.1128
vn -0.0222 0.9934 0.1128
vn -0.0221 0.9881 0.1520
vn 0.0587 0.9866 0.1520
vn 0.0583 0.9807 0.1869
vn -0.0223 0.9974 0.0687
vn 0.0019 0.9969 0.0788
vn 0.0592 0.9961 0.0649
vn 0.1268 0.9889 0.0776
vn 0.4505 0.8903 0.0667
vn 0.4818 0.8727 0.0794
vn 0.5218 0.8506 0.0656
vn 0.5876 0.8056 0.0755
vn 0.5892 0.8045 0.0745
vn 0.6535 0.7541 0.0660
vn 0.6507 0.7509 0.1128
vn 0.7098 0.6953 0.1128
vn 0.7060 0.6916 0.1520
vn 0.7602 0.6316 0.1520
vn 0.7556 0.6278 0.1868
vn 0.8044 0.5639 0.1868
vn 0.6837 0.7254 0.0795
vn 0.7128 0.6983 0.0662
vn 0.7643 0.6349 0.1128
vn 0.7603 0.6315 0.1521
vn 0.8094 0.5673 0.1521
vn 0.8045 0.5638 0.1869
vn 0.8478 0.4963 0.1869
vn 0.7671 0.6373 0.0739
vn 0.7695 0.6342 0.0759
vn 0.8171 0.5728 0.0654
vn 0.8426 0.5326 0.0794
vn 0.8611 0.5041 0.0670
vn 0.8991 0.4318 0.0721
vn 0.8957 0.4302 0.1128
vn 0.9278 0.3556 0.1128
vn 0.9229 0.3537 0.1521
vn 0.9488 0.2770 0.1521
vn 0.9430 0.2753 0.1869
vn 0.9623 0.1974 0.1869
vn 0.9029 0.4228 0.0769
vn 0.9318 0.3571 0.0650
vn 0.9538 0.2785 0.1128
vn 0.9682 0.1988 0.1521
vn 0.9623 0.1976 0.1868
vn 0.9753 0.1182 0.1868
vn 0.9487 0.3062 0.0791
vn 0.9577 0.2798 0.0680
vn 0.9538 0.2786 0.1127
vn 0.9733 0.1998 0.1127
vn 0.9682 0.1987 0.1521
vn 0.9812 0.1187 0.1521
vn 0.9753 0.1180 0.1869
vn 0.9816 0.0382 0.1869
vn 0.9772 0.2004 0.0707
vn 0.9796 0.1851 0.0778
vn 0.9907 0.1200 0.0648
vn 0.9951 0.0607 0.0786
vn 0.9968 0.0388 0.0692
vn 0.9901 -0.1243 0.0648
vn 0.9790 -0.1885 0.0779
vn 0.9763 -0.2046 0.0705
vn 0.9564 -0.2840 0.0681
vn 0.9525 -0.2828 0.1128
vn 0.9263 -0.3596 0.1128
vn 0.9214 -0.3576 0.1521
vn 0.8890 -0.4319 0.1521
vn 0.8836 -0.4293 0.1869
vn 0.8456 -0.5000 0.1869
vn 0.8403 -0.4969 0.2170
vn 0.7969 -0.5639 0.2170
vn 0.9475 -0.3098 0.0790
vn 0.9303 -0.3611 0.0650
vn 0.8938 -0.4341 0.1128
vn 0.8890 -0.4318 0.1520
vn 0.8508 -0.5030 0.1520
vn 0.8457 -0.4999 0.1868
vn 0.8020 -0.5674 0.1868
vn 0.7969 -0.5638 0.2169
vn 0.7481 -0.6271 0.2170
vn 0.9014 -0.4261 0.0771
vn 0.8972 -0.4357 0.0720
vn 0.8553 -0.5058 0.1128
vn 0.8507 -0.5031 0.1521
vn 0.8068 -0.5710 0.1521
vn 0.8019 -0.5675 0.1869
vn 0.7529 -0.6310 0.1869
vn 0.7482 -0.6271 0.2169
vn 0.8588 -0.5079 0.0671
vn 0.8407 -0.5357 0.0793
vn 0.8147 -0.5762 0.0653
vn 0.7671 -0.6370 0.0760
vn 0.7642 -0.6407 0.0736
vn 0.7098 -0.7013 0.0662
vn 0.7068 -0.6984 0.1128
vn 0.6474 -0.7537 0.1128
vn 0.6440 -0.7498 0.1520
vn 0.5807 -0.7998 0.1520
vn 0.5772 -0.7949 0.1868
vn 0.5101 -0.8396 0.1868
vn 0.6810 -0.7280 0.0795
vn 0.6501 -0.7570 0.0659
vn 0.6474 -0.7538 0.1129
vn 0.5836 -0.8042 0.1128
vn 0.5805 -0.7999 0.1521
vn 0.5131 -0.8448 0.1521
vn 0.5100 -0.8396 0.1869
vn 0.4397 -0.8785 0.1869
vn 0.5858 -0.8070 0.0747
vn 0.5847 -0.8078 0.0754
vn 0.5181 -0.8528 0.0657
vn 0.4787 -0.8744 0.0794
vn 0.4466 -0.8922 0.0665
vn 0.3722 -0.9253 0.0728
vn 0.3708 -0.9218 0.1128
vn 0.2940 -0.9491 0.1128
vn 0.2925 -0.9441 0.1521
vn 0.2144 -0.9648 0.1521
vn 0.2131 -0.9590 0.1869
vn 0.1341 -0.9732 0.1869
vn 0.3653 -0.9277 0.0765
vn 0.2954 -0.9532 0.0652
vn 0.2941 -0.9491 0.1127
vn 0.2156 -0.9699 0.1127
vn 0.2145 -0.9648 0.1521
vn 0.1349 -0.9791 0.1521
vn 0.1341 -0.9732 0.1868
vn 0.0542 -0.9809 0.1868
vn 0.2461 -0.9660 0.0793
vn 0.2165 -0.9739 0.0675
vn 0.2156 -0.9700 0.1127
vn 0.1356 -0.9843 0.1127
vn 0.0545 -0.9869 0.1521
vn 0.1361 -0.9881 0.0713
vn 0.1232 -0.9894 0.0775
vn 0.0550 -0.9964 0.0649
vn -0.0019 -0.9969 0.0788
vn -0.3686 -0.9262 0.0788
vn -0.4212 -0.9046 0.0649
vn -0.4194 -0.9008 0.1128
vn -0.5013 -0.8579 0.1127
vn -0.4734 -0.8706 0.1340
vn -0.4819 -0.8728 0.0775
vn -0.4935 -0.8668 0.0713
vn -0.4923 -0.8647 0.0998
vn -0.5671 -0.8176 0.0997
vn -0.6670 -0.7451 -0.0010
vn -0.6594 -0.7462 0.0917
vn -0.7218 -0.6895 0.0601
vn -0.7620 -0.6438 0.0700
vn -0.7694 -0.6341 0.0768
vn -0.7940 -0.6049 0.0608
vn -0.8303 -0.5542 0.0588
vn -0.8427 -0.5327 0.0775
vn -0.8719 -0.4871 0.0493
vn -0.9033 -0.4230 0.0719
vn -0.9039 -0.4219 0.0705
vn -0.9369 -0.3468 0.0447
vn -0.9480 -0.3060 0.0878
vn -0.9609 -0.2731 0.0446
vn -0.9782 -0.1982 0.0624
vn -0.9783 -0.1848 0.0933
vn -0.9925 -0.1185 0.0294
vn -0.9928 -0.0606 0.1036
vn -0.9977 -0.0406 0.0541
vn -0.9982 0.0389 0.0467
vn -0.9923 0.0643 0.1057
vn -0.9927 0.1169 0.0297
vn -0.9780 0.1884 0.0894
vn -0.9780 0.1974 0.0674
vn -0.9616 0.2713 0.0417
vn -0.9468 0.3096 0.0882
vn -0.9370 0.3462 0.0461
vn -0.9049 0.4204 0.0659
vn -0.9016 0.4262 0.0735
vn -0.8722 0.4867 0.0489
vn -0.8408 0.5358 0.0769
vn -0.8302 0.5543 0.0601
vn -0.5591 -0.8263 0.0677
vn -0.5874 -0.8053 0.0806
vn -0.6357 -0.7689 0.0686
vn -0.6840 -0.7258 0.0729
vn -0.4749 -0.8513 0.2228
vn -0.4860 -0.8466 0.2169
vn -0.4862 -0.8536 0.1868
vn -0.4147 -0.8906 0.1868
vn -0.3425 -0.9271 0.1521
vn -0.3443 -0.9320 0.1127
vn -0.2670 -0.9571 0.1127
vn -0.4902 -0.8338 0.2538
vn -0.4590 -0.8547 0.2427
vn -0.4096 -0.8794 0.2426
vn -0.4096 -0.8795 0.2425
vn -0.3363 -0.9100 0.2425
vn -0.3362 -0.9100 0.2425
vn -0.2608 -0.9345 0.2425
vn -0.1835 -0.9526 0.2425
vn -0.1836 -0.9526 0.2425
vn -0.1050 -0.9644 0.2425
vn -0.1051 -0.9644 0.2425
vn -0.0260 -0.9698 0.2425
vn -0.0258 -0.9642 0.2638
vn 0.0530 -0.9631 0.2638
vn 0.0528 -0.9583 0.2810
vn 0.1309 -0.9507 0.2810
vn 0.1311 -0.9507 0.2809
vn -0.4961 -0.8224 0.2786
vn -0.4490 -0.8536 0.2641
vn -0.4072 -0.8744 0.2639
vn -0.4071 -0.8745 0.2638
vn -0.3343 -0.9048 0.2638
vn -0.3344 -0.9047 0.2639
vn -0.2593 -0.9291 0.2639
vn -0.2592 -0.9291 0.2639
vn -0.1825 -0.9471 0.2639
vn -0.1045 -0.9589 0.2639
vn -0.1044 -0.9589 0.2638
vn -0.0256 -0.9594 0.2810
vn 0.0527 -0.9583 0.2810
vn 0.0525 -0.9544 0.2940
vn 0.1306 -0.9468 0.2940
vn 0.1290 -0.9468 0.2949
vn -0.4747 -0.8341 0.2809
vn -0.4726 -0.8302 0.2957
vn -0.4694 -0.8325 0.2941
vn -0.4745 -0.8247 0.3077
vn -0.4624 -0.8326 0.3049
vn -0.4046 -0.8614 0.3071
vn -0.3297 -0.8927 0.3071
vn -0.3299 -0.8927 0.3071
vn -0.2532 -0.9174 0.3070
vn -0.0461 -0.9502 0.3083
vn -0.0415 -0.9497 0.3103
vn -0.0300 -0.9507 0.3086
vn -0.0250 -0.9512 0.3075
vn -0.0116 -0.9532 0.3022
vn -0.0007 -0.9552 0.2958
vn 0.0094 -0.9534 0.3016
vn 0.0200 -0.9518 0.3060
vn 0.0272 -0.9510 0.3081
vn 0.0309 -0.9506 0.3088
vn 0.0329 -0.9505 0.3090
vn 0.0584 -0.9485 0.3113
vn 0.0584 -0.9489 0.3100
vn 0.0605 -0.9475 0.3140
vn 0.0526 -0.9508 0.3053
vn 0.0524 -0.9508 0.3054
vn 0.0526 -0.9543 0.2941
vn -0.0255 -0.9554 0.2941
vn -0.0256 -0.9594 0.2809
vn -0.1039 -0.9541 0.2810
vn -0.1817 -0.9424 0.2810
vn -0.1816 -0.9424 0.2809
vn -0.2579 -0.9244 0.2809
vn -0.3327 -0.9002 0.2809
vn -0.3327 -0.9002 0.2810
vn -0.4052 -0.8700 0.2810
vn -0.4050 -0.8701 0.2809
vn -0.4635 -0.8318 0.3054
vn -0.3989 -0.8619 0.3130
vn -0.3770 -0.8759 0.3010
vn -0.3289 -0.8900 0.3156
vn -0.2864 -0.9097 0.3008
vn -0.2576 -0.9140 0.3134
vn -0.1926 -0.9326 0.3054
vn -0.1831 -0.9333 0.3090
vn -0.1027 -0.9458 0.3082
vn -0.0972 -0.9470 0.3062
vn 0.0950 -0.9482 0.3031
vn 0.1322 -0.9401 0.3144
vn 0.1911 -0.9338 0.3026
vn 0.7890 -0.5306 0.3097
vn 0.8083 -0.5042 0.3042
vn 0.8172 -0.4848 0.3117
vn 0.8545 -0.4193 0.3066
vn 0.8555 -0.4165 0.3077
vn 0.8875 -0.3415 0.3094
vn 0.8930 -0.3310 0.3049
vn 0.9107 -0.2683 0.3140
vn 0.9114 -0.2738 0.3071
vn 0.9315 -0.1951 0.3070
vn 0.9233 -0.2392 0.3007
vn 0.9287 -0.1947 0.3156
vn 0.9314 -0.1953 0.3071
vn 0.9447 -0.1157 0.3070
vn 0.9449 -0.1248 0.3025
vn 0.9524 -0.0327 0.3030
vn 0.9425 -0.1445 0.3012
vn 0.9422 -0.1205 0.3126
vn 0.9508 -0.0482 0.3060
vn 0.9503 -0.0422 0.3083
vn 0.9503 0.0391 0.3088
vn 0.9516 0.0482 0.3035
vn 0.9424 0.1142 0.3143
vn 0.9426 0.1445 0.3009
vn 0.9295 0.1906 0.3156
vn 0.9232 0.2391 0.3009
vn 0.9123 0.2639 0.3131
vn 0.8928 0.3309 0.3057
vn 0.8891 0.3379 0.3087
vn 0.8569 0.4129 0.3084
vn 0.8547 0.4194 0.3058
vn 0.8186 0.4817 0.3128
vn 0.8091 0.5047 0.3011
vn 0.4968 0.8084 0.3157
vn 0.4624 0.8342 0.3005
vn 0.4285 0.8469 0.3150
vn 0.3754 0.8761 0.3024
vn 0.3623 0.8791 0.3097
vn 0.2858 0.9076 0.3075
vn 0.0529 0.9582 0.2810
vn -0.0214 0.9595 0.2810
vn -0.0216 0.9643 0.2638
vn -0.1004 0.9593 0.2638
vn -0.1010 0.9649 0.2425
vn -0.1794 0.9534 0.2425
vn -0.1805 0.9593 0.2170
vn -0.2544 0.9424 0.2170
vn -0.2560 0.9484 0.1869
vn 0.2843 0.9083 0.3069
vn 0.2082 0.9272 0.3114
vn 0.2135 0.9274 0.3071
vn 0.1318 0.9425 0.3070
vn 0.1393 0.9433 0.3012
vn 0.0530 0.9521 0.3011
vn 0.0615 0.9538 0.2940
vn -0.0214 0.9556 0.2940
vn -0.0215 0.9595 0.2809
vn -0.0997 0.9545 0.2809
vn -0.1002 0.9593 0.2639
vn -0.1783 0.9479 0.2639
vn -0.1793 0.9534 0.2425
vn -0.2529 0.9366 0.2426
vn -0.2545 0.9424 0.2170
vn 0.1912 0.9340 0.3019
vn 0.1336 0.9396 0.3153
vn 0.1339 0.9418 0.3083
vn 0.0615 0.9493 0.3084
vn 0.0594 0.9488 0.3102
vn 0.0957 0.9490 0.3005
vn 0.0625 0.9477 0.3130
vn 0.0607 0.9496 0.3074
vn -0.0008 0.9552 0.2958
vn -0.0969 0.9468 0.3068
vn -0.0268 0.9511 0.3078
vn -0.0307 0.9507 0.3086
vn -0.0343 0.9504 0.3092
vn -0.0408 0.9499 0.3099
vn -0.0424 0.9501 0.3091
vn -0.0416 0.9499 0.3098
vn -0.0406 0.9492 0.3121
vn -0.0381 0.9521 0.3033
vn -0.0160 0.9504 0.3106
vn -0.0213 0.9511 0.3081
vn 0.0007 0.9527 0.3041
vn 0.0517 0.9524 0.3003
vn 0.0561 0.9448 0.3227
vn 0.0575 0.9479 0.3133
vn -0.1926 0.9328 0.3046
vn -0.1791 0.9338 0.3097
vn -0.0987 0.9464 0.3074
vn -0.1026 0.9472 0.3038
vn -0.0959 0.9504 0.2959
vn -0.0993 0.9506 0.2940
vn -0.2492 0.9163 0.3136
vn -0.2864 0.9097 0.3006
vn -0.4643 0.8330 0.3009
vn -0.4466 0.8394 0.3098
vn -0.3798 0.8726 0.3073
vn -0.3885 0.8704 0.3024
vn -0.3754 0.8783 0.2960
vn -0.3876 0.8780 0.2810
vn -0.3831 0.8794 0.2826
vn -0.3852 0.8843 0.2639
vn -0.3853 0.8843 0.2639
vn -0.3875 0.8894 0.2426
vn -0.3876 0.8894 0.2425
vn -0.3900 0.8949 0.2170
vn -0.3925 0.9006 0.1868
vn -0.4849 0.8187 0.3077
vn -0.4870 0.8175 0.3074
vn -0.4405 0.8435 0.3073
vn -0.4877 0.8213 0.2961
vn -0.4917 0.8192 0.2952
vn -0.4926 0.8236 0.2811
vn -0.4471 0.8492 0.2810
vn -0.4472 0.8492 0.2809
vn -0.4844 0.8292 0.2788
vn -0.5033 0.8228 0.2639
vn -0.4494 0.8535 0.2639
vn -0.4791 0.8401 0.2542
vn -0.5093 0.8257 0.2426
vn -0.4520 0.8584 0.2426
vn -0.4838 0.8462 0.2232
vn -0.5082 0.8334 0.2170
vn -0.4548 0.8637 0.2170
vn -0.4547 0.8638 0.2170
vn -0.5029 0.8439 0.1870
vn -0.4831 0.8563 0.1825
vn -0.5242 0.8379 0.1520
vn -0.4722 0.8712 0.1342
vn -0.0449 -0.9500 0.3091
vn -0.0441 -0.9496 0.3103
vn -0.0445 -0.9483 0.3143
vn -0.0255 -0.9509 0.3086
vn -0.0373 -0.9520 0.3039
vn -0.1080 -0.9465 0.3042
vn -0.0046 -0.9526 0.3042
vn 0.0031 -0.9529 0.3032
vn 0.0083 -0.9529 0.3031
vn -0.0201 0.9519 0.3057
vn -0.0083 0.9538 0.3003
vn 0.0122 0.9529 0.3030
vn 0.0239 0.9512 0.3075
vn 0.0300 0.9507 0.3088
vn 0.8136 0.5704 0.1128
vn 0.8137 0.5703 0.1128
vn 0.8530 0.4993 0.1521
vn 0.8855 0.4253 0.1869
vn 0.8575 0.5021 0.1128
vn 0.8575 0.5020 0.1128
vn 0.7945 0.5568 0.2426
vn 0.7944 0.5569 0.2425
vn 0.7462 0.6200 0.2425
vn 0.8324 0.4873 0.2638
vn 0.7898 0.5537 0.2638
vn 0.8372 0.4901 0.2426
vn 0.8372 0.4902 0.2425
vn 0.8745 0.4200 0.2425
vn 0.9059 0.3472 0.2425
vn 0.9312 0.2721 0.2425
vn 0.9312 0.2720 0.2425
vn 0.9504 0.1949 0.2425
vn 0.9504 0.1950 0.2425
vn 0.9631 0.1167 0.2425
vn 0.9631 0.1166 0.2425
vn 0.9694 0.0377 0.2425
vn 0.9754 0.0379 0.2169
vn 0.9753 -0.0420 0.2170
vn 0.9815 -0.0422 0.1869
vn 0.9747 -0.1224 0.1869
vn 0.9747 -0.1223 0.1869
vn 0.9614 -0.2018 0.1869
vn 0.9615 -0.2016 0.1868
vn 0.9418 -0.2795 0.1868
vn 0.9418 -0.2796 0.1868
vn 0.9158 -0.3555 0.1868
vn 0.8837 -0.4292 0.1868
vn 0.8273 0.4781 0.2948
vn 0.8587 0.4189 0.2952
vn 0.8941 0.3367 0.2953
vn 0.9156 0.2733 0.2950
vn 0.9360 0.1922 0.2949
vn 0.9360 0.1921 0.2950
vn 0.9487 0.1145 0.2948
vn 0.9487 0.1150 0.2946
vn 0.9549 0.0370 0.2946
vn 0.9590 0.0372 0.2809
vn 0.9588 -0.0413 0.2809
vn 0.9570 -0.1202 0.2639
vn 0.9571 -0.1201 0.2638
vn 0.9441 -0.1979 0.2638
vn 0.9440 -0.1980 0.2638
vn 0.9247 -0.2744 0.2638
vn 0.9247 -0.2744 0.2639
vn 0.8992 -0.3491 0.2639
vn 0.8676 -0.4215 0.2639
vn 0.8677 -0.4214 0.2638
vn 0.8303 -0.4909 0.2638
vn 0.8302 -0.4910 0.2638
vn 0.7018 0.6874 0.1868
vn 0.7018 0.6875 0.1868
vn 0.6433 0.7425 0.1868
vn 0.6434 0.7424 0.1869
vn 0.5804 0.7926 0.1869
vn 0.6393 0.7377 0.2170
vn 0.7061 0.6916 0.1521
vn 0.6472 0.7470 0.1521
vn 0.6506 0.7510 0.1128
vn 0.5871 0.8016 0.1128
vn 0.5731 0.7825 0.2437
vn 0.5712 0.7842 0.2426
vn 0.5074 0.8269 0.2425
vn 0.5073 0.8269 0.2425
vn 0.4380 0.8656 0.2425
vn 0.4381 0.8656 0.2425
vn 0.3660 0.8985 0.2426
vn 0.2913 0.9254 0.2426
vn 0.2912 0.9254 0.2425
vn 0.2145 0.9461 0.2425
vn 0.5840 0.7974 0.1521
vn 0.5170 0.8424 0.1521
vn 0.5521 0.7797 0.2953
vn 0.4998 0.8144 0.2949
vn 0.5020 0.8180 0.2809
vn 0.4333 0.8563 0.2809
vn 0.4355 0.8607 0.2638
vn 0.3639 0.8933 0.2638
vn 0.4996 0.8145 0.2948
vn 0.5044 0.8222 0.2638
vn 0.5045 0.8221 0.2639
vn 0.5768 0.7875 0.2170
vn 0.5106 0.8320 0.2170
vn 0.4436 0.8765 0.1868
vn 0.3727 0.9154 0.1521
vn 0.3747 0.9203 0.1128
vn 0.2983 0.9478 0.1128
vn 0.5105 0.8321 0.2170
vn 0.5196 0.8470 0.1128
vn 0.5871 0.8017 0.1128
vn 0.5197 0.8468 0.1128
vn 0.5837 -0.8041 0.1128
vn 0.5160 -0.8491 0.1128
vn 0.5133 -0.8447 0.1520
vn 0.4426 -0.8837 0.1520
vn 0.4399 -0.8784 0.1868
vn 0.3665 -0.9115 0.1868
vn 0.5009 -0.8243 0.2638
vn 0.5721 -0.7766 0.2637
vn 0.5008 -0.8244 0.2639
vn 0.4981 -0.8157 0.2941
vn 0.4961 -0.8166 0.2950
vn 0.4280 -0.8543 0.2949
vn 0.4278 -0.8544 0.2950
vn 0.3516 -0.8885 0.2948
vn 0.2886 -0.9107 0.2955
vn 0.4926 -0.8158 0.3029
vn 0.3616 -0.8822 0.3016
vn 0.2746 -0.9128 0.3024
vn 0.6401 -0.7453 0.1869
vn 0.6400 -0.7453 0.1869
vn 0.6988 -0.6905 0.1869
vn 0.7530 -0.6310 0.1869
vn 0.7031 -0.6947 0.1520
vn 0.7614 -0.6384 0.1128
vn 0.7030 -0.6947 0.1521
vn 0.7575 -0.6349 0.1521
vn 0.7576 -0.6348 0.1520
vn 0.8069 -0.5708 0.1520
vn 0.8112 -0.5738 0.1128
vn 0.7615 -0.6383 0.1128
vn 0.7886 -0.5348 0.3035
vn 0.7855 -0.5385 0.3049
vn 0.8200 -0.4848 0.3044
vn 0.8212 -0.4832 0.3037
vn 0.8587 -0.4124 0.3043
vn 0.8849 -0.3539 0.3028
vn 0.9159 -0.2641 0.3022
vn 0.8261 -0.4884 0.2809
vn 0.8261 -0.4885 0.2810
vn 0.8403 -0.4968 0.2170
vn 0.8552 -0.5058 0.1128
vn -0.4576 0.8693 0.1869
vn -0.4577 0.8693 0.1868
vn -0.4604 0.8746 0.1520
vn -0.4451 0.8454 0.2952
vn -0.4457 0.8452 0.2950
vn -0.3970 0.9109 0.1128
vn -0.2591 0.9592 0.1128
vn -0.1837 0.9765 0.1128
vn -0.2577 0.9542 0.1521
vn -0.1828 0.9713 0.1521
vn -0.1827 0.9713 0.1521
vn -0.1027 0.9830 0.1521
vn -0.2514 0.9312 0.2639
vn -0.2515 0.9312 0.2639
vn -0.2502 0.9265 0.2809
vn -0.2501 0.9266 0.2810
vn -0.2490 0.9228 0.2941
vn -0.2475 0.9229 0.2948
vn -0.2521 0.9187 0.3042
vn -0.2449 0.9196 0.3072
vn -0.1817 0.9655 0.1868
vn -0.2562 0.9484 0.1868
vn -0.1015 0.9709 0.2170
vn -0.1009 0.9649 0.2426
vn -0.0216 0.9699 0.2425
vn -0.0214 0.9643 0.2638
vn 0.0572 0.9629 0.2638
vn 0.0569 0.9576 0.2826
vn 0.1378 0.9493 0.2824
vn 0.1289 0.9468 0.2949
vn 0.2166 0.9307 0.2947
vn 0.2047 0.9312 0.3016
vn 0.2934 0.9069 0.3024
vn -0.1022 0.9771 0.1868
vn -0.1021 0.9771 0.1868
vn -0.0220 0.9821 0.1868
vn -0.1783 0.9479 0.2638
vn -0.1776 0.9432 0.2809
vn -0.1774 0.9432 0.2809
vn -0.1795 0.9388 0.2941
vn -0.1768 0.9390 0.2951
vn -0.1701 0.9371 0.3048
vn 0.0591 0.9919 0.1128
vn 0.0588 0.9866 0.1521
vn 0.0590 0.9919 0.1128
vn -0.0218 0.9759 0.2170
vn -0.0217 0.9699 0.2425
vn 0.0575 0.9684 0.2425
vn 0.1358 0.9550 0.2638
vn 0.1351 0.9502 0.2809
vn 0.2083 0.9368 0.2810
vn 0.3561 0.8826 0.3070
vn 0.4297 0.8492 0.3071
vn 0.0577 0.9684 0.2426
vn 0.0581 0.9744 0.2170
vn 0.2197 0.9690 0.1128
vn 0.2198 0.9690 0.1128
vn 0.2186 0.9639 0.1521
vn 0.2968 0.9428 0.1521
vn 0.2175 0.9580 0.1869
vn 0.2173 0.9581 0.1868
vn 0.2949 0.9371 0.1868
vn 0.2950 0.9371 0.1868
vn 0.3704 0.9099 0.1868
vn 0.4436 0.8766 0.1868
vn 0.2158 0.9520 0.2169
vn 0.2161 0.9520 0.2170
vn 0.2931 0.9311 0.2170
vn 0.3682 0.9041 0.2170
vn 0.3681 0.9041 0.2169
vn 0.4407 0.8710 0.2169
vn 0.4408 0.8710 0.2170
vn 0.2135 0.9406 0.2638
vn 0.2123 0.9354 0.2826
vn 0.2907 0.9142 0.2824
vn 0.2809 0.9131 0.2957
vn 0.3609 0.8847 0.2953
vn 0.4295 0.8492 0.3071
vn 0.4984 0.8107 0.3072
vn 0.3620 0.8888 0.2810
vn 0.3638 0.8933 0.2638
vn 0.4356 0.8606 0.2639
vn 0.4334 0.8563 0.2810
vn 0.4315 0.8525 0.2950
vn 0.8529 0.4994 0.1520
vn 0.8909 0.4280 0.1520
vn 0.8855 0.4254 0.1868
vn 0.9173 0.3515 0.1868
vn 0.8909 0.4279 0.1521
vn 0.8694 0.4177 0.2638
vn 0.8695 0.4175 0.2639
vn 0.8629 0.4046 0.3027
vn 0.8192 0.4875 0.3020
vn 0.9430 0.2755 0.1868
vn 0.9173 0.3516 0.1868
vn 0.9007 0.3452 0.2639
vn 0.9259 0.2703 0.2639
vn 0.9259 0.2705 0.2638
vn 0.9449 0.1939 0.2638
vn 0.9449 0.1938 0.2638
vn 0.9576 0.1161 0.2638
vn 0.9576 0.1160 0.2639
vn 0.9694 0.0376 0.2425
vn 0.9753 -0.0420 0.2169
vn 0.9686 -0.1215 0.2169
vn 0.9686 -0.1216 0.2170
vn 0.9554 -0.2005 0.2170
vn 0.9358 -0.2777 0.2170
vn 0.9100 -0.3533 0.2170
vn 0.8781 -0.4265 0.2170
vn 0.8869 0.3493 0.3024
vn 0.9169 0.2606 0.3023
vn 0.9546 0.0386 0.2953
vn 0.9543 -0.0471 0.2953
vn 0.9584 -0.0371 0.2831
vn 0.9511 -0.1236 0.2831
vn 0.9522 -0.1196 0.2810
vn 0.9393 -0.1970 0.2810
vn 0.9393 -0.1969 0.2809
vn 0.9212 -0.2690 0.2810
vn 0.9196 -0.2729 0.2826
vn 0.8932 -0.3499 0.2824
vn 0.8947 -0.3474 0.2809
vn 0.8633 -0.4193 0.2809
vn 0.8632 -0.4194 0.2810
vn 0.9864 0.1195 0.1128
vn 0.9864 0.1194 0.1128
vn 0.9734 0.1996 0.1128
vn 0.9812 0.1188 0.1521
vn 0.9876 0.0385 0.1521
vn 0.9876 0.0385 0.1520
vn 0.9929 0.0387 0.1128
vn 0.9807 -0.1231 0.1521
vn 0.9859 -0.1238 0.1128
vn 0.9859 -0.1237 0.1128
vn 0.9725 -0.2039 0.1128
vn 0.9725 -0.2038 0.1128
vn 0.9673 -0.2028 0.1521
vn 0.9475 -0.2813 0.1521
vn 0.9214 -0.3577 0.1521
vn 0.5159 -0.8492 0.1128
vn 0.4448 -0.8885 0.1128
vn 0.4424 -0.8838 0.1521
vn 0.3686 -0.9170 0.1521
vn 0.3664 -0.9115 0.1868
vn 0.2909 -0.9383 0.1868
vn 0.4318 -0.8625 0.2639
vn 0.4319 -0.8625 0.2638
vn 0.4261 -0.8510 0.3071
vn 0.4972 -0.8115 0.3070
vn 0.4262 -0.8509 0.3071
vn 0.3707 -0.9219 0.1128
vn 0.3688 -0.9170 0.1521
vn 0.2907 -0.9384 0.1869
vn 0.3599 -0.8949 0.2638
vn 0.3598 -0.8949 0.2639
vn 0.3522 -0.8841 0.3071
vn 0.2854 -0.9214 0.2639
vn 0.2855 -0.9213 0.2638
vn 0.1316 -0.9555 0.2639
vn 0.1324 -0.9611 0.2426
vn 0.0534 -0.9687 0.2426
vn 0.0537 -0.9747 0.2170
vn -0.0260 -0.9758 0.2170
vn -0.0261 -0.9820 0.1869
vn -0.1065 -0.9766 0.1869
vn -0.1064 -0.9766 0.1868
vn -0.1859 -0.9646 0.1869
vn -0.1858 -0.9647 0.1868
vn -0.2641 -0.9462 0.1868
vn -0.2642 -0.9462 0.1868
vn -0.3405 -0.9215 0.1868
vn -0.3404 -0.9215 0.1868
vn 0.1272 -0.9431 0.3071
vn 0.1336 -0.9432 0.3041
vn 0.0547 -0.9921 0.1128
vn 0.0548 -0.9921 0.1128
vn 0.0534 -0.9687 0.2425
vn 0.0531 -0.9631 0.2638
vn 0.1316 -0.9555 0.2638
vn -0.0260 -0.9698 0.2426
vn -0.0261 -0.9758 0.2169
vn -0.1057 -0.9705 0.2169
vn -0.1058 -0.9704 0.2170
vn -0.1846 -0.9586 0.2170
vn -0.1847 -0.9585 0.2170
vn -0.2624 -0.9403 0.2170
vn -0.2625 -0.9402 0.2170
vn -0.3384 -0.9156 0.2170
vn -0.3383 -0.9157 0.2170
vn -0.4122 -0.8849 0.2170
vn -0.4120 -0.8850 0.2169
vn -0.0256 -0.9555 0.2940
vn 0.1355 -0.9843 0.1128
vn -0.1071 -0.9826 0.1520
vn -0.1077 -0.9878 0.1128
vn -0.1880 -0.9757 0.1128
vn -0.2671 -0.9570 0.1128
vn -0.1000 -0.9505 0.2941
vn -0.1034 -0.9498 0.2954
vn -0.1830 -0.9377 0.2952
vn -0.1809 -0.9385 0.2940
vn -0.2548 -0.9212 0.2941
vn -0.2568 -0.9203 0.2950
vn -0.3309 -0.8964 0.2949
vn -0.3312 -0.8962 0.2950
vn -0.4047 -0.8656 0.2949
vn -0.4035 -0.8664 0.2941
vn -0.1870 -0.9705 0.1521
vn -0.1869 -0.9705 0.1521
vn -0.1072 -0.9825 0.1521
vn -0.2658 -0.9520 0.1521
vn -0.2657 -0.9520 0.1521
vn -0.1750 -0.9363 0.3045
vn -0.2592 -0.9167 0.3042
vn -0.3992 -0.8651 0.3037
vn -0.0000 -0.0000 -1.0000
vn -0.0003 0.0007 -1.0000
vn 0.0002 0.0002 -1.0000
vn 0.0003 -0.0000 -1.0000
vn -0.0001 -0.0002 -1.0000
vn 0.0001 -0.0002 -1.0000
vn -0.0001 -0.0001 -1.0000
vn -0.0027 -0.0026 -1.0000
vn -0.0014 -0.0004 -1.0000
vn -0.0025 0.0003 1.0000
vn -0.0023 -0.0005 1.0000
vn -0.0022 -0.0005 1.0000
vn -0.0015 -0.0017 1.0000
vn -0.0018 -0.0016 1.0000
vn -0.0011 -0.0025 1.0000
vn -0.0010 -0.0025 1.0000
vn 0.0006 -0.0039 1.0000
vn -0.0003 -0.0038 1.0000
vn 0.0004 -0.0033 1.0000
vn 0.0019 -0.0032 1.0000
vn 0.0021 -0.0030 1.0000
vn 0.0046 -0.0022 1.0000
vn 0.0039 -0.0032 1.0000
vn 0.0039 -0.0020 1.0000
vn 0.0046 -0.0005 1.0000
vn 0.0044 -0.0000 1.0000
vn 0.0046 0.0005 1.0000
vn 0.0039 0.0020 1.0000
vn 0.0039 0.0032 1.0000
vn 0.0046 0.0022 1.0000
vn 0.0021 0.0030 1.0000
vn 0.0019 0.0032 1.0000
vn 0.0004 0.0034 1.0000
vn -0.0003 0.0038 1.0000
vn 0.0007 0.0039 1.0000
vn -0.0010 0.0025 1.0000
vn -0.0011 0.0025 1.0000
vn -0.0018 0.0016 1.0000
vn -0.0015 0.0017 1.0000
vn -0.0022 0.0005 1.0000
vn -0.0003 0.0001 -1.0000
vn 0.0002 -0.0010 -1.0000
vn -0.0044 -0.0006 -1.0000
vn 0.0001 -0.0000 -1.0000
vn 0.0001 0.0001 -1.0000
vn -0.0004 -0.0013 -1.0000
vn 0.0025 -0.0003 1.0000
vn 0.0023 0.0005 1.0000
vn 0.0022 0.0005 1.0000
vn 0.0015 0.0017 1.0000
vn 0.0018 0.0016 1.0000
vn 0.0011 0.0025 1.0000
vn 0.0010 0.0025 1.0000
vn -0.0006 0.0039 1.0000
vn 0.0003 0.0038 1.0000
vn -0.0004 0.0033 1.0000
vn -0.0019 0.0032 1.0000
vn -0.0021 0.0030 1.0000
vn -0.0046 0.0022 1.0000
vn -0.0039 0.0032 1.0000
vn -0.0039 0.0020 1.0000
vn -0.0046 0.0005 1.0000
vn -0.0044 -0.0000 1.0000
vn -0.0046 -0.0005 1.0000
vn -0.0039 -0.0020 1.0000
vn -0.0039 -0.0032 1.0000
vn -0.0046 -0.0022 1.0000
vn -0.0021 -0.0030 1.0000
vn -0.0019 -0.0032 1.0000
vn -0.0004 -0.0034 1.0000
vn 0.0003 -0.0038 1.0000
vn -0.0007 -0.0039 1.0000
vn 0.0010 -0.0025 1.0000
vn 0.0011 -0.0025 1.0000
vn 0.0018 -0.0016 1.0000
vn 0.0015 -0.0017 1.0000
vn 0.0022 -0.0005 1.0000
vn -0.0001 0.0001 -1.0000
vn -0.0000 0.0001 -1.0000
vn -0.0019 0.0043 -1.0000
vn -0.0020 -0.0078 -1.0000
vn -0.0000 -0.0004 -1.0000
vn -0.0009 -0.0025 1.0000
vn 0.0004 -0.0034 1.0000
vn 0.0020 0.0031 1.0000
vn -0.0002 -0.0001 -1.0000
vn -0.0003 0.0015 -1.0000
vn -0.4285 -0.9010 -0.0675
vn -0.4269 -0.9017 -0.0692
vn -0.3926 -0.9061 -0.1577
vn -0.3107 -0.9501 -0.0266
vn -0.2905 -0.9568 -0.0064
vn -0.2574 -0.9557 -0.1425
vn -0.1781 -0.9838 0.0187
vn -0.1219 -0.9807 -0.1527
vn -0.0745 -0.9971 -0.0124
vn -0.0093 -0.9985 -0.0543
vn -0.0093 -0.9985 -0.0538
vn -0.4988 -0.8655 -0.0452
vn -0.5047 -0.8616 -0.0541
vn -0.5741 -0.8172 -0.0503
vn -0.5689 -0.8214 -0.0398
vn -0.6185 -0.7837 -0.0575
vn -0.6223 -0.7813 -0.0481
vn 0.6029 -0.7955 -0.0608
vn 0.6284 -0.7736 -0.0816
vn 0.6508 -0.7587 -0.0290
vn 0.7051 -0.7051 -0.0746
vn 0.7242 -0.6890 -0.0272
vn 0.7707 -0.6326 -0.0761
vn 0.7894 -0.6133 -0.0278
vn 0.7905 -0.6122 -0.0171
vn 0.8210 -0.5678 -0.0600
vn 0.8489 -0.5265 0.0474
vn 0.8982 0.4385 0.0328
vn 0.8478 0.5143 -0.1296
vn 0.8477 0.5288 0.0419
vn 0.8222 0.5664 -0.0561
vn 0.7044 0.7035 0.0951
vn 0.7905 0.6122 -0.0175
vn 0.7748 0.6270 -0.0807
vn 0.7242 0.6890 -0.0272
vn 0.7051 0.7051 -0.0746
vn 0.6508 0.7587 -0.0290
vn 0.6284 0.7736 -0.0817
vn 0.6037 0.7948 -0.0615
vn 0.7748 0.6277 -0.0757
vn 0.5876 0.8087 -0.0262
vn 0.5669 0.8154 0.1173
vn 0.5028 0.8281 -0.2480
vn 0.4801 0.8661 0.1391
vn 0.4165 0.8777 -0.2368
vn 0.3900 0.9103 0.1385
vn 0.3258 0.9152 -0.2374
vn 0.2958 0.9450 0.1396
vn 0.2317 0.9434 -0.2371
vn 0.1987 0.9700 0.1401
vn 0.1342 0.9608 -0.2427
vn 0.0997 0.9884 0.1143
vn 0.0673 0.9968 -0.0430
vn 0.0596 0.9969 -0.0516
vn 0.0341 0.9976 -0.0604
vn -0.0008 0.9999 -0.0161
vn -0.0342 0.9976 -0.0601
vn -0.0627 0.9967 -0.0508
vn -0.0615 0.9968 -0.0515
vn -0.1018 0.9915 0.0810
vn -0.1316 0.9683 -0.2121
vn -0.2007 0.9721 0.1216
vn -0.2255 0.9559 -0.1880
vn -0.2989 0.9493 0.0977
vn -0.3166 0.9345 -0.1627
vn -0.3944 0.9163 0.0694
vn -0.4058 0.9044 -0.1317
vn -0.4843 0.8744 0.0292
vn -0.4961 0.8595 -0.1232
vn -0.5551 0.8318 -0.0054
vn -0.5698 0.8204 -0.0470
vn -0.5852 0.8092 -0.0514
vn -0.6057 0.7950 -0.0341
vn 0.5674 -0.8162 0.1091
vn 0.5896 -0.8070 -0.0337
vn 0.4801 -0.8661 0.1391
vn 0.5026 -0.8270 -0.2521
vn 0.4165 -0.8777 -0.2368
vn 0.3900 -0.9103 0.1385
vn 0.3258 -0.9152 -0.2374
vn 0.2958 -0.9450 0.1396
vn 0.2317 -0.9434 -0.2372
vn 0.1987 -0.9700 0.1401
vn 0.1339 -0.9605 -0.2441
vn 0.1000 -0.9914 0.0842
vn 0.0608 -0.9968 -0.0509
vn 0.0611 -0.9968 -0.0507
vn 0.0343 -0.9976 -0.0606
vn -0.0008 -0.9999 -0.0161
vn -0.0341 -0.9976 -0.0599
vn -0.0607 -0.9968 -0.0519
vn -0.0681 -0.9967 -0.0442
vn -0.1015 -0.9885 0.1119
vn -0.1321 -0.9687 -0.2099
vn -0.2007 -0.9721 0.1216
vn -0.2255 -0.9559 -0.1880
vn -0.2989 -0.9493 0.0977
vn -0.3166 -0.9345 -0.1627
vn -0.3944 -0.9163 0.0694
vn -0.4058 -0.9044 -0.1317
vn -0.4843 -0.8744 0.0292
vn -0.4960 -0.8601 -0.1197
vn -0.5553 -0.8316 -0.0043
vn -0.5694 -0.8207 -0.0463
vn -0.5854 -0.8092 -0.0509
vn -0.6056 -0.7951 -0.0340
vn -0.6223 0.7813 -0.0481
vn -0.6185 0.7837 -0.0575
vn -0.5689 0.8214 -0.0398
vn -0.5741 0.8172 -0.0503
vn -0.5047 0.8616 -0.0541
vn -0.4990 0.8654 -0.0454
vn -0.4263 0.9020 -0.0689
vn -0.4039 0.9098 -0.0949
vn -0.3932 0.9075 -0.1476
vn -0.2928 0.9562 0.0026
vn -0.2574 0.9556 -0.1436
vn -0.1784 0.9838 0.0182
vn -0.1179 0.9793 -0.1643
vn -0.0723 0.9974 0.0034
vn -0.0194 0.9944 -0.1036
vn 0.0037 0.0174 0.9998
vn 0.0017 -0.0115 0.9999
vn -0.0241 0.0198 0.9995
vn 0.0042 0.0026 1.0000
vn -0.0047 -0.0106 0.9999
vn -0.0072 -0.0011 1.0000
vn -0.0004 0.0015 1.0000
vn 0.0004 0.0004 1.0000
vn 0.0015 0.0004 1.0000
vn 0.0004 -0.0004 1.0000
vn -0.0015 0.0102 0.9999
vn 0.0015 0.0081 1.0000
vn 0.0042 0.0078 1.0000
vn 0.0289 0.0145 0.9995
vn -0.0009 0.8291 0.5591
vn 0.0017 0.6964 0.7177
vn 0.0059 0.6703 0.7421
vn -0.0021 0.5401 0.8416
vn 0.0058 0.4151 0.9098
vn -0.0001 0.3631 0.9317
vn 0.0064 0.8682 0.4962
vn -0.0031 0.9301 0.3672
vn 0.0051 0.9788 0.2047
vn -0.0001 0.9871 0.1599
vn 0.0015 -0.6964 0.7177
vn -0.0013 -0.8291 0.5591
vn 0.0063 -0.8688 0.4951
vn -0.0031 -0.9301 0.3672
vn 0.0051 -0.9789 0.2045
vn -0.0000 -0.9871 0.1599
vn 0.0054 -0.6724 0.7401
vn -0.0027 -0.5401 0.8416
vn 0.0056 -0.4129 0.9108
vn -0.0000 -0.3631 0.9317
vn -0.0021 0.9998 -0.0196
vn 0.0030 -0.9851 0.1722
vn -0.0042 -0.9856 0.1690
vn 0.0069 -0.9890 0.1478
vn 0.0015 -0.9815 0.1912
vn 0.0036 -0.9814 0.1920
vn -0.0024 -0.9775 0.2108
vn -0.0134 -0.9779 0.2084
vn 0.0143 -0.9895 0.1441
vn -0.0036 -0.9919 0.1269
vn 0.0101 -0.9942 0.1075
vn 0.0079 -0.9943 0.1064
vn -0.0031 -0.9964 0.0851
vn 0.0001 -0.9981 0.0616
vn 0.0106 -0.9974 0.0707
vn -0.0150 0.9768 0.2136
vn 0.0016 0.9780 0.2085
vn 0.0012 0.9809 0.1943
vn 0.0057 0.9814 0.1920
vn -0.0021 0.9839 0.1785
vn 0.0065 0.9850 0.1722
vn -0.0038 0.9869 0.1615
vn 0.0146 0.9894 0.1441
vn 0.0076 0.9900 0.1408
vn -0.0009 0.9924 0.1234
vn 0.0106 0.9942 0.1075
vn 0.0072 0.9944 0.1057
vn -0.0028 0.9965 0.0839
vn 0.0093 0.9975 0.0707
vn -0.0000 0.9982 0.0599
vn 0.0001 0.9996 -0.0283
vn 0.0001 0.2355 0.9719
vn -0.0029 0.2309 0.9730
vn 0.0027 0.1682 0.9857
vn -0.0048 0.1547 0.9880
vn 0.0035 0.0995 0.9950
vn -0.0062 0.0775 0.9970
vn 0.0049 0.0324 0.9995
vn -0.0064 -0.0000 1.0000
vn 0.0049 -0.0360 0.9993
vn -0.0064 -0.0775 0.9970
vn 0.0043 -0.1027 0.9947
vn -0.0050 -0.1547 0.9880
vn 0.0026 -0.1687 0.9857
vn -0.0029 -0.2309 0.9730
vn 0.0001 -0.2355 0.9719
vn -0.0018 -0.9788 0.2047
vn -0.0073 -0.9734 0.2290
vn -0.0590 -0.9885 0.1396
vn -0.1319 -0.9599 0.2474
vn -0.0611 -0.9755 0.2113
vn -0.0570 -0.8720 0.4861
vn -0.0041 -0.6734 0.7393
vn -0.0038 -0.4127 0.9108
vn -0.0084 -0.4378 0.8990
vn -0.0228 -0.3934 0.9191
vn -0.0567 -0.4310 0.9006
vn -0.0904 -0.6532 0.7517
vn -0.1409 -0.6431 0.7527
vn -0.1876 -0.8334 0.5199
vn -0.2558 -0.8139 0.5216
vn -0.2959 -0.9235 0.2441
vn -0.3880 -0.8862 0.2531
vn -0.4004 -0.8653 0.3015
vn -0.4943 -0.8362 0.2376
vn -0.4253 -0.7529 0.5023
vn -0.4267 -0.7470 0.5098
vn -0.3237 -0.7750 0.5428
vn -0.3341 -0.7799 0.5293
vn -0.2501 -0.8122 0.5270
vn -0.1434 -0.9643 0.2227
vn -0.2212 -0.9468 0.2338
vn -0.2544 -0.9221 0.2917
vn -0.4964 -0.8247 0.2710
vn -0.3162 -0.6449 0.6958
vn -0.2517 -0.6156 0.7468
vn -0.2615 -0.5897 0.7641
vn 0.3900 0.1053 0.9148
vn -0.1021 -0.3807 0.9190
vn -0.0743 -0.3831 0.9207
vn -0.0539 -0.4244 0.9038
vn -0.0039 -0.6724 0.7401
vn -0.0039 -0.8688 0.4952
vn -0.0016 -0.8752 0.4838
vn -0.1924 -0.8353 0.5150
vn -0.1231 -0.8491 0.5136
vn -0.1266 -0.8523 0.5076
vn -0.0521 -0.8630 0.5024
vn -0.0221 -0.9448 0.3269
vn -0.0214 -0.8616 0.5071
vn -0.1802 -0.6214 0.7625
vn -0.1867 -0.6249 0.7580
vn -0.1355 -0.6395 0.7568
vn -0.0942 -0.6582 0.7470
vn -0.0401 -0.6651 0.7457
vn -0.0410 -0.6674 0.7436
vn -0.0077 0.4161 0.9093
vn -0.0062 0.4303 0.9026
vn -0.0248 0.3991 0.9166
vn -0.0429 0.6648 0.7458
vn -0.0867 0.6605 0.7458
vn -0.1138 0.8564 0.5036
vn -0.1168 0.8502 0.5134
vn -0.1321 0.9665 0.2201
vn -0.1327 0.9660 0.2218
vn -0.2091 0.9498 0.2328
vn -0.2542 0.9240 0.2858
vn -0.2826 0.9280 0.2429
vn -0.3832 0.8883 0.2532
vn -0.3308 0.7815 0.5289
vn -0.3252 0.7795 0.5354
vn -0.2512 0.6156 0.7469
vn -0.3174 0.6453 0.6949
vn -0.0526 0.4214 0.9054
vn -0.0516 0.4186 0.9067
vn -0.0922 0.3720 0.9236
vn 0.3654 -0.0758 0.9278
vn -0.2608 0.5901 0.7640
vn -0.4296 0.7558 0.4941
vn -0.4052 0.7837 0.4707
vn -0.4236 0.8241 0.3761
vn -0.4982 0.8277 0.2584
vn -0.4987 0.8206 0.2792
vn -0.4069 0.8776 0.2537
vn -0.0646 0.9734 0.2198
vn -0.0590 0.9704 0.2340
vn -0.0147 0.9807 0.1952
vn -0.0151 0.8660 0.4998
vn -0.0093 0.8791 0.4766
vn -0.0082 0.6712 0.7412
vn -0.0074 0.9747 0.2235
vn 0.0009 0.9788 0.2047
vn 0.0020 0.8678 0.4969
vn -0.1686 0.6255 0.7618
vn -0.1818 0.6380 0.7483
vn -0.1309 0.6350 0.7614
vn -0.0885 0.6634 0.7430
vn -0.0080 0.6703 0.7421
vn -0.0444 0.6672 0.7436
vn -0.0565 0.8621 0.5035
vn -0.4115 0.7359 0.5377
vn -0.2392 0.8161 0.5261
vn -0.2446 0.8187 0.5194
vn -0.1775 0.8366 0.5183
vn -0.1821 0.8376 0.5150
vn -0.0589 0.8648 0.4986
vn -0.0160 0.9768 0.2137
vn 0.0006 0.9965 0.0833
vn -0.0133 0.9956 0.0924
vn -0.0447 0.9944 0.0957
vn -0.0683 0.9919 0.1072
vn -0.0963 0.9893 0.1100
vn -0.1362 0.9829 0.1241
vn -0.1608 0.9789 0.1258
vn -0.2086 0.9669 0.1470
vn -0.2512 0.9563 0.1495
vn 0.0010 0.9982 0.0600
vn -0.0070 0.9986 0.0523
vn -0.0586 0.9962 0.0643
vn -0.0334 0.9971 0.0681
vn -0.0330 0.9967 0.0746
vn -0.1344 0.9866 0.0920
vn -0.1419 0.9860 0.0877
vn -0.0778 0.9940 0.0772
vn -0.0788 0.9932 0.0862
vn -0.2598 0.9597 0.1071
vn -0.2593 0.9582 0.1213
vn -0.2756 0.9519 0.1337
vn -0.2749 0.9502 0.1471
vn -0.2948 0.9432 0.1532
vn -0.3431 0.9252 0.1623
vn -0.3748 0.9125 0.1641
vn -0.3773 0.9115 0.1639
vn -0.4145 0.8938 0.1712
vn -0.4409 0.8810 0.1716
vn -0.4629 0.8683 0.1784
vn -0.4849 0.8552 0.1830
vn -0.5005 0.8460 0.1836
vn -0.5102 0.8390 0.1891
vn -0.2664 0.9583 0.1035
vn -0.3689 0.9220 0.1175
vn -0.3677 0.9197 0.1375
vn -0.3788 0.9145 0.1419
vn -0.4216 0.9006 0.1054
vn -0.4362 0.8926 0.1145
vn -0.4348 0.8890 0.1435
vn -0.4425 0.8846 0.1472
vn -0.5138 0.8502 0.1148
vn -0.5024 0.8557 0.1243
vn -0.5341 0.8347 0.1345
vn -0.5180 0.8419 0.1512
vn -0.5038 0.8505 0.1511
vn -0.5227 0.8328 0.1825
vn -0.5240 0.8128 0.2544
vn -0.5195 0.8168 0.2508
vn -0.5186 0.8253 0.2235
vn -0.5234 0.8213 0.2270
vn -0.5116 0.8348 0.2033
vn -0.5175 0.8132 0.2662
vn -0.5256 0.8037 0.2789
vn -0.5281 0.8027 0.2771
vn -0.5198 0.8027 0.2925
vn -0.5216 0.8001 0.2961
vn -0.5232 0.7994 0.2953
vn -0.5317 0.7884 0.3093
vn -0.5247 0.7937 0.3077
vn -0.5281 0.7924 0.3052
vn -0.5481 0.7775 0.3083
vn -0.5775 0.7607 0.2963
vn -0.5885 0.7448 0.3146
vn -0.5892 0.7539 0.2906
vn -0.5840 0.7557 0.2964
vn -0.5872 0.7448 0.3170
vn -0.5586 0.7848 0.2684
vn -0.5602 0.7843 0.2665
vn -0.5057 0.8201 0.2678
vn -0.4832 0.8288 0.2821
vn -0.4843 0.8278 0.2831
vn -0.4517 0.8514 0.2666
vn -0.4088 0.8756 0.2573
vn 0.0710 0.9737 0.2164
vn -0.3767 0.8905 0.2550
vn -0.3592 0.8996 0.2485
vn -0.3613 0.9000 0.2439
vn -0.3298 0.9149 0.2329
vn -0.2870 0.9277 0.2387
vn -0.2512 0.9376 0.2403
vn -0.2092 0.9505 0.2295
vn -0.1310 0.9658 0.2236
vn -0.1315 0.9691 0.2086
vn -0.1153 0.9723 0.2035
vn -0.1157 0.9674 0.2251
vn -0.0397 0.9772 0.2088
vn -0.0367 0.9796 0.1973
vn -0.0381 0.9794 0.1981
vn -0.7787 0.6049 0.1662
vn -0.2527 0.9557 0.1510
vn -0.2464 0.9555 0.1623
vn -0.2108 0.9649 0.1563
vn -0.2199 0.9616 0.1643
vn -0.2246 0.9583 0.1768
vn -0.2284 0.9577 0.1751
vn -0.2556 0.9474 0.1924
vn -0.2540 0.9478 0.1929
vn -0.2651 0.9411 0.2099
vn -0.2578 0.9432 0.2095
vn -0.3074 0.9271 0.2146
vn -0.2909 0.9323 0.2149
vn -0.5617 0.8225 -0.0892
vn -0.2876 0.9294 0.2313
vn -0.1859 0.9594 0.2122
vn -0.2097 0.9528 0.2195
vn -0.2567 0.9406 0.2221
vn -0.0280 0.9834 0.1795
vn -0.0350 0.9841 0.1739
vn -0.0216 0.9862 0.1640
vn -0.0280 0.9878 0.1535
vn -0.0128 0.9899 0.1411
vn -0.0195 0.9912 0.1306
vn -0.0134 0.9921 0.1247
vn -0.0149 0.9933 0.1146
vn -0.0073 0.9941 0.1079
vn -0.1164 0.9758 0.1850
vn -0.0885 0.9800 0.1782
vn -0.0889 0.9826 0.1631
vn -0.0715 0.9850 0.1571
vn -0.0720 0.9875 0.1403
vn -0.3299 0.9154 0.2304
vn -0.1862 0.9627 0.1965
vn -0.1457 0.9715 0.1871
vn -0.1461 0.9738 0.1743
vn -0.1207 0.9788 0.1657
vn -0.1207 0.9810 0.1521
vn -0.0896 0.9862 0.1395
vn -0.0897 0.9871 0.1327
vn -0.0682 0.9906 0.1190
vn -0.2046 0.9587 0.1976
vn -0.2051 0.9607 0.1872
vn -0.2392 0.9523 0.1897
vn -0.2324 0.9534 0.1922
vn -0.1727 0.9690 0.1764
vn -0.1728 0.9717 0.1611
vn -0.2161 0.9607 0.1743
vn -0.1691 0.9723 0.1613
vn -0.1363 0.9812 0.1365
vn -0.1685 0.9739 0.1520
vn -0.2082 0.9658 0.1547
vn -0.0063 0.9973 0.0730
vn -0.0447 0.9954 0.0849
vn -0.1612 0.9801 0.1158
vn -0.1416 0.9849 0.0998
vn -0.0966 0.9906 0.0968
vn -0.5004 0.8531 0.1474
vn -0.5245 -0.7939 0.3077
vn -0.5296 -0.7917 0.3045
vn -0.5280 -0.7922 0.3061
vn -0.5221 -0.7999 0.2959
vn -0.5173 -0.8022 0.2981
vn -0.5264 -0.8033 0.2785
vn -0.5192 -0.8062 0.2838
vn -0.5184 -0.8124 0.2671
vn -0.5231 -0.8136 0.2539
vn -0.5201 -0.8161 0.2519
vn -0.5179 -0.8258 0.2232
vn -0.5233 -0.8214 0.2270
vn -0.5118 -0.8343 0.2047
vn -0.4934 -0.8502 0.1838
vn -0.4357 -0.8881 0.1465
vn -0.4372 -0.8920 0.1150
vn -0.4221 -0.9004 0.1055
vn -0.4996 -0.8442 0.1941
vn -0.5040 -0.8509 0.1480
vn -0.5229 -0.8328 0.1818
vn -0.5178 -0.8420 0.1512
vn -0.5006 -0.8524 0.1511
vn -0.5029 -0.8554 0.1239
vn -0.5339 -0.8348 0.1343
vn -0.5139 -0.8501 0.1148
vn -0.3689 -0.9220 0.1176
vn -0.2667 -0.9582 0.1033
vn -0.2599 -0.9597 0.1071
vn -0.1347 -0.9866 0.0919
vn -0.0587 -0.9962 0.0642
vn -0.0790 -0.9939 0.0775
vn -0.1419 -0.9860 0.0878
vn -0.1412 -0.9833 0.1146
vn -0.2761 -0.9533 0.1222
vn -0.2747 -0.9496 0.1512
vn -0.3552 -0.9204 0.1633
vn -0.0070 -0.9986 0.0525
vn -0.0360 -0.9970 0.0686
vn -0.0354 -0.9964 0.0776
vn -0.0687 -0.9937 0.0886
vn -0.0683 -0.9915 0.1109
vn -0.1434 -0.9828 0.1165
vn -0.1422 -0.9784 0.1501
vn -0.2082 -0.9658 0.1547
vn -0.2112 -0.9648 0.1566
vn -0.2488 -0.9551 0.1610
vn 0.0014 -0.9981 0.0615
vn -0.0120 -0.9962 0.0857
vn -0.0035 -0.9937 0.1116
vn -0.0108 -0.9940 0.1087
vn -0.0099 -0.9914 0.1305
vn -0.0170 -0.9917 0.1278
vn -0.0181 -0.9882 0.1524
vn -0.0219 -0.9884 0.1506
vn -0.0259 -0.9846 0.1731
vn -0.0344 -0.9848 0.1705
vn -0.0345 -0.9798 0.1970
vn -0.0383 -0.9800 0.1954
vn -0.0386 -0.9772 0.2089
vn -0.0190 -0.9770 0.2125
vn -0.1176 -0.9672 0.2250
vn -0.1310 -0.9658 0.2236
vn -0.1316 -0.9699 0.2047
vn -0.1159 -0.9714 0.2072
vn -0.1171 -0.9766 0.1802
vn -0.0883 -0.9792 0.1829
vn -0.0890 -0.9833 0.1587
vn -0.0630 -0.9846 0.1630
vn -0.0795 -0.9850 0.1533
vn -0.0617 -0.9890 0.1347
vn -0.0505 -0.9893 0.1369
vn -0.0509 -0.9920 0.1157
vn -0.0366 -0.9923 0.1184
vn -0.0370 -0.9947 0.0963
vn -0.2092 -0.9505 0.2295
vn -0.2512 -0.9376 0.2403
vn -0.2870 -0.9277 0.2387
vn -0.3675 -0.8959 0.2496
vn -0.3573 -0.8990 0.2531
vn -0.4664 -0.8479 0.2522
vn -0.3335 -0.9156 0.2244
vn -0.2472 -0.9435 0.2207
vn -0.2486 -0.9480 0.1988
vn -0.1454 -0.9705 0.1924
vn -0.1463 -0.9746 0.1695
vn -0.3760 -0.8906 0.2560
vn -0.4339 -0.8634 0.2576
vn -0.4686 -0.8417 0.2683
vn -0.4829 -0.8289 0.2822
vn -0.5057 -0.8201 0.2678
vn -0.5602 -0.7843 0.2665
vn -0.5587 -0.7847 0.2683
vn -0.5892 -0.7476 0.3065
vn -0.5878 -0.7478 0.3086
vn -0.5777 -0.7610 0.2954
vn -0.3168 -0.9240 0.2142
vn -0.2845 -0.9331 0.2199
vn -0.3762 -0.8969 0.2327
vn -0.2571 -0.9465 0.1950
vn -0.2711 -0.9431 0.1925
vn -0.2754 -0.9395 0.2039
vn -0.2361 -0.9506 0.2017
vn -0.2625 -0.9455 0.1928
vn -0.1830 -0.9650 0.1879
vn -0.2055 -0.9619 0.1805
vn -0.1288 -0.9761 0.1752
vn -0.2227 -0.9591 0.1748
vn -0.2209 -0.9593 0.1758
vn -0.2165 -0.9629 0.1610
vn -0.2489 -0.9575 0.1455
vn -0.2532 -0.9558 0.1496
vn -0.2959 -0.9442 0.1444
vn -0.3915 -0.9054 0.1641
vn -0.3771 -0.9112 0.1657
vn -0.3791 -0.9150 0.1379
vn -0.3675 -0.9192 0.1415
vn -0.4135 -0.8944 0.1705
vn -0.4402 -0.8813 0.1719
vn -0.4536 -0.8735 0.1767
vn -0.7230 -0.6639 0.1912
vn -0.5243 -0.7940 0.3077
vn -0.5568 -0.7714 0.3081
vn -0.5619 -0.8220 -0.0924
vn -0.5091 -0.8408 0.1842
vn -0.4426 -0.8851 0.1436
vn -0.2588 -0.9567 0.1329
vn -0.2094 -0.9693 0.1289
vn -0.1602 -0.9766 0.1438
vn -0.1616 -0.9817 0.1010
vn -0.0996 -0.9876 0.1214
vn -0.1004 -0.9912 0.0865
vn -0.0801 -0.9922 0.0956
vn -0.0395 -0.9940 0.1018
vn -0.0688 -0.9929 0.0969
vn -0.0681 -0.9896 0.1271
vn -0.0900 -0.9883 0.1228
vn -0.0894 -0.9852 0.1465
vn -0.1129 -0.9834 0.1419
vn -0.1123 -0.9803 0.1627
vn -0.1294 -0.9791 0.1572
vn -0.0407 -0.9963 0.0754
vn -0.0009 -0.9960 0.0888
vn -0.0053 -0.9974 0.0725
vn -0.1046 -0.9888 0.1069
vn -0.1037 -0.9850 0.1378
vn -0.1765 -0.9738 0.1432
vn -0.1752 -0.9695 0.1716
vn -0.1325 -0.9823 0.1321
vn -0.1316 -0.9786 0.1583
vn -0.1628 -0.9749 0.1521
vn -0.1619 -0.9711 0.1751
vn -0.1839 -0.9685 0.1679
vn -0.2373 -0.9546 0.1801
vn -0.2109 -0.9591 0.1889
vn -0.2123 -0.9634 0.1640
vn -0.1736 -0.9666 0.1887
vn -0.1910 -0.9591 0.2092
vn -0.2640 -0.9407 0.2132
vn -0.3352 -0.9106 0.2417
vn -0.2042 -0.9572 0.2051
vn -0.2608 -0.9403 0.2187
vn -0.3130 -0.9261 0.2107
vn -0.3108 -0.9200 0.2389
vn -0.1787 -0.9592 0.2191
vn -0.2100 -0.9541 0.2136
vn -0.2881 -0.9309 0.2244
vn -0.2632 -0.9366 0.2314
vn -0.3590 -0.9034 0.2346
vn -0.5876 -0.7408 0.3254
vn -0.6130 -0.7617 0.2100
vn -0.6104 -0.7750 0.1638
vn -0.6061 -0.7736 0.1849
vn -0.5598 -0.8083 0.1825
vn -0.3898 -0.9202 0.0355
vn -0.2589 -0.9653 0.0334
vn -0.2588 -0.9654 0.0332
vn -0.1202 -0.9919 0.0415
vn -0.0252 -0.9991 0.0333
vn -0.0055 -0.9879 0.1548
vn -0.0106 -0.9998 -0.0179
vn -0.1065 -0.9873 0.1180
vn -0.3953 -0.9156 0.0735
vn -0.5052 -0.8630 -0.0011
vn -0.5061 -0.8624 -0.0073
vn -0.5771 -0.8143 0.0630
vn -0.5905 -0.7823 0.1984
vn -0.5907 -0.7792 0.2094
vn -0.5477 -0.8268 0.1281
vn -0.5491 -0.8112 0.2011
vn -0.4768 0.8693 0.1306
vn -0.3920 0.9107 0.1305
vn -0.4768 0.8692 0.1308
vn -0.3919 0.9107 0.1303
vn -0.2977 0.9457 0.1303
vn -0.2977 0.9457 0.1307
vn -0.2005 0.9709 0.1307
vn -0.2005 0.9710 0.1302
vn -0.1011 0.9863 0.1302
vn -0.1012 0.9862 0.1309
vn -0.0006 0.9915 0.1298
vn -0.0008 0.9914 0.1305
vn 0.0995 0.9864 0.1305
vn 0.0995 0.9864 0.1307
vn 0.1988 0.9713 0.1307
vn 0.1989 0.9713 0.1302
vn 0.2962 0.9462 0.1302
vn 0.2962 0.9462 0.1301
vn 0.3905 0.9114 0.1301
vn 0.3904 0.9113 0.1305
vn 0.4807 0.8671 0.1305
vn 0.4807 0.8671 0.1304
vn 0.5659 0.8141 0.1304
vn 0.6455 0.7525 0.1304
vn 0.6455 0.7526 0.1306
vn 0.7183 0.6834 0.1305
vn 0.7838 0.6071 0.1305
vn 0.8412 0.5247 0.1305
vn 0.8413 0.5247 0.1302
vn 0.8901 0.4368 0.1302
vn 0.8950 0.4339 0.1030
vn 0.9302 0.3448 0.1258
vn 0.9342 0.3411 0.1045
vn 0.9607 0.2489 0.1227
vn 0.9635 0.2458 0.1062
vn 0.9813 0.1505 0.1198
vn 0.9831 0.1481 0.1080
vn 0.9919 0.0503 0.1170
vn 0.9931 0.0482 0.1074
vn 0.9928 -0.0489 0.1092
vn 0.9920 -0.0503 0.1156
vn 0.9827 -0.1488 0.1106
vn 0.9814 -0.1505 0.1188
vn 0.9630 -0.2465 0.1089
vn 0.9608 -0.2489 0.1221
vn 0.9336 -0.3418 0.1074
vn 0.9303 -0.3448 0.1255
vn 0.8948 -0.4336 0.1064
vn 0.8903 -0.4369 0.1284
vn 0.8462 -0.5225 0.1042
vn 0.8412 -0.5247 0.1305
vn 0.7838 -0.6071 0.1305
vn 0.7183 -0.6834 0.1305
vn 0.6455 -0.7526 0.1306
vn 0.6455 -0.7525 0.1304
vn 0.5659 -0.8141 0.1304
vn 0.4807 -0.8671 0.1304
vn 0.4807 -0.8671 0.1305
vn 0.3904 -0.9113 0.1305
vn 0.3905 -0.9114 0.1301
vn 0.2962 -0.9462 0.1301
vn 0.2962 -0.9462 0.1302
vn 0.1989 -0.9713 0.1302
vn 0.1988 -0.9713 0.1307
vn 0.0995 -0.9864 0.1307
vn 0.0990 -0.9862 0.1330
vn -0.0008 -0.9916 0.1293
vn -0.0010 -0.9914 0.1305
vn -0.1013 -0.9863 0.1305
vn -0.1012 -0.9863 0.1302
vn -0.2005 -0.9710 0.1302
vn -0.2005 -0.9709 0.1307
vn -0.2977 -0.9457 0.1307
vn -0.2977 -0.9457 0.1303
vn -0.3919 -0.9107 0.1303
vn -0.3920 -0.9107 0.1305
vn -0.4768 -0.8693 0.1306
vn -0.4768 -0.8694 0.1298
vn -0.5478 0.8271 0.1259
vn -0.5493 0.8110 0.2013
vn -0.5904 0.7825 0.1979
vn -0.5907 0.7793 0.2094
vn -0.0191 0.9985 0.0520
vn -0.0043 0.9995 -0.0320
vn -0.0159 0.9755 0.2192
vn -0.2589 0.9653 0.0332
vn -0.2589 0.9653 0.0330
vn -0.3902 0.9200 0.0357
vn -0.3953 0.9158 0.0713
vn -0.5052 0.8630 0.0014
vn -0.5064 0.8623 -0.0070
vn -0.5771 0.8143 0.0630
vn -0.5876 0.7408 0.3255
vn -0.6130 0.7616 0.2100
vn -0.6104 0.7750 0.1639
vn -0.6061 0.7735 0.1852
vn -0.5599 0.8083 0.1820
vn -0.1203 0.9919 0.0414
vn -0.1182 0.9916 0.0531
vn -0.0089 -0.2350 0.9720
vn -0.0051 -0.2461 0.9692
vn -0.0169 -0.2638 0.9644
vn -0.0252 -0.2377 0.9710
vn -0.0086 -0.1905 0.9816
vn -0.0074 -0.1947 0.9808
vn -0.0037 -0.1585 0.9874
vn -0.0048 -0.1024 0.9947
vn 0.0001 -0.0580 0.9983
vn -0.0044 -0.1609 0.9870
vn -0.0012 -0.1263 0.9920
vn -0.0017 -0.0913 0.9958
vn 0.0002 -0.0166 0.9999
vn -0.0001 0.0127 0.9999
vn 0.0010 0.0586 0.9983
vn -0.0056 0.1609 0.9869
vn -0.0076 0.1906 0.9816
vn -0.0106 0.1981 0.9801
vn -0.0120 0.2248 0.9743
vn -0.0129 0.2211 0.9752
vn -0.0154 0.2657 0.9639
vn -0.0248 0.2377 0.9710
vn -0.0049 0.2492 0.9684
vn -0.0087 0.2350 0.9720
vn -0.0076 0.1677 0.9858
vn -0.0011 0.1953 0.9807
vn -0.0052 0.2269 0.9739
vn -0.0050 0.1627 0.9867
vn -0.0051 0.0319 0.9995
vn -0.0047 -0.0352 0.9994
vn -0.0100 -0.1684 0.9857
vn -0.0013 -0.1883 0.9821
vn -0.0115 -0.2185 0.9758
vn -0.0034 -0.2211 0.9752
vn -0.0036 0.0993 0.9950
vn -0.0044 0.0968 0.9953
vn -0.0123 -0.2204 0.9753
vn -0.0008 0.1304 0.9915
vn -0.1899 -0.4171 0.8888
vn -0.3380 -0.5905 0.7328
vn -0.3342 -0.5896 0.7353
vn -0.2904 -0.6259 0.7238
vn -0.4761 -0.7150 0.5121
vn -0.5888 -0.7218 0.3638
vn -0.5439 -0.7765 0.3180
vn -0.5707 -0.7938 0.2103
vn -0.5423 -0.8176 0.1934
vn -0.5791 -0.7919 0.1935
vn 0.2039 0.6499 -0.7322
vn -0.4694 -0.8296 0.3024
vn -0.6520 -0.7250 0.2218
vn -0.6984 -0.6721 0.2459
vn -0.6761 -0.6829 0.2767
vn -0.7330 -0.6340 0.2465
vn -0.5008 -0.5783 0.6440
vn -0.7287 -0.6262 0.2772
vn -0.5213 -0.6000 0.6069
vn -0.5181 -0.7773 0.3569
vn -0.4704 -0.6645 0.5807
vn -0.5249 -0.6581 0.5398
vn -0.1651 -0.3234 0.9317
vn -0.2310 -0.3462 0.9093
vn -0.4242 -0.4645 0.7773
vn -0.5574 -0.4999 0.6629
vn -0.6474 -0.5520 0.5255
vn -0.7756 -0.5595 0.2923
vn -0.7921 -0.5688 0.2214
vn -0.8292 -0.5067 0.2360
vn -0.8349 -0.5035 0.2223
vn -0.6835 -0.4919 0.5394
vn -0.6856 -0.4917 0.5368
vn -0.4519 -0.4183 0.7879
vn -0.4461 -0.4175 0.7917
vn -0.1696 -0.2959 0.9400
vn -0.1615 -0.2939 0.9421
vn -0.1740 -0.2592 0.9500
vn -0.1630 -0.2571 0.9526
vn -0.1777 -0.2177 0.9597
vn -0.1655 -0.2162 0.9622
vn -0.1804 -0.1723 0.9684
vn -0.1773 -0.1721 0.9690
vn -0.1771 -0.1240 0.9764
vn -0.1709 -0.1241 0.9774
vn -0.1853 -0.0761 0.9797
vn -0.1785 -0.0767 0.9809
vn -0.1826 -0.0259 0.9828
vn -0.1815 -0.0261 0.9830
vn -0.1816 0.0224 0.9831
vn -0.1694 0.0244 0.9852
vn -0.1909 0.0758 0.9787
vn -0.5286 0.1080 0.8420
vn -0.5178 0.1776 0.8368
vn -0.7937 0.2072 0.5720
vn -0.7750 0.2863 0.5633
vn -0.9308 0.2856 0.2281
vn -0.9276 0.2881 0.2376
vn -0.8670 -0.4387 0.2364
vn -0.8717 -0.4357 0.2243
vn -0.7165 -0.4297 0.5495
vn -0.7192 -0.4294 0.5462
vn -0.4716 -0.3663 0.8021
vn -0.4666 -0.3659 0.8052
vn -0.8997 -0.3661 0.2377
vn -0.9039 -0.3631 0.2262
vn -0.7469 -0.3613 0.5583
vn -0.7494 -0.3608 0.5552
vn -0.4899 -0.3084 0.8154
vn -0.4860 -0.3084 0.8177
vn -0.9271 -0.2896 0.2380
vn -0.9310 -0.2865 0.2261
vn -0.7729 -0.2872 0.5658
vn -0.7748 -0.2868 0.5635
vn -0.5061 -0.2456 0.8267
vn -0.5037 -0.2457 0.8282
vn -0.9488 -0.2093 0.2365
vn -0.9511 -0.2074 0.2288
vn -0.7932 -0.2090 0.5720
vn -0.7955 -0.2084 0.5691
vn -0.5195 -0.1787 0.8356
vn -0.5172 -0.1789 0.8369
vn -0.9631 -0.1273 0.2370
vn -0.9647 -0.1259 0.2312
vn -0.8082 -0.1273 0.5750
vn -0.8086 -0.1272 0.5744
vn -0.5282 -0.1091 0.8421
vn -0.5274 -0.1093 0.8425
vn -0.9709 -0.0433 0.2354
vn -0.9713 -0.0430 0.2340
vn -0.8152 -0.0436 0.5776
vn -0.8160 -0.0433 0.5764
vn -0.5331 -0.0372 0.8452
vn -0.5323 -0.0374 0.8457
vn -0.9713 0.0412 0.2342
vn -0.9710 0.0415 0.2356
vn -0.9647 0.1245 0.2322
vn -0.9635 0.1255 0.2366
vn -0.9511 0.2062 0.2299
vn -0.9488 0.2082 0.2376
vn -0.9043 0.3621 0.2259
vn -0.9000 0.3652 0.2379
vn -0.8721 0.4347 0.2247
vn -0.8670 0.4379 0.2378
vn -0.8346 0.5034 0.2236
vn -0.8292 0.5064 0.2366
vn -0.7920 0.5687 0.2220
vn -0.7755 0.5594 0.2926
vn -0.6475 0.5519 0.5255
vn -0.6840 0.4910 0.5394
vn -0.4465 0.4160 0.7922
vn -0.4711 0.3665 0.8023
vn -0.1621 0.2538 0.9536
vn -0.1768 0.2218 0.9589
vn -0.5577 0.5000 0.6626
vn -0.4252 0.4648 0.7766
vn -0.4521 0.4198 0.7870
vn -0.1595 0.2911 0.9433
vn -0.1740 0.2615 0.9494
vn -0.2314 0.3462 0.9092
vn -0.1657 0.3236 0.9316
vn -0.1640 0.2945 0.9415
vn -0.1579 0.2105 0.9648
vn -0.4899 0.3084 0.8154
vn -0.4871 0.3069 0.8177
vn -0.7473 0.3595 0.5588
vn -0.7496 0.3607 0.5550
vn -0.1895 0.1799 0.9653
vn -0.1649 0.1678 0.9719
vn -0.5066 0.2454 0.8265
vn -0.5040 0.2442 0.8284
vn -0.7735 0.2856 0.5658
vn -0.1905 0.1341 0.9725
vn -0.1586 0.1199 0.9800
vn -0.5196 0.1783 0.8356
vn -0.2100 0.0810 0.9743
vn -0.5329 0.0359 0.8454
vn -0.5323 0.0357 0.8458
vn -0.8156 0.0416 0.5772
vn -0.8161 0.0418 0.5764
vn -0.4673 0.3642 0.8056
vn -0.5274 0.1076 0.8428
vn -0.8081 0.1255 0.5755
vn -0.7953 0.2079 0.5695
vn -0.8091 0.1259 0.5741
vn -0.7191 0.4291 0.5465
vn -0.7178 0.4283 0.5489
vn -0.6860 0.4922 0.5358
vn -0.7284 0.6265 0.2773
vn -0.7348 0.6381 0.2302
vn -0.4963 0.5845 0.6419
vn -0.5244 0.6089 0.5952
vn -0.1874 0.4233 0.8864
vn -0.3615 0.6067 0.7080
vn -0.2419 0.5869 0.7727
vn -0.5543 0.7350 0.3906
vn -0.5047 0.7684 0.3935
vn -0.6196 0.7639 0.1803
vn -0.5495 0.7825 0.2928
vn -0.6754 0.6756 0.2955
vn -0.6671 0.7185 0.1968
vn -0.6668 0.7185 0.1978
vn -0.4765 0.6975 0.5352
vn -0.5015 0.8282 0.2502
vn -0.5674 0.7953 0.2134
vn -0.5931 0.7890 0.1600
vn 0.4227 -0.9061 0.0176
vn -0.9061 0.4227 0.0176
vn 0.5227 -0.8523 0.0175
vn 0.5424 -0.8399 0.0220
vn 0.6923 -0.7214 0.0149
vn 0.7495 -0.6616 0.0221
vn 0.8244 -0.5658 0.0153
vn 0.9008 -0.4337 0.0206
vn 0.9221 -0.3865 0.0170
vn 0.9798 -0.1990 0.0178
vn 0.9846 -0.1738 0.0192
vn 0.9998 -0.0079 0.0165
vn 0.9948 0.0995 0.0197
vn 0.9749 0.2219 0.0161
vn 0.9306 0.3654 0.0194
vn 0.9091 0.4163 0.0178
vn 0.8402 0.5420 0.0176
vn 0.7969 0.6038 0.0192
vn 0.7595 0.6503 0.0177
vn 0.6830 0.7303 0.0172
vn 0.6038 0.7969 0.0191
vn 0.5794 0.8149 0.0182
vn 0.4329 0.9013 0.0172
vn 0.3654 0.9306 0.0192
vn 0.2374 0.9713 0.0160
vn 0.0995 0.9949 0.0195
vn 0.0080 0.9998 0.0166
vn -0.1999 0.9796 0.0202
vn -0.1738 0.9846 0.0182
vn -0.3812 0.9243 0.0169
vn -0.4336 0.9008 0.0210
vn -0.5746 0.8183 0.0160
vn -0.6616 0.7495 0.0220
vn -0.7195 0.6943 0.0149
vn -0.8399 0.5424 0.0218
vn -0.8518 0.5236 0.0175
vn 0.0015 -0.0004 1.0000
vn -0.0197 0.0144 0.9997
vn -0.8523 -0.5227 0.0175
vn -0.8399 -0.5424 0.0220
vn -0.7214 -0.6923 0.0149
vn -0.6616 -0.7495 0.0221
vn -0.5658 -0.8244 0.0153
vn -0.4337 -0.9008 0.0206
vn -0.3865 -0.9221 0.0170
vn -0.1989 -0.9798 0.0178
vn -0.1738 -0.9846 0.0192
vn -0.0079 -0.9998 0.0165
vn 0.0995 -0.9948 0.0197
vn 0.2219 -0.9749 0.0161
vn 0.3654 -0.9306 0.0194
vn 0.4155 -0.9094 0.0179
vn 0.5415 -0.8405 0.0176
vn 0.6038 -0.7969 0.0192
vn 0.6500 -0.7598 0.0177
vn 0.7301 -0.6831 0.0172
vn 0.7969 -0.6038 0.0191
vn 0.8149 -0.5793 0.0182
vn 0.9013 -0.4328 0.0172
vn 0.9306 -0.3654 0.0192
vn 0.9713 -0.2374 0.0160
vn 0.9949 -0.0995 0.0195
vn 0.9998 -0.0080 0.0166
vn 0.9796 0.1999 0.0202
vn 0.9846 0.1738 0.0182
vn 0.9243 0.3812 0.0169
vn 0.9008 0.4336 0.0210
vn 0.8183 0.5746 0.0160
vn 0.7495 0.6616 0.0220
vn 0.6943 0.7195 0.0149
vn 0.5424 0.8399 0.0218
vn 0.5236 0.8518 0.0175
vn 0.4227 0.9061 0.0176
vn -0.9061 -0.4227 0.0176
vn -0.0004 -0.0015 1.0000
vn 0.0144 0.0197 0.9997
vn 0.7983 -0.6020 0.0174
vn -0.9255 0.3785 0.0174
vn -0.9542 0.2983 0.0207
vn -0.9754 0.2196 0.0175
vn -0.9992 0.0366 0.0181
vn -0.9995 0.0249 0.0173
vn -0.9735 -0.2281 0.0173
vn -0.9736 -0.2278 0.0173
vn -0.8790 -0.4765 0.0173
vn -0.7227 -0.6909 0.0173
vn -0.7225 -0.6912 0.0173
vn -0.5149 -0.8570 0.0173
vn -0.5151 -0.8569 0.0173
vn -0.2709 -0.9624 0.0173
vn -0.2708 -0.9625 0.0173
vn -0.0080 -0.9998 0.0173
vn -0.0081 -0.9998 0.0173
vn 0.2558 -0.9666 0.0173
vn 0.2557 -0.9666 0.0173
vn 0.5013 -0.8651 0.0173
vn 0.5060 -0.8624 0.0169
vn 0.7170 -0.6969 0.0180
vn 0.5149 -0.8570 0.0218
vn 0.3904 -0.9205 0.0174
vn 0.2557 -0.9665 0.0218
vn 0.2225 -0.9748 0.0187
vn 0.0767 -0.9969 0.0179
vn -0.0081 -0.9998 0.0206
vn -0.0365 -0.9992 0.0190
vn -0.1978 -0.9801 0.0172
vn -0.2708 -0.9624 0.0202
vn -0.3319 -0.9431 0.0178
vn -0.4346 -0.9005 0.0173
vn -0.5151 -0.8569 0.0201
vn -0.5180 -0.8552 0.0199
vn -0.6030 -0.7976 0.0170
vn -0.6916 -0.7221 0.0185
vn -0.7224 -0.6911 0.0209
vn -0.8083 -0.5885 0.0161
vn -0.8789 -0.4765 0.0213
vn -0.9088 -0.4168 0.0170
vn -0.9679 -0.2505 0.0192
vn -0.9735 -0.2278 0.0225
vn -0.9968 -0.0789 0.0163
vn -0.9987 0.0423 0.0293
vn 0.7115 -0.7025 0.0173
vn -0.9062 0.4226 0.0174
vn 0.0268 -0.0137 0.9995
vn 0.0040 -0.0078 1.0000
vn 0.0014 -0.0081 1.0000
vn 0.0009 -0.0085 1.0000
vn -0.9062 -0.4226 0.0174
vn 0.7226 0.6910 0.0172
vn 0.7114 0.7025 0.0181
vn 0.5013 0.8651 0.0169
vn 0.5065 0.8621 0.0173
vn 0.2558 0.9666 0.0173
vn 0.2555 0.9667 0.0173
vn -0.0080 0.9998 0.0173
vn -0.0078 0.9998 0.0173
vn -0.2709 0.9624 0.0173
vn -0.2708 0.9625 0.0173
vn -0.5150 0.8570 0.0173
vn -0.5150 0.8570 0.0192
vn -0.5944 0.8040 0.0176
vn 0.5177 0.8552 0.0236
vn 0.3751 0.9269 0.0168
vn 0.2555 0.9666 0.0217
vn 0.2279 0.9735 0.0194
vn 0.1023 0.9946 0.0176
vn -0.0276 0.9994 0.0210
vn -0.0078 0.9998 0.0197
vn -0.1712 0.9851 0.0169
vn -0.2708 0.9624 0.0198
vn -0.2937 0.9557 0.0186
vn -0.3940 0.9189 0.0172
vn -0.5154 0.8567 0.0193
vn -0.6780 0.7349 0.0181
vn -0.7224 0.6911 0.0210
vn -0.8111 0.5847 0.0151
vn -0.8790 0.4764 0.0209
vn -0.9037 0.4277 0.0175
vn -0.9666 0.2555 0.0185
vn -0.9734 0.2280 0.0223
vn -0.9962 0.0859 0.0151
vn -0.9988 -0.0401 0.0281
vn -0.9995 -0.0244 0.0182
vn -0.9759 -0.2177 0.0173
vn -0.9542 -0.2983 0.0206
vn -0.9264 -0.3761 0.0174
vn -0.9992 -0.0366 0.0173
vn -0.9735 0.2281 0.0173
vn -0.8790 0.4764 0.0173
vn -0.8790 0.4765 0.0173
vn -0.7227 0.6909 0.0173
vn -0.7225 0.6912 0.0173
vn -0.5149 0.8570 0.0173
vn 0.7986 0.6017 0.0175
vn 0.7885 0.5941 0.1591
vn 0.7670 0.5879 0.2571
vn 0.6895 0.5171 0.5072
vn 0.5820 0.4511 0.6766
vn 0.4795 0.3606 0.8000
vn 0.2865 0.2182 0.9329
vn 0.2695 0.2082 0.9402
vn -0.9231 -0.2886 0.2542
vn -0.9177 -0.2736 0.2882
vn -0.9742 -0.0357 0.2230
vn -0.9489 0.0034 0.3156
vn -0.9542 0.2236 0.1986
vn -0.9011 0.2755 0.3349
vn -0.8647 0.4688 0.1804
vn -0.7793 0.5216 0.3474
vn -0.7124 0.6810 0.1693
vn -0.5934 0.7226 0.3545
vn -0.5078 0.8452 0.1665
vn -0.3594 0.8632 0.3545
vn -0.2671 0.9486 0.1697
vn -0.0947 0.9328 0.3478
vn -0.0079 0.9835 0.1809
vn 0.1798 0.9248 0.3353
vn 0.2507 0.9474 0.1987
vn 0.4425 0.8394 0.3155
vn 0.4887 0.8434 0.2233
vn 0.6724 0.6817 0.2886
vn 0.6880 0.6794 0.2549
vn -0.7090 -0.2114 0.6728
vn -0.7091 -0.2115 0.6726
vn -0.7400 0.0027 0.6726
vn -0.7401 0.0026 0.6725
vn -0.7077 0.2164 0.6726
vn -0.7078 0.2164 0.6725
vn -0.6151 0.4117 0.6724
vn -0.6149 0.4117 0.6727
vn -0.4696 0.5718 0.6727
vn -0.4700 0.5720 0.6723
vn -0.2845 0.6834 0.6723
vn -0.2843 0.6832 0.6726
vn -0.0747 0.7361 0.6727
vn -0.0749 0.7364 0.6723
vn 0.1413 0.7266 0.6724
vn 0.1413 0.7265 0.6724
vn 0.3451 0.6548 0.6724
vn 0.3451 0.6547 0.6725
vn 0.5198 0.5270 0.6724
vn 0.5197 0.5267 0.6727
vn 0.2392 0.2424 0.9402
vn 0.2346 0.2317 0.9441
vn -0.3145 -0.0938 0.9446
vn -0.3257 -0.1018 0.9400
vn -0.3405 0.0012 0.9402
vn -0.3257 0.0996 0.9402
vn -0.3258 0.0996 0.9402
vn -0.2830 0.1895 0.9402
vn -0.2831 0.1895 0.9402
vn -0.2163 0.2632 0.9402
vn -0.2160 0.2630 0.9403
vn -0.1308 0.3143 0.9403
vn -0.1311 0.3146 0.9401
vn -0.0345 0.3391 0.9401
vn -0.0344 0.3389 0.9402
vn 0.0650 0.3344 0.9402
vn 0.1588 0.3013 0.9402
vn 0.1588 0.3012 0.9402
vn -0.1212 -0.0598 0.9908
vn -0.3171 -0.1409 0.9379
vn -0.4155 -0.1939 0.8887
vn -0.6364 -0.2922 0.7139
vn -0.6701 -0.3050 0.6767
vn -0.7725 -0.3620 0.5217
vn -0.8785 -0.4031 0.2564
vn -0.8926 -0.4163 0.1734
vn -0.8974 0.4185 0.1400
vn -0.8794 0.4013 0.2564
vn -0.7743 0.3616 0.5194
vn -0.6692 0.3070 0.6767
vn -0.7293 0.3273 0.6008
vn -0.4226 0.1969 0.8847
vn -0.3113 0.1367 0.9404
vn -0.1041 0.0508 0.9933
vn 0.6880 -0.6794 0.2549
vn 0.6724 -0.6817 0.2886
vn 0.4887 -0.8434 0.2233
vn 0.4425 -0.8394 0.3155
vn 0.2507 -0.9474 0.1987
vn 0.1798 -0.9248 0.3353
vn -0.0079 -0.9835 0.1809
vn -0.0947 -0.9328 0.3478
vn -0.2671 -0.9486 0.1697
vn -0.3594 -0.8632 0.3545
vn -0.5078 -0.8452 0.1665
vn -0.5934 -0.7226 0.3545
vn -0.7124 -0.6810 0.1693
vn -0.7793 -0.5216 0.3474
vn -0.8647 -0.4688 0.1804
vn -0.9011 -0.2755 0.3349
vn -0.9542 -0.2236 0.1986
vn -0.9489 -0.0034 0.3156
vn -0.9742 0.0357 0.2230
vn -0.9177 0.2736 0.2882
vn -0.9231 0.2886 0.2542
vn 0.5196 -0.5268 0.6727
vn 0.5199 -0.5269 0.6724
vn 0.3451 -0.6547 0.6725
vn 0.3452 -0.6548 0.6724
vn 0.1412 -0.7266 0.6724
vn 0.1413 -0.7266 0.6724
vn -0.0747 -0.7364 0.6724
vn -0.0749 -0.7361 0.6728
vn -0.2844 -0.6831 0.6726
vn -0.2844 -0.6835 0.6723
vn -0.4698 -0.5721 0.6723
vn -0.4697 -0.5716 0.6728
vn -0.6149 -0.4116 0.6727
vn -0.6150 -0.4118 0.6724
vn -0.7077 -0.2164 0.6725
vn -0.7077 -0.2163 0.6726
vn -0.7401 -0.0027 0.6725
vn -0.7400 -0.0026 0.6726
vn -0.7091 0.2114 0.6726
vn -0.7090 0.2114 0.6728
vn -0.3264 0.0973 0.9402
vn -0.3135 0.0984 0.9445
vn 0.2316 -0.2348 0.9441
vn 0.2423 -0.2400 0.9400
vn 0.1588 -0.3012 0.9402
vn 0.1589 -0.3013 0.9402
vn 0.0650 -0.3344 0.9402
vn -0.0345 -0.3389 0.9402
vn -0.0344 -0.3391 0.9401
vn -0.1309 -0.3146 0.9402
vn -0.1309 -0.3142 0.9403
vn -0.2161 -0.2630 0.9403
vn -0.2162 -0.2633 0.9402
vn -0.2831 -0.1895 0.9402
vn -0.2830 -0.1895 0.9402
vn -0.3258 -0.0996 0.9402
vn -0.3257 -0.0995 0.9402
vn -0.3405 -0.0012 0.9402
vn 0.2756 -0.2116 0.9377
vn 0.2139 -0.1750 0.9611
vn 0.4812 -0.3632 0.7978
vn 0.5813 -0.4521 0.6765
vn 0.6920 -0.5205 0.5003
vn 0.7662 -0.5889 0.2571
vn 0.7911 -0.5958 0.1384
vn 0.0966 0.2318 0.9679
vn 0.1523 0.3023 0.9410
vn 0.2593 0.5749 0.7761
vn 0.3291 0.6589 0.6764
vn 0.3546 0.7857 0.5068
vn 0.4268 0.8673 0.2560
vn 0.4148 0.8892 0.1932
vn 0.5247 0.8126 0.2537
vn 0.5247 0.8126 0.2536
vn 0.7252 0.6401 0.2537
vn 0.7252 0.6398 0.2545
vn 0.8714 0.4195 0.2544
vn 0.8714 0.4197 0.2540
vn 0.9525 0.1681 0.2540
vn 0.9524 0.1680 0.2544
vn 0.9623 -0.0962 0.2543
vn 0.9622 -0.0963 0.2547
vn 0.9001 -0.3535 0.2546
vn 0.9005 -0.3532 0.2536
vn 0.7710 -0.5841 0.2536
vn 0.7708 -0.5842 0.2541
vn 0.5841 -0.7709 0.2541
vn 0.5843 -0.7709 0.2536
vn 0.3536 -0.9004 0.2536
vn 0.3531 -0.9003 0.2546
vn 0.0962 -0.9622 0.2547
vn 0.0963 -0.9623 0.2543
vn -0.1681 -0.9524 0.2545
vn -0.1680 -0.9525 0.2540
vn -0.4195 -0.8715 0.2540
vn -0.4196 -0.8713 0.2544
vn -0.6400 -0.7250 0.2545
vn -0.6399 -0.7254 0.2537
vn -0.8126 -0.5248 0.2536
vn -0.8126 -0.5247 0.2537
vn -0.6213 -0.4012 0.6731
vn -0.2815 -0.1818 0.9422
vn -0.2677 -0.1791 0.9467
vn -0.2351 -0.2665 0.9347
vn -0.1895 -0.2470 0.9503
vn -0.1585 -0.3290 0.9309
vn -0.1004 -0.2889 0.9521
vn -0.0640 -0.3628 0.9297
vn -0.0045 -0.3058 0.9521
vn 0.0364 -0.3634 0.9309
vn 0.0937 -0.2970 0.9503
vn 0.1299 -0.3309 0.9347
vn 0.1890 -0.2616 0.9465
vn 0.2055 -0.2712 0.9403
vn 0.2712 -0.2055 0.9403
vn 0.5895 -0.4466 0.6731
vn 0.5892 -0.4466 0.6733
vn 0.4012 0.6213 0.6731
vn 0.5545 0.4892 0.6732
vn 0.5546 0.4894 0.6730
vn 0.6664 0.3209 0.6730
vn 0.6665 0.3210 0.6729
vn 0.7285 0.1285 0.6729
vn 0.7286 0.1286 0.6727
vn 0.7362 -0.0737 0.6728
vn 0.6888 -0.2702 0.6728
vn 0.6882 -0.2702 0.6733
vn 0.1816 0.2812 0.9423
vn 0.1790 0.2678 0.9467
vn 0.2665 0.2351 0.9347
vn 0.2470 0.1895 0.9503
vn 0.3290 0.1585 0.9309
vn 0.2889 0.1004 0.9521
vn 0.3628 0.0640 0.9297
vn 0.3058 0.0045 0.9521
vn 0.3634 -0.0364 0.9309
vn 0.2969 -0.0937 0.9503
vn 0.3309 -0.1299 0.9347
vn 0.2616 -0.1890 0.9465
vn 0.4467 -0.5894 0.6731
vn 0.4465 -0.5893 0.6733
vn 0.2700 -0.6883 0.6733
vn 0.2704 -0.6887 0.6728
vn 0.0737 -0.7362 0.6728
vn 0.0737 -0.7362 0.6727
vn -0.1285 -0.7287 0.6727
vn -0.1286 -0.7284 0.6729
vn -0.3210 -0.6665 0.6729
vn -0.3210 -0.6664 0.6730
vn -0.4893 -0.5546 0.6730
vn -0.4893 -0.5545 0.6732
vn -0.8817 -0.4113 0.2311
vn -0.8721 -0.4171 0.2560
vn -0.7385 -0.3383 0.5832
vn -0.6597 -0.3275 0.6764
vn -0.5037 -0.2220 0.8349
vn -0.2999 -0.1566 0.9410
vn -0.1757 -0.0735 0.9817
vn 0.4113 -0.8817 0.2311
vn 0.4171 -0.8721 0.2560
vn 0.3383 -0.7385 0.5832
vn 0.3275 -0.6597 0.6764
vn 0.2220 -0.5037 0.8349
vn 0.1566 -0.2999 0.9410
vn 0.0735 -0.1757 0.9817
vn -0.8126 0.5247 0.2537
vn -0.8126 0.5247 0.2536
vn -0.6401 0.7252 0.2537
vn -0.6398 0.7252 0.2545
vn -0.4195 0.8714 0.2544
vn -0.4197 0.8714 0.2540
vn -0.1681 0.9525 0.2540
vn -0.1680 0.9524 0.2545
vn 0.0962 0.9623 0.2543
vn 0.0963 0.9622 0.2547
vn 0.3535 0.9001 0.2546
vn 0.3532 0.9005 0.2536
vn 0.5841 0.7710 0.2537
vn 0.5842 0.7708 0.2541
vn 0.7709 0.5841 0.2541
vn 0.7709 0.5843 0.2536
vn 0.9004 0.3535 0.2536
vn 0.9003 0.3531 0.2546
vn 0.9622 0.0962 0.2547
vn 0.9623 0.0963 0.2543
vn 0.9524 -0.1681 0.2544
vn 0.9525 -0.1680 0.2540
vn 0.8715 -0.4195 0.2540
vn 0.8713 -0.4196 0.2544
vn 0.7250 -0.6400 0.2545
vn 0.7254 -0.6399 0.2537
vn 0.5248 -0.8126 0.2537
vn 0.5247 -0.8126 0.2537
vn 0.4012 -0.6213 0.6731
vn 0.1818 -0.2815 0.9422
vn 0.1791 -0.2677 0.9467
vn 0.2665 -0.2351 0.9347
vn 0.2470 -0.1895 0.9503
vn 0.3290 -0.1585 0.9309
vn 0.2889 -0.1004 0.9521
vn 0.3628 -0.0640 0.9297
vn 0.3058 -0.0045 0.9521
vn 0.3634 0.0364 0.9309
vn 0.2970 0.0937 0.9503
vn 0.3309 0.1299 0.9347
vn 0.2616 0.1890 0.9465
vn 0.2712 0.2055 0.9403
vn 0.2055 0.2712 0.9403
vn 0.4466 0.5895 0.6731
vn 0.4466 0.5892 0.6733
vn -0.6213 0.4012 0.6731
vn -0.4892 0.5545 0.6732
vn -0.4894 0.5546 0.6730
vn -0.3209 0.6664 0.6730
vn -0.3210 0.6665 0.6729
vn -0.1285 0.7285 0.6729
vn -0.1286 0.7286 0.6727
vn 0.0737 0.7362 0.6727
vn 0.0737 0.7362 0.6728
vn 0.2702 0.6888 0.6728
vn 0.2702 0.6882 0.6733
vn -0.2813 0.1816 0.9423
vn -0.2678 0.1790 0.9467
vn -0.2351 0.2665 0.9347
vn -0.1895 0.2470 0.9503
vn -0.1585 0.3290 0.9309
vn -0.1004 0.2889 0.9521
vn -0.0640 0.3628 0.9297
vn -0.0045 0.3058 0.9521
vn 0.0364 0.3634 0.9309
vn 0.0937 0.2970 0.9503
vn 0.1299 0.3309 0.9347
vn 0.1890 0.2616 0.9465
vn 0.5894 0.4467 0.6731
vn 0.5893 0.4465 0.6733
vn 0.6883 0.2700 0.6733
vn 0.6887 0.2704 0.6728
vn 0.7362 0.0737 0.6728
vn 0.7287 -0.1285 0.6727
vn 0.7285 -0.1286 0.6729
vn 0.6665 -0.3210 0.6729
vn 0.6664 -0.3210 0.6730
vn 0.5546 -0.4893 0.6730
vn 0.5545 -0.4893 0.6732
vn -0.2318 0.0966 0.9679
vn -0.3023 0.1523 0.9410
vn -0.5749 0.2593 0.7761
vn -0.6589 0.3291 0.6764
vn -0.7857 0.3546 0.5068
vn -0.8673 0.4268 0.2560
vn -0.8892 0.4148 0.1932
vn 0.6616 -0.6994 0.2705
vn 0.1435 -0.6419 0.7532
vn -0.1204 -0.7942 0.5955
vn -0.2868 -0.6757 0.6791
vn -0.3738 -0.8005 0.4684
vn -0.3659 -0.7987 0.4777
vn -0.3906 -0.8557 0.3394
vn -0.2245 -0.9045 0.3625
vn -0.1351 -0.9127 0.3858
vn -0.2385 -0.9191 0.3135
vn 0.0592 -0.9593 0.2760
vn 0.2652 -0.9103 0.3177
vn 0.4029 -0.8794 0.2535
vn -0.1596 -0.5983 0.7852
vn -0.1199 -0.4884 0.8643
vn 0.2465 -0.6070 0.7555
vn 0.2106 -0.1916 0.9586
vn 0.3163 -0.7861 0.5311
vn 0.3575 -0.7780 0.5167
vn -0.0054 -0.8932 0.4497
vn 0.0271 -0.8936 0.4481
vn -0.1090 -0.7927 0.5998
vn -0.1064 -0.1362 0.9849
vn -0.5536 -0.7325 0.3963
vn -0.3314 -0.5073 0.7955
vn -0.3192 -0.4925 0.8096
vn -0.1413 -0.2082 0.9678
vn -0.0860 -0.1320 0.9875
vn -0.3021 -0.3830 0.8730
vn -0.0997 -0.1291 0.9866
vn -0.4733 -0.7453 0.4696
vn -0.4326 -0.6283 0.6466
vn -0.5569 -0.7076 0.4349
vn -0.5448 -0.6947 0.4696
vn -0.4462 -0.5606 0.6976
vn -0.3372 -0.4324 0.8363
vn -0.2662 -0.3479 0.8990
vn -0.4338 -0.5932 0.6782
vn -0.2039 -0.9499 0.2370
vn -0.1843 -0.9544 0.2347
vn 0.1060 -0.9741 0.1997
vn 0.2463 -0.9538 0.1721
vn 0.4263 -0.8942 0.1365
vn 0.6598 -0.7484 0.0675
vn 0.6495 -0.7570 0.0705
vn 0.6579 -0.7501 0.0677
vn 0.4212 -0.8980 0.1271
vn 0.2954 -0.9426 0.1553
vn 0.0834 -0.9786 0.1879
vn -0.1195 -0.9692 0.2155
vn -0.2567 -0.9400 0.2249
vn -0.2581 -0.0432 0.9651
vn -0.8159 -0.1114 0.5674
vn -0.7639 -0.3942 0.5109
vn -0.8545 -0.4048 0.3257
vn -0.7060 -0.6109 0.3582
vn -0.6987 -0.6221 0.3533
vn -0.6086 -0.7056 0.3630
vn -0.5956 -0.6289 0.4997
vn -0.5957 -0.6316 0.4962
vn -0.5446 -0.4242 0.7235
vn -0.3502 -0.2972 0.8883
vn -0.9146 -0.1898 0.3570
vn -0.9571 -0.0462 0.2862
vn -0.8029 -0.0476 0.5942
vn -0.7297 0.4283 0.5331
vn -0.9248 0.2607 0.2772
vn -0.5738 -0.1767 0.7997
vn -0.5712 -0.1736 0.8022
vn -0.6126 -0.4679 0.6370
vn -0.5650 -0.3717 0.7366
vn -0.7625 -0.4062 0.5036
vn -0.1280 -0.9726 0.1940
vn -0.1223 -0.9735 0.1931
vn 0.2918 -0.9480 0.1269
vn 0.2936 -0.9475 0.1266
vn 0.6542 -0.7553 0.0403
vn 0.5020 -0.8618 0.0733
vn 0.5702 -0.8211 0.0266
vn 0.2056 -0.9744 0.0915
vn 0.1463 -0.9865 0.0740
vn -0.6874 -0.7196 0.0984
vn -0.5263 -0.8269 0.1978
vn -0.8458 -0.5209 0.1150
vn -0.8757 -0.4635 0.1352
vn -0.9166 -0.3820 0.1181
vn -0.6258 -0.7457 0.2288
vn -0.6718 -0.6991 0.2447
vn -0.7797 -0.5803 0.2353
vn -0.6692 -0.6929 0.2684
vn -0.9147 -0.3783 0.1420
vn -0.9648 -0.2355 0.1175
vn -0.8146 -0.5464 0.1947
vn -0.9631 -0.2300 0.1398
vn -0.9825 -0.1390 0.1243
vn -0.8138 -0.5373 0.2213
vn -0.8568 -0.4699 0.2122
vn -0.9779 0.2002 0.0596
vn -0.9753 -0.1482 0.1637
vn -0.9503 -0.2521 0.1826
vn -0.8542 -0.4627 0.2373
vn -0.8639 -0.4920 0.1076
vn -0.6859 -0.6990 0.2024
vn -0.6235 -0.7564 0.1975
vn -0.7448 -0.6552 0.1267
vn -0.5965 -0.7966 0.0985
vn 0.1177 -0.9863 0.1156
vn -0.1257 -0.9762 0.1765
vn 0.2142 -0.9700 0.1147
vn 0.2782 -0.9557 0.0965
vn 0.1512 -0.9825 0.1084
vn 0.2140 -0.9727 0.0895
vn -0.7143 -0.6870 0.1333
vn -0.7949 -0.5985 0.0997
vn -0.8762 -0.4737 0.0883
vn -0.9739 0.2095 0.0870
vn -0.9668 0.2437 0.0770
vn -0.9740 0.2081 0.0889
vn -0.9843 -0.0678 0.1628
vn -0.9466 -0.2448 0.2100
vn -0.8786 -0.4117 0.2421
vn -0.7150 -0.6389 0.2839
vn -0.6794 -0.6751 0.2873
vn -0.6656 -0.6842 0.2979
vn -0.7185 -0.6325 0.2893
vn -0.8778 -0.4072 0.2521
vn -0.9488 -0.2356 0.2105
vn -0.9838 -0.0598 0.1688
vn 0.5179 -0.7483 0.4144
vn 0.5398 -0.7407 0.3999
vn 0.0668 -0.8759 0.4779
vn 0.0375 -0.8842 0.4656
vn -0.2196 -0.6743 0.7050
vn -0.3311 -0.2987 0.8951
vn -0.3873 -0.8039 0.4514
vn -0.4018 -0.8025 0.4412
vn -0.3517 -0.5999 0.7186
vn -0.6774 -0.4450 0.5858
vn -0.5037 -0.4709 0.7242
vn -0.7749 -0.5673 0.2787
vn -0.6801 -0.6066 0.4118
vn -0.2587 -0.3733 0.8909
vn -0.0311 -0.1406 0.9896
vn 0.0468 -0.2629 0.9637
vn 0.4121 -0.4199 0.8086
vn 0.2958 -0.4275 0.8543
vn 0.6397 -0.5822 0.5018
vn 0.5864 -0.6305 0.5085
vn 0.5475 -0.6206 0.5613
vn 0.6099 -0.6611 0.4369
vn 0.1584 -0.7458 0.6470
vn 0.0771 -0.7153 0.6945
vn 0.2534 -0.5599 0.7888
vn 0.1852 -0.5628 0.8056
vn -0.0939 -0.4201 0.9026
vn 0.1601 -0.1363 0.9777
vn 0.1710 -0.1554 0.9729
vn 0.4375 -0.3913 0.8096
vn 0.4870 -0.4514 0.7477
vn 0.6010 -0.5571 0.5731
vn 0.6278 -0.6278 0.4601
vn 0.5571 -0.6009 0.5732
vn 0.5787 -0.6391 0.5066
vn 0.4743 -0.4446 0.7599
vn 0.4706 -0.5229 0.7107
vn 0.4519 -0.4874 0.7471
vn 0.3913 -0.4376 0.8096
vn 0.1496 -0.1645 0.9750
vn 0.1391 -0.1576 0.9777
vn 0.6393 -0.5788 0.5063
vn -0.7753 -0.6227 0.1061
vn 0.0615 -0.9397 0.3365
vn 0.1092 -0.9317 0.3463
vn 0.5802 -0.7397 0.3411
vn -0.3428 -0.9011 0.2656
vn -0.3817 -0.8870 0.2600
vn -0.7768 -0.6210 0.1049
vn 0.6030 -0.6425 0.4728
vn 0.5079 -0.4805 0.7150
vn 0.6390 0.7116 0.2920
vn 0.5488 0.7761 0.3107
vn 0.4770 -0.3575 0.8029
vn 0.3546 -0.2338 0.9053
vn 0.5699 -0.0874 0.8170
vn 0.4516 0.1314 0.8825
vn 0.6666 0.2409 0.7055
vn 0.4863 0.6117 0.6240
vn 0.4654 0.6249 0.6268
vn 0.2739 -0.0366 0.9611
vn 0.1830 0.0376 0.9824
vn 0.3793 0.3637 0.8508
vn 0.3438 0.3926 0.8530
vn 0.7959 0.3844 0.4677
vn 0.8778 0.2061 0.4324
vn 0.6690 0.1547 0.7270
vn 0.7566 -0.1340 0.6400
vn 0.5764 -0.2331 0.7832
vn 0.6397 -0.3968 0.6583
vn 0.8638 -0.0639 0.4997
vn 0.8647 -0.2398 0.4414
vn 0.7415 -0.5287 0.4130
vn 0.7362 -0.5421 0.4051
vn 0.6730 -0.6106 0.4174
vn 0.7342 -0.2627 0.6261
vn 0.6292 -0.5496 0.5496
vn 0.6333 -0.5882 0.5028
vn -0.6353 -0.7632 0.1180
vn -0.7722 -0.6308 0.0759
vn -0.3743 -0.9030 0.2108
vn -0.1389 -0.9506 0.2775
vn 0.3564 -0.8870 0.2936
vn 0.3604 -0.8955 0.2611
vn 0.6707 -0.6804 0.2953
vn 0.6467 -0.7106 0.2773
vn 0.1146 -0.9443 0.3086
vn 0.2944 -0.8961 0.3322
vn 0.3000 -0.9086 0.2906
vn 0.6406 -0.7023 0.3104
vn 0.4842 -0.8085 0.3344
vn 0.6155 -0.7147 0.3321
vn 0.6194 -0.7203 0.3122
vn 0.6440 -0.7054 0.2961
vn 0.6583 -0.6994 0.2782
vn 0.4246 -0.8744 0.2349
vn 0.3187 -0.9228 0.2165
vn 0.1094 -0.9812 0.1587
vn -0.2969 -0.9533 0.0548
vn -0.1297 -0.9875 0.0893
vn -0.1180 -0.9914 0.0571
vn 0.0776 -0.9925 0.0946
vn -0.0345 -0.9984 0.0437
vn 0.2495 -0.9643 0.0888
vn 0.5464 -0.8248 0.1459
vn 0.5852 -0.8021 0.1193
vn 0.6598 -0.7062 0.2568
vn 0.5724 -0.7922 0.2117
vn 0.6909 -0.6818 0.2403
vn 0.7037 -0.6734 0.2267
vn 0.4355 -0.8945 0.1010
vn 0.8953 -0.4365 0.0894
vn 0.8322 -0.5377 0.1351
vn 0.7787 -0.5938 0.2023
vn 0.7105 -0.6568 0.2526
vn 0.7090 -0.6488 0.2762
vn 0.7029 -0.6553 0.2766
vn 0.7824 -0.6086 0.1318
vn 0.6700 -0.7052 0.2320
vn 0.8525 -0.4913 0.1788
vn 0.7001 -0.6497 0.2964
vn 0.7339 -0.6135 0.2916
vn 0.8928 -0.3684 0.2592
vn 0.9221 -0.2951 0.2502
vn 0.9833 0.0018 0.1819
vn 0.9823 0.0889 0.1648
vn 0.8883 0.4564 0.0502
vn 0.8729 0.4737 0.1168
vn 0.7815 0.6216 0.0532
vn 0.7610 0.6381 0.1166
vn 0.6312 0.7720 0.0749
vn 0.9030 0.3743 0.2108
vn 0.9492 0.1545 0.2741
vn 0.6693 -0.6755 0.3093
vn 0.8839 -0.3615 0.2968
vn 0.9113 -0.2960 0.2863
vn 0.8111 -0.4809 0.3330
vn 0.7948 -0.5071 0.3334
vn 0.8995 -0.2847 0.3315
vn 0.9443 -0.1146 0.3085
vn 0.9851 0.1454 0.0914
vn 0.9906 0.0871 0.1050
vn 0.9478 -0.2500 0.1980
vn 0.9299 -0.3040 0.2073
vn 0.9917 0.1220 0.0398
vn 0.9042 -0.4135 0.1068
vn 0.8240 -0.5476 0.1454
vn 0.8021 -0.5863 0.1135
vn 0.5619 -0.8128 0.1535
vn -0.3103 -0.9460 0.0933
vn -0.4659 -0.8829 0.0589
vn 0.0911 -0.9751 0.2021
vn -0.0116 -0.9824 0.1866
vn 0.4193 -0.8678 0.2667
vn -0.4729 -0.8750 0.1035
vn -0.6208 -0.7811 0.0673
vn 0.2761 -0.9462 0.1687
vn 0.3418 -0.9222 0.1808
vn 0.5152 -0.8255 0.2305
vn 0.3736 -0.9135 0.1612
vn 0.2904 -0.9458 0.1452
vn 0.6123 -0.7572 0.2273
vn 0.3955 -0.9079 0.1392
vn 0.3902 -0.9103 0.1379
vn 0.9240 -0.3597 0.1298
vn 0.8964 -0.4159 0.1531
vn -0.0304 -0.9734 0.2271
vn 0.4799 -0.8677 0.1300
vn 0.9523 -0.2644 0.1521
vn 0.9206 -0.3463 0.1807
vn 0.9685 0.1456 0.2019
vn 0.9712 0.0195 0.2376
vn -0.1278 -0.9684 0.2142
vn 0.9007 0.3441 0.2653
vn 0.8870 0.3817 0.2599
vn 0.6209 0.7768 0.1051
vn 0.6217 0.7761 0.1056
vn 0.9398 -0.0597 0.3363
vn 0.9317 -0.1092 0.3465
vn 0.7366 -0.5849 0.3396
vn -0.7761 0.5487 0.3107
vn -0.7116 0.6390 0.2920
vn -0.6249 0.4654 0.6268
vn -0.6117 0.4863 0.6240
vn -0.3926 0.3438 0.8530
vn -0.3636 0.3793 0.8508
vn -0.0376 0.1830 0.9824
vn 0.0367 0.2739 0.9611
vn 0.2338 0.3546 0.9053
vn 0.0874 0.5699 0.8170
vn -0.1547 0.6690 0.7270
vn -0.2062 0.8778 0.4324
vn 0.0639 0.8638 0.4997
vn 0.2398 0.8647 0.4415
vn 0.5231 0.7449 0.4140
vn 0.5385 0.7388 0.4052
vn -0.3844 0.7959 0.4677
vn 0.6107 0.6730 0.4173
vn 0.2627 0.7342 0.6261
vn 0.1340 0.7566 0.6400
vn 0.5416 0.6268 0.5601
vn 0.5704 0.5239 0.6326
vn 0.4066 0.6427 0.6493
vn 0.2331 0.5764 0.7832
vn 0.3575 0.4770 0.8029
vn -0.2409 0.6666 0.7055
vn -0.1314 0.4516 0.8825
vn 0.1363 0.1601 0.9777
vn 0.1554 0.1710 0.9729
vn 0.3913 0.4375 0.8096
vn 0.4514 0.4870 0.7477
vn 0.5571 0.6010 0.5731
vn 0.6278 0.6278 0.4601
vn 0.6009 0.5571 0.5732
vn 0.5888 0.5499 0.5923
vn 0.4446 0.4743 0.7599
vn 0.5229 0.4707 0.7107
vn 0.4874 0.4519 0.7471
vn 0.4376 0.3913 0.8096
vn 0.1645 0.1496 0.9750
vn 0.1576 0.1391 0.9777
vn 0.5788 0.6392 0.5065
vn -0.3441 0.9007 0.2653
vn -0.3817 0.8870 0.2599
vn -0.7768 0.6209 0.1051
vn -0.7761 0.6217 0.1056
vn 0.0597 0.9399 0.3363
vn 0.1092 0.9317 0.3465
vn 0.5864 0.7355 0.3394
vn 0.1406 -0.0311 0.9896
vn 0.2629 0.0468 0.9637
vn 0.4199 0.4121 0.8086
vn 0.4275 0.2958 0.8543
vn 0.5821 0.6396 0.5021
vn 0.6302 0.5854 0.5100
vn 0.6207 0.5484 0.5603
vn 0.6611 0.6099 0.4369
vn 0.7490 0.5172 0.4142
vn 0.7416 0.5383 0.4004
vn 0.8759 0.0668 0.4779
vn 0.8842 0.0375 0.4656
vn 0.6743 -0.2196 0.7050
vn 0.2986 -0.3311 0.8951
vn 0.8039 -0.3873 0.4514
vn 0.8025 -0.4018 0.4412
vn 0.5999 -0.3517 0.7186
vn 0.4450 -0.6774 0.5858
vn 0.4709 -0.5037 0.7243
vn 0.5673 -0.7749 0.2788
vn 0.6066 -0.6801 0.4118
vn 0.3733 -0.2587 0.8909
vn 0.4201 -0.0938 0.9026
vn 0.5628 0.1852 0.8056
vn 0.5599 0.2534 0.7888
vn 0.7153 0.0771 0.6945
vn 0.7458 0.1584 0.6470
vn 0.4863 0.8080 0.3325
vn 0.5167 0.7887 0.3330
vn 0.2847 0.8995 0.3315
vn 0.1146 0.9443 0.3085
vn -0.1545 0.9492 0.2741
vn -0.1455 0.9685 0.2019
vn -0.3743 0.9030 0.2108
vn -0.4737 0.8729 0.1167
vn -0.7720 0.6311 0.0749
vn -0.6381 0.7610 0.1166
vn -0.6216 0.7815 0.0532
vn -0.4564 0.8883 0.0502
vn -0.1454 0.9851 0.0914
vn -0.1220 0.9917 0.0398
vn 0.4135 0.9042 0.1068
vn 0.5940 0.7786 0.2024
vn 0.5476 0.8240 0.1454
vn 0.4475 0.8892 0.0949
vn 0.5377 0.8322 0.1352
vn 0.5857 0.8026 0.1131
vn 0.8260 0.5447 0.1451
vn 0.8951 0.4343 0.1003
vn 0.6642 0.7111 0.2305
vn 0.7052 0.6696 0.2331
vn 0.8315 0.5215 0.1915
vn 0.7062 0.6598 0.2567
vn 0.6994 0.6583 0.2782
vn 0.8744 0.4246 0.2349
vn 0.8678 0.4193 0.2667
vn 0.9684 -0.1278 0.2142
vn 0.9506 -0.1389 0.2775
vn 0.9030 -0.3743 0.2108
vn 0.6308 -0.7722 0.0759
vn 0.7632 -0.6353 0.1180
vn 0.7811 -0.6208 0.0673
vn 0.8750 -0.4729 0.1035
vn 0.8829 -0.4659 0.0589
vn 0.9460 -0.3103 0.0933
vn 0.9533 -0.2969 0.0548
vn 0.9875 -0.1297 0.0893
vn 0.9914 -0.1180 0.0571
vn 0.9925 0.0776 0.0946
vn 0.9984 -0.0345 0.0437
vn 0.9643 0.2496 0.0888
vn 0.8128 0.5619 0.1535
vn 0.9443 0.1146 0.3086
vn 0.8961 0.2944 0.3322
vn 0.8080 0.4851 0.3344
vn 0.7147 0.6155 0.3321
vn 0.7203 0.6194 0.3122
vn 0.7020 0.6410 0.3104
vn 0.9086 0.3000 0.2906
vn 0.8870 0.3564 0.2936
vn 0.7053 0.6445 0.2952
vn 0.6885 0.6626 0.2949
vn 0.6982 0.6596 0.2783
vn 0.4754 0.8626 0.1733
vn 0.3478 0.9199 0.1812
vn 0.2644 0.9524 0.1521
vn 0.6568 0.7105 0.2524
vn 0.6488 0.7090 0.2762
vn 0.3040 0.9299 0.2072
vn 0.2500 0.9478 0.1980
vn -0.0871 0.9907 0.1050
vn 0.6553 0.7029 0.2766
vn 0.6497 0.7001 0.2964
vn 0.6134 0.7340 0.2915
vn 0.6755 0.6694 0.3093
vn 0.3615 0.8839 0.2968
vn 0.2960 0.9113 0.2863
vn -0.0195 0.9712 0.2376
vn 0.8021 0.5852 0.1192
vn 0.8677 0.4798 0.1300
vn 0.9103 0.3902 0.1378
vn 0.9079 0.3955 0.1392
vn 0.7564 0.6133 0.2276
vn 0.9458 0.2903 0.1452
vn 0.9135 0.3736 0.1612
vn 0.8264 0.5139 0.2301
vn 0.9222 0.3418 0.1808
vn 0.9462 0.2761 0.1687
vn 0.8955 0.3604 0.2611
vn 0.2951 0.9221 0.2501
vn 0.3684 0.8928 0.2592
vn 0.9824 -0.0116 0.1866
vn 0.9734 -0.0304 0.2271
vn 0.9228 0.3187 0.2165
vn -0.0018 0.9833 0.1819
vn -0.0889 0.9823 0.1648
vn 0.4159 0.8965 0.1530
vn 0.3615 0.9232 0.1304
vn 0.9812 0.1094 0.1587
vn 0.9751 0.0911 0.2021
vn 0.6227 -0.7752 0.1061
vn 0.9397 0.0615 0.3365
vn 0.9317 0.1092 0.3463
vn 0.7395 0.5803 0.3410
vn 0.9011 -0.3428 0.2656
vn 0.8870 -0.3817 0.2600
vn 0.6210 -0.7768 0.1049
vn -0.2392 0.9189 0.3136
vn 0.0592 0.9593 0.2760
vn 0.2652 0.9103 0.3177
vn 0.4134 0.8761 0.2482
vn 0.6601 0.6984 0.2766
vn 0.5109 0.2622 0.8187
vn 0.1785 0.3657 0.9134
vn 0.1971 0.1910 0.9616
vn -0.1596 0.5983 0.7852
vn -0.1062 0.4498 0.8868
vn -0.3105 0.6882 0.6557
vn -0.3676 0.8035 0.4682
vn -0.0239 0.9054 0.4238
vn 0.0250 0.8882 0.4588
vn 0.3345 0.7884 0.5163
vn 0.3643 0.7591 0.5395
vn -0.1119 0.9086 0.4023
vn -0.1443 0.8151 0.5611
vn -0.1251 0.7953 0.5931
vn 0.1463 0.6385 0.7556
vn 0.1506 0.6301 0.7618
vn -0.1431 0.2094 0.9673
vn -0.0802 0.1235 0.9891
vn -0.1023 0.1318 0.9860
vn -0.5555 0.7079 0.4362
vn -0.3590 0.4642 0.8097
vn -0.1028 0.1323 0.9859
vn -0.4391 0.6392 0.6314
vn -0.5717 0.7346 0.3655
vn -0.4075 0.5187 0.7516
vn -0.4889 0.7354 0.4692
vn -0.3842 0.5874 0.7123
vn -0.4551 0.6030 0.6551
vn -0.2573 0.3394 0.9047
vn -0.3027 0.3844 0.8721
vn -0.3364 0.5043 0.7953
vn -0.2953 0.4480 0.8438
vn 0.6440 0.7615 0.0728
vn 0.6515 0.7554 0.0706
vn 0.6718 0.7380 0.0637
vn 0.4204 0.8983 0.1275
vn 0.2955 0.9426 0.1555
vn 0.0788 0.9788 0.1889
vn -0.1671 0.9610 0.2205
vn -0.2635 0.9378 0.2261
vn -0.1818 0.9565 0.2280
vn -0.3730 0.8925 0.2536
vn -0.1823 0.9548 0.2347
vn 0.1257 0.9725 0.1962
vn 0.2463 0.9538 0.1722
vn 0.4257 0.8945 0.1368
vn -0.5319 0.6991 0.4778
vn -0.4452 0.3751 0.8131
vn -0.3560 0.3412 0.8700
vn -0.2501 0.0272 0.9678
vn -0.9185 -0.2647 0.2937
vn -0.8315 -0.0029 0.5554
vn -0.5902 0.4630 0.6613
vn -0.6083 0.6555 0.4476
vn -0.9546 0.0577 0.2921
vn -0.9146 0.1898 0.3570
vn -0.8545 0.4048 0.3257
vn -0.6230 0.6917 0.3652
vn -0.6206 0.6904 0.3718
vn -0.7690 0.3951 0.5025
vn -0.7577 0.4168 0.5021
vn -0.8202 0.0416 0.5706
vn -0.7095 0.3398 0.6174
vn -0.5940 0.1468 0.7910
vn -0.6846 0.1587 0.7114
vn -0.5742 0.2070 0.7921
vn 0.4945 0.8659 0.0751
vn 0.6551 0.7543 0.0425
vn 0.2916 0.9484 0.1249
vn 0.1209 0.9796 0.1606
vn -0.0890 0.9782 0.1877
vn 0.0244 0.9964 0.0817
vn -0.6056 0.7916 0.0815
vn -0.4959 0.8424 0.2109
vn -0.6972 0.7118 0.0853
vn -0.6364 0.7613 0.1242
vn -0.7801 0.6171 0.1032
vn -0.8557 0.5075 0.1011
vn -0.5955 0.7798 0.1933
vn -0.7201 0.6794 0.1411
vn -0.6175 0.7612 0.1984
vn -0.6721 0.7117 0.2044
vn -0.6080 0.7588 0.2336
vn -0.7747 0.6029 0.1907
vn -0.9180 0.3818 0.1070
vn -0.9584 0.2744 0.0784
vn -0.9750 -0.2152 0.0560
vn -0.9778 0.1342 0.1607
vn -0.9559 0.2330 0.1785
vn -0.8406 0.4840 0.2431
vn -0.7109 0.6524 0.2628
vn -0.7201 0.6548 0.2295
vn -0.9537 0.2960 0.0532
vn -0.7691 0.6197 0.1566
vn -0.8603 0.5004 0.0973
vn 0.0277 0.9935 0.1101
vn 0.0574 0.9929 0.1039
vn 0.3018 0.9507 0.0715
vn 0.5204 0.8526 0.0483
vn 0.0601 0.9881 0.1417
vn -0.8442 0.5336 0.0508
vn -0.9840 0.1364 0.1149
vn -0.9679 0.2297 0.1018
vn -0.9107 0.3826 0.1558
vn -0.8070 0.5567 0.1971
vn 0.0300 0.9904 0.1350
vn 0.1166 0.9857 0.1217
vn -0.8441 0.4929 0.2111
vn -0.9616 0.2313 0.1479
vn -0.8083 0.5431 0.2274
vn -0.7696 0.5735 0.2808
vn -0.8665 0.4281 0.2568
vn -0.9488 0.2356 0.2106
vn -0.9837 0.0602 0.1692
vn -0.9739 -0.2095 0.0869
vn -0.9672 -0.2420 0.0775
vn -0.9719 -0.2193 0.0851
vn -0.9533 0.2222 0.2048
vn -0.9811 0.0924 0.1699
vn -0.8658 0.4355 0.2463
vn -0.7072 0.6465 0.2860
vn 0.9543 -0.1541 0.2560
vn 0.8745 -0.3004 0.3808
vn 0.8829 -0.3597 0.3018
vn 0.8138 -0.5522 0.1813
vn 0.7425 -0.5776 0.3393
vn 0.5999 -0.7817 0.1707
vn 0.5126 -0.7849 0.3480
vn 0.3241 -0.9319 0.1626
vn 0.2293 -0.9058 0.3563
vn 0.0143 -0.9877 0.1555
vn -0.0769 -0.9289 0.3622
vn -0.2975 -0.9432 0.1480
vn -0.3737 -0.8520 0.3668
vn -0.5795 -0.8025 0.1420
vn -0.6289 -0.6832 0.3711
vn -0.8030 -0.5799 0.1376
vn -0.8155 -0.4412 0.3745
vn -0.9450 -0.2981 0.1349
vn -0.9134 -0.1524 0.3775
vn -0.9910 0.0143 0.1334
vn -0.9127 0.1523 0.3791
vn -0.9362 0.3256 0.1323
vn -0.8141 0.4403 0.3786
vn -0.7865 0.6035 0.1310
vn -0.6269 0.6814 0.3778
vn -0.5565 0.8201 0.1330
vn -0.3724 0.8485 0.3760
vn -0.3297 0.9047 0.2699
vn -0.1719 0.9536 0.2471
vn -0.0764 0.9233 0.3764
vn -0.0105 0.9640 0.2657
vn 0.1217 0.9593 0.2547
vn 0.2270 0.8969 0.3794
vn 0.3689 0.9053 0.2107
vn 0.5156 0.7890 0.3342
vn 0.5850 0.7757 0.2367
vn 0.7529 0.5860 0.2995
vn 0.7777 0.5726 0.2595
vn 0.8934 0.3686 0.2568
vn 0.8829 0.3032 0.3586
vn 0.9599 0.1232 0.2517
vn 0.9349 -0.0000 0.3548
vn 0.9076 0.0302 0.4187
vn -0.3297 -0.9047 0.2699
vn -0.1719 -0.9536 0.2471
vn -0.0764 -0.9233 0.3764
vn -0.0105 -0.9640 0.2657
vn 0.1519 -0.9559 0.2515
vn 0.2272 -0.8977 0.3774
vn 0.3473 -0.9161 0.2004
vn 0.5166 -0.7905 0.3291
vn 0.5737 -0.7832 0.2397
vn 0.7584 -0.5800 0.2973
vn 0.7574 -0.5894 0.2809
vn 0.8960 -0.3662 0.2513
vn 0.8853 -0.3041 0.3518
vn 0.9598 -0.1219 0.2528
vn 0.9081 -0.0297 0.4177
vn 0.9561 0.1791 0.2318
vn 0.8832 0.3033 0.3577
vn 0.8837 0.3049 0.3551
vn 0.7938 0.5621 0.2322
vn 0.7425 0.5776 0.3393
vn 0.5999 0.7817 0.1707
vn 0.5126 0.7849 0.3480
vn 0.3241 0.9319 0.1626
vn 0.2293 0.9058 0.3563
vn 0.0143 0.9877 0.1555
vn -0.0769 0.9289 0.3622
vn -0.2975 0.9432 0.1480
vn -0.3737 0.8520 0.3668
vn -0.5795 0.8025 0.1420
vn -0.6289 0.6832 0.3711
vn -0.8030 0.5799 0.1376
vn -0.8155 0.4412 0.3745
vn -0.9450 0.2981 0.1349
vn -0.9134 0.1524 0.3775
vn -0.9910 -0.0143 0.1334
vn -0.9127 -0.1523 0.3791
vn -0.9362 -0.3256 0.1323
vn -0.8141 -0.4403 0.3786
vn -0.7865 -0.6035 0.1310
vn -0.6269 -0.6814 0.3778
vn -0.5565 -0.8201 0.1330
vn -0.3724 -0.8485 0.3760
vn -0.7512 -0.6084 0.2559
vn -0.8221 -0.4449 0.3551
vn -0.8626 -0.4193 0.2832
vn -0.9356 -0.1736 0.3074
vn -0.9276 -0.1548 0.3400
vn -0.9657 0.0748 0.2485
vn -0.9160 0.1528 0.3709
vn -0.9160 0.3459 0.2033
vn -0.8152 0.4414 0.3749
vn -0.8160 0.5101 0.2718
vn -0.6716 0.7034 0.2330
vn -0.6493 0.7050 0.2854
vn -0.4118 0.8828 0.2261
vn -0.3841 0.8758 0.2925
vn -0.1076 0.9695 0.2202
vn -0.0787 0.9510 0.2991
vn 0.2087 0.9542 0.2141
vn 0.2338 0.9233 0.3046
vn 0.5040 0.8384 0.2076
vn 0.5200 0.7962 0.3094
vn 0.7467 0.6341 0.2007
vn 0.7489 0.5829 0.3151
vn 0.9115 0.3621 0.1952
vn 0.8959 0.3074 0.3209
vn 0.9804 0.0512 0.1904
vn 0.9455 -0.0000 0.3256
vn 0.9463 -0.2652 0.1848
vn 0.8928 -0.3063 0.3303
vn 0.8439 -0.4866 0.2258
vn 0.7341 -0.5716 0.3666
vn 0.7109 -0.6862 0.1542
vn 0.5107 -0.7815 0.3583
vn 0.4746 -0.8561 0.2046
vn 0.2298 -0.9077 0.3510
vn 0.1703 -0.9591 0.2260
vn -0.0775 -0.9365 0.3421
vn -0.1317 -0.9608 0.2439
vn -0.3717 -0.8601 0.3493
vn -0.3750 -0.8544 0.3595
vn -0.4897 -0.8339 0.2544
vn -0.6289 -0.7067 0.3241
vn -0.6342 -0.6889 0.3509
vn -0.0023 -0.0004 1.0000
vn 0.0046 -0.0006 1.0000
vn 0.0046 0.0006 1.0000
vn 0.0039 0.0021 1.0000
vn 0.0040 0.0031 1.0000
vn -0.8609 0.4154 0.2938
vn -0.8194 0.4440 0.3625
vn -0.7347 0.6192 0.2772
vn -0.6332 0.6862 0.3580
vn -0.6320 0.6911 0.3507
vn -0.5121 0.8169 0.2654
vn -0.3753 0.8531 0.3625
vn -0.3638 0.8670 0.3406
vn -0.1346 0.9570 0.2570
vn -0.0761 0.9339 0.3493
vn 0.1668 0.9553 0.2440
vn 0.2301 0.9054 0.3569
vn 0.4690 0.8538 0.2259
vn 0.5103 0.7798 0.3627
vn 0.7062 0.6817 0.1911
vn 0.7334 0.5702 0.3701
vn 0.8378 0.4832 0.2542
vn 0.8888 0.3071 0.3401
vn 0.9404 0.2636 0.2149
vn 0.9411 -0.0024 0.3382
vn 0.9695 -0.0507 0.2398
vn 0.8908 -0.2983 0.3429
vn 0.9059 -0.3599 0.2232
vn 0.7469 -0.5785 0.3279
vn 0.7422 -0.6303 0.2276
vn 0.5194 -0.7911 0.3231
vn 0.5010 -0.8334 0.2334
vn 0.2347 -0.9183 0.3189
vn 0.2075 -0.9487 0.2386
vn -0.0761 -0.9463 0.3142
vn -0.1070 -0.9640 0.2434
vn -0.3800 -0.8719 0.3088
vn -0.4095 -0.8779 0.2482
vn -0.6438 -0.7027 0.3028
vn -0.6499 -0.7022 0.2907
vn -0.8136 -0.4847 0.3213
vn -0.8142 -0.4413 0.3772
vn -0.9105 -0.3422 0.2321
vn -0.9152 -0.1535 0.3726
vn -0.9605 -0.0772 0.2674
vn -0.9259 0.1529 0.3454
vn -0.9328 0.1710 0.3172
vn -0.1779 0.0299 0.9836
vn 0.5675 0.0929 0.8181
vn 0.5830 0.0974 0.8066
vn 0.6450 0.1077 0.7565
vn 0.9385 0.3220 -0.1250
vn -0.9788 -0.1634 -0.1232
vn -0.6655 -0.0035 0.7464
vn -0.9843 0.1642 0.0647
vn -0.6291 0.2195 0.7457
vn -0.8723 0.4722 -0.1270
vn -0.5159 0.4016 0.7567
vn -0.6722 0.7299 -0.1243
vn -0.3571 0.5464 0.7576
vn -0.3984 0.9085 -0.1262
vn -0.1604 0.6335 0.7570
vn -0.0818 0.9885 -0.1270
vn 0.0541 0.6514 0.7568
vn 0.2435 0.9618 -0.1247
vn 0.2622 0.5979 0.7575
vn 0.5426 0.8309 -0.1233
vn 0.4419 0.4802 0.7577
vn 0.7829 0.6094 -0.1251
vn 0.5741 0.3106 0.7576
vn -0.6180 -0.2120 0.7570
vn -0.8722 -0.4720 -0.1282
vn -0.5159 -0.4016 0.7567
vn -0.6719 -0.7298 -0.1261
vn -0.3574 -0.5471 0.7570
vn -0.3988 -0.9086 -0.1238
vn -0.1600 -0.6319 0.7584
vn -0.0818 -0.9892 -0.1220
vn 0.0538 -0.6506 0.7575
vn 0.2435 -0.9618 -0.1248
vn 0.2622 -0.5979 0.7575
vn 0.5427 -0.8305 -0.1254
vn 0.4424 -0.4805 0.7572
vn 0.7830 -0.6097 -0.1235
vn 0.5737 -0.3105 0.7579
vn 0.9385 -0.3220 -0.1250
vn 0.6450 -0.1077 0.7565
vn 0.9916 -0.0000 -0.1291
vn 0.5831 -0.0974 0.8065
vn 0.5649 -0.0965 0.8195
vn -0.6052 -0.0051 0.7960
vn -0.5504 -0.1859 0.8140
vn -0.5704 -0.1956 0.7977
vn -0.4579 -0.3528 0.8160
vn -0.4749 -0.3697 0.7986
vn -0.3184 -0.4828 0.8158
vn -0.3280 -0.5021 0.8002
vn -0.1441 -0.5578 0.8174
vn -0.1473 -0.5820 0.7997
vn 0.0453 -0.5749 0.8170
vn 0.0490 -0.5931 0.8036
vn 0.2273 -0.5248 0.8203
vn 0.2388 -0.5444 0.8041
vn 0.3850 -0.4225 0.8205
vn 0.4049 -0.4398 0.8017
vn 0.5055 -0.2760 0.8175
vn 0.5224 -0.2828 0.8044
vn -0.5637 0.1990 0.8017
vn -0.4682 0.3645 0.8050
vn -0.4703 0.3658 0.8031
vn -0.3242 0.4960 0.8055
vn -0.3229 0.4944 0.8070
vn -0.1447 0.5718 0.8075
vn -0.1459 0.5747 0.8053
vn 0.0490 0.5904 0.8057
vn 0.0492 0.5846 0.8098
vn 0.2374 0.5413 0.8066
vn 0.2350 0.5332 0.8127
vn 0.3991 0.4337 0.8079
vn 0.3968 0.4306 0.8107
vn 0.5202 0.2814 0.8064
vn 0.5115 0.2754 0.8139
vn -0.1786 0.0300 0.9835
vn 0.5674 0.0929 0.8182
vn 0.5810 0.0968 0.8081
vn 0.6443 0.1074 0.7572
vn 0.9381 0.3222 -0.1274
vn -0.9782 -0.1633 -0.1282
vn -0.6668 -0.0034 0.7452
vn -0.9847 0.1643 0.0589
vn -0.6295 0.2198 0.7453
vn -0.8727 0.4721 -0.1248
vn -0.5148 0.4008 0.7579
vn -0.6722 0.7302 -0.1225
vn -0.0818 0.9886 -0.1268
vn 0.0541 0.6515 0.7567
vn 0.2434 0.9618 -0.1253
vn 0.7829 0.6090 -0.1271
vn 0.5754 0.3113 0.7563
vn -0.6187 -0.2124 0.7564
vn -0.8726 -0.4719 -0.1260
vn -0.5148 -0.4008 0.7579
vn -0.6719 -0.7302 -0.1244
vn -0.0818 -0.9892 -0.1218
vn 0.0538 -0.6507 0.7574
vn 0.2434 -0.9618 -0.1254
vn 0.7829 -0.6093 -0.1255
vn 0.5750 -0.3112 0.7566
vn 0.9381 -0.3222 -0.1274
vn 0.6443 -0.1074 0.7572
vn 0.9923 -0.0000 -0.1240
vn 0.5829 -0.0971 0.8067
vn 0.5626 -0.0961 0.8211
vn -0.6034 -0.0050 0.7974
vn -0.5484 -0.1852 0.8155
vn -0.5701 -0.1957 0.7979
vn -0.4581 -0.3530 0.8158
vn -0.4750 -0.3698 0.7985
vn -0.3184 -0.4827 0.8159
vn 0.5058 -0.2759 0.8173
vn 0.5209 -0.2820 0.8057
vn -0.5636 0.1991 0.8017
vn -0.4683 0.3645 0.8049
vn -0.4706 0.3659 0.8029
vn -0.3241 0.4959 0.8056
vn -0.1447 0.5717 0.8076
vn -0.1459 0.5747 0.8052
vn 0.2350 0.5333 0.8127
vn 0.3990 0.4337 0.8079
vn 0.3968 0.4305 0.8107
vn 0.5200 0.2814 0.8065
vn 0.5100 0.2744 0.8153
vn -0.1787 0.0300 0.9835
vn 0.5674 0.0930 0.8182
vn 0.5806 0.0968 0.8084
vn -0.9783 -0.1632 -0.1278
vn -0.6668 -0.0033 0.7452
vn -0.9847 0.1643 0.0583
vn -0.6300 0.2200 0.7448
vn -0.8726 0.4719 -0.1260
vn -0.6719 0.7302 -0.1244
vn -0.3574 0.5471 0.7570
vn -0.3988 0.9086 -0.1238
vn -0.1600 0.6319 0.7584
vn -0.0818 0.9892 -0.1218
vn 0.0538 0.6507 0.7574
vn 0.2434 0.9618 -0.1254
vn 0.2623 0.5979 0.7575
vn 0.5427 0.8305 -0.1254
vn 0.4424 0.4805 0.7572
vn 0.7829 0.6093 -0.1255
vn 0.5750 0.3112 0.7566
vn -0.6182 -0.2122 0.7568
vn -0.8727 -0.4721 -0.1248
vn -0.6722 -0.7302 -0.1225
vn -0.3571 -0.5464 0.7576
vn -0.3984 -0.9085 -0.1262
vn -0.1604 -0.6335 0.7570
vn -0.0818 -0.9886 -0.1268
vn 0.0541 -0.6515 0.7567
vn 0.5426 -0.8309 -0.1233
vn 0.4419 -0.4802 0.7577
vn 0.7829 -0.6090 -0.1271
vn 0.5754 -0.3113 0.7563
vn 0.5829 -0.0972 0.8067
vn 0.5630 -0.0961 0.8208
vn -0.5483 -0.1851 0.8155
vn -0.5707 -0.1959 0.7975
vn -0.4591 -0.3540 0.8148
vn -0.4752 -0.3699 0.7983
vn -0.3183 -0.4827 0.8159
vn -0.3273 -0.5007 0.8014
vn -0.1438 -0.5557 0.8188
vn -0.1473 -0.5819 0.7998
vn 0.0494 -0.5950 0.8022
vn 0.2283 -0.5266 0.8189
vn 0.2389 -0.5446 0.8040
vn 0.3851 -0.4225 0.8205
vn 0.4037 -0.4388 0.8028
vn 0.5047 -0.2754 0.8182
vn 0.5216 -0.2822 0.8051
vn -0.5630 0.1989 0.8021
vn -0.4673 0.3638 0.8058
vn -0.4706 0.3658 0.8030
vn -0.3242 0.4962 0.8054
vn -0.3238 0.4959 0.8058
vn -0.1452 0.5736 0.8062
vn -0.1456 0.5746 0.8053
vn 0.0488 0.5901 0.8058
vn 0.0490 0.5825 0.8114
vn 0.2367 0.5396 0.8079
vn 0.2348 0.5335 0.8126
vn 0.3993 0.4338 0.8077
vn 0.3978 0.4316 0.8096
vn 0.5208 0.2819 0.8058
vn 0.5092 0.2738 0.8160
vn 0.1919 -0.0323 0.9809
vn -0.5931 -0.0971 0.7993
vn -0.6101 -0.1025 0.7857
vn -0.6116 0.1013 0.7846
vn -0.5898 0.1008 0.8013
vn -0.5451 0.2943 0.7850
vn -0.5273 0.2876 0.7995
vn -0.4210 0.4569 0.7836
vn -0.4014 0.4406 0.8030
vn -0.2492 0.5687 0.7839
vn -0.2396 0.5532 0.7978
vn -0.0506 0.6183 0.7843
vn -0.0479 0.6064 0.7937
vn 0.1539 0.6051 0.7811
vn 0.1521 0.5884 0.7941
vn 0.3422 0.5229 0.7807
vn 0.3359 0.5091 0.7925
vn 0.4949 0.3862 0.7784
vn 0.4767 0.3673 0.7986
vn 0.5909 0.2031 0.7807
vn 0.5716 0.1931 0.7975
vn 0.6323 0.0117 0.7746
vn 0.5828 -0.2096 0.7851
vn 0.4945 -0.3832 0.7801
vn 0.4882 -0.3796 0.7858
vn 0.3434 -0.5224 0.7805
vn 0.3351 -0.5131 0.7902
vn 0.1540 -0.6024 0.7832
vn 0.1514 -0.5962 0.7884
vn -0.0503 -0.6227 0.7809
vn -0.0512 -0.6082 0.7921
vn -0.2493 -0.5717 0.7817
vn -0.2449 -0.5559 0.7943
vn -0.4205 -0.4591 0.7826
vn -0.4132 -0.4485 0.7925
vn -0.5493 -0.2984 0.7805
vn -0.5346 -0.2875 0.7947
vn 0.7097 0.4606 0.5332
vn 0.5147 0.3498 0.7828
vn 0.4774 0.3133 0.8210
vn 0.1145 0.0714 0.9909
vn 0.1251 0.0806 0.9889
vn 0.0798 0.0965 0.9921
vn 0.0957 0.1247 0.9876
vn 0.0457 0.1094 0.9929
vn 0.0548 0.1578 0.9859
vn 0.0114 0.1131 0.9935
vn 0.0026 0.1751 0.9845
vn -0.0213 0.1082 0.9939
vn -0.0545 0.1727 0.9835
vn -0.0511 0.0959 0.9941
vn -0.1084 0.1501 0.9827
vn -0.0766 0.0766 0.9941
vn -0.1501 0.1084 0.9827
vn -0.0959 0.0511 0.9941
vn -0.1727 0.0545 0.9835
vn -0.1082 0.0213 0.9939
vn -0.1751 -0.0026 0.9845
vn -0.1131 -0.0114 0.9935
vn -0.1578 -0.0548 0.9859
vn -0.1094 -0.0457 0.9930
vn -0.1247 -0.0957 0.9876
vn -0.0965 -0.0799 0.9921
vn -0.0806 -0.1251 0.9889
vn -0.0700 -0.1129 0.9911
vn -0.3210 -0.4916 0.8095
vn -0.3147 -0.4762 0.8211
vn -0.4398 -0.3641 0.8210
vn -0.4393 -0.3635 0.8215
vn -0.5262 -0.2199 0.8215
vn -0.5265 -0.2202 0.8211
vn -0.5680 -0.0574 0.8210
vn -0.5684 -0.0575 0.8207
vn -0.5605 0.1105 0.8207
vn -0.5608 0.1105 0.8205
vn -0.5046 0.2689 0.8204
vn -0.5030 0.2684 0.8216
vn -0.4031 0.4031 0.8216
vn -0.2681 0.5032 0.8215
vn -0.2692 0.5045 0.8204
vn -0.1106 0.5608 0.8205
vn -0.1105 0.5605 0.8207
vn 0.0574 0.5684 0.8207
vn 0.0575 0.5680 0.8210
vn 0.2201 0.5266 0.8212
vn 0.2200 0.5261 0.8215
vn 0.3636 0.4392 0.8215
vn 0.3640 0.4399 0.8209
vn -0.4856 -0.7349 0.4734
vn -0.4771 -0.7031 0.5272
vn -0.6995 -0.5788 0.4191
vn -0.6531 -0.5012 0.5678
vn -0.8572 -0.3584 0.3699
vn -0.7576 -0.2635 0.5972
vn -0.9395 -0.0950 0.3291
vn -0.7854 -0.0114 0.6189
vn -0.9357 0.1844 0.3008
vn -0.7383 0.2329 0.6330
vn -0.8460 0.4515 0.2837
vn -0.6236 0.4503 0.6390
vn -0.6795 0.6795 0.2768
vn -0.4503 0.6236 0.6391
vn -0.4515 0.8460 0.2837
vn -0.2329 0.7383 0.6330
vn -0.1844 0.9357 0.3008
vn 0.0114 0.7854 0.6189
vn 0.0950 0.9395 0.3291
vn 0.2635 0.7576 0.5972
vn 0.3584 0.8572 0.3699
vn 0.5012 0.6531 0.5677
vn 0.5788 0.6995 0.4190
vn -0.2951 -0.8135 0.5012
vn -0.3079 -0.8236 0.4764
vn -0.2316 -0.5975 0.7677
vn -0.1581 -0.5000 0.8515
vn -0.0679 -0.1140 0.9912
vn 0.5547 0.1682 0.8149
vn 0.6050 0.2168 0.7661
vn 0.8034 0.3134 0.5063
vn 0.1146 0.0712 0.9909
vn -0.1585 -0.8794 0.4490
vn -0.1345 -0.9392 0.3159
vn -0.0093 -0.8554 0.5179
vn 0.1088 -0.9394 0.3251
vn 0.1393 -0.8767 0.4603
vn -0.0889 -0.6354 0.7670
vn -0.0903 -0.6044 0.7916
vn 0.0702 -0.6062 0.7922
vn 0.0707 -0.6075 0.7912
vn 0.0232 -0.1990 0.9797
vn 0.0285 -0.2162 0.9759
vn -0.0582 -0.2961 0.9534
vn -0.0243 -0.1984 0.9798
vn 0.2882 0.0564 0.9559
vn 0.1984 0.0250 0.9798
vn 0.1991 -0.0315 0.9795
vn 0.6584 0.1040 0.7455
vn 0.6530 0.1020 0.7504
vn 0.6055 -0.0705 0.7927
vn 0.6525 -0.0641 0.7551
vn 0.9708 -0.1149 0.2107
vn 0.8892 0.1310 0.4384
vn 0.3470 -0.8189 0.4571
vn 0.2958 -0.7188 0.6291
vn 0.2752 -0.5532 0.7863
vn 0.1149 -0.1946 0.9741
vn 0.2967 -0.4448 0.8451
vn 0.3053 -0.3402 0.8894
vn 0.3670 -0.3437 0.8644
vn 0.4372 -0.2521 0.8633
vn 0.5239 -0.2959 0.7987
vn 0.7301 -0.3201 0.6037
vn 0.6387 -0.5257 0.5619
vn 0.7114 -0.5931 0.3771
vn 0.3831 -0.3509 0.8544
vn 0.5133 -0.6852 0.5168
vn 0.5146 -0.7070 0.4851
vn 0.5532 -0.5783 0.5996
vn -0.4771 0.7031 0.5272
vn -0.4856 0.7349 0.4734
vn -0.3201 0.4844 0.8142
vn -0.3133 0.4774 0.8209
vn -0.0713 0.1144 0.9909
vn -0.0806 0.1251 0.9889
vn -0.0965 0.0799 0.9921
vn -0.1247 0.0957 0.9876
vn -0.1094 0.0457 0.9929
vn -0.1578 0.0548 0.9859
vn -0.1131 0.0114 0.9935
vn -0.1751 0.0026 0.9845
vn -0.1082 -0.0213 0.9939
vn -0.1727 -0.0545 0.9835
vn -0.0959 -0.0511 0.9941
vn -0.1501 -0.1084 0.9827
vn -0.0766 -0.0766 0.9941
vn -0.1084 -0.1501 0.9827
vn -0.0511 -0.0959 0.9941
vn -0.0545 -0.1727 0.9835
vn -0.0213 -0.1082 0.9939
vn 0.0026 -0.1751 0.9845
vn 0.0114 -0.1131 0.9935
vn 0.0548 -0.1578 0.9859
vn 0.0457 -0.1094 0.9930
vn 0.0957 -0.1247 0.9876
vn 0.0798 -0.0965 0.9921
vn 0.1251 -0.0806 0.9889
vn 0.1130 -0.0701 0.9911
vn 0.4915 -0.3210 0.8096
vn 0.4762 -0.3147 0.8211
vn 0.3641 -0.4398 0.8210
vn 0.3635 -0.4393 0.8215
vn 0.2199 -0.5262 0.8215
vn 0.2202 -0.5265 0.8212
vn 0.0574 -0.5680 0.8210
vn 0.0575 -0.5684 0.8207
vn -0.1105 -0.5605 0.8207
vn -0.1105 -0.5608 0.8205
vn -0.2689 -0.5046 0.8204
vn -0.2684 -0.5030 0.8216
vn -0.4031 -0.4031 0.8216
vn -0.4032 -0.4032 0.8215
vn -0.5032 -0.2681 0.8215
vn -0.5045 -0.2692 0.8204
vn -0.5608 -0.1106 0.8205
vn -0.5605 -0.1105 0.8207
vn -0.5684 0.0574 0.8207
vn -0.5680 0.0574 0.8210
vn -0.5266 0.2201 0.8212
vn -0.5261 0.2200 0.8215
vn -0.4392 0.3636 0.8215
vn -0.4399 0.3640 0.8209
vn 0.7349 -0.4856 0.4734
vn 0.7031 -0.4771 0.5272
vn 0.5788 -0.6995 0.4190
vn 0.5012 -0.6531 0.5677
vn 0.3584 -0.8572 0.3699
vn 0.2635 -0.7576 0.5972
vn 0.0950 -0.9395 0.3291
vn 0.0114 -0.7854 0.6189
vn -0.1844 -0.9357 0.3008
vn -0.2329 -0.7383 0.6330
vn -0.4515 -0.8460 0.2837
vn -0.4503 -0.6236 0.6391
vn -0.6795 -0.6795 0.2768
vn -0.6236 -0.4503 0.6390
vn -0.8460 -0.4515 0.2837
vn -0.7383 -0.2329 0.6330
vn -0.9357 -0.1844 0.3008
vn -0.7854 0.0114 0.6189
vn -0.9395 0.0950 0.3291
vn -0.7576 0.2635 0.5972
vn -0.8572 0.3584 0.3699
vn -0.6531 0.5012 0.5678
vn -0.6995 0.5788 0.4191
vn 0.8290 -0.2939 0.4758
vn 0.6158 -0.2459 0.7485
vn 0.5001 -0.1582 0.8514
vn 0.1141 -0.0679 0.9911
vn -0.1569 0.5004 0.8515
vn -0.2318 0.5971 0.7680
vn -0.3076 0.8237 0.4763
vn -0.2952 0.8137 0.5007
vn -0.0712 0.1145 0.9909
vn 0.9685 0.1178 0.2193
vn 0.6651 -0.0937 0.7408
vn 0.6374 -0.0958 0.7646
vn 0.5982 0.0579 0.7992
vn 0.6382 0.0742 0.7663
vn 0.1990 0.0232 0.9797
vn 0.2162 0.0285 0.9759
vn 0.2962 -0.0582 0.9534
vn 0.1984 -0.0242 0.9798
vn -0.0564 0.2882 0.9559
vn -0.0250 0.1984 0.9798
vn 0.0315 0.1991 0.9795
vn -0.1040 0.6582 0.7456
vn -0.0839 0.6048 0.7920
vn 0.0706 0.6062 0.7922
vn 0.0645 0.6573 0.7509
vn 0.1277 0.9480 0.2916
vn -0.1585 0.8790 0.4497
vn -0.1344 0.9392 0.3161
vn -0.0093 0.8554 0.5179
vn 0.7188 0.2967 0.6287
vn 0.5896 0.2910 0.7534
vn 0.1946 0.1149 0.9741
vn 0.4448 0.2967 0.8451
vn 0.3402 0.3053 0.8894
vn 0.3437 0.3670 0.8644
vn 0.2521 0.4372 0.8633
vn 0.2962 0.5246 0.7981
vn 0.3204 0.7378 0.5942
vn 0.5312 0.6442 0.5503
vn 0.5910 0.7081 0.3864
vn 0.3530 0.3822 0.8540
vn 0.6867 0.5126 0.5155
vn 0.7053 0.5138 0.4884
vn 0.5789 0.5530 0.5992
vn 0.6477 0.6253 0.4352
vn 0.6418 0.6148 0.4584
vn 0.4072 0.7904 0.4577
vn -0.0924 0.6237 0.7762
vn -0.0885 0.6145 0.7840
vn 0.4661 0.4491 0.7623
vn 0.4232 0.3936 0.8161
vn 0.2861 0.5163 0.8072
vn 0.2923 0.5429 0.7873
vn 0.1079 0.6227 0.7750
vn 0.1094 0.6053 0.7884
vn 0.2222 0.2215 0.9495
vn -0.2824 0.7060 0.6494
vn -0.2723 0.5159 0.8122
vn -0.3699 0.6621 0.6518
vn -0.2622 0.2624 0.9286
vn -0.2527 0.3715 0.8934
vn -0.4224 0.6465 0.6353
vn -0.4222 0.4374 0.7940
vn -0.5581 0.5244 0.6431
vn -0.7273 0.6856 -0.0324
vn -0.4185 0.6263 0.6577
vn 0.1406 0.0545 0.9886
vn 0.7507 0.4345 0.4977
vn 0.7654 0.4343 0.4748
vn 0.5643 0.3103 0.7651
vn 0.4458 0.2814 0.8497
vn -0.8586 -0.2978 0.4172
vn -0.6089 -0.2256 0.7605
vn -0.6232 -0.2347 0.7460
vn -0.2942 -0.1052 0.9499
vn -0.2961 -0.1061 0.9492
vn -0.5547 0.2692 0.7873
vn -0.5381 0.2662 0.7998
vn -0.6067 0.1145 0.7866
vn -0.6304 0.1117 0.7682
vn -0.6398 -0.0480 0.7671
vn -0.6448 -0.0499 0.7627
vn -0.4920 0.0917 0.8657
vn -0.1581 -0.0122 0.9873
vn 0.1491 0.0511 0.9875
vn 0.1284 0.0415 0.9909
vn 0.1345 -0.0005 0.9909
vn 0.1347 -0.0005 0.9909
vn 0.1288 -0.0393 0.9909
vn 0.1284 -0.0393 0.9909
vn 0.1116 -0.0747 0.9909
vn 0.1118 -0.0748 0.9909
vn 0.0854 -0.1040 0.9909
vn 0.0853 -0.1039 0.9909
vn 0.0517 -0.1241 0.9909
vn 0.0136 -0.1337 0.9909
vn 0.0135 -0.1336 0.9909
vn -0.0256 -0.1318 0.9909
vn -0.0256 -0.1319 0.9909
vn -0.0627 -0.1189 0.9909
vn -0.0627 -0.1188 0.9909
vn -0.0981 -0.0929 0.9908
vn -0.1032 -0.0996 0.9897
vn -0.4025 -0.4055 0.8207
vn -0.4350 -0.4543 0.7775
vn -0.5892 -0.5914 0.5505
vn -0.4269 -0.8098 0.4025
vn -0.3413 -0.7317 0.5900
vn -0.1792 -0.9217 0.3439
vn -0.0864 -0.7786 0.6216
vn 0.0962 -0.9479 0.3038
vn 0.1643 -0.7512 0.6393
vn 0.3689 -0.8854 0.2827
vn 0.3939 -0.6553 0.6446
vn 0.6088 -0.7410 0.2833
vn 0.5863 -0.4979 0.6391
vn 0.7914 -0.5301 0.3045
vn 0.7275 -0.2890 0.6223
vn 0.8978 -0.2743 0.3446
vn 0.8059 -0.0421 0.5906
vn 0.9150 -0.0033 0.4035
vn 0.8086 0.2266 0.5430
vn 0.8449 0.2519 0.4720
vn 0.5469 0.1631 0.8212
vn 0.5603 0.1702 0.8106
vn 0.5707 -0.0020 0.8211
vn 0.5453 -0.1669 0.8215
vn 0.5703 -0.0020 0.8214
vn 0.4753 -0.3180 0.8204
vn 0.5468 -0.1671 0.8204
vn 0.3619 -0.4408 0.8214
vn 0.4737 -0.3173 0.8215
vn 0.2196 -0.5272 0.8209
vn 0.3627 -0.4414 0.8207
vn 0.0576 -0.5681 0.8210
vn 0.2196 -0.5271 0.8209
vn -0.1089 -0.5607 0.8208
vn 0.0577 -0.5684 0.8207
vn -0.2662 -0.5047 0.8212
vn -0.1090 -0.5603 0.8211
vn -0.2664 -0.5055 0.8207
vn -0.7204 -0.4753 0.5052
vn -0.1036 -0.0978 0.9898
vn -0.5022 -0.2776 0.8190
vn -0.5483 -0.3439 0.7623
vn -0.1125 0.1057 0.9880
vn -0.0968 0.0939 0.9909
vn -0.0627 0.1188 0.9909
vn -0.0627 0.1189 0.9909
vn -0.0256 0.1319 0.9909
vn -0.0256 0.1318 0.9909
vn 0.0136 0.1336 0.9909
vn 0.0136 0.1337 0.9909
vn 0.0517 0.1241 0.9909
vn 0.0853 0.1039 0.9909
vn 0.0854 0.1040 0.9909
vn 0.1118 0.0748 0.9909
vn 0.1116 0.0747 0.9909
vn 0.1284 0.0392 0.9909
vn 0.1288 0.0394 0.9909
vn 0.1347 0.0005 0.9909
vn 0.1345 0.0005 0.9909
vn 0.1282 -0.0432 0.9908
vn 0.1397 -0.0453 0.9892
vn 0.5465 -0.1649 0.8210
vn 0.5562 -0.1659 0.8143
vn 0.8449 -0.2519 0.4720
vn 0.8086 -0.2266 0.5430
vn 0.9150 0.0033 0.4035
vn 0.8059 0.0421 0.5906
vn 0.8978 0.2743 0.3446
vn 0.7275 0.2890 0.6223
vn 0.7914 0.5301 0.3045
vn 0.5863 0.4979 0.6391
vn 0.6088 0.7410 0.2833
vn 0.3939 0.6553 0.6446
vn 0.3689 0.8854 0.2827
vn 0.1643 0.7512 0.6393
vn 0.0962 0.9479 0.3038
vn -0.0864 0.7786 0.6216
vn -0.1792 0.9217 0.3439
vn -0.3413 0.7317 0.5900
vn -0.4269 0.8098 0.4025
vn -0.5802 0.6077 0.5423
vn -0.6184 0.6272 0.4735
vn -0.4010 0.4067 0.8208
vn -0.4136 0.4153 0.8102
vn -0.2666 0.5054 0.8207
vn -0.1089 0.5603 0.8211
vn -0.2661 0.5048 0.8212
vn 0.0576 0.5684 0.8207
vn -0.1090 0.5607 0.8208
vn 0.2196 0.5271 0.8209
vn 0.0577 0.5680 0.8210
vn 0.3625 0.4416 0.8207
vn 0.2196 0.5272 0.8209
vn 0.4739 0.3171 0.8215
vn 0.3620 0.4407 0.8214
vn 0.5467 0.1673 0.8204
vn 0.4751 0.3182 0.8204
vn 0.5704 0.0020 0.8214
vn 0.5453 0.1666 0.8215
vn 0.5708 0.0020 0.8211
vn 0.4437 -0.2820 0.8507
vn 0.5674 -0.3097 0.7630
vn 0.7655 -0.4343 0.4748
vn 0.7506 -0.4345 0.4978
vn 0.1363 -0.0474 0.9895
vn -0.7354 0.4583 0.4991
vn -0.7422 0.4715 0.4763
vn -0.5384 0.3523 0.7655
vn -0.4581 0.2613 0.8496
vn -0.1124 0.0985 0.9888
vn 0.2418 -0.2373 0.9409
vn -0.0911 -0.6082 0.7885
vn -0.0917 -0.6031 0.7924
vn 0.4923 -0.4514 0.7443
vn 0.4266 -0.4109 0.8057
vn 0.2685 -0.5114 0.8164
vn 0.3048 -0.5549 0.7741
vn 0.1033 -0.6078 0.7873
vn 0.1093 -0.6206 0.7765
vn 0.6569 -0.6256 0.4208
vn 0.6393 -0.6172 0.4586
vn 0.4083 -0.7898 0.4577
vn -0.8532 0.2922 0.4321
vn -0.5733 -0.2748 0.7719
vn -0.5706 -0.2724 0.7747
vn -0.2966 -0.1498 0.9432
vn -0.6064 0.2231 0.7632
vn -0.5713 0.2193 0.7909
vn -0.6278 0.0452 0.7770
vn -0.6376 0.0430 0.7692
vn -0.6327 -0.1209 0.7649
vn -0.6251 -0.1173 0.7716
vn -0.2944 0.0979 0.9506
vn -0.4994 0.0380 0.8656
vn -0.1559 -0.0293 0.9873
vn -0.3568 -0.6152 0.7031
vn -0.3034 -0.5290 0.7925
vn -0.3473 -0.6746 0.6514
vn -0.4615 -0.8867 -0.0291
vn -0.5951 -0.4652 0.6553
vn -0.4164 -0.4029 0.8151
vn -0.3278 -0.3011 0.8955
vn -0.2450 -0.2972 0.9228
vn -0.4898 -0.5805 0.6505
vn -0.5083 -0.5897 0.6275
vn -0.0024 -0.0040 -1.0000
vn 0.0002 -0.0000 -1.0000
vn -0.0001 -0.0000 -1.0000
vn 0.0003 -0.0010 -1.0000
vn 0.0001 0.0003 -1.0000
vn 0.0019 -0.0030 -1.0000
vn 0.0001 -0.0001 -1.0000
vn -0.0003 -0.0010 -1.0000
vn -0.0001 0.0003 -1.0000
vn -0.0006 -0.0005 -1.0000
vn -0.0005 -0.0002 -1.0000
vn -0.0035 -0.0000 -1.0000
vn -0.0000 -0.0002 -1.0000
vn -0.0002 0.0005 -1.0000
vn -0.0000 0.0035 -1.0000
vn -0.0000 -0.0001 -1.0000
vn 0.0003 0.0009 -1.0000
vn 0.0001 -0.0003 -1.0000
vn 0.0006 0.0005 -1.0000
vn -0.0002 0.0001 -1.0000
vn -0.0003 0.0011 -1.0000
vn -0.0001 -0.0004 -1.0000
vn -0.0021 0.0030 -1.0000
vn 0.0037 0.0001 -1.0000
vn 0.9845 0.1733 -0.0249
vn 0.9844 0.1739 -0.0265
vn 0.8657 0.4999 -0.0263
vn 0.8659 0.4996 -0.0252
vn 0.6428 0.7656 -0.0252
vn 0.6423 0.7660 -0.0267
vn 0.3416 0.9395 -0.0266
vn 0.3421 0.9393 -0.0251
vn -0.0000 0.9997 -0.0253
vn -0.3416 0.9395 -0.0251
vn -0.3421 0.9393 -0.0267
vn -0.6427 0.7656 -0.0267
vn -0.6424 0.7660 -0.0252
vn -0.8657 0.5000 -0.0252
vn -0.8659 0.4996 -0.0263
vn -0.9845 0.1733 -0.0265
vn -0.9845 0.1739 -0.0249
vn -0.9997 -0.0000 -0.0253
vn -0.9995 0.0012 -0.0312
vn 0.9990 0.0039 -0.0443
vn 0.9997 -0.0000 -0.0253
vn 0.9995 -0.0012 -0.0312
vn -0.9990 -0.0039 -0.0443
vn -0.9845 -0.1733 -0.0249
vn -0.9844 -0.1739 -0.0265
vn -0.8657 -0.4999 -0.0263
vn -0.8659 -0.4996 -0.0252
vn -0.6428 -0.7656 -0.0252
vn -0.6423 -0.7660 -0.0267
vn -0.3416 -0.9395 -0.0266
vn -0.3421 -0.9393 -0.0251
vn -0.0000 -0.9997 -0.0253
vn 0.3416 -0.9395 -0.0251
vn 0.3421 -0.9393 -0.0267
vn 0.6427 -0.7656 -0.0267
vn 0.6424 -0.7660 -0.0252
vn 0.8657 -0.5000 -0.0252
vn 0.8659 -0.4996 -0.0263
vn 0.9845 -0.1733 -0.0265
vn 0.9845 -0.1739 -0.0249
vn -0.1860 0.1546 -0.9703
vn -0.2697 0.2124 -0.9392
vn -0.4455 0.3674 -0.8164
vn -0.5086 0.4089 -0.7577
vn -0.6627 0.5403 -0.5185
vn -0.6524 0.5347 -0.5371
vn -0.1543 0.0984 -0.9831
vn -0.2121 0.0831 -0.9737
vn -0.1931 0.0689 -0.9788
vn -0.2049 0.0181 -0.9786
vn -0.2351 0.0276 -0.9716
vn -0.1732 -0.0189 -0.9847
vn -0.2357 -0.0686 -0.9694
vn -0.1936 -0.0672 -0.9788
vn -0.1711 -0.1142 -0.9786
vn -0.2007 -0.1258 -0.9715
vn -0.1233 -0.1233 -0.9847
vn -0.1454 -0.2218 -0.9642
vn -0.1258 -0.2007 -0.9715
vn -0.0572 -0.1647 -0.9847
vn -0.0341 -0.2630 -0.9642
vn -0.0257 -0.2353 -0.9716
vn 0.0203 -0.1731 -0.9847
vn 0.0789 -0.2454 -0.9662
vn 0.0743 -0.2084 -0.9752
vn 0.0969 -0.1520 -0.9836
vn 0.3119 -0.4890 -0.8146
vn 0.4606 -0.7221 -0.5161
vn 0.4475 -0.7161 -0.5357
vn 0.2913 -0.8171 -0.4975
vn 0.2575 -0.7929 -0.5523
vn 0.1021 -0.8701 -0.4822
vn 0.0576 -0.8233 -0.5646
vn -0.0959 -0.8778 -0.4694
vn -0.1423 -0.8067 -0.5736
vn -0.2912 -0.8387 -0.4603
vn -0.3314 -0.7445 -0.5796
vn -0.4731 -0.7547 -0.4545
vn -0.5005 -0.6406 -0.5823
vn -0.6306 -0.6306 -0.4525
vn -0.6406 -0.5005 -0.5823
vn -0.7547 -0.4731 -0.4545
vn -0.7445 -0.3314 -0.5796
vn -0.8387 -0.2912 -0.4603
vn -0.8067 -0.1423 -0.5736
vn -0.8778 -0.0959 -0.4694
vn -0.8233 0.0576 -0.5646
vn -0.8701 0.1021 -0.4822
vn -0.7929 0.2575 -0.5523
vn -0.8171 0.2913 -0.4975
vn -0.7161 0.4475 -0.5357
vn -0.7221 0.4606 -0.5161
vn -0.4890 0.3120 -0.8146
vn -0.4890 0.3119 -0.8146
vn -0.5464 0.1948 -0.8146
vn -0.5760 0.0676 -0.8147
vn -0.5463 0.1947 -0.8147
vn -0.5765 -0.0629 -0.8146
vn -0.5760 0.0676 -0.8146
vn -0.5478 -0.1902 -0.8147
vn -0.5764 -0.0630 -0.8147
vn -0.4913 -0.3080 -0.8147
vn -0.4100 -0.4100 -0.8148
vn -0.4913 -0.3080 -0.8148
vn -0.3079 -0.4913 -0.8148
vn -0.4100 -0.4100 -0.8147
vn -0.1902 -0.5478 -0.8147
vn -0.3080 -0.4913 -0.8147
vn -0.0629 -0.5764 -0.8147
vn 0.0676 -0.5760 -0.8146
vn -0.0630 -0.5765 -0.8146
vn 0.1948 -0.5462 -0.8147
vn 0.0676 -0.5760 -0.8147
vn 0.1948 -0.5464 -0.8146
vn 0.1037 -0.1314 -0.9859
vn 0.1550 -0.1873 -0.9700
vn 0.3015 -0.3767 -0.8759
vn 0.3676 -0.4453 -0.8164
vn 0.4510 -0.5606 -0.6945
vn 0.5450 -0.6589 -0.5184
vn 0.5624 -0.6869 -0.4603
vn -0.1953 -0.1437 -0.9701
vn -0.2799 -0.2162 -0.9354
vn -0.4640 -0.3438 -0.8164
vn -0.5256 -0.3987 -0.7515
vn -0.6844 -0.5122 -0.5188
vn -0.6716 -0.4989 -0.5478
vn -0.1332 -0.1262 -0.9830
vn -0.1309 -0.1971 -0.9716
vn -0.1312 -0.1973 -0.9715
vn -0.0616 -0.1631 -0.9847
vn -0.0455 -0.2412 -0.9694
vn -0.0277 -0.2031 -0.9788
vn 0.0243 -0.2043 -0.9786
vn 0.0213 -0.2359 -0.9715
vn 0.0541 -0.1657 -0.9847
vn 0.1320 -0.2301 -0.9642
vn 0.1219 -0.2029 -0.9716
vn 0.1209 -0.1255 -0.9847
vn 0.1983 -0.1445 -0.9694
vn 0.1715 -0.1120 -0.9788
vn 0.1948 -0.0655 -0.9787
vn 0.2223 -0.0820 -0.9715
vn 0.1728 -0.0221 -0.9847
vn 0.2565 0.0169 -0.9664
vn 0.2196 0.0215 -0.9754
vn 0.1714 0.0575 -0.9835
vn 0.5498 0.1844 -0.8147
vn 0.8121 0.2724 -0.5160
vn 0.8028 0.2607 -0.5363
vn 0.8630 0.0847 -0.4981
vn 0.8319 0.0582 -0.5519
vn 0.8692 -0.1113 -0.4818
vn 0.8127 -0.1433 -0.5648
vn 0.8284 -0.3053 -0.4697
vn 0.7482 -0.3331 -0.5739
vn 0.7431 -0.4857 -0.4603
vn 0.6424 -0.5019 -0.5792
vn 0.6181 -0.6415 -0.4544
vn 0.5004 -0.6405 -0.5825
vn 0.4592 -0.7642 -0.4529
vn 0.3305 -0.7424 -0.5827
vn 0.2762 -0.8467 -0.4547
vn 0.1415 -0.8026 -0.5795
vn 0.0798 -0.8842 -0.4603
vn -0.0572 -0.8170 -0.5738
vn -0.1194 -0.8747 -0.4697
vn -0.2549 -0.7850 -0.5646
vn -0.3094 -0.8197 -0.4821
vn -0.4418 -0.7070 -0.5523
vn -0.4803 -0.7223 -0.4976
vn -0.6074 -0.5865 -0.5358
vn -0.6215 -0.5891 -0.5163
vn -0.4208 -0.3988 -0.8148
vn -0.4209 -0.3989 -0.8147
vn -0.3209 -0.4828 -0.8148
vn -0.2049 -0.5427 -0.8146
vn -0.3212 -0.4830 -0.8146
vn -0.0785 -0.5747 -0.8146
vn -0.2048 -0.5426 -0.8146
vn 0.0521 -0.5775 -0.8147
vn -0.0784 -0.5746 -0.8147
vn 0.1799 -0.5512 -0.8148
vn 0.0521 -0.5774 -0.8148
vn 0.2988 -0.4972 -0.8146
vn 0.1799 -0.5514 -0.8146
vn 0.4023 -0.4178 -0.8146
vn 0.4854 -0.3171 -0.8148
vn 0.4022 -0.4175 -0.8148
vn 0.5444 -0.2007 -0.8144
vn 0.4857 -0.3175 -0.8144
vn 0.5754 -0.0737 -0.8146
vn 0.5442 -0.2006 -0.8146
vn 0.5772 0.0566 -0.8147
vn 0.5752 -0.0736 -0.8147
vn 0.1213 0.0552 -0.9911
vn 0.2241 0.1093 -0.9684
vn 0.4747 0.2221 -0.8516
vn 0.5216 0.2477 -0.8164
vn 0.6619 0.3064 -0.6841
vn 0.7734 0.3648 -0.5184
vn 0.7637 0.3615 -0.5348
vn -0.1311 0.1010 -0.9862
vn -0.1966 0.1447 -0.9697
vn -0.3974 0.3006 -0.8670
vn -0.4644 0.3432 -0.8164
vn -0.6025 0.4566 -0.6546
vn -0.6864 0.5096 -0.5188
vn -0.7008 0.5231 -0.4850
vn 0.1743 -0.0585 -0.9830
vn 0.2343 -0.0227 -0.9719
vn 0.2356 -0.0231 -0.9716
vn 0.1728 0.0221 -0.9847
vn 0.2343 0.0730 -0.9694
vn 0.1922 0.0708 -0.9788
vn 0.1688 0.1173 -0.9787
vn 0.1983 0.1295 -0.9715
vn 0.1209 0.1255 -0.9847
vn 0.1411 0.2244 -0.9642
vn 0.1221 0.2031 -0.9715
vn 0.0541 0.1657 -0.9847
vn 0.0292 0.2636 -0.9642
vn 0.0213 0.2360 -0.9715
vn -0.0236 0.1727 -0.9847
vn -0.0749 0.2337 -0.9694
vn -0.0724 0.1919 -0.9787
vn -0.1166 0.1692 -0.9787
vn -0.1223 0.1840 -0.9753
vn -0.1311 0.1242 -0.9836
vn -0.4208 0.3988 -0.8148
vn -0.4209 0.3989 -0.8147
vn -0.6215 0.5891 -0.5163
vn -0.6074 0.5865 -0.5358
vn -0.4803 0.7223 -0.4976
vn -0.4418 0.7070 -0.5523
vn -0.3094 0.8197 -0.4821
vn -0.2549 0.7850 -0.5646
vn -0.1194 0.8747 -0.4697
vn -0.0572 0.8170 -0.5738
vn 0.0798 0.8842 -0.4603
vn 0.1415 0.8026 -0.5795
vn 0.2762 0.8467 -0.4547
vn 0.3305 0.7424 -0.5827
vn 0.4592 0.7642 -0.4529
vn 0.5004 0.6405 -0.5825
vn 0.6181 0.6415 -0.4544
vn 0.6424 0.5019 -0.5792
vn 0.7431 0.4857 -0.4603
vn 0.7482 0.3331 -0.5739
vn 0.8284 0.3053 -0.4697
vn 0.8127 0.1433 -0.5648
vn 0.8692 0.1113 -0.4818
vn 0.8319 -0.0582 -0.5519
vn 0.8630 -0.0847 -0.4981
vn 0.8028 -0.2607 -0.5363
vn 0.8121 -0.2724 -0.5160
vn 0.5498 -0.1844 -0.8147
vn 0.5772 -0.0566 -0.8147
vn 0.5752 0.0737 -0.8147
vn 0.5442 0.2006 -0.8146
vn 0.5754 0.0737 -0.8146
vn 0.4858 0.3173 -0.8144
vn 0.5445 0.2006 -0.8144
vn 0.4022 0.4176 -0.8148
vn 0.4853 0.3172 -0.8148
vn 0.2988 0.4972 -0.8146
vn 0.4024 0.4177 -0.8146
vn 0.1799 0.5514 -0.8146
vn 0.0521 0.5774 -0.8148
vn 0.1798 0.5512 -0.8148
vn -0.0785 0.5746 -0.8147
vn 0.0522 0.5775 -0.8147
vn -0.2049 0.5426 -0.8146
vn -0.0784 0.5747 -0.8146
vn -0.3211 0.4831 -0.8146
vn -0.2049 0.5427 -0.8146
vn -0.3210 0.4827 -0.8148
vn 0.2191 -0.1045 -0.9701
vn 0.3155 -0.1433 -0.9380
vn 0.5218 -0.2475 -0.8164
vn 0.5950 -0.2755 -0.7551
vn 0.7741 -0.3634 -0.5184
vn 0.7564 -0.3579 -0.5476
vn 0.1546 0.1860 -0.9703
vn 0.2124 0.2697 -0.9392
vn 0.3674 0.4455 -0.8164
vn 0.4089 0.5086 -0.7577
vn 0.5403 0.6627 -0.5185
vn 0.5347 0.6524 -0.5371
vn 0.0984 0.1543 -0.9831
vn 0.0831 0.2121 -0.9737
vn 0.0689 0.1931 -0.9788
vn 0.0181 0.2049 -0.9786
vn 0.0276 0.2351 -0.9716
vn -0.0189 0.1733 -0.9847
vn -0.0686 0.2357 -0.9694
vn -0.0672 0.1936 -0.9788
vn -0.1142 0.1711 -0.9786
vn -0.1258 0.2007 -0.9715
vn -0.1233 0.1233 -0.9847
vn -0.2218 0.1454 -0.9642
vn -0.2007 0.1258 -0.9715
vn -0.1647 0.0572 -0.9847
vn -0.2630 0.0342 -0.9642
vn -0.2353 0.0257 -0.9716
vn -0.1731 -0.0203 -0.9847
vn -0.2453 -0.0789 -0.9662
vn -0.2084 -0.0743 -0.9752
vn -0.1520 -0.0969 -0.9836
vn -0.4890 -0.3119 -0.8146
vn -0.7221 -0.4606 -0.5161
vn -0.7161 -0.4475 -0.5357
vn -0.8171 -0.2913 -0.4975
vn -0.7929 -0.2575 -0.5523
vn -0.8701 -0.1021 -0.4822
vn -0.8233 -0.0576 -0.5646
vn -0.8778 0.0959 -0.4694
vn -0.8067 0.1423 -0.5736
vn -0.8387 0.2912 -0.4603
vn -0.7445 0.3314 -0.5796
vn -0.7547 0.4731 -0.4545
vn -0.6406 0.5005 -0.5823
vn -0.6306 0.6306 -0.4525
vn -0.5005 0.6406 -0.5823
vn -0.4731 0.7547 -0.4545
vn -0.3314 0.7445 -0.5796
vn -0.2912 0.8387 -0.4603
vn -0.1423 0.8067 -0.5736
vn -0.0959 0.8778 -0.4694
vn 0.0576 0.8233 -0.5646
vn 0.1021 0.8701 -0.4822
vn 0.2575 0.7929 -0.5523
vn 0.2913 0.8171 -0.4975
vn 0.4475 0.7161 -0.5357
vn 0.4606 0.7221 -0.5161
vn 0.3120 0.4890 -0.8146
vn 0.3119 0.4890 -0.8146
vn 0.1948 0.5464 -0.8146
vn 0.0676 0.5760 -0.8147
vn 0.1947 0.5463 -0.8147
vn -0.0629 0.5765 -0.8146
vn 0.0676 0.5760 -0.8146
vn -0.1902 0.5478 -0.8147
vn -0.0630 0.5764 -0.8147
vn -0.3080 0.4913 -0.8147
vn -0.4100 0.4100 -0.8148
vn -0.3080 0.4913 -0.8148
vn -0.4913 0.3079 -0.8148
vn -0.5478 0.1902 -0.8147
vn -0.4913 0.3080 -0.8147
vn -0.5764 0.0629 -0.8147
vn -0.5760 -0.0676 -0.8146
vn -0.5765 0.0630 -0.8146
vn -0.5462 -0.1948 -0.8147
vn -0.5760 -0.0676 -0.8147
vn -0.5464 -0.1948 -0.8146
vn -0.1314 -0.1037 -0.9859
vn -0.1873 -0.1550 -0.9700
vn -0.3767 -0.3015 -0.8759
vn -0.4453 -0.3676 -0.8164
vn -0.5606 -0.4510 -0.6945
vn -0.6589 -0.5450 -0.5184
vn -0.6869 -0.5624 -0.4603
vn -0.3707 -0.0038 -0.9287
vn -0.4031 -0.0065 -0.9151
vn -0.6972 0.0079 -0.7168
vn -0.8527 -0.0074 -0.5224
vn -0.9598 0.0071 -0.2807
vn -0.2035 -0.0323 -0.9785
vn -0.2969 -0.1367 -0.9451
vn -0.2301 -0.1172 -0.9661
vn -0.1826 -0.1826 -0.9661
vn -0.1825 -0.1825 -0.9661
vn -0.1172 -0.2301 -0.9661
vn -0.0404 -0.2551 -0.9661
vn -0.0405 -0.2552 -0.9660
vn 0.0405 -0.2553 -0.9660
vn 0.0405 -0.2551 -0.9661
vn 0.1172 -0.2300 -0.9661
vn 0.1172 -0.2301 -0.9661
vn 0.1826 -0.1826 -0.9661
vn 0.1825 -0.1825 -0.9661
vn 0.2337 -0.1122 -0.9658
vn 0.2751 -0.1401 -0.9512
vn 0.1964 -0.0312 -0.9800
vn 0.6932 -0.1099 -0.7123
vn 0.6930 -0.1098 -0.7125
vn 0.9489 -0.1504 -0.2775
vn 0.9212 -0.1622 -0.3537
vn 0.8726 -0.4445 -0.2024
vn 0.7893 -0.4558 -0.4115
vn 0.6995 -0.6995 -0.1459
vn 0.5747 -0.6845 -0.4485
vn 0.4514 -0.8861 -0.1050
vn 0.3016 -0.8295 -0.4702
vn 0.1560 -0.9840 -0.0865
vn -0.0000 -0.8784 -0.4779
vn -0.1560 -0.9840 -0.0865
vn -0.3016 -0.8295 -0.4701
vn -0.4514 -0.8861 -0.1050
vn -0.5747 -0.6845 -0.4485
vn -0.6995 -0.6995 -0.1459
vn -0.7893 -0.4558 -0.4115
vn -0.8726 -0.4445 -0.2024
vn -0.9212 -0.1622 -0.3537
vn -0.9489 -0.1504 -0.2775
vn -0.6932 -0.1099 -0.7123
vn -0.6930 -0.1099 -0.7125
vn -0.6256 -0.3187 -0.7121
vn -0.4966 -0.4966 -0.7119
vn -0.6257 -0.3187 -0.7120
vn -0.3187 -0.6257 -0.7120
vn -0.4965 -0.4965 -0.7120
vn -0.1099 -0.6932 -0.7123
vn -0.3187 -0.6256 -0.7121
vn 0.1099 -0.6930 -0.7125
vn -0.1098 -0.6930 -0.7125
vn 0.3187 -0.6256 -0.7121
vn 0.1099 -0.6932 -0.7123
vn 0.4965 -0.4965 -0.7120
vn 0.3187 -0.6257 -0.7120
vn 0.6257 -0.3187 -0.7120
vn 0.4966 -0.4966 -0.7119
vn 0.6256 -0.3187 -0.7121
vn 0.9598 0.0055 -0.2807
vn 0.9023 -0.0064 -0.4310
vn 0.6972 0.0079 -0.7168
vn 0.4994 -0.0073 -0.8664
vn 0.3874 -0.0004 -0.9219
vn -0.9598 -0.0055 -0.2807
vn -0.9023 0.0064 -0.4310
vn -0.6972 -0.0079 -0.7168
vn -0.4993 0.0073 -0.8664
vn -0.3873 0.0004 -0.9219
vn -0.9212 0.1622 -0.3537
vn -0.9489 0.1504 -0.2775
vn -0.6930 0.1098 -0.7125
vn -0.6932 0.1099 -0.7123
vn -0.1964 0.0312 -0.9800
vn -0.2751 0.1401 -0.9512
vn -0.2337 0.1122 -0.9658
vn -0.1825 0.1825 -0.9661
vn -0.1172 0.2301 -0.9661
vn -0.1172 0.2300 -0.9661
vn -0.0405 0.2551 -0.9661
vn -0.0405 0.2553 -0.9660
vn 0.0405 0.2552 -0.9660
vn 0.0404 0.2551 -0.9661
vn 0.1172 0.2301 -0.9661
vn 0.1825 0.1825 -0.9661
vn 0.1826 0.1826 -0.9661
vn 0.2301 0.1172 -0.9661
vn 0.2969 0.1367 -0.9451
vn 0.2035 0.0323 -0.9785
vn 0.6930 0.1099 -0.7125
vn 0.6932 0.1099 -0.7123
vn 0.6256 0.3187 -0.7121
vn 0.6257 0.3187 -0.7120
vn 0.4966 0.4966 -0.7120
vn 0.4966 0.4966 -0.7119
vn 0.3187 0.6256 -0.7120
vn 0.3187 0.6256 -0.7121
vn 0.1099 0.6932 -0.7123
vn 0.1098 0.6930 -0.7125
vn -0.1099 0.6930 -0.7125
vn -0.1099 0.6932 -0.7123
vn -0.3187 0.6256 -0.7121
vn -0.3187 0.6257 -0.7120
vn -0.4966 0.4966 -0.7120
vn -0.4966 0.4966 -0.7119
vn -0.6257 0.3187 -0.7120
vn -0.6256 0.3187 -0.7121
vn 0.9489 0.1504 -0.2775
vn 0.9212 0.1622 -0.3537
vn 0.8726 0.4445 -0.2024
vn 0.7893 0.4558 -0.4115
vn 0.6995 0.6995 -0.1459
vn 0.5747 0.6845 -0.4485
vn 0.4514 0.8861 -0.1050
vn 0.3016 0.8295 -0.4701
vn 0.1560 0.9840 -0.0865
vn -0.0000 0.8784 -0.4779
vn -0.1560 0.9840 -0.0865
vn -0.3016 0.8295 -0.4701
vn -0.4514 0.8861 -0.1050
vn -0.5747 0.6845 -0.4485
vn -0.6995 0.6995 -0.1459
vn -0.7893 0.4558 -0.4115
vn -0.8726 0.4445 -0.2024
vn 0.3708 0.0038 -0.9287
vn 0.4032 0.0065 -0.9151
vn 0.6972 -0.0079 -0.7168
vn 0.8527 0.0074 -0.5224
vn 0.9598 -0.0071 -0.2807
vn -0.0104 -0.9619 -0.2731
vn -0.0124 -0.9563 -0.2922
vn -0.0003 -0.8171 -0.5765
vn -0.0128 -0.6895 -0.7242
vn 0.0011 -0.5329 -0.8462
vn -0.0092 -0.2464 -0.9691
vn -0.0090 -0.2445 -0.9696
vn -0.0108 -0.1527 -0.9882
vn -0.0673 -0.2453 -0.9671
vn -0.0342 -0.1572 -0.9870
vn -0.0359 -0.5808 -0.8132
vn -0.0505 -0.8158 -0.5762
vn -0.1762 -0.6513 -0.7381
vn -0.2136 -0.7892 -0.5758
vn -0.1382 -0.8058 -0.5759
vn -0.1642 -0.9570 -0.2392
vn -0.0726 -0.9712 -0.2267
vn -0.1750 -0.6742 -0.7175
vn -0.2133 -0.7157 -0.6650
vn -0.2594 -0.9480 -0.1842
vn -0.1702 -0.9405 -0.2939
vn -0.2741 -0.9026 -0.3319
vn -0.0612 -0.9901 -0.1260
vn -0.1382 -0.8059 -0.5757
vn -0.0504 -0.8164 -0.5754
vn -0.0372 -0.5322 -0.8458
vn -0.1734 -0.6346 -0.7531
vn -0.0806 -0.4700 -0.8790
vn -0.8804 0.2471 -0.4047
vn -0.7591 -0.2661 -0.5942
vn -0.5674 -0.3447 -0.7478
vn -0.3794 -0.5564 -0.7392
vn -0.3585 -0.7677 -0.5312
vn -0.4148 -0.8646 -0.2835
vn -0.4783 -0.8263 -0.2972
vn -0.5136 -0.8417 -0.1668
vn -0.7034 -0.5806 -0.4100
vn -0.7876 -0.5508 -0.2763
vn -0.8041 -0.4802 -0.3504
vn -0.9107 -0.1812 -0.3712
vn -0.7709 -0.2360 -0.5915
vn -0.8664 -0.0075 -0.4994
vn -0.6909 -0.7010 -0.1772
vn -0.2427 -0.1488 -0.9586
vn -0.2447 -0.1349 -0.9602
vn -0.4854 -0.0268 -0.8739
vn -0.4932 0.0234 -0.8696
vn -0.7160 0.1479 -0.6823
vn -0.7169 0.1594 -0.6787
vn -0.5526 -0.3820 -0.7407
vn -0.3096 -0.4799 -0.8209
vn -0.6875 -0.6040 -0.4032
vn -0.5364 -0.6985 -0.4736
vn -0.5697 -0.6506 -0.5022
vn -0.4265 -0.8951 -0.1302
vn -0.0116 -0.9589 -0.2836
vn 0.0088 -0.9514 -0.3077
vn 0.3347 -0.8547 -0.3968
vn 0.4105 -0.7645 -0.4970
vn 0.6174 -0.6514 -0.4411
vn 0.6073 -0.4417 -0.6603
vn 0.4306 -0.4739 -0.7681
vn 0.4251 -0.3093 -0.8506
vn 0.1287 -0.3602 -0.9239
vn 0.1270 -0.2422 -0.9619
vn -0.1322 -0.4633 -0.8763
vn 0.1266 -0.6290 -0.7670
vn -0.0756 -0.9063 -0.4159
vn -0.2314 -0.6578 -0.7168
vn -0.1841 -0.8146 -0.5501
vn -0.0692 -0.9010 -0.4284
vn -0.2983 -0.9126 -0.2795
vn -0.3549 -0.7019 -0.6175
vn -0.4693 -0.8527 -0.2295
vn -0.4582 -0.8627 -0.2139
vn -0.1885 -0.8220 -0.5374
vn -0.2233 -0.9117 -0.3449
vn 0.3278 -0.7377 -0.5902
vn 0.2382 -0.7653 -0.5980
vn 0.1431 -0.5976 -0.7889
vn -0.4713 -0.8293 -0.3001
vn -0.4713 -0.8294 -0.3000
vn -0.3905 -0.8704 -0.3000
vn -0.3061 -0.9035 -0.3000
vn -0.3060 -0.9034 -0.3003
vn -0.2190 -0.9284 -0.3003
vn -0.2189 -0.9283 -0.3007
vn -0.1296 -0.9449 -0.3006
vn -0.1300 -0.9460 -0.2970
vn -0.0937 -0.6821 -0.7253
vn -0.0940 -0.6833 -0.7241
vn -0.0377 -0.2476 -0.9681
vn -0.0359 -0.2393 -0.9703
vn -0.3402 -0.5986 -0.7252
vn -0.3404 -0.5989 -0.7249
vn -0.2820 -0.6285 -0.7249
vn -0.2815 -0.6277 -0.7257
vn -0.2207 -0.6516 -0.7257
vn -0.2210 -0.6522 -0.7251
vn -0.1581 -0.6702 -0.7251
vn -0.1580 -0.6701 -0.7253
vn -0.1367 -0.2406 -0.9609
vn -0.1218 -0.2187 -0.9682
vn -0.1025 -0.2285 -0.9681
vn -0.1027 -0.2289 -0.9680
vn -0.0805 -0.2376 -0.9680
vn -0.0804 -0.2373 -0.9681
vn -0.0575 -0.2438 -0.9681
vn -0.0575 -0.2439 -0.9681
vn -0.1781 -0.9493 -0.2592
vn -0.1683 -0.7993 -0.5769
vn -0.3157 -0.5847 -0.7473
vn -0.4908 -0.1820 -0.8521
vn -0.4699 -0.2041 -0.8588
vn -0.3274 -0.5952 -0.7338
vn -0.2196 -0.9325 -0.2868
vn -0.1875 -0.9701 -0.1540
vn -0.2747 -0.9562 -0.1012
vn -0.3853 -0.9096 -0.1556
vn -0.5833 -0.7992 -0.1447
vn -0.7031 -0.6544 -0.2780
vn -0.8372 -0.5139 -0.1871
vn -0.9255 -0.1839 -0.3310
vn -0.8862 -0.2284 -0.4032
vn -0.7727 -0.1004 -0.6267
vn -0.4566 -0.7949 -0.3996
vn -0.4614 -0.7917 -0.4003
vn -0.6428 -0.5058 -0.5753
vn -0.6974 -0.4460 -0.5610
vn -0.9634 -0.2633 -0.0507
vn -0.9680 -0.2480 -0.0380
vn -0.7279 -0.6835 -0.0541
vn -0.7285 -0.6830 -0.0535
vn -0.2789 -0.9587 -0.0553
vn 0.3099 -0.9486 -0.0635
vn 0.3254 -0.9439 -0.0558
vn 0.7285 -0.6830 -0.0535
vn 0.7279 -0.6835 -0.0541
vn 0.9680 -0.2480 -0.0380
vn 0.9582 -0.2788 -0.0636
vn 0.2618 -0.9530 -0.1526
vn 0.5864 -0.7942 -0.1592
vn 0.7039 -0.6552 -0.2744
vn 0.8319 -0.5156 -0.2054
vn 0.9276 -0.1629 -0.3363
vn 0.8353 -0.2558 -0.4867
vn 0.3325 -0.9077 -0.2561
vn 0.2066 -0.9582 -0.1981
vn 0.3542 -0.7369 -0.5758
vn 0.1837 -0.5206 -0.8338
vn 0.3052 -0.1760 -0.9359
vn 0.4033 -0.2280 -0.8862
vn 0.6439 -0.0724 -0.7617
vn 0.4118 -0.7126 -0.5680
vn 0.4063 -0.7987 -0.4438
vn 0.5690 -0.4999 -0.6529
vn 0.5719 -0.5097 -0.6428
vn 0.1336 -0.9550 -0.2647
vn 0.1347 -0.9441 -0.3008
vn 0.2274 -0.9262 -0.3008
vn 0.2274 -0.9260 -0.3013
vn 0.3198 -0.8983 -0.3013
vn 0.3198 -0.8985 -0.3007
vn 0.4089 -0.8617 -0.3006
vn 0.4945 -0.8155 -0.3006
vn 0.4985 -0.8252 -0.2658
vn 0.3547 -0.5903 -0.7251
vn 0.3432 -0.5670 -0.7489
vn 0.1298 -0.2144 -0.9681
vn 0.1298 -0.2145 -0.9680
vn 0.0944 -0.6492 -0.7547
vn 0.0958 -0.6821 -0.7250
vn 0.1643 -0.6689 -0.7249
vn 0.1644 -0.6696 -0.7243
vn 0.2312 -0.6495 -0.7243
vn 0.2311 -0.6490 -0.7248
vn 0.2953 -0.6224 -0.7249
vn 0.2953 -0.6222 -0.7250
vn 0.0365 -0.2598 -0.9650
vn 0.0357 -0.2480 -0.9681
vn 0.0597 -0.2434 -0.9681
vn 0.0597 -0.2432 -0.9681
vn 0.0840 -0.2359 -0.9681
vn 0.0840 -0.2361 -0.9681
vn 0.1074 -0.2264 -0.9681
vn 0.1075 -0.2264 -0.9681
vn -0.3610 -0.8510 -0.3815
vn -0.2848 -0.8637 -0.4157
vn 0.1213 -0.9599 -0.2527
vn 0.0986 -0.9542 -0.2823
vn 0.3462 -0.9260 -0.1506
vn 0.4829 -0.8621 -0.1537
vn 0.1565 -0.8985 -0.4101
vn 0.1705 -0.8969 -0.4080
vn -0.1258 -0.8266 -0.5485
vn -0.2206 -0.7421 -0.6330
vn -0.4689 -0.6135 -0.6354
vn -0.2273 -0.4807 -0.8469
vn -0.2381 -0.4137 -0.8787
vn -0.0062 -0.2874 -0.9578
vn -0.0058 -0.3017 -0.9534
vn 0.2338 -0.5462 -0.8044
vn 0.0382 -0.6822 -0.7302
vn 0.0577 -0.6879 -0.7235
vn 0.4645 -0.8486 -0.2533
vn 0.4670 -0.8479 -0.2508
vn 0.2914 -0.7981 -0.5273
vn 0.2328 -0.7921 -0.5643
vn 0.2912 -0.7661 -0.5730
vn 0.8951 -0.3982 -0.2004
vn 0.9737 -0.0813 -0.2127
vn 0.8966 0.2027 -0.3937
vn 0.8658 0.2342 -0.4423
vn 0.7791 0.4719 -0.4127
vn 0.5884 0.5061 -0.6306
vn 0.6098 0.3177 -0.7261
vn 0.3850 0.2872 -0.8771
vn 0.6561 0.0576 -0.7524
vn 0.6965 -0.0457 -0.7161
vn 0.8284 -0.2586 -0.4968
vn 0.8126 -0.2486 -0.5272
vn 0.8436 -0.5048 -0.1831
vn 0.8229 -0.5013 -0.2675
vn 0.8249 -0.4793 -0.2998
vn 0.7015 -0.3985 -0.5908
vn 0.4247 0.1129 -0.8983
vn 0.2477 0.0864 -0.9650
vn 0.4853 -0.1804 -0.8555
vn 0.6508 -0.2513 -0.7165
vn 0.8910 -0.4073 -0.2008
vn 0.9033 -0.3388 -0.2632
vn 0.9089 -0.1524 -0.3882
vn 0.9108 -0.1569 -0.3818
vn 0.8368 0.1332 -0.5311
vn 0.8316 0.1394 -0.5376
vn 0.8156 -0.4947 -0.3001
vn 0.8159 -0.4950 -0.2989
vn 0.8720 -0.4227 -0.2469
vn 0.8623 -0.4125 -0.2937
vn 0.9088 -0.3330 -0.2513
vn 0.9002 -0.3256 -0.2893
vn 0.9361 -0.2398 -0.2572
vn 0.9296 -0.2352 -0.2839
vn 0.9541 -0.1446 -0.2623
vn 0.9496 -0.1422 -0.2792
vn 0.9621 -0.0487 -0.2684
vn 0.9591 -0.0476 -0.2789
vn 0.9603 0.0477 -0.2749
vn 0.9604 0.0476 -0.2745
vn 0.9501 0.1429 -0.2772
vn 0.9520 0.1426 -0.2710
vn 0.9288 0.2368 -0.2851
vn 0.9340 0.2364 -0.2679
vn 0.8979 0.3278 -0.2939
vn 0.9071 0.3281 -0.2636
vn 0.8605 0.4116 -0.3004
vn 0.8604 0.4115 -0.3006
vn 0.8154 0.4947 -0.3006
vn 0.8195 0.4960 -0.2869
vn 0.5902 0.3554 -0.7248
vn 0.5664 0.3437 -0.7490
vn 0.2141 0.1299 -0.9681
vn 0.2144 0.1300 -0.9681
vn 0.5888 -0.3572 -0.7251
vn 0.5890 -0.3574 -0.7248
vn 0.6215 -0.2973 -0.7248
vn 0.6210 -0.2970 -0.7254
vn 0.6473 -0.2341 -0.7254
vn 0.6476 -0.2342 -0.7251
vn 0.6676 -0.1690 -0.7251
vn 0.6673 -0.1688 -0.7254
vn 0.6807 -0.1019 -0.7255
vn 0.6813 -0.1021 -0.7249
vn 0.6880 -0.0341 -0.7249
vn 0.6885 -0.0342 -0.7244
vn 0.6885 0.0341 -0.7244
vn 0.6880 0.0342 -0.7249
vn 0.6813 0.1020 -0.7249
vn 0.6807 0.1020 -0.7255
vn 0.6673 0.1689 -0.7254
vn 0.6676 0.1689 -0.7251
vn 0.6476 0.2342 -0.7251
vn 0.6473 0.2341 -0.7254
vn 0.6210 0.2970 -0.7254
vn 0.6216 0.2972 -0.7248
vn 0.2379 -0.1443 -0.9605
vn 0.2152 -0.1280 -0.9681
vn 0.2260 -0.1081 -0.9681
vn 0.2262 -0.1082 -0.9680
vn 0.2358 -0.0853 -0.9680
vn 0.2355 -0.0851 -0.9681
vn 0.2427 -0.0614 -0.9682
vn 0.2432 -0.0616 -0.9680
vn 0.2481 -0.0372 -0.9680
vn 0.2477 -0.0371 -0.9681
vn 0.2502 -0.0124 -0.9681
vn 0.2500 -0.0124 -0.9682
vn 0.2500 0.0124 -0.9682
vn 0.2502 0.0124 -0.9681
vn 0.2477 0.0371 -0.9681
vn 0.2481 0.0371 -0.9680
vn 0.2432 0.0615 -0.9680
vn 0.2427 0.0614 -0.9682
vn 0.2354 0.0852 -0.9681
vn 0.2359 0.0853 -0.9680
vn 0.2263 0.1082 -0.9680
vn 0.2260 0.1081 -0.9681
vn 0.8510 -0.3609 -0.3815
vn 0.8637 -0.2849 -0.4157
vn 0.9599 0.1177 -0.2545
vn 0.9550 0.0975 -0.2800
vn 0.8951 0.4336 -0.1036
vn 0.8655 0.4693 -0.1751
vn 0.8749 0.4466 -0.1873
vn 0.8985 0.1565 -0.4101
vn 0.8969 0.1704 -0.4080
vn 0.8266 -0.1258 -0.5485
vn 0.7421 -0.2205 -0.6330
vn 0.6135 -0.4690 -0.6354
vn 0.4807 -0.2273 -0.8469
vn 0.4137 -0.2381 -0.8787
vn 0.2874 -0.0062 -0.9578
vn 0.3017 -0.0058 -0.9534
vn 0.5462 0.2338 -0.8044
vn 0.6822 0.0382 -0.7302
vn 0.6879 0.0576 -0.7235
vn 0.8467 0.4969 -0.1903
vn 0.7981 0.2915 -0.5274
vn 0.7919 0.2324 -0.5647
vn 0.8201 0.4929 -0.2908
vn 0.7660 0.2912 -0.5731
vn 0.2923 0.9402 -0.1750
vn 0.1078 0.9562 -0.2721
vn 0.1213 0.9594 -0.2548
vn -0.2174 0.9087 -0.3565
vn -0.2924 0.8502 -0.4378
vn -0.4719 0.7791 -0.4127
vn -0.5061 0.5884 -0.6306
vn -0.3177 0.6098 -0.7261
vn -0.2872 0.3850 -0.8771
vn -0.0576 0.6561 -0.7524
vn 0.0457 0.6965 -0.7161
vn 0.2586 0.8284 -0.4968
vn 0.2486 0.8126 -0.5272
vn 0.4779 0.8483 -0.2279
vn 0.4565 0.8439 -0.2817
vn 0.4852 0.8333 -0.2650
vn 0.3985 0.7015 -0.5908
vn -0.1129 0.4247 -0.8983
vn -0.0863 0.2477 -0.9650
vn 0.1804 0.4853 -0.8555
vn 0.2513 0.6508 -0.7165
vn 0.4739 0.8668 -0.1553
vn 0.1523 0.9089 -0.3882
vn 0.1570 0.9108 -0.3818
vn -0.1332 0.8368 -0.5311
vn -0.1394 0.8316 -0.5376
vn 0.4957 0.8178 -0.2922
vn 0.4939 0.8159 -0.3006
vn 0.4089 0.8617 -0.3006
vn 0.3198 0.8985 -0.3007
vn 0.3197 0.8983 -0.3013
vn 0.2274 0.9260 -0.3013
vn 0.2275 0.9262 -0.3008
vn 0.1324 0.9445 -0.3008
vn 0.1329 0.9460 -0.2958
vn 0.0958 0.6821 -0.7250
vn 0.0960 0.6828 -0.7243
vn 0.0382 0.2475 -0.9681
vn 0.0365 0.2392 -0.9703
vn 0.3566 0.5892 -0.7250
vn 0.2952 0.6222 -0.7250
vn 0.2953 0.6224 -0.7249
vn 0.2310 0.6490 -0.7248
vn 0.2312 0.6495 -0.7243
vn 0.1644 0.6696 -0.7243
vn 0.1642 0.6689 -0.7249
vn 0.1441 0.2380 -0.9605
vn 0.1279 0.2154 -0.9681
vn 0.1075 0.2264 -0.9681
vn 0.1074 0.2264 -0.9681
vn 0.0840 0.2361 -0.9681
vn 0.0840 0.2359 -0.9681
vn 0.0597 0.2432 -0.9681
vn 0.0598 0.2434 -0.9681
vn 0.1781 0.9493 -0.2592
vn 0.1683 0.7993 -0.5769
vn 0.3156 0.5848 -0.7473
vn 0.4908 0.1822 -0.8520
vn 0.4701 0.2041 -0.8587
vn 0.3273 0.5952 -0.7339
vn 0.2194 0.9328 -0.2860
vn 0.1875 0.9701 -0.1539
vn 0.2747 0.9562 -0.1013
vn 0.3853 0.9096 -0.1556
vn 0.5833 0.7992 -0.1447
vn 0.7031 0.6544 -0.2780
vn 0.8372 0.5139 -0.1871
vn 0.9255 0.1839 -0.3310
vn 0.8862 0.2284 -0.4032
vn 0.7727 0.1004 -0.6267
vn 0.4566 0.7949 -0.3996
vn 0.4614 0.7917 -0.4003
vn 0.6428 0.5058 -0.5753
vn 0.6974 0.4460 -0.5610
vn 0.9634 0.2633 -0.0507
vn 0.9680 0.2480 -0.0380
vn 0.7279 0.6835 -0.0541
vn 0.7285 0.6830 -0.0535
vn 0.2789 0.9587 -0.0553
vn -0.3099 0.9486 -0.0635
vn -0.3254 0.9439 -0.0558
vn -0.7285 0.6830 -0.0535
vn -0.7279 0.6835 -0.0541
vn -0.9680 0.2480 -0.0380
vn -0.9582 0.2788 -0.0636
vn -0.2618 0.9530 -0.1526
vn -0.5864 0.7942 -0.1592
vn -0.7039 0.6552 -0.2744
vn -0.8319 0.5156 -0.2054
vn -0.9276 0.1629 -0.3363
vn -0.8353 0.2558 -0.4867
vn -0.3338 0.9067 -0.2579
vn -0.2071 0.9579 -0.1987
vn -0.3536 0.7362 -0.5771
vn -0.1837 0.5206 -0.8338
vn -0.3052 0.1760 -0.9359
vn -0.4033 0.2280 -0.8862
vn -0.6439 0.0724 -0.7617
vn -0.4118 0.7111 -0.5699
vn -0.4063 0.7987 -0.4438
vn -0.5690 0.4999 -0.6529
vn -0.5719 0.5097 -0.6428
vn -0.1308 0.9548 -0.2669
vn -0.1320 0.9446 -0.3006
vn -0.2190 0.9283 -0.3007
vn -0.2190 0.9284 -0.3003
vn -0.3060 0.9034 -0.3003
vn -0.3060 0.9035 -0.3000
vn -0.3905 0.8704 -0.3000
vn -0.4714 0.8293 -0.3000
vn -0.4742 0.8354 -0.2779
vn -0.3371 0.6006 -0.7250
vn -0.3191 0.5614 -0.7636
vn -0.1237 0.2177 -0.9681
vn -0.1239 0.2180 -0.9681
vn -0.0926 0.6495 -0.7547
vn -0.0937 0.6821 -0.7253
vn -0.1580 0.6701 -0.7253
vn -0.1581 0.6702 -0.7251
vn -0.2209 0.6522 -0.7251
vn -0.2208 0.6516 -0.7257
vn -0.2816 0.6277 -0.7257
vn -0.2819 0.6285 -0.7249
vn -0.0357 0.2599 -0.9650
vn -0.0350 0.2480 -0.9681
vn -0.0575 0.2439 -0.9681
vn -0.0575 0.2438 -0.9681
vn -0.0804 0.2373 -0.9681
vn -0.0805 0.2377 -0.9680
vn -0.1027 0.2290 -0.9680
vn -0.1025 0.2285 -0.9681
vn 0.6799 0.5972 -0.4256
vn 0.3659 0.8157 -0.4480
vn 0.4137 0.8089 -0.4179
vn 0.0455 0.9448 -0.3246
vn 0.0102 0.9438 -0.3305
vn -0.4291 0.8962 -0.1129
vn -0.2297 0.9070 -0.3531
vn -0.3243 0.9086 -0.2632
vn -0.4641 0.8560 -0.2279
vn -0.2684 0.7422 -0.6141
vn -0.1832 0.4488 -0.8747
vn 0.0429 0.3173 -0.9474
vn 0.2742 0.3528 -0.8946
vn 0.5395 0.4644 -0.7024
vn 0.5899 0.4376 -0.6786
vn 0.2342 0.7462 -0.6232
vn 0.2731 0.7363 -0.6190
vn -0.0490 0.8797 -0.4730
vn -0.0494 0.8797 -0.4729
vn 0.0938 0.6000 -0.7945
vn -0.1784 0.7725 -0.6094
vn 0.0566 0.6107 -0.7898
vn -0.2057 0.7780 -0.5937
vn -0.7442 0.6327 -0.2140
vn -0.8231 0.4813 -0.3013
vn -0.8233 0.4796 -0.3036
vn -0.9106 0.1194 -0.3956
vn -0.8649 0.0027 -0.5020
vn -0.8673 -0.2297 -0.4417
vn -0.6987 -0.3150 -0.6424
vn -0.6219 -0.1134 -0.7749
vn -0.4402 -0.1638 -0.8828
vn -0.5621 0.2389 -0.7918
vn -0.5500 0.3015 -0.7788
vn -0.5628 0.6051 -0.5631
vn -0.5664 0.6113 -0.5527
vn -0.4698 0.8485 -0.2436
vn -0.4725 0.8117 -0.3433
vn -0.4131 0.8747 -0.2534
vn -0.3464 0.6902 -0.6353
vn -0.3477 0.0882 -0.9334
vn -0.2634 0.0360 -0.9640
vn -0.2747 0.3675 -0.8885
vn -0.3841 0.5826 -0.7162
vn -0.5214 0.8372 -0.1649
vn -0.7327 0.5326 -0.4236
vn -0.7321 0.5130 -0.4483
vn -0.7910 0.2050 -0.5764
vn -0.7769 0.1612 -0.6086
vn -0.2813 0.9146 -0.2905
vn -0.2746 0.9067 -0.3202
vn -0.2514 0.7783 -0.5754
vn -0.1938 0.6614 -0.7246
vn -0.1663 0.5071 -0.8457
vn -0.0797 0.2806 -0.9565
vn -0.0800 0.2820 -0.9561
vn -0.0235 0.1313 -0.9911
vn -0.0079 0.2314 -0.9728
vn -0.0092 0.2482 -0.9687
vn -0.0081 0.6012 -0.7991
vn -0.0144 0.6899 -0.7238
vn -0.0068 0.8157 -0.5785
vn -0.0190 0.9812 -0.1921
vn -0.0662 0.9439 -0.3237
vn -0.0842 0.9702 -0.2271
vn -0.1732 0.9553 -0.2395
vn -0.1842 0.9673 -0.1742
vn -0.1529 0.8027 -0.5765
vn -0.1532 0.8034 -0.5753
vn -0.1090 0.5715 -0.8133
vn -0.0951 0.5255 -0.8455
vn -0.0700 0.8124 -0.5790
vn -0.0705 0.8137 -0.5770
vn -0.0406 0.4727 -0.8803
vn -0.0062 0.9520 -0.3060
vn -0.0000 -0.0000 1.0000
vn 0.9949 -0.1012 -0.0000
vn 0.9949 0.1012 -0.0000
vn 0.9542 0.2993 -0.0000
vn 0.8743 0.4853 -0.0000
vn 0.7587 0.6514 -0.0000
vn 0.6121 0.7908 -0.0000
vn 0.4405 0.8978 -0.0000
vn 0.2507 0.9681 -0.0000
vn 0.0506 0.9987 -0.0000
vn -0.1514 0.9885 -0.0000
vn -0.3473 0.9378 -0.0000
vn -0.5290 0.8486 -0.0000
vn -0.6890 0.7248 -0.0000
vn -0.8207 0.5714 -0.0000
vn -0.9190 0.3942 -0.0000
vn -0.9795 0.2014 -0.0000
vn -0.9795 -0.2014 -0.0000
vn -0.9190 -0.3942 -0.0000
vn -0.8207 -0.5714 -0.0000
vn -0.6890 -0.7248 -0.0000
vn -0.5290 -0.8486 -0.0000
vn -0.3473 -0.9378 -0.0000
vn -0.1514 -0.9885 -0.0000
vn 0.0506 -0.9987 -0.0000
vn 0.2507 -0.9681 -0.0000
vn 0.4405 -0.8978 -0.0000
vn 0.6121 -0.7908 -0.0000
vn 0.7587 -0.6514 -0.0000
vn 0.8743 -0.4853 -0.0000
vn 0.9542 -0.2993 -0.0000
vn 0.0003 -0.0007 -1.0000
vn -0.0002 -0.0002 -1.0000
vn -0.0003 -0.0000 -1.0000
vn 0.0001 0.0002 -1.0000
vn -0.0001 0.0002 -1.0000
vn 0.0027 0.0026 -1.0000
vn 0.0014 0.0004 -1.0000
vn -0.0018 -0.0041 -1.0000
vn -0.0021 0.0069 -1.0000
vn 0.0005 0.0008 -1.0000
vn 0.0010 0.0010 -1.0000
vn -0.9708 0.2396 0.0101
vn -0.9999 -0.0000 -0.0101
vn -0.9708 -0.2396 0.0101
vn -0.8854 -0.4647 -0.0100
vn -0.7485 -0.6631 0.0101
vn -0.5680 -0.8230 -0.0100
vn -0.3547 -0.9349 0.0101
vn -0.1207 -0.9926 -0.0101
vn 0.1207 -0.9926 0.0101
vn 0.3548 -0.9349 -0.0100
vn 0.5680 -0.8230 0.0100
vn 0.7483 -0.6633 -0.0101
vn 0.8854 -0.4647 0.0101
vn 0.9709 -0.2391 -0.0100
vn 0.9999 -0.0000 0.0101
vn 0.9709 0.2391 -0.0100
vn 0.8854 0.4647 0.0101
vn 0.7485 0.6631 -0.0100
vn 0.5683 0.8228 0.0101
vn 0.3544 0.9350 -0.0101
vn 0.1203 0.9927 0.0100
vn -0.1202 0.9927 -0.0100
vn -0.3543 0.9351 0.0101
vn -0.5683 0.8228 -0.0101
vn -0.7487 0.6628 0.0101
vn -0.8854 0.4647 -0.0100
vn -0.9710 -0.2391 -0.0000
vn -0.9710 0.2391 -0.0000
vn -0.7485 0.6631 -0.0000
vn -0.3544 0.9351 -0.0000
vn 0.1202 0.9927 -0.0000
vn 0.5683 0.8228 -0.0000
vn 0.8854 0.4648 -0.0000
vn 1.0000 -0.0000 -0.0000
vn 0.8854 -0.4648 -0.0000
vn 0.5680 -0.8230 -0.0000
vn 0.1207 -0.9927 -0.0000
vn -0.3548 -0.9349 -0.0000
vn -0.7483 -0.6634 -0.0000
vn -0.9709 0.2391 0.0100
vn -0.9709 -0.2391 0.0100
vn -0.8854 -0.4647 -0.0101
vn -0.7485 -0.6631 0.0100
vn -0.5683 -0.8228 -0.0101
vn -0.3544 -0.9350 0.0101
vn -0.1203 -0.9927 -0.0100
vn 0.1202 -0.9927 0.0100
vn 0.3543 -0.9351 -0.0101
vn 0.5683 -0.8228 0.0101
vn 0.7487 -0.6628 -0.0101
vn 0.8854 -0.4647 0.0100
vn 0.9708 -0.2396 -0.0101
vn 0.9708 0.2396 -0.0101
vn 0.8854 0.4647 0.0100
vn 0.7485 0.6631 -0.0101
vn 0.5680 0.8230 0.0100
vn 0.3547 0.9349 -0.0101
vn 0.1207 0.9926 0.0101
vn -0.1207 0.9926 -0.0101
vn -0.3548 0.9349 0.0100
vn -0.5680 0.8230 -0.0100
vn -0.7483 0.6633 0.0101
vn -0.8854 0.4647 -0.0101
vn -0.7487 -0.6628 0.0101
vn -0.3543 -0.9351 0.0101
vn -0.1202 -0.9927 -0.0100
vn 0.1203 -0.9927 0.0100
vn 0.3544 -0.9350 -0.0101
vn 0.7485 -0.6631 -0.0100
vn 0.7483 0.6633 -0.0101
vn 0.3548 0.9349 -0.0100
vn -0.3547 0.9349 0.0101
vn -0.7485 0.6631 0.0101
vn 0.9871 -0.1598 -0.0000
vn 0.9869 0.1612 -0.0000
vn 0.9659 0.2589 0.0047
vn 0.8820 0.4712 -0.0020
vn 0.7071 0.7071 0.0041
vn 0.6448 0.7643 -0.0015
vn 0.2589 0.9659 0.0057
vn 0.2094 0.9778 0.0012
vn -0.1708 0.9853 0.0007
vn -0.2589 0.9659 0.0070
vn -0.4734 0.8809 -0.0016
vn -0.7071 0.7071 0.0040
vn -0.7213 0.6927 0.0025
vn -0.9078 0.4194 -0.0015
vn -0.9659 0.2589 0.0049
vn -0.9953 0.0973 -0.0012
vn -0.9659 -0.2589 0.0021
vn -0.9688 -0.2479 0.0027
vn -0.8415 -0.5403 -0.0013
vn -0.7071 -0.7071 0.0033
vn -0.5824 -0.8129 -0.0017
vn -0.2589 -0.9659 0.0033
vn -0.1523 -0.9883 -0.0005
vn 0.2381 -0.9712 0.0013
vn 0.2589 -0.9659 0.0023
vn 0.6656 -0.7463 -0.0000
vn 0.7071 -0.7071 0.0024
vn 0.8892 -0.4576 -0.0012
vn 0.9659 -0.2589 0.0037
vn 0.9887 -0.1501 -0.0000
vn 0.9887 0.1498 -0.0000
vn 0.9659 0.2589 0.0039
vn 0.8993 0.4373 -0.0010
vn 0.7071 0.7071 0.0020
vn 0.7019 0.7122 0.0016
vn 0.3458 0.9383 -0.0003
vn 0.2589 0.9659 0.0030
vn -0.0871 0.9962 -0.0013
vn -0.2589 0.9659 0.0038
vn -0.5485 0.8361 -0.0024
vn -0.7071 0.7071 0.0034
vn -0.8336 0.5524 -0.0015
vn -0.9659 0.2589 0.0026
vn -0.9725 0.2329 0.0013
vn -0.9910 -0.1337 -0.0010
vn -0.9659 -0.2589 0.0048
vn -0.8760 -0.4823 -0.0026
vn -0.7071 -0.7071 0.0049
vn -0.6264 -0.7795 -0.0019
vn -0.2589 -0.9659 0.0057
vn -0.2241 -0.9746 0.0026
vn 0.1373 -0.9905 -0.0005
vn 0.2589 -0.9659 0.0074
vn 0.4510 -0.8925 -0.0016
vn 0.7071 -0.7071 0.0036
vn 0.7129 -0.7013 0.0029
vn 0.8972 -0.4416 -0.0015
vn 0.9659 -0.2589 0.0049
vn -1.0000 -0.0009 -0.0015
vn -1.0000 -0.0005 -0.0001
vn -1.0000 -0.0001 -0.0005
vn -1.0000 -0.0000 -0.0008
vn -1.0000 -0.0010 -0.0006
vn -1.0000 0.0001 0.0001
vn -1.0000 -0.0000 -0.0005
vn -1.0000 -0.0000 0.0002
vn -1.0000 -0.0000 0.0004
vn -1.0000 -0.0000 0.0021
vn -1.0000 -0.0000 0.0005
vn 1.0000 -0.0001 -0.0000
vn 1.0000 0.0001 -0.0000
vn 1.0000 -0.0002 -0.0000
vn 1.0000 0.0003 0.0001
vn 1.0000 0.0006 -0.0000
vn 1.0000 -0.0003 -0.0000
vn 1.0000 -0.0009 -0.0000
vn 1.0000 0.0002 -0.0000
s 0
f 1//1 2//1 3//1
f 3//2 2//2 4//2
f 3//1 4//1 5//1
f 5//1 4//1 6//1
f 5//1 6//1 7//1
f 7//1 6//1 8//1
f 7//1 8//1 9//1
f 9//1 8//1 10//1
f 9//3 10//3 11//3
f 11//1 10//1 12//1
f 11//1 12//1 13//1
f 14//1 15//1 16//1
f 16//1 15//1 17//1
f 16//1 17//1 18//1
f 18//1 17//1 19//1
f 18//1 19//1 20//1
f 20//1 19//1 21//1
f 15//1 14//1 22//1
f 22//1 14//1 23//1
f 22//1 23//1 24//1
f 24//4 23//4 25//4
f 24//1 25//1 26//1
f 27//5 28//5 29//5
f 29//6 28//6 30//6
f 29//7 30//7 31//7
f 31//8 30//8 32//8
f 31//9 32//9 33//9
f 33//10 32//10 34//10
f 34//11 32//11 35//11
f 34//12 35//12 36//12
f 36//13 35//13 37//13
f 37//14 35//14 38//14
f 37//15 38//15 39//15
f 39//16 38//16 40//16
f 40//17 38//17 41//17
f 40//18 41//18 42//18
f 43//19 42//19 44//19
f 44//20 45//20 46//20
f 46//21 45//21 47//21
f 46//22 47//22 48//22
f 48//23 47//23 49//23
f 48//24 49//24 50//24
f 50//25 49//25 51//25
f 50//26 51//26 52//26
f 52//27 51//27 53//27
f 52//28 53//28 54//28
f 54//29 53//29 55//29
f 54//30 55//30 56//30
f 56//31 55//31 57//31
f 56//32 57//32 58//32
f 58//33 57//33 59//33
f 58//34 59//34 60//34
f 60//35 59//35 61//35
f 60//36 61//36 62//36
f 62//37 61//37 63//37
f 63//38 61//38 64//38
f 63//39 64//39 65//39
f 65//40 64//40 66//40
f 65//41 66//41 67//41
f 67//42 66//42 68//42
f 67//43 68//43 69//43
f 69//44 68//44 70//44
f 69//44 70//44 71//44
f 71//45 70//45 72//45
f 71//46 72//46 73//46
f 73//47 72//47 74//47
f 73//48 74//48 75//48
f 75//49 74//49 76//49
f 75//49 76//49 77//49
f 77//50 76//50 78//50
f 77//51 78//51 79//51
f 79//52 78//52 80//52
f 79//53 80//53 81//53
f 81//54 80//54 82//54
f 81//55 82//55 83//55
f 81//56 83//56 84//56
f 28//57 27//57 85//57
f 28//58 85//58 86//58
f 89//59 88//59 90//59
f 89//60 90//60 91//60
f 91//61 90//61 92//61
f 91//62 92//62 93//62
f 93//63 92//63 94//63
f 93//64 94//64 95//64
f 97//65 96//65 98//65
f 97//66 98//66 99//66
f 99//67 98//67 100//67
f 99//68 100//68 101//68
f 102//69 101//69 103//69
f 102//70 103//70 104//70
f 104//71 103//71 105//71
f 104//72 105//72 106//72
f 106//73 105//73 107//73
f 106//74 107//74 108//74
f 85//75 27//75 110//75
f 85//76 110//76 111//76
f 85//77 111//77 112//77
f 112//78 111//78 113//78
f 113//79 114//79 112//79
f 112//80 114//80 115//80
f 112//81 115//81 116//81
f 116//82 115//82 117//82
f 116//83 117//83 118//83
f 118//84 117//84 119//84
f 118//85 119//85 120//85
f 120//86 119//86 121//86
f 120//87 121//87 122//87
f 122//88 121//88 123//88
f 122//89 123//89 124//89
f 124//89 123//89 125//89
f 124//90 125//90 126//90
f 126//90 125//90 127//90
f 126//91 127//91 128//91
f 128//92 127//92 129//92
f 128//93 129//93 130//93
f 130//94 129//94 131//94
f 130//95 131//95 132//95
f 132//96 131//96 133//96
f 132//97 133//97 134//97
f 134//98 133//98 135//98
f 134//99 135//99 136//99
f 136//99 135//99 137//99
f 136//100 137//100 138//100
f 138//100 137//100 139//100
f 138//101 139//101 140//101
f 140//101 139//101 141//101
f 140//102 141//102 142//102
f 142//103 141//103 143//103
f 142//104 143//104 144//104
f 144//105 143//105 145//105
f 144//106 145//106 146//106
f 146//107 145//107 147//107
f 147//108 145//108 148//108
f 147//109 148//109 1481//109
f 1481//110 148//110 149//110
f 149//111 148//111 150//111
f 149//112 150//112 151//112
f 151//113 150//113 152//113
f 151//114 152//114 153//114
f 153//115 152//115 154//115
f 153//116 154//116 155//116
f 155//116 154//116 156//116
f 155//117 156//117 157//117
f 157//118 156//118 158//118
f 157//119 158//119 159//119
f 159//120 158//120 160//120
f 159//121 160//121 161//121
f 161//122 160//122 162//122
f 161//123 162//123 163//123
f 163//124 162//124 164//124
f 163//125 164//125 165//125
f 165//126 164//126 166//126
f 165//127 166//127 167//127
f 167//128 166//128 168//128
f 167//129 168//129 169//129
f 169//130 168//130 170//130
f 169//131 170//131 171//131
f 171//132 170//132 172//132
f 171//133 172//133 173//133
f 173//134 172//134 174//134
f 173//135 174//135 175//135
f 175//136 174//136 176//136
f 175//137 176//137 177//137
f 177//138 176//138 178//138
f 177//139 178//139 179//139
f 179//140 178//140 180//140
f 179//141 180//141 181//141
f 181//142 180//142 182//142
f 181//143 182//143 183//143
f 183//144 182//144 184//144
f 183//145 184//145 185//145
f 185//146 184//146 186//146
f 185//147 186//147 187//147
f 115//148 114//148 188//148
f 188//149 114//149 189//149
f 189//150 114//150 190//150
f 190//151 1449//151 189//151
f 189//152 1449//152 191//152
f 192//153 193//153 191//153
f 191//154 193//154 194//154
f 191//155 194//155 189//155
f 189//156 194//156 195//156
f 189//157 195//157 196//157
f 196//157 195//157 197//157
f 196//158 197//158 198//158
f 198//159 197//159 199//159
f 198//160 199//160 200//160
f 200//161 199//161 201//161
f 200//162 201//162 202//162
f 202//162 201//162 203//162
f 202//163 203//163 204//163
f 204//163 203//163 205//163
f 204//164 205//164 206//164
f 206//164 205//164 207//164
f 206//165 207//165 208//165
f 208//165 207//165 209//165
f 208//166 209//166 210//166
f 210//167 209//167 211//167
f 210//168 211//168 212//168
f 212//169 211//169 213//169
f 212//170 213//170 214//170
f 214//171 213//171 215//171
f 214//172 215//172 216//172
f 216//173 215//173 217//173
f 216//173 217//173 218//173
f 218//174 217//174 219//174
f 218//175 219//175 220//175
f 193//176 192//176 221//176
f 221//177 222//177 193//177
f 193//178 222//178 223//178
f 193//179 223//179 224//179
f 224//180 223//180 225//180
f 224//181 225//181 226//181
f 226//182 225//182 227//182
f 226//183 227//183 228//183
f 228//184 227//184 229//184
f 228//185 229//185 230//185
f 230//186 229//186 231//186
f 230//187 231//187 232//187
f 232//188 231//188 233//188
f 233//189 231//189 234//189
f 233//190 234//190 235//190
f 235//191 234//191 236//191
f 235//192 236//192 237//192
f 237//193 236//193 238//193
f 237//193 238//193 239//193
f 239//194 238//194 240//194
f 239//195 240//195 241//195
f 241//196 240//196 242//196
f 241//196 242//196 54//196
f 54//197 242//197 52//197
f 222//198 1908//198 223//198
f 223//199 1908//199 243//199
f 244//200 243//200 245//200
f 244//201 245//201 246//201
f 246//202 245//202 247//202
f 246//203 247//203 248//203
f 248//204 247//204 249//204
f 249//205 250//205 43//205
f 43//206 250//206 42//206
f 250//207 251//207 42//207
f 42//208 251//208 40//208
f 252//209 253//209 254//209
f 252//210 254//210 255//210
f 255//211 254//211 256//211
f 256//212 254//212 257//212
f 256//213 257//213 258//213
f 258//214 257//214 259//214
f 259//215 257//215 260//215
f 259//216 260//216 261//216
f 261//217 260//217 262//217
f 261//218 262//218 263//218
f 263//219 262//219 109//219
f 109//220 262//220 108//220
f 252//221 264//221 253//221
f 253//222 264//222 265//222
f 253//223 265//223 266//223
f 253//224 266//224 267//224
f 267//225 266//225 268//225
f 267//226 268//226 269//226
f 269//227 268//227 270//227
f 269//228 270//228 271//228
f 271//229 270//229 272//229
f 271//230 272//230 273//230
f 273//231 272//231 274//231
f 273//232 274//232 275//232
f 275//233 274//233 276//233
f 276//234 274//234 277//234
f 276//235 277//235 278//235
f 278//236 277//236 279//236
f 278//237 279//237 280//237
f 280//238 279//238 281//238
f 280//239 281//239 282//239
f 282//240 281//240 163//240
f 282//241 163//241 165//241
f 265//242 283//242 266//242
f 266//243 283//243 284//243
f 266//244 284//244 285//244
f 285//245 284//245 286//245
f 285//246 286//246 287//246
f 287//247 286//247 288//247
f 288//248 289//248 287//248
f 287//249 289//249 290//249
f 287//250 290//250 291//250
f 291//250 290//250 292//250
f 291//251 292//251 293//251
f 293//252 292//252 294//252
f 293//253 294//253 295//253
f 295//254 294//254 296//254
f 295//255 296//255 277//255
f 277//256 296//256 279//256
f 289//257 297//257 153//257
f 289//258 153//258 298//258
f 298//259 153//259 155//259
f 298//260 155//260 299//260
f 299//261 155//261 157//261
f 299//262 157//262 300//262
f 300//263 157//263 159//263
f 300//264 159//264 301//264
f 301//265 159//265 161//265
f 301//266 161//266 281//266
f 281//266 161//266 163//266
f 153//267 297//267 151//267
f 297//268 302//268 151//268
f 151//269 302//269 1483//269
f 1483//270 149//270 151//270
f 144//271 303//271 142//271
f 142//272 303//272 304//272
f 304//273 303//273 305//273
f 304//274 305//274 107//274
f 107//275 305//275 108//275
f 306//276 307//276 308//276
f 308//277 307//277 309//277
f 308//278 309//278 310//278
f 310//279 309//279 311//279
f 311//280 309//280 312//280
f 311//281 312//281 313//281
f 313//282 312//282 314//282
f 313//283 314//283 315//283
f 315//284 314//284 316//284
f 315//285 316//285 317//285
f 317//286 316//286 318//286
f 317//287 318//287 319//287
f 319//288 318//288 69//288
f 319//289 69//289 71//289
f 312//290 320//290 314//290
f 314//291 320//291 316//291
f 320//292 321//292 316//292
f 316//293 321//293 322//293
f 316//294 322//294 318//294
f 318//295 322//295 67//295
f 318//296 67//296 69//296
f 322//297 321//297 65//297
f 65//298 321//298 63//298
f 62//299 323//299 60//299
f 60//300 323//300 324//300
f 60//301 324//301 58//301
f 58//302 324//302 325//302
f 58//303 325//303 56//303
f 56//304 325//304 241//304
f 56//305 241//305 54//305
f 324//306 323//306 326//306
f 326//307 323//307 327//307
f 326//308 327//308 237//308
f 237//309 327//309 235//309
f 230//310 232//310 328//310
f 328//311 232//311 329//311
f 328//312 329//312 330//312
f 330//313 329//313 331//313
f 330//314 331//314 332//314
f 332//315 331//315 333//315
f 332//316 333//316 334//316
f 334//317 333//317 335//317
f 334//318 335//318 336//318
f 336//319 335//319 337//319
f 336//320 337//320 197//320
f 197//321 337//321 199//321
f 331//322 338//322 333//322
f 333//323 338//323 339//323
f 333//317 339//317 335//317
f 335//324 339//324 340//324
f 335//325 340//325 337//325
f 337//326 340//326 341//326
f 337//327 341//327 199//327
f 199//328 341//328 201//328
f 339//329 338//329 342//329
f 342//330 338//330 343//330
f 342//331 343//331 344//331
f 344//332 343//332 345//332
f 344//333 345//333 346//333
f 346//334 345//334 347//334
f 346//335 347//335 348//335
f 348//336 347//336 349//336
f 348//337 349//337 350//337
f 350//338 349//338 351//338
f 350//339 351//339 207//339
f 207//340 351//340 209//340
f 345//341 352//341 347//341
f 347//342 352//342 353//342
f 347//336 353//336 349//336
f 349//343 353//343 354//343
f 349//338 354//338 351//338
f 351//344 354//344 355//344
f 351//345 355//345 209//345
f 209//346 355//346 211//346
f 352//347 356//347 353//347
f 353//348 356//348 357//348
f 353//349 357//349 354//349
f 354//350 357//350 358//350
f 354//351 358//351 355//351
f 355//352 358//352 359//352
f 355//353 359//353 211//353
f 211//354 359//354 213//354
f 357//355 356//355 360//355
f 360//356 356//356 361//356
f 360//357 361//357 362//357
f 362//358 361//358 219//358
f 362//359 219//359 217//359
f 218//360 220//360 363//360
f 363//361 220//361 364//361
f 363//362 364//362 365//362
f 365//363 364//363 366//363
f 365//364 366//364 367//364
f 367//365 366//365 368//365
f 367//366 368//366 369//366
f 369//367 368//367 370//367
f 369//368 370//368 371//368
f 371//369 370//369 372//369
f 371//370 372//370 143//370
f 143//371 372//371 145//371
f 364//372 373//372 366//372
f 366//373 373//373 374//373
f 366//365 374//365 368//365
f 368//374 374//374 375//374
f 368//375 375//375 370//375
f 370//376 375//376 376//376
f 370//377 376//377 372//377
f 372//378 376//378 377//378
f 372//379 377//379 145//379
f 145//380 377//380 148//380
f 373//381 378//381 374//381
f 374//382 378//382 379//382
f 374//374 379//374 375//374
f 375//383 379//383 380//383
f 375//384 380//384 376//384
f 376//385 380//385 381//385
f 376//386 381//386 377//386
f 377//387 381//387 150//387
f 377//388 150//388 148//388
f 379//389 378//389 382//389
f 382//390 378//390 383//390
f 382//391 383//391 384//391
f 384//392 383//392 385//392
f 384//393 385//393 386//393
f 386//394 385//394 387//394
f 386//395 387//395 388//395
f 388//396 387//396 389//396
f 388//397 389//397 390//397
f 390//398 389//398 391//398
f 390//399 391//399 156//399
f 156//400 391//400 158//400
f 385//401 392//401 387//401
f 387//402 392//402 393//402
f 387//403 393//403 389//403
f 389//404 393//404 394//404
f 389//405 394//405 391//405
f 391//406 394//406 395//406
f 391//407 395//407 158//407
f 158//408 395//408 160//408
f 393//409 392//409 396//409
f 396//410 392//410 397//410
f 396//411 397//411 398//411
f 398//412 397//412 399//412
f 398//413 399//413 400//413
f 400//414 399//414 401//414
f 400//415 401//415 402//415
f 402//416 401//416 403//416
f 402//417 403//417 404//417
f 404//418 403//418 405//418
f 404//419 405//419 166//419
f 166//420 405//420 168//420
f 399//421 406//421 401//421
f 401//422 406//422 407//422
f 401//423 407//423 403//423
f 403//424 407//424 408//424
f 403//425 408//425 405//425
f 405//426 408//426 409//426
f 405//427 409//427 168//427
f 168//428 409//428 170//428
f 406//429 410//429 407//429
f 407//430 410//430 411//430
f 407//431 411//431 408//431
f 408//432 411//432 412//432
f 408//426 412//426 409//426
f 409//433 412//433 172//433
f 409//433 172//433 170//433
f 411//434 410//434 413//434
f 413//435 410//435 414//435
f 413//436 414//436 174//436
f 174//437 414//437 176//437
f 180//438 415//438 182//438
f 182//439 415//439 416//439
f 182//440 416//440 184//440
f 184//441 416//441 417//441
f 184//442 417//442 186//442
f 415//443 418//443 416//443
f 416//444 418//444 419//444
f 416//445 419//445 417//445
f 417//446 419//446 420//446
f 420//447 421//447 422//447
f 422//448 421//448 423//448
f 422//449 423//449 424//449
f 424//450 423//450 425//450
f 425//451 423//451 426//451
f 425//452 426//452 427//452
f 427//453 426//453 428//453
f 428//454 426//454 429//454
f 428//455 429//455 430//455
f 430//456 429//456 431//456
f 430//457 431//457 432//457
f 432//458 431//458 433//458
f 433//459 431//459 434//459
f 433//460 434//460 435//460
f 435//461 434//461 436//461
f 436//462 434//462 437//462
f 436//463 437//463 438//463
f 438//464 437//464 439//464
f 438//465 439//465 440//465
f 440//466 439//466 441//466
f 441//467 439//467 442//467
f 441//468 442//468 443//468
f 443//469 442//469 444//469
f 443//470 444//470 445//470
f 445//471 444//471 446//471
f 446//472 444//472 447//472
f 446//473 447//473 448//473
f 448//474 447//474 449//474
f 449//475 447//475 450//475
f 449//476 450//476 451//476
f 451//477 450//477 307//477
f 451//478 307//478 306//478
f 419//479 418//479 420//479
f 420//480 418//480 452//480
f 420//481 452//481 421//481
f 421//482 452//482 423//482
f 453//483 454//483 187//483
f 187//484 454//484 455//484
f 187//485 455//485 185//485
f 185//486 455//486 456//486
f 185//145 456//145 183//145
f 183//487 456//487 457//487
f 183//488 457//488 181//488
f 181//489 457//489 179//489
f 453//490 458//490 454//490
f 454//491 458//491 459//491
f 454//492 459//492 460//492
f 460//493 459//493 461//493
f 460//494 461//494 462//494
f 462//495 461//495 463//495
f 462//496 463//496 464//496
f 464//496 463//496 465//496
f 464//497 465//497 466//497
f 466//498 465//498 467//498
f 466//499 467//499 468//499
f 468//500 467//500 469//500
f 468//501 469//501 470//501
f 470//502 469//502 471//502
f 470//503 471//503 472//503
f 472//504 471//504 473//504
f 472//505 473//505 280//505
f 280//506 473//506 278//506
f 458//507 474//507 459//507
f 459//508 474//508 475//508
f 459//509 475//509 461//509
f 461//510 475//510 476//510
f 461//511 476//511 463//511
f 463//512 476//512 477//512
f 463//513 477//513 465//513
f 465//514 477//514 478//514
f 465//515 478//515 467//515
f 467//515 478//515 479//515
f 467//516 479//516 469//516
f 469//517 479//517 480//517
f 469//502 480//502 471//502
f 471//518 480//518 481//518
f 471//519 481//519 473//519
f 473//520 481//520 482//520
f 473//521 482//521 278//521
f 278//522 482//522 276//522
f 475//523 474//523 483//523
f 483//524 474//524 484//524
f 483//525 484//525 485//525
f 485//526 484//526 486//526
f 485//527 486//527 487//527
f 488//528 487//528 489//528
f 488//529 489//529 490//529
f 490//530 489//530 491//530
f 490//531 491//531 492//531
f 495//532 494//532 496//532
f 496//533 494//533 497//533
f 496//534 497//534 498//534
f 498//535 497//535 499//535
f 499//536 497//536 500//536
f 500//537 497//537 501//537
f 500//538 501//538 502//538
f 502//539 501//539 503//539
f 503//540 501//540 504//540
f 504//541 501//541 505//541
f 505//542 501//542 506//542
f 506//543 501//543 507//543
f 506//544 507//544 508//544
f 508//545 507//545 509//545
f 509//546 507//546 482//546
f 509//547 482//547 510//547
f 510//548 482//548 481//548
f 510//549 481//549 511//549
f 511//550 481//550 480//550
f 511//551 480//551 512//551
f 512//551 480//551 479//551
f 512//552 479//552 513//552
f 513//553 479//553 478//553
f 513//554 478//554 514//554
f 514//554 478//554 477//554
f 514//555 477//555 515//555
f 515//556 477//556 476//556
f 515//557 476//557 483//557
f 483//558 476//558 475//558
f 486//559 516//559 487//559
f 487//560 516//560 489//560
f 516//561 517//561 489//561
f 489//562 517//562 491//562
f 517//563 518//563 491//563
f 491//564 518//564 492//564
f 518//565 519//565 492//565
f 492//566 519//566 493//566
f 493//567 519//567 494//567
f 494//568 519//568 497//568
f 507//569 501//569 520//569
f 507//570 520//570 275//570
f 275//571 520//571 273//571
f 262//572 260//572 521//572
f 521//573 260//573 522//573
f 521//574 522//574 523//574
f 523//575 522//575 524//575
f 523//576 524//576 102//576
f 102//577 524//577 525//577
f 524//578 526//578 525//578
f 525//579 526//579 527//579
f 525//580 527//580 99//580
f 99//581 527//581 97//581
f 526//582 528//582 527//582
f 527//583 528//583 529//583
f 527//584 529//584 97//584
f 97//585 529//585 530//585
f 97//586 530//586 96//586
f 96//587 530//587 95//587
f 528//588 531//588 529//588
f 529//589 531//589 530//589
f 531//590 532//590 530//590
f 530//591 532//591 95//591
f 95//592 532//592 93//592
f 93//593 532//593 533//593
f 93//594 533//594 91//594
f 91//595 533//595 534//595
f 91//596 534//596 89//596
f 89//597 534//597 535//597
f 89//598 535//598 88//598
f 88//599 535//599 536//599
f 88//600 536//600 87//600
f 87//601 536//601 86//601
f 536//602 537//602 86//602
f 86//603 537//603 28//603
f 537//604 30//604 28//604
f 42//605 41//605 538//605
f 538//606 41//606 539//606
f 538//607 539//607 540//607
f 540//608 539//608 541//608
f 540//609 541//609 542//609
f 542//610 541//610 543//610
f 545//611 546//611 547//611
f 547//612 546//612 548//612
f 547//613 548//613 549//613
f 549//614 548//614 550//614
f 549//615 550//615 551//615
f 551//616 550//616 552//616
f 551//617 552//617 553//617
f 553//618 552//618 70//618
f 553//619 70//619 68//619
f 541//620 554//620 543//620
f 543//621 554//621 555//621
f 543//622 555//622 544//622
f 544//623 555//623 556//623
f 544//624 556//624 545//624
f 545//625 556//625 557//625
f 545//626 557//626 546//626
f 546//627 557//627 558//627
f 546//628 558//628 548//628
f 548//629 558//629 559//629
f 548//630 559//630 550//630
f 550//631 559//631 560//631
f 550//632 560//632 552//632
f 552//633 560//633 72//633
f 552//634 72//634 70//634
f 554//635 561//635 555//635
f 555//636 561//636 562//636
f 555//637 562//637 556//637
f 556//638 562//638 563//638
f 556//639 563//639 564//639
f 561//640 565//640 562//640
f 562//641 565//641 566//641
f 562//642 566//642 563//642
f 567//643 568//643 565//643
f 569//644 570//644 567//644
f 571//645 567//645 572//645
f 572//646 567//646 573//646
f 573//647 567//647 574//647
f 574//648 567//648 570//648
f 574//649 570//649 575//649
f 575//650 570//650 576//650
f 576//651 570//651 577//651
f 577//652 570//652 578//652
f 577//653 578//653 579//653
f 579//654 578//654 557//654
f 579//655 557//655 580//655
f 580//656 557//656 556//656
f 580//657 556//657 581//657
f 581//658 556//658 564//658
f 582//659 583//659 569//659
f 569//660 583//660 584//660
f 569//661 584//661 570//661
f 570//662 584//662 578//662
f 578//663 584//663 585//663
f 578//664 585//664 558//664
f 558//629 585//629 559//629
f 583//665 582//665 82//665
f 82//666 582//666 83//666
f 586//667 587//667 84//667
f 84//668 587//668 588//668
f 84//669 588//669 81//669
f 81//670 588//670 79//670
f 79//671 588//671 589//671
f 79//672 589//672 590//672
f 79//673 590//673 77//673
f 77//674 590//674 591//674
f 77//675 591//675 75//675
f 75//676 591//676 592//676
f 75//677 592//677 73//677
f 73//678 592//678 593//678
f 73//678 593//678 71//678
f 71//679 593//679 319//679
f 586//680 594//680 587//680
f 587//681 594//681 595//681
f 587//682 595//682 588//682
f 595//683 594//683 596//683
f 595//684 596//684 597//684
f 597//685 596//685 598//685
f 597//686 598//686 589//686
f 589//687 598//687 590//687
f 596//688 599//688 598//688
f 598//689 599//689 600//689
f 598//690 600//690 590//690
f 590//690 600//690 591//690
f 599//691 601//691 600//691
f 600//692 601//692 602//692
f 600//693 602//693 591//693
f 591//693 602//693 592//693
f 601//694 603//694 602//694
f 602//695 603//695 604//695
f 602//696 604//696 592//696
f 592//697 604//697 593//697
f 604//698 603//698 605//698
f 605//699 603//699 606//699
f 605//700 606//700 317//700
f 317//701 606//701 315//701
f 495//702 607//702 494//702
f 494//703 607//703 608//703
f 494//704 608//704 609//704
f 609//705 510//705 610//705
f 609//706 610//706 494//706
f 494//707 610//707 493//707
f 510//708 609//708 611//708
f 510//709 611//709 612//709
f 612//710 509//710 510//710
f 571//711 613//711 567//711
f 567//712 613//712 568//712
f 568//713 614//713 565//713
f 565//714 614//714 615//714
f 615//715 566//715 565//715
f 344//716 616//716 342//716
f 342//717 616//717 340//717
f 342//324 340//324 339//324
f 340//326 616//326 341//326
f 341//718 616//718 617//718
f 341//328 617//328 201//328
f 201//719 617//719 203//719
f 616//720 344//720 618//720
f 618//721 344//721 346//721
f 618//335 346//335 348//335
f 198//722 619//722 196//722
f 196//723 619//723 188//723
f 196//724 188//724 189//724
f 117//725 115//725 619//725
f 619//726 115//726 188//726
f 619//727 198//727 620//727
f 620//728 198//728 200//728
f 620//729 200//729 621//729
f 621//729 200//729 202//729
f 621//730 202//730 622//730
f 622//730 202//730 204//730
f 622//731 204//731 623//731
f 623//732 204//732 206//732
f 623//733 206//733 624//733
f 624//734 206//734 208//734
f 624//735 208//735 625//735
f 625//736 208//736 210//736
f 625//737 210//737 626//737
f 626//738 210//738 212//738
f 626//739 212//739 627//739
f 627//740 212//740 214//740
f 627//741 214//741 628//741
f 628//742 214//742 629//742
f 628//743 629//743 630//743
f 630//744 629//744 631//744
f 630//745 631//745 632//745
f 632//746 631//746 633//746
f 632//747 633//747 634//747
f 634//747 633//747 369//747
f 634//748 369//748 371//748
f 85//749 112//749 116//749
f 87//750 116//750 118//750
f 87//751 118//751 120//751
f 90//752 120//752 122//752
f 90//753 122//753 92//753
f 92//754 122//754 124//754
f 92//755 124//755 94//755
f 94//756 124//756 126//756
f 94//757 126//757 635//757
f 635//758 126//758 128//758
f 635//759 128//759 636//759
f 636//93 128//93 130//93
f 636//760 130//760 637//760
f 637//761 130//761 132//761
f 637//762 132//762 638//762
f 638//763 132//763 134//763
f 638//764 134//764 639//764
f 639//765 134//765 136//765
f 639//766 136//766 640//766
f 640//766 136//766 138//766
f 640//767 138//767 641//767
f 641//768 138//768 140//768
f 641//769 140//769 304//769
f 304//770 140//770 142//770
f 336//320 197//320 195//320
f 336//771 195//771 642//771
f 642//772 195//772 194//772
f 642//773 194//773 643//773
f 643//774 194//774 224//774
f 643//775 224//775 226//775
f 224//776 194//776 193//776
f 336//777 642//777 334//777
f 334//778 642//778 644//778
f 334//779 644//779 332//779
f 332//780 644//780 330//780
f 644//778 642//778 643//778
f 223//781 243//781 645//781
f 645//782 243//782 244//782
f 645//783 244//783 646//783
f 646//784 244//784 647//784
f 646//785 647//785 648//785
f 648//786 647//786 649//786
f 648//787 649//787 650//787
f 650//787 649//787 651//787
f 650//788 651//788 652//788
f 652//789 651//789 50//789
f 652//790 50//790 52//790
f 644//791 643//791 653//791
f 653//791 643//791 226//791
f 653//792 226//792 228//792
f 249//793 43//793 248//793
f 248//794 43//794 654//794
f 248//795 654//795 655//795
f 655//796 654//796 656//796
f 655//797 656//797 649//797
f 649//798 656//798 651//798
f 654//799 43//799 44//799
f 647//800 244//800 246//800
f 647//801 246//801 655//801
f 655//795 246//795 248//795
f 223//802 645//802 225//802
f 225//803 645//803 657//803
f 225//182 657//182 227//182
f 227//804 657//804 658//804
f 227//184 658//184 229//184
f 229//805 658//805 659//805
f 229//806 659//806 231//806
f 231//807 659//807 234//807
f 657//808 645//808 646//808
f 328//809 330//809 653//809
f 653//810 330//810 644//810
f 328//811 653//811 228//811
f 393//812 396//812 394//812
f 394//813 396//813 660//813
f 394//814 660//814 395//814
f 395//815 660//815 661//815
f 395//816 661//816 160//816
f 160//817 661//817 162//817
f 390//399 156//399 154//399
f 292//818 290//818 298//818
f 298//819 290//819 289//819
f 292//820 298//820 299//820
f 285//821 287//821 662//821
f 662//822 287//822 291//822
f 662//823 291//823 663//823
f 663//824 291//824 293//824
f 663//825 293//825 295//825
f 274//826 295//826 277//826
f 266//827 285//827 662//827
f 272//828 663//828 295//828
f 272//829 295//829 274//829
f 390//830 154//830 664//830
f 664//831 154//831 152//831
f 664//832 152//832 665//832
f 665//832 152//832 150//832
f 665//833 150//833 381//833
f 390//397 664//397 388//397
f 388//834 664//834 666//834
f 388//395 666//395 386//395
f 386//835 666//835 384//835
f 666//836 664//836 665//836
f 666//837 665//837 667//837
f 667//838 665//838 381//838
f 667//839 381//839 380//839
f 382//840 384//840 667//840
f 667//841 384//841 666//841
f 382//840 667//840 380//840
f 108//842 262//842 106//842
f 106//843 262//843 521//843
f 106//844 521//844 104//844
f 104//845 521//845 523//845
f 104//846 523//846 102//846
f 101//847 102//847 525//847
f 101//848 525//848 99//848
f 641//849 304//849 107//849
f 641//850 107//850 105//850
f 371//851 143//851 141//851
f 379//852 382//852 380//852
f 593//853 604//853 605//853
f 593//854 605//854 319//854
f 319//855 605//855 317//855
f 589//856 588//856 597//856
f 597//857 588//857 595//857
f 65//858 67//858 322//858
f 66//859 64//859 668//859
f 668//859 64//859 61//859
f 668//860 61//860 59//860
f 68//861 66//861 669//861
f 669//861 66//861 668//861
f 669//862 668//862 670//862
f 670//863 668//863 59//863
f 670//864 59//864 57//864
f 72//633 560//633 74//633
f 74//865 560//865 671//865
f 74//866 671//866 76//866
f 76//867 671//867 672//867
f 76//868 672//868 78//868
f 78//869 672//869 673//869
f 78//870 673//870 80//870
f 80//871 673//871 583//871
f 80//872 583//872 82//872
f 670//873 674//873 669//873
f 669//873 674//873 553//873
f 669//874 553//874 68//874
f 553//617 674//617 551//617
f 551//875 674//875 675//875
f 551//876 675//876 549//876
f 549//877 675//877 676//877
f 549//878 676//878 547//878
f 547//879 676//879 677//879
f 547//880 677//880 545//880
f 545//881 677//881 678//881
f 545//882 678//882 544//882
f 544//883 678//883 679//883
f 544//884 679//884 543//884
f 543//885 679//885 542//885
f 674//886 670//886 680//886
f 680//887 670//887 57//887
f 680//888 57//888 55//888
f 671//889 560//889 559//889
f 672//890 671//890 585//890
f 585//891 671//891 559//891
f 673//892 672//892 584//892
f 584//893 672//893 585//893
f 583//894 673//894 584//894
f 324//302 326//302 325//302
f 325//895 326//895 239//895
f 325//896 239//896 241//896
f 237//897 239//897 326//897
f 55//898 681//898 680//898
f 680//898 681//898 675//898
f 680//875 675//875 674//875
f 675//899 681//899 676//899
f 676//900 681//900 682//900
f 676//879 682//879 677//879
f 677//901 682//901 683//901
f 677//902 683//902 678//902
f 678//903 683//903 679//903
f 542//904 45//904 540//904
f 540//905 45//905 538//905
f 682//906 681//906 53//906
f 53//907 681//907 55//907
f 578//627 558//627 557//627
f 683//901 682//901 51//901
f 51//27 682//27 53//27
f 238//908 236//908 684//908
f 684//909 236//909 234//909
f 684//807 234//807 659//807
f 240//910 238//910 685//910
f 685//910 238//910 684//910
f 685//911 684//911 686//911
f 686//911 684//911 659//911
f 686//805 659//805 658//805
f 242//912 240//912 687//912
f 687//913 240//913 685//913
f 687//914 685//914 688//914
f 688//915 685//915 686//915
f 688//916 686//916 689//916
f 689//916 686//916 658//916
f 689//917 658//917 657//917
f 52//918 242//918 652//918
f 652//919 242//919 687//919
f 652//920 687//920 650//920
f 650//920 687//920 688//920
f 650//921 688//921 648//921
f 648//922 688//922 689//922
f 648//923 689//923 646//923
f 646//924 689//924 657//924
f 683//925 51//925 49//925
f 48//24 50//24 651//24
f 683//926 49//926 679//926
f 679//927 49//927 47//927
f 679//928 47//928 542//928
f 542//929 47//929 45//929
f 45//930 44//930 538//930
f 538//931 44//931 42//931
f 46//932 48//932 656//932
f 656//933 48//933 651//933
f 328//185 228//185 230//185
f 647//934 655//934 649//934
f 46//935 656//935 654//935
f 654//936 44//936 46//936
f 616//937 618//937 617//937
f 617//938 618//938 690//938
f 617//939 690//939 203//939
f 203//940 690//940 205//940
f 690//941 618//941 348//941
f 119//942 117//942 620//942
f 620//725 117//725 619//725
f 119//943 620//943 621//943
f 87//944 86//944 116//944
f 116//945 86//945 85//945
f 690//337 348//337 350//337
f 207//946 205//946 350//946
f 350//947 205//947 690//947
f 119//948 621//948 121//948
f 121//948 621//948 622//948
f 121//949 622//949 123//949
f 123//950 622//950 623//950
f 123//951 623//951 125//951
f 125//952 623//952 624//952
f 125//953 624//953 127//953
f 127//954 624//954 625//954
f 127//92 625//92 129//92
f 129//955 625//955 626//955
f 129//94 626//94 131//94
f 131//956 626//956 627//956
f 131//957 627//957 133//957
f 133//958 627//958 628//958
f 133//959 628//959 135//959
f 135//959 628//959 630//959
f 135//960 630//960 137//960
f 137//960 630//960 632//960
f 137//961 632//961 139//961
f 139//961 632//961 634//961
f 139//962 634//962 141//962
f 141//962 634//962 371//962
f 88//963 87//963 120//963
f 88//964 120//964 90//964
f 95//965 94//965 635//965
f 95//966 635//966 96//966
f 96//967 635//967 636//967
f 96//968 636//968 98//968
f 98//969 636//969 637//969
f 98//970 637//970 100//970
f 100//971 637//971 638//971
f 100//972 638//972 101//972
f 101//973 638//973 639//973
f 101//974 639//974 103//974
f 103//975 639//975 640//975
f 103//976 640//976 105//976
f 105//977 640//977 641//977
f 362//978 691//978 360//978
f 360//979 691//979 358//979
f 360//980 358//980 357//980
f 358//981 691//981 359//981
f 359//982 691//982 215//982
f 359//983 215//983 213//983
f 215//984 691//984 217//984
f 217//984 691//984 362//984
f 629//985 214//985 216//985
f 216//986 218//986 692//986
f 692//987 218//987 363//987
f 692//988 363//988 693//988
f 693//989 363//989 365//989
f 693//364 365//364 367//364
f 631//990 629//990 692//990
f 692//985 629//985 216//985
f 631//990 692//990 693//990
f 631//991 693//991 633//991
f 633//991 693//991 367//991
f 633//992 367//992 369//992
f 396//993 398//993 660//993
f 660//994 398//994 694//994
f 660//995 694//995 661//995
f 661//996 694//996 695//996
f 661//997 695//997 162//997
f 162//998 695//998 164//998
f 294//999 292//999 299//999
f 294//1000 299//1000 300//1000
f 270//1001 268//1001 662//1001
f 662//1002 268//1002 266//1002
f 270//1003 662//1003 663//1003
f 398//994 400//994 694//994
f 694//1004 400//1004 402//1004
f 694//1005 402//1005 695//1005
f 695//417 402//417 404//417
f 695//1006 404//1006 164//1006
f 164//419 404//419 166//419
f 296//1007 294//1007 300//1007
f 296//1008 300//1008 301//1008
f 272//1009 270//1009 663//1009
f 296//1010 301//1010 279//1010
f 279//1011 301//1011 281//1011
f 472//1012 280//1012 282//1012
f 282//1013 165//1013 696//1013
f 696//1013 165//1013 167//1013
f 696//1014 167//1014 697//1014
f 697//1015 167//1015 169//1015
f 697//1016 169//1016 698//1016
f 698//1017 169//1017 171//1017
f 698//1018 171//1018 699//1018
f 699//1019 171//1019 700//1019
f 699//1020 700//1020 701//1020
f 701//1021 700//1021 702//1021
f 701//1022 702//1022 703//1022
f 703//1023 702//1023 704//1023
f 703//1024 704//1024 705//1024
f 705//1025 704//1025 456//1025
f 705//486 456//486 455//486
f 507//1026 275//1026 276//1026
f 482//1027 507//1027 276//1027
f 413//1028 174//1028 412//1028
f 412//1029 174//1029 172//1029
f 697//1030 470//1030 696//1030
f 696//1031 470//1031 472//1031
f 696//1032 472//1032 282//1032
f 470//1033 697//1033 468//1033
f 468//1034 697//1034 698//1034
f 468//1035 698//1035 466//1035
f 466//1036 698//1036 699//1036
f 466//1037 699//1037 464//1037
f 464//1038 699//1038 701//1038
f 464//1039 701//1039 462//1039
f 462//1040 701//1040 703//1040
f 462//1041 703//1041 460//1041
f 460//1042 703//1042 705//1042
f 460//1043 705//1043 454//1043
f 454//1044 705//1044 455//1044
f 610//1045 510//1045 511//1045
f 411//1046 413//1046 412//1046
f 700//1047 171//1047 173//1047
f 173//1048 175//1048 706//1048
f 706//1048 175//1048 177//1048
f 706//1049 177//1049 707//1049
f 707//1049 177//1049 179//1049
f 707//1050 179//1050 457//1050
f 610//1051 511//1051 493//1051
f 493//1052 511//1052 512//1052
f 493//1053 512//1053 708//1053
f 708//1054 512//1054 513//1054
f 708//1055 513//1055 490//1055
f 490//1056 513//1056 514//1056
f 490//1057 514//1057 488//1057
f 488//1058 514//1058 515//1058
f 488//1059 515//1059 485//1059
f 485//1060 515//1060 483//1060
f 707//1061 702//1061 706//1061
f 706//1062 702//1062 700//1062
f 706//1063 700//1063 173//1063
f 702//1064 707//1064 704//1064
f 704//1065 707//1065 457//1065
f 704//487 457//487 456//487
f 708//1066 492//1066 493//1066
f 492//1067 708//1067 490//1067
f 487//1068 488//1068 485//1068
f 709//1069 710//1069 711//1069
f 711//1069 710//1069 712//1069
f 711//1070 712//1070 713//1070
f 713//1071 712//1071 714//1071
f 713//1072 714//1072 715//1072
f 715//1073 714//1073 716//1073
f 715//1074 716//1074 717//1074
f 715//1075 717//1075 718//1075
f 718//1069 717//1069 719//1069
f 718//1069 719//1069 720//1069
f 720//1069 719//1069 721//1069
f 720//1069 721//1069 722//1069
f 722//1069 721//1069 723//1069
f 722//1069 723//1069 724//1069
f 724//1069 723//1069 725//1069
f 725//1069 723//1069 726//1069
f 725//1069 726//1069 727//1069
f 727//1069 726//1069 728//1069
f 727//1069 728//1069 729//1069
f 729//1069 728//1069 730//1069
f 730//1069 728//1069 731//1069
f 731//1069 728//1069 732//1069
f 731//1069 732//1069 733//1069
f 733//1069 732//1069 734//1069
f 733//1069 734//1069 735//1069
f 735//1069 734//1069 709//1069
f 709//1069 734//1069 710//1069
f 720//1069 736//1069 718//1069
f 718//1069 736//1069 737//1069
f 738//1076 739//1076 713//1076
f 713//1077 739//1077 711//1077
f 740//1078 741//1078 742//1078
f 742//1079 741//1079 743//1079
f 742//1080 743//1080 744//1080
f 744//1081 743//1081 745//1081
f 744//1082 745//1082 746//1082
f 746//1083 745//1083 747//1083
f 746//1084 747//1084 748//1084
f 748//1085 747//1085 749//1085
f 748//1086 749//1086 750//1086
f 748//1087 750//1087 751//1087
f 751//1088 750//1088 752//1088
f 751//1089 752//1089 753//1089
f 753//1090 752//1090 754//1090
f 753//1091 754//1091 755//1091
f 753//1092 755//1092 756//1092
f 756//1093 755//1093 757//1093
f 756//1094 757//1094 758//1094
f 758//1095 757//1095 759//1095
f 758//1096 759//1096 760//1096
f 760//1097 759//1097 761//1097
f 760//1098 761//1098 762//1098
f 760//1099 762//1099 763//1099
f 763//1100 762//1100 764//1100
f 763//1101 764//1101 765//1101
f 765//1102 764//1102 766//1102
f 765//1103 766//1103 767//1103
f 765//1104 767//1104 768//1104
f 768//1105 767//1105 769//1105
f 768//1106 769//1106 770//1106
f 770//1107 769//1107 740//1107
f 770//1108 740//1108 742//1108
f 771//1069 772//1069 773//1069
f 773//1069 772//1069 774//1069
f 773//1069 774//1069 775//1069
f 775//1109 774//1109 776//1109
f 772//1069 771//1069 777//1069
f 777//1069 771//1069 778//1069
f 777//1069 778//1069 779//1069
f 777//1069 779//1069 780//1069
f 780//1069 779//1069 781//1069
f 780//1069 781//1069 782//1069
f 780//1069 782//1069 783//1069
f 783//1069 782//1069 784//1069
f 783//1069 784//1069 785//1069
f 783//1069 785//1069 786//1069
f 786//1069 785//1069 787//1069
f 786//1069 787//1069 788//1069
f 786//1069 788//1069 789//1069
f 789//1069 788//1069 790//1069
f 789//1069 790//1069 791//1069
f 789//1069 791//1069 792//1069
f 792//1069 791//1069 793//1069
f 792//1069 793//1069 794//1069
f 794//1069 793//1069 795//1069
f 794//1110 795//1110 796//1110
f 796//1111 795//1111 797//1111
f 794//1112 796//1112 798//1112
f 798//1113 796//1113 799//1113
f 798//1069 799//1069 800//1069
f 800//1069 799//1069 801//1069
f 801//1069 799//1069 802//1069
f 801//1069 802//1069 803//1069
f 803//1069 802//1069 774//1069
f 774//1069 802//1069 776//1069
f 776//1114 804//1114 775//1114
f 805//1115 806//1115 807//1115
f 807//1116 806//1116 808//1116
f 807//1117 808//1117 809//1117
f 809//1118 808//1118 810//1118
f 809//1119 810//1119 811//1119
f 811//1120 810//1120 812//1120
f 811//1121 812//1121 813//1121
f 813//1122 812//1122 814//1122
f 813//1123 814//1123 815//1123
f 813//1124 815//1124 816//1124
f 816//1125 815//1125 817//1125
f 816//1126 817//1126 818//1126
f 818//1127 817//1127 819//1127
f 818//1128 819//1128 820//1128
f 818//1129 820//1129 821//1129
f 821//1130 820//1130 822//1130
f 821//1131 822//1131 823//1131
f 823//1132 822//1132 824//1132
f 823//1133 824//1133 825//1133
f 825//1134 824//1134 826//1134
f 825//1135 826//1135 827//1135
f 825//1136 827//1136 828//1136
f 828//1137 827//1137 829//1137
f 828//1138 829//1138 830//1138
f 830//1139 829//1139 831//1139
f 830//1140 831//1140 832//1140
f 830//1141 832//1141 833//1141
f 833//1142 832//1142 834//1142
f 833//1143 834//1143 835//1143
f 835//1144 834//1144 805//1144
f 835//1145 805//1145 807//1145
f 836//1069 837//1069 838//1069
f 838//1069 837//1069 839//1069
f 838//1069 839//1069 840//1069
f 840//1069 839//1069 841//1069
f 840//1069 841//1069 842//1069
f 842//1069 841//1069 843//1069
f 842//1069 843//1069 844//1069
f 842//1069 844//1069 845//1069
f 837//1069 836//1069 846//1069
f 846//1069 836//1069 847//1069
f 846//1069 847//1069 848//1069
f 846//1069 848//1069 849//1069
f 849//1069 848//1069 850//1069
f 849//1069 850//1069 851//1069
f 849//1069 851//1069 852//1069
f 852//1069 851//1069 853//1069
f 852//1069 853//1069 854//1069
f 852//1069 854//1069 855//1069
f 855//1069 854//1069 856//1069
f 855//1069 856//1069 857//1069
f 855//1069 857//1069 858//1069
f 858//1069 857//1069 859//1069
f 858//1069 859//1069 860//1069
f 858//1069 860//1069 861//1069
f 861//1069 860//1069 862//1069
f 861//1069 862//1069 863//1069
f 863//1069 862//1069 864//1069
f 863//1069 864//1069 845//1069
f 845//1069 864//1069 842//1069
f 862//1069 865//1069 864//1069
f 864//1146 865//1146 866//1146
f 866//1147 865//1147 867//1147
f 838//1069 840//1069 868//1069
f 868//1148 840//1148 869//1148
f 868//1149 869//1149 870//1149
f 870//1150 871//1150 868//1150
f 872//1078 873//1078 874//1078
f 874//1079 873//1079 875//1079
f 874//1080 875//1080 876//1080
f 876//1081 875//1081 877//1081
f 876//1082 877//1082 878//1082
f 878//1083 877//1083 879//1083
f 878//1151 879//1151 880//1151
f 880//1085 879//1085 881//1085
f 880//1086 881//1086 882//1086
f 880//1152 882//1152 883//1152
f 883//1088 882//1088 884//1088
f 883//1089 884//1089 885//1089
f 885//1090 884//1090 886//1090
f 885//1091 886//1091 887//1091
f 885//1092 887//1092 888//1092
f 888//1093 887//1093 889//1093
f 888//1094 889//1094 890//1094
f 890//1095 889//1095 891//1095
f 890//1096 891//1096 892//1096
f 892//1097 891//1097 893//1097
f 892//1098 893//1098 894//1098
f 892//1099 894//1099 895//1099
f 895//1153 894//1153 896//1153
f 895//1101 896//1101 897//1101
f 897//1102 896//1102 898//1102
f 897//1103 898//1103 899//1103
f 897//1104 899//1104 900//1104
f 900//1105 899//1105 901//1105
f 900//1106 901//1106 902//1106
f 902//1107 901//1107 872//1107
f 902//1108 872//1108 874//1108
f 903//1069 904//1069 905//1069
f 905//1069 904//1069 906//1069
f 905//1069 906//1069 907//1069
f 907//1069 906//1069 908//1069
f 904//1069 903//1069 909//1069
f 909//1069 903//1069 910//1069
f 909//1069 910//1069 911//1069
f 909//1069 911//1069 912//1069
f 912//1069 911//1069 913//1069
f 912//1069 913//1069 914//1069
f 912//1069 914//1069 915//1069
f 915//1069 914//1069 916//1069
f 915//1069 916//1069 917//1069
f 915//1069 917//1069 918//1069
f 918//1069 917//1069 919//1069
f 918//1069 919//1069 920//1069
f 918//1069 920//1069 921//1069
f 921//1069 920//1069 922//1069
f 921//1069 922//1069 923//1069
f 921//1069 923//1069 924//1069
f 924//1069 923//1069 925//1069
f 924//1069 925//1069 926//1069
f 926//1069 925//1069 927//1069
f 926//1154 927//1154 928//1154
f 928//1155 927//1155 929//1155
f 928//1069 930//1069 926//1069
f 926//1069 930//1069 931//1069
f 931//1069 930//1069 932//1069
f 932//1069 930//1069 933//1069
f 932//1069 933//1069 934//1069
f 934//1069 933//1069 935//1069
f 935//1069 933//1069 908//1069
f 935//1069 908//1069 906//1069
f 908//1112 936//1112 907//1112
f 938//1156 937//1156 939//1156
f 938//1157 939//1157 940//1157
f 940//1158 939//1158 941//1158
f 940//1159 941//1159 942//1159
f 942//1160 941//1160 943//1160
f 943//1161 941//1161 944//1161
f 943//1162 944//1162 945//1162
f 945//1163 944//1163 946//1163
f 945//1164 946//1164 947//1164
f 947//1165 946//1165 948//1165
f 947//1166 948//1166 949//1166
f 937//1167 950//1167 939//1167
f 939//1168 950//1168 951//1168
f 951//1169 950//1169 952//1169
f 951//1170 952//1170 953//1170
f 953//1171 952//1171 954//1171
f 954//1172 952//1172 1041//1172
f 955//1173 776//1173 956//1173
f 956//1174 776//1174 802//1174
f 956//1175 802//1175 957//1175
f 957//1176 802//1176 799//1176
f 957//1177 799//1177 958//1177
f 958//1178 799//1178 796//1178
f 796//1179 959//1179 958//1179
f 958//1180 959//1180 960//1180
f 960//1181 959//1181 961//1181
f 960//1182 961//1182 962//1182
f 971//1183 972//1183 973//1183
f 973//1184 972//1184 974//1184
f 973//1185 974//1185 975//1185
f 975//1186 974//1186 976//1186
f 975//1187 976//1187 977//1187
f 975//1188 977//1188 978//1188
f 978//1189 977//1189 933//1189
f 978//1190 933//1190 979//1190
f 979//1191 933//1191 930//1191
f 979//1192 930//1192 980//1192
f 980//1193 930//1193 928//1193
f 980//1194 928//1194 981//1194
f 977//1195 908//1195 933//1195
f 980//1196 981//1196 982//1196
f 980//1197 982//1197 983//1197
f 983//1198 982//1198 984//1198
f 983//1199 984//1199 985//1199
f 985//1200 984//1200 986//1200
f 985//1201 986//1201 987//1201
f 987//1202 986//1202 988//1202
f 987//1203 988//1203 989//1203
f 989//1204 988//1204 990//1204
f 989//1205 990//1205 991//1205
f 991//1206 990//1206 992//1206
f 991//1207 992//1207 993//1207
f 993//1208 992//1208 994//1208
f 993//1209 994//1209 713//1209
f 713//1210 715//1210 993//1210
f 993//1211 715//1211 995//1211
f 995//1212 715//1212 718//1212
f 995//1213 718//1213 996//1213
f 995//1214 996//1214 997//1214
f 995//1215 997//1215 998//1215
f 998//1216 997//1216 999//1216
f 998//1217 999//1217 1000//1217
f 1000//1218 999//1218 1001//1218
f 1000//1219 1001//1219 1002//1219
f 1002//1220 1001//1220 1003//1220
f 1002//1221 1003//1221 1004//1221
f 1004//1222 1003//1222 1005//1222
f 1004//1223 1005//1223 1006//1223
f 1006//1224 1005//1224 1007//1224
f 1006//1225 1007//1225 1008//1225
f 1007//1226 869//1226 1008//1226
f 1008//1227 869//1227 840//1227
f 1008//1228 840//1228 1009//1228
f 1010//1229 1011//1229 956//1229
f 956//1230 1011//1230 955//1230
f 1012//1231 1013//1231 1010//1231
f 1010//1232 1013//1232 1011//1232
f 1013//1233 1012//1233 1014//1233
f 1014//1234 1012//1234 1015//1234
f 1014//1235 1015//1235 1016//1235
f 1016//1236 1015//1236 1017//1236
f 1016//1237 1017//1237 1018//1237
f 1018//1238 1017//1238 1019//1238
f 1018//1239 1019//1239 1020//1239
f 1020//1240 1019//1240 1021//1240
f 1020//1241 1021//1241 1022//1241
f 1022//1242 1021//1242 1023//1242
f 1023//1243 1021//1243 1024//1243
f 1024//1244 1021//1244 1025//1244
f 1024//1245 1025//1245 1026//1245
f 1026//1246 1025//1246 1027//1246
f 1027//1247 1025//1247 1028//1247
f 1028//1248 1025//1248 1029//1248
f 1028//1249 1029//1249 1030//1249
f 1030//1250 1029//1250 1031//1250
f 1030//1251 1031//1251 1032//1251
f 1032//1252 1031//1252 1033//1252
f 1032//1253 1033//1253 1034//1253
f 1034//1254 1033//1254 1035//1254
f 1034//1255 1035//1255 1036//1255
f 1036//1256 1035//1256 1037//1256
f 1036//1257 1037//1257 1038//1257
f 1038//1258 1037//1258 1039//1258
f 1038//1259 1039//1259 1040//1259
f 1040//1260 1039//1260 1041//1260
f 1041//1261 1039//1261 954//1261
f 840//1262 842//1262 1009//1262
f 1009//1263 842//1263 1042//1263
f 1042//1264 842//1264 1043//1264
f 1043//1265 842//1265 864//1265
f 1043//1266 864//1266 1044//1266
f 1044//1267 864//1267 866//1267
f 1044//1268 866//1268 1045//1268
f 1044//1269 1045//1269 1046//1269
f 1044//1270 1046//1270 1047//1270
f 1047//1271 1046//1271 1048//1271
f 1047//1272 1048//1272 1049//1272
f 1049//1273 1048//1273 1050//1273
f 1049//1274 1050//1274 1051//1274
f 1051//1275 1050//1275 1052//1275
f 1051//1276 1052//1276 1053//1276
f 1054//1277 1055//1277 1056//1277
f 1056//1278 1055//1278 1057//1278
f 1057//1279 1058//1279 1056//1279
f 1059//1280 1060//1280 1061//1280
f 1061//1281 1060//1281 1062//1281
f 1062//1282 1063//1282 1061//1282
f 1064//1283 1065//1283 1066//1283
f 1066//1284 1065//1284 1067//1284
f 1068//1285 1069//1285 1070//1285
f 1070//1286 1069//1286 1071//1286
f 1072//1287 1073//1287 1074//1287
f 1074//1288 1073//1288 1075//1288
f 1074//1289 1075//1289 1076//1289
f 1076//1290 1077//1290 1074//1290
f 11//1291 13//1291 1184//1291
f 1184//1292 13//1292 1078//1292
f 1184//1293 1078//1293 1156//1293
f 1156//1294 1078//1294 1079//1294
f 1156//1295 1079//1295 1080//1295
f 1080//1296 1079//1296 1081//1296
f 1184//1297 1185//1297 11//1297
f 11//1298 1185//1298 9//1298
f 9//1299 1185//1299 1082//1299
f 9//1300 1082//1300 7//1300
f 1083//1301 21//1301 1084//1301
f 1084//1302 21//1302 19//1302
f 1084//1303 19//1303 1085//1303
f 1085//1304 19//1304 17//1304
f 1085//1305 17//1305 1086//1305
f 1086//1306 17//1306 15//1306
f 1084//1307 1087//1307 1083//1307
f 1083//1308 1087//1308 1088//1308
f 1088//1309 1087//1309 1089//1309
f 1088//1310 1089//1310 1090//1310
f 1095//1311 1093//1311 1053//1311
f 1096//1312 1097//1312 26//1312
f 26//1313 1097//1313 1098//1313
f 26//1314 1098//1314 1099//1314
f 1097//1315 1096//1315 1100//1315
f 1100//1316 1096//1316 1101//1316
f 1100//1317 1101//1317 1092//1317
f 1092//1318 1101//1318 1091//1318
f 26//1319 1099//1319 24//1319
f 24//1320 1099//1320 1102//1320
f 24//1321 1102//1321 22//1321
f 22//1322 1102//1322 1103//1322
f 22//1323 1103//1323 1104//1323
f 1086//1324 15//1324 1104//1324
f 1104//1325 15//1325 22//1325
f 1105//1326 1094//1326 1093//1326
f 1105//1327 1093//1327 1106//1327
f 1105//1328 1106//1328 1107//1328
f 1107//1329 1106//1329 1108//1329
f 1107//1330 1108//1330 1109//1330
f 1109//1331 1108//1331 1//1331
f 1109//1332 1//1332 1110//1332
f 1110//1333 1//1333 3//1333
f 1110//1334 3//1334 1111//1334
f 1111//1335 3//1335 1112//1335
f 1112//1336 3//1336 5//1336
f 1112//1337 5//1337 1113//1337
f 1113//1338 5//1338 1114//1338
f 1114//1339 5//1339 7//1339
f 1114//1340 7//1340 1082//1340
f 1052//1341 1095//1341 1053//1341
f 1115//1342 1080//1342 1081//1342
f 1115//1343 1081//1343 1116//1343
f 1115//1344 1116//1344 1117//1344
f 1117//1345 1116//1345 1118//1345
f 1117//1346 1118//1346 1119//1346
f 1119//1347 1118//1347 1120//1347
f 1119//1348 1120//1348 1121//1348
f 1121//1349 1120//1349 1122//1349
f 1121//1350 1122//1350 1123//1350
f 1123//1351 1122//1351 1124//1351
f 1123//1352 1124//1352 1125//1352
f 1125//1353 1124//1353 1126//1353
f 1125//1354 1126//1354 1127//1354
f 1127//1355 1126//1355 1090//1355
f 1127//1356 1090//1356 1089//1356
f 1085//1357 1086//1357 1128//1357
f 1128//1358 1086//1358 1129//1358
f 1128//1359 1129//1359 1130//1359
f 1131//1360 1132//1360 1130//1360
f 1130//1361 1132//1361 1133//1361
f 1133//1362 1132//1362 1134//1362
f 1134//1363 1135//1363 1087//1363
f 1087//1364 1135//1364 1089//1364
f 1089//1365 1135//1365 1136//1365
f 1136//1366 1135//1366 1137//1366
f 1136//1367 1137//1367 1138//1367
f 1138//1368 1137//1368 1139//1368
f 1138//1369 1139//1369 1140//1369
f 1140//1370 1139//1370 1141//1370
f 1140//1371 1141//1371 1142//1371
f 1142//1372 1141//1372 1143//1372
f 1142//1373 1143//1373 1144//1373
f 1144//1374 1143//1374 1145//1374
f 1144//1375 1145//1375 1146//1375
f 1146//1376 1147//1376 1144//1376
f 1144//1377 1147//1377 1148//1377
f 1144//1378 1148//1378 1149//1378
f 1144//1379 1149//1379 1142//1379
f 1142//1380 1149//1380 1140//1380
f 1132//1381 1131//1381 1150//1381
f 1150//1382 1131//1382 1141//1382
f 1141//1383 1131//1383 1143//1383
f 1145//1384 417//1384 1146//1384
f 1147//1385 1151//1385 1148//1385
f 1148//1386 1151//1386 1149//1386
f 1149//1387 1151//1387 1152//1387
f 1152//1388 1151//1388 1153//1388
f 1152//1389 1153//1389 1154//1389
f 1154//1390 1153//1390 1138//1390
f 1138//1391 1153//1391 1136//1391
f 1087//1392 1084//1392 1134//1392
f 1134//1393 1084//1393 1085//1393
f 1134//1394 1085//1394 1128//1394
f 1141//1395 1139//1395 1150//1395
f 1150//1396 1139//1396 1155//1396
f 1150//1397 1155//1397 1132//1397
f 1132//1398 1155//1398 1134//1398
f 1128//1399 1130//1399 1133//1399
f 1134//1400 1128//1400 1133//1400
f 1152//1401 1154//1401 1149//1401
f 1149//1402 1154//1402 1140//1402
f 1154//1403 1138//1403 1140//1403
f 1139//1404 1137//1404 1155//1404
f 1155//1405 1137//1405 1135//1405
f 1155//1406 1135//1406 1134//1406
f 1156//1407 1080//1407 1157//1407
f 1156//1408 1157//1408 1158//1408
f 1158//1409 1157//1409 1159//1409
f 1158//1410 1159//1410 1160//1410
f 1160//1411 1159//1411 1161//1411
f 1160//1412 1161//1412 1162//1412
f 1162//1413 1161//1413 1163//1413
f 1162//1414 1163//1414 1164//1414
f 1164//1415 1163//1415 1165//1415
f 1165//1416 1163//1416 1166//1416
f 1165//1417 1166//1417 1167//1417
f 1167//1418 1166//1418 1168//1418
f 1167//1419 1168//1419 1169//1419
f 1169//1420 1168//1420 1170//1420
f 1169//1421 1170//1421 1171//1421
f 1171//1422 1170//1422 1172//1422
f 1171//1423 1172//1423 1173//1423
f 1159//1424 1157//1424 1174//1424
f 1174//1425 1157//1425 1175//1425
f 1174//1426 1175//1426 1176//1426
f 1176//1427 1175//1427 1172//1427
f 1176//1428 1172//1428 1170//1428
f 1177//1429 1178//1429 1173//1429
f 1173//1430 1178//1430 1169//1430
f 1169//1431 1178//1431 1167//1431
f 315//1432 1179//1432 1177//1432
f 1177//1433 1179//1433 1178//1433
f 1178//1434 1179//1434 1167//1434
f 1162//1435 1164//1435 1180//1435
f 1180//1436 1164//1436 1181//1436
f 1180//1437 1181//1437 1182//1437
f 1180//1438 1182//1438 1183//1438
f 1183//1439 1182//1439 1184//1439
f 1183//1440 1184//1440 1156//1440
f 1181//1441 1082//1441 1182//1441
f 1182//1442 1082//1442 1185//1442
f 1182//1443 1185//1443 1184//1443
f 1176//1444 1170//1444 1174//1444
f 1174//1445 1170//1445 1186//1445
f 1174//1446 1186//1446 1161//1446
f 1174//1447 1161//1447 1159//1447
f 1183//1448 1156//1448 1158//1448
f 1183//1449 1158//1449 1160//1449
f 1183//1450 1160//1450 1162//1450
f 1173//1451 1169//1451 1171//1451
f 1170//1452 1168//1452 1186//1452
f 1186//1453 1168//1453 1166//1453
f 1186//1454 1166//1454 1161//1454
f 1161//1455 1166//1455 1163//1455
f 1180//1456 1183//1456 1162//1456
f 1187//1457 1094//1457 1105//1457
f 1113//1458 1114//1458 1194//1458
f 1113//1459 1194//1459 1195//1459
f 1195//1460 1194//1460 1196//1460
f 1195//1461 1196//1461 1197//1461
f 1197//1462 1196//1462 1198//1462
f 1197//1463 1198//1463 1199//1463
f 1199//1464 1198//1464 1200//1464
f 1199//1465 1200//1465 1201//1465
f 1201//1466 1200//1466 1202//1466
f 1203//1467 1114//1467 1082//1467
f 1203//1468 1082//1468 1181//1468
f 1164//1469 1204//1469 1181//1469
f 1181//1470 1204//1470 1203//1470
f 1203//1471 1204//1471 1194//1471
f 1165//1472 1205//1472 1164//1472
f 1164//1473 1205//1473 1206//1473
f 1164//1474 1206//1474 1204//1474
f 1204//1475 1206//1475 1196//1475
f 1205//1476 1165//1476 1207//1476
f 1205//1477 1207//1477 1200//1477
f 1200//1478 1207//1478 1208//1478
f 1200//1479 1208//1479 1202//1479
f 1202//1480 1208//1480 1209//1480
f 1209//1481 1208//1481 1571//1481
f 1571//1482 1208//1482 1963//1482
f 1963//1483 1208//1483 1210//1483
f 1963//1484 1210//1484 1565//1484
f 1565//1485 1210//1485 1211//1485
f 1565//1486 1211//1486 1566//1486
f 1566//1487 1211//1487 1212//1487
f 1212//1488 1211//1488 1213//1488
f 1212//1489 1213//1489 603//1489
f 1165//1490 1167//1490 1207//1490
f 1207//1491 1167//1491 1214//1491
f 1207//1492 1214//1492 1208//1492
f 1208//1493 1214//1493 1210//1493
f 1167//1494 1179//1494 1214//1494
f 1214//1495 1179//1495 1215//1495
f 1214//1496 1215//1496 1210//1496
f 1210//1497 1215//1497 1211//1497
f 315//1498 1216//1498 1179//1498
f 1179//1499 1216//1499 1215//1499
f 315//1500 606//1500 1216//1500
f 1216//1501 606//1501 1213//1501
f 1216//1502 1213//1502 1211//1502
f 606//1503 603//1503 1213//1503
f 599//1504 1217//1504 601//1504
f 601//1505 1217//1505 1218//1505
f 601//1506 1218//1506 603//1506
f 603//1507 1218//1507 1219//1507
f 603//1508 1219//1508 1212//1508
f 1217//1509 599//1509 1220//1509
f 1220//1510 599//1510 596//1510
f 1220//1511 596//1511 1221//1511
f 1221//1512 596//1512 1222//1512
f 1222//1513 596//1513 594//1513
f 1222//1514 594//1514 1223//1514
f 1223//1515 594//1515 1224//1515
f 1224//1516 594//1516 586//1516
f 1224//1517 586//1517 1225//1517
f 1224//1518 1225//1518 1226//1518
f 1226//1519 1225//1519 1227//1519
f 1226//1520 1227//1520 1228//1520
f 1226//1521 1228//1521 1229//1521
f 1229//1522 1228//1522 1230//1522
f 1227//1523 1230//1523 1228//1523
f 1229//1524 1230//1524 1231//1524
f 1231//1525 1230//1525 1232//1525
f 1231//1526 1232//1526 1233//1526
f 1233//1527 1232//1527 1234//1527
f 1233//1528 1234//1528 1235//1528
f 1235//1529 1234//1529 1236//1529
f 1236//1530 1234//1530 1237//1530
f 1237//1531 1234//1531 1193//1531
f 1234//1532 1238//1532 1193//1532
f 1193//1533 1238//1533 1239//1533
f 1193//1534 1239//1534 1192//1534
f 1192//1535 1239//1535 1191//1535
f 1239//1536 1238//1536 1240//1536
f 1240//1537 1238//1537 1241//1537
f 1240//1538 1241//1538 1242//1538
f 1242//1539 1241//1539 1243//1539
f 1242//1540 1243//1540 1189//1540
f 1189//1541 1243//1541 1188//1541
f 1241//1542 1187//1542 1243//1542
f 1243//1543 1187//1543 1105//1543
f 1243//1544 1105//1544 1188//1544
f 1188//1545 1105//1545 1107//1545
f 1217//1546 1244//1546 1218//1546
f 1201//1547 1202//1547 1570//1547
f 1201//1548 1570//1548 1569//1548
f 1201//1549 1569//1549 1245//1549
f 1245//1550 1569//1550 1246//1550
f 1245//1551 1246//1551 1247//1551
f 1245//1552 1247//1552 1248//1552
f 1248//1553 1247//1553 1249//1553
f 1248//1554 1249//1554 1250//1554
f 1251//1555 1250//1555 1191//1555
f 1251//1556 1191//1556 1190//1556
f 1249//1557 1252//1557 1250//1557
f 1250//1558 1252//1558 1191//1558
f 1233//1559 1229//1559 1231//1559
f 1191//1560 1239//1560 1240//1560
f 1189//1561 1190//1561 1242//1561
f 1242//1562 1190//1562 1240//1562
f 1190//1563 1191//1563 1240//1563
f 1188//1564 1107//1564 1109//1564
f 1188//1565 1109//1565 1253//1565
f 1253//1566 1109//1566 1110//1566
f 1253//1567 1110//1567 1254//1567
f 1254//1568 1110//1568 1111//1568
f 1254//1569 1111//1569 1255//1569
f 1255//1570 1111//1570 1112//1570
f 1255//1571 1112//1571 1195//1571
f 1195//1572 1112//1572 1113//1572
f 1189//1573 1188//1573 1256//1573
f 1256//1574 1188//1574 1253//1574
f 1256//1575 1253//1575 1257//1575
f 1257//1576 1253//1576 1254//1576
f 1257//1577 1254//1577 1255//1577
f 1252//1578 1192//1578 1191//1578
f 1190//1579 1189//1579 1258//1579
f 1258//1580 1189//1580 1256//1580
f 1258//1581 1256//1581 1259//1581
f 1259//1582 1256//1582 1257//1582
f 1259//1583 1257//1583 1260//1583
f 1260//1584 1257//1584 1255//1584
f 1260//1585 1255//1585 1197//1585
f 1197//1586 1255//1586 1195//1586
f 1190//1587 1258//1587 1251//1587
f 1251//1588 1258//1588 1261//1588
f 1251//1589 1261//1589 1250//1589
f 1250//1590 1261//1590 1248//1590
f 1261//1591 1258//1591 1259//1591
f 1261//1592 1259//1592 1260//1592
f 1245//1593 1248//1593 1261//1593
f 1245//1594 1261//1594 1260//1594
f 1197//1595 1199//1595 1260//1595
f 1260//1596 1199//1596 1245//1596
f 1199//1597 1201//1597 1245//1597
f 1203//1598 1194//1598 1114//1598
f 1204//1599 1196//1599 1194//1599
f 1205//1600 1200//1600 1198//1600
f 1205//1601 1198//1601 1206//1601
f 1206//1602 1198//1602 1196//1602
f 1216//1603 1211//1603 1215//1603
f 484//1604 1262//1604 486//1604
f 486//1605 1262//1605 1263//1605
f 486//1606 1263//1606 1264//1606
f 474//1607 1267//1607 484//1607
f 484//1608 1267//1608 1265//1608
f 458//1609 1266//1609 474//1609
f 474//1610 1266//1610 1267//1610
f 1266//1611 458//1611 1268//1611
f 1268//1612 458//1612 453//1612
f 1268//1613 453//1613 1269//1613
f 1269//1614 453//1614 187//1614
f 1269//1615 187//1615 1270//1615
f 1270//1616 187//1616 1271//1616
f 1536//1617 1271//1617 1272//1617
f 1272//1618 1273//1618 1274//1618
f 1274//1619 1273//1619 1145//1619
f 1274//1620 1145//1620 1143//1620
f 187//1621 1275//1621 1272//1621
f 1272//1622 1275//1622 1273//1622
f 187//1623 186//1623 1275//1623
f 1275//1624 186//1624 1276//1624
f 1275//1625 1276//1625 1273//1625
f 1273//1626 1276//1626 1145//1626
f 186//1627 417//1627 1276//1627
f 1276//1628 417//1628 1145//1628
f 1274//1629 1143//1629 1277//1629
f 1277//1630 1143//1630 1131//1630
f 1277//1631 1131//1631 1278//1631
f 1278//1632 1131//1632 1130//1632
f 1129//1633 1279//1633 1130//1633
f 1130//1634 1279//1634 1280//1634
f 1130//1635 1280//1635 1278//1635
f 1278//1636 1280//1636 1281//1636
f 1278//1637 1281//1637 1282//1637
f 1282//1638 1281//1638 1534//1638
f 1282//1639 1534//1639 1283//1639
f 1086//1640 1284//1640 1129//1640
f 1129//1641 1284//1641 1279//1641
f 1279//1642 1284//1642 1285//1642
f 1279//1643 1285//1643 1286//1643
f 1286//1644 1285//1644 1287//1644
f 1286//1645 1287//1645 1288//1645
f 1288//1646 1287//1646 1289//1646
f 1288//1647 1289//1647 1290//1647
f 1290//1648 1289//1648 1291//1648
f 1290//1649 1291//1649 1532//1649
f 1284//1650 1086//1650 1104//1650
f 1104//1651 1103//1651 1292//1651
f 1292//1652 1103//1652 1293//1652
f 1293//1653 1103//1653 1102//1653
f 1293//1654 1102//1654 1294//1654
f 1294//1655 1102//1655 1099//1655
f 1294//1656 1099//1656 1295//1656
f 1295//1657 1099//1657 1098//1657
f 1295//1658 1098//1658 1296//1658
f 1296//1659 1098//1659 1097//1659
f 1296//1660 1097//1660 1297//1660
f 1297//1661 1097//1661 1100//1661
f 1297//1662 1100//1662 1298//1662
f 1298//1663 1100//1663 1092//1663
f 1298//1664 1299//1664 1297//1664
f 1297//1665 1299//1665 1300//1665
f 1297//1666 1300//1666 1296//1666
f 1296//1667 1300//1667 1301//1667
f 1296//1668 1301//1668 1295//1668
f 1295//1669 1301//1669 1302//1669
f 1295//1670 1302//1670 1294//1670
f 1294//1671 1302//1671 1303//1671
f 1294//1672 1303//1672 1304//1672
f 1294//1673 1304//1673 1293//1673
f 1293//1674 1304//1674 1305//1674
f 1293//1675 1305//1675 1292//1675
f 1292//1676 1305//1676 1306//1676
f 1292//1677 1306//1677 1307//1677
f 1300//1678 1299//1678 1308//1678
f 1308//1679 1299//1679 1309//1679
f 1308//1680 1309//1680 1310//1680
f 1310//1681 1309//1681 1311//1681
f 1310//1682 1311//1682 1312//1682
f 1312//1683 1311//1683 1313//1683
f 1314//1684 1313//1684 1315//1684
f 1314//1685 1315//1685 1316//1685
f 1316//1686 1315//1686 1317//1686
f 1316//1687 1317//1687 1302//1687
f 1302//1688 1317//1688 1303//1688
f 1309//1689 1318//1689 1311//1689
f 1311//1690 1318//1690 1319//1690
f 1319//1691 1318//1691 1320//1691
f 1320//1692 1318//1692 1321//1692
f 1320//1693 1321//1693 1322//1693
f 1322//1694 1321//1694 1323//1694
f 1322//1695 1323//1695 1324//1695
f 1324//1696 1323//1696 1325//1696
f 1326//1697 1324//1697 1325//1697
f 1326//1698 1325//1698 1264//1698
f 1327//1699 1328//1699 1329//1699
f 1329//1700 1328//1700 1330//1700
f 1329//1701 1330//1701 1313//1701
f 1786//1702 1331//1702 1327//1702
f 1327//1703 1331//1703 1332//1703
f 1327//1704 1332//1704 1328//1704
f 1328//1705 1332//1705 1333//1705
f 1328//1706 1333//1706 1334//1706
f 1334//1707 1333//1707 1335//1707
f 1334//1708 1335//1708 1317//1708
f 1317//1709 1335//1709 1303//1709
f 1331//1710 1786//1710 1289//1710
f 1289//1711 1786//1711 1336//1711
f 1289//1712 1336//1712 1291//1712
f 1532//1713 1533//1713 1290//1713
f 1290//1714 1533//1714 1281//1714
f 1281//1715 1533//1715 1534//1715
f 1283//1716 1337//1716 1282//1716
f 1282//1717 1337//1717 1338//1717
f 1282//1718 1338//1718 1277//1718
f 1277//1719 1338//1719 1274//1719
f 1338//1720 1337//1720 1535//1720
f 1338//1721 1535//1721 1272//1721
f 1272//1722 1535//1722 1536//1722
f 1269//1723 1789//1723 1268//1723
f 1265//1724 1262//1724 484//1724
f 1263//1725 1326//1725 1264//1725
f 1320//1726 1322//1726 1324//1726
f 1272//1727 1271//1727 187//1727
f 1274//1728 1338//1728 1272//1728
f 1278//1729 1282//1729 1277//1729
f 1288//1730 1290//1730 1339//1730
f 1339//1731 1290//1731 1281//1731
f 1339//1732 1281//1732 1280//1732
f 1288//1733 1339//1733 1286//1733
f 1286//1734 1339//1734 1279//1734
f 1279//1735 1339//1735 1280//1735
f 1285//1736 1307//1736 1340//1736
f 1340//1737 1307//1737 1306//1737
f 1340//1738 1306//1738 1341//1738
f 1341//1739 1306//1739 1305//1739
f 1341//1740 1305//1740 1342//1740
f 1342//1741 1305//1741 1304//1741
f 1342//1742 1304//1742 1335//1742
f 1335//1743 1304//1743 1303//1743
f 1307//1744 1285//1744 1284//1744
f 1307//1745 1104//1745 1292//1745
f 1104//1746 1307//1746 1284//1746
f 1285//1747 1340//1747 1287//1747
f 1287//1748 1340//1748 1343//1748
f 1287//1749 1343//1749 1289//1749
f 1289//1750 1343//1750 1331//1750
f 1343//1751 1340//1751 1341//1751
f 1343//1752 1341//1752 1344//1752
f 1344//1753 1341//1753 1342//1753
f 1344//1754 1342//1754 1333//1754
f 1333//1755 1342//1755 1335//1755
f 1333//1756 1332//1756 1344//1756
f 1344//1757 1332//1757 1331//1757
f 1344//1758 1331//1758 1343//1758
f 1302//1759 1301//1759 1316//1759
f 1316//1760 1301//1760 1345//1760
f 1316//1761 1345//1761 1314//1761
f 1313//1762 1314//1762 1312//1762
f 1334//1763 1317//1763 1315//1763
f 1328//1764 1334//1764 1330//1764
f 1330//1765 1334//1765 1315//1765
f 1330//1766 1315//1766 1313//1766
f 1345//1767 1301//1767 1308//1767
f 1308//1768 1301//1768 1300//1768
f 1345//1769 1308//1769 1310//1769
f 1345//1770 1310//1770 1314//1770
f 1314//1771 1310//1771 1312//1771
f 953//1772 954//1772 1346//1772
f 954//1773 1325//1773 1346//1773
f 1346//1774 1325//1774 1323//1774
f 1346//1775 1323//1775 953//1775
f 953//1776 1323//1776 1321//1776
f 1318//1777 1309//1777 941//1777
f 941//1778 1309//1778 944//1778
f 944//1779 1309//1779 1299//1779
f 944//1780 1299//1780 1298//1780
f 946//1781 1298//1781 1092//1781
f 1092//1782 1091//1782 946//1782
f 946//1783 1091//1783 948//1783
f 1298//1784 946//1784 944//1784
f 941//1785 939//1785 1318//1785
f 1318//1786 939//1786 951//1786
f 1318//1787 951//1787 1321//1787
f 1321//1788 951//1788 953//1788
f 954//1789 1039//1789 1264//1789
f 954//1790 1264//1790 1325//1790
f 1037//1791 486//1791 1039//1791
f 1039//1792 486//1792 1264//1792
f 1004//1793 1006//1793 84//1793
f 1004//1794 84//1794 83//1794
f 1006//1795 586//1795 84//1795
f 1004//1796 83//1796 1002//1796
f 1002//1797 83//1797 582//1797
f 1002//1798 582//1798 1000//1798
f 1000//1799 582//1799 569//1799
f 1000//1800 569//1800 998//1800
f 998//1801 569//1801 567//1801
f 998//1802 567//1802 995//1802
f 995//1803 567//1803 565//1803
f 995//1804 565//1804 993//1804
f 993//1805 565//1805 561//1805
f 993//1806 561//1806 991//1806
f 991//1807 561//1807 554//1807
f 991//1808 554//1808 989//1808
f 989//1809 554//1809 541//1809
f 989//1810 541//1810 987//1810
f 987//1811 541//1811 539//1811
f 987//1812 539//1812 985//1812
f 985//1813 539//1813 41//1813
f 985//1814 41//1814 983//1814
f 983//1815 41//1815 38//1815
f 983//1815 38//1815 980//1815
f 980//1816 38//1816 35//1816
f 980//1817 35//1817 979//1817
f 979//1818 35//1818 32//1818
f 979//1818 32//1818 978//1818
f 978//1819 32//1819 30//1819
f 978//1819 30//1819 975//1819
f 975//1820 30//1820 537//1820
f 975//1821 537//1821 973//1821
f 973//1822 537//1822 536//1822
f 973//1823 536//1823 971//1823
f 971//1824 536//1824 535//1824
f 971//1825 535//1825 970//1825
f 970//1826 535//1826 534//1826
f 970//1827 534//1827 969//1827
f 969//1828 534//1828 533//1828
f 969//1829 533//1829 968//1829
f 968//1830 533//1830 532//1830
f 968//1831 532//1831 967//1831
f 967//1832 532//1832 966//1832
f 966//1833 532//1833 531//1833
f 966//1834 531//1834 965//1834
f 965//1835 531//1835 528//1835
f 965//1836 528//1836 964//1836
f 964//1837 528//1837 526//1837
f 964//1838 526//1838 963//1838
f 963//1839 526//1839 524//1839
f 963//1840 524//1840 962//1840
f 962//1841 524//1841 522//1841
f 962//1842 522//1842 960//1842
f 960//1843 522//1843 260//1843
f 960//1844 260//1844 958//1844
f 958//1844 260//1844 257//1844
f 958//1845 257//1845 957//1845
f 957//1845 257//1845 254//1845
f 957//1846 254//1846 956//1846
f 956//1847 254//1847 253//1847
f 956//1848 253//1848 1010//1848
f 1010//1848 253//1848 267//1848
f 1010//1849 267//1849 1012//1849
f 1012//1850 267//1850 269//1850
f 1012//1851 269//1851 1015//1851
f 1015//1852 269//1852 271//1852
f 1015//1853 271//1853 1017//1853
f 1017//1854 271//1854 273//1854
f 1017//1855 273//1855 1019//1855
f 1019//1856 273//1856 520//1856
f 1019//1857 520//1857 1021//1857
f 1021//1858 520//1858 501//1858
f 1021//1859 501//1859 1025//1859
f 1025//1860 501//1860 497//1860
f 1025//1861 497//1861 1029//1861
f 1029//1862 497//1862 519//1862
f 1029//1863 519//1863 1031//1863
f 1031//1864 519//1864 518//1864
f 1031//1865 518//1865 1033//1865
f 1033//1866 518//1866 517//1866
f 1033//1867 517//1867 1035//1867
f 1035//1868 517//1868 516//1868
f 1035//1869 516//1869 1037//1869
f 1037//1870 516//1870 486//1870
f 1006//1871 1008//1871 586//1871
f 586//1872 1008//1872 1225//1872
f 1008//1873 1009//1873 1225//1873
f 1009//1874 1227//1874 1225//1874
f 1051//1875 1053//1875 1187//1875
f 1187//1876 1053//1876 1093//1876
f 1187//1877 1093//1877 1094//1877
f 1241//1878 1238//1878 1049//1878
f 1049//1879 1238//1879 1047//1879
f 1047//1880 1238//1880 1234//1880
f 1047//1881 1234//1881 1044//1881
f 1044//1882 1234//1882 1043//1882
f 1043//1883 1234//1883 1232//1883
f 1043//1884 1232//1884 1042//1884
f 1042//1885 1347//1885 1009//1885
f 1009//1886 1347//1886 1227//1886
f 1227//1887 1347//1887 1230//1887
f 1230//1888 1347//1888 1042//1888
f 1230//1889 1042//1889 1232//1889
f 1241//1890 1049//1890 1187//1890
f 1187//1891 1049//1891 1051//1891
f 1127//1892 1089//1892 1348//1892
f 1348//1893 1089//1893 1136//1893
f 1348//1894 1136//1894 1349//1894
f 1136//1895 1153//1895 1349//1895
f 1350//1896 1351//1896 1352//1896
f 1352//1897 1351//1897 1353//1897
f 1353//1898 1351//1898 1125//1898
f 1125//1899 1354//1899 1123//1899
f 1355//1900 1123//1900 1356//1900
f 1351//1901 1357//1901 1125//1901
f 1125//1902 1357//1902 1354//1902
f 1354//1903 1356//1903 1123//1903
f 1121//1904 1355//1904 1358//1904
f 1121//1905 1358//1905 1359//1905
f 1119//1906 1359//1906 1360//1906
f 1362//1907 1363//1907 1364//1907
f 1364//1908 1363//1908 1365//1908
f 1364//1909 1365//1909 1366//1909
f 1366//1910 1365//1910 1367//1910
f 1367//1911 1365//1911 1368//1911
f 1367//1912 1368//1912 1157//1912
f 1157//1913 1368//1913 1175//1913
f 1367//1914 1157//1914 1080//1914
f 1367//1915 1080//1915 1115//1915
f 1117//1916 1364//1916 1115//1916
f 1115//1917 1364//1917 1366//1917
f 1115//1918 1366//1918 1367//1918
f 1117//1919 1362//1919 1364//1919
f 1121//1920 1359//1920 1119//1920
f 1123//1921 1355//1921 1121//1921
f 1125//1922 1127//1922 1353//1922
f 1353//1923 1127//1923 1352//1923
f 1352//1924 1348//1924 1349//1924
f 1352//1925 1127//1925 1348//1925
f 1119//1926 1360//1926 1117//1926
f 1117//1927 1360//1927 1361//1927
f 1350//1928 1352//1928 1349//1928
f 1362//1929 1117//1929 1361//1929
f 1369//1930 1153//1930 1370//1930
f 1370//1931 1153//1931 1151//1931
f 1370//1932 1151//1932 1371//1932
f 1371//1933 1151//1933 1147//1933
f 1371//1934 1147//1934 1372//1934
f 1372//1935 1147//1935 422//1935
f 422//1936 1373//1936 420//1936
f 420//1937 1373//1937 1146//1937
f 420//1938 1146//1938 1374//1938
f 1146//1939 1373//1939 1147//1939
f 1146//1940 417//1940 1374//1940
f 1374//1941 417//1941 420//1941
f 422//1942 424//1942 1372//1942
f 1372//1943 424//1943 425//1943
f 1372//1944 425//1944 1375//1944
f 1375//1945 425//1945 1376//1945
f 1375//1946 1376//1946 1369//1946
f 425//1947 427//1947 1376//1947
f 1375//1948 1369//1948 1370//1948
f 422//1949 1147//1949 1373//1949
f 1375//1950 1370//1950 1371//1950
f 1375//1951 1371//1951 1372//1951
f 1349//1952 1153//1952 1377//1952
f 1377//1953 1153//1953 1369//1953
f 1377//1954 1369//1954 1378//1954
f 1378//1955 1369//1955 1376//1955
f 1378//1956 1376//1956 1379//1956
f 1379//1957 1376//1957 427//1957
f 1379//1958 427//1958 428//1958
f 428//1959 430//1959 1379//1959
f 1379//1960 430//1960 1380//1960
f 1379//1961 1380//1961 1378//1961
f 1378//1962 1380//1962 1381//1962
f 1378//1963 1381//1963 1377//1963
f 1377//1964 1381//1964 1382//1964
f 1377//1965 1382//1965 1349//1965
f 1349//1966 1382//1966 1350//1966
f 1350//1967 1382//1967 1383//1967
f 1350//1968 1383//1968 1351//1968
f 1351//1969 1383//1969 1384//1969
f 1351//1970 1384//1970 1357//1970
f 1357//1971 1384//1971 1385//1971
f 1357//1972 1385//1972 1354//1972
f 1354//1973 1385//1973 1386//1973
f 1354//1974 1386//1974 1356//1974
f 1356//1975 1386//1975 1387//1975
f 1356//1976 1387//1976 1355//1976
f 1355//1977 1387//1977 1388//1977
f 1355//1978 1388//1978 1358//1978
f 1358//1979 1388//1979 1359//1979
f 1359//1980 1388//1980 1389//1980
f 1359//1981 1389//1981 1390//1981
f 1390//1982 1389//1982 1391//1982
f 1390//1983 1391//1983 1392//1983
f 1392//1984 1391//1984 1393//1984
f 1392//1985 1393//1985 1394//1985
f 1394//1986 1393//1986 445//1986
f 1394//1987 445//1987 446//1987
f 430//1988 432//1988 1380//1988
f 1380//1989 432//1989 1395//1989
f 1380//1990 1395//1990 1381//1990
f 1381//1991 1395//1991 1396//1991
f 1381//1992 1396//1992 1382//1992
f 1382//1993 1396//1993 1383//1993
f 432//1994 433//1994 1395//1994
f 1395//1995 433//1995 1397//1995
f 1395//1996 1397//1996 1396//1996
f 1396//1997 1397//1997 1398//1997
f 1396//1998 1398//1998 1383//1998
f 1383//1999 1398//1999 1384//1999
f 433//2000 435//2000 1397//2000
f 1397//2001 435//2001 1399//2001
f 1397//2002 1399//2002 1398//2002
f 1398//2003 1399//2003 1400//2003
f 1398//2004 1400//2004 1384//2004
f 1384//2005 1400//2005 1385//2005
f 435//2006 436//2006 1399//2006
f 1399//2007 436//2007 1401//2007
f 1399//2008 1401//2008 1400//2008
f 1400//2009 1401//2009 1402//2009
f 1400//2010 1402//2010 1385//2010
f 1385//2011 1402//2011 1386//2011
f 436//2012 438//2012 1401//2012
f 1401//2013 438//2013 1403//2013
f 1401//2014 1403//2014 1402//2014
f 1402//2015 1403//2015 1404//2015
f 1402//2016 1404//2016 1386//2016
f 1386//2017 1404//2017 1387//2017
f 438//2018 440//2018 1403//2018
f 1403//2019 440//2019 1405//2019
f 1403//2020 1405//2020 1404//2020
f 1404//2021 1405//2021 1406//2021
f 1404//2022 1406//2022 1387//2022
f 1387//2023 1406//2023 1388//2023
f 1405//2024 440//2024 1407//2024
f 1407//2025 440//2025 441//2025
f 1407//2026 441//2026 1408//2026
f 1408//2027 441//2027 443//2027
f 1408//2028 443//2028 1393//2028
f 1393//2029 443//2029 445//2029
f 1394//2030 446//2030 1409//2030
f 1409//2031 446//2031 448//2031
f 1409//2032 448//2032 1410//2032
f 1410//2033 448//2033 449//2033
f 1410//2034 449//2034 1411//2034
f 1411//2035 449//2035 451//2035
f 1411//2036 451//2036 306//2036
f 306//2037 1412//2037 1411//2037
f 1411//2038 1412//2038 1413//2038
f 1411//2039 1413//2039 1414//2039
f 1414//2040 1413//2040 1415//2040
f 1414//2041 1415//2041 1416//2041
f 1416//2042 1415//2042 1363//2042
f 1416//2043 1363//2043 1362//2043
f 1412//2044 1417//2044 1413//2044
f 1413//2045 1417//2045 1418//2045
f 1413//2046 1418//2046 1415//2046
f 1415//2047 1418//2047 1365//2047
f 1415//2048 1365//2048 1363//2048
f 1417//2049 1175//2049 1418//2049
f 1418//2050 1175//2050 1368//2050
f 1418//2051 1368//2051 1365//2051
f 1416//2052 1362//2052 1419//2052
f 1416//2053 1419//2053 1420//2053
f 1420//2054 1419//2054 1421//2054
f 1420//2055 1421//2055 1409//2055
f 1409//2056 1421//2056 1394//2056
f 1362//2057 1361//2057 1419//2057
f 1419//2058 1361//2058 1422//2058
f 1419//2059 1422//2059 1421//2059
f 1421//2060 1422//2060 1392//2060
f 1421//2061 1392//2061 1394//2061
f 1361//2062 1360//2062 1422//2062
f 1422//2063 1360//2063 1390//2063
f 1422//2064 1390//2064 1392//2064
f 1390//2065 1360//2065 1359//2065
f 1389//2066 1388//2066 1423//2066
f 1423//2067 1388//2067 1406//2067
f 1423//2068 1406//2068 1407//2068
f 1407//2069 1406//2069 1405//2069
f 1414//2070 1416//2070 1420//2070
f 1389//2071 1423//2071 1391//2071
f 1391//2072 1423//2072 1408//2072
f 1391//2073 1408//2073 1393//2073
f 1408//2074 1423//2074 1407//2074
f 1409//2075 1410//2075 1420//2075
f 1420//2076 1410//2076 1414//2076
f 1410//2077 1411//2077 1414//2077
f 306//2078 308//2078 1412//2078
f 1412//2079 308//2079 1424//2079
f 1412//2080 1424//2080 1417//2080
f 1417//2081 1424//2081 1425//2081
f 1417//2082 1425//2082 1175//2082
f 1175//2083 1425//2083 1172//2083
f 1172//2084 1425//2084 1173//2084
f 1173//2085 1425//2085 1426//2085
f 1173//2086 1426//2086 1427//2086
f 1427//2087 1426//2087 311//2087
f 1427//2088 311//2088 313//2088
f 308//2089 310//2089 1424//2089
f 310//2090 311//2090 1424//2090
f 1424//2091 311//2091 1426//2091
f 1424//2092 1426//2092 1425//2092
f 315//2093 1177//2093 313//2093
f 313//2094 1177//2094 1427//2094
f 1427//2095 1177//2095 1173//2095
f 1428//2096 1429//2096 1430//2096
f 1431//2097 1432//2097 1433//2097
f 1430//2098 1434//2098 1428//2098
f 1428//2099 1434//2099 1435//2099
f 1435//2100 1434//2100 1436//2100
f 1435//2101 1436//2101 1437//2101
f 1437//2102 1436//2102 1438//2102
f 1437//2103 1438//2103 1439//2103
f 1439//2104 1438//2104 1440//2104
f 1440//2105 1441//2105 1439//2105
f 1439//2106 1441//2106 1442//2106
f 1442//2107 1441//2107 1443//2107
f 1442//2108 1443//2108 1444//2108
f 1444//2109 1443//2109 1445//2109
f 1444//2110 1445//2110 1446//2110
f 1446//2111 1445//2111 222//2111
f 1446//2112 222//2112 221//2112
f 1446//2113 221//2113 1447//2113
f 1447//2114 221//2114 192//2114
f 1447//2115 192//2115 191//2115
f 1447//2116 191//2116 1448//2116
f 1448//2117 191//2117 1449//2117
f 1448//2118 1449//2118 1450//2118
f 1448//2119 1450//2119 1451//2119
f 1451//2120 1450//2120 1452//2120
f 1451//2121 1452//2121 1453//2121
f 1453//2122 1452//2122 1454//2122
f 1453//2123 1454//2123 1455//2123
f 1453//2124 1455//2124 1456//2124
f 1456//2125 1455//2125 1457//2125
f 1456//2126 1457//2126 1458//2126
f 1458//2127 1457//2127 1459//2127
f 1458//2128 1459//2128 1460//2128
f 1460//2129 1459//2129 1461//2129
f 1460//2130 1461//2130 1431//2130
f 1431//2131 1461//2131 1432//2131
f 1462//2132 1463//2132 1464//2132
f 1464//2133 1463//2133 1465//2133
f 1466//2134 1467//2134 1468//2134
f 1468//2135 1467//2135 1469//2135
f 1469//2136 1467//2136 1470//2136
f 1469//2137 1470//2137 1471//2137
f 1471//2138 1470//2138 1472//2138
f 1471//2139 1472//2139 1473//2139
f 1473//2140 1472//2140 1474//2140
f 1474//2141 1475//2141 1473//2141
f 1473//2142 1475//2142 1476//2142
f 1476//2143 1475//2143 1477//2143
f 1476//2144 1477//2144 1478//2144
f 1478//2145 1477//2145 1479//2145
f 1478//2146 1479//2146 1480//2146
f 1480//2147 1479//2147 147//2147
f 1480//2148 147//2148 1481//2148
f 1480//2149 1481//2149 1482//2149
f 1482//2150 1481//2150 149//2150
f 1482//2151 149//2151 1483//2151
f 1482//2152 1483//2152 1484//2152
f 1484//2153 1483//2153 302//2153
f 1484//2154 302//2154 1485//2154
f 1484//2155 1485//2155 1486//2155
f 1486//2156 1485//2156 1487//2156
f 1486//2157 1487//2157 1488//2157
f 1488//2158 1487//2158 1489//2158
f 1488//2159 1489//2159 1490//2159
f 1488//2160 1490//2160 1491//2160
f 1491//2161 1490//2161 1492//2161
f 1491//2162 1492//2162 1493//2162
f 1493//2163 1492//2163 1494//2163
f 1493//2164 1494//2164 1495//2164
f 1495//2165 1494//2165 1496//2165
f 1495//2166 1496//2166 1497//2166
f 1497//2167 1496//2167 1498//2167
f 1497//2168 1498//2168 1499//2168
f 1468//2169 1500//2169 1466//2169
f 1501//2170 1502//2170 1503//2170
f 1503//2171 1502//2171 1504//2171
f 1505//2172 1506//2172 1507//2172
f 1508//2173 1509//2173 1510//2173
f 1510//2174 1509//2174 1511//2174
f 1511//2175 1509//2175 1512//2175
f 1511//2176 1512//2176 1513//2176
f 1513//2177 1512//2177 1514//2177
f 1513//2178 1514//2178 1515//2178
f 1515//2179 1514//2179 1516//2179
f 1515//2180 1516//2180 1517//2180
f 1517//2180 1516//2180 1518//2180
f 1517//2181 1518//2181 1519//2181
f 1519//2182 1518//2182 1520//2182
f 1519//2183 1520//2183 1521//2183
f 1521//2184 1520//2184 1522//2184
f 1521//2185 1522//2185 1523//2185
f 1523//2186 1522//2186 1524//2186
f 1523//2187 1524//2187 1525//2187
f 1525//2188 1524//2188 1526//2188
f 1525//2189 1526//2189 1527//2189
f 1527//2190 1526//2190 1528//2190
f 1527//2191 1528//2191 1529//2191
f 1529//2192 1528//2192 1530//2192
f 1529//2193 1530//2193 1505//2193
f 1531//2194 1530//2194 1528//2194
f 1531//2195 1528//2195 1336//2195
f 1336//2196 1528//2196 1526//2196
f 1336//2197 1526//2197 1291//2197
f 1291//2198 1526//2198 1532//2198
f 1532//2199 1526//2199 1524//2199
f 1532//2200 1524//2200 1533//2200
f 1533//2201 1524//2201 1534//2201
f 1534//2202 1524//2202 1522//2202
f 1534//2203 1522//2203 1283//2203
f 1283//2204 1522//2204 1337//2204
f 1337//2205 1522//2205 1520//2205
f 1337//2206 1520//2206 1535//2206
f 1535//2207 1520//2207 1536//2207
f 1536//2208 1520//2208 1537//2208
f 1537//2209 1520//2209 1518//2209
f 1537//2210 1518//2210 1538//2210
f 1538//2211 1518//2211 1516//2211
f 1538//2212 1516//2212 1539//2212
f 1539//2213 1516//2213 1540//2213
f 1540//2214 1516//2214 1514//2214
f 1540//2215 1514//2215 1541//2215
f 1541//2216 1514//2216 1512//2216
f 1505//2217 1507//2217 1529//2217
f 1510//2218 1542//2218 1508//2218
f 1543//2219 1544//2219 1545//2219
f 1545//2220 1544//2220 1546//2220
f 1545//2221 1546//2221 1547//2221
f 1547//2222 1548//2222 1545//2222
f 1549//2223 1550//2223 1551//2223
f 1552//2224 1553//2224 1554//2224
f 1554//2225 1553//2225 1555//2225
f 1555//2226 1553//2226 1556//2226
f 1556//2227 1553//2227 1557//2227
f 1556//2228 1557//2228 1558//2228
f 1558//2229 1557//2229 1559//2229
f 1558//2230 1559//2230 1560//2230
f 1560//2231 1559//2231 1561//2231
f 1560//2232 1561//2232 1562//2232
f 1562//2233 1561//2233 1563//2233
f 1562//2234 1563//2234 1564//2234
f 1564//2235 1563//2235 1565//2235
f 1564//2236 1565//2236 1566//2236
f 1553//2237 1567//2237 1557//2237
f 1567//2238 1568//2238 1557//2238
f 1557//2239 1568//2239 1559//2239
f 1568//2240 1569//2240 1559//2240
f 1559//2241 1569//2241 1570//2241
f 1559//2242 1570//2242 1202//2242
f 1559//2243 1202//2243 1561//2243
f 1561//2244 1202//2244 1209//2244
f 1561//2245 1209//2245 1563//2245
f 1563//2246 1209//2246 1571//2246
f 1563//2247 1571//2247 1963//2247
f 1563//2248 1963//2248 1565//2248
f 1564//2249 1566//2249 1964//2249
f 1564//2250 1964//2250 1572//2250
f 1572//2251 1964//2251 1573//2251
f 1572//2252 1573//2252 1574//2252
f 1574//2253 1573//2253 1575//2253
f 1574//2254 1575//2254 1576//2254
f 1574//2255 1576//2255 1577//2255
f 1577//2256 1576//2256 1578//2256
f 1578//2257 1579//2257 1577//2257
f 1577//2258 1579//2258 1580//2258
f 1580//2259 1579//2259 1581//2259
f 1580//2260 1581//2260 1549//2260
f 1549//2261 1581//2261 1550//2261
f 1580//2262 1582//2262 1577//2262
f 1577//2263 1582//2263 1574//2263
f 1582//2263 1583//2263 1574//2263
f 1574//2264 1583//2264 1572//2264
f 1583//2265 1584//2265 1572//2265
f 1572//2266 1584//2266 1585//2266
f 1572//2267 1585//2267 1564//2267
f 1564//2268 1585//2268 1562//2268
f 1586//2269 1552//2269 1554//2269
f 1586//2270 1554//2270 1937//2270
f 1937//2271 1554//2271 1587//2271
f 1937//2272 1587//2272 1588//2272
f 1588//2273 1587//2273 1589//2273
f 1588//2274 1589//2274 1590//2274
f 1590//2275 1589//2275 1061//2275
f 1061//2276 1589//2276 1059//2276
f 1549//2277 1591//2277 1580//2277
f 1580//2278 1591//2278 1592//2278
f 1580//2279 1592//2279 1582//2279
f 1582//2280 1592//2280 1593//2280
f 1582//2281 1593//2281 1583//2281
f 1583//2282 1593//2282 1594//2282
f 1583//2283 1594//2283 1584//2283
f 1584//2284 1594//2284 1595//2284
f 1584//2285 1595//2285 1585//2285
f 1585//2286 1595//2286 1596//2286
f 1585//2287 1596//2287 1562//2287
f 1562//2288 1596//2288 1597//2288
f 1562//2289 1597//2289 1560//2289
f 1560//2290 1597//2290 1598//2290
f 1560//2291 1598//2291 1558//2291
f 1558//2292 1598//2292 1599//2292
f 1558//2293 1599//2293 1556//2293
f 1556//2294 1599//2294 1600//2294
f 1556//2295 1600//2295 1555//2295
f 1555//2296 1600//2296 1587//2296
f 1555//2297 1587//2297 1554//2297
f 1591//2298 1601//2298 1592//2298
f 1592//2299 1601//2299 1602//2299
f 1592//2300 1602//2300 1593//2300
f 1593//2301 1602//2301 1603//2301
f 1593//2302 1603//2302 1594//2302
f 1594//2303 1603//2303 1604//2303
f 1594//2304 1604//2304 1595//2304
f 1595//2305 1604//2305 1605//2305
f 1595//2306 1605//2306 1596//2306
f 1596//2307 1605//2307 1606//2307
f 1596//2308 1606//2308 1597//2308
f 1597//2309 1606//2309 1607//2309
f 1597//2310 1607//2310 1598//2310
f 1598//2311 1607//2311 1608//2311
f 1598//2312 1608//2312 1599//2312
f 1599//2313 1608//2313 1609//2313
f 1599//2314 1609//2314 1600//2314
f 1600//2315 1609//2315 1610//2315
f 1600//2316 1610//2316 1587//2316
f 1587//2317 1610//2317 1589//2317
f 1589//2318 1610//2318 1611//2318
f 1589//2319 1611//2319 1059//2319
f 1601//2320 1077//2320 1602//2320
f 1602//2321 1077//2321 1612//2321
f 1602//2322 1612//2322 1603//2322
f 1603//2322 1612//2322 1613//2322
f 1603//2323 1613//2323 1604//2323
f 1604//2324 1613//2324 1614//2324
f 1604//2325 1614//2325 1605//2325
f 1605//2326 1614//2326 1615//2326
f 1605//2327 1615//2327 1606//2327
f 1606//2328 1615//2328 1616//2328
f 1606//2329 1616//2329 1607//2329
f 1607//2330 1616//2330 1617//2330
f 1607//2331 1617//2331 1608//2331
f 1608//2332 1617//2332 1618//2332
f 1608//2333 1618//2333 1609//2333
f 1609//2333 1618//2333 1619//2333
f 1609//2334 1619//2334 1610//2334
f 1610//2335 1619//2335 1611//2335
f 1074//2336 1077//2336 1955//2336
f 1955//2337 1077//2337 1601//2337
f 1955//2338 1601//2338 1620//2338
f 1620//2339 1601//2339 1621//2339
f 1621//2340 1601//2340 1591//2340
f 1621//2341 1591//2341 1622//2341
f 1622//2342 1591//2342 1549//2342
f 1622//2343 1549//2343 1551//2343
f 1542//2344 1510//2344 1623//2344
f 1623//2345 1510//2345 1624//2345
f 1623//2346 1624//2346 1625//2346
f 1625//2347 1624//2347 1626//2347
f 1625//2348 1626//2348 1627//2348
f 1627//2349 1626//2349 1628//2349
f 1628//2350 1626//2350 1543//2350
f 1628//2351 1543//2351 1545//2351
f 1507//2352 1629//2352 1529//2352
f 1529//2353 1629//2353 1630//2353
f 1529//2354 1630//2354 1527//2354
f 1527//2355 1630//2355 1631//2355
f 1527//2356 1631//2356 1525//2356
f 1525//2357 1631//2357 1632//2357
f 1525//2358 1632//2358 1523//2358
f 1523//2359 1632//2359 1633//2359
f 1523//2360 1633//2360 1521//2360
f 1521//2361 1633//2361 1634//2361
f 1521//2362 1634//2362 1519//2362
f 1519//2363 1634//2363 1635//2363
f 1519//2364 1635//2364 1517//2364
f 1517//2365 1635//2365 1636//2365
f 1517//2366 1636//2366 1515//2366
f 1515//2367 1636//2367 1637//2367
f 1515//2368 1637//2368 1513//2368
f 1513//2369 1637//2369 1638//2369
f 1513//2370 1638//2370 1511//2370
f 1511//2371 1638//2371 1624//2371
f 1511//2372 1624//2372 1510//2372
f 1629//2373 1639//2373 1630//2373
f 1630//2374 1639//2374 1640//2374
f 1630//2375 1640//2375 1631//2375
f 1631//2376 1640//2376 1641//2376
f 1631//2377 1641//2377 1632//2377
f 1632//2378 1641//2378 1642//2378
f 1632//2379 1642//2379 1633//2379
f 1633//2380 1642//2380 1643//2380
f 1633//2381 1643//2381 1634//2381
f 1634//2382 1643//2382 1644//2382
f 1634//2383 1644//2383 1635//2383
f 1635//2384 1644//2384 1645//2384
f 1635//2385 1645//2385 1636//2385
f 1636//2386 1645//2386 1646//2386
f 1636//2387 1646//2387 1637//2387
f 1637//2388 1646//2388 1647//2388
f 1637//2389 1647//2389 1638//2389
f 1638//2390 1647//2390 1648//2390
f 1638//2391 1648//2391 1624//2391
f 1624//2392 1648//2392 1626//2392
f 1626//2393 1648//2393 1649//2393
f 1626//2394 1649//2394 1543//2394
f 1639//2395 1058//2395 1640//2395
f 1640//2396 1058//2396 1650//2396
f 1640//2397 1650//2397 1641//2397
f 1641//2398 1650//2398 1651//2398
f 1641//2399 1651//2399 1642//2399
f 1642//2399 1651//2399 1652//2399
f 1642//2400 1652//2400 1643//2400
f 1643//2401 1652//2401 1653//2401
f 1643//2402 1653//2402 1644//2402
f 1644//2403 1653//2403 1654//2403
f 1644//2404 1654//2404 1645//2404
f 1645//2405 1654//2405 1655//2405
f 1645//2406 1655//2406 1646//2406
f 1646//2407 1655//2407 1656//2407
f 1646//2408 1656//2408 1647//2408
f 1647//2409 1656//2409 1657//2409
f 1647//2410 1657//2410 1648//2410
f 1648//2410 1657//2410 1649//2410
f 1056//2411 1058//2411 1639//2411
f 1056//2412 1639//2412 1658//2412
f 1658//2413 1639//2413 1659//2413
f 1659//2414 1639//2414 1629//2414
f 1659//2415 1629//2415 1660//2415
f 1660//2416 1629//2416 1507//2416
f 1660//2417 1507//2417 1506//2417
f 1069//2418 1068//2418 1661//2418
f 1661//2419 1068//2419 1662//2419
f 1661//2420 1662//2420 1663//2420
f 1663//2421 1662//2421 1664//2421
f 1663//2422 1664//2422 1665//2422
f 1665//2423 1664//2423 1497//2423
f 1665//2424 1497//2424 1499//2424
f 1497//2425 1664//2425 1495//2425
f 1495//2426 1664//2426 1666//2426
f 1495//2427 1666//2427 1493//2427
f 1493//2428 1666//2428 1667//2428
f 1493//2429 1667//2429 1491//2429
f 1491//2430 1667//2430 1668//2430
f 1491//2431 1668//2431 1488//2431
f 1488//2432 1668//2432 1669//2432
f 1488//2433 1669//2433 1486//2433
f 1486//2434 1669//2434 1670//2434
f 1486//2435 1670//2435 1484//2435
f 1484//2436 1670//2436 1671//2436
f 1484//2437 1671//2437 1482//2437
f 1482//2438 1671//2438 1672//2438
f 1482//2439 1672//2439 1480//2439
f 1480//2440 1672//2440 1673//2440
f 1480//2441 1673//2441 1478//2441
f 1478//2442 1673//2442 1674//2442
f 1478//2443 1674//2443 1476//2443
f 1476//2444 1674//2444 1675//2444
f 1476//2445 1675//2445 1473//2445
f 1473//2446 1675//2446 1676//2446
f 1473//2447 1676//2447 1471//2447
f 1471//2448 1676//2448 1677//2448
f 1471//2449 1677//2449 1469//2449
f 1469//2450 1677//2450 1678//2450
f 1469//2451 1678//2451 1468//2451
f 1468//2452 1678//2452 1679//2452
f 1679//2453 1678//2453 1680//2453
f 1679//2453 1680//2453 1681//2453
f 1681//2454 1680//2454 1501//2454
f 1501//2455 1680//2455 1682//2455
f 1682//2456 1680//2456 1683//2456
f 1682//2457 1683//2457 1684//2457
f 1684//2458 1683//2458 1685//2458
f 1684//2459 1685//2459 1686//2459
f 1686//2460 1685//2460 1687//2460
f 1686//2461 1687//2461 1688//2461
f 1688//2462 1687//2462 1689//2462
f 1688//2463 1689//2463 1690//2463
f 1690//2464 1689//2464 1691//2464
f 1690//2465 1691//2465 1692//2465
f 1692//2466 1691//2466 1693//2466
f 1692//2467 1693//2467 1694//2467
f 1694//2468 1693//2468 1672//2468
f 1694//2469 1672//2469 1671//2469
f 1664//2470 1662//2470 1666//2470
f 1666//2470 1662//2470 1695//2470
f 1666//2471 1695//2471 1667//2471
f 1667//2472 1695//2472 1696//2472
f 1667//2473 1696//2473 1668//2473
f 1668//2474 1696//2474 1697//2474
f 1668//2475 1697//2475 1669//2475
f 1669//2476 1697//2476 1698//2476
f 1669//2477 1698//2477 1670//2477
f 1670//2477 1698//2477 1699//2477
f 1670//2478 1699//2478 1671//2478
f 1671//2479 1699//2479 1694//2479
f 1662//2480 1068//2480 1695//2480
f 1695//2481 1068//2481 1700//2481
f 1695//2482 1700//2482 1696//2482
f 1696//2483 1700//2483 1701//2483
f 1696//2484 1701//2484 1697//2484
f 1697//2485 1701//2485 1702//2485
f 1697//2486 1702//2486 1698//2486
f 1698//2487 1702//2487 1703//2487
f 1698//2488 1703//2488 1699//2488
f 1699//2489 1703//2489 1704//2489
f 1699//2490 1704//2490 1694//2490
f 1694//2491 1704//2491 1692//2491
f 1672//2492 1693//2492 1673//2492
f 1673//2493 1693//2493 1691//2493
f 1673//2494 1691//2494 1674//2494
f 1674//2495 1691//2495 1689//2495
f 1674//2496 1689//2496 1675//2496
f 1675//2497 1689//2497 1687//2497
f 1675//2498 1687//2498 1676//2498
f 1676//2499 1687//2499 1685//2499
f 1676//2500 1685//2500 1677//2500
f 1677//2501 1685//2501 1683//2501
f 1677//2502 1683//2502 1678//2502
f 1678//2503 1683//2503 1680//2503
f 1500//2504 1468//2504 1705//2504
f 1705//2505 1468//2505 1679//2505
f 1705//2506 1679//2506 1706//2506
f 1706//2507 1679//2507 1681//2507
f 1706//2508 1681//2508 1707//2508
f 1707//2509 1681//2509 1501//2509
f 1707//2510 1501//2510 1503//2510
f 1429//2511 1428//2511 1708//2511
f 1708//2512 1428//2512 1709//2512
f 1708//2513 1709//2513 1710//2513
f 1710//2514 1709//2514 1711//2514
f 1710//2515 1711//2515 1712//2515
f 1712//2516 1711//2516 1462//2516
f 1712//2517 1462//2517 1464//2517
f 1431//2518 1713//2518 1460//2518
f 1460//2519 1713//2519 1714//2519
f 1460//2520 1714//2520 1458//2520
f 1458//2521 1714//2521 1715//2521
f 1458//2522 1715//2522 1456//2522
f 1456//2523 1715//2523 1716//2523
f 1456//2524 1716//2524 1453//2524
f 1453//2525 1716//2525 1717//2525
f 1453//2526 1717//2526 1451//2526
f 1451//2527 1717//2527 1718//2527
f 1451//2528 1718//2528 1448//2528
f 1448//2529 1718//2529 1719//2529
f 1448//2530 1719//2530 1447//2530
f 1447//2531 1719//2531 1720//2531
f 1447//2532 1720//2532 1446//2532
f 1446//2533 1720//2533 1721//2533
f 1446//2534 1721//2534 1444//2534
f 1444//2535 1721//2535 1722//2535
f 1444//2536 1722//2536 1442//2536
f 1442//2537 1722//2537 1723//2537
f 1442//2538 1723//2538 1439//2538
f 1439//2539 1723//2539 1724//2539
f 1439//2540 1724//2540 1437//2540
f 1437//2541 1724//2541 1725//2541
f 1437//2542 1725//2542 1435//2542
f 1435//2543 1725//2543 1726//2543
f 1435//2544 1726//2544 1428//2544
f 1428//2545 1726//2545 1709//2545
f 1709//2546 1726//2546 1727//2546
f 1709//2546 1727//2546 1711//2546
f 1711//2547 1727//2547 1462//2547
f 1462//2548 1727//2548 1728//2548
f 1728//2549 1727//2549 1729//2549
f 1728//2550 1729//2550 1730//2550
f 1730//2551 1729//2551 1731//2551
f 1730//2552 1731//2552 1732//2552
f 1732//2553 1731//2553 1733//2553
f 1732//2554 1733//2554 1734//2554
f 1734//2555 1733//2555 1735//2555
f 1734//2556 1735//2556 1736//2556
f 1736//2557 1735//2557 1737//2557
f 1736//2558 1737//2558 1738//2558
f 1738//2559 1737//2559 1739//2559
f 1738//2560 1739//2560 1740//2560
f 1740//2561 1739//2561 1720//2561
f 1740//2562 1720//2562 1719//2562
f 1713//2563 1741//2563 1714//2563
f 1714//2563 1741//2563 1742//2563
f 1714//2564 1742//2564 1715//2564
f 1715//2565 1742//2565 1743//2565
f 1715//2566 1743//2566 1716//2566
f 1716//2567 1743//2567 1744//2567
f 1716//2568 1744//2568 1717//2568
f 1717//2569 1744//2569 1745//2569
f 1717//2570 1745//2570 1718//2570
f 1718//2571 1745//2571 1746//2571
f 1718//2572 1746//2572 1719//2572
f 1719//2573 1746//2573 1740//2573
f 1741//2574 1064//2574 1742//2574
f 1742//2575 1064//2575 1747//2575
f 1742//2576 1747//2576 1743//2576
f 1743//2577 1747//2577 1748//2577
f 1743//2578 1748//2578 1744//2578
f 1744//2579 1748//2579 1749//2579
f 1744//2580 1749//2580 1745//2580
f 1745//2581 1749//2581 1750//2581
f 1745//2582 1750//2582 1746//2582
f 1746//2583 1750//2583 1751//2583
f 1746//2584 1751//2584 1740//2584
f 1740//2585 1751//2585 1738//2585
f 1720//2586 1739//2586 1721//2586
f 1721//2587 1739//2587 1737//2587
f 1721//2588 1737//2588 1722//2588
f 1722//2589 1737//2589 1735//2589
f 1722//2590 1735//2590 1723//2590
f 1723//2590 1735//2590 1733//2590
f 1723//2591 1733//2591 1724//2591
f 1724//2592 1733//2592 1731//2592
f 1724//2593 1731//2593 1725//2593
f 1725//2594 1731//2594 1729//2594
f 1725//2595 1729//2595 1726//2595
f 1726//2596 1729//2596 1727//2596
f 1065//2597 1064//2597 1752//2597
f 1752//2598 1064//2598 1741//2598
f 1752//2599 1741//2599 1753//2599
f 1753//2600 1741//2600 1713//2600
f 1753//2601 1713//2601 1754//2601
f 1754//2602 1713//2602 1431//2602
f 1754//2603 1431//2603 1433//2603
f 1506//2604 1755//2604 1660//2604
f 1659//2605 1756//2605 1757//2605
f 1757//2606 1756//2606 1758//2606
f 1757//2607 1758//2607 1759//2607
f 1759//2608 1758//2608 1320//2608
f 1320//2609 1758//2609 1319//2609
f 1319//2610 1758//2610 1760//2610
f 1319//2611 1760//2611 1761//2611
f 1319//2612 1761//2612 1311//2612
f 1311//2613 1761//2613 1762//2613
f 1762//2614 1761//2614 1763//2614
f 1762//2615 1763//2615 1755//2615
f 1755//2616 1763//2616 1660//2616
f 1759//2617 1764//2617 1757//2617
f 1757//2618 1764//2618 1658//2618
f 1757//2619 1658//2619 1659//2619
f 1764//2620 1056//2620 1658//2620
f 1659//2621 1660//2621 1756//2621
f 1756//2622 1660//2622 1763//2622
f 1756//2623 1763//2623 1760//2623
f 1760//2624 1763//2624 1761//2624
f 1756//2625 1760//2625 1758//2625
f 1765//2626 1545//2626 1548//2626
f 1324//2627 1767//2627 1768//2627
f 1759//2628 1768//2628 1764//2628
f 1764//2629 1768//2629 1769//2629
f 1764//2630 1769//2630 1056//2630
f 1056//2631 1769//2631 1054//2631
f 1765//2632 1769//2632 1766//2632
f 1548//2633 1769//2633 1765//2633
f 1759//2634 1320//2634 1768//2634
f 1768//2635 1320//2635 1324//2635
f 1324//2636 1326//2636 1767//2636
f 1326//2637 1770//2637 1767//2637
f 1767//2638 1770//2638 1766//2638
f 1770//2639 1765//2639 1766//2639
f 1766//2640 1769//2640 1768//2640
f 1766//2641 1768//2641 1767//2641
f 1313//2642 1311//2642 1771//2642
f 1771//2643 1311//2643 1762//2643
f 1771//2644 1762//2644 1772//2644
f 1772//2645 1762//2645 1755//2645
f 1772//2646 1755//2646 1773//2646
f 1773//2647 1755//2647 1506//2647
f 1773//2648 1506//2648 1505//2648
f 1773//2649 1505//2649 1774//2649
f 1773//2650 1774//2650 1772//2650
f 1772//2651 1774//2651 1775//2651
f 1772//2652 1775//2652 1771//2652
f 1771//2653 1775//2653 1329//2653
f 1771//2654 1329//2654 1313//2654
f 1545//2655 1765//2655 1628//2655
f 1627//2656 1776//2656 1777//2656
f 1777//2657 1776//2657 1778//2657
f 1777//2658 1778//2658 1779//2658
f 1779//2659 1778//2659 1262//2659
f 1262//2660 1778//2660 1263//2660
f 1263//2661 1778//2661 1780//2661
f 1263//2662 1780//2662 1770//2662
f 1263//2663 1770//2663 1326//2663
f 1770//2664 1781//2664 1765//2664
f 1765//2665 1781//2665 1628//2665
f 1779//2666 1782//2666 1777//2666
f 1777//2667 1782//2667 1623//2667
f 1777//2668 1623//2668 1627//2668
f 1627//2669 1623//2669 1625//2669
f 1542//2670 1623//2670 1782//2670
f 1627//2671 1628//2671 1776//2671
f 1776//2672 1628//2672 1781//2672
f 1776//2673 1781//2673 1780//2673
f 1780//2674 1781//2674 1770//2674
f 1776//2675 1780//2675 1778//2675
f 1327//2676 1329//2676 1783//2676
f 1783//2677 1329//2677 1775//2677
f 1783//2678 1775//2678 1774//2678
f 1783//2679 1774//2679 1784//2679
f 1784//2680 1774//2680 1505//2680
f 1784//2681 1505//2681 1530//2681
f 1784//2682 1530//2682 1785//2682
f 1785//2683 1530//2683 1531//2683
f 1531//2684 1336//2684 1786//2684
f 1537//2685 1538//2685 1270//2685
f 1537//2686 1270//2686 1271//2686
f 1788//2687 1539//2687 1540//2687
f 1540//2688 1541//2688 1789//2688
f 1789//2689 1541//2689 1790//2689
f 1789//2690 1790//2690 1268//2690
f 1268//2691 1790//2691 1266//2691
f 1266//2692 1791//2692 1267//2692
f 1267//2693 1791//2693 1792//2693
f 1541//2694 1512//2694 1790//2694
f 1790//2695 1512//2695 1793//2695
f 1790//2696 1793//2696 1266//2696
f 1512//2697 1509//2697 1793//2697
f 1793//2698 1509//2698 1794//2698
f 1793//2699 1794//2699 1266//2699
f 1266//2700 1794//2700 1791//2700
f 1509//2701 1508//2701 1795//2701
f 1509//2702 1795//2702 1794//2702
f 1794//2703 1795//2703 1792//2703
f 1794//2704 1792//2704 1791//2704
f 1789//2705 1788//2705 1540//2705
f 1789//2706 1269//2706 1788//2706
f 1788//2707 1269//2707 1787//2707
f 1269//2708 1270//2708 1787//2708
f 1537//2709 1271//2709 1536//2709
f 1796//2710 1786//2710 1327//2710
f 1796//2711 1327//2711 1783//2711
f 1796//2712 1783//2712 1785//2712
f 1785//2713 1783//2713 1784//2713
f 1531//2714 1786//2714 1796//2714
f 1531//2715 1796//2715 1785//2715
f 1538//2716 1539//2716 1270//2716
f 1270//2717 1539//2717 1787//2717
f 1539//2718 1788//2718 1787//2718
f 1782//2719 1797//2719 1542//2719
f 1542//2720 1797//2720 1508//2720
f 1508//2721 1797//2721 1795//2721
f 1795//2722 1797//2722 1798//2722
f 1795//2723 1798//2723 1792//2723
f 1792//2724 1798//2724 1799//2724
f 1792//2725 1799//2725 1267//2725
f 1267//2726 1799//2726 1265//2726
f 1265//2727 1799//2727 1262//2727
f 1262//2728 1799//2728 1779//2728
f 1779//2729 1799//2729 1798//2729
f 1779//2730 1798//2730 1782//2730
f 1782//2731 1798//2731 1797//2731
f 259//2732 261//2732 1800//2732
f 1800//2733 261//2733 1801//2733
f 1800//2734 1801//2734 1802//2734
f 1800//2735 1802//2735 1803//2735
f 1804//2736 1803//2736 1805//2736
f 1805//2737 1706//2737 1707//2737
f 1802//2738 1806//2738 1803//2738
f 1803//2739 1806//2739 1807//2739
f 1803//2740 1807//2740 1805//2740
f 1805//2741 1807//2741 1705//2741
f 1805//2742 1705//2742 1706//2742
f 1806//2743 1500//2743 1807//2743
f 1807//2744 1500//2744 1705//2744
f 1805//2745 1707//2745 1808//2745
f 1808//2746 1707//2746 1503//2746
f 1808//2747 1503//2747 1809//2747
f 1808//2748 1809//2748 1810//2748
f 1808//2749 1810//2749 1811//2749
f 1811//2750 1810//2750 258//2750
f 258//2751 259//2751 1811//2751
f 1811//2752 259//2752 1812//2752
f 1812//2753 259//2753 1800//2753
f 1812//2754 1800//2754 1804//2754
f 1804//2755 1800//2755 1803//2755
f 1812//2756 1804//2756 1811//2756
f 1811//2757 1804//2757 1808//2757
f 1808//2758 1804//2758 1805//2758
f 1809//2759 1503//2759 1504//2759
f 1504//2760 1813//2760 1809//2760
f 1809//2761 1813//2761 1810//2761
f 1810//2762 1813//2762 1814//2762
f 1810//2763 1814//2763 256//2763
f 256//2764 1814//2764 255//2764
f 255//2765 1814//2765 1815//2765
f 255//2766 1815//2766 252//2766
f 1813//2767 1816//2767 1814//2767
f 1814//2768 1816//2768 1817//2768
f 1814//2769 1817//2769 1815//2769
f 1815//2770 1817//2770 1818//2770
f 1818//2771 1817//2771 1071//2771
f 1818//2772 1071//2772 1069//2772
f 256//2773 258//2773 1810//2773
f 1466//2774 1500//2774 1806//2774
f 1802//2775 1801//2775 1819//2775
f 1819//2776 1801//2776 1820//2776
f 1820//2777 1801//2777 261//2777
f 1802//2778 1819//2778 1806//2778
f 1806//2779 1819//2779 1821//2779
f 1806//2780 1821//2780 1466//2780
f 1822//2781 252//2781 1815//2781
f 1822//2782 1815//2782 1823//2782
f 1826//2783 1825//2783 1665//2783
f 1826//2784 1665//2784 1499//2784
f 1815//2785 1818//2785 1823//2785
f 1823//2786 1818//2786 1827//2786
f 1823//2787 1827//2787 1824//2787
f 1824//2788 1827//2788 1828//2788
f 1824//2789 1828//2789 1825//2789
f 1825//2790 1828//2790 1663//2790
f 1825//2791 1663//2791 1665//2791
f 1827//2792 1818//2792 1069//2792
f 1827//2793 1069//2793 1661//2793
f 1827//2794 1661//2794 1828//2794
f 1828//2795 1661//2795 1663//2795
f 1826//2796 1829//2796 1825//2796
f 1825//2797 1829//2797 1830//2797
f 1825//2798 1830//2798 1824//2798
f 1824//2799 1830//2799 1831//2799
f 1824//2800 1831//2800 1823//2800
f 1823//2801 1831//2801 1822//2801
f 1830//2802 1829//2802 1832//2802
f 1830//2803 1832//2803 1833//2803
f 1833//2804 1832//2804 265//2804
f 1833//2805 265//2805 264//2805
f 1833//2806 264//2806 1831//2806
f 1833//2807 1831//2807 1830//2807
f 1831//2808 264//2808 1822//2808
f 1822//2809 264//2809 252//2809
f 1467//2810 1466//2810 1834//2810
f 1834//2811 1466//2811 1821//2811
f 1834//2812 1821//2812 1819//2812
f 1834//2813 1819//2813 1835//2813
f 1836//2814 1835//2814 1837//2814
f 1836//2815 1837//2815 1838//2815
f 1838//2816 1837//2816 108//2816
f 1838//2817 108//2817 305//2817
f 1819//2818 1820//2818 1835//2818
f 1835//2819 1820//2819 1839//2819
f 1835//2820 1839//2820 1837//2820
f 1837//2821 1839//2821 109//2821
f 1820//2822 261//2822 1839//2822
f 1839//2823 261//2823 263//2823
f 1839//2824 263//2824 109//2824
f 109//2825 108//2825 1837//2825
f 1838//2826 305//2826 1840//2826
f 1838//2827 1840//2827 1841//2827
f 1841//2828 1840//2828 1842//2828
f 1841//2829 1842//2829 1843//2829
f 1843//2830 1842//2830 1472//2830
f 1472//2831 1842//2831 1474//2831
f 1474//2832 1842//2832 1844//2832
f 1474//2833 1844//2833 1475//2833
f 1475//2834 1844//2834 1845//2834
f 1475//2835 1845//2835 1477//2835
f 1479//2836 1846//2836 146//2836
f 1479//2837 146//2837 147//2837
f 1840//2838 305//2838 303//2838
f 1847//2839 303//2839 144//2839
f 1847//2840 144//2840 1848//2840
f 1848//2841 144//2841 146//2841
f 1848//2842 146//2842 1846//2842
f 1485//2843 1849//2843 1864//2843
f 1864//2844 1849//2844 289//2844
f 1864//2845 289//2845 1850//2845
f 1851//2846 288//2846 286//2846
f 1851//2847 286//2847 1852//2847
f 1852//2848 286//2848 284//2848
f 302//2849 297//2849 1849//2849
f 1849//2850 297//2850 289//2850
f 1850//2851 289//2851 288//2851
f 284//2852 283//2852 1852//2852
f 1852//2853 283//2853 1853//2853
f 1852//2854 1853//2854 1854//2854
f 1852//2855 1854//2855 1855//2855
f 1855//2856 1854//2856 1856//2856
f 1855//2857 1856//2857 1492//2857
f 1492//2858 1856//2858 1494//2858
f 1494//2859 1856//2859 1857//2859
f 1494//2860 1857//2860 1496//2860
f 1496//2861 1857//2861 1498//2861
f 1498//2862 1857//2862 1858//2862
f 1858//2863 1857//2863 1859//2863
f 1859//2864 1857//2864 1860//2864
f 1853//2865 283//2865 1861//2865
f 1853//2866 1861//2866 1854//2866
f 1854//2867 1861//2867 1860//2867
f 1861//2868 283//2868 265//2868
f 1861//2869 265//2869 1862//2869
f 1861//2870 1862//2870 1860//2870
f 1860//2871 1862//2871 1859//2871
f 1492//2872 1490//2872 1863//2872
f 1492//2873 1863//2873 1855//2873
f 1855//2874 1863//2874 1851//2874
f 1855//2875 1851//2875 1852//2875
f 1863//2876 1490//2876 1489//2876
f 1487//2877 1864//2877 1850//2877
f 1487//2878 1485//2878 1864//2878
f 1849//2879 1485//2879 302//2879
f 1479//2880 1477//2880 1846//2880
f 1472//2881 1470//2881 1843//2881
f 1843//2882 1470//2882 1865//2882
f 1843//2883 1865//2883 1841//2883
f 1841//2884 1865//2884 1836//2884
f 1841//2885 1836//2885 1838//2885
f 1865//2886 1470//2886 1467//2886
f 1865//2887 1467//2887 1834//2887
f 1844//2888 1842//2888 1866//2888
f 1866//2889 1842//2889 1840//2889
f 1866//2890 1840//2890 303//2890
f 1845//2891 1844//2891 1847//2891
f 1847//2892 1844//2892 1866//2892
f 1847//2893 1866//2893 303//2893
f 1477//2894 1845//2894 1848//2894
f 1848//2895 1845//2895 1847//2895
f 1489//2896 1487//2896 288//2896
f 288//2897 1487//2897 1850//2897
f 1836//2898 1865//2898 1834//2898
f 1846//2899 1477//2899 1848//2899
f 1851//2900 1863//2900 1489//2900
f 1851//2901 1489//2901 288//2901
f 1860//2902 1857//2902 1856//2902
f 1860//2903 1856//2903 1854//2903
f 1834//2904 1835//2904 1836//2904
f 1829//2905 1826//2905 1859//2905
f 1859//2906 1826//2906 1858//2906
f 1858//2907 1826//2907 1498//2907
f 1498//2908 1826//2908 1499//2908
f 1829//2909 1859//2909 1832//2909
f 1832//2910 1859//2910 1862//2910
f 1832//2911 1862//2911 265//2911
f 1433//2912 1867//2912 1754//2912
f 1754//2913 1867//2913 1868//2913
f 1754//2914 1868//2914 1753//2914
f 1753//2915 1868//2915 1869//2915
f 1753//2916 1869//2916 1752//2916
f 1752//2917 1869//2917 1870//2917
f 1752//2918 1870//2918 1065//2918
f 1065//2919 1870//2919 1871//2919
f 1871//2920 1870//2920 1872//2920
f 1872//2921 1870//2921 1873//2921
f 1873//2922 1868//2922 1874//2922
f 1874//2923 1868//2923 1875//2923
f 1874//2924 1875//2924 1876//2924
f 1874//2925 1876//2925 1877//2925
f 1877//2926 1876//2926 29//2926
f 1877//2927 29//2927 31//2927
f 1868//2928 1867//2928 1875//2928
f 1877//2929 31//2929 1878//2929
f 1877//2930 1878//2930 1874//2930
f 1874//2931 1878//2931 1873//2931
f 1878//2932 31//2932 33//2932
f 33//2933 1879//2933 1872//2933
f 33//2934 1872//2934 1878//2934
f 1878//2935 1872//2935 1873//2935
f 1872//2936 1879//2936 1871//2936
f 1868//2937 1873//2937 1869//2937
f 1873//2938 1870//2938 1869//2938
f 1880//2939 1464//2939 1465//2939
f 1465//2940 1881//2940 1880//2940
f 1880//2941 1881//2941 1882//2941
f 1882//2942 1881//2942 1883//2942
f 1882//2943 1883//2943 36//2943
f 36//2944 1883//2944 34//2944
f 34//2945 1883//2945 1879//2945
f 34//2946 1879//2946 33//2946
f 1881//2947 1884//2947 1883//2947
f 1883//2948 1884//2948 1885//2948
f 1883//2949 1885//2949 1879//2949
f 1879//2950 1885//2950 1871//2950
f 1871//2951 1885//2951 1067//2951
f 1871//2952 1067//2952 1065//2952
f 36//2953 37//2953 1882//2953
f 1875//2954 1867//2954 1886//2954
f 1886//2955 1867//2955 1887//2955
f 1887//2956 1867//2956 1432//2956
f 1432//2957 1867//2957 1433//2957
f 1875//2958 1886//2958 1876//2958
f 1876//2959 1886//2959 1888//2959
f 1876//2960 1888//2960 29//2960
f 1712//2961 1464//2961 1889//2961
f 1889//2962 1464//2962 1880//2962
f 1889//2963 1880//2963 1882//2963
f 1889//2964 1882//2964 1890//2964
f 1890//2965 1882//2965 37//2965
f 37//2966 39//2966 1890//2966
f 1890//2967 39//2967 1891//2967
f 1891//2968 39//2968 1892//2968
f 1892//2969 39//2969 40//2969
f 1892//2970 40//2970 1893//2970
f 1892//2971 1893//2971 1894//2971
f 1892//2972 1894//2972 1895//2972
f 1896//2973 1895//2973 1897//2973
f 1897//2974 1710//2974 1712//2974
f 1894//2975 1898//2975 1895//2975
f 1895//2976 1898//2976 1899//2976
f 1895//2977 1899//2977 1897//2977
f 1897//2978 1899//2978 1708//2978
f 1897//2979 1708//2979 1710//2979
f 1898//2980 1429//2980 1899//2980
f 1899//2981 1429//2981 1708//2981
f 1897//2982 1712//2982 1889//2982
f 1897//2983 1889//2983 1896//2983
f 1896//2984 1889//2984 1890//2984
f 1896//2985 1890//2985 1891//2985
f 1895//2986 1896//2986 1892//2986
f 1891//2987 1892//2987 1896//2987
f 27//2988 29//2988 1900//2988
f 1900//2989 29//2989 1888//2989
f 1900//2990 1888//2990 1901//2990
f 1901//2991 1888//2991 1886//2991
f 1901//2992 1886//2992 1902//2992
f 1901//2993 1902//2993 1903//2993
f 1886//2994 1887//2994 1902//2994
f 1903//2995 1902//2995 1459//2995
f 1887//2996 1432//2996 1902//2996
f 1902//2997 1432//2997 1461//2997
f 1902//2998 1461//2998 1459//2998
f 1459//2999 1457//2999 1903//2999
f 1457//3000 1455//3000 1904//3000
f 1904//3001 1455//3001 1454//3001
f 1452//3002 1905//3002 1906//3002
f 1906//3003 1905//3003 114//3003
f 1452//3004 1450//3004 1905//3004
f 1905//3005 1450//3005 190//3005
f 1905//3006 190//3006 114//3006
f 190//3007 1450//3007 1449//3007
f 1445//3008 1907//3008 1908//3008
f 1908//3009 1907//3009 1909//3009
f 1908//3010 1909//3010 243//3010
f 243//3011 1909//3011 1910//3011
f 243//3012 1910//3012 245//3012
f 247//3013 245//3013 1911//3013
f 247//3014 1911//3014 1912//3014
f 1912//3015 1911//3015 1913//3015
f 1912//3016 1913//3016 1914//3016
f 1915//3017 1914//3017 1916//3017
f 1915//3018 1916//3018 1917//3018
f 1917//3019 1916//3019 1918//3019
f 1918//3020 1916//3020 1430//3020
f 1430//3021 1916//3021 1434//3021
f 1434//3022 1916//3022 1919//3022
f 1434//3023 1919//3023 1436//3023
f 1436//3024 1919//3024 1920//3024
f 1436//3025 1920//3025 1438//3025
f 1438//3026 1920//3026 1921//3026
f 1438//3027 1921//3027 1440//3027
f 1440//3028 1921//3028 1922//3028
f 1440//3029 1922//3029 1441//3029
f 1441//3030 1922//3030 1923//3030
f 1441//3031 1923//3031 1443//3031
f 1445//3032 1443//3032 1907//3032
f 1915//3033 1917//3033 1924//3033
f 1915//3034 1924//3034 1925//3034
f 1925//3035 1924//3035 40//3035
f 1925//3036 40//3036 251//3036
f 251//3037 250//3037 1925//3037
f 1925//3038 250//3038 1926//3038
f 1925//3039 1926//3039 1915//3039
f 1915//3040 1926//3040 1914//3040
f 1926//3041 250//3041 249//3041
f 1926//3042 249//3042 1912//3042
f 1912//3043 249//3043 247//3043
f 1906//3044 114//3044 113//3044
f 113//3045 1927//3045 1454//3045
f 1454//3046 1927//3046 1904//3046
f 113//3047 111//3047 1927//3047
f 1927//3048 111//3048 1928//3048
f 1927//3049 1928//3049 1929//3049
f 1927//3050 1929//3050 1904//3050
f 1904//3051 1929//3051 1457//3051
f 1928//3052 111//3052 110//3052
f 1928//3053 110//3053 27//3053
f 1928//3054 27//3054 1930//3054
f 1930//3055 27//3055 1900//3055
f 1930//3056 1900//3056 1931//3056
f 1931//3057 1900//3057 1901//3057
f 1931//3058 1901//3058 1903//3058
f 1908//3059 222//3059 1445//3059
f 1909//3060 1907//3060 1443//3060
f 1910//3061 1909//3061 1923//3061
f 1923//3062 1909//3062 1443//3062
f 245//3063 1910//3063 1932//3063
f 1932//3064 1910//3064 1922//3064
f 1922//3065 1910//3065 1923//3065
f 1911//3066 245//3066 1932//3066
f 1911//3067 1932//3067 1921//3067
f 1921//3068 1932//3068 1922//3068
f 1914//3069 1926//3069 1912//3069
f 1929//3070 1928//3070 1931//3070
f 1931//3071 1928//3071 1930//3071
f 1914//3072 1913//3072 1919//3072
f 1914//3073 1919//3073 1916//3073
f 1913//3074 1911//3074 1921//3074
f 1929//3075 1931//3075 1903//3075
f 1929//3076 1903//3076 1457//3076
f 1906//3077 113//3077 1452//3077
f 1452//3078 113//3078 1454//3078
f 1913//3079 1921//3079 1920//3079
f 1913//3080 1920//3080 1919//3080
f 1430//3081 1429//3081 1898//3081
f 1894//3082 1893//3082 1917//3082
f 1917//3083 1893//3083 1924//3083
f 1924//3084 1893//3084 40//3084
f 1894//3085 1917//3085 1898//3085
f 1898//3086 1917//3086 1918//3086
f 1898//3087 1918//3087 1430//3087
f 1933//3088 1237//3088 1934//3088
f 1933//3089 1934//3089 1935//3089
f 1935//3090 1934//3090 1936//3090
f 1935//3091 1936//3091 1937//3091
f 1937//3092 1936//3092 1586//3092
f 1588//3093 1590//3093 1938//3093
f 1938//3094 1590//3094 1061//3094
f 1938//3095 1061//3095 1939//3095
f 1940//3096 1941//3096 1939//3096
f 1939//3097 1941//3097 1938//3097
f 1941//3098 1940//3098 1235//3098
f 1235//3099 1940//3099 1233//3099
f 1236//3100 1933//3100 1942//3100
f 1942//3101 1933//3101 1935//3101
f 1942//3102 1935//3102 1588//3102
f 1588//3103 1935//3103 1937//3103
f 1236//3104 1237//3104 1933//3104
f 1941//3105 1235//3105 1236//3105
f 1941//3106 1236//3106 1942//3106
f 1938//3107 1941//3107 1942//3107
f 1938//3108 1942//3108 1588//3108
f 1939//3109 1061//3109 1943//3109
f 1943//3110 1061//3110 1063//3110
f 1943//3111 1072//3111 1946//3111
f 1229//3112 1945//3112 1226//3112
f 1945//3113 1944//3113 1946//3113
f 1074//3114 1946//3114 1072//3114
f 1233//3115 1947//3115 1229//3115
f 1229//3116 1947//3116 1945//3116
f 1945//3117 1947//3117 1944//3117
f 1233//3118 1940//3118 1947//3118
f 1947//3119 1940//3119 1948//3119
f 1947//3120 1948//3120 1944//3120
f 1944//3121 1948//3121 1943//3121
f 1944//3122 1943//3122 1946//3122
f 1940//3123 1939//3123 1948//3123
f 1948//3124 1939//3124 1943//3124
f 1936//3125 1949//3125 1586//3125
f 1586//3126 1949//3126 1552//3126
f 1552//3127 1949//3127 1950//3127
f 1950//3128 1949//3128 1951//3128
f 1950//3129 1951//3129 1952//3129
f 1952//3130 1951//3130 1953//3130
f 1952//3131 1953//3131 1252//3131
f 1252//3132 1953//3132 1192//3132
f 1192//3133 1953//3133 1193//3133
f 1193//3134 1953//3134 1237//3134
f 1237//3135 1953//3135 1934//3135
f 1934//3136 1953//3136 1951//3136
f 1934//3137 1951//3137 1936//3137
f 1936//3138 1951//3138 1949//3138
f 1954//3139 1226//3139 1945//3139
f 1954//3140 1945//3140 1946//3140
f 1954//3141 1946//3141 1955//3141
f 1955//3142 1946//3142 1074//3142
f 1551//3143 1956//3143 1622//3143
f 1621//3144 1622//3144 1957//3144
f 1957//3145 1958//3145 1954//3145
f 1954//3146 1958//3146 1226//3146
f 1622//3147 1956//3147 1959//3147
f 1959//3148 1956//3148 1960//3148
f 1959//3149 1960//3149 1961//3149
f 1961//3150 1960//3150 1224//3150
f 1961//3151 1224//3151 1958//3151
f 1961//3152 1958//3152 1959//3152
f 1959//3153 1958//3153 1957//3153
f 1959//3154 1957//3154 1622//3154
f 1958//3155 1224//3155 1226//3155
f 1957//3156 1954//3156 1620//3156
f 1957//3157 1620//3157 1621//3157
f 1954//3158 1955//3158 1620//3158
f 1553//3159 1552//3159 1962//3159
f 1962//3160 1552//3160 1950//3160
f 1962//3161 1950//3161 1952//3161
f 1962//3162 1952//3162 1249//3162
f 1249//3163 1952//3163 1252//3163
f 1246//3164 1569//3164 1568//3164
f 1964//3165 1566//3165 1212//3165
f 1964//3166 1212//3166 1219//3166
f 1964//3167 1219//3167 1965//3167
f 1964//3168 1965//3168 1573//3168
f 1575//3169 1573//3169 1966//3169
f 1575//3170 1966//3170 1967//3170
f 1965//3171 1219//3171 1966//3171
f 1966//3172 1219//3172 1218//3172
f 1966//3173 1218//3173 1967//3173
f 1967//3174 1218//3174 1244//3174
f 1244//3175 1217//3175 1968//3175
f 1244//3176 1968//3176 1969//3176
f 1969//3177 1968//3177 1578//3177
f 1969//3178 1578//3178 1576//3178
f 1550//3179 1581//3179 1970//3179
f 1970//3180 1581//3180 1971//3180
f 1970//3181 1971//3181 1972//3181
f 1972//3182 1971//3182 1221//3182
f 1972//3183 1221//3183 1222//3183
f 1220//3184 1968//3184 1217//3184
f 1969//3185 1576//3185 1967//3185
f 1969//3186 1967//3186 1244//3186
f 1576//3187 1575//3187 1967//3187
f 1568//3188 1567//3188 1246//3188
f 1246//3189 1567//3189 1247//3189
f 1973//3190 1567//3190 1553//3190
f 1973//3191 1553//3191 1962//3191
f 1973//3192 1962//3192 1249//3192
f 1966//3193 1573//3193 1965//3193
f 1971//3194 1581//3194 1579//3194
f 1579//3195 1578//3195 1974//3195
f 1974//3196 1578//3196 1968//3196
f 1974//3197 1968//3197 1220//3197
f 1247//3198 1567//3198 1973//3198
f 1247//3199 1973//3199 1249//3199
f 1221//3200 1971//3200 1974//3200
f 1974//3201 1971//3201 1579//3201
f 1221//3202 1974//3202 1220//3202
f 1223//3203 1224//3203 1960//3203
f 1223//3204 1960//3204 1975//3204
f 1975//3205 1960//3205 1956//3205
f 1975//3206 1956//3206 1976//3206
f 1976//3207 1956//3207 1551//3207
f 1976//3208 1551//3208 1550//3208
f 1550//3209 1970//3209 1976//3209
f 1970//3210 1972//3210 1975//3210
f 1970//3211 1975//3211 1976//3211
f 1972//3212 1223//3212 1975//3212
f 1222//3213 1223//3213 1972//3213
f 1977//3214 1978//3214 1979//3214
f 1979//3215 1978//3215 1980//3215
f 1979//3216 1980//3216 1981//3216
f 1981//3217 1980//3217 1982//3217
f 1982//3218 1980//3218 1983//3218
f 1982//3219 1983//3219 1984//3219
f 1984//3220 1983//3220 1985//3220
f 1984//3221 1985//3221 1986//3221
f 1986//3222 1985//3222 1987//3222
f 1986//3223 1987//3223 1988//3223
f 1988//3224 1987//3224 1989//3224
f 1988//3225 1989//3225 1990//3225
f 1990//3226 1989//3226 1991//3226
f 1990//3227 1991//3227 1992//3227
f 1992//3228 1991//3228 1993//3228
f 1992//3229 1993//3229 1994//3229
f 1994//3230 1993//3230 1995//3230
f 1994//3231 1995//3231 1996//3231
f 1996//3232 1995//3232 1997//3232
f 1996//3233 1997//3233 1998//3233
f 1998//3234 1997//3234 1999//3234
f 1998//3235 1999//3235 2000//3235
f 2000//3236 1999//3236 2001//3236
f 2000//3237 2001//3237 2002//3237
f 2002//3238 2001//3238 2003//3238
f 2002//3239 2003//3239 2004//3239
f 2004//3240 2003//3240 2005//3240
f 2004//3241 2005//3241 2006//3241
f 2006//3242 2005//3242 2007//3242
f 2007//3243 2005//3243 2008//3243
f 2007//3244 2008//3244 2009//3244
f 2009//3245 2008//3245 2010//3245
f 2010//3246 2008//3246 2011//3246
f 2010//3247 2011//3247 2012//3247
f 2012//3248 2011//3248 2013//3248
f 2012//3249 2013//3249 2014//3249
f 2014//3250 2013//3250 2015//3250
f 2014//3251 2015//3251 2016//3251
f 2016//3252 2015//3252 2017//3252
f 2017//3253 2015//3253 2018//3253
f 2017//3254 2018//3254 2019//3254
f 2019//3255 2018//3255 1978//3255
f 2019//3256 1978//3256 1977//3256
f 2020//3257 2021//3257 2022//3257
f 2022//3258 2021//3258 2023//3258
f 2022//3259 2023//3259 2024//3259
f 2024//3260 2023//3260 2025//3260
f 2024//3261 2025//3261 2026//3261
f 2024//3262 2026//3262 2027//3262
f 2027//3263 2026//3263 2028//3263
f 2027//3264 2028//3264 2029//3264
f 2029//3265 2028//3265 2030//3265
f 2029//3266 2030//3266 2031//3266
f 2029//3267 2031//3267 2032//3267
f 2032//3268 2031//3268 2033//3268
f 2032//3269 2033//3269 2034//3269
f 2034//3270 2033//3270 2035//3270
f 2034//3255 2035//3255 2036//3255
f 2036//3271 2035//3271 2037//3271
f 2036//3272 2037//3272 2038//3272
f 2036//3273 2038//3273 2039//3273
f 2039//3274 2038//3274 2040//3274
f 2039//3275 2040//3275 2041//3275
f 2039//3276 2041//3276 2042//3276
f 2042//3277 2041//3277 2043//3277
f 2042//3278 2043//3278 2044//3278
f 2044//3279 2043//3279 2045//3279
f 2044//3280 2045//3280 2046//3280
f 2046//3281 2045//3281 2047//3281
f 2046//3282 2047//3282 2048//3282
f 2048//3283 2047//3283 2049//3283
f 2048//3284 2049//3284 2050//3284
f 2050//3285 2049//3285 2051//3285
f 2050//3286 2051//3286 2052//3286
f 2052//3287 2051//3287 2053//3287
f 2052//3288 2053//3288 2054//3288
f 2054//3289 2053//3289 2055//3289
f 2054//3290 2055//3290 2056//3290
f 2056//3291 2055//3291 2057//3291
f 2056//3292 2057//3292 2058//3292
f 2058//3293 2057//3293 2059//3293
f 2058//3294 2059//3294 2060//3294
f 2060//3295 2059//3295 2061//3295
f 2060//3296 2061//3296 2062//3296
f 2062//3297 2061//3297 2020//3297
f 2062//3298 2020//3298 2022//3298
f 2063//3299 2064//3299 2065//3299
f 2065//3300 2064//3300 2066//3300
f 2065//3301 2066//3301 2067//3301
f 2067//3302 2066//3302 2068//3302
f 2068//3303 2066//3303 2069//3303
f 2068//3304 2069//3304 2070//3304
f 2070//3305 2069//3305 2071//3305
f 2070//3306 2071//3306 2072//3306
f 2072//3307 2071//3307 2073//3307
f 2072//3308 2073//3308 2074//3308
f 2074//3309 2073//3309 2075//3309
f 2075//3310 2073//3310 2076//3310
f 2075//3311 2076//3311 2077//3311
f 2077//3312 2076//3312 2078//3312
f 2077//3313 2078//3313 2079//3313
f 2079//3314 2078//3314 2080//3314
f 2079//3315 2080//3315 2081//3315
f 2081//3316 2080//3316 2082//3316
f 2081//3317 2082//3317 2083//3317
f 2083//3318 2082//3318 2084//3318
f 2083//3319 2084//3319 2085//3319
f 2085//3320 2084//3320 2086//3320
f 2085//3321 2086//3321 2087//3321
f 2087//3322 2086//3322 2088//3322
f 2087//3323 2088//3323 2089//3323
f 2089//3324 2088//3324 2090//3324
f 2089//3325 2090//3325 2091//3325
f 2091//3326 2090//3326 2092//3326
f 2091//3327 2092//3327 2093//3327
f 2093//3328 2092//3328 2094//3328
f 2093//3329 2094//3329 2095//3329
f 2095//3330 2094//3330 2096//3330
f 2095//3331 2096//3331 2097//3331
f 2097//3332 2096//3332 2098//3332
f 2097//3333 2098//3333 2099//3333
f 2099//3334 2098//3334 2100//3334
f 2099//3335 2100//3335 2101//3335
f 2101//3336 2100//3336 2102//3336
f 2102//3337 2100//3337 2103//3337
f 2102//3338 2103//3338 2104//3338
f 2104//3339 2103//3339 2063//3339
f 2063//3340 2103//3340 2064//3340
f 2105//1078 2106//1078 2107//1078
f 2107//3341 2106//3341 2108//3341
f 2107//1080 2108//1080 2109//1080
f 2109//1081 2108//1081 2110//1081
f 2109//1082 2110//1082 2111//1082
f 2111//1083 2110//1083 2112//1083
f 2111//1084 2112//1084 2113//1084
f 2113//1085 2112//1085 2114//1085
f 2113//1086 2114//1086 2115//1086
f 2113//1087 2115//1087 2116//1087
f 2116//1088 2115//1088 2117//1088
f 2116//1089 2117//1089 2118//1089
f 2118//1090 2117//1090 2119//1090
f 2118//1091 2119//1091 2120//1091
f 2118//1092 2120//1092 2121//1092
f 2121//3342 2120//3342 2122//3342
f 2121//1094 2122//1094 2123//1094
f 2123//3343 2122//3343 2124//3343
f 2123//3344 2124//3344 2125//3344
f 2125//3345 2124//3345 2126//3345
f 2125//1098 2126//1098 2127//1098
f 2125//1099 2127//1099 2128//1099
f 2128//1100 2127//1100 2129//1100
f 2128//1101 2129//1101 2130//1101
f 2130//1102 2129//1102 2131//1102
f 2130//1103 2131//1103 2132//1103
f 2130//1104 2132//1104 2133//1104
f 2133//1105 2132//1105 2134//1105
f 2133//1106 2134//1106 2135//1106
f 2135//1107 2134//1107 2105//1107
f 2135//1108 2105//1108 2107//1108
f 2136//3346 2137//3346 2138//3346
f 2138//3347 2137//3347 2139//3347
f 2138//3348 2139//3348 2140//3348
f 2140//3349 2139//3349 2141//3349
f 2140//3350 2141//3350 2142//3350
f 2142//3351 2141//3351 2143//3351
f 2143//3352 2141//3352 2144//3352
f 2143//3353 2144//3353 2145//3353
f 2145//3354 2144//3354 2146//3354
f 2146//3355 2144//3355 2147//3355
f 2146//3356 2147//3356 2148//3356
f 2148//3357 2147//3357 2149//3357
f 2148//3358 2149//3358 2150//3358
f 2150//3359 2149//3359 2151//3359
f 2150//3360 2151//3360 2152//3360
f 2152//3361 2151//3361 2153//3361
f 2152//3362 2153//3362 2154//3362
f 2154//3363 2153//3363 2155//3363
f 2154//3364 2155//3364 2156//3364
f 2156//3365 2155//3365 2157//3365
f 2156//3366 2157//3366 2158//3366
f 2158//3367 2157//3367 2159//3367
f 2158//3368 2159//3368 2160//3368
f 2160//3369 2159//3369 2161//3369
f 2160//3370 2161//3370 2162//3370
f 2162//3371 2161//3371 2163//3371
f 2162//3372 2163//3372 2164//3372
f 2164//3373 2163//3373 2165//3373
f 2164//3374 2165//3374 2166//3374
f 2166//3375 2165//3375 2167//3375
f 2166//3376 2167//3376 2168//3376
f 2168//3377 2167//3377 2169//3377
f 2168//3378 2169//3378 2170//3378
f 2170//3379 2169//3379 2171//3379
f 2170//3380 2171//3380 2172//3380
f 2172//3381 2171//3381 2173//3381
f 2173//3382 2171//3382 2174//3382
f 2173//3383 2174//3383 2175//3383
f 2175//3384 2174//3384 2176//3384
f 2175//3385 2176//3385 2177//3385
f 2177//3386 2176//3386 2137//3386
f 2177//3387 2137//3387 2136//3387
f 2105//3388 2178//3388 2106//3388
f 2124//3389 2122//3389 2179//3389
f 2124//3390 2179//3390 2180//3390
f 2180//3391 2179//3391 2088//3391
f 2180//3392 2088//3392 2086//3392
f 2066//3393 2181//3393 2069//3393
f 2069//3394 2181//3394 2178//3394
f 2069//3395 2178//3395 2071//3395
f 2071//3396 2178//3396 2182//3396
f 2071//3397 2182//3397 2073//3397
f 2073//3398 2182//3398 2183//3398
f 2073//3399 2183//3399 2076//3399
f 2076//3400 2183//3400 2184//3400
f 2076//3401 2184//3401 2078//3401
f 2078//3402 2184//3402 2185//3402
f 2078//3403 2185//3403 2080//3403
f 2080//3404 2185//3404 2186//3404
f 2080//3405 2186//3405 2082//3405
f 2082//3406 2186//3406 2187//3406
f 2082//3407 2187//3407 2084//3407
f 2084//3408 2187//3408 2188//3408
f 2084//3409 2188//3409 2086//3409
f 2086//3410 2188//3410 2180//3410
f 2181//3411 2066//3411 2189//3411
f 2189//3412 2066//3412 2064//3412
f 2189//3413 2064//3413 2190//3413
f 2190//3414 2064//3414 2103//3414
f 2190//3415 2103//3415 2191//3415
f 2191//3416 2103//3416 2100//3416
f 2191//3417 2100//3417 2192//3417
f 2192//3418 2100//3418 2098//3418
f 2192//3419 2098//3419 2193//3419
f 2193//3420 2098//3420 2096//3420
f 2193//3421 2096//3421 2194//3421
f 2194//3422 2096//3422 2094//3422
f 2194//3423 2094//3423 2195//3423
f 2195//3424 2094//3424 2092//3424
f 2195//3425 2092//3425 2196//3425
f 2196//3426 2092//3426 2090//3426
f 2196//3427 2090//3427 2179//3427
f 2179//3428 2090//3428 2088//3428
f 2196//3429 2179//3429 2122//3429
f 2196//3430 2122//3430 2120//3430
f 2106//3431 2178//3431 2181//3431
f 2106//3432 2181//3432 2108//3432
f 2108//3433 2181//3433 2189//3433
f 2108//3434 2189//3434 2110//3434
f 2110//3435 2189//3435 2190//3435
f 2110//3436 2190//3436 2112//3436
f 2112//3437 2190//3437 2191//3437
f 2112//3438 2191//3438 2114//3438
f 2114//3439 2191//3439 2192//3439
f 2114//3440 2192//3440 2115//3440
f 2115//3441 2192//3441 2193//3441
f 2115//3442 2193//3442 2117//3442
f 2117//3443 2193//3443 2194//3443
f 2117//3444 2194//3444 2119//3444
f 2119//3445 2194//3445 2195//3445
f 2119//3446 2195//3446 2120//3446
f 2120//3447 2195//3447 2196//3447
f 2182//3448 2178//3448 2105//3448
f 2182//3449 2105//3449 2183//3449
f 2183//3450 2105//3450 2134//3450
f 2183//3451 2134//3451 2184//3451
f 2184//3452 2134//3452 2132//3452
f 2184//3453 2132//3453 2185//3453
f 2185//3454 2132//3454 2131//3454
f 2185//3455 2131//3455 2186//3455
f 2186//3456 2131//3456 2129//3456
f 2186//3457 2129//3457 2187//3457
f 2187//3458 2129//3458 2127//3458
f 2187//3459 2127//3459 2188//3459
f 2188//3460 2127//3460 2126//3460
f 2188//3461 2126//3461 2180//3461
f 2180//3462 2126//3462 2124//3462
f 740//3463 2197//3463 741//3463
f 759//3464 757//3464 2198//3464
f 759//3465 2198//3465 2199//3465
f 2199//3466 2198//3466 2036//3466
f 2199//3467 2036//3467 2039//3467
f 2058//3468 2200//3468 2056//3468
f 2056//3469 2200//3469 2197//3469
f 2056//3470 2197//3470 2054//3470
f 2054//3471 2197//3471 2201//3471
f 2054//3472 2201//3472 2052//3472
f 2052//3473 2201//3473 2202//3473
f 2052//3474 2202//3474 2050//3474
f 2050//3400 2202//3400 2203//3400
f 2050//3401 2203//3401 2048//3401
f 2048//3402 2203//3402 2204//3402
f 2048//3475 2204//3475 2046//3475
f 2046//3476 2204//3476 2205//3476
f 2046//3477 2205//3477 2044//3477
f 2044//3406 2205//3406 2206//3406
f 2044//3407 2206//3407 2042//3407
f 2042//3408 2206//3408 2207//3408
f 2042//3478 2207//3478 2039//3478
f 2039//3479 2207//3479 2199//3479
f 2200//3480 2058//3480 2208//3480
f 2208//3481 2058//3481 2060//3481
f 2208//3482 2060//3482 2209//3482
f 2209//3483 2060//3483 2062//3483
f 2209//3415 2062//3415 2210//3415
f 2210//3416 2062//3416 2022//3416
f 2210//3417 2022//3417 2211//3417
f 2211//3484 2022//3484 2024//3484
f 2211//3485 2024//3485 2212//3485
f 2212//3486 2024//3486 2027//3486
f 2212//3421 2027//3421 2213//3421
f 2213//3422 2027//3422 2029//3422
f 2213//3423 2029//3423 2214//3423
f 2214//3487 2029//3487 2032//3487
f 2214//3488 2032//3488 2215//3488
f 2215//3489 2032//3489 2034//3489
f 2215//3490 2034//3490 2198//3490
f 2198//3491 2034//3491 2036//3491
f 2215//3492 2198//3492 757//3492
f 2215//3493 757//3493 755//3493
f 741//3494 2197//3494 2200//3494
f 741//3495 2200//3495 743//3495
f 743//3496 2200//3496 2208//3496
f 743//3497 2208//3497 745//3497
f 745//3498 2208//3498 2209//3498
f 745//3499 2209//3499 747//3499
f 747//3437 2209//3437 2210//3437
f 747//3438 2210//3438 749//3438
f 749//3439 2210//3439 2211//3439
f 749//3440 2211//3440 750//3440
f 750//3441 2211//3441 2212//3441
f 750//3442 2212//3442 752//3442
f 752//3443 2212//3443 2213//3443
f 752//3444 2213//3444 754//3444
f 754//3445 2213//3445 2214//3445
f 754//3500 2214//3500 755//3500
f 755//3501 2214//3501 2215//3501
f 2201//3502 2197//3502 740//3502
f 2201//3503 740//3503 2202//3503
f 2202//3504 740//3504 769//3504
f 2202//3505 769//3505 2203//3505
f 2203//3452 769//3452 767//3452
f 2203//3506 767//3506 2204//3506
f 2204//3507 767//3507 766//3507
f 2204//3455 766//3455 2205//3455
f 2205//3456 766//3456 764//3456
f 2205//3457 764//3457 2206//3457
f 2206//3508 764//3508 762//3508
f 2206//3509 762//3509 2207//3509
f 2207//3510 762//3510 761//3510
f 2207//3511 761//3511 2199//3511
f 2199//3512 761//3512 759//3512
f 872//3513 2216//3513 873//3513
f 891//3514 889//3514 2217//3514
f 891//3515 2217//3515 2218//3515
f 2218//3466 2217//3466 2018//3466
f 2218//3467 2018//3467 2015//3467
f 1995//3516 2219//3516 1997//3516
f 1997//3517 2219//3517 2216//3517
f 1997//3518 2216//3518 1999//3518
f 1999//3519 2216//3519 2220//3519
f 1999//3520 2220//3520 2001//3520
f 2001//3473 2220//3473 2221//3473
f 2001//3521 2221//3521 2003//3521
f 2003//3522 2221//3522 2222//3522
f 2003//3523 2222//3523 2005//3523
f 2005//3524 2222//3524 2223//3524
f 2005//3525 2223//3525 2008//3525
f 2008//3526 2223//3526 2224//3526
f 2008//3527 2224//3527 2011//3527
f 2011//3528 2224//3528 2225//3528
f 2011//3529 2225//3529 2013//3529
f 2013//3530 2225//3530 2226//3530
f 2013//3531 2226//3531 2015//3531
f 2015//3532 2226//3532 2218//3532
f 2219//3533 1995//3533 2227//3533
f 2227//3534 1995//3534 1993//3534
f 2227//3482 1993//3482 2228//3482
f 2228//3535 1993//3535 1991//3535
f 2228//3536 1991//3536 2229//3536
f 2229//3537 1991//3537 1989//3537
f 2229//3538 1989//3538 2230//3538
f 2230//3539 1989//3539 1987//3539
f 2230//3540 1987//3540 2231//3540
f 2231//3486 1987//3486 1985//3486
f 2231//3421 1985//3421 2232//3421
f 2232//3541 1985//3541 1983//3541
f 2232//3542 1983//3542 2233//3542
f 2233//3543 1983//3543 1980//3543
f 2233//3544 1980//3544 2234//3544
f 2234//3489 1980//3489 1978//3489
f 2234//3490 1978//3490 2217//3490
f 2217//3491 1978//3491 2018//3491
f 2234//3545 2217//3545 889//3545
f 2234//3546 889//3546 887//3546
f 873//3494 2216//3494 2219//3494
f 873//3547 2219//3547 875//3547
f 875//3548 2219//3548 2227//3548
f 875//3549 2227//3549 877//3549
f 877//3550 2227//3550 2228//3550
f 877//3551 2228//3551 879//3551
f 879//3552 2228//3552 2229//3552
f 879//3553 2229//3553 881//3553
f 881//3554 2229//3554 2230//3554
f 881//3440 2230//3440 882//3440
f 882//3555 2230//3555 2231//3555
f 882//3556 2231//3556 884//3556
f 884//3557 2231//3557 2232//3557
f 884//3558 2232//3558 886//3558
f 886//3559 2232//3559 2233//3559
f 886//3560 2233//3560 887//3560
f 887//3561 2233//3561 2234//3561
f 2220//3562 2216//3562 872//3562
f 2220//3563 872//3563 2221//3563
f 2221//3564 872//3564 901//3564
f 2221//3565 901//3565 2222//3565
f 2222//3566 901//3566 899//3566
f 2222//3567 899//3567 2223//3567
f 2223//3568 899//3568 898//3568
f 2223//3569 898//3569 2224//3569
f 2224//3570 898//3570 896//3570
f 2224//3571 896//3571 2225//3571
f 2225//3572 896//3572 894//3572
f 2225//3573 894//3573 2226//3573
f 2226//3574 894//3574 893//3574
f 2226//3575 893//3575 2218//3575
f 2218//3576 893//3576 891//3576
f 805//3577 2157//3577 806//3577
f 824//3578 822//3578 2176//3578
f 824//3579 2176//3579 2174//3579
f 2176//3580 822//3580 2137//3580
f 2137//3581 822//3581 820//3581
f 2137//3582 820//3582 2139//3582
f 2139//3583 820//3583 819//3583
f 2139//3584 819//3584 2141//3584
f 2141//3585 819//3585 817//3585
f 2141//3586 817//3586 2144//3586
f 2144//3587 817//3587 815//3587
f 2144//3588 815//3588 2147//3588
f 2147//3589 815//3589 814//3589
f 2147//3590 814//3590 2149//3590
f 2149//3591 814//3591 812//3591
f 2149//3592 812//3592 2151//3592
f 2151//3593 812//3593 810//3593
f 2151//3594 810//3594 2153//3594
f 2153//3595 810//3595 808//3595
f 2153//3596 808//3596 2155//3596
f 2155//3597 808//3597 806//3597
f 2155//3598 806//3598 2157//3598
f 2159//3599 2157//3599 805//3599
f 2159//3600 805//3600 2161//3600
f 2161//3601 805//3601 834//3601
f 2161//3602 834//3602 2163//3602
f 2163//3603 834//3603 832//3603
f 2163//3604 832//3604 2165//3604
f 2165//3605 832//3605 831//3605
f 2165//3606 831//3606 2167//3606
f 2167//3607 831//3607 829//3607
f 2167//3608 829//3608 2169//3608
f 2169//3609 829//3609 827//3609
f 2169//3610 827//3610 2171//3610
f 2171//3611 827//3611 826//3611
f 2171//3612 826//3612 2174//3612
f 2174//3613 826//3613 824//3613
f 2041//3614 2040//3614 2235//3614
f 2235//3615 2040//3615 2236//3615
f 2235//3616 2236//3616 2237//3616
f 2237//3617 2236//3617 1501//3617
f 2237//3618 1501//3618 1682//3618
f 2237//3619 1682//3619 2238//3619
f 2238//3620 1682//3620 1684//3620
f 2238//3621 1684//3621 2239//3621
f 2239//3622 1684//3622 1686//3622
f 2239//3623 1686//3623 2240//3623
f 2240//3624 1686//3624 1688//3624
f 2240//3625 1688//3625 2241//3625
f 2241//3626 1688//3626 1690//3626
f 2241//3627 1690//3627 2242//3627
f 2242//3628 1690//3628 1692//3628
f 2242//3629 1692//3629 2243//3629
f 2243//3630 1692//3630 1704//3630
f 2243//3631 1704//3631 2244//3631
f 2244//3632 1704//3632 1703//3632
f 2244//3633 1703//3633 2245//3633
f 2245//3634 1703//3634 1702//3634
f 2245//3635 1702//3635 2246//3635
f 2246//3636 1702//3636 1701//3636
f 2246//3637 1701//3637 2247//3637
f 2247//3638 1701//3638 1700//3638
f 2247//3639 1700//3639 2248//3639
f 2248//3640 1700//3640 1068//3640
f 2248//3641 1068//3641 2249//3641
f 2249//3642 2250//3642 2248//3642
f 2248//3643 2250//3643 2251//3643
f 2248//3644 2251//3644 2247//3644
f 2247//3645 2251//3645 2252//3645
f 2247//3646 2252//3646 2246//3646
f 2246//3647 2252//3647 2253//3647
f 2246//3648 2253//3648 2245//3648
f 2245//3649 2253//3649 2254//3649
f 2245//3650 2254//3650 2244//3650
f 2244//3651 2254//3651 2255//3651
f 2244//3652 2255//3652 2243//3652
f 2243//3653 2255//3653 2256//3653
f 2243//3654 2256//3654 2242//3654
f 2242//3654 2256//3654 2257//3654
f 2242//3655 2257//3655 2241//3655
f 2241//3656 2257//3656 2258//3656
f 2241//3657 2258//3657 2240//3657
f 2240//3658 2258//3658 2259//3658
f 2240//3659 2259//3659 2239//3659
f 2239//3660 2259//3660 2260//3660
f 2239//3661 2260//3661 2238//3661
f 2238//3662 2260//3662 2261//3662
f 2238//3663 2261//3663 2237//3663
f 2237//3664 2261//3664 2235//3664
f 2250//3665 2020//3665 2251//3665
f 2251//3666 2020//3666 2061//3666
f 2251//3667 2061//3667 2252//3667
f 2252//3668 2061//3668 2059//3668
f 2252//3669 2059//3669 2253//3669
f 2253//3670 2059//3670 2057//3670
f 2253//3671 2057//3671 2254//3671
f 2254//3672 2057//3672 2055//3672
f 2254//3673 2055//3673 2255//3673
f 2255//3674 2055//3674 2053//3674
f 2255//3675 2053//3675 2256//3675
f 2256//3676 2053//3676 2051//3676
f 2256//3677 2051//3677 2257//3677
f 2257//3678 2051//3678 2049//3678
f 2257//3679 2049//3679 2258//3679
f 2258//3680 2049//3680 2047//3680
f 2258//3681 2047//3681 2259//3681
f 2259//3682 2047//3682 2045//3682
f 2259//3683 2045//3683 2260//3683
f 2260//3684 2045//3684 2043//3684
f 2260//3685 2043//3685 2261//3685
f 2261//3686 2043//3686 2041//3686
f 2261//3687 2041//3687 2235//3687
f 2021//3688 2020//3688 2262//3688
f 2262//3689 2020//3689 2250//3689
f 2262//3690 2250//3690 2263//3690
f 2263//3691 2250//3691 2249//3691
f 1068//3692 2263//3692 2249//3692
f 2264//3693 2236//3693 2040//3693
f 2264//3694 2040//3694 2265//3694
f 2265//3695 2040//3695 2038//3695
f 2264//3696 1501//3696 2236//3696
f 2021//3697 2262//3697 2023//3697
f 2023//3698 2262//3698 2266//3698
f 2023//3699 2266//3699 2025//3699
f 2025//3700 2266//3700 2267//3700
f 2025//3701 2267//3701 2026//3701
f 2262//3702 2263//3702 2266//3702
f 2266//3703 2263//3703 2268//3703
f 2266//3704 2268//3704 2267//3704
f 2267//3705 2268//3705 2269//3705
f 2269//3706 2268//3706 1070//3706
f 2269//3707 1070//3707 1071//3707
f 1068//3708 1070//3708 2263//3708
f 2263//3709 1070//3709 2268//3709
f 1501//3710 2264//3710 1502//3710
f 1502//3711 2264//3711 2270//3711
f 1502//3712 2270//3712 1504//3712
f 2264//3713 2265//3713 2270//3713
f 2270//3714 2265//3714 2037//3714
f 2270//3715 2037//3715 1504//3715
f 1504//3716 2037//3716 2033//3716
f 2033//3717 2037//3717 2035//3717
f 2038//3718 2037//3718 2265//3718
f 2028//3719 2026//3719 2267//3719
f 2028//3720 2267//3720 2271//3720
f 2271//3721 2267//3721 2269//3721
f 2271//3722 2269//3722 1071//3722
f 2271//3723 1071//3723 1817//3723
f 2271//3724 1817//3724 1816//3724
f 1816//3725 1813//3725 2272//3725
f 2272//3726 1813//3726 1504//3726
f 2272//3727 1504//3727 2033//3727
f 2272//3728 2033//3728 2031//3728
f 2031//3729 2030//3729 2272//3729
f 2272//3730 2030//3730 1816//3730
f 2273//3731 2030//3731 2028//3731
f 2273//3732 2028//3732 1816//3732
f 1816//3733 2028//3733 2271//3733
f 1816//3734 2030//3734 2273//3734
f 2002//3735 2004//3735 2274//3735
f 2274//3736 2004//3736 2275//3736
f 2274//3737 2275//3737 2276//3737
f 2274//3738 2276//3738 2277//3738
f 2277//3739 2276//3739 1462//3739
f 2277//3740 1462//3740 1728//3740
f 2277//3741 1728//3741 2278//3741
f 2278//3742 1728//3742 1730//3742
f 2278//3743 1730//3743 2279//3743
f 2279//3744 1730//3744 1732//3744
f 2279//3745 1732//3745 2280//3745
f 2280//3746 1732//3746 1734//3746
f 2280//3747 1734//3747 2281//3747
f 2281//3748 1734//3748 1736//3748
f 2281//3749 1736//3749 2282//3749
f 2282//3750 1736//3750 1738//3750
f 2282//3751 1738//3751 2283//3751
f 2283//3752 1738//3752 1751//3752
f 2283//3753 1751//3753 2284//3753
f 2284//3754 1751//3754 1750//3754
f 2284//3755 1750//3755 2285//3755
f 2285//3756 1750//3756 1749//3756
f 2285//3757 1749//3757 2286//3757
f 2286//3758 1749//3758 1748//3758
f 2286//3759 1748//3759 2287//3759
f 2287//3760 1748//3760 1747//3760
f 2287//3761 1747//3761 2288//3761
f 2288//3762 1747//3762 1064//3762
f 2288//3763 1064//3763 2289//3763
f 2289//3764 2290//3764 2288//3764
f 2288//3765 2290//3765 2291//3765
f 2288//3766 2291//3766 2287//3766
f 2287//3767 2291//3767 2292//3767
f 2287//3768 2292//3768 2286//3768
f 2286//3769 2292//3769 2293//3769
f 2286//3770 2293//3770 2285//3770
f 2285//3771 2293//3771 2294//3771
f 2285//3772 2294//3772 2284//3772
f 2284//3773 2294//3773 2295//3773
f 2284//3774 2295//3774 2283//3774
f 2283//3775 2295//3775 2296//3775
f 2283//3776 2296//3776 2282//3776
f 2282//3777 2296//3777 2297//3777
f 2282//3778 2297//3778 2281//3778
f 2281//3779 2297//3779 2298//3779
f 2281//3780 2298//3780 2280//3780
f 2280//3781 2298//3781 2299//3781
f 2280//3782 2299//3782 2279//3782
f 2279//3783 2299//3783 2300//3783
f 2279//3784 2300//3784 2278//3784
f 2278//3785 2300//3785 2301//3785
f 2278//3786 2301//3786 2277//3786
f 2277//3787 2301//3787 2274//3787
f 2290//3788 1981//3788 2291//3788
f 2291//3789 1981//3789 1982//3789
f 2291//3790 1982//3790 2292//3790
f 2292//3791 1982//3791 1984//3791
f 2292//3792 1984//3792 2293//3792
f 2293//3793 1984//3793 1986//3793
f 2293//3794 1986//3794 2294//3794
f 2294//3795 1986//3795 1988//3795
f 2294//3796 1988//3796 2295//3796
f 2295//3797 1988//3797 1990//3797
f 2295//3798 1990//3798 2296//3798
f 2296//3799 1990//3799 1992//3799
f 2296//3800 1992//3800 2297//3800
f 2297//3801 1992//3801 1994//3801
f 2297//3802 1994//3802 2298//3802
f 2298//3803 1994//3803 1996//3803
f 2298//3804 1996//3804 2299//3804
f 2299//3805 1996//3805 1998//3805
f 2299//3806 1998//3806 2300//3806
f 2300//3807 1998//3807 2000//3807
f 2300//3808 2000//3808 2301//3808
f 2301//3809 2000//3809 2002//3809
f 2301//3810 2002//3810 2274//3810
f 1979//3811 1981//3811 2290//3811
f 1979//3812 2290//3812 2302//3812
f 2302//3813 2290//3813 2289//3813
f 1064//3814 2302//3814 2289//3814
f 2303//3815 2276//3815 2275//3815
f 2303//3816 2275//3816 2304//3816
f 2304//3817 2275//3817 2004//3817
f 2304//3818 2004//3818 2006//3818
f 2303//3819 1462//3819 2276//3819
f 2019//3820 1977//3820 2017//3820
f 1979//3821 2302//3821 1977//3821
f 1977//3822 2302//3822 2305//3822
f 1977//3823 2305//3823 2017//3823
f 2017//3824 2305//3824 2306//3824
f 2306//3825 2305//3825 1066//3825
f 2306//3826 1066//3826 1067//3826
f 1064//3827 1066//3827 2302//3827
f 2302//3828 1066//3828 2305//3828
f 1462//3829 2303//3829 1463//3829
f 1463//3830 2303//3830 2307//3830
f 1463//3831 2307//3831 1465//3831
f 2303//3832 2304//3832 2307//3832
f 2307//3833 2304//3833 2308//3833
f 2307//3834 2308//3834 1465//3834
f 1465//3835 2308//3835 2010//3835
f 2010//3836 2308//3836 2009//3836
f 2006//3837 2007//3837 2304//3837
f 2304//3838 2007//3838 2308//3838
f 2007//3839 2009//3839 2308//3839
f 2016//3840 2017//3840 2309//3840
f 2309//3841 2017//3841 2306//3841
f 2309//3842 2306//3842 1067//3842
f 2309//3843 1067//3843 1885//3843
f 2309//3844 1885//3844 1884//3844
f 1884//3845 1881//3845 2310//3845
f 2310//3846 1881//3846 1465//3846
f 2310//3847 1465//3847 2010//3847
f 2310//3848 2010//3848 2012//3848
f 2012//3849 2014//3849 2310//3849
f 2310//3850 2014//3850 1884//3850
f 2311//3851 2014//3851 2016//3851
f 2311//3852 2016//3852 1884//3852
f 1884//3853 2016//3853 2309//3853
f 1884//3854 2014//3854 2311//3854
f 2152//3855 2312//3855 2150//3855
f 2150//3856 2312//3856 2313//3856
f 2150//3857 2313//3857 2148//3857
f 2145//3858 2146//3858 1073//3858
f 2145//3859 1073//3859 1072//3859
f 2312//3860 2314//3860 2313//3860
f 2313//3861 2314//3861 1076//3861
f 2313//3862 1076//3862 2148//3862
f 2148//3863 1076//3863 1075//3863
f 2148//3864 1075//3864 2146//3864
f 2146//3865 1075//3865 1073//3865
f 2314//3866 1077//3866 1076//3866
f 2143//3867 2145//3867 2315//3867
f 2315//3868 2145//3868 1072//3868
f 2315//3869 1072//3869 1943//3869
f 1063//3870 2316//3870 1943//3870
f 1943//3871 2316//3871 2315//3871
f 2316//3872 2142//3872 2143//3872
f 1063//3873 2138//3873 2316//3873
f 2316//3874 2138//3874 2142//3874
f 2138//3875 2140//3875 2142//3875
f 2143//3876 2315//3876 2316//3876
f 2317//3877 1077//3877 2314//3877
f 2312//3878 2152//3878 2154//3878
f 2154//3879 2318//3879 2312//3879
f 2312//3880 2318//3880 2314//3880
f 2318//3881 2317//3881 2314//3881
f 2173//3882 2175//3882 2319//3882
f 2319//3883 2175//3883 2320//3883
f 2319//3884 2320//3884 2321//3884
f 2321//3885 2320//3885 1060//3885
f 2321//3886 1060//3886 1059//3886
f 2138//3887 1063//3887 2136//3887
f 2136//3888 1063//3888 1062//3888
f 2136//3889 1062//3889 2177//3889
f 2177//3890 1062//3890 2322//3890
f 2177//3891 2322//3891 2175//3891
f 2175//3892 2322//3892 2320//3892
f 2322//3893 1062//3893 1060//3893
f 2322//3894 1060//3894 2320//3894
f 1077//3895 2317//3895 1612//3895
f 1612//3896 2317//3896 2323//3896
f 1612//3897 2323//3897 1613//3897
f 1613//3898 2323//3898 2324//3898
f 1613//3899 2324//3899 1614//3899
f 1614//3900 2324//3900 2325//3900
f 1614//3901 2325//3901 1615//3901
f 1615//3902 2325//3902 2326//3902
f 1615//3903 2326//3903 1616//3903
f 1616//3904 2326//3904 2327//3904
f 1616//3905 2327//3905 1617//3905
f 1617//3905 2327//3905 2328//3905
f 1617//3906 2328//3906 1618//3906
f 1618//3907 2328//3907 2329//3907
f 1618//3908 2329//3908 1619//3908
f 1619//3909 2329//3909 2330//3909
f 1619//3910 2330//3910 1611//3910
f 1611//3911 2330//3911 2331//3911
f 1611//3912 2331//3912 1059//3912
f 1059//3913 2331//3913 2332//3913
f 2332//3914 2331//3914 2333//3914
f 2332//3915 2333//3915 2172//3915
f 2172//3916 2333//3916 2170//3916
f 2170//3917 2333//3917 2334//3917
f 2170//3918 2334//3918 2168//3918
f 2168//3919 2334//3919 2335//3919
f 2168//3920 2335//3920 2166//3920
f 2166//3921 2335//3921 2336//3921
f 2166//3922 2336//3922 2164//3922
f 2164//3923 2336//3923 2337//3923
f 2164//3924 2337//3924 2162//3924
f 2162//3925 2337//3925 2338//3925
f 2162//3926 2338//3926 2160//3926
f 2160//3927 2338//3927 2339//3927
f 2160//3928 2339//3928 2158//3928
f 2158//3929 2339//3929 2340//3929
f 2158//3930 2340//3930 2156//3930
f 2156//3931 2340//3931 2341//3931
f 2156//3932 2341//3932 2154//3932
f 2154//3933 2341//3933 2318//3933
f 2318//3934 2341//3934 2323//3934
f 2318//3935 2323//3935 2317//3935
f 2324//3936 2323//3936 2341//3936
f 2325//3937 2324//3937 2340//3937
f 2340//3938 2324//3938 2341//3938
f 2326//3939 2325//3939 2339//3939
f 2339//3940 2325//3940 2340//3940
f 2327//3941 2326//3941 2338//3941
f 2338//3942 2326//3942 2339//3942
f 2328//3943 2327//3943 2337//3943
f 2337//3944 2327//3944 2338//3944
f 2329//3945 2328//3945 2336//3945
f 2336//3946 2328//3946 2337//3946
f 2330//3947 2329//3947 2335//3947
f 2335//3948 2329//3948 2336//3948
f 2331//3949 2330//3949 2334//3949
f 2334//3950 2330//3950 2335//3950
f 2333//3951 2331//3951 2334//3951
f 2172//3952 2173//3952 2319//3952
f 2332//3953 2321//3953 1059//3953
f 2332//3954 2172//3954 2321//3954
f 2321//3955 2172//3955 2319//3955
f 1058//3956 2342//3956 1650//3956
f 1650//3957 2342//3957 2343//3957
f 1650//3958 2343//3958 1651//3958
f 1651//3959 2343//3959 2344//3959
f 1651//3960 2344//3960 1652//3960
f 1652//3961 2344//3961 2345//3961
f 1652//3962 2345//3962 1653//3962
f 1653//3963 2345//3963 2346//3963
f 1653//3964 2346//3964 1654//3964
f 1654//3964 2346//3964 2347//3964
f 1654//3965 2347//3965 1655//3965
f 1655//3966 2347//3966 2348//3966
f 1655//3967 2348//3967 1656//3967
f 1656//3968 2348//3968 2349//3968
f 1656//3969 2349//3969 1657//3969
f 1657//3970 2349//3970 2350//3970
f 1657//3971 2350//3971 1649//3971
f 1649//3972 2350//3972 2351//3972
f 1649//3973 2351//3973 1543//3973
f 1543//3974 2351//3974 2352//3974
f 2352//3975 2351//3975 2353//3975
f 2352//3976 2353//3976 2354//3976
f 2354//3977 2353//3977 2091//3977
f 2091//3978 2353//3978 2089//3978
f 2089//3979 2353//3979 2355//3979
f 2089//3980 2355//3980 2087//3980
f 2087//3981 2355//3981 2356//3981
f 2087//3982 2356//3982 2085//3982
f 2085//3983 2356//3983 2357//3983
f 2085//3984 2357//3984 2083//3984
f 2083//3985 2357//3985 2358//3985
f 2083//3986 2358//3986 2081//3986
f 2081//3987 2358//3987 2359//3987
f 2081//3988 2359//3988 2079//3988
f 2079//3989 2359//3989 2360//3989
f 2079//3990 2360//3990 2077//3990
f 2077//3991 2360//3991 2361//3991
f 2077//3992 2361//3992 2075//3992
f 2075//3993 2361//3993 2362//3993
f 2075//3994 2362//3994 2074//3994
f 2074//3995 2362//3995 2363//3995
f 2363//3996 2362//3996 2343//3996
f 2363//3997 2343//3997 2342//3997
f 2344//3998 2343//3998 2362//3998
f 2345//3999 2344//3999 2361//3999
f 2361//4000 2344//4000 2362//4000
f 2346//4001 2345//4001 2360//4001
f 2360//4002 2345//4002 2361//4002
f 2347//4003 2346//4003 2359//4003
f 2359//4004 2346//4004 2360//4004
f 2348//4005 2347//4005 2358//4005
f 2358//4006 2347//4006 2359//4006
f 2349//4007 2348//4007 2357//4007
f 2357//4008 2348//4008 2358//4008
f 2350//4009 2349//4009 2356//4009
f 2356//4010 2349//4010 2357//4010
f 2351//4011 2350//4011 2355//4011
f 2355//4012 2350//4012 2356//4012
f 2353//4013 2351//4013 2355//4013
f 2364//4014 2352//4014 2354//4014
f 2364//4015 2354//4015 2365//4015
f 2365//4016 2354//4016 2091//4016
f 2365//4017 2091//4017 2093//4017
f 2364//4018 1543//4018 2352//4018
f 2072//4019 2074//4019 2366//4019
f 2366//4020 2074//4020 2363//4020
f 2366//4021 2363//4021 2367//4021
f 2367//4022 2363//4022 2342//4022
f 1058//4023 2367//4023 2342//4023
f 1543//4024 2364//4024 1544//4024
f 1548//4025 1547//4025 2099//4025
f 1548//4026 2099//4026 2101//4026
f 2364//4027 2365//4027 1544//4027
f 1544//4028 2365//4028 2368//4028
f 1544//4029 2368//4029 1546//4029
f 1546//4030 2368//4030 2097//4030
f 1546//4031 2097//4031 1547//4031
f 1547//4032 2097//4032 2099//4032
f 2365//4033 2093//4033 2368//4033
f 2368//4034 2093//4034 2095//4034
f 2368//4035 2095//4035 2097//4035
f 2072//4036 2366//4036 2070//4036
f 2065//4037 2067//4037 2369//4037
f 2065//4038 2369//4038 1054//4038
f 1054//4039 2369//4039 1055//4039
f 2366//4040 2367//4040 2070//4040
f 2070//4041 2367//4041 1057//4041
f 2070//4042 1057//4042 2068//4042
f 2068//4043 1057//4043 2370//4043
f 2068//4044 2370//4044 2067//4044
f 2067//4045 2370//4045 2369//4045
f 2367//4046 1058//4046 1057//4046
f 2370//4047 1057//4047 1055//4047
f 2370//4048 1055//4048 2369//4048
f 1769//4049 1548//4049 2371//4049
f 2371//4050 1548//4050 2101//4050
f 2371//4051 2101//4051 2104//4051
f 2104//4052 2101//4052 2102//4052
f 2063//4053 2065//4053 2372//4053
f 2372//4054 2065//4054 1054//4054
f 2372//4055 1054//4055 1769//4055
f 2372//4056 1769//4056 2371//4056
f 2063//4057 2372//4057 2371//4057
f 2063//4058 2371//4058 2104//4058
f 2373//1069 2374//1069 2375//1069
f 2375//1069 2374//1069 2376//1069
f 2376//1069 2374//1069 2377//1069
f 2377//1069 2378//1069 2376//1069
f 2378//4059 2379//4059 2376//4059
f 2375//4060 2376//4060 2380//4060
f 2380//1069 2376//1069 2381//1069
f 2380//4061 2381//4061 2382//4061
f 2382//1112 2381//1112 2383//1112
f 2382//1069 2383//1069 2384//1069
f 2384//4061 2383//4061 2385//4061
f 2384//1069 2385//1069 2386//1069
f 2386//1069 2385//1069 2387//1069
f 2386//1069 2387//1069 2388//1069
f 2388//1147 2387//1147 2389//1147
f 2388//1147 2389//1147 2390//1147
f 2390//1069 2389//1069 2391//1069
f 2390//1075 2391//1075 2392//1075
f 2392//1069 2391//1069 2393//1069
f 2392//1069 2393//1069 2394//1069
f 2392//1147 2394//1147 2395//1147
f 2395//1069 2394//1069 2396//1069
f 2395//1069 2396//1069 2397//1069
f 2397//4062 2396//4062 2398//4062
f 2397//4063 2398//4063 2399//4063
f 2399//4064 2398//4064 2400//4064
f 2389//4065 2401//4065 2391//4065
f 2391//1069 2401//1069 2402//1069
f 2402//1069 2401//1069 2403//1069
f 2403//1069 2401//1069 2404//1069
f 2403//1069 2404//1069 2405//1069
f 2405//1069 2404//1069 2406//1069
f 2405//4066 2406//4066 2407//4066
f 2407//4067 2406//4067 2408//4067
f 2407//4068 2408//4068 2409//4068
f 2406//1069 2404//1069 2410//1069
f 2410//1069 2404//1069 2411//1069
f 2411//1069 2404//1069 2412//1069
f 2397//1069 2413//1069 2395//1069
f 2395//4069 2413//4069 2414//4069
f 2414//1113 2413//1113 2415//1113
f 2414//4070 2415//4070 2416//4070
f 2386//1069 2388//1069 2417//1069
f 2417//1069 2388//1069 2418//1069
f 2417//1112 2418//1112 2419//1112
f 2419//4061 2418//4061 2420//4061
f 2420//1069 2418//1069 2421//1069
f 2420//1069 2421//1069 2422//1069
f 2421//1069 2418//1069 2423//1069
f 2423//1069 2418//1069 2424//1069
f 2423//1069 2424//1069 2425//1069
f 2425//1069 2424//1069 2426//1069
f 2426//1069 2424//1069 2427//1069
f 2427//4071 2424//4071 2428//4071
f 2429//1113 2430//1113 2428//1113
f 2428//1112 2430//1112 2427//1112
f 2420//1069 2422//1069 2431//1069
f 2420//4065 2431//4065 2432//4065
f 2432//1069 2431//1069 2433//1069
f 2432//1069 2433//1069 2434//1069
f 2435//4065 2436//4065 2434//4065
f 2434//4072 2436//4072 2432//4072
f 2435//4073 2437//4073 2436//4073
f 2386//4074 2417//4074 2438//4074
f 2438//1069 2417//1069 2439//1069
f 2438//1069 2439//1069 2440//1069
f 2440//1069 2439//1069 2441//1069
f 2441//1069 2439//1069 2442//1069
f 2441//1069 2442//1069 2443//1069
f 2443//1069 2442//1069 2444//1069
f 2444//1069 2442//1069 2445//1069
f 2444//4075 2445//4075 2446//4075
f 2446//4076 2445//4076 2447//4076
f 2446//4077 2447//4077 2448//4077
f 2445//1069 2442//1069 2449//1069
f 2449//4078 2442//4078 2450//4078
f 2451//4065 2452//4065 2450//4065
f 2450//4074 2452//4074 2449//4074
f 2438//1113 2440//1113 2453//1113
f 2453//1069 2440//1069 2454//1069
f 2453//1069 2454//1069 2455//1069
f 2453//1113 2455//1113 2456//1113
f 2456//1069 2455//1069 2457//1069
f 2456//1069 2457//1069 2458//1069
f 2458//4079 2457//4079 2459//4079
f 2458//4080 2459//4080 2460//4080
f 2460//4081 2459//4081 2461//4081
f 2458//4074 2462//4074 2456//4074
f 2456//4074 2462//4074 2463//4074
f 2456//4082 2463//4082 2464//4082
f 2373//4074 2375//4074 2465//4074
f 2466//4083 2467//4083 2468//4083
f 2468//4084 2467//4084 2469//4084
f 2468//4085 2469//4085 2470//4085
f 2470//4086 2469//4086 2471//4086
f 2470//4087 2471//4087 2472//4087
f 2472//4088 2471//4088 2473//4088
f 2472//4089 2473//4089 2474//4089
f 2474//4090 2473//4090 2475//4090
f 2474//4091 2475//4091 2476//4091
f 2476//4091 2475//4091 2477//4091
f 2476//4092 2477//4092 2478//4092
f 2478//4093 2477//4093 2479//4093
f 2478//4094 2479//4094 2480//4094
f 2480//4095 2479//4095 2481//4095
f 2480//4096 2481//4096 2482//4096
f 2482//4097 2481//4097 2483//4097
f 2482//4098 2483//4098 2484//4098
f 2484//4099 2483//4099 2485//4099
f 2485//4100 2486//4100 2484//4100
f 2484//4101 2486//4101 2487//4101
f 2488//4102 2489//4102 2466//4102
f 2466//4103 2489//4103 2467//4103
f 709//4103 711//4103 2490//4103
f 2490//4104 711//4104 2491//4104
f 2492//4105 720//4105 2493//4105
f 2493//4100 720//4100 722//4100
f 2493//4106 722//4106 2494//4106
f 2494//4107 722//4107 724//4107
f 2494//4108 724//4108 2495//4108
f 2495//4109 724//4109 725//4109
f 2495//4110 725//4110 2496//4110
f 2496//4111 725//4111 727//4111
f 2496//4112 727//4112 2497//4112
f 2497//4113 727//4113 729//4113
f 2497//4114 729//4114 2498//4114
f 2498//4114 729//4114 730//4114
f 2498//4115 730//4115 2499//4115
f 2499//4116 730//4116 731//4116
f 2499//4117 731//4117 2500//4117
f 2500//4118 731//4118 733//4118
f 2500//4119 733//4119 2501//4119
f 2501//4120 733//4120 735//4120
f 2501//4121 735//4121 2490//4121
f 2490//4122 735//4122 709//4122
f 2414//4123 2416//4123 2502//4123
f 2502//4124 2416//4124 2503//4124
f 2502//4125 2503//4125 2504//4125
f 2504//4126 2503//4126 2505//4126
f 2504//4127 2505//4127 925//4127
f 925//4128 2505//4128 927//4128
f 2414//4129 2502//4129 2506//4129
f 2414//4130 2506//4130 2395//4130
f 2395//4131 2506//4131 2507//4131
f 2395//4132 2507//4132 2392//4132
f 2392//4133 2507//4133 2508//4133
f 2392//4134 2508//4134 2509//4134
f 2392//4135 2509//4135 2390//4135
f 2390//4136 2509//4136 2510//4136
f 2390//4137 2510//4137 2388//4137
f 2388//4138 2510//4138 2511//4138
f 2388//4139 2511//4139 2512//4139
f 2388//4140 2512//4140 2418//4140
f 2418//4141 2512//4141 2513//4141
f 2418//4142 2513//4142 2514//4142
f 2418//4143 2514//4143 2424//4143
f 2424//4144 2514//4144 2515//4144
f 2424//4145 2515//4145 2516//4145
f 2424//4146 2516//4146 2428//4146
f 2428//4147 2516//4147 2517//4147
f 2428//4148 2517//4148 2518//4148
f 2518//4149 2517//4149 2519//4149
f 2518//4149 2519//4149 2520//4149
f 2520//4150 2519//4150 905//4150
f 905//4151 2519//4151 903//4151
f 903//4152 2519//4152 2521//4152
f 903//4153 2521//4153 910//4153
f 910//4154 2521//4154 2522//4154
f 910//4155 2522//4155 911//4155
f 911//4156 2522//4156 2523//4156
f 911//4157 2523//4157 913//4157
f 913//4158 2523//4158 2524//4158
f 913//4159 2524//4159 914//4159
f 914//4160 2524//4160 2525//4160
f 914//4161 2525//4161 916//4161
f 916//4162 2525//4162 2526//4162
f 916//4163 2526//4163 917//4163
f 917//4164 2526//4164 2527//4164
f 917//4165 2527//4165 919//4165
f 919//4166 2527//4166 2528//4166
f 919//4167 2528//4167 920//4167
f 920//4168 2528//4168 2529//4168
f 920//4169 2529//4169 922//4169
f 922//4170 2529//4170 2530//4170
f 922//4171 2530//4171 923//4171
f 923//4172 2530//4172 2531//4172
f 923//4173 2531//4173 925//4173
f 925//4174 2531//4174 2504//4174
f 2504//4175 2531//4175 2506//4175
f 2504//4176 2506//4176 2502//4176
f 2507//4177 2506//4177 2531//4177
f 2508//4178 2507//4178 2530//4178
f 2530//4179 2507//4179 2531//4179
f 2509//4180 2508//4180 2529//4180
f 2529//4181 2508//4181 2530//4181
f 2510//4182 2509//4182 2528//4182
f 2528//4183 2509//4183 2529//4183
f 2511//4184 2510//4184 2527//4184
f 2527//4182 2510//4182 2528//4182
f 2512//4185 2511//4185 2526//4185
f 2526//4186 2511//4186 2527//4186
f 2513//4187 2512//4187 2525//4187
f 2525//4188 2512//4188 2526//4188
f 2514//4189 2513//4189 2524//4189
f 2524//4190 2513//4190 2525//4190
f 2515//4191 2514//4191 2523//4191
f 2523//4189 2514//4189 2524//4189
f 2516//4192 2515//4192 2522//4192
f 2522//4193 2515//4193 2523//4193
f 2517//4194 2516//4194 2521//4194
f 2521//4195 2516//4195 2522//4195
f 2519//4196 2517//4196 2521//4196
f 2429//4197 2428//4197 2532//4197
f 2532//4198 2428//4198 2518//4198
f 2532//4199 2518//4199 2533//4199
f 2533//4200 2518//4200 2520//4200
f 2533//4201 2520//4201 2534//4201
f 2534//4202 2520//4202 905//4202
f 2534//4203 905//4203 907//4203
f 2376//4204 2379//4204 2535//4204
f 2535//4205 2379//4205 2536//4205
f 2535//4206 2536//4206 2537//4206
f 2537//4207 2536//4207 2538//4207
f 2537//4208 2538//4208 862//4208
f 862//4209 2538//4209 865//4209
f 2376//4210 2535//4210 2539//4210
f 2376//4211 2539//4211 2381//4211
f 2381//4212 2539//4212 2540//4212
f 2381//4213 2540//4213 2541//4213
f 2381//4214 2541//4214 2383//4214
f 2383//4215 2541//4215 2542//4215
f 2383//4216 2542//4216 2385//4216
f 2385//4217 2542//4217 2543//4217
f 2385//4218 2543//4218 2544//4218
f 2385//4219 2544//4219 2387//4219
f 2387//4220 2544//4220 2545//4220
f 2387//4221 2545//4221 2546//4221
f 2387//4222 2546//4222 2389//4222
f 2389//4223 2546//4223 2547//4223
f 2389//4224 2547//4224 2401//4224
f 2401//4225 2547//4225 2548//4225
f 2401//4226 2548//4226 2549//4226
f 2401//4227 2549//4227 2404//4227
f 2404//4228 2549//4228 2550//4228
f 2404//4229 2550//4229 2551//4229
f 2551//4230 2550//4230 2552//4230
f 2551//4230 2552//4230 2553//4230
f 2553//4231 2552//4231 838//4231
f 838//4232 2552//4232 836//4232
f 836//4233 2552//4233 2554//4233
f 836//4234 2554//4234 847//4234
f 847//4235 2554//4235 2555//4235
f 847//4236 2555//4236 848//4236
f 848//4237 2555//4237 2556//4237
f 848//4238 2556//4238 850//4238
f 850//4239 2556//4239 2557//4239
f 850//4240 2557//4240 851//4240
f 851//4241 2557//4241 2558//4241
f 851//4242 2558//4242 853//4242
f 853//4243 2558//4243 2559//4243
f 853//4244 2559//4244 854//4244
f 854//4245 2559//4245 2560//4245
f 854//4246 2560//4246 856//4246
f 856//4247 2560//4247 2561//4247
f 856//4248 2561//4248 857//4248
f 857//4249 2561//4249 2562//4249
f 857//4250 2562//4250 859//4250
f 859//4251 2562//4251 2563//4251
f 859//4252 2563//4252 860//4252
f 860//4253 2563//4253 2564//4253
f 860//4254 2564//4254 862//4254
f 862//4255 2564//4255 2537//4255
f 2537//4256 2564//4256 2539//4256
f 2537//4257 2539//4257 2535//4257
f 2540//4258 2539//4258 2564//4258
f 2541//4259 2540//4259 2563//4259
f 2563//4260 2540//4260 2564//4260
f 2542//4261 2541//4261 2562//4261
f 2562//4262 2541//4262 2563//4262
f 2543//4263 2542//4263 2561//4263
f 2561//4264 2542//4264 2562//4264
f 2544//4265 2543//4265 2560//4265
f 2560//4266 2543//4266 2561//4266
f 2545//4267 2544//4267 2559//4267
f 2559//4268 2544//4268 2560//4268
f 2546//4269 2545//4269 2558//4269
f 2558//4267 2545//4267 2559//4267
f 2547//4270 2546//4270 2557//4270
f 2557//4271 2546//4271 2558//4271
f 2548//4272 2547//4272 2556//4272
f 2556//4273 2547//4273 2557//4273
f 2549//4274 2548//4274 2555//4274
f 2555//4275 2548//4275 2556//4275
f 2550//4276 2549//4276 2554//4276
f 2554//4277 2549//4277 2555//4277
f 2552//4276 2550//4276 2554//4276
f 2412//4278 2404//4278 2565//4278
f 2565//4279 2404//4279 2551//4279
f 2565//4280 2551//4280 2566//4280
f 2566//4281 2551//4281 2553//4281
f 2566//4282 2553//4282 2567//4282
f 2567//4283 2553//4283 838//4283
f 2567//4284 838//4284 868//4284
f 2465//4285 2375//4285 2568//4285
f 2568//4286 2375//4286 2569//4286
f 2568//4287 2569//4287 2570//4287
f 2570//4288 2569//4288 2571//4288
f 2570//4289 2571//4289 2572//4289
f 2572//4290 2571//4290 2573//4290
f 2572//4291 2573//4291 2574//4291
f 2456//4292 2575//4292 2576//4292
f 2456//4293 2576//4293 2453//4293
f 2453//4294 2576//4294 2577//4294
f 2453//4295 2577//4295 2578//4295
f 2453//4296 2578//4296 2438//4296
f 2438//4297 2578//4297 2579//4297
f 2438//4298 2579//4298 2386//4298
f 2386//4299 2579//4299 2580//4299
f 2386//4300 2580//4300 2581//4300
f 2386//4301 2581//4301 2384//4301
f 2384//4302 2581//4302 2582//4302
f 2384//4303 2582//4303 2583//4303
f 2384//4304 2583//4304 2382//4304
f 2382//4305 2583//4305 2584//4305
f 2382//4306 2584//4306 2585//4306
f 2382//4307 2585//4307 2380//4307
f 2380//4308 2585//4308 2586//4308
f 2380//4309 2586//4309 2375//4309
f 2375//4310 2586//4310 2587//4310
f 2375//4311 2587//4311 2569//4311
f 2569//4312 2587//4312 2588//4312
f 2569//4313 2588//4313 2571//4313
f 2571//4314 2588//4314 2573//4314
f 2573//4315 2588//4315 2589//4315
f 2589//4316 2588//4316 2590//4316
f 2589//4317 2590//4317 2591//4317
f 2591//4318 2590//4318 2592//4318
f 2591//4319 2592//4319 2593//4319
f 2593//4320 2592//4320 2594//4320
f 2593//4321 2594//4321 2595//4321
f 2595//4322 2594//4322 2596//4322
f 2595//4323 2596//4323 2597//4323
f 2597//4324 2596//4324 2598//4324
f 2597//4325 2598//4325 2599//4325
f 2599//4326 2598//4326 2600//4326
f 2599//4327 2600//4327 2601//4327
f 2601//4328 2600//4328 2602//4328
f 2601//4329 2602//4329 2603//4329
f 2603//4330 2602//4330 2604//4330
f 2603//4331 2604//4331 2605//4331
f 2605//4332 2604//4332 2606//4332
f 2605//4333 2606//4333 2607//4333
f 2607//4334 2606//4334 2608//4334
f 2607//4335 2608//4335 2609//4335
f 2609//4336 2608//4336 2610//4336
f 2609//4337 2610//4337 2611//4337
f 2611//4338 2610//4338 2612//4338
f 2612//4339 2610//4339 2576//4339
f 2612//4339 2576//4339 2575//4339
f 2577//4340 2576//4340 2610//4340
f 2578//4341 2577//4341 2608//4341
f 2608//4340 2577//4340 2610//4340
f 2579//4342 2578//4342 2606//4342
f 2606//4343 2578//4343 2608//4343
f 2580//4344 2579//4344 2604//4344
f 2604//4345 2579//4345 2606//4345
f 2581//4346 2580//4346 2602//4346
f 2602//4347 2580//4347 2604//4347
f 2582//4348 2581//4348 2600//4348
f 2600//4349 2581//4349 2602//4349
f 2583//4350 2582//4350 2598//4350
f 2598//4348 2582//4348 2600//4348
f 2584//4351 2583//4351 2596//4351
f 2596//4352 2583//4352 2598//4352
f 2585//4353 2584//4353 2594//4353
f 2594//4354 2584//4354 2596//4354
f 2586//4355 2585//4355 2592//4355
f 2592//4356 2585//4356 2594//4356
f 2587//4357 2586//4357 2590//4357
f 2590//4358 2586//4358 2592//4358
f 2588//4359 2587//4359 2590//4359
f 2456//4360 2464//4360 2575//4360
f 2575//4361 2464//4361 2613//4361
f 2575//4362 2613//4362 2612//4362
f 2612//4363 2613//4363 2614//4363
f 2612//4364 2614//4364 2611//4364
f 2611//4365 2614//4365 2615//4365
f 2436//4366 2437//4366 2616//4366
f 2616//4367 2437//4367 2617//4367
f 2616//4368 2617//4368 2618//4368
f 2618//4369 2617//4369 2619//4369
f 2618//4370 2619//4370 793//4370
f 793//4371 2619//4371 795//4371
f 2436//4372 2616//4372 2620//4372
f 2436//4373 2620//4373 2432//4373
f 2432//4374 2620//4374 2621//4374
f 2432//4375 2621//4375 2420//4375
f 2420//4376 2621//4376 2622//4376
f 2420//4377 2622//4377 2623//4377
f 2420//4378 2623//4378 2419//4378
f 2419//4379 2623//4379 2624//4379
f 2419//4380 2624//4380 2417//4380
f 2417//4381 2624//4381 2625//4381
f 2417//4382 2625//4382 2626//4382
f 2417//4383 2626//4383 2439//4383
f 2439//4384 2626//4384 2627//4384
f 2439//4385 2627//4385 2628//4385
f 2439//4386 2628//4386 2442//4386
f 2442//4387 2628//4387 2629//4387
f 2442//4388 2629//4388 2630//4388
f 2442//4389 2630//4389 2450//4389
f 2450//4390 2630//4390 2631//4390
f 2450//4391 2631//4391 2632//4391
f 2632//4392 2631//4392 2633//4392
f 2632//4392 2633//4392 2634//4392
f 2634//4393 2633//4393 773//4393
f 773//4394 2633//4394 771//4394
f 771//4395 2633//4395 2635//4395
f 771//4396 2635//4396 778//4396
f 778//4397 2635//4397 2636//4397
f 778//4398 2636//4398 779//4398
f 779//4399 2636//4399 2637//4399
f 779//4400 2637//4400 781//4400
f 781//4401 2637//4401 2638//4401
f 781//4402 2638//4402 782//4402
f 782//4403 2638//4403 2639//4403
f 782//4404 2639//4404 784//4404
f 784//4405 2639//4405 2640//4405
f 784//4406 2640//4406 785//4406
f 785//4407 2640//4407 2641//4407
f 785//4408 2641//4408 787//4408
f 787//4409 2641//4409 2642//4409
f 787//4410 2642//4410 788//4410
f 788//4411 2642//4411 2643//4411
f 788//4412 2643//4412 790//4412
f 790//4413 2643//4413 2644//4413
f 790//4414 2644//4414 791//4414
f 791//4415 2644//4415 2645//4415
f 791//4416 2645//4416 793//4416
f 793//4417 2645//4417 2618//4417
f 2618//4418 2645//4418 2620//4418
f 2618//4419 2620//4419 2616//4419
f 2621//4420 2620//4420 2645//4420
f 2622//4421 2621//4421 2644//4421
f 2644//4422 2621//4422 2645//4422
f 2623//4423 2622//4423 2643//4423
f 2643//4424 2622//4424 2644//4424
f 2624//4425 2623//4425 2642//4425
f 2642//4426 2623//4426 2643//4426
f 2625//4427 2624//4427 2641//4427
f 2641//4425 2624//4425 2642//4425
f 2626//4428 2625//4428 2640//4428
f 2640//4429 2625//4429 2641//4429
f 2627//4430 2626//4430 2639//4430
f 2639//4428 2626//4428 2640//4428
f 2628//4431 2627//4431 2638//4431
f 2638//4432 2627//4432 2639//4432
f 2629//4433 2628//4433 2637//4433
f 2637//4431 2628//4431 2638//4431
f 2630//4434 2629//4434 2636//4434
f 2636//4435 2629//4435 2637//4435
f 2631//4436 2630//4436 2635//4436
f 2635//4437 2630//4437 2636//4437
f 2633//4438 2631//4438 2635//4438
f 2451//4439 2450//4439 2646//4439
f 2646//4440 2450//4440 2632//4440
f 2646//4441 2632//4441 2647//4441
f 2647//4442 2632//4442 2634//4442
f 2647//4443 2634//4443 2648//4443
f 2648//4444 2634//4444 773//4444
f 2648//4445 773//4445 775//4445
f 2407//4446 2409//4446 2649//4446
f 2649//4447 2409//4447 2650//4447
f 2649//4448 2650//4448 2651//4448
f 2651//4449 2650//4449 2492//4449
f 2651//4450 2492//4450 2493//4450
f 2407//4451 2649//4451 2652//4451
f 2407//4452 2652//4452 2405//4452
f 2405//4453 2652//4453 2653//4453
f 2405//4454 2653//4454 2403//4454
f 2403//4455 2653//4455 2654//4455
f 2403//4456 2654//4456 2402//4456
f 2402//4456 2654//4456 2655//4456
f 2402//4457 2655//4457 2391//4457
f 2391//4458 2655//4458 2656//4458
f 2391//4459 2656//4459 2393//4459
f 2393//4460 2656//4460 2657//4460
f 2393//4461 2657//4461 2394//4461
f 2394//4462 2657//4462 2658//4462
f 2394//4463 2658//4463 2396//4463
f 2396//4464 2658//4464 2659//4464
f 2396//4465 2659//4465 2398//4465
f 2398//4466 2659//4466 2660//4466
f 2398//4467 2660//4467 2661//4467
f 2661//4468 2660//4468 2662//4468
f 2661//4469 2662//4469 2663//4469
f 2663//4470 2662//4470 2490//4470
f 2490//4471 2662//4471 2501//4471
f 2501//4472 2662//4472 2664//4472
f 2501//4473 2664//4473 2500//4473
f 2500//4474 2664//4474 2665//4474
f 2500//4475 2665//4475 2499//4475
f 2499//4476 2665//4476 2666//4476
f 2499//4477 2666//4477 2498//4477
f 2498//4478 2666//4478 2667//4478
f 2498//4479 2667//4479 2497//4479
f 2497//4480 2667//4480 2668//4480
f 2497//4481 2668//4481 2496//4481
f 2496//4482 2668//4482 2669//4482
f 2496//4483 2669//4483 2495//4483
f 2495//4484 2669//4484 2670//4484
f 2495//4485 2670//4485 2494//4485
f 2494//4486 2670//4486 2671//4486
f 2494//4487 2671//4487 2493//4487
f 2493//4488 2671//4488 2651//4488
f 2651//4489 2671//4489 2652//4489
f 2651//4490 2652//4490 2649//4490
f 2653//4491 2652//4491 2671//4491
f 2654//4492 2653//4492 2670//4492
f 2670//4493 2653//4493 2671//4493
f 2655//4494 2654//4494 2669//4494
f 2669//4495 2654//4495 2670//4495
f 2656//4496 2655//4496 2668//4496
f 2668//4497 2655//4497 2669//4497
f 2657//4498 2656//4498 2667//4498
f 2667//4499 2656//4499 2668//4499
f 2658//4500 2657//4500 2666//4500
f 2666//4501 2657//4501 2667//4501
f 2659//4502 2658//4502 2665//4502
f 2665//4503 2658//4503 2666//4503
f 2660//4504 2659//4504 2664//4504
f 2664//4505 2659//4505 2665//4505
f 2662//4506 2660//4506 2664//4506
f 2490//4507 2491//4507 2663//4507
f 2663//4508 2491//4508 2672//4508
f 2663//4509 2672//4509 2661//4509
f 2661//4510 2672//4510 2400//4510
f 2661//4511 2400//4511 2398//4511
f 2484//4512 2487//4512 2673//4512
f 2673//4513 2487//4513 2674//4513
f 2673//4514 2674//4514 2675//4514
f 2675//4515 2674//4515 2461//4515
f 2675//4516 2461//4516 2459//4516
f 2482//4517 2484//4517 2676//4517
f 2676//4518 2484//4518 2673//4518
f 2676//4519 2673//4519 2675//4519
f 2676//4520 2675//4520 2677//4520
f 2677//4521 2675//4521 2459//4521
f 2677//4522 2459//4522 2678//4522
f 2678//4523 2459//4523 2457//4523
f 2678//4524 2457//4524 2679//4524
f 2679//4524 2457//4524 2455//4524
f 2679//4525 2455//4525 2680//4525
f 2680//4526 2455//4526 2454//4526
f 2680//4527 2454//4527 2681//4527
f 2681//4528 2454//4528 2440//4528
f 2681//4529 2440//4529 2682//4529
f 2682//4530 2440//4530 2441//4530
f 2682//4531 2441//4531 2683//4531
f 2683//4531 2441//4531 2443//4531
f 2683//4532 2443//4532 2684//4532
f 2684//4533 2443//4533 2444//4533
f 2684//4534 2444//4534 2685//4534
f 2685//4535 2444//4535 2446//4535
f 2685//4536 2446//4536 2686//4536
f 2686//4537 2687//4537 2685//4537
f 2685//4538 2687//4538 2688//4538
f 2685//4539 2688//4539 2684//4539
f 2684//4540 2688//4540 2689//4540
f 2684//4541 2689//4541 2683//4541
f 2683//4542 2689//4542 2690//4542
f 2683//4543 2690//4543 2682//4543
f 2682//4544 2690//4544 2691//4544
f 2682//4545 2691//4545 2681//4545
f 2681//4546 2691//4546 2692//4546
f 2681//4547 2692//4547 2680//4547
f 2680//4548 2692//4548 2693//4548
f 2680//4549 2693//4549 2679//4549
f 2679//4550 2693//4550 2694//4550
f 2679//4551 2694//4551 2678//4551
f 2678//4552 2694//4552 2695//4552
f 2678//4553 2695//4553 2677//4553
f 2677//4554 2695//4554 2676//4554
f 2687//4555 2466//4555 2688//4555
f 2688//4556 2466//4556 2468//4556
f 2688//4557 2468//4557 2689//4557
f 2689//4558 2468//4558 2470//4558
f 2689//4559 2470//4559 2690//4559
f 2690//4560 2470//4560 2472//4560
f 2690//4561 2472//4561 2691//4561
f 2691//4562 2472//4562 2474//4562
f 2691//4563 2474//4563 2692//4563
f 2692//4564 2474//4564 2476//4564
f 2692//4565 2476//4565 2693//4565
f 2693//4566 2476//4566 2478//4566
f 2693//4567 2478//4567 2694//4567
f 2694//4568 2478//4568 2480//4568
f 2694//4569 2480//4569 2695//4569
f 2695//4570 2480//4570 2482//4570
f 2695//4571 2482//4571 2676//4571
f 2446//4572 2448//4572 2686//4572
f 2686//4573 2448//4573 2696//4573
f 2686//4574 2696//4574 2687//4574
f 2687//4575 2696//4575 2488//4575
f 2687//4576 2488//4576 2466//4576
f 947//4577 949//4577 2699//4577
f 2699//4578 949//4578 2697//4578
f 2699//4579 2697//4579 2700//4579
f 2700//4580 2697//4580 2698//4580
f 2700//4581 2698//4581 2701//4581
f 2701//4582 2698//4582 2374//4582
f 2701//4583 2374//4583 2373//4583
f 2701//4584 2373//4584 2702//4584
f 2465//4585 2703//4585 2373//4585
f 2373//4586 2703//4586 2702//4586
f 2702//4587 2704//4587 2700//4587
f 2700//4588 2704//4588 2699//4588
f 2703//4589 2705//4589 2706//4589
f 2706//4590 2705//4590 2707//4590
f 2706//4591 2707//4591 2708//4591
f 2708//4592 2707//4592 945//4592
f 2708//4593 945//4593 947//4593
f 2703//4594 2709//4594 2705//4594
f 2705//4595 2709//4595 2707//4595
f 2707//4596 2709//4596 943//4596
f 2707//4597 943//4597 945//4597
f 2709//4598 942//4598 943//4598
f 2708//4599 947//4599 2699//4599
f 2706//4600 2708//4600 2704//4600
f 2704//4601 2708//4601 2699//4601
f 2701//4602 2702//4602 2700//4602
f 2703//4603 2706//4603 2702//4603
f 2702//4604 2706//4604 2704//4604
f 2572//4605 2574//4605 2710//4605
f 2711//4606 2710//4606 2712//4606
f 2711//4607 2712//4607 2713//4607
f 2703//4608 2713//4608 2709//4608
f 2709//4609 2713//4609 940//4609
f 2709//4610 940//4610 942//4610
f 938//4611 940//4611 2714//4611
f 938//4612 2714//4612 2715//4612
f 2715//4613 2714//4613 2716//4613
f 2715//4614 2716//4614 937//4614
f 937//4615 2716//4615 2717//4615
f 2717//4616 2716//4616 2710//4616
f 2710//4617 2716//4617 2712//4617
f 2574//4618 2717//4618 2710//4618
f 2715//4619 937//4619 938//4619
f 2465//4620 2568//4620 2703//4620
f 2703//4621 2568//4621 2718//4621
f 2568//4622 2570//4622 2718//4622
f 2718//4623 2570//4623 2711//4623
f 2570//4624 2572//4624 2711//4624
f 2711//4625 2572//4625 2710//4625
f 2711//4626 2713//4626 2718//4626
f 2718//4627 2713//4627 2703//4627
f 2712//4628 2716//4628 2714//4628
f 940//4629 2713//4629 2712//4629
f 940//4630 2712//4630 2714//4630
f 2719//4631 1040//4631 2720//4631
f 2719//4632 2720//4632 2721//4632
f 2721//4633 2720//4633 2722//4633
f 2721//4634 2722//4634 2723//4634
f 2723//4635 2722//4635 2615//4635
f 2723//4636 2615//4636 2614//4636
f 2723//4637 2614//4637 2724//4637
f 2724//4638 2614//4638 2613//4638
f 2724//4639 2613//4639 2725//4639
f 2725//4640 2613//4640 2464//4640
f 2464//4641 2726//4641 2725//4641
f 2725//4642 2726//4642 2727//4642
f 2725//4643 2727//4643 2728//4643
f 2721//4644 2728//4644 2719//4644
f 2726//4645 2729//4645 2727//4645
f 2728//4646 2727//4646 2730//4646
f 2728//4647 2730//4647 2719//4647
f 2719//4648 2730//4648 1040//4648
f 2727//4649 2729//4649 2731//4649
f 2731//4650 2729//4650 1038//4650
f 2731//4651 1038//4651 2730//4651
f 2731//4652 2730//4652 2727//4652
f 1038//4653 1040//4653 2730//4653
f 2723//4654 2724//4654 2728//4654
f 2723//4655 2728//4655 2721//4655
f 2724//4656 2725//4656 2728//4656
f 1038//4657 2729//4657 1036//4657
f 1036//4658 2729//4658 2732//4658
f 1036//4659 2732//4659 1034//4659
f 1034//4659 2732//4659 2733//4659
f 1034//4660 2733//4660 1032//4660
f 1032//4661 2733//4661 2734//4661
f 1032//4662 2734//4662 1030//4662
f 1030//4663 2734//4663 2735//4663
f 1030//4664 2735//4664 1028//4664
f 1028//4665 2735//4665 2736//4665
f 2736//4666 2735//4666 2737//4666
f 2736//4667 2737//4667 2738//4667
f 2738//4668 2737//4668 2460//4668
f 2738//4669 2460//4669 2461//4669
f 2729//4670 2726//4670 2732//4670
f 2732//4671 2726//4671 2739//4671
f 2732//4672 2739//4672 2733//4672
f 2733//4673 2739//4673 2740//4673
f 2733//4674 2740//4674 2734//4674
f 2734//4675 2740//4675 2741//4675
f 2734//4676 2741//4676 2735//4676
f 2735//4677 2741//4677 2737//4677
f 2726//4678 2464//4678 2739//4678
f 2739//4679 2464//4679 2463//4679
f 2739//4680 2463//4680 2740//4680
f 2740//4681 2463//4681 2462//4681
f 2740//4682 2462//4682 2741//4682
f 2741//4683 2462//4683 2458//4683
f 2741//4684 2458//4684 2737//4684
f 2737//4685 2458//4685 2460//4685
f 2742//4686 1028//4686 2736//4686
f 2742//4687 2736//4687 2743//4687
f 2743//4688 2736//4688 2738//4688
f 2461//4689 2674//4689 2738//4689
f 2738//4690 2674//4690 2744//4690
f 2738//4691 2744//4691 2743//4691
f 1028//4692 2742//4692 1027//4692
f 1027//4693 2742//4693 2745//4693
f 1027//4694 2745//4694 1026//4694
f 1026//4695 2745//4695 2746//4695
f 2746//4696 2745//4696 2747//4696
f 2746//4697 2747//4697 2748//4697
f 2748//4698 2747//4698 2749//4698
f 2748//4699 2749//4699 2487//4699
f 2487//4700 2749//4700 2674//4700
f 2674//4701 2749//4701 2744//4701
f 2747//4702 2745//4702 2742//4702
f 2747//4703 2742//4703 2743//4703
f 2749//4704 2747//4704 2743//4704
f 2749//4705 2743//4705 2744//4705
f 2487//4706 2486//4706 2748//4706
f 2748//4707 2486//4707 2750//4707
f 2748//4708 2750//4708 2746//4708
f 2746//4709 2750//4709 2751//4709
f 2746//4710 2751//4710 1026//4710
f 1023//4711 2752//4711 1022//4711
f 1022//4712 2752//4712 2753//4712
f 2753//4713 2752//4713 2754//4713
f 2753//4714 2754//4714 2755//4714
f 2755//4715 2754//4715 2489//4715
f 2755//4716 2489//4716 2488//4716
f 2756//4717 1022//4717 2753//4717
f 2756//4718 2753//4718 2757//4718
f 2757//4719 2753//4719 2755//4719
f 2757//4720 2755//4720 2758//4720
f 2758//4721 2755//4721 2488//4721
f 2488//4722 2696//4722 2758//4722
f 1022//4723 2756//4723 1020//4723
f 1020//4724 2756//4724 2759//4724
f 2759//4725 2760//4725 2761//4725
f 2761//4726 2760//4726 2762//4726
f 2761//4727 2762//4727 2448//4727
f 2448//4728 2762//4728 2696//4728
f 2696//4729 2762//4729 2758//4729
f 2760//4730 2759//4730 2756//4730
f 2760//4731 2756//4731 2757//4731
f 2762//4732 2760//4732 2757//4732
f 2762//4733 2757//4733 2758//4733
f 1020//4734 2759//4734 1018//4734
f 1018//4735 2759//4735 2763//4735
f 1018//4736 2763//4736 1016//4736
f 1016//4737 2763//4737 2764//4737
f 1016//4738 2764//4738 1014//4738
f 1014//4739 2764//4739 2765//4739
f 1014//4740 2765//4740 1013//4740
f 1013//4740 2765//4740 2766//4740
f 1013//4741 2766//4741 1011//4741
f 1011//4742 2766//4742 2767//4742
f 2767//4743 2766//4743 2768//4743
f 2767//4744 2768//4744 2769//4744
f 2769//4745 2768//4745 2452//4745
f 2769//4746 2452//4746 2451//4746
f 2759//4747 2761//4747 2763//4747
f 2763//4748 2761//4748 2770//4748
f 2763//4749 2770//4749 2764//4749
f 2764//4750 2770//4750 2771//4750
f 2764//4751 2771//4751 2765//4751
f 2765//4752 2771//4752 2772//4752
f 2765//4753 2772//4753 2766//4753
f 2766//4754 2772//4754 2768//4754
f 2761//4755 2448//4755 2770//4755
f 2770//4756 2448//4756 2447//4756
f 2770//4757 2447//4757 2771//4757
f 2771//4758 2447//4758 2445//4758
f 2771//4759 2445//4759 2772//4759
f 2772//4760 2445//4760 2449//4760
f 2772//4761 2449//4761 2768//4761
f 2768//4762 2449//4762 2452//4762
f 2648//4763 775//4763 2773//4763
f 2773//4764 775//4764 804//4764
f 2773//4765 804//4765 776//4765
f 2773//4766 776//4766 2774//4766
f 2774//4767 776//4767 955//4767
f 2774//4768 955//4768 2775//4768
f 2774//4769 2775//4769 2773//4769
f 2773//4770 2775//4770 2776//4770
f 2773//4771 2776//4771 2777//4771
f 2773//4772 2777//4772 2648//4772
f 2648//4773 2777//4773 2647//4773
f 2647//4774 2777//4774 2646//4774
f 2646//4775 2777//4775 2778//4775
f 2646//4776 2778//4776 2451//4776
f 2451//4777 2778//4777 2769//4777
f 2769//4778 2778//4778 2779//4778
f 2779//4779 2778//4779 2777//4779
f 2779//4780 2777//4780 2776//4780
f 955//4781 1011//4781 2775//4781
f 2775//4782 1011//4782 2767//4782
f 2775//4783 2767//4783 2776//4783
f 2776//4784 2767//4784 2779//4784
f 2779//4785 2767//4785 2769//4785
f 2780//4786 796//4786 797//4786
f 2780//4787 797//4787 2781//4787
f 2781//4788 797//4788 2782//4788
f 2782//4789 797//4789 795//4789
f 2782//4790 795//4790 2619//4790
f 2782//4791 2619//4791 2783//4791
f 2783//4792 2619//4792 2617//4792
f 2783//4793 2617//4793 2784//4793
f 2783//4794 2784//4794 2785//4794
f 2783//4795 2785//4795 2786//4795
f 2786//4796 2785//4796 2787//4796
f 2787//4797 2785//4797 2788//4797
f 2787//4798 2788//4798 959//4798
f 959//4799 2788//4799 961//4799
f 961//4800 2788//4800 2789//4800
f 2789//4801 2788//4801 2785//4801
f 2617//4802 2437//4802 2784//4802
f 2784//4803 2437//4803 2790//4803
f 2784//4804 2790//4804 2785//4804
f 2785//4805 2790//4805 2789//4805
f 959//4806 796//4806 2787//4806
f 2787//4807 796//4807 2780//4807
f 2787//4808 2780//4808 2786//4808
f 2786//4809 2780//4809 2781//4809
f 2786//4810 2781//4810 2783//4810
f 2783//4811 2781//4811 2782//4811
f 961//4812 2789//4812 962//4812
f 962//4813 2789//4813 2791//4813
f 962//4814 2791//4814 963//4814
f 963//4815 2791//4815 2792//4815
f 963//4816 2792//4816 964//4816
f 964//4817 2792//4817 2793//4817
f 964//4818 2793//4818 965//4818
f 965//4819 2793//4819 2794//4819
f 965//4820 2794//4820 966//4820
f 966//4821 2794//4821 2795//4821
f 966//4822 2795//4822 967//4822
f 967//4823 2795//4823 2796//4823
f 967//4824 2796//4824 968//4824
f 968//4825 2796//4825 2797//4825
f 968//4826 2797//4826 969//4826
f 969//4827 2797//4827 2798//4827
f 969//4828 2798//4828 970//4828
f 970//4829 2798//4829 2799//4829
f 970//4830 2799//4830 971//4830
f 971//4831 2799//4831 2800//4831
f 971//4832 2800//4832 972//4832
f 972//4833 2800//4833 2801//4833
f 972//4834 2801//4834 974//4834
f 974//4835 2801//4835 2802//4835
f 2802//4836 2801//4836 2803//4836
f 2802//4837 2803//4837 2804//4837
f 2804//4838 2803//4838 2430//4838
f 2804//4839 2430//4839 2429//4839
f 2789//4840 2790//4840 2791//4840
f 2791//4841 2790//4841 2805//4841
f 2791//4842 2805//4842 2792//4842
f 2792//4843 2805//4843 2806//4843
f 2792//4844 2806//4844 2793//4844
f 2793//4845 2806//4845 2807//4845
f 2793//4846 2807//4846 2794//4846
f 2794//4847 2807//4847 2808//4847
f 2794//4848 2808//4848 2795//4848
f 2795//4849 2808//4849 2809//4849
f 2795//4850 2809//4850 2796//4850
f 2796//4851 2809//4851 2810//4851
f 2796//4852 2810//4852 2797//4852
f 2797//4853 2810//4853 2811//4853
f 2797//4854 2811//4854 2798//4854
f 2798//4855 2811//4855 2812//4855
f 2798//4856 2812//4856 2799//4856
f 2799//4857 2812//4857 2813//4857
f 2799//4858 2813//4858 2800//4858
f 2800//4859 2813//4859 2814//4859
f 2800//4860 2814//4860 2801//4860
f 2801//4861 2814//4861 2803//4861
f 2790//4862 2437//4862 2805//4862
f 2805//4863 2437//4863 2435//4863
f 2805//4864 2435//4864 2806//4864
f 2806//4865 2435//4865 2434//4865
f 2806//4866 2434//4866 2807//4866
f 2807//4867 2434//4867 2433//4867
f 2807//4868 2433//4868 2808//4868
f 2808//4869 2433//4869 2431//4869
f 2808//4870 2431//4870 2809//4870
f 2809//4871 2431//4871 2422//4871
f 2809//4872 2422//4872 2810//4872
f 2810//4873 2422//4873 2421//4873
f 2810//4874 2421//4874 2811//4874
f 2811//4875 2421//4875 2423//4875
f 2811//4876 2423//4876 2812//4876
f 2812//4877 2423//4877 2425//4877
f 2812//4878 2425//4878 2813//4878
f 2813//4879 2425//4879 2426//4879
f 2813//4880 2426//4880 2814//4880
f 2814//4881 2426//4881 2427//4881
f 2814//4882 2427//4882 2803//4882
f 2803//4883 2427//4883 2430//4883
f 2534//4884 907//4884 2815//4884
f 2815//4885 907//4885 936//4885
f 2815//4886 936//4886 908//4886
f 2815//4887 908//4887 2816//4887
f 2816//4888 908//4888 977//4888
f 977//4889 976//4889 2816//4889
f 2816//4890 976//4890 2817//4890
f 2816//4891 2817//4891 2815//4891
f 2815//4892 2817//4892 2818//4892
f 2815//4893 2818//4893 2819//4893
f 2815//4894 2819//4894 2534//4894
f 2534//4895 2819//4895 2533//4895
f 2533//4896 2819//4896 2532//4896
f 2532//4897 2819//4897 2820//4897
f 2532//4898 2820//4898 2429//4898
f 2429//4899 2820//4899 2804//4899
f 2804//4900 2820//4900 2821//4900
f 2821//4901 2820//4901 2819//4901
f 2821//4902 2819//4902 2818//4902
f 2817//4903 976//4903 2802//4903
f 2817//4904 2802//4904 2818//4904
f 2818//4905 2802//4905 2821//4905
f 976//4906 974//4906 2802//4906
f 2821//4907 2802//4907 2804//4907
f 981//4908 928//4908 2822//4908
f 2822//4909 928//4909 2823//4909
f 2823//4910 928//4910 929//4910
f 2823//4911 929//4911 2824//4911
f 2824//4912 929//4912 927//4912
f 2824//4913 927//4913 2505//4913
f 2824//4914 2505//4914 2825//4914
f 2825//4915 2505//4915 2503//4915
f 2825//4916 2503//4916 2826//4916
f 2825//4917 2826//4917 2827//4917
f 2825//4918 2827//4918 2828//4918
f 2828//4919 2827//4919 2829//4919
f 2829//4920 2827//4920 2830//4920
f 2829//4921 2830//4921 981//4921
f 981//4922 2830//4922 982//4922
f 982//4923 2830//4923 2831//4923
f 2831//4924 2830//4924 2827//4924
f 2503//4925 2416//4925 2826//4925
f 2826//4926 2416//4926 2832//4926
f 2826//4927 2832//4927 2827//4927
f 2827//4928 2832//4928 2831//4928
f 2829//4929 981//4929 2822//4929
f 2829//4930 2822//4930 2828//4930
f 2828//4931 2822//4931 2823//4931
f 2828//4932 2823//4932 2825//4932
f 2825//4933 2823//4933 2824//4933
f 982//4934 2831//4934 984//4934
f 984//4935 2831//4935 2833//4935
f 984//4936 2833//4936 986//4936
f 986//4936 2833//4936 2834//4936
f 986//4937 2834//4937 988//4937
f 988//4938 2834//4938 2835//4938
f 988//4939 2835//4939 990//4939
f 990//4940 2835//4940 2836//4940
f 990//4941 2836//4941 992//4941
f 992//4942 2836//4942 2837//4942
f 2837//4943 2836//4943 2838//4943
f 2837//4944 2838//4944 2839//4944
f 2839//4945 2838//4945 2399//4945
f 2839//4946 2399//4946 2400//4946
f 2831//4947 2832//4947 2833//4947
f 2833//4947 2832//4947 2840//4947
f 2833//4948 2840//4948 2834//4948
f 2834//4949 2840//4949 2841//4949
f 2834//4950 2841//4950 2835//4950
f 2835//4951 2841//4951 2842//4951
f 2835//4952 2842//4952 2836//4952
f 2836//4953 2842//4953 2838//4953
f 2832//4954 2416//4954 2840//4954
f 2840//4955 2416//4955 2415//4955
f 2840//4956 2415//4956 2841//4956
f 2841//4957 2415//4957 2413//4957
f 2841//4958 2413//4958 2842//4958
f 2842//4959 2413//4959 2397//4959
f 2842//4960 2397//4960 2838//4960
f 2838//4961 2397//4961 2399//4961
f 2843//4962 992//4962 2837//4962
f 2843//4963 2837//4963 2844//4963
f 2844//4964 2837//4964 2839//4964
f 2400//4965 2672//4965 2839//4965
f 2839//4966 2672//4966 2845//4966
f 2839//4967 2845//4967 2844//4967
f 992//4968 2843//4968 994//4968
f 994//4969 2843//4969 2846//4969
f 994//4970 2846//4970 713//4970
f 713//4971 2846//4971 2847//4971
f 2847//4972 2846//4972 2848//4972
f 2847//4973 2848//4973 2849//4973
f 2849//4974 2848//4974 2850//4974
f 2849//4975 2850//4975 2491//4975
f 2491//4976 2850//4976 2672//4976
f 2672//4977 2850//4977 2845//4977
f 2848//4978 2846//4978 2843//4978
f 2848//4979 2843//4979 2844//4979
f 2850//4980 2848//4980 2844//4980
f 2850//4981 2844//4981 2845//4981
f 2491//4982 711//4982 2849//4982
f 2849//4983 711//4983 739//4983
f 2849//4984 739//4984 2847//4984
f 2847//4985 739//4985 738//4985
f 2847//4986 738//4986 713//4986
f 718//4987 737//4987 996//4987
f 996//4988 737//4988 2851//4988
f 2851//4989 737//4989 736//4989
f 2851//4990 736//4990 2852//4990
f 2852//4991 736//4991 720//4991
f 2852//4992 720//4992 2492//4992
f 2853//4993 996//4993 2851//4993
f 2853//4994 2851//4994 2854//4994
f 2854//4995 2851//4995 2852//4995
f 2854//4996 2852//4996 2855//4996
f 2855//4997 2852//4997 2492//4997
f 2492//4998 2650//4998 2855//4998
f 996//4999 2853//4999 997//4999
f 997//5000 2853//5000 2856//5000
f 2856//5001 2857//5001 2858//5001
f 2858//5002 2857//5002 2859//5002
f 2858//5003 2859//5003 2409//5003
f 2409//5004 2859//5004 2650//5004
f 2650//5005 2859//5005 2855//5005
f 2857//5006 2856//5006 2853//5006
f 2857//5007 2853//5007 2854//5007
f 2859//5008 2857//5008 2854//5008
f 2859//5009 2854//5009 2855//5009
f 997//5010 2856//5010 999//5010
f 999//5011 2856//5011 2860//5011
f 999//5012 2860//5012 1001//5012
f 1001//5013 2860//5013 2861//5013
f 1001//5014 2861//5014 1003//5014
f 1003//5015 2861//5015 2862//5015
f 1003//5016 2862//5016 1005//5016
f 1005//5016 2862//5016 2863//5016
f 1005//5017 2863//5017 1007//5017
f 1007//5018 2863//5018 2864//5018
f 2864//5019 2863//5019 2865//5019
f 2864//5020 2865//5020 2866//5020
f 2866//5021 2865//5021 2411//5021
f 2866//5022 2411//5022 2412//5022
f 2856//5023 2858//5023 2860//5023
f 2860//5024 2858//5024 2867//5024
f 2860//5025 2867//5025 2861//5025
f 2861//5026 2867//5026 2868//5026
f 2861//5027 2868//5027 2862//5027
f 2862//5028 2868//5028 2869//5028
f 2862//5029 2869//5029 2863//5029
f 2863//5030 2869//5030 2865//5030
f 2858//5031 2409//5031 2867//5031
f 2867//5032 2409//5032 2408//5032
f 2867//5033 2408//5033 2868//5033
f 2868//5034 2408//5034 2406//5034
f 2868//5035 2406//5035 2869//5035
f 2869//5036 2406//5036 2410//5036
f 2869//5037 2410//5037 2865//5037
f 2865//5038 2410//5038 2411//5038
f 2567//5039 868//5039 2870//5039
f 2870//5040 868//5040 2871//5040
f 2871//5041 868//5041 871//5041
f 2871//5042 871//5042 2872//5042
f 2872//5043 871//5043 870//5043
f 2872//5044 870//5044 869//5044
f 2872//5045 869//5045 2873//5045
f 2873//5046 869//5046 1007//5046
f 2873//5047 1007//5047 2864//5047
f 2866//5048 2874//5048 2864//5048
f 2874//5049 2866//5049 2565//5049
f 2565//5050 2866//5050 2412//5050
f 2875//5051 2565//5051 2566//5051
f 2875//5052 2566//5052 2567//5052
f 2875//5053 2567//5053 2870//5053
f 2875//5054 2870//5054 2876//5054
f 2876//5055 2870//5055 2871//5055
f 2876//5056 2871//5056 2873//5056
f 2873//5057 2871//5057 2872//5057
f 2874//5058 2565//5058 2875//5058
f 2864//5059 2874//5059 2876//5059
f 2876//5060 2874//5060 2875//5060
f 2864//5061 2876//5061 2873//5061
f 1045//5062 866//5062 2877//5062
f 2877//5063 866//5063 2878//5063
f 2878//5064 866//5064 867//5064
f 2878//5065 867//5065 2879//5065
f 2879//5066 867//5066 865//5066
f 2879//5067 865//5067 2538//5067
f 2879//5068 2538//5068 2880//5068
f 2880//5069 2538//5069 2536//5069
f 2880//5070 2536//5070 2881//5070
f 2880//5071 2881//5071 2882//5071
f 2880//5072 2882//5072 2883//5072
f 2883//5073 2882//5073 2884//5073
f 2884//5074 2882//5074 2885//5074
f 2884//5075 2885//5075 1045//5075
f 1045//5076 2885//5076 1046//5076
f 1046//5077 2885//5077 2886//5077
f 2886//5078 2885//5078 2882//5078
f 2536//5079 2379//5079 2881//5079
f 2881//5080 2379//5080 2887//5080
f 2881//5081 2887//5081 2882//5081
f 2882//5082 2887//5082 2886//5082
f 2884//5083 1045//5083 2877//5083
f 2884//5084 2877//5084 2883//5084
f 2883//5085 2877//5085 2878//5085
f 2883//5086 2878//5086 2880//5086
f 2880//5087 2878//5087 2879//5087
f 1048//5088 1046//5088 2888//5088
f 2888//5089 1046//5089 2886//5089
f 2888//5090 2886//5090 2889//5090
f 2889//5091 2886//5091 2887//5091
f 2889//5092 2887//5092 2890//5092
f 2890//5093 2887//5093 2379//5093
f 2890//5094 2379//5094 2378//5094
f 2890//5095 2378//5095 2891//5095
f 2891//5096 2378//5096 2377//5096
f 2891//5097 2377//5097 2892//5097
f 2891//5098 2892//5098 2893//5098
f 2893//5099 2892//5099 2894//5099
f 2893//5100 2894//5100 2895//5100
f 2895//5101 2894//5101 1052//5101
f 2895//5102 1052//5102 1050//5102
f 2895//5103 1050//5103 2896//5103
f 2896//5104 1050//5104 1048//5104
f 2896//5105 1048//5105 2888//5105
f 2896//5106 2888//5106 2897//5106
f 2897//5107 2888//5107 2889//5107
f 2897//5108 2889//5108 2891//5108
f 2891//5109 2889//5109 2890//5109
f 2895//5110 2896//5110 2893//5110
f 2893//5111 2896//5111 2897//5111
f 2893//5112 2897//5112 2891//5112
f 1052//5113 2894//5113 1095//5113
f 309//5114 307//5114 2898//5114
f 2898//5114 307//5114 450//5114
f 2898//5114 450//5114 2899//5114
f 2899//5114 450//5114 447//5114
f 2899//5114 447//5114 444//5114
f 2899//5114 444//5114 2900//5114
f 2900//5114 444//5114 442//5114
f 2900//5114 442//5114 2901//5114
f 2901//5114 442//5114 439//5114
f 2901//5114 439//5114 437//5114
f 2901//5114 437//5114 2902//5114
f 2902//5114 437//5114 434//5114
f 2902//5114 434//5114 2903//5114
f 2903//5114 434//5114 431//5114
f 2903//5114 431//5114 429//5114
f 2903//5114 429//5114 2904//5114
f 2904//5114 429//5114 426//5114
f 2904//5114 426//5114 423//5114
f 2904//5114 423//5114 2905//5114
f 2905//5114 423//5114 452//5114
f 2905//5114 452//5114 2906//5114
f 2906//5114 452//5114 418//5114
f 2906//5114 418//5114 415//5114
f 2906//5114 415//5114 2907//5114
f 2907//5114 415//5114 180//5114
f 2907//5114 180//5114 2908//5114
f 2908//5114 180//5114 178//5114
f 2908//5114 178//5114 176//5114
f 2908//5114 176//5114 2909//5114
f 2909//5114 176//5114 414//5114
f 2909//5114 414//5114 410//5114
f 2909//5114 410//5114 2910//5114
f 2910//5114 410//5114 406//5114
f 2910//5114 406//5114 2911//5114
f 2911//5114 406//5114 399//5114
f 2911//5114 399//5114 397//5114
f 2911//5114 397//5114 2912//5114
f 2912//5114 397//5114 392//5114
f 2912//5114 392//5114 385//5114
f 2912//5114 385//5114 2913//5114
f 2913//5114 385//5114 383//5114
f 2913//5114 383//5114 2914//5114
f 2914//5114 383//5114 378//5114
f 2914//5114 378//5114 373//5114
f 2914//5114 373//5114 2915//5114
f 2915//5114 373//5114 364//5114
f 2915//5114 364//5114 2916//5114
f 2916//5114 364//5114 220//5114
f 2916//5114 220//5114 219//5114
f 2916//5114 219//5114 2917//5114
f 2917//5114 219//5114 361//5114
f 2917//5114 361//5114 356//5114
f 2917//5114 356//5114 2918//5114
f 2918//5114 356//5114 352//5114
f 2918//5114 352//5114 2919//5114
f 2919//5114 352//5114 345//5114
f 2919//5114 345//5114 343//5114
f 2919//5114 343//5114 2920//5114
f 2920//5114 343//5114 338//5114
f 2920//5114 338//5114 2921//5114
f 2921//5114 338//5114 331//5114
f 2921//5114 331//5114 329//5114
f 2921//5114 329//5114 2922//5114
f 2922//5114 329//5114 232//5114
f 2922//5114 232//5114 233//5114
f 2922//5114 233//5114 2923//5114
f 2923//5114 233//5114 235//5114
f 2923//5114 235//5114 2924//5114
f 2924//5114 235//5114 327//5114
f 2924//5114 327//5114 323//5114
f 2924//5114 323//5114 2925//5114
f 2925//5114 323//5114 62//5114
f 2925//5114 62//5114 63//5114
f 2925//5114 63//5114 2926//5114
f 2926//5114 63//5114 321//5114
f 2926//5114 321//5114 2927//5114
f 2927//5114 321//5114 320//5114
f 2927//5114 320//5114 312//5114
f 2927//5114 312//5114 2928//5114
f 2928//5114 312//5114 309//5114
f 2928//5114 309//5114 2898//5114
f 2929//5114 2930//5114 2931//5114
f 2931//5114 2930//5114 2932//5114
f 2932//5114 2930//5114 2933//5114
f 2932//5114 2933//5114 2934//5114
f 2934//5114 2933//5114 2935//5114
f 2934//5114 2935//5114 2936//5114
f 2936//5114 2935//5114 2937//5114
f 2936//5114 2937//5114 2938//5114
f 2938//5114 2937//5114 2939//5114
f 2939//5114 2937//5114 2940//5114
f 2940//5114 2937//5114 2941//5114
f 2941//5114 2937//5114 2942//5114
f 2942//5114 2937//5114 2943//5114
f 2943//5114 2937//5114 2944//5114
f 2944//5114 2937//5114 2945//5114
f 2945//5114 2937//5114 2946//5114
f 2946//5114 2937//5114 2947//5114
f 2947//5114 2937//5114 2948//5114
f 2948//5114 2937//5114 2949//5114
f 2949//5114 2937//5114 2950//5114
f 2950//5114 2937//5114 2951//5114
f 2950//5114 2951//5114 2952//5114
f 2952//5114 2951//5114 2953//5114
f 2953//5114 2951//5114 2954//5114
f 2954//5114 2951//5114 2955//5114
f 2955//5114 2951//5114 2956//5114
f 2955//5114 2956//5114 2957//5114
f 2957//5114 2956//5114 2958//5114
f 2957//5114 2958//5114 2959//5114
f 2931//5115 2901//5115 2929//5115
f 2929//5116 2901//5116 2902//5116
f 2929//5116 2902//5116 2930//5116
f 2930//5117 2902//5117 2903//5117
f 2930//5117 2903//5117 2933//5117
f 2933//5118 2903//5118 2904//5118
f 2933//5118 2904//5118 2935//5118
f 2935//5119 2904//5119 2905//5119
f 2935//5119 2905//5119 2937//5119
f 2937//5120 2905//5120 2906//5120
f 2937//5120 2906//5120 2951//5120
f 2951//5121 2906//5121 2907//5121
f 2951//5121 2907//5121 2956//5121
f 2956//5122 2907//5122 2908//5122
f 2956//5122 2908//5122 2958//5122
f 2958//5123 2908//5123 2909//5123
f 2958//5123 2909//5123 2959//5123
f 2959//5124 2909//5124 2910//5124
f 2959//5124 2910//5124 2957//5124
f 2957//5125 2910//5125 2911//5125
f 2957//5125 2911//5125 2955//5125
f 2955//5126 2911//5126 2912//5126
f 2955//5126 2912//5126 2954//5126
f 2954//5127 2912//5127 2913//5127
f 2954//5127 2913//5127 2953//5127
f 2953//5128 2913//5128 2914//5128
f 2953//5128 2914//5128 2952//5128
f 2952//5129 2914//5129 2915//5129
f 2952//5129 2915//5129 2950//5129
f 2950//5130 2915//5130 2916//5130
f 2950//5130 2916//5130 2949//5130
f 2949//1 2916//1 2917//1
f 2949//1 2917//1 2948//1
f 2948//5131 2917//5131 2918//5131
f 2948//5131 2918//5131 2947//5131
f 2947//5132 2918//5132 2919//5132
f 2947//5132 2919//5132 2946//5132
f 2946//5133 2919//5133 2920//5133
f 2946//5133 2920//5133 2945//5133
f 2945//5134 2920//5134 2921//5134
f 2945//5134 2921//5134 2944//5134
f 2944//5135 2921//5135 2922//5135
f 2944//5135 2922//5135 2943//5135
f 2943//5136 2922//5136 2923//5136
f 2943//5136 2923//5136 2942//5136
f 2942//5137 2923//5137 2924//5137
f 2942//5137 2924//5137 2941//5137
f 2941//5138 2924//5138 2925//5138
f 2941//5138 2925//5138 2940//5138
f 2940//5139 2925//5139 2926//5139
f 2940//5139 2926//5139 2939//5139
f 2939//5140 2926//5140 2927//5140
f 2939//5140 2927//5140 2938//5140
f 2938//5141 2927//5141 2928//5141
f 2938//5141 2928//5141 2936//5141
f 2936//5142 2928//5142 2898//5142
f 2936//5142 2898//5142 2934//5142
f 2934//5143 2898//5143 2899//5143
f 2934//5143 2899//5143 2932//5143
f 2932//5144 2899//5144 2900//5144
f 2932//5144 2900//5144 2931//5144
f 2931//5115 2900//5115 2901//5115
f 2485//1069 2960//1069 2486//1069
f 2486//1069 2960//1069 2961//1069
f 2486//5145 2961//5145 1026//5145
f 1026//5146 2961//5146 2962//5146
f 1026//5147 2962//5147 1024//5147
f 1024//5148 2962//5148 2963//5148
f 1024//5149 2963//5149 2964//5149
f 1024//1113 2964//1113 1023//1113
f 1023//1069 2964//1069 2965//1069
f 1023//1069 2965//1069 2489//1069
f 2489//1069 2965//1069 2966//1069
f 2489//1069 2966//1069 2467//1069
f 2467//1069 2966//1069 2967//1069
f 2467//1069 2967//1069 2469//1069
f 2469//1069 2967//1069 2471//1069
f 2471//1069 2967//1069 2968//1069
f 2471//1069 2968//1069 2473//1069
f 2473//1069 2968//1069 2969//1069
f 2473//1069 2969//1069 2475//1069
f 2475//1069 2969//1069 2477//1069
f 2477//1069 2969//1069 2479//1069
f 2479//1069 2969//1069 2970//1069
f 2479//1069 2970//1069 2481//1069
f 2481//1069 2970//1069 2971//1069
f 2481//1069 2971//1069 2483//1069
f 2483//1069 2971//1069 2485//1069
f 2485//1069 2971//1069 2960//1069
f 2489//1069 2754//1069 1023//1069
f 1023//1069 2754//1069 2752//1069
f 2751//5150 2750//5150 1026//5150
f 1026//5151 2750//5151 2486//5151
f 952//1069 2972//1069 1041//1069
f 1041//1069 2972//1069 2973//1069
f 1041//1069 2973//1069 2611//1069
f 1041//1069 2611//1069 2615//1069
f 1041//5152 2615//5152 1040//5152
f 1040//5153 2615//5153 2720//5153
f 2720//1150 2615//1150 2722//1150
f 2972//1069 952//1069 2974//1069
f 2974//1069 952//1069 2975//1069
f 2975//1069 952//1069 2976//1069
f 2976//1069 952//1069 950//1069
f 2976//1069 950//1069 2977//1069
f 2977//1069 950//1069 2573//1069
f 2977//1069 2573//1069 2978//1069
f 2978//1069 2573//1069 2589//1069
f 2978//1069 2589//1069 2979//1069
f 2979//1069 2589//1069 2591//1069
f 2979//1069 2591//1069 2593//1069
f 2573//4061 950//4061 2574//4061
f 2574//5154 950//5154 937//5154
f 2574//5155 937//5155 2717//5155
f 2979//1069 2593//1069 2980//1069
f 2980//1069 2593//1069 2595//1069
f 2980//1069 2595//1069 2597//1069
f 2980//1069 2597//1069 2981//1069
f 2981//1069 2597//1069 2599//1069
f 2981//1069 2599//1069 2601//1069
f 2981//1069 2601//1069 2982//1069
f 2982//1069 2601//1069 2603//1069
f 2982//1069 2603//1069 2605//1069
f 2982//1069 2605//1069 2983//1069
f 2983//1069 2605//1069 2607//1069
f 2983//1069 2607//1069 2609//1069
f 2983//1069 2609//1069 2984//1069
f 2984//1069 2609//1069 2611//1069
f 2984//1069 2611//1069 2973//1069
f 906//5156 888//5156 935//5156
f 935//5157 888//5157 890//5157
f 935//5158 890//5158 934//5158
f 934//5159 890//5159 892//5159
f 934//5160 892//5160 932//5160
f 932//5161 892//5161 895//5161
f 932//5162 895//5162 931//5162
f 931//5163 895//5163 897//5163
f 931//5164 897//5164 926//5164
f 926//5165 897//5165 900//5165
f 926//5166 900//5166 924//5166
f 924//5167 900//5167 902//5167
f 924//5168 902//5168 921//5168
f 921//5169 902//5169 874//5169
f 921//5170 874//5170 918//5170
f 918//5171 874//5171 876//5171
f 918//5172 876//5172 915//5172
f 915//5173 876//5173 878//5173
f 915//5174 878//5174 912//5174
f 912//5175 878//5175 880//5175
f 912//5176 880//5176 909//5176
f 909//5177 880//5177 883//5177
f 909//5178 883//5178 904//5178
f 904//5179 883//5179 885//5179
f 904//5180 885//5180 906//5180
f 906//5181 885//5181 888//5181
f 809//5182 837//5182 807//5182
f 807//5182 837//5182 846//5182
f 807//5183 846//5183 835//5183
f 835//5183 846//5183 849//5183
f 835//5184 849//5184 833//5184
f 833//5184 849//5184 852//5184
f 833//5185 852//5185 830//5185
f 830//5185 852//5185 855//5185
f 830//5186 855//5186 828//5186
f 828//5186 855//5186 858//5186
f 828//5187 858//5187 825//5187
f 825//5187 858//5187 861//5187
f 825//5188 861//5188 823//5188
f 823//5188 861//5188 863//5188
f 823//5189 863//5189 821//5189
f 821//5189 863//5189 845//5189
f 821//5190 845//5190 818//5190
f 818//5190 845//5190 844//5190
f 818//5191 844//5191 816//5191
f 816//5191 844//5191 843//5191
f 816//5192 843//5192 813//5192
f 813//5192 843//5192 841//5192
f 813//5193 841//5193 811//5193
f 811//5193 841//5193 839//5193
f 811//5194 839//5194 809//5194
f 809//5194 839//5194 837//5194
f 2984//5195 2121//5195 2983//5195
f 2983//5157 2121//5157 2123//5157
f 2983//5196 2123//5196 2982//5196
f 2982//5197 2123//5197 2125//5197
f 2982//5198 2125//5198 2981//5198
f 2981//5199 2125//5199 2128//5199
f 2981//5200 2128//5200 2980//5200
f 2980//5201 2128//5201 2130//5201
f 2980//5202 2130//5202 2979//5202
f 2979//5203 2130//5203 2133//5203
f 2979//5204 2133//5204 2978//5204
f 2978//5205 2133//5205 2135//5205
f 2978//5206 2135//5206 2977//5206
f 2977//5207 2135//5207 2107//5207
f 2977//5170 2107//5170 2976//5170
f 2976//5208 2107//5208 2109//5208
f 2976//5209 2109//5209 2975//5209
f 2975//5210 2109//5210 2111//5210
f 2975//5211 2111//5211 2974//5211
f 2974//5212 2111//5212 2113//5212
f 2974//5213 2113//5213 2972//5213
f 2972//5214 2113//5214 2116//5214
f 2972//5215 2116//5215 2973//5215
f 2973//5216 2116//5216 2118//5216
f 2973//5217 2118//5217 2984//5217
f 2984//5218 2118//5218 2121//5218
f 800//5156 756//5156 798//5156
f 798//5157 756//5157 758//5157
f 798//5158 758//5158 794//5158
f 794//5159 758//5159 760//5159
f 794//5219 760//5219 792//5219
f 792//5199 760//5199 763//5199
f 792//5220 763//5220 789//5220
f 789//5221 763//5221 765//5221
f 789//5222 765//5222 786//5222
f 786//5223 765//5223 768//5223
f 786//5204 768//5204 783//5204
f 783//5224 768//5224 770//5224
f 783//5168 770//5168 780//5168
f 780//5169 770//5169 742//5169
f 780//5170 742//5170 777//5170
f 777//5171 742//5171 744//5171
f 777//5172 744//5172 772//5172
f 772//5225 744//5225 746//5225
f 772//5211 746//5211 774//5211
f 774//5226 746//5226 748//5226
f 774//5213 748//5213 803//5213
f 803//5214 748//5214 751//5214
f 803//5227 751//5227 801//5227
f 801//5216 751//5216 753//5216
f 801//5228 753//5228 800//5228
f 800//5181 753//5181 756//5181
f 607//5229 495//5229 2960//5229
f 2960//5230 495//5230 496//5230
f 2960//5231 496//5231 2961//5231
f 2961//5232 496//5232 498//5232
f 2961//5233 498//5233 2962//5233
f 2962//5234 498//5234 499//5234
f 2962//5235 499//5235 2963//5235
f 2963//5236 499//5236 500//5236
f 2963//5237 500//5237 502//5237
f 2963//5238 502//5238 2964//5238
f 2964//5239 502//5239 503//5239
f 2964//5240 503//5240 2965//5240
f 2965//5241 503//5241 504//5241
f 2965//5242 504//5242 505//5242
f 2965//5243 505//5243 2966//5243
f 2966//5244 505//5244 506//5244
f 2966//5245 506//5245 2967//5245
f 2967//5246 506//5246 508//5246
f 2967//5247 508//5247 509//5247
f 2967//5248 509//5248 2968//5248
f 2968//5249 509//5249 612//5249
f 2968//5250 612//5250 2969//5250
f 2969//5251 612//5251 611//5251
f 2969//5252 611//5252 609//5252
f 2969//5253 609//5253 2970//5253
f 609//5254 608//5254 2970//5254
f 2970//5255 608//5255 2971//5255
f 2971//5256 608//5256 607//5256
f 2971//5257 607//5257 2960//5257
f 573//5258 574//5258 721//5258
f 721//5259 574//5259 575//5259
f 721//5260 575//5260 723//5260
f 723//5261 575//5261 576//5261
f 723//5262 576//5262 726//5262
f 726//5263 576//5263 577//5263
f 577//5264 579//5264 726//5264
f 726//5265 579//5265 728//5265
f 579//5266 580//5266 728//5266
f 728//5267 580//5267 732//5267
f 732//5268 580//5268 581//5268
f 732//5269 581//5269 734//5269
f 734//5270 581//5270 564//5270
f 734//5271 564//5271 710//5271
f 710//5272 564//5272 563//5272
f 710//5273 563//5273 566//5273
f 710//5274 566//5274 712//5274
f 712//5275 566//5275 615//5275
f 712//5276 615//5276 714//5276
f 714//5277 615//5277 614//5277
f 714//5278 614//5278 716//5278
f 716//5279 614//5279 568//5279
f 716//5280 568//5280 613//5280
f 716//5281 613//5281 717//5281
f 717//5282 613//5282 571//5282
f 717//5283 571//5283 719//5283
f 719//5284 571//5284 572//5284
f 719//5285 572//5285 573//5285
f 719//5286 573//5286 721//5286
f 948//5287 2985//5287 2986//5287
f 948//5288 2986//5288 949//5288
f 949//5289 2986//5289 2987//5289
f 949//5290 2987//5290 1095//5290
f 1095//1 2987//1 2988//1
f 1095//1 2988//1 2989//1
f 2985//5291 948//5291 1091//5291
f 1095//1 2989//1 2990//1
f 1095//5292 2990//5292 1093//5292
f 949//5293 1095//5293 2697//5293
f 2697//5290 1095//5290 2894//5290
f 2697//5294 2894//5294 2698//5294
f 2698//5295 2894//5295 2892//5295
f 2698//5296 2892//5296 2374//5296
f 2374//5297 2892//5297 2377//5297
f 1//5298 1108//5298 2991//5298
f 2991//5189 1108//5189 1106//5189
f 2991//5299 1106//5299 2992//5299
f 2992//5300 1106//5300 1093//5300
f 2992//5301 1093//5301 2993//5301
f 1093//5302 2994//5302 2993//5302
f 2994//5303 2995//5303 2993//5303
f 2996//5189 1090//5189 2997//5189
f 2997//5189 1090//5189 1126//5189
f 2997//5189 1126//5189 2998//5189
f 2998//5189 1126//5189 1124//5189
f 2998//5189 1124//5189 2999//5189
f 2999//5189 1124//5189 1122//5189
f 2999//5189 1122//5189 3000//5189
f 3000//5189 1122//5189 1120//5189
f 3000//5189 1120//5189 3001//5189
f 3001//5189 1120//5189 3002//5189
f 3002//5189 1120//5189 1118//5189
f 3002//5189 1118//5189 3003//5189
f 3003//5189 1118//5189 1116//5189
f 3003//5189 1116//5189 3004//5189
f 3004//5189 1116//5189 1081//5189
f 3004//5189 1081//5189 3005//5189
f 3005//5189 1081//5189 1079//5189
f 3005//5189 1079//5189 3006//5189
f 3006//5189 1079//5189 1078//5189
f 3006//5189 1078//5189 13//5189
f 1090//5189 2996//5189 1088//5189
f 1088//5189 2996//5189 3007//5189
f 1088//5189 3007//5189 1083//5189
f 1083//5189 3007//5189 21//5189
f 3011//5302 3012//5302 3010//5302
f 3010//5304 3012//5304 1091//5304
f 3010//5300 1091//5300 3009//5300
f 3009//5189 1091//5189 1101//5189
f 3009//5298 1101//5298 3008//5298
f 3008//5189 1101//5189 1096//5189
f 3008//5305 1096//5305 26//5305
