# Blender 4.0.2
# www.blender.org
o sick_tim551
v -0.000525 0.031756 -0.066058
v 0.003083 -0.032320 -0.066058
v 0.000238 -0.031557 -0.066058
v -0.001641 -0.032878 -0.066058
v 0.003673 -0.036234 -0.066057
v 0.019677 -0.032170 -0.066057
v 0.025000 -0.040003 -0.066058
v 0.000104 -0.037461 -0.066058
v -0.025000 -0.040003 -0.066058
v -0.017730 -0.034489 -0.066058
v -0.001981 -0.035365 -0.066058
v -0.002041 0.035696 -0.066059
v -0.025000 0.039997 -0.066058
v 0.001657 0.037460 -0.066058
v 0.004427 0.034598 -0.066058
v -0.001784 0.032431 -0.063048
v 0.001993 0.031408 -0.065649
v -0.020000 0.032247 -0.066058
v -0.022401 -0.033573 -0.066058
v -0.019462 -0.032397 -0.066058
v -0.020386 -0.036867 -0.065556
v -0.018295 0.033025 -0.066058
v -0.018987 0.036627 -0.066068
v -0.022337 0.034591 -0.066088
v -0.020015 0.032022 -0.063063
v 0.022326 -0.034493 -0.066082
v 0.018381 -0.036190 -0.066057
v 0.019462 0.032391 -0.066058
v 0.021862 0.033322 -0.066058
v 0.025000 0.039997 -0.066058
v 0.021748 0.035821 -0.066056
v 0.019462 0.036403 -0.066058
v 0.018066 0.034128 -0.066058
v 0.002525 -0.031762 -0.063058
v 0.004063 -0.033746 -0.063058
v 0.003269 -0.036617 -0.063058
v -0.000080 -0.037368 -0.063058
v -0.002095 -0.035125 -0.063058
v -0.001083 -0.032320 -0.063058
v 0.001962 0.037378 -0.063058
v 0.004157 0.033876 -0.063087
v 0.002525 0.031756 -0.063058
v -0.001326 0.036584 -0.063058
v 0.021197 -0.036256 -0.063054
v 0.022247 -0.033426 -0.063056
v 0.018198 -0.033121 -0.063058
v 0.018138 -0.035478 -0.063058
v 0.018925 0.032535 -0.063058
v 0.022048 0.033011 -0.063058
v 0.020199 0.036650 -0.063058
v 0.017684 0.034749 -0.063058
v -0.017747 0.034536 -0.063058
v -0.019379 0.036582 -0.063058
v -0.021807 0.035805 -0.063059
v -0.021862 0.033322 -0.063058
v -0.019598 -0.036614 -0.063058
v -0.017561 -0.034584 -0.063058
v -0.020000 -0.032253 -0.063058
v -0.022150 -0.034403 -0.063058
v 0.025000 -0.040003 -0.063058
v 0.025000 0.039997 -0.063058
v -0.025000 0.039997 -0.063058
v -0.025000 -0.040003 -0.063058
v -0.041756 -0.010911 -0.054049
v -0.047280 -0.008691 -0.052158
v -0.046096 -0.007895 -0.052900
v -0.042281 -0.009503 -0.055500
v -0.046732 -0.013241 -0.057764
v -0.037528 0.012092 -0.050877
v -0.037184 0.012771 -0.054475
v -0.037048 0.010373 -0.054777
v -0.037532 0.007301 -0.057760
v -0.037763 0.007952 -0.054898
v -0.038024 0.006012 -0.055032
v -0.037080 0.013972 -0.057031
v -0.038143 0.010378 -0.059228
v -0.046964 -0.009085 -0.055634
v -0.047095 -0.013106 -0.052330
v -0.047172 -0.010130 -0.053520
v -0.047084 -0.011368 -0.054631
v -0.037875 0.014392 -0.053469
v -0.037037 0.008116 -0.052803
v -0.038173 0.007940 -0.051183
v -0.045238 0.008248 -0.052779
v -0.037822 0.006926 -0.052235
v -0.047348 -0.010717 -0.050537
v -0.047449 -0.014400 -0.054303
v -0.038588 -0.013791 -0.053351
v -0.047292 0.007189 -0.051388
v -0.047514 -0.007356 -0.052169
v -0.047344 -0.009242 -0.058908
v -0.047295 -0.006181 -0.055107
v -0.046582 0.006089 -0.054098
v -0.046623 0.010180 -0.050541
v -0.046711 0.013516 -0.051826
v -0.046615 0.014464 -0.055544
v -0.046596 0.013134 -0.057979
v -0.046684 0.010336 -0.059071
v -0.046770 0.007018 -0.057690
v -0.038525 -0.007070 -0.052857
v -0.038117 -0.008477 -0.051729
v -0.038458 -0.010160 -0.050656
v -0.038617 -0.013357 -0.051980
v -0.038858 -0.006255 -0.054505
v -0.045001 0.010491 -0.048824
v -0.044967 0.013221 -0.049725
v -0.044393 0.016233 -0.055354
v -0.045392 0.014827 -0.058574
v -0.044193 0.011041 -0.060836
v -0.044543 0.007874 -0.060243
v -0.044380 0.004856 -0.057596
v -0.044702 0.004551 -0.053459
v -0.038780 -0.014370 -0.055340
v -0.038237 -0.012998 -0.057849
v -0.038604 -0.009669 -0.059009
v -0.038621 -0.006698 -0.056844
v -0.043665 0.015688 -0.051856
v -0.044000 0.006279 -0.050138
v -0.038845 -0.005865 -0.058032
v -0.038660 -0.013472 -0.059423
v -0.038911 -0.008789 -0.060070
v -0.038950 -0.010255 -0.049315
v -0.038888 -0.006614 -0.050599
v -0.038803 -0.014315 -0.050819
v -0.038787 -0.015843 -0.055422
v -0.038744 -0.004717 -0.054529
v -0.045238 -0.015114 -0.052059
v -0.045268 -0.015677 -0.055596
v -0.045132 -0.011566 -0.049370
v -0.045263 -0.007587 -0.050028
v -0.044944 -0.005750 -0.051889
v -0.045205 -0.004878 -0.056162
v -0.045284 -0.009127 -0.060467
v -0.045218 -0.014449 -0.058352
v -0.045407 -0.011543 -0.061975
v -0.045417 -0.003648 -0.052211
v -0.045408 -0.011859 -0.047865
v -0.045416 -0.014598 -0.049022
v -0.037384 0.007616 -0.060393
v -0.036226 0.011914 -0.060597
v -0.036445 0.014843 -0.058648
v -0.037789 0.016352 -0.056188
v -0.037516 0.015870 -0.052394
v -0.036187 0.013837 -0.050088
v -0.037587 0.011722 -0.048942
v -0.037658 0.008729 -0.048891
v -0.037491 0.005695 -0.050839
v -0.037615 0.004232 -0.054002
v -0.037718 0.004813 -0.057461
v -0.045385 -0.007258 -0.061270
v -0.045395 -0.004668 -0.059206
v -0.045376 -0.003440 -0.056625
v -0.045392 -0.016871 -0.051913
v -0.045385 -0.009188 -0.047711
v -0.045365 -0.015445 -0.059680
v -0.045362 -0.017360 -0.056515
v -0.045177 -0.005912 -0.049117
v -0.033912 -0.003246 -0.053659
v -0.032528 -0.008512 -0.061574
v -0.033597 -0.011527 -0.061765
v -0.033070 -0.003669 -0.057246
v -0.034374 -0.005303 -0.049647
v -0.033134 -0.008098 -0.048053
v -0.033514 -0.012326 -0.047977
v -0.036855 -0.014974 -0.049309
v -0.033387 -0.016683 -0.051859
v -0.033879 -0.017470 -0.055444
v -0.036241 -0.015131 -0.060194
v -0.033211 -0.005775 -0.060263
v -0.036173 0.015518 -0.050527
v -0.036077 0.011204 -0.048158
v -0.036097 0.003999 -0.053100
v -0.035975 0.005088 -0.056639
v -0.035656 0.011114 -0.061889
v -0.027239 0.005624 -0.047997
v -0.028288 -0.003075 -0.046948
v -0.016594 0.003634 -0.058642
v -0.020418 0.008695 -0.054849
v -0.024836 -0.008200 -0.050403
v -0.020679 -0.008416 -0.054536
v -0.016823 -0.004216 -0.058414
v -0.021731 -0.008554 -0.056153
v -0.034004 0.015880 -0.058892
v -0.035992 0.017114 -0.054677
v -0.036001 0.006415 -0.048951
v -0.035993 0.004342 -0.058524
v -0.032106 -0.017906 -0.051537
v -0.032458 -0.016856 -0.058122
v -0.033009 0.017172 -0.055328
v -0.032136 0.017346 -0.060303
v -0.031791 0.018839 -0.048747
v -0.032530 0.015960 -0.049939
v -0.032194 0.013214 -0.047155
v -0.031757 -0.018845 -0.048798
v -0.031927 -0.014805 -0.047835
v -0.029232 -0.003981 -0.048718
v -0.029535 0.003799 -0.048405
v -0.025958 0.008010 -0.051861
v -0.021505 0.008349 -0.056334
v -0.018473 0.004788 -0.059449
v -0.017439 0.000116 -0.060455
v -0.017940 -0.003788 -0.059955
v -0.026125 -0.008245 -0.051620
v -0.032005 -0.001977 -0.056246
v -0.031993 -0.005316 -0.062004
v -0.032106 -0.009021 -0.046727
v -0.031991 -0.001398 -0.046303
v -0.032131 -0.004298 -0.049698
v -0.031994 0.006321 -0.046572
v -0.032875 0.008421 -0.047961
v -0.032018 0.001401 -0.054040
v -0.032786 0.005413 -0.060139
v -0.032968 0.003402 -0.052941
v -0.031993 0.005462 -0.062088
v -0.033082 0.011486 -0.061601
v -0.031695 -0.018847 -0.062437
v -0.022961 -0.018849 -0.056817
v -0.016949 -0.012246 -0.062272
v -0.016253 0.006246 -0.062280
v -0.024063 0.018847 -0.055660
v -0.017030 0.012707 -0.062268
v -0.018008 0.018843 -0.062578
v -0.018019 -0.018841 -0.062584
v -0.032468 -0.013821 -0.061496
v -0.031719 0.018848 -0.062369
v -0.016466 -0.004760 -0.062585
v -0.031292 -0.018150 -0.062587
v -0.031296 0.018150 -0.062583
v -0.001566 -0.022936 -0.063027
v 0.000728 -0.025772 -0.060035
v -0.002353 -0.026507 -0.063058
v 0.001005 -0.029145 -0.063010
v 0.004353 -0.026507 -0.063058
v 0.003141 -0.022469 -0.063008
v -0.004182 -0.036163 -0.063061
v -0.001209 -0.033858 -0.063058
v 0.000891 -0.037958 -0.063113
v 0.006197 -0.021014 -0.063057
v 0.006183 -0.036028 -0.063060
v 0.003267 -0.034529 -0.063066
v -0.004194 -0.021008 -0.063057
v 0.000915 -0.032195 -0.063058
v 0.002500 -0.032485 -0.060056
v 0.002769 -0.035855 -0.060060
v -0.000649 -0.037583 -0.060065
v -0.000763 -0.033039 -0.060058
v 0.006199 -0.035457 -0.060058
v 0.006195 -0.021009 -0.060058
v -0.004198 -0.035460 -0.060058
v 0.002866 -0.038045 -0.060031
v -0.004198 -0.021019 -0.060058
v 0.000355 -0.023800 -0.060051
v 0.000439 0.029322 -0.063049
v 0.000850 0.026549 -0.060053
v -0.002330 0.026497 -0.063058
v -0.001872 0.023196 -0.063042
v 0.000869 0.024568 -0.060082
v 0.001000 0.021977 -0.063058
v 0.004193 0.023409 -0.063014
v 0.004034 0.027594 -0.063054
v -0.004197 0.035811 -0.060058
v -0.001501 0.037309 -0.063077
v -0.004199 0.035283 -0.063058
v 0.006199 0.035257 -0.060058
v 0.006199 0.035462 -0.063058
v 0.003124 0.037441 -0.060097
v 0.006194 0.021004 -0.063057
v 0.003266 0.034382 -0.063058
v 0.002620 0.037599 -0.063067
v 0.000335 0.032146 -0.063059
v -0.004198 0.021009 -0.063056
v -0.000333 0.037708 -0.060047
v 0.002611 0.032450 -0.060057
v -0.000718 0.032907 -0.060057
v -0.004195 0.021007 -0.060058
v 0.006197 0.021011 -0.060058
v 0.000505 -0.024586 -0.059853
v -0.000880 -0.027430 -0.062491
v 0.001607 -0.025758 -0.057784
v 0.002870 -0.027099 -0.062337
v -0.000612 -0.022499 -0.062648
v 0.004177 -0.024300 -0.062734
v 0.001264 0.025077 -0.057436
v 0.000715 0.026861 -0.060112
v -0.000887 0.023617 -0.062550
v 0.003297 0.024207 -0.062564
v -0.000899 0.028106 -0.062619
v 0.009502 -0.029700 -0.036256
v -0.007498 -0.029700 -0.036256
v 0.009502 -0.029701 -0.042747
v -0.007498 -0.029700 -0.042747
v 0.020401 -0.030700 -0.034851
v 0.020401 -0.030700 -0.033851
v -0.018397 -0.030700 -0.034851
v -0.018397 -0.030700 -0.033851
v -0.018357 -0.029702 -0.035184
v -0.015158 -0.029695 -0.040312
v -0.018524 -0.029695 -0.045114
v 0.020461 -0.030200 -0.035352
v -0.018401 -0.030200 -0.035351
v -0.018397 -0.029200 -0.033851
v -0.015735 -0.029206 -0.037809
v -0.018452 -0.030200 -0.045151
v 0.009502 -0.030200 -0.042747
v 0.009502 -0.030200 -0.036256
v -0.007498 -0.030200 -0.042747
v -0.007498 -0.030200 -0.036256
v 0.020452 -0.029199 -0.033852
v -0.017447 -0.029114 -0.044841
v 0.006902 -0.029000 -0.043851
v -0.004898 -0.029200 -0.043851
v -0.007548 -0.028930 -0.042642
v 0.006902 -0.028900 -0.036045
v 0.006902 -0.029200 -0.035351
v 0.012744 -0.028905 -0.039188
v 0.006902 -0.028900 -0.043158
v 0.012004 -0.029198 -0.040727
v -0.005812 -0.028905 -0.035593
v -0.004898 -0.029200 -0.035351
v -0.010076 -0.029205 -0.039371
v -0.011444 -0.030158 -0.040476
v 0.016354 -0.030147 -0.038228
v 0.020468 -0.030200 -0.045151
v -0.014049 -0.030135 -0.038493
v 0.013340 -0.030138 -0.040248
v 0.014702 -0.029200 -0.045151
v 0.019602 -0.029200 -0.044301
v 0.016732 -0.029193 -0.038412
v -0.012698 -0.029200 -0.045151
v -0.012622 -0.028078 -0.039075
v 0.014537 -0.028887 -0.038972
v 0.001143 -0.026374 -0.060045
v 0.000778 -0.025859 -0.056801
v -0.012855 -0.028904 -0.039924
v 0.019602 -0.028900 -0.044301
v 0.020658 -0.030200 -0.033659
v 0.020635 -0.028900 -0.033682
v 0.020635 -0.028900 -0.045346
v 0.020659 -0.030211 -0.045369
v -0.017818 -0.006170 -0.057418
v -0.028475 -0.001466 -0.046761
v -0.027609 0.004560 -0.047626
v -0.021466 -0.008670 -0.053770
v -0.028048 -0.006518 -0.049723
v -0.025858 -0.007473 -0.049374
v -0.016064 0.000580 -0.059172
v -0.023666 0.008659 -0.051566
v -0.018971 0.007394 -0.056259
v -0.018631 -0.028900 -0.045346
v -0.018631 -0.028900 -0.033682
v 0.022485 -0.030043 -0.033678
v -0.017448 0.000897 -0.060328
v -0.018210 -0.004505 -0.059532
v -0.019048 0.006060 -0.058762
v -0.021969 0.008627 -0.055648
v -0.026782 0.007575 -0.050955
v -0.029778 0.000997 -0.047980
v -0.022863 -0.008839 -0.054909
v -0.020553 -0.028681 -0.018452
v -0.025096 -0.025920 -0.017187
v -0.023523 -0.030058 -0.018618
v -0.020767 -0.024781 -0.018267
v 0.022222 -0.030244 -0.045182
v 0.022452 -0.030699 -0.045377
v -0.019519 -0.029979 -0.045368
v -0.018608 -0.030700 -0.045378
v -0.004179 -0.020816 -0.060058
v 0.006160 -0.020825 -0.060058
v -0.004200 -0.029714 -0.060058
v 0.006200 -0.029714 -0.060058
v -0.019612 -0.029995 -0.033661
v -0.018632 -0.028992 -0.039547
v 0.022409 -0.030700 -0.033650
v -0.018620 -0.030700 -0.033650
v -0.014399 -0.030217 -0.037889
v -0.012748 -0.030568 -0.040331
v -0.010946 -0.030219 -0.040118
v 0.014732 -0.030239 -0.041133
v 0.016828 -0.030228 -0.038726
v 0.014588 0.026464 -0.018697
v 0.018836 0.024468 -0.017602
v 0.017058 0.028820 -0.017408
v 0.021015 0.029158 -0.018573
v 0.000893 0.025576 -0.056797
v 0.001215 0.025000 -0.060057
v -0.031600 -0.017000 -0.044858
v -0.031500 -0.017606 -0.045145
v -0.031600 -0.018700 -0.031688
v -0.031600 0.017000 -0.044858
v -0.031600 0.018700 -0.031688
v -0.031988 0.018990 -0.043686
v -0.031468 0.016995 -0.045147
v -0.032000 0.017009 -0.045167
v -0.031998 -0.018971 -0.045163
v -0.031997 0.020758 -0.043318
v -0.029500 -0.020826 -0.032989
v -0.031998 -0.020770 -0.032972
v -0.029500 -0.020810 -0.043303
v -0.031998 -0.020769 -0.043314
v -0.029500 -0.027715 -0.043358
v -0.031977 -0.026457 -0.043401
v -0.032023 -0.026632 -0.032851
v -0.029500 -0.027715 -0.032958
v -0.026419 -0.027343 -0.019766
v -0.019992 -0.026468 -0.019044
v -0.023909 -0.023352 -0.018650
v 0.014820 -0.028411 -0.019052
v 0.017727 -0.026879 -0.016900
v 0.021288 -0.024964 -0.018724
v 0.019765 -0.030222 -0.018786
v 0.021701 -0.030700 -0.045851
v 0.022711 -0.030134 -0.047035
v -0.018209 -0.030700 -0.045851
v -0.014447 -0.026136 -0.062558
v -0.018663 -0.024492 -0.058380
v -0.017870 -0.018927 -0.062557
v -0.004152 0.020824 -0.060057
v 0.006173 0.020813 -0.060058
v -0.004204 0.020776 -0.062558
v 0.006083 0.021356 -0.062558
v 0.006248 0.026143 -0.062558
v 0.006244 -0.026144 -0.062558
v 0.006244 -0.021959 -0.062558
v 0.005044 -0.020759 -0.062558
v -0.003044 -0.020759 -0.062558
v -0.004248 -0.026143 -0.062558
v -0.031989 -0.018895 -0.048463
v -0.025609 -0.019079 -0.054158
v -0.024114 -0.024226 -0.052759
v -0.027898 -0.030000 -0.047239
v -0.031916 -0.026162 -0.045065
v -0.022242 -0.030000 -0.052530
v -0.015457 -0.030000 -0.059854
v 0.021905 -0.030000 -0.059858
v 0.018298 -0.026139 -0.062558
v -0.017779 -0.030154 -0.047025
v -0.017554 -0.030000 -0.048096
v -0.021779 -0.029999 -0.040818
v -0.017549 -0.030000 -0.030890
v -0.017833 -0.030230 -0.032187
v -0.018201 -0.030700 -0.033150
v 0.021701 -0.030700 -0.033150
v -0.011748 -0.030219 -0.037456
v -0.018542 -0.030563 -0.035667
v 0.021257 -0.030594 -0.035665
v -0.018542 -0.030213 -0.035667
v 0.020583 -0.030244 -0.035667
v -0.018542 -0.030213 -0.045167
v -0.018542 -0.030563 -0.045167
v 0.014094 -0.030587 -0.039569
v 0.016131 0.029148 -0.019967
v 0.016444 0.024121 -0.019754
v 0.020605 0.025180 -0.018809
v 0.020828 0.029533 -0.019705
v -0.024296 0.026822 -0.017000
v -0.025622 0.024828 -0.018847
v -0.020705 0.024931 -0.018856
v -0.020018 0.028513 -0.019175
v -0.020735 0.028834 -0.018004
v -0.032008 0.020778 -0.033035
v -0.031918 0.024424 -0.029384
v -0.031819 0.026660 -0.032869
v -0.029500 0.020820 -0.043329
v -0.029500 0.020810 -0.033017
v -0.029500 0.027715 -0.032958
v -0.029500 0.027715 -0.043358
v -0.031965 0.026399 -0.043401
v 0.006200 0.029714 -0.060058
v -0.004200 0.029714 -0.060058
v -0.004244 0.026144 -0.062558
v -0.026336 0.019034 -0.053423
v -0.017866 0.018968 -0.062556
v -0.031999 0.010061 -0.046807
v -0.031994 0.018858 -0.048465
v -0.032000 -0.002979 -0.046208
v -0.031900 -0.013106 -0.047174
v -0.020725 -0.012859 -0.057842
v -0.016205 -0.009347 -0.062558
v -0.015689 0.001998 -0.062558
v -0.016539 0.011612 -0.062558
v -0.031992 -0.019023 -0.029631
v -0.030092 -0.018700 -0.022158
v -0.031211 -0.018990 -0.027751
v -0.031974 0.019010 -0.029577
v -0.031210 0.018700 -0.027746
v -0.030092 0.018700 -0.022158
v -0.031872 -0.024495 -0.029441
v -0.031919 0.026280 -0.044989
v -0.029491 -0.025785 -0.038355
v 0.022081 -0.030000 -0.048112
v 0.022866 -0.029731 -0.059859
v -0.014462 0.026133 -0.062556
v 0.021499 -0.015294 -0.062558
v 0.022795 -0.007566 -0.062558
v 0.018236 0.026142 -0.062558
v 0.021383 0.015797 -0.062558
v 0.022973 0.004169 -0.062558
v 0.022081 -0.030000 -0.030890
v 0.022081 -0.030000 -0.022158
v -0.027900 -0.030000 -0.022158
v 0.022727 -0.030157 -0.032011
v 0.020966 -0.030595 -0.045167
v 0.027624 -0.014300 -0.038558
v 0.024688 -0.024601 -0.033615
v 0.023087 -0.029190 -0.033892
v -0.029489 0.025625 -0.038129
v 0.022081 0.030000 -0.059858
v 0.022882 0.029692 -0.059860
v -0.014585 0.030000 -0.059858
v -0.017669 0.030000 -0.057343
v -0.018573 0.024296 -0.058616
v -0.027026 0.030000 -0.048060
v -0.023603 0.024158 -0.053280
v -0.027900 0.030000 -0.046334
v 0.014902 -0.029962 -0.019958
v 0.027890 0.012854 -0.048055
v 0.028987 0.001390 -0.048892
v 0.028511 0.008571 -0.059846
v 0.028550 -0.008169 -0.059858
v 0.028830 -0.005003 -0.048530
v 0.028142 -0.011311 -0.048246
v 0.027452 -0.015159 -0.047703
v 0.024423 -0.025527 -0.045410
v 0.025899 -0.021342 -0.045244
v 0.024772 -0.024750 -0.059871
v 0.024611 0.025276 -0.059859
v 0.027012 0.017142 -0.059859
v 0.028995 0.000302 -0.059860
v 0.027144 -0.016571 -0.059859
v 0.026399 -0.019598 -0.022161
v 0.023901 -0.027108 -0.022156
v 0.022464 -0.029913 -0.019212
v 0.028833 0.004701 -0.019660
v 0.028421 0.009275 -0.036394
v 0.027773 0.013532 -0.019667
v 0.025895 -0.021357 -0.033892
v 0.023087 -0.029190 -0.045167
v 0.026897 -0.017635 -0.046914
v 0.026797 0.018046 -0.045916
v 0.028104 0.012073 -0.038340
v 0.028607 0.007671 -0.048363
v 0.028924 0.003318 -0.048601
v 0.028835 -0.004775 -0.019662
v 0.028461 -0.008971 -0.048255
v 0.027664 0.014038 -0.035936
v -0.025923 0.029930 -0.019711
v -0.023540 0.023978 -0.018736
v -0.027900 0.030000 -0.022158
v 0.022430 0.029937 -0.019213
v 0.022081 0.030000 -0.022158
v 0.022921 0.029593 -0.019178
v -0.030500 0.018983 -0.022158
v -0.030500 0.026143 -0.022158
v -0.030500 -0.018983 -0.022158
v -0.030500 -0.026145 -0.022158
v -0.003149 0.004436 0.023222
v -0.002970 -0.002674 0.023263
v 0.002113 0.001083 0.023231
v 0.001751 -0.006582 0.023100
v 0.013167 -0.029957 -0.019658
v -0.018265 -0.029957 -0.019658
v -0.020000 -0.029962 -0.019958
v -0.028380 -0.029064 -0.019106
v 0.011864 -0.027701 -0.019658
v -0.016962 -0.027701 -0.019658
v 0.025176 0.023646 -0.019345
v 0.026401 0.019573 -0.022158
v 0.025942 0.011681 -0.019658
v 0.026800 -0.000000 -0.019658
v 0.026120 -0.010492 -0.019659
v 0.027575 -0.014485 -0.019661
v 0.024737 -0.024933 -0.019656
v 0.023146 -0.022775 -0.019658
v 0.023146 0.022774 -0.019658
v 0.023998 -0.025910 -0.018820
v 0.028370 -0.009700 -0.038558
v 0.014450 0.029956 -0.019660
v -0.016962 0.027699 -0.019658
v 0.011864 0.027699 -0.019658
v -0.018265 0.029956 -0.019658
v -0.029616 0.027340 -0.018924
v -0.030456 -0.025264 -0.019658
v -0.030456 0.025263 -0.019658
v -0.028200 0.023370 -0.019658
v -0.028200 -0.023371 -0.019658
v 0.002521 0.010131 0.022870
v 0.009915 0.003817 0.022868
v 0.009916 -0.003892 0.022866
v 0.017757 -0.000967 0.022153
v 0.017308 0.004173 0.022156
v 0.014691 -0.010005 0.022148
v 0.016801 -0.006026 0.022131
v -0.000594 -0.017861 0.022142
v 0.004061 -0.017308 0.022146
v 0.007283 -0.016200 0.022151
v 0.011348 -0.013761 0.022225
v -0.008662 -0.015716 0.022252
v -0.013556 -0.011467 0.022157
v -0.017098 -0.005378 0.022241
v -0.017097 0.005270 0.022237
v -0.020571 0.004035 0.021702
v -0.020562 -0.004034 0.021752
v -0.009966 0.014723 0.022161
v -0.013846 0.011344 0.022147
v -0.005594 0.016924 0.022159
v 0.002523 0.017773 0.022128
v 0.008532 0.015579 0.022136
v 0.013870 0.011316 0.022123
v -0.027943 0.014307 -0.018193
v -0.028019 0.023454 -0.018633
v -0.028019 -0.023455 -0.018634
v -0.027922 -0.014791 -0.018080
v -0.021115 -0.024436 -0.018716
v -0.017031 -0.027582 -0.018986
v 0.011933 -0.027582 -0.018986
v 0.025787 -0.012819 -0.017954
v 0.026832 -0.001018 -0.017709
v 0.026173 0.010660 -0.017855
v 0.023115 0.023085 -0.018589
v 0.016358 0.024183 -0.018683
v 0.011933 0.027581 -0.018985
v -0.017031 0.027581 -0.018985
v -0.027529 0.005240 -0.017760
v -0.027529 -0.005240 -0.017761
v -0.017195 0.005957 0.013834
v -0.022741 0.006933 -0.017795
v -0.005499 -0.017367 0.013703
v -0.009517 -0.015440 0.014170
v -0.013163 -0.012541 0.013966
v -0.015790 -0.009045 0.013817
v -0.017195 -0.005957 0.013834
v 0.011678 -0.013956 0.013829
v 0.007858 -0.016408 0.013856
v 0.003561 -0.017846 0.013834
v -0.000961 -0.018172 0.013834
v 0.014776 -0.010620 0.013805
v 0.016944 -0.006639 0.013806
v 0.016956 0.006672 0.013687
v 0.018019 0.002273 0.014032
v 0.018010 -0.002226 0.014096
v 0.014792 0.010630 0.013697
v 0.011675 0.013957 0.013842
v 0.007879 0.016400 0.013849
v 0.003651 0.017791 0.014052
v -0.000961 0.018172 0.013834
v -0.015771 0.009038 0.013928
v -0.013040 0.012677 0.013861
v -0.009573 0.015497 0.013741
v -0.005546 0.017379 0.013515
v -0.022741 -0.006933 -0.017795
v 0.018501 0.015089 -0.018098
v -0.016769 0.017038 -0.018202
v -0.013851 0.019464 -0.018346
v -0.010522 0.021477 -0.018485
v -0.006691 0.022982 -0.018596
v -0.004058 0.023577 -0.018642
v 0.001138 0.023913 -0.018669
v -0.001656 0.023871 -0.018666
v 0.003914 0.023602 -0.018644
v 0.006226 0.023091 -0.018604
v 0.008930 0.022195 -0.018536
v 0.010993 0.021233 -0.018471
v 0.013536 0.019666 -0.018360
v 0.015496 0.018186 -0.018268
v 0.020765 0.011666 -0.017939
v 0.021846 0.009445 -0.017863
v 0.022790 0.006771 -0.017794
v 0.023442 0.004032 -0.017740
v 0.023773 -0.000016 -0.017729
v 0.023437 -0.004061 -0.017742
v 0.022789 -0.006772 -0.017793
v 0.021394 -0.010503 -0.017902
v 0.018590 -0.014980 -0.018090
v 0.015871 -0.017828 -0.018245
v 0.012632 -0.020288 -0.018405
v 0.009122 -0.022114 -0.018531
v 0.006566 -0.022997 -0.018598
v 0.004208 -0.023551 -0.018641
v 0.001415 -0.023898 -0.018670
v -0.003743 -0.023630 -0.018647
v -0.006456 -0.023052 -0.018602
v -0.001339 -0.023891 -0.018668
v -0.009138 -0.022089 -0.018530
v -0.011322 -0.021038 -0.018454
v -0.013731 -0.019554 -0.018353
v -0.015907 -0.017775 -0.018242
v -0.017695 -0.015975 -0.018141
v -0.021913 -0.009252 -0.017858
v -0.019406 -0.013839 -0.018033
v -0.020864 -0.011450 -0.017934
v -0.021383 0.010488 -0.017896
v -0.019465 0.013733 -0.018028
v -0.101391 -0.010284 -0.056938
v -0.101391 -0.012268 -0.055378
v -0.101391 -0.011794 -0.053379
v -0.101391 -0.008301 -0.055263
v -0.101391 -0.009239 -0.052920
v -0.086399 -0.009048 -0.053161
v -0.086382 -0.011643 -0.053111
v -0.086405 -0.012199 -0.055573
v -0.086398 -0.010570 -0.056825
v -0.086394 -0.008672 -0.056041
v -0.086391 -0.008306 -0.054631
v -0.086452 -0.008648 -0.051051
v -0.086400 -0.006446 -0.053480
v -0.086345 -0.014376 -0.053695
v -0.086401 -0.012100 -0.051180
v -0.086466 -0.012938 -0.057982
v -0.086424 -0.006704 -0.056890
v -0.086397 -0.009511 -0.058750
v -0.082442 -0.008803 -0.060930
v -0.082430 -0.015497 -0.058255
v -0.082389 -0.015314 -0.051135
v -0.082507 -0.009259 -0.048700
v -0.082500 -0.005180 -0.051678
v -0.082481 -0.004541 -0.056479
v -0.082405 -0.013313 -0.057353
v -0.082364 -0.014377 -0.054648
v -0.082412 -0.007675 -0.052576
v -0.082365 -0.006541 -0.055839
v -0.080718 -0.006112 -0.055811
v -0.080363 -0.007165 -0.051495
v -0.080912 -0.010438 -0.053310
v -0.080742 -0.013770 -0.051802
v -0.081089 -0.013812 -0.057666
v -0.080853 -0.010483 -0.050186
v -0.080890 -0.009169 -0.059353
v -0.075542 -0.014538 -0.053090
v -0.075378 -0.014274 -0.056514
v -0.075354 -0.010561 -0.059509
v -0.040394 -0.011747 -0.050215
v -0.040463 -0.015077 -0.055623
v -0.040389 -0.012149 -0.059069
v -0.040391 -0.006167 -0.056962
v -0.040396 -0.005890 -0.052534
v -0.040391 -0.008757 -0.059196
v -0.035186 -0.015057 -0.054040
v -0.036439 -0.012222 -0.050575
v -0.037756 -0.010976 -0.048964
v -0.037567 -0.007470 -0.049472
v -0.035168 -0.005846 -0.056826
v -0.037781 -0.008774 -0.059443
v -0.037853 -0.012408 -0.059208
v -0.036788 -0.014011 -0.057865
v -0.075400 -0.010880 -0.050162
v -0.074788 -0.005883 -0.054244
v -0.038151 -0.004417 -0.054511
v -0.038223 -0.015522 -0.052020
v -0.037942 -0.004961 -0.057535
v -0.073854 -0.014671 -0.053132
v -0.074457 -0.006622 -0.057504
v -0.074273 -0.007275 -0.051531
v -0.037890 -0.011637 -0.060710
v -0.037892 -0.007724 -0.060286
v -0.037897 -0.005039 -0.051759
v -0.037892 -0.013745 -0.049790
v -0.037873 -0.016369 -0.054947
v -0.037918 -0.014996 -0.058634
v -0.075411 -0.009584 -0.053427
v -0.045216 -0.012172 -0.048866
v -0.045245 -0.016279 -0.053135
v -0.045021 -0.015236 -0.058509
v -0.045347 -0.011070 -0.060944
v -0.045022 -0.005367 -0.058450
v -0.045320 -0.004290 -0.054010
v -0.045482 -0.006622 -0.049904
v -0.073878 -0.009060 -0.055956
v -0.073775 -0.013456 -0.058067
v -0.073854 -0.010483 -0.050188
v -0.073866 -0.010016 -0.059225
v -0.071613 -0.014370 -0.052333
v -0.068394 -0.013923 -0.057560
v -0.045900 -0.016370 -0.059086
v -0.046065 -0.011801 -0.061953
v -0.045986 -0.003227 -0.056768
v -0.047309 -0.003052 -0.053133
v -0.045914 -0.006627 -0.048179
v -0.045987 -0.017589 -0.053886
v -0.046241 -0.006301 -0.061210
v -0.046181 -0.015817 -0.049955
v -0.046153 -0.012060 -0.047674
v -0.068405 -0.010893 -0.050169
v -0.051143 -0.013434 -0.048200
v -0.050980 -0.017200 -0.052063
v -0.051290 -0.017131 -0.057347
v -0.051188 -0.014450 -0.060788
v -0.051328 -0.010178 -0.062082
v -0.050621 -0.006254 -0.060903
v -0.051254 -0.003557 -0.057546
v -0.051257 -0.004014 -0.051118
v -0.051173 -0.008036 -0.047665
v -0.068507 -0.009952 -0.059462
v -0.067781 -0.014509 -0.053403
v -0.067379 -0.006697 -0.057378
v -0.067118 -0.006085 -0.053202
v -0.068578 -0.007096 -0.051888
v -0.051398 -0.011243 -0.059556
v -0.051367 -0.015011 -0.051952
v -0.051386 -0.005345 -0.055588
v -0.051387 -0.008529 -0.050383
v -0.052381 -0.013927 -0.058144
v -0.052447 -0.014084 -0.050924
v -0.052954 -0.009098 -0.061170
v -0.052874 -0.004055 -0.056619
v -0.052862 -0.006110 -0.049805
v -0.066908 -0.008647 -0.055593
v -0.067120 -0.010668 -0.050395
v -0.066957 -0.013827 -0.057571
v -0.053195 -0.016981 -0.054996
v -0.053132 -0.015374 -0.058941
v -0.053165 -0.012503 -0.060987
v -0.053159 -0.005753 -0.059590
v -0.053169 -0.004034 -0.052769
v -0.053254 -0.009316 -0.048212
v -0.053215 -0.012906 -0.048770
v -0.053276 -0.015676 -0.050958
v -0.066902 -0.010358 -0.059478
v -0.062822 -0.006864 -0.060390
v -0.062891 -0.004755 -0.058181
v -0.063006 -0.003745 -0.055191
v -0.062994 -0.004714 -0.051361
v -0.062891 -0.006908 -0.049244
v -0.062822 -0.009955 -0.048225
v -0.062858 -0.013707 -0.049190
v -0.062891 -0.015845 -0.051397
v -0.062977 -0.016842 -0.054180
v -0.062990 -0.015891 -0.058228
v -0.062891 -0.013692 -0.060334
v -0.062826 -0.010876 -0.061337
v -0.095991 0.011026 -0.052336
v -0.095991 0.011384 -0.057108
v -0.095991 0.009008 -0.056999
v -0.095991 0.012960 -0.054643
v -0.095991 0.008211 -0.053136
v -0.095991 0.007962 -0.055676
v -0.080991 0.011462 -0.052576
v -0.080992 0.009574 -0.052336
v -0.081005 0.007868 -0.053993
v -0.080991 0.007962 -0.055676
v -0.080994 0.009216 -0.057108
v -0.080991 0.010898 -0.057217
v -0.080995 0.012471 -0.056145
v -0.081001 0.012649 -0.053773
v -0.081096 0.006235 -0.054378
v -0.081381 0.008995 -0.050893
v -0.081448 0.008424 -0.058362
v -0.081035 0.012745 -0.058012
v -0.081065 0.013443 -0.052139
v -0.081001 0.014302 -0.055316
v -0.077030 0.010345 -0.060868
v -0.077038 0.005196 -0.058521
v -0.077023 0.004573 -0.052832
v -0.077012 0.007567 -0.049494
v -0.077029 0.011452 -0.048780
v -0.077084 0.015939 -0.052459
v -0.077004 0.015432 -0.058404
v -0.076578 0.006662 -0.057470
v -0.076497 0.010997 -0.056892
v -0.076992 0.014736 -0.054001
v -0.075286 0.013352 -0.057919
v -0.075331 0.014363 -0.052856
v -0.075539 0.005947 -0.053421
v -0.075301 0.010038 -0.049829
v -0.074321 0.009342 -0.058925
v -0.070179 0.006460 -0.052721
v -0.071082 0.006020 -0.055871
v -0.069178 0.014161 -0.057559
v -0.072741 0.010300 -0.050394
v -0.070187 0.010602 -0.049841
v -0.035458 0.009841 -0.054443
v -0.047364 0.010218 -0.054237
v -0.035542 0.010640 -0.055063
v -0.047363 0.010318 -0.055236
v -0.034376 0.010205 -0.051767
v -0.047986 0.010446 -0.052063
v -0.035311 0.010476 -0.052687
v -0.046935 0.009960 -0.052768
v -0.034299 0.010023 -0.057167
v -0.046910 0.009960 -0.057472
v -0.047222 0.010821 -0.057150
v -0.034401 0.010749 -0.057622
v -0.034267 0.012957 -0.054489
v -0.046773 0.012629 -0.054437
v -0.047490 0.012918 -0.055303
v -0.034690 0.012424 -0.055206
v -0.034526 0.007932 -0.054383
v -0.048227 0.007586 -0.054865
v -0.046838 0.008369 -0.054591
v -0.034458 0.007643 -0.055329
v -0.070173 0.010099 -0.059436
v -0.069294 0.006410 -0.057411
v -0.035350 0.007408 -0.057778
v -0.035377 0.012799 -0.052363
v -0.035318 0.007237 -0.051981
v -0.034495 0.010482 -0.058871
v -0.035149 0.013193 -0.057751
v -0.039590 0.014548 -0.054703
v -0.034367 0.006211 -0.055035
v -0.034420 0.010396 -0.050576
v -0.067327 0.014539 -0.056180
v -0.069962 0.014305 -0.053160
v -0.039977 0.012932 -0.052200
v -0.039982 0.009213 -0.050837
v -0.040015 0.006187 -0.055921
v -0.040007 0.011461 -0.058952
v -0.069250 0.010369 -0.056392
v -0.039991 0.004820 -0.052192
v -0.040002 0.004424 -0.056999
v -0.039956 0.015367 -0.051326
v -0.039991 0.016315 -0.055567
v -0.039991 0.007702 -0.060270
v -0.039991 0.012154 -0.049083
v -0.039991 0.011420 -0.060750
v -0.039991 0.014709 -0.058954
v -0.040032 0.008080 -0.049094
v -0.068298 0.014230 -0.052767
v -0.068267 0.006149 -0.053131
v -0.035991 0.009523 -0.048775
v -0.035994 0.013207 -0.049467
v -0.035991 0.015780 -0.052192
v -0.035997 0.016123 -0.056872
v -0.035991 0.012898 -0.060270
v -0.035972 0.008090 -0.060666
v -0.035991 0.004820 -0.057387
v -0.036001 0.004638 -0.051834
v -0.068294 0.009995 -0.049850
v -0.068296 0.010521 -0.059498
v -0.035887 0.002964 -0.053950
v -0.036116 0.004378 -0.059167
v -0.035983 0.007286 -0.061377
v -0.036016 0.011084 -0.061970
v -0.036014 0.014077 -0.061031
v -0.036006 0.016903 -0.057915
v -0.035997 0.017530 -0.054694
v -0.036061 0.016630 -0.051176
v -0.036031 0.013611 -0.048364
v -0.036008 0.011082 -0.047594
v -0.036072 0.007943 -0.047929
v -0.036012 0.004921 -0.049860
v -0.063044 0.006244 -0.056476
v -0.063308 0.008977 -0.058973
v -0.065743 0.010302 -0.050394
v -0.045998 0.003391 -0.057641
v -0.046000 0.008428 -0.062018
v -0.046011 0.015737 -0.049740
v -0.063185 0.010599 -0.049842
v -0.045990 0.011536 -0.047592
v -0.046015 0.006240 -0.048550
v -0.045991 0.003283 -0.052688
v -0.045991 0.013295 -0.061471
v -0.045979 0.017000 -0.058146
v -0.045991 0.017476 -0.053758
v -0.062949 0.006593 -0.052928
v -0.062983 0.011586 -0.059277
v -0.062133 0.013954 -0.057069
v -0.062827 0.014473 -0.053476
v -0.045991 0.006906 -0.058580
v -0.046247 0.006271 -0.053728
v -0.046241 0.008796 -0.050779
v -0.045975 0.014539 -0.052676
v -0.046292 0.012278 -0.058692
v -0.047474 0.006210 -0.059875
v -0.046946 0.015176 -0.054847
v -0.047587 0.013697 -0.049276
v -0.061499 0.014186 -0.052620
v -0.061751 0.006655 -0.052231
v -0.061355 0.006632 -0.057890
v -0.047809 0.010187 -0.048076
v -0.047743 0.006181 -0.049685
v -0.047882 0.003736 -0.056346
v -0.047724 0.010307 -0.061433
v -0.047787 0.014176 -0.060071
v -0.047803 0.016616 -0.056806
v -0.047931 0.016352 -0.051940
v -0.061529 0.010987 -0.050132
v -0.061532 0.010509 -0.059408
v -0.048010 0.004337 -0.052112
v -0.057436 0.011401 -0.061308
v -0.057468 0.007560 -0.060732
v -0.057465 0.005294 -0.058958
v -0.057595 0.003930 -0.056243
v -0.057344 0.004126 -0.052514
v -0.057534 0.006395 -0.049383
v -0.057619 0.010304 -0.048213
v -0.057511 0.013972 -0.049311
v -0.057466 0.016368 -0.052350
v -0.057450 0.016783 -0.055892
v -0.057599 0.014750 -0.059615
vn 0.2661 0.4781 -0.8370
vn -0.4224 -0.4031 -0.8118
vn 0.1120 -0.5700 -0.8140
vn 0.5067 -0.3050 -0.8064
vn -0.4292 0.2842 -0.8573
vn 0.0808 -0.3778 -0.9224
vn 0.5774 -0.5775 -0.5771
vn 0.1267 0.5244 -0.8420
vn -0.5773 -0.5774 -0.5773
vn -0.4317 0.0409 -0.9011
vn 0.5478 0.1907 -0.8146
vn 0.4553 -0.1885 -0.8702
vn -0.5774 0.5774 -0.5773
vn -0.1556 -0.7738 0.6140
vn -0.8194 -0.0577 0.5704
vn 0.6632 0.4934 -0.5628
vn -0.2881 0.8343 0.4700
vn 0.0963 0.5292 -0.8430
vn 0.3583 -0.1103 -0.9271
vn -0.1448 -0.4955 -0.8564
vn 0.1492 0.8745 0.4615
vn -0.4442 0.2684 -0.8548
vn -0.3209 -0.7286 0.6051
vn 0.7874 -0.0555 0.6140
vn 0.0064 0.8201 -0.5722
vn -0.7590 0.1110 0.6416
vn 0.2257 0.2540 -0.9405
vn 0.1332 0.5135 -0.8477
vn -0.4596 0.2862 -0.8408
vn 0.5773 0.5773 -0.5774
vn -0.3868 -0.2931 -0.8743
vn 0.2008 -0.5101 -0.8364
vn 0.5651 0.0584 -0.8229
vn -0.2258 -0.5134 0.8279
vn -0.5419 -0.1126 0.8329
vn -0.3712 0.4103 0.8330
vn 0.2459 0.7470 -0.6177
vn 0.7675 0.1663 -0.6191
vn 0.3820 -0.4460 0.8094
vn -0.1877 -0.4961 0.8478
vn -0.7836 0.1096 -0.6115
vn -0.2448 0.4940 0.8343
vn 0.3761 -0.3743 0.8476
vn -0.2146 0.4011 0.8905
vn -0.7009 -0.4146 -0.5804
vn 0.6418 -0.5399 -0.5446
vn 0.4260 0.2623 0.8659
vn 0.2399 0.4566 0.8567
vn -0.3370 0.2057 0.9188
vn -0.0680 -0.4439 0.8935
vn 0.4446 -0.0853 0.8917
vn -0.4861 -0.0036 0.8739
vn -0.1304 -0.5118 0.8491
vn 0.3798 -0.3250 0.8661
vn 0.4337 0.2898 0.8532
vn -0.1391 0.7907 -0.5961
vn -0.4065 0.0196 0.9134
vn -0.0102 -0.4781 0.8783
vn 0.4877 0.0297 0.8725
vn 0.5774 -0.5774 0.5773
vn 0.5774 0.5774 0.5773
vn -0.5773 0.5773 0.5774
vn -0.5773 -0.5774 0.5774
vn -0.8859 0.3023 -0.3517
vn -0.8753 0.4730 0.1006
vn -0.7145 0.3332 -0.6152
vn -0.7386 -0.4960 0.4565
vn -0.6233 -0.5157 -0.5878
vn -0.6163 -0.2734 -0.7386
vn -0.9791 -0.1637 -0.1204
vn -0.9977 0.0672 0.0058
vn -0.6543 0.5384 0.5310
vn -0.9668 0.2541 0.0268
vn -0.5678 0.8225 0.0315
vn -0.6692 -0.6143 0.4181
vn -0.4927 -0.0241 0.8698
vn -0.7508 -0.4493 0.4841
vn -0.6996 -0.5086 0.5018
vn -0.6054 0.1763 -0.7762
vn -0.6114 0.7913 -0.0086
vn -0.4889 -0.8268 -0.2781
vn -0.9228 0.1818 -0.3398
vn -0.4392 0.6814 -0.5854
vn -0.5021 0.5237 -0.6882
vn -0.4997 0.4058 -0.7652
vn -0.6348 0.0046 0.7726
vn -0.6991 -0.7097 0.0869
vn -0.7651 -0.6094 0.2081
vn -0.9991 -0.0373 0.0177
vn -0.8270 0.5425 0.1474
vn -0.6758 0.1821 -0.7142
vn -0.6892 0.7183 0.0951
vn -0.9762 0.1634 -0.1429
vn -0.9640 0.1001 -0.2462
vn -0.9852 0.1205 -0.1216
vn -0.9825 -0.1387 0.1241
vn -0.9652 -0.2220 0.1381
vn -0.9930 0.0403 0.1108
vn -0.9981 0.0309 0.0527
vn -0.8784 0.2861 0.3828
vn -0.9458 -0.0645 0.3183
vn -0.9202 0.1696 0.3528
vn -0.8630 -0.3954 0.3147
vn -0.7781 0.6175 0.1147
vn -0.3802 0.0228 0.9246
vn -0.3959 0.5080 0.7650
vn -0.3219 0.9463 -0.0281
vn -0.4466 0.6719 -0.5908
vn -0.2713 0.1551 -0.9499
vn -0.3319 -0.3942 -0.8570
vn -0.3063 -0.8552 -0.4181
vn -0.3277 -0.9279 0.1779
vn -0.7877 -0.6142 -0.0479
vn -0.9034 -0.1613 -0.3973
vn -0.9005 0.0266 -0.4340
vn -0.8717 0.3603 -0.3323
vn -0.3223 0.8400 0.4365
vn -0.2000 -0.6359 0.7454
vn -0.6000 -0.6362 0.4850
vn -0.5647 0.4577 0.6868
vn -0.5749 -0.2198 0.7882
vn -0.5410 0.0017 -0.8410
vn -0.5932 -0.5314 -0.6048
vn -0.5975 0.5683 -0.5657
vn -0.6218 0.7779 0.0908
vn -0.6674 -0.7426 -0.0568
vn -0.7537 0.5696 -0.3280
vn -0.7504 0.6546 0.0913
vn -0.7220 0.1381 -0.6780
vn -0.7169 -0.3316 -0.6133
vn -0.5771 -0.6761 -0.4581
vn -0.7666 -0.6168 0.1783
vn -0.8098 -0.1175 0.5748
vn -0.7516 0.4774 0.4551
vn -0.6656 -0.1318 -0.7346
vn -0.7155 0.6560 0.2404
vn -0.7202 -0.1671 0.6733
vn -0.6977 -0.4276 0.5747
vn 0.2227 -0.4977 -0.8383
vn -0.5320 0.3146 -0.7861
vn -0.1997 0.7481 -0.6329
vn 0.3324 0.9311 -0.1501
vn 0.1334 0.9538 0.2693
vn -0.7037 0.3928 0.5920
vn -0.1203 0.2537 0.9598
vn 0.6022 -0.2069 0.7710
vn 0.2135 -0.6826 0.6989
vn -0.0418 -0.9988 0.0247
vn 0.5719 -0.7400 -0.3539
vn -0.6756 0.2942 -0.6761
vn -0.6869 0.5748 -0.4447
vn -0.6953 0.7036 -0.1469
vn -0.6824 -0.6770 0.2755
vn -0.6730 0.1315 0.7279
vn -0.6863 -0.5164 -0.5122
vn -0.6585 -0.7338 -0.1671
vn -0.5663 0.5112 0.6465
vn -0.1637 0.9667 0.1968
vn -0.4388 0.1192 -0.8906
vn 0.0456 -0.1606 -0.9860
vn -0.4239 0.8232 -0.3777
vn -0.1119 0.6900 0.7151
vn -0.3372 0.3253 0.8835
vn -0.2613 -0.2750 0.9253
vn 0.0568 -0.6605 0.7487
vn -0.3915 -0.7966 0.4605
vn -0.0338 -0.9925 -0.1172
vn 0.0458 -0.6720 -0.7391
vn -0.4355 0.5788 -0.6895
vn -0.4992 0.6296 0.5953
vn -0.2648 0.1168 0.9572
vn -0.2558 -0.9372 0.2369
vn -0.8227 -0.4843 -0.2978
vn -0.3674 0.1168 -0.9227
vn 0.0158 0.5520 0.8337
vn -0.1428 -0.2261 0.9636
vn 0.9486 0.3083 -0.0716
vn 0.5558 0.7873 0.2669
vn 0.2398 -0.6974 0.6754
vn 0.6226 -0.7002 0.3495
vn 0.9150 -0.4036 -0.0005
vn 0.7073 -0.5810 0.4027
vn -0.5130 0.6874 -0.5141
vn -0.5982 0.8014 -0.0031
vn -0.5906 -0.4801 0.6487
vn -0.6297 -0.6693 -0.3943
vn -0.8671 -0.4744 0.1519
vn -0.7034 -0.6519 -0.2833
vn -0.4300 0.9007 -0.0622
vn -0.9297 0.2955 -0.2197
vn -0.2553 0.6790 0.6883
vn -0.7654 0.4503 0.4598
vn -0.2928 0.2123 0.9323
vn -0.3048 -0.6440 0.7017
vn -0.0867 -0.3703 0.9249
vn 0.1165 -0.3270 0.9378
vn 0.2319 0.1774 0.9564
vn 0.4685 0.5054 0.7246
vn 0.6773 0.6623 0.3204
vn 0.8998 0.4089 0.1524
vn 0.9975 -0.0151 0.0686
vn 0.9579 -0.2822 0.0533
vn 0.3416 -0.6031 0.7208
vn -0.9476 0.3114 -0.0708
vn -0.5210 0.3715 0.7685
vn -0.0952 0.0188 0.9953
vn -0.4060 -0.0005 0.9139
vn -0.8589 0.3996 0.3204
vn -0.3106 -0.0668 0.9482
vn -0.6053 -0.1719 0.7773
vn -0.9885 -0.1514 0.0067
vn -0.5892 -0.5873 -0.5549
vn -0.4765 -0.8042 0.3554
vn -0.8619 -0.0854 -0.4999
vn 0.1095 0.1636 -0.9804
vn -0.5334 -0.6387 -0.5546
vn 0.4812 -0.7443 0.4631
vn 0.9902 -0.1304 -0.0498
vn 0.9395 0.0826 -0.3325
vn 0.4762 0.7433 0.4699
vn 0.9769 0.1260 -0.1725
vn 0.7017 0.6107 -0.3670
vn 0.6991 -0.6113 -0.3709
vn -0.8364 -0.1972 -0.5114
vn -0.5634 0.6349 -0.5287
vn 0.8643 -0.0369 -0.5016
vn -0.1505 -0.0676 -0.9863
vn -0.1953 0.0980 -0.9758
vn 0.1457 -0.1574 -0.9767
vn 0.0420 0.0532 0.9977
vn 0.2376 0.0792 -0.9681
vn -0.0041 0.2148 -0.9766
vn -0.2116 0.0623 -0.9754
vn -0.1068 -0.1586 -0.9815
vn -0.6715 -0.4771 -0.5670
vn 0.5077 -0.1291 -0.8518
vn -0.1259 -0.6187 -0.7755
vn 0.5752 0.5762 -0.5807
vn 0.6808 -0.4322 -0.5914
vn -0.5143 -0.0169 -0.8575
vn -0.5752 0.5778 -0.5790
vn -0.0003 -0.5008 -0.8656
vn -0.2718 -0.3484 0.8971
vn -0.5135 0.2780 0.8118
vn 0.0691 -0.6545 0.7529
vn 0.3958 -0.3272 0.8581
vn 0.7015 -0.3013 0.6459
vn 0.5773 0.5783 0.5765
vn -0.6867 -0.3319 0.6467
vn 0.2044 -0.7695 0.6051
vn -0.5787 0.5761 0.5772
vn -0.9613 -0.2683 -0.0624
vn 0.0418 -0.2491 -0.9676
vn 0.3578 -0.2290 -0.9053
vn 0.2685 -0.0738 -0.9605
vn 0.2135 0.1488 -0.9655
vn 0.0528 0.4037 0.9134
vn -0.0034 0.3185 -0.9479
vn -0.2068 0.1128 -0.9719
vn -0.2148 -0.1273 -0.9683
vn -0.6880 0.4243 0.5888
vn 0.3949 0.3564 -0.8468
vn -0.6997 0.3085 -0.6444
vn 0.6953 0.3462 0.6298
vn 0.6941 0.3891 -0.6056
vn -0.6185 -0.0130 0.7857
vn 0.5755 -0.5769 -0.5796
vn -0.5589 0.1618 -0.8133
vn -0.5805 -0.6535 -0.4858
vn 0.1344 0.4144 -0.9001
vn -0.5774 -0.5766 -0.5781
vn 0.5710 -0.6673 0.4781
vn -0.2706 0.3389 0.9011
vn 0.3778 0.3019 0.8753
vn -0.5765 -0.5776 0.5779
vn 0.5773 -0.5766 0.5782
vn -0.2806 0.5926 0.7550
vn -0.6686 -0.6546 -0.3528
vn 0.2272 0.0414 0.9730
vn 0.6660 -0.6920 -0.2785
vn -0.5055 0.8039 -0.3135
vn 0.9109 0.3010 -0.2822
vn 0.0672 -0.0559 0.9962
vn -0.0664 0.8622 0.5021
vn -0.6608 -0.6511 -0.3734
vn 0.8477 -0.3210 -0.4225
vn -0.4803 0.8148 -0.3247
vn 0.5773 -0.5774 -0.5773
vn -0.5773 -0.5773 0.5774
vn 0.5773 -0.5774 0.5773
vn 0.6074 -0.7418 -0.2842
vn 0.5666 -0.5861 0.5792
vn -0.6437 -0.7058 -0.2957
vn -0.5838 -0.5745 0.5737
vn -0.8494 0.5095 -0.1373
vn -0.9681 0.2109 0.1354
vn -0.3884 0.2954 -0.8729
vn 0.8063 -0.5554 -0.2037
vn -0.8333 -0.5150 -0.2010
vn -0.6039 0.6007 0.5239
vn -0.2415 0.9656 -0.0963
vn -0.5172 -0.5667 -0.6413
vn -0.2979 -0.9048 0.3043
vn -0.2986 -0.9046 -0.3041
vn 0.2990 -0.9047 0.3035
vn 0.2990 -0.9047 -0.3035
vn 0.5583 0.5169 0.6489
vn -0.4351 0.5170 -0.7371
vn 0.2526 -0.0132 -0.9675
vn -0.0165 0.9923 -0.1231
vn -0.6499 0.1609 -0.7428
vn 0.0731 0.9708 0.2284
vn 0.0403 0.9840 0.1737
vn 0.0775 0.9959 -0.0476
vn 0.0427 0.9951 -0.0894
vn 0.0876 0.9863 -0.1396
vn -0.1734 -0.9469 0.2709
vn -0.0336 0.9082 0.4172
vn -0.0183 0.9998 0.0070
vn -0.0891 -0.9907 -0.1031
vn -0.0525 -0.9965 0.0654
vn 0.4924 -0.5457 -0.6780
vn -0.0909 -0.9877 -0.1275
vn -0.0489 -0.9953 0.0834
vn 0.0044 0.7068 -0.7074
vn -0.5951 0.5919 0.5435
vn 0.9894 -0.0225 0.1432
vn 0.0051 0.7035 -0.7107
vn -0.3603 0.7962 -0.4860
vn 0.2546 0.1540 0.9547
vn -0.2033 -0.0620 -0.9772
vn -0.9543 -0.2924 -0.0611
vn 0.0486 0.9987 0.0162
vn -0.6038 -0.7851 -0.1383
vn -0.2706 -0.3182 -0.9086
vn -0.5819 -0.5929 -0.5567
vn -0.6833 -0.6251 0.3772
vn -0.3057 -0.3203 0.8966
vn -0.7808 0.6248 -0.0001
vn 0.1770 0.1901 -0.9657
vn 0.1288 -0.4532 -0.8820
vn -0.5547 0.7326 -0.3944
vn -0.2538 0.4073 -0.8773
vn -0.1478 0.7119 -0.6866
vn -0.9918 -0.0519 0.1171
vn -0.2856 -0.8093 -0.5133
vn -0.7570 -0.6333 -0.1610
vn 0.3869 -0.8666 0.3150
vn 0.3574 -0.6193 -0.6991
vn 0.7754 -0.5733 -0.2645
vn -0.9957 -0.0920 -0.0143
vn -0.9436 0.2925 -0.1550
vn -0.9045 -0.3556 -0.2356
vn -0.6515 -0.5952 -0.4704
vn -0.3211 -0.5088 -0.7988
vn -0.0963 -0.0996 -0.9904
vn -0.5881 0.6399 -0.4946
vn 0.5376 -0.3058 0.7858
vn -0.5106 0.1500 0.8466
vn -0.0692 -0.7835 0.6176
vn 0.6955 0.6710 0.2567
vn 0.4241 -0.7010 0.5734
vn 0.4705 -0.7630 0.4432
vn 0.1134 -0.9735 0.1987
vn -0.3947 -0.7831 0.4806
vn 0.6458 -0.5923 -0.4818
vn -0.5895 -0.5935 -0.5480
vn 0.1005 -0.4465 -0.8891
vn -0.1006 -0.4441 -0.8903
vn 0.1140 -0.9774 -0.1780
vn 0.8265 -0.5628 -0.0100
vn 0.5102 -0.6697 -0.5397
vn -0.3735 -0.7914 -0.4839
vn -0.1320 0.9891 0.0649
vn -0.0686 -0.9822 -0.1749
vn 0.8135 -0.2633 -0.5185
vn 0.1739 0.9845 -0.0248
vn 0.4336 0.8240 -0.3647
vn -0.9803 -0.1377 0.1415
vn 0.1860 -0.6982 0.6913
vn -0.2397 0.5665 0.7885
vn 0.7212 0.5048 0.4744
vn 0.9719 0.2289 0.0554
vn 0.2103 0.0503 -0.9764
vn -0.9875 -0.0468 -0.1503
vn -0.7635 0.0797 0.6409
vn -0.9533 -0.2984 0.0457
vn -0.9695 -0.0076 -0.2449
vn -0.8961 -0.4428 0.0312
vn -0.9807 -0.0381 -0.1919
vn -0.8089 -0.1767 0.5607
vn -0.7756 -0.1446 0.6145
vn -0.9942 0.0910 0.0576
vn -0.9075 0.3032 0.2907
vn -0.5864 -0.5742 -0.5713
vn -0.9065 -0.3083 -0.2885
vn -0.5837 -0.5759 0.5725
vn -0.9052 -0.3083 0.2924
vn -0.8200 -0.5278 0.2212
vn -0.6946 -0.4670 0.5471
vn -0.6908 -0.5896 -0.4185
vn -0.8588 -0.4969 -0.1245
vn 0.0449 -0.2863 0.9571
vn 0.3490 -0.1277 0.9284
vn -0.0395 0.1207 0.9919
vn -0.1542 -0.2658 0.9516
vn -0.2705 0.3496 0.8970
vn 0.0504 -0.0195 0.9985
vn 0.0895 -0.7977 0.5963
vn 0.0435 -0.9732 -0.2256
vn 0.6158 -0.7783 -0.1227
vn -0.2819 -0.9000 -0.3324
vn -0.3040 -0.3116 -0.9002
vn -0.7057 -0.3097 -0.6373
vn -0.4717 -0.0753 -0.8785
vn 0.5702 0.5735 -0.5882
vn -0.5816 0.6284 -0.5166
vn 0.2933 0.2969 -0.9087
vn -0.3832 0.3314 -0.8621
vn -0.6353 0.2332 -0.7362
vn -0.6387 -0.2290 -0.7346
vn -0.6065 -0.1826 -0.7738
vn -0.1828 -0.6076 -0.7729
vn 0.2748 -0.4818 -0.8321
vn 0.6301 -0.2520 -0.7345
vn -0.8778 -0.0601 -0.4753
vn -0.6949 -0.1180 -0.7093
vn -0.6626 -0.3113 -0.6812
vn -0.5126 -0.7893 -0.3379
vn -0.8593 -0.4230 -0.2876
vn -0.4289 -0.7960 -0.4271
vn -0.3326 -0.7756 -0.5366
vn 0.1306 -0.8711 -0.4735
vn 0.1366 -0.2752 -0.9516
vn -0.1711 -0.9415 -0.2902
vn -0.0195 -0.9984 -0.0528
vn 0.1130 -0.9935 0.0139
vn -0.0228 -0.9976 0.0661
vn -0.1853 -0.9283 0.3222
vn -0.2946 -0.8908 0.3460
vn 0.0463 -0.9734 0.2246
vn 0.1244 0.9711 0.2035
vn -0.5778 -0.5769 0.5773
vn 0.0399 -0.9674 0.2499
vn -0.5769 0.5778 0.5773
vn -0.1299 0.7153 0.6866
vn -0.5769 0.5778 -0.5773
vn -0.5778 -0.5769 -0.5773
vn 0.2033 -0.9769 0.0663
vn -0.2126 0.2066 0.9551
vn 0.1315 0.3445 0.9295
vn 0.2878 -0.0412 0.9568
vn 0.0089 0.8872 0.4612
vn -0.2671 -0.0542 0.9622
vn -0.1153 -0.0125 0.9933
vn 0.1024 -0.0551 0.9932
vn 0.3038 0.3422 0.8892
vn 0.5058 0.5812 0.6375
vn -0.9045 0.3109 -0.2918
vn -0.9584 0.2672 0.1007
vn -0.6746 0.5974 -0.4336
vn -0.5836 0.5720 0.5764
vn -0.5808 0.5783 -0.5729
vn -0.8597 0.4956 -0.1233
vn -0.8140 0.5256 0.2473
vn -0.6943 0.4324 0.5752
vn -0.1003 0.4425 -0.8911
vn 0.1001 0.4428 -0.8910
vn 0.6338 0.2321 -0.7379
vn -0.6874 0.1161 -0.7170
vn -0.4690 0.0778 -0.8797
vn -0.9132 -0.0543 -0.4038
vn -0.8774 0.0725 -0.4743
vn -0.9104 0.0138 -0.4135
vn -0.9062 0.0656 -0.4178
vn -0.7342 0.1322 -0.6660
vn -0.4111 0.0503 -0.9102
vn -0.4213 -0.0132 -0.9068
vn -0.4100 -0.0601 -0.9101
vn -0.7457 0.6626 0.0704
vn -0.7499 0.3678 -0.5498
vn -0.6325 0.7729 0.0504
vn -0.8688 -0.4872 0.0878
vn -0.8817 -0.4487 0.1459
vn -0.7502 -0.3683 -0.5492
vn -0.9553 -0.2730 0.1134
vn -0.8593 0.4381 -0.2640
vn -1.0000 0.0013 -0.0000
vn -0.0589 -0.9967 -0.0551
vn 0.5971 -0.6444 -0.4776
vn -0.3067 0.3194 -0.8966
vn 0.2186 -0.0504 -0.9745
vn 0.2230 -0.0228 -0.9745
vn 0.1344 0.2759 -0.9517
vn 0.2213 0.0477 -0.9740
vn 0.2204 0.0149 -0.9753
vn -0.0991 -0.9940 0.0466
vn 0.0402 -0.9992 0.0027
vn -0.4637 -0.8839 0.0614
vn 0.6308 -0.7720 0.0778
vn 0.0956 -0.7415 -0.6641
vn 0.9796 -0.2008 0.0029
vn 0.9470 -0.3167 -0.0531
vn 0.8404 -0.4079 0.3568
vn -1.0000 -0.0014 -0.0000
vn 0.1741 0.8624 -0.4753
vn 0.6206 0.6169 -0.4840
vn -0.2154 0.8315 -0.5121
vn -0.4328 0.7950 -0.4250
vn -0.7068 0.3165 -0.6327
vn -0.4452 0.7922 -0.4173
vn -0.6700 0.3042 -0.6772
vn -0.4484 0.8871 -0.1094
vn -0.0281 -0.8932 0.4488
vn 0.9862 0.1655 -0.0077
vn 0.9998 0.0195 -0.0060
vn 0.8389 0.1003 -0.5350
vn 0.8419 -0.0923 -0.5317
vn 0.9980 -0.0628 -0.0014
vn 0.9478 -0.1115 0.2988
vn 0.9812 -0.1931 0.0012
vn 0.8525 -0.3136 0.4182
vn 0.9504 -0.3041 -0.0645
vn 0.8043 -0.2674 -0.5306
vn 0.8024 0.2735 -0.5303
vn 0.8243 0.1913 -0.5329
vn 0.8449 0.0031 -0.5349
vn 0.8257 -0.1894 -0.5313
vn 0.9632 -0.2678 0.0238
vn 0.9252 -0.3782 0.0311
vn 0.5071 -0.6587 0.5559
vn 0.7172 0.0424 0.6956
vn 0.9934 0.1144 0.0040
vn 0.7079 0.1254 0.6951
vn 0.1623 0.2020 0.9658
vn 0.6625 -0.3730 -0.6496
vn 0.9676 -0.2523 -0.0002
vn 0.9689 0.2476 -0.0015
vn 0.9871 0.1597 0.0128
vn 0.8096 0.1193 -0.5747
vn 0.9795 0.0723 -0.1881
vn 0.7180 -0.0455 0.6945
vn 0.6036 -0.1364 -0.7855
vn 0.9810 0.1936 0.0079
vn -0.2048 0.8203 0.5340
vn 0.0132 0.0850 0.9963
vn -0.4654 0.8791 0.1023
vn 0.0807 0.7803 0.6202
vn 0.0682 0.9971 0.0337
vn 0.5996 0.4869 0.6352
vn -0.9677 -0.2419 -0.0713
vn -0.9453 0.3175 0.0751
vn -0.9676 0.2425 -0.0710
vn -0.9414 -0.3242 0.0932
vn -0.0280 0.0360 0.9990
vn -0.0293 -0.0239 0.9993
vn 0.0257 0.0091 0.9996
vn 0.0150 -0.0539 0.9984
vn -0.0384 -0.7505 0.6597
vn -0.0065 -0.7256 0.6881
vn 0.1176 -0.8839 0.4526
vn -0.4534 -0.5586 0.6946
vn -0.1180 -0.6530 0.7481
vn -0.0407 -0.5935 0.8038
vn 0.7224 0.1548 0.6739
vn 0.9669 0.2541 0.0216
vn 0.6842 0.1290 0.7178
vn 0.6965 0.0106 0.7174
vn 0.6742 -0.0797 0.7342
vn 0.7047 -0.1323 0.6970
vn 0.8470 -0.1618 0.5064
vn 0.9410 0.0137 0.3381
vn 0.6891 -0.2853 0.6661
vn 0.6168 -0.2169 0.7566
vn 0.9917 -0.1288 0.0006
vn 0.0657 0.7365 0.6732
vn 0.1154 0.6559 0.7459
vn -0.2426 0.6631 0.7082
vn 0.0530 0.7428 0.6674
vn -0.5836 0.3705 0.7226
vn -0.8144 -0.0995 0.5717
vn -0.7947 0.0119 0.6069
vn -0.6619 -0.1403 0.7363
vn -0.6525 0.3042 0.6941
vn 0.0201 0.0714 0.9972
vn 0.0664 0.0300 0.9973
vn 0.0665 -0.0267 0.9974
vn 0.7441 -0.0389 0.6669
vn 0.7236 0.1929 0.6627
vn 0.6180 -0.4226 0.6630
vn 0.7099 -0.2520 0.6577
vn -0.0375 -0.7524 0.6576
vn 0.1634 -0.7247 0.6694
vn 0.3050 -0.6755 0.6714
vn 0.4753 -0.5727 0.6679
vn -0.3565 -0.6591 0.6622
vn -0.5715 -0.4764 0.6681
vn -0.4355 -0.4226 0.7948
vn -0.4308 0.4129 0.8024
vn -0.6536 0.4580 0.6026
vn -0.6540 -0.4491 0.6087
vn -0.4171 0.6167 0.6676
vn -0.5828 0.4767 0.6581
vn -0.2200 0.7158 0.6628
vn 0.0984 0.7527 0.6510
vn 0.3641 0.6501 0.6669
vn 0.5876 0.4737 0.6560
vn -0.6466 0.0349 0.7621
vn -0.5678 -0.0559 0.8213
vn -0.4924 0.1132 0.8630
vn -0.6397 -0.0335 0.7679
vn -0.0106 -0.1119 0.9937
vn -0.1358 -0.7044 0.6967
vn -0.0800 -0.6279 0.7742
vn 0.7301 -0.1803 0.6591
vn 0.7262 -0.0200 0.6872
vn 0.7303 0.1171 0.6730
vn 0.4288 0.0248 0.9030
vn 0.2026 0.4381 0.8758
vn -0.1400 0.5465 0.8257
vn 0.0744 0.6227 0.7789
vn -0.7226 0.2390 0.6487
vn -0.6946 -0.2348 0.6800
vn -0.6853 0.7202 0.1078
vn -0.5016 0.5573 0.6616
vn -0.2965 -0.9479 0.1170
vn -0.5292 -0.8426 0.1002
vn -0.7156 -0.6894 0.1121
vn -0.8546 -0.5066 0.1143
vn -0.6868 -0.7193 0.1044
vn 0.6398 -0.7601 0.1141
vn 0.4286 -0.8964 0.1130
vn 0.1926 -0.9743 0.1168
vn -0.0511 -0.9922 0.1138
vn 0.8056 -0.5808 0.1172
vn 0.9250 -0.3628 0.1134
vn 0.9229 0.3662 0.1190
vn 0.9868 0.1208 0.1077
vn 0.9867 -0.1218 0.1076
vn 0.8092 0.5768 0.1117
vn 0.6351 0.7644 0.1110
vn 0.4285 0.8966 0.1122
vn 0.2038 0.9737 0.1016
vn -0.0555 0.9919 0.1140
vn -0.8559 0.5053 0.1098
vn -0.7095 0.6957 0.1118
vn -0.5233 0.8437 0.1194
vn -0.2999 0.9464 0.1200
vn -0.5050 -0.5488 0.6663
vn 0.4716 0.4269 0.7716
vn -0.4332 0.4756 0.7656
vn -0.3546 0.5456 0.7593
vn -0.2653 0.5938 0.7596
vn -0.1748 0.6305 0.7562
vn -0.1032 0.6535 0.7499
vn 0.0299 0.6585 0.7520
vn -0.0410 0.6612 0.7491
vn 0.0969 0.6535 0.7507
vn 0.1608 0.6411 0.7504
vn 0.2247 0.6157 0.7553
vn 0.2854 0.5889 0.7562
vn 0.3498 0.5581 0.7525
vn 0.4131 0.5114 0.7535
vn 0.5338 0.3366 0.7757
vn 0.5707 0.2647 0.7773
vn 0.5998 0.1934 0.7764
vn 0.6186 0.1085 0.7781
vn 0.6204 -0.0003 0.7843
vn 0.6185 -0.1122 0.7777
vn 0.6016 -0.1995 0.7734
vn 0.5466 -0.2988 0.7823
vn 0.4757 -0.4188 0.7735
vn 0.4189 -0.5093 0.7518
vn 0.3250 -0.5645 0.7588
vn 0.2369 -0.6097 0.7564
vn 0.1685 -0.6386 0.7508
vn 0.1055 -0.6533 0.7497
vn 0.0364 -0.6584 0.7517
vn -0.0955 -0.6547 0.7498
vn -0.1633 -0.6359 0.7543
vn -0.0331 -0.6619 0.7489
vn -0.2346 -0.6151 0.7527
vn -0.2911 -0.5890 0.7539
vn -0.3549 -0.5474 0.7579
vn -0.4127 -0.5059 0.7575
vn -0.4596 -0.4528 0.7640
vn -0.5798 -0.2662 0.7701
vn -0.5042 -0.3887 0.7712
vn -0.5461 -0.3283 0.7707
vn -0.5638 0.2993 0.7698
vn -0.5095 0.3944 0.7647
vn -0.5951 0.0099 -0.8036
vn -0.6040 -0.7536 -0.2594
vn -0.6043 -0.5516 0.5749
vn -0.6045 0.7735 -0.1907
vn -0.5948 0.3898 0.7031
vn -0.8483 0.2897 0.4433
vn -0.8777 -0.3065 0.3685
vn -0.8516 -0.4982 -0.1634
vn -0.8420 -0.0631 -0.5358
vn -0.8232 0.4271 -0.3740
vn -0.7980 0.5987 0.0693
vn -0.8091 0.2425 0.5353
vn -0.7981 0.5730 0.1864
vn -0.7666 -0.6302 0.1232
vn -0.7944 -0.2629 0.5475
vn -0.7885 -0.3845 -0.4801
vn -0.7880 0.5269 -0.3186
vn -0.8105 0.0987 -0.5774
vn 0.4226 0.1950 -0.8851
vn 0.4265 -0.7537 -0.5000
vn 0.4480 -0.7248 0.5234
vn 0.4283 0.1247 0.8950
vn 0.4465 0.7655 0.4633
vn 0.4425 0.8573 -0.2631
vn 0.8067 -0.2101 -0.5524
vn 0.8027 -0.5815 0.1321
vn 0.7950 0.2423 0.5561
vn 0.8609 0.4253 -0.2792
vn -0.2715 0.9129 -0.3048
vn -0.3549 0.6173 0.7021
vn -0.7127 -0.1507 0.6851
vn -0.5082 -0.5929 0.6247
vn -0.2689 -0.6540 -0.7071
vn -0.6422 0.0082 0.7665
vn -0.6231 0.2156 -0.7519
vn 0.1552 -0.8398 0.5203
vn 0.0997 -0.8641 -0.4934
vn 0.5399 -0.1272 -0.8321
vn 0.6989 0.3216 -0.6389
vn 0.6382 0.7674 0.0614
vn 0.6668 0.2980 0.6831
vn 0.6448 -0.6801 0.3487
vn 0.6197 -0.7196 -0.3134
vn 0.6581 -0.2590 0.7070
vn 0.7901 -0.2223 -0.5712
vn 0.8957 0.4445 0.0133
vn 0.7748 0.2257 0.5905
vn 0.8456 0.1632 0.5083
vn 0.9863 -0.0375 -0.1606
vn 0.8681 -0.2036 0.4527
vn 0.8350 0.2596 0.4852
vn 0.9625 0.2703 0.0241
vn 0.5998 -0.1620 0.7836
vn 0.0005 0.9923 0.1237
vn 0.3142 0.9444 0.0966
vn 0.2943 -0.8447 0.4471
vn 0.2450 0.8342 -0.4940
vn -0.1660 -0.8816 0.4418
vn 0.0076 0.7548 -0.6560
vn -0.0080 0.6036 0.7973
vn 0.6304 -0.1889 -0.7530
vn 0.6152 0.3444 -0.7092
vn 0.6437 0.6885 0.3342
vn 0.3914 -0.5676 0.7243
vn 0.5612 -0.8272 0.0264
vn 0.4090 -0.6751 -0.6140
vn 0.3928 -0.4401 0.8075
vn 0.5045 -0.2685 0.8206
vn 0.5299 -0.8079 0.2581
vn 0.5060 -0.6927 -0.5139
vn 0.5456 -0.0434 -0.8369
vn 0.4353 0.7043 -0.5607
vn 0.3799 0.9017 0.2065
vn 0.5684 0.5872 0.5763
vn -0.3321 -0.3189 -0.8877
vn -0.4282 -0.5472 -0.7192
vn -0.5717 -0.0719 0.8173
vn -0.6383 0.0176 -0.7695
vn 0.0095 -0.8515 0.5243
vn 0.1768 -0.7216 -0.6694
vn 0.4467 -0.7361 -0.5085
vn 0.4509 -0.1832 -0.8736
vn 0.4652 0.8572 -0.2210
vn 0.2231 0.9382 0.2645
vn 0.5412 0.4440 0.7141
vn 0.4719 -0.8791 0.0669
vn 0.4306 0.4565 -0.7786
vn 0.4568 -0.6583 0.5983
vn 0.4015 -0.2029 0.8931
vn 0.5840 -0.0642 0.8092
vn -0.6319 -0.3333 0.6997
vn -0.5743 -0.7600 0.3041
vn -0.6494 -0.7200 -0.2446
vn -0.6252 -0.4382 -0.6459
vn -0.6530 0.0180 -0.7571
vn -0.4612 0.5053 -0.7294
vn -0.6414 0.7154 -0.2772
vn -0.6394 0.6730 0.3717
vn -0.6191 0.2193 0.7541
vn 0.4753 0.0154 -0.8797
vn -0.2369 -0.9188 0.3157
vn -0.2679 0.7531 -0.6009
vn -0.2720 0.8884 0.3697
vn 0.1310 0.6021 0.7876
vn -0.6692 -0.2856 -0.6860
vn -0.9031 -0.3984 0.1605
vn -0.5508 0.8291 -0.0962
vn -0.6486 0.0664 0.7582
vn 0.8801 -0.3870 -0.2752
vn 0.7328 -0.4189 0.5362
vn 0.4801 0.1837 -0.8578
vn 0.4449 0.8567 -0.2612
vn 0.4824 0.5613 0.6725
vn -0.2211 -0.3597 -0.9065
vn -0.6565 -0.0645 0.7516
vn -0.4797 -0.5870 -0.6521
vn 0.5388 -0.8421 -0.0251
vn 0.5098 -0.6782 -0.5293
vn 0.5314 -0.2804 -0.7993
vn 0.5602 0.5594 -0.6110
vn 0.5470 0.7993 0.2489
vn 0.5399 0.1125 0.8342
vn 0.5160 -0.3149 0.7966
vn 0.4543 -0.7433 0.4911
vn -0.7901 -0.0186 -0.6127
vn -0.2224 0.4835 -0.8466
vn -0.2164 0.8350 -0.5059
vn -0.2360 0.9706 -0.0481
vn -0.2397 0.8292 0.5049
vn -0.2645 0.4972 0.8263
vn -0.2329 0.0417 0.9716
vn -0.2380 -0.4900 0.8386
vn -0.2096 -0.8246 0.5255
vn -0.2218 -0.9737 0.0515
vn -0.2403 -0.8421 -0.4828
vn -0.2341 -0.5064 -0.8299
vn -0.2154 -0.0585 -0.9748
vn -0.6122 0.2334 0.7555
vn -0.6164 0.3578 -0.7015
vn -0.6258 -0.3574 -0.6933
vn -0.6044 0.7949 0.0526
vn -0.6080 -0.6109 0.5071
vn -0.6350 -0.7400 -0.2217
vn -0.8417 0.2941 0.4527
vn -0.8976 -0.1398 0.4181
vn -0.8516 -0.5074 0.1318
vn -0.8629 -0.4892 -0.1267
vn -0.9027 -0.1964 -0.3828
vn -0.8448 0.2115 -0.4916
vn -0.8202 0.4968 -0.2837
vn -0.8214 0.5360 0.1946
vn -0.8006 -0.5957 0.0650
vn -0.8422 -0.1802 0.5081
vn -0.8603 -0.2276 -0.4562
vn -0.8072 0.3341 -0.4867
vn -0.8000 0.4436 0.4040
vn -0.8013 0.5939 -0.0722
vn 0.4035 0.0169 -0.9148
vn 0.3569 -0.7522 -0.5540
vn 0.2607 -0.8882 0.3783
vn 0.4841 -0.4438 0.7541
vn 0.4471 0.2165 0.8679
vn 0.4314 0.8322 0.3484
vn 0.4059 0.7566 -0.5127
vn 0.7049 -0.4194 -0.5720
vn 0.3255 0.1919 -0.9259
vn 0.8702 0.4689 0.1511
vn -0.4410 0.5368 -0.7193
vn -0.2584 0.7339 0.6282
vn 0.2467 -0.8411 0.4814
vn -0.5188 -0.0108 0.8549
vn -0.2777 -0.1747 -0.9446
vn 0.1536 -0.7266 0.6696
vn -0.0554 -0.9697 -0.2380
vn 0.0065 0.7690 -0.6392
vn 0.0033 0.0006 1.0000
vn 0.5217 0.0161 0.8530
vn 0.9844 0.1698 -0.0452
vn 0.8300 0.0532 -0.5552
vn 0.9857 -0.1221 0.1160
vn 0.8303 -0.0571 0.5543
vn 0.9463 -0.0188 -0.3227
vn 0.9710 -0.1349 -0.1974
vn 0.9262 0.0001 -0.3771
vn 0.5048 0.4930 0.7086
vn 0.9624 -0.1027 0.2516
vn 0.7439 0.6279 0.2290
vn 0.8968 -0.4128 -0.1595
vn 0.9639 0.2406 0.1144
vn 0.9349 0.3238 0.1451
vn 0.6184 0.2420 -0.7476
vn 0.9448 -0.1078 0.3095
vn 0.8830 -0.4041 -0.2387
vn 0.9481 0.2620 0.1801
vn 0.9819 0.1796 0.0598
vn 0.4225 -0.8535 -0.3051
vn 0.9481 0.2497 -0.1971
vn 0.4475 -0.0338 -0.8936
vn -0.0536 -0.7625 -0.6447
vn 0.4862 -0.5639 -0.6676
vn 0.5806 0.6204 0.5273
vn 0.5065 -0.6417 0.5759
vn 0.6427 -0.0043 -0.7661
vn 0.5609 0.6842 -0.4661
vn 0.7980 0.6022 0.0231
vn 0.7026 -0.7113 -0.0182
vn 0.6360 0.1355 0.7597
vn 0.0479 0.9720 -0.2299
vn 0.0850 0.8320 0.5482
vn 0.8011 0.3375 0.4942
vn 0.8517 -0.1399 0.5050
vn 0.8702 -0.4762 -0.1266
vn 0.8623 0.1014 -0.4962
vn 0.0036 -0.0232 -0.9997
vn 0.6631 0.6794 -0.3142
vn 0.6115 0.7417 0.2756
vn 0.6547 -0.6408 -0.4010
vn 0.7133 -0.6989 0.0523
vn 0.6546 0.3506 0.6697
vn 0.6616 -0.2259 -0.7150
vn 0.6471 -0.1388 0.7497
vn 0.6713 -0.5495 0.4974
vn 0.6419 0.2911 -0.7094
vn -0.1754 0.7577 0.6286
vn -0.0587 -0.8375 0.5433
vn 0.8010 0.0841 -0.5928
vn 0.7873 -0.2870 -0.5457
vn 0.7957 -0.5595 -0.2318
vn 0.7995 -0.5672 0.1975
vn 0.7865 -0.2657 0.5576
vn 0.8193 0.2038 0.5359
vn 0.8072 0.5437 0.2297
vn 0.8109 0.5282 -0.2518
vn -0.5116 -0.0766 0.8558
vn -0.4043 0.0890 -0.9103
vn 0.6709 -0.7376 0.0761
vn 0.6113 -0.6433 -0.4611
vn 0.6646 -0.3166 -0.6768
vn 0.6599 0.0646 -0.7486
vn 0.6526 0.4084 -0.6382
vn 0.6563 0.6749 -0.3373
vn 0.6647 0.7468 0.0214
vn 0.6385 0.6630 0.3908
vn 0.6565 0.3740 0.6551
vn 0.6630 0.0655 0.7457
vn 0.6438 -0.2482 0.7238
vn 0.6625 -0.5575 0.5003
vn 0.1369 -0.9215 -0.3634
vn 0.5085 -0.2972 -0.8082
vn -0.0671 -0.0523 0.9964
vn -0.6242 -0.7062 -0.3343
vn -0.6224 -0.2353 -0.7465
vn -0.6490 0.5549 0.5204
vn 0.5077 0.0304 0.8610
vn -0.6362 0.1245 0.7615
vn -0.6199 -0.4219 0.6616
vn -0.6265 -0.7441 0.2318
vn -0.6188 0.3230 -0.7161
vn -0.6220 0.7021 -0.3466
vn -0.6619 0.7417 0.1085
vn -0.1251 -0.8013 0.5851
vn 0.4623 0.1555 -0.8730
vn -0.2515 0.7787 -0.5749
vn -0.1476 0.8800 0.4515
vn -0.6756 -0.5516 -0.4891
vn -0.3276 -0.9197 0.2164
vn -0.3248 -0.2897 0.9003
vn -0.7311 0.6466 0.2179
vn -0.3408 0.5112 -0.7890
vn 0.4524 -0.5525 -0.7001
vn 0.8413 0.5366 -0.0658
vn 0.4975 0.4553 0.7384
vn -0.5394 0.4284 0.7249
vn -0.5310 -0.4221 0.7348
vn -0.5876 -0.5652 -0.5791
vn 0.4503 -0.0125 0.8928
vn 0.4659 -0.5567 0.6877
vn 0.4606 -0.8643 -0.2020
vn 0.4803 -0.0159 -0.8770
vn 0.4655 0.5511 -0.6925
vn 0.5132 0.8161 -0.2658
vn 0.4880 0.7952 0.3598
vn -0.7907 0.0843 0.6064
vn -0.7673 0.0111 -0.6412
vn 0.4147 -0.8399 0.3501
vn -0.2232 0.1629 -0.9611
vn -0.2234 -0.3867 -0.8947
vn -0.2041 -0.7545 -0.6238
vn -0.2399 -0.9510 -0.1949
vn -0.2009 -0.9227 0.3289
vn -0.2404 -0.5607 0.7923
vn -0.2290 -0.0102 0.9734
vn -0.2278 0.5532 0.8013
vn -0.2039 0.9025 0.3794
vn -0.2017 0.9621 -0.1836
vn -0.2378 0.6651 -0.7079
s 1
f 1//1 2//2 3//3
f 1//1 3//3 4//4
f 5//5 2//2 6//6
f 5//5 7//7 8//8
f 8//8 7//7 9//9
f 10//10 4//4 11//11
f 12//12 13//13 14//14
f 13//13 15//15 14//14
f 13//13 12//12 1//1
f 16//16 1//1 12//12
f 1//1 17//17 15//15
f 1//1 15//15 13//13
f 13//13 18//18 9//9
f 9//9 18//18 19//19
f 9//9 10//10 11//11
f 9//9 11//11 8//8
f 18//18 20//20 19//19
f 9//9 19//19 10//10
f 10//10 19//19 21//21
f 4//4 10//10 20//20
f 18//18 1//1 4//4
f 18//18 4//4 20//20
f 18//18 22//22 1//1
f 1//1 22//22 13//13
f 13//13 22//22 23//23
f 24//24 18//18 23//23
f 23//23 18//18 13//13
f 18//18 24//24 25//25
f 7//7 26//26 6//6
f 27//27 26//26 7//7
f 7//7 5//5 27//27
f 6//6 27//27 5//5
f 28//28 29//29 7//7
f 7//7 29//29 30//30
f 30//30 29//29 31//31
f 6//6 2//2 1//1
f 6//6 1//1 7//7
f 7//7 1//1 28//28
f 32//32 33//33 13//13
f 13//13 33//33 1//1
f 1//1 33//33 28//28
f 13//13 30//30 32//32
f 32//32 30//30 31//31
f 34//34 2//2 35//35
f 35//35 2//2 5//5
f 35//35 5//5 36//36
f 36//36 5//5 8//8
f 36//36 8//8 37//37
f 37//37 8//8 11//11
f 37//37 11//11 38//38
f 38//38 11//11 4//4
f 38//38 4//4 39//39
f 4//4 3//3 39//39
f 39//39 3//3 34//34
f 34//34 3//3 2//2
f 14//14 15//15 40//40
f 40//40 15//15 41//41
f 41//41 15//15 17//17
f 41//41 17//17 42//42
f 17//17 1//1 16//16
f 16//16 12//12 43//43
f 43//43 12//12 14//14
f 43//43 14//14 40//40
f 27//27 44//44 26//26
f 26//26 44//44 45//45
f 26//26 45//45 6//6
f 6//6 45//45 46//46
f 6//6 46//46 27//27
f 27//27 46//46 47//47
f 28//28 48//48 49//49
f 28//28 49//49 29//29
f 29//29 49//49 31//31
f 31//31 49//49 50//50
f 31//31 50//50 32//32
f 32//32 50//50 51//51
f 32//32 51//51 33//33
f 33//33 51//51 48//48
f 33//33 48//48 28//28
f 18//18 25//25 22//22
f 22//22 25//25 52//52
f 22//22 52//52 23//23
f 23//23 52//52 53//53
f 23//23 53//53 54//54
f 23//23 54//54 24//24
f 24//24 54//54 55//55
f 24//24 55//55 25//25
f 21//21 56//56 57//57
f 21//21 57//57 10//10
f 10//10 57//57 20//20
f 20//20 57//57 58//58
f 20//20 58//58 19//19
f 19//19 58//58 59//59
f 19//19 59//59 21//21
f 60//60 7//7 61//61
f 61//61 7//7 30//30
f 61//61 30//30 62//62
f 62//62 30//30 13//13
f 62//62 13//13 63//63
f 63//63 13//13 9//9
f 63//63 9//9 60//60
f 60//60 9//9 7//7
f 37//37 38//38 60//60
f 60//60 38//38 39//39
f 37//37 60//60 36//36
f 39//39 34//34 42//42
f 36//36 47//47 35//35
f 17//17 16//16 42//42
f 16//16 43//43 42//42
f 42//42 43//43 62//62
f 62//62 43//43 40//40
f 40//40 41//41 42//42
f 36//36 60//60 47//47
f 46//46 45//45 60//60
f 60//60 45//45 44//44
f 27//27 47//47 44//44
f 44//44 47//47 60//60
f 47//47 34//34 35//35
f 47//47 46//46 34//34
f 49//49 48//48 60//60
f 60//60 48//48 42//42
f 60//60 42//42 34//34
f 60//60 34//34 46//46
f 61//61 50//50 49//49
f 61//61 49//49 60//60
f 51//51 40//40 42//42
f 51//51 42//42 48//48
f 40//40 51//51 50//50
f 62//62 40//40 61//61
f 61//61 40//40 50//50
f 58//58 57//57 39//39
f 39//39 57//57 60//60
f 55//55 59//59 58//58
f 57//57 56//56 60//60
f 60//60 56//56 59//59
f 59//59 56//56 21//21
f 53//53 52//52 42//42
f 55//55 54//54 62//62
f 52//52 25//25 42//42
f 42//42 25//25 55//55
f 42//42 55//55 39//39
f 39//39 55//55 58//58
f 42//42 62//62 53//53
f 53//53 62//62 54//54
f 55//55 62//62 63//63
f 55//55 63//63 59//59
f 59//59 63//63 60//60
f 64//64 65//65 66//66
f 66//66 67//67 64//64
f 68//68 64//64 67//67
f 69//69 70//70 71//71
f 72//72 73//73 71//71
f 74//74 73//73 72//72
f 75//75 76//76 71//71
f 67//67 77//77 68//68
f 67//67 66//66 77//77
f 64//64 78//78 79//79
f 64//64 79//79 65//65
f 64//64 68//68 80//80
f 64//64 80//80 78//78
f 71//71 76//76 72//72
f 70//70 69//69 81//81
f 82//82 83//83 71//71
f 84//84 83//83 82//82
f 73//73 74//74 85//85
f 73//73 82//82 71//71
f 83//83 69//69 71//71
f 82//82 73//73 85//85
f 75//75 70//70 81//81
f 70//70 75//75 71//71
f 79//79 86//86 65//65
f 87//87 88//88 78//78
f 84//84 82//82 85//85
f 84//84 85//85 89//89
f 84//84 89//89 83//83
f 65//65 90//90 66//66
f 86//86 79//79 78//78
f 77//77 91//91 68//68
f 87//87 78//78 80//80
f 87//87 80//80 68//68
f 92//92 77//77 66//66
f 77//77 92//92 91//91
f 93//93 89//89 85//85
f 93//93 85//85 74//74
f 94//94 83//83 89//89
f 83//83 94//94 69//69
f 69//69 94//94 95//95
f 95//95 81//81 69//69
f 81//81 95//95 96//96
f 81//81 96//96 75//75
f 75//75 96//96 97//97
f 98//98 76//76 97//97
f 97//97 76//76 75//75
f 76//76 98//98 99//99
f 76//76 99//99 72//72
f 72//72 99//99 74//74
f 93//93 74//74 99//99
f 66//66 90//90 100//100
f 90//90 65//65 101//101
f 102//102 101//101 65//65
f 102//102 65//65 86//86
f 103//103 78//78 88//88
f 92//92 66//66 104//104
f 104//104 66//66 100//100
f 94//94 105//105 95//95
f 95//95 105//105 106//106
f 95//95 106//106 107//107
f 95//95 107//107 96//96
f 96//96 107//107 108//108
f 96//96 108//108 97//97
f 97//97 108//108 98//98
f 108//108 109//109 98//98
f 98//98 109//109 110//110
f 98//98 110//110 99//99
f 99//99 110//110 111//111
f 99//99 111//111 93//93
f 93//93 111//111 112//112
f 93//93 112//112 89//89
f 94//94 89//89 105//105
f 100//100 90//90 101//101
f 102//102 86//86 103//103
f 103//103 86//86 78//78
f 87//87 113//113 88//88
f 68//68 114//114 113//113
f 68//68 113//113 87//87
f 115//115 68//68 91//91
f 92//92 116//116 91//91
f 91//91 116//116 115//115
f 92//92 104//104 116//116
f 117//117 107//107 106//106
f 118//118 89//89 112//112
f 104//104 119//119 116//116
f 68//68 115//115 114//114
f 120//120 113//113 114//114
f 120//120 114//114 115//115
f 121//121 115//115 116//116
f 122//122 100//100 101//101
f 122//122 101//101 102//102
f 122//122 102//102 103//103
f 120//120 115//115 121//121
f 119//119 121//121 116//116
f 123//123 104//104 100//100
f 123//123 100//100 122//122
f 122//122 103//103 124//124
f 124//124 103//103 88//88
f 124//124 88//88 125//125
f 125//125 88//88 113//113
f 125//125 113//113 120//120
f 126//126 119//119 104//104
f 126//126 104//104 123//123
f 127//127 125//125 128//128
f 127//127 124//124 125//125
f 122//122 124//124 129//129
f 129//129 124//124 127//127
f 122//122 129//129 130//130
f 130//130 123//123 122//122
f 131//131 123//123 130//130
f 126//126 123//123 131//131
f 132//132 119//119 126//126
f 119//119 132//132 133//133
f 133//133 121//121 119//119
f 133//133 120//120 121//121
f 128//128 125//125 134//134
f 134//134 125//125 120//120
f 105//105 89//89 118//118
f 134//134 120//120 133//133
f 132//132 126//126 131//131
f 135//135 134//134 133//133
f 132//132 131//131 136//136
f 136//136 131//131 130//130
f 137//137 130//130 129//129
f 137//137 129//129 138//138
f 138//138 129//129 127//127
f 139//139 109//109 140//140
f 140//140 109//109 108//108
f 140//140 108//108 141//141
f 141//141 108//108 142//142
f 142//142 108//108 107//107
f 142//142 107//107 117//117
f 142//142 117//117 143//143
f 143//143 117//117 144//144
f 144//144 117//117 106//106
f 144//144 106//106 145//145
f 145//145 106//106 105//105
f 145//145 105//105 146//146
f 146//146 105//105 118//118
f 146//146 118//118 147//147
f 147//147 118//118 112//112
f 147//147 112//112 148//148
f 148//148 112//112 111//111
f 148//148 111//111 149//149
f 149//149 111//111 139//139
f 139//139 111//111 110//110
f 139//139 110//110 109//109
f 150//150 135//135 133//133
f 150//150 133//133 151//151
f 151//151 133//133 132//132
f 151//151 132//132 152//152
f 152//152 132//132 136//136
f 127//127 153//153 138//138
f 137//137 154//154 130//130
f 130//130 154//154 136//136
f 134//134 135//135 155//155
f 134//134 155//155 128//128
f 128//128 155//155 156//156
f 128//128 156//156 127//127
f 127//127 156//156 153//153
f 154//154 157//157 136//136
f 136//136 158//158 152//152
f 143//143 141//141 142//142
f 145//145 146//146 147//147
f 148//148 149//149 139//139
f 135//135 159//159 160//160
f 161//161 152//152 158//158
f 136//136 162//162 158//158
f 157//157 162//162 136//136
f 162//162 157//157 163//163
f 163//163 157//157 154//154
f 164//164 163//163 154//154
f 137//137 164//164 154//154
f 138//138 164//164 137//137
f 138//138 165//165 164//164
f 153//153 165//165 138//138
f 165//165 153//153 166//166
f 166//166 153//153 167//167
f 167//167 153//153 156//156
f 155//155 168//168 156//156
f 156//156 168//168 167//167
f 135//135 168//168 155//155
f 135//135 160//160 168//168
f 169//169 159//159 150//150
f 150//150 159//159 135//135
f 151//151 169//169 150//150
f 161//161 169//169 151//151
f 152//152 161//161 151//151
f 141//141 143//143 170//170
f 170//170 143//143 144//144
f 144//144 145//145 171//171
f 171//171 145//145 147//147
f 171//171 147//147 172//172
f 172//172 147//147 148//148
f 172//172 148//148 173//173
f 173//173 148//148 139//139
f 173//173 139//139 174//174
f 174//174 139//139 140//140
f 175//175 176//176 177//177
f 177//177 178//178 175//175
f 179//179 180//180 181//181
f 181//181 180//180 182//182
f 179//179 181//181 176//176
f 176//176 181//181 177//177
f 140//140 141//141 174//174
f 141//141 183//183 174//174
f 170//170 144//144 171//171
f 170//170 184//184 141//141
f 141//141 184//184 183//183
f 172//172 185//185 171//171
f 173//173 186//186 172//172
f 174//174 186//186 173//173
f 187//187 167//167 188//188
f 166//166 167//167 187//187
f 183//183 189//189 190//190
f 191//191 192//192 193//193
f 194//194 195//195 187//187
f 196//196 176//176 197//197
f 175//175 197//197 176//176
f 175//175 198//198 197//197
f 178//178 198//198 175//175
f 178//178 199//199 198//198
f 199//199 178//178 200//200
f 200//200 178//178 177//177
f 177//177 201//201 200//200
f 202//202 201//201 181//181
f 181//181 201//201 177//177
f 182//182 202//202 181//181
f 179//179 182//182 180//180
f 179//179 203//203 182//182
f 176//176 196//196 179//179
f 179//179 196//196 203//203
f 168//168 188//188 167//167
f 168//168 160//160 188//188
f 165//165 166//166 164//164
f 187//187 195//195 166//166
f 204//204 205//205 161//161
f 206//206 207//207 208//208
f 195//195 206//206 164//164
f 204//204 161//161 158//158
f 204//204 158//158 208//208
f 208//208 158//158 162//162
f 208//208 162//162 163//163
f 206//206 163//163 164//164
f 164//164 166//166 195//195
f 207//207 204//204 208//208
f 206//206 208//208 163//163
f 209//209 193//193 210//210
f 209//209 210//210 211//211
f 212//212 211//211 213//213
f 211//211 212//212 214//214
f 193//193 192//192 210//210
f 211//211 210//210 213//213
f 171//171 210//210 192//192
f 171//171 192//192 170//170
f 170//170 192//192 184//184
f 192//192 189//189 184//184
f 184//184 189//189 183//183
f 183//183 215//215 174//174
f 174//174 215//215 212//212
f 174//174 212//212 186//186
f 186//186 212//212 213//213
f 186//186 213//213 172//172
f 172//172 213//213 185//185
f 185//185 213//213 210//210
f 185//185 210//210 171//171
f 216//216 194//194 187//187
f 216//216 187//187 188//188
f 191//191 190//190 189//189
f 191//191 189//189 192//192
f 207//207 197//197 209//209
f 207//207 196//196 197//197
f 207//207 206//206 196//196
f 196//196 206//206 203//203
f 217//217 182//182 203//203
f 218//218 202//202 182//182
f 219//219 200//200 201//201
f 193//193 209//209 198//198
f 198//198 209//209 197//197
f 203//203 195//195 194//194
f 203//203 194//194 217//217
f 206//206 195//195 203//203
f 220//220 191//191 193//193
f 221//221 222//222 220//220
f 221//221 199//199 219//219
f 219//219 199//199 200//200
f 218//218 217//217 223//223
f 182//182 217//217 218//218
f 193//193 198//198 220//220
f 220//220 198//198 199//199
f 220//220 199//199 221//221
f 216//216 223//223 217//217
f 216//216 217//217 194//194
f 159//159 169//169 205//205
f 161//161 205//205 169//169
f 160//160 224//224 188//188
f 224//224 160//160 159//159
f 205//205 204//204 214//214
f 209//209 211//211 207//207
f 204//204 211//211 214//214
f 211//211 204//204 207//207
f 212//212 215//215 214//214
f 190//190 214//214 215//215
f 190//190 215//215 183//183
f 191//191 225//225 190//190
f 191//191 220//220 225//225
f 225//225 220//220 222//222
f 226//226 218//218 223//223
f 222//222 221//221 226//226
f 226//226 221//221 219//219
f 201//201 226//226 219//219
f 226//226 201//201 202//202
f 226//226 202//202 218//218
f 223//223 216//216 227//227
f 216//216 188//188 224//224
f 216//216 224//224 159//159
f 214//214 190//190 225//225
f 159//159 205//205 214//214
f 228//228 227//227 216//216
f 228//228 216//216 225//225
f 225//225 216//216 214//214
f 214//214 216//216 159//159
f 222//222 228//228 225//225
f 226//226 223//223 227//227
f 228//228 222//222 226//226
f 228//228 226//226 227//227
f 229//229 230//230 231//231
f 231//231 230//230 232//232
f 232//232 230//230 233//233
f 233//233 230//230 234//234
f 234//234 230//230 229//229
f 235//235 236//236 237//237
f 238//238 239//239 240//240
f 236//236 235//235 241//241
f 232//232 242//242 236//236
f 232//232 236//236 231//231
f 231//231 236//236 241//241
f 231//231 241//241 229//229
f 240//240 239//239 237//237
f 229//229 241//241 234//234
f 234//234 241//241 238//238
f 242//242 232//232 240//240
f 238//238 233//233 234//234
f 238//238 240//240 233//233
f 233//233 240//240 232//232
f 243//243 242//242 240//240
f 243//243 240//240 244//244
f 244//244 240//240 237//237
f 244//244 237//237 245//245
f 245//245 237//237 236//236
f 245//245 236//236 246//246
f 246//246 236//236 242//242
f 246//246 242//242 243//243
f 239//239 238//238 247//247
f 247//247 238//238 248//248
f 249//249 235//235 245//245
f 245//245 235//235 237//237
f 245//245 237//237 250//250
f 250//250 237//237 239//239
f 250//250 239//239 247//247
f 241//241 235//235 251//251
f 251//251 235//235 249//249
f 238//238 241//241 248//248
f 248//248 241//241 251//251
f 251//251 252//252 248//248
f 248//248 252//252 230//230
f 248//248 230//230 247//247
f 249//249 245//245 246//246
f 249//249 246//246 230//230
f 230//230 246//246 243//243
f 230//230 251//251 249//249
f 252//252 251//251 230//230
f 230//230 243//243 247//247
f 247//247 243//243 244//244
f 245//245 250//250 244//244
f 244//244 250//250 247//247
f 253//253 254//254 255//255
f 255//255 254//254 256//256
f 256//256 254//254 257//257
f 256//256 257//257 258//258
f 258//258 257//257 259//259
f 259//259 257//257 254//254
f 259//259 254//254 260//260
f 260//260 254//254 253//253
f 261//261 262//262 263//263
f 264//264 265//265 266//266
f 267//267 268//268 265//265
f 268//268 269//269 265//265
f 263//263 262//262 270//270
f 253//253 270//270 260//260
f 270//270 253//253 263//263
f 267//267 259//259 260//260
f 267//267 260//260 268//268
f 268//268 260//260 270//270
f 258//258 267//267 271//271
f 258//258 271//271 256//256
f 253//253 255//255 263//263
f 263//263 255//255 271//271
f 271//271 255//255 256//256
f 259//259 267//267 258//258
f 272//272 269//269 266//266
f 266//266 269//269 268//268
f 266//266 268//268 273//273
f 273//273 268//268 270//270
f 273//273 270//270 274//274
f 274//274 270//270 262//262
f 274//274 262//262 272//272
f 272//272 262//262 269//269
f 263//263 271//271 261//261
f 261//261 271//271 275//275
f 266//266 265//265 269//269
f 272//272 262//262 261//261
f 267//267 265//265 276//276
f 276//276 265//265 264//264
f 271//271 267//267 275//275
f 275//275 267//267 276//276
f 275//275 276//276 257//257
f 276//276 254//254 257//257
f 273//273 254//254 276//276
f 254//254 261//261 275//275
f 254//254 275//275 257//257
f 274//274 261//261 254//254
f 254//254 273//273 274//274
f 273//273 276//276 264//264
f 273//273 264//264 266//266
f 272//272 261//261 274//274
f 277//277 278//278 279//279
f 280//280 279//279 278//278
f 279//279 280//280 277//277
f 281//281 278//278 277//277
f 282//282 277//277 280//280
f 281//281 277//277 282//282
f 282//282 280//280 278//278
f 282//282 278//278 281//281
f 283//283 284//284 285//285
f 283//283 285//285 286//286
f 283//283 286//286 284//284
f 287//287 285//285 284//284
f 287//287 284//284 286//286
f 286//286 285//285 287//287
f 288//9 289//288 290//289
f 290//289 289//288 291//290
f 292//291 293//292 294//293
f 294//293 293//292 295//294
f 296//295 297//296 298//297
f 299//298 292//291 300//299
f 300//299 292//291 294//293
f 294//293 295//294 296//295
f 296//295 295//294 301//300
f 296//295 301//300 302//301
f 296//295 300//299 294//293
f 298//297 300//299 296//295
f 298//297 303//302 300//299
f 304//303 305//304 290//289
f 290//289 305//304 288//9
f 306//305 304//303 291//290
f 291//290 304//303 290//289
f 307//306 306//305 289//288
f 289//288 306//305 291//290
f 305//304 307//306 288//9
f 288//9 307//306 289//288
f 293//292 308//307 295//294
f 295//294 308//307 301//300
f 299//298 308//307 292//291
f 292//291 308//307 293//292
f 309//308 298//297 297//296
f 297//296 302//301 309//308
f 296//295 302//301 297//296
f 310//309 311//310 312//311
f 313//312 314//313 315//314
f 316//315 315//314 317//316
f 316//315 317//316 310//309
f 310//309 317//316 311//310
f 313//312 318//317 314//313
f 314//313 318//317 319//318
f 318//317 320//319 319//318
f 320//319 318//317 312//311
f 311//310 320//319 312//311
f 316//315 310//309 312//311
f 306//305 307//306 321//320
f 299//298 322//321 323//322
f 307//306 324//323 321//320
f 304//303 325//324 305//304
f 305//304 325//324 322//321
f 324//323 300//299 303//302
f 322//321 325//324 323//322
f 323//322 325//324 304//303
f 323//322 304//303 303//302
f 303//302 304//303 306//305
f 303//302 306//305 321//320
f 303//302 321//320 324//323
f 305//304 322//321 299//298
f 305//304 299//298 307//306
f 307//306 299//298 300//299
f 307//306 300//299 324//323
f 326//325 317//316 327//326
f 327//326 317//316 328//327
f 315//314 314//313 328//327
f 309//308 320//319 329//328
f 319//318 320//319 302//301
f 311//310 317//316 326//325
f 328//327 314//313 327//326
f 327//326 314//313 308//307
f 308//307 314//313 319//318
f 308//307 319//318 301//300
f 301//300 319//318 302//301
f 320//319 311//310 329//328
f 329//328 311//310 326//325
f 324//323 330//329 321//320
f 322//321 331//330 325//324
f 252//252 332//331 333//332
f 328//327 317//316 315//314
f 334//333 302//301 320//319
f 309//308 334//333 320//319
f 302//301 334//333 309//308
f 326//325 327//326 335//334
f 327//326 308//307 335//334
f 308//307 299//298 323//322
f 326//325 335//334 323//322
f 303//302 298//297 309//308
f 309//308 329//328 303//302
f 303//302 329//328 326//325
f 303//302 326//325 323//322
f 336//335 337//336 338//337
f 339//338 336//335 338//337
f 340//339 341//340 342//341
f 341//340 340//339 343//342
f 344//343 341//340 345//344
f 340//339 342//341 346//345
f 342//341 347//346 346//345
f 346//345 347//346 348//347
f 343//342 345//344 341//340
f 338//337 323//322 335//334
f 338//337 335//334 349//348
f 349//348 335//334 350//349
f 337//336 350//349 335//334
f 335//334 308//307 337//336
f 337//336 308//307 338//337
f 338//337 308//307 323//322
f 315//314 316//315 335//334
f 335//334 316//315 350//349
f 350//349 316//315 312//311
f 312//311 318//317 350//349
f 350//349 318//317 313//312
f 315//314 335//334 350//349
f 315//314 350//349 313//312
f 349//348 309//308 350//349
f 349//348 309//308 298//297
f 350//349 334//333 349//348
f 336//335 339//338 351//350
f 346//345 352//351 353//352
f 348//347 354//353 346//345
f 346//345 354//353 352//351
f 347//346 355//354 348//347
f 348//347 355//354 354//353
f 347//346 356//355 355//354
f 342//341 356//355 347//346
f 342//341 357//356 356//355
f 341//340 357//356 342//341
f 341//340 344//343 357//356
f 343//342 358//357 345//344
f 358//357 344//343 345//344
f 340//339 358//357 343//342
f 340//339 353//352 358//357
f 346//345 353//352 340//339
f 359//358 360//359 361//360
f 362//361 360//359 359//358
f 363//362 339//338 364//363
f 349//348 365//364 339//338
f 349//348 339//338 338//337
f 339//338 365//364 366//365
f 339//338 366//365 364//363
f 252//252 367//366 368//367
f 252//252 368//367 332//331
f 369//368 332//331 370//369
f 370//369 332//331 368//367
f 367//366 252//252 369//368
f 369//368 252//252 332//331
f 371//370 372//371 350//349
f 350//349 372//371 349//348
f 349//348 372//371 365//364
f 337//336 336//335 350//349
f 350//349 336//335 371//370
f 351//350 373//372 336//335
f 336//335 373//372 374//373
f 336//335 374//373 371//370
f 375//374 330//329 376//375
f 377//376 376//375 330//329
f 378//377 331//330 379//378
f 380//379 381//380 382//381
f 382//381 381//380 383//382
f 384//383 385//384 254//254
f 386//385 387//386 388//387
f 386//385 388//387 389//388
f 389//388 388//387 390//389
f 389//388 390//389 391//390
f 392//391 389//388 391//390
f 387//386 386//385 392//391
f 392//391 386//385 389//388
f 393//392 394//393 392//391
f 392//391 394//393 387//386
f 391//390 395//394 392//391
f 395//394 393//392 392//391
f 396//395 397//396 398//397
f 398//397 397//396 399//398
f 400//399 398//397 401//400
f 398//397 399//398 401//400
f 397//396 396//395 402//401
f 396//395 403//402 402//401
f 360//359 404//403 361//360
f 405//404 362//361 359//358
f 406//405 360//359 362//361
f 407//406 408//407 409//408
f 408//407 407//406 410//409
f 409//408 408//407 410//409
f 411//410 412//411 364//363
f 366//365 413//412 411//410
f 411//410 364//363 366//365
f 414//413 415//414 416//415
f 417//416 418//417 419//418
f 418//417 420//419 419//418
f 420//419 418//417 421//420
f 422//421 370//369 423//422
f 423//422 370//369 368//367
f 423//422 368//367 424//423
f 368//367 367//366 424//423
f 424//423 367//366 425//424
f 425//424 367//366 426//425
f 367//366 369//368 426//425
f 427//426 428//427 429//428
f 430//429 431//430 429//428
f 430//429 429//428 432//431
f 432//431 429//428 415//414
f 432//431 415//414 433//432
f 414//413 433//432 415//414
f 429//428 428//427 415//414
f 415//414 428//427 416//415
f 427//426 429//428 431//430
f 414//413 426//425 369//368
f 414//413 369//368 433//432
f 433//432 369//368 370//369
f 433//432 370//369 434//433
f 422//421 435//434 370//369
f 370//369 435//434 434//433
f 413//412 366//365 436//435
f 436//435 366//365 365//364
f 365//364 437//436 436//435
f 371//370 438//437 372//371
f 372//371 438//437 365//364
f 439//438 371//370 440//439
f 440//439 371//370 374//373
f 440//439 374//373 441//440
f 441//440 374//373 442//441
f 442//441 374//373 373//372
f 351//350 339//338 363//362
f 376//375 377//376 375//374
f 377//376 330//329 443//442
f 443//442 330//329 375//374
f 444//443 445//444 446//445
f 446//445 445//444 447//446
f 448//447 449//448 446//445
f 446//445 449//448 444//443
f 331//330 450//449 378//377
f 451//450 382//381 383//382
f 382//381 451//450 380//379
f 380//379 452//451 381//380
f 381//380 452//451 453//452
f 453//452 383//382 381//380
f 454//453 383//382 453//452
f 455//454 456//455 457//456
f 458//457 459//458 457//456
f 457//456 459//458 455//454
f 460//459 461//460 462//461
f 463//462 395//394 464//463
f 464//463 395//394 460//459
f 460//459 462//461 464//463
f 464//463 462//461 465//464
f 463//462 466//465 467//466
f 463//462 467//466 395//394
f 418//417 468//467 421//420
f 469//468 385//384 417//416
f 468//467 385//384 254//254
f 468//467 254//254 469//468
f 469//468 254//254 385//384
f 385//384 468//467 418//417
f 417//416 385//384 418//417
f 470//469 469//468 419//418
f 419//418 469//468 417//416
f 355//354 471//470 472//471
f 471//470 473//472 474//473
f 356//355 473//472 471//470
f 357//356 475//474 473//472
f 357//356 473//472 356//355
f 475//474 357//356 344//343
f 344//343 476//475 475//474
f 428//427 427//426 476//475
f 428//427 477//476 416//415
f 477//476 478//477 416//415
f 478//477 353//352 479//478
f 479//478 353//352 352//351
f 354//353 479//478 352//351
f 355//354 472//471 480//479
f 344//343 358//357 476//475
f 477//476 358//357 353//352
f 477//476 353//352 478//477
f 476//475 358//357 428//427
f 428//427 358//357 477//476
f 471//470 355//354 356//355
f 354//353 355//354 480//479
f 354//353 480//479 479//478
f 481//480 482//481 483//482
f 391//390 390//389 484//483
f 484//483 390//389 485//484
f 484//483 485//484 486//485
f 388//387 483//482 390//389
f 390//389 483//482 485//484
f 394//393 483//482 388//387
f 394//393 388//387 387//386
f 402//401 487//486 397//396
f 397//396 487//486 481//480
f 461//460 460//459 484//483
f 431//430 401//400 399//398
f 399//398 427//426 431//430
f 427//426 399//398 394//393
f 394//393 399//398 481//480
f 481//480 399//398 397//396
f 427//426 394//393 476//475
f 484//483 460//459 391//390
f 395//394 391//390 460//459
f 467//466 488//487 395//394
f 395//394 488//487 474//473
f 395//394 474//473 393//392
f 393//392 474//473 473//472
f 394//393 475//474 476//475
f 393//392 475//474 394//393
f 393//392 473//472 475//474
f 400//399 401//400 431//430
f 489//488 400//399 403//402
f 396//395 489//488 403//402
f 398//397 489//488 396//395
f 489//488 398//397 400//399
f 402//401 403//402 487//486
f 406//405 404//403 360//359
f 436//435 412//411 413//412
f 413//412 412//411 411//410
f 437//436 490//489 436//435
f 412//411 436//435 490//489
f 491//490 434//433 435//434
f 435//434 422//421 423//422
f 492//491 470//469 419//418
f 493//492 435//434 423//422
f 493//492 423//422 494//493
f 419//418 472//471 492//491
f 480//479 472//471 419//418
f 419//418 479//478 480//479
f 421//420 495//494 420//419
f 420//419 495//494 496//495
f 420//419 496//495 497//496
f 416//415 425//424 426//425
f 416//415 478//477 425//424
f 426//425 414//413 416//415
f 425//424 479//478 419//418
f 419//418 424//423 425//424
f 424//423 419//418 420//419
f 424//423 420//419 423//422
f 423//422 420//419 497//496
f 423//422 497//496 494//493
f 425//424 478//477 479//478
f 434//433 491//490 490//489
f 439//438 498//497 499//498
f 500//499 430//429 438//437
f 439//438 499//498 500//499
f 439//438 500//499 371//370
f 371//370 500//499 438//437
f 490//489 433//432 434//433
f 438//437 430//429 365//364
f 365//364 430//429 437//436
f 437//436 430//429 432//431
f 437//436 432//431 490//489
f 490//489 432//431 433//432
f 442//441 440//439 441//440
f 498//497 439//438 501//500
f 442//441 501//500 440//439
f 440//439 501//500 439//438
f 363//362 379//378 447//446
f 363//362 447//446 351//350
f 351//350 447//446 445//444
f 446//445 375//374 448//447
f 378//377 363//362 448//447
f 378//377 448//447 375//374
f 378//377 375//374 377//376
f 447//446 443//442 446//445
f 446//445 443//442 375//374
f 378//377 379//378 363//362
f 378//377 377//376 443//442
f 447//446 379//378 378//377
f 447//446 378//377 443//442
f 450//449 502//501 445//444
f 444//443 450//449 445//444
f 376//375 444//443 449//448
f 502//501 376//375 449//448
f 444//443 376//375 450//449
f 376//375 502//501 450//449
f 503//502 504//503 505//504
f 505//504 504//503 351//350
f 465//464 462//461 461//460
f 463//462 506//505 466//465
f 506//505 465//464 466//465
f 464//463 506//505 463//462
f 506//505 464//463 465//464
f 467//466 466//465 488//487
f 507//506 508//507 495//494
f 495//494 421//420 468//467
f 470//469 492//491 469//468
f 469//468 492//491 509//508
f 469//468 509//508 468//467
f 468//467 509//508 507//506
f 468//467 507//506 495//494
f 510//509 492//491 511//510
f 488//487 512//511 513//512
f 510//509 511//510 513//512
f 510//509 513//512 512//511
f 474//473 513//512 471//470
f 511//510 472//471 513//512
f 513//512 472//471 471//470
f 492//491 472//471 511//510
f 488//487 513//512 474//473
f 512//511 488//487 514//513
f 483//482 482//481 485//484
f 485//484 482//481 486//485
f 481//480 483//482 394//393
f 400//399 431//430 430//429
f 400//399 430//429 403//402
f 403//402 430//429 500//499
f 403//402 500//499 487//486
f 500//499 499//498 515//514
f 362//361 405//404 406//405
f 516//515 517//516 518//517
f 519//518 520//519 521//520
f 521//520 520//519 522//521
f 364//363 523//522 363//362
f 363//362 523//522 524//523
f 490//489 491//490 412//411
f 491//490 435//434 525//524
f 508//507 526//525 495//494
f 495//494 526//525 496//495
f 526//525 527//526 496//495
f 496//495 527//526 497//496
f 527//526 518//517 497//496
f 518//517 528//527 497//496
f 497//496 528//527 494//493
f 528//527 519//518 494//493
f 494//493 519//518 493//492
f 519//518 529//528 493//492
f 493//492 529//528 435//434
f 435//434 529//528 525//524
f 501//500 373//372 351//350
f 504//503 501//500 351//350
f 530//529 504//503 503//502
f 501//500 531//530 532//531
f 501//500 532//531 499//498
f 501//500 499//498 498//497
f 442//441 373//372 501//500
f 533//532 534//533 535//534
f 536//535 503//502 505//504
f 445//444 502//501 363//362
f 445//444 363//362 351//350
f 351//350 363//362 537//536
f 351//350 537//536 505//504
f 449//448 448//447 502//501
f 502//501 448//447 363//362
f 363//362 524//523 537//536
f 503//502 538//537 522//521
f 516//515 539//538 540//539
f 516//515 540//539 541//540
f 516//515 541//540 517//516
f 517//516 541//540 542//541
f 517//516 542//541 533//532
f 517//516 533//532 543//542
f 517//516 543//542 520//519
f 520//519 544//543 522//521
f 522//521 544//543 503//502
f 545//544 534//533 540//539
f 380//379 451//450 452//451
f 383//382 454//453 451//450
f 458//457 546//545 459//458
f 459//458 546//545 455//454
f 456//455 547//546 457//456
f 488//487 466//465 514//513
f 514//513 466//465 465//464
f 514//513 465//464 548//547
f 548//547 465//464 461//460
f 549//548 507//506 550//549
f 507//506 549//548 508//507
f 508//507 549//548 551//550
f 514//513 548//547 550//549
f 509//508 492//491 510//509
f 550//549 510//509 512//511
f 550//549 507//506 509//508
f 550//549 512//511 514//513
f 509//508 510//509 550//549
f 484//483 552//551 461//460
f 461//460 552//551 553//552
f 482//481 481//480 554//553
f 482//481 554//553 486//485
f 486//485 554//553 552//551
f 486//485 552//551 484//483
f 554//553 481//480 555//554
f 555//554 481//480 487//486
f 556//555 557//556 558//557
f 558//557 557//556 559//558
f 500//499 555//554 487//486
f 532//531 410//409 499//498
f 515//514 407//406 560//559
f 515//514 499//498 410//409
f 561//560 405//404 562//561
f 361//360 563//562 500//499
f 361//360 500//499 562//561
f 562//561 500//499 515//514
f 562//561 515//514 561//560
f 561//560 515//514 560//559
f 562//561 359//358 361//360
f 359//358 562//561 405//404
f 560//559 564//563 561//560
f 561//560 564//563 565//564
f 410//409 407//406 515//514
f 412//411 491//490 525//524
f 364//363 412//411 523//522
f 523//522 538//537 524//523
f 519//518 521//520 529//528
f 529//528 521//520 522//521
f 523//522 412//411 525//524
f 523//522 525//524 538//537
f 538//537 525//524 529//528
f 538//537 529//528 522//521
f 528//527 520//519 519//518
f 518//517 517//516 528//527
f 528//527 517//516 520//519
f 518//517 527//526 516//515
f 526//525 539//538 527//526
f 527//526 539//538 516//515
f 508//507 551//550 526//525
f 526//525 551//550 566//565
f 526//525 566//565 539//538
f 539//538 566//565 567//566
f 533//532 568//567 569//568
f 533//532 569//568 543//542
f 543//542 569//568 570//569
f 543//542 570//569 571//570
f 571//570 570//569 572//571
f 572//571 570//569 573//572
f 568//567 533//532 535//534
f 568//567 535//534 574//573
f 574//573 535//534 566//565
f 531//530 575//574 532//531
f 530//529 531//530 504//503
f 531//530 501//500 504//503
f 576//575 543//542 571//570
f 544//543 576//575 503//502
f 576//575 544//543 520//519
f 524//523 538//537 503//502
f 571//570 530//529 503//502
f 571//570 503//502 576//575
f 535//534 545//544 567//566
f 567//566 545//544 539//538
f 539//538 545//544 540//539
f 534//533 545//544 535//534
f 541//540 540//539 542//541
f 542//541 540//539 534//533
f 533//532 542//541 534//533
f 543//542 576//575 520//519
f 503//502 536//535 524//523
f 524//523 536//535 505//504
f 524//523 505//504 537//536
f 577//576 451//450 454//453
f 451//450 577//576 452//451
f 578//577 579//578 580//579
f 580//579 579//578 577//576
f 546//545 458//457 580//579
f 546//545 456//455 455//454
f 581//580 546//545 548//547
f 548//547 546//545 580//579
f 453//452 549//548 454//453
f 454//453 549//548 550//549
f 454//453 550//549 577//576
f 580//579 577//576 550//549
f 580//579 550//549 548//547
f 461//460 553//552 548//547
f 555//554 563//562 582//581
f 581//580 553//552 583//582
f 583//582 553//552 552//551
f 583//582 552//551 582//581
f 582//581 552//551 554//553
f 582//581 554//553 555//554
f 583//582 582//581 584//583
f 584//583 582//581 585//584
f 556//555 558//557 586//585
f 586//585 558//557 587//586
f 588//587 558//557 559//558
f 589//588 590//589 587//586
f 588//587 589//588 587//586
f 588//587 587//586 558//557
f 591//590 592//591 588//587
f 588//587 592//591 589//588
f 593//592 594//593 559//558
f 559//558 594//593 595//594
f 559//558 595//594 596//595
f 559//558 597//596 593//592
f 598//597 557//556 599//598
f 600//599 601//600 602//601
f 556//555 603//602 604//603
f 556//555 605//604 603//602
f 586//585 606//605 605//604
f 586//585 605//604 556//555
f 586//585 607//606 606//605
f 607//606 587//586 608//607
f 587//586 607//606 586//585
f 587//586 590//589 608//607
f 602//601 599//598 600//599
f 600//599 599//598 557//556
f 600//599 557//556 556//555
f 598//597 597//596 557//556
f 557//556 597//596 559//558
f 559//558 596//595 588//587
f 588//587 596//595 591//590
f 604//603 600//599 556//555
f 609//608 610//609 584//583
f 585//584 611//610 612//611
f 585//584 612//611 609//608
f 585//584 609//608 584//583
f 585//584 582//581 611//610
f 611//610 582//581 563//562
f 555//554 500//499 563//562
f 404//403 563//562 361//360
f 563//562 404//403 406//405
f 613//612 406//405 405//404
f 561//560 565//564 405//404
f 405//404 565//564 614//613
f 565//564 564//563 614//613
f 614//613 564//563 615//614
f 560//559 407//406 564//563
f 564//563 407//406 615//614
f 573//572 575//574 572//571
f 575//574 573//572 616//615
f 616//615 573//572 570//569
f 569//568 617//616 570//569
f 570//569 617//616 616//615
f 617//616 569//568 618//617
f 618//617 569//568 568//567
f 574//573 619//618 568//567
f 568//567 619//618 618//617
f 566//565 619//618 574//573
f 572//571 575//574 531//530
f 531//530 530//529 572//571
f 572//571 530//529 571//570
f 566//565 535//534 567//566
f 452//451 620//619 453//452
f 577//576 620//619 452//451
f 620//619 577//576 621//620
f 621//620 577//576 579//578
f 621//620 579//578 622//621
f 622//621 579//578 578//577
f 622//621 578//577 458//457
f 458//457 578//577 580//579
f 553//552 581//580 548//547
f 610//609 581//580 584//583
f 584//583 581//580 583//582
f 623//622 624//623 602//601
f 623//622 602//601 601//600
f 625//624 601//600 600//599
f 626//625 623//622 625//624
f 625//624 623//622 601//600
f 627//626 597//596 628//627
f 628//627 597//596 629//628
f 629//628 597//596 598//597
f 629//628 598//597 630//629
f 630//629 598//597 599//598
f 630//629 599//598 631//630
f 632//631 596//595 633//632
f 633//632 596//595 595//594
f 633//632 595//594 634//633
f 634//633 595//594 594//593
f 634//633 594//593 635//634
f 635//634 594//593 593//592
f 635//634 593//592 627//626
f 627//626 593//592 597//596
f 596//595 632//631 591//590
f 591//590 632//631 636//635
f 591//590 636//635 592//591
f 592//591 636//635 637//636
f 638//637 590//589 639//638
f 639//638 590//589 589//588
f 639//638 589//588 640//639
f 640//639 589//588 592//591
f 640//639 592//591 637//636
f 590//589 638//637 608//607
f 608//607 638//637 641//640
f 608//607 641//640 642//641
f 608//607 642//641 607//606
f 607//606 642//641 643//642
f 607//606 643//642 606//605
f 606//605 643//642 644//643
f 606//605 644//643 645//644
f 625//624 600//599 646//645
f 646//645 600//599 604//603
f 646//645 604//603 647//646
f 647//646 604//603 648//647
f 648//647 604//603 603//602
f 648//647 603//602 649//648
f 649//648 603//602 605//604
f 649//648 605//604 645//644
f 645//644 605//604 606//605
f 602//601 631//630 599//598
f 624//623 650//649 602//601
f 602//601 650//649 631//630
f 651//650 620//619 621//620
f 566//565 551//550 453//452
f 551//550 549//548 453//452
f 566//565 453//452 619//618
f 619//618 453//452 620//619
f 619//618 620//619 651//650
f 619//618 651//650 618//617
f 652//651 622//621 609//608
f 622//621 652//651 653//652
f 653//652 654//653 622//621
f 654//653 655//654 622//621
f 622//621 655//654 656//655
f 657//656 621//620 658//657
f 658//657 621//620 622//621
f 658//657 622//621 656//655
f 621//620 657//656 659//658
f 659//658 660//659 621//620
f 621//620 660//659 661//660
f 621//620 661//660 662//661
f 662//661 663//662 621//620
f 621//620 663//662 664//663
f 621//620 664//663 651//650
f 610//609 456//455 581//580
f 546//545 581//580 456//455
f 622//621 458//457 457//456
f 622//621 457//456 609//608
f 609//608 457//456 547//546
f 609//608 547//546 610//609
f 610//609 547//546 456//455
f 618//617 651//650 665//664
f 618//617 665//664 666//665
f 666//665 667//666 618//617
f 667//666 668//667 618//617
f 618//617 668//667 617//616
f 617//616 668//667 669//668
f 617//616 669//668 670//669
f 617//616 670//669 616//615
f 616//615 670//669 671//670
f 671//670 672//671 616//615
f 616//615 672//671 673//672
f 406//405 612//611 611//610
f 406//405 613//612 612//611
f 405//404 614//613 613//612
f 612//611 613//612 614//613
f 563//562 406//405 611//610
f 615//614 673//672 674//673
f 615//614 674//673 675//674
f 615//614 675//674 676//675
f 615//614 676//675 677//676
f 615//614 677//676 678//677
f 615//614 678//677 679//678
f 680//679 681//680 614//613
f 679//678 682//681 615//614
f 615//614 682//681 614//613
f 614//613 682//681 680//679
f 614//613 681//680 683//682
f 614//613 683//682 684//683
f 614//613 684//683 685//684
f 685//684 686//685 614//613
f 614//613 686//685 612//611
f 612//611 686//685 687//686
f 410//409 532//531 409//408
f 575//574 409//408 532//531
f 615//614 407//406 673//672
f 407//406 409//408 673//672
f 616//615 673//672 409//408
f 616//615 409//408 575//574
f 688//687 650//649 624//623
f 687//686 689//688 612//611
f 689//688 690//689 612//611
f 690//689 688//687 612//611
f 612//611 688//687 624//623
f 612//611 624//623 609//608
f 609//608 624//623 623//622
f 609//608 623//622 626//625
f 609//608 626//625 691//690
f 609//608 691//690 692//691
f 609//608 692//691 652//651
f 626//625 625//624 691//690
f 691//690 625//624 646//645
f 652//651 692//691 647//646
f 647//646 692//691 646//645
f 646//645 692//691 691//690
f 648//647 652//651 647//646
f 654//653 653//652 648//647
f 648//647 653//652 652//651
f 654//653 648//647 649//648
f 654//653 649//648 655//654
f 655//654 649//648 656//655
f 656//655 649//648 645//644
f 656//655 645//644 658//657
f 658//657 645//644 657//656
f 662//661 661//660 644//643
f 661//660 660//659 644//643
f 644//643 660//659 659//658
f 644//643 659//658 645//644
f 645//644 659//658 657//656
f 644//643 643//642 662//661
f 662//661 643//642 663//662
f 663//662 643//642 664//663
f 664//663 643//642 642//641
f 664//663 642//641 651//650
f 651//650 642//641 641//640
f 641//640 665//664 651//650
f 665//664 641//640 666//665
f 666//665 641//640 638//637
f 666//665 638//637 667//666
f 667//666 638//637 639//638
f 667//666 639//638 668//667
f 668//667 639//638 669//668
f 640//639 669//668 639//638
f 640//639 670//669 669//668
f 637//636 671//670 640//639
f 640//639 671//670 670//669
f 673//672 672//671 636//635
f 636//635 672//671 637//636
f 637//636 672//671 671//670
f 673//672 636//635 632//631
f 673//672 632//631 674//673
f 633//632 675//674 632//631
f 632//631 675//674 674//673
f 678//677 677//676 634//633
f 634//633 677//676 676//675
f 634//633 676//675 633//632
f 633//632 676//675 675//674
f 678//677 634//633 679//678
f 679//678 634//633 635//634
f 627//626 680//679 635//634
f 635//634 680//679 682//681
f 635//634 682//681 679//678
f 627//626 681//680 680//679
f 627//626 683//682 681//680
f 628//627 684//683 627//626
f 627//626 684//683 683//682
f 628//627 685//684 684//683
f 629//628 687//686 686//685
f 629//628 686//685 628//627
f 628//627 686//685 685//684
f 629//628 689//688 687//686
f 689//688 629//628 690//689
f 690//689 629//628 630//629
f 690//689 630//629 688//687
f 688//687 630//629 631//630
f 688//687 631//630 650//649
f 693//692 694//693 695//694
f 693//692 695//694 696//695
f 696//695 695//694 697//696
f 698//697 697//696 699//698
f 699//698 697//696 695//694
f 699//698 695//694 694//693
f 699//698 694//693 700//699
f 700//699 694//693 693//692
f 700//699 693//692 701//700
f 701//700 693//692 702//701
f 702//701 693//692 696//695
f 702//701 696//695 703//702
f 703//702 696//695 697//696
f 703//702 697//696 698//697
f 698//697 704//703 705//704
f 698//697 705//704 703//702
f 699//698 704//703 698//697
f 699//698 706//705 707//706
f 699//698 707//706 704//703
f 700//699 708//707 706//705
f 700//699 706//705 699//698
f 701//700 708//707 700//699
f 703//702 705//704 709//708
f 703//702 709//708 702//701
f 702//701 709//708 710//709
f 702//701 710//709 701//700
f 701//700 710//709 708//707
f 708//707 710//709 711//710
f 711//710 712//711 708//707
f 708//707 712//711 706//705
f 706//705 713//712 707//706
f 713//712 714//713 707//706
f 707//706 714//713 704//703
f 704//703 714//713 715//714
f 704//703 715//714 705//704
f 705//704 715//714 716//715
f 705//704 716//715 709//708
f 716//715 711//710 709//708
f 709//708 711//710 710//709
f 713//712 706//705 712//711
f 712//711 717//716 718//717
f 712//711 718//717 713//712
f 714//713 719//718 715//714
f 715//714 719//718 720//719
f 719//718 714//713 713//712
f 719//718 713//712 718//717
f 715//714 720//719 716//715
f 716//715 720//719 711//710
f 711//710 720//719 717//716
f 717//716 712//711 711//710
f 721//720 720//719 722//721
f 722//721 720//719 719//718
f 722//721 719//718 723//722
f 723//722 719//718 718//717
f 723//722 718//717 724//723
f 718//717 717//716 725//724
f 725//724 717//716 721//720
f 721//720 717//716 720//719
f 722//721 723//722 726//725
f 723//722 724//723 726//725
f 721//720 727//726 725//724
f 728//727 724//723 718//717
f 728//727 718//717 729//728
f 729//728 718//717 725//724
f 729//728 725//724 730//729
f 730//729 725//724 727//726
f 731//730 732//731 733//732
f 734//733 735//734 736//735
f 731//730 733//732 736//735
f 731//730 736//735 735//734
f 737//736 731//730 738//737
f 738//737 731//730 739//738
f 739//738 731//730 735//734
f 739//738 735//734 740//739
f 740//739 735//734 741//740
f 741//740 735//734 734//733
f 741//740 734//733 736//735
f 741//740 736//735 742//741
f 742//741 736//735 743//742
f 743//742 736//735 733//732
f 743//742 733//732 744//743
f 744//743 733//732 732//731
f 744//743 732//731 737//736
f 731//730 737//736 732//731
f 722//721 726//725 745//744
f 745//744 726//725 724//723
f 745//744 724//723 728//727
f 746//745 721//720 722//721
f 747//746 740//739 741//740
f 738//737 748//747 737//736
f 737//736 748//747 744//743
f 742//741 749//748 741//740
f 741//740 749//748 747//746
f 750//749 728//727 729//728
f 730//729 727//726 751//750
f 751//750 727//726 721//720
f 751//750 721//720 746//745
f 752//751 746//745 722//721
f 752//751 722//721 745//744
f 742//741 753//752 754//753
f 742//741 754//753 749//748
f 747//746 755//754 740//739
f 738//737 739//738 756//755
f 738//737 756//755 748//747
f 748//747 757//756 744//743
f 744//743 757//756 758//757
f 744//743 758//757 743//742
f 743//742 758//757 753//752
f 743//742 753//752 742//741
f 728//727 759//758 745//744
f 759//758 752//751 745//744
f 729//728 730//729 751//750
f 740//739 760//759 739//738
f 739//738 760//759 756//755
f 756//755 760//759 761//760
f 756//755 761//760 748//747
f 748//747 761//760 757//756
f 757//756 761//760 762//761
f 757//756 762//761 758//757
f 758//757 762//761 763//762
f 758//757 763//762 753//752
f 753//752 763//762 754//753
f 754//753 763//762 764//763
f 754//753 764//763 749//748
f 749//748 764//763 765//764
f 749//748 765//764 747//746
f 747//746 765//764 755//754
f 755//754 765//764 766//765
f 755//754 766//765 740//739
f 740//739 766//765 760//759
f 729//728 751//750 767//766
f 752//751 759//758 750//749
f 759//758 728//727 750//749
f 750//749 729//728 768//767
f 768//767 729//728 767//766
f 752//751 750//749 769//768
f 767//766 751//750 770//769
f 767//766 770//769 768//767
f 771//770 769//768 750//749
f 772//771 750//749 768//767
f 761//760 773//772 762//761
f 763//762 762//761 774//773
f 764//763 775//774 765//764
f 765//764 775//774 776//775
f 765//764 776//775 766//765
f 766//765 776//775 777//776
f 766//765 777//776 760//759
f 761//760 778//777 773//772
f 779//778 775//774 764//763
f 779//778 764//763 763//762
f 779//778 763//762 774//773
f 774//773 762//761 773//772
f 780//779 778//777 761//760
f 780//779 761//760 760//759
f 780//779 760//759 781//780
f 781//780 760//759 777//776
f 752//751 769//768 782//781
f 782//781 769//768 771//770
f 771//770 750//749 772//771
f 781//780 783//782 780//779
f 783//782 784//783 780//779
f 780//779 784//783 778//777
f 778//777 784//783 785//784
f 778//777 785//784 773//772
f 785//784 786//785 773//772
f 773//772 786//785 774//773
f 787//786 774//773 786//785
f 774//773 787//786 779//778
f 779//778 787//786 788//787
f 779//778 788//787 789//788
f 779//778 789//788 775//774
f 775//774 789//788 776//775
f 776//775 790//789 777//776
f 777//776 790//789 791//790
f 777//776 791//790 781//780
f 781//780 791//790 783//782
f 770//769 792//791 768//767
f 770//769 751//750 792//791
f 789//788 788//787 787//786
f 790//789 776//775 789//788
f 782//781 771//770 793//792
f 793//792 771//770 772//771
f 772//771 768//767 792//791
f 792//791 751//750 794//793
f 794//793 751//750 746//745
f 794//793 746//745 795//794
f 795//794 746//745 796//795
f 796//795 746//745 752//751
f 796//795 752//751 782//781
f 797//796 786//785 785//784
f 797//796 785//784 798//797
f 798//797 785//784 784//783
f 798//797 784//783 783//782
f 798//797 783//782 791//790
f 799//798 789//788 797//796
f 797//796 789//788 787//786
f 797//796 787//786 786//785
f 800//799 798//797 791//790
f 800//799 791//790 790//789
f 800//799 790//789 799//798
f 799//798 790//789 789//788
f 793//792 796//795 782//781
f 772//771 792//791 794//793
f 801//800 798//797 802//801
f 798//797 801//800 797//796
f 797//796 801//800 803//802
f 804//803 799//798 803//802
f 803//802 799//798 797//796
f 799//798 804//803 805//804
f 799//798 805//804 800//799
f 802//801 798//797 800//799
f 802//801 800//799 805//804
f 772//771 794//793 806//805
f 795//794 796//795 807//806
f 796//795 793//792 807//806
f 793//792 772//771 808//807
f 772//771 806//805 808//807
f 802//801 809//808 801//800
f 801//800 809//808 810//809
f 801//800 810//809 811//810
f 801//800 811//810 803//802
f 803//802 812//811 804//803
f 804//803 813//812 805//804
f 805//804 814//813 802//801
f 802//801 814//813 815//814
f 802//801 815//814 816//815
f 802//801 816//815 809//808
f 794//793 817//816 806//805
f 806//805 817//816 808//807
f 818//817 817//816 794//793
f 818//817 794//793 819//818
f 819//818 794//793 820//819
f 820//819 794//793 795//794
f 820//819 795//794 821//820
f 821//820 795//794 822//821
f 822//821 795//794 807//806
f 822//821 807//806 823//822
f 823//822 807//806 824//823
f 824//823 807//806 793//792
f 824//823 793//792 825//824
f 825//824 793//792 826//825
f 826//825 793//792 827//826
f 827//826 793//792 808//807
f 827//826 808//807 828//827
f 828//827 808//807 817//816
f 828//827 817//816 829//828
f 829//828 817//816 818//817
f 823//822 824//823 815//814
f 825//824 816//815 824//823
f 824//823 816//815 815//814
f 816//815 825//824 826//825
f 816//815 826//825 809//808
f 809//808 826//825 827//826
f 809//808 827//826 810//809
f 810//809 827//826 828//827
f 810//809 828//827 811//810
f 829//828 811//810 828//827
f 818//817 803//802 829//828
f 829//828 803//802 811//810
f 818//817 812//811 803//802
f 819//818 812//811 818//817
f 812//811 819//818 804//803
f 804//803 819//818 820//819
f 804//803 820//819 813//812
f 813//812 820//819 821//820
f 813//812 821//820 805//804
f 805//804 821//820 822//821
f 823//822 814//813 822//821
f 822//821 814//813 805//804
f 815//814 814//813 823//822
f 830//829 831//830 832//831
f 833//832 831//830 830//829
f 834//833 830//829 835//834
f 835//834 830//829 832//831
f 836//835 830//829 837//836
f 837//836 830//829 834//833
f 837//836 834//833 838//837
f 838//837 834//833 835//834
f 838//837 835//834 839//838
f 839//838 835//834 832//831
f 839//838 832//831 840//839
f 840//839 832//831 831//830
f 840//839 831//830 841//840
f 841//840 831//830 842//841
f 842//841 831//830 833//832
f 842//841 833//832 843//842
f 843//842 833//832 830//829
f 843//842 830//829 836//835
f 838//837 844//843 845//844
f 838//837 845//844 837//836
f 840//839 846//845 839//838
f 839//838 846//845 844//843
f 839//838 844//843 838//837
f 841//840 846//845 840//839
f 842//841 847//846 841//840
f 841//840 847//846 846//845
f 843//842 848//847 849//848
f 843//842 849//848 842//841
f 842//841 849//848 847//846
f 837//836 845//844 836//835
f 836//835 845//844 848//847
f 836//835 848//847 843//842
f 846//845 850//849 851//850
f 846//845 851//850 844//843
f 844//843 851//850 852//851
f 844//843 852//851 845//844
f 852//851 853//852 845//844
f 853//852 854//853 845//844
f 845//844 854//853 848//847
f 848//847 854//853 855//854
f 848//847 855//854 849//848
f 855//854 856//855 849//848
f 849//848 856//855 847//846
f 856//855 850//849 847//846
f 847//846 850//849 846//845
f 852//851 851//850 857//856
f 857//856 851//850 858//857
f 858//857 851//850 850//849
f 853//852 852//851 854//853
f 854//853 852//851 859//858
f 854//853 859//858 855//854
f 855//854 859//858 856//855
f 856//855 859//858 858//857
f 856//855 858//857 850//849
f 858//857 859//858 860//859
f 861//860 859//858 852//851
f 861//860 852//851 862//861
f 862//861 852//851 857//856
f 862//861 863//862 861//860
f 857//856 858//857 864//863
f 864//863 858//857 860//859
f 863//862 862//861 865//864
f 865//864 862//861 866//865
f 866//865 862//861 857//856
f 866//865 857//856 864//863
f 867//866 860//859 859//858
f 867//866 859//858 861//860
f 861//860 863//862 868//867
f 868//867 863//862 865//864
f 869//868 861//860 868//867
f 870//869 871//870 872//871
f 872//871 871//870 873//872
f 872//871 873//872 870//869
f 870//869 873//872 871//870
f 874//873 875//874 876//875
f 876//875 875//874 877//876
f 876//875 877//876 874//873
f 874//873 877//876 875//874
f 878//877 879//878 880//879
f 878//877 880//879 881//880
f 881//880 880//879 879//878
f 881//880 879//878 878//877
f 882//881 883//882 884//883
f 882//881 884//883 885//884
f 885//884 884//883 883//882
f 885//884 883//882 882//881
f 886//885 887//886 888//887
f 886//885 888//887 889//888
f 889//888 888//887 887//886
f 889//888 887//886 886//885
f 864//863 890//889 891//890
f 864//863 891//890 866//865
f 864//863 860//859 890//889
f 870//869 892//891 872//871
f 872//871 893//892 876//875
f 894//893 870//869 876//875
f 876//875 870//869 872//871
f 895//894 881//880 878//877
f 895//894 878//877 892//891
f 892//891 878//877 872//871
f 872//871 878//877 881//880
f 872//871 881//880 896//895
f 896//895 881//880 895//894
f 897//896 882//881 896//895
f 896//895 882//881 885//884
f 896//895 885//884 872//871
f 886//885 889//888 870//869
f 870//869 889//888 892//891
f 892//891 889//888 898//897
f 899//898 874//873 893//892
f 893//892 874//873 876//875
f 885//884 882//881 872//871
f 872//871 882//881 893//892
f 894//893 876//875 874//873
f 894//893 874//873 899//898
f 893//892 882//881 897//896
f 898//897 889//888 886//885
f 898//897 886//885 894//893
f 894//893 886//885 870//869
f 869//868 868//867 865//864
f 890//889 860//859 867//866
f 900//899 867//866 861//860
f 900//899 861//860 901//900
f 901//900 861//860 869//868
f 893//892 897//896 902//901
f 899//898 903//902 894//893
f 894//893 903//902 904//903
f 894//893 904//903 898//897
f 898//897 904//903 892//891
f 892//891 904//903 905//904
f 892//891 905//904 895//894
f 895//894 905//904 896//895
f 896//895 905//904 897//896
f 893//892 902//901 903//902
f 893//892 903//902 899//898
f 867//866 906//905 890//889
f 890//889 906//905 891//890
f 869//868 865//864 901//900
f 904//903 907//906 908//907
f 909//908 897//896 910//909
f 904//903 908//907 911//910
f 904//903 911//910 905//904
f 912//911 902//901 909//908
f 902//901 897//896 909//908
f 905//904 911//910 913//912
f 905//904 913//912 914//913
f 905//904 914//913 897//896
f 897//896 914//913 910//909
f 907//906 904//903 903//902
f 907//906 903//902 915//914
f 915//914 903//902 912//911
f 912//911 903//902 902//901
f 900//899 901//900 916//915
f 916//915 901//900 865//864
f 916//915 865//864 917//916
f 917//916 865//864 866//865
f 918//917 915//914 912//911
f 918//917 912//911 919//918
f 919//918 912//911 909//908
f 919//918 909//908 920//919
f 920//919 909//908 910//909
f 920//919 910//909 921//920
f 921//920 910//909 914//913
f 921//920 914//913 922//921
f 922//921 914//913 913//912
f 922//921 913//912 923//922
f 923//922 913//912 911//910
f 923//922 911//910 908//907
f 923//922 908//907 924//923
f 924//923 908//907 925//924
f 925//924 908//907 907//906
f 925//924 907//906 915//914
f 925//924 915//914 918//917
f 917//916 926//925 916//915
f 891//890 906//905 927//926
f 927//926 906//905 867//866
f 925//924 928//927 924//923
f 924//923 928//927 929//928
f 924//923 929//928 923//922
f 923//922 929//928 930//929
f 923//922 930//929 931//930
f 923//922 931//930 922//921
f 922//921 931//930 932//931
f 922//921 932//931 921//920
f 921//920 932//931 933//932
f 933//932 934//933 921//920
f 921//920 934//933 920//919
f 920//919 934//933 935//934
f 920//919 935//934 919//918
f 919//918 935//934 936//935
f 919//918 936//935 937//936
f 919//918 937//936 918//917
f 918//917 937//936 938//937
f 918//917 938//937 925//924
f 925//924 938//937 939//938
f 925//924 939//938 928//927
f 917//916 866//865 940//939
f 940//939 866//865 891//890
f 940//939 891//890 941//940
f 941//940 891//890 927//926
f 916//915 926//925 942//941
f 928//927 943//942 929//928
f 930//929 944//943 931//930
f 935//934 945//944 936//935
f 941//940 927//926 867//866
f 942//941 926//925 917//916
f 946//945 916//915 942//941
f 938//937 947//946 948//947
f 948//947 939//938 938//937
f 949//948 939//938 948//947
f 949//948 928//927 939//938
f 943//942 928//927 949//948
f 944//943 929//928 943//942
f 944//943 930//929 929//928
f 950//949 931//930 944//943
f 950//949 932//931 931//930
f 951//950 932//931 950//949
f 951//950 933//932 932//931
f 952//951 934//933 951//950
f 951//950 934//933 933//932
f 945//944 935//934 952//951
f 952//951 935//934 934//933
f 947//946 936//935 945//944
f 938//937 937//936 947//946
f 947//946 937//936 936//935
f 946//945 942//941 917//916
f 946//945 917//916 953//952
f 953//952 917//916 940//939
f 954//953 941//940 867//866
f 954//953 867//866 900//899
f 954//953 900//899 955//954
f 955//954 900//899 956//955
f 956//955 900//899 916//915
f 956//955 916//915 946//945
f 957//956 943//942 958//957
f 958//957 943//942 949//948
f 958//957 949//948 959//958
f 949//948 948//947 959//958
f 959//958 948//947 947//946
f 959//958 947//946 960//959
f 961//960 944//943 957//956
f 957//956 944//943 943//942
f 960//959 951//950 961//960
f 961//960 951//950 950//949
f 961//960 950//949 944//943
f 960//959 947//946 945//944
f 960//959 945//944 952//951
f 960//959 952//951 951//950
f 954//953 955//954 940//939
f 954//953 940//939 941//940
f 946//945 953//952 956//955
f 962//961 957//956 958//957
f 962//961 961//960 957//956
f 961//960 963//962 960//959
f 963//962 964//963 960//959
f 960//959 964//963 959//958
f 965//964 956//955 953//952
f 965//964 953//952 966//965
f 953//952 940//939 967//966
f 967//966 940//939 955//954
f 959//958 968//967 969//968
f 959//958 969//968 958//957
f 958//957 970//969 962//961
f 962//961 971//970 961//960
f 971//970 972//971 961//960
f 961//960 972//971 963//962
f 963//962 972//971 973//972
f 963//962 973//972 974//973
f 974//973 964//963 963//962
f 964//963 968//967 959//958
f 966//965 975//974 965//964
f 967//966 955//954 976//975
f 977//976 970//969 958//957
f 977//976 958//957 969//968
f 978//977 979//978 976//975
f 976//975 979//978 967//966
f 967//966 979//978 980//979
f 967//966 980//979 981//980
f 967//966 981//980 953//952
f 981//980 982//981 953//952
f 953//952 982//981 966//965
f 966//965 982//981 983//982
f 966//965 983//982 975//974
f 983//982 984//983 975//974
f 984//983 985//984 975//974
f 975//974 985//984 965//964
f 985//984 986//985 965//964
f 965//964 986//985 956//955
f 956//955 986//985 987//986
f 956//955 987//986 955//954
f 955//954 987//986 988//987
f 955//954 988//987 976//975
f 988//987 978//977 976//975
f 981//980 970//969 982//981
f 982//981 970//969 977//976
f 982//981 977//976 983//982
f 980//979 962//961 970//969
f 980//979 970//969 981//980
f 978//977 971//970 979//978
f 979//978 971//970 962//961
f 979//978 962//961 980//979
f 988//987 973//972 972//971
f 988//987 972//971 978//977
f 978//977 972//971 971//970
f 987//986 973//972 988//987
f 985//984 964//963 974//973
f 985//984 974//973 986//985
f 986//985 974//973 987//986
f 987//986 974//973 973//972
f 977//976 969//968 983//982
f 983//982 969//968 968//967
f 983//982 968//967 984//983
f 984//983 968//967 985//984
f 985//984 968//967 964//963
