# Blender 4.0.2
# www.blender.org
o SICK-MICROSCAN3__m2
v -0.046932 -0.013366 0.048456
v -0.047492 -0.013359 0.047423
v -0.048553 -0.013349 0.046917
v -0.049710 -0.013338 0.047132
v -0.050514 -0.013341 0.047980
v -0.050668 -0.013381 0.049141
v -0.050110 -0.013381 0.050174
v -0.049052 -0.013380 0.050682
v -0.047897 -0.013377 0.050470
v -0.047087 -0.013373 0.049620
v -0.047390 -0.013141 0.049313
v -0.048050 -0.013141 0.050099
v -0.049060 -0.013141 0.050277
v -0.049949 -0.013141 0.049764
v -0.050300 -0.013141 0.048800
v -0.049949 -0.013141 0.047836
v -0.049060 -0.013141 0.047323
v -0.048050 -0.013141 0.047501
v -0.047390 -0.013141 0.048287
v -0.048282 -0.006308 0.049998
v -0.048090 -0.000323 0.049890
v -0.047531 -0.006308 0.048498
v -0.047550 -0.000341 0.048800
v -0.048211 -0.000323 0.047640
v -0.048520 -0.006308 0.047582
v -0.049696 -0.006308 0.047852
v -0.049840 -0.000323 0.048019
v -0.049890 -0.006308 0.049518
v -0.049750 -0.000323 0.049689
v -0.048800 0.000410 0.048800
v -0.048548 -0.013380 -0.046918
v -0.047490 -0.013381 -0.047426
v -0.046932 -0.013380 -0.048458
v -0.047088 -0.013377 -0.049622
v -0.047896 -0.013341 -0.050471
v -0.049047 -0.013351 -0.050683
v -0.050108 -0.013360 -0.050177
v -0.050668 -0.013367 -0.049144
v -0.050513 -0.013373 -0.047980
v -0.049703 -0.013378 -0.047130
v -0.047301 -0.013141 -0.048865
v -0.047610 -0.013141 -0.047887
v -0.048476 -0.013141 -0.047336
v -0.049493 -0.013141 -0.047470
v -0.050186 -0.013141 -0.048226
v -0.050231 -0.013141 -0.049251
v -0.049606 -0.013141 -0.050065
v -0.048604 -0.013141 -0.050287
v -0.047694 -0.013141 -0.049813
v -0.048853 -0.006308 -0.047459
v -0.047625 -0.000341 -0.048372
v -0.047627 -0.006307 -0.048349
v -0.047709 -0.000341 -0.049573
v -0.048597 -0.006307 -0.050195
v -0.049465 -0.000330 -0.049930
v -0.050114 -0.006307 -0.048756
v -0.050028 -0.000330 -0.048341
v -0.048575 -0.000328 -0.047516
v -0.048800 0.000410 -0.048800
v 0.030065 -0.013141 0.040501
v 0.030398 -0.013354 0.040191
v 0.029897 -0.013141 0.041513
v 0.029708 -0.013372 0.042310
v 0.029117 -0.013141 0.042180
v 0.028592 -0.013375 0.042674
v 0.028091 -0.013141 0.042189
v 0.027476 -0.013377 0.042311
v 0.027299 -0.013141 0.041537
v 0.026785 -0.013377 0.041362
v 0.027111 -0.013141 0.040528
v 0.026785 -0.013376 0.040189
v 0.027616 -0.013141 0.039635
v 0.027475 -0.013373 0.039239
v 0.028577 -0.013141 0.039275
v 0.028591 -0.013368 0.038876
v 0.029544 -0.013141 0.039617
v 0.029708 -0.013362 0.039240
v 0.030398 -0.013341 0.041362
v 0.029488 -0.006307 0.041736
v 0.029900 -0.000328 0.040825
v 0.029447 -0.006309 0.039709
v 0.028772 -0.000327 0.039481
v 0.027477 -0.006307 0.040083
v 0.027347 -0.000327 0.040372
v 0.027716 -0.006307 0.041751
v 0.027633 -0.000341 0.041579
v 0.028821 -0.000318 0.042043
v 0.028591 0.000410 0.040775
v 0.034562 -0.011791 0.016747
v 0.033637 -0.011791 0.015586
v 0.034562 -0.013341 0.016747
v 0.033755 -0.013341 0.015468
v 0.008788 -0.013341 0.037925
v 0.010279 -0.013341 0.038944
v 0.032617 -0.013341 0.014095
v 0.011439 -0.013341 0.039869
v 0.032617 -0.011791 0.014095
v 0.008788 -0.011791 0.037925
v 0.010161 -0.011791 0.039062
v 0.011439 -0.011791 0.039869
v 0.027493 -0.013341 0.043042
v 0.027834 -0.013355 0.044056
v 0.027580 -0.013378 0.045117
v 0.026831 -0.013378 0.045891
v 0.031925 -0.013343 0.041191
v 0.031097 -0.013341 0.040517
v 0.033011 -0.013387 0.041297
v 0.033986 -0.013379 0.040875
v 0.030411 -0.013364 0.039495
v 0.026767 -0.013379 0.042074
v 0.026355 -0.013384 0.040749
v 0.026789 -0.013401 0.039438
v 0.028023 -0.013398 0.038561
v 0.029306 -0.013364 0.038653
v 0.038813 -0.013379 0.036325
v 0.043048 -0.013379 0.031189
v 0.046609 -0.013379 0.025564
v 0.049438 -0.013379 0.019539
v 0.051492 -0.013379 0.013207
v 0.052739 -0.013379 0.006668
v 0.053159 -0.013379 0.000024
v 0.052745 -0.013379 -0.006620
v 0.051504 -0.013379 -0.013160
v 0.049456 -0.013379 -0.019494
v 0.046632 -0.013379 -0.025522
v 0.043076 -0.013379 -0.031150
v 0.038845 -0.013379 -0.036290
v 0.034000 -0.013378 -0.040866
v -0.053149 -0.013389 -0.047291
v -0.052883 -0.013368 -0.049112
v -0.052034 -0.013379 -0.050749
v -0.050736 -0.013379 -0.052044
v -0.049107 -0.013388 -0.052860
v -0.047296 -0.013368 -0.053169
v -0.053171 -0.013368 0.047294
v 0.021820 -0.013379 0.048473
v 0.027243 -0.011791 0.045386
v 0.019209 -0.011791 0.049442
v 0.016599 -0.013389 0.050488
v 0.006822 -0.011791 0.052738
v 0.011175 -0.013368 0.051981
v 0.005505 -0.013352 0.052897
v -0.052849 -0.011791 -0.048724
v -0.048431 -0.011791 0.046233
v -0.053000 -0.011791 0.047298
v -0.050981 -0.011791 0.047398
v -0.051288 -0.011791 -0.049531
v -0.050498 -0.011791 -0.046840
v -0.051256 -0.011791 -0.051487
v -0.049169 -0.011791 -0.051367
v -0.048489 -0.011791 -0.052904
v -0.046619 -0.011791 -0.050202
v 0.004487 -0.011791 -0.052839
v -0.046619 -0.011791 -0.047398
v 0.008169 -0.011791 0.037872
v -0.046312 -0.011791 0.048069
v -0.047102 -0.011791 0.050760
v -0.049612 -0.011791 0.052662
v -0.049156 -0.011791 0.051275
v -0.050981 -0.011791 0.050202
v -0.052413 -0.011791 0.049903
v 0.026039 -0.011791 -0.040608
v 0.027864 -0.011791 -0.038420
v 0.032564 -0.011791 0.013477
v 0.045187 -0.011791 -0.027877
v 0.038713 -0.011791 -0.036198
v 0.029990 -0.011791 -0.038785
v 0.014362 -0.011791 -0.051085
v 0.027019 -0.011791 -0.045708
v 0.027658 -0.011791 -0.043804
v 0.033328 -0.011791 -0.041123
v 0.031791 -0.011791 -0.040918
v 0.050689 -0.011791 -0.015800
v 0.053024 -0.011791 -0.002735
v 0.052046 -0.011791 0.010500
v 0.035534 -0.011791 0.016446
v 0.047816 -0.011791 0.023079
v 0.040598 -0.011791 0.034217
v 0.033301 -0.011791 0.041095
v 0.029931 -0.011791 0.038722
v 0.027631 -0.011791 0.038505
v 0.031831 -0.011791 0.040957
v 0.011139 -0.011791 0.040842
v 0.026053 -0.011791 0.040879
v 0.027656 -0.011791 0.043882
v -0.048444 -0.011791 -0.046325
v 0.033014 -0.013367 -0.041319
v 0.031097 -0.013341 -0.040517
v 0.030434 -0.013379 -0.039503
v 0.029328 -0.013384 -0.038665
v 0.032564 -0.013341 0.013477
v 0.027948 -0.013401 -0.038625
v 0.026772 -0.013440 -0.039410
v 0.031931 -0.013362 -0.041172
v 0.026349 -0.013392 -0.040757
v 0.016606 -0.013368 -0.050509
v 0.008169 -0.013341 0.037872
v 0.021872 -0.013379 -0.048449
v 0.026772 -0.013380 -0.042089
v 0.026845 -0.013379 -0.045880
v 0.027493 -0.013341 -0.043042
v 0.027574 -0.013387 -0.045107
v 0.027842 -0.013346 -0.044055
v 0.011170 -0.013389 -0.051960
v 0.005551 -0.013354 -0.052892
v 0.000000 -0.013341 -0.053198
v -0.046458 -0.013378 -0.048800
v -0.046830 -0.013378 -0.047534
v -0.046553 -0.013378 0.048140
v -0.047266 -0.013378 0.047030
v -0.047827 -0.013378 -0.046669
v -0.048467 -0.013378 0.046482
v -0.049133 -0.013378 -0.046482
v -0.049773 -0.013378 0.046669
v -0.047827 -0.013378 -0.050931
v -0.046830 -0.013378 -0.050066
v -0.050334 -0.013378 -0.050570
v -0.049133 -0.013378 -0.051118
v -0.051047 -0.013378 -0.049460
v -0.051047 -0.013378 -0.048140
v -0.050334 -0.013378 -0.047030
v -0.052862 -0.013388 0.049105
v -0.051142 -0.013378 0.048800
v -0.050770 -0.013378 0.047534
v -0.052045 -0.013379 0.050734
v -0.050770 -0.013378 0.050066
v -0.050751 -0.013379 0.052032
v -0.049773 -0.013378 0.050931
v -0.049114 -0.013368 0.052881
v -0.048467 -0.013378 0.051118
v -0.047293 -0.013389 0.053147
v -0.047266 -0.013378 0.050570
v -0.046553 -0.013378 0.049460
v 0.000000 -0.013341 0.053198
v 0.011139 -0.013341 0.040842
v 0.035534 -0.013341 0.016446
v 0.036085 0.023519 -0.035788
v 0.041700 0.025460 -0.032845
v 0.041696 0.023638 -0.032850
v 0.039504 0.025539 -0.031263
v 0.039506 0.023554 -0.031259
v 0.039302 0.023111 -0.031448
v 0.041416 0.023171 -0.033223
v 0.036586 0.023097 -0.034979
v 0.038261 0.023634 -0.037409
v 0.036337 0.023229 -0.035467
v 0.036541 0.023108 -0.035037
v 0.038543 0.023165 -0.037034
v 0.039302 0.025882 -0.031520
v 0.041416 0.025923 -0.033223
v 0.036333 0.025873 -0.035469
v 0.038543 0.025930 -0.037034
v 0.036145 0.025529 -0.035719
v 0.038265 0.025457 -0.037404
v 0.041148 0.023221 -0.029079
v 0.043358 0.023165 -0.030645
v 0.043075 0.023634 -0.031020
v 0.043079 0.025457 -0.031015
v 0.040941 0.025544 -0.029350
v 0.040945 0.023555 -0.029343
v 0.046511 0.023637 -0.026461
v 0.044322 0.023550 -0.024863
v 0.044119 0.023218 -0.025137
v 0.046230 0.023171 -0.026833
v 0.046230 0.025923 -0.026833
v 0.044118 0.025878 -0.025136
v 0.044316 0.025540 -0.024871
v 0.046515 0.025460 -0.026456
v 0.041148 0.025873 -0.029079
v 0.043358 0.025930 -0.030645
v -0.048500 0.019185 -0.040792
v -0.048500 0.020419 -0.040391
v -0.048500 0.021653 -0.040792
v -0.048500 0.022416 -0.041842
v -0.048500 0.022416 -0.043140
v -0.048500 0.021653 -0.044190
v -0.048500 0.020419 -0.044591
v -0.048500 0.019185 -0.044190
v -0.048500 0.018422 -0.043140
v -0.048500 0.018422 -0.041842
v -0.048500 0.019184 0.044199
v -0.048500 0.020419 0.044600
v -0.048500 0.021653 0.044199
v -0.048500 0.022416 0.043149
v -0.048500 0.022416 0.041851
v -0.048500 0.021653 0.040801
v -0.048500 0.020419 0.040400
v -0.048500 0.019184 0.040801
v -0.048500 0.018422 0.041851
v -0.048500 0.018422 0.043149
v -0.048500 -0.002815 0.044199
v -0.048500 -0.001581 0.044600
v -0.048500 -0.000347 0.044199
v -0.048500 0.000416 0.043149
v -0.048500 0.000416 0.041851
v -0.048500 -0.000347 0.040801
v -0.048500 -0.001581 0.040400
v -0.048500 -0.002815 0.040801
v -0.048500 -0.003578 0.041851
v -0.048500 -0.003578 0.043149
v 0.042216 0.010933 0.031102
v 0.042211 0.003364 0.031010
v 0.042341 0.003321 0.031007
v 0.042229 0.015308 0.030987
v 0.036306 0.009446 0.038591
v 0.035940 0.008860 0.039049
v 0.037313 0.007830 0.037327
v 0.036948 0.007243 0.037785
v 0.037678 0.007243 0.036868
v 0.037313 0.006657 0.037327
v 0.038683 0.005627 0.035602
v 0.038319 0.005040 0.036061
v 0.035941 0.005626 0.039050
v 0.036306 0.005040 0.038591
v 0.038683 0.008860 0.035602
v 0.038319 0.009446 0.036061
v 0.042171 0.003123 0.031226
v 0.042188 0.011370 0.031196
v 0.042327 0.011147 0.031022
v 0.047321 0.003117 0.024744
v 0.047195 0.003354 0.024903
v 0.047177 0.011166 0.024925
v 0.047324 0.011364 0.024739
v 0.039704 0.015526 0.034161
v 0.039782 0.015526 0.034223
v 0.039734 0.023125 0.034283
v 0.054558 0.024118 0.006132
v -0.056000 0.025919 -0.037183
v -0.056000 -0.007081 -0.037183
v -0.056000 0.025919 -0.047931
v -0.056000 -0.007081 -0.047355
v 0.032201 -0.000259 -0.042127
v 0.036167 -0.000239 -0.036867
v 0.031960 0.012390 -0.042448
v 0.036115 0.013099 -0.036935
v 0.032855 0.013221 -0.041259
v 0.043747 0.007768 0.029236
v 0.044484 0.006574 0.028311
v 0.002276 -0.002639 -0.054403
v 0.054832 0.020721 -0.000953
v 0.043380 0.007184 0.029697
v 0.044483 0.005395 0.028311
v 0.045937 0.008932 0.026481
v 0.046304 0.008349 0.026021
v 0.054320 0.024117 -0.007952
v -0.054354 -0.007081 -0.037183
v -0.054354 -0.007081 -0.047355
v 0.054558 0.024118 -0.006114
v 0.051135 0.000007 0.018868
v 0.049928 0.000049 0.018823
v 0.047196 0.015313 0.024901
v 0.047177 0.023123 0.024925
v 0.050064 0.026646 0.022669
v 0.048344 0.025999 0.020970
v 0.047757 0.026924 0.021708
v 0.034743 0.003123 0.040557
v 0.046469 0.000407 -0.024855
v 0.046574 0.001057 -0.024716
v 0.046661 0.000481 -0.024601
v 0.046548 0.021205 -0.024750
v 0.046559 0.021958 -0.024736
v 0.036594 0.021247 -0.037960
v 0.036591 0.013222 -0.037956
v 0.036406 0.013293 -0.038209
v 0.036599 0.021918 -0.037955
v 0.046103 -0.000435 -0.025342
v 0.046183 -0.000069 -0.025235
v 0.045792 -0.000243 -0.025754
v 0.037270 -0.000234 -0.037062
v 0.036706 -0.000454 -0.037811
v 0.036990 -0.000088 -0.037425
v 0.052093 0.024907 -0.017368
v 0.054726 0.020576 0.003548
v 0.054500 0.020724 0.006116
v -0.052504 -0.007147 -0.051995
v -0.038793 0.003379 -0.051823
v 0.002906 -0.002034 -0.052001
v -0.004277 0.002658 -0.051804
v -0.001850 0.001636 -0.051802
v -0.048588 0.002870 -0.051810
v -0.043597 0.001421 -0.051803
v -0.051590 0.006965 -0.051816
v -0.051992 0.009678 -0.051810
v -0.053528 0.026003 -0.051991
v -0.050148 0.014532 -0.051810
v -0.045714 0.017241 -0.051803
v -0.040560 0.016614 -0.051823
v 0.002873 0.020884 -0.052001
v -0.004473 0.016051 -0.051803
v -0.006384 0.014240 -0.051803
v 0.000544 0.017400 -0.051803
v -0.002077 0.017145 -0.051802
v 0.003106 0.016791 -0.051804
v 0.006880 0.018920 -0.052000
v 0.010262 0.015322 -0.052000
v 0.005332 0.015383 -0.051803
v 0.006979 0.013329 -0.051803
v 0.011813 0.009420 -0.052001
v 0.007871 0.010851 -0.051802
v 0.007909 0.008218 -0.051803
v 0.007091 0.005715 -0.051803
v 0.010266 0.003523 -0.052000
v 0.005504 0.003613 -0.051803
v 0.003320 0.002141 -0.051803
v 0.006880 -0.000082 -0.052000
v 0.000777 0.001457 -0.051804
v -0.036917 0.013088 -0.051816
v -0.007604 0.011905 -0.051803
v -0.036085 0.010477 -0.051817
v -0.007999 0.009302 -0.051803
v -0.007528 0.006711 -0.051803
v -0.037054 0.005496 -0.051816
v -0.006241 0.004413 -0.051803
v -0.054330 0.029976 0.047962
v -0.054300 0.029945 -0.048001
v -0.054452 0.029521 -0.049114
v 0.052093 0.024907 0.017386
v 0.047325 0.023322 0.024739
v 0.054260 0.020725 0.007964
v -0.049114 0.029521 0.054452
v -0.050003 0.029987 0.054008
v -0.052421 0.029547 0.052881
v -0.053114 0.029988 0.051734
v -0.054338 0.029572 0.049721
v 0.002297 -0.002131 0.053905
v 0.002572 -0.002595 0.054398
v 0.004846 0.029322 0.054815
v -0.048972 0.025954 0.054875
v -0.049067 -0.013285 -0.053981
v 0.004584 -0.013237 -0.054076
v -0.050281 0.025591 0.054125
v 0.002292 0.020969 -0.054307
v -0.049642 0.025540 -0.054277
v 0.037380 0.021955 -0.038578
v 0.047386 0.021930 -0.025300
v -0.054073 -0.013274 -0.048736
v -0.054775 0.029379 -0.049701
v -0.052737 0.029385 -0.053154
v -0.052044 0.026275 -0.053676
v -0.049479 0.029397 -0.054800
v -0.048876 0.025960 -0.054881
v -0.054930 0.025919 -0.047931
v -0.052982 -0.013272 -0.051167
v -0.051496 -0.013274 -0.052741
v -0.050871 -0.007303 -0.053430
v -0.048329 -0.007073 -0.054305
v 0.054889 0.024121 -0.000959
v 0.054792 0.024276 -0.003518
v 0.054726 0.020576 -0.003530
v 0.054500 0.020724 -0.006098
v 0.054260 0.020725 -0.007946
v 0.053886 0.024276 -0.010524
v 0.053818 0.020576 -0.010535
v 0.053306 0.024092 -0.013134
v 0.053245 0.020797 -0.013140
v -0.054008 0.029987 -0.050003
v -0.052881 0.029547 -0.052421
v -0.051734 0.029988 -0.053114
v -0.049725 0.029560 -0.054337
v -0.047962 0.029976 -0.054330
v 0.054320 0.024117 0.007970
v 0.049096 0.000050 0.022353
v 0.049130 0.026335 0.022311
v 0.047979 0.026309 0.021429
v 0.043580 0.021567 0.029445
v 0.043580 0.016852 0.029444
v 0.046125 0.019209 0.026248
v 0.002549 0.021439 -0.054818
v 0.054832 0.020721 0.000971
v 0.054889 0.024123 0.000979
v 0.054792 0.024276 0.003536
v 0.034746 0.023328 0.040553
v 0.006275 0.019610 -0.054226
v 0.009587 0.016336 -0.053420
v 0.011181 0.012857 -0.053036
v 0.011937 0.008866 -0.053049
v 0.010530 0.004152 -0.053018
v 0.007885 0.000678 -0.053434
v 0.003303 -0.002000 -0.053883
v 0.002906 -0.002034 0.052001
v 0.007169 -0.000022 0.053515
v 0.006880 -0.000082 0.052000
v 0.010266 0.003523 0.052000
v 0.010564 0.004216 0.053015
v 0.011737 0.008270 0.052854
v 0.011813 0.009420 0.052001
v 0.011294 0.012715 0.053012
v 0.010262 0.015322 0.052000
v 0.009352 0.016605 0.053474
v 0.006880 0.018920 0.052000
v 0.006172 0.019446 0.053988
v 0.002873 0.020884 0.052001
v 0.002271 0.020973 0.054317
v 0.049832 -0.000213 0.019068
v 0.052639 -0.000396 0.009063
v 0.053751 -0.000535 0.009348
v 0.053313 -0.000401 0.000000
v 0.054469 -0.000535 -0.003131
v 0.052613 -0.000395 -0.009060
v 0.051521 -0.000546 -0.018077
v 0.049772 -0.000213 -0.019068
v -0.053097 0.029945 -0.051704
v -0.049968 0.029966 -0.054000
v 0.032320 -0.000079 -0.043871
v -0.051994 0.009159 0.051803
v -0.051465 0.006579 0.051808
v -0.050138 0.004309 0.051808
v -0.048038 0.002516 0.051814
v -0.045752 0.001597 0.051810
v -0.051635 0.011763 0.051808
v -0.050461 0.014115 0.051808
v -0.048590 0.015969 0.051803
v -0.046214 0.017105 0.051803
v -0.043599 0.017407 0.051803
v -0.041034 0.016835 0.051808
v -0.038787 0.015470 0.051808
v -0.037104 0.013449 0.051808
v -0.036169 0.010992 0.051808
v -0.036083 0.008364 0.051808
v -0.036855 0.005850 0.051808
v -0.038400 0.003724 0.051808
v -0.040557 0.002235 0.051816
v -0.043052 0.001472 0.051798
v 0.034871 0.011136 0.040395
v 0.039706 0.010944 0.034158
v 0.039725 0.011174 0.034298
v -0.054005 -0.013281 0.049020
v -0.052717 -0.013274 0.051524
v -0.051166 -0.013273 0.052980
v -0.048820 -0.013278 0.054030
v -0.054784 0.029386 0.049561
v 0.003487 0.029499 -0.054431
v 0.006832 0.029997 -0.053901
v 0.013148 0.029447 -0.053229
v 0.019816 0.029567 -0.050821
v 0.031261 0.029388 -0.045192
v 0.026187 0.030000 -0.047606
v 0.032167 0.029567 -0.044060
v 0.041501 0.029407 -0.036006
v 0.037209 0.029999 -0.039593
v 0.042346 0.029593 -0.034378
v 0.045949 0.029567 -0.029402
v 0.051797 0.029402 -0.018299
v 0.049168 0.030000 -0.023120
v 0.051952 0.029567 -0.016637
v 0.053485 0.029591 -0.010701
v 0.054410 0.029699 -0.003657
v 0.054367 0.029521 0.005069
v 0.053367 0.029999 0.010199
v 0.051784 0.029567 0.017137
v 0.049532 0.029588 0.022845
v 0.046257 0.029430 0.029482
v 0.040950 0.029518 0.036118
v 0.037179 0.029999 0.039620
v 0.031686 0.029589 0.044399
v 0.026512 0.029567 0.047673
v 0.020148 0.029445 0.050948
v 0.013170 0.029579 0.052948
v 0.004981 0.029445 0.054343
v -0.000044 0.029971 0.054328
v 0.053886 0.024276 0.010542
v 0.053818 0.020576 0.010553
v 0.053306 0.024091 0.013152
v 0.053245 0.020797 0.013158
v 0.049751 0.026611 -0.019125
v 0.051549 0.026697 -0.019037
v 0.051640 0.026445 -0.018811
v 0.049858 0.026345 -0.018850
v -0.049825 0.029394 0.054720
v 0.027103 0.029438 0.047682
v 0.020170 0.029445 -0.050944
v 0.005101 0.029359 -0.054794
v -0.053564 0.026210 0.051993
v -0.051496 0.012214 -0.051800
v -0.050440 0.004673 -0.051800
v -0.046167 0.001718 -0.051800
v -0.040980 0.002011 -0.051800
v -0.036146 0.007895 -0.051800
v -0.038429 0.015160 -0.051800
v -0.043130 0.017371 -0.051800
v -0.048198 0.016229 -0.051800
v 0.038485 0.021567 0.035850
v 0.038485 0.016852 0.035850
v -0.052440 -0.007119 0.051996
v -0.050959 -0.007304 0.053384
v -0.048277 -0.007061 0.054312
v -0.049332 -0.006672 0.053656
v 0.034890 0.003326 0.040372
v 0.039683 0.003346 0.034187
v 0.039704 0.003568 0.034161
v 0.039704 0.010930 0.034161
v 0.053260 0.001465 0.011585
v 0.054191 0.001465 0.005829
v 0.054503 0.001465 0.000009
v 0.054191 0.001465 -0.005811
v 0.053260 0.001465 -0.011567
v 0.051662 0.001524 -0.017367
v 0.053680 0.024965 -0.011565
v 0.054604 0.024965 -0.005810
v 0.054913 0.024965 0.000009
v 0.054604 0.024965 0.005828
v 0.053680 0.024965 0.011583
v 0.051662 0.001524 0.017385
v 0.042211 0.023075 0.031009
v 0.042341 0.015278 0.031007
v 0.000000 0.029945 -0.054300
v -0.053544 -0.013341 0.047246
v -0.053236 -0.013341 0.049192
v -0.052341 -0.013341 0.050948
v -0.050948 -0.013341 0.052341
v -0.049192 -0.013341 0.053236
v -0.047245 -0.013341 0.053544
v 0.000000 -0.013341 0.053544
v 0.006711 -0.013341 0.053122
v 0.013316 -0.013341 0.051862
v 0.019711 -0.013341 0.049784
v 0.025795 -0.013341 0.046921
v 0.031473 -0.013341 0.043318
v 0.036654 -0.013341 0.039032
v 0.041257 -0.013341 0.034131
v 0.045209 -0.013341 0.028691
v 0.048448 -0.013341 0.022798
v 0.050924 -0.013341 0.016546
v 0.052596 -0.013341 0.010033
v 0.053439 -0.013341 0.003362
v 0.053439 -0.013341 -0.003362
v -0.053236 -0.013341 -0.049192
v -0.053544 -0.013341 -0.047246
v -0.052341 -0.013341 -0.050948
v -0.050948 -0.013341 -0.052341
v -0.049192 -0.013341 -0.053236
v -0.047245 -0.013341 -0.053544
v 0.000000 -0.013341 -0.053544
v 0.006711 -0.013341 -0.053122
v 0.013316 -0.013341 -0.051862
v 0.019711 -0.013341 -0.049784
v 0.025795 -0.013341 -0.046921
v 0.031473 -0.013341 -0.043318
v 0.036654 -0.013341 -0.039032
v 0.041257 -0.013341 -0.034131
v 0.045209 -0.013341 -0.028691
v 0.048448 -0.013341 -0.022798
v 0.050924 -0.013341 -0.016546
v 0.052596 -0.013341 -0.010033
v 0.039708 0.015509 0.034157
v 0.039745 0.015313 0.034271
v 0.035942 0.019209 0.039048
v -0.051990 0.026231 0.053713
v 0.042209 0.010930 0.031012
v -0.054930 0.025919 0.047931
v -0.054354 -0.007081 0.047355
v -0.053110 0.009100 0.052000
v -0.053716 0.029379 0.051916
v -0.052252 0.029379 0.053469
v 0.034746 0.011370 0.040552
v 0.034890 0.015282 0.040371
v 0.042315 0.023090 0.031040
v 0.003223 0.021350 0.054794
v 0.049910 0.026346 0.018869
v 0.051640 0.026445 0.018828
v -0.002598 0.016985 0.051802
v 0.000000 0.017419 0.051803
v 0.002598 0.016985 0.051803
v 0.004914 0.015732 0.051803
v 0.006697 0.013794 0.051803
v 0.007755 0.011383 0.051803
v 0.007973 0.008758 0.051803
v 0.005886 0.004001 0.051803
v 0.003808 0.002383 0.051803
v 0.001317 0.001528 0.051804
v -0.001317 0.001528 0.051802
v -0.003808 0.002383 0.051803
v -0.005886 0.004001 0.051803
v -0.007326 0.006205 0.051803
v -0.007973 0.008758 0.051803
v -0.007755 0.011383 0.051803
v -0.006697 0.013794 0.051803
v -0.004914 0.015732 0.051804
v -0.049494 0.036059 0.047543
v -0.049491 0.034690 0.047545
v 0.008741 0.018034 0.054087
v 0.011221 0.014380 0.053561
v 0.012537 0.029429 0.053423
v 0.012241 0.010101 0.053254
v 0.013615 -0.013253 0.052474
v 0.020011 -0.013250 0.050387
v 0.026084 -0.013260 0.047533
v 0.032311 0.029358 0.044454
v 0.031834 -0.013242 0.043895
v 0.032920 -0.000183 0.043417
v 0.037366 -0.013268 0.039266
v 0.040995 -0.000535 0.036000
v 0.041766 -0.013268 0.034531
v 0.045709 -0.013263 0.029101
v 0.046191 -0.000535 0.028865
v 0.049087 -0.013261 0.023024
v 0.049707 -0.000183 0.022308
v 0.051026 -0.000239 0.019097
v 0.011698 0.005740 0.053300
v 0.009658 0.001841 0.053650
v 0.005050 -0.013259 0.054048
v 0.006333 -0.001101 0.054095
v 0.051525 -0.013257 0.016820
v 0.053226 -0.013268 0.010182
v 0.054069 -0.013277 0.003749
v 0.054081 -0.013262 -0.003401
v 0.053218 -0.013269 -0.010286
v 0.051517 -0.013255 -0.016857
v 0.050946 0.000306 -0.019306
v 0.049017 -0.013249 -0.023178
v 0.048346 0.026611 -0.026117
v 0.045897 -0.013268 -0.028839
v 0.047969 -0.000132 -0.025834
v 0.041794 -0.013262 -0.034491
v 0.041413 -0.000485 -0.035617
v 0.036927 -0.013266 -0.039684
v 0.031884 -0.013258 -0.043838
v 0.032280 0.012569 -0.044163
v 0.026101 -0.013247 -0.047521
v 0.027309 0.029442 -0.047588
v 0.019978 -0.013260 -0.050404
v 0.013673 -0.013248 -0.052456
v 0.011926 0.006582 -0.053260
v 0.010162 0.002545 -0.053561
v 0.005952 -0.001318 -0.054128
v 0.011691 0.013122 -0.053433
v 0.009643 0.017010 -0.053916
v 0.033601 0.013247 -0.043234
v 0.037886 0.029363 -0.039819
v 0.038048 0.013419 -0.039316
v 0.038218 0.025465 -0.039443
v 0.038390 0.026586 -0.039288
v 0.046452 0.029366 -0.029330
v 0.043880 0.026964 -0.033136
v 0.049746 0.029364 -0.023374
v 0.053954 0.029372 -0.010333
v 0.054234 0.026965 -0.009370
v 0.054812 0.029381 -0.003803
v 0.054950 0.026965 0.003139
v 0.054823 0.029367 0.003443
v 0.053949 0.029373 0.010427
v 0.052024 0.026973 0.018084
v 0.052247 0.029362 0.017002
v 0.051443 0.026167 0.019274
v 0.049781 0.029358 0.023269
v 0.042278 0.029366 0.035072
v 0.044937 0.026964 0.031726
v 0.038894 0.026965 0.038814
v 0.037380 0.029374 0.040271
v 0.033346 0.026645 0.043680
v 0.039882 0.023321 0.034096
v 0.042188 0.023328 0.031196
v 0.032799 0.026309 0.042842
v 0.031493 -0.000271 0.042155
v 0.046902 0.026914 -0.025943
v 0.047441 0.026048 -0.025227
v 0.039782 0.010930 0.034223
v 0.007326 0.006205 0.051803
v 0.048134 -0.000345 0.021235
v -0.048500 -0.000347 -0.040792
v -0.048500 -0.000347 -0.044190
v -0.048500 -0.001581 -0.040391
v -0.048500 -0.001581 -0.044591
v -0.048500 -0.002815 -0.040792
v -0.048500 -0.002815 -0.044190
v -0.048500 -0.003578 -0.041842
v -0.048500 -0.003578 -0.043140
v -0.048500 0.000416 -0.041842
v -0.048500 0.000416 -0.043140
v 0.047321 0.015075 0.024744
v 0.034743 0.015081 0.040557
v 0.032767 0.000129 0.042882
v 0.031681 0.000050 0.041918
v 0.010918 0.013707 -0.053114
v 0.048010 0.000129 0.021389
v 0.042209 0.015526 0.031012
v 0.049811 0.026611 0.019125
v 0.052639 0.026821 0.009062
v 0.053313 0.026827 -0.000000
v 0.052613 0.026820 -0.009059
v 0.034872 0.023095 0.040394
v 0.039882 0.011363 0.034096
v 0.031648 0.026335 0.041960
v -0.048001 0.029945 0.054300
v -0.051704 0.029945 0.053097
v -0.054000 0.029966 0.049968
v 0.037326 0.026048 -0.038650
v 0.037850 0.026898 -0.037955
v 0.031452 0.026669 0.042208
v 0.020157 0.029484 -0.050976
v 0.020169 0.029499 0.050979
v 0.049875 0.000050 -0.018804
v -0.049275 -0.006666 -0.053706
v 0.042170 0.015083 0.031227
v -0.054930 0.025919 0.037183
v -0.054930 0.025919 -0.037183
v -0.054354 -0.007081 0.037183
v 0.039882 0.015045 0.034104
v 0.039881 0.003085 0.034105
v 0.054207 0.026704 -0.009524
v 0.054964 0.026717 0.000009
v 0.054207 0.026704 0.009542
v 0.051135 0.000007 -0.018850
v 0.053730 -0.000275 0.009538
v 0.054492 -0.000288 0.000009
v 0.053730 -0.000275 -0.009520
v 0.039757 0.003366 0.034255
v 0.047383 0.025447 -0.025304
v 0.047278 0.026097 -0.025443
v 0.046992 0.026573 -0.025823
v 0.046601 0.026747 -0.026342
v 0.038165 0.026747 -0.037537
v 0.037773 0.026573 -0.038056
v 0.037487 0.026097 -0.038436
v 0.037382 0.025447 -0.038575
v 0.013577 0.029989 -0.052604
v 0.019989 0.029945 -0.050487
v 0.031917 0.029945 -0.043930
v 0.041839 0.029945 -0.034612
v 0.045847 0.029945 -0.029095
v 0.051642 0.029945 -0.016780
v 0.053338 0.029945 -0.010175
v 0.054193 0.029945 -0.003410
v 0.054193 0.029945 0.003410
v 0.051642 0.029945 0.016780
v 0.049132 0.029945 0.023120
v 0.045868 0.030000 0.029124
v 0.041839 0.029945 0.034612
v 0.026159 0.029945 0.047583
v 0.019988 0.030000 0.050523
v 0.031917 0.029945 0.043930
v 0.013504 0.029945 0.052594
v 0.006764 0.029971 0.053902
v -0.056000 0.025919 0.037183
v -0.056000 0.025919 0.047931
v -0.056000 -0.007081 0.037183
v -0.056000 -0.007081 0.047355
v 0.037018 0.012750 -0.037388
v -0.050277 0.033648 -0.048540
v -0.050099 0.033648 -0.049550
v -0.049313 0.033649 -0.050210
v -0.048287 0.033648 -0.050210
v -0.047501 0.033648 -0.049550
v -0.047323 0.033649 -0.048540
v -0.047836 0.033648 -0.047651
v -0.048800 0.033648 -0.047300
v -0.049764 0.033649 -0.047651
v -0.046437 0.033850 -0.050777
v -0.045829 0.033850 -0.048384
v -0.046823 0.033850 -0.046437
v -0.049857 0.033850 -0.045906
v -0.051835 0.033850 -0.048269
v -0.050777 0.033850 -0.051163
v -0.048384 0.033850 -0.051771
v -0.046435 0.035250 -0.046955
v -0.045743 0.035306 -0.049021
v -0.046885 0.035320 -0.051077
v -0.049063 0.035254 -0.051874
v -0.050894 0.035369 -0.050895
v -0.051870 0.035277 -0.048537
v -0.050628 0.035347 -0.046444
v -0.048567 0.035268 -0.045732
v -0.047358 0.036050 -0.048743
v -0.048062 0.036075 -0.050039
v -0.048785 0.036193 -0.049581
v -0.050180 0.036062 -0.048961
v -0.048111 0.036068 -0.047536
v -0.049494 0.036059 -0.050057
v -0.049473 0.036199 -0.049202
v -0.048112 0.036199 -0.049176
v -0.048127 0.036199 -0.048398
v -0.049543 0.036058 -0.047571
v -0.048815 0.036193 -0.048019
v -0.049580 0.036204 -0.048486
v -0.047362 0.034690 -0.048755
v -0.048136 0.034690 -0.049166
v -0.048151 0.034690 -0.048409
v -0.048786 0.034690 -0.049558
v -0.048814 0.034690 -0.048042
v -0.049449 0.034690 -0.049191
v -0.049464 0.034690 -0.048434
v -0.050238 0.034690 -0.048845
v -0.048058 0.034690 -0.050026
v -0.049491 0.034690 -0.050055
v -0.049542 0.034690 -0.047574
v -0.048109 0.034690 -0.047545
v 0.027802 0.033649 -0.041848
v 0.028828 0.033648 -0.041848
v 0.027016 0.033648 -0.041188
v 0.026838 0.033648 -0.040178
v 0.027351 0.033649 -0.039289
v 0.028801 0.033647 -0.038926
v 0.029829 0.033645 -0.040819
v 0.029279 0.033850 -0.039289
v 0.029739 0.033850 -0.040518
v 0.031096 0.033850 -0.041564
v 0.031209 0.033850 -0.039381
v 0.029792 0.033850 -0.040178
v 0.028846 0.033850 -0.037403
v 0.025952 0.033850 -0.038461
v 0.025421 0.033850 -0.041496
v 0.027189 0.033850 -0.043219
v 0.029373 0.033850 -0.043332
v 0.030680 0.035250 -0.038593
v 0.031372 0.035306 -0.040659
v 0.030230 0.035320 -0.042716
v 0.028052 0.035254 -0.043512
v 0.026221 0.035369 -0.042533
v 0.025245 0.035277 -0.040175
v 0.026487 0.035347 -0.038082
v 0.028548 0.035268 -0.037370
v 0.029695 0.036057 -0.040545
v 0.029053 0.036075 -0.041677
v 0.028330 0.036193 -0.041219
v 0.026935 0.036062 -0.040599
v 0.029004 0.036068 -0.039174
v 0.027621 0.036059 -0.041695
v 0.027642 0.036199 -0.040840
v 0.029003 0.036199 -0.040814
v 0.029233 0.036166 -0.040202
v 0.029007 0.036184 -0.040016
v 0.027572 0.036058 -0.039209
v 0.028300 0.036193 -0.039657
v 0.027535 0.036204 -0.040124
v 0.029753 0.034690 -0.040393
v 0.028979 0.034690 -0.040805
v 0.029136 0.034690 -0.040134
v 0.029009 0.034690 -0.040020
v 0.028302 0.034690 -0.041237
v 0.028301 0.034690 -0.039680
v 0.027666 0.034690 -0.040830
v 0.027652 0.034690 -0.040072
v 0.026877 0.034690 -0.040483
v 0.028576 0.034690 -0.041321
v 0.028950 0.034690 -0.041760
v 0.027624 0.034690 -0.041693
v 0.027574 0.034690 -0.039212
v 0.028949 0.034690 -0.039771
v 0.029006 0.034690 -0.039183
v 0.029009 0.036184 -0.040020
v 0.029279 0.033648 0.041587
v 0.028315 0.033648 0.041938
v 0.027351 0.033649 0.041587
v 0.026838 0.033648 0.040699
v 0.029614 0.033648 0.039688
v 0.028828 0.033648 0.039029
v 0.027802 0.033649 0.039029
v 0.027016 0.033648 0.039688
v 0.029792 0.033649 0.040699
v 0.031096 0.033850 0.039312
v 0.031209 0.033850 0.041496
v 0.028846 0.033850 0.043473
v 0.026470 0.033850 0.042803
v 0.025280 0.033850 0.040969
v 0.026338 0.033850 0.038075
v 0.029373 0.033850 0.037544
v 0.030680 0.035250 0.042284
v 0.031372 0.035306 0.040217
v 0.030230 0.035320 0.038161
v 0.028052 0.035254 0.037364
v 0.026221 0.035369 0.038343
v 0.025245 0.035277 0.040701
v 0.026487 0.035347 0.042794
v 0.028548 0.035268 0.043507
v 0.029757 0.036050 0.040495
v 0.029053 0.036075 0.039199
v 0.028330 0.036193 0.039657
v 0.026935 0.036062 0.040278
v 0.029004 0.036068 0.041702
v 0.027621 0.036059 0.039181
v 0.027642 0.036199 0.040036
v 0.029003 0.036199 0.040063
v 0.028988 0.036199 0.040840
v 0.027572 0.036058 0.041667
v 0.028300 0.036193 0.041219
v 0.027535 0.036204 0.040752
v 0.029753 0.034690 0.040483
v 0.028979 0.034690 0.040072
v 0.028964 0.034690 0.040830
v 0.028302 0.034690 0.039640
v 0.028301 0.034690 0.041196
v 0.027666 0.034690 0.040047
v 0.027652 0.034690 0.040805
v 0.026877 0.034690 0.040393
v 0.028576 0.034690 0.039556
v 0.028950 0.034690 0.039116
v 0.027624 0.034690 0.039183
v 0.027574 0.034690 0.041664
v 0.029006 0.034690 0.041693
v -0.050277 0.033648 0.049060
v -0.049764 0.033649 0.049949
v -0.048800 0.033648 0.050300
v -0.047836 0.033648 0.049949
v -0.047323 0.033649 0.049060
v -0.047501 0.033648 0.048050
v -0.048287 0.033648 0.047390
v -0.049313 0.033649 0.047390
v -0.050099 0.033648 0.048050
v -0.046437 0.033850 0.046823
v -0.045906 0.033850 0.049857
v -0.048269 0.033850 0.051835
v -0.050645 0.033850 0.051165
v -0.051835 0.033850 0.049331
v -0.050777 0.033850 0.046437
v -0.048384 0.033850 0.045829
v -0.046435 0.035250 0.050645
v -0.045743 0.035306 0.048579
v -0.046885 0.035320 0.046523
v -0.049063 0.035254 0.045726
v -0.050894 0.035369 0.046705
v -0.051870 0.035277 0.049063
v -0.050628 0.035347 0.051156
v -0.048567 0.035268 0.051868
v -0.047358 0.036050 0.048857
v -0.048062 0.036075 0.047561
v -0.048785 0.036193 0.048019
v -0.050180 0.036062 0.048639
v -0.048111 0.036068 0.050064
v -0.049473 0.036199 0.048398
v -0.048112 0.036199 0.048424
v -0.048127 0.036199 0.049202
v -0.049543 0.036058 0.050029
v -0.048815 0.036193 0.049581
v -0.049580 0.036204 0.049114
v -0.047362 0.034690 0.048845
v -0.048136 0.034690 0.048434
v -0.048151 0.034690 0.049191
v -0.048786 0.034690 0.048042
v -0.048814 0.034690 0.049558
v -0.049449 0.034690 0.048409
v -0.049464 0.034690 0.049166
v -0.050238 0.034690 0.048755
v -0.048058 0.034690 0.047574
v -0.049542 0.034690 0.050026
v -0.048109 0.034690 0.050055
vn -0.0377 -0.9985 -0.0391
vn 0.4326 -0.8877 -0.1575
vn 0.7095 -0.6253 0.3250
vn 0.9367 -0.0793 0.3409
vn 0.0437 -0.9581 0.2832
vn 0.4522 -0.4267 0.7832
vn -0.1498 -0.9433 0.2962
vn -0.1357 -0.6243 0.7693
vn -0.3364 -0.9253 0.1752
vn -0.5219 -0.7320 0.4379
vn -0.4226 -0.9043 -0.0612
vn -0.6075 -0.7943 -0.0000
vn -0.3403 -0.8809 -0.3289
vn -0.4240 -0.8329 -0.3557
vn -0.0909 -0.8567 -0.5078
vn -0.0891 -0.8582 -0.5055
vn 0.2397 -0.8335 -0.4978
vn 0.2416 -0.8756 -0.4184
vn 0.5110 -0.8139 -0.2764
vn -0.8938 0.0207 -0.4480
vn -0.8958 0.0196 -0.4440
vn -0.8686 -0.0278 0.4948
vn -0.6794 0.0279 0.7332
vn 0.2235 -0.0210 0.9745
vn 0.2266 -0.0218 0.9738
vn 0.9931 0.0207 0.1153
vn 0.9983 -0.0218 -0.0540
vn 0.2860 0.0207 -0.9580
vn 0.1201 -0.0218 -0.9925
vn -0.5007 -0.8333 -0.2344
vn 0.0712 -0.8054 -0.5884
vn 0.5918 -0.8054 -0.0320
vn 0.1343 -0.8054 0.5773
vn -0.4959 -0.8253 0.2701
vn 0.0196 -0.9979 -0.0612
vn -0.4290 -0.8931 -0.1353
vn -0.5222 -0.8046 -0.2828
vn -0.2513 -0.8839 -0.3945
vn -0.2470 -0.8216 -0.5138
vn 0.0643 -0.8707 -0.4876
vn 0.0951 -0.8435 -0.5286
vn 0.3865 -0.8516 -0.3540
vn 0.3575 -0.8679 -0.3448
vn 0.5670 -0.8233 -0.0247
vn 0.4467 -0.8924 -0.0640
vn 0.4973 -0.7791 0.3817
vn 0.3572 -0.9152 0.1868
vn 0.1533 -0.7055 0.6920
vn 0.1593 -0.9351 0.3167
vn -0.3784 -0.5734 0.7267
vn -0.4267 -0.4649 0.7757
vn -0.4036 -0.8995 0.1671
vn -0.6015 -0.7950 0.0787
vn -0.5872 -0.0031 -0.8094
vn -0.9976 0.0005 0.0699
vn -0.8822 0.0829 0.4635
vn -0.1989 -0.0723 0.9773
vn 0.6863 0.0676 0.7242
vn 0.9420 -0.0368 0.3336
vn 0.7165 0.0380 -0.6966
vn 0.4935 -0.0312 -0.8692
vn -0.6694 0.0241 -0.7425
vn 0.5592 -0.8050 0.1981
vn -0.1259 -0.7942 0.5945
vn -0.5483 -0.8354 0.0388
vn -0.3808 -0.8289 -0.4099
vn 0.2932 -0.8057 -0.5147
vn -0.6013 -0.7927 -0.1003
vn -0.9099 -0.2879 -0.2986
vn -0.2801 -0.9023 -0.3276
vn -0.1846 -0.7973 -0.5747
vn -0.0040 -0.9017 -0.4322
vn 0.1893 -0.7927 -0.5795
vn 0.2782 -0.8992 -0.3378
vn 0.4881 -0.7974 -0.3547
vn 0.4398 -0.8944 -0.0818
vn 0.5854 -0.8107 -0.0012
vn 0.4023 -0.8868 0.2273
vn 0.4518 -0.8306 0.3254
vn 0.1694 -0.8756 0.4524
vn 0.1637 -0.8546 0.4928
vn -0.1707 -0.8588 0.4830
vn -0.1424 -0.8800 0.4531
vn -0.4761 -0.8334 0.2808
vn -0.3416 -0.9045 0.2552
vn 0.0599 -0.9981 0.0110
vn -0.9972 0.0718 0.0199
vn -0.7644 -0.0618 0.6418
vn 0.1860 0.0585 0.9808
vn 0.5301 -0.0295 0.8474
vn 0.9896 0.0283 -0.1413
vn 0.9731 0.0068 -0.2303
vn 0.3644 -0.0219 -0.9310
vn -0.0086 0.0502 -0.9987
vn -0.7478 -0.0494 -0.6621
vn -0.4423 -0.8100 -0.3851
vn 0.2174 -0.8288 -0.5157
vn 0.5378 -0.8319 -0.1368
vn -0.4637 -0.7962 0.3886
vn 0.3145 -0.8052 0.5027
vn -0.7820 -0.0000 0.6232
vn -0.8410 -0.1043 0.5309
vn -0.7701 -0.0000 0.6379
vn -0.8209 -0.1051 0.5613
vn 0.7071 -0.0000 0.7071
vn 0.6379 -0.0000 -0.7701
vn 0.5613 0.1051 -0.8209
vn 0.6232 -0.0000 -0.7820
vn 0.5309 0.1043 -0.8410
vn -0.7071 -0.0000 -0.7071
vn -0.0000 -1.0000 -0.0000
vn -0.0466 -0.9975 0.0535
vn 0.1248 -0.9907 -0.0551
vn -0.4519 -0.1618 -0.8772
vn -0.4423 -0.1924 -0.8760
vn -0.3600 -0.0227 -0.9327
vn -0.2515 -0.2082 -0.9452
vn -0.2569 -0.2630 -0.9299
vn -0.1593 0.0337 -0.9867
vn 0.0001 -1.0000 0.0004
vn 0.0001 -1.0000 -0.0000
vn 0.0002 -1.0000 0.0001
vn 0.0001 -1.0000 0.0001
vn 0.0001 -1.0000 0.0002
vn -0.0000 -1.0000 0.0002
vn -0.0000 -1.0000 0.0001
vn -0.0000 -1.0000 -0.0001
vn -0.0001 -1.0000 -0.0000
vn 0.0002 -1.0000 -0.0002
vn 0.0002 -1.0000 -0.0000
vn -0.0002 -1.0000 -0.0000
vn -0.9887 -0.1500 -0.0000
vn -0.9546 0.1008 0.2803
vn -0.8317 -0.1499 0.5345
vn -0.4107 -0.1499 0.8994
vn -0.2432 0.0101 0.9699
vn 0.1405 -0.1573 0.9775
vn 0.5066 0.0101 0.8621
vn 0.6475 -0.1499 0.7472
vn 0.9486 -0.1499 0.2785
vn 0.9949 0.1008 -0.0000
vn 0.9486 -0.1499 -0.2786
vn 0.6475 -0.1499 -0.7472
vn 0.4133 0.1008 -0.9050
vn 0.1407 -0.1499 -0.9786
vn -0.4107 -0.1500 -0.8993
vn -0.6515 0.1008 -0.7519
vn -0.8317 -0.1499 -0.5345
vn 0.9546 0.1008 0.2803
vn 0.9887 -0.1499 -0.0000
vn 0.8317 -0.1499 -0.5345
vn 0.6515 0.1008 -0.7519
vn 0.4107 -0.1500 -0.8993
vn -0.1407 -0.1500 -0.9786
vn -0.4133 0.1008 -0.9050
vn -0.6475 -0.1499 -0.7472
vn -0.9486 -0.1499 -0.2786
vn -0.9949 0.1008 -0.0000
vn -0.9486 -0.1500 0.2786
vn -0.6475 -0.1500 0.7472
vn -0.5066 0.0101 0.8621
vn -0.1405 -0.1573 0.9775
vn 0.2431 0.0101 0.9699
vn 0.4107 -0.1500 0.8993
vn 0.8317 -0.1499 0.5345
vn 0.7071 -0.0000 -0.7071
vn -0.7071 -0.0000 0.7071
vn -0.7179 -0.0348 -0.6952
vn -0.9522 -0.1580 -0.2616
vn -0.9630 -0.1352 -0.2330
vn -0.8797 -0.0384 0.4740
vn -0.8812 -0.0473 0.4704
vn 0.5938 -0.2018 -0.7789
vn 0.0708 0.0156 -0.9974
vn 0.0938 -0.0119 -0.9955
vn -0.5704 -0.1675 -0.8041
vn -0.8274 0.1142 -0.5499
vn -0.9389 -0.1529 -0.3083
vn -0.9353 -0.2010 0.2912
vn 0.7430 -0.0988 -0.6620
vn 0.7609 -0.0515 -0.6468
vn -0.3962 -0.0440 -0.9171
vn 0.0926 -0.1414 -0.9856
vn 0.0899 -0.1434 -0.9856
vn -0.6766 -0.1706 0.7163
vn -0.6716 -0.0982 0.7344
vn -0.7681 -0.1004 0.6324
vn -0.7714 -0.2116 0.6002
vn -0.8452 0.0230 0.5340
vn -0.8889 -0.1909 0.4164
vn -0.8812 -0.2495 0.4015
vn -0.9512 0.0230 0.3077
vn -0.9644 -0.1909 0.1830
vn -0.9533 -0.2495 0.1704
vn -0.9978 0.0230 0.0621
vn -0.9796 -0.1909 -0.0619
vn -0.9657 -0.2495 -0.0714
vn -0.9820 0.0230 -0.1872
vn -0.9337 -0.1909 -0.3029
vn -0.9179 -0.2495 -0.3086
vn -0.9049 0.0230 -0.4249
vn -0.8294 -0.1909 -0.5250
vn -0.8127 -0.2495 -0.5266
vn -0.7713 0.0230 -0.6361
vn -0.6734 -0.1907 -0.7142
vn -0.6732 -0.1915 -0.7142
vn 0.1310 -0.1470 0.9804
vn 0.1318 -0.1477 0.9802
vn -0.4175 -0.0296 0.9082
vn 0.7416 -0.0930 0.6644
vn 0.7635 -0.0362 0.6448
vn -0.9412 -0.1539 -0.3008
vn -0.9353 -0.2076 0.2864
vn -0.7621 0.1231 0.6357
vn -0.5472 -0.1337 0.8263
vn 0.0299 -0.1248 0.9917
vn 0.1692 0.0042 0.9856
vn 0.5941 -0.1876 0.7822
vn -0.8780 -0.0266 -0.4780
vn -0.8921 0.0095 -0.4518
vn -0.7276 0.0052 0.6859
vn -0.9277 -0.2054 0.3116
vn -0.9562 -0.1531 0.2494
vn -0.1629 -0.1438 0.9761
vn -0.1719 -0.1862 0.9674
vn -0.2578 -0.0139 0.9661
vn -0.3589 -0.1758 0.9167
vn -0.3723 -0.3059 0.8763
vn -0.4585 -0.0460 0.8875
vn -0.0012 -0.0346 0.9994
vn -0.0051 -0.1697 0.9855
vn 0.9880 -0.0567 0.1437
vn 0.8797 -0.1314 0.4569
vn 0.8506 -0.1893 0.4906
vn 0.7059 -0.0173 0.7081
vn 0.4414 -0.1648 0.8821
vn 0.4505 -0.1507 0.8799
vn 0.1683 -0.0385 0.9850
vn 0.9831 -0.1833 0.0015
vn 0.9942 -0.1077 0.0003
vn 0.1430 -0.0917 -0.9855
vn 0.4600 0.0220 -0.8876
vn 0.6905 -0.2224 -0.6883
vn 0.6867 -0.2056 -0.6973
vn 0.8936 -0.0273 -0.4480
vn 0.9627 -0.1622 -0.2168
vn 0.9801 -0.1057 -0.1682
vn 0.0013 -0.2888 -0.9574
vn -0.0047 -0.0976 -0.9952
vn 0.0009 -0.9985 0.0551
vn 0.0005 -0.9987 -0.0513
vn 0.1122 -0.9927 0.0439
vn -0.1099 -0.9880 -0.1085
vn 0.5975 -0.0034 0.8018
vn -0.0213 0.9997 0.0126
vn -0.0183 0.9998 0.0122
vn 0.8569 0.4293 -0.2852
vn 0.1653 0.9671 0.1932
vn 0.0894 0.9890 0.1177
vn 0.6207 -0.0455 0.7827
vn 0.7870 -0.0004 -0.6169
vn 0.7017 -0.0186 -0.7122
vn 0.7925 -0.0159 -0.6096
vn 0.7989 -0.0338 -0.6006
vn 0.8502 -0.0183 -0.5262
vn 0.8024 -0.0037 -0.5967
vn -0.5878 0.0034 -0.8090
vn -0.5846 -0.0022 -0.8113
vn 0.0113 -0.9999 -0.0101
vn 0.0178 -0.9998 -0.0110
vn 0.0171 0.9998 -0.0120
vn 0.0130 0.9998 -0.0115
vn 0.0126 -0.9999 -0.0111
vn 0.0173 -0.9998 -0.0118
vn -0.5896 0.0034 -0.8077
vn -0.5850 -0.0046 -0.8110
vn 0.7942 -0.0004 -0.6077
vn 0.7926 -0.0000 -0.6098
vn 0.7988 -0.0000 -0.6016
vn 0.7987 0.0003 -0.6018
vn 0.8029 0.0003 -0.5962
vn 0.8011 -0.0001 -0.5985
vn 0.6142 -0.0034 0.7891
vn 0.6183 0.0040 0.7859
vn -1.0000 -0.0000 -0.0000
vn -0.0118 0.0122 -0.9999
vn 0.2179 0.9595 0.1786
vn -0.6225 -0.0101 0.7825
vn 0.7985 -0.0000 -0.6020
vn 0.7986 -0.0000 -0.6019
vn 0.7985 0.0003 -0.6019
vn 0.0232 0.0010 0.9997
vn -0.0372 -0.0018 0.9993
vn -0.3419 -0.7091 0.6167
vn 0.7981 0.0002 -0.6026
vn 0.7975 -0.0000 -0.6034
vn 0.7790 -0.0003 -0.6271
vn 0.7986 -0.0011 -0.6018
vn 0.7986 -0.0010 -0.6018
vn 0.8079 -0.0006 -0.5893
vn 0.8211 -0.0015 -0.5707
vn 0.7980 0.0011 -0.6027
vn 0.7981 0.0009 -0.6025
vn 0.7985 0.0006 -0.6020
vn 0.7986 0.0011 -0.6018
vn 0.7986 -0.0007 -0.6018
vn 0.7953 0.0212 -0.6058
vn -0.0018 0.0187 -0.9998
vn 0.0015 0.0443 -0.9990
vn 0.0517 0.1209 -0.9913
vn 0.0061 0.0160 -0.9999
vn 0.0177 0.0115 -0.9998
vn 0.0491 0.0095 -0.9988
vn 0.1741 0.0055 -0.9847
vn 0.0233 -0.0089 -0.9997
vn 0.0095 -0.0129 -0.9999
vn -0.0072 -0.0278 -0.9996
vn -0.0021 -0.0207 -0.9998
vn -0.0001 -0.0408 -0.9992
vn 0.0005 -0.0006 -1.0000
vn 0.0055 -0.0604 -0.9982
vn 0.0616 -0.1342 -0.9890
vn -0.0120 -0.0487 -0.9987
vn -0.0240 -0.0494 -0.9985
vn -0.0339 -0.0319 -0.9989
vn -0.0407 -0.0649 -0.9971
vn -0.0403 -0.0323 -0.9987
vn -0.0518 -0.0134 -0.9986
vn -0.0581 -0.0213 -0.9981
vn -0.0506 -0.0004 -0.9987
vn -0.0563 0.0184 -0.9982
vn -0.0526 0.0136 -0.9985
vn -0.0408 0.0308 -0.9987
vn -0.0402 0.0596 -0.9974
vn -0.0349 0.0327 -0.9989
vn -0.0164 0.0623 -0.9979
vn -0.0211 0.0436 -0.9988
vn 0.0005 -0.0014 -1.0000
vn 0.0004 -0.0002 -1.0000
vn 0.0005 0.0004 -1.0000
vn 0.0005 -0.0001 -1.0000
vn 0.0005 0.0001 -1.0000
vn 0.0005 -0.0002 -1.0000
vn 0.0004 0.0002 -1.0000
vn 0.0005 0.0028 -1.0000
vn 0.0006 0.0012 -1.0000
vn 0.0032 0.0584 -0.9983
vn -0.0229 0.0462 -0.9987
vn 0.3076 0.9182 0.2495
vn -0.9408 0.3389 -0.0004
vn -0.8550 0.0053 0.5186
vn -0.4284 0.0421 0.9026
vn -0.5616 0.0036 -0.8274
vn -0.4503 -0.0063 -0.8929
vn 0.0013 -0.0030 1.0000
vn -0.0017 0.0446 0.9990
vn -0.0623 -0.7187 0.6925
vn -0.0757 -0.8395 0.5381
vn -0.0877 -0.9960 -0.0148
vn -0.0903 -0.9948 0.0480
vn -0.9930 -0.0190 -0.1165
vn -0.8929 -0.0249 -0.4495
vn -0.8609 0.0267 -0.5081
vn -0.7449 -0.0543 -0.6649
vn -0.4506 0.0493 -0.8913
vn -0.3589 -0.0409 -0.9325
vn -0.9920 -0.0195 -0.1247
vn -0.9121 -0.0213 -0.4095
vn -0.7784 -0.0240 -0.6273
vn -0.7266 -0.0360 -0.6861
vn -0.6612 -0.0174 -0.7500
vn -0.4544 -0.0551 -0.8891
vn -0.3245 -0.0107 -0.9458
vn 0.9991 -0.0169 -0.0390
vn 0.9990 -0.0176 -0.0399
vn 0.9959 -0.0173 -0.0887
vn 0.9959 -0.0175 -0.0889
vn 0.9857 -0.0176 -0.1675
vn 0.9764 -0.0173 -0.2155
vn 0.9762 -0.0179 -0.2163
vn -0.5189 0.0067 -0.8548
vn -0.9026 0.0421 -0.4284
vn 0.6637 -0.0020 -0.7480
vn 0.6084 0.0019 -0.7936
vn 0.9991 -0.0168 0.0389
vn 0.9990 -0.0176 0.0399
vn 0.9959 -0.0173 0.0887
vn 0.9959 -0.0175 0.0889
vn -0.3235 -0.9451 0.0465
vn -0.4347 -0.8868 -0.1569
vn -0.6988 -0.7146 -0.0317
vn -0.7213 -0.6780 -0.1413
vn -0.9054 -0.3989 0.1456
vn -0.9375 -0.2464 -0.2456
vn -0.9824 -0.1860 -0.0178
vn -0.9388 0.2461 -0.2411
vn -0.9559 0.2847 -0.0719
vn -0.7947 0.5865 0.1563
vn -0.7210 0.6773 -0.1464
vn -0.5093 0.8552 0.0962
vn -0.4396 0.8949 -0.0767
vn -0.4014 0.9122 -0.0820
vn -0.4403 0.8965 0.0486
vn -0.7243 0.6804 0.1114
vn -0.7778 0.6014 -0.1830
vn -0.9559 0.2802 0.0887
vn -0.9371 0.2457 0.2481
vn -0.9741 -0.0896 -0.2075
vn -0.9178 -0.2411 0.3155
vn -0.8883 -0.4222 -0.1808
vn -0.7210 -0.6777 0.1448
vn -0.6694 -0.7417 -0.0421
vn -0.4387 -0.8950 0.0807
vn -0.3682 -0.9278 -0.0601
vn 0.0219 0.9997 -0.0121
vn 0.1236 0.9923 0.0044
vn 0.1225 0.9924 0.0085
vn 0.1359 0.9907 0.0078
vn 0.0968 0.9953 -0.0068
vn 0.2051 0.9779 -0.0411
vn 0.2091 0.9770 -0.0416
vn -0.8134 0.5719 -0.1065
vn 0.1255 -0.9879 0.0914
vn -0.1346 0.5845 -0.8001
vn -0.3998 0.4326 -0.8081
vn -0.5232 0.7617 -0.3823
vn 0.7177 -0.4019 0.5687
vn -0.0687 -0.7765 -0.6263
vn -0.0623 -0.7184 -0.6928
vn 0.1218 0.2140 -0.9692
vn 0.1357 0.7001 -0.7010
vn 0.2510 0.6390 -0.7271
vn 0.4389 0.1367 -0.8881
vn 0.2803 0.8881 -0.3643
vn 0.6457 0.1676 -0.7450
vn 0.3642 0.8851 -0.2899
vn 0.8758 0.1489 -0.4590
vn 0.4385 0.8894 -0.1289
vn 0.9571 -0.2044 0.2056
vn 0.6617 0.6670 0.3424
vn 0.5776 0.6792 0.4530
vn 0.6503 -0.2126 0.7293
vn 0.3452 0.6316 0.6942
vn 0.2245 0.6328 0.7410
vn 0.1579 0.2625 0.9519
vn 0.0528 0.5301 0.8463
vn 0.9857 -0.0176 0.1675
vn 0.9764 -0.0173 0.2155
vn 0.9762 -0.0179 0.2163
vn -0.4028 0.9153 -0.0001
vn -0.3850 0.9229 -0.0000
vn -0.4535 0.8456 0.2816
vn -0.1955 0.9764 0.0916
vn -0.3751 0.8570 0.3533
vn -0.1395 0.9407 0.3093
vn -0.1038 0.9762 0.1904
vn 0.0021 0.9003 0.4353
vn 0.0008 0.9674 0.2533
vn 0.0340 0.9645 0.2620
vn 0.0455 0.9332 0.3564
vn 0.1539 0.8641 0.4793
vn 0.1893 0.8962 0.4012
vn 0.1991 0.9334 0.2984
vn 0.2760 0.8535 0.4421
vn 0.2948 0.8849 0.3605
vn 0.1623 0.9714 0.1732
vn 0.3747 0.8578 0.3518
vn 0.2639 0.9439 0.1986
vn 0.4215 0.8775 0.2289
vn 0.4753 0.8596 0.1876
vn 0.4410 0.8811 0.1708
vn 0.4304 0.8955 0.1129
vn 0.2249 0.9734 0.0444
vn 0.5165 0.8539 0.0639
vn 0.3249 0.9458 0.0013
vn 0.6246 0.7807 0.0190
vn 0.5975 0.7967 -0.0906
vn 0.4622 0.8846 -0.0619
vn 0.5039 0.8534 -0.1337
vn 0.4965 0.8581 -0.1312
vn 0.1782 0.9808 -0.0793
vn 0.3893 0.8957 -0.2151
vn 0.3911 0.8772 -0.2786
vn 0.4488 0.8314 -0.3277
vn 0.1457 0.9780 -0.1495
vn 0.3228 0.8606 -0.3939
vn 0.0245 0.9995 -0.0180
vn 0.1799 0.9066 -0.3818
vn 0.1469 0.8804 -0.4508
vn 0.0335 0.9734 -0.2264
vn 0.0007 0.9341 -0.3571
vn 0.0005 0.9432 -0.3323
vn -0.2185 0.8781 -0.4257
vn -0.1513 0.9582 -0.2430
vn -0.4755 0.8342 -0.2794
vn -0.2359 0.9662 -0.1044
vn -0.0930 -0.9853 -0.1431
vn -0.0876 -0.9960 0.0153
vn 0.0021 0.0495 0.9988
vn -0.3245 0.4870 0.8109
vn -0.3838 0.7687 0.5116
vn 0.7903 -0.0164 0.6125
vn 0.7827 0.0002 0.6224
vn 0.7827 0.0001 0.6224
vn 0.7831 -0.0000 0.6220
vn 0.8105 -0.0081 0.5857
vn 0.7977 -0.0241 0.6026
vn 0.8161 0.0001 0.5780
vn 0.8158 -0.0000 0.5783
vn 0.8336 -0.0277 0.5516
vn 0.7905 0.0172 0.6123
vn 0.7808 0.0658 0.6213
vn 0.7984 0.0245 0.6016
vn 0.7833 0.0001 0.6217
vn 0.7825 -0.0008 0.6226
vn 0.7812 -0.0584 0.6216
vn 0.7820 0.0001 0.6233
vn 0.7825 -0.0007 0.6226
vn 0.7825 0.0008 0.6226
vn -0.0877 0.9959 0.0227
vn -0.0911 0.9912 -0.0963
vn 0.2833 0.0035 -0.9590
vn 0.1832 0.0047 -0.9831
vn 0.0008 0.2881 -0.9576
vn -0.1283 -0.9917 -0.0000
vn -0.0801 -0.9967 0.0127
vn -0.0871 -0.9952 0.0444
vn -0.0969 -0.9939 0.0529
vn -0.0704 -0.9950 0.0704
vn -0.0746 -0.9940 0.0797
vn -0.0457 -0.9949 0.0897
vn -0.0471 -0.9938 0.1010
vn -0.0135 -0.9963 0.0854
vn 0.0003 -0.9916 0.1297
vn -0.0000 -0.9871 0.1598
vn 0.0062 -0.9951 0.0988
vn 0.0251 -0.9909 0.1323
vn 0.0250 -0.9911 0.1309
vn 0.0407 -0.9915 0.1233
vn 0.0419 -0.9908 0.1290
vn 0.0558 -0.9909 0.1221
vn 0.0507 -0.9929 0.1077
vn 0.0665 -0.9927 0.1003
vn 0.0769 -0.9897 0.1211
vn 0.0900 -0.9895 0.1129
vn 0.0732 -0.9934 0.0885
vn 0.0784 -0.9942 0.0730
vn 0.0816 -0.9937 0.0766
vn 0.0907 -0.9937 0.0650
vn 0.0962 -0.9929 0.0699
vn 0.1057 -0.9927 0.0583
vn 0.1045 -0.9929 0.0575
vn 0.1098 -0.9930 0.0426
vn 0.1175 -0.9920 0.0465
vn 0.1235 -0.9918 0.0333
vn 0.1091 -0.9936 0.0280
vn 0.1119 -0.9936 0.0161
vn 0.0942 -0.9955 0.0119
vn 0.1014 -0.9948 -0.0000
vn -0.0871 -0.9961 -0.0138
vn -0.1255 -0.9921 -0.0000
vn -0.1098 -0.9924 -0.0559
vn -0.0920 -0.9949 -0.0420
vn -0.0792 -0.9937 -0.0792
vn -0.0728 -0.9950 -0.0680
vn -0.0503 -0.9939 -0.0986
vn -0.0470 -0.9954 -0.0831
vn -0.0123 -0.9969 -0.0774
vn 0.0006 -0.9914 -0.1305
vn -0.0000 -0.9815 -0.1913
vn 0.0079 -0.9921 -0.1254
vn 0.0296 -0.9845 -0.1730
vn 0.0264 -0.9901 -0.1382
vn 0.0404 -0.9907 -0.1298
vn 0.0369 -0.9928 -0.1136
vn 0.0524 -0.9929 -0.1070
vn 0.0585 -0.9905 -0.1244
vn 0.0728 -0.9904 -0.1171
vn 0.0668 -0.9922 -0.1053
vn 0.0779 -0.9923 -0.0965
vn 0.0700 -0.9939 -0.0847
vn 0.0845 -0.9933 -0.0785
vn 0.0890 -0.9925 -0.0836
vn 0.0971 -0.9927 -0.0714
vn 0.0916 -0.9936 -0.0665
vn 0.0953 -0.9942 -0.0493
vn 0.1170 -0.9910 -0.0643
vn 0.1260 -0.9907 -0.0507
vn 0.1194 -0.9917 -0.0473
vn 0.1259 -0.9914 -0.0348
vn 0.1040 -0.9942 -0.0267
vn 0.1096 -0.9939 -0.0128
vn 0.1203 -0.9926 -0.0152
vn 0.1211 -0.9926 -0.0018
vn -0.6710 0.2699 0.6906
vn -0.0017 0.0242 -0.9997
vn -0.3591 -0.4242 0.8313
vn -0.4032 -0.8329 0.3790
vn 0.7826 -0.0006 0.6225
vn 0.7827 -0.0001 0.6224
vn 0.4317 -0.2730 0.8597
vn 0.7714 0.0179 0.6362
vn 0.7467 -0.0000 0.6651
vn 0.7712 -0.0174 0.6363
vn 0.7745 -0.0267 0.6321
vn 0.7826 0.0002 0.6225
vn 0.7823 -0.0000 0.6230
vn 0.7825 0.0010 0.6227
vn 0.7822 0.0001 0.6231
vn -0.9913 -0.0196 0.1300
vn -0.9908 -0.0198 0.1337
vn -0.9048 -0.0219 0.4253
vn -0.8890 -0.0245 0.4573
vn -0.9236 -0.0244 0.3826
vn -0.6626 -0.0276 0.7484
vn -0.6843 -0.0251 0.7288
vn -0.6852 -0.0254 0.7279
vn -0.4081 -0.0475 0.9117
vn -0.3256 -0.0143 0.9454
vn -0.9101 -0.0335 0.4129
vn -0.7375 -0.0188 0.6751
vn -0.7276 -0.0072 0.6859
vn -0.4582 0.0308 0.8883
vn -0.3627 -0.0480 0.9307
vn 0.0001 0.0237 -0.9997
vn 0.0015 0.0025 -1.0000
vn 0.8776 -0.4756 -0.0603
vn -0.3509 -0.4998 -0.7919
vn -0.3623 -0.8159 -0.4506
vn 0.0012 -0.0325 0.9995
vn -0.0003 -0.0452 0.9990
vn 0.1120 -0.0255 0.9934
vn 0.2313 0.0170 0.9727
vn 0.1783 -0.0066 0.9840
vn 0.2409 -0.0122 0.9705
vn 0.3158 -0.0131 0.9487
vn 0.3050 -0.0135 0.9523
vn 0.3102 -0.0143 0.9506
vn 0.4292 -0.0141 0.9031
vn 0.4253 -0.0133 0.9050
vn 0.5266 -0.0155 0.8500
vn 0.5346 -0.0171 0.8449
vn 0.5695 -0.0172 0.8218
vn 0.5681 -0.0171 0.8228
vn 0.6414 -0.0253 0.7667
vn 0.6764 -0.0038 0.7365
vn 0.7321 -0.0341 0.6803
vn 0.8090 -0.0188 0.5875
vn 0.8082 -0.0196 0.5886
vn 0.8738 -0.0240 0.4856
vn 0.8815 -0.0160 0.4719
vn 0.9247 -0.0230 0.3801
vn 0.2331 -0.0188 0.9723
vn 0.2087 -0.0215 0.9778
vn 0.1807 -0.0292 0.9831
vn 0.1495 -0.0196 0.9886
vn 0.0853 -0.0128 0.9963
vn 0.9303 -0.0282 0.3656
vn 0.9629 -0.0102 0.2696
vn 0.9684 -0.0237 0.2482
vn 0.9910 -0.0324 0.1299
vn 0.9983 -0.0004 0.0574
vn 0.9995 -0.0305 0.0017
vn 0.9919 -0.0276 -0.1243
vn 0.9810 0.0123 -0.1936
vn 0.9678 -0.0243 -0.2506
vn 0.8933 -0.0432 -0.4473
vn 0.9295 -0.0273 -0.3677
vn 0.8980 -0.0173 -0.4397
vn 0.8755 -0.0277 -0.4824
vn 0.8089 -0.0276 -0.5873
vn 0.8308 -0.0037 -0.5566
vn 0.7291 -0.0385 -0.6833
vn 0.6721 -0.0003 -0.7405
vn 0.6356 -0.0229 -0.7717
vn 0.4946 -0.0185 -0.8689
vn 0.5292 -0.0163 -0.8483
vn 0.4280 -0.0135 -0.9037
vn 0.4260 -0.0139 -0.9046
vn 0.3060 -0.0140 -0.9519
vn 0.3094 -0.0134 -0.9508
vn 0.1304 -0.0163 -0.9913
vn 0.8198 0.0491 -0.5706
vn 0.2139 -0.0208 -0.9766
vn 0.1753 -0.0299 -0.9841
vn 0.1531 -0.0219 -0.9880
vn 0.0794 -0.0134 -0.9968
vn 0.5371 -0.0188 -0.8433
vn 0.5732 -0.0409 -0.8184
vn 0.2167 -0.0071 -0.9762
vn 0.1910 0.0005 -0.9816
vn 0.0514 -0.0520 -0.9973
vn 0.1371 -0.0412 -0.9897
vn 0.5181 -0.0209 -0.8551
vn 0.5802 -0.0147 -0.8144
vn 0.6299 -0.0029 -0.7767
vn 0.6613 -0.0169 -0.7499
vn 0.6540 -0.0172 -0.7563
vn 0.7257 0.0001 -0.6880
vn 0.8007 0.0827 -0.5933
vn 0.7467 -0.0519 -0.6632
vn 0.8745 0.0371 -0.4836
vn 0.8416 -0.0488 -0.5379
vn 0.9270 0.0172 -0.3747
vn 0.9652 0.0078 -0.2614
vn 0.9635 -0.0154 -0.2673
vn 0.9895 0.0632 -0.1300
vn 0.9927 -0.1063 -0.0568
vn 0.9986 0.0528 -0.0015
vn 0.9916 0.0364 0.1241
vn 0.9669 -0.1712 0.1893
vn 0.9678 0.0234 0.2506
vn 0.8419 0.1556 0.5167
vn 0.9302 0.0262 0.3661
vn 0.9271 0.0141 0.3745
vn 0.9255 -0.0172 0.3783
vn 0.9248 -0.0174 0.3800
vn 0.8696 -0.0182 0.4934
vn 0.8107 0.0919 0.5782
vn 0.8698 -0.0172 0.4931
vn 0.7596 -0.0613 0.6475
vn 0.7273 0.0426 0.6850
vn 0.6602 -0.0390 0.7501
vn 0.6363 0.0227 0.7711
vn 0.8975 -0.0174 -0.4407
vn 0.7017 -0.0089 -0.7124
vn 0.9196 -0.0170 -0.3926
vn 0.9180 -0.0175 -0.3961
vn 0.0134 0.9998 0.0119
vn -0.0134 0.9998 -0.0119
vn -0.2285 -0.7011 -0.6755
vn -0.6435 -0.3578 0.6767
vn -0.6024 0.7101 -0.3644
vn -0.2591 0.8251 -0.5020
vn -0.2052 0.4927 -0.8457
vn -0.3517 0.3707 -0.8596
vn -0.7312 0.3625 -0.5778
vn -0.3182 0.0888 -0.9438
vn -0.5757 -0.1065 -0.8107
vn -0.5181 -0.2353 -0.8223
vn -0.5839 -0.3793 -0.7177
vn -0.6437 -0.4188 -0.6405
vn -0.3450 -0.5383 -0.7689
vn -0.2117 -0.6636 -0.7175
vn 0.0402 -0.9986 0.0358
vn -0.0402 -0.9986 -0.0358
vn 0.7825 -0.0000 0.6227
vn 0.7737 0.0468 0.6318
vn 0.7525 -0.0001 0.6586
vn 0.7527 -0.0000 0.6583
vn 0.7554 -0.0064 0.6552
vn 0.7739 -0.0462 0.6316
vn 0.7824 -0.0001 0.6228
vn 0.7825 -0.0000 0.6226
vn 0.1744 -0.9843 0.0285
vn 0.1271 -0.9916 0.0254
vn 0.0751 -0.9972 0.0049
vn 0.0947 -0.9955 -0.0054
vn 0.0876 -0.9961 -0.0061
vn 0.0893 -0.9960 0.0028
vn 0.0476 -0.9988 0.0073
vn 0.7826 -0.0005 0.6225
vn 0.7826 -0.0003 0.6225
vn 0.7831 -0.0000 0.6219
vn 0.7827 0.0003 0.6224
vn 0.7902 -0.0505 0.6108
vn 0.8306 0.0575 0.5539
vn 0.8061 -0.0126 0.5916
vn -0.6637 -0.0020 0.7480
vn -0.6084 0.0019 0.7936
vn -0.1065 0.5719 0.8134
vn 0.0914 -0.9879 -0.1255
vn -0.7920 0.5957 0.1334
vn -0.8046 0.4408 0.3979
vn -0.3823 0.7617 0.5232
vn -0.0007 0.3396 0.9406
vn 0.1123 -0.9901 0.0838
vn 0.5940 -0.6959 0.4036
vn -0.4353 0.7917 -0.4287
vn -0.0364 -0.0018 -0.9993
vn 0.0220 0.0011 -0.9998
vn 0.7840 -0.0000 0.6207
vn 0.7839 -0.0000 0.6209
vn 0.7826 0.0020 0.6225
vn 0.7826 0.0018 0.6225
vn 0.7799 -0.0000 0.6260
vn 0.7824 -0.0000 0.6228
vn 0.7821 -0.0009 0.6232
vn 0.7826 -0.0022 0.6225
vn -0.1084 -0.9938 -0.0265
vn 0.0068 -1.0000 0.0059
vn 0.0205 -0.9989 -0.0422
vn 0.0534 -0.9981 0.0301
vn -0.7026 -0.0002 0.7116
vn -0.5641 0.0128 0.8256
vn -0.0099 0.9983 -0.0581
vn 0.0526 0.9979 0.0383
vn 0.0527 0.9979 0.0384
vn -0.1013 0.9949 -0.0009
vn -0.0488 -0.0091 0.9988
vn 0.1979 0.0023 0.9802
vn 0.9577 -0.0981 0.2705
vn 0.9310 -0.0000 0.3650
vn 0.9564 -0.1032 -0.2734
vn 0.9305 -0.0000 -0.3663
vn 0.9317 -0.0001 -0.3632
vn 0.9563 0.1024 -0.2740
vn 0.9576 0.0972 0.2712
vn 0.9323 -0.0001 0.3616
vn 0.6138 -0.0020 -0.7895
vn 0.6624 0.0025 -0.7491
vn -0.4728 -0.8421 0.2596
vn -0.1637 -0.5885 0.7918
vn -0.2956 -0.4803 0.8258
vn -0.6417 -0.5171 0.5664
vn -0.4004 -0.3027 0.8649
vn -0.7777 -0.2275 0.5861
vn -0.4370 -0.0754 0.8963
vn -0.8302 0.1093 0.5466
vn -0.4405 0.1626 0.8829
vn -0.7089 0.4217 0.5654
vn -0.3136 0.3551 0.8807
vn -0.5380 0.6828 0.4942
vn -0.1835 0.5718 0.7996
vn -0.2012 0.6540 0.7293
vn -0.1570 -0.7807 -0.6049
vn 0.6495 -0.7592 0.0417
vn 0.3778 -0.9166 0.1309
vn -0.0704 0.7698 -0.6344
vn -0.0617 0.6879 -0.7232
vn -0.0000 -0.0175 -0.9998
vn -0.9991 0.0419 -0.0000
vn -0.9991 0.0422 -0.0001
vn -0.9990 0.0446 -0.0000
vn -0.9998 -0.0175 -0.0000
vn -0.9990 -0.0452 -0.0000
vn -0.9985 -0.0548 0.0007
vn -0.9984 -0.0561 -0.0000
vn -0.0023 -0.0228 0.9997
vn -0.0038 -0.0063 1.0000
vn 0.0004 -0.0388 0.9992
vn 0.0001 0.0001 1.0000
vn 0.0002 -0.0007 1.0000
vn 0.0002 0.0001 1.0000
vn 0.0002 -0.0001 1.0000
vn 0.0002 -0.0000 1.0000
vn 0.0001 0.0057 1.0000
vn 0.0004 0.0005 1.0000
vn 0.0002 0.0452 0.9990
vn 0.0329 0.0947 0.9950
vn -0.0007 0.0550 0.9985
vn -0.0220 0.0455 0.9987
vn 0.0141 -0.0117 0.9998
vn 0.0072 -0.0151 0.9999
vn 0.0203 -0.0101 0.9997
vn 0.1228 0.0037 0.9924
vn 0.1751 -0.0259 0.9842
vn 0.1718 0.0370 0.9844
vn 0.1234 0.0048 0.9923
vn 0.0209 0.0122 0.9997
vn 0.0093 0.0146 0.9999
vn 0.0079 0.0152 0.9999
vn 0.0053 0.0172 0.9998
vn -0.0217 0.0466 0.9987
vn -0.0021 0.0218 0.9998
vn -0.0189 0.0562 0.9982
vn -0.0365 0.0343 0.9987
vn -0.0394 0.0506 0.9979
vn -0.0420 0.0274 0.9987
vn -0.0542 0.0140 0.9984
vn -0.0539 0.0137 0.9985
vn -0.0508 -0.0042 0.9987
vn -0.0558 -0.0144 0.9983
vn -0.0465 -0.0204 0.9987
vn -0.0396 -0.0364 0.9986
vn -0.0396 -0.0373 0.9985
vn -0.0250 -0.0463 0.9986
vn -0.0238 -0.0490 0.9985
vn -0.0084 -0.0501 0.9987
vn 0.0106 -0.0658 0.9978
vn 0.1148 -0.2106 0.9708
vn 0.0022 -0.0191 0.9998
vn -0.0089 -0.0316 0.9995
vn -0.0555 0.9979 -0.0328
vn 0.0600 0.9972 -0.0443
vn 0.0711 0.9974 -0.0062
vn 0.0661 0.9978 -0.0066
vn 0.0661 0.9978 0.0066
vn 0.0725 0.9974 0.0060
vn 0.0607 0.9972 0.0445
vn -0.0567 0.9979 0.0325
vn -0.0017 -0.0519 -0.9987
vn 0.0008 -0.0307 -0.9995
vn 0.9475 -0.0176 -0.3192
vn 0.9484 -0.0175 -0.3167
vn 0.9631 0.0333 -0.2671
vn 0.9644 0.0175 -0.2639
vn 0.9811 -0.1123 -0.1576
vn 0.9951 0.0585 -0.0791
vn 0.9982 -0.0287 -0.0530
vn 0.9982 -0.0287 0.0530
vn 0.9951 0.0585 0.0791
vn 0.9811 -0.1123 0.1576
vn 0.9644 0.0175 0.2639
vn 0.9631 0.0333 0.2671
vn 0.9484 -0.0175 0.3167
vn 0.9475 -0.0176 0.3191
vn 0.9605 -0.0709 0.2693
vn 0.9627 -0.0524 0.2656
vn 0.9841 0.0785 0.1593
vn 0.9924 -0.0938 0.0795
vn 0.9986 -0.0062 0.0535
vn 0.9986 -0.0062 -0.0535
vn 0.9924 -0.0939 -0.0795
vn 0.9841 0.0785 -0.1593
vn 0.9627 -0.0524 -0.2656
vn 0.9605 -0.0709 -0.2693
vn -0.0357 -0.9987 0.0356
vn 0.0866 -0.9948 0.0542
vn 0.1064 -0.9943 0.0086
vn 0.0955 -0.9954 0.0090
vn 0.0957 -0.9954 -0.0091
vn 0.1038 -0.9946 -0.0087
vn 0.0852 -0.9949 -0.0538
vn -0.0350 -0.9987 -0.0358
vn 0.7822 0.0329 0.6222
vn 0.7821 0.0331 0.6222
vn 0.7617 -0.0000 0.6480
vn 0.7615 -0.0001 0.6482
vn 0.7826 -0.0001 0.6225
vn 0.7620 0.0001 0.6476
vn 0.7619 0.0001 0.6477
vn 0.7817 -0.0324 0.6228
vn 0.7821 -0.0348 0.6222
vn 0.7824 -0.0324 0.6219
vn 0.7826 -0.0318 0.6218
vn 0.8029 0.0001 0.5960
vn 0.8027 -0.0001 0.5964
vn 0.8025 -0.0000 0.5966
vn 0.8026 -0.0001 0.5965
vn 0.7830 -0.0001 0.6220
vn 0.7826 -0.0014 0.6225
vn 0.7827 -0.0014 0.6224
vn 0.7826 -0.0015 0.6225
vn 0.7822 -0.0015 0.6230
vn 0.7827 0.0007 0.6224
vn 0.7826 0.0006 0.6225
vn 0.7826 0.0007 0.6225
vn 0.7822 0.0333 0.6221
vn -0.3259 0.4590 -0.8265
vn -0.3920 0.7537 -0.5275
vn -0.1605 0.9796 -0.1213
vn 0.0601 -0.9979 -0.0244
vn 0.0234 -0.9997 -0.0039
vn -0.1282 -0.9758 -0.1774
vn 0.1240 -0.9848 -0.1213
vn -0.0456 0.9940 0.0991
vn -0.0279 0.9969 0.0742
vn 0.0114 0.9999 -0.0101
vn -0.1439 0.9877 0.0608
vn 0.1652 0.9779 -0.1283
vn -0.6749 0.0045 0.7379
vn -0.6225 0.0054 0.7826
vn 0.9973 0.0208 0.0699
vn 0.9829 0.0074 0.1840
vn 0.5603 -0.0278 0.8278
vn 0.6290 -0.0181 0.7772
vn 0.5058 0.0219 0.8624
vn 0.6241 -0.0370 0.7805
vn 0.0317 -0.9993 -0.0208
vn -0.0235 -0.9996 0.0158
vn -0.1300 -0.9758 0.1759
vn 0.0246 -0.9995 -0.0172
vn -0.1959 -0.9777 0.0755
vn 0.7976 -0.0001 -0.6032
vn 0.7981 -0.0002 -0.6025
vn 0.7980 -0.0010 -0.6026
vn 0.7976 -0.0021 -0.6032
vn 0.7984 -0.0015 -0.6021
vn 0.7986 -0.0027 -0.6018
vn 0.7986 -0.0023 -0.6018
vn 0.7988 -0.0012 -0.6016
vn 0.7995 -0.0016 -0.6007
vn 0.7993 -0.0010 -0.6010
vn 0.7992 -0.0002 -0.6011
vn 0.7993 -0.0002 -0.6009
vn 0.0217 -0.0082 0.9997
vn 0.0069 -0.0139 0.9999
vn 0.0003 -0.0292 0.9996
vn -0.0319 -0.0310 0.9990
vn -0.0372 0.0074 0.9993
vn -0.0077 0.0291 0.9995
vn 0.0029 0.0150 0.9999
vn 0.0241 0.0191 0.9995
vn 0.0920 0.0052 -0.9957
vn 0.0244 0.0022 -0.9997
vn -0.0000 -0.0000 1.0000
vn -0.0884 0.9961 -0.0008
vn -0.0914 0.9901 0.1064
vn 0.6956 0.4552 0.5558
vn 0.0432 0.5777 -0.8151
vn 0.2613 0.5694 -0.7795
vn 0.3557 0.5223 -0.7750
vn 0.5198 0.5645 -0.6413
vn 0.4567 0.5443 -0.7037
vn 0.6285 0.5198 -0.5786
vn 0.6399 0.6119 -0.4649
vn 0.6671 0.5696 -0.4801
vn 0.7364 0.5349 -0.4142
vn 0.7944 0.5708 -0.2076
vn 0.7671 0.6106 -0.1970
vn 0.7907 0.5314 -0.3040
vn 0.8425 0.5255 -0.1187
vn 0.7016 0.7071 -0.0886
vn 0.7503 0.6611 -0.0000
vn 0.9059 0.4232 0.0131
vn 0.7554 0.6495 0.0867
vn 0.7644 0.5709 0.2995
vn 0.7406 0.6046 0.2932
vn 0.8257 0.5192 0.2207
vn 0.7475 0.5291 0.4016
vn 0.7409 0.3887 0.5478
vn 0.5614 0.6476 0.5153
vn 0.3696 0.5257 0.7662
vn 0.5361 0.5247 0.6613
vn 0.4253 0.6082 0.6702
vn 0.4370 0.5716 0.6945
vn 0.2511 0.5445 0.8003
vn 0.1531 0.6109 0.7768
vn -0.2082 0.7557 0.6210
vn -0.0000 1.0000 -0.0000
vn -0.0634 0.7081 0.7033
vn -0.0734 0.8017 0.5933
vn -0.0000 -0.0000 -1.0000
vn -0.2859 0.7016 -0.6527
vn -0.0000 -0.0175 0.9998
vn -0.5636 -0.0079 -0.8260
vn -0.6859 -0.0005 -0.7277
vn -0.6516 0.0011 -0.7585
vn -0.7085 0.0221 -0.7054
vn -0.9997 0.0231 0.0011
vn -0.4772 -0.8181 -0.3208
vn 0.1367 -0.9900 -0.0348
vn 0.1264 -0.9899 0.0645
vn 0.1175 -0.9908 0.0667
vn 0.0460 -0.9909 0.1264
vn 0.0288 -0.9859 0.1647
vn -0.0418 -0.9928 0.1121
vn -0.1275 -0.9861 0.1067
vn -0.1165 -0.9908 0.0684
vn -0.1325 -0.9909 -0.0234
vn -0.1570 -0.9859 -0.0574
vn -0.0762 -0.9928 -0.0922
vn -0.0381 -0.9880 -0.1497
vn -0.0010 -0.9918 -0.1282
vn 0.0674 -0.9889 -0.1321
vn 0.0793 -0.9924 -0.0945
vn 0.1566 -0.9873 -0.0267
vn 0.9394 -0.1456 0.3103
vn 0.8813 0.1449 0.4498
vn 0.9563 -0.1624 -0.2431
vn 0.8628 0.1652 -0.4778
vn 0.3446 -0.0858 -0.9348
vn 0.4492 0.1525 -0.8803
vn -0.2420 -0.1870 -0.9521
vn -0.4625 0.1194 -0.8786
vn -0.9239 -0.0034 -0.3825
vn -0.9357 -0.0872 -0.3419
vn -0.8588 0.0743 0.5070
vn -0.7567 -0.1621 0.6333
vn -0.3158 0.1727 0.9330
vn 0.1661 -0.2680 0.9490
vn 0.4906 0.1792 0.8528
vn 0.3802 0.9019 -0.2051
vn 0.3981 0.8954 -0.1994
vn -0.0076 0.9655 -0.2603
vn 0.1450 0.8713 -0.4688
vn -0.1270 0.9294 -0.3465
vn -0.4475 0.8815 -0.1508
vn -0.3738 0.9075 0.1915
vn -0.0973 0.9186 0.3831
vn 0.2629 0.8555 0.4460
vn -0.3289 0.9210 -0.2087
vn -0.2376 0.9594 -0.1517
vn -0.0008 0.7728 -0.6347
vn 0.2588 0.9581 -0.1226
vn 0.4364 0.8835 0.1700
vn 0.3670 0.9049 0.2154
vn 0.2478 0.9586 0.1402
vn -0.0133 0.9637 0.2667
vn -0.0188 0.8535 0.5208
vn -0.3469 0.9239 0.1615
vn -0.3977 0.8987 0.1847
vn 0.0001 1.0000 -0.0001
vn -0.0001 1.0000 -0.0002
vn -0.0001 1.0000 0.0001
vn 0.0001 1.0000 0.0001
vn 0.9988 0.0019 -0.0487
vn 0.9995 0.0155 -0.0273
vn 0.3204 0.0114 0.9472
vn 0.4011 0.0600 0.9141
vn 0.6305 -0.0913 -0.7708
vn 0.4694 0.0054 -0.8830
vn 0.9967 0.0756 -0.0284
vn 0.9959 0.0007 0.0903
vn -0.5416 0.0010 -0.8406
vn -0.5258 0.0128 -0.8505
vn 0.5677 0.0127 -0.8231
vn 0.5762 0.0062 -0.8173
vn -0.9988 -0.0021 0.0487
vn -0.9997 0.0156 0.0207
vn -0.4068 0.0125 -0.9134
vn -0.4018 0.0091 -0.9157
vn -0.4694 -0.0063 0.8830
vn -0.4956 0.0132 0.8685
vn -0.9981 0.0156 -0.0602
vn -0.9959 -0.0035 -0.0903
vn 0.5416 0.0091 0.8406
vn 0.5368 0.0127 0.8436
vn -0.5591 0.0128 0.8290
vn -0.5762 -0.0002 0.8173
vn 0.5020 -0.8442 0.1877
vn 0.8384 -0.2998 0.4553
vn 0.4302 0.8010 -0.4163
vn 0.4558 -0.8839 0.1047
vn -0.0351 -0.9905 0.1333
vn -0.0541 -0.9875 0.1481
vn -0.1057 -0.9924 0.0622
vn -0.1677 -0.9854 0.0294
vn -0.1215 -0.9924 -0.0214
vn -0.1014 -0.9873 -0.1223
vn -0.0985 -0.9900 -0.1010
vn -0.0073 -0.9899 -0.1417
vn -0.0010 -0.9908 -0.1351
vn 0.2638 -0.9640 -0.0343
vn 0.9325 0.1739 0.3166
vn 0.9866 -0.1551 -0.0511
vn 0.8668 0.1342 -0.4803
vn 0.7106 -0.1241 -0.6926
vn 0.3319 0.1936 -0.9232
vn -0.0509 -0.1743 -0.9834
vn -0.4643 0.1013 -0.8799
vn -0.6929 -0.1207 -0.7109
vn -0.9031 0.2264 -0.3650
vn -0.9483 -0.2705 0.1660
vn -0.8490 0.1774 0.4977
vn -0.3283 -0.1198 0.9369
vn -0.3417 -0.0939 0.9351
vn 0.4963 0.0839 0.8641
vn 0.6306 -0.1860 0.7535
vn 0.3875 0.8978 -0.2092
vn 0.3914 0.8965 -0.2077
vn -0.4474 0.8815 -0.1508
vn 0.2455 0.9615 -0.1239
vn 0.4084 0.8714 0.2718
vn 0.3971 0.9042 0.1575
vn 0.3834 0.9075 0.1716
vn 0.1848 0.9736 0.1337
vn 0.0001 1.0000 -0.0000
vn -0.0001 1.0000 -0.0001
vn -0.0001 1.0000 0.0002
vn -0.0000 1.0000 0.0003
vn 0.4012 0.0600 0.9140
vn 0.6306 -0.0913 -0.7708
vn -0.9952 -0.0024 0.0977
vn -0.9992 0.0391 0.0020
vn -0.8520 -0.0528 -0.5209
vn -0.6295 0.0057 -0.7770
vn -0.8883 -0.0406 -0.4575
vn -0.3871 -0.0169 -0.9219
vn -0.6097 -0.1132 -0.7845
vn -0.4679 0.0783 0.8803
vn -0.3596 0.0115 0.9330
vn -0.9969 0.0726 0.0304
vn 0.6261 -0.0932 0.7742
vn 0.5329 -0.0199 0.8459
vn -0.5576 0.0007 0.8301
vn -0.5589 -0.0002 0.8293
vn 0.1445 -0.9895 -0.0075
vn 0.1067 -0.9924 0.0605
vn 0.1093 -0.9854 0.1306
vn 0.0422 -0.9924 0.1159
vn -0.0552 -0.9873 0.1490
vn -0.0383 -0.9900 0.1358
vn -0.1191 -0.9899 0.0772
vn -0.0287 -0.9861 -0.1638
vn 0.0865 -0.9909 -0.1031
vn 0.1080 -0.9886 -0.1053
vn 0.1295 -0.9913 -0.0219
vn -0.1656 -0.2775 -0.9464
vn -0.8389 0.0131 0.5441
vn -0.3262 0.0096 0.9452
vn -0.2703 -0.0795 0.9595
vn 0.0001 1.0000 0.0002
vn 0.4011 0.0600 0.9140
vn 0.5762 0.0063 -0.8173
vn -0.4019 0.0091 -0.9157
vn 0.6260 -0.0932 0.7742
vn 0.1553 -0.9875 -0.0272
vn 0.9325 0.1739 0.3167
vn 0.9530 -0.2529 -0.1668
vn -0.2704 -0.0795 0.9595
vn -0.3288 0.9210 -0.2087
vn 0.0001 1.0000 -0.0002
vn 0.6305 -0.0912 -0.7708
vn 0.9967 0.0756 -0.0285
vn -0.5592 0.0128 0.8290
s 0
f 5//1 4//1 6//1
f 14//2 6//2 15//2
f 15//3 6//3 4//3
f 15//4 4//4 16//4
f 16//5 4//5 3//5
f 16//6 3//6 17//6
f 17//7 3//7 2//7
f 17//8 2//8 18//8
f 18//9 2//9 1//9
f 18//10 1//10 19//10
f 19//11 1//11 10//11
f 19//12 10//12 11//12
f 11//13 10//13 9//13
f 11//14 9//14 12//14
f 12//15 9//15 8//15
f 12//16 8//16 13//16
f 13//17 8//17 7//17
f 13//18 7//18 14//18
f 14//19 7//19 6//19
f 20//20 21//20 22//20
f 22//21 21//21 23//21
f 22//22 23//22 24//22
f 22//23 24//23 25//23
f 25//24 24//24 26//24
f 26//25 24//25 27//25
f 26//26 27//26 28//26
f 28//27 27//27 29//27
f 28//28 29//28 20//28
f 20//29 29//29 21//29
f 21//30 30//30 23//30
f 29//31 30//31 21//31
f 27//32 30//32 29//32
f 24//33 30//33 27//33
f 24//34 23//34 30//34
f 35//35 34//35 36//35
f 41//36 33//36 42//36
f 42//37 33//37 32//37
f 42//38 32//38 43//38
f 43//39 32//39 31//39
f 43//40 31//40 44//40
f 44//41 31//41 40//41
f 44//42 40//42 45//42
f 45//43 40//43 39//43
f 45//44 39//44 46//44
f 46//45 39//45 38//45
f 46//46 38//46 47//46
f 47//47 38//47 37//47
f 47//48 37//48 48//48
f 48//49 37//49 36//49
f 48//50 36//50 49//50
f 49//51 36//51 34//51
f 49//52 34//52 41//52
f 41//53 34//53 33//53
f 50//54 51//54 52//54
f 52//55 51//55 53//55
f 52//56 53//56 54//56
f 54//57 53//57 55//57
f 54//58 55//58 56//58
f 56//59 55//59 57//59
f 56//60 57//60 50//60
f 50//61 57//61 58//61
f 50//62 58//62 51//62
f 55//63 59//63 57//63
f 53//64 59//64 55//64
f 53//65 51//65 59//65
f 51//66 58//66 59//66
f 58//67 57//67 59//67
f 60//68 61//68 62//68
f 62//69 61//69 63//69
f 62//70 63//70 64//70
f 64//71 63//71 65//71
f 64//72 65//72 66//72
f 66//73 65//73 67//73
f 66//74 67//74 68//74
f 68//75 67//75 69//75
f 68//76 69//76 70//76
f 70//77 69//77 71//77
f 70//78 71//78 72//78
f 72//79 71//79 73//79
f 72//80 73//80 74//80
f 74//81 73//81 75//81
f 74//82 75//82 76//82
f 76//83 75//83 77//83
f 76//84 77//84 60//84
f 60//85 77//85 61//85
f 78//86 63//86 61//86
f 79//87 80//87 81//87
f 81//88 80//88 82//88
f 81//89 82//89 83//89
f 83//90 82//90 84//90
f 83//91 84//91 85//91
f 85//92 84//92 86//92
f 85//93 86//93 87//93
f 85//94 87//94 79//94
f 79//95 87//95 80//95
f 80//96 87//96 88//96
f 87//97 86//97 88//97
f 86//98 84//98 88//98
f 80//99 88//99 82//99
f 82//100 88//100 84//100
f 89//101 90//101 91//101
f 91//102 90//102 92//102
f 95//103 92//103 97//103
f 97//104 92//104 90//104
f 93//105 95//105 98//105
f 98//105 95//105 97//105
f 98//106 99//106 93//106
f 93//107 99//107 94//107
f 96//108 94//108 100//108
f 100//109 94//109 99//109
f 91//110 96//110 89//110
f 89//110 96//110 100//110
f 100//111 99//111 89//111
f 89//111 99//111 98//111
f 89//111 98//111 90//111
f 90//111 98//111 97//111
f 109//112 105//112 106//112
f 102//113 110//113 101//113
f 104//114 136//114 137//114
f 137//115 136//115 138//115
f 138//116 136//116 139//116
f 138//117 139//117 140//117
f 140//118 139//118 141//118
f 140//119 141//119 142//119
f 143//111 144//111 145//111
f 145//120 144//120 146//120
f 143//121 147//121 148//121
f 147//122 143//122 149//122
f 147//123 149//123 150//123
f 150//124 149//124 151//124
f 150//125 151//125 152//125
f 152//126 151//126 153//126
f 152//111 153//111 154//111
f 154//111 153//111 155//111
f 154//111 155//111 144//111
f 144//126 155//126 156//126
f 156//111 155//111 140//111
f 156//111 140//111 157//111
f 157//127 140//127 158//127
f 157//121 158//121 159//121
f 159//128 158//128 160//128
f 160//129 158//129 161//129
f 160//130 161//130 146//130
f 146//130 161//130 145//130
f 153//111 162//111 163//111
f 153//111 163//111 164//111
f 164//111 163//111 165//111
f 165//111 163//111 166//111
f 166//111 163//111 167//111
f 153//111 168//111 162//111
f 162//111 168//111 169//111
f 162//111 169//111 170//111
f 166//111 167//111 171//111
f 171//111 167//111 172//111
f 165//111 173//111 164//111
f 164//111 173//111 174//111
f 164//111 174//111 175//111
f 164//111 175//111 176//111
f 176//111 175//111 177//111
f 176//111 177//111 178//111
f 179//111 180//111 178//111
f 178//111 180//111 176//111
f 176//111 180//111 181//111
f 179//111 182//111 180//111
f 176//111 181//111 183//111
f 183//111 181//111 184//111
f 183//111 184//111 138//111
f 138//111 184//111 137//111
f 137//111 184//111 185//111
f 183//111 138//111 140//111
f 183//111 140//111 155//111
f 143//121 148//121 144//121
f 144//131 148//131 186//131
f 144//130 186//130 154//130
f 164//111 155//111 153//111
f 147//132 219//132 220//132
f 147//133 220//133 148//133
f 148//134 220//134 221//134
f 148//135 221//135 213//135
f 148//136 213//136 186//136
f 186//137 213//137 211//137
f 186//138 211//138 154//138
f 154//139 211//139 208//139
f 154//140 208//140 207//140
f 154//141 207//141 152//141
f 152//142 207//142 216//142
f 152//143 216//143 215//143
f 152//144 215//144 150//144
f 150//145 215//145 218//145
f 150//146 218//146 217//146
f 150//147 217//147 147//147
f 147//148 217//148 219//148
f 157//149 233//149 156//149
f 156//150 233//150 209//150
f 156//151 209//151 210//151
f 156//152 210//152 144//152
f 144//153 210//153 212//153
f 144//154 212//154 214//154
f 144//155 214//155 146//155
f 146//156 214//156 224//156
f 146//157 224//157 223//157
f 146//158 223//158 160//158
f 160//159 223//159 226//159
f 160//160 226//160 228//160
f 160//161 228//161 159//161
f 159//162 228//162 230//162
f 159//163 230//163 157//163
f 157//164 230//164 232//164
f 157//165 232//165 233//165
f 164//166 176//166 191//166
f 191//166 176//166 236//166
f 183//167 155//167 235//167
f 235//167 155//167 197//167
f 235//105 236//105 183//105
f 183//105 236//105 176//105
f 155//110 164//110 197//110
f 197//110 164//110 191//110
f 104//168 137//168 103//168
f 103//169 137//169 185//169
f 103//170 185//170 102//170
f 110//171 102//171 184//171
f 184//172 102//172 185//172
f 109//173 114//173 180//173
f 180//174 114//174 113//174
f 180//175 113//175 181//175
f 181//176 113//176 112//176
f 181//177 112//177 184//177
f 184//178 112//178 111//178
f 184//179 111//179 110//179
f 109//180 180//180 105//180
f 105//181 180//181 182//181
f 108//182 107//182 179//182
f 179//183 107//183 182//183
f 182//184 107//184 105//184
f 128//185 127//185 171//185
f 171//186 127//186 166//186
f 166//187 127//187 126//187
f 166//188 126//188 165//188
f 165//189 126//189 125//189
f 165//190 125//190 124//190
f 165//191 124//191 173//191
f 173//192 124//192 123//192
f 173//193 123//193 122//193
f 173//194 122//194 174//194
f 174//195 122//195 121//195
f 174//196 121//196 120//196
f 174//197 120//197 175//197
f 175//198 120//198 119//198
f 175//199 119//199 118//199
f 175//200 118//200 177//200
f 177//201 118//201 117//201
f 177//202 117//202 116//202
f 177//203 116//203 178//203
f 178//204 116//204 115//204
f 178//205 115//205 108//205
f 178//206 108//206 179//206
f 172//207 194//207 171//207
f 171//208 194//208 187//208
f 171//209 187//209 128//209
f 189//210 194//210 167//210
f 167//211 194//211 172//211
f 199//212 195//212 162//212
f 162//213 195//213 193//213
f 162//214 193//214 163//214
f 163//215 193//215 192//215
f 163//216 192//216 190//216
f 163//217 190//217 167//217
f 167//218 190//218 189//218
f 203//219 199//219 170//219
f 170//220 199//220 162//220
f 200//221 202//221 169//221
f 169//222 202//222 170//222
f 170//223 202//223 203//223
f 153//224 205//224 204//224
f 153//225 204//225 168//225
f 168//226 204//226 196//226
f 168//227 196//227 198//227
f 168//228 198//228 169//228
f 169//229 198//229 200//229
f 153//230 151//230 205//230
f 205//231 151//231 134//231
f 143//232 129//232 130//232
f 143//233 130//233 131//233
f 143//234 131//234 149//234
f 149//235 131//235 132//235
f 149//236 132//236 133//236
f 149//237 133//237 151//237
f 151//238 133//238 134//238
f 143//239 145//239 129//239
f 129//240 145//240 135//240
f 158//241 231//241 229//241
f 158//242 229//242 227//242
f 158//243 227//243 225//243
f 158//244 225//244 161//244
f 161//245 225//245 222//245
f 161//246 222//246 145//246
f 145//247 222//247 135//247
f 158//248 140//248 231//248
f 231//249 140//249 142//249
f 234//250 231//250 142//250
f 134//251 206//251 205//251
f 199//252 203//252 201//252
f 194//253 189//253 188//253
f 254//254 237//254 245//254
f 244//255 242//255 248//255
f 248//256 242//256 243//256
f 246//257 237//257 247//257
f 246//258 247//258 248//258
f 248//259 247//259 244//259
f 254//260 253//260 237//260
f 249//261 240//261 241//261
f 249//262 241//262 242//262
f 242//263 247//263 249//263
f 249//264 247//264 251//264
f 251//265 247//265 237//265
f 237//266 253//266 251//266
f 239//267 241//267 238//267
f 238//268 241//268 240//268
f 250//269 249//269 252//269
f 252//270 249//270 251//270
f 255//271 263//271 256//271
f 256//272 263//272 264//272
f 265//273 266//273 270//273
f 270//274 266//274 269//274
f 261//275 262//275 268//275
f 268//276 262//276 267//276
f 259//277 269//277 260//277
f 260//278 269//278 255//278
f 269//279 266//279 255//279
f 255//280 266//280 263//280
f 263//281 266//281 262//281
f 266//282 267//282 262//282
f 258//283 259//283 257//283
f 257//284 259//284 260//284
f 273//285 276//285 272//285
f 272//285 276//285 277//285
f 272//285 277//285 271//285
f 271//285 277//285 278//285
f 271//285 278//285 280//285
f 280//285 278//285 279//285
f 274//285 275//285 273//285
f 273//285 275//285 276//285
f 283//285 286//285 282//285
f 282//285 286//285 287//285
f 282//285 287//285 281//285
f 281//285 287//285 288//285
f 281//285 288//285 290//285
f 290//285 288//285 289//285
f 284//285 285//285 283//285
f 283//285 285//285 286//285
f 293//285 296//285 292//285
f 292//285 296//285 297//285
f 292//285 297//285 291//285
f 291//285 297//285 298//285
f 291//285 298//285 300//285
f 300//285 298//285 299//285
f 294//285 295//285 293//285
f 293//285 295//285 296//285
f 302//286 301//286 303//286
f 304//287 605//287 351//287
f 324//288 325//288 326//288
f 332//289 334//289 333//289
f 333//290 334//290 335//290
f 335//291 334//291 336//291
f 346//111 329//111 347//111
f 347//111 329//111 331//111
f 660//292 659//292 349//292
f 349//293 659//293 350//293
f 354//294 353//294 355//294
f 357//295 358//295 359//295
f 359//296 358//296 360//296
f 359//297 360//297 361//297
f 362//298 365//298 360//298
f 360//299 365//299 361//299
f 363//300 364//300 362//300
f 362//301 364//301 365//301
f 357//302 359//302 366//302
f 357//303 366//303 367//303
f 367//304 366//304 368//304
f 368//305 366//305 369//305
f 369//306 366//306 370//306
f 369//307 370//307 371//307
f 375//308 376//308 377//308
f 377//309 376//309 378//309
f 377//310 378//310 379//310
f 375//311 380//311 381//311
f 380//312 375//312 382//312
f 382//313 375//313 383//313
f 383//314 375//314 384//314
f 383//315 384//315 385//315
f 385//316 384//316 386//316
f 386//317 384//317 387//317
f 387//318 384//318 388//318
f 387//319 388//319 389//319
f 387//320 389//320 390//320
f 388//321 391//321 392//321
f 388//322 392//322 389//322
f 391//323 388//323 393//323
f 393//324 388//324 394//324
f 393//325 394//325 395//325
f 393//326 395//326 396//326
f 396//327 395//327 397//327
f 397//328 395//328 398//328
f 397//329 398//329 399//329
f 399//330 398//330 400//330
f 400//331 398//331 401//331
f 401//332 398//332 402//332
f 401//333 402//333 403//333
f 403//334 402//334 404//334
f 404//335 402//335 405//335
f 404//336 405//336 406//336
f 406//337 405//337 377//337
f 387//338 390//338 407//338
f 407//339 390//339 408//339
f 407//340 408//340 409//340
f 409//341 408//341 410//341
f 409//342 410//342 411//342
f 409//343 411//343 412//343
f 412//344 411//344 413//344
f 412//345 413//345 376//345
f 376//346 413//346 378//346
f 379//347 406//347 377//347
f 375//348 381//348 376//348
f 302//349 303//349 321//349
f 414//350 415//350 416//350
f 422//351 423//351 424//351
f 421//352 422//352 420//352
f 371//353 333//353 838//353
f 838//354 333//354 335//354
f 658//355 427//355 428//355
f 428//356 427//356 569//356
f 428//357 493//357 658//357
f 428//358 431//358 493//358
f 432//359 388//359 433//359
f 433//360 388//360 384//360
f 436//361 347//361 437//361
f 436//362 437//362 384//362
f 384//363 437//363 438//363
f 384//364 438//364 439//364
f 439//365 438//365 440//365
f 439//366 440//366 441//366
f 347//367 442//367 437//367
f 436//368 384//368 443//368
f 443//369 384//369 375//369
f 443//370 375//370 444//370
f 444//371 375//371 445//371
f 444//372 445//372 429//372
f 429//373 445//373 446//373
f 447//374 340//374 448//374
f 448//375 340//375 449//375
f 448//376 449//376 348//376
f 348//377 449//377 450//377
f 345//378 451//378 452//378
f 452//378 451//378 453//378
f 452//379 453//379 454//379
f 454//380 453//380 455//380
f 457//381 458//381 459//381
f 456//382 457//382 416//382
f 462//383 775//383 463//383
f 463//384 775//384 464//384
f 469//385 470//385 471//385
f 469//386 471//386 373//386
f 373//387 471//387 327//387
f 373//388 327//388 374//388
f 388//389 432//389 473//389
f 388//390 473//390 394//390
f 394//391 473//391 474//391
f 394//392 474//392 395//392
f 395//393 474//393 475//393
f 395//394 475//394 398//394
f 398//395 475//395 476//395
f 398//396 476//396 402//396
f 402//397 476//397 477//397
f 402//398 477//398 478//398
f 402//399 478//399 405//399
f 405//400 478//400 479//400
f 405//401 479//401 377//401
f 480//402 425//402 481//402
f 480//403 481//403 482//403
f 482//404 481//404 483//404
f 483//405 481//405 484//405
f 483//406 484//406 485//406
f 483//407 485//407 486//407
f 486//408 485//408 487//408
f 486//409 487//409 488//409
f 488//410 487//410 489//410
f 488//411 489//411 490//411
f 490//412 489//412 491//412
f 490//413 491//413 492//413
f 492//414 491//414 493//414
f 494//415 698//415 495//415
f 495//416 698//416 496//416
f 495//417 496//417 497//417
f 497//418 496//418 498//418
f 497//419 498//419 499//419
f 499//420 498//420 500//420
f 499//421 500//421 501//421
f 416//422 415//422 456//422
f 456//423 502//423 458//423
f 460//424 459//424 503//424
f 459//425 458//425 503//425
f 458//426 457//426 456//426
f 524//427 525//427 526//427
f 433//428 441//428 432//428
f 432//429 441//429 468//429
f 532//430 533//430 534//430
f 534//431 533//431 816//431
f 534//432 816//432 535//432
f 536//433 535//433 537//433
f 536//434 537//434 538//434
f 539//435 538//435 540//435
f 539//436 540//436 541//436
f 543//437 542//437 544//437
f 543//438 544//438 545//438
f 548//439 549//439 550//439
f 552//440 551//440 827//440
f 552//441 827//441 553//441
f 553//442 554//442 555//442
f 557//443 556//443 830//443
f 557//444 830//444 558//444
f 559//445 558//445 833//445
f 559//446 833//446 560//446
f 419//447 461//447 561//447
f 419//447 561//447 562//447
f 562//448 561//448 563//448
f 562//449 563//449 564//449
f 416//450 437//450 531//450
f 416//451 531//451 424//451
f 424//452 531//452 422//452
f 422//453 531//453 653//453
f 422//454 653//454 654//454
f 422//455 654//455 420//455
f 420//456 654//456 569//456
f 420//457 569//457 559//457
f 559//458 569//458 427//458
f 559//459 427//459 683//459
f 559//460 683//460 558//460
f 558//461 683//461 557//461
f 557//462 570//462 556//462
f 556//463 570//463 688//463
f 556//464 688//464 555//464
f 555//465 688//465 749//465
f 555//466 749//466 553//466
f 553//467 749//467 746//467
f 553//468 746//468 552//468
f 552//469 745//469 551//469
f 551//470 745//470 743//470
f 551//471 743//471 550//471
f 550//472 743//472 741//472
f 550//473 741//473 548//473
f 548//474 741//474 740//474
f 548//475 740//475 738//475
f 548//476 738//476 547//476
f 547//477 738//477 546//477
f 546//478 738//478 736//478
f 546//479 736//479 545//479
f 545//480 736//480 543//480
f 543//481 735//481 542//481
f 542//482 735//482 733//482
f 542//483 733//483 541//483
f 541//484 733//484 539//484
f 539//485 729//485 538//485
f 538//486 729//486 536//486
f 536//487 720//487 535//487
f 535//488 720//488 571//488
f 535//489 571//489 534//489
f 532//490 534//490 572//490
f 532//491 572//491 440//491
f 532//492 440//492 459//492
f 459//493 440//493 438//493
f 459//494 438//494 457//494
f 457//495 438//495 437//495
f 457//496 437//496 416//496
f 492//497 431//497 573//497
f 493//498 431//498 492//498
f 560//499 420//499 559//499
f 587//500 585//500 586//500
f 587//501 584//501 585//501
f 589//502 314//502 588//502
f 588//503 314//503 313//503
f 588//504 313//504 306//504
f 588//505 306//505 524//505
f 589//506 590//506 311//506
f 589//507 311//507 312//507
f 311//508 590//508 315//508
f 315//509 590//509 591//509
f 315//510 591//510 525//510
f 524//511 305//511 525//511
f 525//512 305//512 316//512
f 525//513 316//513 315//513
f 315//514 309//514 311//514
f 310//515 314//515 312//515
f 312//516 314//516 589//516
f 313//517 308//517 306//517
f 306//518 305//518 524//518
f 305//519 307//519 316//519
f 587//520 425//520 480//520
f 480//521 584//521 587//521
f 604//522 657//522 304//522
f 304//523 657//523 605//523
f 606//524 532//524 460//524
f 436//525 607//525 527//525
f 527//526 607//526 608//526
f 527//527 608//527 609//527
f 527//528 609//528 528//528
f 528//529 609//529 610//529
f 528//530 610//530 529//530
f 529//531 610//531 611//531
f 529//532 611//532 530//532
f 530//533 611//533 612//533
f 530//534 612//534 701//534
f 701//535 612//535 613//535
f 701//536 613//536 614//536
f 701//537 614//537 685//537
f 685//538 614//538 615//538
f 685//539 615//539 686//539
f 686//540 615//540 616//540
f 686//541 616//541 687//541
f 687//542 616//542 617//542
f 687//543 617//543 689//543
f 689//544 617//544 618//544
f 689//545 618//545 691//545
f 691//546 618//546 619//546
f 691//547 619//547 693//547
f 693//548 619//548 620//548
f 693//549 620//549 694//549
f 694//550 620//550 621//550
f 694//551 621//551 696//551
f 696//552 621//552 622//552
f 696//553 622//553 703//553
f 703//554 622//554 623//554
f 703//555 623//555 704//555
f 704//556 623//556 624//556
f 704//557 624//557 705//557
f 705//558 624//558 625//558
f 705//559 625//559 626//559
f 436//560 627//560 628//560
f 436//561 628//561 607//561
f 627//562 436//562 629//562
f 629//563 436//563 443//563
f 629//564 443//564 630//564
f 630//565 443//565 444//565
f 630//566 444//566 631//566
f 631//567 444//567 429//567
f 631//568 429//568 632//568
f 632//569 429//569 430//569
f 632//570 430//570 633//570
f 633//571 430//571 634//571
f 634//572 430//572 722//572
f 634//573 722//573 635//573
f 635//574 722//574 721//574
f 635//575 721//575 636//575
f 636//576 721//576 719//576
f 636//577 719//577 637//577
f 637//578 719//578 717//578
f 637//579 717//579 638//579
f 638//580 717//580 716//580
f 638//581 716//581 639//581
f 639//582 716//582 714//582
f 639//583 714//583 640//583
f 640//584 714//584 712//584
f 640//585 712//585 641//585
f 641//586 712//586 710//586
f 641//587 710//587 642//587
f 642//588 710//588 708//588
f 642//589 708//589 643//589
f 643//590 708//590 707//590
f 643//591 707//591 644//591
f 644//592 707//592 706//592
f 644//593 706//593 626//593
f 626//594 706//594 705//594
f 325//595 645//595 646//595
f 460//596 532//596 459//596
f 431//597 428//597 648//597
f 573//598 431//598 648//598
f 343//599 322//599 319//599
f 343//600 319//600 337//600
f 337//601 319//601 649//601
f 337//602 649//602 341//602
f 341//603 649//603 302//603
f 341//604 302//604 342//604
f 342//605 302//605 321//605
f 342//606 321//606 344//606
f 344//607 321//607 322//607
f 337//608 338//608 343//608
f 343//609 344//609 322//609
f 531//610 650//610 651//610
f 531//611 651//611 527//611
f 531//612 527//612 573//612
f 573//613 527//613 528//613
f 573//614 528//614 652//614
f 652//615 528//615 584//615
f 584//616 528//616 529//616
f 584//617 529//617 585//617
f 585//618 529//618 530//618
f 585//619 530//619 586//619
f 531//620 573//620 653//620
f 653//621 573//621 648//621
f 653//622 648//622 654//622
f 654//623 648//623 569//623
f 569//624 648//624 428//624
f 440//625 572//625 441//625
f 441//626 572//626 468//626
f 649//627 319//627 301//627
f 433//628 439//628 441//628
f 433//629 384//629 439//629
f 426//630 586//630 701//630
f 701//631 586//631 530//631
f 427//632 658//632 681//632
f 427//633 681//633 682//633
f 427//634 682//634 683//634
f 683//635 682//635 684//635
f 683//636 684//636 685//636
f 683//637 685//637 791//637
f 791//638 685//638 686//638
f 791//639 686//639 570//639
f 570//640 686//640 687//640
f 570//641 687//641 688//641
f 688//642 687//642 689//642
f 688//643 689//643 750//643
f 750//644 689//644 690//644
f 690//645 689//645 691//645
f 690//646 691//646 692//646
f 692//647 691//647 693//647
f 692//648 693//648 694//648
f 692//649 694//649 695//649
f 695//650 694//650 696//650
f 695//651 696//651 697//651
f 697//652 696//652 698//652
f 684//653 699//653 685//653
f 685//654 699//654 700//654
f 685//655 700//655 701//655
f 701//656 700//656 702//656
f 702//657 426//657 701//657
f 698//658 696//658 703//658
f 698//659 703//659 496//659
f 496//660 703//660 704//660
f 496//661 704//661 705//661
f 496//662 705//662 498//662
f 498//663 705//663 706//663
f 498//664 706//664 707//664
f 498//665 707//665 500//665
f 500//666 707//666 708//666
f 500//667 708//667 709//667
f 709//668 708//668 710//668
f 710//669 713//669 711//669
f 712//670 713//670 710//670
f 714//671 715//671 712//671
f 712//672 715//672 713//672
f 715//673 714//673 716//673
f 715//674 716//674 504//674
f 504//675 716//675 717//675
f 504//676 717//676 718//676
f 718//677 719//677 720//677
f 720//678 719//678 790//678
f 790//679 719//679 721//679
f 790//680 721//680 534//680
f 534//681 721//681 722//681
f 534//682 722//682 476//682
f 476//683 722//683 723//683
f 723//684 722//684 724//684
f 724//685 722//685 430//685
f 724//686 430//686 725//686
f 725//687 430//687 339//687
f 717//688 719//688 718//688
f 476//689 726//689 534//689
f 534//690 726//690 727//690
f 534//691 727//691 572//691
f 572//692 727//692 473//692
f 473//693 468//693 572//693
f 720//694 536//694 718//694
f 718//695 536//695 728//695
f 728//696 536//696 729//696
f 728//697 729//697 730//697
f 730//698 729//698 731//698
f 539//699 732//699 729//699
f 733//700 734//700 539//700
f 539//701 734//701 732//701
f 735//702 711//702 733//702
f 733//703 711//703 734//703
f 543//704 566//704 735//704
f 736//705 737//705 543//705
f 543//706 737//706 566//706
f 737//707 736//707 738//707
f 737//708 738//708 739//708
f 739//709 738//709 740//709
f 739//710 740//710 741//710
f 739//711 741//711 742//711
f 742//712 741//712 743//712
f 742//713 743//713 744//713
f 744//714 743//714 745//714
f 744//715 745//715 353//715
f 744//716 353//716 698//716
f 698//717 353//717 697//717
f 552//718 353//718 745//718
f 746//719 747//719 552//719
f 552//720 747//720 353//720
f 747//721 746//721 748//721
f 748//722 746//722 749//722
f 748//723 749//723 750//723
f 750//724 749//724 688//724
f 710//725 711//725 735//725
f 729//726 732//726 731//726
f 566//727 709//727 735//727
f 735//728 709//728 710//728
f 753//729 463//729 783//729
f 783//730 463//730 464//730
f 755//731 711//731 756//731
f 525//732 757//732 526//732
f 760//285 761//285 762//285
f 762//285 761//285 763//285
f 762//285 763//285 764//285
f 764//285 763//285 765//285
f 764//285 765//285 766//285
f 766//285 765//285 767//285
f 768//285 769//285 760//285
f 760//285 769//285 761//285
f 478//733 724//733 725//733
f 339//734 479//734 725//734
f 479//735 478//735 725//735
f 478//736 477//736 724//736
f 724//737 477//737 723//737
f 477//738 476//738 723//738
f 476//739 475//739 726//739
f 475//740 774//740 726//740
f 774//741 474//741 726//741
f 726//742 474//742 727//742
f 474//743 473//743 727//743
f 473//744 432//744 468//744
f 772//745 773//745 462//745
f 462//746 773//746 775//746
f 352//747 465//747 467//747
f 352//748 604//748 465//748
f 465//749 604//749 466//749
f 466//750 604//750 776//750
f 466//751 776//751 304//751
f 304//752 351//752 466//752
f 466//753 351//753 467//753
f 467//754 351//754 352//754
f 777//755 778//755 742//755
f 742//756 778//756 739//756
f 739//757 778//757 779//757
f 739//758 779//758 737//758
f 737//759 779//759 780//759
f 737//760 780//760 566//760
f 566//761 780//761 565//761
f 326//753 582//753 583//753
f 326//762 781//762 582//762
f 582//763 781//763 647//763
f 647//764 781//764 656//764
f 647//765 656//765 583//765
f 583//766 656//766 645//766
f 583//767 645//767 324//767
f 324//768 326//768 583//768
f 773//769 772//769 783//769
f 783//770 772//770 753//770
f 420//771 784//771 421//771
f 421//772 785//772 423//772
f 414//773 424//773 786//773
f 424//774 423//774 786//774
f 423//775 422//775 421//775
f 560//776 784//776 420//776
f 604//777 352//777 657//777
f 787//778 732//778 788//778
f 371//779 370//779 333//779
f 792//780 568//780 803//780
f 803//781 568//781 567//781
f 783//782 789//782 754//782
f 783//783 754//783 773//783
f 773//784 754//784 775//784
f 775//785 754//785 759//785
f 775//786 759//786 464//786
f 464//787 759//787 354//787
f 464//788 354//788 355//788
f 464//763 355//763 789//763
f 464//789 789//789 783//789
f 353//790 747//790 355//790
f 355//791 747//791 748//791
f 750//792 789//792 748//792
f 748//793 789//793 355//793
f 353//794 354//794 697//794
f 697//795 354//795 759//795
f 690//796 692//796 754//796
f 754//797 692//797 759//797
f 759//798 692//798 695//798
f 695//799 697//799 759//799
f 566//800 565//800 709//800
f 709//801 565//801 501//801
f 495//802 350//802 494//802
f 494//803 350//803 659//803
f 792//804 499//804 501//804
f 792//805 501//805 568//805
f 568//806 501//806 565//806
f 568//807 565//807 780//807
f 659//808 778//808 777//808
f 659//809 777//809 494//809
f 750//810 690//810 789//810
f 789//811 690//811 754//811
f 491//812 681//812 658//812
f 493//813 491//813 658//813
f 491//814 489//814 681//814
f 681//815 489//815 682//815
f 489//816 487//816 682//816
f 682//817 487//817 684//817
f 487//818 485//818 684//818
f 684//819 485//819 699//819
f 485//820 484//820 699//820
f 699//821 484//821 700//821
f 484//822 481//822 700//822
f 700//823 481//823 702//823
f 481//824 425//824 702//824
f 702//825 425//825 426//825
f 744//826 777//826 742//826
f 334//827 718//827 336//827
f 336//828 718//828 728//828
f 446//829 793//829 479//829
f 446//830 479//830 339//830
f 347//831 331//831 442//831
f 442//831 331//831 330//831
f 650//832 531//832 795//832
f 795//833 531//833 437//833
f 795//834 437//834 796//834
f 796//834 437//834 442//834
f 795//835 796//835 797//835
f 797//835 796//835 346//835
f 797//836 346//836 436//836
f 436//836 346//836 347//836
f 436//837 527//837 797//837
f 797//838 527//838 651//838
f 573//839 515//839 492//839
f 492//840 515//840 516//840
f 492//841 516//841 678//841
f 678//842 516//842 517//842
f 678//843 517//843 677//843
f 677//844 517//844 518//844
f 677//845 518//845 676//845
f 676//846 518//846 519//846
f 676//846 519//846 675//846
f 675//845 519//845 520//845
f 675//846 520//846 674//846
f 674//845 520//845 521//845
f 674//842 521//842 673//842
f 673//847 521//847 522//847
f 673//848 522//848 672//848
f 672//849 522//849 480//849
f 672//850 480//850 671//850
f 671//851 480//851 670//851
f 670//852 480//852 482//852
f 573//853 511//853 512//853
f 573//854 512//854 513//854
f 511//855 573//855 510//855
f 510//856 573//856 652//856
f 510//857 652//857 505//857
f 505//858 652//858 506//858
f 506//859 652//859 584//859
f 506//860 584//860 507//860
f 507//861 584//861 508//861
f 508//862 584//862 509//862
f 509//863 584//863 523//863
f 523//864 584//864 522//864
f 522//865 584//865 480//865
f 670//866 482//866 669//866
f 669//867 482//867 483//867
f 669//868 483//868 668//868
f 668//869 483//869 758//869
f 758//870 483//870 486//870
f 758//871 486//871 667//871
f 667//872 486//872 666//872
f 666//873 486//873 488//873
f 666//874 488//874 665//874
f 665//875 488//875 664//875
f 664//876 488//876 490//876
f 664//877 490//877 663//877
f 663//878 490//878 492//878
f 663//879 492//879 662//879
f 662//880 492//880 661//880
f 661//881 492//881 678//881
f 513//882 514//882 573//882
f 573//883 514//883 515//883
f 568//884 780//884 567//884
f 567//885 780//885 800//885
f 800//886 780//886 779//886
f 800//887 779//887 801//887
f 801//888 779//888 802//888
f 802//889 779//889 778//889
f 802//890 778//890 660//890
f 660//891 778//891 659//891
f 429//892 446//892 430//892
f 430//893 446//893 339//893
f 803//894 567//894 597//894
f 597//895 567//895 372//895
f 372//896 567//896 800//896
f 372//897 800//897 598//897
f 598//898 800//898 599//898
f 599//899 800//899 801//899
f 599//900 801//900 600//900
f 600//901 801//901 601//901
f 601//902 801//902 802//902
f 601//903 802//903 602//903
f 602//904 802//904 417//904
f 417//905 802//905 660//905
f 417//906 660//906 603//906
f 603//907 660//907 349//907
f 603//908 349//908 804//908
f 603//909 804//909 592//909
f 592//910 804//910 593//910
f 593//911 804//911 805//911
f 593//912 805//912 594//912
f 594//913 805//913 595//913
f 595//914 805//914 806//914
f 595//915 806//915 596//915
f 596//916 806//916 597//916
f 597//917 806//917 803//917
f 350//918 495//918 349//918
f 349//919 495//919 804//919
f 804//920 495//920 497//920
f 804//921 497//921 805//921
f 805//922 497//922 806//922
f 806//923 497//923 499//923
f 806//924 499//924 803//924
f 803//925 499//925 792//925
f 753//926 751//926 463//926
f 463//927 751//927 752//927
f 463//926 752//926 418//926
f 472//928 753//928 771//928
f 771//929 753//929 655//929
f 771//930 655//930 782//930
f 753//931 772//931 655//931
f 655//932 772//932 356//932
f 356//933 772//933 799//933
f 799//934 772//934 462//934
f 799//935 462//935 317//935
f 317//936 462//936 320//936
f 320//937 462//937 323//937
f 323//938 462//938 463//938
f 323//939 463//939 770//939
f 770//940 463//940 418//940
f 323//941 770//941 794//941
f 323//942 794//942 318//942
f 318//943 794//943 798//943
f 318//944 798//944 782//944
f 782//945 798//945 771//945
f 798//946 794//946 751//946
f 751//947 794//947 752//947
f 782//948 799//948 317//948
f 318//948 782//948 317//948
f 753//949 472//949 751//949
f 446//950 445//950 793//950
f 793//951 445//951 375//951
f 589//952 588//952 807//952
f 730//953 364//953 728//953
f 728//954 364//954 336//954
f 363//955 335//955 364//955
f 364//956 335//956 336//956
f 504//957 332//957 715//957
f 715//958 332//958 370//958
f 715//959 370//959 366//959
f 715//960 366//960 713//960
f 332//961 333//961 370//961
f 589//962 807//962 591//962
f 591//963 807//963 757//963
f 332//964 504//964 334//964
f 334//965 504//965 718//965
f 364//966 730//966 434//966
f 434//967 730//967 732//967
f 434//968 732//968 787//968
f 434//969 365//969 364//969
f 365//970 434//970 361//970
f 361//971 434//971 435//971
f 732//972 734//972 788//972
f 788//973 734//973 755//973
f 755//974 734//974 711//974
f 435//975 808//975 756//975
f 756//976 808//976 809//976
f 756//977 809//977 810//977
f 756//978 810//978 755//978
f 755//979 810//979 811//979
f 755//980 811//980 788//980
f 788//981 811//981 812//981
f 788//982 812//982 813//982
f 788//983 813//983 787//983
f 787//984 813//984 814//984
f 787//985 814//985 815//985
f 787//986 815//986 434//986
f 574//987 383//987 385//987
f 581//988 385//988 386//988
f 580//989 386//989 387//989
f 579//990 387//990 407//990
f 578//991 409//991 412//991
f 577//992 376//992 381//992
f 576//993 381//993 380//993
f 575//994 380//994 382//994
f 744//995 698//995 777//995
f 777//996 698//996 494//996
f 328//997 329//997 796//997
f 796//997 329//997 346//997
f 377//998 479//998 793//998
f 377//999 793//999 375//999
f 645//1000 656//1000 646//1000
f 532//1001 606//1001 533//1001
f 816//1002 817//1002 535//1002
f 535//1003 817//1003 537//1003
f 540//1004 538//1004 818//1004
f 537//1005 818//1005 538//1005
f 540//1006 819//1006 541//1006
f 541//1007 819//1007 820//1007
f 541//1008 820//1008 542//1008
f 542//1009 820//1009 544//1009
f 546//1010 545//1010 821//1010
f 546//1011 821//1011 822//1011
f 544//1012 821//1012 545//1012
f 546//1013 822//1013 547//1013
f 547//1014 822//1014 823//1014
f 547//1015 823//1015 824//1015
f 547//1016 824//1016 548//1016
f 548//1017 824//1017 549//1017
f 551//1018 550//1018 825//1018
f 551//1019 825//1019 826//1019
f 549//1020 825//1020 550//1020
f 551//1021 826//1021 827//1021
f 827//1022 828//1022 553//1022
f 553//1023 828//1023 554//1023
f 830//1024 556//1024 829//1024
f 554//1025 831//1025 555//1025
f 831//1026 829//1026 555//1026
f 555//1027 829//1027 556//1027
f 830//1028 832//1028 558//1028
f 558//1029 832//1029 833//1029
f 709//1030 501//1030 500//1030
f 330//1031 328//1031 442//1031
f 442//1031 328//1031 796//1031
f 586//1032 426//1032 425//1032
f 586//1033 425//1033 587//1033
f 795//1031 834//1031 650//1031
f 650//1031 834//1031 835//1031
f 797//1034 836//1034 795//1034
f 795//1034 836//1034 834//1034
f 359//1035 713//1035 366//1035
f 835//1036 837//1036 650//1036
f 650//1036 837//1036 651//1036
f 837//111 836//111 651//111
f 651//111 836//111 797//111
f 361//1037 435//1037 359//1037
f 359//1038 435//1038 713//1038
f 713//1039 435//1039 711//1039
f 711//1040 435//1040 756//1040
f 414//1041 416//1041 424//1041
f 335//1042 363//1042 838//1042
f 848//1043 849//1043 844//1043
f 844//1044 849//1044 850//1044
f 844//1045 850//1045 845//1045
f 845//1046 850//1046 846//1046
f 846//1047 850//1047 851//1047
f 846//1048 851//1048 847//1048
f 847//1049 851//1049 852//1049
f 847//1050 852//1050 839//1050
f 839//1051 852//1051 840//1051
f 840//1052 852//1052 853//1052
f 840//1053 853//1053 841//1053
f 841//1054 853//1054 854//1054
f 841//1055 854//1055 842//1055
f 842//1056 854//1056 848//1056
f 842//1057 848//1057 843//1057
f 843//1058 848//1058 844//1058
f 855//1059 850//1059 856//1059
f 856//1060 850//1060 849//1060
f 856//1061 849//1061 848//1061
f 856//1062 848//1062 857//1062
f 857//1063 848//1063 858//1063
f 858//1064 848//1064 854//1064
f 858//1065 854//1065 853//1065
f 858//1066 853//1066 859//1066
f 859//1067 853//1067 860//1067
f 860//1068 853//1068 852//1068
f 860//1069 852//1069 861//1069
f 861//1070 852//1070 851//1070
f 861//1071 851//1071 862//1071
f 862//1072 851//1072 850//1072
f 862//1073 850//1073 855//1073
f 863//1074 856//1074 857//1074
f 863//1075 857//1075 864//1075
f 864//1076 868//1076 865//1076
f 857//1077 858//1077 864//1077
f 864//1078 858//1078 859//1078
f 866//1079 859//1079 860//1079
f 866//1080 860//1080 861//1080
f 861//1081 862//1081 867//1081
f 867//1082 862//1082 855//1082
f 866//1083 868//1083 859//1083
f 868//1084 866//1084 869//1084
f 859//1085 868//1085 864//1085
f 864//1086 870//1086 863//1086
f 856//1087 863//1087 855//1087
f 855//1088 863//1088 867//1088
f 867//1089 863//1089 871//1089
f 872//1090 867//1090 873//1090
f 867//1091 872//1091 861//1091
f 872//1092 874//1092 866//1092
f 872//1093 866//1093 861//1093
f 875//1031 876//1031 877//1031
f 877//1031 876//1031 878//1031
f 877//1031 878//1031 879//1031
f 879//1031 878//1031 880//1031
f 879//1031 880//1031 881//1031
f 881//1031 880//1031 882//1031
f 878//1094 876//1094 883//1094
f 880//1095 878//1095 884//1095
f 879//1096 881//1096 885//1096
f 877//1097 879//1097 886//1097
f 884//1098 868//1098 880//1098
f 880//1099 868//1099 869//1099
f 869//1100 866//1100 880//1100
f 880//1101 866//1101 882//1101
f 882//1102 866//1102 874//1102
f 882//1103 874//1103 881//1103
f 874//1104 872//1104 881//1104
f 881//1105 872//1105 885//1105
f 885//1106 872//1106 879//1106
f 879//1107 872//1107 873//1107
f 873//1108 867//1108 879//1108
f 879//1109 867//1109 886//1109
f 886//1110 867//1110 877//1110
f 877//1111 867//1111 871//1111
f 871//1112 863//1112 877//1112
f 877//1113 863//1113 875//1113
f 875//1114 863//1114 876//1114
f 876//1115 863//1115 870//1115
f 870//1116 864//1116 876//1116
f 876//1117 864//1117 883//1117
f 883//1118 864//1118 878//1118
f 878//1119 864//1119 865//1119
f 865//1120 868//1120 878//1120
f 878//1121 868//1121 884//1121
f 894//1122 892//1122 895//1122
f 895//1123 892//1123 893//1123
f 895//1124 893//1124 888//1124
f 896//111 897//111 898//111
f 898//111 897//111 894//111
f 894//111 897//111 899//111
f 894//1125 899//1125 892//1125
f 892//1126 899//1126 891//1126
f 891//1127 899//1127 900//1127
f 891//1128 900//1128 890//1128
f 890//1129 900//1129 901//1129
f 890//1130 901//1130 889//1130
f 889//1131 901//1131 887//1131
f 887//1132 901//1132 902//1132
f 887//1133 902//1133 903//1133
f 887//1134 903//1134 888//1134
f 888//1135 903//1135 895//1135
f 895//111 903//111 896//111
f 895//111 896//111 898//111
f 904//1136 897//1136 905//1136
f 905//1137 897//1137 896//1137
f 905//1138 896//1138 906//1138
f 906//1139 896//1139 903//1139
f 906//1140 903//1140 907//1140
f 907//1141 903//1141 902//1141
f 907//1142 902//1142 908//1142
f 908//1143 902//1143 901//1143
f 908//1144 901//1144 909//1144
f 909//1145 901//1145 900//1145
f 909//1146 900//1146 910//1146
f 910//1147 900//1147 911//1147
f 911//1148 900//1148 899//1148
f 911//1149 899//1149 904//1149
f 904//1150 899//1150 897//1150
f 912//1151 905//1151 906//1151
f 912//1152 906//1152 913//1152
f 913//1076 917//1076 914//1076
f 906//1077 907//1077 913//1077
f 913//1078 907//1078 908//1078
f 915//1153 908//1153 909//1153
f 915//1080 909//1080 910//1080
f 910//1081 911//1081 916//1081
f 916//1082 911//1082 904//1082
f 915//1083 917//1083 908//1083
f 917//1084 915//1084 918//1084
f 908//1085 917//1085 913//1085
f 913//1154 919//1154 912//1154
f 912//1155 920//1155 905//1155
f 905//1156 920//1156 904//1156
f 904//1157 920//1157 916//1157
f 916//1158 920//1158 921//1158
f 922//1090 916//1090 923//1090
f 916//1091 922//1091 910//1091
f 922//1092 924//1092 915//1092
f 922//1093 915//1093 910//1093
f 925//1159 926//1159 927//1159
f 927//1031 926//1031 928//1031
f 928//1031 926//1031 929//1031
f 928//1031 929//1031 930//1031
f 930//1031 929//1031 931//1031
f 930//1031 931//1031 932//1031
f 932//1031 931//1031 933//1031
f 929//1031 926//1031 934//1031
f 934//1159 926//1159 935//1159
f 931//1160 929//1160 936//1160
f 930//1161 932//1161 937//1161
f 928//1031 930//1031 938//1031
f 938//1162 930//1162 939//1162
f 936//1098 917//1098 931//1098
f 931//1099 917//1099 918//1099
f 918//1100 915//1100 931//1100
f 931//1163 915//1163 933//1163
f 933//1164 915//1164 924//1164
f 933//1103 924//1103 932//1103
f 924//1104 922//1104 932//1104
f 932//1105 922//1105 937//1105
f 937//1106 922//1106 930//1106
f 930//1107 922//1107 923//1107
f 923//1108 916//1108 930//1108
f 930//1109 916//1109 939//1109
f 939//1165 916//1165 938//1165
f 938//1166 916//1166 921//1166
f 938//1167 921//1167 940//1167
f 920//1168 927//1168 940//1168
f 940//1169 927//1169 938//1169
f 927//1170 920//1170 925//1170
f 912//1171 925//1171 920//1171
f 925//1172 912//1172 926//1172
f 926//1173 912//1173 919//1173
f 919//1116 913//1116 926//1116
f 926//1174 913//1174 935//1174
f 935//1175 913//1175 929//1175
f 929//1176 913//1176 914//1176
f 914//1177 917//1177 929//1177
f 929//1178 917//1178 936//1178
f 950//1179 951//1179 949//1179
f 949//1180 951//1180 941//1180
f 941//1181 951//1181 952//1181
f 941//1182 952//1182 942//1182
f 942//1183 952//1183 943//1183
f 943//1184 952//1184 953//1184
f 943//1185 953//1185 954//1185
f 943//1050 954//1050 944//1050
f 944//1051 954//1051 948//1051
f 948//1052 954//1052 955//1052
f 948//1053 955//1053 947//1053
f 947//1186 955//1186 956//1186
f 947//1134 956//1134 946//1134
f 946//1187 956//1187 945//1187
f 945//1188 956//1188 950//1188
f 945//1189 950//1189 949//1189
f 957//1136 951//1136 958//1136
f 958//1137 951//1137 950//1137
f 958//1138 950//1138 959//1138
f 959//1139 950//1139 956//1139
f 959//1140 956//1140 960//1140
f 960//1190 956//1190 955//1190
f 960//1066 955//1066 961//1066
f 961//1067 955//1067 962//1067
f 962//1068 955//1068 954//1068
f 962//1069 954//1069 963//1069
f 963//1191 954//1191 953//1191
f 963//1192 953//1192 964//1192
f 964//1193 953//1193 952//1193
f 964//1149 952//1149 957//1149
f 957//1150 952//1150 951//1150
f 965//1074 958//1074 959//1074
f 965//1075 959//1075 966//1075
f 966//1076 970//1076 967//1076
f 959//1077 960//1077 966//1077
f 966//1078 960//1078 961//1078
f 968//1153 961//1153 962//1153
f 968//1080 962//1080 963//1080
f 963//1081 964//1081 969//1081
f 969//1082 964//1082 957//1082
f 968//1083 970//1083 961//1083
f 970//1084 968//1084 971//1084
f 961//1085 970//1085 966//1085
f 966//1086 972//1086 965//1086
f 958//1087 965//1087 957//1087
f 957//1088 965//1088 969//1088
f 969//1089 965//1089 973//1089
f 974//1090 969//1090 975//1090
f 969//1091 974//1091 963//1091
f 974//1092 976//1092 968//1092
f 974//1093 968//1093 963//1093
f 977//1031 978//1031 979//1031
f 979//1031 978//1031 980//1031
f 979//1031 980//1031 981//1031
f 981//1031 980//1031 982//1031
f 981//1031 982//1031 983//1031
f 983//1031 982//1031 984//1031
f 980//1031 978//1031 985//1031
f 985//1159 978//1159 986//1159
f 982//1160 980//1160 987//1160
f 981//1161 983//1161 988//1161
f 979//1194 981//1194 989//1194
f 987//1098 970//1098 982//1098
f 982//1099 970//1099 971//1099
f 971//1100 968//1100 982//1100
f 982//1195 968//1195 984//1195
f 984//1164 968//1164 976//1164
f 984//1103 976//1103 983//1103
f 976//1104 974//1104 983//1104
f 983//1105 974//1105 988//1105
f 988//1106 974//1106 981//1106
f 981//1107 974//1107 975//1107
f 975//1108 969//1108 981//1108
f 981//1196 969//1196 989//1196
f 989//1110 969//1110 979//1110
f 979//1111 969//1111 973//1111
f 973//1112 965//1112 979//1112
f 979//1197 965//1197 977//1197
f 977//1114 965//1114 978//1114
f 978//1115 965//1115 972//1115
f 972//1116 966//1116 978//1116
f 978//1174 966//1174 986//1174
f 986//1198 966//1198 980//1198
f 980//1176 966//1176 967//1176
f 967//1177 970//1177 980//1177
f 980//1178 970//1178 987//1178
f 999//1199 1000//1199 994//1199
f 994//1180 1000//1180 993//1180
f 993//1181 1000//1181 1001//1181
f 993//1182 1001//1182 992//1182
f 992//1183 1001//1183 991//1183
f 991//1184 1001//1184 1002//1184
f 991//1185 1002//1185 1003//1185
f 991//1050 1003//1050 990//1050
f 990//1051 1003//1051 998//1051
f 998//1052 1003//1052 1004//1052
f 998//1053 1004//1053 997//1053
f 997//1054 1004//1054 1005//1054
f 997//1055 1005//1055 996//1055
f 996//1056 1005//1056 999//1056
f 996//1057 999//1057 995//1057
f 995//1058 999//1058 994//1058
f 1006//1200 1000//1200 1007//1200
f 1007//1201 1000//1201 999//1201
f 1007//1062 999//1062 1008//1062
f 1008//1063 999//1063 1009//1063
f 1009//1064 999//1064 1005//1064
f 1009//1065 1005//1065 1004//1065
f 1009//1066 1004//1066 1010//1066
f 1010//1067 1004//1067 1011//1067
f 1011//1068 1004//1068 1003//1068
f 1011//1069 1003//1069 1012//1069
f 1012//1191 1003//1191 1002//1191
f 1012//1192 1002//1192 1013//1192
f 1013//1202 1002//1202 1001//1202
f 1013//1149 1001//1149 1006//1149
f 1006//1150 1001//1150 1000//1150
f 1014//1074 1007//1074 1008//1074
f 1014//1075 1008//1075 1015//1075
f 1015//1076 679//1076 1016//1076
f 1008//1077 1009//1077 1015//1077
f 1015//1078 1009//1078 1010//1078
f 1017//1079 1010//1079 1011//1079
f 1017//1080 1011//1080 1012//1080
f 1012//1081 1013//1081 1018//1081
f 1018//1082 1013//1082 1006//1082
f 1017//1203 679//1203 1010//1203
f 679//1084 1017//1084 1019//1084
f 1010//1085 679//1085 1015//1085
f 1015//1086 1020//1086 1014//1086
f 1007//1087 1014//1087 1006//1087
f 1006//1088 1014//1088 1018//1088
f 1018//1089 1014//1089 1021//1089
f 1022//1090 1018//1090 1023//1090
f 1018//1091 1022//1091 1012//1091
f 1022//1092 1024//1092 1017//1092
f 1022//1093 1017//1093 1012//1093
f 1025//1031 1026//1031 1027//1031
f 1027//1031 1026//1031 1028//1031
f 1027//1031 1028//1031 1029//1031
f 1029//1031 1028//1031 1030//1031
f 1029//1031 1030//1031 1031//1031
f 1031//1031 1030//1031 1032//1031
f 1028//1204 1026//1204 1033//1204
f 1030//1095 1028//1095 680//1095
f 1029//1096 1031//1096 1034//1096
f 1027//1097 1029//1097 1035//1097
f 680//1098 679//1098 1030//1098
f 1030//1099 679//1099 1019//1099
f 1019//1100 1017//1100 1030//1100
f 1030//1101 1017//1101 1032//1101
f 1032//1205 1017//1205 1024//1205
f 1032//1103 1024//1103 1031//1103
f 1024//1206 1022//1206 1031//1206
f 1031//1105 1022//1105 1034//1105
f 1034//1106 1022//1106 1029//1106
f 1029//1107 1022//1107 1023//1107
f 1023//1108 1018//1108 1029//1108
f 1029//1196 1018//1196 1035//1196
f 1035//1110 1018//1110 1027//1110
f 1027//1111 1018//1111 1021//1111
f 1021//1112 1014//1112 1027//1112
f 1027//1197 1014//1197 1025//1197
f 1025//1114 1014//1114 1026//1114
f 1026//1115 1014//1115 1020//1115
f 1020//1116 1015//1116 1026//1116
f 1026//1117 1015//1117 1033//1117
f 1033//1118 1015//1118 1028//1118
f 1028//1119 1015//1119 1016//1119
f 1016//1207 679//1207 1028//1207
f 1028//1121 679//1121 680//1121
