# Blender 3.6.23
# www.blender.org
o Bumper
v 0.151500 -0.009496 0.050967
v 0.151500 -0.009496 0.054700
v 0.149772 -0.009337 0.054700
v 0.148005 -0.008829 0.054700
v 0.146304 -0.007948 0.054700
v 0.144785 -0.006715 0.054700
v 0.143552 -0.005196 0.054700
v 0.142671 -0.003495 0.054700
v 0.142163 -0.001728 0.054700
v 0.142004 -0.000000 0.054700
v 0.142163 0.001728 0.054700
v 0.142671 0.003495 0.054700
v 0.143552 0.005196 0.054700
v 0.144785 0.006715 0.054700
v 0.146304 0.007948 0.054700
v 0.148005 0.008829 0.054700
v 0.149772 0.009337 0.054700
v 0.151500 0.009496 0.054700
v 0.151500 0.009496 0.050967
v 0.149772 0.009337 0.050967
v 0.148005 0.008829 0.050967
v 0.146304 0.007948 0.050967
v 0.144785 0.006715 0.050967
v 0.143552 0.005196 0.050967
v 0.142671 0.003495 0.050967
v 0.142163 0.001728 0.050967
v 0.142004 -0.000000 0.050967
v 0.142163 -0.001728 0.050967
v 0.142671 -0.003495 0.050967
v 0.143552 -0.005196 0.050967
v 0.144785 -0.006715 0.050967
v 0.146304 -0.007948 0.050967
v 0.148005 -0.008829 0.050967
v 0.149772 -0.009337 0.050967
v 0.149520 -0.009287 0.052833
v 0.147507 -0.008615 0.052833
v 0.145624 -0.007460 0.052833
v 0.144040 -0.005876 0.052833
v 0.142885 -0.003993 0.052833
v 0.142213 -0.001980 0.052833
v 0.142004 -0.000000 0.052833
v 0.142213 0.001980 0.052833
v 0.142671 0.003495 0.052833
v 0.143404 0.004962 0.052833
v 0.144400 0.006306 0.052833
v 0.145624 0.007460 0.052833
v 0.147017 0.008371 0.052833
v 0.148508 0.009012 0.052833
v 0.150024 0.009380 0.052833
v 0.011477 0.153722 0.040200
v 0.010586 0.154848 0.040085
v 0.009720 0.155943 0.039734
v 0.009024 0.156823 0.039236
v 0.008396 0.157618 0.038546
v 0.007951 0.158180 0.037817
v 0.007610 0.158611 0.036956
v 0.007426 0.158844 0.036128
v 0.007368 0.158917 0.035514
v 0.021271 0.157660 0.035514
v 0.035443 0.155090 0.035514
v 0.049707 0.151123 0.035514
v 0.063865 0.145706 0.035514
v 0.077700 0.138823 0.035514
v 0.090990 0.130499 0.035514
v 0.103514 0.120805 0.035514
v 0.115068 0.109857 0.035514
v 0.125469 0.097808 0.035514
v 0.134573 0.084848 0.035514
v 0.142272 0.071187 0.035514
v 0.148508 0.057048 0.035514
v 0.153263 0.042655 0.035514
v 0.156565 0.028222 0.035514
v 0.158476 0.013947 0.035514
v 0.159088 -0.000000 0.035514
v 0.158476 -0.013947 0.035514
v 0.156565 -0.028222 0.035514
v 0.153263 -0.042655 0.035514
v 0.148508 -0.057048 0.035514
v 0.142272 -0.071187 0.035514
v 0.134573 -0.084848 0.035514
v 0.125469 -0.097808 0.035514
v 0.115068 -0.109857 0.035514
v 0.103514 -0.120805 0.035514
v 0.090990 -0.130499 0.035514
v 0.077700 -0.138823 0.035514
v 0.063865 -0.145706 0.035514
v 0.049707 -0.151123 0.035514
v 0.035443 -0.155090 0.035514
v 0.021271 -0.157660 0.035514
v 0.007368 -0.158917 0.035514
v 0.007426 -0.158844 0.036128
v 0.007610 -0.158611 0.036956
v 0.007951 -0.158180 0.037817
v 0.008396 -0.157618 0.038546
v 0.009024 -0.156823 0.039237
v 0.009720 -0.155943 0.039734
v 0.010586 -0.154848 0.040085
v 0.011477 -0.153722 0.040200
v 0.024703 -0.152158 0.040200
v 0.038139 -0.149358 0.040200
v 0.051621 -0.145250 0.040200
v 0.064965 -0.139792 0.040200
v 0.077974 -0.132975 0.040200
v 0.090444 -0.124829 0.040200
v 0.102176 -0.115422 0.040200
v 0.112985 -0.104864 0.040200
v 0.122709 -0.093299 0.040200
v 0.131216 -0.080899 0.040200
v 0.138411 -0.067857 0.040200
v 0.144241 -0.054377 0.040200
v 0.148690 -0.040664 0.040200
v 0.151782 -0.026913 0.040200
v 0.153575 -0.013306 0.040200
v 0.154150 -0.000000 0.040200
v 0.153575 0.013306 0.040200
v 0.151782 0.026913 0.040200
v 0.148690 0.040664 0.040200
v 0.144241 0.054377 0.040200
v 0.138411 0.067857 0.040200
v 0.131216 0.080899 0.040200
v 0.122709 0.093299 0.040200
v 0.112986 0.104864 0.040200
v 0.102176 0.115422 0.040200
v 0.090444 0.124829 0.040200
v 0.077974 0.132975 0.040200
v 0.064965 0.139792 0.040200
v 0.051621 0.145250 0.040200
v 0.038139 0.149358 0.040200
v 0.024703 0.152158 0.040200
v 0.077603 -0.134203 0.040122
v 0.144714 -0.055591 0.040122
v 0.023265 0.157253 0.036383
v 0.023222 0.156961 0.037262
v 0.023152 0.156492 0.038099
v 0.023059 0.155857 0.038842
v 0.022945 0.155090 0.039444
v 0.022819 0.154238 0.039873
v 0.022688 0.153355 0.040122
v 0.039487 0.153982 0.036383
v 0.039413 0.153697 0.037262
v 0.039296 0.153237 0.038099
v 0.039136 0.152616 0.038842
v 0.038944 0.151865 0.039444
v 0.038730 0.151030 0.039873
v 0.038508 0.150166 0.040122
v 0.055757 0.148865 0.036383
v 0.055653 0.148589 0.037262
v 0.055487 0.148145 0.038099
v 0.055262 0.147544 0.038842
v 0.054990 0.146818 0.039444
v 0.054688 0.146012 0.039873
v 0.054375 0.145176 0.040122
v 0.071768 0.141842 0.036383
v 0.071635 0.141578 0.037262
v 0.071421 0.141155 0.038099
v 0.071131 0.140583 0.038842
v 0.070781 0.139891 0.039444
v 0.070392 0.139122 0.039873
v 0.069989 0.138326 0.040122
v 0.087193 0.132917 0.036383
v 0.087032 0.132671 0.037262
v 0.086771 0.132274 0.038099
v 0.086420 0.131738 0.038842
v 0.085994 0.131090 0.039444
v 0.085522 0.130369 0.039873
v 0.085032 0.129623 0.040122
v 0.101701 0.122175 0.036383
v 0.101512 0.121948 0.037262
v 0.101209 0.121583 0.038099
v 0.100798 0.121091 0.038842
v 0.100302 0.120495 0.039444
v 0.099751 0.119833 0.039873
v 0.099180 0.119147 0.040122
v 0.114978 0.109771 0.036383
v 0.114765 0.109568 0.037262
v 0.114422 0.109240 0.038099
v 0.113958 0.108797 0.038842
v 0.113397 0.108262 0.039444
v 0.112774 0.107667 0.039873
v 0.112128 0.107050 0.040122
v 0.126754 0.095933 0.036383
v 0.126519 0.095755 0.037262
v 0.126140 0.095469 0.038099
v 0.125629 0.095082 0.038842
v 0.125011 0.094614 0.039444
v 0.124324 0.094094 0.039873
v 0.123612 0.093556 0.040122
v 0.136813 0.080944 0.036383
v 0.136559 0.080794 0.037262
v 0.136151 0.080552 0.038099
v 0.135599 0.080226 0.038842
v 0.134931 0.079831 0.039444
v 0.134190 0.079392 0.039873
v 0.133422 0.078938 0.040122
v 0.145013 0.065122 0.036383
v 0.144744 0.065001 0.037262
v 0.144311 0.064807 0.038099
v 0.143726 0.064544 0.038842
v 0.143019 0.064227 0.039444
v 0.142233 0.063874 0.039873
v 0.141419 0.063508 0.040122
v 0.151288 0.048803 0.036383
v 0.151007 0.048712 0.037262
v 0.150556 0.048566 0.038099
v 0.149945 0.048369 0.038842
v 0.149207 0.048131 0.039444
v 0.148388 0.047867 0.039873
v 0.147538 0.047593 0.040122
v 0.155646 0.032313 0.036383
v 0.155357 0.032253 0.037262
v 0.154893 0.032157 0.038099
v 0.154265 0.032026 0.038842
v 0.153505 0.031869 0.039444
v 0.152662 0.031694 0.039873
v 0.151788 0.031512 0.040122
v 0.158162 0.015957 0.036383
v 0.157868 0.015928 0.037262
v 0.157396 0.015880 0.038099
v 0.156758 0.015816 0.038842
v 0.155986 0.015738 0.039444
v 0.155130 0.015651 0.039874
v 0.154241 0.015562 0.040122
v 0.158965 -0.000000 0.036383
v 0.158670 -0.000000 0.037262
v 0.158195 -0.000000 0.038099
v 0.157554 -0.000000 0.038842
v 0.156778 -0.000000 0.039444
v 0.155917 -0.000000 0.039874
v 0.155024 -0.000000 0.040122
v 0.158162 -0.015957 0.036383
v 0.157868 -0.015928 0.037262
v 0.157396 -0.015880 0.038099
v 0.156758 -0.015816 0.038842
v 0.155986 -0.015738 0.039444
v 0.155130 -0.015651 0.039874
v 0.154241 -0.015562 0.040122
v 0.155646 -0.032313 0.036383
v 0.155357 -0.032253 0.037262
v 0.154893 -0.032157 0.038099
v 0.154265 -0.032026 0.038842
v 0.153505 -0.031869 0.039444
v 0.152662 -0.031694 0.039874
v 0.151788 -0.031512 0.040122
v 0.152555 -0.044684 0.036383
v 0.152272 -0.044601 0.037262
v 0.151817 -0.044467 0.038099
v 0.151201 -0.044287 0.038842
v 0.150457 -0.044069 0.039444
v 0.149631 -0.043827 0.039874
v 0.148774 -0.043576 0.040122
v 0.143142 -0.069138 0.036383
v 0.142877 -0.069009 0.037262
v 0.142450 -0.068803 0.038099
v 0.141872 -0.068524 0.038842
v 0.141174 -0.068187 0.039444
v 0.140398 -0.067812 0.039874
v 0.139594 -0.067424 0.040122
v 0.145548 -0.055911 0.039874
v 0.146352 -0.056220 0.039444
v 0.147076 -0.056498 0.038842
v 0.147674 -0.056728 0.038099
v 0.148117 -0.056898 0.037262
v 0.148392 -0.057004 0.036383
v 0.136813 -0.080944 0.036383
v 0.136559 -0.080794 0.037262
v 0.136151 -0.080552 0.038099
v 0.135599 -0.080226 0.038842
v 0.134931 -0.079831 0.039444
v 0.134190 -0.079392 0.039874
v 0.133422 -0.078938 0.040122
v 0.129436 -0.092282 0.036383
v 0.129196 -0.092111 0.037262
v 0.128810 -0.091836 0.038099
v 0.128288 -0.091463 0.038842
v 0.127656 -0.091013 0.039444
v 0.126955 -0.090513 0.039874
v 0.126228 -0.089995 0.040122
v 0.121069 -0.103015 0.036383
v 0.120844 -0.102824 0.037262
v 0.120483 -0.102517 0.038099
v 0.119994 -0.102101 0.038842
v 0.119404 -0.101598 0.039444
v 0.118748 -0.101040 0.039874
v 0.118068 -0.100462 0.040122
v 0.111790 -0.113017 0.036383
v 0.111583 -0.112807 0.037262
v 0.111249 -0.112470 0.038099
v 0.110798 -0.112014 0.038842
v 0.110253 -0.111462 0.039444
v 0.109647 -0.110850 0.039874
v 0.109019 -0.110215 0.040122
v 0.101701 -0.122175 0.036383
v 0.101512 -0.121948 0.037262
v 0.101209 -0.121584 0.038099
v 0.100798 -0.121091 0.038842
v 0.100302 -0.120495 0.039444
v 0.099751 -0.119833 0.039874
v 0.099180 -0.119147 0.040122
v 0.079575 -0.137614 0.036383
v 0.079427 -0.137358 0.037262
v 0.079190 -0.136948 0.038099
v 0.078869 -0.136393 0.038842
v 0.078481 -0.135721 0.039444
v 0.078049 -0.134976 0.039874
v 0.088665 -0.127165 0.040122
v 0.089176 -0.127898 0.039874
v 0.089669 -0.128604 0.039444
v 0.090112 -0.129240 0.038842
v 0.090479 -0.129766 0.038099
v 0.090750 -0.130155 0.037262
v 0.090919 -0.130397 0.036383
v 0.067807 -0.143777 0.036383
v 0.067682 -0.143510 0.037262
v 0.067479 -0.143081 0.038099
v 0.067206 -0.142501 0.038842
v 0.066875 -0.141800 0.039444
v 0.066507 -0.141021 0.039874
v 0.066127 -0.140214 0.040122
v 0.055757 -0.148865 0.036383
v 0.055653 -0.148589 0.037262
v 0.055487 -0.148145 0.038099
v 0.055262 -0.147544 0.038842
v 0.054990 -0.146818 0.039444
v 0.054688 -0.146012 0.039874
v 0.054375 -0.145176 0.040122
v 0.043561 -0.152880 0.036383
v 0.043480 -0.152596 0.037262
v 0.043350 -0.152140 0.038099
v 0.043175 -0.151523 0.038842
v 0.042962 -0.150777 0.039444
v 0.042726 -0.149949 0.039874
v 0.042481 -0.149090 0.040122
v 0.031352 -0.155842 0.036383
v 0.031294 -0.155553 0.037262
v 0.031200 -0.155088 0.038099
v 0.031074 -0.154459 0.038842
v 0.030921 -0.153699 0.039444
v 0.030751 -0.152855 0.039874
v 0.030575 -0.151979 0.040122
v 0.019250 -0.157795 0.036383
v 0.019214 -0.157502 0.037262
v 0.019157 -0.157031 0.038099
v 0.019079 -0.156394 0.038842
v 0.018985 -0.155625 0.039444
v 0.018881 -0.154770 0.039874
v 0.018773 -0.153884 0.040122
v 0.005162 0.161706 -0.016015
v 0.019429 0.160618 -0.016015
v 0.033996 0.158177 -0.016015
v 0.048682 0.154291 -0.016015
v 0.063280 0.148900 -0.016015
v 0.077563 0.141984 -0.016015
v 0.091298 0.133567 -0.016015
v 0.104254 0.123720 -0.016015
v 0.116212 0.112562 -0.016015
v 0.126984 0.100253 -0.016015
v 0.136412 0.086990 -0.016015
v 0.144387 0.072994 -0.016015
v 0.150843 0.058497 -0.016015
v 0.155765 0.043735 -0.016015
v 0.159181 0.028932 -0.016015
v 0.161156 0.014294 -0.016015
v 0.161789 -0.000000 -0.016015
v 0.161156 -0.014294 -0.016015
v 0.159181 -0.028933 -0.016015
v 0.155765 -0.043735 -0.016015
v 0.150843 -0.058497 -0.016015
v 0.144387 -0.072994 -0.016015
v 0.136412 -0.086990 -0.016015
v 0.126983 -0.100253 -0.016015
v 0.116212 -0.112562 -0.016015
v 0.104254 -0.123720 -0.016015
v 0.091298 -0.133567 -0.016015
v 0.077563 -0.141984 -0.016015
v 0.063280 -0.148900 -0.016015
v 0.048682 -0.154291 -0.016015
v 0.033996 -0.158177 -0.016015
v 0.019429 -0.160618 -0.016015
v 0.005162 -0.161706 -0.016015
v 0.090536 -0.132453 0.009749
v 0.144189 -0.070356 0.009749
v 0.021384 0.159007 0.009749
v 0.037870 0.155905 0.009749
v 0.054503 0.150897 0.009749
v 0.070898 0.143923 0.009749
v 0.086714 0.134986 0.009749
v 0.101604 0.124166 0.009749
v 0.115243 0.111623 0.009749
v 0.127344 0.097591 0.009749
v 0.137684 0.082363 0.009749
v 0.146112 0.066270 0.009749
v 0.152559 0.049661 0.009749
v 0.157034 0.032877 0.009749
v 0.159615 0.016232 0.009749
v 0.160438 -0.000000 0.009749
v 0.159615 -0.016232 0.009749
v 0.157034 -0.032877 0.009749
v 0.153861 -0.045469 0.009749
v 0.149584 -0.058009 0.009749
v 0.137684 -0.082363 0.009749
v 0.130101 -0.093884 0.009749
v 0.121501 -0.104776 0.009749
v 0.111967 -0.114908 0.009749
v 0.101604 -0.124166 0.009749
v 0.078900 -0.139697 0.009749
v 0.066840 -0.145852 0.009749
v 0.054503 -0.150897 0.009749
v 0.042033 -0.154834 0.009749
v 0.029565 -0.157691 0.009749
v 0.017223 -0.159511 0.009749
v 0.013728 0.150877 0.040200
v 0.013728 -0.150877 0.040200
v 0.026044 -0.149245 0.040200
v 0.038511 -0.146524 0.040200
v 0.050990 -0.142662 0.040200
v 0.063329 -0.137629 0.040200
v 0.075368 -0.131423 0.040200
v 0.086942 -0.124070 0.040200
v 0.097892 -0.115626 0.040200
v 0.108068 -0.106177 0.040200
v 0.117335 -0.095837 0.040200
v 0.125585 -0.084740 0.040200
v 0.132732 -0.073037 0.040200
v 0.138725 -0.060890 0.040200
v 0.143539 -0.048464 0.040200
v 0.147180 -0.035920 0.040200
v 0.149681 -0.023407 0.040200
v 0.151096 -0.011063 0.040200
v 0.149129 -0.010814 0.040200
v 0.147133 -0.010173 0.040200
v 0.145225 -0.009121 0.040200
v 0.143530 -0.007684 0.040200
v 0.142156 -0.005937 0.040200
v 0.141174 -0.003992 0.040200
v 0.140607 -0.001975 0.040200
v 0.140429 -0.000000 0.040200
v 0.140607 0.001975 0.040200
v 0.141174 0.003992 0.040200
v 0.142156 0.005937 0.040200
v 0.143530 0.007684 0.040200
v 0.145225 0.009121 0.040200
v 0.147133 0.010173 0.040200
v 0.149129 0.010814 0.040200
v 0.151096 0.011063 0.040200
v 0.149681 0.023407 0.040200
v 0.147180 0.035920 0.040200
v 0.143539 0.048464 0.040200
v 0.138725 0.060890 0.040200
v 0.132732 0.073037 0.040200
v 0.125585 0.084740 0.040200
v 0.117335 0.095837 0.040200
v 0.108068 0.106177 0.040200
v 0.097892 0.115626 0.040200
v 0.086942 0.124070 0.040200
v 0.075368 0.131423 0.040200
v 0.063329 0.137629 0.040200
v 0.050990 0.142662 0.040200
v 0.038511 0.146524 0.040200
v 0.026044 0.149245 0.040200
v 0.027683 -0.169667 -0.016015
v 0.001839 -0.165907 -0.016015
v 0.001839 0.165907 -0.016015
v 0.027683 0.169667 -0.016015
v 0.036452 0.170382 -0.016015
v 0.045241 0.169992 -0.016015
v 0.047736 0.169678 -0.016015
v 0.055131 0.168199 -0.016015
v 0.062327 0.165931 -0.016015
v 0.074093 0.161022 -0.016015
v 0.085699 0.155156 -0.016015
v 0.097035 0.148331 -0.016015
v 0.107985 0.140560 -0.016015
v 0.118435 0.131874 -0.016015
v 0.128274 0.122325 -0.016015
v 0.137398 0.111980 -0.016015
v 0.145714 0.100921 -0.016015
v 0.153142 0.089248 -0.016015
v 0.159619 0.077068 -0.016015
v 0.165098 0.064500 -0.016015
v 0.169554 0.051663 -0.016015
v 0.172979 0.038680 -0.016015
v 0.175382 0.025668 -0.016015
v 0.176792 0.012740 -0.016015
v 0.177250 -0.000000 -0.016015
v 0.176792 -0.012741 -0.016015
v 0.175382 -0.025668 -0.016015
v 0.172979 -0.038680 -0.016015
v 0.169554 -0.051663 -0.016015
v 0.165098 -0.064500 -0.016015
v 0.159619 -0.077068 -0.016015
v 0.153142 -0.089248 -0.016015
v 0.145714 -0.100921 -0.016015
v 0.137398 -0.111980 -0.016015
v 0.128274 -0.122325 -0.016015
v 0.118435 -0.131875 -0.016015
v 0.107985 -0.140560 -0.016015
v 0.097035 -0.148331 -0.016015
v 0.085699 -0.155156 -0.016015
v 0.074093 -0.161022 -0.016015
v 0.062327 -0.165931 -0.016015
v 0.055131 -0.168199 -0.016015
v 0.047736 -0.169678 -0.016015
v 0.045241 -0.169992 -0.016015
v 0.036452 -0.170382 -0.016015
v 0.004180 0.162948 0.046295
v 0.015604 0.164692 0.044733
v 0.027337 0.166512 0.042603
v 0.014996 0.166171 0.015140
v 0.013728 0.150877 0.050967
v 0.010143 0.155409 0.050967
v 0.004180 -0.162948 0.046295
v 0.010142 -0.155409 0.050967
v 0.013728 -0.150877 0.050967
v 0.151096 -0.011063 0.049967
v 0.151113 -0.010816 0.050215
v 0.151131 -0.010568 0.050463
v 0.151148 -0.010316 0.050715
v 0.151165 -0.010065 0.050967
v 0.149372 -0.009843 0.050967
v 0.147551 -0.009264 0.050967
v 0.145810 -0.008309 0.050967
v 0.144262 -0.007002 0.050967
v 0.143006 -0.005411 0.050967
v 0.142109 -0.003639 0.050967
v 0.141591 -0.001800 0.050967
v 0.141429 -0.000000 0.050967
v 0.141591 0.001800 0.050967
v 0.142109 0.003638 0.050967
v 0.143006 0.005411 0.050967
v 0.144262 0.007002 0.050967
v 0.145810 0.008309 0.050967
v 0.147551 0.009264 0.050967
v 0.149372 0.009843 0.050967
v 0.151165 0.010065 0.050967
v 0.151148 0.010316 0.050715
v 0.151131 0.010568 0.050463
v 0.151113 0.010816 0.050215
v 0.151096 0.011063 0.049967
v 0.149129 0.010814 0.049967
v 0.147133 0.010173 0.049967
v 0.145225 0.009121 0.049967
v 0.143530 0.007684 0.049967
v 0.142156 0.005937 0.049967
v 0.141174 0.003992 0.049967
v 0.140607 0.001975 0.049967
v 0.140429 -0.000000 0.049967
v 0.140607 -0.001975 0.049967
v 0.141174 -0.003992 0.049967
v 0.142156 -0.005937 0.049967
v 0.143530 -0.007684 0.049967
v 0.145225 -0.009121 0.049967
v 0.147133 -0.010173 0.049967
v 0.149129 -0.010814 0.049967
v 0.147898 -0.009938 0.050467
v 0.144799 -0.008176 0.050467
v 0.142426 -0.005423 0.050467
v 0.141153 -0.002165 0.050467
v 0.140929 -0.000000 0.050467
v 0.141153 0.002165 0.050467
v 0.141872 0.004363 0.050467
v 0.143106 0.006425 0.050467
v 0.144799 0.008176 0.050467
v 0.146819 0.009478 0.050467
v 0.148993 0.010269 0.050467
v 0.153019 0.009374 0.050967
v 0.154562 0.008989 0.050967
v 0.156062 0.008328 0.050967
v 0.157446 0.007404 0.050967
v 0.158647 0.006252 0.050967
v 0.159616 0.004930 0.050967
v 0.160325 0.003506 0.050967
v 0.160772 0.002049 0.050967
v 0.160981 0.000540 0.050967
v 0.160938 -0.001051 0.050967
v 0.160616 -0.002658 0.050967
v 0.160012 -0.004208 0.050967
v 0.159147 -0.005630 0.050967
v 0.158065 -0.006861 0.050967
v 0.156828 -0.007861 0.050967
v 0.155502 -0.008611 0.050967
v 0.153549 -0.009272 0.050967
v 0.026094 0.149236 0.050967
v 0.038612 0.146497 0.050967
v 0.051143 0.142607 0.050967
v 0.063534 0.137534 0.050967
v 0.075620 0.131278 0.050967
v 0.087236 0.123863 0.050967
v 0.098220 0.115348 0.050967
v 0.108418 0.105820 0.050967
v 0.117696 0.095394 0.050967
v 0.125942 0.084207 0.050967
v 0.133073 0.072415 0.050967
v 0.139035 0.060180 0.050967
v 0.143805 0.047670 0.050967
v 0.147390 0.035048 0.050967
v 0.149825 0.022467 0.050967
v 0.149825 -0.022467 0.050967
v 0.147390 -0.035048 0.050967
v 0.143805 -0.047670 0.050967
v 0.139035 -0.060180 0.050967
v 0.133073 -0.072415 0.050967
v 0.125942 -0.084207 0.050967
v 0.117696 -0.095394 0.050967
v 0.108418 -0.105820 0.050967
v 0.098220 -0.115348 0.050967
v 0.087236 -0.123863 0.050967
v 0.075620 -0.131278 0.050967
v 0.063534 -0.137534 0.050967
v 0.051143 -0.142607 0.050967
v 0.038612 -0.146497 0.050967
v 0.026094 -0.149236 0.050967
v 0.023142 -0.154011 0.050967
v 0.036342 -0.151440 0.050967
v 0.049591 -0.147634 0.050967
v 0.062721 -0.142552 0.050967
v 0.075553 -0.136186 0.050967
v 0.087902 -0.128562 0.050967
v 0.099587 -0.119739 0.050967
v 0.110438 -0.109811 0.050967
v 0.120304 -0.098904 0.050967
v 0.129060 -0.087169 0.050967
v 0.136614 -0.074777 0.050967
v 0.142906 -0.061909 0.050967
v 0.147914 -0.048750 0.050967
v 0.151645 -0.035479 0.050967
v 0.154140 -0.022265 0.050967
v 0.155465 -0.009258 0.050967
v 0.156720 -0.008612 0.050967
v 0.157909 -0.007768 0.050967
v 0.158985 -0.006737 0.050967
v 0.159907 -0.005545 0.050967
v 0.160640 -0.004229 0.050967
v 0.161164 -0.002834 0.050967
v 0.161472 -0.001409 0.050967
v 0.161571 -0.000000 0.050967
v 0.161472 0.001409 0.050967
v 0.161164 0.002834 0.050967
v 0.160640 0.004229 0.050967
v 0.159907 0.005545 0.050967
v 0.158985 0.006737 0.050967
v 0.157909 0.007768 0.050967
v 0.156720 0.008612 0.050967
v 0.155465 0.009258 0.050967
v 0.154140 0.022265 0.050967
v 0.151645 0.035479 0.050967
v 0.147914 0.048750 0.050967
v 0.142906 0.061909 0.050967
v 0.136614 0.074777 0.050967
v 0.129060 0.087169 0.050967
v 0.120304 0.098904 0.050967
v 0.110438 0.109811 0.050967
v 0.099587 0.119739 0.050967
v 0.087902 0.128562 0.050967
v 0.075553 0.136186 0.050967
v 0.062721 0.142552 0.050967
v 0.049591 0.147634 0.050967
v 0.036342 0.151440 0.050967
v 0.023142 0.154011 0.050967
v 0.157001 -0.009608 0.049967
v 0.159271 -0.007885 0.049967
v 0.160248 -0.006785 0.049967
v 0.161078 -0.005553 0.049967
v 0.161735 -0.004221 0.049967
v 0.162204 -0.002826 0.049967
v 0.162571 -0.000000 0.049967
v 0.162204 0.002826 0.049967
v 0.161735 0.004221 0.049967
v 0.161078 0.005553 0.049967
v 0.160248 0.006785 0.049967
v 0.159271 0.007885 0.049967
v 0.157001 0.009608 0.049967
v 0.159794 -0.006554 0.050467
v 0.157881 -0.008428 0.050467
v 0.161186 -0.004233 0.050467
v 0.161934 -0.001692 0.050467
v 0.161934 0.001692 0.050467
v 0.160790 0.005044 0.050467
v 0.158564 0.007864 0.050467
v 0.159037 -0.008109 0.048713
v 0.160467 -0.006487 0.047841
v 0.161609 -0.004513 0.047150
v 0.162330 -0.002297 0.046717
v 0.162571 -0.000000 0.046572
v 0.162330 0.002297 0.046717
v 0.161609 0.004513 0.047150
v 0.160467 0.006487 0.047841
v 0.159037 0.008109 0.048713
v 0.161475 -0.004802 0.048269
v 0.161813 0.004024 0.048269
v 0.160623 0.006271 0.048269
v 0.162453 0.001609 0.048269
v 0.162571 -0.000000 0.048269
v 0.162453 -0.001609 0.048269
v 0.162090 -0.003228 0.048269
v 0.160623 -0.006271 0.048269
v 0.027337 -0.166512 0.042603
v 0.015604 -0.164692 0.044733
v 0.014996 -0.166171 0.015140
v 0.036202 -0.167314 0.041030
v 0.045161 -0.166956 0.039891
v 0.047690 -0.166641 0.039651
v 0.055175 -0.165134 0.039150
v 0.062464 -0.162796 0.038983
v 0.073945 -0.157913 0.038983
v 0.085262 -0.152100 0.038983
v 0.096310 -0.145357 0.038983
v 0.106976 -0.137696 0.038983
v 0.117151 -0.129151 0.038983
v 0.126727 -0.119768 0.038983
v 0.135605 -0.109616 0.038983
v 0.143694 -0.098774 0.038983
v 0.150918 -0.087337 0.038983
v 0.157217 -0.075412 0.038983
v 0.162546 -0.063110 0.038983
v 0.166880 -0.050550 0.038983
v 0.170211 -0.037847 0.038983
v 0.172550 -0.025117 0.038983
v 0.173922 -0.012468 0.038983
v 0.174368 -0.000000 0.038983
v 0.173922 0.012468 0.038983
v 0.172550 0.025117 0.038983
v 0.170211 0.037847 0.038983
v 0.166880 0.050550 0.038983
v 0.162546 0.063110 0.038983
v 0.157217 0.075412 0.038983
v 0.150918 0.087337 0.038983
v 0.143694 0.098774 0.038983
v 0.135605 0.109616 0.038983
v 0.126727 0.119768 0.038983
v 0.117151 0.129151 0.038983
v 0.106976 0.137696 0.038983
v 0.096310 0.145357 0.038983
v 0.085263 0.152100 0.038983
v 0.073945 0.157913 0.038983
v 0.062464 0.162796 0.038983
v 0.055175 0.165134 0.039150
v 0.047690 0.166641 0.039651
v 0.045154 0.166956 0.039892
v 0.036199 0.167314 0.041030
v 0.092590 -0.136638 0.044975
v 0.164201 0.016755 0.044975
v 0.165054 -0.000000 0.044975
v 0.164201 -0.016755 0.044975
v 0.161527 -0.033940 0.044975
v 0.158238 -0.046942 0.044975
v 0.153805 -0.059890 0.044975
v 0.148212 -0.072637 0.044975
v 0.141466 -0.085030 0.044975
v 0.133604 -0.096917 0.044975
v 0.124687 -0.108149 0.044975
v 0.114802 -0.118589 0.044975
v 0.104060 -0.128119 0.044975
v 0.080536 -0.144072 0.044975
v 0.068047 -0.150374 0.044975
v 0.055277 -0.155523 0.044975
v 0.042376 -0.159521 0.044975
v 0.029485 -0.162399 0.044975
v 0.016732 -0.164204 0.044975
v 0.161527 0.033940 0.044975
v 0.156889 0.051271 0.044975
v 0.150205 0.068420 0.044975
v 0.141466 0.085030 0.044975
v 0.130745 0.100740 0.044975
v 0.118198 0.115205 0.044975
v 0.104060 0.128118 0.044975
v 0.088630 0.139239 0.044975
v 0.072249 0.148401 0.044975
v 0.055277 0.155523 0.044975
v 0.038071 0.160603 0.044975
v 0.020960 0.163718 0.044975
v 0.051130 0.167457 0.013913
v 0.046037 0.168269 0.013927
v 0.033151 0.168646 0.013871
v 0.075147 0.158940 0.011484
v 0.088247 0.152057 0.011484
v 0.100954 0.143935 0.011484
v 0.113098 0.134602 0.011484
v 0.124511 0.124121 0.011484
v 0.135035 0.112581 0.011484
v 0.144529 0.100101 0.011484
v 0.152874 0.086824 0.011484
v 0.159976 0.072914 0.011484
v 0.165775 0.058544 0.011484
v 0.170241 0.043894 0.011484
v 0.173377 0.029143 0.011484
v 0.175214 0.014460 0.011484
v 0.175809 -0.000000 0.011484
v 0.175214 -0.014460 0.011484
v 0.173377 -0.029143 0.011484
v 0.168176 -0.051243 0.011484
v 0.159976 -0.072914 0.011484
v 0.148852 -0.093552 0.011484
v 0.142259 -0.103301 0.011484
v 0.135035 -0.112581 0.011484
v 0.118906 -0.129500 0.011484
v 0.100954 -0.143935 0.011484
v 0.081736 -0.155654 0.011484
v 0.051130 -0.167458 0.013892
v 0.046037 -0.168270 0.013905
v 0.033151 -0.168647 0.013849
v 0.026069 0.149240 0.045583
v 0.038561 0.146510 0.045583
v 0.051143 0.142607 0.045583
v 0.063534 0.137534 0.045583
v 0.075620 0.131278 0.045583
v 0.087236 0.123863 0.045583
v 0.098220 0.115348 0.045583
v 0.108418 0.105820 0.045583
v 0.117696 0.095394 0.045583
v 0.125942 0.084207 0.045583
v 0.133073 0.072415 0.045583
v 0.139035 0.060180 0.045583
v 0.143805 0.047670 0.045583
v 0.147390 0.035048 0.045583
v 0.149825 0.022467 0.045583
v 0.153228 0.009337 0.054700
v 0.154995 0.008829 0.054700
v 0.156696 0.007948 0.054700
v 0.158215 0.006715 0.054700
v 0.159448 0.005196 0.054700
v 0.160329 0.003495 0.054700
v 0.160837 0.001728 0.054700
v 0.160996 -0.000000 0.054700
v 0.160837 -0.001728 0.054700
v 0.160329 -0.003495 0.054700
v 0.159448 -0.005196 0.054700
v 0.158215 -0.006715 0.054700
v 0.156696 -0.007948 0.054700
v 0.154995 -0.008829 0.054700
v 0.153228 -0.009337 0.054700
v 0.154492 -0.009012 0.052833
v 0.152976 -0.009380 0.052833
v 0.155983 -0.008371 0.052833
v 0.157376 -0.007460 0.052833
v 0.158600 -0.006306 0.052833
v 0.159596 -0.004962 0.052833
v 0.160329 -0.003495 0.052833
v 0.160787 -0.001980 0.052833
v 0.160996 -0.000000 0.052833
v 0.160787 0.001980 0.052833
v 0.160115 0.003993 0.052833
v 0.158960 0.005876 0.052833
v 0.157376 0.007460 0.052833
v 0.155493 0.008615 0.052833
v 0.153480 0.009287 0.052833
v 0.148843 -0.010747 0.045083
v 0.146574 -0.009914 0.045083
v 0.144466 -0.008549 0.045083
v 0.142700 -0.006717 0.045083
v 0.141412 -0.004561 0.045083
v 0.140663 -0.002263 0.045083
v 0.140429 -0.000000 0.045083
v 0.140663 0.002263 0.045083
v 0.141174 0.003992 0.045083
v 0.141991 0.005669 0.045083
v 0.143101 0.007212 0.045083
v 0.144466 0.008549 0.045083
v 0.146024 0.009622 0.045083
v 0.147700 0.010398 0.045083
v 0.149414 0.010872 0.045083
v 0.026069 -0.149240 0.045583
v 0.038561 -0.146510 0.045583
v 0.051143 -0.142607 0.045583
v 0.063534 -0.137534 0.045583
v 0.075620 -0.131278 0.045583
v 0.087236 -0.123863 0.045583
v 0.098220 -0.115348 0.045583
v 0.108418 -0.105820 0.045583
v 0.117696 -0.095394 0.045583
v 0.125942 -0.084207 0.045583
v 0.133073 -0.072415 0.045583
v 0.139035 -0.060180 0.045583
v 0.143805 -0.047670 0.045583
v 0.147390 -0.035048 0.045583
v 0.149825 -0.022467 0.045583
v 0.151500 -0.000000 0.054700
vn 0.0014 -0.6857 0.7279
vn -0.0042 -0.7262 0.6875
vn -0.1241 -0.6745 0.7278
vn -0.2123 -0.9772 0.0023
vn -0.2505 -0.6376 0.7285
vn -0.4220 -0.9066 -0.0000
vn -0.3736 -0.5738 0.7288
vn -0.6193 -0.7851 -0.0000
vn -0.4840 -0.4840 0.7290
vn -0.7851 -0.6193 -0.0000
vn -0.5738 -0.3736 0.7288
vn -0.9066 -0.4220 -0.0000
vn -0.6377 -0.2505 0.7284
vn -0.9777 -0.2102 -0.0000
vn -0.6741 -0.1236 0.7283
vn -1.0000 -0.0000 -0.0000
vn -0.6853 -0.0000 0.7283
vn -0.6741 0.1235 0.7283
vn -0.9793 0.2025 -0.0000
vn -0.6373 0.2536 0.7277
vn -0.9292 0.3695 -0.0000
vn -0.8543 0.5197 -0.0000
vn -0.6744 0.2683 0.6879
vn -0.6074 0.3967 0.6882
vn -0.1285 -0.7166 0.6856
vn -0.2657 -0.6764 0.6869
vn -0.3967 -0.6094 0.6865
vn -0.5143 -0.5144 0.6862
vn -0.6094 -0.3968 0.6865
vn -0.6764 -0.2658 0.6869
vn -0.7146 -0.1310 0.6871
vn -0.7266 -0.0000 0.6871
vn -0.7146 0.1310 0.6871
vn -0.7497 0.6618 -0.0000
vn -0.5125 0.5122 0.6892
vn -0.6200 0.7846 -0.0000
vn -0.3967 0.6058 0.6897
vn -0.4718 0.8817 -0.0000
vn -0.2673 0.6728 0.6898
vn -0.3137 0.9495 -0.0000
vn -0.1325 0.7120 0.6896
vn -0.1541 0.9881 -0.0000
vn 0.0039 0.7259 0.6878
vn -0.0019 0.6878 0.7259
vn -0.1258 0.6762 0.7259
vn -0.2540 0.6395 0.7257
vn -0.3768 0.5754 0.7259
vn -0.4861 0.4858 0.7264
vn -0.5745 0.3752 0.7274
vn -0.0095 -0.0492 -0.9987
vn -0.5521 -0.4878 -0.6761
vn -0.0267 -0.1773 -0.9838
vn -0.5415 -0.5862 -0.6026
vn -0.0555 -0.3573 -0.9323
vn -0.5264 -0.6732 -0.5194
vn -0.0812 -0.5284 -0.8451
vn -0.5162 -0.7404 -0.4306
vn -0.1039 -0.6823 -0.7237
vn -0.5097 -0.7904 -0.3399
vn -0.1223 -0.8095 -0.5743
vn -0.5056 -0.8255 -0.2510
vn -0.1358 -0.9037 -0.4061
vn -0.5035 -0.8483 -0.1643
vn -0.1554 -0.9673 -0.2005
vn -0.4973 -0.8628 -0.0904
vn -0.1198 -0.9839 -0.1328
vn -0.4841 -0.8740 -0.0424
vn -0.2093 -0.9629 -0.1706
vn -0.2533 -0.9528 -0.1675
vn -0.2277 -0.8850 -0.4062
vn -0.3211 -0.8555 -0.4061
vn -0.2877 -0.7664 -0.5743
vn -0.3700 -0.7303 -0.5743
vn -0.3119 -0.6157 -0.7236
vn -0.3788 -0.5770 -0.7236
vn -0.2935 -0.4471 -0.8449
vn -0.3423 -0.4110 -0.8449
vn -0.2317 -0.2782 -0.9322
vn -0.2619 -0.2500 -0.9322
vn -0.1295 -0.1249 -0.9837
vn -0.1457 -0.1099 -0.9832
vn -0.0384 -0.0333 -0.9987
vn -0.0363 -0.0283 -0.9989
vn -0.0438 -0.0290 -0.9986
vn -0.1545 -0.0905 -0.9838
vn -0.0515 -0.0265 -0.9983
vn -0.1618 -0.0723 -0.9842
vn -0.0562 -0.0216 -0.9982
vn -0.1682 -0.0544 -0.9843
vn -0.0570 -0.0151 -0.9983
vn -0.1738 -0.0367 -0.9841
vn -0.0544 -0.0085 -0.9985
vn -0.1788 -0.0190 -0.9837
vn -0.0497 -0.0029 -0.9988
vn -0.1823 -0.0000 -0.9832
vn -0.0456 -0.0000 -0.9990
vn -0.0497 0.0029 -0.9988
vn -0.1788 0.0190 -0.9837
vn -0.0544 0.0085 -0.9985
vn -0.1735 0.0356 -0.9842
vn -0.0478 0.0122 -0.9988
vn -0.1705 0.0509 -0.9840
vn -0.0438 0.0157 -0.9989
vn -0.1681 0.0656 -0.9836
vn -0.0414 0.0212 -0.9989
vn -0.1630 0.0778 -0.9836
vn -0.1535 0.0898 -0.9840
vn -0.3253 0.1572 -0.9325
vn -0.3109 0.1840 -0.9325
vn -0.4810 0.2325 -0.8453
vn -0.4597 0.2721 -0.8453
vn -0.6210 0.3002 -0.7241
vn -0.5936 0.3513 -0.7240
vn -0.7368 0.3561 -0.5747
vn -0.7042 0.4169 -0.5747
vn -0.8226 0.3976 -0.4064
vn -0.7863 0.4654 -0.4064
vn -0.8895 0.4153 -0.1907
vn -0.8549 0.4954 -0.1540
vn -0.8829 0.4522 -0.1264
vn -0.8330 0.5316 -0.1530
vn -0.3010 -0.9330 -0.1972
vn -0.3501 -0.9251 -0.1471
vn -0.4130 -0.8152 -0.4061
vn -0.4493 -0.6844 -0.5743
vn -0.4417 -0.5304 -0.7236
vn -0.3869 -0.3693 -0.8449
vn -0.2886 -0.2185 -0.9322
vn -0.3926 -0.8955 -0.2095
vn -0.4445 -0.8843 -0.1433
vn -0.5015 -0.7639 -0.4061
vn -0.5239 -0.6291 -0.5742
vn -0.4992 -0.4766 -0.7236
vn -0.4264 -0.3229 -0.8449
vn -0.3115 -0.1845 -0.9322
vn -0.4832 -0.8509 -0.2061
vn -0.5344 -0.8303 -0.1582
vn -0.5848 -0.7022 -0.4061
vn -0.5922 -0.5654 -0.5742
vn -0.5503 -0.4167 -0.7236
vn -0.4602 -0.2725 -0.8449
vn -0.3301 -0.1485 -0.9322
vn -0.5718 -0.7992 -0.1852
vn -0.6180 -0.7622 -0.1926
vn -0.6610 -0.6310 -0.4061
vn -0.6527 -0.4942 -0.5743
vn -0.5939 -0.3517 -0.7236
vn -0.4878 -0.2194 -0.8450
vn -0.3444 -0.1113 -0.9322
vn -0.6561 -0.7407 -0.1445
vn -0.7036 -0.6717 -0.2320
vn -0.7286 -0.5516 -0.4061
vn -0.7044 -0.4171 -0.5743
vn -0.6295 -0.2831 -0.7236
vn -0.5088 -0.1645 -0.8450
vn -0.3542 -0.0738 -0.9322
vn -0.7204 -0.6868 -0.0964
vn -0.7704 -0.6212 -0.1436
vn -0.7900 -0.5820 -0.1926
vn -0.8248 -0.5344 -0.1846
vn -0.8542 -0.4954 -0.1581
vn -0.8723 -0.4436 -0.2059
vn -0.9039 -0.4030 -0.1433
vn -0.9126 -0.3510 -0.2096
vn -0.9403 -0.3069 -0.1472
vn -0.9458 -0.2577 -0.1976
vn -0.9635 -0.2089 -0.1675
vn -0.9714 -0.1646 -0.1713
vn -0.9734 -0.1100 -0.2009
vn -0.9884 -0.0737 -0.1328
vn -0.9728 -0.0000 -0.2318
vn -0.9953 -0.0000 -0.0966
vn -0.9884 0.0737 -0.1328
vn -0.9734 0.1100 -0.2009
vn -0.9714 0.1646 -0.1713
vn -0.9645 0.2057 -0.1655
vn -0.9582 0.2581 -0.1237
vn -0.9379 0.2882 -0.1929
vn -0.9290 0.3575 -0.0955
vn -0.9084 0.3493 -0.2300
vn -0.8086 0.5728 -0.1343
vn -0.7782 0.6066 -0.1626
vn -0.7527 0.6447 -0.1333
vn -0.7184 0.6783 -0.1545
vn -0.6885 0.7092 -0.1517
vn -0.6525 0.7468 -0.1284
vn -0.6179 0.7633 -0.1885
vn -0.5692 0.8166 -0.0957
vn -0.5568 0.7982 -0.2299
vn -0.5031 0.8432 -0.1897
vn -0.4576 0.7908 -0.4065
vn -0.3900 0.8262 -0.4065
vn -0.3493 0.7401 -0.5747
vn -0.2873 0.7663 -0.5747
vn -0.2422 0.6458 -0.7241
vn -0.1893 0.6632 -0.7241
vn -0.1466 0.5136 -0.8454
vn -0.1056 0.5235 -0.8454
vn -0.0714 0.3540 -0.9325
vn -0.0464 0.3579 -0.9326
vn -0.0224 0.1742 -0.9845
vn -0.5399 0.5851 -0.6051
vn -0.5517 0.4871 -0.6771
vn -0.4768 0.8700 -0.1257
vn -0.4295 0.8893 -0.1569
vn -0.3208 0.8555 -0.4065
vn -0.2246 0.7869 -0.5747
vn -0.1363 0.6760 -0.7242
vn -0.0678 0.5298 -0.8454
vn -0.5238 0.6724 -0.5230
vn -0.3926 0.9076 -0.1489
vn -0.3502 0.9257 -0.1431
vn -0.2508 0.8786 -0.4065
vn -0.1618 0.8022 -0.5748
vn -0.0864 0.6843 -0.7241
vn -0.5127 0.7403 -0.4348
vn -0.3091 0.9383 -0.1548
vn -0.2686 0.9519 -0.1472
vn -0.1806 0.8956 -0.4065
vn -0.1016 0.8121 -0.5746
vn -0.5054 0.7913 -0.3440
vn -0.2257 0.9634 -0.1448
vn -0.1868 0.9681 -0.1668
vn -0.1126 0.9067 -0.4064
vn -0.5008 0.8273 -0.2545
vn -0.1413 0.9825 -0.1213
vn -0.1083 0.9741 -0.1985
vn -0.4984 0.8508 -0.1668
vn -0.4826 0.8748 -0.0430
vn -0.4940 0.8648 -0.0899
vn -0.0081 0.0504 -0.9987
vn -0.0350 0.1727 -0.9844
vn -0.0991 0.3473 -0.9325
vn -0.1875 0.5001 -0.8454
vn -0.2944 0.6237 -0.7241
vn -0.4098 0.7084 -0.5747
vn -0.5227 0.7494 -0.4065
vn -0.0121 0.0493 -0.9987
vn -0.0490 0.1698 -0.9843
vn -0.1268 0.3382 -0.9325
vn -0.2280 0.4831 -0.8454
vn -0.3454 0.5970 -0.7241
vn -0.4682 0.6712 -0.5747
vn -0.5846 0.7022 -0.4065
vn -0.0156 0.0465 -0.9988
vn -0.0634 0.1665 -0.9840
vn -0.1542 0.3267 -0.9325
vn -0.2675 0.4624 -0.8453
vn -0.3946 0.5658 -0.7240
vn -0.5237 0.6289 -0.5746
vn -0.6426 0.6496 -0.4064
vn -0.0189 0.0424 -0.9989
vn -0.0779 0.1630 -0.9835
vn -0.1809 0.3127 -0.9325
vn -0.3056 0.4382 -0.8453
vn -0.4414 0.5301 -0.7240
vn -0.5755 0.5818 -0.5747
vn -0.6958 0.5921 -0.4065
vn -0.0897 0.1567 -0.9836
vn -0.0242 0.0398 -0.9989
vn -0.1011 0.1465 -0.9840
vn -0.0300 0.0398 -0.9988
vn -0.1123 0.1358 -0.9844
vn -0.0350 0.0387 -0.9986
vn -0.1232 0.1248 -0.9845
vn -0.0389 0.0361 -0.9986
vn -0.1336 0.1135 -0.9845
vn -0.0412 0.0320 -0.9986
vn -0.1437 0.1018 -0.9844
vn -0.0419 0.0269 -0.9988
vn -0.0390 -0.0420 -0.9984
vn -0.1131 -0.1367 -0.9841
vn -0.1987 -0.3026 -0.9322
vn -0.2417 -0.4771 -0.8450
vn -0.2425 -0.6461 -0.7237
vn -0.2040 -0.7928 -0.5744
vn -0.0364 -0.0492 -0.9981
vn -0.0968 -0.1476 -0.9843
vn -0.1636 -0.3229 -0.9322
vn -0.1879 -0.5007 -0.8450
vn -0.1720 -0.6684 -0.7237
vn -0.0306 -0.0529 -0.9981
vn -0.0804 -0.1579 -0.9842
vn -0.1272 -0.3389 -0.9322
vn -0.1332 -0.5178 -0.8450
vn -0.0232 -0.0524 -0.9984
vn -0.0638 -0.1676 -0.9838
vn -0.0902 -0.3504 -0.9322
vn -0.0158 -0.0489 -0.9987
vn -0.0456 -0.1766 -0.9832
vn -0.0111 -0.0444 -0.9990
vn -0.7863 -0.4656 -0.4061
vn -0.7466 -0.3358 -0.5743
vn -0.6567 -0.2123 -0.7237
vn -0.5234 -0.1091 -0.8450
vn -0.3599 -0.0366 -0.9323
vn -0.8334 -0.3748 -0.4061
vn -0.7789 -0.2519 -0.5743
vn -0.6756 -0.1408 -0.7237
vn -0.5319 -0.0541 -0.8451
vn -0.3617 -0.0000 -0.9323
vn -0.8695 -0.2811 -0.4062
vn -0.8014 -0.1670 -0.5744
vn -0.6865 -0.0699 -0.7238
vn -0.5346 -0.0000 -0.8451
vn -0.3599 0.0366 -0.9323
vn -0.8946 -0.1865 -0.4062
vn -0.8144 -0.0829 -0.5744
vn -0.6900 -0.0000 -0.7238
vn -0.5319 0.0541 -0.8451
vn -0.3544 0.0713 -0.9324
vn -0.9091 -0.0925 -0.4062
vn -0.8185 -0.0000 -0.5744
vn -0.6865 0.0699 -0.7238
vn -0.5239 0.1055 -0.8452
vn -0.3466 0.1017 -0.9325
vn -0.9138 -0.0000 -0.4063
vn -0.8144 0.0829 -0.5744
vn -0.6763 0.1362 -0.7239
vn -0.5125 0.1503 -0.8454
vn -0.3372 0.1296 -0.9325
vn -0.9091 0.0925 -0.4062
vn -0.8024 0.1616 -0.5745
vn -0.6618 0.1941 -0.7241
vn -0.4986 0.1917 -0.8454
vn -0.8957 0.1804 -0.4063
vn -0.7853 0.2303 -0.5747
vn -0.6438 0.2476 -0.7241
vn -0.8767 0.2572 -0.4065
vn -0.7638 0.2937 -0.5747
vn -0.8528 0.3279 -0.4065
vn -0.7439 0.5305 -0.4064
vn -0.6663 0.4752 -0.5747
vn -0.6233 0.5304 -0.5746
vn -0.5616 0.4005 -0.7240
vn -0.5253 0.4470 -0.7240
vn -0.4851 0.4904 -0.7240
vn -0.4350 0.3102 -0.8453
vn -0.4069 0.3462 -0.8453
vn -0.3757 0.3798 -0.8453
vn -0.3418 0.4106 -0.8453
vn -0.2942 0.2098 -0.9324
vn -0.2752 0.2342 -0.9324
vn -0.2541 0.2569 -0.9324
vn -0.2312 0.2777 -0.9324
vn -0.2067 0.2963 -0.9325
vn -0.1340 -0.9896 -0.0522
vn -0.3739 -0.6735 -0.6376
vn -0.0803 -0.6727 -0.7356
vn -0.1423 -0.6631 -0.7348
vn -0.2360 -0.9703 -0.0530
vn -0.3396 -0.9391 -0.0527
vn -0.4417 -0.8956 -0.0523
vn -0.5402 -0.8399 -0.0520
vn -0.6331 -0.7724 -0.0518
vn -0.7176 -0.6944 -0.0523
vn -0.7920 -0.6082 -0.0528
vn -0.8566 -0.5133 -0.0526
vn -0.9092 -0.4130 -0.0524
vn -0.9494 -0.3096 -0.0523
vn -0.9774 -0.2050 -0.0523
vn -0.9935 -0.1012 -0.0523
vn -0.9986 -0.0000 -0.0523
vn -0.9935 0.1012 -0.0523
vn -0.9784 0.2000 -0.0522
vn -0.9573 0.2843 -0.0522
vn -0.9308 0.3616 -0.0524
vn -0.8978 0.4372 -0.0526
vn -0.6318 0.2453 -0.7353
vn -0.6051 0.3057 -0.7351
vn -0.2041 -0.6469 -0.7348
vn -0.2655 -0.6241 -0.7349
vn -0.3255 -0.5946 -0.7352
vn -0.3830 -0.5587 -0.7356
vn -0.4368 -0.5168 -0.7362
vn -0.4858 -0.4705 -0.7366
vn -0.5305 -0.4201 -0.7362
vn -0.5707 -0.3650 -0.7356
vn -0.6047 -0.3063 -0.7352
vn -0.6322 -0.2454 -0.7349
vn -0.6531 -0.1834 -0.7348
vn -0.6674 -0.1211 -0.7348
vn -0.6754 -0.0596 -0.7351
vn -0.6779 -0.0000 -0.7352
vn -0.6754 0.0596 -0.7351
vn -0.6674 0.1211 -0.7348
vn -0.6528 0.1840 -0.7348
vn -0.8573 0.5121 -0.0525
vn -0.5719 0.3647 -0.7348
vn -0.8099 0.5842 -0.0524
vn -0.5324 0.4205 -0.7347
vn -0.7561 0.6523 -0.0523
vn -0.4870 0.4720 -0.7349
vn -0.6965 0.7157 -0.0521
vn -0.4364 0.5185 -0.7353
vn -0.6317 0.7734 -0.0518
vn -0.3824 0.5592 -0.7356
vn -0.5632 0.8246 -0.0522
vn -0.4921 0.8690 -0.0528
vn -0.4170 0.9074 -0.0528
vn -0.3399 0.9390 -0.0526
vn -0.2620 0.9637 -0.0523
vn -0.1841 0.9815 -0.0520
vn -0.1082 0.9928 -0.0516
vn -0.3728 0.6749 -0.6368
vn -0.0816 0.6739 -0.7343
vn -0.1429 0.6638 -0.7341
vn -0.2046 0.6474 -0.7342
vn -0.2658 0.6243 -0.7345
vn -0.3256 0.5946 -0.7351
vn -0.0000 -0.0000 -1.0000
vn -0.0000 -0.0001 -1.0000
vn -0.0000 0.0001 -1.0000
vn -0.1438 0.9882 0.0523
vn -0.7843 -0.6204 -0.0000
vn -0.7844 -0.6203 -0.0000
vn -0.7843 0.6204 -0.0000
vn -0.7844 0.6203 -0.0000
vn -0.8686 -0.4516 0.2040
vn -0.7705 -0.4229 0.4769
vn -0.1905 -0.8927 0.4085
vn -0.7741 -0.4204 0.4733
vn -0.2404 -0.6659 0.7062
vn -0.0890 -0.4398 0.8937
vn -0.1848 -0.3822 0.9054
vn -0.7706 -0.4241 0.4757
vn -0.1542 -0.1753 0.9724
vn -0.2327 -0.3785 0.8959
vn -0.4507 -0.5470 0.7054
vn -0.5053 -0.7612 0.4064
vn -0.6624 -0.6236 0.4152
vn -0.6081 -0.3603 0.7074
vn -0.7752 -0.5031 0.3820
vn -0.8477 -0.3289 0.4162
vn -0.6899 -0.1555 0.7070
vn -0.9119 -0.1612 0.3774
vn -0.7070 -0.0000 0.7072
vn -0.9270 -0.0000 0.3752
vn -0.9119 0.1612 0.3774
vn -0.6913 0.1507 0.7067
vn -0.8635 0.3288 0.3825
vn -0.6425 0.2993 0.7054
vn -0.7801 0.4914 0.3873
vn -0.5618 0.4338 0.7044
vn -0.6630 0.6391 0.3899
vn -0.4525 0.5467 0.7045
vn -0.5194 0.7612 0.3884
vn -0.3204 0.6319 0.7057
vn -0.3595 0.8506 0.3837
vn -0.1729 0.6861 0.7067
vn -0.1941 0.9046 0.3795
vn -0.7716 0.4206 0.4772
vn -0.8676 0.4524 0.2066
vn -0.3404 -0.3055 0.8893
vn -0.3389 -0.2297 0.9124
vn -0.4284 -0.1671 0.8880
vn -0.3981 -0.0666 0.9149
vn -0.4011 -0.0000 0.9161
vn -0.3981 0.0666 0.9149
vn -0.3848 0.1414 0.9121
vn -0.3536 0.2196 0.9092
vn -0.3010 0.2911 0.9081
vn -0.2312 0.3461 0.9092
vn -0.1542 0.3800 0.9121
vn -0.0800 0.3955 0.9150
vn -0.7725 0.4234 0.4733
vn -0.7706 0.4241 0.4757
vn -0.1542 0.1753 0.9724
vn -0.3766 -0.8379 0.3950
vn -0.0000 -0.0000 1.0000
vn 0.1742 -0.1017 0.9795
vn 0.5280 -0.3096 0.7908
vn 0.2045 -0.3380 0.9186
vn 0.4478 -0.5775 0.6826
vn 0.2686 -0.3075 0.9129
vn 0.3015 -0.2884 0.9088
vn 0.5524 -0.4366 0.7101
vn 0.3582 -0.2246 0.9062
vn 0.6463 -0.2831 0.7086
vn 0.3611 -0.1740 0.9161
vn 0.4078 -0.1200 0.9051
vn 0.7209 -0.1082 0.6846
vn 0.3966 -0.0507 0.9166
vn 0.4543 -0.0000 0.8908
vn 0.7199 0.1132 0.6848
vn 0.3966 0.0507 0.9166
vn 0.4339 0.1416 0.8898
vn 0.6189 0.3355 0.7102
vn 0.3890 0.1624 0.9068
vn 0.3551 0.2584 0.8984
vn 0.3493 0.2880 0.8917
vn 0.4729 0.5399 0.6963
vn 0.2512 0.3216 0.9130
vn 0.2700 0.5101 0.8166
vn 0.1835 0.0995 0.9780
vn 0.5230 0.2863 0.8028
vn 0.6443 0.6633 0.3807
vn 0.7123 0.5629 0.4192
vn 0.8012 0.4662 0.3751
vn 0.8442 0.3377 0.4162
vn 0.8839 0.2318 0.4061
vn 0.9098 -0.0000 0.4150
vn 0.8895 -0.2235 0.3985
vn 0.8566 -0.3478 0.3811
vn 0.7904 -0.4615 0.4028
vn 0.7303 -0.5707 0.3755
vn 0.6364 -0.6641 0.3925
vn 0.7328 0.4334 0.5245
vn 0.8288 0.5595 -0.0115
vn 0.9322 0.3619 -0.0066
vn 0.9882 0.1529 0.0063
vn 1.0000 -0.0000 -0.0000
vn 0.9901 -0.1403 0.0073
vn 0.8655 -0.0000 0.5010
vn 0.8593 -0.1158 0.4982
vn 0.9558 -0.2939 -0.0092
vn 0.8366 -0.2337 0.4955
vn 0.8971 -0.4417 -0.0108
vn 0.7959 -0.3442 0.4980
vn 0.8413 -0.5401 -0.0225
vn 0.7314 -0.4356 0.5247
vn 0.8553 0.1183 0.5045
vn 0.8361 0.2467 0.4900
vn 0.7866 0.3476 0.5104
vn -0.1438 -0.9882 0.0523
vn 0.5380 0.0559 0.8411
vn 0.2863 0.0419 0.9572
vn 0.5439 0.0001 0.8392
vn 0.8649 0.0608 0.4983
vn 0.8675 -0.0000 0.4974
vn 0.8649 -0.0608 0.4983
vn 0.5380 -0.0559 0.8411
vn 0.8575 -0.1253 0.4989
vn 0.5296 -0.1092 0.8412
vn 0.8473 -0.1899 0.4961
vn 0.5187 -0.1538 0.8410
vn 0.8303 -0.2520 0.4971
vn 0.5043 -0.1963 0.8409
vn 0.8095 -0.3137 0.4963
vn 0.7822 -0.3767 0.4962
vn 0.4857 -0.2381 0.8411
vn 0.7530 -0.4329 0.4955
vn 0.4632 -0.2787 0.8413
vn 0.7148 -0.4909 0.4981
vn 0.4371 -0.3177 0.8414
vn 0.6745 -0.5451 0.4978
vn 0.4078 -0.3544 0.8415
vn 0.6310 -0.5967 0.4958
vn 0.3754 -0.3884 0.8416
vn 0.5826 -0.6434 0.4967
vn 0.3402 -0.4195 0.8416
vn 0.5333 -0.6853 0.4960
vn 0.3027 -0.4473 0.8416
vn 0.4774 -0.7254 0.4959
vn 0.2641 -0.4714 0.8415
vn 0.4269 -0.7562 0.4960
vn 0.3680 -0.7857 0.4972
vn 0.2234 -0.4919 0.8415
vn 0.3086 -0.8128 0.4941
vn 0.1813 -0.5083 0.8419
vn 0.2392 -0.8369 0.4923
vn 0.1778 -0.8489 0.4978
vn 0.1394 -0.5214 0.8419
vn 0.1244 -0.8601 0.4947
vn 0.0520 -0.8684 0.4932
vn 0.0971 -0.5309 0.8418
vn -0.0191 -0.8640 0.5031
vn 0.0625 -0.5436 0.8370
vn -0.0526 -0.8604 0.5069
vn -0.5926 0.1345 0.7942
vn -0.8054 -0.3555 0.4742
vn 0.2863 -0.0419 0.9572
vn 0.2803 -0.0658 0.9576
vn 0.2735 -0.0903 0.9576
vn 0.2643 -0.1146 0.9576
vn 0.2528 -0.1384 0.9576
vn 0.2389 -0.1613 0.9575
vn 0.2229 -0.1830 0.9575
vn 0.2047 -0.2033 0.9575
vn 0.1847 -0.2219 0.9574
vn 0.1631 -0.2387 0.9573
vn 0.1404 -0.2526 0.9573
vn 0.1163 -0.2641 0.9575
vn 0.0917 -0.2732 0.9576
vn 0.0672 -0.2799 0.9577
vn 0.0428 -0.2844 0.9577
vn 0.8575 0.1253 0.4989
vn 0.5289 0.1119 0.8413
vn 0.2815 0.0673 0.9572
vn 0.5133 0.1678 0.8416
vn 0.2746 0.0910 0.9572
vn 0.2664 0.1140 0.9571
vn 0.4915 0.2245 0.8414
vn 0.2549 0.1386 0.9570
vn 0.4635 0.2782 0.8413
vn 0.2405 0.1628 0.9569
vn 0.4278 0.3302 0.8414
vn 0.2233 0.1853 0.9570
vn 0.3867 0.3768 0.8417
vn 0.2048 0.2055 0.9570
vn 0.1867 0.2221 0.9570
vn 0.3403 0.4191 0.8417
vn 0.1648 0.2388 0.9570
vn 0.2907 0.4556 0.8414
vn 0.1410 0.2537 0.9570
vn 0.2364 0.4860 0.8414
vn 0.1160 0.2657 0.9571
vn 0.1812 0.5081 0.8420
vn 0.0911 0.2748 0.9572
vn 0.1255 0.5241 0.8424
vn 0.0680 0.2811 0.9573
vn 0.0443 0.2858 0.9573
vn 0.0719 0.5414 0.8377
vn -0.5925 -0.1344 0.7943
vn -0.0508 0.8594 0.5088
vn -0.8054 0.3555 0.4742
vn 0.8459 0.1894 0.4987
vn 0.8297 0.2498 0.4991
vn 0.8075 0.3140 0.4993
vn 0.7805 0.3770 0.4987
vn 0.7512 0.4333 0.4979
vn 0.7147 0.4906 0.4985
vn 0.6732 0.5460 0.4986
vn 0.6313 0.5939 0.4987
vn 0.5823 0.6412 0.4998
vn 0.5300 0.6853 0.4994
vn 0.4801 0.7214 0.4991
vn 0.4235 0.7559 0.4993
vn 0.3664 0.7860 0.4980
vn 0.3095 0.8116 0.4956
vn 0.2392 0.8369 0.4923
vn 0.1751 0.8468 0.5023
vn 0.1273 0.8573 0.4989
vn 0.0503 0.8688 0.4927
vn -0.0151 0.8607 0.5090
vn -0.0833 0.7269 -0.6817
vn -0.0398 0.9978 0.0533
vn 0.0953 0.9940 0.0538
vn 0.2085 0.9767 0.0517
vn 0.2501 0.6924 -0.6768
vn 0.1867 0.7146 -0.6742
vn 0.1170 0.7237 -0.6801
vn 0.0617 0.7323 -0.6782
vn -0.0119 0.7389 -0.6737
vn 0.3062 0.6657 -0.6805
vn 0.4297 0.9014 0.0532
vn 0.3541 0.6415 -0.6806
vn 0.5013 0.8637 0.0526
vn 0.4010 0.6131 -0.6807
vn 0.5736 0.8175 0.0525
vn 0.4464 0.5809 -0.6807
vn 0.6426 0.7644 0.0523
vn 0.4899 0.5449 -0.6805
vn 0.7075 0.7048 0.0522
vn 0.5309 0.5055 -0.6802
vn 0.7674 0.6391 0.0521
vn 0.5690 0.4629 -0.6797
vn 0.8211 0.5684 0.0523
vn 0.6031 0.4178 -0.6795
vn 0.6334 0.3699 -0.6797
vn 0.8680 0.4937 0.0525
vn 0.6599 0.3192 -0.6802
vn 0.9085 0.4146 0.0525
vn 0.6824 0.2670 -0.6805
vn 0.9415 0.3328 0.0524
vn 0.7007 0.2137 -0.6807
vn 0.9670 0.2495 0.0523
vn 0.7150 0.1598 -0.6807
vn 0.9848 0.1656 0.0523
vn 0.7250 0.1059 -0.6806
vn 0.9953 0.0821 0.0523
vn 0.7311 0.0524 -0.6803
vn 0.9986 -0.0000 0.0523
vn 0.7331 -0.0000 -0.6801
vn 0.7311 -0.0524 -0.6803
vn 0.9953 -0.0821 0.0523
vn 0.7250 -0.1059 -0.6806
vn 0.9833 -0.1741 0.0524
vn 0.7161 -0.1613 -0.6791
vn 0.9551 -0.2915 0.0524
vn 0.7016 -0.2139 -0.6797
vn 0.6842 -0.2664 -0.6789
vn 0.9082 -0.4152 0.0523
vn 0.6602 -0.3216 -0.6788
vn 0.6361 -0.3675 -0.6784
vn 0.8530 -0.5193 0.0522
vn 0.6021 -0.4172 -0.6807
vn 0.8078 -0.5871 0.0522
vn 0.5679 -0.4632 -0.6804
vn 0.7586 -0.6494 0.0523
vn 0.5314 -0.5067 -0.6788
vn 0.6754 -0.7356 0.0523
vn 0.4894 -0.5466 -0.6794
vn 0.4489 -0.5810 -0.6789
vn 0.5733 -0.8177 0.0525
vn 0.3999 -0.6158 -0.6789
vn 0.4677 -0.8824 0.0507
vn 0.3571 -0.6412 -0.6792
vn 0.3032 -0.6716 -0.6760
vn 0.2545 -0.6926 -0.6750
vn -0.0833 -0.7269 -0.6817
vn -0.0398 -0.9978 0.0533
vn -0.0119 -0.7389 -0.6737
vn 0.0953 -0.9940 0.0538
vn 0.0617 -0.7323 -0.6782
vn 0.1170 -0.7237 -0.6801
vn 0.2085 -0.9767 0.0517
vn 0.1867 -0.7146 -0.6742
vn -0.1205 -0.6870 0.7166
vn -0.3830 -0.6741 0.6316
vn -0.1726 -0.9850 -0.0000
vn -0.3831 -0.6741 -0.6315
vn -0.1202 -0.6871 -0.7166
vn -0.1774 -0.6743 -0.7168
vn -0.2551 -0.9669 -0.0001
vn -0.1782 -0.6741 0.7169
vn -0.3381 -0.9411 -0.0002
vn -0.2356 -0.6560 0.7171
vn -0.2924 -0.6325 0.7173
vn -0.4199 -0.9076 -0.0002
vn -0.3479 -0.6036 0.7174
vn -0.4997 -0.8662 -0.0003
vn -0.4012 -0.5694 0.7175
vn -0.5763 -0.8172 -0.0003
vn -0.4516 -0.5302 0.7176
vn -0.6488 -0.7610 -0.0004
vn -0.4984 -0.4865 0.7176
vn -0.7161 -0.6980 -0.0004
vn -0.5410 -0.4386 0.7176
vn -0.7773 -0.6292 -0.0005
vn -0.5790 -0.3872 0.7175
vn -0.8316 -0.5553 -0.0005
vn -0.6118 -0.3331 0.7174
vn -0.8786 -0.4775 -0.0005
vn -0.6393 -0.2770 0.7173
vn -0.9179 -0.3967 -0.0006
vn -0.6615 -0.2196 0.7171
vn -0.9494 -0.3142 -0.0006
vn -0.6782 -0.1616 0.7168
vn -0.9730 -0.2309 -0.0006
vn -0.6899 -0.1050 0.7162
vn -0.9888 -0.1489 -0.0001
vn -0.3370 0.2657 -0.9032
vn -0.6892 -0.1096 -0.7162
vn -0.6773 -0.1671 -0.7165
vn -0.6602 -0.2247 -0.7167
vn -0.6377 -0.2817 -0.7169
vn -0.6099 -0.3373 -0.7171
vn -0.5769 -0.3909 -0.7172
vn -0.5389 -0.4417 -0.7173
vn -0.4963 -0.4890 -0.7173
vn -0.4496 -0.5323 -0.7173
vn -0.3993 -0.5710 -0.7173
vn -0.3463 -0.6047 -0.7172
vn -0.2911 -0.6333 -0.7171
vn -0.2345 -0.6565 -0.7170
vn 0.1325 -0.7120 0.6896
vn 0.1529 -0.9882 -0.0013
vn 0.1475 -0.6710 0.7267
vn 0.3153 -0.9490 -0.0013
vn 0.2837 -0.6279 0.7248
vn 0.4724 -0.8814 0.0023
vn 0.3876 -0.5712 0.7235
vn 0.6196 -0.7849 0.0025
vn 0.4773 -0.4982 0.7239
vn 0.7487 -0.6629 0.0029
vn 0.5556 -0.4087 0.7241
vn 0.8533 -0.5214 0.0038
vn 0.6183 -0.3057 0.7240
vn 0.9293 -0.3692 0.0041
vn 0.6624 -0.1936 0.7237
vn 0.9795 -0.2016 0.0045
vn 0.6840 -0.0763 0.7255
vn 1.0000 0.0005 0.0039
vn 0.6868 0.0413 0.7257
vn 0.9775 0.2108 0.0018
vn 0.6715 0.1498 0.7257
vn 0.6399 0.2504 0.7266
vn 0.9069 0.4213 0.0020
vn 0.5863 0.3573 0.7270
vn 0.7845 0.6201 0.0009
vn 0.5124 0.4556 0.7279
vn 0.6197 0.7848 -0.0006
vn 0.4310 0.5338 0.7275
vn 0.3335 0.5997 0.7275
vn 0.4225 0.9064 0.0020
vn 0.2217 0.6506 0.7264
vn 0.2134 0.9770 0.0054
vn 0.1081 0.6802 0.7250
vn 0.1285 0.7166 0.6856
vn 0.2657 0.6764 0.6869
vn 0.3967 0.6094 0.6865
vn 0.5143 0.5143 0.6862
vn 0.6094 0.3967 0.6865
vn 0.6764 0.2658 0.6869
vn 0.7146 0.1310 0.6871
vn 0.7266 -0.0000 0.6871
vn 0.7146 -0.1311 0.6871
vn 0.6744 -0.2683 0.6879
vn 0.6074 -0.3967 0.6882
vn 0.5125 -0.5122 0.6892
vn 0.3967 -0.6058 0.6897
vn 0.2673 -0.6728 0.6898
vn -0.2452 -0.9695 0.0016
vn -0.1562 -0.7090 -0.6877
vn -0.3380 -0.2658 -0.9028
vn -0.4461 -0.8950 -0.0000
vn -0.2867 -0.6671 -0.6876
vn -0.4116 -0.5981 -0.6876
vn -0.6357 -0.7719 -0.0000
vn -0.5227 -0.5039 -0.6877
vn -0.7946 -0.6071 -0.0000
vn -0.6128 -0.3895 -0.6876
vn -0.9107 -0.4131 -0.0000
vn -0.6771 -0.2622 -0.6876
vn -0.9785 -0.2062 -0.0000
vn -0.7144 -0.1302 -0.6875
vn -0.7262 -0.0000 -0.6875
vn -0.7144 0.1302 -0.6875
vn -0.9807 0.1956 -0.0000
vn -0.6769 0.2631 -0.6874
vn -0.9322 0.3619 -0.0000
vn -0.8593 0.5114 -0.0000
vn -0.7592 0.6508 -0.0000
vn -0.6359 0.7717 -0.0000
vn -0.4951 0.8688 -0.0000
vn -0.3437 0.9391 -0.0000
vn -0.1890 0.9820 -0.0000
vn -0.1563 0.7079 -0.6888
vn -0.2868 0.6659 -0.6887
vn -0.4116 0.5971 -0.6885
vn -0.5226 0.5034 -0.6881
vn -0.6130 0.3894 -0.6875
vn -0.3830 0.6741 -0.6315
vn -0.3830 0.6741 0.6316
vn -0.1202 0.6871 -0.7166
vn -0.1726 0.9850 -0.0000
vn -0.1775 0.6743 -0.7168
vn -0.2551 0.9669 -0.0001
vn -0.2346 0.6565 -0.7170
vn -0.3381 0.9411 -0.0002
vn -0.2912 0.6332 -0.7171
vn -0.4199 0.9076 -0.0002
vn -0.3463 0.6047 -0.7172
vn -0.4997 0.8662 -0.0003
vn -0.3993 0.5710 -0.7173
vn -0.5763 0.8172 -0.0003
vn -0.4496 0.5323 -0.7173
vn -0.6488 0.7610 -0.0004
vn -0.4963 0.4890 -0.7173
vn -0.7161 0.6980 -0.0004
vn -0.5389 0.4417 -0.7173
vn -0.7773 0.6292 -0.0005
vn -0.5769 0.3909 -0.7172
vn -0.8316 0.5553 -0.0005
vn -0.6099 0.3373 -0.7171
vn -0.8786 0.4775 -0.0005
vn -0.6377 0.2817 -0.7169
vn -0.9179 0.3967 -0.0006
vn -0.6602 0.2247 -0.7167
vn -0.9494 0.3142 -0.0006
vn -0.6773 0.1671 -0.7165
vn -0.9730 0.2309 -0.0006
vn -0.6892 0.1096 -0.7162
vn -0.9888 0.1489 -0.0001
vn -0.6899 0.1049 0.7163
vn -0.1205 0.6870 0.7166
vn -0.1782 0.6741 0.7169
vn -0.2356 0.6560 0.7171
vn -0.2924 0.6324 0.7173
vn -0.3479 0.6036 0.7174
vn -0.4012 0.5694 0.7175
vn -0.4516 0.5302 0.7176
vn -0.4984 0.4865 0.7176
vn -0.5410 0.4386 0.7176
vn -0.5790 0.3872 0.7175
vn -0.6118 0.3331 0.7174
vn -0.6394 0.2770 0.7173
vn -0.6615 0.2196 0.7171
vn -0.6782 0.1616 0.7169
vt 0.008344 0.000000
vt -0.365000 0.000000
vt 0.008344 -0.167867
vt -0.178328 -0.191849
vt 0.008344 -0.335735
vt -0.178328 -0.383697
vt 0.008344 -0.503603
vt -0.178328 -0.575546
vt 0.008344 -0.671470
vt -0.178328 -0.767394
vt 0.008344 -0.839338
vt -0.178328 -0.959243
vt 0.008344 -1.007205
vt -0.178328 -1.151092
vt 0.008344 -1.175073
vt -0.178328 -1.342940
vt 0.008344 -1.342940
vt 0.008344 -1.510808
vt -0.178328 -1.534789
vt 0.008344 -1.678675
vt -0.178328 -1.678675
vt -0.178328 -1.822562
vt -0.365000 -1.678675
vt -0.365000 -1.846543
vt -0.365000 -0.167867
vt -0.365000 -0.335735
vt -0.365000 -0.503603
vt -0.365000 -0.671470
vt -0.365000 -0.839338
vt -0.365000 -1.007205
vt -0.365000 -1.175073
vt -0.365000 -1.342940
vt -0.365000 -1.510808
vt -0.178328 -1.966448
vt -0.365000 -2.014410
vt -0.178328 -2.110334
vt -0.365000 -2.182278
vt -0.178328 -2.254221
vt -0.365000 -2.350145
vt -0.178328 -2.398107
vt -0.365000 -2.518013
vt -0.178328 -2.541994
vt -0.365000 -2.685880
vt 0.008344 -2.685880
vt 0.008344 -2.518013
vt 0.008344 -2.350145
vt 0.008344 -2.182278
vt 0.008344 -2.014410
vt 0.008344 -1.846543
vt 0.816316 19.992580
vt 0.816316 21.318060
vt 0.717678 20.205540
vt 0.697193 21.415770
vt 0.619040 20.205540
vt 0.582157 21.509720
vt 0.520402 20.205540
vt 0.483328 21.584509
vt 0.421763 20.205540
vt 0.380481 21.651419
vt 0.323125 20.205540
vt 0.288911 21.698500
vt 0.224487 20.205540
vt 0.189967 21.734360
vt 0.125849 20.205540
vt 0.097245 21.753710
vt 0.027210 20.399820
vt 0.027210 21.759809
vt 0.027210 19.039829
vt 0.125849 18.651260
vt 0.224487 18.651260
vt 0.224487 17.096989
vt 0.323125 17.096989
vt 0.323125 15.542720
vt 0.421763 15.542720
vt 0.421763 13.988450
vt 0.520402 13.988450
vt 0.520402 12.434179
vt 0.619040 12.434179
vt 0.619040 10.879900
vt 0.717678 10.879900
vt 0.717678 9.325634
vt 0.816316 10.688519
vt 0.816316 9.355694
vt 0.816316 8.021944
vt 0.717678 7.771360
vt 0.816316 6.687266
vt 0.717678 6.217088
vt 0.816316 5.351665
vt 0.717678 4.662816
vt 0.816316 4.015140
vt 0.717678 3.108544
vt 0.816316 2.677688
vt 0.717678 1.554272
vt 0.816316 1.339308
vt 0.717678 0.000000
vt 0.816316 0.000000
vt 0.816316 -1.339308
vt 0.717678 -1.554272
vt 0.816316 -2.677688
vt 0.717678 -3.108544
vt 0.816316 -4.015140
vt 0.717678 -4.274248
vt 0.816316 -5.351665
vt 0.717678 -5.439952
vt 0.816316 -6.687266
vt 0.717678 -6.605656
vt 0.717678 -7.771360
vt 0.619040 -6.605656
vt 0.619040 -7.771360
vt 0.520402 -6.605656
vt 0.520402 -7.771360
vt 0.421763 -6.605656
vt 0.421763 -7.771360
vt 0.323125 -6.605656
vt 0.323125 -7.771360
vt 0.224487 -6.605656
vt 0.224487 -7.771360
vt 0.125849 -6.605656
vt 0.125849 -7.771360
vt 0.027210 -6.799940
vt 0.027210 -8.159930
vt 0.027210 17.679840
vt 0.125849 17.096989
vt 0.224487 15.542720
vt 0.323125 13.988450
vt 0.421763 12.434179
vt 0.520402 10.879900
vt 0.619040 9.325634
vt 0.027210 16.319860
vt 0.125849 15.542720
vt 0.224487 13.988450
vt 0.323125 12.434179
vt 0.421763 10.879900
vt 0.520402 9.325634
vt 0.619040 7.771360
vt 0.027210 14.959869
vt 0.125849 13.988450
vt 0.224487 12.434179
vt 0.323125 10.879900
vt 0.421763 9.325634
vt 0.520402 7.771360
vt 0.619040 6.217088
vt 0.027210 13.599879
vt 0.125849 12.434179
vt 0.224487 10.879900
vt 0.323125 9.325634
vt 0.421763 7.771360
vt 0.520402 6.217088
vt 0.619040 4.662816
vt 0.027210 12.239890
vt 0.125849 10.879900
vt 0.224487 9.325634
vt 0.323125 7.771360
vt 0.421763 6.217088
vt 0.520402 4.662816
vt 0.619040 3.108544
vt 0.027210 10.879900
vt 0.027210 9.519917
vt 0.125849 9.325634
vt 0.027210 8.159930
vt 0.125849 7.771360
vt 0.027210 6.799940
vt 0.125849 6.217088
vt 0.027210 5.439952
vt 0.125849 4.662816
vt 0.027210 4.079964
vt 0.125849 3.108544
vt 0.027210 2.719976
vt 0.125849 1.554272
vt 0.027210 1.359988
vt 0.125849 0.000000
vt 0.027210 0.000000
vt 0.027210 -1.359988
vt 0.125849 -1.554272
vt 0.027210 -2.719976
vt 0.125849 -3.108544
vt 0.027210 -4.079964
vt 0.125849 -4.274248
vt 0.027210 -5.439952
vt 0.125849 -5.439952
vt 0.125849 -8.937066
vt 0.027210 -9.519917
vt 0.125849 -10.102770
vt 0.027210 -10.879900
vt 0.125849 -11.268470
vt 0.027210 -12.239890
vt 0.125849 -12.434179
vt 0.027210 -13.599879
vt 0.125849 -13.599879
vt 0.125849 -14.765579
vt 0.224487 -14.765579
vt 0.224487 -15.931290
vt 0.323125 -15.931290
vt 0.323125 -17.096989
vt 0.421763 -17.096989
vt 0.421763 -18.262699
vt 0.520402 -18.262699
vt 0.520402 -19.428400
vt 0.619040 -19.428400
vt 0.619040 -20.594109
vt 0.717678 -20.594109
vt 0.697193 -21.415770
vt 0.816316 -21.318060
vt 0.027210 -14.959869
vt 0.125849 -15.931290
vt 0.224487 -17.096989
vt 0.323125 -18.262699
vt 0.421763 -19.428400
vt 0.520402 -20.594109
vt 0.582157 -21.509720
vt 0.027210 -16.319860
vt 0.125849 -17.096989
vt 0.224487 -18.262699
vt 0.323125 -19.428400
vt 0.421763 -20.594109
vt 0.483328 -21.584509
vt 0.027210 -17.679840
vt 0.125849 -18.262699
vt 0.224487 -19.428400
vt 0.323125 -20.594109
vt 0.380481 -21.651419
vt 0.027210 -19.039829
vt 0.125849 -19.428400
vt 0.224487 -20.594109
vt 0.288911 -21.698500
vt 0.027210 -20.399820
vt 0.125849 -20.594109
vt 0.189967 -21.734360
vt 0.027210 -21.759809
vt 0.097245 -21.753710
vt 0.816316 -19.992580
vt 0.717678 -19.428400
vt 0.619040 -18.262699
vt 0.520402 -17.096989
vt 0.421763 -15.931290
vt 0.323125 -14.765579
vt 0.224487 -13.599879
vt 0.816316 -18.666180
vt 0.717678 -18.262699
vt 0.619040 -17.096989
vt 0.520402 -15.931290
vt 0.421763 -14.765579
vt 0.323125 -13.599879
vt 0.224487 -12.434179
vt 0.816316 -17.338869
vt 0.717678 -17.096989
vt 0.619040 -15.931290
vt 0.520402 -14.765579
vt 0.421763 -13.599879
vt 0.323125 -12.434179
vt 0.224487 -11.268470
vt 0.816316 -16.010639
vt 0.717678 -15.931290
vt 0.619040 -14.765579
vt 0.520402 -13.599879
vt 0.421763 -12.434179
vt 0.323125 -11.268470
vt 0.224487 -10.102770
vt 0.717678 -14.765579
vt 0.816316 -14.681490
vt 0.717678 -13.599879
vt 0.816316 -13.351419
vt 0.717678 -12.434179
vt 0.816316 -12.020430
vt 0.717678 -11.268470
vt 0.816316 -10.688519
vt 0.717678 -10.102770
vt 0.816316 -9.355694
vt 0.717678 -8.937066
vt 0.816316 -8.021944
vt 0.816316 12.020430
vt 0.717678 12.434179
vt 0.619040 13.988450
vt 0.520402 15.542720
vt 0.421763 17.096989
vt 0.323125 18.651260
vt 0.816316 13.351419
vt 0.717678 13.988450
vt 0.619040 15.542720
vt 0.520402 17.096989
vt 0.421763 18.651260
vt 0.816316 14.681490
vt 0.717678 15.542720
vt 0.619040 17.096989
vt 0.520402 18.651260
vt 0.816316 16.010639
vt 0.717678 17.096989
vt 0.619040 18.651260
vt 0.816316 17.338869
vt 0.717678 18.651260
vt 0.816316 18.666180
vt 0.224487 7.771360
vt 0.323125 6.217088
vt 0.421763 4.662816
vt 0.520402 3.108544
vt 0.619040 1.554272
vt 0.224487 6.217088
vt 0.323125 4.662816
vt 0.421763 3.108544
vt 0.520402 1.554272
vt 0.619040 0.000000
vt 0.224487 4.662816
vt 0.323125 3.108544
vt 0.421763 1.554272
vt 0.520402 0.000000
vt 0.619040 -1.554272
vt 0.224487 3.108544
vt 0.323125 1.554272
vt 0.421763 0.000000
vt 0.520402 -1.554272
vt 0.619040 -3.108544
vt 0.224487 1.554272
vt 0.323125 0.000000
vt 0.421763 -1.554272
vt 0.520402 -3.108544
vt 0.619040 -4.274248
vt 0.224487 0.000000
vt 0.323125 -1.554272
vt 0.421763 -3.108544
vt 0.520402 -4.274248
vt 0.619040 -5.439952
vt 0.224487 -1.554272
vt 0.323125 -3.108544
vt 0.421763 -4.274248
vt 0.520402 -5.439952
vt 0.224487 -3.108544
vt 0.323125 -4.274248
vt 0.421763 -5.439952
vt 0.224487 -4.274248
vt 0.323125 -5.439952
vt 0.224487 -5.439952
vt 0.224487 -8.937066
vt 0.323125 -8.937066
vt 0.323125 -10.102770
vt 0.421763 -8.937066
vt 0.421763 -10.102770
vt 0.421763 -11.268470
vt 0.520402 -8.937066
vt 0.520402 -10.102770
vt 0.520402 -11.268470
vt 0.520402 -12.434179
vt 0.619040 -8.937066
vt 0.619040 -10.102770
vt 0.619040 -11.268470
vt 0.619040 -12.434179
vt 0.619040 -13.599879
vt 2.579990 43.504971
vt 2.579990 44.882130
vt 0.000000 43.511570
vt -2.579990 45.112801
vt -2.579990 43.717487
vt -2.579990 42.322178
vt 0.000000 41.923519
vt 2.579990 42.127319
vt 2.579990 40.749168
vt 0.000000 40.328880
vt 2.579990 39.370518
vt 0.000000 38.734238
vt 2.579990 37.991367
vt 0.000000 37.139610
vt 2.579990 36.611729
vt 0.000000 35.544968
vt 2.579990 35.231590
vt 0.000000 33.950329
vt 2.579990 33.850948
vt 2.579990 32.469810
vt 0.000000 32.355690
vt 2.579990 31.088179
vt 0.000000 30.761049
vt 2.579990 29.706039
vt 0.000000 29.166409
vt 2.579990 28.323410
vt 0.000000 27.571779
vt 2.579990 26.940269
vt 0.000000 25.977139
vt 2.579990 25.556629
vt 0.000000 24.382500
vt 2.579990 24.172499
vt 0.000000 22.787859
vt 2.579990 22.787859
vt 2.579990 21.403219
vt 0.000000 21.193220
vt 2.579990 20.019089
vt 0.000000 19.598579
vt 2.579990 18.635450
vt 0.000000 18.402599
vt 2.579990 17.252319
vt 0.000000 17.206629
vt 0.000000 16.010649
vt -2.579990 17.206629
vt -2.579990 15.811319
vt -2.579990 40.926868
vt -2.579990 39.531570
vt -2.579990 38.136257
vt -2.579990 36.740948
vt -2.579990 35.345638
vt -2.579990 33.950329
vt -2.579990 32.555019
vt -2.579990 31.159710
vt -2.579990 29.764410
vt -2.579990 28.369099
vt -2.579990 26.973789
vt -2.579990 25.578480
vt -2.579990 24.183170
vt -2.579990 22.787859
vt -2.579990 21.392550
vt -2.579990 19.997240
vt -2.579990 18.601940
vt 0.000000 14.814670
vt -2.579990 14.416010
vt 0.000000 13.618690
vt -2.579990 13.020700
vt 0.000000 12.422709
vt -2.579990 11.625390
vt 0.000000 11.226729
vt -2.579990 10.230080
vt 0.000000 10.030749
vt -2.579990 8.834773
vt 0.000000 8.834773
vt 0.000000 7.638792
vt 2.579990 7.584343
vt 0.000000 6.442813
vt 2.579990 6.205198
vt 0.000000 5.246834
vt 2.579990 4.826550
vt 0.000000 4.050855
vt 2.579990 3.448400
vt 0.000000 2.854876
vt 2.579990 2.070747
vt 0.000000 1.658897
vt 2.579990 0.693590
vt -2.579990 0.462918
vt -2.579990 1.858227
vt -2.579990 3.253536
vt -2.579990 4.648845
vt -2.579990 6.044154
vt -2.579990 7.439463
vt 2.579990 8.963988
vt 2.579990 10.344130
vt 2.579990 11.724770
vt 2.579990 13.105909
vt 2.579990 14.487539
vt 2.579990 15.869679
vt -1.147700 27.877230
vt -2.470290 27.720789
vt -1.372776 27.592680
vt -2.604439 27.429459
vt -3.813917 27.440750
vt -3.851096 27.157360
vt -5.162137 27.029970
vt -5.098961 26.771149
vt -6.332870 26.267899
vt -6.496545 26.484179
vt -7.536756 25.647289
vt -7.797395 25.802490
vt -8.694227 24.911970
vt -9.044393 24.987850
vt -9.789233 24.067589
vt -10.217629 24.047209
vt -10.806769 23.122740
vt -11.298550 22.991440
vt -11.733520 22.088690
vt -12.270909 21.834909
vt -12.558450 20.978960
vt -13.121590 20.594900
vt -13.273230 19.808689
vt -13.841120 19.290710
vt -13.872490 18.594040
vt -14.424069 17.942720
vt -14.353900 17.351450
vt -14.869000 16.571379
vt -14.718030 16.096960
vt -15.178249 15.196310
vt -14.968090 14.845699
vt -15.357480 13.835569
vt -15.109550 13.611350
vt -15.415009 12.505001
vt -14.912860 13.586390
vt -14.713309 13.522320
vt -14.522540 13.417100
vt -14.042920 12.505001
vt -14.353001 13.273390
vt -14.215580 13.098710
vt -14.117399 12.904230
vt -14.060670 12.702470
vt -15.357480 11.174430
vt -15.109550 11.398650
vt -14.912860 11.423610
vt -14.713309 11.487679
vt -14.968090 10.164300
vt -15.178249 9.813688
vt -14.718030 8.913041
vt -14.869000 8.438627
vt -14.353900 7.658554
vt -14.424069 7.067284
vt -13.872490 6.415956
vt -13.841120 5.719290
vt -13.273230 5.201309
vt -13.121590 4.415101
vt -12.558450 4.031045
vt -12.270909 3.175091
vt -11.733520 2.921310
vt -11.298550 2.018563
vt -10.806769 1.887264
vt -10.217629 0.962789
vt -9.789233 0.942412
vt -9.044393 0.022152
vt -8.694227 0.098028
vt -7.797395 -0.792487
vt -7.536756 -0.637291
vt -6.496545 -1.474178
vt -6.332870 -1.257894
vt -5.162137 -2.019974
vt -5.098961 -1.761152
vt -3.851096 -2.147357
vt -3.813917 -2.430748
vt -2.604439 -2.419456
vt -2.470290 -2.710788
vt -1.372776 -2.582677
vt -1.147700 -2.867225
vt -14.522540 11.592899
vt -14.353001 11.736609
vt -14.215580 11.911290
vt -14.117399 12.105770
vt -14.060670 12.307529
vt -0.183901 -0.411834
vt -1.942869 0.117080
vt -2.768279 -0.787813
vt -3.399630 0.361211
vt -4.868237 0.749803
vt -0.516173 0.008236
vt -6.232722 -0.414210
vt -6.327968 1.288852
vt -7.409286 0.076709
vt -7.756294 1.980430
vt -8.569917 0.663277
vt -9.129814 2.822137
vt -9.703467 1.345803
vt -10.425369 3.806824
vt -10.798470 2.122906
vt -11.843480 2.991410
vt -11.621240 4.922653
vt -12.827390 3.946324
vt -12.698350 6.153522
vt -13.739810 4.980895
vt -13.641200 7.479832
vt -14.571409 6.086745
vt -14.438660 8.879507
vt -15.314219 7.254092
vt -15.961880 8.472037
vt -15.084320 10.329169
vt -16.509840 9.728892
vt -15.576520 11.805349
vt -16.955420 11.012560
vt -15.918059 13.285609
vt -17.297850 12.310889
vt -17.538200 13.612040
vt -16.115589 14.749419
vt -17.679190 14.904810
vt -16.178860 16.178860
vt -17.725040 16.178860
vt -17.679190 17.452909
vt -16.115589 17.608309
vt -17.538200 18.745680
vt -15.918059 19.072109
vt -17.297850 20.046839
vt -16.955420 21.345169
vt -15.576520 20.552370
vt -16.509840 22.628830
vt -15.084320 22.028559
vt -15.961880 23.885689
vt -14.438660 23.478220
vt -15.314219 25.103630
vt -14.571409 26.270979
vt -13.641200 24.877890
vt -13.739810 27.376829
vt -12.698350 26.204199
vt -12.827390 28.411400
vt -11.621240 27.435070
vt -11.843480 29.366310
vt -10.425369 28.550900
vt -10.798470 30.234819
vt -9.703467 31.011919
vt -9.129814 29.535589
vt -8.569917 31.694448
vt -7.756294 30.377298
vt -7.409286 32.281010
vt -6.327968 31.068869
vt -6.232722 32.771931
vt -4.868237 31.607920
vt -2.768279 33.145538
vt -3.399630 31.996510
vt -1.942869 32.240639
vt -0.516173 32.349487
vt -0.183901 32.769558
vt -3.645165 33.217098
vt -4.524097 33.178040
vt -4.773640 33.146618
vt -5.513121 32.998760
vt -5.513121 -0.641035
vt -4.773640 -0.788898
vt -4.524101 -0.820316
vt -3.645167 -0.859374
vt 1.460277 4.268331
vt 1.380603 -1.601509
vt 2.686395 1.518289
vt 3.992187 -1.601509
vt 3.803146 4.638087
vt 2.647503 4.481631
vt 0.535505 -1.601507
vt 0.891089 3.551402
vt -0.000091 -1.601507
vt 0.377235 4.629538
vt 0.900479 3.612800
vt 0.930192 3.695598
vt 0.985099 3.781659
vt 1.338368 5.096656
vt 1.056830 3.854589
vt 1.158090 3.923649
vt 1.270319 3.973396
vt 1.409905 4.008512
vt 1.553479 4.020000
vt 1.916283 4.020000
vt 1.916283 5.096656
vt 1.319045 -1.601507
vt 1.854641 -1.601507
vt 0.963460 3.551402
vt 1.477315 4.629538
vt 0.954071 3.612800
vt 0.924358 3.695598
vt 0.869451 3.781659
vt 0.516182 5.096656
vt 0.797720 3.854589
vt 0.696460 3.923649
vt 0.584231 3.973396
vt 0.444645 4.008512
vt 0.301071 4.020000
vt -0.061733 5.096656
vt -0.061733 4.020000
vt -0.070711 0.035269
vt -0.035583 0.034403
vt -0.070711 0.218466
vt -0.000451 0.033537
vt 0.000000 0.346763
vt 0.070711 0.215520
vt 0.070711 0.399260
vt 0.035131 0.032659
vt 0.070711 0.031781
vt 0.070711 0.583000
vt 0.000000 0.661745
vt -0.070711 0.584951
vt -0.070711 0.768239
vt 0.000000 0.976727
vt -0.070711 0.951558
vt -0.070711 1.134907
vt 0.000000 1.291709
vt -0.070711 1.318287
vt 0.000000 1.501697
vt -0.070711 1.501697
vt -0.070711 1.685107
vt 0.000000 1.711685
vt -0.070711 1.868487
vt 0.000000 1.921673
vt -0.070711 2.051836
vt 0.000000 2.131661
vt -0.070711 2.235155
vt 0.000000 2.341649
vt -0.070711 2.418443
vt 0.000000 2.551637
vt -0.070711 2.601701
vt 0.000000 2.761625
vt -0.070711 2.784928
vt -0.035583 2.968991
vt -0.070711 2.968125
vt 0.070711 0.766739
vt 0.070711 0.950478
vt 0.070711 1.134218
vt 0.070711 1.317957
vt 0.070711 1.501697
vt 0.070711 1.685437
vt 0.070711 1.869176
vt 0.070711 2.052916
vt 0.070711 2.236655
vt 0.070711 2.420395
vt 0.070711 2.604134
vt 0.070711 2.787874
vt -0.000451 2.969857
vt 0.035131 2.970735
vt 0.070711 2.971613
vt -0.070711 0.401693
vt 0.933731 -6.057100
vt 0.949584 -6.229889
vt 1.006528 -6.196417
vt 0.937360 -6.381769
vt 2.226501 -6.493914
vt 0.898851 -6.536121
vt 0.925764 -6.626349
vt 0.832805 -6.686121
vt 0.861214 -6.751933
vt 0.740369 -6.824501
vt 0.776815 -6.870809
vt 0.625196 -6.944621
vt 0.673733 -6.978423
vt 0.492983 -7.041480
vt 0.554505 -7.070570
vt 0.350577 -7.112390
vt 0.422862 -7.143896
vt 0.283357 -7.196289
vt 0.204914 -7.157101
vt 0.140854 -7.227075
vt 0.053976 -7.177938
vt 0.000000 -7.236974
vt -0.140854 -7.227075
vt -0.105050 -7.173645
vt -0.283357 -7.196289
vt -0.265768 -7.141524
vt -0.422862 -7.143896
vt -0.420835 -7.081129
vt -0.554505 -7.070570
vt -0.562978 -6.994590
vt -0.673733 -6.978423
vt -0.686086 -6.886393
vt -0.776815 -6.870809
vt -0.786055 -6.762644
vt -0.861214 -6.751933
vt -0.861146 -6.630062
vt -0.925764 -6.626349
vt -0.927211 -6.434804
vt -2.226501 -6.493914
vt -1.006528 -6.196417
vt -2.246727 -6.062370
vt -0.949584 -6.229889
vt -0.933731 -6.057100
vt -0.984345 -6.017092
vt -0.882913 -5.880352
vt -0.926447 -5.835030
vt -0.794798 -5.710268
vt -0.830927 -5.660873
vt -0.671458 -5.558432
vt -0.700182 -5.506036
vt -0.519622 -5.435092
vt -0.541085 -5.380510
vt -0.349537 -5.346977
vt -0.363849 -5.290830
vt -0.172789 -5.296158
vt -0.179963 -5.239015
vt 0.000000 -5.280305
vt 0.000000 -5.222805
vt 0.179963 -5.239015
vt 0.172789 -5.296158
vt 0.363849 -5.290830
vt 0.349537 -5.346977
vt 0.541085 -5.380510
vt 0.519622 -5.435092
vt 0.700182 -5.506036
vt 0.671458 -5.558432
vt 0.830927 -5.660873
vt 0.794798 -5.710268
vt 0.926447 -5.835030
vt 0.882913 -5.880352
vt 0.984345 -6.017092
vt 15.540939 7.905860
vt 15.087680 7.547335
vt 15.401099 6.605898
vt 14.923599 6.310750
vt 15.144039 5.285911
vt 14.649699 5.058916
vt 14.763360 3.961006
vt 14.260650 3.805793
vt 14.255170 2.647983
vt 13.753449 2.566754
vt 13.618620 1.364800
vt 13.127780 1.358101
vt 12.856190 0.129897
vt 12.386310 0.196470
vt 11.534790 -0.901858
vt 11.973869 -1.038594
vt 10.581989 -1.921659
vt 10.981090 -2.123671
vt 9.539386 -2.849452
vt 9.890379 -3.110261
vt 8.420736 -3.674084
vt 8.716885 -3.985910
vt 7.241465 -4.387169
vt 7.477661 -4.741296
vt 6.017997 -4.983350
vt 6.190876 -5.370533
vt 4.767024 -5.460362
vt 4.874981 -5.871239
vt 3.504835 -5.818907
vt 3.547930 -6.244376
vt 2.246727 -6.062370
vt -3.547930 -6.244376
vt -3.504835 -5.818907
vt -4.874981 -5.871239
vt -4.767024 -5.460362
vt -6.190876 -5.370533
vt -6.017997 -4.983350
vt -7.477661 -4.741296
vt -7.241465 -4.387169
vt -8.716885 -3.985910
vt -8.420736 -3.674084
vt -9.890379 -3.110261
vt -9.539386 -2.849452
vt -10.981090 -2.123671
vt -10.581989 -1.921659
vt -11.973869 -1.038594
vt -11.534790 -0.901858
vt -12.856190 0.129897
vt -12.386310 0.196470
vt -13.127780 1.358101
vt -13.618620 1.364800
vt -13.753449 2.566754
vt -14.255170 2.647983
vt -14.260650 3.805793
vt -14.763360 3.961006
vt -14.649699 5.058916
vt -15.144039 5.285911
vt -14.923599 6.310750
vt -15.401099 6.605898
vt -15.087680 7.547335
vt -15.540939 7.905860
vt -0.070711 0.403897
vt 0.070711 0.523906
vt -0.070711 0.549407
vt 0.000000 0.653343
vt -0.070711 0.694918
vt -0.070711 0.840429
vt 0.000000 0.902790
vt -0.070711 0.985940
vt 0.000000 1.152238
vt -0.070711 1.131450
vt -0.070711 1.276961
vt 0.000000 1.401684
vt -0.070711 1.422472
vt -0.070711 1.567983
vt 0.000000 1.734281
vt -0.070711 1.713493
vt -0.070711 1.859004
vt 0.000000 2.066877
vt -0.070711 2.004515
vt -0.070711 2.150026
vt -0.070711 2.295536
vt 0.000000 2.399473
vt -0.070711 2.441047
vt -0.070711 2.586558
vt -0.070711 2.732069
vt 0.070711 2.612059
vt 0.070711 2.354066
vt 0.070711 2.224320
vt 0.070711 2.094071
vt 0.070711 1.963315
vt 0.070711 1.832051
vt 0.070711 1.567983
vt 0.070711 1.303914
vt 0.070711 1.172650
vt 0.070711 1.041894
vt 0.070711 0.911645
vt 0.070711 0.781900
vt -0.100000 -2.770673
vt -0.100000 -2.493033
vt -0.225379 -2.523841
vt -0.100000 -2.354213
vt -0.269717 -2.294719
vt -0.100000 -2.215393
vt -0.269717 -2.056742
vt -0.100000 -2.076573
vt -0.100000 -1.937754
vt -0.269717 -1.818765
vt -0.100000 -1.660114
vt -0.269717 -1.660114
vt -0.269717 -1.501463
vt -0.439434 -1.660114
vt -0.424985 -1.434282
vt -0.269717 -1.342811
vt -0.381629 -1.213902
vt -0.269717 -1.184160
vt -0.312524 -1.000575
vt -0.269717 -1.025509
vt -0.100000 -0.966015
vt -0.100000 -1.104835
vt -0.100000 -1.243654
vt -0.100000 -1.382474
vt -0.225379 -0.796387
vt -0.100000 -0.827195
vt -0.100000 -0.549555
vt -0.424985 -1.885945
vt -0.381629 -2.106325
vt -0.312524 -2.319653
vt 0.188995 4.638087
vt -0.000046 -1.601509
vt 1.305746 1.518289
vt 2.611538 -1.601509
vt 2.531864 4.268331
vt 1.344638 4.481631
vt -0.690908 20.731609
vt 0.000000 21.544970
vt -0.922651 20.895880
vt -1.107485 22.203690
vt -1.107485 20.869429
vt -0.529843 20.560730
vt 0.000000 19.899160
vt 1.107485 21.063940
vt 1.107485 19.899160
vt 1.107485 18.734379
vt 0.000000 18.253349
vt 1.107485 17.577480
vt 0.000000 16.607540
vt 1.107485 16.428391
vt 0.000000 15.373179
vt 1.107485 15.287009
vt 0.000000 14.138820
vt 1.107485 14.153270
vt 1.107485 13.027100
vt 0.000000 12.904460
vt 1.107485 11.908420
vt 0.000000 11.670099
vt 1.107485 10.797150
vt 0.000000 10.435740
vt 1.107485 9.693233
vt 0.000000 9.201384
vt 1.107485 8.596583
vt 0.000000 7.967025
vt 1.107485 7.507128
vt 0.000000 6.732667
vt 1.107485 6.424803
vt 0.000000 5.498308
vt 1.107485 5.349536
vt 0.000000 4.263950
vt 1.107485 4.281259
vt 1.107485 3.219902
vt 0.000000 3.029591
vt 1.107485 2.165400
vt 0.000000 1.795233
vt 1.076564 1.510277
vt 0.984098 0.851043
vt 0.000000 0.560874
vt 0.939563 0.629780
vt 0.729119 -0.153484
vt 0.000000 -0.673484
vt 0.438408 -0.937688
vt 0.000000 -1.907843
vt 0.044697 -2.021535
vt -1.107485 -2.494934
vt -0.244092 -3.142201
vt -0.402104 20.357380
vt -0.321968 20.132010
vt -0.295261 19.899160
vt -0.321968 19.666309
vt -0.402104 19.440939
vt -0.529843 19.237589
vt -0.690908 19.066710
vt -0.922651 18.902439
vt -1.107485 17.594620
vt -1.107485 16.259729
vt -1.107485 14.924220
vt -1.107485 13.588070
vt -1.107485 12.251289
vt -1.107485 10.913879
vt -1.107485 9.575849
vt -1.107485 8.237181
vt -1.107485 6.897881
vt -1.107485 5.557950
vt -1.107485 4.217386
vt -1.107485 18.928879
vt -1.107485 2.876189
vt -1.107485 1.534359
vt -1.107485 0.191896
vt -1.107485 -1.151202
vt 1.107485 22.220829
vt 0.000000 23.190779
vt -1.107485 23.538580
vt 0.000000 24.836590
vt -1.107485 24.874100
vt -1.107485 26.210249
vt 0.000000 26.482399
vt -1.107485 27.547020
vt 0.000000 28.128210
vt -1.107485 28.884430
vt 0.000000 29.774029
vt -1.107485 30.222469
vt 0.000000 31.419840
vt -1.107485 31.561140
vt -1.107485 32.900429
vt 0.000000 33.065651
vt -1.107485 34.240360
vt 0.000000 34.711460
vt -1.107485 35.580929
vt 0.000000 36.357269
vt -1.107485 36.922131
vt 0.000000 38.003078
vt -1.107485 38.263950
vt 0.000000 39.648888
vt -1.107485 39.606419
vt -1.107485 40.949520
vt 0.000000 41.294701
vt -1.107485 42.293247
vt 0.044697 41.819847
vt -0.244092 42.940517
vt 1.107485 23.369930
vt 1.107485 24.511309
vt 1.107485 25.645050
vt 1.107485 26.771219
vt 1.107485 27.889900
vt 1.107485 29.001160
vt 1.107485 30.105080
vt 1.107485 31.201729
vt 1.107485 32.291187
vt 1.107485 33.373508
vt 1.107485 34.448780
vt 1.107485 35.517048
vt 1.107485 36.578407
vt 1.107485 37.632908
vt 1.076564 38.288040
vt 0.984098 38.947269
vt 0.939448 39.169067
vt 0.729033 39.952061
vt 0.438408 40.736000
vt 0.000000 7.110905
vt 0.000000 12.981709
vt -0.567345 10.097600
vt -0.882500 12.815030
vt -1.858162 10.097600
vt -1.773108 12.697929
vt -2.027086 12.674009
vt -2.373931 10.097600
vt -2.786348 12.627660
vt -3.547400 7.110905
vt -3.547400 12.619169
vt -2.787101 7.102890
vt -2.027086 7.099229
vt -1.773698 7.098984
vt -0.886823 7.101976
vt -0.594073 42.072720
vt -6.101429 41.948811
vt -0.594073 40.821449
vt -3.347751 40.642700
vt -0.594073 39.570168
vt -3.347751 39.212658
vt -0.594073 38.318897
vt -3.347751 37.782631
vt -0.594073 37.067619
vt -3.347751 36.352600
vt -0.594073 35.816338
vt -3.347751 34.922581
vt -0.594073 34.565067
vt -3.347751 33.492538
vt -0.594073 33.313789
vt -3.347751 32.062508
vt -0.594073 32.062508
vt -0.594073 30.811239
vt -3.347751 30.632490
vt -0.594073 29.559969
vt -3.347751 29.202459
vt -0.594073 28.308689
vt -3.347751 27.772429
vt -0.594073 27.057409
vt -3.347751 26.342400
vt -0.594073 25.806139
vt -3.347751 24.912369
vt -0.594073 24.554859
vt -3.347751 23.482340
vt -0.594073 23.303589
vt -3.347751 22.052309
vt -0.594073 22.052309
vt -0.594073 20.801029
vt -3.347751 20.622280
vt -0.594073 19.549759
vt -3.347751 19.192249
vt -0.594073 18.298479
vt -3.347751 17.047199
vt -0.594073 17.047199
vt -0.594073 15.795930
vt -3.347751 14.902160
vt -0.594073 14.544650
vt -0.594073 13.293380
vt -3.347751 12.757110
vt -0.594073 12.042100
vt -3.347751 11.684589
vt -0.594073 10.790820
vt -3.347751 10.612070
vt -0.594073 9.539548
vt -3.347751 8.467026
vt -0.594073 8.288272
vt -0.594073 7.036995
vt -3.347751 6.321980
vt -0.594073 5.785719
vt -3.347751 4.176936
vt -0.594073 4.534443
vt -0.594073 3.283167
vt -0.594073 2.031891
vt -6.101429 3.398060
vt -6.101429 2.155805
vt -6.101429 40.706558
vt -6.101429 39.464130
vt -6.101429 38.221539
vt -6.101429 36.978767
vt -6.101429 35.735828
vt -6.101429 34.492729
vt -6.101429 33.249451
vt -6.101429 32.006008
vt -6.101429 30.762390
vt -6.101429 29.518610
vt -6.101429 28.274649
vt -6.101429 27.030519
vt -6.101429 25.786230
vt -6.101429 24.541759
vt -6.101429 23.297119
vt -6.101429 22.052309
vt -6.101429 20.807499
vt -6.101429 19.562859
vt -6.101429 18.318390
vt -6.101429 17.074100
vt -6.101429 15.829969
vt -6.101429 14.586010
vt -6.101429 13.342219
vt -6.101429 12.098610
vt -6.101429 10.855160
vt -6.101429 9.611886
vt -6.101429 8.368782
vt -6.101429 7.125844
vt -6.101429 5.883080
vt -6.101429 4.640484
vt 0.000000 7.380605
vt 0.000000 13.251410
vt -0.567345 10.266870
vt -0.886825 13.260340
vt -1.858162 10.266870
vt -1.773702 13.263330
vt -2.027086 13.263090
vt -2.373931 10.266870
vt -2.787101 13.259430
vt -3.547400 13.251410
vt -3.547400 7.743150
vt -2.786349 7.734655
vt -2.027086 7.688313
vt -1.773718 7.664450
vt -0.882803 7.547341
vt 5.096656 45.458038
vt 5.096656 46.855167
vt 4.558328 45.460800
vt 4.020000 46.855167
vt 4.020000 45.463558
vt 4.020000 44.072159
vt 4.558328 44.066540
vt 5.096656 44.060921
vt 4.558328 42.663788
vt 5.096656 42.663788
vt 5.096656 41.266659
vt 4.558328 41.266659
vt 5.096656 39.869530
vt 4.558328 39.869530
vt 5.096656 38.472401
vt 4.558328 38.472401
vt 5.096656 37.075279
vt 4.558328 37.075279
vt 5.096656 35.678150
vt 4.558328 35.678150
vt 5.096656 34.281017
vt 4.558328 34.281017
vt 5.096656 32.883888
vt 4.558328 32.883888
vt 5.096656 31.486769
vt 4.558328 31.486769
vt 5.096656 30.089640
vt 4.558328 30.089640
vt 5.096656 28.692509
vt 4.558328 28.692509
vt 5.096656 27.295380
vt 4.558328 27.295380
vt 5.096656 25.898249
vt 4.558328 25.898249
vt 4.996656 24.614660
vt 4.020000 24.614660
vt 4.020000 26.003119
vt 4.020000 27.391779
vt 4.020000 28.780659
vt 4.020000 30.169739
vt 4.020000 31.559040
vt 4.020000 32.948540
vt 4.020000 34.338249
vt 4.020000 35.728180
vt 4.020000 37.118320
vt 4.020000 38.508659
vt 4.020000 39.899220
vt 4.020000 41.289989
vt 4.020000 42.680969
vt 5.021495 24.586489
vt 5.046337 24.558289
vt 5.071498 24.529720
vt 5.096656 24.501129
vt -0.365000 0.167867
vt -0.178328 0.143886
vt 0.008344 0.198389
vt -0.178328 0.287773
vt 0.008344 0.384525
vt -0.178328 0.431659
vt 0.008344 0.517202
vt -0.178328 0.575546
vt 0.008344 0.653613
vt -0.178328 0.719432
vt 0.008344 0.793917
vt -0.178328 0.863319
vt 0.008344 0.938284
vt -0.178328 1.007205
vt 0.008344 1.086892
vt -0.178328 1.151092
vt 0.008344 1.239932
vt -0.178328 1.342940
vt 0.008344 1.396332
vt -0.178328 1.534789
vt 0.008344 1.541329
vt 0.008344 1.679671
vt -0.178328 1.726637
vt 0.008344 1.819325
vt -0.178328 1.918486
vt 0.008344 1.960310
vt -0.178328 2.110334
vt 0.008344 2.102645
vt 0.008344 2.246349
vt -0.178328 2.302183
vt 0.008344 2.391443
vt -0.178328 2.494032
vt 0.008344 2.537946
vt -0.365000 2.685880
vt 0.008344 2.685880
vt -0.365000 2.518013
vt -0.365000 2.350145
vt -0.365000 2.182278
vt -0.365000 2.014410
vt -0.365000 1.846543
vt -0.365000 1.678675
vt -0.365000 1.510808
vt -0.365000 1.342940
vt -0.365000 1.175073
vt -0.365000 1.007205
vt -0.365000 0.839338
vt -0.365000 0.671470
vt -0.365000 0.503603
vt -0.365000 0.335735
vt -0.976656 -0.228708
vt -0.488328 -0.256151
vt -0.976656 -0.036607
vt 0.000000 -0.228708
vt 0.000000 -0.036607
vt -0.976656 -0.420810
vt -0.488328 -0.475696
vt 0.000000 -0.420810
vt 0.000000 -0.612912
vt -0.488328 -0.695241
vt 0.000000 -0.805013
vt -0.488328 -0.914786
vt 0.000000 -0.997115
vt -0.488328 -1.134330
vt 0.000000 -1.189216
vt -0.488328 -1.353875
vt 0.000000 -1.381318
vt -0.488328 -1.573420
vt 0.000000 -1.573420
vt 0.000000 -1.765521
vt -0.488328 -1.792964
vt 0.000000 -1.957623
vt -0.488328 -1.957623
vt -0.488328 -2.122282
vt -0.976656 -1.957623
vt -0.976656 -2.149725
vt -0.976656 -0.612912
vt -0.976656 -0.805013
vt -0.976656 -0.997115
vt -0.976656 -1.189216
vt -0.976656 -1.381318
vt -0.976656 -1.573420
vt -0.976656 -1.765521
vt -0.488328 -2.286940
vt -0.976656 -2.341826
vt -0.488328 -2.451599
vt -0.976656 -2.533928
vt -0.488328 -2.616257
vt -0.976656 -2.726030
vt -0.488328 -2.780916
vt -0.976656 -2.918131
vt -0.488328 -2.945574
vt -0.976656 -3.110233
vt 0.000000 -3.110233
vt 0.000000 -2.918131
vt 0.000000 -2.726030
vt 0.000000 -2.533928
vt 0.000000 -2.341826
vt 0.000000 -2.149725
vt 4.020000 0.044260
vt 5.096656 0.044260
vt 4.020000 1.435872
vt 4.558328 1.438630
vt 4.020000 2.827274
vt 4.558328 2.832895
vt 4.020000 4.218464
vt 4.558328 4.235644
vt 4.020000 5.609444
vt 4.558328 5.632772
vt 4.020000 7.000212
vt 4.558328 7.029901
vt 4.020000 8.390770
vt 4.558328 8.427029
vt 4.020000 9.781119
vt 4.558328 9.824157
vt 4.020000 11.171249
vt 4.558328 11.221280
vt 4.020000 12.561180
vt 4.558328 12.618410
vt 4.020000 13.950900
vt 4.558328 14.015539
vt 4.020000 15.340400
vt 4.558328 15.412669
vt 4.020000 16.729700
vt 4.558328 16.809799
vt 4.020000 18.118780
vt 4.558328 18.206930
vt 4.020000 19.507650
vt 4.558328 19.604050
vt 4.020000 20.896320
vt 4.558328 21.001179
vt 4.020000 22.284769
vt 4.996656 22.284769
vt 5.096656 21.001179
vt 5.021495 22.312950
vt 5.046338 22.341150
vt 5.071498 22.369719
vt 5.096656 22.398310
vt 5.096656 1.441388
vt 5.096656 2.838516
vt 5.096656 4.235644
vt 5.096656 5.632772
vt 5.096656 7.029901
vt 5.096656 8.427029
vt 5.096656 9.824157
vt 5.096656 11.221280
vt 5.096656 12.618410
vt 5.096656 14.015539
vt 5.096656 15.412669
vt 5.096656 16.809799
vt 5.096656 18.206930
vt 5.096656 19.604050
vt -0.933731 14.769250
vt -0.949584 14.596459
vt 0.000000 14.596459
vt -0.933731 14.423670
vt -0.882913 14.246920
vt -0.794798 14.076839
vt -0.671458 13.925000
vt -0.519622 13.801660
vt -0.349537 13.713550
vt -0.172789 13.662729
vt 0.000000 13.646870
vt 0.172789 13.662729
vt 0.349537 13.713550
vt 0.519622 13.801660
vt 0.671458 13.925000
vt 0.794798 14.076839
vt 0.882913 14.246920
vt 0.933731 14.423670
vt 0.949584 14.596459
vt 0.933731 14.769250
vt 0.882913 14.945990
vt 0.794798 15.116079
vt 0.671458 15.267920
vt 0.519622 15.391259
vt 0.349537 15.479369
vt 0.172789 15.530190
vt 0.000000 15.546040
vt -0.172789 15.530190
vt -0.349537 15.479369
vt -0.519622 15.391259
vt -0.671458 15.267920
vt -0.794798 15.116079
vt -0.882913 14.945990
s 1
f 1/1/1 2/2/2 34/3/3
f 34/3/3 2/2/2 35/4/4
f 34/3/3 35/4/4 33/5/5
f 33/5/5 35/4/4 36/6/6
f 33/5/5 36/6/6 32/7/7
f 32/7/7 36/6/6 37/8/8
f 32/7/7 37/8/8 31/9/9
f 31/9/9 37/8/8 38/10/10
f 31/9/9 38/10/10 30/11/11
f 30/11/11 38/10/10 39/12/12
f 30/11/11 39/12/12 29/13/13
f 29/13/13 39/12/12 40/14/14
f 29/13/13 40/14/14 28/15/15
f 28/15/15 40/14/14 41/16/16
f 28/15/15 41/16/16 27/17/17
f 27/17/17 41/16/16 26/18/18
f 26/18/18 41/16/16 42/19/19
f 26/18/18 42/19/19 25/20/20
f 25/20/20 42/19/19 43/21/21
f 25/20/20 43/21/21 44/22/22
f 44/22/22 43/21/21 12/23/23
f 44/22/22 12/23/23 13/24/24
f 2/2/2 3/25/25 35/4/4
f 35/4/4 3/25/25 4/26/26
f 35/4/4 4/26/26 36/6/6
f 36/6/6 4/26/26 5/27/27
f 36/6/6 5/27/27 37/8/8
f 37/8/8 5/27/27 6/28/28
f 37/8/8 6/28/28 38/10/10
f 38/10/10 6/28/28 7/29/29
f 38/10/10 7/29/29 39/12/12
f 39/12/12 7/29/29 8/30/30
f 39/12/12 8/30/30 40/14/14
f 40/14/14 8/30/30 9/31/31
f 40/14/14 9/31/31 41/16/16
f 41/16/16 9/31/31 10/32/32
f 41/16/16 10/32/32 11/33/33
f 41/16/16 11/33/33 42/19/19
f 42/19/19 11/33/33 12/23/23
f 42/19/19 12/23/23 43/21/21
f 44/22/22 13/24/24 45/34/34
f 45/34/34 13/24/24 14/35/35
f 45/34/34 14/35/35 46/36/36
f 46/36/36 14/35/35 15/37/37
f 46/36/36 15/37/37 47/38/38
f 47/38/38 15/37/37 16/39/39
f 47/38/38 16/39/39 48/40/40
f 48/40/40 16/39/39 17/41/41
f 48/40/40 17/41/41 49/42/42
f 49/42/42 17/41/41 18/43/43
f 49/42/42 18/43/43 19/44/44
f 19/44/44 20/45/45 49/42/42
f 49/42/42 20/45/45 48/40/40
f 20/45/45 21/46/46 48/40/40
f 48/40/40 21/46/46 47/38/38
f 21/46/46 22/47/47 47/38/38
f 47/38/38 22/47/47 46/36/36
f 22/47/47 23/48/48 46/36/36
f 46/36/36 23/48/48 45/34/34
f 23/48/48 24/49/49 45/34/34
f 45/34/34 24/49/49 44/22/22
f 24/49/49 25/20/20 44/22/22
f 129/50/50 50/51/51 138/52/52
f 138/52/52 50/51/51 51/53/53
f 138/52/52 51/53/53 137/54/54
f 137/54/54 51/53/53 52/55/55
f 137/54/54 52/55/55 136/56/56
f 136/56/56 52/55/55 53/57/57
f 136/56/56 53/57/57 135/58/58
f 135/58/58 53/57/57 54/59/59
f 135/58/58 54/59/59 134/60/60
f 134/60/60 54/59/59 55/61/61
f 134/60/60 55/61/61 133/62/62
f 133/62/62 55/61/61 56/63/63
f 133/62/62 56/63/63 132/64/64
f 132/64/64 56/63/63 57/65/65
f 132/64/64 57/65/65 59/66/66
f 59/66/66 57/65/65 58/67/67
f 59/66/66 60/68/68 132/64/64
f 132/64/64 60/68/68 139/69/69
f 132/64/64 139/69/69 140/70/70
f 140/70/70 139/69/69 147/71/71
f 140/70/70 147/71/71 148/72/72
f 148/72/72 147/71/71 155/73/73
f 148/72/72 155/73/73 156/74/74
f 156/74/74 155/73/73 163/75/75
f 156/74/74 163/75/75 164/76/76
f 164/76/76 163/75/75 171/77/77
f 164/76/76 171/77/77 172/78/78
f 172/78/78 171/77/77 179/79/79
f 172/78/78 179/79/79 180/80/80
f 180/80/80 179/79/79 187/81/81
f 180/80/80 187/81/81 122/82/82
f 122/82/82 187/81/81 121/83/83
f 121/83/83 187/81/81 120/84/84
f 120/84/84 187/81/81 194/85/85
f 120/84/84 194/85/85 119/86/86
f 119/86/86 194/85/85 201/87/87
f 119/86/86 201/87/87 118/88/88
f 118/88/88 201/87/87 208/89/89
f 118/88/88 208/89/89 117/90/90
f 117/90/90 208/89/89 215/91/91
f 117/90/90 215/91/91 116/92/92
f 116/92/92 215/91/91 222/93/93
f 116/92/92 222/93/93 115/94/94
f 115/94/94 222/93/93 229/95/95
f 115/94/94 229/95/95 114/96/96
f 114/96/96 229/95/95 113/97/97
f 113/97/97 229/95/95 236/98/98
f 113/97/97 236/98/98 112/99/99
f 112/99/99 236/98/98 243/100/100
f 112/99/99 243/100/100 111/101/101
f 111/101/101 243/100/100 250/102/102
f 111/101/101 250/102/102 110/103/103
f 110/103/103 250/102/102 131/104/104
f 110/103/103 131/104/104 109/105/105
f 109/105/105 131/104/104 257/106/106
f 109/105/105 257/106/106 270/107/107
f 270/107/107 257/106/106 256/108/108
f 270/107/107 256/108/108 269/109/109
f 269/109/109 256/108/108 255/110/110
f 269/109/109 255/110/110 268/111/111
f 268/111/111 255/110/110 254/112/112
f 268/111/111 254/112/112 267/113/113
f 267/113/113 254/112/112 253/114/114
f 267/113/113 253/114/114 266/115/115
f 266/115/115 253/114/114 252/116/116
f 266/115/115 252/116/116 265/117/117
f 265/117/117 252/116/116 251/118/118
f 265/117/117 251/118/118 264/119/119
f 264/119/119 251/118/118 79/120/120
f 264/119/119 79/120/120 80/121/121
f 60/68/68 61/122/122 139/69/69
f 139/69/69 61/122/122 146/123/123
f 139/69/69 146/123/123 147/71/71
f 147/71/71 146/123/123 154/124/124
f 147/71/71 154/124/124 155/73/73
f 155/73/73 154/124/124 162/125/125
f 155/73/73 162/125/125 163/75/75
f 163/75/75 162/125/125 170/126/126
f 163/75/75 170/126/126 171/77/77
f 171/77/77 170/126/126 178/127/127
f 171/77/77 178/127/127 179/79/79
f 179/79/79 178/127/127 186/128/128
f 179/79/79 186/128/128 187/81/81
f 187/81/81 186/128/128 194/85/85
f 61/122/122 62/129/129 146/123/123
f 146/123/123 62/129/129 153/130/130
f 146/123/123 153/130/130 154/124/124
f 154/124/124 153/130/130 161/131/131
f 154/124/124 161/131/131 162/125/125
f 162/125/125 161/131/131 169/132/132
f 162/125/125 169/132/132 170/126/126
f 170/126/126 169/132/132 177/133/133
f 170/126/126 177/133/133 178/127/127
f 178/127/127 177/133/133 185/134/134
f 178/127/127 185/134/134 186/128/128
f 186/128/128 185/134/134 193/135/135
f 186/128/128 193/135/135 194/85/85
f 194/85/85 193/135/135 201/87/87
f 62/129/129 63/136/136 153/130/130
f 153/130/130 63/136/136 160/137/137
f 153/130/130 160/137/137 161/131/131
f 161/131/131 160/137/137 168/138/138
f 161/131/131 168/138/138 169/132/132
f 169/132/132 168/138/138 176/139/139
f 169/132/132 176/139/139 177/133/133
f 177/133/133 176/139/139 184/140/140
f 177/133/133 184/140/140 185/134/134
f 185/134/134 184/140/140 192/141/141
f 185/134/134 192/141/141 193/135/135
f 193/135/135 192/141/141 200/142/142
f 193/135/135 200/142/142 201/87/87
f 201/87/87 200/142/142 208/89/89
f 63/136/136 64/143/143 160/137/137
f 160/137/137 64/143/143 167/144/144
f 160/137/137 167/144/144 168/138/138
f 168/138/138 167/144/144 175/145/145
f 168/138/138 175/145/145 176/139/139
f 176/139/139 175/145/145 183/146/146
f 176/139/139 183/146/146 184/140/140
f 184/140/140 183/146/146 191/147/147
f 184/140/140 191/147/147 192/141/141
f 192/141/141 191/147/147 199/148/148
f 192/141/141 199/148/148 200/142/142
f 200/142/142 199/148/148 207/149/149
f 200/142/142 207/149/149 208/89/89
f 208/89/89 207/149/149 215/91/91
f 64/143/143 65/150/150 167/144/144
f 167/144/144 65/150/150 174/151/151
f 167/144/144 174/151/151 175/145/145
f 175/145/145 174/151/151 182/152/152
f 175/145/145 182/152/152 183/146/146
f 183/146/146 182/152/152 190/153/153
f 183/146/146 190/153/153 191/147/147
f 191/147/147 190/153/153 198/154/154
f 191/147/147 198/154/154 199/148/148
f 199/148/148 198/154/154 206/155/155
f 199/148/148 206/155/155 207/149/149
f 207/149/149 206/155/155 214/156/156
f 207/149/149 214/156/156 215/91/91
f 215/91/91 214/156/156 222/93/93
f 65/150/150 66/157/157 174/151/151
f 174/151/151 66/157/157 67/158/158
f 174/151/151 67/158/158 181/159/159
f 181/159/159 67/158/158 68/160/160
f 181/159/159 68/160/160 188/161/161
f 188/161/161 68/160/160 69/162/162
f 188/161/161 69/162/162 195/163/163
f 195/163/163 69/162/162 70/164/164
f 195/163/163 70/164/164 202/165/165
f 202/165/165 70/164/164 71/166/166
f 202/165/165 71/166/166 209/167/167
f 209/167/167 71/166/166 72/168/168
f 209/167/167 72/168/168 216/169/169
f 216/169/169 72/168/168 73/170/170
f 216/169/169 73/170/170 223/171/171
f 223/171/171 73/170/170 74/172/172
f 223/171/171 74/172/172 75/173/173
f 223/171/171 75/173/173 230/174/174
f 230/174/174 75/173/173 76/175/175
f 230/174/174 76/175/175 237/176/176
f 237/176/176 76/175/175 77/177/177
f 237/176/176 77/177/177 244/178/178
f 244/178/178 77/177/177 78/179/179
f 244/178/178 78/179/179 263/180/180
f 263/180/180 78/179/179 251/118/118
f 263/180/180 251/118/118 252/116/116
f 78/179/179 79/120/120 251/118/118
f 264/119/119 80/121/121 271/181/181
f 271/181/181 80/121/121 81/182/182
f 271/181/181 81/182/182 278/183/183
f 278/183/183 81/182/182 82/184/184
f 278/183/183 82/184/184 285/185/185
f 285/185/185 82/184/184 83/186/186
f 285/185/185 83/186/186 292/187/187
f 292/187/187 83/186/186 84/188/188
f 292/187/187 84/188/188 311/189/189
f 311/189/189 84/188/188 299/190/190
f 311/189/189 299/190/190 300/191/191
f 300/191/191 299/190/190 313/192/192
f 300/191/191 313/192/192 314/193/193
f 314/193/193 313/192/192 321/194/194
f 314/193/193 321/194/194 322/195/195
f 322/195/195 321/194/194 329/196/196
f 322/195/195 329/196/196 330/197/197
f 330/197/197 329/196/196 337/198/198
f 330/197/197 337/198/198 338/199/199
f 338/199/199 337/198/198 345/200/200
f 338/199/199 345/200/200 346/201/201
f 346/201/201 345/200/200 97/202/202
f 346/201/201 97/202/202 98/203/203
f 84/188/188 85/204/204 299/190/190
f 299/190/190 85/204/204 312/205/205
f 299/190/190 312/205/205 313/192/192
f 313/192/192 312/205/205 320/206/206
f 313/192/192 320/206/206 321/194/194
f 321/194/194 320/206/206 328/207/207
f 321/194/194 328/207/207 329/196/196
f 329/196/196 328/207/207 336/208/208
f 329/196/196 336/208/208 337/198/198
f 337/198/198 336/208/208 344/209/209
f 337/198/198 344/209/209 345/200/200
f 345/200/200 344/209/209 96/210/210
f 345/200/200 96/210/210 97/202/202
f 85/204/204 86/211/211 312/205/205
f 312/205/205 86/211/211 319/212/212
f 312/205/205 319/212/212 320/206/206
f 320/206/206 319/212/212 327/213/213
f 320/206/206 327/213/213 328/207/207
f 328/207/207 327/213/213 335/214/214
f 328/207/207 335/214/214 336/208/208
f 336/208/208 335/214/214 343/215/215
f 336/208/208 343/215/215 344/209/209
f 344/209/209 343/215/215 95/216/216
f 344/209/209 95/216/216 96/210/210
f 86/211/211 87/217/217 319/212/212
f 319/212/212 87/217/217 326/218/218
f 319/212/212 326/218/218 327/213/213
f 327/213/213 326/218/218 334/219/219
f 327/213/213 334/219/219 335/214/214
f 335/214/214 334/219/219 342/220/220
f 335/214/214 342/220/220 343/215/215
f 343/215/215 342/220/220 94/221/221
f 343/215/215 94/221/221 95/216/216
f 87/217/217 88/222/222 326/218/218
f 326/218/218 88/222/222 333/223/223
f 326/218/218 333/223/223 334/219/219
f 334/219/219 333/223/223 341/224/224
f 334/219/219 341/224/224 342/220/220
f 342/220/220 341/224/224 93/225/225
f 342/220/220 93/225/225 94/221/221
f 88/222/222 89/226/226 333/223/223
f 333/223/223 89/226/226 340/227/227
f 333/223/223 340/227/227 341/224/224
f 341/224/224 340/227/227 92/228/228
f 341/224/224 92/228/228 93/225/225
f 89/226/226 90/229/229 340/227/227
f 340/227/227 90/229/229 91/230/230
f 340/227/227 91/230/230 92/228/228
f 98/203/203 99/231/231 346/201/201
f 346/201/201 99/231/231 339/232/232
f 346/201/201 339/232/232 338/199/199
f 338/199/199 339/232/232 331/233/233
f 338/199/199 331/233/233 330/197/197
f 330/197/197 331/233/233 323/234/234
f 330/197/197 323/234/234 322/195/195
f 322/195/195 323/234/234 315/235/235
f 322/195/195 315/235/235 314/193/193
f 314/193/193 315/235/235 301/236/236
f 314/193/193 301/236/236 300/191/191
f 300/191/191 301/236/236 310/237/237
f 300/191/191 310/237/237 311/189/189
f 311/189/189 310/237/237 292/187/187
f 99/231/231 100/238/238 339/232/232
f 339/232/232 100/238/238 332/239/239
f 339/232/232 332/239/239 331/233/233
f 331/233/233 332/239/239 324/240/240
f 331/233/233 324/240/240 323/234/234
f 323/234/234 324/240/240 316/241/241
f 323/234/234 316/241/241 315/235/235
f 315/235/235 316/241/241 302/242/242
f 315/235/235 302/242/242 301/236/236
f 301/236/236 302/242/242 309/243/243
f 301/236/236 309/243/243 310/237/237
f 310/237/237 309/243/243 293/244/244
f 310/237/237 293/244/244 292/187/187
f 292/187/187 293/244/244 285/185/185
f 100/238/238 101/245/245 332/239/239
f 332/239/239 101/245/245 325/246/246
f 332/239/239 325/246/246 324/240/240
f 324/240/240 325/246/246 317/247/247
f 324/240/240 317/247/247 316/241/241
f 316/241/241 317/247/247 303/248/248
f 316/241/241 303/248/248 302/242/242
f 302/242/242 303/248/248 308/249/249
f 302/242/242 308/249/249 309/243/243
f 309/243/243 308/249/249 294/250/250
f 309/243/243 294/250/250 293/244/244
f 293/244/244 294/250/250 286/251/251
f 293/244/244 286/251/251 285/185/185
f 285/185/185 286/251/251 278/183/183
f 101/245/245 102/252/252 325/246/246
f 325/246/246 102/252/252 318/253/253
f 325/246/246 318/253/253 317/247/247
f 317/247/247 318/253/253 304/254/254
f 317/247/247 304/254/254 303/248/248
f 303/248/248 304/254/254 307/255/255
f 303/248/248 307/255/255 308/249/249
f 308/249/249 307/255/255 295/256/256
f 308/249/249 295/256/256 294/250/250
f 294/250/250 295/256/256 287/257/257
f 294/250/250 287/257/257 286/251/251
f 286/251/251 287/257/257 279/258/258
f 286/251/251 279/258/258 278/183/183
f 278/183/183 279/258/258 271/181/181
f 318/253/253 102/252/252 130/259/259
f 130/259/259 102/252/252 103/260/260
f 130/259/259 103/260/260 305/261/261
f 305/261/261 103/260/260 104/262/262
f 305/261/261 104/262/262 298/263/263
f 298/263/263 104/262/262 105/264/264
f 298/263/263 105/264/264 291/265/265
f 291/265/265 105/264/264 106/266/266
f 291/265/265 106/266/266 284/267/267
f 284/267/267 106/266/266 107/268/268
f 284/267/267 107/268/268 277/269/269
f 277/269/269 107/268/268 108/270/270
f 277/269/269 108/270/270 270/107/107
f 270/107/107 108/270/270 109/105/105
f 122/82/82 123/271/271 180/80/80
f 180/80/80 123/271/271 173/272/272
f 180/80/80 173/272/272 172/78/78
f 172/78/78 173/272/272 165/273/273
f 172/78/78 165/273/273 164/76/76
f 164/76/76 165/273/273 157/274/274
f 164/76/76 157/274/274 156/74/74
f 156/74/74 157/274/274 149/275/275
f 156/74/74 149/275/275 148/72/72
f 148/72/72 149/275/275 141/276/276
f 148/72/72 141/276/276 140/70/70
f 140/70/70 141/276/276 133/62/62
f 140/70/70 133/62/62 132/64/64
f 123/271/271 124/277/277 173/272/272
f 173/272/272 124/277/277 166/278/278
f 173/272/272 166/278/278 165/273/273
f 165/273/273 166/278/278 158/279/279
f 165/273/273 158/279/279 157/274/274
f 157/274/274 158/279/279 150/280/280
f 157/274/274 150/280/280 149/275/275
f 149/275/275 150/280/280 142/281/281
f 149/275/275 142/281/281 141/276/276
f 141/276/276 142/281/281 134/60/60
f 141/276/276 134/60/60 133/62/62
f 124/277/277 125/282/282 166/278/278
f 166/278/278 125/282/282 159/283/283
f 166/278/278 159/283/283 158/279/279
f 158/279/279 159/283/283 151/284/284
f 158/279/279 151/284/284 150/280/280
f 150/280/280 151/284/284 143/285/285
f 150/280/280 143/285/285 142/281/281
f 142/281/281 143/285/285 135/58/58
f 142/281/281 135/58/58 134/60/60
f 125/282/282 126/286/286 159/283/283
f 159/283/283 126/286/286 152/287/287
f 159/283/283 152/287/287 151/284/284
f 151/284/284 152/287/287 144/288/288
f 151/284/284 144/288/288 143/285/285
f 143/285/285 144/288/288 136/56/56
f 143/285/285 136/56/56 135/58/58
f 126/286/286 127/289/289 152/287/287
f 152/287/287 127/289/289 145/290/290
f 152/287/287 145/290/290 144/288/288
f 144/288/288 145/290/290 137/54/54
f 144/288/288 137/54/54 136/56/56
f 127/289/289 128/291/291 145/290/290
f 145/290/290 128/291/291 129/50/50
f 145/290/290 129/50/50 138/52/52
f 145/290/290 138/52/52 137/54/54
f 174/151/151 181/159/159 182/152/152
f 182/152/152 181/159/159 189/292/292
f 182/152/152 189/292/292 190/153/153
f 190/153/153 189/292/292 197/293/293
f 190/153/153 197/293/293 198/154/154
f 198/154/154 197/293/293 205/294/294
f 198/154/154 205/294/294 206/155/155
f 206/155/155 205/294/294 213/295/295
f 206/155/155 213/295/295 214/156/156
f 214/156/156 213/295/295 221/296/296
f 214/156/156 221/296/296 222/93/93
f 222/93/93 221/296/296 229/95/95
f 181/159/159 188/161/161 189/292/292
f 189/292/292 188/161/161 196/297/297
f 189/292/292 196/297/297 197/293/293
f 197/293/293 196/297/297 204/298/298
f 197/293/293 204/298/298 205/294/294
f 205/294/294 204/298/298 212/299/299
f 205/294/294 212/299/299 213/295/295
f 213/295/295 212/299/299 220/300/300
f 213/295/295 220/300/300 221/296/296
f 221/296/296 220/300/300 228/301/301
f 221/296/296 228/301/301 229/95/95
f 229/95/95 228/301/301 236/98/98
f 188/161/161 195/163/163 196/297/297
f 196/297/297 195/163/163 203/302/302
f 196/297/297 203/302/302 204/298/298
f 204/298/298 203/302/302 211/303/303
f 204/298/298 211/303/303 212/299/299
f 212/299/299 211/303/303 219/304/304
f 212/299/299 219/304/304 220/300/300
f 220/300/300 219/304/304 227/305/305
f 220/300/300 227/305/305 228/301/301
f 228/301/301 227/305/305 235/306/306
f 228/301/301 235/306/306 236/98/98
f 236/98/98 235/306/306 243/100/100
f 195/163/163 202/165/165 203/302/302
f 203/302/302 202/165/165 210/307/307
f 203/302/302 210/307/307 211/303/303
f 211/303/303 210/307/307 218/308/308
f 211/303/303 218/308/308 219/304/304
f 219/304/304 218/308/308 226/309/309
f 219/304/304 226/309/309 227/305/305
f 227/305/305 226/309/309 234/310/310
f 227/305/305 234/310/310 235/306/306
f 235/306/306 234/310/310 242/311/311
f 235/306/306 242/311/311 243/100/100
f 243/100/100 242/311/311 250/102/102
f 202/165/165 209/167/167 210/307/307
f 210/307/307 209/167/167 217/312/312
f 210/307/307 217/312/312 218/308/308
f 218/308/308 217/312/312 225/313/313
f 218/308/308 225/313/313 226/309/309
f 226/309/309 225/313/313 233/314/314
f 226/309/309 233/314/314 234/310/310
f 234/310/310 233/314/314 241/315/315
f 234/310/310 241/315/315 242/311/311
f 242/311/311 241/315/315 249/316/316
f 242/311/311 249/316/316 250/102/102
f 250/102/102 249/316/316 131/104/104
f 209/167/167 216/169/169 217/312/312
f 217/312/312 216/169/169 224/317/317
f 217/312/312 224/317/317 225/313/313
f 225/313/313 224/317/317 232/318/318
f 225/313/313 232/318/318 233/314/314
f 233/314/314 232/318/318 240/319/319
f 233/314/314 240/319/319 241/315/315
f 241/315/315 240/319/319 248/320/320
f 241/315/315 248/320/320 249/316/316
f 249/316/316 248/320/320 258/321/321
f 249/316/316 258/321/321 131/104/104
f 131/104/104 258/321/321 257/106/106
f 216/169/169 223/171/171 224/317/317
f 224/317/317 223/171/171 231/322/322
f 224/317/317 231/322/322 232/318/318
f 232/318/318 231/322/322 239/323/323
f 232/318/318 239/323/323 240/319/319
f 240/319/319 239/323/323 247/324/324
f 240/319/319 247/324/324 248/320/320
f 248/320/320 247/324/324 259/325/325
f 248/320/320 259/325/325 258/321/321
f 258/321/321 259/325/325 256/108/108
f 258/321/321 256/108/108 257/106/106
f 223/171/171 230/174/174 231/322/322
f 231/322/322 230/174/174 238/326/326
f 231/322/322 238/326/326 239/323/323
f 239/323/323 238/326/326 246/327/327
f 239/323/323 246/327/327 247/324/324
f 247/324/324 246/327/327 260/328/328
f 247/324/324 260/328/328 259/325/325
f 259/325/325 260/328/328 255/110/110
f 259/325/325 255/110/110 256/108/108
f 230/174/174 237/176/176 238/326/326
f 238/326/326 237/176/176 245/329/329
f 238/326/326 245/329/329 246/327/327
f 246/327/327 245/329/329 261/330/330
f 246/327/327 261/330/330 260/328/328
f 260/328/328 261/330/330 254/112/112
f 260/328/328 254/112/112 255/110/110
f 237/176/176 244/178/178 245/329/329
f 245/329/329 244/178/178 262/331/331
f 245/329/329 262/331/331 261/330/330
f 261/330/330 262/331/331 253/114/114
f 261/330/330 253/114/114 254/112/112
f 263/180/180 252/116/116 262/331/331
f 262/331/331 252/116/116 253/114/114
f 244/178/178 263/180/180 262/331/331
f 265/117/117 264/119/119 272/332/332
f 272/332/332 264/119/119 271/181/181
f 272/332/332 271/181/181 279/258/258
f 266/115/115 265/117/117 273/333/333
f 273/333/333 265/117/117 272/332/332
f 273/333/333 272/332/332 280/334/334
f 280/334/334 272/332/332 279/258/258
f 280/334/334 279/258/258 287/257/257
f 267/113/113 266/115/115 274/335/335
f 274/335/335 266/115/115 273/333/333
f 274/335/335 273/333/333 281/336/336
f 281/336/336 273/333/333 280/334/334
f 281/336/336 280/334/334 288/337/337
f 288/337/337 280/334/334 287/257/257
f 288/337/337 287/257/257 295/256/256
f 268/111/111 267/113/113 275/338/338
f 275/338/338 267/113/113 274/335/335
f 275/338/338 274/335/335 282/339/339
f 282/339/339 274/335/335 281/336/336
f 282/339/339 281/336/336 289/340/340
f 289/340/340 281/336/336 288/337/337
f 289/340/340 288/337/337 296/341/341
f 296/341/341 288/337/337 295/256/256
f 296/341/341 295/256/256 307/255/255
f 277/269/269 270/107/107 269/109/109
f 269/109/109 268/111/111 276/342/342
f 276/342/342 268/111/111 275/338/338
f 276/342/342 275/338/338 283/343/343
f 283/343/343 275/338/338 282/339/339
f 283/343/343 282/339/339 290/344/344
f 290/344/344 282/339/339 289/340/340
f 290/344/344 289/340/340 297/345/345
f 297/345/345 289/340/340 296/341/341
f 297/345/345 296/341/341 306/346/346
f 306/346/346 296/341/341 307/255/255
f 306/346/346 307/255/255 304/254/254
f 284/267/267 277/269/269 276/342/342
f 276/342/342 277/269/269 269/109/109
f 284/267/267 276/342/342 283/343/343
f 291/265/265 284/267/267 283/343/343
f 291/265/265 283/343/343 290/344/344
f 298/263/263 291/265/265 290/344/344
f 298/263/263 290/344/344 297/345/345
f 305/261/261 298/263/263 297/345/345
f 305/261/261 297/345/345 306/346/346
f 305/261/261 306/346/346 130/259/259
f 130/259/259 306/346/346 304/254/254
f 130/259/259 304/254/254 318/253/253
f 59/347/66 58/348/67 382/349/347
f 382/349/347 58/348/67 347/350/348
f 382/349/347 347/350/348 348/351/349
f 348/351/349 349/352/350 382/349/347
f 382/349/347 349/352/350 383/353/351
f 382/349/347 383/353/351 60/354/68
f 60/354/68 383/353/351 61/355/122
f 61/355/122 383/353/351 384/356/352
f 61/355/122 384/356/352 62/357/129
f 62/357/129 384/356/352 385/358/353
f 62/357/129 385/358/353 63/359/136
f 63/359/136 385/358/353 386/360/354
f 63/359/136 386/360/354 64/361/143
f 64/361/143 386/360/354 387/362/355
f 64/361/143 387/362/355 65/363/150
f 65/363/150 387/362/355 388/364/356
f 65/363/150 388/364/356 66/365/157
f 66/365/157 388/364/356 67/366/158
f 67/366/158 388/364/356 389/367/357
f 67/366/158 389/367/357 68/368/160
f 68/368/160 389/367/357 390/369/358
f 68/368/160 390/369/358 69/370/162
f 69/370/162 390/369/358 391/371/359
f 69/370/162 391/371/359 70/372/164
f 70/372/164 391/371/359 392/373/360
f 70/372/164 392/373/360 71/374/166
f 71/374/166 392/373/360 393/375/361
f 71/374/166 393/375/361 72/376/168
f 72/376/168 393/375/361 394/377/362
f 72/376/168 394/377/362 73/378/170
f 73/378/170 394/377/362 395/379/363
f 73/378/170 395/379/363 74/380/172
f 74/380/172 395/379/363 75/381/173
f 75/381/173 395/379/363 396/382/364
f 75/381/173 396/382/364 76/383/175
f 76/383/175 396/382/364 397/384/365
f 76/383/175 397/384/365 77/385/177
f 77/385/177 397/384/365 398/386/366
f 77/385/177 398/386/366 78/387/179
f 78/387/179 398/386/366 399/388/367
f 78/387/179 399/388/367 381/389/368
f 381/389/368 399/388/367 367/390/369
f 381/389/368 367/390/369 368/391/370
f 349/352/350 350/392/371 383/353/351
f 383/353/351 350/392/371 384/356/352
f 350/392/371 351/393/372 384/356/352
f 384/356/352 351/393/372 385/358/353
f 351/393/372 352/394/373 385/358/353
f 385/358/353 352/394/373 386/360/354
f 352/394/373 353/395/374 386/360/354
f 386/360/354 353/395/374 387/362/355
f 353/395/374 354/396/375 387/362/355
f 387/362/355 354/396/375 388/364/356
f 354/396/375 355/397/376 388/364/356
f 388/364/356 355/397/376 356/398/377
f 388/364/356 356/398/377 389/367/357
f 389/367/357 356/398/377 357/399/378
f 389/367/357 357/399/378 390/369/358
f 390/369/358 357/399/378 358/400/379
f 390/369/358 358/400/379 391/371/359
f 391/371/359 358/400/379 359/401/380
f 391/371/359 359/401/380 392/373/360
f 392/373/360 359/401/380 360/402/381
f 392/373/360 360/402/381 393/375/361
f 393/375/361 360/402/381 361/403/382
f 393/375/361 361/403/382 394/377/362
f 394/377/362 361/403/382 362/404/383
f 394/377/362 362/404/383 395/379/363
f 395/379/363 362/404/383 363/405/384
f 395/379/363 363/405/384 364/406/385
f 395/379/363 364/406/385 396/382/364
f 396/382/364 364/406/385 365/407/386
f 396/382/364 365/407/386 397/384/365
f 397/384/365 365/407/386 366/408/387
f 397/384/365 366/408/387 398/386/366
f 398/386/366 366/408/387 367/390/369
f 398/386/366 367/390/369 399/388/367
f 381/389/368 368/391/370 400/409/388
f 400/409/388 368/391/370 369/410/389
f 400/409/388 369/410/389 401/411/390
f 401/411/390 369/410/389 370/412/391
f 401/411/390 370/412/391 402/413/392
f 402/413/392 370/412/391 371/414/393
f 402/413/392 371/414/393 403/415/394
f 403/415/394 371/414/393 372/416/395
f 403/415/394 372/416/395 404/417/396
f 404/417/396 372/416/395 373/418/397
f 404/417/396 373/418/397 380/419/398
f 380/419/398 373/418/397 405/420/399
f 380/419/398 405/420/399 85/421/204
f 85/421/204 405/420/399 406/422/400
f 85/421/204 406/422/400 86/423/211
f 86/423/211 406/422/400 407/424/401
f 86/423/211 407/424/401 87/425/217
f 87/425/217 407/424/401 408/426/402
f 87/425/217 408/426/402 88/427/222
f 88/427/222 408/426/402 409/428/403
f 88/427/222 409/428/403 89/429/226
f 89/429/226 409/428/403 410/430/404
f 89/429/226 410/430/404 90/431/229
f 90/431/229 410/430/404 379/432/405
f 379/432/405 410/430/404 378/433/406
f 378/433/406 410/430/404 409/428/403
f 378/433/406 409/428/403 377/434/407
f 377/434/407 409/428/403 408/426/402
f 377/434/407 408/426/402 376/435/408
f 376/435/408 408/426/402 407/424/401
f 376/435/408 407/424/401 375/436/409
f 375/436/409 407/424/401 406/422/400
f 375/436/409 406/422/400 374/437/410
f 374/437/410 406/422/400 405/420/399
f 374/437/410 405/420/399 373/418/397
f 85/421/204 84/438/188 380/419/398
f 380/419/398 84/438/188 404/417/396
f 84/438/188 83/439/186 404/417/396
f 404/417/396 83/439/186 403/415/394
f 83/439/186 82/440/184 403/415/394
f 403/415/394 82/440/184 402/413/392
f 82/440/184 81/441/182 402/413/392
f 402/413/392 81/441/182 401/411/390
f 81/441/182 80/442/121 401/411/390
f 401/411/390 80/442/121 400/409/388
f 80/442/121 79/443/120 400/409/388
f 400/409/388 79/443/120 381/389/368
f 79/443/120 78/387/179 381/389/368
f 60/354/68 59/347/66 382/349/347
s 0
f 50/444/411 129/445/411 411/446/411
f 411/446/411 129/445/411 459/447/411
f 459/447/411 129/445/411 128/448/411
f 459/447/411 128/448/411 458/449/411
f 458/449/411 128/448/411 127/450/411
f 458/449/411 127/450/411 457/451/411
f 457/451/411 127/450/411 456/452/411
f 456/452/411 127/450/411 126/453/411
f 456/452/411 126/453/411 455/454/411
f 455/454/411 126/453/411 125/455/411
f 455/454/411 125/455/411 454/456/411
f 454/456/411 125/455/411 124/457/411
f 454/456/411 124/457/411 453/458/411
f 453/458/411 124/457/411 123/459/411
f 453/458/411 123/459/411 452/460/411
f 452/460/411 123/459/411 122/461/411
f 452/460/411 122/461/411 451/462/411
f 451/462/411 122/461/411 121/463/411
f 451/462/411 121/463/411 450/464/411
f 450/464/411 121/463/411 120/465/411
f 450/464/411 120/465/411 449/466/411
f 449/466/411 120/465/411 119/467/411
f 449/466/411 119/467/411 448/468/411
f 448/468/411 119/467/411 118/469/411
f 448/468/411 118/469/411 447/470/411
f 447/470/411 118/469/411 117/471/411
f 447/470/411 117/471/411 446/472/411
f 446/472/411 117/471/411 116/473/411
f 446/472/411 116/473/411 445/474/411
f 445/474/411 116/473/411 115/475/411
f 445/474/411 115/475/411 444/476/411
f 444/476/411 115/475/411 114/477/411
f 444/476/411 114/477/411 443/478/411
f 443/478/411 114/477/411 442/479/411
f 442/479/411 114/477/411 441/480/411
f 441/480/411 114/477/411 436/481/411
f 441/480/411 436/481/411 440/482/411
f 440/482/411 436/481/411 439/483/411
f 439/483/411 436/481/411 438/484/411
f 438/484/411 436/481/411 437/485/411
f 113/486/411 428/487/411 114/477/411
f 114/477/411 428/487/411 429/488/411
f 114/477/411 429/488/411 430/489/411
f 428/487/411 113/486/411 427/490/411
f 427/490/411 113/486/411 112/491/411
f 427/490/411 112/491/411 426/492/411
f 426/492/411 112/491/411 111/493/411
f 426/492/411 111/493/411 425/494/411
f 425/494/411 111/493/411 110/495/411
f 425/494/411 110/495/411 424/496/411
f 424/496/411 110/495/411 109/497/411
f 424/496/411 109/497/411 423/498/411
f 423/498/411 109/497/411 108/499/411
f 423/498/411 108/499/411 422/500/411
f 422/500/411 108/499/411 107/501/411
f 422/500/411 107/501/411 421/502/411
f 421/502/411 107/501/411 106/503/411
f 421/502/411 106/503/411 420/504/411
f 420/504/411 106/503/411 105/505/411
f 420/504/411 105/505/411 419/506/411
f 419/506/411 105/505/411 104/507/411
f 419/506/411 104/507/411 418/508/411
f 418/508/411 104/507/411 103/509/411
f 418/508/411 103/509/411 417/510/411
f 417/510/411 103/509/411 102/511/411
f 417/510/411 102/511/411 416/512/411
f 416/512/411 102/511/411 101/513/411
f 416/512/411 101/513/411 415/514/411
f 415/514/411 101/513/411 414/515/411
f 414/515/411 101/513/411 100/516/411
f 414/515/411 100/516/411 413/517/411
f 413/517/411 100/516/411 99/518/411
f 413/517/411 99/518/411 412/519/411
f 412/519/411 99/518/411 98/520/411
f 430/489/411 431/521/411 114/477/411
f 114/477/411 431/521/411 436/481/411
f 431/521/411 432/522/411 436/481/411
f 436/481/411 432/522/411 433/523/411
f 436/481/411 433/523/411 434/524/411
f 434/524/411 435/525/411 436/481/411
f 461/526/411 378/527/411 460/528/411
f 460/528/411 378/527/411 377/529/411
f 460/528/411 377/529/411 376/530/411
f 461/526/411 379/531/411 378/527/411
f 460/528/411 376/530/411 500/532/411
f 500/532/411 376/530/411 375/533/411
f 500/532/411 375/533/411 499/534/411
f 499/534/411 375/533/411 374/535/411
f 499/534/411 374/535/411 498/536/411
f 498/536/411 374/535/411 373/537/411
f 498/536/411 373/537/411 497/538/411
f 497/538/411 373/537/411 372/539/411
f 497/538/411 372/539/411 496/540/411
f 496/540/411 372/539/411 495/541/411
f 495/541/411 372/539/411 371/542/411
f 495/541/411 371/542/411 494/543/411
f 494/543/411 371/542/411 370/544/411
f 494/543/411 370/544/411 493/545/411
f 493/545/411 370/544/411 369/546/411
f 493/545/411 369/546/411 492/547/411
f 492/547/411 369/546/411 368/548/411
f 492/547/411 368/548/411 491/549/411
f 491/549/411 368/548/411 490/550/411
f 490/550/411 368/548/411 367/551/411
f 490/550/411 367/551/411 489/552/411
f 489/552/411 367/551/411 366/553/411
f 489/552/411 366/553/411 488/554/411
f 488/554/411 366/553/411 365/555/411
f 488/554/411 365/555/411 487/556/411
f 487/556/411 365/555/411 486/557/411
f 486/557/411 365/555/411 364/558/411
f 486/557/411 364/558/411 485/559/411
f 485/559/411 364/558/411 363/560/411
f 485/559/411 363/560/411 484/561/411
f 484/561/411 363/560/411 483/562/411
f 483/562/411 363/560/411 362/563/411
f 483/562/411 362/563/411 482/564/411
f 482/564/411 362/563/411 361/565/411
f 482/564/411 361/565/411 481/566/411
f 481/566/411 361/565/411 480/567/411
f 480/567/411 361/565/411 360/568/411
f 480/567/411 360/568/411 479/569/411
f 479/569/411 360/568/411 359/570/411
f 479/569/411 359/570/411 478/571/411
f 478/571/411 359/570/411 358/572/411
f 478/571/411 358/572/411 477/573/411
f 477/573/411 358/572/411 476/574/411
f 476/574/411 358/572/411 357/575/411
f 476/574/411 357/575/411 475/576/411
f 475/576/411 357/575/411 356/577/411
f 475/576/411 356/577/411 474/578/411
f 474/578/411 356/577/411 355/579/411
f 474/578/411 355/579/411 473/580/411
f 473/580/411 355/579/411 354/581/411
f 473/580/411 354/581/411 472/582/411
f 472/582/411 354/581/411 471/583/411
f 471/583/411 354/581/411 353/584/411
f 471/583/411 353/584/411 470/585/411
f 470/585/411 353/584/411 352/586/411
f 470/585/411 352/586/411 469/587/411
f 469/587/411 352/586/411 351/588/411
f 469/587/411 351/588/411 468/589/411
f 468/589/411 351/588/411 350/590/411
f 468/589/411 350/590/411 463/591/411
f 463/591/411 350/590/411 349/592/411
f 463/591/411 349/592/411 348/593/411
f 347/594/411 462/595/411 348/593/411
f 348/593/411 462/595/411 463/591/411
f 464/596/412 465/597/412 463/591/412
f 463/591/412 465/597/412 466/598/412
f 463/591/411 466/598/411 467/599/411
f 467/599/411 468/589/411 463/591/411
f 500/532/411 501/600/411 460/528/411
f 460/528/411 501/600/411 502/601/411
f 460/528/413 502/601/413 503/602/413
f 503/602/413 504/603/413 460/528/413
f 507/604/414 463/605/414 508/606/414
f 508/606/414 463/605/414 462/607/414
f 508/606/414 462/607/414 505/608/414
f 505/608/414 506/609/414 508/606/414
f 508/606/414 506/609/414 507/604/414
f 347/610/415 58/611/415 462/612/415
f 462/612/415 58/611/415 505/613/415
f 505/613/416 58/611/416 57/614/416
f 505/613/415 57/614/415 56/615/415
f 56/615/415 55/616/415 505/613/415
f 505/613/415 55/616/415 510/617/415
f 510/617/415 55/616/415 54/618/415
f 510/617/415 54/618/415 53/619/415
f 53/619/415 52/620/415 510/617/415
f 510/617/415 52/620/415 51/621/415
f 510/617/415 51/621/415 50/622/415
f 411/623/415 509/624/415 50/622/415
f 50/622/415 509/624/415 510/617/415
f 379/625/417 461/626/417 90/627/417
f 90/627/417 461/626/417 511/628/417
f 90/627/418 511/628/418 91/629/418
f 91/629/417 511/628/417 92/630/417
f 92/630/417 511/628/417 93/631/417
f 93/631/417 511/628/417 512/632/417
f 93/631/417 512/632/417 94/633/417
f 94/633/417 512/632/417 95/634/417
f 95/634/417 512/632/417 96/635/417
f 96/635/417 512/632/417 97/636/417
f 97/636/417 512/632/417 98/637/417
f 98/637/417 512/632/417 513/638/417
f 98/637/417 513/638/417 412/639/417
s 1
f 514/640/419 515/641/420 553/642/421
f 553/642/421 515/641/420 516/643/422
f 553/642/421 516/643/422 554/644/423
f 554/644/423 516/643/422 519/645/424
f 554/644/423 519/645/424 520/646/425
f 516/643/422 517/647/426 519/645/424
f 519/645/424 517/647/426 518/648/427
f 520/646/425 521/649/428 554/644/423
f 554/644/423 521/649/428 555/650/429
f 554/644/423 555/650/429 551/651/430
f 551/651/430 555/650/429 550/652/431
f 550/652/431 555/650/429 556/653/432
f 550/652/431 556/653/432 549/654/433
f 549/654/433 556/653/432 548/655/434
f 548/655/434 556/653/432 557/656/435
f 548/655/434 557/656/435 547/657/436
f 547/657/436 557/656/435 558/658/437
f 547/657/436 558/658/437 546/659/438
f 546/659/438 558/658/437 545/660/439
f 545/660/439 558/658/437 559/661/440
f 545/660/439 559/661/440 544/662/441
f 544/662/441 559/661/440 560/663/442
f 544/662/441 560/663/442 543/664/443
f 543/664/443 560/663/442 561/665/444
f 543/664/443 561/665/444 542/666/445
f 542/666/445 561/665/444 562/667/446
f 542/666/445 562/667/446 541/668/447
f 541/668/447 562/667/446 563/669/448
f 541/668/447 563/669/448 540/670/449
f 540/670/449 563/669/448 564/671/450
f 540/670/449 564/671/450 539/672/451
f 539/672/451 564/671/450 537/673/452
f 539/672/451 537/673/452 538/674/453
f 521/649/428 522/675/454 555/650/429
f 555/650/429 522/675/454 556/653/432
f 522/675/454 523/676/455 556/653/432
f 556/653/432 523/676/455 524/677/456
f 556/653/432 524/677/456 557/656/435
f 557/656/435 524/677/456 525/678/457
f 557/656/435 525/678/457 558/658/437
f 558/658/437 525/678/457 526/679/458
f 558/658/437 526/679/458 527/680/459
f 558/658/437 527/680/459 559/661/440
f 559/661/440 527/680/459 528/681/460
f 559/661/440 528/681/460 560/663/442
f 560/663/442 528/681/460 529/682/461
f 560/663/442 529/682/461 561/665/444
f 561/665/444 529/682/461 530/683/462
f 561/665/444 530/683/462 562/667/446
f 562/667/446 530/683/462 531/684/463
f 562/667/446 531/684/463 563/669/448
f 563/669/448 531/684/463 532/685/464
f 563/669/448 532/685/464 564/671/450
f 564/671/450 532/685/464 533/686/465
f 564/671/450 533/686/465 536/687/466
f 536/687/466 533/686/465 535/688/467
f 535/688/467 533/686/465 534/689/468
f 536/687/466 537/673/452 564/671/450
f 551/651/430 552/690/469 554/644/423
f 554/644/423 552/690/469 553/642/421
s 0
f 20/691/470 19/692/470 534/693/470
f 534/693/470 19/692/470 565/694/470
f 534/693/470 565/694/470 644/695/470
f 644/695/470 565/694/470 566/696/470
f 644/695/470 566/696/470 643/697/470
f 643/697/470 566/696/470 567/698/470
f 643/697/470 567/698/470 642/699/470
f 642/699/470 567/698/470 568/700/470
f 642/699/470 568/700/470 641/701/470
f 641/701/470 568/700/470 569/702/470
f 641/701/470 569/702/470 640/703/470
f 640/703/470 569/702/470 570/704/470
f 640/703/470 570/704/470 639/705/470
f 639/705/470 570/704/470 571/706/470
f 639/705/470 571/706/470 638/707/470
f 638/707/470 571/706/470 637/708/470
f 637/708/470 571/706/470 572/709/470
f 637/708/470 572/709/470 636/710/470
f 636/710/470 572/709/470 573/711/470
f 636/710/470 573/711/470 635/712/470
f 635/712/470 573/711/470 634/713/470
f 634/713/470 573/711/470 574/714/470
f 634/713/470 574/714/470 633/715/470
f 633/715/470 574/714/470 575/716/470
f 633/715/470 575/716/470 632/717/470
f 632/717/470 575/716/470 576/718/470
f 632/717/470 576/718/470 631/719/470
f 631/719/470 576/718/470 577/720/470
f 631/719/470 577/720/470 630/721/470
f 630/721/470 577/720/470 578/722/470
f 630/721/470 578/722/470 629/723/470
f 629/723/470 578/722/470 579/724/470
f 629/723/470 579/724/470 628/725/470
f 628/725/470 579/724/470 580/726/470
f 628/725/470 580/726/470 627/727/470
f 627/727/470 580/726/470 581/728/470
f 627/727/470 581/728/470 626/729/470
f 626/729/470 581/728/470 518/730/470
f 626/729/470 518/730/470 597/731/470
f 581/728/470 1/732/470 518/730/470
f 518/730/470 1/732/470 34/733/470
f 518/730/470 34/733/470 519/734/470
f 519/734/470 34/733/470 33/735/470
f 519/734/470 33/735/470 520/736/470
f 520/736/470 33/735/470 32/737/470
f 520/736/470 32/737/470 521/738/470
f 521/738/470 32/737/470 31/739/470
f 521/738/470 31/739/470 522/740/470
f 522/740/470 31/739/470 30/741/470
f 522/740/470 30/741/470 523/742/470
f 523/742/470 30/741/470 29/743/470
f 523/742/470 29/743/470 524/744/470
f 524/744/470 29/743/470 28/745/470
f 524/744/470 28/745/470 525/746/470
f 525/746/470 28/745/470 27/747/470
f 525/746/470 27/747/470 526/748/470
f 526/748/470 27/747/470 527/749/470
f 527/749/470 27/747/470 26/750/470
f 527/749/470 26/750/470 528/751/470
f 528/751/470 26/750/470 25/752/470
f 528/751/470 25/752/470 529/753/470
f 529/753/470 25/752/470 24/754/470
f 529/753/470 24/754/470 530/755/470
f 530/755/470 24/754/470 23/756/470
f 530/755/470 23/756/470 531/757/470
f 531/757/470 23/756/470 22/758/470
f 531/757/470 22/758/470 532/759/470
f 532/759/470 22/758/470 21/760/470
f 532/759/470 21/760/470 533/761/470
f 533/761/470 21/760/470 20/691/470
f 533/761/470 20/691/470 534/693/470
f 510/762/470 509/763/470 658/764/470
f 658/764/470 509/763/470 582/765/470
f 658/764/470 582/765/470 657/766/470
f 657/766/470 582/765/470 583/767/470
f 657/766/470 583/767/470 656/768/470
f 656/768/470 583/767/470 584/769/470
f 656/768/470 584/769/470 655/770/470
f 655/770/470 584/769/470 585/771/470
f 655/770/470 585/771/470 654/772/470
f 654/772/470 585/771/470 586/773/470
f 654/772/470 586/773/470 653/774/470
f 653/774/470 586/773/470 587/775/470
f 653/774/470 587/775/470 588/776/470
f 653/774/470 588/776/470 652/777/470
f 652/777/470 588/776/470 589/778/470
f 652/777/470 589/778/470 651/779/470
f 651/779/470 589/778/470 590/780/470
f 651/779/470 590/780/470 650/781/470
f 650/781/470 590/780/470 591/782/470
f 650/781/470 591/782/470 649/783/470
f 649/783/470 591/782/470 592/784/470
f 649/783/470 592/784/470 648/785/470
f 648/785/470 592/784/470 593/786/470
f 648/785/470 593/786/470 647/787/470
f 647/787/470 593/786/470 594/788/470
f 647/787/470 594/788/470 646/789/470
f 646/789/470 594/788/470 595/790/470
f 646/789/470 595/790/470 645/791/470
f 645/791/470 595/790/470 596/792/470
f 645/791/470 596/792/470 644/695/470
f 644/695/470 596/792/470 534/693/470
f 626/729/470 597/731/470 625/793/470
f 625/793/470 597/731/470 598/794/470
f 625/793/470 598/794/470 624/795/470
f 624/795/470 598/794/470 599/796/470
f 624/795/470 599/796/470 623/797/470
f 623/797/470 599/796/470 600/798/470
f 623/797/470 600/798/470 622/799/470
f 622/799/470 600/798/470 601/800/470
f 622/799/470 601/800/470 621/801/470
f 621/801/470 601/800/470 602/802/470
f 621/801/470 602/802/470 620/803/470
f 620/803/470 602/802/470 603/804/470
f 620/803/470 603/804/470 619/805/470
f 619/805/470 603/804/470 604/806/470
f 619/805/470 604/806/470 618/807/470
f 618/807/470 604/806/470 605/808/470
f 618/807/470 605/808/470 617/809/470
f 617/809/470 605/808/470 606/810/470
f 617/809/470 606/810/470 607/811/470
f 617/809/470 607/811/470 616/812/470
f 616/812/470 607/811/470 608/813/470
f 616/812/470 608/813/470 615/814/470
f 615/814/470 608/813/470 609/815/470
f 615/814/470 609/815/470 614/816/470
f 614/816/470 609/815/470 610/817/470
f 614/816/470 610/817/470 613/818/470
f 613/818/470 610/817/470 611/819/470
f 613/818/470 611/819/470 612/820/470
f 612/820/470 611/819/470 513/821/470
f 612/820/470 513/821/470 512/822/470
s 1
f 627/823/471 659/824/472 628/825/473
f 628/825/473 659/824/472 673/826/474
f 628/825/473 673/826/474 629/827/475
f 629/827/475 673/826/474 630/828/476
f 630/828/476 673/826/474 672/829/477
f 630/828/476 672/829/477 631/830/478
f 631/830/478 672/829/477 674/831/479
f 631/830/478 674/831/479 632/832/480
f 632/832/480 674/831/479 633/833/481
f 633/833/481 674/831/479 675/834/482
f 633/833/481 675/834/482 634/835/483
f 634/835/483 675/834/482 635/836/484
f 635/836/484 675/834/482 676/837/485
f 635/836/484 676/837/485 636/838/486
f 636/838/486 676/837/485 637/839/487
f 637/839/487 676/837/485 677/840/488
f 637/839/487 677/840/488 638/841/489
f 638/841/489 677/840/488 639/842/490
f 639/842/490 677/840/488 640/843/491
f 640/843/491 677/840/488 678/844/492
f 640/843/491 678/844/492 641/845/493
f 641/845/493 678/844/492 642/846/494
f 642/846/494 678/844/492 643/847/495
f 643/847/495 678/844/492 671/848/496
f 671/848/496 678/844/492 670/849/497
f 670/849/497 678/844/492 669/850/498
f 669/850/498 678/844/492 677/840/488
f 669/850/498 677/840/488 668/851/499
f 668/851/499 677/840/488 667/852/500
f 667/852/500 677/840/488 676/837/485
f 667/852/500 676/837/485 666/853/501
f 666/853/501 676/837/485 665/854/502
f 665/854/502 676/837/485 675/834/482
f 665/854/502 675/834/482 664/855/503
f 664/855/503 675/834/482 674/831/479
f 664/855/503 674/831/479 663/856/504
f 663/856/504 674/831/479 662/857/505
f 662/857/505 674/831/479 672/829/477
f 662/857/505 672/829/477 661/858/506
f 661/858/506 672/829/477 660/859/507
f 660/859/507 672/829/477 673/826/474
f 660/859/507 673/826/474 659/824/472
f 671/860/496 670/861/497 687/862/508
f 687/862/508 670/861/497 669/863/498
f 687/862/508 669/863/498 690/864/509
f 690/864/509 669/863/498 668/865/499
f 690/864/509 668/865/499 689/866/510
f 689/866/510 668/865/499 667/867/500
f 689/866/510 667/867/500 666/868/501
f 689/866/510 666/868/501 691/869/511
f 691/869/511 666/868/501 665/870/502
f 691/869/511 665/870/502 692/871/512
f 692/871/512 665/870/502 693/872/513
f 692/871/512 693/872/513 683/873/514
f 683/873/514 693/872/513 682/874/515
f 682/874/515 693/872/513 694/875/516
f 682/874/515 694/875/516 681/876/517
f 681/876/517 694/875/516 688/877/518
f 681/876/517 688/877/518 680/878/519
f 680/878/519 688/877/518 695/879/520
f 680/878/519 695/879/520 661/880/506
f 661/880/506 695/879/520 662/881/505
f 662/881/505 695/879/520 688/877/518
f 662/881/505 688/877/518 663/882/504
f 663/882/504 688/877/518 694/875/516
f 663/882/504 694/875/516 664/883/503
f 664/883/503 694/875/516 693/872/513
f 664/883/503 693/872/513 665/870/502
f 680/878/519 661/880/506 679/884/521
f 679/884/521 661/880/506 660/885/507
f 679/884/521 660/885/507 659/886/472
f 692/871/512 683/873/514 691/869/511
f 691/869/511 683/873/514 684/887/522
f 691/869/511 684/887/522 689/866/510
f 689/866/510 684/887/522 685/888/523
f 689/866/510 685/888/523 690/864/509
f 690/864/509 685/888/523 686/889/524
f 690/864/509 686/889/524 687/862/508
s 0
f 511/890/525 461/891/525 698/892/525
f 698/892/525 461/891/525 460/893/525
f 698/892/525 460/893/525 696/894/525
f 696/894/525 697/895/525 698/892/525
f 698/892/525 697/895/525 511/890/525
s 1
f 687/896/508 741/897/526 671/898/496
f 671/898/496 741/897/526 644/899/527
f 671/898/496 644/899/527 643/900/495
f 687/896/508 686/901/524 741/897/526
f 741/897/526 686/901/524 742/902/528
f 741/897/526 742/902/528 720/903/529
f 720/903/529 742/902/528 719/904/530
f 719/904/530 742/902/528 718/905/531
f 718/905/531 742/902/528 743/906/532
f 718/905/531 743/906/532 717/907/533
f 717/907/533 743/906/532 744/908/534
f 717/907/533 744/908/534 716/909/535
f 716/909/535 744/908/534 745/910/536
f 716/909/535 745/910/536 715/911/537
f 715/911/537 745/910/536 746/912/538
f 715/911/537 746/912/538 714/913/539
f 714/913/539 746/912/538 713/914/540
f 713/914/540 746/912/538 747/915/541
f 713/914/540 747/915/541 712/916/542
f 712/916/542 747/915/541 748/917/543
f 712/916/542 748/917/543 711/918/544
f 711/918/544 748/917/543 749/919/545
f 711/918/544 749/919/545 710/920/546
f 710/920/546 749/919/545 750/921/547
f 710/920/546 750/921/547 709/922/548
f 709/922/548 750/921/547 751/923/549
f 709/922/548 751/923/549 708/924/550
f 708/924/550 751/923/549 752/925/551
f 708/924/550 752/925/551 707/926/552
f 707/926/552 752/925/551 740/927/553
f 707/926/552 740/927/553 706/928/554
f 706/928/554 740/927/553 753/929/555
f 706/928/554 753/929/555 705/930/556
f 705/930/556 753/929/555 704/931/557
f 704/931/557 753/929/555 754/932/558
f 704/931/557 754/932/558 703/933/559
f 703/933/559 754/932/558 755/934/560
f 703/933/559 755/934/560 702/935/561
f 702/935/561 755/934/560 701/936/562
f 701/936/562 755/934/560 756/937/563
f 701/936/562 756/937/563 700/938/564
f 700/938/564 756/937/563 699/939/565
f 699/939/565 756/937/563 757/940/566
f 699/939/565 757/940/566 696/941/567
f 696/941/567 757/940/566 758/942/568
f 696/941/567 758/942/568 697/943/569
f 697/943/569 758/942/568 512/944/570
f 697/943/569 512/944/570 511/945/571
f 686/901/524 685/946/523 742/902/528
f 742/902/528 685/946/523 684/947/522
f 742/902/528 684/947/522 683/948/514
f 683/948/514 682/949/515 742/902/528
f 742/902/528 682/949/515 681/950/517
f 742/902/528 681/950/517 743/906/532
f 743/906/532 681/950/517 680/951/519
f 743/906/532 680/951/519 679/952/521
f 679/952/521 659/953/472 743/906/532
f 743/906/532 659/953/472 626/954/572
f 743/906/532 626/954/572 744/908/534
f 744/908/534 626/954/572 625/955/573
f 744/908/534 625/955/573 745/910/536
f 745/910/536 625/955/573 624/956/574
f 745/910/536 624/956/574 746/912/538
f 746/912/538 624/956/574 623/957/575
f 746/912/538 623/957/575 747/915/541
f 747/915/541 623/957/575 622/958/576
f 747/915/541 622/958/576 748/917/543
f 748/917/543 622/958/576 621/959/577
f 748/917/543 621/959/577 749/919/545
f 749/919/545 621/959/577 620/960/578
f 749/919/545 620/960/578 750/921/547
f 750/921/547 620/960/578 619/961/579
f 750/921/547 619/961/579 751/923/549
f 751/923/549 619/961/579 618/962/580
f 751/923/549 618/962/580 752/925/551
f 752/925/551 618/962/580 617/963/581
f 752/925/551 617/963/581 740/927/553
f 740/927/553 617/963/581 616/964/582
f 740/927/553 616/964/582 753/929/555
f 753/929/555 616/964/582 754/932/558
f 659/953/472 627/965/471 626/954/572
f 616/964/582 615/966/583 754/932/558
f 754/932/558 615/966/583 755/934/560
f 615/966/583 614/967/584 755/934/560
f 755/934/560 614/967/584 756/937/563
f 614/967/584 613/968/585 756/937/563
f 756/937/563 613/968/585 757/940/566
f 613/968/585 612/969/586 757/940/566
f 757/940/566 612/969/586 758/942/568
f 612/969/586 512/944/570 758/942/568
f 720/903/529 721/970/587 741/897/526
f 741/897/526 721/970/587 759/971/588
f 741/897/526 759/971/588 644/899/527
f 644/899/527 759/971/588 645/972/589
f 645/972/589 759/971/588 760/973/590
f 645/972/589 760/973/590 646/974/591
f 646/974/591 760/973/590 647/975/592
f 647/975/592 760/973/590 761/976/593
f 647/975/592 761/976/593 648/977/594
f 648/977/594 761/976/593 762/978/595
f 648/977/594 762/978/595 649/979/596
f 649/979/596 762/978/595 763/980/597
f 649/979/596 763/980/597 650/981/598
f 650/981/598 763/980/597 764/982/599
f 650/981/598 764/982/599 651/983/600
f 651/983/600 764/982/599 652/984/601
f 652/984/601 764/982/599 765/985/602
f 652/984/601 765/985/602 653/986/603
f 653/986/603 765/985/602 766/987/604
f 653/986/603 766/987/604 654/988/605
f 654/988/605 766/987/604 767/989/606
f 654/988/605 767/989/606 655/990/607
f 655/990/607 767/989/606 768/991/608
f 655/990/607 768/991/608 656/992/609
f 656/992/609 768/991/608 769/993/610
f 656/992/609 769/993/610 657/994/611
f 657/994/611 769/993/610 658/995/612
f 658/995/612 769/993/610 770/996/613
f 658/995/612 770/996/613 510/997/614
f 510/997/614 770/996/613 506/998/615
f 510/997/614 506/998/615 505/999/616
f 721/970/587 722/1000/617 759/971/588
f 759/971/588 722/1000/617 723/1001/618
f 759/971/588 723/1001/618 760/973/590
f 760/973/590 723/1001/618 724/1002/619
f 760/973/590 724/1002/619 761/976/593
f 761/976/593 724/1002/619 725/1003/620
f 761/976/593 725/1003/620 762/978/595
f 762/978/595 725/1003/620 726/1004/621
f 762/978/595 726/1004/621 727/1005/622
f 762/978/595 727/1005/622 763/980/597
f 763/980/597 727/1005/622 728/1006/623
f 763/980/597 728/1006/623 764/982/599
f 764/982/599 728/1006/623 729/1007/624
f 764/982/599 729/1007/624 730/1008/625
f 764/982/599 730/1008/625 765/985/602
f 765/985/602 730/1008/625 731/1009/626
f 765/985/602 731/1009/626 766/987/604
f 766/987/604 731/1009/626 732/1010/627
f 766/987/604 732/1010/627 733/1011/628
f 766/987/604 733/1011/628 767/989/606
f 767/989/606 733/1011/628 734/1012/629
f 767/989/606 734/1012/629 735/1013/630
f 767/989/606 735/1013/630 768/991/608
f 768/991/608 735/1013/630 736/1014/631
f 768/991/608 736/1014/631 737/1015/632
f 737/1015/632 738/1016/633 768/991/608
f 768/991/608 738/1016/633 769/993/610
f 738/1016/633 739/1017/634 769/993/610
f 769/993/610 739/1017/634 507/1018/635
f 769/993/610 507/1018/635 770/996/613
f 770/996/613 507/1018/635 506/998/615
f 463/1019/636 507/1020/635 773/1021/637
f 773/1021/637 507/1020/635 739/1022/634
f 773/1021/637 739/1022/634 772/1023/638
f 772/1023/638 739/1022/634 738/1024/633
f 772/1023/638 738/1024/633 737/1025/632
f 772/1023/638 737/1025/632 771/1026/639
f 771/1026/639 737/1025/632 736/1027/631
f 771/1026/639 736/1027/631 468/1028/640
f 468/1028/640 736/1027/631 735/1029/630
f 468/1028/640 467/1030/641 771/1026/639
f 771/1026/639 467/1030/641 466/1031/642
f 771/1026/639 466/1031/642 772/1023/638
f 772/1023/638 466/1031/642 465/1032/643
f 772/1023/638 465/1032/643 464/1033/644
f 772/1023/638 464/1033/644 773/1021/637
f 773/1021/637 464/1033/644 463/1019/636
f 468/1034/640 735/1035/630 469/1036/645
f 469/1036/645 735/1035/630 774/1037/646
f 469/1036/645 774/1037/646 470/1038/647
f 470/1038/647 774/1037/646 775/1039/648
f 470/1038/647 775/1039/648 471/1040/649
f 471/1040/649 775/1039/648 776/1041/650
f 471/1040/649 776/1041/650 472/1042/651
f 472/1042/651 776/1041/650 777/1043/652
f 472/1042/651 777/1043/652 473/1044/653
f 473/1044/653 777/1043/652 778/1045/654
f 473/1044/653 778/1045/654 474/1046/655
f 474/1046/655 778/1045/654 779/1047/656
f 474/1046/655 779/1047/656 475/1048/657
f 475/1048/657 779/1047/656 780/1049/658
f 475/1048/657 780/1049/658 476/1050/659
f 476/1050/659 780/1049/658 477/1051/660
f 477/1051/660 780/1049/658 781/1052/661
f 477/1051/660 781/1052/661 478/1053/662
f 478/1053/662 781/1052/661 782/1054/663
f 478/1053/662 782/1054/663 479/1055/664
f 479/1055/664 782/1054/663 783/1056/665
f 479/1055/664 783/1056/665 480/1057/666
f 480/1057/666 783/1056/665 784/1058/667
f 480/1057/666 784/1058/667 481/1059/668
f 481/1059/668 784/1058/667 785/1060/669
f 481/1059/668 785/1060/669 482/1061/670
f 482/1061/670 785/1060/669 786/1062/671
f 482/1061/670 786/1062/671 483/1063/672
f 483/1063/672 786/1062/671 787/1064/673
f 483/1063/672 787/1064/673 484/1065/674
f 484/1065/674 787/1064/673 485/1066/675
f 485/1066/675 787/1064/673 788/1067/676
f 485/1066/675 788/1067/676 486/1068/677
f 486/1068/677 788/1067/676 789/1069/678
f 486/1068/677 789/1069/678 487/1070/679
f 487/1070/679 789/1069/678 790/1071/680
f 487/1070/679 790/1071/680 488/1072/681
f 488/1072/681 790/1071/680 489/1073/682
f 489/1073/682 790/1071/680 791/1074/683
f 489/1073/682 791/1074/683 490/1075/684
f 490/1075/684 791/1074/683 491/1076/685
f 491/1076/685 791/1074/683 792/1077/686
f 491/1076/685 792/1077/686 492/1078/687
f 492/1078/687 792/1077/686 793/1079/688
f 492/1078/687 793/1079/688 493/1080/689
f 493/1080/689 793/1079/688 794/1081/690
f 493/1080/689 794/1081/690 494/1082/691
f 494/1082/691 794/1081/690 795/1083/692
f 494/1082/691 795/1083/692 495/1084/693
f 495/1084/693 795/1083/692 496/1085/694
f 496/1085/694 795/1083/692 796/1086/695
f 496/1085/694 796/1086/695 497/1087/696
f 497/1087/696 796/1086/695 797/1088/697
f 497/1087/696 797/1088/697 498/1089/698
f 498/1089/698 797/1088/697 499/1090/699
f 499/1090/699 797/1088/697 500/1091/700
f 500/1091/700 797/1088/697 704/1092/557
f 500/1091/700 704/1092/557 703/1093/559
f 735/1035/630 734/1094/629 774/1037/646
f 774/1037/646 734/1094/629 733/1095/628
f 774/1037/646 733/1095/628 775/1039/648
f 775/1039/648 733/1095/628 732/1096/627
f 775/1039/648 732/1096/627 776/1041/650
f 776/1041/650 732/1096/627 731/1097/626
f 776/1041/650 731/1097/626 777/1043/652
f 777/1043/652 731/1097/626 730/1098/625
f 777/1043/652 730/1098/625 778/1045/654
f 778/1045/654 730/1098/625 729/1099/624
f 778/1045/654 729/1099/624 779/1047/656
f 779/1047/656 729/1099/624 728/1100/623
f 779/1047/656 728/1100/623 780/1049/658
f 780/1049/658 728/1100/623 727/1101/622
f 780/1049/658 727/1101/622 726/1102/621
f 780/1049/658 726/1102/621 781/1052/661
f 781/1052/661 726/1102/621 725/1103/620
f 781/1052/661 725/1103/620 782/1054/663
f 782/1054/663 725/1103/620 724/1104/619
f 782/1054/663 724/1104/619 783/1056/665
f 783/1056/665 724/1104/619 723/1105/618
f 783/1056/665 723/1105/618 784/1058/667
f 784/1058/667 723/1105/618 722/1106/617
f 784/1058/667 722/1106/617 785/1060/669
f 785/1060/669 722/1106/617 721/1107/587
f 785/1060/669 721/1107/587 786/1062/671
f 786/1062/671 721/1107/587 720/1108/529
f 786/1062/671 720/1108/529 787/1064/673
f 787/1064/673 720/1108/529 719/1109/530
f 787/1064/673 719/1109/530 718/1110/531
f 787/1064/673 718/1110/531 788/1067/676
f 788/1067/676 718/1110/531 717/1111/533
f 788/1067/676 717/1111/533 789/1069/678
f 789/1069/678 717/1111/533 716/1112/535
f 789/1069/678 716/1112/535 790/1071/680
f 790/1071/680 716/1112/535 715/1113/537
f 790/1071/680 715/1113/537 714/1114/539
f 790/1071/680 714/1114/539 791/1074/683
f 791/1074/683 714/1114/539 713/1115/540
f 791/1074/683 713/1115/540 712/1116/542
f 791/1074/683 712/1116/542 792/1077/686
f 792/1077/686 712/1116/542 711/1117/544
f 792/1077/686 711/1117/544 793/1079/688
f 793/1079/688 711/1117/544 710/1118/546
f 793/1079/688 710/1118/546 794/1081/690
f 794/1081/690 710/1118/546 709/1119/548
f 794/1081/690 709/1119/548 795/1083/692
f 795/1083/692 709/1119/548 708/1120/550
f 795/1083/692 708/1120/550 707/1121/552
f 795/1083/692 707/1121/552 796/1086/695
f 796/1086/695 707/1121/552 706/1122/554
f 796/1086/695 706/1122/554 705/1123/556
f 796/1086/695 705/1123/556 797/1088/697
f 797/1088/697 705/1123/556 704/1092/557
f 696/1124/567 460/1125/701 800/1126/702
f 800/1126/702 460/1125/701 504/1127/703
f 800/1126/702 504/1127/703 799/1128/704
f 799/1128/704 504/1127/703 503/1129/705
f 799/1128/704 503/1129/705 502/1130/706
f 799/1128/704 502/1130/706 798/1131/707
f 798/1131/707 502/1130/706 501/1132/708
f 798/1131/707 501/1132/708 500/1133/700
f 703/1134/559 702/1135/561 500/1133/700
f 500/1133/700 702/1135/561 798/1131/707
f 702/1135/561 701/1136/562 798/1131/707
f 798/1131/707 701/1136/562 799/1128/704
f 701/1136/562 700/1137/564 799/1128/704
f 799/1128/704 700/1137/564 699/1138/565
f 799/1128/704 699/1138/565 800/1126/702
f 800/1126/702 699/1138/565 696/1124/567
f 582/1139/709 509/1140/710 801/1141/711
f 801/1141/711 509/1140/710 411/1142/712
f 801/1141/711 411/1142/712 459/1143/713
f 459/1143/713 458/1144/714 801/1141/711
f 801/1141/711 458/1144/714 802/1145/715
f 801/1141/711 802/1145/715 582/1139/709
f 582/1139/709 802/1145/715 583/1146/716
f 583/1146/716 802/1145/715 803/1147/717
f 583/1146/716 803/1147/717 584/1148/718
f 584/1148/718 803/1147/717 585/1149/719
f 585/1149/719 803/1147/717 804/1150/720
f 585/1149/719 804/1150/720 586/1151/721
f 586/1151/721 804/1150/720 805/1152/722
f 586/1151/721 805/1152/722 587/1153/723
f 587/1153/723 805/1152/722 806/1154/724
f 587/1153/723 806/1154/724 588/1155/725
f 588/1155/725 806/1154/724 807/1156/726
f 588/1155/725 807/1156/726 589/1157/727
f 589/1157/727 807/1156/726 808/1158/728
f 589/1157/727 808/1158/728 590/1159/729
f 590/1159/729 808/1158/728 809/1160/730
f 590/1159/729 809/1160/730 591/1161/731
f 591/1161/731 809/1160/730 810/1162/732
f 591/1161/731 810/1162/732 592/1163/733
f 592/1163/733 810/1162/732 811/1164/734
f 592/1163/733 811/1164/734 593/1165/735
f 593/1165/735 811/1164/734 812/1166/736
f 593/1165/735 812/1166/736 594/1167/737
f 594/1167/737 812/1166/736 813/1168/738
f 594/1167/737 813/1168/738 595/1169/739
f 595/1169/739 813/1168/738 814/1170/740
f 595/1169/739 814/1170/740 596/1171/741
f 596/1171/741 814/1170/740 815/1172/742
f 596/1171/741 815/1172/742 538/1173/453
f 538/1173/453 815/1172/742 444/1174/743
f 444/1174/743 815/1172/742 445/1175/744
f 445/1175/744 815/1172/742 814/1170/740
f 445/1175/744 814/1170/740 446/1176/745
f 446/1176/745 814/1170/740 813/1168/738
f 446/1176/745 813/1168/738 447/1177/746
f 447/1177/746 813/1168/738 812/1166/736
f 447/1177/746 812/1166/736 448/1178/747
f 448/1178/747 812/1166/736 811/1164/734
f 448/1178/747 811/1164/734 449/1179/748
f 449/1179/748 811/1164/734 810/1162/732
f 449/1179/748 810/1162/732 450/1180/749
f 450/1180/749 810/1162/732 809/1160/730
f 450/1180/749 809/1160/730 451/1181/750
f 451/1181/750 809/1160/730 808/1158/728
f 451/1181/750 808/1158/728 452/1182/751
f 452/1182/751 808/1158/728 807/1156/726
f 452/1182/751 807/1156/726 453/1183/752
f 453/1183/752 807/1156/726 806/1154/724
f 453/1183/752 806/1154/724 454/1184/753
f 454/1184/753 806/1154/724 805/1152/722
f 454/1184/753 805/1152/722 455/1185/754
f 455/1185/754 805/1152/722 804/1150/720
f 455/1185/754 804/1150/720 456/1186/755
f 456/1186/755 804/1150/720 803/1147/717
f 456/1186/755 803/1147/717 457/1187/756
f 457/1187/756 803/1147/717 802/1145/715
f 457/1187/756 802/1145/715 458/1144/714
f 538/1173/453 537/1188/452 596/1171/741
f 596/1171/741 537/1188/452 536/1189/466
f 596/1171/741 536/1189/466 535/1190/467
f 535/1190/467 534/1191/468 596/1171/741
f 830/1192/757 2/2/2 832/1193/758
f 832/1193/758 2/2/2 1/1/1
f 832/1193/758 1/1/1 581/1194/759
f 832/1193/758 581/1194/759 831/1195/760
f 831/1195/760 581/1194/759 580/1196/761
f 831/1195/760 580/1196/761 833/1197/762
f 833/1197/762 580/1196/761 579/1198/763
f 833/1197/762 579/1198/763 834/1199/764
f 834/1199/764 579/1198/763 578/1200/765
f 834/1199/764 578/1200/765 835/1201/766
f 835/1201/766 578/1200/765 577/1202/767
f 835/1201/766 577/1202/767 836/1203/768
f 836/1203/768 577/1202/767 576/1204/769
f 836/1203/768 576/1204/769 837/1205/770
f 837/1205/770 576/1204/769 575/1206/771
f 837/1205/770 575/1206/771 838/1207/772
f 838/1207/772 575/1206/771 574/1208/773
f 838/1207/772 574/1208/773 839/1209/774
f 839/1209/774 574/1208/773 573/1210/775
f 839/1209/774 573/1210/775 840/1211/776
f 840/1211/776 573/1210/775 572/1212/777
f 840/1211/776 572/1212/777 571/1213/778
f 840/1211/776 571/1213/778 841/1214/779
f 841/1214/779 571/1213/778 570/1215/780
f 841/1214/779 570/1215/780 842/1216/781
f 842/1216/781 570/1215/780 569/1217/782
f 842/1216/781 569/1217/782 843/1218/783
f 843/1218/783 569/1217/782 568/1219/784
f 843/1218/783 568/1219/784 567/1220/785
f 843/1218/783 567/1220/785 844/1221/786
f 844/1221/786 567/1220/785 566/1222/787
f 844/1221/786 566/1222/787 845/1223/788
f 845/1223/788 566/1222/787 565/1224/789
f 845/1223/788 565/1224/789 18/1225/43
f 18/1225/43 565/1224/789 19/1226/44
f 18/1225/43 816/1227/790 845/1223/788
f 845/1223/788 816/1227/790 817/1228/791
f 845/1223/788 817/1228/791 844/1221/786
f 844/1221/786 817/1228/791 818/1229/792
f 844/1221/786 818/1229/792 843/1218/783
f 843/1218/783 818/1229/792 819/1230/793
f 843/1218/783 819/1230/793 842/1216/781
f 842/1216/781 819/1230/793 820/1231/794
f 842/1216/781 820/1231/794 841/1214/779
f 841/1214/779 820/1231/794 821/1232/795
f 841/1214/779 821/1232/795 840/1211/776
f 840/1211/776 821/1232/795 822/1233/796
f 840/1211/776 822/1233/796 839/1209/774
f 839/1209/774 822/1233/796 823/1234/797
f 839/1209/774 823/1234/797 824/1235/798
f 839/1209/774 824/1235/798 838/1207/772
f 838/1207/772 824/1235/798 825/1236/799
f 838/1207/772 825/1236/799 837/1205/770
f 837/1205/770 825/1236/799 836/1203/768
f 825/1236/799 826/1237/800 836/1203/768
f 836/1203/768 826/1237/800 835/1201/766
f 826/1237/800 827/1238/801 835/1201/766
f 835/1201/766 827/1238/801 834/1199/764
f 827/1238/801 828/1239/802 834/1199/764
f 834/1199/764 828/1239/802 833/1197/762
f 828/1239/802 829/1240/803 833/1197/762
f 833/1197/762 829/1240/803 831/1195/760
f 829/1240/803 830/1192/757 831/1195/760
f 831/1195/760 830/1192/757 832/1193/758
f 553/1241/421 846/1242/804 514/1243/419
f 514/1243/419 846/1242/804 429/1244/805
f 514/1243/419 429/1244/805 428/1245/806
f 553/1241/421 552/1246/469 846/1242/804
f 846/1242/804 552/1246/469 847/1247/807
f 846/1242/804 847/1247/807 430/1248/808
f 430/1248/808 847/1247/807 431/1249/809
f 431/1249/809 847/1247/807 848/1250/810
f 431/1249/809 848/1250/810 432/1251/811
f 432/1251/811 848/1250/810 849/1252/812
f 432/1251/811 849/1252/812 433/1253/813
f 433/1253/813 849/1252/812 850/1254/814
f 433/1253/813 850/1254/814 434/1255/815
f 434/1255/815 850/1254/814 851/1256/816
f 434/1255/815 851/1256/816 435/1257/817
f 435/1257/817 851/1256/816 852/1258/16
f 435/1257/817 852/1258/16 436/1259/818
f 436/1259/818 852/1258/16 437/1260/819
f 437/1260/819 852/1258/16 853/1261/820
f 437/1260/819 853/1261/820 438/1262/821
f 438/1262/821 853/1261/820 854/1263/822
f 438/1262/821 854/1263/822 855/1264/823
f 855/1264/823 854/1263/822 544/1265/441
f 855/1264/823 544/1265/441 543/1266/443
f 552/1246/469 551/1267/430 847/1247/807
f 847/1247/807 551/1267/430 848/1250/810
f 551/1267/430 550/1268/431 848/1250/810
f 848/1250/810 550/1268/431 849/1252/812
f 550/1268/431 549/1269/433 849/1252/812
f 849/1252/812 549/1269/433 850/1254/814
f 549/1269/433 548/1270/434 850/1254/814
f 850/1254/814 548/1270/434 851/1256/816
f 548/1270/434 547/1271/436 851/1256/816
f 851/1256/816 547/1271/436 852/1258/16
f 547/1271/436 546/1272/438 852/1258/16
f 852/1258/16 546/1272/438 545/1273/439
f 852/1258/16 545/1273/439 853/1261/820
f 853/1261/820 545/1273/439 544/1265/441
f 853/1261/820 544/1265/441 854/1263/822
f 855/1264/823 543/1266/443 856/1274/824
f 856/1274/824 543/1266/443 542/1275/445
f 856/1274/824 542/1275/445 857/1276/825
f 857/1276/825 542/1275/445 541/1277/447
f 857/1276/825 541/1277/447 858/1278/826
f 858/1278/826 541/1277/447 540/1279/449
f 858/1278/826 540/1279/449 859/1280/827
f 859/1280/827 540/1279/449 539/1281/451
f 859/1280/827 539/1281/451 860/1282/828
f 860/1282/828 539/1281/451 538/1283/453
f 860/1282/828 538/1283/453 444/1284/743
f 444/1284/743 443/1285/829 860/1282/828
f 860/1282/828 443/1285/829 859/1280/827
f 443/1285/829 442/1286/830 859/1280/827
f 859/1280/827 442/1286/830 858/1278/826
f 442/1286/830 441/1287/831 858/1278/826
f 858/1278/826 441/1287/831 857/1276/825
f 441/1287/831 440/1288/832 857/1276/825
f 857/1276/825 440/1288/832 856/1274/824
f 440/1288/832 439/1289/833 856/1274/824
f 856/1274/824 439/1289/833 855/1264/823
f 439/1289/833 438/1262/821 855/1264/823
f 430/1248/808 429/1244/805 846/1242/804
f 412/1290/834 513/1291/835 413/1292/836
f 413/1292/836 513/1291/835 861/1293/837
f 413/1292/836 861/1293/837 414/1294/838
f 414/1294/838 861/1293/837 862/1295/839
f 414/1294/838 862/1295/839 415/1296/840
f 415/1296/840 862/1295/839 863/1297/841
f 415/1296/840 863/1297/841 416/1298/842
f 416/1298/842 863/1297/841 864/1299/843
f 416/1298/842 864/1299/843 417/1300/844
f 417/1300/844 864/1299/843 865/1301/845
f 417/1300/844 865/1301/845 418/1302/846
f 418/1302/846 865/1301/845 866/1303/847
f 418/1302/846 866/1303/847 419/1304/848
f 419/1304/848 866/1303/847 867/1305/849
f 419/1304/848 867/1305/849 420/1306/850
f 420/1306/850 867/1305/849 868/1307/851
f 420/1306/850 868/1307/851 421/1308/852
f 421/1308/852 868/1307/851 869/1309/853
f 421/1308/852 869/1309/853 422/1310/854
f 422/1310/854 869/1309/853 870/1311/855
f 422/1310/854 870/1311/855 423/1312/856
f 423/1312/856 870/1311/855 871/1313/857
f 423/1312/856 871/1313/857 424/1314/858
f 424/1314/858 871/1313/857 872/1315/859
f 424/1314/858 872/1315/859 425/1316/860
f 425/1316/860 872/1315/859 873/1317/861
f 425/1316/860 873/1317/861 426/1318/862
f 426/1318/862 873/1317/861 874/1319/863
f 426/1318/862 874/1319/863 427/1320/864
f 427/1320/864 874/1319/863 875/1321/865
f 427/1320/864 875/1321/865 428/1322/806
f 428/1322/806 875/1321/865 514/1323/419
f 514/1323/419 875/1321/865 597/1324/866
f 514/1323/419 597/1324/866 515/1325/420
f 515/1325/420 597/1324/866 516/1326/422
f 516/1326/422 597/1324/866 517/1327/426
f 517/1327/426 597/1324/866 518/1328/427
f 513/1291/835 611/1329/867 861/1293/837
f 861/1293/837 611/1329/867 862/1295/839
f 611/1329/867 610/1330/868 862/1295/839
f 862/1295/839 610/1330/868 863/1297/841
f 610/1330/868 609/1331/869 863/1297/841
f 863/1297/841 609/1331/869 864/1299/843
f 609/1331/869 608/1332/870 864/1299/843
f 864/1299/843 608/1332/870 865/1301/845
f 608/1332/870 607/1333/871 865/1301/845
f 865/1301/845 607/1333/871 866/1303/847
f 607/1333/871 606/1334/872 866/1303/847
f 866/1303/847 606/1334/872 867/1305/849
f 606/1334/872 605/1335/873 867/1305/849
f 867/1305/849 605/1335/873 868/1307/851
f 605/1335/873 604/1336/874 868/1307/851
f 868/1307/851 604/1336/874 869/1309/853
f 604/1336/874 603/1337/875 869/1309/853
f 869/1309/853 603/1337/875 870/1311/855
f 603/1337/875 602/1338/876 870/1311/855
f 870/1311/855 602/1338/876 871/1313/857
f 602/1338/876 601/1339/877 871/1313/857
f 871/1313/857 601/1339/877 872/1315/859
f 601/1339/877 600/1340/878 872/1315/859
f 872/1315/859 600/1340/878 873/1317/861
f 600/1340/878 599/1341/879 873/1317/861
f 873/1317/861 599/1341/879 874/1319/863
f 599/1341/879 598/1342/880 874/1319/863
f 874/1319/863 598/1342/880 875/1321/865
f 598/1342/880 597/1324/866 875/1321/865
s 0
f 816/1343/470 18/1344/470 876/1345/470
f 876/1345/470 18/1344/470 17/1346/470
f 876/1345/470 17/1346/470 16/1347/470
f 16/1347/470 15/1348/470 876/1345/470
f 876/1345/470 15/1348/470 14/1349/470
f 876/1345/470 14/1349/470 13/1350/470
f 13/1350/470 12/1351/470 876/1345/470
f 876/1345/470 12/1351/470 11/1352/470
f 876/1345/470 11/1352/470 10/1353/470
f 10/1353/470 9/1354/470 876/1345/470
f 876/1345/470 9/1354/470 8/1355/470
f 876/1345/470 8/1355/470 7/1356/470
f 7/1356/470 6/1357/470 876/1345/470
f 876/1345/470 6/1357/470 5/1358/470
f 876/1345/470 5/1358/470 4/1359/470
f 4/1359/470 3/1360/470 876/1345/470
f 876/1345/470 3/1360/470 2/1361/470
f 876/1345/470 2/1361/470 830/1362/470
f 830/1362/470 829/1363/470 876/1345/470
f 876/1345/470 829/1363/470 828/1364/470
f 876/1345/470 828/1364/470 827/1365/470
f 827/1365/470 826/1366/470 876/1345/470
f 876/1345/470 826/1366/470 825/1367/470
f 876/1345/470 825/1367/470 824/1368/470
f 824/1368/470 823/1369/470 876/1345/470
f 876/1345/470 823/1369/470 822/1370/470
f 876/1345/470 822/1370/470 821/1371/470
f 821/1371/470 820/1372/470 876/1345/470
f 876/1345/470 820/1372/470 819/1373/470
f 876/1345/470 819/1373/470 818/1374/470
f 818/1374/470 817/1375/470 876/1345/470
f 876/1345/470 817/1375/470 816/1343/470
