# Blender 4.2.3 LTS
# www.blender.org
o link_2__m1
v -0.041062 0.027486 0.284933
v -0.046328 0.028296 0.287957
v -0.046632 0.028351 0.288162
v -0.035587 0.026775 0.282280
v -0.029931 0.026167 0.280009
v -0.024122 0.025664 0.278132
v -0.018189 0.025269 0.276658
v -0.012164 0.024983 0.275593
v -0.006077 0.024809 0.274941
v 0.000043 0.024745 0.274705
v -0.051027 0.029276 0.291613
v -0.055157 0.030278 0.295353
v -0.059006 0.031354 0.299369
v -0.062553 0.032499 0.303640
v -0.065771 0.033702 0.308132
v -0.068654 0.034961 0.312831
v -0.071199 0.036272 0.317724
v -0.073350 0.037597 0.322668
v -0.075100 0.038906 0.327552
v -0.076488 0.040189 0.332342
v -0.078335 0.042647 0.341514
v -0.079198 0.044901 0.349926
v -0.079381 0.046978 0.357679
v -0.079055 0.049048 0.365403
v -0.078296 0.051111 0.373103
v -0.075778 0.055207 0.388390
v -0.074178 0.057247 0.396003
v -0.073325 0.058274 0.399837
v -0.072348 0.059428 0.404141
v -0.071421 0.060513 0.408192
v -0.070734 0.061312 0.411172
v -0.069526 0.062703 0.416366
v -0.068384 0.063989 0.421165
v -0.067280 0.065185 0.425629
v -0.065078 0.067378 0.433811
v -0.062688 0.069438 0.441499
v -0.059943 0.071435 0.448952
v -0.056709 0.073404 0.456303
v -0.052851 0.075382 0.463684
v -0.048231 0.077403 0.471228
v -0.042714 0.079504 0.479066
v -0.041846 0.079754 0.480001
v -0.037341 0.080713 0.483579
v -0.032557 0.081586 0.486835
v -0.027529 0.082358 0.489719
v -0.022295 0.083017 0.492178
v -0.016879 0.083550 0.494168
v -0.011295 0.083947 0.495648
v -0.005594 0.084194 0.496570
v 0.000177 0.084283 0.496902
v 0.038164 0.080723 0.483616
v 0.042719 0.079754 0.480001
v 0.043586 0.079504 0.479066
v 0.047521 0.078033 0.473579
v 0.050990 0.076612 0.468273
v 0.054038 0.075229 0.463114
v 0.056713 0.073877 0.458066
v 0.061127 0.071224 0.448165
v 0.064610 0.068571 0.438265
v 0.067542 0.065818 0.427992
v 0.033323 0.081603 0.486902
v 0.028234 0.082381 0.489806
v 0.022935 0.083043 0.492275
v 0.017449 0.083576 0.494263
v 0.011793 0.083968 0.495726
v 0.006018 0.084207 0.496618
v 0.070178 0.062955 0.417306
v 0.070819 0.062223 0.414573
v 0.071524 0.061407 0.411529
v 0.073139 0.059524 0.404502
v 0.073891 0.058639 0.401196
v 0.074557 0.057845 0.398234
v 0.075867 0.056230 0.392207
v 0.078144 0.053012 0.380198
v 0.079707 0.049773 0.368108
v 0.080259 0.046512 0.355940
v 0.080061 0.044862 0.349781
v 0.079434 0.043086 0.343152
v 0.078237 0.041191 0.336080
v 0.076327 0.039207 0.328677
v 0.073564 0.037165 0.321055
v 0.069882 0.035131 0.313466
v 0.065395 0.033213 0.306308
v 0.060122 0.031428 0.299644
v 0.054136 0.029801 0.293573
v 0.047505 0.028351 0.288162
v 0.047200 0.028296 0.287957
v 0.041850 0.027474 0.284888
v 0.036285 0.026754 0.282203
v 0.030533 0.026141 0.279912
v 0.024623 0.025636 0.278027
v 0.018588 0.025242 0.276559
v 0.012459 0.024962 0.275513
v 0.006267 0.024796 0.274894
v -0.039799 0.040263 0.285167
v -0.046227 0.042837 0.289128
v -0.039761 0.048565 0.286106
v -0.046140 0.050874 0.290205
v -0.039714 0.056815 0.287427
v -0.046027 0.058851 0.291673
v -0.039663 0.064147 0.289004
v -0.046006 0.060267 0.291982
v -0.045887 0.067534 0.293848
v -0.039604 0.071372 0.291016
v -0.045756 0.074637 0.296195
v -0.039536 0.078436 0.293530
v -0.045736 0.075704 0.296601
v -0.045586 0.082776 0.299701
v -0.039458 0.085271 0.296611
v -0.045425 0.089551 0.303512
v -0.039369 0.091785 0.300319
v -0.045413 0.090054 0.303836
v -0.039270 0.097871 0.304694
v -0.045237 0.096541 0.308636
v -0.039160 0.103408 0.309741
v -0.045054 0.102323 0.314223
v -0.039041 0.108286 0.315425
v -0.044850 0.107679 0.321157
v -0.038941 0.111654 0.320381
v -0.044682 0.111322 0.327559
v -0.038838 0.114523 0.325642
v -0.038732 0.116884 0.331147
v -0.032281 0.116755 0.322372
v -0.032196 0.119288 0.327892
v -0.024387 0.118814 0.319359
v -0.024324 0.121504 0.324892
v -0.016249 0.120293 0.317196
v -0.016208 0.123096 0.322740
v -0.012099 0.120814 0.316434
v -0.012067 0.123657 0.321981
v -0.007947 0.121184 0.315893
v -0.007927 0.124055 0.321443
v -0.003761 0.121408 0.315566
v -0.003750 0.124296 0.321118
v 0.000436 0.121482 0.315457
v 0.000436 0.124376 0.321009
v 0.005775 0.121361 0.315634
v 0.005762 0.124246 0.321185
v 0.011092 0.121000 0.316162
v 0.011066 0.123857 0.321711
v 0.015711 0.120487 0.316912
v 0.015674 0.123305 0.322457
v 0.020284 0.119792 0.317928
v 0.020234 0.122557 0.323469
v 0.024796 0.118915 0.319211
v 0.024734 0.121613 0.324745
v 0.029234 0.117858 0.320757
v 0.029160 0.120476 0.326284
v 0.033584 0.116624 0.322564
v 0.033498 0.119146 0.328084
v 0.037834 0.115214 0.324629
v 0.037735 0.117628 0.330139
v 0.041971 0.113631 0.326948
v 0.041858 0.115924 0.332448
v 0.045555 0.111312 0.327540
v 0.045342 0.114853 0.336452
v 0.041744 0.117723 0.338130
v 0.045203 0.116517 0.342787
v 0.041629 0.119051 0.343939
v 0.045165 0.116877 0.344572
v 0.041515 0.119944 0.349832
v 0.045021 0.117892 0.351622
v 0.041402 0.120437 0.355772
v 0.044881 0.118330 0.358769
v 0.041290 0.120567 0.361732
v 0.044838 0.118358 0.361058
v 0.041179 0.120370 0.367690
v 0.044684 0.118066 0.369228
v 0.041070 0.119879 0.373634
v 0.044533 0.117229 0.377320
v 0.040918 0.118731 0.382032
v 0.044280 0.114846 0.390660
v 0.040769 0.117124 0.390356
v 0.044231 0.114264 0.393212
v 0.040624 0.115122 0.398595
v 0.043959 0.110360 0.407472
v 0.040483 0.112780 0.406746
v 0.040344 0.110149 0.414809
v 0.036401 0.112870 0.413295
v 0.036282 0.109987 0.421362
v 0.032235 0.112408 0.420093
v 0.032038 0.105974 0.436136
v 0.027914 0.108059 0.435153
v 0.027755 0.100948 0.451054
v 0.023564 0.102682 0.450314
v 0.023441 0.095177 0.466158
v 0.019194 0.096568 0.465624
v 0.019104 0.088992 0.481538
v 0.014812 0.090059 0.481180
v 0.010470 0.090847 0.480915
v 0.005465 0.091403 0.480729
v 0.000436 0.091589 0.480667
v 0.005488 0.099062 0.464670
v 0.000436 0.099255 0.464597
v 0.005514 0.106703 0.448603
v 0.000436 0.106902 0.448518
v 0.005542 0.113978 0.432368
v 0.000436 0.114183 0.432272
v 0.005572 0.120542 0.415833
v 0.000436 0.120749 0.415724
v 0.005587 0.123440 0.407423
v 0.000436 0.123648 0.407308
v 0.005603 0.126015 0.398909
v 0.000436 0.126222 0.398787
v 0.005619 0.128213 0.390289
v 0.000436 0.128418 0.390159
v 0.005636 0.129971 0.381570
v 0.000436 0.130171 0.381433
v 0.005653 0.131223 0.372766
v 0.000436 0.131418 0.372622
v 0.005671 0.131901 0.363898
v 0.000436 0.132088 0.363746
v 0.005683 0.131992 0.357641
v 0.000436 0.132173 0.357484
v 0.005696 0.131733 0.351389
v 0.000436 0.131907 0.351228
v 0.005709 0.131096 0.345164
v 0.000436 0.131262 0.344999
v 0.005722 0.130053 0.338995
v 0.000436 0.130211 0.338826
v 0.005735 0.128578 0.332914
v 0.000436 0.128727 0.332742
v 0.005749 0.126649 0.326962
v 0.000436 0.126788 0.326788
v -0.044469 0.114853 0.336452
v -0.038626 0.118753 0.336840
v -0.032109 0.121331 0.333612
v -0.024260 0.123709 0.330638
v -0.016166 0.125416 0.328503
v -0.012035 0.126017 0.327752
v -0.007906 0.126444 0.327218
v -0.003740 0.126702 0.326896
v -0.044330 0.116521 0.342807
v -0.038519 0.120151 0.342665
v -0.032023 0.122903 0.339478
v -0.024197 0.125441 0.336542
v -0.016124 0.127263 0.334435
v -0.012003 0.127904 0.333693
v -0.007885 0.128360 0.333166
v -0.003730 0.128635 0.332848
v -0.044292 0.116877 0.344572
v -0.044148 0.117893 0.351631
v -0.038412 0.121111 0.348579
v -0.038306 0.121668 0.354546
v -0.031937 0.124032 0.345447
v -0.031851 0.124748 0.351479
v -0.024133 0.126724 0.342561
v -0.024070 0.127586 0.348654
v -0.016082 0.128657 0.340490
v -0.016040 0.129624 0.346627
v -0.011971 0.129338 0.339760
v -0.011939 0.130342 0.345913
v -0.007864 0.129821 0.339243
v -0.007844 0.130851 0.345407
v -0.003719 0.130113 0.338930
v -0.003709 0.131159 0.345101
v -0.044008 0.118330 0.358787
v -0.043965 0.118358 0.361058
v -0.038202 0.121857 0.360536
v -0.043812 0.118066 0.369228
v -0.038098 0.121713 0.366529
v -0.037996 0.121267 0.372508
v -0.031683 0.125071 0.363624
v -0.031601 0.124742 0.369694
v -0.023946 0.128166 0.360948
v -0.023885 0.127943 0.367102
v -0.015958 0.130388 0.359027
v -0.015918 0.130241 0.365241
v -0.011876 0.131171 0.358350
v -0.011846 0.131052 0.364585
v -0.007803 0.131726 0.357871
v -0.007783 0.131625 0.364121
v -0.003689 0.132061 0.357581
v -0.003679 0.131972 0.363840
v -0.043660 0.117229 0.377320
v -0.037854 0.120174 0.380961
v -0.031486 0.123784 0.378283
v -0.023800 0.127111 0.375815
v -0.015863 0.129499 0.374044
v -0.011803 0.130341 0.373420
v -0.007756 0.130937 0.372978
v -0.003665 0.131298 0.372711
v -0.043407 0.114843 0.390673
v -0.037715 0.118608 0.389340
v -0.031374 0.122320 0.386801
v -0.023718 0.125741 0.384461
v -0.015808 0.128197 0.382782
v -0.011761 0.129064 0.382190
v -0.007729 0.129676 0.381771
v -0.003651 0.130047 0.381518
v -0.043358 0.114264 0.393212
v -0.037580 0.116634 0.397635
v -0.031264 0.120416 0.395234
v -0.023637 0.123902 0.393022
v -0.015755 0.126405 0.391435
v -0.011721 0.127289 0.390875
v -0.007702 0.127913 0.390479
v -0.003638 0.128291 0.390239
v -0.043087 0.110359 0.407476
v -0.037448 0.114307 0.405841
v -0.031158 0.118131 0.403576
v -0.023559 0.121656 0.401489
v -0.015704 0.124187 0.399991
v -0.011681 0.125081 0.399462
v -0.007677 0.125712 0.399089
v -0.003626 0.126094 0.398863
v -0.037318 0.111682 0.413956
v -0.042824 0.105608 0.421421
v -0.037193 0.108802 0.421984
v -0.042780 0.104741 0.423746
v -0.042513 0.099016 0.438015
v -0.036951 0.102430 0.437809
v -0.042263 0.092819 0.452098
v -0.036722 0.095482 0.453392
v -0.036509 0.088227 0.468833
v -0.030573 0.099138 0.451827
v -0.030402 0.091754 0.467473
v -0.023130 0.102516 0.450385
v -0.023004 0.095016 0.466219
v -0.015422 0.104946 0.449350
v -0.015340 0.097363 0.465320
v -0.011464 0.105805 0.448984
v -0.011401 0.098195 0.465001
v -0.007537 0.106411 0.448727
v -0.007496 0.098780 0.464778
v -0.003556 0.106779 0.448571
v -0.003536 0.099136 0.464642
v -0.030245 0.084344 0.483107
v -0.022889 0.087493 0.482043
v -0.015264 0.089761 0.481280
v -0.011343 0.090565 0.481010
v -0.007459 0.091130 0.480820
v -0.003517 0.091474 0.480705
v 0.023328 0.087648 0.481991
v 0.027606 0.093501 0.466801
v 0.031851 0.098923 0.451919
v 0.036054 0.103595 0.437259
v 0.040209 0.107271 0.422788
v 0.043697 0.105611 0.421412
v 0.027471 0.086030 0.482537
v 0.031517 0.084143 0.483175
v 0.035453 0.081994 0.483904
v 0.035638 0.089318 0.468412
v 0.039476 0.086821 0.469377
v 0.039705 0.094024 0.454017
v 0.043136 0.092819 0.452098
v 0.039950 0.100927 0.438520
v 0.043385 0.099016 0.438015
v 0.043653 0.104741 0.423746
v 0.042081 0.110828 0.321689
v 0.045722 0.107679 0.321157
v 0.042188 0.107521 0.316731
v 0.045927 0.102307 0.314205
v 0.042315 0.102712 0.311041
v 0.046110 0.096521 0.308619
v 0.042433 0.097237 0.305987
v 0.046286 0.090032 0.303821
v 0.042540 0.091207 0.301606
v 0.046298 0.089551 0.303512
v 0.042635 0.084745 0.297891
v 0.046459 0.082763 0.299695
v 0.042719 0.077959 0.294803
v 0.046609 0.075677 0.296590
v 0.046629 0.074637 0.296195
v 0.042793 0.070941 0.292281
v 0.046759 0.067519 0.293844
v 0.042856 0.063763 0.290261
v 0.046878 0.060238 0.291976
v 0.046900 0.058851 0.291673
v 0.042911 0.056475 0.288675
v 0.047012 0.050872 0.290205
v 0.042962 0.048274 0.287343
v 0.047099 0.042837 0.289128
v 0.043003 0.040020 0.286392
v 0.038738 0.040452 0.284217
v 0.034365 0.040837 0.282276
v 0.029897 0.041174 0.280574
v 0.025346 0.041463 0.279116
v 0.025326 0.050002 0.280002
v 0.020709 0.050289 0.278781
v 0.020688 0.058828 0.280040
v 0.016019 0.059094 0.279063
v 0.016002 0.066726 0.280581
v 0.011293 0.066948 0.279856
v 0.011280 0.074504 0.281810
v 0.005868 0.074679 0.281296
v 0.005860 0.082104 0.283755
v 0.000436 0.082169 0.283582
v 0.000436 0.089385 0.286613
v -0.003820 0.089341 0.286721
v -0.003812 0.096255 0.290380
v -0.008050 0.096109 0.290703
v -0.008031 0.102613 0.295030
v -0.012228 0.102349 0.295567
v -0.012196 0.108322 0.300571
v -0.016375 0.107915 0.301329
v -0.016329 0.113241 0.306981
v -0.024508 0.111971 0.309144
v -0.024449 0.115632 0.314091
v -0.032364 0.113723 0.317108
v 0.020724 0.041703 0.277905
v 0.016034 0.050517 0.277813
v 0.011305 0.059290 0.278343
v 0.005875 0.067105 0.279344
v 0.000436 0.074738 0.281124
v -0.003828 0.082129 0.283689
v -0.008067 0.089209 0.287042
v -0.012258 0.095868 0.291238
v -0.016418 0.101978 0.296322
v -0.024579 0.106759 0.303484
v -0.032445 0.110202 0.312157
v 0.016046 0.041893 0.276945
v 0.011315 0.050685 0.277098
v 0.005881 0.059429 0.277835
v 0.000436 0.067157 0.279173
v -0.003834 0.074702 0.281230
v -0.008082 0.082009 0.284009
v -0.012285 0.088989 0.287575
v -0.016456 0.095530 0.291990
v -0.024644 0.100924 0.298468
v -0.032541 0.105151 0.306486
v 0.011323 0.042033 0.276236
v 0.005886 0.050803 0.276594
v 0.000436 0.059475 0.277665
v -0.003839 0.067125 0.279279
v -0.008094 0.074593 0.281548
v -0.012308 0.081809 0.284539
v -0.016490 0.088681 0.288323
v -0.024702 0.094569 0.294125
v -0.032629 0.099459 0.301455
v 0.005890 0.042132 0.275736
v 0.000436 0.050843 0.276425
v -0.003844 0.059447 0.277770
v -0.008105 0.067028 0.279595
v -0.012328 0.074414 0.282076
v -0.016520 0.081530 0.285283
v -0.024754 0.087806 0.290448
v -0.032709 0.093233 0.297097
v 0.000436 0.042165 0.275568
v -0.003851 0.042145 0.275672
v -0.008128 0.042084 0.275981
v -0.012384 0.041982 0.276495
v -0.016616 0.041840 0.277213
v -0.016603 0.050453 0.278083
v -0.024927 0.049968 0.280143
v -0.024902 0.058454 0.281413
v -0.032984 0.057667 0.284301
v -0.032944 0.065111 0.285855
v -0.024948 0.041435 0.279256
v -0.033050 0.040872 0.282095
v -0.030757 0.106196 0.436031
v -0.023264 0.109673 0.434393
v -0.015510 0.112172 0.433217
v -0.011532 0.113056 0.432801
v -0.007581 0.113678 0.432508
v -0.003578 0.114057 0.432331
v -0.030952 0.112633 0.419974
v -0.023408 0.116168 0.418122
v -0.015604 0.118707 0.416793
v -0.011605 0.119604 0.416323
v -0.007627 0.120237 0.415992
v -0.003601 0.120621 0.415791
v -0.031053 0.115521 0.411822
v -0.023482 0.119061 0.409854
v -0.015653 0.121603 0.408443
v -0.011642 0.122501 0.407944
v -0.007652 0.123135 0.407593
v -0.003613 0.123519 0.407379
v -0.031766 0.125083 0.357546
v -0.024007 0.128057 0.354792
v -0.015999 0.130191 0.352816
v -0.011907 0.130944 0.352119
v -0.007823 0.131477 0.351626
v -0.003699 0.131799 0.351327
v -0.032781 0.086589 0.293406
v -0.032843 0.079632 0.290341
v -0.032897 0.072450 0.287846
v -0.033020 0.049294 0.283007
v -0.024800 0.080736 0.287398
v -0.024839 0.073446 0.284919
v -0.024873 0.066002 0.282946
v -0.016290 0.117003 0.311925
v -0.012130 0.117486 0.311163
v -0.007967 0.117829 0.310621
v -0.003771 0.118036 0.310294
v 0.000436 0.118106 0.310185
v 0.005788 0.117993 0.310361
v 0.011118 0.117658 0.310891
v 0.015748 0.117183 0.311641
v 0.020333 0.116538 0.312659
v 0.024857 0.115725 0.313943
v 0.029306 0.114746 0.315491
v 0.033669 0.113601 0.317301
v 0.037932 0.112294 0.319368
v -0.016546 0.074162 0.282816
v -0.016568 0.066642 0.280856
v -0.016586 0.059020 0.279336
v -0.012160 0.113688 0.306219
v -0.008010 0.108612 0.300031
v -0.003802 0.102772 0.294705
v 0.000436 0.096303 0.290272
v 0.005851 0.089314 0.286787
v 0.011264 0.081910 0.284272
v 0.015982 0.074256 0.282540
v 0.020666 0.066425 0.281564
v 0.025300 0.058493 0.281271
v 0.029872 0.049655 0.281473
v -0.012345 0.066867 0.280120
v -0.012360 0.059219 0.278606
v -0.012373 0.050623 0.277359
v -0.007987 0.114007 0.305678
v -0.003780 0.114199 0.305351
v 0.000436 0.114263 0.305242
v 0.005800 0.114159 0.305418
v 0.011143 0.113848 0.305947
v 0.015784 0.113408 0.306697
v 0.020380 0.112811 0.307713
v 0.024915 0.112057 0.308996
v 0.029376 0.111150 0.310542
v 0.033751 0.110090 0.312349
v 0.038026 0.108879 0.314413
v -0.003792 0.108787 0.299705
v 0.000436 0.102825 0.294597
v 0.005840 0.096225 0.290447
v 0.011245 0.089100 0.287307
v 0.015959 0.081634 0.285006
v 0.020640 0.073919 0.283529
v 0.025272 0.066045 0.282803
v 0.029841 0.058088 0.282754
v 0.034335 0.049251 0.283189
v -0.008114 0.059361 0.278084
v -0.008122 0.050745 0.276841
v -0.003848 0.050819 0.276529
v 0.000436 0.108845 0.299596
v 0.005815 0.108751 0.299772
v 0.011172 0.108468 0.300299
v 0.015827 0.108067 0.301046
v 0.020435 0.107523 0.302059
v 0.024984 0.106838 0.303337
v 0.029459 0.106012 0.304878
v 0.033848 0.105048 0.306678
v 0.038138 0.103947 0.308733
v 0.005828 0.102739 0.294772
v 0.011223 0.095989 0.290969
v 0.015932 0.088796 0.288044
v 0.020609 0.081261 0.286000
v 0.025239 0.073495 0.284776
v 0.029807 0.065588 0.284297
v 0.034298 0.057617 0.284485
v 0.038702 0.048791 0.285148
v 0.011199 0.102481 0.295297
v 0.015865 0.102116 0.296041
v 0.020486 0.101621 0.297049
v 0.025048 0.100996 0.298321
v 0.029536 0.100244 0.299854
v 0.033938 0.099365 0.301646
v 0.038241 0.098362 0.303691
v 0.011040 0.126232 0.327483
v 0.015635 0.125640 0.328223
v 0.020184 0.124838 0.329226
v 0.024672 0.123826 0.330492
v 0.029085 0.122605 0.332018
v 0.033410 0.121180 0.333802
v 0.037634 0.119551 0.335840
v 0.011013 0.128133 0.333428
v 0.015597 0.127502 0.334158
v 0.020134 0.126645 0.335148
v 0.024610 0.125565 0.336398
v 0.029010 0.124263 0.337904
v 0.033322 0.122741 0.339665
v 0.037533 0.121003 0.341678
v 0.010986 0.129581 0.339500
v 0.015559 0.128911 0.340218
v 0.020084 0.128002 0.341191
v 0.024547 0.126857 0.342419
v 0.028935 0.125475 0.343900
v 0.033235 0.123860 0.345631
v 0.037432 0.122015 0.347609
v 0.010960 0.130598 0.345659
v 0.015521 0.129892 0.346361
v 0.020034 0.128934 0.347314
v 0.024485 0.127726 0.348516
v 0.028861 0.126269 0.349965
v 0.033148 0.124566 0.351660
v 0.037332 0.122621 0.353596
v 0.010934 0.131211 0.351872
v 0.015483 0.130472 0.352556
v 0.019984 0.129468 0.353485
v 0.024424 0.128203 0.354657
v 0.028788 0.126677 0.356070
v 0.033062 0.124893 0.357722
v 0.037234 0.122856 0.359610
v 0.010908 0.131449 0.358110
v 0.015446 0.130679 0.358775
v 0.019936 0.129635 0.359678
v 0.024364 0.128318 0.360816
v 0.028715 0.126730 0.362189
v 0.032977 0.124874 0.363795
v 0.037136 0.122753 0.365629
v 0.010883 0.131339 0.364353
v 0.015409 0.130543 0.364997
v 0.019888 0.129463 0.365871
v 0.024304 0.128101 0.366974
v 0.028644 0.126458 0.368305
v 0.032894 0.124537 0.369860
v 0.037040 0.122343 0.371637
v 0.010848 0.130640 0.373198
v 0.015359 0.129812 0.373812
v 0.019821 0.128690 0.374644
v 0.024221 0.127274 0.375694
v 0.028544 0.125567 0.376960
v 0.032777 0.123571 0.378440
v 0.036906 0.121291 0.380132
v 0.010814 0.129371 0.381980
v 0.015309 0.128519 0.382562
v 0.019756 0.127365 0.383351
v 0.024140 0.125909 0.384347
v 0.028447 0.124153 0.385547
v 0.032663 0.122101 0.386950
v 0.036775 0.119757 0.388554
v 0.010780 0.127602 0.390676
v 0.015261 0.126734 0.391226
v 0.019693 0.125558 0.391972
v 0.024061 0.124074 0.392914
v 0.028353 0.122284 0.394049
v 0.032552 0.120193 0.395376
v 0.036647 0.117805 0.396892
v 0.010747 0.125397 0.399275
v 0.015213 0.124519 0.399794
v 0.019631 0.123330 0.400498
v 0.023984 0.121829 0.401386
v 0.028260 0.120020 0.402457
v 0.032444 0.117906 0.403709
v 0.036523 0.115491 0.405140
v 0.010716 0.122819 0.407768
v 0.015168 0.121937 0.408257
v 0.019570 0.120742 0.408921
v 0.023909 0.119235 0.409758
v 0.028170 0.117418 0.410767
v 0.032338 0.115295 0.411947
v 0.010685 0.119921 0.416158
v 0.015123 0.119040 0.416618
v 0.019512 0.117847 0.417243
v 0.023836 0.116342 0.418031
v 0.028082 0.114527 0.418982
v 0.010625 0.113367 0.432655
v 0.015037 0.112500 0.433062
v 0.019399 0.111325 0.433615
v 0.023696 0.109844 0.434312
v 0.010569 0.106108 0.448856
v 0.014956 0.105265 0.449214
v 0.019293 0.104122 0.449701
v 0.010517 0.098487 0.464890
v 0.014881 0.097672 0.465202
v 0.015901 0.095656 0.291709
v 0.020573 0.088385 0.289043
v 0.025201 0.080790 0.287253
v 0.029767 0.072983 0.286278
v 0.034257 0.065054 0.286040
v 0.038659 0.057078 0.286460
v 0.020533 0.095204 0.292713
v 0.025105 0.094635 0.293979
v 0.029605 0.093949 0.295505
v 0.034019 0.093147 0.297287
v 0.038335 0.092233 0.299322
v 0.025156 0.087866 0.290303
v 0.029720 0.080223 0.288764
v 0.034210 0.072386 0.288033
v 0.038611 0.064445 0.288030
v 0.029666 0.087241 0.291821
v 0.034091 0.086511 0.293595
v 0.038419 0.085679 0.295619
v 0.034155 0.079561 0.290529
v 0.038492 0.078806 0.292543
v 0.031677 0.091546 0.467553
v 0.035839 0.096613 0.452907
v 0.038556 0.071705 0.290035
v 0.051584 0.038231 0.292214
v 0.047485 0.042813 0.289396
v 0.047478 0.049833 0.290376
v 0.051427 0.048667 0.293641
v 0.047451 0.059981 0.292366
v 0.051235 0.058971 0.295770
v 0.047415 0.067298 0.294325
v 0.051009 0.069042 0.298771
v 0.047369 0.074439 0.296781
v 0.047362 0.075227 0.297091
v 0.050754 0.078723 0.302831
v 0.047296 0.082333 0.300298
v 0.050616 0.083347 0.305316
v 0.047211 0.089126 0.304227
v 0.047207 0.089371 0.304388
v 0.050472 0.087779 0.308131
v 0.047100 0.095766 0.309190
v 0.050323 0.091975 0.311289
v 0.050168 0.095891 0.314792
v 0.053696 0.089473 0.315221
v 0.053485 0.093230 0.318708
v 0.056441 0.087322 0.318753
v 0.056184 0.090943 0.322225
v 0.059056 0.085152 0.322444
v 0.058756 0.088635 0.325902
v 0.061529 0.082961 0.326285
v 0.061187 0.086306 0.329726
v 0.063850 0.080750 0.330263
v 0.063467 0.083956 0.333686
v 0.067999 0.076267 0.338580
v 0.067539 0.079191 0.341964
v 0.071445 0.071707 0.347297
v 0.070914 0.074345 0.350637
v 0.074151 0.067081 0.356314
v 0.073555 0.069429 0.359605
v 0.076098 0.062403 0.365537
v 0.075444 0.064460 0.368774
v 0.077285 0.057694 0.374881
v 0.076579 0.059457 0.378061
v 0.075879 0.060993 0.381366
v 0.075188 0.062300 0.384778
v 0.074152 0.067848 0.375690
v 0.073367 0.069447 0.380219
v 0.071657 0.075252 0.371412
v 0.070947 0.076725 0.376282
v 0.068575 0.082717 0.367862
v 0.067938 0.083993 0.373081
v 0.064932 0.090104 0.365152
v 0.064369 0.091122 0.370708
v 0.060784 0.097290 0.363373
v 0.060303 0.098005 0.369244
v 0.058329 0.101106 0.365859
v 0.057895 0.101446 0.371896
v 0.055831 0.104559 0.368755
v 0.055449 0.104539 0.374930
v 0.053314 0.107648 0.372041
v 0.052987 0.107286 0.378328
v 0.050799 0.110376 0.375697
v 0.050507 0.109621 0.382613
v 0.047894 0.113211 0.379854
v 0.047676 0.112101 0.386868
v 0.045556 0.116349 0.377221
v 0.045267 0.114024 0.390500
v 0.046973 0.101466 0.314755
v 0.050009 0.099481 0.318632
v 0.053271 0.096669 0.322517
v 0.055926 0.094253 0.326006
v 0.058454 0.091814 0.329653
v 0.060844 0.089354 0.333447
v 0.063084 0.086871 0.337375
v 0.067081 0.081837 0.345586
v 0.070386 0.076718 0.354187
v 0.072963 0.071526 0.363077
v 0.074794 0.066277 0.372165
v 0.046812 0.106819 0.321746
v 0.049846 0.102705 0.322787
v 0.053054 0.099753 0.326626
v 0.055665 0.097217 0.330074
v 0.058151 0.094657 0.333678
v 0.060500 0.092074 0.337428
v 0.062701 0.089467 0.341310
v 0.066624 0.084183 0.349427
v 0.069862 0.078809 0.357927
v 0.072376 0.073358 0.366712
v 0.049638 0.106152 0.328329
v 0.046670 0.110354 0.327989
v 0.049424 0.108961 0.334223
v 0.046469 0.113854 0.336786
v 0.049207 0.111137 0.340384
v 0.046325 0.115523 0.343087
v 0.048988 0.112710 0.346729
v 0.046287 0.115870 0.344783
v 0.046126 0.116904 0.351798
v 0.045965 0.117365 0.358911
v 0.048548 0.114235 0.359713
v 0.048768 0.113724 0.353191
v 0.051931 0.109276 0.350160
v 0.052218 0.107790 0.343936
v 0.054668 0.104911 0.347134
v 0.055005 0.102938 0.341182
v 0.057389 0.100128 0.344629
v 0.057772 0.097680 0.339003
v 0.060071 0.094961 0.342680
v 0.045916 0.117400 0.361079
v 0.048332 0.114297 0.366257
v 0.051358 0.110691 0.362882
v 0.051075 0.110724 0.369293
v 0.053648 0.107641 0.365747
v 0.045734 0.117146 0.369187
v 0.048119 0.113964 0.372794
v 0.045212 0.113452 0.393038
v 0.047264 0.108989 0.400729
v 0.050227 0.108521 0.389486
v 0.049705 0.105459 0.403074
v 0.052315 0.105434 0.391867
v 0.051707 0.102411 0.405214
v 0.054312 0.102309 0.394379
v 0.053626 0.099321 0.407476
v 0.056205 0.099146 0.397012
v 0.055450 0.096188 0.409852
v 0.057984 0.095943 0.399756
v 0.057166 0.093013 0.412331
v 0.061159 0.089422 0.405530
v 0.060241 0.086535 0.417557
v 0.063776 0.082755 0.411611
v 0.062789 0.079898 0.423069
v 0.065797 0.075961 0.417912
v 0.064772 0.073120 0.428784
v 0.067206 0.069067 0.424356
v 0.067795 0.070196 0.419159
v 0.069851 0.064882 0.416480
v 0.068429 0.071102 0.413927
v 0.069053 0.071715 0.409075
v 0.066994 0.077936 0.406882
v 0.067597 0.078493 0.401755
v 0.064914 0.084681 0.399991
v 0.065483 0.085184 0.394593
v 0.062206 0.091310 0.393336
v 0.062725 0.091765 0.387672
v 0.058906 0.097806 0.387007
v 0.059360 0.098219 0.381086
v 0.057053 0.101001 0.383993
v 0.057468 0.101396 0.377948
v 0.055076 0.104161 0.381097
v 0.044922 0.109623 0.407164
v 0.046889 0.104926 0.414351
v 0.049242 0.101476 0.416436
v 0.051176 0.098490 0.418343
v 0.053034 0.095460 0.420364
v 0.054803 0.092383 0.422489
v 0.056472 0.089259 0.424710
v 0.059473 0.082873 0.429398
v 0.061974 0.076312 0.434348
v 0.063937 0.069598 0.439481
v 0.061338 0.072159 0.445453
v 0.058413 0.073884 0.452560
v 0.058862 0.078609 0.441060
v 0.055483 0.079995 0.448923
v 0.055910 0.084869 0.436900
v 0.053864 0.082969 0.447203
v 0.054273 0.087924 0.434932
v 0.052155 0.085890 0.445559
v 0.052543 0.090929 0.433050
v 0.050366 0.088756 0.443999
v 0.050729 0.093883 0.431263
v 0.048510 0.091569 0.442532
v 0.048843 0.096788 0.429579
v 0.046258 0.094807 0.440934
v 0.046554 0.100139 0.427742
v 0.044332 0.098401 0.437581
v 0.044602 0.104023 0.423489
v 0.044651 0.104954 0.420976
v 0.044074 0.092317 0.451494
v 0.046003 0.089089 0.453967
v 0.048243 0.085970 0.455333
v 0.050090 0.083255 0.456590
v 0.051871 0.080484 0.457926
v 0.053575 0.077655 0.459335
v 0.055191 0.074767 0.460810
v 0.045789 0.083129 0.466896
v 0.049897 0.077519 0.469081
v 0.048040 0.080133 0.468034
v 0.070518 0.065340 0.411888
v 0.071223 0.065561 0.407288
v 0.071961 0.065521 0.402692
v 0.072730 0.065196 0.398118
v 0.071109 0.072018 0.394474
v 0.071844 0.071516 0.389648
v 0.069558 0.078468 0.386350
v 0.070247 0.077790 0.381276
v 0.067306 0.084843 0.378399
v 0.073526 0.064563 0.393589
v 0.072597 0.070666 0.384885
v 0.074346 0.063603 0.389132
v 0.077992 0.055708 0.371839
v 0.076754 0.060117 0.362466
v 0.074748 0.064495 0.353217
v 0.071976 0.068825 0.344178
v 0.068459 0.073091 0.335445
v 0.064232 0.077284 0.327115
v 0.061870 0.079352 0.323133
v 0.059354 0.081401 0.319290
v 0.056694 0.083430 0.315596
v 0.053902 0.085440 0.312063
v 0.079387 0.051100 0.366232
v 0.078695 0.053508 0.368953
v 0.079292 0.048937 0.352056
v 0.078052 0.054906 0.356871
v 0.077407 0.057614 0.359574
v 0.077064 0.052135 0.342917
v 0.078105 0.044989 0.339043
v 0.074971 0.047608 0.330271
v 0.075783 0.039501 0.327369
v 0.071749 0.041581 0.319086
v 0.066951 0.043617 0.311243
v 0.067427 0.034303 0.309400
v 0.064281 0.044617 0.307516
v 0.064703 0.035081 0.305752
v 0.061443 0.045606 0.303934
v 0.061808 0.035851 0.302249
v 0.058445 0.046582 0.300507
v 0.058749 0.036610 0.298903
v 0.055299 0.047548 0.297247
v 0.055537 0.037361 0.295724
v 0.051644 0.110226 0.356492
v 0.053987 0.107216 0.359473
v 0.056220 0.104177 0.362598
v 0.052501 0.105722 0.337886
v 0.052780 0.103045 0.332089
v 0.054104 0.081174 0.309234
v 0.056943 0.079306 0.312756
v 0.059648 0.077419 0.316439
v 0.062207 0.075515 0.320274
v 0.064611 0.073592 0.324248
v 0.068917 0.069691 0.332564
v 0.072506 0.065721 0.341290
v 0.075343 0.061690 0.350324
v 0.054301 0.076714 0.306722
v 0.057187 0.074987 0.310222
v 0.059937 0.073243 0.313885
v 0.062540 0.071482 0.317700
v 0.064986 0.069703 0.321655
v 0.069369 0.066092 0.329937
v 0.073030 0.062416 0.338632
v 0.075931 0.058683 0.347641
v 0.054672 0.067353 0.302582
v 0.057652 0.065899 0.306015
v 0.060492 0.064430 0.309613
v 0.063180 0.062946 0.313364
v 0.065707 0.061445 0.317257
v 0.070243 0.058398 0.325421
v 0.074041 0.055292 0.334007
v 0.055008 0.057579 0.299480
v 0.058076 0.056380 0.302829
v 0.061000 0.055168 0.306343
v 0.063768 0.053942 0.310012
v 0.066370 0.052702 0.313824
v 0.071046 0.050181 0.321832
v 0.052644 0.106527 0.385118
v 0.054685 0.103397 0.387758
v 0.056619 0.100230 0.390522
v 0.058433 0.097026 0.393400
v 0.061668 0.090507 0.399451
v 0.064327 0.083850 0.405819
v 0.066375 0.077071 0.412415
v 0.054328 0.106323 0.353252
v 0.057001 0.102006 0.350483
v 0.059640 0.097291 0.348218
v 0.062226 0.092216 0.346489
v 0.055337 0.100375 0.335469
v 0.056611 0.103342 0.356492
v 0.058767 0.100331 0.359869
v 0.059204 0.099072 0.353971
v 0.061748 0.094428 0.351937
v 0.066060 0.086652 0.354453
v 0.061267 0.096111 0.357586
v 0.059827 0.098300 0.375158
v 0.063262 0.091912 0.382000
v 0.066074 0.085402 0.389182
v 0.068229 0.078787 0.396613
v 0.069709 0.072090 0.404207
v 0.063811 0.091711 0.376336
v 0.065496 0.088622 0.359715
v 0.069216 0.080993 0.362793
v 0.066684 0.085301 0.383777
v 0.068884 0.078790 0.391472
v 0.070396 0.072201 0.399334
v -0.043201 0.092317 0.451494
v -0.044917 0.083129 0.466896
v -0.047168 0.080133 0.468034
v -0.049026 0.077518 0.469082
v -0.051001 0.080481 0.457927
v -0.052706 0.077650 0.459337
v -0.051285 0.085886 0.445561
v -0.052995 0.082964 0.447206
v -0.051672 0.090925 0.433052
v -0.053404 0.087919 0.434935
v -0.052164 0.095456 0.420366
v -0.053933 0.092377 0.422493
v -0.052756 0.099317 0.407479
v -0.054580 0.096183 0.409856
v -0.053442 0.102306 0.394382
v -0.055336 0.099140 0.397017
v -0.053815 0.103393 0.387761
v -0.055750 0.100224 0.390527
v -0.054206 0.104157 0.381100
v -0.056184 0.100995 0.383999
v -0.054579 0.104535 0.374933
v -0.056599 0.101390 0.377954
v -0.054961 0.104556 0.368759
v -0.057026 0.101440 0.371902
v -0.055350 0.104173 0.362602
v -0.057460 0.101101 0.365865
v -0.055741 0.103338 0.356496
v -0.057898 0.100325 0.359875
v -0.056131 0.102002 0.350487
v -0.058336 0.099067 0.353977
v -0.056519 0.100124 0.344634
v -0.058771 0.097286 0.348225
v -0.056902 0.097677 0.339007
v -0.059203 0.094956 0.342687
v -0.057281 0.094654 0.333682
v -0.059631 0.092070 0.337434
v -0.057584 0.091812 0.329658
v -0.059975 0.089349 0.333454
v -0.057886 0.088632 0.325906
v -0.060318 0.086302 0.329733
v -0.058186 0.085149 0.322449
v -0.060661 0.082957 0.326292
v -0.058484 0.081398 0.319294
v -0.061002 0.079349 0.323140
v -0.058778 0.077417 0.316444
v -0.061339 0.075512 0.320281
v -0.059068 0.073241 0.313890
v -0.061672 0.071478 0.317707
v -0.059623 0.064428 0.309617
v -0.062312 0.062943 0.313371
v -0.060130 0.055166 0.306347
v -0.062900 0.053939 0.310018
v -0.060574 0.045604 0.303938
v -0.063414 0.044615 0.307523
v -0.060939 0.035850 0.302253
v -0.063836 0.035080 0.305758
v -0.043459 0.098401 0.437581
v -0.045386 0.094807 0.440934
v -0.045131 0.089089 0.453967
v -0.045681 0.100139 0.427742
v -0.043729 0.104023 0.423489
v -0.043778 0.104958 0.420968
v -0.046017 0.104926 0.414351
v -0.044049 0.109625 0.407160
v -0.046392 0.108989 0.400729
v -0.044340 0.113452 0.393038
v -0.046803 0.112101 0.386868
v -0.044395 0.114027 0.390486
v -0.044683 0.116349 0.377221
v -0.044862 0.117146 0.369187
v -0.047246 0.113964 0.372794
v -0.047021 0.113211 0.379854
v -0.049355 0.108521 0.389486
v -0.048833 0.105459 0.403074
v -0.050836 0.102409 0.405215
v -0.050305 0.098489 0.418344
v -0.047459 0.114297 0.366257
v -0.045043 0.117400 0.361079
v -0.047676 0.114235 0.359713
v -0.045093 0.117364 0.358892
v -0.045254 0.116903 0.351789
v -0.047895 0.113724 0.353191
v -0.045414 0.115870 0.344783
v -0.048115 0.112710 0.346729
v -0.045453 0.115518 0.343067
v -0.048335 0.111137 0.340384
v -0.045597 0.113854 0.336786
v -0.048552 0.108961 0.334223
v -0.045798 0.110344 0.327969
v -0.048765 0.106152 0.328329
v -0.045939 0.106819 0.321746
v -0.048973 0.102705 0.322787
v -0.046101 0.101450 0.314737
v -0.049137 0.099481 0.318632
v -0.049296 0.095891 0.314792
v -0.052399 0.096669 0.322517
v -0.052613 0.093230 0.318708
v -0.055055 0.094251 0.326008
v -0.055313 0.090942 0.322228
v -0.046228 0.095745 0.309173
v -0.049450 0.091975 0.311289
v -0.052823 0.089473 0.315221
v -0.055570 0.087321 0.318755
v -0.046335 0.089348 0.304372
v -0.049600 0.087779 0.308131
v -0.053030 0.085440 0.312063
v -0.055823 0.083429 0.315598
v -0.049743 0.083347 0.305316
v -0.046338 0.089126 0.304227
v -0.046424 0.082319 0.300291
v -0.049881 0.078723 0.302831
v -0.046490 0.075199 0.297080
v -0.050136 0.069042 0.298771
v -0.046496 0.074439 0.296781
v -0.046543 0.067282 0.294320
v -0.050362 0.058971 0.295770
v -0.046579 0.059950 0.292359
v -0.050555 0.048667 0.293641
v -0.046604 0.050390 0.290466
v -0.046612 0.042813 0.289396
v -0.050711 0.038231 0.292214
v -0.054665 0.037361 0.295724
v -0.054426 0.047548 0.297247
v -0.057574 0.046582 0.300509
v -0.057205 0.056379 0.302831
v -0.057878 0.036610 0.298905
v -0.066561 0.034301 0.309409
v -0.066084 0.043615 0.311252
v -0.070884 0.041577 0.319101
v -0.074919 0.039496 0.327389
v -0.077241 0.044981 0.339070
v -0.074106 0.047602 0.330291
v -0.076200 0.052125 0.342943
v -0.073176 0.055285 0.334028
v -0.070181 0.050176 0.321847
v -0.069377 0.058393 0.325436
v -0.065504 0.052699 0.313833
v -0.064841 0.061442 0.317266
v -0.078426 0.048926 0.352089
v -0.077185 0.054893 0.356904
v -0.078519 0.051085 0.366271
v -0.077826 0.053491 0.368991
v -0.077123 0.055690 0.371878
v -0.076416 0.057674 0.374919
v -0.075710 0.059436 0.378100
v -0.075232 0.062387 0.365570
v -0.074577 0.064442 0.368807
v -0.073285 0.067067 0.356341
v -0.072689 0.069415 0.359632
v -0.070580 0.071696 0.347318
v -0.070049 0.074333 0.350658
v -0.067133 0.076259 0.338595
v -0.066673 0.079182 0.341979
v -0.062983 0.080744 0.330272
v -0.062600 0.083950 0.333695
v -0.074318 0.062277 0.384816
v -0.075010 0.060971 0.381404
v -0.073476 0.063579 0.389169
v -0.072656 0.064538 0.393625
v -0.071859 0.065170 0.398153
v -0.071090 0.065494 0.402726
v -0.070352 0.065533 0.407321
v -0.069648 0.065312 0.411920
v -0.069528 0.072177 0.399362
v -0.068841 0.072066 0.404234
v -0.068017 0.078770 0.391495
v -0.067362 0.078768 0.396635
v -0.065817 0.085285 0.383795
v -0.065208 0.085387 0.389200
v -0.062944 0.091700 0.376349
v -0.062395 0.091900 0.382012
v -0.059435 0.097998 0.369252
v -0.058959 0.098292 0.375166
v -0.068981 0.064853 0.416510
v -0.068184 0.071691 0.409101
v -0.066730 0.078473 0.401776
v -0.064616 0.085168 0.394609
v -0.061858 0.091754 0.387684
v -0.058492 0.098212 0.381094
v -0.068353 0.064180 0.421082
v -0.067561 0.071078 0.413952
v -0.066127 0.077916 0.406903
v -0.064047 0.084665 0.400007
v -0.061339 0.091298 0.393347
v -0.058038 0.097798 0.387014
v -0.066337 0.069042 0.424379
v -0.066926 0.070172 0.419183
v -0.063069 0.069578 0.439497
v -0.063905 0.073100 0.428801
v -0.064929 0.075941 0.417931
v -0.062909 0.082740 0.411625
v -0.063461 0.083834 0.405834
v -0.060800 0.090496 0.399462
v -0.060471 0.072144 0.445464
v -0.057546 0.073873 0.452567
v -0.054615 0.079988 0.448927
v -0.054135 0.057579 0.299480
v -0.053800 0.067353 0.302582
v -0.053428 0.076714 0.306722
v -0.053232 0.081174 0.309234
v -0.052181 0.099753 0.326626
v -0.054794 0.097215 0.330076
v -0.051907 0.103045 0.332089
v -0.054466 0.100373 0.335471
v -0.051628 0.105722 0.337886
v -0.054134 0.102936 0.341184
v -0.051345 0.107790 0.343936
v -0.053797 0.104910 0.347136
v -0.051059 0.109276 0.350160
v -0.053457 0.106321 0.353254
v -0.050771 0.110226 0.356492
v -0.053116 0.107214 0.359474
v -0.050485 0.110691 0.362882
v -0.052777 0.107639 0.365749
v -0.050203 0.110724 0.369293
v -0.052443 0.107646 0.372043
v -0.049926 0.110376 0.375697
v -0.052116 0.107284 0.378330
v -0.049635 0.109621 0.382613
v -0.051773 0.106525 0.385120
v -0.048370 0.101476 0.416436
v -0.047970 0.096788 0.429579
v -0.047637 0.091569 0.442532
v -0.047370 0.085970 0.455333
v -0.056781 0.065898 0.306018
v -0.056316 0.074986 0.310224
v -0.056072 0.079305 0.312758
v -0.051444 0.105432 0.391869
v -0.049857 0.093881 0.431264
v -0.049495 0.088754 0.444000
v -0.049219 0.083254 0.456590
v -0.064119 0.069698 0.321664
v -0.068504 0.066086 0.329952
v -0.072165 0.062408 0.338653
v -0.075066 0.058672 0.347668
v -0.063744 0.073587 0.324257
v -0.068051 0.069684 0.332579
v -0.071641 0.065711 0.341311
v -0.074477 0.061678 0.350351
v -0.076541 0.057599 0.359607
v -0.063365 0.077280 0.327125
v -0.067593 0.073084 0.335460
v -0.071111 0.068815 0.344199
v -0.073882 0.064482 0.353244
v -0.075888 0.060102 0.362499
v -0.062217 0.086865 0.337384
v -0.066215 0.081828 0.345601
v -0.069521 0.076706 0.354207
v -0.072097 0.071511 0.363104
v -0.073927 0.066259 0.372197
v -0.061834 0.089461 0.341320
v -0.065758 0.084173 0.349442
v -0.068996 0.078796 0.357947
v -0.071510 0.073342 0.366738
v -0.073285 0.067828 0.375722
v -0.061358 0.092210 0.346498
v -0.065194 0.086642 0.354467
v -0.068350 0.080979 0.362813
v -0.070791 0.075235 0.371438
v -0.072500 0.069427 0.380251
v -0.060880 0.094421 0.351946
v -0.064630 0.088612 0.359729
v -0.067709 0.082703 0.367882
v -0.070081 0.076707 0.376308
v -0.071729 0.070644 0.384915
v -0.060399 0.096104 0.357595
v -0.064066 0.090094 0.365166
v -0.067071 0.083978 0.373100
v -0.069380 0.077771 0.381300
v -0.070976 0.071493 0.389678
v -0.059917 0.097283 0.363381
v -0.063503 0.091111 0.370721
v -0.066440 0.084828 0.378417
v -0.068691 0.078449 0.386374
v -0.070240 0.071996 0.394503
v -0.057565 0.097018 0.393407
v -0.057115 0.095935 0.399762
v -0.060291 0.089411 0.405540
v -0.056298 0.093005 0.412337
v -0.059374 0.086524 0.417566
v -0.061922 0.079882 0.423082
v -0.055603 0.089252 0.424716
v -0.058605 0.082862 0.429407
v -0.061107 0.076297 0.434360
v -0.055041 0.084862 0.436905
v -0.057995 0.078598 0.441067
v -0.065508 0.077050 0.412435
v -0.042572 0.087766 0.462289
v -0.042910 0.096444 0.443153
v -0.043278 0.104409 0.423628
v -0.043568 0.109625 0.408599
v -0.043876 0.113889 0.393132
v -0.044037 0.115553 0.385241
v -0.044201 0.116824 0.377276
v -0.044368 0.117642 0.369224
v -0.044539 0.117918 0.361069
v -0.044714 0.117548 0.352846
v -0.044893 0.116416 0.344670
v -0.045074 0.114395 0.336607
v -0.045256 0.111358 0.328763
v -0.045434 0.107284 0.321429
v -0.045608 0.102132 0.314699
v -0.045766 0.096109 0.308834
v -0.045907 0.089354 0.303846
v -0.046033 0.082096 0.299746
v -0.046141 0.074545 0.296472
v -0.046233 0.066752 0.293878
v -0.046313 0.058816 0.291872
v -0.046382 0.050833 0.290366
v -0.046431 0.042825 0.289263
v 0.043444 0.087766 0.462289
v 0.043783 0.096444 0.443153
v 0.044151 0.104409 0.423628
v 0.044440 0.109625 0.408599
v 0.044748 0.113889 0.393132
v 0.044910 0.115553 0.385241
v 0.045074 0.116824 0.377276
v 0.045241 0.117642 0.369224
v 0.045411 0.117918 0.361069
v 0.045587 0.117548 0.352846
v 0.045765 0.116416 0.344670
v 0.045947 0.114395 0.336607
v 0.046129 0.111358 0.328763
v 0.046306 0.107284 0.321429
v 0.046480 0.102132 0.314699
v 0.046639 0.096109 0.308834
v 0.046780 0.089354 0.303846
v 0.046905 0.082096 0.299746
v 0.047014 0.074545 0.296472
v 0.047106 0.066752 0.293878
v 0.047186 0.058816 0.291872
v 0.047254 0.050833 0.290366
v 0.047303 0.042825 0.289263
vn -0.4895 0.0643 -0.8696
vn -0.5019 0.0729 -0.8619
vn -0.4926 0.1000 -0.8645
vn -0.5056 0.1200 -0.8544
vn -0.4990 0.1398 -0.8553
vn -0.5141 0.1623 -0.8422
vn -0.5068 0.1846 -0.8421
vn -0.5103 0.1906 -0.8386
vn -0.5217 0.2202 -0.8242
vn -0.5147 0.2339 -0.8249
vn -0.5296 0.2749 -0.8024
vn -0.5213 0.2906 -0.8024
vn -0.5283 0.3106 -0.7902
vn -0.5349 0.3487 -0.7696
vn -0.5319 0.3530 -0.7697
vn -0.5393 0.4225 -0.7284
vn -0.5397 0.4220 -0.7284
vn -0.5410 0.4645 -0.7011
vn -0.5383 0.4977 -0.6801
vn -0.5511 0.5059 -0.6635
vn -0.5365 0.5743 -0.6183
vn -0.5558 0.5867 -0.5889
vn -0.5332 0.6475 -0.5445
vn -0.5592 0.6640 -0.4964
vn -0.5349 0.7038 -0.4675
vn -0.5466 0.7339 -0.4033
vn -0.5376 0.7446 -0.3956
vn -0.5341 0.7807 -0.3245
vn -0.4518 0.8230 -0.3443
vn -0.4750 0.8026 -0.3610
vn -0.3673 0.8475 -0.3832
vn -0.3863 0.8312 -0.3997
vn -0.2689 0.8674 -0.4187
vn -0.2824 0.8569 -0.4312
vn -0.1912 0.8765 -0.4418
vn -0.1999 0.8724 -0.4460
vn -0.1374 0.8818 -0.4512
vn -0.1436 0.8792 -0.4543
vn -0.0831 0.8852 -0.4576
vn -0.0868 0.8839 -0.4596
vn -0.0276 0.8868 -0.4613
vn -0.0290 0.8864 -0.4620
vn 0.0354 0.8862 -0.4619
vn 0.0369 0.8867 -0.4608
vn 0.1054 0.8825 -0.4584
vn 0.1099 0.8839 -0.4546
vn 0.1705 0.8764 -0.4504
vn 0.1772 0.8779 -0.4449
vn 0.2296 0.8683 -0.4397
vn 0.2385 0.8698 -0.4319
vn 0.2878 0.8580 -0.4255
vn 0.2981 0.8593 -0.4156
vn 0.3437 0.8456 -0.4084
vn 0.3553 0.8466 -0.3963
vn 0.3972 0.8314 -0.3885
vn 0.4101 0.8319 -0.3737
vn 0.4483 0.8157 -0.3657
vn 0.4615 0.8156 -0.3490
vn 0.4965 0.7983 -0.3408
vn 0.5100 0.7976 -0.3220
vn 0.5520 0.7736 -0.3112
vn 0.5708 0.7676 -0.2914
vn 0.5318 0.8104 -0.2459
vn 0.5521 0.8093 -0.2005
vn 0.5300 0.8289 -0.1790
vn 0.5374 0.8288 -0.1557
vn 0.5352 0.8366 -0.1164
vn 0.5429 0.8327 -0.1088
vn 0.5270 0.8477 -0.0603
vn 0.5431 0.8387 -0.0408
vn 0.5235 0.8520 -0.0087
vn 0.5285 0.8489 -0.0005
vn 0.5333 0.8451 0.0379
vn 0.5365 0.8430 0.0402
vn 0.5229 0.8487 0.0797
vn 0.5379 0.8374 0.0967
vn 0.5154 0.8477 0.1252
vn 0.5467 0.8224 0.1573
vn 0.5259 0.8333 0.1703
vn 0.5212 0.8299 0.1993
vn 0.5131 0.8320 0.2112
vn 0.5388 0.8098 0.2320
vn 0.5192 0.8190 0.2443
vn 0.5101 0.8151 0.2748
vn 0.4696 0.8369 0.2812
vn 0.4588 0.8346 0.3050
vn 0.4139 0.8553 0.3118
vn 0.3996 0.8491 0.3454
vn 0.3542 0.8665 0.3518
vn 0.3411 0.8569 0.3866
vn 0.2915 0.8721 0.3929
vn 0.2853 0.8653 0.4121
vn 0.2350 0.8777 0.4176
vn 0.2346 0.8772 0.4189
vn 0.1852 0.8869 0.4233
vn 0.1886 0.8945 0.4053
vn 0.1682 0.8963 0.4102
vn 0.1390 0.9028 0.4069
vn 0.1011 0.9057 0.4116
vn 0.0858 0.9087 0.4086
vn 0.0286 0.9109 0.4116
vn 0.0281 0.9022 0.4303
vn 0.0283 0.9022 0.4304
vn 0.0283 0.9027 0.4293
vn 0.0282 0.9027 0.4293
vn 0.0289 0.9122 0.4088
vn 0.0304 0.9290 0.3688
vn 0.0296 0.9291 0.3687
vn 0.0312 0.9450 0.3257
vn 0.0309 0.9450 0.3255
vn 0.0322 0.9567 0.2894
vn 0.0315 0.9568 0.2890
vn 0.0330 0.9685 0.2470
vn 0.0321 0.9686 0.2465
vn 0.0338 0.9797 0.1976
vn 0.0325 0.9799 0.1969
vn 0.0343 0.9894 0.1408
vn 0.0331 0.9896 0.1401
vn 0.0351 0.9965 0.0763
vn 0.0334 0.9966 0.0752
vn 0.0353 0.9993 0.0146
vn 0.0341 0.9993 0.0136
vn 0.0357 0.9985 -0.0413
vn 0.0343 0.9985 -0.0425
vn 0.0360 0.9942 -0.1017
vn 0.0345 0.9941 -0.1029
vn 0.0362 0.9854 -0.1665
vn 0.0348 0.9852 -0.1677
vn 0.0366 0.9712 -0.2355
vn 0.0350 0.9709 -0.2368
vn 0.0367 0.9507 -0.3080
vn 0.0350 0.9503 -0.3095
vn 0.0367 0.9227 -0.3837
vn 0.0352 0.9223 -0.3849
vn -0.5506 0.7803 -0.2966
vn -0.5247 0.8117 -0.2567
vn -0.4484 0.8517 -0.2713
vn -0.4728 0.8321 -0.2900
vn -0.3648 0.8786 -0.3083
vn -0.3853 0.8630 -0.3269
vn -0.2675 0.9006 -0.3426
vn -0.2819 0.8907 -0.3565
vn -0.1904 0.9112 -0.3654
vn -0.1993 0.9074 -0.3700
vn -0.1368 0.9172 -0.3743
vn -0.1435 0.9147 -0.3779
vn -0.0828 0.9210 -0.3807
vn -0.0866 0.9198 -0.3828
vn -0.0276 0.9228 -0.3842
vn -0.0290 0.9225 -0.3850
vn -0.5341 0.8205 -0.2037
vn -0.5235 0.8306 -0.1897
vn -0.4449 0.8727 -0.2013
vn -0.4707 0.8539 -0.2219
vn -0.3626 0.9015 -0.2363
vn -0.3838 0.8872 -0.2562
vn -0.2661 0.9257 -0.2687
vn -0.2809 0.9169 -0.2835
vn -0.1893 0.9379 -0.2907
vn -0.1986 0.9344 -0.2957
vn -0.1364 0.9444 -0.2992
vn -0.1431 0.9422 -0.3030
vn -0.0824 0.9487 -0.3053
vn -0.0863 0.9476 -0.3076
vn -0.0276 0.9508 -0.3087
vn -0.0289 0.9505 -0.3095
vn -0.5260 0.8358 -0.1573
vn -0.5179 0.8482 -0.1115
vn -0.5355 0.8351 -0.1259
vn -0.5163 0.8535 -0.0705
vn -0.4402 0.8947 -0.0757
vn -0.4660 0.8794 -0.0977
vn -0.3588 0.9275 -0.1050
vn -0.3799 0.9164 -0.1257
vn -0.2635 0.9555 -0.1325
vn -0.2782 0.9491 -0.1476
vn -0.1877 0.9705 -0.1516
vn -0.1968 0.9678 -0.1569
vn -0.1350 0.9780 -0.1589
vn -0.1415 0.9765 -0.1627
vn -0.0816 0.9831 -0.1640
vn -0.0855 0.9824 -0.1664
vn -0.0274 0.9856 -0.1670
vn -0.0286 0.9854 -0.1678
vn -0.5276 0.8485 -0.0415
vn -0.5058 0.8627 -0.0010
vn -0.5201 0.8539 -0.0179
vn -0.5159 0.8557 0.0402
vn -0.5278 0.8488 0.0296
vn -0.5120 0.8559 0.0726
vn -0.4359 0.8969 0.0743
vn -0.4582 0.8872 0.0543
vn -0.3543 0.9335 0.0554
vn -0.3722 0.9274 0.0373
vn -0.2594 0.9650 0.0375
vn -0.2718 0.9621 0.0245
vn -0.1844 0.9825 0.0244
vn -0.1922 0.9812 0.0197
vn -0.1327 0.9910 0.0196
vn -0.1378 0.9903 0.0164
vn -0.0800 0.9967 0.0164
vn -0.0833 0.9964 0.0143
vn -0.0268 0.9995 0.0143
vn -0.0279 0.9995 0.0136
vn -0.5215 0.8477 0.0975
vn -0.5074 0.8534 0.1189
vn -0.4316 0.8937 0.1228
vn -0.4568 0.8834 0.1046
vn -0.3496 0.9306 0.1085
vn -0.3706 0.9242 0.0919
vn -0.2555 0.9622 0.0944
vn -0.2702 0.9593 0.0825
vn -0.1817 0.9798 0.0837
vn -0.1907 0.9784 0.0797
vn -0.1302 0.9882 0.0802
vn -0.1370 0.9876 0.0771
vn -0.0787 0.9939 0.0774
vn -0.0828 0.9937 0.0756
vn -0.0264 0.9968 0.0758
vn -0.0275 0.9968 0.0752
vn -0.5243 0.8365 0.1594
vn -0.5168 0.8399 0.1656
vn -0.4298 0.8863 0.1728
vn -0.4514 0.8784 0.1569
vn -0.3473 0.9234 0.1633
vn -0.3651 0.9190 0.1491
vn -0.2531 0.9552 0.1538
vn -0.2655 0.9533 0.1437
vn -0.1793 0.9729 0.1461
vn -0.1874 0.9719 0.1424
vn -0.1288 0.9812 0.1435
vn -0.1342 0.9809 0.1411
vn -0.0778 0.9868 0.1418
vn -0.0811 0.9868 0.1403
vn -0.0259 0.9897 0.1406
vn -0.0271 0.9898 0.1401
vn -0.5073 0.8380 0.2009
vn -0.5032 0.8388 0.2078
vn -0.4275 0.8779 0.2159
vn -0.4452 0.8722 0.2027
vn -0.3443 0.9148 0.2110
vn -0.3590 0.9118 0.1993
vn -0.2501 0.9461 0.2056
vn -0.2604 0.9451 0.1973
vn -0.1771 0.9635 0.2006
vn -0.1836 0.9629 0.1976
vn -0.1268 0.9717 0.1992
vn -0.1314 0.9715 0.1971
vn -0.0766 0.9772 0.1981
vn -0.0793 0.9772 0.1969
vn -0.0256 0.9800 0.1974
vn -0.0267 0.9801 0.1969
vn -0.5174 0.8228 0.2351
vn -0.5082 0.8264 0.2425
vn -0.4243 0.8694 0.2534
vn -0.4387 0.8653 0.2426
vn -0.3407 0.9056 0.2524
vn -0.3525 0.9037 0.2430
vn -0.2468 0.9361 0.2506
vn -0.2549 0.9356 0.2441
vn -0.1744 0.9529 0.2481
vn -0.1794 0.9526 0.2458
vn -0.1248 0.9608 0.2476
vn -0.1285 0.9607 0.2460
vn -0.0753 0.9660 0.2472
vn -0.0774 0.9661 0.2462
vn -0.0254 0.9687 0.2468
vn -0.0259 0.9688 0.2466
vn -0.4969 0.8233 0.2743
vn -0.5080 0.8124 0.2864
vn -0.4931 0.8164 0.3006
vn -0.4921 0.8126 0.3123
vn -0.4831 0.8094 0.3338
vn -0.4842 0.8090 0.3332
vn -0.4781 0.8007 0.3608
vn -0.4712 0.8030 0.3650
vn -0.4713 0.7957 0.3804
vn -0.3929 0.8302 0.3955
vn -0.3914 0.8305 0.3962
vn -0.3104 0.8584 0.4085
vn -0.3092 0.8585 0.4091
vn -0.2214 0.8806 0.4189
vn -0.2205 0.8807 0.4193
vn -0.1544 0.8922 0.4244
vn -0.1541 0.8922 0.4245
vn -0.1106 0.8975 0.4269
vn -0.1101 0.8975 0.4270
vn -0.0665 0.9011 0.4286
vn -0.0663 0.9011 0.4286
vn -0.0221 0.9028 0.4294
vn -0.0222 0.9028 0.4294
vn -0.4696 0.7968 0.3801
vn -0.4708 0.7965 0.3793
vn -0.4174 0.8190 0.3938
vn -0.3593 0.8428 0.4007
vn -0.3557 0.8432 0.4032
vn -0.3927 0.8315 0.3929
vn -0.3144 0.8659 0.3892
vn -0.2972 0.8669 0.4003
vn -0.2355 0.8839 0.4041
vn -0.2243 0.8886 0.4001
vn -0.1724 0.8956 0.4100
vn -0.1565 0.8998 0.4073
vn -0.1117 0.9054 0.4097
vn -0.1096 0.8971 0.4281
vn -0.0662 0.9006 0.4296
vn -0.1057 0.9054 0.4112
vn -0.0675 0.9101 0.4088
vn -0.0661 0.9006 0.4297
vn -0.0222 0.9023 0.4304
vn -0.0378 0.9101 0.4127
vn -0.0226 0.9118 0.4100
vn -0.0221 0.9023 0.4305
vn 0.0318 0.9113 0.4106
vn 0.2331 0.8835 0.4063
vn 0.2376 0.8831 0.4045
vn 0.2342 0.8773 0.4189
vn 0.2843 0.8650 0.4134
vn 0.2847 0.8656 0.4120
vn 0.3349 0.8506 0.4054
vn 0.3418 0.8565 0.3867
vn 0.3908 0.8387 0.3793
vn 0.4046 0.8464 0.3461
vn 0.4488 0.8269 0.3389
vn 0.4632 0.8312 0.3076
vn 0.5040 0.8097 0.3006
vn 0.5273 0.8012 0.2829
vn 0.2870 0.8701 0.4006
vn 0.2962 0.8657 0.4035
vn 0.3367 0.8552 0.3940
vn 0.3579 0.8432 0.4012
vn 0.3867 0.8385 0.3841
vn 0.4229 0.8101 0.4061
vn 0.4244 0.8166 0.3911
vn 0.4319 0.8140 0.3884
vn 0.4320 0.8140 0.3882
vn 0.4874 0.7878 0.3767
vn 0.4828 0.7971 0.3627
vn 0.4936 0.7928 0.3576
vn 0.4954 0.8028 0.3319
vn 0.4971 0.8020 0.3311
vn 0.5055 0.8053 0.3097
vn 0.4730 0.7933 0.3833
vn 0.4854 0.7890 0.3767
vn 0.5453 0.7444 -0.3854
vn 0.5668 0.7223 -0.3963
vn 0.5422 0.7044 -0.4581
vn 0.5807 0.6524 -0.4870
vn 0.5417 0.6479 -0.5355
vn 0.5732 0.5784 -0.5804
vn 0.5476 0.5739 -0.6089
vn 0.5664 0.4999 -0.6553
vn 0.5519 0.4965 -0.6700
vn 0.5544 0.4596 -0.6939
vn 0.5511 0.4220 -0.7199
vn 0.5556 0.4175 -0.7190
vn 0.5427 0.3535 -0.7620
vn 0.5512 0.3446 -0.7598
vn 0.5403 0.3078 -0.7831
vn 0.5310 0.2915 -0.7957
vn 0.5466 0.2716 -0.7921
vn 0.5250 0.2348 -0.8181
vn 0.5380 0.2177 -0.8143
vn 0.5213 0.1900 -0.8319
vn 0.5173 0.1857 -0.8354
vn 0.5301 0.1606 -0.8326
vn 0.5094 0.1410 -0.8489
vn 0.5210 0.1189 -0.8452
vn 0.5034 0.1014 -0.8581
vn 0.5192 0.0722 -0.8516
vn 0.4899 0.0593 -0.8698
vn 0.4585 0.0641 -0.8864
vn 0.4280 0.0560 -0.9020
vn 0.4094 0.0605 -0.9104
vn 0.3645 0.0545 -0.9296
vn 0.3591 0.0562 -0.9316
vn 0.3078 0.0549 -0.9499
vn 0.3093 0.0989 -0.9458
vn 0.2602 0.1003 -0.9603
vn 0.2613 0.1414 -0.9548
vn 0.2105 0.1431 -0.9671
vn 0.2115 0.1911 -0.9585
vn 0.1582 0.1930 -0.9684
vn 0.1588 0.2474 -0.9558
vn 0.0996 0.2493 -0.9633
vn 0.0998 0.3129 -0.9445
vn 0.0340 0.3142 -0.9487
vn 0.0340 0.3870 -0.9214
vn -0.0274 0.3871 -0.9216
vn -0.0273 0.4676 -0.8835
vn -0.0832 0.4662 -0.8808
vn -0.0823 0.5522 -0.8296
vn -0.1400 0.5487 -0.8242
vn -0.1371 0.6366 -0.7589
vn -0.1976 0.6302 -0.7509
vn -0.1916 0.7151 -0.6723
vn -0.2823 0.6993 -0.6567
vn -0.2712 0.7752 -0.5705
vn -0.3872 0.7433 -0.5455
vn -0.3699 0.8076 -0.4593
vn -0.4765 0.7651 -0.4332
vn 0.2994 0.0519 -0.9527
vn 0.2557 0.0547 -0.9652
vn 0.2570 0.0985 -0.9614
vn 0.2064 0.0997 -0.9734
vn 0.2073 0.1414 -0.9680
vn 0.1552 0.1427 -0.9775
vn 0.1560 0.1917 -0.9690
vn 0.0979 0.1930 -0.9763
vn 0.0983 0.2484 -0.9636
vn 0.0334 0.2495 -0.9678
vn 0.0335 0.3139 -0.9489
vn -0.0268 0.3139 -0.9491
vn -0.0268 0.3874 -0.9215
vn -0.0814 0.3863 -0.9188
vn -0.0810 0.4673 -0.8804
vn -0.1378 0.4645 -0.8748
vn -0.1362 0.5507 -0.8235
vn -0.1952 0.5454 -0.8151
vn -0.1912 0.6336 -0.7497
vn -0.2799 0.6201 -0.7329
vn -0.2708 0.7098 -0.6502
vn -0.3877 0.6805 -0.6218
vn -0.3719 0.7593 -0.5339
vn -0.4773 0.7198 -0.5041
vn -0.4557 0.7852 -0.4193
vn 0.2330 0.0492 -0.9712
vn 0.2028 0.0536 -0.9777
vn 0.2039 0.0983 -0.9740
vn 0.1525 0.0992 -0.9833
vn 0.1532 0.1417 -0.9780
vn 0.0959 0.1426 -0.9851
vn 0.0964 0.1921 -0.9766
vn 0.0327 0.1928 -0.9807
vn 0.0328 0.2491 -0.9679
vn -0.0261 0.2491 -0.9681
vn -0.0262 0.3142 -0.9490
vn -0.0800 0.3134 -0.9463
vn -0.0800 0.3871 -0.9186
vn -0.1355 0.3849 -0.9130
vn -0.1348 0.4661 -0.8744
vn -0.1923 0.4618 -0.8659
vn -0.1900 0.5483 -0.8144
vn -0.2767 0.5370 -0.7969
vn -0.2707 0.6293 -0.7285
vn -0.3851 0.6041 -0.6977
vn -0.3721 0.6963 -0.6138
vn -0.4787 0.6596 -0.5794
vn -0.4590 0.7391 -0.4930
vn 0.1659 0.0482 -0.9850
vn 0.1497 0.0518 -0.9874
vn 0.1506 0.0981 -0.9837
vn 0.0941 0.0988 -0.9906
vn 0.0945 0.1418 -0.9854
vn 0.0321 0.1423 -0.9893
vn 0.0323 0.1925 -0.9808
vn -0.0258 0.1926 -0.9809
vn -0.0259 0.2493 -0.9681
vn -0.0784 0.2486 -0.9654
vn -0.0787 0.3141 -0.9461
vn -0.1328 0.3124 -0.9406
vn -0.1327 0.3864 -0.9127
vn -0.1889 0.3830 -0.9042
vn -0.1880 0.4643 -0.8655
vn -0.2725 0.4552 -0.8477
vn -0.2691 0.5451 -0.7940
vn -0.3811 0.5240 -0.7617
vn -0.3724 0.6179 -0.6925
vn -0.4765 0.5864 -0.6551
vn -0.4602 0.6785 -0.5726
vn 0.0981 0.0486 -0.9940
vn 0.0924 0.0503 -0.9944
vn 0.0930 0.0981 -0.9908
vn 0.0316 0.0984 -0.9946
vn 0.0317 0.1421 -0.9893
vn -0.0252 0.1421 -0.9895
vn -0.0253 0.1928 -0.9809
vn -0.0768 0.1923 -0.9783
vn -0.0772 0.2493 -0.9653
vn -0.1302 0.2480 -0.9600
vn -0.1306 0.3136 -0.9405
vn -0.1852 0.3110 -0.9322
vn -0.1852 0.3851 -0.9041
vn -0.2679 0.3779 -0.8862
vn -0.2664 0.4620 -0.8459
vn -0.3759 0.4448 -0.8129
vn -0.3709 0.5357 -0.7586
vn -0.4726 0.5094 -0.7191
vn -0.4616 0.6026 -0.6510
vn 0.0310 0.0492 -0.9983
vn 0.0299 0.0488 -0.9984
vn -0.0245 0.0500 -0.9984
vn -0.0380 0.0470 -0.9982
vn -0.0727 0.0513 -0.9960
vn -0.1050 0.0473 -0.9933
vn -0.1210 0.0510 -0.9913
vn -0.1687 0.0501 -0.9844
vn -0.1697 0.0993 -0.9805
vn -0.2444 0.0978 -0.9647
vn -0.2456 0.1442 -0.9586
vn -0.3452 0.1399 -0.9280
vn -0.3468 0.1935 -0.9178
vn -0.4387 0.1859 -0.8792
vn -0.4400 0.2442 -0.8641
vn -0.1716 0.0492 -0.9839
vn -0.2373 0.0550 -0.9699
vn -0.2403 0.0565 -0.9690
vn -0.3030 0.0520 -0.9516
vn -0.3339 0.0626 -0.9405
vn -0.3671 0.0539 -0.9286
vn -0.4182 0.0634 -0.9062
vn -0.4291 0.0589 -0.9013
vn -0.3992 0.8352 0.3783
vn -0.4003 0.8349 0.3777
vn -0.3160 0.8648 0.3901
vn -0.3170 0.8647 0.3896
vn -0.2258 0.8885 0.3995
vn -0.2265 0.8885 0.3992
vn -0.1579 0.9009 0.4044
vn -0.1581 0.9009 0.4043
vn -0.1126 0.9066 0.4067
vn -0.1133 0.9066 0.4065
vn -0.0681 0.9104 0.4081
vn -0.0682 0.9104 0.4081
vn -0.0226 0.9123 0.4089
vn -0.0227 0.9123 0.4089
vn -0.4072 0.8451 0.3465
vn -0.4142 0.8431 0.3430
vn -0.3236 0.8769 0.3555
vn -0.3294 0.8759 0.3526
vn -0.2320 0.9027 0.3624
vn -0.2362 0.9024 0.3604
vn -0.1626 0.9165 0.3656
vn -0.1655 0.9163 0.3648
vn -0.1163 0.9228 0.3672
vn -0.1181 0.9228 0.3668
vn -0.0700 0.9270 0.3684
vn -0.0715 0.9271 0.3680
vn -0.0233 0.9292 0.3688
vn -0.0237 0.9292 0.3687
vn -0.4208 0.8611 0.2853
vn -0.4166 0.8536 0.3127
vn -0.4241 0.8520 0.3071
vn -0.3323 0.8877 0.3186
vn -0.3387 0.8871 0.3134
vn -0.2392 0.9158 0.3226
vn -0.2436 0.9159 0.3191
vn -0.1681 0.9310 0.3239
vn -0.1709 0.9310 0.3226
vn -0.1205 0.9381 0.3249
vn -0.1223 0.9381 0.3240
vn -0.0724 0.9428 0.3255
vn -0.0737 0.9429 0.3249
vn -0.0244 0.9452 0.3257
vn -0.0246 0.9452 0.3256
vn -0.4386 0.8985 -0.0207
vn -0.4370 0.8990 0.0292
vn -0.4609 0.8874 0.0080
vn -0.3558 0.9345 0.0067
vn -0.3752 0.9269 -0.0127
vn -0.2608 0.9653 -0.0145
vn -0.2743 0.9612 -0.0287
vn -0.1858 0.9821 -0.0299
vn -0.1938 0.9804 -0.0348
vn -0.1335 0.9904 -0.0354
vn -0.1394 0.9895 -0.0390
vn -0.0806 0.9960 -0.0395
vn -0.0840 0.9956 -0.0416
vn -0.0271 0.9988 -0.0418
vn -0.0281 0.9987 -0.0425
vn -0.4423 0.8865 -0.1359
vn -0.4684 0.8693 -0.1577
vn -0.4606 0.5230 -0.7171
vn -0.4671 0.4333 -0.7708
vn -0.4574 0.4446 -0.7701
vn -0.4605 0.3613 -0.8108
vn -0.4527 0.3707 -0.8110
vn -0.4534 0.2955 -0.8409
vn -0.4466 0.3038 -0.8416
vn -0.4460 0.2370 -0.8631
vn -0.4333 0.1924 -0.8805
vn -0.4316 0.1396 -0.8912
vn -0.4262 0.1454 -0.8929
vn -0.4245 0.0990 -0.9000
vn -0.4198 0.1039 -0.9017
vn -0.3089 0.8582 0.4099
vn -0.3367 0.8965 0.2880
vn -0.4316 0.8584 0.2772
vn -0.3456 0.8953 0.2809
vn -0.3571 0.9329 -0.0465
vn -0.4634 0.8852 -0.0424
vn -0.3777 0.9235 -0.0670
vn -0.3607 0.9174 -0.1683
vn -0.3819 0.9047 -0.1888
vn -0.3871 0.7913 -0.4734
vn -0.3678 0.4546 -0.8112
vn -0.3701 0.3700 -0.8521
vn -0.3634 0.3783 -0.8513
vn -0.3639 0.3016 -0.8813
vn -0.3582 0.3088 -0.8811
vn -0.3575 0.2408 -0.9023
vn -0.3526 0.2471 -0.9026
vn -0.3513 0.1876 -0.9173
vn -0.3353 0.1026 -0.9365
vn -0.3393 0.0981 -0.9356
vn -0.3408 0.1450 -0.9289
vn -0.2203 0.8803 0.4201
vn -0.3081 0.8583 0.4103
vn -0.2431 0.9258 0.2894
vn -0.2493 0.9257 0.2845
vn -0.2622 0.9624 -0.0712
vn -0.2763 0.9572 -0.0859
vn -0.2647 0.9437 -0.1983
vn -0.2797 0.9360 -0.2136
vn -0.2702 0.8255 -0.4955
vn -0.2826 0.8147 -0.5063
vn -0.1917 0.8332 -0.5186
vn -0.2000 0.8290 -0.5222
vn -0.1378 0.8379 -0.5282
vn -0.1436 0.8352 -0.5309
vn -0.0832 0.8409 -0.5348
vn -0.0868 0.8393 -0.5367
vn -0.0280 0.8421 -0.5386
vn -0.0289 0.8418 -0.5390
vn 0.0355 0.8416 -0.5389
vn 0.0369 0.8422 -0.5379
vn 0.1059 0.8381 -0.5351
vn 0.1098 0.8397 -0.5319
vn 0.1708 0.8325 -0.5270
vn 0.1774 0.8344 -0.5218
vn 0.2306 0.8252 -0.5156
vn 0.2387 0.8272 -0.5086
vn 0.2888 0.8158 -0.5011
vn 0.2988 0.8178 -0.4918
vn 0.3452 0.8046 -0.4832
vn 0.3564 0.8065 -0.4717
vn 0.3995 0.7916 -0.4623
vn 0.4115 0.7932 -0.4489
vn 0.4511 0.7770 -0.4390
vn 0.4639 0.7782 -0.4233
vn 0.5000 0.7611 -0.4131
vn 0.5131 0.7619 -0.3953
vn -0.2629 0.3836 -0.8853
vn -0.2631 0.3072 -0.9146
vn -0.2588 0.3122 -0.9141
vn -0.2581 0.2444 -0.9347
vn -0.2544 0.2489 -0.9345
vn -0.2533 0.1898 -0.9486
vn -0.2501 0.1936 -0.9487
vn -0.2489 0.1406 -0.9583
vn -0.2416 0.1009 -0.9651
vn -0.1539 0.8918 0.4255
vn -0.2198 0.8803 0.4204
vn -0.1713 0.9419 0.2890
vn -0.1751 0.9417 0.2873
vn -0.1867 0.9784 -0.0884
vn -0.1956 0.9762 -0.0937
vn -0.1884 0.9574 -0.2191
vn -0.1979 0.9542 -0.2245
vn -0.2823 0.7645 -0.5795
vn -0.1923 0.7817 -0.5933
vn -0.1995 0.7110 -0.6743
vn -0.1377 0.7185 -0.6818
vn -0.1420 0.6341 -0.7601
vn -0.0828 0.6383 -0.7653
vn -0.0845 0.5511 -0.8302
vn -0.0274 0.5528 -0.8329
vn -0.0278 0.4674 -0.8836
vn 0.0345 0.4673 -0.8834
vn 0.0347 0.3874 -0.9212
vn 0.1016 0.3857 -0.9170
vn 0.1016 0.3140 -0.9440
vn 0.1618 0.3116 -0.9363
vn 0.1614 0.2489 -0.9550
vn 0.2151 0.2464 -0.9450
vn 0.2143 0.1927 -0.9576
vn 0.2660 0.1903 -0.9450
vn 0.2649 0.1433 -0.9536
vn 0.3145 0.1413 -0.9387
vn 0.3133 0.1010 -0.9443
vn 0.3608 0.0994 -0.9274
vn -0.1995 0.7777 -0.5962
vn -0.1822 0.3128 -0.9322
vn -0.1817 0.2471 -0.9518
vn -0.1792 0.2486 -0.9519
vn -0.1784 0.1914 -0.9652
vn -0.1758 0.1929 -0.9653
vn -0.1750 0.1416 -0.9743
vn -0.1726 0.1429 -0.9746
vn -0.1717 0.0982 -0.9802
vn -0.1100 0.8971 0.4280
vn -0.1227 0.9493 0.2893
vn -0.1255 0.9494 0.2881
vn -0.0738 0.9543 0.2894
vn -0.0754 0.9544 0.2887
vn -0.0247 0.9569 0.2894
vn -0.0254 0.9570 0.2891
vn -0.1343 0.9864 -0.0950
vn -0.1405 0.9852 -0.0987
vn -0.0812 0.9917 -0.0996
vn -0.0848 0.9912 -0.1017
vn -0.0272 0.9944 -0.1022
vn -0.0284 0.9943 -0.1030
vn -0.1359 0.9643 -0.2272
vn -0.1423 0.9625 -0.2309
vn -0.0820 0.9691 -0.2327
vn -0.0860 0.9682 -0.2351
vn -0.0275 0.9714 -0.2360
vn -0.0288 0.9711 -0.2369
vn -0.1382 0.7858 -0.6028
vn -0.1433 0.7832 -0.6050
vn -0.0834 0.7885 -0.6094
vn -0.0864 0.7871 -0.6108
vn -0.0278 0.7897 -0.6129
vn -0.0290 0.7891 -0.6135
vn 0.0354 0.7890 -0.6134
vn 0.0368 0.7897 -0.6124
vn 0.1061 0.7858 -0.6093
vn 0.1098 0.7876 -0.6064
vn 0.1711 0.7808 -0.6009
vn 0.1769 0.7829 -0.5965
vn 0.2309 0.7741 -0.5894
vn 0.2387 0.7766 -0.5830
vn 0.2898 0.7657 -0.5742
vn 0.2987 0.7683 -0.5661
vn 0.3463 0.7555 -0.5561
vn 0.3567 0.7582 -0.5458
vn 0.4011 0.7438 -0.5348
vn 0.4125 0.7463 -0.5223
vn 0.4534 0.7306 -0.5105
vn 0.4653 0.7329 -0.4963
vn 0.5031 0.7160 -0.4839
vn 0.5154 0.7180 -0.4678
vn -0.1433 0.7159 -0.6834
vn -0.0831 0.7207 -0.6882
vn -0.0856 0.6370 -0.7661
vn -0.0276 0.6390 -0.7687
vn -0.0281 0.5524 -0.8331
vn 0.0349 0.5523 -0.8329
vn 0.0354 0.4678 -0.8831
vn 0.1032 0.4656 -0.8789
vn 0.1037 0.3870 -0.9162
vn 0.1646 0.3840 -0.9086
vn 0.1646 0.3131 -0.9353
vn 0.2189 0.3099 -0.9252
vn 0.2184 0.2482 -0.9438
vn 0.2706 0.2451 -0.9310
vn 0.2697 0.1924 -0.9435
vn 0.3200 0.1895 -0.9283
vn 0.3188 0.1435 -0.9369
vn 0.3664 0.1411 -0.9197
vn 0.3650 0.1017 -0.9254
vn 0.4110 0.0998 -0.9062
vn -0.0864 0.7193 -0.6893
vn -0.1283 0.2491 -0.9599
vn -0.1261 0.1929 -0.9731
vn -0.1278 0.1919 -0.9731
vn -0.0758 0.1929 -0.9783
vn -0.1238 0.1426 -0.9820
vn -0.1255 0.1418 -0.9819
vn -0.0745 0.1425 -0.9870
vn -0.0754 0.1420 -0.9870
vn -0.0248 0.1423 -0.9895
vn -0.1216 0.0989 -0.9876
vn -0.1232 0.0981 -0.9875
vn -0.0731 0.0986 -0.9924
vn -0.0741 0.0981 -0.9924
vn -0.0246 0.0983 -0.9949
vn -0.0247 0.0982 -0.9949
vn 0.0312 0.0982 -0.9947
vn -0.1536 0.8918 0.4256
vn -0.0277 0.7217 -0.6917
vn -0.0288 0.7212 -0.6921
vn 0.0352 0.7211 -0.6920
vn 0.0367 0.7217 -0.6912
vn 0.1056 0.7183 -0.6877
vn 0.1098 0.7200 -0.6853
vn 0.1705 0.7139 -0.6792
vn 0.1770 0.7160 -0.6753
vn 0.2303 0.7081 -0.6675
vn 0.2386 0.7104 -0.6621
vn 0.2888 0.7006 -0.6525
vn 0.2994 0.7032 -0.6449
vn 0.3459 0.6918 -0.6338
vn 0.3576 0.6943 -0.6246
vn 0.4008 0.6815 -0.6123
vn 0.4139 0.6838 -0.6009
vn 0.4535 0.6699 -0.5878
vn 0.4676 0.6720 -0.5743
vn 0.5040 0.6570 -0.5606
vn 0.5186 0.6587 -0.5452
vn -0.0286 0.6386 -0.7690
vn 0.0351 0.6385 -0.7689
vn 0.0358 0.5528 -0.8325
vn 0.1045 0.5502 -0.8284
vn 0.1056 0.4670 -0.8779
vn 0.1669 0.4632 -0.8704
vn 0.1677 0.3855 -0.9073
vn 0.2224 0.3814 -0.8972
vn 0.2225 0.3118 -0.9237
vn 0.2753 0.3077 -0.9108
vn 0.2748 0.2473 -0.9292
vn 0.3255 0.2434 -0.9137
vn 0.3245 0.1920 -0.9262
vn 0.3728 0.1886 -0.9085
vn 0.3714 0.1437 -0.9173
vn 0.4175 0.1409 -0.8977
vn 0.4161 0.1027 -0.9035
vn 0.4601 0.1005 -0.8822
vn 0.0363 0.6391 -0.7683
vn 0.1053 0.6360 -0.7645
vn 0.1087 0.6376 -0.7626
vn 0.1700 0.6323 -0.7559
vn 0.1755 0.6343 -0.7529
vn 0.2295 0.6273 -0.7442
vn 0.2370 0.6299 -0.7396
vn 0.2883 0.6211 -0.7288
vn 0.2970 0.6239 -0.7229
vn 0.3454 0.6135 -0.7101
vn 0.3557 0.6165 -0.7024
vn 0.4009 0.6047 -0.6882
vn 0.4119 0.6077 -0.6790
vn 0.4539 0.5947 -0.6635
vn 0.4659 0.5976 -0.6525
vn 0.5050 0.5835 -0.6360
vn 0.5177 0.5863 -0.6231
vn 0.1052 0.9183 -0.3817
vn 0.1097 0.9194 -0.3778
vn 0.1698 0.9116 -0.3743
vn 0.1769 0.9127 -0.3684
vn 0.2289 0.9028 -0.3641
vn 0.2378 0.9037 -0.3560
vn 0.2865 0.8916 -0.3508
vn 0.2972 0.8921 -0.3403
vn 0.3419 0.8782 -0.3345
vn 0.3541 0.8782 -0.3214
vn 0.3953 0.8628 -0.3152
vn 0.4080 0.8622 -0.3004
vn 0.4455 0.8456 -0.2940
vn 0.4591 0.8442 -0.2766
vn 0.4931 0.8270 -0.2702
vn 0.5067 0.8248 -0.2510
vn 0.1047 0.9461 -0.3064
vn 0.1093 0.9469 -0.3023
vn 0.1692 0.9390 -0.2995
vn 0.1761 0.9396 -0.2936
vn 0.2278 0.9295 -0.2901
vn 0.2371 0.9297 -0.2817
vn 0.2852 0.9174 -0.2775
vn 0.2959 0.9172 -0.2670
vn 0.3405 0.9029 -0.2623
vn 0.3523 0.9020 -0.2496
vn 0.3930 0.8864 -0.2447
vn 0.4059 0.8846 -0.2294
vn 0.4430 0.8680 -0.2244
vn 0.4563 0.8654 -0.2073
vn 0.4899 0.8479 -0.2024
vn 0.5035 0.8444 -0.1831
vn 0.1043 0.9666 -0.2342
vn 0.1088 0.9671 -0.2301
vn 0.1683 0.9590 -0.2280
vn 0.1754 0.9592 -0.2219
vn 0.2271 0.9489 -0.2192
vn 0.2359 0.9486 -0.2111
vn 0.2839 0.9361 -0.2078
vn 0.2943 0.9351 -0.1976
vn 0.3388 0.9206 -0.1940
vn 0.3506 0.9188 -0.1813
vn 0.3913 0.9030 -0.1776
vn 0.4037 0.9003 -0.1630
vn 0.4407 0.8834 -0.1593
vn 0.4538 0.8797 -0.1424
vn 0.4874 0.8621 -0.1388
vn 0.5004 0.8574 -0.1203
vn 0.1038 0.9807 -0.1656
vn 0.1083 0.9809 -0.1615
vn 0.1676 0.9728 -0.1599
vn 0.1743 0.9725 -0.1542
vn 0.2260 0.9622 -0.1523
vn 0.2346 0.9613 -0.1444
vn 0.2825 0.9487 -0.1421
vn 0.2927 0.9471 -0.1320
vn 0.3374 0.9324 -0.1295
vn 0.3485 0.9299 -0.1175
vn 0.3895 0.9138 -0.1149
vn 0.4015 0.9103 -0.1008
vn 0.4389 0.8931 -0.0982
vn 0.4512 0.8886 -0.0824
vn 0.4852 0.8707 -0.0800
vn 0.4976 0.8652 -0.0623
vn 0.1034 0.9895 -0.1010
vn 0.1076 0.9894 -0.0972
vn 0.1667 0.9813 -0.0961
vn 0.1730 0.9807 -0.0908
vn 0.2249 0.9703 -0.0895
vn 0.2331 0.9690 -0.0820
vn 0.2813 0.9563 -0.0805
vn 0.2907 0.9542 -0.0712
vn 0.3358 0.9393 -0.0696
vn 0.3463 0.9363 -0.0584
vn 0.3879 0.9199 -0.0568
vn 0.3992 0.9158 -0.0437
vn 0.4372 0.8984 -0.0423
vn 0.4486 0.8933 -0.0276
vn 0.4836 0.8749 -0.0263
vn 0.4953 0.8687 -0.0096
vn 0.1028 0.9939 -0.0410
vn 0.1066 0.9936 -0.0375
vn 0.1656 0.9855 -0.0369
vn 0.1717 0.9846 -0.0318
vn 0.2237 0.9742 -0.0311
vn 0.2311 0.9726 -0.0244
vn 0.2797 0.9598 -0.0237
vn 0.2886 0.9573 -0.0151
vn 0.3342 0.9424 -0.0143
vn 0.3440 0.9390 -0.0040
vn 0.3863 0.9224 -0.0034
vn 0.3966 0.9180 0.0084
vn 0.4355 0.9002 0.0089
vn 0.4463 0.8946 0.0226
vn 0.4823 0.8757 0.0228
vn 0.4930 0.8692 0.0379
vn 0.1021 0.9947 0.0147
vn 0.1056 0.9942 0.0179
vn 0.1647 0.9862 0.0180
vn 0.1701 0.9852 0.0225
vn 0.2221 0.9748 0.0226
vn 0.2290 0.9730 0.0288
vn 0.2782 0.9601 0.0288
vn 0.2862 0.9575 0.0365
vn 0.3325 0.9424 0.0364
vn 0.3414 0.9388 0.0457
vn 0.3844 0.9220 0.0455
vn 0.3940 0.9174 0.0564
vn 0.4339 0.8992 0.0559
vn 0.4437 0.8936 0.0681
vn 0.4809 0.8742 0.0673
vn 0.4905 0.8677 0.0807
vn 0.1003 0.9920 0.0761
vn 0.1047 0.9914 0.0788
vn 0.1619 0.9837 0.0784
vn 0.1691 0.9822 0.0824
vn 0.2185 0.9724 0.0819
vn 0.2276 0.9698 0.0872
vn 0.2738 0.9579 0.0865
vn 0.2848 0.9540 0.0932
vn 0.3277 0.9403 0.0923
vn 0.3399 0.9351 0.1002
vn 0.3795 0.9199 0.0991
vn 0.3928 0.9132 0.1082
vn 0.4289 0.8970 0.1068
vn 0.4429 0.8889 0.1171
vn 0.4759 0.8719 0.1155
vn 0.4902 0.8623 0.1268
vn 0.0989 0.9852 0.1403
vn 0.1028 0.9844 0.1426
vn 0.1600 0.9769 0.1418
vn 0.1661 0.9754 0.1451
vn 0.2160 0.9657 0.1439
vn 0.2237 0.9633 0.1483
vn 0.2711 0.9513 0.1468
vn 0.2802 0.9478 0.1521
vn 0.3247 0.9338 0.1503
vn 0.3351 0.9290 0.1568
vn 0.3766 0.9134 0.1547
vn 0.3878 0.9074 0.1619
vn 0.4263 0.8904 0.1595
vn 0.4380 0.8832 0.1677
vn 0.4739 0.8650 0.1649
vn 0.4861 0.8564 0.1740
vn 0.0975 0.9756 0.1969
vn 0.1005 0.9749 0.1987
vn 0.1578 0.9675 0.1974
vn 0.1626 0.9662 0.2000
vn 0.2131 0.9567 0.1983
vn 0.2193 0.9546 0.2017
vn 0.2677 0.9426 0.1995
vn 0.2753 0.9395 0.2038
vn 0.3212 0.9254 0.2012
vn 0.3297 0.9213 0.2062
vn 0.3730 0.9053 0.2031
vn 0.3822 0.9001 0.2089
vn 0.4230 0.8826 0.2054
vn 0.4326 0.8763 0.2118
vn 0.4713 0.8571 0.2079
vn 0.4813 0.8498 0.2150
vn 0.0957 0.9645 0.2461
vn 0.0982 0.9639 0.2475
vn 0.1551 0.9568 0.2459
vn 0.1591 0.9556 0.2479
vn 0.2097 0.9464 0.2458
vn 0.2146 0.9446 0.2484
vn 0.2639 0.9327 0.2457
vn 0.2699 0.9301 0.2489
vn 0.3171 0.9160 0.2456
vn 0.3237 0.9127 0.2493
vn 0.3689 0.8965 0.2455
vn 0.3761 0.8923 0.2498
vn 0.4190 0.8742 0.2454
vn 0.4267 0.8691 0.2502
vn 0.4678 0.8491 0.2453
vn 0.4757 0.8432 0.2505
vn 0.0940 0.9529 0.2884
vn 0.0958 0.9524 0.2894
vn 0.1525 0.9455 0.2876
vn 0.1554 0.9446 0.2890
vn 0.2061 0.9356 0.2865
vn 0.2101 0.9341 0.2885
vn 0.2599 0.9225 0.2853
vn 0.2642 0.9206 0.2876
vn 0.3125 0.9066 0.2837
vn 0.3176 0.9039 0.2865
vn 0.3641 0.8877 0.2819
vn 0.3697 0.8843 0.2850
vn 0.4145 0.8660 0.2798
vn 0.4205 0.8619 0.2833
vn 0.4636 0.8415 0.2774
vn 0.0921 0.9414 0.3246
vn 0.0936 0.9409 0.3254
vn 0.1496 0.9344 0.3233
vn 0.1517 0.9337 0.3243
vn 0.2026 0.9250 0.3216
vn 0.2052 0.9239 0.3228
vn 0.2554 0.9126 0.3193
vn 0.2586 0.9111 0.3209
vn 0.3077 0.8973 0.3165
vn 0.3114 0.8953 0.3184
vn 0.3591 0.8792 0.3132
vn 0.3630 0.8768 0.3153
vn 0.4096 0.8582 0.3093
vn 0.0891 0.9257 0.3676
vn 0.0905 0.9254 0.3680
vn 0.1446 0.9194 0.3658
vn 0.1468 0.9189 0.3662
vn 0.1958 0.9109 0.3633
vn 0.1990 0.9099 0.3639
vn 0.2475 0.8995 0.3600
vn 0.2511 0.8983 0.3607
vn 0.2988 0.8855 0.3560
vn 0.3029 0.8838 0.3566
vn 0.3493 0.8687 0.3511
vn 0.0863 0.9091 0.4075
vn 0.0866 0.9090 0.4076
vn 0.1401 0.9034 0.4053
vn 0.1405 0.9033 0.4053
vn 0.1903 0.8956 0.4021
vn 0.1908 0.8954 0.4022
vn 0.2406 0.8853 0.3980
vn 0.2413 0.8850 0.3981
vn 0.2909 0.8724 0.3929
vn 0.0845 0.8998 0.4281
vn 0.0842 0.8999 0.4280
vn 0.1372 0.8945 0.4256
vn 0.1366 0.8946 0.4255
vn 0.1864 0.8871 0.4222
vn 0.1858 0.8873 0.4221
vn 0.2359 0.8774 0.4177
vn 0.0841 0.8994 0.4291
vn 0.0840 0.8994 0.4290
vn 0.1365 0.8941 0.4266
vn 0.1362 0.8941 0.4266
vn 0.1856 0.8868 0.4233
vn 0.1073 0.5518 -0.8271
vn 0.1686 0.5472 -0.8198
vn 0.1705 0.4649 -0.8688
vn 0.2256 0.4599 -0.8589
vn 0.2267 0.3836 -0.8953
vn 0.2796 0.3783 -0.8824
vn 0.2797 0.3100 -0.9087
vn 0.3307 0.3050 -0.8931
vn 0.3301 0.2459 -0.9113
vn 0.3789 0.2414 -0.8934
vn 0.3778 0.1915 -0.9059
vn 0.4244 0.1876 -0.8859
vn 0.4229 0.1438 -0.8947
vn 0.4669 0.1406 -0.8730
vn 0.4655 0.1036 -0.8790
vn 0.1733 0.5492 -0.8175
vn 0.2281 0.5431 -0.8081
vn 0.2340 0.5455 -0.8048
vn 0.2865 0.5378 -0.7929
vn 0.2939 0.5407 -0.7882
vn 0.3436 0.5316 -0.7742
vn 0.3520 0.5346 -0.7683
vn 0.3990 0.5242 -0.7524
vn 0.4086 0.5275 -0.7449
vn 0.4523 0.5159 -0.7275
vn 0.4626 0.5193 -0.7186
vn 0.5037 0.5066 -0.6998
vn 0.5145 0.5100 -0.6894
vn 0.2307 0.4622 -0.8562
vn 0.2836 0.4558 -0.8437
vn 0.2850 0.3809 -0.8796
vn 0.3360 0.3746 -0.8642
vn 0.3362 0.3078 -0.8901
vn 0.3850 0.3020 -0.8721
vn 0.3845 0.2444 -0.8902
vn 0.4311 0.2393 -0.8700
vn 0.4300 0.1909 -0.8824
vn 0.4746 0.1864 -0.8603
vn 0.4732 0.1441 -0.8691
vn 0.2897 0.4585 -0.8402
vn 0.3402 0.4507 -0.8253
vn 0.3474 0.4538 -0.8206
vn 0.3955 0.4449 -0.8035
vn 0.4035 0.4482 -0.7977
vn 0.4485 0.4382 -0.7790
vn 0.4574 0.4419 -0.7717
vn 0.5002 0.4308 -0.7511
vn 0.5094 0.4345 -0.7428
vn 0.3907 0.3701 -0.8428
vn 0.3976 0.3734 -0.8381
vn 0.4436 0.3651 -0.8184
vn 0.4510 0.3686 -0.8129
vn 0.4950 0.3593 -0.7911
vn 0.5031 0.3631 -0.7843
vn 0.3420 0.3775 -0.8606
vn 0.3333 0.8506 0.4067
vn 0.3327 0.8509 0.4066
vn 0.3823 0.8335 0.3989
vn 0.3815 0.8339 0.3988
vn 0.2835 0.8654 0.4133
vn 0.3338 0.8511 0.4053
vn 0.3842 0.8333 0.3975
vn 0.3916 0.8383 0.3794
vn 0.4400 0.8178 0.3709
vn 0.4541 0.8237 0.3396
vn 0.3829 0.8340 0.3973
vn 0.3911 0.3051 -0.8683
vn 0.4375 0.2984 -0.8482
vn 0.4370 0.2425 -0.8662
vn 0.4815 0.2367 -0.8439
vn 0.4805 0.1899 -0.8562
vn 0.4443 0.3019 -0.8435
vn 0.4408 0.8173 0.3710
vn 0.4332 0.8134 0.3883
vn 0.4958 0.2983 -0.8156
vn 0.4885 0.2945 -0.8214
vn 0.4881 0.2404 -0.8390
vn 0.6227 0.0628 -0.7799
vn 0.6156 0.0678 -0.7851
vn 0.6415 0.1067 -0.7597
vn 0.6527 0.1123 -0.7493
vn 0.6557 0.1470 -0.7406
vn 0.6834 0.1599 -0.7123
vn 0.6842 0.1918 -0.7037
vn 0.7170 0.2138 -0.6635
vn 0.7095 0.2333 -0.6650
vn 0.7280 0.2566 -0.6357
vn 0.7453 0.2744 -0.6076
vn 0.7409 0.2820 -0.6096
vn 0.7564 0.3270 -0.5665
vn 0.7525 0.3367 -0.5659
vn 0.7735 0.3568 -0.5239
vn 0.7738 0.3573 -0.5230
vn 0.7694 0.3917 -0.5045
vn 0.7800 0.3938 -0.4864
vn 0.7893 0.4264 -0.4418
vn 0.8043 0.4136 -0.4268
vn 0.8130 0.4200 -0.4033
vn 0.8242 0.4094 -0.3912
vn 0.8321 0.4135 -0.3697
vn 0.8415 0.4038 -0.3588
vn 0.8484 0.4080 -0.3373
vn 0.8579 0.3973 -0.3257
vn 0.8637 0.4016 -0.3045
vn 0.8730 0.3902 -0.2925
vn 0.8779 0.3946 -0.2713
vn 0.8954 0.3706 -0.2469
vn 0.8951 0.3903 -0.2156
vn 0.9188 0.3519 -0.1791
vn 0.9161 0.3724 -0.1484
vn 0.9372 0.3302 -0.1118
vn 0.9326 0.3516 -0.0819
vn 0.9511 0.3056 -0.0458
vn 0.9447 0.3274 -0.0172
vn 0.9606 0.2774 0.0178
vn 0.9528 0.3001 0.0452
vn 0.9636 0.2576 0.0711
vn 0.9618 0.2609 0.0825
vn 0.9612 0.2588 0.0955
vn 0.9500 0.3027 0.0765
vn 0.9563 0.2852 0.0651
vn 0.9391 0.3410 0.0424
vn 0.9422 0.3331 0.0366
vn 0.9213 0.3884 0.0168
vn 0.9211 0.3890 0.0173
vn 0.8967 0.4427 0.0012
vn 0.8931 0.4498 0.0081
vn 0.8665 0.4992 -0.0037
vn 0.8602 0.5099 0.0084
vn 0.8420 0.5395 0.0033
vn 0.8290 0.5585 0.0281
vn 0.8205 0.5711 0.0268
vn 0.8074 0.5877 0.0519
vn 0.8003 0.5974 0.0514
vn 0.7875 0.6116 0.0762
vn 0.7819 0.6187 0.0763
vn 0.7692 0.6309 0.1014
vn 0.7655 0.6353 0.1017
vn 0.7537 0.6451 0.1255
vn 0.7412 0.6591 0.1273
vn 0.7329 0.6673 0.1328
vn 0.7813 0.4449 -0.4378
vn 0.7991 0.4553 -0.3926
vn 0.8093 0.4454 -0.3829
vn 0.8171 0.4500 -0.3604
vn 0.8277 0.4389 -0.3498
vn 0.8346 0.4414 -0.3295
vn 0.8438 0.4310 -0.3197
vn 0.8500 0.4337 -0.2991
vn 0.8591 0.4225 -0.2889
vn 0.8643 0.4253 -0.2687
vn 0.8735 0.4130 -0.2578
vn 0.8778 0.4160 -0.2376
vn 0.8951 0.3904 -0.2156
vn 0.8940 0.4080 -0.1850
vn 0.9177 0.3670 -0.1521
vn 0.9145 0.3857 -0.1218
vn 0.9359 0.3410 -0.0887
vn 0.9308 0.3607 -0.0591
vn 0.9497 0.3121 -0.0265
vn 0.9429 0.3330 0.0023
vn 0.9593 0.2802 0.0337
vn 0.9514 0.3019 0.0612
vn 0.7882 0.4973 -0.3626
vn 0.7933 0.4956 -0.3535
vn 0.8122 0.4759 -0.3374
vn 0.8190 0.4789 -0.3162
vn 0.8289 0.4675 -0.3071
vn 0.8352 0.4686 -0.2878
vn 0.8442 0.4575 -0.2792
vn 0.8496 0.4588 -0.2601
vn 0.8586 0.4470 -0.2511
vn 0.8632 0.4485 -0.2318
vn 0.8723 0.4355 -0.2222
vn 0.8761 0.4372 -0.2031
vn 0.8934 0.4100 -0.1835
vn 0.8917 0.4256 -0.1539
vn 0.9157 0.3821 -0.1244
vn 0.9120 0.3989 -0.0952
vn 0.9340 0.3513 -0.0656
vn 0.9285 0.3696 -0.0364
vn 0.9480 0.3181 -0.0073
vn 0.9411 0.3375 0.0210
vn 0.9582 0.2819 0.0489
vn 0.8035 0.5186 -0.2924
vn 0.7934 0.5372 -0.2862
vn 0.8032 0.5485 -0.2323
vn 0.7821 0.5849 -0.2148
vn 0.7997 0.5745 -0.1747
vn 0.7849 0.6032 -0.1418
vn 0.7940 0.5959 -0.1203
vn 0.7873 0.6073 -0.1066
vn 0.7800 0.6214 -0.0737
vn 0.7740 0.6327 -0.0235
vn 0.7740 0.6328 -0.0235
vn 0.7822 0.6190 -0.0705
vn 0.7904 0.6088 -0.0686
vn 0.8037 0.5860 -0.1029
vn 0.8101 0.5776 -0.1006
vn 0.8239 0.5503 -0.1358
vn 0.8301 0.5416 -0.1325
vn 0.8428 0.5121 -0.1655
vn 0.8500 0.5017 -0.1604
vn 0.8610 0.4721 -0.1892
vn 0.8683 0.4612 -0.1826
vn 0.7704 0.6376 0.0071
vn 0.7729 0.6343 0.0195
vn 0.7748 0.6319 0.0196
vn 0.7798 0.6252 0.0312
vn 0.7849 0.6189 0.0315
vn 0.7899 0.6118 0.0412
vn 0.7958 0.6042 0.0416
vn 0.7572 0.6521 0.0374
vn 0.7664 0.6397 0.0576
vn 0.7677 0.6382 0.0575
vn 0.7723 0.6316 0.0676
vn 0.7770 0.6259 0.0675
vn 0.7509 0.6554 0.0817
vn 0.7595 0.6438 0.0929
vn 0.7603 0.6430 0.0928
vn 0.7521 0.6393 0.1604
vn 0.7577 0.6316 0.1643
vn 0.7406 0.6506 0.1681
vn 0.7531 0.6350 0.1720
vn 0.7488 0.6399 0.1730
vn 0.7616 0.6238 0.1760
vn 0.7589 0.6269 0.1765
vn 0.7713 0.6106 0.1797
vn 0.7709 0.6110 0.1798
vn 0.7829 0.5946 0.1830
vn 0.7848 0.5923 0.1826
vn 0.7963 0.5756 0.1859
vn 0.8108 0.5562 0.1823
vn 0.8170 0.5434 0.1928
vn 0.8458 0.5005 0.1847
vn 0.8505 0.4885 0.1951
vn 0.8824 0.4331 0.1840
vn 0.8854 0.4225 0.1939
vn 0.9175 0.3551 0.1793
vn 0.9219 0.3272 0.2072
vn 0.9429 0.2868 0.1692
vn 0.9450 0.2816 0.1666
vn 0.9450 0.2832 0.1636
vn 0.9467 0.2810 0.1573
vn 0.9179 0.3615 0.1637
vn 0.9223 0.3572 0.1473
vn 0.8904 0.4292 0.1514
vn 0.8947 0.4261 0.1340
vn 0.8616 0.4889 0.1364
vn 0.8653 0.4872 0.1184
vn 0.8332 0.5399 0.1197
vn 0.8358 0.5396 0.1017
vn 0.8156 0.5695 0.1023
vn 0.8122 0.5759 0.0934
vn 0.8032 0.5883 0.0936
vn 0.7993 0.5949 0.0848
vn 0.7919 0.6047 0.0850
vn 0.7184 0.6675 0.1957
vn 0.7459 0.6324 0.2092
vn 0.7316 0.6476 0.2133
vn 0.7414 0.6357 0.2152
vn 0.7398 0.6373 0.2156
vn 0.7503 0.6245 0.2168
vn 0.7502 0.6247 0.2169
vn 0.7603 0.6118 0.2182
vn 0.7628 0.6090 0.2175
vn 0.7729 0.5955 0.2189
vn 0.7775 0.5900 0.2175
vn 0.7874 0.5763 0.2189
vn 0.8048 0.5539 0.2131
vn 0.8105 0.5427 0.2204
vn 0.8427 0.4964 0.2082
vn 0.8472 0.4856 0.2156
vn 0.8824 0.4262 0.1993
vn 0.8854 0.4166 0.2063
vn 0.9096 0.3684 0.1923
vn 0.9171 0.3207 0.2367
vn 0.8875 0.4100 0.2104
vn 0.8459 0.4806 0.2315
vn 0.8453 0.4818 0.2310
vn 0.8057 0.5361 0.2517
vn 0.8018 0.5434 0.2488
vn 0.7770 0.5733 0.2600
vn 0.7712 0.5809 0.2603
vn 0.7598 0.5937 0.2651
vn 0.7544 0.6004 0.2653
vn 0.7443 0.6112 0.2693
vn 0.7394 0.6170 0.2695
vn 0.7317 0.6248 0.2724
vn 0.7271 0.6301 0.2726
vn 0.7203 0.6367 0.2751
vn 0.7170 0.6405 0.2750
vn 0.7168 0.6407 0.2751
vn 0.7042 0.6547 0.2747
vn 0.7261 0.6401 0.2513
vn 0.7333 0.6342 0.2450
vn 0.7114 0.6614 0.2375
vn 0.6975 0.6517 0.2979
vn 0.7016 0.6474 0.2978
vn 0.7103 0.6393 0.2944
vn 0.7105 0.6392 0.2944
vn 0.7225 0.6278 0.2896
vn 0.7237 0.6264 0.2895
vn 0.7360 0.6143 0.2845
vn 0.7383 0.6116 0.2843
vn 0.7526 0.5969 0.2782
vn 0.7554 0.5934 0.2779
vn 0.7710 0.5764 0.2708
vn 0.7747 0.5716 0.2704
vn 0.7931 0.5502 0.2614
vn 0.8569 0.3753 0.3535
vn 0.7736 0.5721 0.2725
vn 0.7487 0.5958 0.2907
vn 0.6911 0.6520 0.3120
vn 0.6770 0.6627 0.3200
vn 0.6881 0.6519 0.3187
vn 0.7337 0.6000 0.3190
vn 0.7143 0.6297 0.3053
vn 0.7002 0.6435 0.3093
vn 0.7013 0.6435 0.3069
vn 0.7043 0.6402 0.3068
vn 0.7529 0.5928 0.2859
vn 0.7344 0.6127 0.2918
vn 0.7298 0.6170 0.2946
vn 0.7168 0.6294 0.3001
vn 0.8068 0.5355 0.2498
vn 0.8591 0.4374 0.2658
vn 0.9267 0.3325 0.1754
vn 0.9562 0.2363 0.1726
vn 0.9589 0.2324 0.1626
vn 0.9589 0.2326 0.1625
vn 0.9597 0.2308 0.1604
vn 0.9600 0.2311 0.1582
vn 0.9598 0.2314 0.1586
vn 0.9601 0.2345 0.1521
vn 0.9617 0.2327 0.1451
vn 0.9446 0.2980 0.1376
vn 0.9509 0.2873 0.1149
vn 0.9290 0.3551 0.1045
vn 0.9349 0.3457 0.0807
vn 0.9104 0.4078 0.0691
vn 0.9154 0.4000 0.0449
vn 0.8893 0.4561 0.0328
vn 0.9582 0.2416 0.1533
vn 0.9625 0.2345 0.1364
vn 0.9460 0.2994 0.1244
vn 0.9528 0.2869 0.0994
vn 0.9327 0.3506 0.0849
vn 0.9387 0.3396 0.0592
vn 0.9162 0.3984 0.0434
vn 0.0134 0.9666 -0.2560
vn 0.9586 0.2452 0.1450
vn 0.9616 0.2490 0.1156
vn 0.9628 0.2456 0.1127
vn 0.9605 0.2495 0.1230
vn 0.9475 0.3005 0.1096
vn 0.9677 0.2451 0.0595
vn 0.9694 0.2349 0.0719
vn 0.9546 0.2966 0.0282
vn 0.9618 0.2737 0.0017
vn 0.9463 0.3211 -0.0369
vn 0.9523 0.2982 -0.0654
vn 0.9340 0.3415 -0.1051
vn 0.9381 0.3189 -0.1349
vn 0.9170 0.3584 -0.1750
vn 0.9190 0.3363 -0.2058
vn 0.8950 0.3723 -0.2458
vn 0.8945 0.3506 -0.2774
vn 0.8766 0.3729 -0.3042
vn 0.8711 0.3671 -0.3261
vn 0.8615 0.3777 -0.3393
vn 0.8550 0.3719 -0.3615
vn 0.8451 0.3818 -0.3742
vn 0.8375 0.3761 -0.3965
vn 0.8275 0.3852 -0.4085
vn 0.8187 0.3794 -0.4311
vn 0.8068 0.3892 -0.4444
vn 0.7970 0.3810 -0.4686
vn 0.9763 0.2161 -0.0136
vn 0.9660 0.2578 0.0176
vn 0.9667 0.2521 0.0433
vn 0.9565 0.2915 0.0108
vn 0.9674 0.2351 -0.0941
vn 0.9622 0.2615 -0.0763
vn 0.9657 0.2576 -0.0330
vn 0.9648 0.2611 -0.0314
vn 0.9588 0.2839 -0.0074
vn 0.9632 0.2684 -0.0148
vn 0.9552 0.2596 -0.1420
vn 0.9564 0.2464 -0.1565
vn 0.9501 0.2438 -0.1944
vn 0.9554 0.2015 -0.2157
vn 0.9350 0.2377 -0.2631
vn 0.9326 0.2067 -0.2960
vn 0.9184 0.2117 -0.3344
vn 0.9265 0.1004 -0.3627
vn 0.9000 0.1965 -0.3890
vn 0.8727 0.1518 -0.4641
vn 0.8596 0.1708 -0.4816
vn 0.8330 0.1481 -0.5331
vn 0.8223 0.1506 -0.5487
vn 0.8074 0.1417 -0.5727
vn 0.7946 0.1443 -0.5897
vn 0.7781 0.1351 -0.6134
vn 0.7646 0.1374 -0.6297
vn 0.7463 0.1278 -0.6533
vn 0.7324 0.1298 -0.6683
vn 0.7124 0.1200 -0.6914
vn 0.6951 0.1222 -0.7085
vn 0.6734 0.1101 -0.7311
vn 0.8420 -0.3020 -0.4469
vn 0.8076 0.1278 -0.5758
vn 0.7777 0.1036 -0.6200
vn 0.7716 0.0777 -0.6314
vn 0.7457 0.1034 -0.6582
vn 0.6983 0.0834 -0.7109
vn 0.7098 0.0679 -0.7011
vn 0.6719 0.0848 -0.7357
vn 0.7239 0.6437 0.2482
vn 0.7308 0.6356 0.2489
vn 0.7586 0.6378 0.1330
vn 0.7825 0.6223 -0.0224
vn 0.7877 0.6160 -0.0096
vn 0.7933 0.6088 -0.0088
vn 0.7986 0.6018 0.0024
vn 0.8043 0.5943 0.0032
vn 0.8091 0.5874 0.0147
vn 0.8163 0.5774 0.0158
vn 0.7977 0.5912 -0.1190
vn 0.8106 0.5647 -0.1551
vn 0.8042 0.5688 -0.1726
vn 0.8162 0.5385 -0.2094
vn 0.8090 0.5414 -0.2287
vn 0.8195 0.5080 -0.2650
vn 0.8115 0.5094 -0.2864
vn 0.7877 0.3483 -0.5081
vn 0.7986 0.3584 -0.4835
vn 0.8113 0.3493 -0.4687
vn 0.8210 0.3566 -0.4459
vn 0.8317 0.3481 -0.4325
vn 0.8401 0.3554 -0.4097
vn 0.8506 0.3461 -0.3957
vn 0.8578 0.3534 -0.3732
vn 0.8679 0.3436 -0.3588
vn 0.8740 0.3508 -0.3362
vn 0.8925 0.3302 -0.3072
vn 0.8938 0.3538 -0.2755
vn 0.9185 0.3203 -0.2320
vn 0.9172 0.3439 -0.2013
vn 0.9385 0.3070 -0.1577
vn 0.9350 0.3307 -0.1283
vn 0.9533 0.2899 -0.0850
vn 0.9479 0.3134 -0.0572
vn 0.7767 0.3160 -0.5449
vn 0.7886 0.3278 -0.5202
vn 0.8024 0.3194 -0.5041
vn 0.8129 0.3282 -0.4812
vn 0.8245 0.3203 -0.4665
vn 0.8336 0.3290 -0.4437
vn 0.8448 0.3205 -0.4285
vn 0.8527 0.3292 -0.4055
vn 0.8634 0.3202 -0.3899
vn 0.8701 0.3288 -0.3673
vn 0.8896 0.3097 -0.3358
vn 0.8917 0.3345 -0.3048
vn 0.9173 0.3035 -0.2579
vn 0.9167 0.3284 -0.2276
vn 0.9386 0.2939 -0.1805
vn 0.9357 0.3184 -0.1518
vn 0.9543 0.2800 -0.1047
vn 0.9495 0.3039 -0.0779
vn 0.7512 0.2720 -0.6014
vn 0.7770 0.2801 -0.5637
vn 0.7806 0.2784 -0.5596
vn 0.8039 0.2833 -0.5231
vn 0.8057 0.2823 -0.5207
vn 0.8267 0.2867 -0.4841
vn 0.8289 0.2854 -0.4811
vn 0.8476 0.2895 -0.4447
vn 0.8502 0.2877 -0.4409
vn 0.8667 0.2913 -0.4050
vn 0.8796 0.2812 -0.3838
vn 0.8909 0.3009 -0.3403
vn 0.9112 0.2805 -0.3016
vn 0.9181 0.2991 -0.2601
vn 0.9358 0.2755 -0.2199
vn 0.9388 0.2930 -0.1809
vn 0.9539 0.2657 -0.1396
vn 0.9538 0.2819 -0.1038
vn 0.6970 0.1575 -0.6995
vn 0.7238 0.2119 -0.6566
vn 0.7503 0.2233 -0.6222
vn 0.7573 0.2211 -0.6146
vn 0.7810 0.2292 -0.5809
vn 0.7857 0.2275 -0.5753
vn 0.8073 0.2353 -0.5412
vn 0.8122 0.2333 -0.5347
vn 0.8315 0.2407 -0.5006
vn 0.8365 0.2383 -0.4934
vn 0.8536 0.2452 -0.4596
vn 0.8697 0.2362 -0.4335
vn 0.8822 0.2582 -0.3938
vn 0.9061 0.2406 -0.3481
vn 0.9142 0.2613 -0.3099
vn 0.9346 0.2405 -0.2621
vn 0.9388 0.2596 -0.2265
vn 0.7184 0.6276 0.2999
vn 0.7331 0.6333 0.2481
vn 0.7404 0.6246 0.2483
vn 0.7622 0.6337 0.1325
vn 0.7673 0.6261 0.1388
vn 0.7723 0.6201 0.1381
vn 0.7770 0.6127 0.1445
vn 0.7840 0.6039 0.1434
vn 0.7884 0.5966 0.1499
vn 0.7974 0.5849 0.1486
vn 0.8013 0.5779 0.1551
vn 0.8222 0.5487 0.1516
vn 0.8206 0.5468 0.1663
vn 0.8546 0.4942 0.1598
vn 0.8521 0.4935 0.1744
vn 0.8878 0.4294 0.1656
vn 0.8847 0.4300 0.1799
vn 0.9195 0.3551 0.1684
vn 0.9164 0.3568 0.1814
vn 0.7959 0.6030 -0.0544
vn 0.8017 0.5953 -0.0530
vn 0.8159 0.5716 -0.0866
vn 0.8221 0.5631 -0.0843
vn 0.8357 0.5366 -0.1167
vn 0.8429 0.5260 -0.1129
vn 0.8554 0.4979 -0.1429
vn 0.8628 0.4865 -0.1375
vn 0.8734 0.4588 -0.1634
vn 0.8893 0.4327 -0.1481
vn 0.8074 0.5886 -0.0402
vn 0.8175 0.5557 -0.1517
vn 0.8302 0.5250 -0.1873
vn 0.8234 0.5293 -0.2048
vn 0.8346 0.4960 -0.2396
vn 0.8269 0.4990 -0.2592
vn 0.7338 0.1678 -0.6584
vn 0.7221 0.1702 -0.6705
vn 0.7565 0.1777 -0.6294
vn 0.7652 0.1756 -0.6194
vn 0.7858 0.1851 -0.5901
vn 0.7945 0.1827 -0.5791
vn 0.8132 0.1918 -0.5494
vn 0.8216 0.1892 -0.5378
vn 0.8384 0.1979 -0.5079
vn 0.8587 0.1901 -0.4759
vn 0.8715 0.2124 -0.4420
vn 0.8999 0.1977 -0.3887
vn 0.9086 0.2184 -0.3560
vn 0.8412 0.4873 -0.2341
vn 0.8480 0.4846 -0.2147
vn 0.8551 0.4747 -0.2086
vn 0.8367 0.5161 -0.1829
vn 0.8132 0.5807 -0.0388
vn 0.8182 0.5743 -0.0261
vn 0.8255 0.5639 -0.0243
vn 0.8299 0.5578 -0.0115
vn 0.8382 0.5453 -0.0093
vn 0.7794 0.6170 0.1084
vn 0.7844 0.6093 0.1159
vn 0.7911 0.6007 0.1153
vn 0.7956 0.5932 0.1229
vn 0.8042 0.5816 0.1221
vn 0.8083 0.5743 0.1299
vn 0.8284 0.5454 0.1278
vn 0.8266 0.5440 0.1442
vn 0.8594 0.4918 0.1402
vn 0.8566 0.4917 0.1564
vn 0.8907 0.4288 0.1509
vn 0.8873 0.4301 0.1665
vn 0.9205 0.3570 0.1588
vn 0.9169 0.3594 0.1734
vn 0.7746 0.6231 0.1088
vn 0.7438 0.6210 0.2472
vn 0.7517 0.6113 0.2474
vn 0.7575 0.6050 0.2454
vn 0.7656 0.5946 0.2457
vn 0.7733 0.5858 0.2428
vn 0.7811 0.5752 0.2431
vn 0.8020 0.5492 0.2348
vn 0.8070 0.5398 0.2396
vn 0.8428 0.4897 0.2232
vn 0.8468 0.4805 0.2282
vn 0.8853 0.4167 0.2065
vn 0.8116 0.5809 0.0621
vn 0.8273 0.5573 -0.0702
vn 0.8347 0.5466 -0.0674
vn 0.8479 0.5212 -0.0971
vn 0.8555 0.5093 -0.0928
vn 0.8674 0.4829 -0.1199
vn 0.8838 0.4554 -0.1073
vn 0.8886 0.4433 -0.1181
vn 0.9116 0.4001 -0.0943
vn 0.8392 0.5411 -0.0533
vn 0.8471 0.5290 -0.0502
vn 0.8512 0.5236 -0.0356
vn 0.8687 0.4945 -0.0282
vn 0.8202 0.5686 0.0626
vn 0.8238 0.5623 0.0726
vn 0.8433 0.5324 0.0737
vn 0.8406 0.5336 0.0934
vn 0.8715 0.4812 0.0950
vn 0.8677 0.4838 0.1143
vn 0.8991 0.4223 0.1152
vn 0.8945 0.4264 0.1343
vn 0.9247 0.3563 0.1340
vn 0.9199 0.3616 0.1518
vn 0.9472 0.2836 0.1495
vn 0.9426 0.2898 0.1658
vn 0.8327 0.5523 0.0395
vn 0.8516 0.5225 0.0425
vn 0.8576 0.5133 0.0313
vn 0.8857 0.4626 0.0394
vn 0.8489 0.5247 0.0637
vn 0.8598 0.5048 -0.0772
vn 0.8768 0.4761 -0.0672
vn 0.8824 0.4638 -0.0790
vn 0.9065 0.4181 -0.0594
vn 0.9089 0.4121 -0.0643
vn 0.9303 0.3645 -0.0401
vn 0.8750 0.4825 -0.0408
vn 0.8784 0.4730 0.0684
vn 0.8744 0.4768 0.0898
vn 0.9041 0.4169 0.0942
vn 0.8993 0.4220 0.1148
vn 0.9277 0.3541 0.1184
vn 0.9224 0.3606 0.1383
vn 0.9479 0.2860 0.1402
vn 0.9427 0.2934 0.1586
vn 0.9033 0.4279 -0.0313
vn 0.9002 0.4347 -0.0251
vn 0.9097 0.4092 0.0704
vn 0.8818 0.4674 0.0622
vn 0.9048 0.4156 0.0929
vn 0.9258 0.3778 -0.0106
vn 0.9261 0.3771 -0.0111
vn 0.9452 0.3261 0.0132
vn 0.9361 0.3459 0.0641
vn 0.9312 0.3505 0.1005
vn 0.9256 0.3583 0.1223
vn 0.9493 0.2870 0.1285
vn 0.9435 0.2959 0.1489
vn 0.9489 0.3013 0.0933
vn 0.9546 0.2862 0.0828
vn -0.6770 0.6628 0.3200
vn -0.6962 0.6437 0.3178
vn -0.6966 0.6432 0.3179
vn -0.7171 0.6295 0.2994
vn -0.7591 0.5714 0.3119
vn -0.7457 0.5993 0.2912
vn -0.7516 0.5947 0.2852
vn -0.7561 0.5931 0.2766
vn -0.7517 0.5973 0.2796
vn -0.7611 0.5932 0.2625
vn -0.7526 0.6015 0.2680
vn -0.7675 0.5937 0.2418
vn -0.7553 0.6061 0.2493
vn -0.7761 0.5934 0.2134
vn -0.7595 0.6111 0.2229
vn -0.7868 0.5916 0.1762
vn -0.7669 0.6141 0.1866
vn -0.7930 0.5925 0.1419
vn -0.7794 0.6080 0.1513
vn -0.8003 0.5886 0.1145
vn -0.7863 0.6053 0.1238
vn -0.8080 0.5830 0.0846
vn -0.7943 0.6002 0.0938
vn -0.8166 0.5749 0.0525
vn -0.8023 0.5937 0.0615
vn -0.8254 0.5642 0.0171
vn -0.8112 0.5842 0.0255
vn -0.8347 0.5502 -0.0218
vn -0.8204 0.5716 -0.0141
vn -0.8439 0.5327 -0.0637
vn -0.8295 0.5556 -0.0569
vn -0.8522 0.5120 -0.1078
vn -0.8383 0.5356 -0.1024
vn -0.8594 0.4877 -0.1536
vn -0.8455 0.5126 -0.1497
vn -0.8647 0.4607 -0.2000
vn -0.8510 0.4865 -0.1979
vn -0.8667 0.4359 -0.2426
vn -0.8550 0.4596 -0.2403
vn -0.8675 0.4118 -0.2792
vn -0.8558 0.4362 -0.2783
vn -0.8665 0.3872 -0.3149
vn -0.8548 0.4121 -0.3154
vn -0.8639 0.3626 -0.3495
vn -0.8522 0.3876 -0.3515
vn -0.8598 0.3377 -0.3830
vn -0.8482 0.3623 -0.3863
vn -0.8544 0.3130 -0.4148
vn -0.8429 0.3371 -0.4193
vn -0.8487 0.2730 -0.4529
vn -0.8275 0.3024 -0.4731
vn -0.8321 0.2246 -0.5072
vn -0.8112 0.2498 -0.5286
vn -0.8132 0.1774 -0.5543
vn -0.7942 0.1976 -0.5747
vn -0.7944 0.1321 -0.5929
vn -0.7780 0.1475 -0.6107
vn -0.7780 0.1194 -0.6168
vn -0.7975 0.0928 -0.5962
vn -0.6973 0.6519 0.2980
vn -0.7014 0.6475 0.2978
vn -0.6909 0.6521 0.3121
vn -0.7006 0.6435 0.3082
vn -0.7167 0.6409 0.2751
vn -0.7042 0.6547 0.2747
vn -0.7258 0.6402 0.2516
vn -0.7334 0.6341 0.2451
vn -0.7114 0.6614 0.2375
vn -0.7458 0.6325 0.2092
vn -0.7184 0.6676 0.1957
vn -0.7578 0.6315 0.1642
vn -0.7521 0.6393 0.1602
vn -0.7330 0.6672 0.1327
vn -0.7510 0.6553 0.0817
vn -0.7595 0.6438 0.0929
vn -0.7412 0.6591 0.1273
vn -0.7628 0.6346 0.1241
vn -0.7365 0.6533 0.1755
vn -0.7650 0.6213 0.1694
vn -0.7370 0.6389 0.2206
vn -0.7634 0.6099 0.2130
vn -0.7418 0.6219 0.2509
vn -0.7666 0.6396 0.0576
vn -0.7573 0.6520 0.0373
vn -0.7728 0.6344 0.0196
vn -0.7702 0.6377 0.0071
vn -0.7740 0.6328 -0.0235
vn -0.7741 0.6327 -0.0236
vn -0.7828 0.6180 -0.0732
vn -0.7794 0.6224 -0.0711
vn -0.7873 0.6073 -0.1067
vn -0.7940 0.5959 -0.1202
vn -0.7849 0.6032 -0.1418
vn -0.7997 0.5745 -0.1747
vn -0.7821 0.5849 -0.2150
vn -0.8032 0.5485 -0.2324
vn -0.7935 0.5370 -0.2862
vn -0.8035 0.5186 -0.2924
vn -0.7921 0.4932 -0.3595
vn -0.7865 0.5026 -0.3589
vn -0.7991 0.4554 -0.3926
vn -0.8194 0.4352 -0.3730
vn -0.8067 0.4605 -0.3704
vn -0.8371 0.4286 -0.3400
vn -0.8251 0.4518 -0.3392
vn -0.8527 0.4205 -0.3099
vn -0.8408 0.4445 -0.3090
vn -0.7812 0.4447 -0.4381
vn -0.7892 0.4264 -0.4420
vn -0.8149 0.4039 -0.4157
vn -0.8021 0.4297 -0.4147
vn -0.8342 0.3995 -0.3802
vn -0.8219 0.4236 -0.3809
vn -0.8508 0.3939 -0.3478
vn -0.8390 0.4180 -0.3484
vn -0.7775 0.3857 -0.4967
vn -0.7676 0.4027 -0.4986
vn -0.8082 0.3723 -0.4563
vn -0.7953 0.3985 -0.4568
vn -0.8290 0.3705 -0.4188
vn -0.8168 0.3945 -0.4209
vn -0.8472 0.3668 -0.3843
vn -0.8352 0.3913 -0.3863
vn -0.7738 0.3572 -0.5231
vn -0.7717 0.3551 -0.5277
vn -0.7525 0.3368 -0.5659
vn -0.7564 0.3270 -0.5665
vn -0.7410 0.2818 -0.6096
vn -0.7453 0.2745 -0.6076
vn -0.7276 0.2561 -0.6363
vn -0.7095 0.2333 -0.6650
vn -0.7171 0.2138 -0.6634
vn -0.6841 0.1916 -0.7038
vn -0.6835 0.1599 -0.7122
vn -0.6579 0.1479 -0.7384
vn -0.6507 0.1069 -0.7518
vn -0.6455 0.1129 -0.7553
vn -0.6156 0.0678 -0.7851
vn -0.6061 0.0745 -0.7919
vn -0.6596 0.0735 -0.7480
vn -0.6719 0.0852 -0.7357
vn -0.6739 0.1247 -0.7282
vn -0.7317 0.1175 -0.6714
vn -0.7339 0.1827 -0.6542
vn -0.7856 0.1706 -0.5947
vn -0.7853 0.2439 -0.5691
vn -0.7110 0.0859 -0.6979
vn -0.7069 0.0898 -0.7016
vn -0.7456 0.1019 -0.6586
vn -0.7535 0.0935 -0.6508
vn -0.8074 0.1511 -0.5704
vn -0.8547 -0.0217 -0.5186
vn -0.8306 0.1487 -0.5367
vn -0.8562 0.1650 -0.4896
vn -0.8595 0.1756 -0.4800
vn -0.8876 0.1644 -0.4302
vn -0.8985 0.2125 -0.3841
vn -0.9107 0.1762 -0.3735
vn -0.9267 0.1956 -0.3209
vn -0.9510 0.1915 -0.2428
vn -0.9366 0.2272 -0.2666
vn -0.9238 0.2078 -0.3217
vn -0.8970 0.2260 -0.3799
vn -0.9486 0.2676 -0.1690
vn -0.9575 0.2322 -0.1709
vn -0.9292 0.2714 -0.2508
vn -0.9435 0.2302 -0.2384
vn -0.9016 0.2726 -0.3360
vn -0.9180 0.2307 -0.3225
vn -0.8663 0.2687 -0.4210
vn -0.8850 0.2268 -0.4067
vn -0.8352 0.2547 -0.4873
vn -0.8543 0.2294 -0.4663
vn -0.9553 0.2594 -0.1418
vn -0.9691 0.2315 -0.0849
vn -0.9628 0.2599 -0.0739
vn -0.9639 0.2645 -0.0297
vn -0.9557 0.2940 -0.0166
vn -0.9692 0.2444 0.0307
vn -0.9654 0.2577 0.0388
vn -0.9594 0.2688 0.0860
vn -0.9727 0.2155 0.0855
vn -0.9693 0.2296 0.0880
vn -0.9491 0.3127 0.0374
vn -0.9636 0.2662 0.0259
vn -0.9400 0.3402 -0.0258
vn -0.9550 0.2943 -0.0370
vn -0.9271 0.3635 -0.0914
vn -0.9422 0.3192 -0.1022
vn -0.9096 0.3840 -0.1586
vn -0.9247 0.3412 -0.1690
vn -0.8875 0.4015 -0.2262
vn -0.9024 0.3602 -0.2364
vn -0.8697 0.4051 -0.2821
vn -0.8810 0.3802 -0.2817
vn -0.9633 0.2666 -0.0308
vn -0.9698 0.2421 0.0307
vn -0.9559 0.2633 0.1303
vn -0.9632 0.2494 0.0999
vn -0.9661 0.2411 0.0927
vn -0.9475 0.3152 0.0543
vn -0.9654 0.2333 0.1170
vn -0.9550 0.2600 0.1428
vn -0.9647 0.2300 0.1280
vn -0.9564 0.2508 0.1499
vn -0.9642 0.2262 0.1381
vn -0.9578 0.2424 0.1543
vn -0.9635 0.2244 0.1461
vn -0.9587 0.2366 0.1576
vn -0.9620 0.2263 0.1526
vn -0.9600 0.2311 0.1581
vn -0.9387 0.3062 0.1584
vn -0.9516 0.2735 0.1404
vn -0.9169 0.3746 0.1378
vn -0.9326 0.3407 0.1190
vn -0.8927 0.4361 0.1139
vn -0.9103 0.4029 0.0950
vn -0.8668 0.4908 0.0884
vn -0.8855 0.4593 0.0696
vn -0.8403 0.5385 0.0624
vn -0.8596 0.5091 0.0439
vn -0.8236 0.5659 0.0382
vn -0.8378 0.5452 0.0296
vn -0.9596 0.2303 0.1615
vn -0.9590 0.2322 0.1626
vn -0.9387 0.3017 0.1666
vn -0.9505 0.2726 0.1493
vn -0.9146 0.3745 0.1523
vn -0.9294 0.3440 0.1340
vn -0.8879 0.4399 0.1344
vn -0.9049 0.4095 0.1156
vn -0.8599 0.4975 0.1143
vn -0.8786 0.4680 0.0952
vn -0.8321 0.5468 0.0929
vn -0.8514 0.5193 0.0741
vn -0.8150 0.5750 0.0720
vn -0.8288 0.5560 0.0631
vn -0.9585 0.2319 0.1660
vn -0.9596 0.2276 0.1653
vn -0.9393 0.2966 0.1727
vn -0.9500 0.2705 0.1562
vn -0.9130 0.3733 0.1644
vn -0.9269 0.3455 0.1465
vn -0.8841 0.4419 0.1520
vn -0.9005 0.4139 0.1335
vn -0.8542 0.5015 0.1368
vn -0.8722 0.4747 0.1182
vn -0.8248 0.5525 0.1201
vn -0.8436 0.5274 0.1016
vn -0.8068 0.5819 0.1026
vn -0.8206 0.5638 0.0932
vn -0.9571 0.2313 0.1747
vn -0.9472 0.2766 0.1624
vn -0.9415 0.2873 0.1764
vn -0.9434 0.2854 0.1690
vn -0.9467 0.2780 0.1631
vn -0.9117 0.3716 0.1750
vn -0.9231 0.3294 0.1987
vn -0.9169 0.3523 0.1877
vn -0.9223 0.3438 0.1767
vn -0.8740 0.4436 0.1983
vn -0.8936 0.4177 0.1641
vn -0.8445 0.5057 0.1760
vn -0.8665 0.4793 0.1392
vn -0.8179 0.5568 0.1451
vn -0.8802 0.4315 0.1977
vn -0.8867 0.4082 0.2172
vn -0.8413 0.4905 0.2271
vn -0.8491 0.4660 0.2487
vn -0.8077 0.5348 0.2481
vn -0.7915 0.5501 0.2663
vn -0.7779 0.5674 0.2701
vn -0.6941 0.1077 -0.7117
vn -0.6977 0.1749 -0.6947
vn -0.7210 0.1531 -0.6758
vn -0.7242 0.2310 -0.6498
vn -0.7493 0.2045 -0.6298
vn -0.7508 0.2919 -0.5925
vn -0.7767 0.2609 -0.5733
vn -0.7760 0.3351 -0.5344
vn -0.7889 0.3090 -0.5312
vn -0.7865 0.3668 -0.4969
vn -0.7995 0.3402 -0.4950
vn -0.8217 0.4655 -0.3287
vn -0.8091 0.4899 -0.3247
vn -0.8379 0.4569 -0.2985
vn -0.8260 0.4795 -0.2963
vn -0.8527 0.4467 -0.2708
vn -0.8408 0.4699 -0.2686
vn -0.8227 0.4960 -0.2776
vn -0.8079 0.5218 -0.2739
vn -0.8377 0.4853 -0.2504
vn -0.8235 0.5100 -0.2485
vn -0.8514 0.4736 -0.2255
vn -0.8375 0.4986 -0.2235
vn -0.8199 0.5277 -0.2219
vn -0.8051 0.5523 -0.2163
vn -0.8337 0.5156 -0.1980
vn -0.8196 0.5391 -0.1942
vn -0.8467 0.5021 -0.1761
vn -0.8326 0.5264 -0.1722
vn -0.8148 0.5551 -0.1674
vn -0.7999 0.5784 -0.1603
vn -0.8276 0.5418 -0.1465
vn -0.8133 0.5645 -0.1412
vn -0.8400 0.5274 -0.1274
vn -0.8257 0.5507 -0.1220
vn -0.8081 0.5777 -0.1152
vn -0.7930 0.5998 -0.1068
vn -0.8201 0.5640 -0.0970
vn -0.8056 0.5856 -0.0903
vn -0.8317 0.5494 -0.0805
vn -0.8176 0.5710 -0.0739
vn -0.8005 0.5957 -0.0662
vn -0.7853 0.6165 -0.0568
vn -0.8116 0.5820 -0.0504
vn -0.7972 0.6022 -0.0427
vn -0.8228 0.5671 -0.0363
vn -0.8084 0.5879 -0.0286
vn -0.7926 0.6093 -0.0211
vn -0.7774 0.6289 -0.0110
vn -0.8029 0.5960 -0.0074
vn -0.7886 0.6149 0.0010
vn -0.8139 0.5810 0.0046
vn -0.7993 0.6007 0.0131
vn -0.7846 0.6197 0.0201
vn -0.7698 0.6375 0.0306
vn -0.7944 0.6066 0.0318
vn -0.7802 0.6242 0.0407
vn -0.8050 0.5918 0.0421
vn -0.7908 0.6100 0.0510
vn -0.7771 0.6268 0.0572
vn -0.7625 0.6434 0.0679
vn -0.7862 0.6142 0.0674
vn -0.7724 0.6305 0.0765
vn -0.7966 0.5997 0.0760
vn -0.7827 0.6165 0.0851
vn -0.7701 0.6313 0.0919
vn -0.7554 0.6472 0.1024
vn -0.7789 0.6191 0.1004
vn -0.7647 0.6350 0.1096
vn -0.7889 0.6050 0.1075
vn -0.7748 0.6213 0.1167
vn -0.7568 0.6326 0.1645
vn -0.7286 0.6491 0.2187
vn -0.7442 0.6343 0.2097
vn -0.7219 0.6446 0.2519
vn -0.7326 0.6349 0.2454
vn -0.7161 0.6408 0.2766
vn -0.7213 0.6364 0.2733
vn -0.7105 0.6392 0.2944
vn -0.7107 0.6390 0.2943
vn -0.7052 0.6399 0.3053
vn -0.7559 0.1631 -0.6341
vn -0.7571 0.2375 -0.6086
vn -0.7809 0.2131 -0.5872
vn -0.7800 0.2952 -0.5517
vn -0.8040 0.2669 -0.5313
vn -0.8013 0.3358 -0.4951
vn -0.8138 0.3120 -0.4904
vn -0.8099 0.3651 -0.4591
vn -0.8222 0.3411 -0.4556
vn -0.7491 0.6487 0.1343
vn -0.7713 0.6228 0.1311
vn -0.7451 0.6423 0.1794
vn -0.7749 0.6079 0.1730
vn -0.7471 0.6265 0.2220
vn -0.7581 0.6369 0.1401
vn -0.7529 0.6231 0.2118
vn -0.7310 0.6343 0.2516
vn -0.7421 0.6238 0.2451
vn -0.7261 0.6304 0.2744
vn -0.7326 0.6246 0.2705
vn -0.7221 0.6280 0.2902
vn -0.7238 0.6265 0.2891
vn -0.7186 0.6277 0.2993
vn -0.7164 0.6295 0.3007
vn -0.7128 0.1325 -0.6887
vn -0.7641 0.1251 -0.6328
vn -0.7651 0.1905 -0.6151
vn -0.7464 0.1403 -0.6505
vn -0.8073 0.2194 -0.5479
vn -0.8045 0.2994 -0.5130
vn -0.8273 0.2702 -0.4924
vn -0.8230 0.3369 -0.4574
vn -0.8350 0.3128 -0.4528
vn -0.8299 0.3640 -0.4228
vn -0.8418 0.3397 -0.4194
vn -0.7681 0.6236 0.1456
vn -0.7811 0.6092 0.1367
vn -0.7548 0.6298 0.1833
vn -0.7538 0.6103 0.2438
vn -0.7382 0.6175 0.2716
vn -0.7455 0.6106 0.2670
vn -0.7355 0.6144 0.2854
vn -0.7389 0.6114 0.2833
vn -0.7340 0.6128 0.2927
vn -0.8387 0.1835 -0.5128
vn -0.8073 0.1541 -0.5697
vn -0.8224 0.1385 -0.5517
vn -0.8682 0.2750 -0.4132
vn -0.8481 0.3049 -0.4332
vn -0.8949 0.2682 -0.3566
vn -0.8747 0.3153 -0.3680
vn -0.9235 0.2667 -0.2758
vn -0.9050 0.3144 -0.2864
vn -0.9452 0.2613 -0.1959
vn -0.9286 0.3091 -0.2054
vn -0.9607 0.2513 -0.1176
vn -0.9461 0.2984 -0.1259
vn -0.8722 0.3122 -0.3764
vn -0.8610 0.3370 -0.3809
vn -0.8971 0.3017 -0.3228
vn -0.8837 0.3434 -0.3179
vn -0.9234 0.2953 -0.2453
vn -0.9101 0.3377 -0.2402
vn -0.9435 0.2854 -0.1687
vn -0.9304 0.3282 -0.1634
vn -0.9578 0.2715 -0.0939
vn -0.9454 0.3135 -0.0886
vn -0.9674 0.2523 -0.0220
vn -0.8794 0.3576 -0.3142
vn -0.8765 0.3348 -0.3459
vn -0.8652 0.3599 -0.3491
vn -0.8999 0.3213 -0.2948
vn -0.8860 0.3634 -0.2881
vn -0.9245 0.3111 -0.2202
vn -0.9106 0.3540 -0.2133
vn -0.9434 0.2974 -0.1465
vn -0.9296 0.3411 -0.1394
vn -0.9570 0.2802 -0.0748
vn -0.9436 0.3242 -0.0675
vn -0.9660 0.2585 -0.0056
vn -0.9532 0.3023 0.0018
vn -0.8811 0.4024 -0.2483
vn -0.8697 0.4272 -0.2473
vn -0.9019 0.3795 -0.2062
vn -0.8866 0.4196 -0.1944
vn -0.9236 0.3557 -0.1431
vn -0.9081 0.3979 -0.1309
vn -0.9408 0.3292 -0.0802
vn -0.9252 0.3733 -0.0676
vn -0.9537 0.3001 -0.0186
vn -0.9382 0.3460 -0.0055
vn -0.9625 0.2682 0.0408
vn -0.8799 0.4242 -0.2140
vn -0.8682 0.4489 -0.2116
vn -0.9002 0.3987 -0.1753
vn -0.8844 0.4377 -0.1620
vn -0.9215 0.3705 -0.1166
vn -0.9055 0.4116 -0.1029
vn -0.9388 0.3394 -0.0579
vn -0.9228 0.3827 -0.0437
vn -0.9521 0.3059 -0.0003
vn -0.9363 0.3510 0.0143
vn -0.9615 0.2694 0.0552
vn -0.9459 0.3167 0.0706
vn -0.8774 0.4470 -0.1741
vn -0.8639 0.4734 -0.1719
vn -0.8975 0.4184 -0.1396
vn -0.8797 0.4584 -0.1265
vn -0.9188 0.3852 -0.0861
vn -0.9009 0.4280 -0.0724
vn -0.9364 0.3493 -0.0324
vn -0.9188 0.3942 -0.0182
vn -0.9504 0.3105 0.0203
vn -0.9331 0.3580 0.0353
vn -0.9604 0.2692 0.0714
vn -0.9439 0.3186 0.0873
vn -0.8718 0.4721 -0.1306
vn -0.8581 0.4976 -0.1267
vn -0.8919 0.4409 -0.1007
vn -0.8736 0.4791 -0.0857
vn -0.9137 0.4030 -0.0530
vn -0.8954 0.4436 -0.0376
vn -0.9323 0.3616 -0.0051
vn -0.9143 0.4049 0.0109
vn -0.9474 0.3174 0.0422
vn -0.9299 0.3631 0.0590
vn -0.9586 0.2708 0.0878
vn -0.9424 0.3175 0.1051
vn -0.8646 0.4948 -0.0878
vn -0.8506 0.5193 -0.0823
vn -0.8849 0.4616 -0.0622
vn -0.8661 0.4977 -0.0458
vn -0.9075 0.4196 -0.0202
vn -0.8887 0.4585 -0.0034
vn -0.9272 0.3740 0.0220
vn -0.9091 0.4148 0.0392
vn -0.9438 0.3245 0.0634
vn -0.9267 0.3670 0.0811
vn -0.9569 0.2715 0.1029
vn -0.9409 0.3161 0.1215
vn -0.8470 0.5315 -0.0069
vn -0.8560 0.5149 -0.0462
vn -0.8420 0.5380 -0.0395
vn -0.8769 0.4800 -0.0248
vn -0.8576 0.5142 -0.0072
vn -0.9003 0.4351 0.0116
vn -0.8816 0.4711 0.0293
vn -0.9217 0.3849 0.0478
vn -0.9035 0.4234 0.0661
vn -0.9400 0.3308 0.0834
vn -0.9230 0.3709 0.1021
vn -0.9548 0.2730 0.1172
vn -0.9399 0.3133 0.1359
vn -0.8131 0.5693 0.1213
vn -0.7992 0.5867 0.1307
vn -0.8367 0.5328 0.1269
vn -0.8059 0.5734 0.1472
vn -0.7926 0.5893 0.1566
vn -0.8300 0.5372 0.1503
vn -0.8123 0.5586 0.1677
vn -0.8615 0.4825 0.1583
vn -0.8003 0.5723 0.1789
vn -0.7806 0.5956 0.1895
vn -0.8253 0.5357 0.1784
vn -0.8017 0.5644 0.1966
vn -0.8588 0.4794 0.1806
vn -0.8367 0.5102 0.1993
vn -0.8929 0.4128 0.1799
vn -0.7904 0.5742 0.2134
vn -0.7740 0.5926 0.2231
vn -0.8172 0.5372 0.2087
vn -0.7974 0.5600 0.2250
vn -0.8539 0.4790 0.2036
vn -0.8354 0.5035 0.2204
vn -0.8916 0.4090 0.1944
vn -0.8756 0.4343 0.2114
vn -0.7836 0.5735 0.2388
vn -0.7705 0.5876 0.2471
vn -0.8121 0.5361 0.2305
vn -0.7964 0.5533 0.2440
vn -0.8520 0.4758 0.2186
vn -0.8372 0.4949 0.2330
vn -0.8854 0.4164 0.2065
vn -0.7710 0.5763 0.2708
vn -0.7785 0.5725 0.2571
vn -0.7697 0.5817 0.2631
vn -0.8093 0.5338 0.2451
vn -0.7979 0.5460 0.2555
vn -0.8454 0.4816 0.2309
vn -0.8730 0.1840 -0.4516
vn -0.8210 0.2039 -0.5332
vn -0.9017 0.3410 -0.2659
vn -0.8681 0.3828 -0.3160
vn -0.8873 0.3827 -0.2574
vn -0.8682 0.4960 0.0109
vn -0.8327 0.5537 0.0009
vn -0.8489 0.5278 0.0291
vn -0.9111 0.1911 -0.3652
vn -0.8567 0.2192 -0.4670
vn -0.9250 0.3264 -0.1948
vn -0.9105 0.3693 -0.1861
vn -0.8929 0.4484 0.0418
vn -0.8739 0.4823 0.0603
vn -0.8489 0.5046 0.1573
vn -0.9430 0.3085 -0.1244
vn -0.9286 0.3528 -0.1155
vn -0.9158 0.3950 0.0725
vn -0.8979 0.4306 0.0912
vn -0.8969 0.4162 0.1495
vn -0.8807 0.4430 0.1679
vn -0.9252 0.3453 0.1576
vn -0.9561 0.2877 -0.0558
vn -0.9418 0.3330 -0.0466
vn -0.9362 0.3364 0.1021
vn -0.9199 0.3731 0.1209
vn -0.8785 0.4419 0.1817
vn -0.9238 0.3445 0.1668
vn -0.9143 0.3600 0.1856
vn -0.9116 0.3678 0.1833
vn -0.9647 0.2630 0.0104
vn -0.9510 0.3084 0.0199
vn -0.9532 0.2733 0.1295
vn -0.9391 0.3102 0.1482
vn -0.6911 0.6507 0.3146
vn -0.5894 0.7267 0.3529
vn -0.4821 0.7907 0.3774
vn -0.6241 0.7074 0.3318
vn -0.5022 0.7882 0.3557
vn -0.6635 0.6883 0.2933
vn -0.5770 0.7542 0.3134
vn -0.5774 0.7614 0.2948
vn -0.6338 0.7269 0.2645
vn -0.5506 0.7869 0.2785
vn -0.6291 0.7461 0.2182
vn -0.5940 0.7730 0.2229
vn -0.5948 0.7812 0.1896
vn -0.6331 0.7547 0.1721
vn -0.4371 0.8839 0.1662
vn -0.6007 0.7875 0.1380
vn -0.6015 0.7934 0.0931
vn -0.7043 0.7047 0.0862
vn -0.7091 0.6999 0.0852
vn -0.7094 0.7037 0.0387
vn -0.7158 0.6972 0.0378
vn -0.7167 0.6974 0.0049
vn -0.6681 0.7438 -0.0192
vn -0.7448 0.6668 -0.0264
vn -0.6919 0.7171 -0.0841
vn -0.7295 0.6788 -0.0834
vn -0.7306 0.6720 -0.1212
vn -0.6782 0.7163 -0.1643
vn -0.7355 0.6589 -0.1577
vn -0.7366 0.6362 -0.2292
vn -0.7809 0.5862 -0.2156
vn -0.6958 0.6349 -0.3358
vn -0.7425 0.5900 -0.3174
vn -0.7441 0.5396 -0.3939
vn -0.7578 0.5263 -0.3857
vn -0.7203 0.4935 -0.4874
vn -0.7325 0.4836 -0.4791
vn -0.7282 0.4192 -0.5423
vn -0.7018 0.4326 -0.5660
vn -0.7171 0.3879 -0.5791
vn -0.7176 0.3554 -0.5990
vn -0.6757 0.3714 -0.6368
vn -0.7163 0.2924 -0.6336
vn -0.6372 0.3142 -0.7037
vn -0.6766 0.2742 -0.6834
vn -0.6771 0.2433 -0.6945
vn -0.6220 0.2539 -0.7407
vn -0.6798 0.1926 -0.7077
vn -0.5728 0.2063 -0.7933
vn -0.6914 0.1421 -0.7084
vn -0.6368 0.1482 -0.7566
vn -0.5878 0.1137 -0.8010
vn -0.5933 0.1134 -0.7970
vn -0.5937 0.0692 -0.8017
vn -0.5487 0.0710 -0.8330
vn -0.5534 0.0707 -0.8299
vn -0.5527 0.1170 -0.8251
vn -0.5637 0.1157 -0.8178
vn -0.5653 0.1576 -0.8097
vn -0.5769 0.1557 -0.8018
vn -0.5765 0.1824 -0.7965
vn -0.6475 0.1929 -0.7373
vn -0.5561 0.2152 -0.8027
vn -0.6320 0.2515 -0.7330
vn -0.6040 0.2601 -0.7533
vn -0.6036 0.2934 -0.7414
vn -0.6597 0.3069 -0.6860
vn -0.5852 0.3359 -0.7380
vn -0.6487 0.3828 -0.6578
vn -0.6268 0.3933 -0.6726
vn -0.6263 0.4327 -0.6485
vn -0.6583 0.4560 -0.5989
vn -0.6218 0.4767 -0.6214
vn -0.6444 0.5418 -0.5396
vn -0.6478 0.5401 -0.5372
vn -0.6196 0.6299 -0.4683
vn -0.6344 0.6216 -0.4595
vn -0.6326 0.6801 -0.3704
vn -0.6798 0.6480 -0.3435
vn -0.5654 0.7711 -0.2926
vn -0.6242 0.7334 -0.2695
vn -0.6229 0.7599 -0.1858
vn -0.6778 0.7167 -0.1644
vn -0.6169 0.7739 -0.1428
vn -0.6158 0.7816 -0.0999
vn -0.6520 0.7529 -0.0900
vn -0.5789 0.8145 -0.0384
vn -0.6639 0.7476 -0.0195
vn -0.6083 0.7937 0.0017
vn -0.6074 0.7934 0.0397
vn -0.6061 0.7944 0.0396
vn -0.6042 0.7914 0.0932
vn -0.7036 0.6993 0.1261
vn -0.7839 0.6085 0.1235
vn -0.6607 0.7316 0.1678
vn -0.6936 0.6994 0.1725
vn -0.6929 0.6922 0.2019
vn -0.6439 0.7342 0.2152
vn -0.7110 0.6619 0.2377
vn -0.6169 0.7397 0.2686
vn -0.6728 0.6893 0.2687
vn -0.6725 0.6829 0.2853
vn -0.5485 0.7706 0.3247
vn -0.6994 0.6500 0.2972
vn -0.5800 0.7380 0.3449
vn 0.4829 0.7903 0.3772
vn 0.5899 0.7264 0.3527
vn 0.6906 0.6511 0.3148
vn 0.5796 0.7383 0.3451
vn 0.6994 0.6500 0.2972
vn 0.5485 0.7706 0.3247
vn 0.6725 0.6829 0.2853
vn 0.6728 0.6894 0.2685
vn 0.6179 0.7390 0.2684
vn 0.7106 0.6622 0.2378
vn 0.6439 0.7343 0.2152
vn 0.6929 0.6922 0.2019
vn 0.6936 0.6993 0.1726
vn 0.6608 0.7315 0.1678
vn 0.7843 0.6080 0.1235
vn 0.7036 0.6994 0.1261
vn 0.7043 0.7047 0.0855
vn 0.7098 0.6991 0.0857
vn 0.7102 0.7030 0.0386
vn 0.6054 0.7949 0.0395
vn 0.6081 0.7929 0.0398
vn 0.6090 0.7932 0.0017
vn 0.6647 0.7469 -0.0194
vn 0.5786 0.8147 -0.0386
vn 0.6522 0.7527 -0.0900
vn 0.6164 0.7811 -0.0999
vn 0.6176 0.7734 -0.1428
vn 0.6786 0.7159 -0.1641
vn 0.6229 0.7599 -0.1859
vn 0.6242 0.7334 -0.2695
vn 0.5633 0.7724 -0.2934
vn 0.6799 0.6479 -0.3435
vn 0.6326 0.6801 -0.3705
vn 0.6344 0.6216 -0.4595
vn 0.6185 0.6305 -0.4690
vn 0.6495 0.5392 -0.5361
vn 0.6425 0.5426 -0.5410
vn 0.6230 0.4759 -0.6208
vn 0.6570 0.4566 -0.5998
vn 0.6262 0.4324 -0.6487
vn 0.6268 0.3932 -0.6727
vn 0.6481 0.3830 -0.6582
vn 0.5861 0.3356 -0.7375
vn 0.6587 0.3073 -0.6868
vn 0.6036 0.2932 -0.7414
vn 0.6041 0.2598 -0.7533
vn 0.6293 0.2521 -0.7352
vn 0.5546 0.2153 -0.8038
vn 0.6439 0.1936 -0.7403
vn 0.5765 0.1831 -0.7963
vn 0.5769 0.1562 -0.8018
vn 0.5644 0.1570 -0.8104
vn 0.5631 0.1161 -0.8182
vn 0.5527 0.1166 -0.8252
vn 0.5534 0.0707 -0.8299
vn 0.5475 0.0711 -0.8338
vn 0.5916 0.0694 -0.8032
vn 0.5910 0.1121 -0.7988
vn 0.5576 0.1166 -0.8219
vn 0.6708 0.1430 -0.7277
vn 0.7152 0.6979 0.0379
vn 0.7160 0.6981 0.0049
vn 0.6679 0.7440 -0.0192
vn 0.7451 0.6664 -0.0263
vn 0.6925 0.7165 -0.0841
vn 0.7289 0.6795 -0.0834
vn 0.7299 0.6727 -0.1213
vn 0.6781 0.7164 -0.1643
vn 0.7362 0.6582 -0.1575
vn 0.7373 0.6356 -0.2290
vn 0.7805 0.5868 -0.2156
vn 0.6968 0.6340 -0.3354
vn 0.7418 0.5907 -0.3176
vn 0.7434 0.5402 -0.3943
vn 0.7565 0.5275 -0.3865
vn 0.7212 0.4930 -0.4867
vn 0.7313 0.4848 -0.4798
vn 0.7293 0.4186 -0.5412
vn 0.7015 0.4327 -0.5662
vn 0.7170 0.3909 -0.5772
vn 0.7175 0.3554 -0.5990
vn 0.6747 0.3718 -0.6376
vn 0.7166 0.2924 -0.6332
vn 0.6364 0.3146 -0.7043
vn 0.6767 0.2748 -0.6831
vn 0.6772 0.2432 -0.6945
vn 0.6225 0.2538 -0.7404
vn 0.6816 0.1924 -0.7060
vn 0.5723 0.2064 -0.7936
vn 0.6968 0.1398 -0.7035
vn 0.6035 0.7919 0.0932
vn 0.6015 0.7934 0.0931
vn 0.6007 0.7875 0.1380
vn 0.4375 0.8837 0.1662
vn 0.6336 0.7543 0.1721
vn 0.5955 0.7807 0.1895
vn 0.5947 0.7724 0.2228
vn 0.6289 0.7462 0.2182
vn 0.5503 0.7872 0.2785
vn 0.6337 0.7270 0.2645
vn 0.5774 0.7614 0.2947
vn 0.5770 0.7542 0.3134
vn 0.6627 0.6889 0.2935
vn 0.5017 0.7885 0.3558
vn 0.6245 0.7071 0.3317
s 0
f 1//1 2//1 95//1
f 95//2 2//2 96//2
f 95//3 96//3 97//3
f 97//4 96//4 98//4
f 97//5 98//5 99//5
f 99//6 98//6 100//6
f 99//7 100//7 101//7
f 101//8 100//8 102//8
f 101//9 102//9 103//9
f 101//10 103//10 104//10
f 104//11 103//11 105//11
f 104//12 105//12 106//12
f 106//13 105//13 107//13
f 106//14 107//14 108//14
f 106//15 108//15 109//15
f 109//16 108//16 110//16
f 109//17 110//17 111//17
f 111//18 110//18 112//18
f 111//19 112//19 113//19
f 113//20 112//20 114//20
f 113//21 114//21 115//21
f 115//22 114//22 116//22
f 115//23 116//23 117//23
f 117//24 116//24 118//24
f 117//25 118//25 119//25
f 119//26 118//26 120//26
f 119//27 120//27 121//27
f 121//28 120//28 122//28
f 121//29 122//29 123//29
f 123//30 122//30 124//30
f 123//31 124//31 125//31
f 125//32 124//32 126//32
f 125//33 126//33 127//33
f 127//34 126//34 128//34
f 127//35 128//35 129//35
f 129//36 128//36 130//36
f 129//37 130//37 131//37
f 131//38 130//38 132//38
f 131//39 132//39 133//39
f 133//40 132//40 134//40
f 133//41 134//41 135//41
f 135//42 134//42 136//42
f 135//43 136//43 137//43
f 137//44 136//44 138//44
f 137//45 138//45 139//45
f 139//46 138//46 140//46
f 139//47 140//47 141//47
f 141//48 140//48 142//48
f 141//49 142//49 143//49
f 143//50 142//50 144//50
f 143//51 144//51 145//51
f 145//52 144//52 146//52
f 145//53 146//53 147//53
f 147//54 146//54 148//54
f 147//55 148//55 149//55
f 149//56 148//56 150//56
f 149//57 150//57 151//57
f 151//58 150//58 152//58
f 151//59 152//59 153//59
f 153//60 152//60 154//60
f 153//61 154//61 155//61
f 155//62 154//62 156//62
f 156//63 154//63 157//63
f 156//64 157//64 158//64
f 158//65 157//65 159//65
f 158//66 159//66 160//66
f 160//67 159//67 161//67
f 160//68 161//68 162//68
f 162//69 161//69 163//69
f 162//70 163//70 164//70
f 164//71 163//71 165//71
f 164//72 165//72 166//72
f 166//73 165//73 167//73
f 166//74 167//74 168//74
f 168//75 167//75 169//75
f 168//76 169//76 170//76
f 170//77 169//77 171//77
f 170//78 171//78 172//78
f 172//79 171//79 173//79
f 172//80 173//80 174//80
f 174//81 173//81 175//81
f 174//82 175//82 176//82
f 176//83 175//83 177//83
f 176//84 177//84 178//84
f 178//85 177//85 179//85
f 178//86 179//86 180//86
f 180//87 179//87 181//87
f 180//88 181//88 182//88
f 182//89 181//89 183//89
f 182//90 183//90 184//90
f 184//91 183//91 185//91
f 184//92 185//92 186//92
f 186//93 185//93 187//93
f 186//94 187//94 188//94
f 188//95 187//95 189//95
f 188//96 189//96 64//96
f 64//97 189//97 65//97
f 65//98 189//98 190//98
f 65//99 190//99 66//99
f 66//100 190//100 191//100
f 66//101 191//101 192//101
f 192//102 191//102 193//102
f 192//103 193//103 194//103
f 194//104 193//104 195//104
f 194//105 195//105 196//105
f 196//106 195//106 197//106
f 196//106 197//106 198//106
f 198//107 197//107 199//107
f 198//108 199//108 200//108
f 200//109 199//109 201//109
f 200//110 201//110 202//110
f 202//111 201//111 203//111
f 202//112 203//112 204//112
f 204//113 203//113 205//113
f 204//114 205//114 206//114
f 206//115 205//115 207//115
f 206//116 207//116 208//116
f 208//117 207//117 209//117
f 208//118 209//118 210//118
f 210//119 209//119 211//119
f 210//120 211//120 212//120
f 212//121 211//121 213//121
f 212//122 213//122 214//122
f 214//123 213//123 215//123
f 214//124 215//124 216//124
f 216//125 215//125 217//125
f 216//126 217//126 218//126
f 218//127 217//127 219//127
f 218//128 219//128 220//128
f 220//129 219//129 221//129
f 220//130 221//130 222//130
f 222//131 221//131 223//131
f 222//132 223//132 224//132
f 224//133 223//133 138//133
f 224//134 138//134 136//134
f 120//135 225//135 122//135
f 122//136 225//136 226//136
f 122//137 226//137 124//137
f 124//138 226//138 227//138
f 124//139 227//139 126//139
f 126//140 227//140 228//140
f 126//141 228//141 128//141
f 128//142 228//142 229//142
f 128//143 229//143 130//143
f 130//144 229//144 230//144
f 130//145 230//145 132//145
f 132//146 230//146 231//146
f 132//147 231//147 134//147
f 134//148 231//148 232//148
f 134//149 232//149 136//149
f 136//150 232//150 224//150
f 225//151 233//151 226//151
f 226//152 233//152 234//152
f 226//153 234//153 227//153
f 227//154 234//154 235//154
f 227//155 235//155 228//155
f 228//156 235//156 236//156
f 228//157 236//157 229//157
f 229//158 236//158 237//158
f 229//159 237//159 230//159
f 230//160 237//160 238//160
f 230//161 238//161 231//161
f 231//162 238//162 239//162
f 231//163 239//163 232//163
f 232//164 239//164 240//164
f 232//165 240//165 224//165
f 224//166 240//166 222//166
f 233//167 241//167 234//167
f 234//168 241//168 242//168
f 234//169 242//169 243//169
f 243//170 242//170 244//170
f 243//171 244//171 245//171
f 245//172 244//172 246//172
f 245//173 246//173 247//173
f 247//174 246//174 248//174
f 247//175 248//175 249//175
f 249//176 248//176 250//176
f 249//177 250//177 251//177
f 251//178 250//178 252//178
f 251//179 252//179 253//179
f 253//180 252//180 254//180
f 253//181 254//181 255//181
f 255//182 254//182 256//182
f 255//183 256//183 220//183
f 220//184 256//184 218//184
f 242//185 257//185 244//185
f 244//186 257//186 258//186
f 244//187 258//187 259//187
f 259//188 258//188 260//188
f 259//189 260//189 261//189
f 261//190 260//190 262//190
f 261//191 262//191 263//191
f 263//192 262//192 264//192
f 263//193 264//193 265//193
f 265//194 264//194 266//194
f 265//195 266//195 267//195
f 267//196 266//196 268//196
f 267//197 268//197 269//197
f 269//198 268//198 270//198
f 269//199 270//199 271//199
f 271//200 270//200 272//200
f 271//201 272//201 273//201
f 273//202 272//202 274//202
f 273//203 274//203 214//203
f 214//204 274//204 212//204
f 260//205 275//205 262//205
f 262//206 275//206 276//206
f 262//207 276//207 264//207
f 264//208 276//208 277//208
f 264//209 277//209 266//209
f 266//210 277//210 278//210
f 266//211 278//211 268//211
f 268//212 278//212 279//212
f 268//213 279//213 270//213
f 270//214 279//214 280//214
f 270//215 280//215 272//215
f 272//216 280//216 281//216
f 272//217 281//217 274//217
f 274//218 281//218 282//218
f 274//219 282//219 212//219
f 212//220 282//220 210//220
f 275//221 283//221 276//221
f 276//222 283//222 284//222
f 276//223 284//223 277//223
f 277//224 284//224 285//224
f 277//225 285//225 278//225
f 278//226 285//226 286//226
f 278//227 286//227 279//227
f 279//228 286//228 287//228
f 279//229 287//229 280//229
f 280//230 287//230 288//230
f 280//231 288//231 281//231
f 281//232 288//232 289//232
f 281//233 289//233 282//233
f 282//234 289//234 290//234
f 282//235 290//235 210//235
f 210//236 290//236 208//236
f 283//237 291//237 284//237
f 284//238 291//238 292//238
f 284//239 292//239 285//239
f 285//240 292//240 293//240
f 285//241 293//241 286//241
f 286//242 293//242 294//242
f 286//243 294//243 287//243
f 287//244 294//244 295//244
f 287//245 295//245 288//245
f 288//246 295//246 296//246
f 288//247 296//247 289//247
f 289//248 296//248 297//248
f 289//249 297//249 290//249
f 290//250 297//250 298//250
f 290//251 298//251 208//251
f 208//252 298//252 206//252
f 291//253 299//253 292//253
f 292//254 299//254 300//254
f 292//255 300//255 293//255
f 293//256 300//256 301//256
f 293//257 301//257 294//257
f 294//258 301//258 302//258
f 294//259 302//259 295//259
f 295//260 302//260 303//260
f 295//261 303//261 296//261
f 296//262 303//262 304//262
f 296//263 304//263 297//263
f 297//264 304//264 305//264
f 297//265 305//265 298//265
f 298//266 305//266 306//266
f 298//267 306//267 206//267
f 206//268 306//268 204//268
f 300//269 299//269 307//269
f 307//270 299//270 308//270
f 307//271 308//271 309//271
f 309//272 308//272 310//272
f 309//273 310//273 311//273
f 309//274 311//274 312//274
f 312//275 311//275 313//275
f 312//276 313//276 314//276
f 314//277 313//277 315//277
f 314//278 315//278 316//278
f 316//279 315//279 317//279
f 316//280 317//280 318//280
f 318//281 317//281 319//281
f 318//282 319//282 320//282
f 320//283 319//283 321//283
f 320//284 321//284 322//284
f 322//285 321//285 323//285
f 322//286 323//286 324//286
f 324//287 323//287 325//287
f 324//288 325//288 326//288
f 326//289 325//289 327//289
f 326//290 327//290 196//290
f 196//291 327//291 194//291
f 313//292 42//292 315//292
f 315//293 42//293 43//293
f 315//294 43//294 44//294
f 45//295 328//295 44//295
f 44//296 328//296 317//296
f 44//297 317//297 315//297
f 328//298 45//298 329//298
f 329//299 45//299 46//299
f 329//300 46//300 47//300
f 329//301 47//301 330//301
f 330//302 47//302 48//302
f 330//303 48//303 331//303
f 331//304 48//304 332//304
f 331//305 332//305 325//305
f 325//306 332//306 327//306
f 48//307 49//307 332//307
f 332//308 49//308 333//308
f 332//309 333//309 327//309
f 327//310 333//310 194//310
f 49//311 50//311 333//311
f 333//312 50//312 192//312
f 333//313 192//313 194//313
f 50//314 66//314 192//314
f 64//315 63//315 188//315
f 188//316 63//316 334//316
f 188//317 334//317 186//317
f 186//318 334//318 335//318
f 186//319 335//319 184//319
f 184//320 335//320 336//320
f 184//321 336//321 182//321
f 182//322 336//322 337//322
f 182//323 337//323 180//323
f 180//324 337//324 338//324
f 180//325 338//325 178//325
f 178//326 338//326 339//326
f 178//327 339//327 176//327
f 334//328 63//328 340//328
f 340//329 63//329 62//329
f 340//330 62//330 341//330
f 341//331 62//331 61//331
f 341//332 61//332 342//332
f 342//333 61//333 51//333
f 342//334 51//334 343//334
f 343//335 51//335 344//335
f 343//336 344//336 345//336
f 345//337 344//337 346//337
f 345//338 346//338 347//338
f 347//339 346//339 348//339
f 347//340 348//340 338//340
f 338//341 348//341 349//341
f 338//342 349//342 339//342
f 51//343 52//343 344//343
f 344//344 52//344 346//344
f 153//345 155//345 350//345
f 350//346 155//346 351//346
f 350//347 351//347 352//347
f 352//348 351//348 353//348
f 352//349 353//349 354//349
f 354//350 353//350 355//350
f 354//351 355//351 356//351
f 356//352 355//352 357//352
f 356//353 357//353 358//353
f 358//354 357//354 359//354
f 358//355 359//355 360//355
f 360//356 359//356 361//356
f 360//357 361//357 362//357
f 362//358 361//358 363//358
f 362//359 363//359 364//359
f 362//360 364//360 365//360
f 365//361 364//361 366//361
f 365//362 366//362 367//362
f 367//363 366//363 368//363
f 367//364 368//364 369//364
f 367//365 369//365 370//365
f 370//366 369//366 371//366
f 370//367 371//367 372//367
f 372//368 371//368 373//368
f 372//369 373//369 374//369
f 374//370 373//370 87//370
f 374//371 87//371 88//371
f 374//372 88//372 375//372
f 375//373 88//373 89//373
f 375//374 89//374 376//374
f 376//375 89//375 90//375
f 376//376 90//376 377//376
f 377//377 90//377 378//377
f 377//378 378//378 379//378
f 379//379 378//379 380//379
f 379//380 380//380 381//380
f 381//381 380//381 382//381
f 381//382 382//382 383//382
f 383//383 382//383 384//383
f 383//384 384//384 385//384
f 385//385 384//385 386//385
f 385//386 386//386 387//386
f 387//387 386//387 388//387
f 387//388 388//388 389//388
f 389//389 388//389 390//389
f 389//390 390//390 391//390
f 391//391 390//391 392//391
f 391//392 392//392 393//392
f 393//393 392//393 394//393
f 393//394 394//394 395//394
f 395//395 394//395 396//395
f 395//396 396//396 397//396
f 397//397 396//397 398//397
f 397//398 398//398 399//398
f 399//399 398//399 400//399
f 399//400 400//400 123//400
f 123//401 400//401 121//401
f 90//402 91//402 378//402
f 378//403 91//403 401//403
f 378//404 401//404 380//404
f 380//405 401//405 402//405
f 380//406 402//406 382//406
f 382//407 402//407 403//407
f 382//408 403//408 384//408
f 384//409 403//409 404//409
f 384//410 404//410 386//410
f 386//411 404//411 405//411
f 386//412 405//412 388//412
f 388//413 405//413 406//413
f 388//414 406//414 390//414
f 390//415 406//415 407//415
f 390//416 407//416 392//416
f 392//417 407//417 408//417
f 392//418 408//418 394//418
f 394//419 408//419 409//419
f 394//420 409//420 396//420
f 396//421 409//421 410//421
f 396//422 410//422 398//422
f 398//423 410//423 411//423
f 398//424 411//424 400//424
f 400//425 411//425 119//425
f 400//426 119//426 121//426
f 91//427 92//427 401//427
f 401//428 92//428 412//428
f 401//429 412//429 402//429
f 402//430 412//430 413//430
f 402//431 413//431 403//431
f 403//432 413//432 414//432
f 403//433 414//433 404//433
f 404//434 414//434 415//434
f 404//435 415//435 405//435
f 405//436 415//436 416//436
f 405//437 416//437 406//437
f 406//438 416//438 417//438
f 406//439 417//439 407//439
f 407//440 417//440 418//440
f 407//441 418//441 408//441
f 408//442 418//442 419//442
f 408//443 419//443 409//443
f 409//444 419//444 420//444
f 409//445 420//445 410//445
f 410//446 420//446 421//446
f 410//447 421//447 411//447
f 411//448 421//448 117//448
f 411//449 117//449 119//449
f 92//450 93//450 412//450
f 412//451 93//451 422//451
f 412//452 422//452 413//452
f 413//453 422//453 423//453
f 413//454 423//454 414//454
f 414//455 423//455 424//455
f 414//456 424//456 415//456
f 415//457 424//457 425//457
f 415//458 425//458 416//458
f 416//459 425//459 426//459
f 416//460 426//460 417//460
f 417//461 426//461 427//461
f 417//462 427//462 418//462
f 418//463 427//463 428//463
f 418//464 428//464 419//464
f 419//465 428//465 429//465
f 419//466 429//466 420//466
f 420//467 429//467 430//467
f 420//468 430//468 421//468
f 421//469 430//469 115//469
f 421//470 115//470 117//470
f 93//471 94//471 422//471
f 422//472 94//472 431//472
f 422//473 431//473 423//473
f 423//474 431//474 432//474
f 423//475 432//475 424//475
f 424//476 432//476 433//476
f 424//477 433//477 425//477
f 425//478 433//478 434//478
f 425//479 434//479 426//479
f 426//480 434//480 435//480
f 426//481 435//481 427//481
f 427//482 435//482 436//482
f 427//483 436//483 428//483
f 428//484 436//484 437//484
f 428//485 437//485 429//485
f 429//486 437//486 438//486
f 429//487 438//487 430//487
f 430//488 438//488 113//488
f 430//489 113//489 115//489
f 431//490 94//490 439//490
f 439//491 94//491 10//491
f 439//492 10//492 440//492
f 440//493 10//493 9//493
f 440//494 9//494 441//494
f 441//495 9//495 8//495
f 441//496 8//496 442//496
f 442//497 8//497 443//497
f 442//498 443//498 444//498
f 444//499 443//499 445//499
f 444//500 445//500 446//500
f 446//501 445//501 447//501
f 446//502 447//502 448//502
f 448//503 447//503 101//503
f 448//504 101//504 104//504
f 8//505 7//505 443//505
f 443//506 7//506 6//506
f 443//507 6//507 449//507
f 449//508 6//508 5//508
f 449//509 5//509 450//509
f 450//510 5//510 4//510
f 450//511 4//511 95//511
f 95//512 4//512 1//512
f 312//513 314//513 451//513
f 451//514 314//514 316//514
f 451//515 316//515 452//515
f 452//516 316//516 318//516
f 452//517 318//517 453//517
f 453//518 318//518 320//518
f 453//519 320//519 454//519
f 454//520 320//520 322//520
f 454//521 322//521 455//521
f 455//522 322//522 324//522
f 455//523 324//523 456//523
f 456//524 324//524 326//524
f 456//525 326//525 198//525
f 198//526 326//526 196//526
f 309//527 312//527 457//527
f 457//528 312//528 451//528
f 457//529 451//529 458//529
f 458//530 451//530 452//530
f 458//531 452//531 459//531
f 459//532 452//532 453//532
f 459//533 453//533 460//533
f 460//534 453//534 454//534
f 460//535 454//535 461//535
f 461//536 454//536 455//536
f 461//537 455//537 462//537
f 462//538 455//538 456//538
f 462//539 456//539 200//539
f 200//540 456//540 198//540
f 301//541 300//541 307//541
f 307//542 309//542 463//542
f 463//543 309//543 457//543
f 463//544 457//544 464//544
f 464//545 457//545 458//545
f 464//546 458//546 465//546
f 465//547 458//547 459//547
f 465//548 459//548 466//548
f 466//549 459//549 460//549
f 466//550 460//550 467//550
f 467//551 460//551 461//551
f 467//552 461//552 468//552
f 468//553 461//553 462//553
f 468//554 462//554 202//554
f 202//555 462//555 200//555
f 246//556 244//556 259//556
f 259//557 261//557 469//557
f 469//558 261//558 263//558
f 469//559 263//559 470//559
f 470//560 263//560 265//560
f 470//561 265//561 471//561
f 471//562 265//562 267//562
f 471//563 267//563 472//563
f 472//564 267//564 269//564
f 472//565 269//565 473//565
f 473//566 269//566 271//566
f 473//567 271//567 474//567
f 474//568 271//568 273//568
f 474//569 273//569 216//569
f 216//570 273//570 214//570
f 235//571 234//571 243//571
f 235//572 243//572 245//572
f 113//573 438//573 111//573
f 111//574 438//574 475//574
f 111//575 475//575 109//575
f 109//576 475//576 476//576
f 109//577 476//577 106//577
f 106//578 476//578 477//578
f 106//579 477//579 104//579
f 104//580 477//580 448//580
f 101//581 447//581 99//581
f 99//582 447//582 478//582
f 99//583 478//583 97//583
f 97//584 478//584 450//584
f 97//585 450//585 95//585
f 319//586 317//586 328//586
f 302//587 301//587 463//587
f 463//588 301//588 307//588
f 302//589 463//589 464//589
f 248//590 246//590 469//590
f 469//591 246//591 259//591
f 248//592 469//592 470//592
f 236//593 235//593 245//593
f 236//594 245//594 247//594
f 399//595 123//595 125//595
f 438//596 437//596 475//596
f 475//597 437//597 479//597
f 475//598 479//598 476//598
f 476//599 479//599 480//599
f 476//600 480//600 477//600
f 477//601 480//601 481//601
f 477//602 481//602 448//602
f 448//603 481//603 446//603
f 449//604 450//604 478//604
f 449//605 478//605 445//605
f 445//606 478//606 447//606
f 321//607 319//607 329//607
f 329//608 319//608 328//608
f 303//609 302//609 464//609
f 303//610 464//610 465//610
f 250//611 248//611 470//611
f 250//612 470//612 471//612
f 237//613 236//613 247//613
f 237//614 247//614 249//614
f 399//615 125//615 482//615
f 482//616 125//616 127//616
f 482//617 127//617 483//617
f 483//618 127//618 129//618
f 483//619 129//619 484//619
f 484//620 129//620 131//620
f 484//621 131//621 485//621
f 485//622 131//622 133//622
f 485//623 133//623 486//623
f 486//624 133//624 135//624
f 486//625 135//625 487//625
f 487//626 135//626 137//626
f 487//627 137//627 488//627
f 488//628 137//628 139//628
f 488//629 139//629 489//629
f 489//630 139//630 141//630
f 489//631 141//631 490//631
f 490//632 141//632 143//632
f 490//633 143//633 491//633
f 491//634 143//634 145//634
f 491//635 145//635 492//635
f 492//636 145//636 147//636
f 492//637 147//637 493//637
f 493//638 147//638 149//638
f 493//639 149//639 494//639
f 494//640 149//640 151//640
f 494//641 151//641 350//641
f 350//642 151//642 153//642
f 437//643 436//643 479//643
f 479//644 436//644 495//644
f 479//645 495//645 480//645
f 480//646 495//646 496//646
f 480//647 496//647 481//647
f 481//648 496//648 497//648
f 481//649 497//649 446//649
f 446//650 497//650 444//650
f 443//651 449//651 445//651
f 323//652 321//652 330//652
f 330//653 321//653 329//653
f 304//654 303//654 465//654
f 304//655 465//655 466//655
f 252//656 250//656 471//656
f 252//657 471//657 472//657
f 238//658 237//658 249//658
f 238//659 249//659 251//659
f 399//660 482//660 397//660
f 397//661 482//661 498//661
f 397//662 498//662 395//662
f 395//663 498//663 499//663
f 395//664 499//664 393//664
f 393//665 499//665 500//665
f 393//666 500//666 391//666
f 391//667 500//667 501//667
f 391//668 501//668 389//668
f 389//669 501//669 502//669
f 389//670 502//670 387//670
f 387//671 502//671 503//671
f 387//672 503//672 385//672
f 385//673 503//673 504//673
f 385//674 504//674 383//674
f 383//675 504//675 505//675
f 383//676 505//676 381//676
f 381//677 505//677 506//677
f 381//678 506//678 379//678
f 379//679 506//679 507//679
f 379//680 507//680 377//680
f 377//681 507//681 376//681
f 498//682 482//682 483//682
f 436//683 435//683 495//683
f 495//684 435//684 508//684
f 495//685 508//685 496//685
f 496//686 508//686 509//686
f 496//687 509//687 497//687
f 497//688 509//688 510//688
f 497//689 510//689 444//689
f 444//690 510//690 442//690
f 331//691 325//691 323//691
f 304//692 466//692 305//692
f 305//693 466//693 467//693
f 305//694 467//694 306//694
f 306//695 467//695 468//695
f 306//696 468//696 204//696
f 204//697 468//697 202//697
f 252//698 472//698 254//698
f 254//699 472//699 473//699
f 254//700 473//700 256//700
f 256//701 473//701 474//701
f 256//702 474//702 218//702
f 218//703 474//703 216//703
f 238//704 251//704 239//704
f 239//705 251//705 253//705
f 239//706 253//706 240//706
f 240//707 253//707 255//707
f 240//708 255//708 222//708
f 222//709 255//709 220//709
f 498//710 483//710 511//710
f 511//711 483//711 484//711
f 511//712 484//712 512//712
f 512//713 484//713 485//713
f 512//714 485//714 513//714
f 513//715 485//715 486//715
f 513//716 486//716 514//716
f 514//717 486//717 487//717
f 514//718 487//718 515//718
f 515//719 487//719 488//719
f 515//720 488//720 516//720
f 516//721 488//721 489//721
f 516//722 489//722 517//722
f 517//723 489//723 490//723
f 517//724 490//724 518//724
f 518//725 490//725 491//725
f 518//726 491//726 519//726
f 519//727 491//727 492//727
f 519//728 492//728 520//728
f 520//729 492//729 493//729
f 520//730 493//730 521//730
f 521//731 493//731 494//731
f 521//732 494//732 352//732
f 352//733 494//733 350//733
f 498//734 511//734 499//734
f 499//735 511//735 522//735
f 499//736 522//736 500//736
f 500//737 522//737 523//737
f 500//738 523//738 501//738
f 501//739 523//739 524//739
f 501//740 524//740 502//740
f 502//741 524//741 525//741
f 502//742 525//742 503//742
f 503//743 525//743 526//743
f 503//744 526//744 504//744
f 504//745 526//745 527//745
f 504//746 527//746 505//746
f 505//747 527//747 528//747
f 505//748 528//748 506//748
f 506//749 528//749 529//749
f 506//750 529//750 507//750
f 507//751 529//751 530//751
f 507//752 530//752 376//752
f 376//753 530//753 375//753
f 522//754 511//754 512//754
f 508//755 435//755 434//755
f 509//756 508//756 531//756
f 531//757 508//757 434//757
f 531//758 434//758 433//758
f 510//759 509//759 532//759
f 532//760 509//760 531//760
f 532//761 531//761 533//761
f 533//762 531//762 433//762
f 533//763 433//763 432//763
f 442//764 510//764 441//764
f 441//765 510//765 532//765
f 441//766 532//766 440//766
f 440//767 532//767 533//767
f 440//768 533//768 439//768
f 439//769 533//769 432//769
f 439//770 432//770 431//770
f 330//771 331//771 323//771
f 522//772 512//772 534//772
f 534//773 512//773 513//773
f 534//774 513//774 535//774
f 535//775 513//775 514//775
f 535//776 514//776 536//776
f 536//777 514//777 515//777
f 536//778 515//778 537//778
f 537//779 515//779 516//779
f 537//780 516//780 538//780
f 538//781 516//781 517//781
f 538//782 517//782 539//782
f 539//783 517//783 518//783
f 539//784 518//784 540//784
f 540//785 518//785 519//785
f 540//786 519//786 541//786
f 541//787 519//787 520//787
f 541//788 520//788 542//788
f 542//789 520//789 521//789
f 542//790 521//790 354//790
f 354//791 521//791 352//791
f 522//792 534//792 523//792
f 523//793 534//793 543//793
f 523//794 543//794 524//794
f 524//795 543//795 544//795
f 524//796 544//796 525//796
f 525//797 544//797 545//797
f 525//798 545//798 526//798
f 526//799 545//799 546//799
f 526//800 546//800 527//800
f 527//801 546//801 547//801
f 527//802 547//802 528//802
f 528//803 547//803 548//803
f 528//804 548//804 529//804
f 529//805 548//805 549//805
f 529//806 549//806 530//806
f 530//807 549//807 550//807
f 530//808 550//808 375//808
f 375//809 550//809 374//809
f 543//810 534//810 535//810
f 543//811 535//811 551//811
f 551//812 535//812 536//812
f 551//813 536//813 552//813
f 552//814 536//814 537//814
f 552//815 537//815 553//815
f 553//816 537//816 538//816
f 553//817 538//817 554//817
f 554//818 538//818 539//818
f 554//819 539//819 555//819
f 555//820 539//820 540//820
f 555//821 540//821 556//821
f 556//822 540//822 541//822
f 556//823 541//823 557//823
f 557//824 541//824 542//824
f 557//825 542//825 356//825
f 356//826 542//826 354//826
f 138//827 223//827 140//827
f 140//828 223//828 558//828
f 140//829 558//829 142//829
f 142//830 558//830 559//830
f 142//831 559//831 144//831
f 144//832 559//832 560//832
f 144//833 560//833 146//833
f 146//834 560//834 561//834
f 146//835 561//835 148//835
f 148//836 561//836 562//836
f 148//837 562//837 150//837
f 150//838 562//838 563//838
f 150//839 563//839 152//839
f 152//840 563//840 564//840
f 152//841 564//841 154//841
f 154//842 564//842 157//842
f 223//843 221//843 558//843
f 558//844 221//844 565//844
f 558//845 565//845 559//845
f 559//846 565//846 566//846
f 559//847 566//847 560//847
f 560//848 566//848 567//848
f 560//849 567//849 561//849
f 561//850 567//850 568//850
f 561//851 568//851 562//851
f 562//852 568//852 569//852
f 562//853 569//853 563//853
f 563//854 569//854 570//854
f 563//855 570//855 564//855
f 564//856 570//856 571//856
f 564//857 571//857 157//857
f 157//858 571//858 159//858
f 221//859 219//859 565//859
f 565//860 219//860 572//860
f 565//861 572//861 566//861
f 566//862 572//862 573//862
f 566//863 573//863 567//863
f 567//864 573//864 574//864
f 567//865 574//865 568//865
f 568//866 574//866 575//866
f 568//867 575//867 569//867
f 569//868 575//868 576//868
f 569//869 576//869 570//869
f 570//870 576//870 577//870
f 570//871 577//871 571//871
f 571//872 577//872 578//872
f 571//873 578//873 159//873
f 159//874 578//874 161//874
f 219//875 217//875 572//875
f 572//876 217//876 579//876
f 572//877 579//877 573//877
f 573//878 579//878 580//878
f 573//879 580//879 574//879
f 574//880 580//880 581//880
f 574//881 581//881 575//881
f 575//882 581//882 582//882
f 575//883 582//883 576//883
f 576//884 582//884 583//884
f 576//885 583//885 577//885
f 577//886 583//886 584//886
f 577//887 584//887 578//887
f 578//888 584//888 585//888
f 578//889 585//889 161//889
f 161//890 585//890 163//890
f 217//891 215//891 579//891
f 579//892 215//892 586//892
f 579//893 586//893 580//893
f 580//894 586//894 587//894
f 580//895 587//895 581//895
f 581//896 587//896 588//896
f 581//897 588//897 582//897
f 582//898 588//898 589//898
f 582//899 589//899 583//899
f 583//900 589//900 590//900
f 583//901 590//901 584//901
f 584//902 590//902 591//902
f 584//903 591//903 585//903
f 585//904 591//904 592//904
f 585//905 592//905 163//905
f 163//906 592//906 165//906
f 215//907 213//907 586//907
f 586//908 213//908 593//908
f 586//909 593//909 587//909
f 587//910 593//910 594//910
f 587//911 594//911 588//911
f 588//912 594//912 595//912
f 588//913 595//913 589//913
f 589//914 595//914 596//914
f 589//915 596//915 590//915
f 590//916 596//916 597//916
f 590//917 597//917 591//917
f 591//918 597//918 598//918
f 591//919 598//919 592//919
f 592//920 598//920 599//920
f 592//921 599//921 165//921
f 165//922 599//922 167//922
f 213//923 211//923 593//923
f 593//924 211//924 600//924
f 593//925 600//925 594//925
f 594//926 600//926 601//926
f 594//927 601//927 595//927
f 595//928 601//928 602//928
f 595//929 602//929 596//929
f 596//930 602//930 603//930
f 596//931 603//931 597//931
f 597//932 603//932 604//932
f 597//933 604//933 598//933
f 598//934 604//934 605//934
f 598//935 605//935 599//935
f 599//936 605//936 606//936
f 599//937 606//937 167//937
f 167//938 606//938 169//938
f 211//939 209//939 600//939
f 600//940 209//940 607//940
f 600//941 607//941 601//941
f 601//942 607//942 608//942
f 601//943 608//943 602//943
f 602//944 608//944 609//944
f 602//945 609//945 603//945
f 603//946 609//946 610//946
f 603//947 610//947 604//947
f 604//948 610//948 611//948
f 604//949 611//949 605//949
f 605//950 611//950 612//950
f 605//951 612//951 606//951
f 606//952 612//952 613//952
f 606//953 613//953 169//953
f 169//954 613//954 171//954
f 209//955 207//955 607//955
f 607//956 207//956 614//956
f 607//957 614//957 608//957
f 608//958 614//958 615//958
f 608//959 615//959 609//959
f 609//960 615//960 616//960
f 609//961 616//961 610//961
f 610//962 616//962 617//962
f 610//963 617//963 611//963
f 611//964 617//964 618//964
f 611//965 618//965 612//965
f 612//966 618//966 619//966
f 612//967 619//967 613//967
f 613//968 619//968 620//968
f 613//969 620//969 171//969
f 171//970 620//970 173//970
f 207//971 205//971 614//971
f 614//972 205//972 621//972
f 614//973 621//973 615//973
f 615//974 621//974 622//974
f 615//975 622//975 616//975
f 616//976 622//976 623//976
f 616//977 623//977 617//977
f 617//978 623//978 624//978
f 617//979 624//979 618//979
f 618//980 624//980 625//980
f 618//981 625//981 619//981
f 619//982 625//982 626//982
f 619//983 626//983 620//983
f 620//984 626//984 627//984
f 620//985 627//985 173//985
f 173//986 627//986 175//986
f 205//987 203//987 621//987
f 621//988 203//988 628//988
f 621//989 628//989 622//989
f 622//990 628//990 629//990
f 622//991 629//991 623//991
f 623//992 629//992 630//992
f 623//993 630//993 624//993
f 624//994 630//994 631//994
f 624//995 631//995 625//995
f 625//996 631//996 632//996
f 625//997 632//997 626//997
f 626//998 632//998 633//998
f 626//999 633//999 627//999
f 627//1000 633//1000 634//1000
f 627//1001 634//1001 175//1001
f 175//1002 634//1002 177//1002
f 203//1003 201//1003 628//1003
f 628//1004 201//1004 635//1004
f 628//1005 635//1005 629//1005
f 629//1006 635//1006 636//1006
f 629//1007 636//1007 630//1007
f 630//1008 636//1008 637//1008
f 630//1009 637//1009 631//1009
f 631//1010 637//1010 638//1010
f 631//1011 638//1011 632//1011
f 632//1012 638//1012 639//1012
f 632//1013 639//1013 633//1013
f 633//1014 639//1014 640//1014
f 633//1015 640//1015 634//1015
f 634//1016 640//1016 179//1016
f 634//1017 179//1017 177//1017
f 201//1018 199//1018 635//1018
f 635//1019 199//1019 641//1019
f 635//1020 641//1020 636//1020
f 636//1021 641//1021 642//1021
f 636//1022 642//1022 637//1022
f 637//1023 642//1023 643//1023
f 637//1024 643//1024 638//1024
f 638//1025 643//1025 644//1025
f 638//1026 644//1026 639//1026
f 639//1027 644//1027 645//1027
f 639//1028 645//1028 640//1028
f 640//1029 645//1029 181//1029
f 640//1030 181//1030 179//1030
f 199//1031 197//1031 641//1031
f 641//1032 197//1032 646//1032
f 641//1033 646//1033 642//1033
f 642//1034 646//1034 647//1034
f 642//1035 647//1035 643//1035
f 643//1036 647//1036 648//1036
f 643//1037 648//1037 644//1037
f 644//1038 648//1038 649//1038
f 644//1039 649//1039 645//1039
f 645//1040 649//1040 183//1040
f 645//1041 183//1041 181//1041
f 197//1042 195//1042 646//1042
f 646//1043 195//1043 650//1043
f 646//1044 650//1044 647//1044
f 647//1045 650//1045 651//1045
f 647//1046 651//1046 648//1046
f 648//1047 651//1047 652//1047
f 648//1048 652//1048 649//1048
f 649//1049 652//1049 185//1049
f 649//1050 185//1050 183//1050
f 195//1051 193//1051 650//1051
f 650//1052 193//1052 653//1052
f 650//1053 653//1053 651//1053
f 651//1054 653//1054 654//1054
f 651//1055 654//1055 652//1055
f 652//1056 654//1056 187//1056
f 652//1057 187//1057 185//1057
f 193//1058 191//1058 653//1058
f 653//1059 191//1059 190//1059
f 653//1060 190//1060 654//1060
f 654//1061 190//1061 189//1061
f 654//1062 189//1062 187//1062
f 543//1063 551//1063 544//1063
f 544//1064 551//1064 655//1064
f 544//1065 655//1065 545//1065
f 545//1066 655//1066 656//1066
f 545//1067 656//1067 546//1067
f 546//1068 656//1068 657//1068
f 546//1069 657//1069 547//1069
f 547//1070 657//1070 658//1070
f 547//1071 658//1071 548//1071
f 548//1072 658//1072 659//1072
f 548//1073 659//1073 549//1073
f 549//1074 659//1074 660//1074
f 549//1075 660//1075 550//1075
f 550//1076 660//1076 372//1076
f 550//1077 372//1077 374//1077
f 655//1078 551//1078 552//1078
f 655//1079 552//1079 661//1079
f 661//1080 552//1080 553//1080
f 661//1081 553//1081 662//1081
f 662//1082 553//1082 554//1082
f 662//1083 554//1083 663//1083
f 663//1084 554//1084 555//1084
f 663//1085 555//1085 664//1085
f 664//1086 555//1086 556//1086
f 664//1087 556//1087 665//1087
f 665//1088 556//1088 557//1088
f 665//1089 557//1089 358//1089
f 358//1090 557//1090 356//1090
f 655//1091 661//1091 656//1091
f 656//1092 661//1092 666//1092
f 656//1093 666//1093 657//1093
f 657//1094 666//1094 667//1094
f 657//1095 667//1095 658//1095
f 658//1096 667//1096 668//1096
f 658//1097 668//1097 659//1097
f 659//1098 668//1098 669//1098
f 659//1099 669//1099 660//1099
f 660//1100 669//1100 370//1100
f 660//1101 370//1101 372//1101
f 666//1102 661//1102 662//1102
f 666//1103 662//1103 670//1103
f 670//1104 662//1104 663//1104
f 670//1105 663//1105 671//1105
f 671//1106 663//1106 664//1106
f 671//1107 664//1107 672//1107
f 672//1108 664//1108 665//1108
f 672//1109 665//1109 360//1109
f 360//1110 665//1110 358//1110
f 667//1111 670//1111 673//1111
f 673//1112 670//1112 671//1112
f 673//1113 671//1113 674//1113
f 674//1114 671//1114 672//1114
f 674//1115 672//1115 362//1115
f 362//1116 672//1116 360//1116
f 670//1117 667//1117 666//1117
f 335//1118 340//1118 675//1118
f 675//1119 340//1119 341//1119
f 675//1120 341//1120 343//1120
f 343//1121 341//1121 342//1121
f 335//1122 334//1122 340//1122
f 335//1123 675//1123 336//1123
f 336//1124 675//1124 676//1124
f 336//1125 676//1125 337//1125
f 337//1126 676//1126 347//1126
f 337//1127 347//1127 338//1127
f 676//1128 675//1128 343//1128
f 667//1129 673//1129 668//1129
f 668//1130 673//1130 677//1130
f 668//1131 677//1131 669//1131
f 669//1132 677//1132 367//1132
f 669//1133 367//1133 370//1133
f 677//1134 673//1134 674//1134
f 347//1135 676//1135 345//1135
f 345//1136 676//1136 343//1136
f 362//1137 365//1137 674//1137
f 674//1138 365//1138 677//1138
f 365//1139 367//1139 677//1139
f 85//1140 86//1140 678//1140
f 678//1141 86//1141 679//1141
f 678//1142 679//1142 680//1142
f 678//1143 680//1143 681//1143
f 681//1144 680//1144 682//1144
f 681//1145 682//1145 683//1145
f 683//1146 682//1146 684//1146
f 683//1147 684//1147 685//1147
f 685//1148 684//1148 686//1148
f 685//1149 686//1149 687//1149
f 685//1150 687//1150 688//1150
f 688//1151 687//1151 689//1151
f 688//1152 689//1152 690//1152
f 690//1153 689//1153 691//1153
f 690//1154 691//1154 692//1154
f 690//1155 692//1155 693//1155
f 693//1156 692//1156 694//1156
f 693//1157 694//1157 695//1157
f 695//1158 694//1158 696//1158
f 695//1159 696//1159 697//1159
f 697//1160 696//1160 698//1160
f 697//1161 698//1161 699//1161
f 699//1162 698//1162 700//1162
f 699//1163 700//1163 701//1163
f 701//1164 700//1164 702//1164
f 701//1165 702//1165 703//1165
f 703//1166 702//1166 704//1166
f 703//1167 704//1167 705//1167
f 705//1168 704//1168 706//1168
f 705//1169 706//1169 707//1169
f 707//1170 706//1170 708//1170
f 707//1171 708//1171 709//1171
f 709//1172 708//1172 710//1172
f 709//1173 710//1173 711//1173
f 711//1174 710//1174 712//1174
f 711//1175 712//1175 713//1175
f 713//1176 712//1176 714//1176
f 713//1177 714//1177 715//1177
f 715//1178 714//1178 716//1178
f 715//1179 716//1179 74//1179
f 74//1180 716//1180 717//1180
f 74//1181 717//1181 718//1181
f 718//1182 717//1182 719//1182
f 718//1183 719//1183 720//1183
f 720//1184 719//1184 721//1184
f 720//1185 721//1185 722//1185
f 722//1186 721//1186 723//1186
f 722//1187 723//1187 724//1187
f 724//1188 723//1188 725//1188
f 724//1189 725//1189 726//1189
f 726//1190 725//1190 727//1190
f 726//1191 727//1191 728//1191
f 728//1192 727//1192 729//1192
f 728//1193 729//1193 730//1193
f 730//1194 729//1194 731//1194
f 730//1195 731//1195 732//1195
f 732//1196 731//1196 733//1196
f 732//1197 733//1197 734//1197
f 734//1198 733//1198 735//1198
f 734//1199 735//1199 736//1199
f 736//1200 735//1200 737//1200
f 736//1201 737//1201 738//1201
f 738//1202 737//1202 739//1202
f 738//1203 739//1203 740//1203
f 694//1204 741//1204 696//1204
f 696//1205 741//1205 742//1205
f 696//1206 742//1206 698//1206
f 698//1207 742//1207 743//1207
f 698//1208 743//1208 700//1208
f 700//1209 743//1209 744//1209
f 700//1210 744//1210 702//1210
f 702//1211 744//1211 745//1211
f 702//1212 745//1212 704//1212
f 704//1213 745//1213 746//1213
f 704//1214 746//1214 706//1214
f 706//1215 746//1215 747//1215
f 706//1216 747//1216 708//1216
f 708//1217 747//1217 748//1217
f 708//1218 748//1218 710//1218
f 710//1219 748//1219 749//1219
f 710//1220 749//1220 712//1220
f 712//1221 749//1221 750//1221
f 712//1222 750//1222 714//1222
f 714//1223 750//1223 751//1223
f 714//1224 751//1224 716//1224
f 716//1225 751//1225 717//1225
f 741//1226 752//1226 742//1226
f 742//1227 752//1227 753//1227
f 742//1228 753//1228 743//1228
f 743//1229 753//1229 754//1229
f 743//1230 754//1230 744//1230
f 744//1231 754//1231 755//1231
f 744//1232 755//1232 745//1232
f 745//1233 755//1233 756//1233
f 745//1234 756//1234 746//1234
f 746//1235 756//1235 757//1235
f 746//1236 757//1236 747//1236
f 747//1237 757//1237 758//1237
f 747//1238 758//1238 748//1238
f 748//1239 758//1239 759//1239
f 748//1240 759//1240 749//1240
f 749//1241 759//1241 760//1241
f 749//1242 760//1242 750//1242
f 750//1243 760//1243 761//1243
f 750//1244 761//1244 751//1244
f 751//1245 761//1245 719//1245
f 751//1246 719//1246 717//1246
f 753//1247 752//1247 762//1247
f 762//1248 752//1248 763//1248
f 762//1249 763//1249 764//1249
f 764//1250 763//1250 765//1250
f 764//1251 765//1251 766//1251
f 766//1252 765//1252 767//1252
f 766//1253 767//1253 768//1253
f 768//1254 767//1254 769//1254
f 768//1255 769//1255 770//1255
f 771//1256 772//1256 770//1256
f 770//1257 772//1257 773//1257
f 770//1258 773//1258 768//1258
f 768//1259 773//1259 774//1259
f 768//1260 774//1260 775//1260
f 775//1261 774//1261 776//1261
f 775//1262 776//1262 777//1262
f 777//1263 776//1263 778//1263
f 777//1264 778//1264 779//1264
f 779//1265 778//1265 780//1265
f 779//1266 780//1266 757//1266
f 757//1267 780//1267 758//1267
f 771//1268 781//1268 772//1268
f 772//1269 781//1269 782//1269
f 772//1270 782//1270 783//1270
f 783//1271 782//1271 784//1271
f 783//1272 784//1272 785//1272
f 785//1273 784//1273 733//1273
f 785//1274 733//1274 731//1274
f 781//1275 786//1275 782//1275
f 782//1276 786//1276 787//1276
f 782//1277 787//1277 784//1277
f 784//1278 787//1278 735//1278
f 784//1279 735//1279 733//1279
f 786//1280 739//1280 787//1280
f 787//1281 739//1281 737//1281
f 787//1282 737//1282 735//1282
f 740//1283 788//1283 738//1283
f 738//1284 788//1284 789//1284
f 738//1285 789//1285 790//1285
f 790//1286 789//1286 791//1286
f 790//1287 791//1287 792//1287
f 792//1288 791//1288 793//1288
f 792//1289 793//1289 794//1289
f 794//1290 793//1290 795//1290
f 794//1291 795//1291 796//1291
f 796//1292 795//1292 797//1292
f 796//1293 797//1293 798//1293
f 798//1294 797//1294 799//1294
f 798//1295 799//1295 800//1295
f 800//1296 799//1296 801//1296
f 800//1297 801//1297 802//1297
f 802//1298 801//1298 803//1298
f 802//1299 803//1299 804//1299
f 804//1300 803//1300 805//1300
f 804//1301 805//1301 806//1301
f 806//1302 805//1302 60//1302
f 806//1303 60//1303 807//1303
f 807//1304 60//1304 808//1304
f 807//1305 808//1305 809//1305
f 809//1306 808//1306 810//1306
f 809//1307 810//1307 811//1307
f 811//1308 810//1308 812//1308
f 811//1309 812//1309 813//1309
f 813//1310 812//1310 814//1310
f 813//1311 814//1311 815//1311
f 815//1312 814//1312 816//1312
f 815//1313 816//1313 817//1313
f 817//1314 816//1314 818//1314
f 817//1315 818//1315 819//1315
f 819//1316 818//1316 820//1316
f 819//1317 820//1317 821//1317
f 821//1318 820//1318 732//1318
f 821//1319 732//1319 734//1319
f 788//1320 822//1320 789//1320
f 789//1321 822//1321 823//1321
f 789//1322 823//1322 791//1322
f 791//1323 823//1323 824//1323
f 791//1324 824//1324 793//1324
f 793//1325 824//1325 825//1325
f 793//1326 825//1326 795//1326
f 795//1327 825//1327 826//1327
f 795//1328 826//1328 797//1328
f 797//1329 826//1329 827//1329
f 797//1330 827//1330 799//1330
f 799//1331 827//1331 828//1331
f 799//1332 828//1332 801//1332
f 801//1333 828//1333 829//1333
f 801//1334 829//1334 803//1334
f 803//1335 829//1335 830//1335
f 803//1336 830//1336 805//1336
f 805//1337 830//1337 831//1337
f 805//1338 831//1338 59//1338
f 59//1339 831//1339 58//1339
f 58//1340 831//1340 832//1340
f 58//1341 832//1341 833//1341
f 833//1342 832//1342 834//1342
f 833//1343 834//1343 835//1343
f 835//1344 834//1344 836//1344
f 835//1345 836//1345 837//1345
f 837//1346 836//1346 838//1346
f 837//1347 838//1347 839//1347
f 839//1348 838//1348 840//1348
f 839//1349 840//1349 841//1349
f 841//1350 840//1350 842//1350
f 841//1351 842//1351 843//1351
f 843//1352 842//1352 844//1352
f 843//1353 844//1353 845//1353
f 845//1354 844//1354 846//1354
f 845//1355 846//1355 847//1355
f 847//1356 846//1356 848//1356
f 848//1357 846//1357 849//1357
f 849//1358 846//1358 823//1358
f 849//1359 823//1359 822//1359
f 847//1360 850//1360 845//1360
f 845//1361 850//1361 851//1361
f 845//1362 851//1362 843//1362
f 843//1363 851//1363 852//1363
f 843//1364 852//1364 841//1364
f 841//1365 852//1365 853//1365
f 841//1366 853//1366 839//1366
f 839//1367 853//1367 854//1367
f 839//1368 854//1368 837//1368
f 837//1369 854//1369 855//1369
f 837//1370 855//1370 835//1370
f 835//1371 855//1371 856//1371
f 835//1372 856//1372 57//1372
f 57//1373 856//1373 56//1373
f 56//1374 856//1374 855//1374
f 56//1375 855//1375 854//1375
f 851//1376 850//1376 857//1376
f 857//1377 850//1377 53//1377
f 857//1378 53//1378 54//1378
f 55//1379 858//1379 54//1379
f 54//1380 858//1380 859//1380
f 54//1381 859//1381 857//1381
f 857//1382 859//1382 852//1382
f 857//1383 852//1383 851//1383
f 56//1384 854//1384 55//1384
f 55//1385 854//1385 853//1385
f 55//1386 853//1386 858//1386
f 858//1387 853//1387 859//1387
f 835//1388 57//1388 833//1388
f 833//1389 57//1389 58//1389
f 59//1390 60//1390 805//1390
f 60//1391 67//1391 808//1391
f 808//1392 67//1392 68//1392
f 808//1393 68//1393 860//1393
f 860//1394 68//1394 69//1394
f 860//1395 69//1395 861//1395
f 861//1396 69//1396 70//1396
f 861//1397 70//1397 862//1397
f 862//1398 70//1398 863//1398
f 862//1399 863//1399 864//1399
f 864//1400 863//1400 865//1400
f 864//1401 865//1401 866//1401
f 866//1402 865//1402 867//1402
f 866//1403 867//1403 868//1403
f 868//1404 867//1404 724//1404
f 868//1405 724//1405 726//1405
f 70//1406 71//1406 863//1406
f 863//1407 71//1407 869//1407
f 863//1408 869//1408 865//1408
f 865//1409 869//1409 870//1409
f 865//1410 870//1410 867//1410
f 867//1411 870//1411 722//1411
f 867//1412 722//1412 724//1412
f 72//1413 73//1413 71//1413
f 71//1414 73//1414 869//1414
f 74//1415 718//1415 73//1415
f 73//1416 718//1416 871//1416
f 73//1417 871//1417 869//1417
f 869//1418 871//1418 870//1418
f 74//1419 75//1419 715//1419
f 715//1420 75//1420 872//1420
f 715//1421 872//1421 713//1421
f 713//1422 872//1422 873//1422
f 713//1423 873//1423 711//1423
f 711//1424 873//1424 874//1424
f 711//1425 874//1425 709//1425
f 709//1426 874//1426 875//1426
f 709//1427 875//1427 707//1427
f 707//1428 875//1428 876//1428
f 707//1429 876//1429 705//1429
f 705//1430 876//1430 877//1430
f 705//1431 877//1431 703//1431
f 703//1432 877//1432 878//1432
f 703//1433 878//1433 701//1433
f 701//1434 878//1434 879//1434
f 701//1435 879//1435 699//1435
f 699//1436 879//1436 880//1436
f 699//1437 880//1437 697//1437
f 697//1438 880//1438 881//1438
f 697//1439 881//1439 695//1439
f 695//1440 881//1440 693//1440
f 76//1441 882//1441 75//1441
f 75//1442 882//1442 883//1442
f 75//1443 883//1443 872//1443
f 872//1444 883//1444 873//1444
f 77//1445 884//1445 76//1445
f 76//1446 884//1446 885//1446
f 76//1447 885//1447 882//1447
f 882//1448 885//1448 886//1448
f 882//1449 886//1449 883//1449
f 883//1450 886//1450 873//1450
f 884//1451 77//1451 887//1451
f 887//1452 77//1452 78//1452
f 887//1453 78//1453 888//1453
f 888//1454 78//1454 79//1454
f 888//1455 79//1455 889//1455
f 889//1456 79//1456 80//1456
f 889//1457 80//1457 890//1457
f 890//1458 80//1458 81//1458
f 890//1459 81//1459 891//1459
f 891//1460 81//1460 82//1460
f 891//1461 82//1461 892//1461
f 892//1462 82//1462 893//1462
f 892//1463 893//1463 894//1463
f 894//1464 893//1464 895//1464
f 894//1465 895//1465 896//1465
f 896//1466 895//1466 897//1466
f 896//1467 897//1467 898//1467
f 898//1468 897//1468 899//1468
f 898//1469 899//1469 900//1469
f 900//1470 899//1470 901//1470
f 900//1471 901//1471 681//1471
f 681//1472 901//1472 678//1472
f 82//1473 83//1473 893//1473
f 893//1474 83//1474 895//1474
f 895//1475 83//1475 897//1475
f 897//1476 83//1476 84//1476
f 897//1477 84//1477 899//1477
f 899//1478 84//1478 85//1478
f 899//1479 85//1479 901//1479
f 901//1480 85//1480 678//1480
f 824//1481 823//1481 846//1481
f 824//1482 846//1482 844//1482
f 736//1483 738//1483 790//1483
f 773//1484 772//1484 902//1484
f 902//1485 772//1485 783//1485
f 902//1486 783//1486 903//1486
f 903//1487 783//1487 785//1487
f 903//1488 785//1488 904//1488
f 904//1489 785//1489 731//1489
f 904//1490 731//1490 729//1490
f 768//1491 775//1491 766//1491
f 766//1492 775//1492 905//1492
f 766//1493 905//1493 764//1493
f 764//1494 905//1494 906//1494
f 764//1495 906//1495 762//1495
f 762//1496 906//1496 754//1496
f 762//1497 754//1497 753//1497
f 690//1498 693//1498 907//1498
f 907//1499 693//1499 881//1499
f 907//1500 881//1500 908//1500
f 908//1501 881//1501 880//1501
f 908//1502 880//1502 909//1502
f 909//1503 880//1503 879//1503
f 909//1504 879//1504 910//1504
f 910//1505 879//1505 878//1505
f 910//1506 878//1506 911//1506
f 911//1507 878//1507 877//1507
f 911//1508 877//1508 912//1508
f 912//1509 877//1509 876//1509
f 912//1510 876//1510 913//1510
f 913//1511 876//1511 875//1511
f 913//1512 875//1512 914//1512
f 914//1513 875//1513 874//1513
f 914//1514 874//1514 886//1514
f 886//1515 874//1515 873//1515
f 688//1516 690//1516 915//1516
f 915//1517 690//1517 907//1517
f 915//1518 907//1518 916//1518
f 916//1519 907//1519 908//1519
f 916//1520 908//1520 917//1520
f 917//1521 908//1521 909//1521
f 917//1522 909//1522 918//1522
f 918//1523 909//1523 910//1523
f 918//1524 910//1524 919//1524
f 919//1525 910//1525 911//1525
f 919//1526 911//1526 920//1526
f 920//1527 911//1527 912//1527
f 920//1528 912//1528 921//1528
f 921//1529 912//1529 913//1529
f 921//1530 913//1530 922//1530
f 922//1531 913//1531 914//1531
f 922//1532 914//1532 885//1532
f 885//1533 914//1533 886//1533
f 685//1534 688//1534 923//1534
f 923//1535 688//1535 915//1535
f 923//1536 915//1536 924//1536
f 924//1537 915//1537 916//1537
f 924//1538 916//1538 925//1538
f 925//1539 916//1539 917//1539
f 925//1540 917//1540 926//1540
f 926//1541 917//1541 918//1541
f 926//1542 918//1542 927//1542
f 927//1543 918//1543 919//1543
f 927//1544 919//1544 928//1544
f 928//1545 919//1545 920//1545
f 928//1546 920//1546 929//1546
f 929//1547 920//1547 921//1547
f 929//1548 921//1548 887//1548
f 887//1549 921//1549 922//1549
f 887//1550 922//1550 884//1550
f 884//1551 922//1551 885//1551
f 900//1552 681//1552 683//1552
f 683//1553 685//1553 930//1553
f 930//1554 685//1554 923//1554
f 930//1555 923//1555 931//1555
f 931//1556 923//1556 924//1556
f 931//1557 924//1557 932//1557
f 932//1558 924//1558 925//1558
f 932//1559 925//1559 933//1559
f 933//1560 925//1560 926//1560
f 933//1561 926//1561 934//1561
f 934//1562 926//1562 927//1562
f 934//1563 927//1563 935//1563
f 935//1564 927//1564 928//1564
f 935//1565 928//1565 889//1565
f 889//1566 928//1566 929//1566
f 889//1567 929//1567 888//1567
f 888//1568 929//1568 887//1568
f 853//1569 852//1569 859//1569
f 825//1570 824//1570 844//1570
f 825//1571 844//1571 842//1571
f 736//1572 790//1572 936//1572
f 936//1573 790//1573 792//1573
f 936//1574 792//1574 937//1574
f 937//1575 792//1575 794//1575
f 937//1576 794//1576 938//1576
f 938//1577 794//1577 796//1577
f 938//1578 796//1578 939//1578
f 939//1579 796//1579 798//1579
f 939//1580 798//1580 940//1580
f 940//1581 798//1581 800//1581
f 940//1582 800//1582 941//1582
f 941//1583 800//1583 802//1583
f 941//1584 802//1584 942//1584
f 942//1585 802//1585 804//1585
f 942//1586 804//1586 807//1586
f 807//1587 804//1587 806//1587
f 773//1588 902//1588 774//1588
f 774//1589 902//1589 943//1589
f 774//1590 943//1590 776//1590
f 776//1591 943//1591 944//1591
f 776//1592 944//1592 778//1592
f 778//1593 944//1593 945//1593
f 778//1594 945//1594 780//1594
f 780//1595 945//1595 946//1595
f 780//1596 946//1596 758//1596
f 758//1597 946//1597 759//1597
f 943//1598 902//1598 903//1598
f 775//1599 777//1599 905//1599
f 905//1600 777//1600 947//1600
f 905//1601 947//1601 906//1601
f 906//1602 947//1602 755//1602
f 906//1603 755//1603 754//1603
f 898//1604 900//1604 930//1604
f 930//1605 900//1605 683//1605
f 898//1606 930//1606 931//1606
f 898//1607 931//1607 896//1607
f 896//1608 931//1608 932//1608
f 896//1609 932//1609 894//1609
f 894//1610 932//1610 933//1610
f 894//1611 933//1611 892//1611
f 892//1612 933//1612 934//1612
f 892//1613 934//1613 891//1613
f 891//1614 934//1614 935//1614
f 891//1615 935//1615 890//1615
f 890//1616 935//1616 889//1616
f 755//1617 947//1617 756//1617
f 756//1618 947//1618 779//1618
f 756//1619 779//1619 757//1619
f 947//1620 777//1620 779//1620
f 943//1621 903//1621 948//1621
f 948//1622 903//1622 904//1622
f 948//1623 904//1623 949//1623
f 949//1624 904//1624 729//1624
f 949//1625 729//1625 727//1625
f 734//1626 936//1626 821//1626
f 821//1627 936//1627 937//1627
f 821//1628 937//1628 819//1628
f 819//1629 937//1629 938//1629
f 819//1630 938//1630 817//1630
f 817//1631 938//1631 939//1631
f 817//1632 939//1632 815//1632
f 815//1633 939//1633 940//1633
f 815//1634 940//1634 813//1634
f 813//1635 940//1635 941//1635
f 813//1636 941//1636 811//1636
f 811//1637 941//1637 942//1637
f 811//1638 942//1638 809//1638
f 809//1639 942//1639 807//1639
f 936//1640 734//1640 736//1640
f 825//1641 842//1641 826//1641
f 826//1642 842//1642 840//1642
f 826//1643 840//1643 827//1643
f 827//1644 840//1644 838//1644
f 827//1645 838//1645 828//1645
f 828//1646 838//1646 836//1646
f 828//1647 836//1647 829//1647
f 829//1648 836//1648 834//1648
f 829//1649 834//1649 830//1649
f 830//1650 834//1650 832//1650
f 830//1651 832//1651 831//1651
f 730//1652 732//1652 820//1652
f 943//1653 948//1653 944//1653
f 944//1654 948//1654 950//1654
f 944//1655 950//1655 945//1655
f 945//1656 950//1656 951//1656
f 945//1657 951//1657 946//1657
f 946//1658 951//1658 952//1658
f 946//1659 952//1659 759//1659
f 759//1660 952//1660 760//1660
f 950//1661 948//1661 949//1661
f 950//1662 949//1662 953//1662
f 953//1663 949//1663 727//1663
f 953//1664 727//1664 725//1664
f 730//1665 820//1665 954//1665
f 954//1666 820//1666 818//1666
f 954//1667 818//1667 955//1667
f 955//1668 818//1668 816//1668
f 955//1669 816//1669 956//1669
f 956//1670 816//1670 814//1670
f 956//1671 814//1671 957//1671
f 957//1672 814//1672 812//1672
f 957//1673 812//1673 958//1673
f 958//1674 812//1674 810//1674
f 958//1675 810//1675 860//1675
f 860//1676 810//1676 808//1676
f 730//1677 954//1677 728//1677
f 728//1678 954//1678 959//1678
f 728//1679 959//1679 726//1679
f 726//1680 959//1680 868//1680
f 959//1681 954//1681 955//1681
f 950//1682 953//1682 951//1682
f 951//1683 953//1683 960//1683
f 951//1684 960//1684 952//1684
f 952//1685 960//1685 961//1685
f 952//1686 961//1686 760//1686
f 760//1687 961//1687 761//1687
f 960//1688 953//1688 725//1688
f 959//1689 955//1689 962//1689
f 962//1690 955//1690 956//1690
f 962//1691 956//1691 963//1691
f 963//1692 956//1692 957//1692
f 963//1693 957//1693 964//1693
f 964//1694 957//1694 958//1694
f 964//1695 958//1695 861//1695
f 861//1696 958//1696 860//1696
f 961//1697 960//1697 723//1697
f 723//1698 960//1698 725//1698
f 866//1699 868//1699 962//1699
f 962//1700 868//1700 959//1700
f 866//1701 962//1701 963//1701
f 761//1702 961//1702 721//1702
f 721//1703 961//1703 723//1703
f 761//1704 721//1704 719//1704
f 720//1705 722//1705 870//1705
f 866//1706 963//1706 864//1706
f 864//1707 963//1707 964//1707
f 864//1708 964//1708 862//1708
f 862//1709 964//1709 861//1709
f 718//1710 720//1710 871//1710
f 871//1711 720//1711 870//1711
f 965//1712 966//1712 41//1712
f 41//1713 966//1713 967//1713
f 41//1714 967//1714 40//1714
f 40//1715 967//1715 968//1715
f 40//1716 968//1716 39//1716
f 39//1717 968//1717 969//1717
f 39//1718 969//1718 970//1718
f 970//1719 969//1719 971//1719
f 970//1720 971//1720 972//1720
f 972//1721 971//1721 973//1721
f 972//1722 973//1722 974//1722
f 974//1723 973//1723 975//1723
f 974//1724 975//1724 976//1724
f 976//1725 975//1725 977//1725
f 976//1726 977//1726 978//1726
f 978//1727 977//1727 979//1727
f 978//1728 979//1728 980//1728
f 980//1729 979//1729 981//1729
f 980//1730 981//1730 982//1730
f 982//1731 981//1731 983//1731
f 982//1732 983//1732 984//1732
f 984//1733 983//1733 985//1733
f 984//1734 985//1734 986//1734
f 986//1735 985//1735 987//1735
f 986//1736 987//1736 988//1736
f 988//1737 987//1737 989//1737
f 988//1738 989//1738 990//1738
f 990//1739 989//1739 991//1739
f 990//1740 991//1740 992//1740
f 992//1741 991//1741 993//1741
f 992//1742 993//1742 994//1742
f 994//1743 993//1743 995//1743
f 994//1744 995//1744 996//1744
f 996//1745 995//1745 997//1745
f 996//1746 997//1746 998//1746
f 998//1747 997//1747 999//1747
f 998//1748 999//1748 1000//1748
f 1000//1749 999//1749 1001//1749
f 1000//1750 1001//1750 1002//1750
f 1002//1751 1001//1751 1003//1751
f 1002//1752 1003//1752 1004//1752
f 1004//1753 1003//1753 1005//1753
f 1004//1754 1005//1754 1006//1754
f 1006//1755 1005//1755 1007//1755
f 1006//1756 1007//1756 1008//1756
f 1008//1757 1007//1757 1009//1757
f 1008//1758 1009//1758 1010//1758
f 1010//1759 1009//1759 1011//1759
f 1010//1760 1011//1760 1012//1760
f 1012//1761 1011//1761 1013//1761
f 1012//1762 1013//1762 1014//1762
f 1014//1763 1013//1763 1015//1763
f 1014//1764 1015//1764 1016//1764
f 1016//1765 1015//1765 1017//1765
f 1016//1766 1017//1766 1018//1766
f 1018//1767 1017//1767 1019//1767
f 1018//1768 1019//1768 1020//1768
f 1020//1769 1019//1769 14//1769
f 1020//1770 14//1770 15//1770
f 1021//1771 1022//1771 965//1771
f 965//1772 1022//1772 1023//1772
f 965//1773 1023//1773 966//1773
f 966//1774 1023//1774 967//1774
f 1022//1775 1021//1775 1024//1775
f 1024//1776 1021//1776 1025//1776
f 1024//1777 1025//1777 1026//1777
f 1024//1778 1026//1778 1027//1778
f 1027//1779 1026//1779 1028//1779
f 1027//1780 1028//1780 1029//1780
f 1029//1781 1028//1781 1030//1781
f 1029//1782 1030//1782 1031//1782
f 1031//1783 1030//1783 1032//1783
f 1031//1784 1032//1784 1033//1784
f 1034//1785 1035//1785 1033//1785
f 1033//1786 1035//1786 1036//1786
f 1033//1787 1036//1787 1031//1787
f 1031//1788 1036//1788 1037//1788
f 1031//1789 1037//1789 1038//1789
f 1038//1790 1037//1790 1039//1790
f 1038//1791 1039//1791 1040//1791
f 1040//1792 1039//1792 975//1792
f 1040//1793 975//1793 973//1793
f 1035//1794 1034//1794 1041//1794
f 1041//1795 1034//1795 1042//1795
f 1041//1796 1042//1796 1043//1796
f 1043//1797 1042//1797 1044//1797
f 1043//1798 1044//1798 1045//1798
f 1043//1799 1045//1799 1046//1799
f 1046//1800 1045//1800 1047//1800
f 1046//1801 1047//1801 1048//1801
f 1048//1802 1047//1802 1049//1802
f 1048//1803 1049//1803 1050//1803
f 1050//1804 1049//1804 1051//1804
f 1050//1805 1051//1805 1052//1805
f 1052//1806 1051//1806 1053//1806
f 1052//1807 1053//1807 1054//1807
f 1054//1808 1053//1808 1055//1808
f 1054//1809 1055//1809 1056//1809
f 1056//1810 1055//1810 1057//1810
f 1056//1811 1057//1811 1058//1811
f 1058//1812 1057//1812 1059//1812
f 1058//1813 1059//1813 1060//1813
f 1060//1814 1059//1814 1061//1814
f 1060//1815 1061//1815 1062//1815
f 1062//1816 1061//1816 1063//1816
f 1062//1817 1063//1817 1001//1817
f 1001//1818 1063//1818 1003//1818
f 1057//1819 1064//1819 1059//1819
f 1059//1820 1064//1820 1065//1820
f 1059//1821 1065//1821 1061//1821
f 1061//1822 1065//1822 1066//1822
f 1061//1823 1066//1823 1063//1823
f 1063//1824 1066//1824 1067//1824
f 1063//1825 1067//1825 1003//1825
f 1003//1826 1067//1826 1005//1826
f 1064//1827 1068//1827 1065//1827
f 1065//1828 1068//1828 1069//1828
f 1065//1829 1069//1829 1066//1829
f 1066//1830 1069//1830 1070//1830
f 1066//1831 1070//1831 1067//1831
f 1067//1832 1070//1832 1071//1832
f 1067//1833 1071//1833 1005//1833
f 1005//1834 1071//1834 1007//1834
f 1069//1835 1068//1835 1072//1835
f 1072//1836 1068//1836 1073//1836
f 1072//1837 1073//1837 1074//1837
f 1072//1838 1074//1838 1075//1838
f 1075//1839 1074//1839 1076//1839
f 1075//1840 1076//1840 1077//1840
f 1077//1841 1076//1841 1078//1841
f 1077//1842 1078//1842 1079//1842
f 1077//1843 1079//1843 1080//1843
f 1080//1844 1079//1844 1081//1844
f 1080//1845 1081//1845 1082//1845
f 1082//1846 1081//1846 1083//1846
f 1082//1847 1083//1847 1084//1847
f 1082//1848 1084//1848 1085//1848
f 1085//1849 1084//1849 3//1849
f 1085//1850 3//1850 11//1850
f 11//1851 12//1851 1085//1851
f 1085//1852 12//1852 1086//1852
f 1085//1853 1086//1853 1087//1853
f 1087//1854 1086//1854 1088//1854
f 1087//1855 1088//1855 1089//1855
f 1089//1856 1088//1856 1015//1856
f 1089//1857 1015//1857 1013//1857
f 1086//1858 12//1858 1090//1858
f 1090//1859 12//1859 13//1859
f 1090//1860 13//1860 1019//1860
f 1019//1861 13//1861 14//1861
f 1020//1862 15//1862 1091//1862
f 1091//1863 15//1863 16//1863
f 1091//1864 16//1864 1092//1864
f 1092//1865 16//1865 17//1865
f 1092//1866 17//1866 1093//1866
f 1093//1867 17//1867 18//1867
f 1093//1868 18//1868 1094//1868
f 1094//1869 18//1869 19//1869
f 1094//1870 19//1870 20//1870
f 21//1871 1095//1871 20//1871
f 20//1872 1095//1872 1096//1872
f 20//1873 1096//1873 1094//1873
f 1094//1874 1096//1874 1093//1874
f 21//1875 22//1875 1095//1875
f 1095//1876 22//1876 1097//1876
f 1095//1877 1097//1877 1096//1877
f 1096//1878 1097//1878 1098//1878
f 1096//1879 1098//1879 1099//1879
f 1099//1880 1098//1880 1100//1880
f 1099//1881 1100//1881 1101//1881
f 1101//1882 1100//1882 1102//1882
f 1101//1883 1102//1883 1016//1883
f 1016//1884 1102//1884 1014//1884
f 1097//1885 22//1885 1103//1885
f 1103//1886 22//1886 23//1886
f 1103//1887 23//1887 1104//1887
f 1104//1888 23//1888 1105//1888
f 1104//1889 1105//1889 1106//1889
f 1106//1890 1105//1890 25//1890
f 1106//1891 25//1891 1107//1891
f 1107//1892 25//1892 26//1892
f 1107//1893 26//1893 1108//1893
f 1108//1894 26//1894 1109//1894
f 1108//1895 1109//1895 1110//1895
f 1110//1896 1109//1896 1111//1896
f 1110//1897 1111//1897 1112//1897
f 1112//1898 1111//1898 1113//1898
f 1112//1899 1113//1899 1114//1899
f 1114//1900 1113//1900 1115//1900
f 1114//1901 1115//1901 1116//1901
f 1116//1902 1115//1902 1117//1902
f 1116//1903 1117//1903 1118//1903
f 1118//1904 1117//1904 1119//1904
f 1118//1905 1119//1905 1006//1905
f 1006//1906 1119//1906 1004//1906
f 23//1907 24//1907 1105//1907
f 1105//1908 24//1908 25//1908
f 27//1909 1120//1909 26//1909
f 26//1910 1120//1910 1121//1910
f 26//1911 1121//1911 1109//1911
f 1109//1912 1121//1912 1111//1912
f 1120//1913 27//1913 1122//1913
f 1122//1914 27//1914 28//1914
f 1122//1915 28//1915 1123//1915
f 1123//1916 28//1916 29//1916
f 1123//1917 29//1917 1124//1917
f 1124//1918 29//1918 30//1918
f 1124//1919 30//1919 1125//1919
f 1125//1920 30//1920 31//1920
f 1125//1921 31//1921 1126//1921
f 1126//1922 31//1922 1127//1922
f 1126//1923 1127//1923 1128//1923
f 1128//1924 1127//1924 1129//1924
f 1128//1925 1129//1925 1130//1925
f 1130//1926 1129//1926 1131//1926
f 1130//1927 1131//1927 1132//1927
f 1132//1928 1131//1928 1133//1928
f 1132//1929 1133//1929 1134//1929
f 1134//1930 1133//1930 1135//1930
f 1134//1931 1135//1931 1136//1931
f 1136//1932 1135//1932 1137//1932
f 1136//1933 1137//1933 990//1933
f 990//1934 1137//1934 988//1934
f 31//1935 32//1935 1127//1935
f 1127//1936 32//1936 1138//1936
f 1127//1937 1138//1937 1129//1937
f 1129//1938 1138//1938 1139//1938
f 1129//1939 1139//1939 1131//1939
f 1131//1940 1139//1940 1140//1940
f 1131//1941 1140//1941 1133//1941
f 1133//1942 1140//1942 1141//1942
f 1133//1943 1141//1943 1135//1943
f 1135//1944 1141//1944 1142//1944
f 1135//1945 1142//1945 1137//1945
f 1137//1946 1142//1946 1143//1946
f 1137//1947 1143//1947 988//1947
f 988//1948 1143//1948 986//1948
f 32//1949 33//1949 1138//1949
f 1138//1950 33//1950 1144//1950
f 1138//1951 1144//1951 1139//1951
f 1139//1952 1144//1952 1145//1952
f 1139//1953 1145//1953 1140//1953
f 1140//1954 1145//1954 1146//1954
f 1140//1955 1146//1955 1141//1955
f 1141//1956 1146//1956 1147//1956
f 1141//1957 1147//1957 1142//1957
f 1142//1958 1147//1958 1148//1958
f 1142//1959 1148//1959 1143//1959
f 1143//1960 1148//1960 1149//1960
f 1143//1961 1149//1961 986//1961
f 986//1962 1149//1962 984//1962
f 33//1963 34//1963 1144//1963
f 1144//1964 34//1964 1145//1964
f 35//1965 1150//1965 34//1965
f 34//1966 1150//1966 1151//1966
f 34//1967 1151//1967 1145//1967
f 1145//1968 1151//1968 1146//1968
f 36//1969 1152//1969 35//1969
f 35//1970 1152//1970 1153//1970
f 35//1971 1153//1971 1154//1971
f 1154//1972 1153//1972 1155//1972
f 1154//1973 1155//1973 1156//1973
f 1156//1974 1155//1974 1157//1974
f 1156//1975 1157//1975 1148//1975
f 1148//1976 1157//1976 1149//1976
f 1152//1977 36//1977 1158//1977
f 1158//1978 36//1978 37//1978
f 1158//1979 37//1979 1159//1979
f 1159//1980 37//1980 38//1980
f 1159//1981 38//1981 1160//1981
f 1160//1982 38//1982 39//1982
f 1160//1983 39//1983 970//1983
f 1085//1984 1087//1984 1082//1984
f 1082//1985 1087//1985 1161//1985
f 1082//1986 1161//1986 1080//1986
f 1080//1987 1161//1987 1162//1987
f 1080//1988 1162//1988 1077//1988
f 1077//1989 1162//1989 1163//1989
f 1077//1990 1163//1990 1075//1990
f 1075//1991 1163//1991 1164//1991
f 1075//1992 1164//1992 1072//1992
f 1072//1993 1164//1993 1070//1993
f 1072//1994 1070//1994 1069//1994
f 1056//1995 1058//1995 1165//1995
f 1165//1996 1058//1996 1060//1996
f 1165//1997 1060//1997 1166//1997
f 1166//1998 1060//1998 1062//1998
f 1166//1999 1062//1999 999//1999
f 999//2000 1062//2000 1001//2000
f 1054//2001 1056//2001 1167//2001
f 1167//2002 1056//2002 1165//2002
f 1167//2003 1165//2003 1168//2003
f 1168//2004 1165//2004 1166//2004
f 1168//2005 1166//2005 997//2005
f 997//2006 1166//2006 999//2006
f 1052//2007 1054//2007 1169//2007
f 1169//2008 1054//2008 1167//2008
f 1169//2009 1167//2009 1170//2009
f 1170//2010 1167//2010 1168//2010
f 1170//2011 1168//2011 995//2011
f 995//2012 1168//2012 997//2012
f 1050//2013 1052//2013 1171//2013
f 1171//2014 1052//2014 1169//2014
f 1171//2015 1169//2015 1172//2015
f 1172//2016 1169//2016 1170//2016
f 1172//2017 1170//2017 993//2017
f 993//2018 1170//2018 995//2018
f 1048//2019 1050//2019 1173//2019
f 1173//2020 1050//2020 1171//2020
f 1173//2021 1171//2021 1174//2021
f 1174//2022 1171//2022 1172//2022
f 1174//2023 1172//2023 991//2023
f 991//2024 1172//2024 993//2024
f 1046//2025 1048//2025 1175//2025
f 1175//2026 1048//2026 1173//2026
f 1175//2027 1173//2027 1176//2027
f 1176//2028 1173//2028 1174//2028
f 1176//2029 1174//2029 989//2029
f 989//2030 1174//2030 991//2030
f 1043//2031 1046//2031 1177//2031
f 1177//2032 1046//2032 1175//2032
f 1177//2033 1175//2033 1178//2033
f 1178//2034 1175//2034 1176//2034
f 1178//2035 1176//2035 987//2035
f 987//2036 1176//2036 989//2036
f 1041//2037 1043//2037 1179//2037
f 1179//2038 1043//2038 1177//2038
f 1179//2039 1177//2039 1180//2039
f 1180//2040 1177//2040 1178//2040
f 1180//2041 1178//2041 985//2041
f 985//2042 1178//2042 987//2042
f 1035//2043 1041//2043 1181//2043
f 1181//2044 1041//2044 1179//2044
f 1181//2045 1179//2045 1182//2045
f 1182//2046 1179//2046 1180//2046
f 1182//2047 1180//2047 983//2047
f 983//2048 1180//2048 985//2048
f 1036//2049 1035//2049 1183//2049
f 1183//2050 1035//2050 1181//2050
f 1183//2051 1181//2051 1184//2051
f 1184//2052 1181//2052 1182//2052
f 1184//2053 1182//2053 981//2053
f 981//2054 1182//2054 983//2054
f 1031//2055 1038//2055 1029//2055
f 1029//2056 1038//2056 1185//2056
f 1029//2057 1185//2057 1027//2057
f 1027//2058 1185//2058 1186//2058
f 1027//2059 1186//2059 1024//2059
f 1024//2060 1186//2060 1187//2060
f 1024//2061 1187//2061 1022//2061
f 1022//2062 1187//2062 1188//2062
f 1022//2063 1188//2063 1023//2063
f 1023//2064 1188//2064 967//2064
f 1087//2065 1089//2065 1161//2065
f 1161//2066 1089//2066 1189//2066
f 1161//2067 1189//2067 1162//2067
f 1162//2068 1189//2068 1190//2068
f 1162//2069 1190//2069 1163//2069
f 1163//2070 1190//2070 1191//2070
f 1163//2071 1191//2071 1164//2071
f 1164//2072 1191//2072 1071//2072
f 1164//2073 1071//2073 1070//2073
f 1036//2074 1183//2074 1037//2074
f 1037//2075 1183//2075 1192//2075
f 1037//2076 1192//2076 1039//2076
f 1039//2077 1192//2077 977//2077
f 1039//2078 977//2078 975//2078
f 1192//2079 1183//2079 1184//2079
f 1038//2080 1040//2080 1185//2080
f 1185//2081 1040//2081 1193//2081
f 1185//2082 1193//2082 1186//2082
f 1186//2083 1193//2083 1194//2083
f 1186//2084 1194//2084 1187//2084
f 1187//2085 1194//2085 1195//2085
f 1187//2086 1195//2086 1188//2086
f 1188//2087 1195//2087 968//2087
f 1188//2088 968//2088 967//2088
f 1086//2089 1090//2089 1088//2089
f 1088//2090 1090//2090 1017//2090
f 1088//2091 1017//2091 1015//2091
f 1019//2092 1017//2092 1090//2092
f 1089//2093 1013//2093 1189//2093
f 1189//2094 1013//2094 1011//2094
f 1189//2095 1011//2095 1190//2095
f 1190//2096 1011//2096 1009//2096
f 1190//2097 1009//2097 1191//2097
f 1191//2098 1009//2098 1007//2098
f 1191//2099 1007//2099 1071//2099
f 981//2100 979//2100 1184//2100
f 1184//2101 979//2101 1192//2101
f 979//2102 977//2102 1192//2102
f 1040//2103 973//2103 1193//2103
f 1193//2104 973//2104 971//2104
f 1193//2105 971//2105 1194//2105
f 1194//2106 971//2106 969//2106
f 1194//2107 969//2107 1195//2107
f 1195//2108 969//2108 968//2108
f 1101//2109 1016//2109 1018//2109
f 1091//2110 1092//2110 1020//2110
f 1020//2111 1092//2111 1018//2111
f 1012//2112 1014//2112 1196//2112
f 1196//2113 1014//2113 1102//2113
f 1196//2114 1102//2114 1197//2114
f 1197//2115 1102//2115 1100//2115
f 1197//2116 1100//2116 1198//2116
f 1198//2117 1100//2117 1098//2117
f 1198//2118 1098//2118 1199//2118
f 1199//2119 1098//2119 1097//2119
f 1199//2120 1097//2120 1104//2120
f 1104//2121 1097//2121 1103//2121
f 1010//2122 1012//2122 1200//2122
f 1200//2123 1012//2123 1196//2123
f 1200//2124 1196//2124 1201//2124
f 1201//2125 1196//2125 1197//2125
f 1201//2126 1197//2126 1202//2126
f 1202//2127 1197//2127 1198//2127
f 1202//2128 1198//2128 1203//2128
f 1203//2129 1198//2129 1199//2129
f 1203//2130 1199//2130 1204//2130
f 1204//2131 1199//2131 1104//2131
f 1204//2132 1104//2132 1106//2132
f 1118//2133 1006//2133 1008//2133
f 1008//2134 1010//2134 1205//2134
f 1205//2135 1010//2135 1200//2135
f 1205//2136 1200//2136 1206//2136
f 1206//2137 1200//2137 1201//2137
f 1206//2138 1201//2138 1207//2138
f 1207//2139 1201//2139 1202//2139
f 1207//2140 1202//2140 1208//2140
f 1208//2141 1202//2141 1203//2141
f 1208//2142 1203//2142 1209//2142
f 1209//2143 1203//2143 1204//2143
f 1209//2144 1204//2144 1107//2144
f 1107//2145 1204//2145 1106//2145
f 1002//2146 1004//2146 1210//2146
f 1210//2147 1004//2147 1119//2147
f 1210//2148 1119//2148 1211//2148
f 1211//2149 1119//2149 1117//2149
f 1211//2150 1117//2150 1212//2150
f 1212//2151 1117//2151 1115//2151
f 1212//2152 1115//2152 1213//2152
f 1213//2153 1115//2153 1113//2153
f 1213//2154 1113//2154 1214//2154
f 1214//2155 1113//2155 1111//2155
f 1214//2156 1111//2156 1121//2156
f 1000//2157 1002//2157 1215//2157
f 1215//2158 1002//2158 1210//2158
f 1215//2159 1210//2159 1216//2159
f 1216//2160 1210//2160 1211//2160
f 1216//2161 1211//2161 1217//2161
f 1217//2162 1211//2162 1212//2162
f 1217//2163 1212//2163 1218//2163
f 1218//2164 1212//2164 1213//2164
f 1218//2165 1213//2165 1219//2165
f 1219//2166 1213//2166 1214//2166
f 1219//2167 1214//2167 1120//2167
f 1120//2168 1214//2168 1121//2168
f 998//2169 1000//2169 1220//2169
f 1220//2170 1000//2170 1215//2170
f 1220//2171 1215//2171 1221//2171
f 1221//2172 1215//2172 1216//2172
f 1221//2173 1216//2173 1222//2173
f 1222//2174 1216//2174 1217//2174
f 1222//2175 1217//2175 1223//2175
f 1223//2176 1217//2176 1218//2176
f 1223//2177 1218//2177 1224//2177
f 1224//2178 1218//2178 1219//2178
f 1224//2179 1219//2179 1122//2179
f 1122//2180 1219//2180 1120//2180
f 996//2181 998//2181 1225//2181
f 1225//2182 998//2182 1220//2182
f 1225//2183 1220//2183 1226//2183
f 1226//2184 1220//2184 1221//2184
f 1226//2185 1221//2185 1227//2185
f 1227//2186 1221//2186 1222//2186
f 1227//2187 1222//2187 1228//2187
f 1228//2188 1222//2188 1223//2188
f 1228//2189 1223//2189 1229//2189
f 1229//2190 1223//2190 1224//2190
f 1229//2191 1224//2191 1123//2191
f 1123//2192 1224//2192 1122//2192
f 994//2193 996//2193 1230//2193
f 1230//2194 996//2194 1225//2194
f 1230//2195 1225//2195 1231//2195
f 1231//2196 1225//2196 1226//2196
f 1231//2197 1226//2197 1232//2197
f 1232//2198 1226//2198 1227//2198
f 1232//2199 1227//2199 1233//2199
f 1233//2200 1227//2200 1228//2200
f 1233//2201 1228//2201 1234//2201
f 1234//2202 1228//2202 1229//2202
f 1234//2203 1229//2203 1124//2203
f 1124//2204 1229//2204 1123//2204
f 1136//2205 990//2205 992//2205
f 992//2206 994//2206 1235//2206
f 1235//2207 994//2207 1230//2207
f 1235//2208 1230//2208 1236//2208
f 1236//2209 1230//2209 1231//2209
f 1236//2210 1231//2210 1237//2210
f 1237//2211 1231//2211 1232//2211
f 1237//2212 1232//2212 1238//2212
f 1238//2213 1232//2213 1233//2213
f 1238//2214 1233//2214 1239//2214
f 1239//2215 1233//2215 1234//2215
f 1239//2216 1234//2216 1125//2216
f 1125//2217 1234//2217 1124//2217
f 982//2218 984//2218 1240//2218
f 1240//2219 984//2219 1149//2219
f 1240//2220 1149//2220 1157//2220
f 980//2221 982//2221 1241//2221
f 1241//2222 982//2222 1240//2222
f 1241//2223 1240//2223 1242//2223
f 1242//2224 1240//2224 1157//2224
f 1242//2225 1157//2225 1155//2225
f 978//2226 980//2226 1243//2226
f 1243//2227 980//2227 1241//2227
f 1243//2228 1241//2228 1244//2228
f 1244//2229 1241//2229 1242//2229
f 1244//2230 1242//2230 1245//2230
f 1245//2231 1242//2231 1155//2231
f 1245//2232 1155//2232 1153//2232
f 976//2233 978//2233 1246//2233
f 1246//2234 978//2234 1243//2234
f 1246//2235 1243//2235 1247//2235
f 1247//2236 1243//2236 1244//2236
f 1247//2237 1244//2237 1248//2237
f 1248//2238 1244//2238 1245//2238
f 1248//2239 1245//2239 1152//2239
f 1152//2240 1245//2240 1153//2240
f 974//2241 976//2241 1249//2241
f 1249//2242 976//2242 1246//2242
f 1249//2243 1246//2243 1250//2243
f 1250//2244 1246//2244 1247//2244
f 1250//2245 1247//2245 1158//2245
f 1158//2246 1247//2246 1248//2246
f 1158//2247 1248//2247 1152//2247
f 1160//2248 970//2248 972//2248
f 972//2249 974//2249 1160//2249
f 1160//2250 974//2250 1249//2250
f 1160//2251 1249//2251 1159//2251
f 1159//2252 1249//2252 1250//2252
f 1159//2253 1250//2253 1158//2253
f 1099//2254 1101//2254 1092//2254
f 1092//2255 1101//2255 1018//2255
f 1116//2256 1118//2256 1205//2256
f 1205//2257 1118//2257 1008//2257
f 1116//2258 1205//2258 1206//2258
f 1134//2259 1136//2259 1235//2259
f 1235//2260 1136//2260 992//2260
f 1134//2261 1235//2261 1236//2261
f 1096//2262 1099//2262 1093//2262
f 1093//2263 1099//2263 1092//2263
f 1114//2264 1116//2264 1206//2264
f 1114//2265 1206//2265 1207//2265
f 1132//2266 1134//2266 1236//2266
f 1132//2267 1236//2267 1237//2267
f 1156//2268 1148//2268 1147//2268
f 1112//2269 1114//2269 1207//2269
f 1112//2270 1207//2270 1208//2270
f 1130//2271 1132//2271 1237//2271
f 1130//2272 1237//2272 1238//2272
f 1156//2273 1147//2273 1251//2273
f 1251//2274 1147//2274 1146//2274
f 1251//2275 1146//2275 1151//2275
f 1110//2276 1112//2276 1208//2276
f 1110//2277 1208//2277 1209//2277
f 1128//2278 1130//2278 1238//2278
f 1128//2279 1238//2279 1239//2279
f 1156//2280 1251//2280 1154//2280
f 1154//2281 1251//2281 1150//2281
f 1154//2282 1150//2282 35//2282
f 1150//2283 1251//2283 1151//2283
f 1108//2284 1110//2284 1209//2284
f 1108//2285 1209//2285 1107//2285
f 1126//2286 1128//2286 1239//2286
f 1126//2287 1239//2287 1125//2287
f 965//2288 41//2288 1252//2288
f 1252//2289 41//2289 42//2289
f 1252//2290 42//2290 313//2290
f 1252//2291 313//2291 1253//2291
f 1253//2292 313//2292 311//2292
f 1253//2293 311//2293 1254//2293
f 1254//2294 311//2294 310//2294
f 1254//2295 310//2295 308//2295
f 1254//2296 308//2296 1255//2296
f 1255//2297 308//2297 299//2297
f 1255//2298 299//2298 1256//2298
f 1256//2299 299//2299 291//2299
f 1256//2300 291//2300 283//2300
f 1256//2301 283//2301 1257//2301
f 1257//2302 283//2302 275//2302
f 1257//2303 275//2303 1258//2303
f 1258//2304 275//2304 1259//2304
f 1258//2305 1259//2305 1033//2305
f 1033//2306 1259//2306 1034//2306
f 1034//2307 1259//2307 1260//2307
f 1034//2308 1260//2308 1042//2308
f 1042//2309 1260//2309 1044//2309
f 1044//2310 1260//2310 1261//2310
f 1044//2311 1261//2311 1045//2311
f 1045//2312 1261//2312 1262//2312
f 1045//2313 1262//2313 1047//2313
f 1047//2314 1262//2314 1049//2314
f 1049//2315 1262//2315 1263//2315
f 1049//2316 1263//2316 1051//2316
f 1051//2317 1263//2317 1264//2317
f 1051//2318 1264//2318 1053//2318
f 1053//2319 1264//2319 1265//2319
f 1053//2320 1265//2320 1055//2320
f 1055//2321 1265//2321 1266//2321
f 1055//2322 1266//2322 1057//2322
f 1057//2323 1266//2323 1267//2323
f 1057//2324 1267//2324 1064//2324
f 1064//2325 1267//2325 1068//2325
f 1068//2326 1267//2326 1268//2326
f 1068//2327 1268//2327 1073//2327
f 1073//2328 1268//2328 1074//2328
f 1074//2329 1268//2329 1269//2329
f 1074//2330 1269//2330 1076//2330
f 1076//2331 1269//2331 1270//2331
f 1076//2332 1270//2332 1078//2332
f 1078//2333 1270//2333 1079//2333
f 1079//2334 1270//2334 1271//2334
f 1079//2335 1271//2335 1081//2335
f 1081//2336 1271//2336 1272//2336
f 1081//2337 1272//2337 1083//2337
f 1083//2338 1272//2338 1273//2338
f 1083//2339 1273//2339 1084//2339
f 1084//2340 1273//2340 1274//2340
f 1084//2341 1274//2341 3//2341
f 3//2342 1274//2342 2//2342
f 2//2343 1274//2343 96//2343
f 96//2344 1274//2344 1273//2344
f 96//2345 1273//2345 98//2345
f 98//2346 1273//2346 1272//2346
f 98//2347 1272//2347 100//2347
f 100//2348 1272//2348 102//2348
f 102//2349 1272//2349 1271//2349
f 102//2350 1271//2350 103//2350
f 103//2351 1271//2351 1270//2351
f 103//2352 1270//2352 105//2352
f 105//2353 1270//2353 107//2353
f 107//2354 1270//2354 1269//2354
f 107//2355 1269//2355 108//2355
f 108//2356 1269//2356 1268//2356
f 108//2357 1268//2357 110//2357
f 110//2358 1268//2358 112//2358
f 112//2359 1268//2359 1267//2359
f 112//2360 1267//2360 114//2360
f 114//2361 1267//2361 116//2361
f 116//2362 1267//2362 1266//2362
f 116//2363 1266//2363 118//2363
f 118//2364 1266//2364 1265//2364
f 118//2365 1265//2365 120//2365
f 120//2366 1265//2366 1264//2366
f 120//2367 1264//2367 225//2367
f 225//2368 1264//2368 1263//2368
f 225//2369 1263//2369 233//2369
f 233//2370 1263//2370 1262//2370
f 233//2371 1262//2371 241//2371
f 241//2372 1262//2372 242//2372
f 242//2373 1262//2373 1261//2373
f 242//2374 1261//2374 257//2374
f 257//2375 1261//2375 1260//2375
f 257//2376 1260//2376 258//2376
f 258//2377 1260//2377 260//2377
f 260//2378 1260//2378 1259//2378
f 260//2379 1259//2379 275//2379
f 1258//2380 1033//2380 1257//2380
f 1257//2381 1033//2381 1032//2381
f 1257//2382 1032//2382 1256//2382
f 1256//2383 1032//2383 1030//2383
f 1256//2384 1030//2384 1028//2384
f 1256//2385 1028//2385 1255//2385
f 1255//2386 1028//2386 1026//2386
f 1255//2387 1026//2387 1254//2387
f 1254//2388 1026//2388 1025//2388
f 1254//2389 1025//2389 1021//2389
f 1254//2390 1021//2390 1253//2390
f 1253//2391 1021//2391 965//2391
f 1253//2392 965//2392 1252//2392
f 346//2393 52//2393 1275//2393
f 1275//2394 52//2394 53//2394
f 1275//2395 53//2395 850//2395
f 1275//2396 850//2396 1276//2396
f 1276//2397 850//2397 847//2397
f 1276//2398 847//2398 1277//2398
f 1277//2399 847//2399 848//2399
f 1277//2400 848//2400 849//2400
f 1277//2401 849//2401 1278//2401
f 1278//2402 849//2402 822//2402
f 1278//2403 822//2403 1279//2403
f 1279//2404 822//2404 788//2404
f 1279//2405 788//2405 740//2405
f 1279//2406 740//2406 1280//2406
f 1280//2407 740//2407 739//2407
f 1280//2408 739//2408 1281//2408
f 1281//2409 739//2409 786//2409
f 1281//2410 786//2410 1282//2410
f 1282//2411 786//2411 1283//2411
f 1282//2412 1283//2412 168//2412
f 168//2413 1283//2413 166//2413
f 166//2414 1283//2414 164//2414
f 164//2415 1283//2415 1284//2415
f 164//2416 1284//2416 162//2416
f 162//2417 1284//2417 1285//2417
f 162//2418 1285//2418 160//2418
f 160//2419 1285//2419 158//2419
f 158//2420 1285//2420 1286//2420
f 158//2421 1286//2421 156//2421
f 156//2422 1286//2422 1287//2422
f 156//2423 1287//2423 155//2423
f 155//2424 1287//2424 1288//2424
f 155//2425 1288//2425 351//2425
f 351//2426 1288//2426 1289//2426
f 351//2427 1289//2427 353//2427
f 353//2428 1289//2428 1290//2428
f 353//2429 1290//2429 355//2429
f 355//2430 1290//2430 357//2430
f 357//2431 1290//2431 1291//2431
f 357//2432 1291//2432 359//2432
f 359//2433 1291//2433 361//2433
f 361//2434 1291//2434 1292//2434
f 361//2435 1292//2435 363//2435
f 363//2436 1292//2436 1293//2436
f 363//2437 1293//2437 364//2437
f 364//2438 1293//2438 366//2438
f 366//2439 1293//2439 1294//2439
f 366//2440 1294//2440 368//2440
f 368//2441 1294//2441 1295//2441
f 368//2442 1295//2442 369//2442
f 369//2443 1295//2443 1296//2443
f 369//2444 1296//2444 371//2444
f 371//2445 1296//2445 1297//2445
f 371//2446 1297//2446 373//2446
f 373//2447 1297//2447 87//2447
f 87//2448 1297//2448 86//2448
f 86//2449 1297//2449 679//2449
f 679//2450 1297//2450 680//2450
f 680//2451 1297//2451 1296//2451
f 680//2452 1296//2452 1295//2452
f 786//2453 781//2453 1283//2453
f 1283//2454 781//2454 771//2454
f 1283//2455 771//2455 1284//2455
f 1284//2456 771//2456 770//2456
f 1284//2457 770//2457 1285//2457
f 1285//2458 770//2458 769//2458
f 1285//2459 769//2459 767//2459
f 1285//2460 767//2460 1286//2460
f 1286//2461 767//2461 765//2461
f 1286//2462 765//2462 1287//2462
f 1287//2463 765//2463 763//2463
f 1287//2464 763//2464 1288//2464
f 1288//2465 763//2465 752//2465
f 1288//2466 752//2466 1289//2466
f 1289//2467 752//2467 741//2467
f 1289//2468 741//2468 1290//2468
f 1290//2469 741//2469 694//2469
f 1290//2470 694//2470 692//2470
f 1290//2471 692//2471 1291//2471
f 1291//2472 692//2472 691//2472
f 1291//2473 691//2473 689//2473
f 1291//2474 689//2474 1292//2474
f 1292//2475 689//2475 687//2475
f 1292//2476 687//2476 1293//2476
f 1293//2477 687//2477 686//2477
f 1293//2478 686//2478 684//2478
f 1293//2479 684//2479 1294//2479
f 1294//2480 684//2480 682//2480
f 1294//2481 682//2481 1295//2481
f 1295//2482 682//2482 680//2482
f 168//2483 170//2483 1282//2483
f 1282//2484 170//2484 1281//2484
f 1281//2485 170//2485 1280//2485
f 1280//2486 170//2486 172//2486
f 1280//2487 172//2487 1279//2487
f 1279//2488 172//2488 174//2488
f 1279//2489 174//2489 176//2489
f 1279//2490 176//2490 1278//2490
f 1278//2491 176//2491 339//2491
f 1278//2492 339//2492 1277//2492
f 1277//2493 339//2493 349//2493
f 1277//2494 349//2494 348//2494
f 1277//2495 348//2495 1276//2495
f 1276//2496 348//2496 346//2496
f 1276//2497 346//2497 1275//2497
