# Blender 4.2.3 LTS
# www.blender.org
o link_6__m0
v -0.041157 0.031739 1.261000
v -0.039639 0.032792 1.261000
v -0.038000 0.035458 1.261000
v -0.035216 0.037502 1.261000
v -0.036815 0.036687 1.261000
v -0.035374 0.038078 1.261000
v -0.033555 0.039694 1.261000
v -0.030238 0.041620 1.261000
v -0.031718 0.041173 1.261000
v -0.027107 0.044345 1.261000
v -0.024784 0.045081 1.261000
v -0.022085 0.047048 1.261000
v -0.018938 0.047832 1.261000
v -0.016798 0.049185 1.261000
v -0.012794 0.049828 1.261000
v -0.011306 0.050728 1.261000
v -0.006448 0.051039 1.261000
v -0.005648 0.051667 1.261000
v 0.000000 0.051445 1.261000
v 0.000003 0.051974 1.261000
v 0.005697 0.051660 1.261000
v 0.006448 0.051039 1.261000
v 0.011312 0.050727 1.261000
v 0.012794 0.049828 1.261000
v 0.016797 0.049184 1.261000
v 0.018938 0.047832 1.261000
v 0.022085 0.047048 1.261000
v 0.024784 0.045081 1.261000
v 0.027112 0.044342 1.261000
v 0.030238 0.041620 1.261000
v 0.031749 0.041151 1.261000
v 0.033678 0.039586 1.261000
v 0.035216 0.037502 1.261000
v 0.035375 0.038077 1.261000
v 0.036815 0.036687 1.261000
v 0.038000 0.035458 1.261000
v 0.039639 0.032792 1.261000
v 0.041157 0.031739 1.261000
v 0.043436 0.027565 1.261000
v 0.043947 0.027748 1.261000
v 0.046351 0.023512 1.261000
v 0.046549 0.021904 1.261000
v 0.048345 0.019068 1.261000
v 0.048927 0.015897 1.261000
v 0.049927 0.014444 1.261000
v 0.050533 0.009640 1.261000
v 0.051059 0.009711 1.261000
v 0.051741 0.004888 1.261000
v 0.051343 0.003230 1.261000
v 0.051974 0.000021 1.261000
v 0.051343 -0.003230 1.261000
v 0.051747 -0.004851 1.261000
v 0.050533 -0.009640 1.261000
v 0.051063 -0.009692 1.261000
v 0.049938 -0.014404 1.261000
v 0.048927 -0.015897 1.261000
v 0.048368 -0.019021 1.261000
v 0.046549 -0.021904 1.261000
v 0.046371 -0.023476 1.261000
v 0.043436 -0.027565 1.261000
v 0.043959 -0.027728 1.261000
v 0.041161 -0.031734 1.261000
v 0.039639 -0.032792 1.261000
v 0.038005 -0.035450 1.261000
v 0.035216 -0.037502 1.261000
v 0.034177 -0.039156 1.261000
v 0.030238 -0.041620 1.261000
v 0.029993 -0.042446 1.261000
v 0.024784 -0.045081 1.261000
v 0.025492 -0.045293 1.261000
v 0.020719 -0.047666 1.261000
v 0.018938 -0.047832 1.261000
v 0.015725 -0.049538 1.261000
v 0.012794 -0.049828 1.261000
v 0.010577 -0.050885 1.261000
v 0.006448 -0.051039 1.261000
v 0.005321 -0.051700 1.261000
v 0.000000 -0.051445 1.261000
v 0.000001 -0.051974 1.261000
v -0.005320 -0.051700 1.261000
v -0.006448 -0.051039 1.261000
v -0.010576 -0.050886 1.261000
v -0.012794 -0.049828 1.261000
v -0.015724 -0.049538 1.261000
v -0.018938 -0.047832 1.261000
v -0.020718 -0.047666 1.261000
v -0.024784 -0.045081 1.261000
v -0.025491 -0.045293 1.261000
v -0.029982 -0.042453 1.261000
v -0.030238 -0.041620 1.261000
v -0.034164 -0.039165 1.261000
v -0.035216 -0.037502 1.261000
v -0.037992 -0.035465 1.261000
v -0.039639 -0.032792 1.261000
v -0.041162 -0.031733 1.261000
v -0.043436 -0.027565 1.261000
v -0.043960 -0.027728 1.261000
v -0.046369 -0.023478 1.261000
v -0.046549 -0.021904 1.261000
v -0.048369 -0.019020 1.261000
v -0.048927 -0.015897 1.261000
v -0.049938 -0.014410 1.261000
v -0.050533 -0.009640 1.261000
v -0.051066 -0.009669 1.261000
v -0.051747 -0.004850 1.261000
v -0.051343 -0.003230 1.261000
v -0.051974 0.000022 1.261000
v -0.051343 0.003230 1.261000
v -0.051743 0.004894 1.261000
v -0.050533 0.009640 1.261000
v -0.051063 0.009674 1.261000
v -0.049932 0.014413 1.261000
v -0.048927 0.015897 1.261000
v -0.048360 0.019033 1.261000
v -0.046549 0.021904 1.261000
v -0.046351 0.023513 1.261000
v -0.043436 0.027565 1.261000
v -0.043947 0.027748 1.261000
v 0.033226 0.043069 1.233291
v 0.029688 0.045049 1.235674
v 0.033223 0.043065 1.233316
v 0.029686 0.045044 1.235699
v 0.025932 0.046871 1.237847
v 0.025930 0.046866 1.237872
v 0.021963 0.048501 1.239763
v 0.021962 0.048496 1.239789
v 0.017789 0.049897 1.241404
v 0.017789 0.049901 1.241379
v 0.013522 0.051011 1.242649
v 0.013522 0.051015 1.242623
v 0.009109 0.051845 1.243498
v 0.009109 0.051840 1.243523
v 0.004581 0.052368 1.243974
v 0.004581 0.052363 1.244000
v 0.000000 0.052563 1.244030
v 0.000000 0.052559 1.244055
v -0.004581 0.052368 1.243974
v -0.004581 0.052363 1.244000
v -0.009109 0.051845 1.243498
v -0.009109 0.051841 1.243523
v -0.013522 0.051015 1.242623
v -0.013522 0.051011 1.242649
v -0.017789 0.049901 1.241379
v -0.017789 0.049897 1.241404
v -0.021963 0.048501 1.239763
v -0.021962 0.048496 1.239789
v -0.025932 0.046871 1.237847
v -0.025930 0.046866 1.237872
v -0.029688 0.045049 1.235674
v -0.029686 0.045044 1.235700
v -0.033223 0.043065 1.233316
v -0.033225 0.043070 1.233292
v -0.033450 0.042878 1.233087
v -0.033444 0.042889 1.233070
v -0.033711 0.043342 1.230624
v -0.033829 0.043294 1.230346
v -0.034369 0.042894 1.229656
v -0.034966 0.042412 1.229006
v -0.036602 0.040349 1.229638
v -0.039338 0.038018 1.227117
v -0.039454 0.038785 1.224364
v -0.041515 0.036159 1.224830
v -0.042647 0.036082 1.220904
v -0.044322 0.033563 1.221627
v -0.046011 0.032874 1.216798
v -0.047742 0.029938 1.217133
v -0.045746 0.032127 1.219849
v -0.048048 0.030666 1.213972
v -0.048543 0.029463 1.214803
v -0.049682 0.027574 1.214188
v -0.049015 0.029529 1.212516
v -0.050027 0.028273 1.210908
v -0.050879 0.027158 1.209482
v -0.051898 0.025744 1.207673
v -0.051255 0.025450 1.211537
v -0.050729 0.026541 1.211633
v -0.053093 0.023976 1.205409
v -0.052718 0.023293 1.208839
v -0.054394 0.021911 1.202765
v -0.054805 0.019865 1.204540
v -0.055867 0.019373 1.199518
v -0.057007 0.015809 1.199443
v -0.057589 0.016151 1.195393
v -0.058243 0.013317 1.196305
v -0.059046 0.013158 1.191563
v -0.059378 0.010882 1.193236
v -0.060079 0.010862 1.188624
v -0.060437 0.008436 1.190151
v -0.061078 0.008432 1.185514
v -0.062133 0.003905 1.184423
v -0.061900 0.006185 1.182638
v -0.062316 0.004881 1.180968
v -0.062782 0.001975 1.181315
v -0.062664 0.003679 1.179430
v -0.063022 0.001455 1.179357
v -0.063171 0.001569 1.176729
v -0.063407 0.000114 1.175529
v -0.063338 -0.000606 1.178702
v -0.063702 -0.002933 1.175739
v -0.063549 -0.000801 1.173695
v -0.063710 -0.003217 1.170604
v -0.063610 -0.005734 1.167382
v -0.063760 -0.007710 1.169626
v -0.063853 -0.005274 1.172748
v -0.063460 -0.007156 1.165915
v -0.063206 -0.008282 1.164121
v -0.063006 -0.010713 1.163948
v -0.063379 -0.010183 1.166445
v -0.062693 -0.012635 1.163277
v -0.062467 -0.010828 1.160862
v -0.062079 -0.012710 1.160105
v -0.061421 -0.013342 1.157644
v -0.061722 -0.015044 1.160153
v -0.060937 -0.015232 1.157054
v -0.060488 -0.017421 1.157058
v -0.060075 -0.015858 1.154424
v -0.059649 -0.018186 1.154750
v -0.058478 -0.018341 1.151246
v -0.058976 -0.019835 1.153904
v -0.057194 -0.022285 1.150692
v -0.057704 -0.019415 1.149871
v -0.056180 -0.021374 1.147363
v -0.054219 -0.023614 1.144497
v -0.054966 -0.024949 1.147187
v -0.052687 -0.027302 1.144079
v -0.052508 -0.025357 1.142265
v -0.052152 -0.027215 1.142955
v -0.051473 -0.026369 1.141050
v -0.050252 -0.029483 1.141184
v -0.050547 -0.027153 1.139967
v -0.049030 -0.030302 1.139751
v -0.048602 -0.028749 1.137925
v -0.048320 -0.031007 1.139150
v -0.047954 -0.029343 1.137363
v -0.046402 -0.032368 1.137327
v -0.046613 -0.030217 1.136045
v -0.044388 -0.031695 1.134153
v -0.044219 -0.033760 1.135452
v -0.042226 -0.032995 1.132490
v -0.042095 -0.034982 1.133798
v -0.039776 -0.034338 1.130770
v -0.039691 -0.036243 1.132083
v -0.036883 -0.035810 1.128887
v -0.036874 -0.037611 1.130211
v 0.033711 0.043342 1.230624
v 0.033441 0.042891 1.233073
v 0.033450 0.042878 1.233087
v 0.039783 0.037646 1.226659
v 0.036595 0.040385 1.229548
v 0.034971 0.042410 1.229003
v 0.039511 0.038738 1.224302
v 0.041508 0.036165 1.224838
v 0.044322 0.033563 1.221627
v 0.042721 0.036019 1.220824
v 0.046001 0.032883 1.216810
v 0.045736 0.032137 1.219862
v 0.046898 0.031436 1.216910
v 0.047683 0.030007 1.217218
v 0.048032 0.030684 1.213995
v 0.048997 0.029550 1.212544
v 0.049670 0.027590 1.214209
v 0.050018 0.028285 1.210925
v 0.051220 0.025499 1.211598
v 0.050876 0.027161 1.209486
v 0.051897 0.025746 1.207675
v 0.053093 0.023974 1.205407
v 0.052702 0.023315 1.208867
v 0.054410 0.021884 1.202731
v 0.054767 0.019929 1.204621
v 0.055858 0.019390 1.199539
v 0.055771 0.018138 1.202370
v 0.057032 0.015758 1.199377
v 0.057606 0.016116 1.195349
v 0.058326 0.013139 1.196081
v 0.059052 0.013145 1.191545
v 0.060079 0.010862 1.188624
v 0.059368 0.010904 1.193265
v 0.060430 0.008456 1.190176
v 0.061096 0.008383 1.185451
v 0.062132 0.003911 1.184432
v 0.062316 0.004881 1.180968
v 0.061882 0.006223 1.182687
v 0.062650 0.003424 1.180136
v 0.063338 -0.000606 1.178701
v 0.063162 0.001594 1.176761
v 0.063549 -0.000801 1.173695
v 0.063701 -0.002932 1.175739
v 0.063710 -0.003217 1.170604
v 0.063853 -0.005274 1.172748
v 0.063760 -0.007710 1.169626
v 0.063610 -0.005734 1.167382
v 0.063379 -0.010183 1.166445
v 0.063200 -0.008294 1.164105
v 0.062693 -0.012635 1.163278
v 0.062869 -0.009544 1.162438
v 0.062481 -0.010797 1.160900
v 0.062203 -0.013556 1.161300
v 0.061421 -0.013342 1.157644
v 0.061720 -0.015046 1.160150
v 0.060891 -0.015018 1.156726
v 0.060482 -0.017433 1.157042
v 0.058948 -0.019879 1.153846
v 0.060075 -0.015857 1.154425
v 0.059343 -0.017112 1.152956
v 0.058485 -0.018324 1.151268
v 0.058144 -0.021022 1.152349
v 0.057692 -0.019430 1.149852
v 0.057178 -0.022307 1.150663
v 0.054974 -0.024940 1.147199
v 0.052692 -0.027297 1.144085
v 0.050240 -0.029493 1.141170
v 0.052142 -0.027203 1.142927
v 0.054218 -0.023613 1.144497
v 0.048309 -0.031016 1.139139
v 0.048598 -0.028753 1.137919
v 0.050534 -0.027163 1.139953
v 0.046393 -0.032375 1.137318
v 0.046603 -0.030224 1.136036
v 0.044379 -0.031701 1.134146
v 0.044210 -0.033767 1.135444
v 0.043672 -0.033005 1.134218
v 0.042088 -0.034987 1.133792
v 0.042218 -0.032999 1.132484
v 0.039770 -0.034342 1.130766
v 0.039685 -0.036246 1.132078
v 0.036884 -0.035809 1.128888
v 0.036875 -0.037611 1.130211
v 0.051463 -0.026357 1.141023
v 0.062664 0.003679 1.179431
v 0.034371 0.042892 1.229654
v 0.033830 0.043293 1.230346
v -0.035385 -0.038060 1.129573
v -0.035411 -0.036277 1.128289
v -0.033467 -0.038596 1.128805
v -0.033491 -0.036847 1.127559
v -0.031604 -0.037365 1.126896
v -0.029434 -0.037916 1.126191
v -0.031576 -0.039084 1.128101
v -0.025224 -0.038850 1.124996
v -0.029377 -0.039602 1.127344
v -0.024900 -0.040513 1.125988
v -0.020329 -0.039739 1.123857
v -0.020313 -0.041257 1.124840
v -0.015327 -0.040440 1.122960
v -0.015311 -0.041863 1.123851
v -0.010253 -0.040947 1.122312
v -0.010240 -0.042268 1.123118
v -0.005137 -0.041254 1.121918
v -0.005131 -0.042466 1.122647
v 0.000000 -0.041358 1.121785
v 0.000000 -0.042456 1.122442
v 0.005136 -0.041254 1.121918
v 0.005131 -0.042466 1.122647
v 0.010252 -0.040947 1.122312
v 0.010240 -0.042268 1.123118
v 0.015327 -0.040440 1.122960
v 0.015311 -0.041863 1.123851
v 0.020329 -0.039739 1.123857
v 0.020313 -0.041257 1.124840
v 0.024900 -0.040513 1.125988
v 0.025224 -0.038850 1.124996
v 0.029377 -0.039602 1.127344
v 0.029435 -0.037916 1.126191
v 0.031576 -0.039083 1.128101
v 0.031604 -0.037365 1.126896
v 0.033491 -0.036847 1.127559
v 0.033467 -0.038596 1.128805
v 0.035411 -0.036277 1.128289
v 0.035385 -0.038060 1.129573
v -0.038057 -0.046112 1.134469
v -0.039136 -0.043922 1.133795
v -0.038112 -0.038803 1.128738
v -0.039278 -0.038313 1.129550
v -0.041293 -0.037255 1.130855
v -0.040348 -0.038502 1.130798
v -0.042616 -0.039129 1.133744
v -0.040134 -0.044058 1.134964
v -0.042268 -0.044522 1.137730
v -0.039609 -0.049570 1.139047
v -0.041918 -0.049794 1.141898
v -0.039736 -0.054562 1.143507
v -0.041591 -0.054721 1.145873
v -0.039647 -0.057185 1.145500
v -0.041433 -0.057269 1.147766
v -0.039606 -0.058578 1.146387
v -0.041358 -0.058622 1.148607
v -0.039568 -0.060100 1.147036
v -0.041290 -0.060100 1.149221
v -0.041197 -0.060700 1.149272
v -0.043219 -0.060100 1.151994
v -0.043996 -0.060700 1.153436
v -0.044962 -0.060100 1.154887
v -0.046378 -0.060700 1.157854
v -0.046597 -0.060100 1.158069
v -0.048007 -0.060100 1.161355
v -0.048147 -0.058913 1.160871
v -0.049679 -0.059012 1.165426
v -0.049856 -0.058019 1.164823
v -0.050975 -0.058200 1.169545
v -0.051383 -0.056496 1.168308
v -0.051877 -0.056701 1.171368
v -0.052758 -0.053591 1.168917
v -0.053110 -0.053971 1.172139
v -0.054090 -0.050830 1.169718
v -0.054297 -0.051393 1.173101
v -0.055305 -0.048373 1.170942
v -0.055355 -0.049121 1.174471
v -0.056471 -0.045965 1.172440
v -0.056349 -0.046935 1.176154
v -0.057468 -0.043938 1.174478
v -0.057139 -0.045137 1.178354
v -0.058242 -0.042327 1.177043
v -0.057655 -0.043769 1.181094
v -0.058716 -0.041171 1.180151
v -0.057803 -0.042857 1.184377
v -0.058703 -0.040712 1.183840
v -0.057392 -0.042604 1.188206
v -0.058203 -0.040671 1.187960
v -0.056425 -0.042741 1.192426
v -0.057312 -0.040531 1.192466
v -0.054394 -0.044336 1.196842
v -0.055409 -0.041639 1.197170
v -0.052174 -0.045121 1.201373
v -0.052760 -0.043353 1.201792
v -0.049327 -0.046171 1.205916
v -0.049816 -0.044285 1.206627
v -0.046085 -0.046633 1.210726
v -0.042103 -0.048940 1.214596
v -0.042183 -0.048093 1.215105
v -0.038000 -0.050463 1.218795
v -0.042254 -0.047209 1.215708
v -0.046289 -0.045304 1.211492
v -0.046392 -0.044329 1.212195
v -0.050121 -0.042771 1.207454
v -0.050328 -0.041250 1.208558
v -0.053626 -0.040054 1.203241
v -0.053916 -0.038271 1.204520
v -0.056731 -0.037137 1.198868
v -0.057072 -0.035250 1.200194
v -0.059606 -0.032947 1.195036
v -0.061751 -0.029725 1.190374
v -0.063259 -0.026996 1.185289
v -0.063524 -0.025625 1.186130
v -0.064415 -0.023569 1.180523
v -0.064698 -0.022052 1.181403
v -0.065126 -0.020071 1.175748
v -0.065419 -0.018402 1.176663
v -0.065435 -0.016519 1.170984
v -0.065731 -0.014694 1.171936
v -0.065386 -0.012895 1.166206
v -0.065679 -0.010910 1.167194
v -0.065628 -0.010328 1.166356
v -0.065895 -0.009054 1.168418
v -0.065972 -0.008190 1.169105
v -0.065949 -0.012985 1.173101
v -0.066086 -0.011420 1.174460
v -0.065768 -0.015397 1.179053
v -0.065825 -0.014099 1.180481
v -0.065083 -0.018119 1.184994
v -0.065062 -0.017058 1.186433
v -0.063849 -0.021074 1.190823
v -0.063782 -0.020368 1.191943
v -0.062065 -0.024318 1.196181
v -0.061959 -0.023723 1.197236
v -0.059675 -0.027320 1.201716
v -0.056953 -0.031017 1.205518
v -0.056737 -0.030310 1.206884
v -0.053662 -0.034094 1.209889
v -0.053194 -0.032851 1.212402
v -0.049659 -0.036024 1.215848
v -0.045954 -0.039327 1.218505
v -0.045585 -0.038279 1.220650
v -0.041843 -0.041469 1.222894
v -0.041693 -0.040710 1.224373
v -0.038000 -0.043635 1.226695
v -0.041521 -0.039932 1.226062
v -0.038000 -0.042020 1.229805
v -0.041344 -0.039203 1.227831
v -0.041185 -0.038587 1.229483
v -0.044558 -0.036095 1.226272
v -0.044228 -0.035523 1.228101
v -0.047579 -0.032878 1.224616
v -0.047081 -0.032343 1.226636
v -0.050363 -0.029525 1.222844
v -0.049706 -0.029029 1.225073
v -0.052866 -0.026026 1.220949
v -0.052071 -0.025576 1.223407
v -0.055055 -0.022378 1.218937
v -0.054146 -0.021987 1.221645
v -0.056902 -0.018592 1.216825
v -0.055911 -0.018269 1.219799
v -0.058396 -0.014684 1.214639
v -0.057355 -0.014440 1.217890
v -0.059538 -0.010674 1.212406
v -0.058476 -0.010517 1.215940
v -0.060336 -0.006585 1.210154
v -0.059280 -0.006521 1.213970
v -0.060808 -0.002438 1.207903
v -0.059779 -0.002471 1.211998
v -0.060974 0.001746 1.205671
v -0.059987 0.001613 1.210038
v -0.060852 0.005950 1.203470
v -0.059918 0.005715 1.208101
v -0.060462 0.010157 1.201309
v -0.059587 0.009819 1.206194
v -0.059823 0.014354 1.199193
v -0.059008 0.013910 1.204323
v -0.059153 0.016217 1.200056
v -0.058193 0.017976 1.202492
v -0.057140 0.019966 1.204769
v -0.057434 0.017328 1.207694
v -0.056553 0.016496 1.213567
v -0.057245 0.012671 1.214941
v -0.056342 0.011942 1.220317
v -0.056742 0.008212 1.221486
v -0.055853 0.007618 1.226381
v -0.055974 0.003985 1.227343
v -0.055147 0.003532 1.231796
v -0.055016 -0.000008 1.232555
v -0.054437 -0.000272 1.235826
v -0.054085 -0.003741 1.236426
v -0.053601 -0.003933 1.239462
v -0.053054 -0.007333 1.239917
v -0.052359 -0.007621 1.245556
v -0.051662 -0.010907 1.245803
v -0.051346 -0.011068 1.249639
v -0.050514 -0.014212 1.249764
v -0.049000 -0.017410 1.260499
v -0.047901 -0.020250 1.260453
v -0.046644 -0.022985 1.260500
v -0.045202 -0.025703 1.260500
v -0.046886 -0.023465 1.250409
v -0.045408 -0.026261 1.250597
v -0.047108 -0.023498 1.246887
v -0.045571 -0.026420 1.247229
v -0.047543 -0.023662 1.242134
v -0.045946 -0.026687 1.242630
v -0.047859 -0.023776 1.239783
v -0.046214 -0.026855 1.240371
v -0.048253 -0.023921 1.237444
v -0.046546 -0.027054 1.238138
v -0.048862 -0.024152 1.234540
v -0.047054 -0.027354 1.235385
v -0.049586 -0.024439 1.231645
v -0.047654 -0.027708 1.232666
v -0.050402 -0.024780 1.228754
v -0.048329 -0.028117 1.229977
v -0.051286 -0.025182 1.225866
v -0.049059 -0.028583 1.227318
v -0.038028 -0.050205 1.137901
v -0.038889 -0.054516 1.142517
v -0.038006 -0.055137 1.142069
v -0.038838 -0.057160 1.144555
v -0.038001 -0.057488 1.143868
v -0.038815 -0.058565 1.145464
v -0.038000 -0.058739 1.144660
v -0.038795 -0.060100 1.146129
v -0.038000 -0.060700 1.145397
v -0.048321 -0.060700 1.162493
v -0.049796 -0.060700 1.167284
v -0.050798 -0.060700 1.172196
v -0.050619 -0.060100 1.170515
v -0.050784 -0.059106 1.170098
v -0.051453 -0.058308 1.172536
v -0.052197 -0.056899 1.174445
v -0.053283 -0.054339 1.175365
v -0.054318 -0.051940 1.176475
v -0.055209 -0.049861 1.178010
v -0.056009 -0.047894 1.179856
v -0.056561 -0.046332 1.182234
v -0.056775 -0.045206 1.185157
v -0.056547 -0.044527 1.188610
v -0.055690 -0.044460 1.192563
v -0.045772 -0.048211 1.210044
v -0.051083 -0.060100 1.173460
v -0.051317 -0.060700 1.177181
v -0.051376 -0.060100 1.176426
v -0.051679 -0.059269 1.179038
v -0.051553 -0.059217 1.176044
v -0.051891 -0.058512 1.178568
v -0.051758 -0.058412 1.175547
v -0.052342 -0.057089 1.177529
v -0.051497 -0.060100 1.179404
v -0.051347 -0.060700 1.182202
v -0.051633 -0.059321 1.182033
v -0.051445 -0.060100 1.182384
v -0.051414 -0.059371 1.185021
v -0.051221 -0.060100 1.185356
v -0.050888 -0.060700 1.187194
v -0.049951 -0.060700 1.192097
v -0.050825 -0.060100 1.188310
v -0.051022 -0.059421 1.187992
v -0.051247 -0.058802 1.187600
v -0.051635 -0.058706 1.184603
v -0.051724 -0.057637 1.186750
v -0.052106 -0.057456 1.183689
v -0.052718 -0.055396 1.185007
v -0.053089 -0.055048 1.181804
v -0.053790 -0.053015 1.183215
v -0.054150 -0.052480 1.179853
v -0.054858 -0.050592 1.181535
v -0.048529 -0.060700 1.196922
v -0.049525 -0.060100 1.194125
v -0.049725 -0.059525 1.193848
v -0.050459 -0.059472 1.190937
v -0.049950 -0.058998 1.193516
v -0.050685 -0.058899 1.190574
v -0.050424 -0.058007 1.192805
v -0.051164 -0.057820 1.189790
v -0.051404 -0.056106 1.191369
v -0.052158 -0.055748 1.188196
v -0.052456 -0.054096 1.189916
v -0.053228 -0.053552 1.186569
v -0.053500 -0.052065 1.188577
v -0.054293 -0.051326 1.185056
v -0.054619 -0.049815 1.187266
v -0.055439 -0.048853 1.183558
v -0.055713 -0.047527 1.186123
v -0.046644 -0.060700 1.201582
v -0.047562 -0.060100 1.199751
v -0.048625 -0.060100 1.196967
v -0.048822 -0.059579 1.196717
v -0.049041 -0.059100 1.196420
v -0.049502 -0.058200 1.195789
v -0.050450 -0.056472 1.194524
v -0.051462 -0.054650 1.193256
v -0.052462 -0.052813 1.192099
v -0.053530 -0.050783 1.190981
v -0.054570 -0.048722 1.190022
v -0.055576 -0.046636 1.189229
v -0.044309 -0.060700 1.206041
v -0.046340 -0.060100 1.202470
v -0.046592 -0.059537 1.202197
v -0.047751 -0.059634 1.199534
v -0.047959 -0.059206 1.199278
v -0.047102 -0.058598 1.201637
v -0.048395 -0.058397 1.198736
v -0.047910 -0.057224 1.200759
v -0.049287 -0.056846 1.197657
v -0.048763 -0.055775 1.199896
v -0.050234 -0.055212 1.196586
v -0.049596 -0.054317 1.199128
v -0.051165 -0.053566 1.195620
v -0.050477 -0.052709 1.198408
v -0.052154 -0.051751 1.194699
v -0.051325 -0.051081 1.197818
v -0.053113 -0.049911 1.193925
v -0.052138 -0.049435 1.197363
v -0.054036 -0.048050 1.193304
v -0.053250 -0.047034 1.196940
v -0.054922 -0.046172 1.192841
v -0.042986 -0.060700 1.208171
v -0.043524 -0.059905 1.207595
v -0.044962 -0.060100 1.205113
v -0.045190 -0.059591 1.204904
v -0.045622 -0.058799 1.204480
v -0.046317 -0.057599 1.203815
v -0.047045 -0.056331 1.203169
v -0.047752 -0.055055 1.202602
v -0.048800 -0.053056 1.201883
v -0.050163 -0.050169 1.201275
v -0.051297 -0.047461 1.201141
v -0.041807 -0.059998 1.210104
v -0.041676 -0.060700 1.210077
v -0.040467 -0.060700 1.211688
v -0.039984 -0.059984 1.212488
v -0.039414 -0.060700 1.212989
v -0.038114 -0.060700 1.214487
v -0.037999 -0.060100 1.214761
v -0.038000 -0.056725 1.215709
v -0.038000 -0.053467 1.216997
v -0.041075 -0.055565 1.212538
v -0.040646 -0.057404 1.212445
v -0.043057 -0.057016 1.209404
v -0.045291 -0.056484 1.206225
v -0.044512 -0.057965 1.206803
v -0.041998 -0.049885 1.214112
v -0.041877 -0.050851 1.213686
v -0.045388 -0.049836 1.209553
v -0.048732 -0.048111 1.205467
v -0.047991 -0.050256 1.205252
v -0.042271 -0.046475 1.216317
v -0.038000 -0.047815 1.221087
v -0.042276 -0.045693 1.217033
v -0.046445 -0.043416 1.212972
v -0.046429 -0.042286 1.214153
v -0.050388 -0.040162 1.209578
v -0.050369 -0.039249 1.210608
v -0.054005 -0.036753 1.206018
v -0.057209 -0.033466 1.201947
v -0.059890 -0.030919 1.196716
v -0.059941 -0.029532 1.198276
v -0.062134 -0.026852 1.192789
v -0.062166 -0.025863 1.193933
v -0.063833 -0.023137 1.188250
v -0.063875 -0.022050 1.189491
v -0.065032 -0.019310 1.183659
v -0.038000 -0.045550 1.223759
v -0.042215 -0.043809 1.219137
v -0.042247 -0.044789 1.217994
v -0.046357 -0.041373 1.215283
v -0.041980 -0.042277 1.221481
v -0.042070 -0.042900 1.220496
v -0.046243 -0.040550 1.216447
v -0.050108 -0.037423 1.213233
v -0.053863 -0.034976 1.208401
v -0.057139 -0.032041 1.203829
v -0.059876 -0.028418 1.199827
v -0.062134 -0.024969 1.195155
v -0.038000 -0.040656 1.233035
v -0.041028 -0.038005 1.231202
v -0.043903 -0.034991 1.229980
v -0.046589 -0.031853 1.228688
v -0.038000 -0.038537 1.239715
v -0.040684 -0.036764 1.235509
v -0.040850 -0.037363 1.233307
v -0.038000 -0.037065 1.246569
v -0.040397 -0.035698 1.240197
v -0.040531 -0.036208 1.237808
v -0.043194 -0.033882 1.234602
v -0.043536 -0.034412 1.232253
v -0.046035 -0.031330 1.231144
v -0.038000 -0.036107 1.253515
v -0.040103 -0.034385 1.248378
v -0.040224 -0.034980 1.244197
v -0.040304 -0.035323 1.242173
v -0.042437 -0.032649 1.241580
v -0.042618 -0.032962 1.239525
v -0.044667 -0.030074 1.238834
v -0.045061 -0.030440 1.236216
v -0.040009 -0.033602 1.255936
v -0.040047 -0.034028 1.251465
v -0.042066 -0.031880 1.247989
v -0.042287 -0.032366 1.243676
v -0.044194 -0.029594 1.243148
v -0.044407 -0.029818 1.240974
v -0.040017 -0.033206 1.260500
v -0.041896 -0.030801 1.260500
v -0.043631 -0.028291 1.260500
v -0.051015 -0.011308 1.255042
v -0.052007 -0.007842 1.249490
v -0.052861 -0.004313 1.245295
v -0.053940 -0.000522 1.238983
v -0.054570 0.003198 1.235202
v -0.055051 0.007063 1.231018
v -0.055496 0.011233 1.225412
v -0.055706 0.015642 1.219155
v -0.054974 0.022527 1.211415
v -0.054832 0.023800 1.209578
v -0.054215 0.021468 1.217323
v -0.052393 0.027336 1.214000
v -0.053492 0.020448 1.222892
v -0.051520 0.025921 1.221366
v -0.052817 0.019501 1.228127
v -0.050665 0.024357 1.229025
v -0.052315 0.018809 1.232096
v -0.051853 0.018175 1.235880
v -0.050038 0.023213 1.234923
v -0.051062 0.017051 1.242982
v -0.049319 0.021888 1.242317
v -0.050613 0.016329 1.247765
v -0.048915 0.021061 1.247289
v -0.050162 0.015373 1.254232
v -0.048524 0.020013 1.254002
v -0.050712 -0.011503 1.260500
v -0.051299 -0.008508 1.260500
v -0.051710 -0.005484 1.260500
v -0.051943 -0.002441 1.260500
v -0.052294 -0.001874 1.254861
v -0.052340 0.001277 1.254779
v -0.052815 0.001893 1.248954
v -0.052687 0.005109 1.248730
v -0.053149 0.005586 1.244366
v -0.052832 0.008835 1.244006
v -0.053668 0.009643 1.237394
v -0.053141 0.012967 1.236822
v -0.053631 0.013483 1.233207
v -0.051996 0.000610 1.260500
v -0.052197 0.004408 1.254682
v -0.052362 0.008290 1.248484
v -0.052312 0.012040 1.243624
v -0.051871 0.003660 1.260500
v -0.051567 0.006697 1.260500
v -0.046911 0.022436 1.260500
v -0.045216 0.025682 1.260500
v -0.043408 0.028631 1.260500
v -0.041409 0.031453 1.260500
v -0.039624 0.033674 1.260500
v -0.039609 0.034581 1.253130
v -0.038042 0.036259 1.253548
v -0.038163 0.037462 1.246430
v -0.039771 0.035854 1.245522
v -0.041421 0.032343 1.253297
v -0.041573 0.033608 1.245849
v -0.043438 0.029543 1.253475
v -0.043644 0.030756 1.246210
v -0.045280 0.026606 1.253647
v -0.045549 0.027766 1.246560
v -0.047016 0.023371 1.253825
v -0.047348 0.024479 1.246925
v -0.038823 0.034595 1.260500
v -0.038000 0.035496 1.260500
v -0.038339 0.039099 1.238984
v -0.039788 0.037213 1.239897
v -0.039962 0.039468 1.231363
v -0.041763 0.034737 1.240333
v -0.042136 0.036656 1.232140
v -0.043887 0.031809 1.240826
v -0.044354 0.033579 1.232819
v -0.045850 0.028745 1.241307
v -0.046410 0.030369 1.233493
v -0.047705 0.025384 1.241812
v -0.048349 0.026859 1.234205
v -0.038526 0.041175 1.231123
v -0.040559 0.039495 1.229059
v -0.042516 0.037836 1.227021
v -0.044639 0.034606 1.228548
v -0.045024 0.035580 1.224238
v -0.047112 0.032331 1.224943
v -0.046745 0.031306 1.229322
v -0.048912 0.028091 1.228285
v -0.047422 0.033207 1.221303
v -0.049931 0.030433 1.217859
v -0.060825 0.012795 1.195747
v -0.061419 0.010378 1.195724
v -0.061917 0.010395 1.192722
v -0.062851 0.005963 1.192807
v -0.063170 0.007380 1.188915
v -0.063681 0.005610 1.187823
v -0.064070 0.004948 1.185841
v -0.064748 0.000440 1.186274
v -0.064812 0.002626 1.182901
v -0.065237 -0.000336 1.182888
v -0.065639 -0.001384 1.179555
v -0.065257 -0.004778 1.186617
v -0.065674 -0.005790 1.183506
v -0.064908 -0.009172 1.190384
v -0.065336 -0.010148 1.187495
v -0.064146 -0.013494 1.194166
v -0.064579 -0.014434 1.191499
v -0.062932 -0.017717 1.197928
v -0.063361 -0.018622 1.195483
v -0.061237 -0.021812 1.201630
v -0.061652 -0.022681 1.199407
v -0.059052 -0.025751 1.205223
v -0.059440 -0.026585 1.203223
v -0.056390 -0.029511 1.208662
v -0.065800 -0.001744 1.177349
v -0.065800 -0.002028 1.177923
v -0.065841 -0.006405 1.181982
v -0.065508 -0.010732 1.186078
v -0.064753 -0.014988 1.190189
v -0.063535 -0.019147 1.194281
v -0.061820 -0.023178 1.198313
v -0.065930 -0.002764 1.176325
v -0.066106 -0.006035 1.171870
v -0.066133 -0.008771 1.177633
v -0.066146 -0.010013 1.175981
v -0.065809 -0.012948 1.182026
v -0.065070 -0.012433 1.163637
v -0.065024 -0.014974 1.165459
v -0.065069 -0.018428 1.170252
v -0.064763 -0.021815 1.175031
v -0.064063 -0.025152 1.179822
v -0.062927 -0.028423 1.184605
v -0.061152 -0.032249 1.189070
v -0.059117 -0.035069 1.193837
v -0.064279 -0.014569 1.160869
v -0.064605 -0.017115 1.164947
v -0.064645 -0.020392 1.169735
v -0.064341 -0.023608 1.174509
v -0.063653 -0.026778 1.179295
v -0.062539 -0.029888 1.184076
v -0.056180 -0.039255 1.197856
v -0.053184 -0.041903 1.202301
v -0.063812 -0.016211 1.159986
v -0.063214 -0.016817 1.157946
v -0.063222 -0.019051 1.159925
v -0.062048 -0.019199 1.155550
v -0.062592 -0.021897 1.160124
v -0.061412 -0.022253 1.156044
v -0.061928 -0.024736 1.160545
v -0.060751 -0.025291 1.156745
v -0.061237 -0.027562 1.161163
v -0.059927 -0.028929 1.157839
v -0.060376 -0.030947 1.162142
v -0.059079 -0.032524 1.159173
v -0.059490 -0.034295 1.163351
v -0.058115 -0.036429 1.160897
v -0.058483 -0.037935 1.164927
v -0.057124 -0.040253 1.162859
v -0.057448 -0.041503 1.166731
v -0.056105 -0.043983 1.165034
v -0.056387 -0.044986 1.168743
v -0.055063 -0.047605 1.167402
v -0.061852 -0.019181 1.154863
v -0.060172 -0.021661 1.151617
v -0.060043 -0.022993 1.152348
v -0.059262 -0.026883 1.153551
v -0.058458 -0.030724 1.155006
v -0.057543 -0.034895 1.156875
v -0.056600 -0.038977 1.158991
v -0.055629 -0.042955 1.161328
v -0.054633 -0.046815 1.163864
v -0.053701 -0.050249 1.166337
v -0.058392 -0.024807 1.149282
v -0.058071 -0.024354 1.148082
v -0.057635 -0.028894 1.150855
v -0.055436 -0.027249 1.144264
v -0.055138 -0.030765 1.146491
v -0.052211 -0.030222 1.140322
v -0.052307 -0.033303 1.142934
v -0.050462 -0.031612 1.138451
v -0.049803 -0.036957 1.141653
v -0.048475 -0.033057 1.136534
v -0.047752 -0.035568 1.137432
v -0.044781 -0.035379 1.133405
v -0.045034 -0.040060 1.137386
v -0.043313 -0.058688 1.151416
v -0.045074 -0.058760 1.154342
v -0.046724 -0.058837 1.157555
v -0.043417 -0.057396 1.150626
v -0.045201 -0.057533 1.153598
v -0.046870 -0.057682 1.156856
v -0.048307 -0.057829 1.160215
v -0.043637 -0.054963 1.148844
v -0.045468 -0.055225 1.151920
v -0.047177 -0.055509 1.155282
v -0.048648 -0.055789 1.158739
v -0.050234 -0.056152 1.163470
v -0.044087 -0.050257 1.145097
v -0.046015 -0.050758 1.148388
v -0.047806 -0.051300 1.151964
v -0.049347 -0.051838 1.155627
v -0.051012 -0.052534 1.160621
v -0.052228 -0.053196 1.165708
v -0.044565 -0.045217 1.141159
v -0.046592 -0.045970 1.144668
v -0.048471 -0.046785 1.148467
v -0.050087 -0.047595 1.152344
v -0.051838 -0.048645 1.157614
v -0.053129 -0.049648 1.162966
v -0.047156 -0.041065 1.141099
v -0.049120 -0.042153 1.145108
v -0.050809 -0.043237 1.149189
v -0.052648 -0.044647 1.154723
v -0.054017 -0.046001 1.160334
v -0.051572 -0.038342 1.145943
v -0.054337 -0.035520 1.148997
v -0.056773 -0.033330 1.152866
v -0.053506 -0.040152 1.151750
v -0.054963 -0.041899 1.157631
v -0.055882 -0.037671 1.155133
v -0.051254 -0.059162 1.173061
v -0.051849 -0.058610 1.181588
v -0.052312 -0.057274 1.180611
v -0.053277 -0.054696 1.178585
v -0.057567 -0.042725 1.170592
v -0.058636 -0.039410 1.168945
v -0.059677 -0.036032 1.167519
v -0.060594 -0.032929 1.166436
v -0.061484 -0.029793 1.165572
v -0.062197 -0.027178 1.165040
v -0.062882 -0.024551 1.164691
v -0.063532 -0.021918 1.164551
v -0.064139 -0.019292 1.164652
v -0.058561 -0.040878 1.172999
v -0.059626 -0.037765 1.171733
v -0.060562 -0.034909 1.170786
v -0.061471 -0.032026 1.170047
v -0.062198 -0.029624 1.169608
v -0.062895 -0.027212 1.169340
v -0.063556 -0.024798 1.169267
v -0.064172 -0.022389 1.169416
v -0.059314 -0.039474 1.175937
v -0.060256 -0.036860 1.175126
v -0.059647 -0.038795 1.179478
v -0.061169 -0.034225 1.174512
v -0.060546 -0.036402 1.178989
v -0.059569 -0.038554 1.183475
v -0.061898 -0.032031 1.174165
v -0.061263 -0.034411 1.178735
v -0.060257 -0.036760 1.183312
v -0.058846 -0.039066 1.187882
v -0.062596 -0.029830 1.173978
v -0.061948 -0.032416 1.178629
v -0.060914 -0.034963 1.183284
v -0.059457 -0.037459 1.187927
v -0.063256 -0.027626 1.173971
v -0.062595 -0.030419 1.178687
v -0.061532 -0.033166 1.183404
v -0.060317 -0.035010 1.188247
v -0.058372 -0.037564 1.192958
v -0.063871 -0.025429 1.174167
v -0.063195 -0.028428 1.178931
v -0.062103 -0.031374 1.183692
v -0.065633 -0.016836 1.177771
v -0.064904 -0.020625 1.182454
v -0.063716 -0.024333 1.187122
v -0.062033 -0.027934 1.191742
v -0.065748 -0.012126 1.183334
v -0.066074 -0.007888 1.179035
v -0.065976 -0.007102 1.180488
v -0.065646 -0.011389 1.184688
v -0.064894 -0.015607 1.188903
v -0.064998 -0.016294 1.187648
v -0.063676 -0.019727 1.193099
v -0.064386 -0.008412 1.193316
v -0.064748 -0.004010 1.189776
v -0.063548 -0.007647 1.197375
v -0.063933 -0.003267 1.194150
v -0.063966 0.001159 1.190961
v -0.063088 0.001569 1.195639
v -0.062055 0.001758 1.200695
v -0.061874 0.006065 1.198185
v -0.063619 -0.012744 1.196870
v -0.062411 -0.016978 1.200404
v -0.060737 -0.021084 1.203878
v -0.058587 -0.025036 1.207245
v -0.055975 -0.028811 1.210463
v -0.062606 -0.007128 1.201430
v -0.063017 -0.002801 1.198519
v -0.062774 -0.011958 1.200612
v -0.061579 -0.016174 1.203829
v -0.059938 -0.020266 1.206987
v -0.057848 -0.024208 1.210044
v -0.055322 -0.027980 1.212958
v -0.051926 -0.030956 1.217499
v -0.049129 -0.034998 1.218262
v -0.061496 -0.006774 1.205820
v -0.061937 -0.002528 1.203245
v -0.061824 -0.011390 1.204351
v -0.060644 -0.015560 1.207251
v -0.059045 -0.019612 1.210096
v -0.057024 -0.023521 1.212846
v -0.054595 -0.027269 1.215465
v -0.048667 -0.034260 1.220223
v -0.045278 -0.037532 1.222362
v -0.060706 -0.010957 1.208402
v -0.059544 -0.015055 1.210963
v -0.057995 -0.019043 1.213473
v -0.056059 -0.022897 1.215898
v -0.053747 -0.026601 1.218206
v -0.051090 -0.030145 1.220376
v -0.048132 -0.033533 1.222400
v -0.044923 -0.036784 1.224288
v -0.058232 -0.006532 1.217713
v -0.058756 -0.002584 1.216005
v -0.059004 0.001397 1.214303
v -0.058985 0.005393 1.212614
v -0.058711 0.009390 1.210947
v -0.058190 0.013372 1.209305
v -0.057042 -0.006613 1.221997
v -0.057590 -0.002783 1.220579
v -0.057880 0.001075 1.219159
v -0.057916 0.004946 1.217742
v -0.057702 0.008816 1.216334
v -0.057424 -0.010431 1.219414
v -0.056325 -0.014263 1.221096
v -0.054932 -0.018010 1.222742
v -0.053249 -0.021654 1.224337
v -0.055934 -0.006742 1.226148
v -0.056500 -0.003027 1.224993
v -0.056824 0.000713 1.223828
v -0.056904 0.004464 1.222658
v -0.056232 -0.010398 1.223405
v -0.055160 -0.014122 1.224794
v -0.053827 -0.017770 1.226155
v -0.052239 -0.021327 1.227477
v -0.054939 -0.006896 1.230153
v -0.055514 -0.003286 1.229232
v -0.055861 0.000345 1.228294
v -0.055127 -0.010417 1.227289
v -0.054083 -0.014038 1.228413
v -0.052807 -0.017591 1.229515
v -0.051306 -0.021062 1.230593
v -0.054086 -0.007061 1.234011
v -0.054660 -0.003543 1.233293
v -0.054140 -0.010470 1.231058
v -0.053126 -0.013996 1.231947
v -0.051903 -0.017460 1.232822
v -0.050480 -0.020850 1.233686
v -0.053521 -0.007196 1.237004
v -0.053303 -0.010547 1.234711
v -0.052319 -0.013990 1.235398
v -0.051144 -0.017375 1.236078
v -0.049786 -0.020689 1.236758
v -0.052308 -0.010709 1.240354
v -0.050779 -0.014156 1.246048
v -0.049472 -0.017388 1.249948
v -0.052755 -0.010623 1.237563
v -0.051796 -0.014008 1.238111
v -0.050655 -0.017338 1.238658
v -0.049340 -0.020599 1.239212
v -0.051631 -0.008180 1.254988
v -0.052474 -0.004596 1.249331
v -0.052058 -0.005031 1.254930
v -0.052744 -0.001347 1.249154
v -0.053162 -0.001000 1.245012
v -0.054067 0.002886 1.238478
v -0.054481 0.006656 1.234555
v -0.054725 0.010571 1.230225
v -0.054907 0.014815 1.224440
v -0.051375 -0.014044 1.240784
v -0.049720 -0.017349 1.246302
v -0.048275 -0.020444 1.250133
v -0.050264 -0.017325 1.241216
v -0.048984 -0.020536 1.241663
v -0.048493 -0.020469 1.246579
v -0.053957 -0.035685 1.207358
v -0.050268 -0.038267 1.211923
v -0.043962 -0.058996 1.207248
v -0.042257 -0.058909 1.209835
v -0.046467 -0.054008 1.205567
v -0.043870 -0.054885 1.209127
v -0.047293 -0.052065 1.205305
v -0.044572 -0.052757 1.209114
v -0.041285 -0.054451 1.212706
v -0.041530 -0.053083 1.212981
v -0.045018 -0.051234 1.209278
v -0.041717 -0.051921 1.213312
v -0.045521 -0.030860 1.233653
v -0.042885 -0.033398 1.237027
v -0.043889 -0.029219 1.247601
v -0.043755 -0.028991 1.250873
v -0.041966 -0.031585 1.251168
v -0.043656 -0.028680 1.255620
v -0.041896 -0.031208 1.255776
v -0.053258 0.002304 1.244702
v -0.053977 0.006279 1.237947
v -0.054168 0.010088 1.233889
v -0.054170 0.014045 1.229422
v -0.051868 0.007511 1.254571
v -0.051355 0.010575 1.254448
v -0.051841 0.011426 1.248219
v 0.040404 -0.032734 1.260500
v 0.038000 -0.036494 1.250292
v 0.038000 -0.037269 1.245429
v 0.040441 -0.033552 1.251406
v 0.040396 -0.033134 1.255904
v 0.042608 -0.029809 1.260500
v 0.044600 -0.026736 1.260500
v 0.047891 -0.020268 1.260463
v 0.049216 -0.016787 1.260500
v 0.049696 -0.016770 1.249827
v 0.050263 -0.013319 1.260518
v 0.051407 -0.009435 1.255010
v 0.051642 -0.006091 1.260500
v 0.051987 -0.005661 1.254942
v 0.051943 -0.002441 1.260500
v 0.052294 -0.001874 1.254861
v 0.051986 0.001221 1.260500
v 0.052326 0.001905 1.254761
v 0.052088 0.005654 1.254639
v 0.051299 0.008508 1.260500
v 0.051582 0.009355 1.254498
v 0.050573 0.012098 1.260500
v 0.050815 0.012992 1.254342
v 0.049596 0.015627 1.260500
v 0.049793 0.016549 1.254175
v 0.048524 0.020013 1.254002
v 0.046955 0.022344 1.260500
v 0.047061 0.023279 1.253830
v 0.045316 0.025505 1.260500
v 0.045381 0.026432 1.253656
v 0.043464 0.028546 1.260500
v 0.043495 0.029458 1.253481
v 0.041422 0.032341 1.253297
v 0.041577 0.033604 1.245849
v 0.039771 0.035854 1.245522
v 0.039828 0.037154 1.239946
v 0.038163 0.037462 1.246431
v 0.038339 0.039099 1.238984
v 0.040223 0.039104 1.231555
v 0.038539 0.041166 1.231113
v 0.040395 0.039632 1.229227
v 0.040507 -0.033897 1.248301
v 0.038000 -0.038254 1.240833
v 0.040649 -0.034471 1.244095
v 0.040744 -0.034802 1.242056
v 0.043068 -0.031274 1.243465
v 0.043245 -0.031534 1.241338
v 0.045264 -0.027865 1.242835
v 0.045511 -0.028055 1.240611
v 0.047549 -0.024388 1.239897
v 0.047931 -0.024544 1.237580
v 0.049786 -0.020689 1.236758
v 0.050480 -0.020849 1.233686
v 0.051394 -0.016703 1.235942
v 0.052164 -0.016773 1.232648
v 0.052736 -0.012619 1.235125
v 0.053557 -0.012592 1.231593
v 0.053798 -0.008460 1.234293
v 0.054646 -0.008330 1.230517
v 0.054563 -0.004248 1.233439
v 0.055417 -0.004010 1.229417
v 0.055016 -0.000008 1.232555
v 0.055861 0.000345 1.228294
v 0.055146 0.004239 1.231641
v 0.055969 0.004712 1.227151
v 0.054948 0.008470 1.230702
v 0.055738 0.009067 1.225994
v 0.054419 0.012660 1.229744
v 0.055170 0.013387 1.224829
v 0.053564 0.016791 1.228775
v 0.054271 0.017649 1.223664
v 0.052391 0.020841 1.227803
v 0.053050 0.021833 1.222507
v 0.050911 0.024793 1.226836
v 0.051520 0.025921 1.221366
v 0.049195 0.028527 1.225907
v 0.049751 0.029789 1.220276
v 0.047223 0.032143 1.224991
v 0.046829 0.033817 1.222058
v 0.044569 0.036003 1.224760
v 0.038000 -0.039431 1.236581
v 0.041016 -0.035658 1.237654
v 0.040855 -0.035164 1.240065
v 0.038000 -0.040769 1.232743
v 0.041200 -0.036199 1.235331
v 0.043777 -0.032231 1.236705
v 0.044147 -0.032689 1.234227
v 0.046279 -0.028603 1.235719
v 0.046825 -0.028984 1.233065
v 0.049222 -0.025090 1.231848
v 0.050012 -0.025446 1.228999
v 0.052239 -0.021327 1.227477
v 0.053249 -0.021654 1.224337
v 0.054115 -0.017047 1.225885
v 0.055234 -0.017268 1.222417
v 0.055621 -0.012640 1.224241
v 0.056799 -0.012740 1.220427
v 0.056750 -0.008133 1.222562
v 0.057943 -0.008099 1.218395
v 0.057502 -0.003552 1.220863
v 0.058673 -0.003376 1.216346
v 0.057880 0.001075 1.219159
v 0.059004 0.001397 1.214303
v 0.057893 0.005721 1.217459
v 0.058950 0.006193 1.212279
v 0.057548 0.010361 1.215775
v 0.058531 0.010985 1.210287
v 0.056858 0.014970 1.214114
v 0.057764 0.015750 1.208335
v 0.055834 0.019528 1.212483
v 0.056665 0.020464 1.206429
v 0.055832 0.022193 1.207563
v 0.057647 0.019056 1.203625
v 0.058546 0.016354 1.203220
v 0.059384 0.011458 1.205441
v 0.060235 0.011838 1.200457
v 0.060795 0.006792 1.203034
v 0.061804 0.006928 1.197689
v 0.062055 0.001758 1.200695
v 0.063088 0.001569 1.195639
v 0.062963 -0.003671 1.199099
v 0.063885 -0.004147 1.194793
v 0.063287 -0.009381 1.198669
v 0.064130 -0.010155 1.194737
v 0.062949 -0.015298 1.198995
v 0.063474 -0.016042 1.196428
v 0.061616 -0.021005 1.200896
v 0.062034 -0.021881 1.198629
v 0.059440 -0.026585 1.203223
v 0.059673 -0.027308 1.201734
v 0.056226 -0.031249 1.207133
v 0.052282 -0.035454 1.211246
v 0.052470 -0.036340 1.209800
v 0.047949 -0.040168 1.213946
v 0.043076 -0.043776 1.217834
v 0.043124 -0.044676 1.216796
v 0.038000 -0.047505 1.221408
v 0.038000 -0.049509 1.219532
v 0.043148 -0.045589 1.215872
v 0.048058 -0.041940 1.211825
v 0.048037 -0.042575 1.211220
v 0.052600 -0.038334 1.207253
v 0.052561 -0.039075 1.206524
v 0.056610 -0.034117 1.202787
v 0.056483 -0.035854 1.201076
v 0.059785 -0.031854 1.195868
v 0.062410 -0.027223 1.190823
v 0.062234 -0.028413 1.189881
v 0.064249 -0.022861 1.185258
v 0.064051 -0.024207 1.184242
v 0.065394 -0.018360 1.179644
v 0.065182 -0.019870 1.178558
v 0.065917 -0.013760 1.174033
v 0.065699 -0.015440 1.172879
v 0.065884 -0.008925 1.168163
v 0.065681 -0.010943 1.167236
v 0.065415 -0.011234 1.165186
v 0.065388 -0.012926 1.166246
v 0.065026 -0.015002 1.165498
v 0.065037 -0.019109 1.171206
v 0.064612 -0.021038 1.170688
v 0.064114 -0.024882 1.176423
v 0.063648 -0.026634 1.176072
v 0.062592 -0.030203 1.181789
v 0.062008 -0.032074 1.181518
v 0.060367 -0.035320 1.187166
v 0.059783 -0.036965 1.187000
v 0.057555 -0.039885 1.192534
v 0.057005 -0.041313 1.192426
v 0.054829 -0.042252 1.198037
v 0.053867 -0.044811 1.197720
v 0.050820 -0.046366 1.203034
v 0.050448 -0.047410 1.202893
v 0.046647 -0.049558 1.207862
v 0.046328 -0.050611 1.207704
v 0.042289 -0.052444 1.212330
v 0.042122 -0.053294 1.212149
v 0.038000 -0.055897 1.215988
v 0.041925 -0.054225 1.212000
v 0.038000 -0.060100 1.214761
v 0.041714 -0.055148 1.211900
v 0.041448 -0.056291 1.211817
v 0.045171 -0.053947 1.207660
v 0.044527 -0.055546 1.207874
v 0.047853 -0.053540 1.203398
v 0.050106 -0.052898 1.199145
v 0.049250 -0.054466 1.199825
v 0.051165 -0.053566 1.195619
v 0.050234 -0.055212 1.196586
v 0.052690 -0.052663 1.191395
v 0.051679 -0.054539 1.192588
v 0.053846 -0.051768 1.187169
v 0.052791 -0.053878 1.188578
v 0.054659 -0.050885 1.182944
v 0.053590 -0.053229 1.184558
v 0.055155 -0.050007 1.178715
v 0.054094 -0.052587 1.180526
v 0.055355 -0.049123 1.174479
v 0.054318 -0.051941 1.176480
v 0.055271 -0.048221 1.170234
v 0.054270 -0.051282 1.172425
v 0.054913 -0.047292 1.165986
v 0.053956 -0.050600 1.168365
v 0.054286 -0.046329 1.161744
v 0.053380 -0.049891 1.164313
v 0.053391 -0.045331 1.157521
v 0.052541 -0.049153 1.160282
v 0.052233 -0.044299 1.153331
v 0.051444 -0.048386 1.156287
v 0.050809 -0.043237 1.149189
v 0.050087 -0.047595 1.152344
v 0.049170 -0.042184 1.145220
v 0.048520 -0.046808 1.148574
v 0.047273 -0.041125 1.141319
v 0.046704 -0.046015 1.144877
v 0.045101 -0.040089 1.137494
v 0.044629 -0.045239 1.141261
v 0.042616 -0.039129 1.133744
v 0.042268 -0.044522 1.137730
v 0.040348 -0.038502 1.130798
v 0.040134 -0.044058 1.134964
v 0.039278 -0.038313 1.129550
v 0.039136 -0.043922 1.133795
v 0.038112 -0.038803 1.128738
v 0.038057 -0.046112 1.134469
v 0.039003 -0.049400 1.138251
v 0.038026 -0.050622 1.138257
v 0.038889 -0.054516 1.142517
v 0.038006 -0.055137 1.142069
v 0.038838 -0.057160 1.144555
v 0.038001 -0.057488 1.143868
v 0.038815 -0.058565 1.145464
v 0.038000 -0.058739 1.144660
v 0.038795 -0.060100 1.146129
v 0.038000 -0.060700 1.145397
v 0.039568 -0.060100 1.147036
v 0.041032 -0.060700 1.149053
v 0.041290 -0.060100 1.149221
v 0.043273 -0.060100 1.152077
v 0.041358 -0.058622 1.148607
v 0.043367 -0.058690 1.151501
v 0.041433 -0.057269 1.147766
v 0.043473 -0.057400 1.150711
v 0.041591 -0.054721 1.145873
v 0.043694 -0.054971 1.148933
v 0.041918 -0.049794 1.141898
v 0.044148 -0.050271 1.145193
v 0.041402 -0.036783 1.233101
v 0.038000 -0.042249 1.229320
v 0.041617 -0.037411 1.230963
v 0.041807 -0.037982 1.229213
v 0.045002 -0.033751 1.229472
v 0.045394 -0.034266 1.227526
v 0.048099 -0.029907 1.227876
v 0.048685 -0.030371 1.225710
v 0.051627 -0.026268 1.223744
v 0.052397 -0.026728 1.221333
v 0.055055 -0.022378 1.218937
v 0.056059 -0.022897 1.215897
v 0.057229 -0.017820 1.216393
v 0.058336 -0.018255 1.212977
v 0.058895 -0.013091 1.213750
v 0.060054 -0.013428 1.209943
v 0.060057 -0.008229 1.211055
v 0.061223 -0.008456 1.206853
v 0.060739 -0.003271 1.208352
v 0.061876 -0.003381 1.203758
v 0.060974 0.001746 1.205671
v 0.038000 -0.043868 1.226298
v 0.042214 -0.039308 1.225715
v 0.042000 -0.038588 1.227525
v 0.038000 -0.045621 1.223663
v 0.042603 -0.040834 1.222454
v 0.042422 -0.040079 1.223979
v 0.046233 -0.035498 1.223548
v 0.045792 -0.034823 1.225623
v 0.049281 -0.030883 1.223568
v 0.043000 -0.043030 1.218819
v 0.042877 -0.042269 1.219970
v 0.042769 -0.041643 1.220993
v 0.047503 -0.038131 1.217250
v 0.047031 -0.036980 1.219714
v 0.050820 -0.032491 1.218001
v 0.054070 -0.027989 1.215964
v 0.049941 -0.031518 1.221203
v 0.053248 -0.027313 1.218645
v 0.043095 -0.046471 1.215161
v 0.038000 -0.051604 1.218026
v 0.043059 -0.047033 1.214742
v 0.043008 -0.047819 1.214194
v 0.047911 -0.043926 1.210155
v 0.047807 -0.044630 1.209700
v 0.052359 -0.040674 1.205262
v 0.052199 -0.041513 1.204738
v 0.056122 -0.037852 1.199682
v 0.059100 -0.035132 1.193812
v 0.061678 -0.030980 1.188409
v 0.061314 -0.032321 1.187882
v 0.063436 -0.027124 1.182694
v 0.063038 -0.028652 1.182166
v 0.064533 -0.023156 1.176947
v 0.038000 -0.053748 1.216863
v 0.042879 -0.048769 1.213688
v 0.042445 -0.051592 1.212559
v 0.042567 -0.050885 1.212785
v 0.042681 -0.050178 1.213047
v 0.047128 -0.047812 1.208290
v 0.047342 -0.046939 1.208587
v 0.051493 -0.044276 1.203534
v 0.051787 -0.043234 1.203906
v 0.055593 -0.039881 1.198722
v 0.058360 -0.037603 1.192947
v 0.040324 -0.060079 1.212039
v 0.042658 -0.059586 1.209024
v 0.044980 -0.058879 1.205597
v 0.045620 -0.057747 1.205020
v 0.046821 -0.058639 1.202210
v 0.047609 -0.057299 1.201374
v 0.048395 -0.058397 1.198735
v 0.049287 -0.056846 1.197657
v 0.050657 -0.056398 1.193894
v 0.037875 -0.060700 1.214748
v 0.041035 -0.060700 1.210944
v 0.042447 -0.060100 1.209163
v 0.043712 -0.060700 1.207031
v 0.044369 -0.060100 1.206147
v 0.046016 -0.060700 1.202890
v 0.046178 -0.059817 1.202919
v 0.047562 -0.060100 1.199751
v 0.047751 -0.059634 1.199534
v 0.046433 -0.059335 1.202633
v 0.047959 -0.059206 1.199278
v 0.047933 -0.060700 1.198544
v 0.049438 -0.060700 1.194045
v 0.048818 -0.060100 1.196403
v 0.049074 -0.059440 1.196051
v 0.049701 -0.058161 1.195194
v 0.050521 -0.060700 1.189435
v 0.049839 -0.060100 1.192975
v 0.050121 -0.059309 1.192535
v 0.050742 -0.057932 1.191602
v 0.051730 -0.055962 1.190101
v 0.051175 -0.060700 1.184745
v 0.051155 -0.060100 1.185949
v 0.051349 -0.059381 1.185617
v 0.050619 -0.060100 1.189485
v 0.050908 -0.059184 1.189011
v 0.051395 -0.060700 1.180005
v 0.051445 -0.060100 1.182384
v 0.051633 -0.059321 1.182034
v 0.051849 -0.058610 1.181589
v 0.051878 -0.058492 1.177963
v 0.052327 -0.057052 1.176912
v 0.052090 -0.056821 1.173213
v 0.052990 -0.053821 1.170849
v 0.052461 -0.053356 1.166989
v 0.051176 -0.060700 1.175266
v 0.051486 -0.060100 1.178808
v 0.051668 -0.059259 1.178439
v 0.050523 -0.060700 1.170576
v 0.050825 -0.060100 1.171690
v 0.050993 -0.059129 1.171280
v 0.051279 -0.060100 1.175237
v 0.051454 -0.059195 1.174849
v 0.049441 -0.060700 1.165965
v 0.050126 -0.060100 1.168182
v 0.050285 -0.059060 1.167750
v 0.047935 -0.060700 1.161463
v 0.049185 -0.060100 1.164732
v 0.049335 -0.058988 1.164274
v 0.046017 -0.060700 1.157113
v 0.046639 -0.060100 1.158158
v 0.048007 -0.060100 1.161355
v 0.048147 -0.058913 1.160871
v 0.048307 -0.057829 1.160215
v 0.049509 -0.057973 1.163659
v 0.048648 -0.055789 1.158739
v 0.049878 -0.056063 1.162276
v 0.049347 -0.051838 1.155627
v 0.050638 -0.052363 1.159362
v 0.045059 -0.060100 1.155061
v 0.043710 -0.060700 1.152967
v 0.041435 -0.037184 1.130952
v 0.045026 -0.035241 1.133592
v 0.046896 -0.034104 1.135126
v 0.047873 -0.035645 1.137664
v 0.049856 -0.036995 1.141771
v 0.051572 -0.038342 1.145943
v 0.053068 -0.039705 1.150290
v 0.054294 -0.041034 1.154683
v 0.055252 -0.042324 1.159108
v 0.055937 -0.043575 1.163551
v 0.056347 -0.044787 1.168001
v 0.056471 -0.045968 1.172450
v 0.056299 -0.047128 1.176894
v 0.055810 -0.048278 1.181336
v 0.054978 -0.049429 1.185782
v 0.053771 -0.050589 1.190238
v 0.052155 -0.051750 1.194699
v 0.050929 -0.051311 1.198591
v 0.048886 -0.051299 1.202961
v 0.045593 -0.052809 1.207599
v 0.048800 -0.032836 1.136831
v 0.050623 -0.031499 1.138621
v 0.052660 -0.029839 1.140830
v 0.054592 -0.028079 1.143165
v 0.054653 -0.030112 1.144908
v 0.052307 -0.033303 1.142934
v 0.056476 -0.026157 1.145705
v 0.056017 -0.032057 1.149671
v 0.055170 -0.036604 1.152058
v 0.056192 -0.038197 1.156675
v 0.059910 -0.022027 1.151138
v 0.058764 -0.025641 1.150987
v 0.056835 -0.027408 1.147549
v 0.057104 -0.033960 1.154468
v 0.056938 -0.039746 1.161311
v 0.062720 -0.017727 1.156761
v 0.061141 -0.021252 1.154250
v 0.060494 -0.024376 1.154984
v 0.059687 -0.028114 1.156121
v 0.060305 -0.030546 1.161280
v 0.059425 -0.033943 1.162515
v 0.059678 -0.036040 1.167538
v 0.058636 -0.039416 1.168961
v 0.058518 -0.041169 1.173807
v 0.057421 -0.044179 1.175253
v 0.056939 -0.045615 1.179905
v 0.064727 -0.013436 1.162339
v 0.063128 -0.018470 1.158997
v 0.062502 -0.021359 1.159207
v 0.061844 -0.024242 1.159643
v 0.061158 -0.027110 1.160278
v 0.061484 -0.029806 1.165597
v 0.060594 -0.032939 1.166458
v 0.060524 -0.035301 1.171653
v 0.059585 -0.038108 1.172573
v 0.059111 -0.040154 1.177621
v 0.058040 -0.042905 1.178662
v 0.057164 -0.044632 1.183530
v 0.056086 -0.047049 1.184566
v 0.054823 -0.048483 1.189242
v 0.064607 -0.017140 1.164984
v 0.064141 -0.019315 1.164687
v 0.064140 -0.023000 1.170365
v 0.063523 -0.025366 1.170206
v 0.063037 -0.028748 1.175856
v 0.062381 -0.030868 1.175837
v 0.061376 -0.033950 1.181422
v 0.060706 -0.035825 1.181481
v 0.059162 -0.038609 1.186969
v 0.058508 -0.040251 1.187064
v 0.056425 -0.042740 1.192426
v 0.055690 -0.044460 1.192562
v 0.052748 -0.047470 1.197798
v 0.049974 -0.048669 1.202816
v 0.049472 -0.049923 1.202834
v 0.045989 -0.051659 1.207617
v 0.066085 -0.006726 1.170984
v 0.066054 -0.012219 1.175376
v 0.066113 -0.010835 1.176879
v 0.066079 -0.004463 1.173881
v 0.066099 -0.009611 1.178509
v 0.066040 -0.008740 1.179892
v 0.065564 -0.014601 1.183789
v 0.065501 -0.013803 1.185059
v 0.064369 -0.019109 1.189637
v 0.062492 -0.023852 1.194819
v 0.059876 -0.028406 1.199841
v 0.056540 -0.032743 1.204593
v 0.056405 -0.031933 1.205889
v 0.065930 -0.002764 1.176325
v 0.065464 0.000063 1.179648
v 0.065800 -0.002028 1.177923
v 0.065639 -0.001383 1.179555
v 0.065806 -0.007275 1.182798
v 0.065638 -0.006666 1.184301
v 0.065259 -0.012444 1.187722
v 0.065086 -0.011872 1.189096
v 0.064156 -0.017772 1.192054
v 0.063906 -0.016960 1.193894
v 0.062276 -0.022630 1.196997
v 0.065237 -0.000336 1.182888
v 0.064853 0.002484 1.182721
v 0.064748 0.000440 1.186274
v 0.063992 0.005173 1.186126
v 0.063966 0.001159 1.190961
v 0.062849 0.008182 1.189929
v 0.062769 0.006844 1.192247
v 0.061391 0.011564 1.194196
v 0.060794 0.012872 1.195844
v 0.064706 -0.004895 1.190481
v 0.064655 -0.010911 1.191896
v 0.059192 0.016142 1.199961
v 0.054492 0.024012 1.210887
v 0.053765 0.025406 1.211588
v 0.053754 0.022902 1.216871
v 0.052167 0.027138 1.215535
v 0.051484 0.028531 1.215491
v 0.049149 0.031337 1.218983
v 0.042427 0.037915 1.227117
v 0.044704 0.034511 1.228570
v 0.046854 0.031121 1.229365
v 0.048781 0.027604 1.230167
v 0.050457 0.023968 1.230978
v 0.051900 0.020116 1.231816
v 0.053043 0.016164 1.232653
v 0.053873 0.012130 1.233481
v 0.054383 0.008032 1.234291
v 0.054570 0.003891 1.235075
v 0.054437 -0.000272 1.235826
v 0.053989 -0.004434 1.236544
v 0.053238 -0.008571 1.237229
v 0.052202 -0.012660 1.237892
v 0.050897 -0.016677 1.238548
v 0.049340 -0.020598 1.239212
v 0.047243 -0.024263 1.242229
v 0.046819 -0.024079 1.246951
v 0.044916 -0.027555 1.247375
v 0.046634 -0.023974 1.250394
v 0.044764 -0.027368 1.250704
v 0.046478 -0.023810 1.255372
v 0.044647 -0.027103 1.255531
v 0.042616 -0.030212 1.255713
v 0.042142 0.036648 1.232142
v 0.044417 0.033487 1.232839
v 0.046518 0.030187 1.233530
v 0.048400 0.026760 1.234225
v 0.050038 0.023213 1.234923
v 0.051448 0.019452 1.235641
v 0.052565 0.015590 1.236354
v 0.053378 0.011643 1.237053
v 0.053880 0.007629 1.237729
v 0.054067 0.003567 1.238374
v 0.053940 -0.000522 1.238983
v 0.053507 -0.004614 1.239554
v 0.052779 -0.008687 1.240093
v 0.051770 -0.012716 1.240612
v 0.050500 -0.016674 1.241129
v 0.048984 -0.020536 1.241663
v 0.038042 0.036259 1.253548
v 0.039609 0.034581 1.253130
v 0.038000 0.035496 1.260500
v 0.038823 0.034595 1.260500
v 0.039624 0.033674 1.260500
v 0.041409 0.031453 1.260500
v 0.044571 -0.059649 1.205970
v 0.040952 -0.058009 1.211872
v 0.043539 -0.057740 1.208417
v 0.046939 -0.055343 1.203974
v 0.046895 -0.048685 1.208049
v 0.042785 -0.049472 1.213347
v 0.047537 -0.046069 1.208946
v 0.047681 -0.045346 1.209298
v 0.052007 -0.042369 1.204288
v 0.047988 -0.043239 1.210662
v 0.052481 -0.039858 1.205858
v 0.059480 -0.033545 1.194664
v 0.061988 -0.029671 1.189075
v 0.063778 -0.025635 1.183386
v 0.064892 -0.021478 1.177657
v 0.065403 -0.017233 1.171935
v 0.048051 -0.041338 1.212468
v 0.052597 -0.037639 1.208034
v 0.059946 -0.029910 1.197796
v 0.062547 -0.025597 1.192449
v 0.064370 -0.021618 1.186417
v 0.065527 -0.016971 1.180895
v 0.048019 -0.040769 1.213144
v 0.052557 -0.036993 1.208856
v 0.064417 -0.020490 1.187697
v 0.065581 -0.015716 1.182286
v 0.047817 -0.039338 1.215160
v 0.051848 -0.034240 1.213626
v 0.055407 -0.029536 1.211078
v 0.054774 -0.028704 1.213515
v 0.058587 -0.025036 1.207245
v 0.057848 -0.024208 1.210043
v 0.060302 -0.019458 1.206362
v 0.059398 -0.018812 1.209533
v 0.061165 -0.013905 1.206096
v 0.046662 -0.036238 1.221524
v 0.044559 -0.033195 1.231816
v 0.047437 -0.029417 1.230451
v 0.050868 -0.025862 1.226158
v 0.054146 -0.021986 1.221645
v 0.056225 -0.017512 1.219422
v 0.057842 -0.012881 1.217114
v 0.058996 -0.008127 1.214759
v 0.059703 -0.003285 1.212392
v 0.059987 0.001613 1.210038
v 0.059872 0.006536 1.207717
v 0.043458 -0.031823 1.239250
v 0.045815 -0.028276 1.238416
v 0.048521 -0.024789 1.234707
v 0.051306 -0.021062 1.230593
v 0.053081 -0.016886 1.229296
v 0.054529 -0.012597 1.227966
v 0.055640 -0.008218 1.226606
v 0.056406 -0.003773 1.225225
v 0.056824 0.000713 1.223828
v 0.056891 0.005214 1.222423
v 0.056611 0.009707 1.221017
v 0.055988 0.014167 1.219619
v 0.055032 0.018572 1.218234
v 0.042812 -0.030833 1.247833
v 0.042698 -0.030564 1.251049
v 0.046290 -0.056550 1.204461
v 0.051169 -0.045320 1.203245
v 0.048439 -0.055887 1.200554
v 0.051717 -0.049707 1.198168
v 0.053113 -0.049911 1.193925
v 0.055809 -0.030233 1.209322
v 0.048275 -0.020444 1.250133
v 0.050860 -0.012986 1.249727
v 0.051766 -0.009136 1.249551
v 0.052396 -0.005246 1.249364
v 0.052744 -0.001347 1.249154
v 0.052805 0.002538 1.248911
v 0.052581 0.006386 1.248634
v 0.052073 0.010178 1.248327
v 0.051287 0.013897 1.247996
v 0.050232 0.017529 1.247647
v 0.048915 0.021061 1.247289
v 0.047395 0.024385 1.246935
v 0.045652 0.027592 1.246580
v 0.043702 0.030670 1.246220
v 0.043948 0.031721 1.240840
v 0.041767 0.034731 1.240334
v 0.048493 -0.020468 1.246579
v 0.049945 -0.016715 1.246250
v 0.051154 -0.012862 1.245949
v 0.052103 -0.008939 1.245656
v 0.052776 -0.004975 1.245349
v 0.053162 -0.001000 1.245011
v 0.053253 0.002963 1.244637
v 0.053047 0.006891 1.244225
v 0.052544 0.010764 1.243779
v 0.051750 0.014565 1.243307
v 0.050672 0.018278 1.242817
v 0.049319 0.021888 1.242317
v 0.047753 0.025288 1.241826
v 0.045955 0.028569 1.241334
v 0.057024 -0.023521 1.212846
v 0.059052 -0.025751 1.205223
v 0.065398 -0.013086 1.186374
v 0.065941 -0.007964 1.181326
v 0.054922 -0.046172 1.192840
v 0.054036 -0.048050 1.193304
v 0.056827 -0.044195 1.187763
v 0.055843 -0.046351 1.188414
v 0.058208 -0.042184 1.182685
v 0.057685 -0.042228 1.187333
v 0.060004 -0.037696 1.181680
v 0.061686 -0.032986 1.175991
v 0.062861 -0.027738 1.170267
v 0.063533 -0.021938 1.164584
v 0.060906 -0.033681 1.187485
v 0.061110 -0.020274 1.203190
v 0.062109 -0.014500 1.202546
v 0.062340 -0.008842 1.202598
v 0.059123 -0.039947 1.182094
v 0.060051 -0.037636 1.176865
v 0.051571 -0.058725 1.185204
v 0.051521 -0.057710 1.187968
v 0.052044 -0.057492 1.184302
v 0.052312 -0.057274 1.180613
v 0.052517 -0.055536 1.186285
v 0.053030 -0.055117 1.182446
v 0.053277 -0.054697 1.178589
v 0.053263 -0.054266 1.174720
v 0.060960 -0.035098 1.176301
v 0.062163 -0.030107 1.170518
v 0.062883 -0.024568 1.164721
v 0.065218 -0.005661 1.187367
v 0.061434 -0.032468 1.170939
v 0.057567 -0.042729 1.170605
v 0.057400 -0.041255 1.165956
v 0.062198 -0.027193 1.165067
v 0.058426 -0.037636 1.164120
v 0.058855 -0.031807 1.157505
v 0.051657 -0.058371 1.174341
v 0.051187 -0.058244 1.170739
v 0.050470 -0.058111 1.167172
v 0.057910 -0.035819 1.159287
v 0.057988 -0.029629 1.152514
v 0.051601 -0.056579 1.169529
v 0.050863 -0.056327 1.165878
v 0.051676 -0.052869 1.163155
v 0.053875 -0.034971 1.147474
v 0.047853 -0.051315 1.152065
v 0.046121 -0.050788 1.148584
v 0.047221 -0.055516 1.155377
v 0.045569 -0.055241 1.152104
v 0.046913 -0.057686 1.156948
v 0.045300 -0.057542 1.153776
v 0.046767 -0.058839 1.157646
v 0.045172 -0.058764 1.154518
v 0.039925 -0.049488 1.139332
v 0.039736 -0.054562 1.143507
v 0.039647 -0.057185 1.145500
v 0.039606 -0.058578 1.146387
v 0.036826 -0.060700 1.144151
v 0.035183 -0.060100 1.142392
v 0.035179 -0.058148 1.141541
v 0.032152 -0.058114 1.138977
v 0.035177 -0.056062 1.140185
v 0.032151 -0.055969 1.137704
v 0.035178 -0.054629 1.139133
v 0.032151 -0.054491 1.136707
v 0.035180 -0.052379 1.137390
v 0.032154 -0.052170 1.135044
v 0.035187 -0.049590 1.135175
v 0.032162 -0.049300 1.132914
v 0.035208 -0.044545 1.131210
v 0.032183 -0.044130 1.129066
v 0.033682 -0.040072 1.126926
v 0.031847 -0.040531 1.126261
v 0.029747 -0.041014 1.125552
v 0.028952 -0.043751 1.127104
v 0.027394 -0.041506 1.124823
v 0.025549 -0.043412 1.125351
v 0.024803 -0.041991 1.124092
v 0.022085 -0.042439 1.123404
v 0.018954 -0.042875 1.122712
v 0.021973 -0.048590 1.127392
v 0.018295 -0.048414 1.126030
v 0.018291 -0.051532 1.127918
v 0.014499 -0.048269 1.124917
v 0.014495 -0.051428 1.126766
v 0.010613 -0.048157 1.124064
v 0.010611 -0.051347 1.125884
v 0.006663 -0.048080 1.123478
v 0.006661 -0.051292 1.125277
v 0.002672 -0.048038 1.123160
v 0.002671 -0.051261 1.124949
v -0.001336 -0.048032 1.123115
v -0.001336 -0.051257 1.124902
v -0.005336 -0.048062 1.123342
v -0.005334 -0.051279 1.125137
v -0.009302 -0.048127 1.123839
v -0.009300 -0.051326 1.125651
v -0.013212 -0.048228 1.124603
v -0.013209 -0.051398 1.126442
v -0.017041 -0.048362 1.125630
v -0.017037 -0.051495 1.127505
v -0.020766 -0.048528 1.126913
v -0.020762 -0.051615 1.128831
v -0.025534 -0.048798 1.129006
v -0.025529 -0.051809 1.130997
v -0.030030 -0.049120 1.131513
v -0.030024 -0.052041 1.133593
v -0.032854 -0.049362 1.133401
v -0.032846 -0.052215 1.135549
v -0.035524 -0.049625 1.135450
v -0.035514 -0.052404 1.137672
v -0.035508 -0.054646 1.139422
v -0.035506 -0.056073 1.140479
v -0.032841 -0.055989 1.138237
v -0.032842 -0.058121 1.139527
v -0.030022 -0.058093 1.137398
v -0.030025 -0.060100 1.138158
v -0.027182 -0.060700 1.136386
v -0.031773 -0.060700 1.139608
v 0.035400 -0.060700 1.142744
v 0.033719 -0.060700 1.141217
v 0.032154 -0.060100 1.139771
v 0.031780 -0.060700 1.139613
v 0.028930 -0.060100 1.137394
v 0.027194 -0.060700 1.136394
v 0.025531 -0.060100 1.135274
v 0.022168 -0.060700 1.133636
v 0.021977 -0.060100 1.133425
v 0.018291 -0.060100 1.131858
v 0.018289 -0.058009 1.131227
v 0.014493 -0.057991 1.129977
v 0.014493 -0.055636 1.128978
v 0.010608 -0.055599 1.128049
v 0.010609 -0.053945 1.127256
v 0.006660 -0.053908 1.126630
v 0.016862 -0.060700 1.131453
v 0.014493 -0.060100 1.130582
v 0.010608 -0.057978 1.129019
v 0.006660 -0.055574 1.127411
v 0.002670 -0.053887 1.126292
v 0.011361 -0.060700 1.129879
v 0.010609 -0.060100 1.129605
v 0.006659 -0.057968 1.128361
v 0.002670 -0.055561 1.127065
v -0.001335 -0.053885 1.126243
v 0.006660 -0.060100 1.128933
v 0.005724 -0.060700 1.128926
v 0.002670 -0.057963 1.128005
v 0.002670 -0.060100 1.128569
v -0.001335 -0.057962 1.127954
v -0.001335 -0.060100 1.128517
v -0.005333 -0.057966 1.128209
v -0.005333 -0.060100 1.128777
v -0.009298 -0.057974 1.128766
v -0.009298 -0.060100 1.129346
v -0.013206 -0.057986 1.129625
v -0.013207 -0.060100 1.130222
v -0.017035 -0.058003 1.130778
v -0.017036 -0.060100 1.131400
v -0.020760 -0.058023 1.132219
v -0.020762 -0.060100 1.132870
v -0.025528 -0.058055 1.134573
v -0.022155 -0.060700 1.133630
v -0.025531 -0.060100 1.135274
v 0.000007 -0.060700 1.128606
v -0.005710 -0.060700 1.128925
v -0.011347 -0.060700 1.129876
v -0.016849 -0.060700 1.131448
v -0.032844 -0.060100 1.140333
v -0.033715 -0.060700 1.141213
v -0.035507 -0.060100 1.142697
v -0.035398 -0.060700 1.142742
v -0.036826 -0.060700 1.144151
v -0.035506 -0.058152 1.141842
v -0.035552 -0.044596 1.131475
v -0.032876 -0.044220 1.129529
v -0.030049 -0.043873 1.127735
v -0.025549 -0.043412 1.125351
v -0.020779 -0.043025 1.123361
v -0.018951 -0.042875 1.122711
v -0.012705 -0.043510 1.121633
v -0.036509 -0.039290 1.128047
v -0.035240 -0.039653 1.127528
v -0.033682 -0.040072 1.126926
v -0.031846 -0.040531 1.126260
v -0.029746 -0.041014 1.125552
v -0.027393 -0.041506 1.124822
v -0.024801 -0.041991 1.124091
v -0.021981 -0.042453 1.123380
v -0.006379 -0.043838 1.120944
v 0.000000 -0.043852 1.120655
v 0.006380 -0.043838 1.120944
v 0.012707 -0.043510 1.121633
v 0.035240 -0.039653 1.127529
v 0.036509 -0.039290 1.128047
v 0.028927 -0.058083 1.136649
v 0.028926 -0.055884 1.135448
v 0.025527 -0.055807 1.133436
v 0.025527 -0.054252 1.132530
v 0.021971 -0.055740 1.131679
v 0.021971 -0.054152 1.130809
v 0.018289 -0.055683 1.130191
v 0.018290 -0.054068 1.129353
v 0.014493 -0.053998 1.128166
v 0.028926 -0.054365 1.134500
v 0.028928 -0.051979 1.132906
v 0.028934 -0.049035 1.130849
v 0.025528 -0.058055 1.134574
v 0.021974 -0.058030 1.132761
v 0.025529 -0.051809 1.130998
v 0.025534 -0.048798 1.129006
v 0.021971 -0.051659 1.129329
v -0.001335 -0.055559 1.127016
v -0.005333 -0.055568 1.127263
v -0.009298 -0.055590 1.127804
v -0.013206 -0.055622 1.128637
v -0.017035 -0.055666 1.129756
v -0.020760 -0.055720 1.131153
v -0.025527 -0.055807 1.133436
v -0.030021 -0.055911 1.136174
v -0.005333 -0.053899 1.126485
v -0.009298 -0.053930 1.127015
v -0.013207 -0.053978 1.127831
v -0.017035 -0.054043 1.128927
v -0.020760 -0.054122 1.130295
v -0.025527 -0.054252 1.132530
v -0.030021 -0.054405 1.135210
v -0.032842 -0.054521 1.137228
v -0.026061 -0.044998 1.260500
v -0.029964 -0.042995 1.253843
v -0.026040 -0.045431 1.254378
v -0.029945 -0.043615 1.248626
v -0.026026 -0.045937 1.249575
v -0.029932 -0.044517 1.243454
v -0.026016 -0.046668 1.244805
v -0.029926 -0.045519 1.239285
v -0.026012 -0.047483 1.240950
v -0.029925 -0.046827 1.235216
v -0.026013 -0.048552 1.237172
v -0.029927 -0.047623 1.233239
v -0.026015 -0.049208 1.235329
v -0.029931 -0.048534 1.231319
v -0.026020 -0.049962 1.233531
v -0.029936 -0.049579 1.229477
v -0.026025 -0.050833 1.231796
v -0.029944 -0.050779 1.227741
v -0.026033 -0.051841 1.230145
v -0.029954 -0.052151 1.226148
v -0.026042 -0.053007 1.228613
v -0.029966 -0.053710 1.224743
v -0.026054 -0.054351 1.227240
v -0.029981 -0.055455 1.223569
v -0.026068 -0.055883 1.226074
v -0.029998 -0.057368 1.222657
v -0.026083 -0.057600 1.225164
v -0.030025 -0.060100 1.221842
v -0.026108 -0.060100 1.224391
v -0.029455 -0.060700 1.222116
v -0.024606 -0.060700 1.225121
v -0.034153 -0.039814 1.253143
v -0.034137 -0.040581 1.247388
v -0.034126 -0.041705 1.241694
v -0.034120 -0.042952 1.237117
v -0.034119 -0.044569 1.232667
v -0.034120 -0.045548 1.230516
v -0.034123 -0.046664 1.228437
v -0.034127 -0.047936 1.226456
v -0.034133 -0.049387 1.224607
v -0.034140 -0.051030 1.222934
v -0.034150 -0.052871 1.221487
v -0.034161 -0.054894 1.220300
v -0.034175 -0.057065 1.219384
v -0.034196 -0.060100 1.218508
v -0.033938 -0.060700 1.218595
v -0.021977 -0.060100 1.226575
v -0.019447 -0.060700 1.227573
v -0.017665 -0.060100 1.228376
v -0.014049 -0.060700 1.229436
v -0.013207 -0.060100 1.229778
v -0.008490 -0.060700 1.230688
v -0.008640 -0.060100 1.230770
v -0.004003 -0.060100 1.231344
v -0.004002 -0.058233 1.232031
v 0.000668 -0.058247 1.232181
v 0.000668 -0.057079 1.233100
v 0.005331 -0.057033 1.232828
v 0.000668 -0.056137 1.234251
v 0.005331 -0.056068 1.233979
v 0.000668 -0.055392 1.235540
v 0.005330 -0.055300 1.235272
v 0.000668 -0.054800 1.236907
v 0.005329 -0.054686 1.236645
v 0.000667 -0.054325 1.238319
v 0.005329 -0.054191 1.238066
v 0.000667 -0.053940 1.239758
v 0.005328 -0.053787 1.239516
v 0.000667 -0.053623 1.241214
v 0.005328 -0.053453 1.240985
v 0.000667 -0.053362 1.242681
v 0.005327 -0.053177 1.242467
v 0.000667 -0.052961 1.245633
v 0.005326 -0.052749 1.245451
v 0.000667 -0.052674 1.248600
v 0.005325 -0.052442 1.248452
v 0.000667 -0.052421 1.252233
v 0.005324 -0.052170 1.252130
v 0.000666 -0.052225 1.255870
v 0.005323 -0.051963 1.255813
v 0.000666 -0.051996 1.260500
v 0.009926 -0.051044 1.260500
v 0.014455 -0.049950 1.260500
v 0.018868 -0.048456 1.260500
v 0.023129 -0.046573 1.260500
v 0.027205 -0.044315 1.260500
v 0.031063 -0.041703 1.260500
v 0.034671 -0.038755 1.260500
v 0.034650 -0.039390 1.253049
v 0.034637 -0.040176 1.247223
v 0.034626 -0.041330 1.241459
v 0.031006 -0.043851 1.243037
v 0.031000 -0.044911 1.238771
v 0.027151 -0.046950 1.240498
v 0.027152 -0.048084 1.236641
v 0.023096 -0.049633 1.238402
v 0.023099 -0.050200 1.236643
v 0.018858 -0.051387 1.238222
v 0.018861 -0.051926 1.236592
v 0.014462 -0.052775 1.237924
v 0.014465 -0.053303 1.236398
v 0.009940 -0.053850 1.237423
v 0.009942 -0.054397 1.235979
v -0.002824 -0.060700 1.231316
v 0.000668 -0.060100 1.231496
v 0.005332 -0.058222 1.231911
v 0.009951 -0.058159 1.231223
v 0.009948 -0.056916 1.232138
v 0.014480 -0.056729 1.231037
v 0.014476 -0.055614 1.232190
v 0.018883 -0.055233 1.230691
v 0.018876 -0.054185 1.232022
v 0.023123 -0.053543 1.230163
v 0.023115 -0.052507 1.231657
v 0.027172 -0.051553 1.229492
v 0.027164 -0.050493 1.231165
v 0.031011 -0.049190 1.228759
v 0.031005 -0.048090 1.230634
v 0.034624 -0.046413 1.228052
v 0.034622 -0.045270 1.230153
v 0.002887 -0.060700 1.231313
v 0.005333 -0.060100 1.231223
v 0.009954 -0.060100 1.230529
v 0.014486 -0.058057 1.230124
v 0.018891 -0.056473 1.229535
v 0.023132 -0.054752 1.228809
v 0.027182 -0.052775 1.227943
v 0.031019 -0.050448 1.226996
v 0.034628 -0.047716 1.226052
v 0.008552 -0.060700 1.230677
v 0.014109 -0.060700 1.229419
v 0.014494 -0.060100 1.229418
v 0.018900 -0.057919 1.228624
v 0.023144 -0.056151 1.227648
v 0.027194 -0.054177 1.226562
v 0.031029 -0.051885 1.225384
v 0.034634 -0.049200 1.224188
v 0.018914 -0.060100 1.227901
v 0.019505 -0.060700 1.227549
v 0.023178 -0.060100 1.225989
v 0.024661 -0.060700 1.225091
v 0.027251 -0.060100 1.223699
v 0.029505 -0.060700 1.222081
v 0.031073 -0.057296 1.221878
v 0.031100 -0.060100 1.221049
v 0.034673 -0.057025 1.218946
v 0.033575 -0.060700 1.218914
v 0.034693 -0.060100 1.218061
v 0.035156 -0.060700 1.217495
v 0.036425 -0.060700 1.216264
v 0.031689 -0.060700 1.220462
v 0.034660 -0.054819 1.219863
v 0.034650 -0.052759 1.221051
v 0.034641 -0.050880 1.222504
v 0.034620 -0.044266 1.232327
v 0.034621 -0.042608 1.236828
v -0.003991 -0.051846 1.260500
v -0.003992 -0.052080 1.255838
v -0.008617 -0.051529 1.255717
v -0.008619 -0.051756 1.251960
v -0.013171 -0.050848 1.251587
v -0.013172 -0.051217 1.247675
v -0.017610 -0.050031 1.246925
v -0.017611 -0.050551 1.243565
v -0.021900 -0.049164 1.242380
v -0.021902 -0.050029 1.238854
v -0.008615 -0.051281 1.260500
v -0.013170 -0.050579 1.255509
v -0.017611 -0.049567 1.251062
v -0.021901 -0.048510 1.245965
v -0.013171 -0.050304 1.260500
v -0.017615 -0.049237 1.255214
v -0.021907 -0.047926 1.250389
v -0.017621 -0.048923 1.260500
v -0.021915 -0.047516 1.254836
v -0.021929 -0.047150 1.260500
v -0.021958 -0.057798 1.227316
v -0.017653 -0.057962 1.229093
v -0.013200 -0.058090 1.230479
v -0.008637 -0.058181 1.231462
v -0.021946 -0.056250 1.228226
v -0.017645 -0.056553 1.230004
v -0.013196 -0.056789 1.231393
v -0.008636 -0.056956 1.232378
v -0.004001 -0.057053 1.232949
v -0.021936 -0.054899 1.229385
v -0.017638 -0.055352 1.231160
v -0.013192 -0.055705 1.232546
v -0.008634 -0.055954 1.233530
v -0.004000 -0.056099 1.234100
v -0.021927 -0.053740 1.230732
v -0.017632 -0.054344 1.232484
v -0.013188 -0.054815 1.233855
v -0.008632 -0.055148 1.234827
v -0.004000 -0.055341 1.235391
v -0.021919 -0.052751 1.232212
v -0.017627 -0.053500 1.233923
v -0.013185 -0.054084 1.235261
v -0.008630 -0.054498 1.236210
v -0.003999 -0.054737 1.236761
v -0.021913 -0.051906 1.233789
v -0.017622 -0.052791 1.235439
v -0.013183 -0.053480 1.236730
v -0.008629 -0.053968 1.237646
v -0.003999 -0.054251 1.238178
v -0.021908 -0.051184 1.235433
v -0.017619 -0.052192 1.237008
v -0.013180 -0.052977 1.238240
v -0.008628 -0.053533 1.239116
v -0.003998 -0.053855 1.239624
v -0.021905 -0.050564 1.237126
v -0.017616 -0.051682 1.238615
v -0.013178 -0.052554 1.239779
v -0.008626 -0.053172 1.240607
v -0.003997 -0.053529 1.241087
v -0.017613 -0.051247 1.240247
v -0.013174 -0.051633 1.244492
v -0.008621 -0.052058 1.248209
v -0.003993 -0.052282 1.252176
v -0.013176 -0.052197 1.241338
v -0.008625 -0.052869 1.242112
v -0.003997 -0.053259 1.242562
v -0.008623 -0.052399 1.245150
v -0.003995 -0.052545 1.248518
v -0.003996 -0.052843 1.245532
v 0.009946 -0.055894 1.233290
v 0.009944 -0.055067 1.234591
v 0.009938 -0.053398 1.238903
v 0.009937 -0.053021 1.240406
v 0.009936 -0.052706 1.241924
v 0.009933 -0.052213 1.244990
v 0.009931 -0.051854 1.248079
v 0.009929 -0.051535 1.251869
v 0.009928 -0.051298 1.255667
v 0.014472 -0.054694 1.233503
v 0.014468 -0.053934 1.234917
v 0.014460 -0.052330 1.239480
v 0.014458 -0.051953 1.241058
v 0.014455 -0.051355 1.244254
v 0.014453 -0.050913 1.247483
v 0.014453 -0.050520 1.251452
v 0.014453 -0.050235 1.255433
v 0.018870 -0.053303 1.233471
v 0.018865 -0.052558 1.235003
v 0.018856 -0.050926 1.239879
v 0.018853 -0.050185 1.243252
v 0.018853 -0.049630 1.246671
v 0.018856 -0.049134 1.250884
v 0.018860 -0.048783 1.255114
v 0.023114 -0.046957 1.254713
v 0.027182 -0.044770 1.254233
v 0.031036 -0.042242 1.253677
v 0.023103 -0.047392 1.250171
v 0.027166 -0.045307 1.249318
v 0.031019 -0.042896 1.248333
v 0.023097 -0.048016 1.245653
v 0.027155 -0.046085 1.244438
v 0.023094 -0.048713 1.241996
v 0.023103 -0.050856 1.234922
v 0.023108 -0.051618 1.233253
v 0.027158 -0.049575 1.232930
v 0.023157 -0.057745 1.226738
v 0.027225 -0.057537 1.224483
v 0.027208 -0.055767 1.225393
v 0.031041 -0.053511 1.223969
v 0.027154 -0.048778 1.234761
v 0.030999 -0.046292 1.234610
v 0.031056 -0.055321 1.222791
v 0.031002 -0.047131 1.232592
v -0.036808 0.042344 1.232546
v -0.035470 0.043209 1.233596
v -0.035709 0.040797 1.242174
v -0.033848 0.044201 1.234797
v -0.033006 0.043089 1.242065
v -0.031959 0.045286 1.236105
v -0.030155 0.045198 1.241964
v -0.029822 0.046426 1.237474
v -0.027451 0.047588 1.238860
v -0.025625 0.047996 1.241830
v -0.024866 0.048734 1.240217
v -0.022082 0.049828 1.241499
v -0.025554 0.046937 1.247539
v -0.020774 0.049290 1.247463
v -0.025504 0.046054 1.253278
v -0.020733 0.048413 1.253236
v -0.025483 0.045429 1.259052
v -0.020715 0.047794 1.259043
v -0.020715 0.047696 1.260500
v -0.016993 0.049241 1.259038
v -0.035601 0.039680 1.247771
v -0.032909 0.041991 1.247697
v -0.030069 0.044117 1.247629
v -0.035524 0.038769 1.253406
v -0.032842 0.041090 1.253365
v -0.030009 0.043224 1.253328
v -0.035490 0.038120 1.259077
v -0.035489 0.038007 1.260500
v -0.032813 0.040449 1.259069
v -0.029984 0.042485 1.260500
v -0.029984 0.042590 1.259062
v -0.025483 0.045328 1.260500
v -0.013171 0.050304 1.260500
v -0.013171 0.050399 1.259034
v -0.013184 0.051014 1.253190
v -0.017009 0.049858 1.253211
v -0.013211 0.051885 1.247379
v -0.017043 0.050731 1.247416
v -0.016114 0.051706 1.243649
v -0.019143 0.050830 1.242657
v -0.009271 0.051167 1.260500
v -0.009272 0.051260 1.259031
v -0.009281 0.051875 1.253175
v -0.009300 0.052744 1.247351
v -0.009807 0.053038 1.245085
v -0.013000 0.052445 1.244462
v -0.001331 0.051983 1.260500
v -0.005317 0.051820 1.259029
v -0.001331 0.052076 1.259028
v -0.001333 0.052690 1.253160
v 0.002665 0.052638 1.253161
v 0.002671 0.053507 1.247326
v 0.006661 0.053150 1.247338
v 0.003299 0.053742 1.245710
v 0.006574 0.053471 1.245502
v 0.009817 0.053036 1.245083
v 0.010611 0.052491 1.247359
v 0.013013 0.052442 1.244459
v 0.014498 0.051533 1.247390
v 0.016129 0.051702 1.243644
v 0.018299 0.050282 1.247431
v 0.019160 0.050825 1.242651
v 0.021991 0.048747 1.247480
v 0.022092 0.049824 1.241495
v 0.025626 0.047996 1.241830
v 0.024881 0.048727 1.240209
v 0.027464 0.047582 1.238853
v 0.029050 0.045939 1.241928
v 0.029831 0.046421 1.237468
v 0.032307 0.043634 1.242039
v 0.031966 0.045282 1.236101
v 0.033852 0.044199 1.234794
v 0.035380 0.041093 1.242160
v 0.035472 0.043207 1.233594
v 0.036809 0.042344 1.232546
v 0.002662 0.051932 1.260500
v 0.002662 0.052024 1.259028
v 0.006640 0.051574 1.260500
v 0.006640 0.051667 1.259029
v 0.006647 0.052281 1.253168
v 0.014455 0.049950 1.260500
v 0.014455 0.050045 1.259035
v 0.010579 0.051006 1.259032
v 0.014469 0.050661 1.253197
v 0.010589 0.051621 1.253179
v 0.018246 0.048694 1.260500
v 0.018246 0.048790 1.259040
v 0.018262 0.049408 1.253219
v 0.025483 0.045328 1.260500
v 0.025483 0.045429 1.259052
v 0.021929 0.047248 1.259045
v 0.025504 0.046054 1.253278
v 0.021948 0.047869 1.253246
v 0.025554 0.046937 1.247539
v 0.028887 0.043238 1.260500
v 0.028886 0.043343 1.259059
v 0.028910 0.043974 1.253315
v 0.028967 0.044864 1.247605
v 0.032120 0.041002 1.259067
v 0.032147 0.041641 1.253356
v 0.032213 0.042540 1.247680
v 0.035164 0.038308 1.260500
v 0.035164 0.038421 1.259076
v 0.035197 0.039069 1.253401
v 0.035273 0.039978 1.247761
v 0.000000 0.053847 1.245703
v -0.001336 0.053558 1.247325
v -0.005323 0.052434 1.253165
v -0.003296 0.053743 1.245710
v -0.005334 0.053303 1.247333
v -0.006567 0.053472 1.245503
v 0.010579 0.050913 1.260500
v -0.019546 -0.060700 1.164413
v -0.016448 -0.060700 1.161173
v -0.012822 -0.060700 1.158539
v -0.008784 -0.060700 1.156594
v -0.004464 -0.060700 1.155402
v 0.000000 -0.060700 1.155000
v 0.004464 -0.060700 1.155402
v 0.008784 -0.060700 1.156594
v 0.012822 -0.060700 1.158539
v 0.016448 -0.060700 1.161173
v 0.019546 -0.060700 1.164413
v 0.022015 -0.060700 1.168153
v 0.023776 -0.060700 1.172275
v 0.024774 -0.060700 1.176644
v 0.024975 -0.060700 1.181122
v 0.024373 -0.060700 1.185563
v 0.022988 -0.060700 1.189826
v 0.020864 -0.060700 1.193772
v 0.018070 -0.060700 1.197277
v 0.014695 -0.060700 1.200225
v 0.010847 -0.060700 1.202524
v 0.006651 -0.060700 1.204099
v 0.002241 -0.060700 1.204899
v -0.002241 -0.060700 1.204899
v -0.006651 -0.060700 1.204099
v -0.010847 -0.060700 1.202524
v -0.014695 -0.060700 1.200225
v -0.018070 -0.060700 1.197277
v -0.020864 -0.060700 1.193772
v -0.022988 -0.060700 1.189826
v -0.024373 -0.060700 1.185563
v -0.024975 -0.060700 1.181122
v -0.024774 -0.060700 1.176644
v -0.023776 -0.060700 1.172275
v -0.022015 -0.060700 1.168153
v 0.000000 -0.070700 1.155000
v 0.004464 -0.070700 1.155402
v -0.004464 -0.070700 1.155402
v 0.008784 -0.070700 1.156594
v -0.008784 -0.070700 1.156594
v 0.012822 -0.070700 1.158539
v -0.012822 -0.070700 1.158539
v 0.016448 -0.070700 1.161173
v 0.019546 -0.070700 1.164413
v 0.022015 -0.070700 1.168153
v 0.023776 -0.070700 1.172275
v 0.024774 -0.070700 1.176644
v 0.024975 -0.070700 1.181122
v 0.024373 -0.070700 1.185563
v 0.022988 -0.070700 1.189826
v 0.020864 -0.070700 1.193772
v 0.018070 -0.070700 1.197277
v -0.016448 -0.070700 1.161173
v 0.014695 -0.070700 1.200225
v 0.010847 -0.070700 1.202524
v 0.006651 -0.070700 1.204099
v 0.002241 -0.070700 1.204899
v -0.002241 -0.070700 1.204899
v -0.006651 -0.070700 1.204099
v -0.010847 -0.070700 1.202524
v -0.014695 -0.070700 1.200225
v -0.018070 -0.070700 1.197277
v -0.019546 -0.070700 1.164413
v -0.020864 -0.070700 1.193772
v -0.022015 -0.070700 1.168153
v -0.022988 -0.070700 1.189826
v -0.023776 -0.070700 1.172275
v -0.024373 -0.070700 1.185563
v -0.024774 -0.070700 1.176644
v -0.024975 -0.070700 1.181122
v -0.030498 0.046084 1.237034
v -0.034678 0.043702 1.234163
v -0.037375 0.040347 1.229983
v -0.038568 0.041148 1.231059
v -0.039343 0.038738 1.228008
v -0.040660 0.039419 1.228934
v -0.041267 0.037118 1.226016
v -0.042986 0.037436 1.226496
v -0.043130 0.035468 1.223983
v -0.045482 0.035151 1.223677
v -0.045060 0.033635 1.221719
v -0.048088 0.032513 1.220412
v -0.047708 0.030850 1.218266
v -0.050739 0.029473 1.216634
v -0.049882 0.028262 1.215047
v -0.051995 0.025430 1.211511
v -0.053364 0.025998 1.212297
v -0.054961 0.020798 1.205710
v -0.055792 0.022284 1.207646
v -0.056736 0.017639 1.201741
v -0.057992 0.018453 1.202836
v -0.058210 0.014786 1.198151
v -0.059501 0.012100 1.194769
v -0.061779 0.010711 1.193089
v -0.060850 0.009044 1.190916
v -0.061721 0.006903 1.188212
v -0.063242 0.007208 1.188667
v -0.063214 0.002560 1.182717
v -0.064357 0.004108 1.184747
v -0.065164 0.001350 1.181251
v -0.026027 0.048243 1.239607
v -0.021266 0.050127 1.241815
v -0.016235 0.051679 1.243588
v -0.010963 0.052847 1.244858
v -0.005523 0.053581 1.245567
v 0.000000 0.053851 1.245678
v -0.064207 -0.001820 1.177153
v -0.065703 -0.001145 1.178081
v -0.066019 -0.003564 1.174998
v -0.064457 -0.004106 1.174237
v -0.066106 -0.005979 1.171911
v -0.064493 -0.006404 1.171297
v -0.065946 -0.008398 1.168808
v -0.064283 -0.008789 1.168237
v -0.065517 -0.010807 1.165706
v -0.063794 -0.011187 1.165146
v -0.064815 -0.013177 1.162643
v -0.063024 -0.013552 1.162087
v -0.063865 -0.015491 1.159640
v -0.061998 -0.015875 1.159070
v -0.062682 -0.017777 1.156664
v -0.060727 -0.018186 1.156057
v -0.061211 -0.020164 1.153547
v -0.059207 -0.020520 1.153005
v -0.059451 -0.022624 1.150322
v -0.058574 -0.021407 1.151843
v -0.057110 -0.023302 1.149356
v -0.057419 -0.025102 1.147065
v -0.055185 -0.025523 1.146430
v -0.055129 -0.027538 1.143849
v -0.052507 -0.028199 1.142892
v -0.052610 -0.029867 1.140761
v -0.050036 -0.031927 1.138016
v -0.049117 -0.031036 1.139116
v -0.047484 -0.033708 1.135627
v -0.045694 -0.033408 1.135934
v -0.044985 -0.035247 1.133551
v -0.043694 -0.034617 1.134302
v -0.042572 -0.036581 1.131741
v -0.041753 -0.035692 1.132843
v -0.040275 -0.037747 1.130151
v -0.039569 -0.036811 1.131319
v -0.038126 -0.038781 1.128736
v -0.037600 -0.037766 1.130012
v -0.037227 -0.037929 1.129789
v -0.036804 -0.038072 1.129586
v -0.034351 -0.039876 1.127174
v -0.032807 -0.039194 1.127981
v -0.030169 -0.040902 1.125682
v -0.028700 -0.040164 1.126565
v -0.025621 -0.041828 1.124304
v -0.024512 -0.040988 1.125332
v -0.020745 -0.042618 1.123085
v -0.020226 -0.041669 1.124278
v -0.015641 -0.043234 1.122079
v -0.015281 -0.042261 1.123309
v -0.010470 -0.043645 1.121333
v -0.010196 -0.042660 1.122583
v -0.005251 -0.043847 1.120853
v -0.005108 -0.042854 1.122118
v 0.000000 -0.043835 1.120645
v 0.000000 -0.042842 1.121916
v 0.005522 0.053581 1.245567
v 0.010962 0.052847 1.244859
v 0.016233 0.051679 1.243588
v 0.021265 0.050127 1.241816
v 0.026026 0.048244 1.239607
v 0.030497 0.046085 1.237034
v 0.034678 0.043702 1.234163
v 0.037375 0.040347 1.229983
v 0.038568 0.041148 1.231059
v 0.039344 0.038738 1.228007
v 0.040701 0.039385 1.228893
v 0.041268 0.037117 1.226015
v 0.043063 0.037368 1.226412
v 0.043131 0.035467 1.223982
v 0.045595 0.035043 1.223544
v 0.045061 0.033633 1.221717
v 0.048235 0.032354 1.220214
v 0.047710 0.030849 1.218265
v 0.049884 0.028261 1.215045
v 0.050922 0.029246 1.216351
v 0.051998 0.025425 1.211506
v 0.053592 0.025670 1.211887
v 0.054962 0.020798 1.205710
v 0.056069 0.021823 1.207068
v 0.056738 0.017634 1.201736
v 0.058294 0.017888 1.202126
v 0.058301 0.014597 1.197914
v 0.060278 0.013961 1.197185
v 0.059487 0.012132 1.194809
v 0.062018 0.010166 1.192401
v 0.060851 0.009044 1.190915
v 0.061721 0.006903 1.188212
v 0.063413 0.006764 1.188106
v 0.063214 0.002560 1.182717
v 0.064473 0.003750 1.184294
v 0.065236 0.001062 1.180886
v 0.064207 -0.001820 1.177153
v 0.065743 -0.001381 1.177780
v 0.066035 -0.003763 1.174744
v 0.064457 -0.004106 1.174237
v 0.066103 -0.006142 1.171701
v 0.064493 -0.006404 1.171298
v 0.065930 -0.008525 1.168645
v 0.064283 -0.008789 1.168237
v 0.065495 -0.010897 1.165590
v 0.063793 -0.011206 1.165122
v 0.064796 -0.013230 1.162574
v 0.063024 -0.013552 1.162087
v 0.063856 -0.015509 1.159617
v 0.061998 -0.015875 1.159070
v 0.062692 -0.017760 1.156686
v 0.060735 -0.018173 1.156074
v 0.061241 -0.020118 1.153607
v 0.059207 -0.020520 1.153005
v 0.059503 -0.022557 1.150410
v 0.058578 -0.021402 1.151850
v 0.057115 -0.023295 1.149364
v 0.057488 -0.025023 1.147169
v 0.055224 -0.025479 1.146488
v 0.055212 -0.027456 1.143957
v 0.052511 -0.028195 1.142897
v 0.052693 -0.029795 1.140856
v 0.050105 -0.031875 1.138084
v 0.049127 -0.031029 1.139126
v 0.047537 -0.033672 1.135675
v 0.045696 -0.033407 1.135936
v 0.045024 -0.035224 1.133581
v 0.043696 -0.034616 1.134303
v 0.042596 -0.036568 1.131758
v 0.041753 -0.035692 1.132844
v 0.040286 -0.037741 1.130158
v 0.039570 -0.036810 1.131320
v 0.038126 -0.038781 1.128736
v 0.037439 -0.037839 1.129912
v 0.037187 -0.037943 1.129768
v 0.036809 -0.038072 1.129587
v 0.034361 -0.039873 1.127178
v 0.032808 -0.039194 1.127981
v 0.030187 -0.040898 1.125688
v 0.028703 -0.040163 1.126566
v 0.025643 -0.041824 1.124310
v 0.024514 -0.040987 1.125333
v 0.020768 -0.042615 1.123090
v 0.020227 -0.041668 1.124279
v 0.015658 -0.043233 1.122082
v 0.015246 -0.042263 1.123305
v 0.010481 -0.043645 1.121335
v 0.010196 -0.042660 1.122583
v 0.005257 -0.043847 1.120854
v 0.005109 -0.042854 1.122118
v -0.037339 0.041068 1.227750
v -0.035423 0.041891 1.230743
v -0.037210 0.040975 1.227167
v -0.035354 0.042343 1.229038
v -0.035431 0.042319 1.229152
v -0.037258 0.041141 1.227598
v -0.037222 0.041091 1.227361
v -0.037711 0.040787 1.227427
v -0.042900 0.036476 1.221941
v -0.043900 0.035139 1.222013
v -0.047529 0.031949 1.216196
v -0.049962 0.028725 1.213587
v -0.051472 0.027162 1.210118
v -0.052262 0.025872 1.209195
v -0.052829 0.024310 1.209768
v -0.054806 0.022185 1.203791
v -0.054592 0.022071 1.205191
v -0.057663 0.017118 1.197336
v -0.059630 0.012617 1.193097
v -0.060149 0.011992 1.190796
v -0.060679 0.010139 1.190352
v -0.062269 0.006806 1.184172
v -0.061625 0.007700 1.187675
v -0.062492 0.005020 1.185245
v -0.063045 0.004356 1.181302
v -0.063730 0.001122 1.179328
v -0.063794 0.001519 1.177416
v -0.063928 0.000511 1.177478
v -0.064094 -0.000204 1.175662
v -0.064230 -0.001160 1.173993
v -0.064388 -0.003839 1.170572
v -0.064239 -0.006512 1.167160
v -0.064159 -0.007202 1.166368
v -0.063978 -0.008848 1.165287
v -0.063757 -0.009171 1.163766
v -0.063741 -0.010601 1.164393
v -0.062922 -0.011835 1.160385
v -0.062530 -0.014636 1.160457
v -0.061861 -0.015118 1.157924
v -0.061766 -0.014425 1.157058
v -0.061117 -0.015767 1.155583
v -0.060341 -0.016963 1.153813
v -0.059824 -0.018727 1.153488
v -0.058705 -0.019430 1.150682
v -0.056829 -0.021864 1.147540
v -0.054760 -0.024234 1.144505
v -0.052469 -0.026530 1.141563
v -0.049942 -0.028736 1.138737
v -0.047173 -0.030828 1.136057
v -0.044180 -0.032790 1.133545
v -0.044480 -0.033580 1.134503
v -0.040980 -0.034619 1.131204
v -0.037496 -0.036416 1.128909
v 0.037620 -0.036358 1.128988
v 0.040992 -0.034612 1.131213
v 0.044204 -0.032775 1.133563
v 0.044481 -0.033581 1.134505
v 0.047171 -0.030830 1.136055
v 0.049908 -0.028764 1.138701
v 0.052423 -0.026571 1.141510
v 0.054699 -0.024296 1.144425
v 0.056765 -0.021940 1.147443
v 0.058683 -0.019457 1.150637
v 0.060316 -0.017008 1.153755
v 0.061119 -0.015775 1.155595
v 0.061732 -0.014503 1.156960
v 0.062659 -0.013963 1.160554
v 0.062879 -0.011937 1.160234
v 0.063128 -0.011299 1.161113
v 0.063979 -0.008851 1.165290
v 0.063738 -0.009247 1.163663
v 0.064159 -0.007205 1.166371
v 0.064237 -0.006540 1.167124
v 0.064390 -0.003894 1.170502
v 0.064243 -0.001260 1.173866
v 0.064094 -0.000206 1.175665
v 0.063928 0.000508 1.177480
v 0.063809 0.001459 1.177335
v 0.063730 0.001120 1.179330
v 0.063045 0.004351 1.181307
v 0.062685 0.004823 1.183932
v 0.062300 0.006712 1.184050
v 0.061625 0.007699 1.187675
v 0.060188 0.011907 1.190695
v 0.060680 0.010128 1.190359
v 0.057676 0.017093 1.197304
v 0.054805 0.022188 1.203802
v 0.052831 0.024304 1.209770
v 0.052264 0.025867 1.209197
v 0.051479 0.027155 1.210109
v 0.049964 0.028721 1.213589
v 0.047575 0.031899 1.216133
v 0.043901 0.035137 1.222014
v 0.042916 0.036461 1.221922
v 0.040671 0.037879 1.225893
v 0.037711 0.040787 1.227427
v 0.037339 0.041068 1.227750
v 0.035426 0.041888 1.230742
v 0.034401 -0.038659 1.128511
v 0.036812 -0.036677 1.128564
v 0.032451 -0.037988 1.126905
v 0.028056 -0.039064 1.125488
v 0.023517 -0.039994 1.124284
v 0.023360 -0.040782 1.124760
v 0.018890 -0.040760 1.123290
v 0.015362 -0.041871 1.123086
v 0.014192 -0.041363 1.122508
v 0.009451 -0.041795 1.121946
v 0.004691 -0.042055 1.121607
v -0.000065 -0.042140 1.121496
v -0.004817 -0.042050 1.121613
v -0.009569 -0.041786 1.121957
v -0.014295 -0.041352 1.122522
v -0.018970 -0.040748 1.123306
v -0.023570 -0.039985 1.124296
v -0.028081 -0.039060 1.125494
v -0.032497 -0.037961 1.126912
v -0.033105 -0.038427 1.127594
v -0.036814 -0.036683 1.128568
v 0.037209 0.040976 1.227168
v 0.042516 0.036568 1.221526
v 0.047111 0.032087 1.215791
v 0.051008 0.027374 1.209758
v 0.054310 0.022463 1.203473
v 0.057167 0.017413 1.197009
v 0.059661 0.012282 1.190441
v 0.061784 0.007088 1.183794
v 0.063300 0.001843 1.177080
v 0.063731 -0.000794 1.173705
v 0.063891 -0.003441 1.170316
v 0.063744 -0.006100 1.166914
v 0.063257 -0.008769 1.163498
v 0.062422 -0.011406 1.160123
v 0.061278 -0.013976 1.156833
v 0.059862 -0.016487 1.153619
v 0.058213 -0.018948 1.150469
v 0.056358 -0.021364 1.147377
v 0.054296 -0.023722 1.144359
v 0.052023 -0.025999 1.141444
v 0.049533 -0.028172 1.138662
v 0.046814 -0.030229 1.136030
v 0.043857 -0.032169 1.133547
v 0.040665 -0.033994 1.131210
v 0.036959 -0.035908 1.128763
v 0.032284 -0.037305 1.126973
v 0.027892 -0.038403 1.125568
v 0.023410 -0.039329 1.124383
v 0.018843 -0.040093 1.123405
v 0.014187 -0.040699 1.122628
v 0.009468 -0.041138 1.122067
v 0.004737 -0.041401 1.121730
v 0.000011 -0.041489 1.121617
v -0.004712 -0.041402 1.121728
v -0.009431 -0.041141 1.122063
v -0.014146 -0.040704 1.122622
v -0.018814 -0.040097 1.123399
v -0.023394 -0.039332 1.124379
v -0.027886 -0.038404 1.125566
v -0.032282 -0.037305 1.126973
v -0.036962 -0.035907 1.128764
v -0.040642 -0.034007 1.131194
v -0.043812 -0.032197 1.133511
v -0.046763 -0.030265 1.135984
v -0.049489 -0.028208 1.138617
v -0.051995 -0.026023 1.141413
v -0.054280 -0.023736 1.144340
v -0.056342 -0.021381 1.147354
v -0.058196 -0.018971 1.150439
v -0.059847 -0.016508 1.153592
v -0.061269 -0.013983 1.156824
v -0.062424 -0.011391 1.160141
v -0.063259 -0.008760 1.163508
v -0.063742 -0.006119 1.166889
v -0.063891 -0.003466 1.170284
v -0.063732 -0.000800 1.173697
v -0.063294 0.001869 1.177113
v -0.061772 0.007127 1.183844
v -0.059660 0.012284 1.190444
v -0.057185 0.017379 1.196965
v -0.054342 0.022410 1.203405
v -0.051027 0.027346 1.209722
v -0.047107 0.032091 1.215796
v -0.042505 0.036578 1.221539
v -0.037187 -0.036545 1.128736
v 0.037242 -0.036526 1.128764
v 0.037514 0.040965 1.227407
v 0.037258 0.041141 1.227598
v 0.037386 0.041030 1.227368
v 0.037220 0.041093 1.227363
v 0.037496 0.040899 1.227132
v 0.041151 0.038004 1.223676
v 0.041061 0.038046 1.223560
v 0.040950 0.038048 1.223455
v 0.045786 0.033637 1.217812
v 0.042636 0.036602 1.221606
v 0.049283 0.029783 1.212883
v 0.047245 0.032115 1.215866
v 0.045909 0.033626 1.217916
v 0.042751 0.036598 1.221711
v 0.042843 0.036552 1.221827
v 0.052875 0.024958 1.206710
v 0.051153 0.027395 1.209828
v 0.049415 0.029762 1.212984
v 0.047371 0.032100 1.215969
v 0.047470 0.032041 1.216086
v 0.046005 0.033571 1.218033
v 0.055945 0.019962 1.200319
v 0.054465 0.022477 1.203537
v 0.053017 0.024926 1.206810
v 0.051291 0.027369 1.209929
v 0.051395 0.027296 1.210046
v 0.049516 0.029696 1.213101
v 0.058621 0.014861 1.193792
v 0.057329 0.017422 1.197069
v 0.056094 0.019922 1.200417
v 0.054611 0.022441 1.203635
v 0.054718 0.022356 1.203752
v 0.053123 0.024847 1.206926
v 0.061299 0.008827 1.186070
v 0.059828 0.012286 1.190497
v 0.058775 0.014814 1.193888
v 0.057481 0.017378 1.197165
v 0.057589 0.017285 1.197282
v 0.056202 0.019833 1.200534
v 0.062544 0.005339 1.181606
v 0.063475 0.001832 1.177118
v 0.063908 -0.000811 1.173735
v 0.064069 -0.003467 1.170337
v 0.063923 -0.006134 1.166924
v 0.063436 -0.008812 1.163497
v 0.062599 -0.011458 1.160111
v 0.061453 -0.014036 1.156812
v 0.060034 -0.016554 1.153589
v 0.058380 -0.019021 1.150432
v 0.056521 -0.021443 1.147332
v 0.054453 -0.023806 1.144307
v 0.052174 -0.026088 1.141386
v 0.049678 -0.028267 1.138597
v 0.046951 -0.030329 1.135957
v 0.043985 -0.032275 1.133466
v 0.047077 -0.030483 1.135937
v 0.044103 -0.032434 1.133439
v 0.047161 -0.030658 1.135980
v 0.044182 -0.032613 1.133478
v 0.039858 -0.035040 1.130372
v 0.037581 -0.036123 1.128881
v 0.039785 -0.034857 1.130337
v 0.037466 -0.035895 1.128883
v 0.039677 -0.034693 1.130372
v 0.049901 -0.028587 1.138633
v 0.049812 -0.028415 1.138584
v 0.052408 -0.026400 1.141434
v 0.054696 -0.024111 1.144366
v 0.056771 -0.021740 1.147403
v 0.058637 -0.019310 1.150514
v 0.060296 -0.016834 1.153682
v 0.061721 -0.014304 1.156917
v 0.062872 -0.011712 1.160229
v 0.063712 -0.009050 1.163629
v 0.064200 -0.006356 1.167072
v 0.064346 -0.003673 1.170499
v 0.064185 -0.001004 1.173910
v 0.063749 0.001651 1.177304
v 0.062815 0.005172 1.181804
v 0.061567 0.008669 1.186275
v 0.060093 0.012137 1.190707
v 0.058884 0.014718 1.194005
v 0.059983 0.012236 1.190591
v 0.061457 0.008772 1.186160
v 0.062704 0.005279 1.181692
v 0.063637 0.001765 1.177196
v 0.064072 -0.000885 1.173807
v 0.064233 -0.003548 1.170401
v 0.064088 -0.006224 1.166979
v 0.063600 -0.008911 1.163543
v 0.062763 -0.011566 1.160148
v 0.061614 -0.014152 1.156841
v 0.060192 -0.016677 1.153610
v 0.058535 -0.019149 1.150446
v 0.056671 -0.021577 1.147339
v 0.054599 -0.023945 1.144307
v 0.052315 -0.026231 1.141380
v 0.035433 0.042317 1.229150
v 0.035356 0.042341 1.229036
v 0.037211 -0.036363 1.128676
v 0.037150 -0.036176 1.128648
v 0.037057 -0.036005 1.128692
v 0.036693 -0.036208 1.128482
v 0.036778 -0.036446 1.128464
v -0.037387 0.041030 1.227368
v -0.037508 0.040970 1.227413
v -0.037496 0.040899 1.227132
v 0.032469 -0.037800 1.126828
v 0.032423 -0.037610 1.126809
v 0.032356 -0.037432 1.126864
v 0.027952 -0.038532 1.125456
v 0.023460 -0.039458 1.124269
v 0.018884 -0.040222 1.123290
v 0.014218 -0.040829 1.122513
v 0.009489 -0.041268 1.121951
v 0.004748 -0.041531 1.121613
v 0.000011 -0.041619 1.121501
v -0.004722 -0.041532 1.121612
v -0.009451 -0.041270 1.121947
v -0.014176 -0.040834 1.122507
v -0.018855 -0.040227 1.123284
v -0.023444 -0.039461 1.124265
v -0.027946 -0.038534 1.125454
v -0.032355 -0.037433 1.126864
v -0.036693 -0.036208 1.128482
v -0.032422 -0.037610 1.126809
v -0.036778 -0.036446 1.128464
v -0.032468 -0.037801 1.126827
v -0.028042 -0.038902 1.125410
v -0.028002 -0.038711 1.125395
v -0.023525 -0.039828 1.124215
v -0.023491 -0.039638 1.124204
v -0.018920 -0.040591 1.123229
v -0.018893 -0.040403 1.123221
v -0.014225 -0.041196 1.122446
v -0.014205 -0.041008 1.122442
v -0.009484 -0.041631 1.121883
v -0.009471 -0.041444 1.121881
v -0.004739 -0.041891 1.121546
v -0.004732 -0.041705 1.121545
v 0.000011 -0.041978 1.121434
v 0.000011 -0.041792 1.121433
v 0.004764 -0.041890 1.121547
v 0.004757 -0.041704 1.121546
v 0.009522 -0.041628 1.121887
v 0.009508 -0.041442 1.121884
v 0.014267 -0.041191 1.122452
v 0.014247 -0.041004 1.122448
v 0.018949 -0.040587 1.123234
v 0.018922 -0.040398 1.123227
v 0.023541 -0.039825 1.124219
v 0.023507 -0.039635 1.124208
v 0.028049 -0.038900 1.125412
v 0.028009 -0.038710 1.125397
v -0.040079 0.038769 1.224378
v -0.040188 0.038769 1.224483
v -0.040278 0.038728 1.224599
v -0.045234 0.034336 1.219006
v -0.042832 0.036562 1.221840
v -0.049523 0.029687 1.213090
v -0.047467 0.032045 1.216091
v -0.045138 0.034388 1.218889
v -0.042740 0.036607 1.221723
v -0.042625 0.036612 1.221618
v -0.053153 0.024802 1.206869
v -0.051414 0.027268 1.210010
v -0.049422 0.029753 1.212973
v -0.047368 0.032104 1.215974
v -0.047241 0.032119 1.215871
v -0.045018 0.034397 1.218785
v -0.056700 0.018941 1.199396
v -0.054751 0.022303 1.203683
v -0.053047 0.024881 1.206752
v -0.051310 0.027341 1.209894
v -0.051173 0.027367 1.209793
v -0.049289 0.029774 1.212871
v -0.058474 0.015552 1.195071
v -0.060092 0.012139 1.190710
v -0.061558 0.008697 1.186312
v -0.059982 0.012238 1.190594
v -0.061447 0.008800 1.186197
v -0.059827 0.012288 1.190500
v -0.061289 0.008855 1.186106
v -0.062532 0.005383 1.181663
v -0.063469 0.001857 1.177151
v -0.063909 -0.000818 1.173727
v -0.064070 -0.003492 1.170305
v -0.064235 -0.003574 1.170369
v -0.064086 -0.006244 1.166954
v -0.064198 -0.006376 1.167047
v -0.063714 -0.009042 1.163640
v -0.062803 0.005216 1.181861
v -0.062692 0.005323 1.181749
v -0.063744 0.001677 1.177337
v -0.063632 0.001791 1.177230
v -0.064186 -0.001010 1.173902
v -0.064348 -0.003699 1.170467
v -0.062874 -0.011698 1.160247
v -0.061711 -0.014313 1.156906
v -0.060280 -0.016855 1.153655
v -0.058620 -0.019334 1.150483
v -0.056756 -0.021757 1.147382
v -0.054681 -0.024124 1.144350
v -0.052381 -0.026424 1.141403
v -0.049857 -0.028623 1.138587
v -0.047110 -0.030695 1.135934
v -0.044137 -0.032641 1.133443
v -0.040947 -0.034463 1.131110
v -0.037580 -0.036123 1.128881
v -0.040873 -0.034281 1.131075
v -0.037466 -0.035895 1.128883
v -0.040763 -0.034118 1.131108
v -0.043940 -0.032303 1.133431
v -0.044058 -0.032462 1.133403
v -0.046899 -0.030366 1.135911
v -0.047026 -0.030519 1.135890
v -0.049634 -0.028302 1.138551
v -0.049768 -0.028451 1.138538
v -0.052148 -0.026112 1.141355
v -0.054439 -0.023820 1.144290
v -0.056505 -0.021460 1.147310
v -0.058363 -0.019045 1.150402
v -0.060018 -0.016575 1.153562
v -0.061444 -0.014044 1.156802
v -0.062601 -0.011444 1.160130
v -0.063438 -0.008804 1.163507
v -0.063921 -0.006154 1.166899
v -0.058212 0.015694 1.194858
v -0.056442 0.019073 1.199182
v -0.054498 0.022424 1.203468
v -0.052905 0.024912 1.206652
v -0.054644 0.022387 1.203566
v -0.056592 0.019031 1.199279
v -0.058365 0.015648 1.194954
v -0.064073 -0.000892 1.173799
v -0.063603 -0.008904 1.163553
v -0.062765 -0.011552 1.160166
v -0.061604 -0.014161 1.156830
v -0.060176 -0.016699 1.153583
v -0.058518 -0.019174 1.150416
v -0.056656 -0.021594 1.147318
v -0.054585 -0.023958 1.144291
v -0.052288 -0.026255 1.141349
v -0.037208 -0.036364 1.128674
v -0.037147 -0.036177 1.128647
v -0.037055 -0.036006 1.128691
vn 0.0002 -0.0000 1.0000
vn -0.0000 -0.0000 1.0000
vn -0.0002 0.0001 1.0000
vn 0.0002 -0.0001 1.0000
vn 0.0001 -0.0000 1.0000
vn -0.0001 -0.0000 1.0000
vn -0.0000 0.0002 1.0000
vn 0.0004 -0.0000 1.0000
vn -0.0002 -0.0000 1.0000
vn -0.0005 -0.0000 1.0000
vn 0.0005 -0.0001 1.0000
vn 0.0004 -0.0001 1.0000
vn -0.0004 -0.0000 1.0000
vn 0.0005 -0.0000 1.0000
vn -0.0005 0.0001 1.0000
vn -0.0000 0.0001 1.0000
vn 0.5751 0.7940 0.1971
vn 0.5811 0.7879 0.2036
vn 0.5204 0.8284 0.2073
vn 0.5215 0.8279 0.2066
vn 0.4555 0.8653 0.2093
vn 0.4517 0.8728 0.1851
vn 0.3774 0.9066 0.1889
vn 0.3647 0.9195 0.1470
vn 0.2941 0.9437 0.1512
vn 0.2863 0.9470 0.1457
vn 0.2099 0.9663 0.1491
vn 0.2185 0.9570 0.1909
vn 0.1308 0.9722 0.1942
vn 0.1334 0.9733 0.1870
vn 0.0439 0.9811 0.1883
vn 0.0443 0.9864 0.1580
vn -0.0438 0.9866 0.1572
vn -0.0443 0.9810 0.1890
vn -0.1310 0.9735 0.1873
vn -0.1308 0.9790 0.1563
vn -0.2115 0.9651 0.1546
vn -0.2120 0.9659 0.1485
vn -0.2863 0.9470 0.1457
vn -0.2939 0.9438 0.1512
vn -0.3647 0.9195 0.1470
vn -0.3775 0.9065 0.1890
vn -0.4468 0.8751 0.1857
vn -0.4579 0.8641 0.2091
vn -0.5204 0.8284 0.2072
vn -0.5198 0.8307 0.1994
vn -0.5792 0.7911 0.1966
vn -0.5725 0.7968 0.1932
vn -0.7309 0.6589 0.1778
vn -0.7270 0.6603 0.1885
vn -0.7152 0.6692 0.2016
vn -0.7352 0.6477 0.1999
vn -0.7353 0.6476 0.1999
vn -0.7381 0.6442 0.2006
vn -0.7370 0.6457 0.2001
vn -0.7317 0.6551 0.1883
vn -0.7388 0.6406 0.2094
vn -0.7520 0.6267 0.2045
vn -0.7838 0.5828 0.2146
vn -0.7905 0.5812 0.1935
vn -0.8342 0.5145 0.1983
vn -0.7351 0.6460 0.2059
vn -0.8340 0.5145 0.1992
vn -0.8527 0.4850 0.1942
vn -0.8663 0.4556 0.2049
vn -0.8668 0.4601 0.1922
vn -0.8687 0.4579 0.1889
vn -0.8546 0.4831 0.1903
vn -0.8928 0.4130 0.1799
vn -0.8920 0.4142 0.1810
vn -0.8809 0.4351 0.1862
vn -0.8813 0.4348 0.1853
vn -0.9053 0.3867 0.1759
vn -0.9176 0.3585 0.1717
vn -0.9237 0.3395 0.1776
vn -0.9298 0.3292 0.1644
vn -0.9397 0.2970 0.1696
vn -0.9411 0.2977 0.1602
vn -0.9495 0.2705 0.1591
vn -0.9512 0.2687 0.1521
vn -0.9555 0.2521 0.1533
vn -0.9615 0.2333 0.1451
vn -0.9649 0.2262 0.1331
vn -0.9718 0.1942 0.1341
vn -0.9725 0.1968 0.1241
vn -0.9781 0.1807 0.1029
vn -0.9584 0.2461 0.1446
vn -0.9805 0.1691 0.0997
vn -0.9816 0.1682 0.0906
vn -0.9846 0.1559 0.0793
vn -0.9857 0.1566 0.0626
vn -0.9915 0.1207 0.0489
vn -0.9941 0.0993 0.0441
vn -0.9948 0.0982 0.0280
vn -0.9976 0.0694 -0.0023
vn -0.9862 0.1652 -0.0061
vn -0.9986 0.0215 -0.0478
vn -0.9987 0.0212 -0.0463
vn -0.9977 0.0671 -0.0022
vn -0.9963 -0.0191 -0.0834
vn -0.9718 0.1118 -0.2078
vn -0.9886 -0.0719 -0.1324
vn -0.9855 -0.1178 -0.1222
vn -0.9807 -0.1012 -0.1675
vn -0.9745 -0.1262 -0.1856
vn -0.9671 -0.1064 -0.2313
vn -0.9639 -0.1518 -0.2187
vn -0.9572 -0.1727 -0.2321
vn -0.9533 -0.1960 -0.2297
vn -0.9449 -0.1943 -0.2634
vn -0.9392 -0.2099 -0.2718
vn -0.9296 -0.2123 -0.3013
vn -0.9272 -0.2245 -0.2999
vn -0.9149 -0.2537 -0.3140
vn -0.9141 -0.2531 -0.3167
vn -0.9019 -0.2592 -0.3456
vn -0.9832 -0.0689 -0.1692
vn -0.9489 -0.1576 -0.2735
vn -0.8801 -0.2800 -0.3834
vn -0.8922 -0.2857 -0.3499
vn -0.8632 -0.3138 -0.3955
vn -0.8558 -0.3085 -0.4152
vn -0.8455 -0.3206 -0.4271
vn -0.8362 -0.3244 -0.4422
vn -0.8261 -0.3432 -0.4469
vn -0.8221 -0.3419 -0.4553
vn -0.8018 -0.3533 -0.4819
vn -0.7996 -0.3518 -0.4867
vn -0.7859 -0.3678 -0.4970
vn -0.7788 -0.3715 -0.5054
vn -0.7646 -0.3861 -0.5161
vn -0.7623 -0.3849 -0.5204
vn -0.7333 -0.3997 -0.5500
vn -0.7527 0.0218 -0.6579
vn -0.7576 -0.2607 -0.5983
vn -0.7305 -0.4055 -0.5495
vn -0.6984 -0.4212 -0.5787
vn -0.6956 -0.4265 -0.5782
vn -0.6650 -0.4407 -0.6030
vn -0.6629 -0.4448 -0.6023
vn -0.6367 -0.4567 -0.6213
vn -0.6355 -0.4593 -0.6207
vn -0.7929 -0.4332 -0.4285
vn -0.8296 -0.3646 -0.4230
vn -0.9338 -0.2493 -0.2568
vn -0.9710 -0.1522 -0.1844
vn -0.9927 -0.0461 -0.1116
vn -0.9954 -0.0418 -0.0867
vn -0.9801 0.0106 0.1981
vn -0.9884 0.1235 0.0884
vn -0.9893 0.1321 0.0617
vn -0.8896 0.4115 0.1982
vn -0.8099 0.5496 0.2048
vn -0.7516 0.6266 0.2061
vn -0.9039 0.3881 0.1799
vn 0.6936 0.6909 0.2039
vn 0.7239 0.6693 0.1673
vn 0.7341 0.6510 0.1931
vn 0.7349 0.6494 0.1954
vn 0.7374 0.6450 0.2007
vn 0.7356 0.6452 0.2064
vn 0.7398 0.6391 0.2106
vn 0.7842 0.5817 0.2159
vn 0.7521 0.6265 0.2046
vn 0.7916 0.5794 0.1941
vn 0.8099 0.5497 0.2047
vn 0.8264 0.5262 0.2004
vn 0.8372 0.5051 0.2096
vn 0.8408 0.5043 0.1970
vn 0.8555 0.4804 0.1935
vn 0.8635 0.4642 0.1974
vn 0.8683 0.4587 0.1890
vn 0.8855 0.4266 0.1841
vn 0.8832 0.4277 0.1927
vn 0.8925 0.4135 0.1800
vn 0.9055 0.3862 0.1759
vn 0.9039 0.3878 0.1804
vn 0.9178 0.3580 0.1719
vn 0.9233 0.3405 0.1776
vn 0.9298 0.3292 0.1647
vn 0.9347 0.3136 0.1674
vn 0.9413 0.2972 0.1604
vn 0.9412 0.2972 0.1605
vn 0.9499 0.2688 0.1592
vn 0.9514 0.2676 0.1527
vn 0.9584 0.2460 0.1446
vn 0.9614 0.2339 0.1452
vn 0.9717 0.1945 0.1339
vn 0.9775 0.1836 0.1035
vn 0.9554 0.2523 0.1533
vn 0.9808 0.1681 0.0993
vn 0.9859 0.1313 0.1041
vn 0.9871 0.1427 0.0723
vn 0.9929 0.1125 0.0375
vn 0.9935 0.1070 0.0377
vn 0.9976 0.0692 -0.0021
vn 0.9977 0.0673 -0.0020
vn 0.9987 0.0212 -0.0463
vn 0.9986 0.0215 -0.0478
vn 0.9950 -0.0318 -0.0945
vn 0.9945 -0.0304 -0.1006
vn 0.9854 -0.0873 -0.1459
vn 0.9876 -0.0910 -0.1279
vn 0.9811 -0.1007 -0.1651
vn 0.9682 -0.1289 -0.2146
vn 0.9655 -0.1470 -0.2151
vn 0.9566 -0.1749 -0.2330
vn 0.9535 -0.1918 -0.2324
vn 0.9344 -0.2216 -0.2788
vn 0.9351 -0.2222 -0.2761
vn 0.8701 0.0639 -0.4887
vn 0.9243 -0.2299 -0.3047
vn 0.9197 -0.2406 -0.3104
vn 0.9751 -0.1250 -0.1833
vn 0.9686 -0.2010 -0.1463
vn 0.9149 -0.2443 -0.3212
vn 0.9100 -0.2549 -0.3271
vn 0.8920 -0.2631 -0.3675
vn 0.8295 -0.3641 -0.4236
vn 0.8506 -0.3044 -0.4287
vn 0.8633 -0.3134 -0.3956
vn 0.8900 -0.2581 -0.3759
vn 0.7959 -0.3629 -0.4845
vn 0.7999 -0.3540 -0.4846
vn 0.7645 -0.3835 -0.5182
vn 0.7674 -0.3775 -0.5183
vn 0.7331 -0.3996 -0.5504
vn 0.7304 -0.4052 -0.5498
vn 0.7090 -0.4159 -0.5696
vn 0.6954 -0.4325 -0.5740
vn 0.6919 -0.4279 -0.5816
vn 0.6649 -0.4404 -0.6032
vn 0.6628 -0.4447 -0.6025
vn 0.6366 -0.4567 -0.6215
vn 0.6355 -0.4591 -0.6208
vn 0.6979 -0.4108 -0.5866
vn 0.8217 -0.3418 -0.4559
vn 0.3006 0.6178 -0.7266
vn 0.8485 -0.3000 -0.4359
vn 0.9447 -0.1945 -0.2641
vn 0.9480 -0.1445 -0.2835
vn -0.7338 0.6053 -0.3084
vn 0.9870 0.1440 0.0717
vn 0.9806 0.1771 0.0835
vn 0.9727 0.1974 0.1224
vn 0.9650 0.2263 0.1325
vn 0.8292 0.5269 0.1866
vn 0.7365 0.6462 0.2002
vn 0.7353 0.6476 0.1999
vn 0.7349 0.6481 0.2000
vn 0.7524 0.6265 0.2033
vn 0.8261 -0.3431 -0.4470
vn -0.4640 -0.5261 -0.7127
vn -0.4580 -0.5239 -0.7182
vn -0.4388 -0.5293 -0.7261
vn -0.4343 -0.5266 -0.7308
vn -0.4069 -0.5337 -0.7413
vn -0.3808 -0.5349 -0.7542
vn -0.4126 -0.5274 -0.7427
vn -0.3386 -0.5389 -0.7714
vn -0.3849 -0.5298 -0.7558
vn -0.3428 -0.5296 -0.7759
vn -0.2823 -0.5314 -0.7987
vn -0.2858 -0.5230 -0.8030
vn -0.2211 -0.5317 -0.8175
vn -0.2259 -0.5188 -0.8245
vn -0.1592 -0.5252 -0.8360
vn -0.1628 -0.5151 -0.8415
vn -0.0965 -0.5192 -0.8492
vn -0.0985 -0.5133 -0.8525
vn -0.0326 -0.5153 -0.8564
vn -0.0333 -0.5132 -0.8577
vn 0.0326 -0.5132 -0.8577
vn 0.0332 -0.5153 -0.8564
vn 0.0964 -0.5134 -0.8527
vn 0.0984 -0.5190 -0.8491
vn 0.1590 -0.5153 -0.8421
vn 0.1627 -0.5249 -0.8355
vn 0.2208 -0.5194 -0.8255
vn 0.2258 -0.5312 -0.8166
vn 0.2858 -0.5230 -0.8030
vn 0.2823 -0.5314 -0.7987
vn 0.3428 -0.5296 -0.7759
vn 0.3386 -0.5388 -0.7714
vn 0.3852 -0.5297 -0.7557
vn 0.3808 -0.5351 -0.7541
vn 0.4069 -0.5290 -0.7447
vn 0.4122 -0.5324 -0.7393
vn 0.4343 -0.5266 -0.7308
vn 0.4388 -0.5293 -0.7261
vn 0.4581 -0.5238 -0.7181
vn 0.4638 -0.5259 -0.7130
vn -0.6099 -0.4918 -0.6214
vn -0.6284 -0.4795 -0.6126
vn -0.6291 -0.3288 -0.7044
vn -0.6400 -0.4568 -0.6179
vn -0.6505 -0.4656 -0.6000
vn -0.6463 -0.4735 -0.5983
vn -0.6561 -0.4755 -0.5860
vn -0.6471 -0.4927 -0.5819
vn -0.6561 -0.4944 -0.5702
vn -0.6567 -0.4931 -0.5706
vn -0.6680 -0.4936 -0.5569
vn -0.6857 -0.4550 -0.5682
vn -0.6894 -0.4591 -0.5603
vn -0.7162 -0.3897 -0.5789
vn -0.7169 -0.3963 -0.5736
vn -0.7522 -0.2742 -0.5991
vn -0.7537 -0.2814 -0.5940
vn -0.7737 -0.1718 -0.6098
vn -0.8085 -0.1732 -0.5624
vn -0.8020 -0.2570 -0.5391
vn -0.8493 -0.1299 -0.5117
vn -0.8499 -0.2602 -0.4582
vn -0.8782 -0.1588 -0.4512
vn -0.9021 -0.1905 -0.3871
vn -0.8874 -0.2599 -0.3808
vn -0.9193 -0.2366 -0.3144
vn -0.8877 -0.3441 -0.3060
vn -0.9241 -0.3048 -0.2307
vn -0.8968 -0.3796 -0.2271
vn -0.9224 -0.3458 -0.1721
vn -0.9038 -0.3917 -0.1722
vn -0.9165 -0.3732 -0.1441
vn -0.9069 -0.3953 -0.1457
vn -0.9180 -0.3782 -0.1191
vn -0.9124 -0.3910 -0.1209
vn -0.9228 -0.3740 -0.0923
vn -0.9178 -0.3855 -0.0947
vn -0.9266 -0.3703 -0.0663
vn -0.9211 -0.3829 -0.0698
vn -0.9298 -0.3664 -0.0344
vn -0.9237 -0.3810 -0.0395
vn -0.9318 -0.3630 0.0058
vn -0.9257 -0.3782 -0.0005
vn -0.9314 -0.3594 0.0579
vn -0.9254 -0.3757 0.0500
vn -0.9257 -0.3576 0.1230
vn -0.9211 -0.3718 0.1155
vn -0.9127 -0.3578 0.1975
vn -0.9098 -0.3684 0.1914
vn -0.8896 -0.3619 0.2785
vn -0.8889 -0.3679 0.2729
vn -0.8590 -0.3669 0.3572
vn -0.8588 -0.3689 0.3555
vn -0.8222 -0.3742 0.4289
vn -0.8222 -0.3748 0.4283
vn -0.7814 -0.3872 0.4894
vn -0.7478 -0.3925 0.5354
vn -0.7231 -0.4048 0.5598
vn -0.7220 -0.4280 0.5436
vn -0.7390 -0.4435 0.5071
vn -0.7750 -0.4213 0.4710
vn -0.7704 -0.4400 0.4614
vn -0.8134 -0.4103 0.4123
vn -0.8094 -0.4235 0.4068
vn -0.8537 -0.3880 0.3474
vn -0.8513 -0.3956 0.3446
vn -0.8916 -0.3567 0.2789
vn -0.9531 -0.2691 0.1383
vn -0.9706 -0.2304 0.0698
vn -0.9720 -0.2234 0.0725
vn -0.9821 -0.1881 0.0084
vn -0.9838 -0.1791 0.0117
vn -0.9879 -0.1481 -0.0463
vn -0.9895 -0.1381 -0.0430
vn -0.9893 -0.1112 -0.0945
vn -0.9907 -0.1008 -0.0913
vn -0.9890 -0.0862 -0.1201
vn -0.9940 -0.0520 -0.0966
vn -0.9891 0.0269 -0.1447
vn -0.9975 -0.0478 -0.0516
vn -0.9978 -0.0452 -0.0485
vn -0.9965 -0.0840 -0.0037
vn -0.9980 -0.0614 0.0160
vn -0.9917 -0.1126 0.0628
vn -0.9925 -0.0913 0.0818
vn -0.9795 -0.1552 0.1287
vn -0.9798 -0.1373 0.1451
vn -0.9585 -0.2118 0.1909
vn -0.9588 -0.1952 0.2065
vn -0.9276 -0.2778 0.2499
vn -0.8895 -0.3332 0.3128
vn -0.8436 -0.4109 0.3458
vn -0.8433 -0.4025 0.3561
vn -0.7951 -0.4716 0.3813
vn -0.7526 -0.5314 0.3890
vn -0.7216 -0.5650 0.4001
vn -0.7213 -0.5838 0.3727
vn -0.7091 -0.5956 0.3775
vn -0.7072 -0.6120 0.3539
vn -0.7128 -0.6225 0.3232
vn -0.7142 -0.6190 0.3266
vn -0.7125 -0.6323 0.3043
vn -0.7343 -0.6098 0.2981
vn -0.7405 -0.5917 0.3187
vn -0.7674 -0.5593 0.3134
vn -0.7729 -0.5398 0.3335
vn -0.8046 -0.4941 0.3293
vn -0.8082 -0.4777 0.3445
vn -0.8421 -0.4176 0.3411
vn -0.8433 -0.4098 0.3478
vn -0.8765 -0.3357 0.3449
vn -0.8763 -0.3382 0.3430
vn -0.9059 -0.2520 0.3405
vn -0.9056 -0.2657 0.3306
vn -0.9289 -0.1716 0.3282
vn -0.9298 -0.1949 0.3123
vn -0.9458 -0.0967 0.3101
vn -0.9484 -0.1265 0.2906
vn -0.9570 -0.0277 0.2888
vn -0.9617 -0.0618 0.2672
vn -0.9634 0.0347 0.2660
vn -0.9698 -0.0008 0.2437
vn -0.9656 0.0915 0.2434
vn -0.9735 0.0568 0.2217
vn -0.9642 0.1444 0.2223
vn -0.9730 0.1117 0.2019
vn -0.9598 0.1934 0.2034
vn -0.9690 0.1641 0.1849
vn -0.9527 0.2394 0.1872
vn -0.9616 0.2144 0.1713
vn -0.9496 0.2612 0.1735
vn -0.9463 0.2699 0.1781
vn -0.9100 0.4099 0.0629
vn -0.9387 0.2976 0.1740
vn -0.9336 0.3077 0.1836
vn -0.9554 0.2364 0.1768
vn -0.9512 0.2412 0.1925
vn -0.9694 0.1619 0.1848
vn -0.9667 0.1650 0.1956
vn -0.9788 0.0823 0.1877
vn -0.9783 0.0829 0.1901
vn -0.9831 0.0028 0.1829
vn -0.9847 0.0009 0.1744
vn -0.9832 -0.0706 0.1683
vn -0.9856 -0.0736 0.1525
vn -0.9794 -0.1378 0.1474
vn -0.9832 -0.1429 0.1139
vn -0.9740 -0.1983 0.1099
vn -0.9768 -0.2018 0.0720
vn -0.9651 -0.2527 0.0689
vn -0.9324 -0.3612 0.0138
vn -0.9037 -0.4054 0.1376
vn -0.9056 -0.4146 0.0894
vn -0.8832 -0.4684 0.0239
vn -0.8826 -0.4681 0.0434
vn -0.8845 -0.4645 0.0445
vn -0.8842 -0.4633 0.0601
vn -0.8863 -0.4586 0.0645
vn -0.8855 -0.4545 0.0967
vn -0.8866 -0.4519 0.0985
vn -0.8849 -0.4441 0.1405
vn -0.8843 -0.4461 0.1381
vn -0.8818 -0.4376 0.1757
vn -0.8807 -0.4421 0.1703
vn -0.8765 -0.4293 0.2179
vn -0.8741 -0.4384 0.2091
vn -0.8687 -0.4222 0.2591
vn -0.8660 -0.4344 0.2477
vn -0.8605 -0.4173 0.2921
vn -0.8580 -0.4301 0.2808
vn -0.8531 -0.4132 0.3186
vn -0.8508 -0.4256 0.3082
vn -0.8472 -0.4112 0.3363
vn -0.8458 -0.4213 0.3274
vn -0.6371 -0.4956 -0.5903
vn -0.6308 -0.5012 -0.5924
vn -0.6302 -0.5053 -0.5895
vn -0.6441 -0.4954 -0.5828
vn -0.6406 -0.4765 -0.6021
vn -0.6648 -0.4549 -0.5926
vn -0.6692 -0.4113 -0.6188
vn -0.6878 -0.3887 -0.6131
vn -0.7027 -0.2906 -0.6495
vn -0.7482 -0.2334 -0.6211
vn -0.7438 -0.2120 -0.6339
vn -0.7433 -0.2673 -0.6132
vn -0.8948 -0.2425 -0.3748
vn -0.9276 -0.1573 -0.3389
vn -0.9255 -0.2494 -0.2850
vn -0.9430 -0.2145 -0.2544
vn -0.9465 -0.2585 -0.1930
vn -0.9504 -0.2405 -0.1973
vn -0.9410 -0.2972 -0.1620
vn -0.9413 -0.2968 -0.1611
vn -0.9196 -0.3589 -0.1599
vn -0.9354 -0.3331 -0.1187
vn -0.9170 -0.3803 -0.1198
vn -0.9281 -0.3610 -0.0910
vn -0.9171 -0.3875 -0.0934
vn -0.9269 -0.3695 -0.0657
vn -0.9196 -0.3869 -0.0685
vn -0.9285 -0.3692 -0.0389
vn -0.9215 -0.3861 -0.0427
vn -0.9295 -0.3686 -0.0101
vn -0.9222 -0.3863 -0.0154
vn -0.9298 -0.3672 0.0254
vn -0.9225 -0.3855 0.0187
vn -0.9285 -0.3642 0.0723
vn -0.9219 -0.3820 0.0646
vn -0.9234 -0.3604 0.1318
vn -0.9178 -0.3774 0.1234
vn -0.9114 -0.3577 0.2036
vn -0.9072 -0.3723 0.1958
vn -0.8905 -0.3584 0.2802
vn -0.7866 -0.3696 0.4946
vn -0.7483 -0.3825 0.5420
vn -0.9781 -0.1400 -0.1541
vn -0.9639 -0.2464 -0.1004
vn -0.9716 -0.2163 -0.0960
vn -0.9834 -0.1716 -0.0595
vn -0.9756 -0.2149 -0.0448
vn -0.9543 -0.2954 -0.0453
vn -0.9597 -0.2762 -0.0514
vn -0.9403 -0.3364 -0.0525
vn -0.9449 -0.3209 -0.0642
vn -0.9269 -0.3694 -0.0663
vn -0.9749 -0.2219 -0.0190
vn -0.9635 -0.2677 -0.0058
vn -0.9793 -0.2020 0.0092
vn -0.9766 -0.1901 0.1010
vn -0.9764 -0.2050 0.0681
vn -0.9719 -0.2236 0.0732
vn -0.9722 -0.2076 0.1084
vn -0.9608 -0.2626 0.0883
vn -0.9804 -0.1825 0.0739
vn -0.9538 -0.2388 0.1822
vn -0.9653 -0.2033 0.1638
vn -0.9755 -0.1806 0.1257
vn -0.9551 -0.2702 0.1215
vn -0.9621 -0.2464 0.1167
vn -0.9457 -0.3050 0.1127
vn -0.9532 -0.2845 0.1021
vn -0.9355 -0.3398 0.0967
vn -0.9422 -0.3270 0.0736
vn -0.9278 -0.3668 0.0676
vn -0.9347 -0.3528 0.0439
vn -0.9239 -0.3807 0.0384
vn -0.9311 -0.3644 0.0171
vn -0.9224 -0.3862 0.0118
vn -0.9251 -0.2644 0.2727
vn -0.9442 -0.2037 0.2588
vn -0.9562 -0.1705 0.2380
vn -0.9388 -0.2546 0.2321
vn -0.9463 -0.2283 0.2287
vn -0.9320 -0.2856 0.2232
vn -0.9410 -0.2617 0.2147
vn -0.9245 -0.3202 0.2070
vn -0.9341 -0.3037 0.1877
vn -0.9189 -0.3518 0.1787
vn -0.9289 -0.3341 0.1599
vn -0.9161 -0.3714 0.1509
vn -0.9264 -0.3516 0.1349
vn -0.9156 -0.3819 0.1261
vn -0.9256 -0.3618 0.1108
vn -0.9164 -0.3871 0.1022
vn -0.9266 -0.3652 0.0898
vn -0.9187 -0.3864 0.0816
vn -0.8941 -0.2643 0.3617
vn -0.9200 -0.1736 0.3513
vn -0.9390 -0.1726 0.2974
vn -0.9319 -0.2108 0.2951
vn -0.9383 -0.1858 0.2919
vn -0.9260 -0.2455 0.2868
vn -0.9333 -0.2193 0.2844
vn -0.9200 -0.2761 0.2783
vn -0.9295 -0.2501 0.2710
vn -0.9140 -0.3093 0.2624
vn -0.9246 -0.2910 0.2458
vn -0.9099 -0.3415 0.2355
vn -0.9205 -0.3225 0.2205
vn -0.9082 -0.3619 0.2102
vn -0.9187 -0.3416 0.1982
vn -0.9081 -0.3741 0.1882
vn -0.9185 -0.3536 0.1771
vn -0.9093 -0.3810 0.1673
vn -0.9193 -0.3601 0.1591
vn -0.9116 -0.3826 0.1500
vn -0.9212 -0.3614 0.1443
vn -0.9145 -0.3813 0.1354
vn -0.8619 -0.2313 0.4513
vn -0.8834 -0.1879 0.4294
vn -0.9012 -0.1707 0.3983
vn -0.8962 -0.1980 0.3971
vn -0.8873 -0.2507 0.3870
vn -0.8955 -0.2257 0.3835
vn -0.8838 -0.2804 0.3745
vn -0.8939 -0.2601 0.3651
vn -0.8828 -0.3087 0.3542
vn -0.8920 -0.2894 0.3472
vn -0.8830 -0.3271 0.3368
vn -0.8911 -0.3089 0.3324
vn -0.8835 -0.3397 0.3225
vn -0.8908 -0.3234 0.3192
vn -0.8846 -0.3484 0.3100
vn -0.8905 -0.3343 0.3085
vn -0.8856 -0.3544 0.3002
vn -0.8907 -0.3417 0.2999
vn -0.8864 -0.3592 0.2919
vn -0.8911 -0.3489 0.2901
vn -0.8901 -0.3524 0.2890
vn -0.8876 -0.3660 0.2795
vn -0.8342 -0.1890 0.5181
vn -0.8510 -0.1458 0.5045
vn -0.8602 -0.2426 0.4485
vn -0.8683 -0.2026 0.4527
vn -0.8757 -0.1744 0.4503
vn -0.8650 -0.2347 0.4436
vn -0.8730 -0.2116 0.4395
vn -0.8636 -0.2613 0.4311
vn -0.8724 -0.2414 0.4251
vn -0.8640 -0.2844 0.4155
vn -0.8711 -0.2675 0.4118
vn -0.8647 -0.3001 0.4029
vn -0.8702 -0.2859 0.4012
vn -0.8650 -0.3123 0.3928
vn -0.8700 -0.3022 0.3896
vn -0.8676 -0.3115 0.3875
vn -0.8655 -0.3288 0.3778
vn -0.8675 -0.3242 0.3773
vn -0.8649 -0.3348 0.3740
vn -0.8643 -0.3440 0.3668
vn -0.8619 -0.3520 0.3649
vn -0.8614 -0.3585 0.3598
vn -0.8182 -0.1518 0.5545
vn -0.8118 -0.1723 0.5580
vn -0.7883 -0.1692 0.5916
vn -0.7860 -0.1420 0.6017
vn -0.7652 -0.1757 0.6194
vn -0.7477 -0.1411 0.6489
vn -0.7484 -0.1518 0.6456
vn -0.7454 -0.1804 0.6417
vn -0.7392 -0.2476 0.6263
vn -0.7390 -0.2049 0.6417
vn -0.7789 -0.2116 0.5904
vn -0.8152 -0.2193 0.5361
vn -0.8409 -0.2562 0.4767
vn -0.8464 -0.2219 0.4841
vn -0.7335 -0.3490 0.5832
vn -0.7335 -0.3491 0.5831
vn -0.7943 -0.3258 0.5127
vn -0.8324 -0.3321 0.4436
vn -0.8325 -0.3267 0.4473
vn -0.7239 -0.4509 0.5222
vn -0.7241 -0.4514 0.5215
vn -0.7185 -0.4723 0.5106
vn -0.7311 -0.4879 0.4769
vn -0.7660 -0.4591 0.4499
vn -0.7618 -0.4777 0.4375
vn -0.8056 -0.4359 0.4012
vn -0.8912 -0.3531 0.2848
vn -0.9288 -0.2916 0.2288
vn -0.9284 -0.2935 0.2277
vn -0.9582 -0.2290 0.1712
vn -0.9579 -0.2312 0.1701
vn -0.9789 -0.1689 0.1148
vn -0.9788 -0.1700 0.1143
vn -0.9916 -0.1127 0.0627
vn -0.7156 -0.5329 0.4517
vn -0.7129 -0.5223 0.4680
vn -0.7271 -0.5108 0.4587
vn -0.7271 -0.5107 0.4587
vn -0.7616 -0.4796 0.4358
vn -0.7115 -0.5886 0.3839
vn -0.7077 -0.5815 0.4012
vn -0.7076 -0.5662 0.4228
vn -0.7219 -0.5531 0.4158
vn -0.7211 -0.5463 0.4261
vn -0.7550 -0.5116 0.4102
vn -0.7974 -0.4659 0.3837
vn -0.8447 -0.4026 0.3526
vn -0.8452 -0.4104 0.3423
vn -0.8909 -0.3380 0.3034
vn -0.9280 -0.2886 0.2355
vn -0.9590 -0.2163 0.1833
vn -0.7182 -0.6410 0.2707
vn -0.7227 -0.6319 0.2800
vn -0.7413 -0.6122 0.2750
vn -0.7482 -0.5931 0.2973
vn -0.7748 -0.5604 0.2927
vn -0.7811 -0.5385 0.3159
vn -0.8108 -0.4948 0.3126
vn -0.8146 -0.4773 0.3296
vn -0.7410 -0.6401 0.2030
vn -0.7262 -0.6476 0.2309
vn -0.7200 -0.6444 0.2574
vn -0.7492 -0.6132 0.2504
vn -0.7447 -0.6525 0.1401
vn -0.7362 -0.6523 0.1805
vn -0.7416 -0.6391 0.2039
vn -0.7692 -0.6075 0.1981
vn -0.7680 -0.5917 0.2453
vn -0.7944 -0.5573 0.2414
vn -0.7916 -0.5364 0.2928
vn -0.8182 -0.4964 0.2902
vn -0.7532 -0.6517 0.0899
vn -0.7421 -0.6603 0.1154
vn -0.7521 -0.6442 0.1389
vn -0.7890 -0.5999 0.1329
vn -0.7887 -0.5937 0.1599
vn -0.8228 -0.5466 0.1557
vn -0.8211 -0.5351 0.1984
vn -0.8469 -0.4941 0.1965
vn -0.8429 -0.4775 0.2482
vn -0.7511 -0.6577 0.0572
vn -0.7443 -0.6642 0.0696
vn -0.7523 -0.6528 0.0891
vn -0.7907 -0.6064 0.0845
vn -0.7906 -0.6027 0.1084
vn -0.8285 -0.5501 0.1044
vn -0.8281 -0.5435 0.1371
vn -0.8579 -0.4957 0.1351
vn -0.8563 -0.4875 0.1708
vn -0.7496 -0.6595 0.0559
vn -0.7524 -0.6391 0.1597
vn -0.7881 -0.6155 0.0092
vn -0.8122 -0.5676 0.1346
vn -0.8187 -0.5657 0.0985
vn -0.8544 -0.5191 0.0220
vn -0.8584 -0.4865 0.1627
vn -0.9351 -0.3182 0.1559
vn -0.9515 -0.3045 0.0434
vn -0.9674 -0.2492 0.0452
vn -0.9661 -0.2538 0.0479
vn -0.9788 -0.1982 0.0512
vn -0.9775 -0.1968 0.0764
vn -0.9864 -0.1434 0.0802
vn -0.9834 -0.1401 0.1156
vn -0.9894 -0.0814 0.1202
vn -0.9858 -0.0770 0.1491
vn -0.9879 -0.0100 0.1547
vn -0.9860 -0.0079 0.1663
vn -0.9828 0.0648 0.1728
vn -0.9819 0.0659 0.1777
vn -0.9718 0.1457 0.1855
vn -0.9727 0.1447 0.1816
vn -0.9559 0.2240 0.1899
vn -0.9587 0.2210 0.1791
vn -0.9314 0.3112 0.1887
vn -0.9327 0.3100 0.1845
vn -0.9234 0.3453 0.1679
vn -0.9126 0.3656 0.1828
vn -0.9026 0.3870 0.1884
vn -0.9028 0.3868 0.1880
vn -0.9083 0.3775 0.1801
vn -0.9069 0.3785 0.1854
vn -0.9115 0.3711 0.1776
vn -0.9112 0.3706 0.1799
vn -0.9137 0.3676 0.1731
vn -0.9169 0.3622 0.1677
vn -0.9187 0.3613 0.1595
vn -0.9228 0.3536 0.1531
vn -0.9252 0.3527 0.1401
vn -0.9285 0.3466 0.1331
vn -0.9311 0.3458 0.1160
vn -0.9359 0.3357 0.1069
vn -0.9387 0.3353 0.0794
vn -0.9446 0.3214 0.0671
vn -0.9605 -0.2286 0.1586
vn -0.9813 -0.1923 0.0107
vn -0.9811 -0.1387 0.1353
vn -0.9862 -0.1340 0.0970
vn -0.9968 -0.0763 0.0230
vn -0.9956 -0.0762 0.0543
vn -0.9981 -0.0130 0.0608
vn -0.9967 -0.0125 0.0800
vn -0.9953 0.0456 0.0860
vn -0.9928 0.0472 0.1103
vn -0.9872 0.1092 0.1165
vn -0.9842 0.1113 0.1380
vn -0.9731 0.1792 0.1449
vn -0.9708 0.1810 0.1574
vn -0.9485 0.2692 0.1670
vn -0.9485 0.2692 0.1669
vn -0.9852 -0.0459 0.1650
vn -0.9996 -0.0174 0.0236
vn -0.9982 -0.0173 0.0580
vn -0.9967 0.0476 0.0655
vn -0.9950 0.0482 0.0876
vn -0.9896 0.1084 0.0942
vn -0.9870 0.1099 0.1170
vn -0.9771 0.1733 0.1236
vn -0.9742 0.1751 0.1426
vn -0.9527 0.2631 0.1520
vn -0.9510 0.2642 0.1604
vn -0.9950 0.0408 0.0917
vn -0.9894 0.0469 0.1375
vn -0.9950 0.0996 0.0089
vn -0.9776 0.1392 0.1578
vn -0.9706 0.2315 0.0658
vn -0.9035 0.4053 0.1392
vn -0.8865 0.4628 -0.0042
vn -0.8576 0.4870 0.1651
vn -0.8526 0.5226 0.0040
vn -0.8129 0.5683 0.1273
vn -0.8134 0.5761 0.0804
vn -0.7791 0.6259 0.0345
vn -0.7772 0.6247 0.0753
vn -0.7384 0.6695 0.0809
vn -0.7404 0.6606 0.1242
vn -0.7362 0.6648 0.1269
vn -0.7670 0.6300 0.1217
vn -0.7652 0.6319 0.1229
vn -0.8024 0.5854 0.1158
vn -0.7958 0.5933 0.1216
vn -0.8388 0.5327 0.1127
vn -0.8308 0.5434 0.1205
vn -0.8732 0.4746 0.1108
vn -0.8652 0.4869 0.1198
vn -0.9046 0.4120 0.1097
vn -0.8978 0.4242 0.1185
vn -0.7519 0.6383 0.1648
vn -0.7501 0.6524 0.1087
vn -0.7526 0.6545 0.0721
vn -0.7361 0.6724 0.0782
vn -0.7374 0.6735 0.0512
vn -0.7437 0.6490 0.1603
vn -0.7329 0.6539 0.1877
vn -0.7527 0.6326 0.1825
vn -0.7528 0.6325 0.1824
vn -0.7826 0.5973 0.1755
vn -0.7791 0.6010 0.1783
vn -0.8176 0.5504 0.1693
vn -0.8122 0.5568 0.1739
vn -0.8530 0.4955 0.1641
vn -0.8478 0.5026 0.1692
vn -0.8874 0.4327 0.1590
vn -0.8822 0.4411 0.1648
vn -0.7385 0.6474 0.1886
vn -0.7363 0.6469 0.1985
vn -0.7466 0.6341 0.2010
vn -0.7471 0.6334 0.2016
vn -0.7744 0.6015 0.1962
vn -0.7743 0.6016 0.1963
vn -0.8087 0.5574 0.1880
vn -0.7706 0.6034 0.2052
vn -0.8044 0.5600 0.1984
vn -0.8044 0.5599 0.1985
vn -0.8415 0.5061 0.1890
vn -0.8415 0.5073 0.1856
vn -0.8796 0.4421 0.1756
vn -0.8031 0.5602 0.2032
vn -0.8354 0.5139 0.1948
vn -0.8372 0.5103 0.1965
vn -0.8747 0.4475 0.1861
vn -0.8705 0.4541 0.1899
vn -0.9503 0.2705 0.1540
vn -0.9569 0.2335 0.1726
vn -0.9569 0.2330 0.1732
vn -0.9686 0.1787 0.1730
vn -0.9589 0.2341 0.1604
vn -0.9651 0.2065 0.1612
vn -0.9662 0.2066 0.1544
vn -0.9708 0.1888 0.1483
vn -0.9711 0.2050 0.1221
vn -0.9773 0.1603 0.1383
vn -0.9798 0.1590 0.1217
vn -0.9839 0.1407 0.1099
vn -0.9871 0.1413 0.0746
vn -0.9921 0.0830 0.0936
vn -0.9901 0.0982 0.1008
vn -0.9919 0.0275 0.1240
vn -0.9903 0.0439 0.1319
vn -0.9868 -0.0355 0.1582
vn -0.9859 -0.0185 0.1666
vn -0.9749 -0.1060 0.1956
vn -0.9749 -0.0893 0.2041
vn -0.9547 -0.1826 0.2351
vn -0.9554 -0.1668 0.2436
vn -0.9250 -0.2621 0.2752
vn -0.9264 -0.2481 0.2832
vn -0.8864 -0.3404 0.3139
vn -0.8881 -0.3289 0.3211
vn -0.8409 -0.4130 0.3497
vn -0.9851 0.1658 0.0449
vn -0.9924 0.1101 0.0545
vn -0.9950 0.0709 0.0702
vn -0.9938 0.0803 0.0765
vn -0.9946 0.0165 0.1023
vn -0.9936 0.0271 0.1094
vn -0.9893 -0.0452 0.1387
vn -0.9887 -0.0345 0.1459
vn -0.9773 -0.1146 0.1783
vn -0.9771 -0.1028 0.1864
vn -0.9567 -0.1891 0.2211
vn -0.9570 -0.1789 0.2282
vn -0.9268 -0.2673 0.2638
vn -0.9275 -0.2582 0.2705
vn -0.8879 -0.3436 0.3060
vn -0.9955 0.0848 0.0419
vn -0.9311 0.3106 -0.1913
vn -0.9993 0.0365 0.0127
vn -0.9999 0.0102 0.0002
vn -0.9986 -0.0386 0.0369
vn -0.9986 -0.0368 0.0378
vn -0.9923 -0.0941 0.0804
vn -0.9996 -0.0157 -0.0249
vn -0.9993 -0.0196 -0.0331
vn -0.9870 -0.0851 -0.1367
vn -0.9825 -0.1199 -0.1424
vn -0.9851 -0.1319 -0.1102
vn -0.9829 -0.1449 -0.1136
vn -0.9843 -0.1658 -0.0598
vn -0.9819 -0.1783 -0.0635
vn -0.9792 -0.2027 -0.0027
vn -0.9767 -0.2143 -0.0065
vn -0.9683 -0.2422 0.0607
vn -0.9660 -0.2521 0.0570
vn -0.9502 -0.2833 0.1298
vn -0.9482 -0.2908 0.1277
vn -0.9245 -0.3234 0.2017
vn -0.9235 -0.3265 0.2011
vn -0.8914 -0.3606 0.2745
vn -0.7434 -0.4161 0.5236
vn -0.9753 -0.1400 -0.1707
vn -0.9738 -0.1496 -0.1713
vn -0.9788 -0.1615 -0.1256
vn -0.9758 -0.1767 -0.1291
vn -0.9787 -0.1919 -0.0734
vn -0.9753 -0.2070 -0.0774
vn -0.9742 -0.2251 -0.0144
vn -0.9709 -0.2388 -0.0186
vn -0.9643 -0.2598 0.0514
vn -0.9612 -0.2716 0.0473
vn -0.9474 -0.2954 0.1233
vn -0.8910 -0.3625 0.2735
vn -0.8537 -0.3881 0.3473
vn -0.8557 -0.3820 0.3492
vn -0.8140 -0.4058 0.4156
vn -0.8177 -0.3938 0.4199
vn -0.7756 -0.4156 0.4752
vn -0.7803 -0.3980 0.4824
vn -0.7434 -0.4161 0.5237
vn -0.9668 -0.1747 -0.1864
vn -0.9603 -0.1449 -0.2384
vn -0.9555 -0.1937 -0.2225
vn -0.9451 -0.2148 -0.2463
vn -0.9428 -0.2258 -0.2453
vn -0.9388 -0.2361 -0.2509
vn -0.9345 -0.2553 -0.2480
vn -0.9323 -0.2607 -0.2507
vn -0.9276 -0.2807 -0.2463
vn -0.9261 -0.2843 -0.2480
vn -0.9224 -0.3036 -0.2386
vn -0.9213 -0.3063 -0.2398
vn -0.9177 -0.3252 -0.2281
vn -0.9167 -0.3274 -0.2290
vn -0.9143 -0.3449 -0.2124
vn -0.9138 -0.3460 -0.2127
vn -0.9119 -0.3622 -0.1932
vn -0.9121 -0.3618 -0.1931
vn -0.9106 -0.3762 -0.1710
vn -0.9118 -0.3737 -0.1704
vn -0.9110 -0.3858 -0.1460
vn -0.9137 -0.3797 -0.1448
vn -0.9435 -0.1861 -0.2740
vn -0.9323 -0.2382 -0.2722
vn -0.9247 -0.2446 -0.2917
vn -0.9233 -0.2497 -0.2920
vn -0.9200 -0.2665 -0.2874
vn -0.9167 -0.2740 -0.2908
vn -0.9144 -0.2916 -0.2809
vn -0.9114 -0.2982 -0.2836
vn -0.9093 -0.3153 -0.2717
vn -0.9064 -0.3216 -0.2740
vn -0.9056 -0.3372 -0.2574
vn -0.9029 -0.3429 -0.2592
vn -0.9027 -0.3571 -0.2401
vn -0.9006 -0.3616 -0.2413
vn -0.9010 -0.3741 -0.2195
vn -0.8998 -0.3768 -0.2201
vn -0.9009 -0.3873 -0.1960
vn -0.9016 -0.3857 -0.1957
vn -0.9022 -0.3956 -0.1718
vn -0.9059 -0.3875 -0.1708
vn -0.9055 -0.2682 -0.3289
vn -0.9041 -0.2593 -0.3397
vn -0.8876 -0.2992 -0.3503
vn -0.8760 -0.3099 -0.3696
vn -0.8766 -0.3083 -0.3694
vn -0.8371 -0.3416 -0.4273
vn -0.8390 -0.3364 -0.4277
vn -0.7997 -0.3735 -0.4700
vn -0.7959 -0.3803 -0.4710
vn -0.7703 -0.3949 -0.5007
vn -0.7654 -0.4005 -0.5037
vn -0.7257 -0.4073 -0.5545
vn -0.7174 -0.4284 -0.5494
vn -0.6875 -0.4485 -0.5711
vn -0.6785 -0.4644 -0.5692
vn 0.0903 0.8377 -0.5386
vn -0.6721 -0.4417 -0.5943
vn -0.9576 -0.2201 0.1860
vn -0.9640 -0.1950 0.1809
vn -0.7298 -0.2835 -0.6221
vn -0.7268 -0.2810 -0.6268
vn -0.6924 -0.4019 -0.5992
vn -0.6907 -0.4008 -0.6020
vn -0.6663 -0.4653 -0.5827
vn -0.6617 -0.4657 -0.5876
vn -0.6471 -0.4987 -0.5766
vn -0.6292 -0.4791 -0.6120
vn -0.6287 -0.5006 -0.5950
vn -0.6406 -0.4763 -0.6023
vn -0.7881 -0.2667 -0.5548
vn -0.7888 -0.2771 -0.5486
vn -0.8243 -0.2606 -0.5026
vn -0.8245 -0.2709 -0.4968
vn -0.8580 -0.2534 -0.4467
vn -0.8575 -0.2655 -0.4406
vn -0.8885 -0.2468 -0.3869
vn -0.7532 -0.3769 -0.5392
vn -0.7527 -0.3865 -0.5330
vn -0.7910 -0.3643 -0.4916
vn -0.7899 -0.3757 -0.4847
vn -0.8264 -0.3520 -0.4394
vn -0.8243 -0.3657 -0.4321
vn -0.8591 -0.3401 -0.3824
vn -0.8565 -0.3538 -0.3757
vn -0.8934 -0.3216 -0.3136
vn -0.7221 -0.4409 -0.5332
vn -0.7249 -0.4485 -0.5228
vn -0.7606 -0.4270 -0.4891
vn -0.7627 -0.4357 -0.4779
vn -0.7976 -0.4124 -0.4403
vn -0.7984 -0.4231 -0.4284
vn -0.8323 -0.3974 -0.3864
vn -0.8321 -0.4096 -0.3739
vn -0.8691 -0.3770 -0.3203
vn -0.8647 -0.3976 -0.3071
vn -0.9030 -0.3566 -0.2398
vn -0.6920 -0.4806 -0.5387
vn -0.7021 -0.4834 -0.5228
vn -0.7302 -0.4670 -0.4988
vn -0.7400 -0.4706 -0.4806
vn -0.7681 -0.4524 -0.4532
vn -0.7764 -0.4576 -0.4333
vn -0.8041 -0.4375 -0.4025
vn -0.8111 -0.4437 -0.3811
vn -0.8435 -0.4164 -0.3393
vn -0.8451 -0.4309 -0.3164
vn -0.8803 -0.3955 -0.2619
vn -0.8792 -0.4128 -0.2381
vn -0.9015 -0.3856 -0.1964
vn -0.6795 -0.4822 -0.5529
vn -0.6894 -0.4855 -0.5377
vn -0.7167 -0.4703 -0.5150
vn -0.7263 -0.4742 -0.4977
vn -0.7544 -0.4570 -0.4712
vn -0.7627 -0.4625 -0.4521
vn -0.7906 -0.4435 -0.4222
vn -0.7977 -0.4499 -0.4016
vn -0.8309 -0.4239 -0.3605
vn -0.8324 -0.4387 -0.3387
vn -0.8685 -0.4052 -0.2854
vn -0.8673 -0.4230 -0.2624
vn -0.8903 -0.3976 -0.2219
vn -0.8931 -0.4043 -0.1973
vn -0.7232 -0.4588 -0.5162
vn -0.7151 -0.4539 -0.5315
vn -0.6870 -0.4687 -0.5553
vn -0.7551 -0.4185 -0.5046
vn -0.7265 -0.4341 -0.5327
vn -0.7523 -0.4420 -0.4885
vn -0.7592 -0.4484 -0.4717
vn -0.7883 -0.4298 -0.4404
vn -0.7940 -0.4373 -0.4223
vn -0.8279 -0.4124 -0.3802
vn -0.8284 -0.4286 -0.3606
vn -0.8649 -0.3971 -0.3069
vn -0.8628 -0.4167 -0.2862
vn -0.8863 -0.3928 -0.2452
vn -0.8886 -0.4012 -0.2223
vn -0.7619 -0.4251 -0.4886
vn -0.7900 -0.4081 -0.4575
vn -0.8007 -0.3889 -0.4557
vn -0.8327 -0.3684 -0.4135
vn -0.8381 -0.3581 -0.4115
vn -0.8711 -0.3357 -0.3585
vn -0.8731 -0.3317 -0.3574
vn -0.8937 -0.3174 -0.3171
vn -0.8987 -0.3068 -0.3134
vn -0.7960 -0.4158 -0.4399
vn -0.8285 -0.3934 -0.3986
vn -0.8293 -0.4096 -0.3800
vn -0.8644 -0.3816 -0.3275
vn -0.8627 -0.4015 -0.3074
vn -0.8849 -0.3808 -0.2682
vn -0.8877 -0.3899 -0.2448
vn -0.8326 -0.3856 -0.3975
vn -0.8669 -0.3603 -0.3446
vn -0.8681 -0.3578 -0.3440
vn -0.8894 -0.3414 -0.3041
vn -0.8943 -0.3311 -0.3010
vn -0.8645 -0.3814 -0.3274
vn -0.9616 -0.2254 -0.1568
vn -0.9592 -0.2391 -0.1511
vn -0.9702 -0.2200 -0.1013
vn -0.9672 -0.2352 -0.0956
vn -0.8884 -0.3736 -0.2668
vn -0.8864 -0.3627 -0.2878
vn -0.8907 -0.3538 -0.2855
vn -0.9045 -0.2808 -0.3209
vn -0.8995 -0.2918 -0.3252
vn -0.9370 -0.3134 -0.1545
vn -0.9519 -0.2872 -0.1063
vn -0.9315 -0.3478 -0.1064
vn -0.9475 -0.3034 -0.1006
vn -0.9778 -0.2092 0.0114
vn -0.9585 -0.2851 0.0098
vn -0.9637 -0.2669 0.0047
vn -0.9454 -0.3258 0.0026
vn -0.9513 -0.3082 -0.0092
vn -0.9332 -0.3591 -0.0125
vn -0.9362 -0.3495 -0.0370
vn -0.9241 -0.3800 -0.0404
vn -0.9207 -0.3716 -0.1193
vn -0.9172 -0.3795 -0.1213
vn -0.9206 -0.3632 -0.1433
vn -0.9184 -0.3681 -0.1448
vn -0.9222 -0.3503 -0.1637
vn -0.9209 -0.3534 -0.1648
vn -0.9250 -0.3342 -0.1808
vn -0.9240 -0.3365 -0.1817
vn -0.9291 -0.3155 -0.1928
vn -0.9286 -0.3168 -0.1934
vn -0.9336 -0.2959 -0.2020
vn -0.9337 -0.2957 -0.2019
vn -0.9394 -0.2746 -0.2054
vn -0.9403 -0.2723 -0.2042
vn -0.9455 -0.2518 -0.2063
vn -0.9482 -0.2448 -0.2025
vn -0.9529 -0.2251 -0.2034
vn -0.9569 -0.2136 -0.1965
vn -0.9609 -0.1954 -0.1964
vn -0.9654 -0.1813 -0.1873
vn -0.9586 -0.2773 0.0656
vn -0.9649 -0.2554 0.0604
vn -0.9473 -0.3151 0.0572
vn -0.9538 -0.2967 0.0463
vn -0.9361 -0.3493 0.0420
vn -0.9409 -0.3381 0.0180
vn -0.9277 -0.3731 0.0134
vn -0.9325 -0.3609 -0.0113
vn -0.9231 -0.3842 -0.0155
vn -0.9266 -0.3650 -0.0903
vn -0.9224 -0.3747 -0.0934
vn -0.9284 -0.3546 -0.1112
vn -0.9248 -0.3629 -0.1143
vn -0.9310 -0.3414 -0.1291
vn -0.9282 -0.3479 -0.1318
vn -0.9349 -0.3256 -0.1413
vn -0.9326 -0.3309 -0.1438
vn -0.9393 -0.3082 -0.1510
vn -0.9378 -0.3118 -0.1528
vn -0.9447 -0.2891 -0.1550
vn -0.9443 -0.2901 -0.1556
vn -0.9505 -0.2686 -0.1564
vn -0.9517 -0.2653 -0.1545
vn -0.9573 -0.2445 -0.1542
vn -0.9602 -0.2363 -0.1492
vn -0.9648 -0.2173 -0.1480
vn -0.9682 -0.2068 -0.1411
vn -0.9722 -0.1894 -0.1378
vn -0.9951 -0.0697 -0.0700
vn -0.9944 -0.0773 -0.0726
vn -0.9487 -0.2622 0.1768
vn -0.9558 -0.2380 0.1729
vn -0.9405 -0.2954 0.1681
vn -0.9489 -0.2730 0.1584
vn -0.9316 -0.3302 0.1517
vn -0.9399 -0.3156 0.1302
vn -0.9249 -0.3598 0.1227
vn -0.9335 -0.3440 0.1013
vn -0.9215 -0.3769 0.0941
vn -0.9306 -0.3584 0.0746
vn -0.9202 -0.3857 0.0673
vn -0.9292 -0.3665 0.0481
vn -0.9315 -0.3595 -0.0553
vn -0.9207 -0.3881 0.0412
vn -0.9343 -0.3491 -0.0726
vn -0.9265 -0.3714 -0.0600
vn -0.9347 -0.3553 -0.0104
vn -0.9382 -0.3356 -0.0847
vn -0.9301 -0.3591 -0.0769
vn -0.9383 -0.3450 -0.0221
vn -0.9293 -0.3689 -0.0167
vn -0.9345 -0.3528 0.0472
vn -0.9422 -0.3213 -0.0945
vn -0.9345 -0.3445 -0.0890
vn -0.9422 -0.3337 -0.0312
vn -0.9339 -0.3565 -0.0278
vn -0.9380 -0.3444 0.0391
vn -0.9296 -0.3662 0.0402
vn -0.9284 -0.3529 0.1162
vn -0.9473 -0.3047 -0.0986
vn -0.9397 -0.3277 -0.0978
vn -0.9467 -0.3201 -0.0352
vn -0.9388 -0.3427 -0.0360
vn -0.9417 -0.3346 0.0352
vn -0.9342 -0.3553 0.0330
vn -0.9311 -0.3469 0.1125
vn -0.9245 -0.3651 0.1093
vn -0.9142 -0.3569 0.1920
vn -0.9528 -0.2865 -0.1003
vn -0.9459 -0.3085 -0.1007
vn -0.9517 -0.3050 -0.0370
vn -0.9445 -0.3263 -0.0387
vn -0.9458 -0.3230 0.0334
vn -0.9389 -0.3428 0.0304
vn -0.9340 -0.3398 0.1105
vn -0.9284 -0.3560 0.1070
vn -0.9153 -0.3534 0.1934
vn -0.9590 -0.2656 -0.0985
vn -0.9531 -0.2857 -0.0998
vn -0.9573 -0.2868 -0.0357
vn -0.9509 -0.3070 -0.0382
vn -0.9505 -0.3089 0.0343
vn -0.9445 -0.3269 0.0309
vn -0.9377 -0.3298 0.1096
vn -0.9333 -0.3421 0.1090
vn -0.9181 -0.3474 0.1908
vn -0.9142 -0.3582 0.1897
vn -0.8902 -0.3636 0.2744
vn -0.9660 -0.2412 -0.0932
vn -0.9608 -0.2604 -0.0953
vn -0.9632 -0.2668 -0.0313
vn -0.9581 -0.2845 -0.0342
vn -0.9555 -0.2926 0.0381
vn -0.9506 -0.3085 0.0346
vn -0.9410 -0.3183 0.1149
vn -0.8900 -0.3662 0.2718
vn -0.8563 -0.3783 0.3517
vn -0.8575 -0.3748 0.3525
vn -0.8185 -0.3883 0.4235
vn -0.9726 -0.2169 -0.0842
vn -0.9684 -0.2334 -0.0880
vn -0.9691 -0.2457 -0.0234
vn -0.9648 -0.2617 -0.0278
vn -0.9601 -0.2762 0.0440
vn -0.9560 -0.2907 0.0394
vn -0.9444 -0.3073 0.1169
vn -0.9409 -0.3188 0.1144
vn -0.9214 -0.3366 0.1942
vn -0.9192 -0.3428 0.1937
vn -0.8909 -0.3625 0.2735
vn -0.9936 -0.1105 -0.0239
vn -0.9928 -0.1170 -0.0263
vn -0.9875 -0.1550 0.0283
vn -0.9866 -0.1614 0.0258
vn -0.9752 -0.2041 0.0860
vn -0.9743 -0.2092 0.0839
vn -0.9552 -0.2559 0.1485
vn -0.9541 -0.2617 0.1458
vn -0.9267 -0.3092 0.2137
vn -0.9272 -0.3071 0.2143
vn -0.8918 -0.3560 0.2793
vn -0.7705 -0.4384 0.4628
vn -0.7356 -0.4632 0.4943
vn -0.7391 -0.4407 0.5095
vn -0.9901 -0.1331 0.0451
vn -0.9961 -0.0885 -0.0056
vn -0.9897 -0.1364 0.0437
vn -0.9980 -0.0603 0.0164
vn -0.9982 -0.0171 0.0573
vn -0.9983 -0.0208 0.0551
vn -0.9991 0.0377 0.0183
vn -0.9980 0.0495 0.0405
vn -0.9960 0.0670 0.0588
vn -0.9962 0.0059 0.0872
vn -0.9974 -0.0071 0.0711
vn -0.9972 -0.0003 0.0753
vn -0.9916 -0.0662 0.1107
vn -0.9916 -0.0596 0.1148
vn -0.9791 -0.1328 0.1538
vn -0.9794 -0.1247 0.1590
vn -0.9582 -0.2038 0.2008
vn -0.9922 -0.0792 0.0960
vn -0.9923 -0.0742 0.0989
vn -0.9795 -0.1431 0.1416
vn -0.9907 -0.0554 0.1245
vn -0.9956 0.0138 0.0923
vn -0.9904 -0.0460 0.1307
vn -0.9853 0.0590 0.1601
vn -0.9880 0.0391 0.1497
vn -0.9848 0.1143 0.1309
vn -0.9881 0.0951 0.1209
vn -0.9794 0.0713 0.1888
vn -0.9835 0.0431 0.1759
vn -0.9788 0.1266 0.1609
vn -0.9838 0.0999 0.1488
vn -0.9773 0.1602 0.1385
vn -0.9696 0.1793 0.1663
vn -0.9768 0.1507 0.1520
vn -0.9659 0.1751 0.1908
vn -0.9743 0.1425 0.1743
vn -0.9641 0.1628 0.2098
vn -0.9732 0.1282 0.1910
vn -0.9831 -0.0251 0.1815
vn -0.9813 -0.0046 0.1925
vn -0.9715 -0.0967 0.2162
vn -0.9708 -0.0767 0.2272
vn -0.9518 -0.1745 0.2524
vn -0.9521 -0.1568 0.2626
vn -0.9226 -0.2564 0.2882
vn -0.9238 -0.2409 0.2976
vn -0.8845 -0.3370 0.3226
vn -0.8861 -0.3250 0.3305
vn -0.8412 -0.4096 0.3531
vn -0.9734 0.0740 0.2167
vn -0.9787 0.0421 0.2007
vn -0.9731 0.1298 0.1902
vn -0.9795 0.0995 0.1751
vn -0.9783 -0.0210 0.2059
vn -0.9757 0.0068 0.2189
vn -0.9669 -0.0926 0.2378
vn -0.9659 -0.0667 0.2503
vn -0.9474 -0.1713 0.2704
vn -0.9479 -0.1475 0.2824
vn -0.9190 -0.2526 0.3026
vn -0.9205 -0.2346 0.3124
vn -0.8821 -0.3344 0.3318
vn -0.8838 -0.3227 0.3388
vn -0.8383 -0.4123 0.3567
vn -0.8402 -0.4056 0.3599
vn -0.7939 -0.4784 0.3754
vn -0.7946 -0.4760 0.3769
vn -0.7532 -0.5294 0.3904
vn -0.9685 0.0690 0.2393
vn -0.9748 0.0327 0.2208
vn -0.9687 0.1254 0.2141
vn -0.9765 0.0898 0.1961
vn -0.9732 -0.0217 0.2289
vn -0.9695 0.0098 0.2448
vn -0.9616 -0.0924 0.2584
vn -0.9598 -0.0633 0.2736
vn -0.9425 -0.1697 0.2880
vn -0.9424 -0.1454 0.3013
vn -0.9151 -0.2510 0.3157
vn -0.9162 -0.2326 0.3264
vn -0.8796 -0.3324 0.3402
vn -0.8809 -0.3220 0.3468
vn -0.8388 -0.4091 0.3593
vn -0.7956 -0.4809 0.3684
vn -0.7554 -0.5345 0.3791
vn -0.7531 -0.5428 0.3719
vn -0.7237 -0.5755 0.3809
vn -0.9651 0.0550 0.2559
vn -0.9718 0.0171 0.2352
vn -0.9663 0.1115 0.2321
vn -0.9745 0.0744 0.2119
vn -0.9685 -0.0302 0.2473
vn -0.9641 0.0051 0.2655
vn -0.9564 -0.0996 0.2746
vn -0.9541 -0.0670 0.2919
vn -0.9374 -0.1743 0.3015
vn -0.9371 -0.1477 0.3163
vn -0.9110 -0.2526 0.3258
vn -0.9120 -0.2349 0.3364
vn -0.8775 -0.3325 0.3455
vn -0.8785 -0.3242 0.3508
vn -0.8388 -0.4090 0.3592
vn -0.8388 -0.4093 0.3590
vn -0.7982 -0.4780 0.3666
vn -0.7953 -0.4887 0.3587
vn -0.7598 -0.5373 0.3661
vn -0.7556 -0.5515 0.3535
vn -0.7278 -0.5833 0.3607
vn -0.7236 -0.5959 0.3482
vn -0.9645 -0.0450 0.2601
vn -0.9598 -0.0081 0.2806
vn -0.9518 -0.1121 0.2856
vn -0.9493 -0.0789 0.3044
vn -0.9329 -0.1833 0.3099
vn -0.9324 -0.1575 0.3252
vn -0.9077 -0.2583 0.3307
vn -0.9084 -0.2415 0.3414
vn -0.8763 -0.3346 0.3467
vn -0.8769 -0.3289 0.3506
vn -0.8405 -0.4087 0.3556
vn -0.8396 -0.4143 0.3514
vn -0.8027 -0.4780 0.3565
vn -0.7994 -0.4919 0.3449
vn -0.7660 -0.5389 0.3504
vn -0.7606 -0.5571 0.3334
vn -0.7338 -0.5885 0.3394
vn -0.7280 -0.6051 0.3222
vn -0.9629 0.0126 0.2696
vn -0.9688 -0.0218 0.2467
vn -0.9661 0.0701 0.2486
vn -0.9734 0.0361 0.2262
vn -0.9655 0.1243 0.2288
vn -0.9738 0.0925 0.2079
vn -0.9615 0.1757 0.2113
vn -0.9704 0.1466 0.1921
vn -0.9544 0.2248 0.1962
vn -0.9631 0.2001 0.1797
vn -0.9443 0.2724 0.1845
vn -0.9528 0.2514 0.1703
vn -0.9635 -0.0122 0.2674
vn -0.9684 -0.0479 0.2448
vn -0.9675 0.0460 0.2486
vn -0.9740 0.0100 0.2261
vn -0.9676 0.1021 0.2307
vn -0.9755 0.0675 0.2092
vn -0.9642 0.1556 0.2146
vn -0.9727 0.1249 0.1955
vn -0.9571 0.2083 0.2015
vn -0.9660 0.1812 0.1845
vn -0.9469 0.2587 0.1909
vn -0.9598 -0.0818 0.2685
vn -0.9556 -0.0490 0.2906
vn -0.9461 -0.1440 0.2901
vn -0.9438 -0.1158 0.3096
vn -0.9277 -0.2089 0.3096
vn -0.9270 -0.1876 0.3249
vn -0.9046 -0.2755 0.3252
vn -0.9049 -0.2637 0.3341
vn -0.8776 -0.3432 0.3349
vn -0.8776 -0.3429 0.3351
vn -0.9656 -0.0432 0.2564
vn -0.9691 -0.0745 0.2352
vn -0.9705 0.0156 0.2405
vn -0.9755 -0.0162 0.2194
vn -0.9715 0.0735 0.2254
vn -0.9777 0.0432 0.2055
vn -0.9684 0.1307 0.2122
vn -0.9756 0.1028 0.1938
vn -0.9616 0.1866 0.2011
vn -0.9585 -0.1068 0.2642
vn -0.9554 -0.0732 0.2860
vn -0.9445 -0.1662 0.2835
vn -0.9432 -0.1378 0.3024
vn -0.9265 -0.2264 0.3005
vn -0.9266 -0.2063 0.3145
vn -0.9050 -0.2877 0.3133
vn -0.9056 -0.2781 0.3203
vn -0.8805 -0.3502 0.3197
vn -0.8803 -0.3518 0.3184
vn -0.9685 -0.0736 0.2378
vn -0.9706 -0.0985 0.2197
vn -0.9741 -0.0141 0.2257
vn -0.9774 -0.0398 0.2075
vn -0.9757 0.0460 0.2142
vn -0.9802 0.0210 0.1967
vn -0.9732 0.1059 0.2040
vn -0.9587 -0.1324 0.2518
vn -0.9568 -0.1037 0.2717
vn -0.9447 -0.1892 0.2679
vn -0.9442 -0.1655 0.2848
vn -0.9275 -0.2457 0.2817
vn -0.9279 -0.2294 0.2939
vn -0.9076 -0.3020 0.2917
vn -0.9082 -0.2950 0.2970
vn -0.8853 -0.3589 0.2956
vn -0.8849 -0.3626 0.2925
vn -0.9723 -0.1011 0.2107
vn -0.9732 -0.1185 0.1971
vn -0.9783 -0.0410 0.2031
vn -0.9801 -0.0591 0.1895
vn -0.9804 0.0208 0.1961
vn -0.9600 -0.1557 0.2325
vn -0.9592 -0.1332 0.2493
vn -0.9464 -0.2104 0.2449
vn -0.9466 -0.1926 0.2586
vn -0.9302 -0.2640 0.2550
vn -0.9308 -0.2523 0.2644
vn -0.9119 -0.3161 0.2618
vn -0.9123 -0.3122 0.2650
vn -0.8915 -0.3687 0.2634
vn -0.8908 -0.3728 0.2597
vn -0.9762 -0.1228 0.1788
vn -0.9766 -0.1308 0.1710
vn -0.9824 -0.0621 0.1764
vn -0.9629 -0.1750 0.2054
vn -0.9629 -0.1602 0.2172
vn -0.9499 -0.2290 0.2128
vn -0.9504 -0.2172 0.2226
vn -0.9346 -0.2804 0.2190
vn -0.9352 -0.2733 0.2251
vn -0.9173 -0.3303 0.2225
vn -0.9176 -0.3280 0.2245
vn -0.8983 -0.3788 0.2228
vn -0.8974 -0.3832 0.2187
vn -0.9794 -0.1347 0.1507
vn -0.9698 -0.1953 0.1463
vn -0.9736 -0.2011 0.1081
vn -0.9616 -0.2535 0.1048
vn -0.9642 -0.2571 0.0649
vn -0.9494 -0.3078 0.0631
vn -0.9501 -0.3092 0.0418
vn -0.9315 -0.3614 0.0409
vn -0.9667 -0.1877 0.1740
vn -0.9667 -0.1808 0.1809
vn -0.9541 -0.2417 0.1769
vn -0.9544 -0.2364 0.1824
vn -0.9394 -0.2924 0.1791
vn -0.9396 -0.2896 0.1823
vn -0.9225 -0.3415 0.1798
vn -0.9226 -0.3411 0.1802
vn -0.9037 -0.3892 0.1785
vn -0.9033 -0.3911 0.1764
vn -0.9885 -0.1393 0.0590
vn -0.9891 -0.1330 0.0632
vn -0.9946 -0.0790 0.0678
vn -0.9948 -0.0728 0.0717
vn -0.9969 -0.0171 0.0770
vn -0.9897 -0.1333 0.0517
vn -0.9896 -0.1345 0.0509
vn -0.9957 -0.0732 0.0563
vn -0.9798 -0.1920 0.0552
vn -0.9802 -0.1922 0.0475
vn -0.9802 -0.1921 0.0476
vn -0.9868 -0.1378 0.0850
vn -0.9926 -0.0826 0.0894
vn -0.9894 -0.0795 0.1214
vn -0.9918 -0.0182 0.1265
vn -0.9885 -0.0146 0.1504
vn -0.9861 0.0547 0.1566
vn -0.9847 0.0562 0.1652
vn -0.9765 0.1297 0.1723
vn -0.9761 0.1301 0.1743
vn -0.9610 0.2076 0.1825
vn -0.9622 0.2065 0.1778
vn -0.9356 0.2986 0.1882
vn -0.9396 0.2950 0.1736
vn -0.9926 -0.0774 0.0937
vn -0.9968 0.0592 0.0538
vn -0.9774 -0.1865 0.0997
vn -0.9771 -0.1887 0.0988
vn -0.9568 -0.2434 0.1589
vn -0.9569 -0.2432 0.1590
vn -0.9283 -0.2997 0.2201
vn -0.8918 -0.3503 0.2864
vn -0.8487 -0.4025 0.3430
vn -0.8517 -0.3925 0.3471
vn -0.8055 -0.4395 0.3976
vn -0.8093 -0.4249 0.4057
vn -0.7660 -0.4616 0.4474
vn -0.7356 -0.4601 0.4971
vn -0.9798 -0.1519 0.1304
vn -0.9584 -0.2210 0.1807
vn -0.9590 -0.2055 0.1949
vn -0.9288 -0.2815 0.2410
vn -0.9288 -0.2688 0.2553
vn -0.8888 -0.3487 0.2974
vn -0.7975 -0.4644 0.3853
vn -0.7529 -0.5179 0.4062
vn -0.7198 -0.5702 0.3959
vn -0.9784 -0.1228 0.1664
vn -0.9784 -0.1136 0.1725
vn -0.9576 -0.1967 0.2107
vn -0.9581 -0.1862 0.2179
vn -0.9281 -0.2700 0.2564
vn -0.9576 -0.2475 0.1475
vn -0.9575 -0.2491 0.1457
vn -0.9699 -0.1924 0.1494
vn -0.9612 -0.2556 0.1034
vn -0.9467 -0.3060 0.1007
vn -0.9488 -0.3098 0.0612
vn -0.9307 -0.3609 0.0594
vn -0.9312 -0.3623 0.0406
vn -0.9092 -0.4144 0.0408
vn -0.9082 -0.4165 0.0416
vn -0.9429 -0.3003 0.1445
vn -0.9430 -0.2992 0.1457
vn -0.9260 -0.3492 0.1433
vn -0.9260 -0.3491 0.1435
vn -0.9069 -0.3967 0.1419
vn -0.9068 -0.3973 0.1411
vn -0.9672 -0.2500 0.0448
vn -0.9203 -0.1818 0.3463
vn -0.9137 -0.2082 0.3489
vn -0.9015 -0.1831 0.3920
vn -0.9094 -0.2379 0.3411
vn -0.9172 -0.2088 0.3395
vn -0.9051 -0.2648 0.3328
vn -0.9142 -0.2387 0.3275
vn -0.9004 -0.2963 0.3184
vn -0.9112 -0.2765 0.3053
vn -0.8979 -0.3275 0.2942
vn -0.9084 -0.3076 0.2831
vn -0.8972 -0.3477 0.2722
vn -0.9072 -0.3275 0.2641
vn -0.8976 -0.3605 0.2536
vn -0.9070 -0.3413 0.2468
vn -0.8988 -0.3689 0.2366
vn -0.9075 -0.3499 0.2322
vn -0.9009 -0.3724 0.2228
vn -0.9087 -0.3544 0.2204
vn -0.9030 -0.3739 0.2115
vn -0.9100 -0.3571 0.2106
vn -0.9053 -0.3732 0.2026
vn -0.9296 -0.2798 0.2398
vn -0.9464 -0.3073 0.0998
vn -0.9291 -0.3567 0.0977
vn -0.9308 -0.3607 0.0596
vn -0.9090 -0.4126 0.0587
vn -0.9291 -0.3568 0.0977
vn -0.8900 -0.3520 0.2900
vn -0.8915 -0.3446 0.2941
vn -0.8464 -0.4089 0.3411
vn -0.8493 -0.3975 0.3474
vn -0.8022 -0.4525 0.3895
vn -0.7999 -0.4552 0.3910
vn -0.7556 -0.5048 0.4175
vn -0.7238 -0.5355 0.4351
vn -0.7107 -0.5475 0.4418
vn -0.8468 -0.4011 0.3493
vn -0.9089 -0.4058 0.0963
vn -0.9093 -0.4045 0.0972
vn -0.9101 -0.4099 0.0613
vn -0.8465 -0.1717 0.5039
vn -0.8468 -0.1979 0.4937
vn -0.8412 -0.2163 0.4955
vn -0.8176 -0.1860 0.5450
vn -0.8119 -0.2007 0.5482
vn -0.7815 -0.1758 0.5986
vn -0.8403 -0.2381 0.4870
vn -0.8150 -0.2001 0.5438
vn -0.8143 -0.2217 0.5365
vn -0.7806 -0.1944 0.5940
vn -0.8462 -0.2446 0.4735
vn -0.8434 -0.2579 0.4713
vn -0.8427 -0.2755 0.4625
vn -0.8421 -0.2771 0.4628
vn -0.8111 -0.2441 0.5316
vn -0.8126 -0.2411 0.5307
vn -0.7757 -0.2190 0.5918
vn -0.8382 -0.2994 0.4559
vn -0.8398 -0.2956 0.4555
vn -0.8058 -0.2716 0.5262
vn -0.8090 -0.2639 0.5252
vn -0.7701 -0.2507 0.5866
vn -0.7744 -0.2345 0.5877
vn -0.7452 -0.2345 0.6243
vn -0.8373 -0.3101 0.4503
vn -0.8022 -0.2945 0.5194
vn -0.7702 -0.2558 0.5843
vn -0.7377 -0.2580 0.6239
vn -0.7988 -0.3124 0.5141
vn -0.7605 -0.3131 0.5689
vn -0.7604 -0.3126 0.5692
vn -0.7308 -0.3200 0.6030
vn -0.8020 -0.2908 0.5217
vn -0.8271 -0.3533 0.4372
vn -0.8270 -0.3543 0.4365
vn -0.7877 -0.3573 0.5018
vn -0.7527 -0.3644 0.5484
vn -0.7274 -0.3750 0.5747
vn -0.7929 -0.3403 0.5055
vn -0.7995 -0.4607 0.3855
vn -0.8024 -0.4470 0.3955
vn -0.7581 -0.4932 0.4266
vn -0.7580 -0.4954 0.4243
vn -0.7238 -0.5281 0.4441
vn -0.8235 -0.4756 0.3094
vn -0.7836 -0.5599 0.2692
vn -0.8333 -0.4758 0.2815
vn -0.8279 -0.4957 0.2625
vn -0.8025 -0.5348 0.2646
vn -0.8378 -0.4945 0.2314
vn -0.8127 -0.5339 0.2333
vn -0.8152 -0.5495 0.1830
vn -0.7847 -0.5910 0.1870
vn -0.7853 -0.6005 0.1509
vn -0.7662 -0.6238 0.1544
vn -0.8053 -0.5532 0.2130
vn -0.8512 -0.4813 0.2095
vn -0.8541 -0.4939 0.1629
vn -0.8258 -0.5393 0.1648
vn -0.8266 -0.5468 0.1330
vn -0.7907 -0.5966 0.1371
vn -0.7908 -0.6024 0.1086
vn -0.8589 -0.4930 0.1386
vn -0.8587 -0.5028 0.0992
vn -0.8600 -0.5003 0.1010
vn -0.8275 -0.5519 0.1032
vn -0.8565 -0.5120 0.0656
vn -0.8591 -0.5069 0.0705
vn -0.8249 -0.5606 0.0729
vn -0.8277 -0.5557 0.0776
vn -0.7886 -0.6095 0.0814
vn -0.8528 -0.5201 0.0470
vn -0.8566 -0.5135 0.0515
vn -0.8210 -0.5683 0.0544
vn -0.8249 -0.5622 0.0585
vn -0.7859 -0.6152 0.0623
vn -0.7885 -0.6115 0.0650
vn -0.8216 -0.5679 0.0495
vn -0.8538 -0.5185 0.0457
vn -0.8211 -0.5687 0.0490
vn -0.7647 -0.2859 0.5774
vn -0.7550 -0.3415 0.5598
vn -0.7551 -0.3467 0.5564
vn -0.7310 -0.4858 0.4792
vn -0.7136 -0.4993 0.4914
vn -0.7592 -0.6112 0.2235
vn -0.7580 -0.5923 0.2733
vn -0.7782 -0.6039 0.1726
vn -0.7771 -0.5908 0.2169
vn -0.7869 -0.6148 0.0530
vn -0.7860 -0.6161 0.0521
vn -0.7453 -0.1806 0.6418
vn -0.7823 -0.1909 0.5930
vn -0.7318 -0.2926 0.6154
vn -0.7648 -0.2869 0.5769
vn -0.9949 -0.0196 0.0988
vn -0.9946 -0.0155 0.1021
vn -0.9932 0.0440 0.1077
vn -0.9917 -0.0169 0.1273
vn -0.9900 0.0471 0.1331
vn -0.9871 0.0500 0.1522
vn -0.9799 0.1202 0.1590
vn -0.9788 0.1213 0.1648
vn -0.9657 0.1941 0.1724
vn -0.9656 0.1942 0.1729
vn -0.9403 0.2866 0.1834
vn -0.9426 0.2847 0.1745
vn -0.9901 0.0465 0.1327
vn -0.9648 0.1996 0.1715
vn -0.9591 0.2096 0.1900
vn -0.9812 0.1156 0.1547
vn -0.9838 0.1132 0.1391
vn -0.9918 0.1076 0.0694
vn -0.9930 0.0994 0.0641
vn -0.9832 0.1675 0.0729
vn -0.9856 0.1560 0.0654
vn -0.9668 0.2438 0.0767
vn -0.9973 0.0409 0.0611
vn -0.9896 0.1083 0.0942
vn -0.9800 0.1714 0.1015
vn -0.9772 0.1727 0.1232
vn -0.9576 0.2558 0.1324
vn -0.9551 0.2571 0.1471
vn -0.9807 0.1682 0.0995
vn -0.9684 0.1865 0.1656
vn -0.9692 0.1858 0.1618
vn -0.9459 0.2753 0.1718
vn -0.9450 0.2760 0.1756
vn -0.9592 0.2521 0.1281
vn -0.9642 0.2444 0.1034
vn -0.9618 0.2510 0.1093
vn -0.9078 0.4119 0.0789
vn -0.8903 0.4319 0.1442
vn -0.8947 0.4248 0.1377
vn -0.8763 0.4470 0.1798
vn -0.8702 0.4543 0.1904
vn -0.8764 0.4748 0.0803
vn -0.9140 0.3995 0.0703
vn -0.8564 0.4948 0.1474
vn -0.8619 0.4873 0.1402
vn -0.8449 0.5034 0.1810
vn -0.8424 0.5330 0.0797
vn -0.8842 0.4617 0.0705
vn -0.8217 0.5499 0.1496
vn -0.8269 0.5437 0.1437
vn -0.8067 0.5595 0.1905
vn -0.8064 0.5860 0.0795
vn -0.8504 0.5214 0.0713
vn -0.7876 0.5970 0.1523
vn -0.7911 0.5933 0.1487
vn -0.7587 0.6326 0.1556
vn -0.7594 0.6319 0.1550
vn -0.7416 0.6516 0.1597
vn -0.8139 0.5765 0.0726
vn -0.7719 0.6308 0.0792
vn 0.7546 -0.6412 0.1393
vn 0.7538 -0.6541 0.0634
vn 0.7455 -0.6582 0.1049
vn 0.7550 -0.6522 0.0682
vn 0.7679 -0.6382 0.0542
vn 0.7976 -0.6010 0.0509
vn 0.7986 -0.6018 -0.0056
vn 0.8084 -0.5648 0.1657
vn 0.8392 -0.5438 -0.0034
vn 0.8617 -0.4891 0.1349
vn 0.9337 -0.3557 0.0414
vn 0.9564 -0.2890 0.0425
vn 0.9742 -0.2209 0.0465
vn 0.9871 -0.1518 0.0502
vn 0.9873 -0.1508 0.0496
vn 0.9951 -0.0821 0.0554
vn 0.9954 -0.0795 0.0540
vn 0.9981 -0.0117 0.0609
vn 0.9983 -0.0069 0.0583
vn 0.9962 0.0575 0.0659
vn 0.9959 0.0652 0.0622
vn 0.9890 0.1304 0.0696
vn 0.9883 0.1376 0.0660
vn 0.9775 0.1977 0.0740
vn 0.9756 0.2087 0.0686
vn 0.9609 0.2660 0.0764
vn 0.9578 0.2785 0.0704
vn 0.9406 0.3306 0.0775
vn 0.9355 0.3462 0.0706
vn 0.9135 0.3995 0.0773
vn 0.9088 0.4109 0.0720
vn 0.8850 0.4589 0.0784
vn 0.8786 0.4721 0.0723
vn 0.8515 0.5185 0.0783
vn 0.8445 0.5306 0.0727
vn 0.8069 0.5853 0.0796
vn 0.8029 0.5847 0.1159
vn 0.7651 0.6320 0.1231
vn 0.7593 0.6320 0.1550
vn 0.7416 0.6517 0.1594
vn 0.7440 0.6487 0.1602
vn 0.7335 0.6536 0.1865
vn 0.7405 0.6451 0.1882
vn 0.7373 0.6451 0.2008
vn 0.7623 -0.6413 0.0875
vn 0.7322 -0.6659 0.1427
vn 0.7659 -0.6331 0.1123
vn 0.7504 -0.6460 0.1398
vn 0.8028 -0.5815 0.1318
vn 0.8009 -0.5827 0.1379
vn 0.8442 -0.5191 0.1337
vn 0.8429 -0.5201 0.1380
vn 0.8770 -0.4607 0.1367
vn 0.8747 -0.4522 0.1747
vn 0.9012 -0.3963 0.1753
vn 0.8962 -0.3838 0.2224
vn 0.9188 -0.3247 0.2245
vn 0.9198 -0.3235 0.2219
vn 0.9381 -0.2633 0.2249
vn 0.9413 -0.2589 0.2168
vn 0.9547 -0.1997 0.2204
vn 0.9589 -0.1923 0.2087
vn 0.9680 -0.1327 0.2128
vn 0.9722 -0.1228 0.1992
vn 0.9771 -0.0619 0.2038
vn 0.9804 -0.0509 0.1902
vn 0.9806 0.0120 0.1955
vn 0.9829 0.0235 0.1826
vn 0.9782 0.0876 0.1885
vn 0.9793 0.0989 0.1769
vn 0.9692 0.1643 0.1835
vn 0.9692 0.1743 0.1739
vn 0.9537 0.2399 0.1812
vn 0.9530 0.2484 0.1735
vn 0.9321 0.3135 0.1816
vn 0.9309 0.3203 0.1758
vn 0.9047 0.3840 0.1845
vn 0.9035 0.3886 0.1807
vn 0.8734 0.4486 0.1897
vn 0.8723 0.4517 0.1874
vn 0.8390 0.5074 0.1966
vn 0.8326 0.5217 0.1859
vn 0.7990 0.5622 0.2135
vn 0.7432 -0.6448 0.1785
vn 0.7444 -0.6427 0.1814
vn 0.7446 -0.6482 0.1594
vn 0.8008 -0.5798 0.1501
vn 0.7287 -0.6466 0.2254
vn 0.7424 -0.6372 0.2072
vn 0.7894 -0.5811 0.1979
vn 0.7799 -0.5842 0.2244
vn 0.8301 -0.5130 0.2187
vn 0.8207 -0.5170 0.2431
vn 0.8583 -0.4528 0.2416
vn 0.8527 -0.4341 0.2907
vn 0.8825 -0.3696 0.2909
vn 0.8779 -0.3566 0.3195
vn 0.9057 -0.2779 0.3203
vn 0.9096 -0.2755 0.3110
vn 0.9285 -0.2008 0.3124
vn 0.9358 -0.1942 0.2941
vn 0.9468 -0.1270 0.2957
vn 0.9551 -0.1161 0.2725
vn 0.9600 -0.0558 0.2744
vn 0.9676 -0.0414 0.2492
vn 0.9678 0.0135 0.2514
vn 0.9734 0.0298 0.2273
vn 0.9698 0.0814 0.2299
vn 0.9732 0.0986 0.2076
vn 0.9662 0.1483 0.2107
vn 0.9675 0.1644 0.1920
vn 0.9571 0.2138 0.1957
vn 0.9567 0.2281 0.1808
vn 0.9425 0.2780 0.1853
vn 0.9412 0.2898 0.1740
vn 0.9271 0.3298 0.1782
vn 0.9255 0.3480 0.1495
vn 0.9388 0.2924 0.1819
vn 0.9414 0.2866 0.1778
vn 0.9543 0.2425 0.1745
vn 0.9524 0.2453 0.1813
vn 0.9635 0.1987 0.1797
vn 0.9614 0.2020 0.1866
vn 0.9699 0.1559 0.1871
vn 0.9685 0.1586 0.1919
vn 0.9750 0.1057 0.1952
vn 0.9746 0.1068 0.1969
vn 0.9780 0.0401 0.2050
vn 0.9786 0.0380 0.2023
vn 0.9750 -0.0437 0.2177
vn 0.9758 -0.0475 0.2133
vn 0.9603 -0.1449 0.2384
vn 0.9607 -0.1485 0.2345
vn 0.9301 -0.2508 0.2684
vn 0.9301 -0.2513 0.2678
vn 0.8842 -0.3505 0.3087
vn 0.8301 -0.4209 0.3658
vn 0.7774 -0.4862 0.3990
vn 0.7356 -0.4949 0.4626
vn 0.7132 -0.5133 0.4775
vn 0.7190 -0.4750 0.5074
vn 0.7210 -0.4835 0.4963
vn 0.7424 -0.4748 0.4726
vn 0.7862 -0.4397 0.4342
vn 0.7863 -0.4538 0.4193
vn 0.8365 -0.4060 0.3680
vn 0.8370 -0.4139 0.3578
vn 0.8888 -0.3531 0.2923
vn 0.9306 -0.3017 0.2073
vn 0.9616 -0.2430 0.1273
vn 0.9619 -0.2402 0.1308
vn 0.9815 -0.1841 0.0526
vn 0.9820 -0.1798 0.0582
vn 0.9915 -0.1294 -0.0137
vn 0.9922 -0.1242 -0.0066
vn 0.9942 -0.0799 -0.0715
vn 0.9955 -0.0722 -0.0607
vn 0.9915 -0.0434 -0.1225
vn 0.9893 -0.0883 -0.1158
vn 0.9809 -0.1143 -0.1575
vn 0.9857 -0.1360 -0.0997
vn 0.9750 -0.1796 -0.1311
vn 0.9781 -0.2020 -0.0504
vn 0.9672 -0.2416 -0.0780
vn 0.9655 -0.2600 0.0160
vn 0.9549 -0.2968 -0.0089
vn 0.9460 -0.3093 0.0971
vn 0.9371 -0.3404 0.0766
vn 0.9195 -0.3454 0.1879
vn 0.9142 -0.3654 0.1753
vn 0.8875 -0.3633 0.2834
vn 0.8860 -0.3680 0.2821
vn 0.8494 -0.3663 0.3799
vn 0.8519 -0.3555 0.3845
vn 0.8106 -0.3521 0.4679
vn 0.8143 -0.3194 0.4847
vn 0.7731 -0.3167 0.5495
vn 0.7757 -0.2735 0.5688
vn 0.7426 -0.2758 0.6103
vn 0.7405 -0.2561 0.6214
vn 0.7383 -0.1891 0.6474
vn 0.7728 -0.2403 0.5874
vn 0.7631 -0.2217 0.6070
vn 0.7854 -0.2247 0.5767
vn 0.7865 -0.2407 0.5687
vn 0.8270 -0.2668 0.4949
vn 0.8627 -0.2919 0.4130
vn 0.8816 -0.3386 0.3289
vn 0.8900 -0.3035 0.3403
vn 0.8984 -0.3632 0.2467
vn 0.9084 -0.3145 0.2754
vn 0.9084 -0.3831 0.1673
vn 0.9233 -0.3266 0.2022
vn 0.9141 -0.3946 0.0934
vn 0.9330 -0.3351 0.1314
vn 0.9157 -0.4010 0.0242
vn 0.9378 -0.3415 0.0628
vn 0.9135 -0.4047 -0.0413
vn 0.9376 -0.3476 -0.0036
vn 0.9069 -0.4080 -0.1046
vn 0.9327 -0.3541 -0.0686
vn 0.8962 -0.4116 -0.1655
vn 0.9227 -0.3620 -0.1322
vn 0.8809 -0.4165 -0.2248
vn 0.9082 -0.3709 -0.1940
vn 0.8611 -0.4227 -0.2824
vn 0.8885 -0.3816 -0.2548
vn 0.8375 -0.4300 -0.3374
vn 0.8646 -0.3932 -0.3129
vn 0.8092 -0.4388 -0.3907
vn 0.8361 -0.4058 -0.3692
vn 0.7784 -0.4476 -0.4402
vn 0.8042 -0.4189 -0.4217
vn 0.7446 -0.4574 -0.4862
vn 0.7694 -0.4319 -0.4706
vn 0.7085 -0.4673 -0.5289
vn 0.7325 -0.4443 -0.5157
vn 0.6718 -0.4764 -0.5672
vn 0.6941 -0.4563 -0.5568
vn 0.6415 -0.4823 -0.5965
vn 0.6608 -0.4664 -0.5881
vn 0.6275 -0.4824 -0.6111
vn 0.6422 -0.4728 -0.6033
vn 0.6283 -0.4796 -0.6126
vn 0.6101 -0.4918 -0.6213
vn 0.6372 -0.4956 -0.5902
vn 0.6264 -0.5039 -0.5948
vn 0.6292 -0.5060 -0.5900
vn 0.6442 -0.4951 -0.5830
vn 0.6406 -0.4765 -0.6022
vn 0.6648 -0.4548 -0.5926
vn 0.6692 -0.4113 -0.6188
vn 0.6878 -0.3887 -0.6131
vn 0.7027 -0.2906 -0.6495
vn 0.7482 -0.2334 -0.6211
vn 0.7438 -0.2120 -0.6339
vn 0.7435 -0.2587 -0.6166
vn 0.7750 -0.1623 -0.6108
vn 0.8064 -0.1900 -0.5600
vn 0.7921 -0.2649 -0.5500
vn 0.7860 -0.2779 -0.5522
vn 0.7576 -0.3744 -0.5347
vn 0.7488 -0.3898 -0.5360
vn 0.7307 -0.4358 -0.5255
vn 0.7170 -0.4530 -0.5298
vn 0.7086 -0.4709 -0.5254
vn 0.6860 -0.4925 -0.5356
vn 0.6964 -0.4730 -0.5398
vn 0.6729 -0.4943 -0.5503
vn 0.7289 -0.6432 0.2345
vn 0.7187 -0.6382 0.2759
vn 0.7292 -0.6333 0.2593
vn 0.7188 -0.6342 0.2850
vn 0.7591 -0.5901 0.2750
vn 0.7506 -0.5855 0.3061
vn 0.7999 -0.5204 0.2988
vn 0.7916 -0.5174 0.3250
vn 0.8357 -0.4452 0.3215
vn 0.8329 -0.4303 0.3481
vn 0.8735 -0.3439 0.3446
vn 0.8731 -0.3425 0.3469
vn 0.9081 -0.2426 0.3413
vn 0.9134 -0.2424 0.3269
vn 0.9349 -0.1494 0.3220
vn 0.9426 -0.1469 0.3000
vn 0.9531 -0.0638 0.2958
vn 0.9611 -0.0583 0.2699
vn 0.9637 0.0129 0.2667
vn 0.9706 0.0213 0.2397
vn 0.9679 0.0816 0.2376
vn 0.9730 0.0922 0.2116
vn 0.9669 0.1443 0.2104
vn 0.7138 -0.6173 0.3307
vn 0.7136 -0.6179 0.3302
vn 0.7139 -0.6292 0.3075
vn 0.7508 -0.5897 0.2975
vn 0.7111 -0.5854 0.3894
vn 0.7086 -0.5953 0.3788
vn 0.7087 -0.6094 0.3556
vn 0.7370 -0.5805 0.3461
vn 0.7370 -0.5809 0.3456
vn 0.7853 -0.5200 0.3360
vn 0.7849 -0.5168 0.3419
vn 0.8312 -0.4421 0.3370
vn 0.7137 -0.5375 0.4491
vn 0.7105 -0.5498 0.4392
vn 0.7082 -0.5664 0.4214
vn 0.7301 -0.5459 0.4111
vn 0.7286 -0.5564 0.3994
vn 0.7726 -0.5055 0.3840
vn 0.8263 -0.4342 0.3587
vn 0.8270 -0.4302 0.3620
vn 0.8280 -0.4389 0.3489
vn 0.8294 -0.4304 0.3563
vn 0.7199 -0.4613 0.5186
vn 0.7224 -0.4036 0.5615
vn 0.7330 -0.4361 0.5220
vn 0.7302 -0.4219 0.5374
vn 0.7514 -0.4094 0.5175
vn 0.7525 -0.4323 0.4968
vn 0.7940 -0.4084 0.4503
vn 0.7937 -0.4238 0.4363
vn 0.8424 -0.3917 0.3700
vn 0.9257 -0.3264 0.1910
vn 0.9509 -0.2949 0.0936
vn 0.9529 -0.2845 0.1048
vn 0.9669 -0.2548 0.0086
vn 0.9699 -0.2423 0.0226
vn 0.9741 -0.2162 -0.0669
vn 0.7269 -0.3274 0.6036
vn 0.7278 -0.3968 0.5593
vn 0.7337 -0.2562 0.6293
vn 0.7346 -0.3183 0.5992
vn 0.7359 -0.3364 0.5876
vn 0.7660 -0.3283 0.5527
vn 0.7636 -0.3678 0.5308
vn 0.8052 -0.3582 0.4727
vn 0.8019 -0.3883 0.4540
vn 0.8463 -0.3741 0.3792
vn 0.8877 -0.3644 0.2815
vn 0.9223 -0.3403 0.1831
vn 0.8295 -0.2038 0.5201
vn 0.8568 -0.2562 0.4475
vn 0.8656 -0.2322 0.4436
vn 0.8813 -0.2815 0.3796
vn 0.8926 -0.2549 0.3719
vn 0.9027 -0.3170 0.2910
vn 0.9094 -0.2917 0.2964
vn 0.9107 -0.3656 0.1923
vn 0.7499 -0.1698 0.6394
vn 0.7467 -0.2398 0.6204
vn 0.7977 -0.1270 0.5896
vn 0.7976 -0.2572 0.5456
vn 0.8361 -0.1304 0.5328
vn 0.8496 -0.2338 0.4727
vn 0.8655 -0.1740 0.4697
vn 0.8959 -0.1776 0.4073
vn 0.8966 -0.1740 0.4073
vn 0.8868 -0.2323 0.3996
vn 0.8954 -0.1960 0.3997
vn 0.8840 -0.2543 0.3923
vn 0.8942 -0.2204 0.3897
vn 0.8884 -0.2390 0.3919
vn 0.9068 -0.1933 0.3748
vn 0.9163 -0.2578 0.3065
vn 0.9256 -0.1827 0.3314
vn 0.9256 -0.1603 0.3428
vn 0.9110 -0.2438 0.3325
vn 0.9156 -0.2256 0.3328
vn 0.9074 -0.2768 0.3162
vn 0.9117 -0.2591 0.3190
vn 0.9460 -0.2360 0.2222
vn 0.9487 -0.2049 0.2408
vn 0.9468 -0.1658 0.2758
vn 0.9332 -0.2383 0.2690
vn 0.9251 -0.2859 0.2499
vn 0.9283 -0.2739 0.2516
vn 0.9163 -0.3340 0.2208
vn 0.9249 -0.3053 0.2266
vn 0.9622 -0.2372 0.1342
vn 0.9702 -0.1959 0.1427
vn 0.9734 -0.1716 0.1518
vn 0.9627 -0.2323 0.1385
vn 0.9578 -0.1917 0.2141
vn 0.9524 -0.2262 0.2046
vn 0.9651 -0.2581 0.0448
vn 0.9761 -0.2093 0.0584
vn 0.9601 -0.2789 0.0203
vn 0.9565 -0.2917 -0.0018
vn 0.9542 -0.2991 -0.0021
vn 0.9330 -0.3505 -0.0817
vn 0.9352 -0.3447 -0.0814
vn 0.8981 -0.4048 -0.1718
vn 0.9121 -0.3732 -0.1700
vn 0.8653 -0.4293 -0.2587
vn 0.9706 -0.2367 -0.0449
vn 0.9728 -0.2283 -0.0405
vn 0.9838 -0.1793 0.0065
vn 0.9653 -0.2612 0.0049
vn 0.9626 -0.2357 -0.1340
vn 0.9658 -0.2229 -0.1322
vn 0.9783 -0.1735 -0.1133
vn 0.9619 -0.2412 -0.1287
vn 0.9754 -0.2129 -0.0565
vn 0.9695 -0.2370 -0.0620
vn 0.9405 -0.2583 -0.2207
vn 0.9478 -0.2346 -0.2160
vn 0.9710 -0.1622 -0.1759
vn 0.9492 -0.2467 -0.1952
vn 0.9206 -0.2400 -0.3080
vn 0.9156 -0.2524 -0.3130
vn 0.9522 -0.1828 -0.2447
vn 0.9325 -0.2506 -0.2601
vn 0.8885 -0.2388 -0.3918
vn 0.9046 -0.1782 -0.3871
vn 0.9304 -0.1701 -0.3246
vn 0.9169 -0.2386 -0.3199
vn 0.9108 -0.2562 -0.3236
vn 0.8909 -0.3240 -0.3182
vn 0.8812 -0.3462 -0.3220
vn 0.8697 -0.3764 -0.3193
vn 0.8544 -0.4028 -0.3283
vn 0.8517 -0.4089 -0.3278
vn 0.8260 -0.4436 -0.3478
vn 0.8397 -0.4163 -0.3487
vn 0.8124 -0.4507 -0.3700
vn 0.8831 -0.1308 -0.4505
vn 0.8441 -0.2586 -0.4697
vn 0.8501 -0.1356 -0.5088
vn 0.8032 -0.2302 -0.5495
vn 0.6286 -0.3196 -0.7090
vn 0.6404 -0.4559 -0.6181
vn 0.6503 -0.4662 -0.5998
vn 0.6741 -0.4411 -0.5925
vn 0.6878 -0.4486 -0.5706
vn 0.7143 -0.4320 -0.5505
vn 0.7305 -0.4292 -0.5311
vn 0.7154 -0.4402 -0.5426
vn 0.7721 -0.4090 -0.4865
vn 0.7475 -0.4334 -0.5034
vn 0.8059 -0.3979 -0.4384
vn 0.7803 -0.4255 -0.4583
vn 0.8369 -0.3871 -0.3870
vn 0.8102 -0.4187 -0.4101
vn 0.8648 -0.3768 -0.3318
vn 0.8373 -0.4128 -0.3585
vn 0.8880 -0.3684 -0.2753
vn 0.8602 -0.4084 -0.3053
vn 0.9072 -0.3610 -0.2160
vn 0.8791 -0.4058 -0.2498
vn 0.9216 -0.3557 -0.1555
vn 0.8936 -0.4053 -0.1927
vn 0.9312 -0.3524 -0.0933
vn 0.9045 -0.4053 -0.1328
vn 0.9364 -0.3498 -0.0288
vn 0.9108 -0.4068 -0.0709
vn 0.9366 -0.3484 0.0375
vn 0.9137 -0.4063 -0.0046
vn 0.9323 -0.3455 0.1072
vn 0.9131 -0.4023 0.0667
vn 0.9231 -0.3397 0.1806
vn 0.9082 -0.3932 0.1436
vn 0.9083 -0.3298 0.2574
vn 0.8988 -0.3744 0.2282
vn 0.8894 -0.3189 0.3275
vn 0.8826 -0.3470 0.3172
vn 0.8603 -0.3030 0.4100
vn 0.8587 -0.3174 0.4023
vn 0.8235 -0.2838 0.4911
vn 0.8236 -0.2790 0.4939
vn 0.7831 -0.2602 0.5648
vn 0.7823 -0.2411 0.5744
vn 0.7448 -0.4034 -0.5316
vn 0.7660 -0.4016 -0.5019
vn 0.7746 -0.3924 -0.4960
vn 0.8342 -0.3443 -0.4307
vn 0.8335 -0.3464 -0.4305
vn 0.8049 -0.3658 -0.4673
vn 0.7863 -0.3973 -0.4732
vn 0.8096 -0.3728 -0.4533
vn 0.8606 -0.3163 -0.3991
vn 0.8667 -0.3229 -0.3801
vn 0.8462 -0.3626 -0.3904
vn 0.8915 -0.3293 -0.3110
vn 0.8626 -0.3880 -0.3248
vn 0.9074 -0.3467 -0.2375
vn 0.8933 -0.2682 -0.3607
vn 0.8920 -0.2741 -0.3596
vn 0.8594 -0.3296 -0.3909
vn 0.8954 -0.3054 -0.3241
vn 0.8667 -0.3641 -0.3408
vn 0.9089 -0.3290 -0.2562
vn 0.8803 -0.3890 -0.2716
vn 0.9212 -0.3455 -0.1790
vn 0.9285 -0.1876 -0.3206
vn 0.9183 -0.2603 -0.2984
vn 0.9035 -0.2908 -0.3148
vn 0.9310 -0.2742 -0.2408
vn 0.9059 -0.3308 -0.2645
vn 0.9358 -0.3060 -0.1749
vn 0.9100 -0.3643 -0.1979
vn 0.9388 -0.3305 -0.0967
vn 0.9132 -0.3899 -0.1188
vn 0.9380 -0.3465 -0.0098
vn 0.9144 -0.4037 -0.0299
vn 0.9328 -0.3504 0.0838
vn 0.9615 -0.1548 -0.2269
vn 0.9434 -0.2223 -0.2460
vn 0.9365 -0.2328 -0.2622
vn 0.9317 -0.2522 -0.2613
vn 0.9193 -0.2809 -0.2756
vn 0.9435 -0.2686 -0.1940
vn 0.9209 -0.3220 -0.2196
vn 0.9448 -0.3027 -0.1249
vn 0.9217 -0.3576 -0.1502
vn 0.9428 -0.3302 -0.0453
vn 0.9204 -0.3846 -0.0695
vn 0.9366 -0.3475 0.0453
vn 0.9167 -0.3988 0.0235
vn 0.9253 -0.3518 0.1420
vn 0.9099 -0.3957 0.1244
vn 0.9090 -0.3402 0.2407
vn 0.9822 -0.1138 -0.1494
vn 0.9744 -0.1508 -0.1670
vn 0.9623 -0.1781 -0.2057
vn 0.9736 -0.1916 -0.1242
vn 0.9584 -0.2395 -0.1553
vn 0.9666 -0.2477 -0.0651
vn 0.9513 -0.2936 -0.0939
vn 0.9552 -0.2957 0.0087
vn 0.9414 -0.3369 -0.0165
vn 0.9383 -0.3323 0.0954
vn 0.9278 -0.3652 0.0758
vn 0.9156 -0.3536 0.1915
vn 0.9097 -0.3745 0.1795
vn 0.8882 -0.3566 0.2896
vn 0.8856 -0.3644 0.2882
vn 0.8532 -0.3478 0.3886
vn 0.8558 -0.3369 0.3925
vn 0.8173 -0.3203 0.4789
vn 0.8206 -0.2903 0.4923
vn 0.7801 -0.2774 0.5608
vn 0.9984 -0.0386 -0.0412
vn 0.9978 -0.0488 -0.0458
vn 0.9950 -0.0987 0.0118
vn 0.9996 -0.0213 -0.0196
vn 1.0000 0.0046 -0.0015
vn 1.0000 0.0069 0.0034
vn 0.9993 0.0269 0.0257
vn 0.9971 -0.0371 0.0659
vn 0.9969 -0.0339 0.0708
vn 0.9871 -0.1091 0.1175
vn 0.8868 -0.3448 0.3079
vn 0.8314 -0.4281 0.3542
vn 0.9987 0.0387 0.0340
vn 0.8621 0.4392 -0.2528
vn 0.9887 0.1492 0.0117
vn 0.9918 0.1167 0.0517
vn 0.9952 0.0676 0.0715
vn 0.9940 0.0730 0.0815
vn 0.9938 0.0005 0.1109
vn 0.9925 0.0071 0.1220
vn 0.9847 -0.0770 0.1561
vn 0.9836 -0.0722 0.1654
vn 0.9648 -0.1656 0.2041
vn 0.9634 -0.1587 0.2159
vn 0.9314 -0.2582 0.2567
vn 0.9899 0.1144 0.0834
vn 0.9865 0.1394 0.0863
vn 0.9840 0.1405 0.1099
vn 0.9796 0.1603 0.1211
vn 0.9773 0.1604 0.1384
vn 0.9724 0.1770 0.1522
vn 0.9753 0.1749 0.1346
vn 0.9635 0.2161 0.1580
vn 0.9612 0.2037 0.1862
vn 0.9627 0.2147 0.1649
vn 0.9621 0.2153 0.1673
vn 0.9711 0.1678 0.1696
vn 0.9716 0.1666 0.1678
vn 0.9785 0.1107 0.1740
vn 0.9800 0.1065 0.1681
vn 0.9828 0.0384 0.1805
vn 0.9843 0.0324 0.1733
vn 0.9793 -0.0531 0.1951
vn 0.9803 -0.0591 0.1885
vn 0.9631 -0.1545 0.2202
vn 0.9527 0.2507 0.1717
vn 0.9526 0.2507 0.1725
vn 0.9426 0.2884 0.1681
vn 0.9216 0.3415 0.1846
vn 0.9054 0.3983 0.1471
vn 0.9064 0.3809 0.1824
vn 0.8983 0.3964 0.1897
vn 0.9005 0.3948 0.1823
vn 0.8794 0.4371 0.1888
vn 0.8697 0.4530 0.1959
vn 0.8554 0.4849 0.1823
vn 0.8333 0.5073 0.2195
vn 0.8834 0.4384 0.1653
vn 0.7692 0.6038 0.2092
vn 0.8032 0.5638 0.1923
vn 0.8060 0.5577 0.1983
vn 0.8411 0.5067 0.1893
vn 0.8418 0.5048 0.1912
vn 0.8755 0.4476 0.1821
vn 0.8762 0.4451 0.1847
vn 0.9070 0.3827 0.1756
vn 0.9078 0.3791 0.1796
vn 0.9347 0.3117 0.1707
vn 0.9352 0.3076 0.1754
vn 0.9570 0.2372 0.1669
vn 0.9571 0.2324 0.1728
vn 0.9731 0.1606 0.1650
vn 0.9728 0.1551 0.1721
vn 0.9829 0.0826 0.1648
vn 0.9820 0.0770 0.1725
vn 0.9861 0.0055 0.1660
vn 0.9847 -0.0000 0.1743
vn 0.9832 -0.0699 0.1684
vn 0.9814 -0.0751 0.1769
vn 0.9748 -0.1422 0.1717
vn 0.9727 -0.1468 0.1800
vn 0.9617 -0.2105 0.1755
vn 0.9598 -0.2137 0.1821
vn 0.9448 -0.2748 0.1783
vn 0.9434 -0.2767 0.1827
vn 0.9245 -0.3362 0.1797
vn 0.9243 -0.3364 0.1804
vn 0.9017 -0.3938 0.1785
vn 0.9047 -0.4022 0.1403
vn 0.8776 -0.4587 0.1397
vn 0.8791 -0.4666 0.0971
vn 0.8779 -0.4685 0.0993
vn 0.8786 -0.4735 0.0617
vn 0.8765 -0.4768 0.0668
vn 0.8767 -0.4791 0.0433
vn 0.8740 -0.4836 0.0477
vn 0.8740 -0.4839 0.0440
vn 0.8375 -0.5443 0.0481
vn 0.8382 -0.5433 0.0471
vn 0.7968 -0.6020 0.0520
vn 0.7461 0.6344 0.2023
vn 0.7745 0.6016 0.1956
vn 0.7748 0.6009 0.1962
vn 0.8089 0.5571 0.1880
vn 0.8097 0.5553 0.1898
vn 0.8445 0.5040 0.1812
vn 0.8454 0.5015 0.1837
vn 0.8788 0.4441 0.1749
vn 0.8796 0.4412 0.1779
vn 0.9103 0.3778 0.1690
vn 0.9110 0.3745 0.1727
vn 0.9378 0.3059 0.1639
vn 0.9382 0.3024 0.1681
vn 0.9599 0.2303 0.1597
vn 0.9600 0.2268 0.1640
vn 0.9759 0.1523 0.1560
vn 0.9758 0.1490 0.1602
vn 0.9855 0.0734 0.1528
vn 0.9851 0.0703 0.1571
vn 0.9886 -0.0045 0.1503
vn 0.9879 -0.0076 0.1549
vn 0.9856 -0.0804 0.1488
vn 0.9848 -0.0829 0.1527
vn 0.9772 -0.1530 0.1473
vn 0.9765 -0.1546 0.1502
vn 0.9644 -0.2207 0.1456
vn 0.9636 -0.2222 0.1485
vn 0.9478 -0.2843 0.1447
vn 0.9474 -0.2849 0.1460
vn 0.9279 -0.3443 0.1431
vn 0.9278 -0.3443 0.1435
vn 0.9049 -0.4013 0.1416
vn 0.9073 -0.4090 0.0974
vn 0.7404 0.6605 0.1242
vn 0.7362 0.6648 0.1269
vn 0.7671 0.6299 0.1217
vn 0.7361 0.6724 0.0782
vn 0.7526 0.6545 0.0721
vn 0.7384 0.6695 0.0809
vn 0.7773 0.6247 0.0753
vn 0.7720 0.6307 0.0791
vn 0.8144 0.5757 0.0724
vn 0.7376 0.6733 0.0512
vn 0.7501 0.6524 0.1087
vn 0.7519 0.6383 0.1648
vn 0.7791 0.6259 0.0345
vn 0.8139 0.5753 0.0811
vn 0.8135 0.5687 0.1218
vn 0.8541 0.5201 0.0051
vn 0.8577 0.4870 0.1648
vn 0.8878 0.4603 -0.0029
vn 0.9027 0.4054 0.1441
vn 0.9371 0.3206 0.1380
vn 0.9637 0.2667 -0.0067
vn 0.9596 0.2295 0.1629
vn 0.9802 0.1981 -0.0064
vn 0.9808 0.1388 0.1370
vn 0.9894 0.0473 0.1373
vn 0.9999 -0.0117 -0.0042
vn 0.9852 -0.0459 0.1650
vn 0.9966 -0.0822 -0.0055
vn 0.9807 -0.1387 0.1379
vn 0.9641 -0.2301 0.1323
vn 0.9573 -0.2890 -0.0048
vn 0.9337 -0.3177 0.1650
vn 0.9346 -0.3557 -0.0038
vn 0.9037 -0.4051 0.1384
vn 0.9835 -0.1716 -0.0570
vn 0.9609 -0.1748 0.2148
vn 0.7929 -0.1662 0.5863
vn 0.8288 -0.1980 0.5234
vn 0.8318 -0.1647 0.5301
vn 0.8616 -0.2036 0.4650
vn 0.7492 -0.1754 0.6387
vn 0.7899 -0.2137 0.5748
vn 0.8293 -0.2499 0.4999
vn 0.8272 -0.2602 0.4980
vn 0.8584 -0.3028 0.4141
vn 0.7916 -0.1863 0.5820
vn 0.7925 -0.1934 0.5784
vn 0.7536 -0.1976 0.6270
vn 0.7895 -0.2096 0.5769
vn 0.7465 -0.2968 0.5955
vn 0.7766 -0.2973 0.5554
vn 0.7790 -0.2564 0.5722
vn 0.7722 -0.2929 0.5639
vn 0.7696 -0.3351 0.5435
vn 0.7691 -0.3112 0.5583
vn 0.7665 -0.3527 0.5367
vn 0.7418 -0.3704 0.5591
vn 0.7380 -0.3530 0.5751
vn 0.7629 -0.3447 0.5469
vn 0.7597 -0.3632 0.5393
vn 0.7603 -0.3860 0.5225
vn 0.8020 -0.3724 0.4669
vn 0.7570 -0.3843 0.5284
vn 0.7571 -0.4017 0.5152
vn 0.7994 -0.3841 0.4620
vn 0.7989 -0.4011 0.4482
vn 0.8455 -0.3805 0.3747
vn 0.7459 -0.4446 0.4960
vn 0.7485 -0.4266 0.5078
vn 0.7490 -0.4457 0.4903
vn 0.7915 -0.4179 0.4460
vn 0.7913 -0.4334 0.4313
vn 0.8398 -0.3965 0.3709
vn 0.8400 -0.4043 0.3619
vn 0.8882 -0.3598 0.2856
vn 0.8878 -0.3640 0.2817
vn 0.9264 -0.3245 0.1908
vn 0.9269 -0.3196 0.1967
vn 0.9549 -0.2785 0.1029
vn 0.9561 -0.2712 0.1111
vn 0.9723 -0.2327 0.0202
vn 0.9744 -0.2222 0.0326
vn 0.9808 -0.1879 -0.0518
vn 0.9835 -0.1770 -0.0384
vn 0.9825 -0.1473 -0.1141
vn 0.7406 -0.4683 0.4818
vn 0.7419 -0.4854 0.4625
vn 0.7839 -0.4490 0.4289
vn 0.7840 -0.4623 0.4144
vn 0.8365 -0.4078 0.3660
vn 0.8870 -0.3602 0.2891
vn 0.9313 -0.2925 0.2171
vn 0.9314 -0.2936 0.2152
vn 0.9639 -0.2244 0.1433
vn 0.9638 -0.2258 0.1415
vn 0.9844 -0.1615 0.0704
vn 0.9845 -0.1597 0.0727
vn 0.9948 -0.1018 0.0073
vn 0.7376 -0.4989 0.4550
vn 0.7815 -0.4586 0.4231
vn 0.7817 -0.4713 0.4084
vn 0.8335 -0.4140 0.3660
vn 0.8341 -0.4228 0.3542
vn 0.8881 -0.3485 0.2997
vn 0.9653 -0.2124 0.1517
vn 0.9861 -0.1408 0.0879
vn 0.9861 -0.1404 0.0884
vn 0.9967 -0.0758 0.0297
vn 0.9967 -0.0754 0.0303
vn 0.7127 -0.5312 0.4582
vn 0.7311 -0.5373 0.4206
vn 0.7736 -0.4912 0.4003
vn 0.8273 -0.4300 0.3616
vn 0.8798 -0.3308 0.3414
vn 0.8782 -0.3429 0.3334
vn 0.9208 -0.2337 0.3124
vn 0.9210 -0.2352 0.3105
vn 0.9457 -0.1328 0.2967
vn 0.9469 -0.1375 0.2905
vn 0.9579 -0.0495 0.2828
vn 0.7338 -0.5214 0.4355
vn 0.7327 -0.5137 0.4464
vn 0.7087 -0.5800 0.4017
vn 0.7292 -0.5325 0.4298
vn 0.7299 -0.5594 0.3927
vn 0.7298 -0.5674 0.3814
vn 0.7323 -0.5718 0.3700
vn 0.7322 -0.5748 0.3653
vn 0.7434 -0.5839 0.3264
vn 0.7435 -0.5866 0.3212
vn 0.7799 -0.5845 0.2237
vn 0.7696 -0.5876 0.2500
vn 0.7589 -0.5867 0.2826
vn 0.8100 -0.5174 0.2758
vn 0.7996 -0.5179 0.3041
vn 0.8416 -0.4480 0.3016
vn 0.8376 -0.4308 0.3358
vn 0.8748 -0.3509 0.3341
vn 0.8734 -0.3456 0.3432
vn 0.9059 -0.2517 0.3405
vn 0.9107 -0.2516 0.3275
vn 0.9314 -0.1631 0.3253
vn 0.9390 -0.1609 0.3040
vn 0.9498 -0.0808 0.3024
vn 0.9580 -0.0757 0.2765
vn 0.9613 -0.0057 0.2755
vn 0.9687 0.0022 0.2484
vn 0.9667 0.0632 0.2481
vn 0.9723 0.0731 0.2220
vn 0.9666 0.1274 0.2223
vn 0.9702 0.1383 0.1988
vn 0.9617 0.1877 0.1998
vn 0.7970 -0.5790 0.1719
vn 0.7895 -0.5828 0.1924
vn 0.8378 -0.5128 0.1872
vn 0.8309 -0.5171 0.2056
vn 0.8666 -0.4552 0.2043
vn 0.8613 -0.4381 0.2573
vn 0.8886 -0.3794 0.2578
vn 0.8830 -0.3648 0.2954
vn 0.9085 -0.2939 0.2970
vn 0.9115 -0.2916 0.2901
vn 0.9299 -0.2232 0.2924
vn 0.9361 -0.2166 0.2770
vn 0.9477 -0.1536 0.2796
vn 0.9552 -0.1427 0.2592
vn 0.9614 -0.0842 0.2621
vn 0.9683 -0.0700 0.2398
vn 0.9699 -0.0147 0.2430
vn 0.9753 0.0016 0.2207
vn 0.9729 0.0556 0.2244
vn 0.9762 0.0721 0.2044
vn 0.9699 0.1257 0.2086
vn 0.9713 0.1416 0.1913
vn 0.9608 0.1957 0.1962
vn 0.9606 0.2095 0.1824
vn 0.9459 0.2644 0.1881
vn 0.9447 0.2758 0.1776
vn 0.9255 0.3311 0.1841
vn 0.9238 0.3394 0.1769
vn 0.8023 -0.5872 0.1072
vn 0.8029 -0.5865 0.1063
vn 0.8436 -0.5271 0.1027
vn 0.8448 -0.5256 0.1006
vn 0.7966 -0.6011 0.0638
vn 0.7999 -0.5943 0.0830
vn 0.8024 -0.5917 0.0779
vn 0.8411 -0.5357 0.0746
vn 0.8439 -0.5321 0.0684
vn 0.8307 -0.1872 0.5243
vn 0.8581 -0.2345 0.4567
vn 0.8659 -0.2055 0.4561
vn 0.8299 -0.2286 0.5090
vn 0.8302 -0.2269 0.5092
vn 0.8291 -0.2426 0.5037
vn 0.8206 -0.3049 0.4834
vn 0.8141 -0.3355 0.4740
vn 0.8175 -0.3050 0.4886
vn 0.8111 -0.3333 0.4806
vn 0.8078 -0.3632 0.4643
vn 0.8081 -0.3470 0.4759
vn 0.8049 -0.3767 0.4586
vn 0.7967 -0.3963 0.4562
vn 0.7533 -0.4177 0.5080
vn 0.7964 -0.4116 0.4431
vn 0.7889 -0.4285 0.4406
vn 0.7463 -0.4597 0.4814
vn 0.7888 -0.4430 0.4261
vn 0.7791 -0.4670 0.4183
vn 0.7375 -0.5078 0.4453
vn 0.7796 -0.4790 0.4034
vn 0.7763 -0.4783 0.4106
vn 0.7751 -0.4944 0.3934
vn 0.7727 -0.5056 0.3838
vn 0.7750 -0.5134 0.3685
vn 0.7750 -0.5133 0.3687
vn 0.7791 -0.5172 0.3542
vn 0.7790 -0.5161 0.3560
vn 0.7921 -0.5209 0.3181
vn 0.8204 -0.5151 0.2483
vn 0.7694 -0.5859 0.2545
vn 0.8101 -0.5176 0.2754
vn 0.8422 -0.5157 0.1573
vn 0.7972 -0.5817 0.1618
vn 0.8388 -0.5178 0.1683
vn 0.8374 -0.5438 0.0558
vn 0.7999 -0.5972 0.0591
vn 0.8412 -0.5384 0.0499
vn 0.8659 -0.1819 0.4660
vn 0.8573 -0.2774 0.4336
vn 0.8645 -0.2574 0.4318
vn 0.8583 -0.2910 0.4227
vn 0.8633 -0.2760 0.4226
vn 0.8570 -0.3283 0.3971
vn 0.8592 -0.3159 0.4025
vn 0.8836 -0.3530 0.3077
vn 0.8892 -0.3297 0.3173
vn 0.9004 -0.3794 0.2131
vn 0.8534 -0.3452 0.3906
vn 0.8497 -0.3610 0.3844
vn 0.8487 -0.3684 0.3794
vn 0.8461 -0.3805 0.3733
vn 0.8430 -0.3860 0.3746
vn 0.8429 -0.3934 0.3672
vn 0.8396 -0.3991 0.3684
vn 0.8334 -0.4155 0.3644
vn 0.8315 -0.4277 0.3546
vn 0.8297 -0.4289 0.3572
vn 0.8279 -0.4240 0.3671
vn 0.8274 -0.4308 0.3604
vn 0.8256 -0.4317 0.3634
vn 0.8259 -0.4292 0.3657
vn 0.8496 -0.4509 0.2736
vn 0.8444 -0.4314 0.3176
vn 0.8733 -0.4577 0.1670
vn 0.8693 -0.4444 0.2164
vn 0.8749 -0.4823 0.0452
vn 0.9056 -0.4220 0.0422
vn 0.9064 -0.4204 0.0408
vn 0.9330 -0.3575 0.0407
vn 0.9552 -0.2927 0.0438
vn 0.9743 -0.2202 0.0471
vn 0.9726 -0.2265 0.0516
vn 0.9870 -0.1507 0.0567
vn 0.9858 -0.1567 0.0606
vn 0.9946 -0.0792 0.0670
vn 0.9939 -0.0849 0.0705
vn 0.9969 -0.0064 0.0780
vn 0.9967 -0.0106 0.0805
vn 0.9939 0.0660 0.0885
vn 0.9939 0.0643 0.0894
vn 0.9855 0.1385 0.0978
vn 0.9854 0.1399 0.0971
vn 0.9721 0.2095 0.1053
vn 0.9713 0.2144 0.1028
vn 0.9538 0.2793 0.1108
vn 0.9520 0.2868 0.1071
vn 0.9309 0.3468 0.1147
vn 0.9276 0.3570 0.1098
vn 0.9041 0.4111 0.1168
vn 0.8992 0.4231 0.1114
vn 0.8736 0.4720 0.1180
vn 0.8677 0.4841 0.1126
vn 0.8395 0.5301 0.1191
vn 0.8331 0.5412 0.1141
vn 0.7965 0.5923 0.1216
vn 0.7913 0.5923 0.1519
vn 0.7887 0.5965 0.1491
vn 0.7829 0.5968 0.1755
vn 0.7532 0.6321 0.1824
vn 0.7487 0.6325 0.1988
vn 0.9072 -0.4186 0.0422
vn 0.9069 -0.4173 0.0584
vn 0.9327 -0.3557 0.0596
vn 0.9327 -0.3557 0.0595
vn 0.9544 -0.2920 0.0620
vn 0.9536 -0.2942 0.0646
vn 0.9718 -0.2256 0.0682
vn 0.9706 -0.2294 0.0724
vn 0.9848 -0.1558 0.0773
vn 0.9836 -0.1606 0.0822
vn 0.9926 -0.0838 0.0883
vn 0.9918 -0.0884 0.0927
vn 0.9950 -0.0094 0.0996
vn 0.9946 -0.0131 0.1030
vn 0.9917 0.0657 0.1105
vn 0.9916 0.0638 0.1121
vn 0.9827 0.1414 0.1200
vn 0.9680 0.2160 0.1281
vn 0.9677 0.2179 0.1266
vn 0.9480 0.2883 0.1347
vn 0.9472 0.2924 0.1316
vn 0.9231 0.3584 0.1397
vn 0.9215 0.3641 0.1354
vn 0.8942 0.4241 0.1432
vn 0.8918 0.4308 0.1386
vn 0.8623 0.4848 0.1461
vn 0.8591 0.4920 0.1412
vn 0.8274 0.5416 0.1487
vn 0.8242 0.5475 0.1446
vn 0.9079 -0.4146 0.0614
vn 0.9068 -0.4105 0.0962
vn 0.9310 -0.3516 0.0978
vn 0.9309 -0.3519 0.0981
vn 0.9515 -0.2907 0.1008
vn 0.9510 -0.2919 0.1018
vn 0.9683 -0.2263 0.1056
vn 0.9676 -0.2285 0.1072
vn 0.9811 -0.1579 0.1121
vn 0.9805 -0.1602 0.1137
vn 0.9891 -0.0859 0.1194
vn 0.9888 -0.0878 0.1207
vn 0.9918 -0.0108 0.1272
vn 0.9917 -0.0118 0.1278
vn 0.9887 0.0660 0.1349
vn 0.9887 0.0669 0.1344
vn 0.9794 0.1435 0.1419
vn 0.9792 0.1461 0.1405
vn 0.9642 0.2198 0.1483
vn 0.9635 0.2243 0.1460
vn 0.9433 0.2942 0.1539
vn 0.9418 0.3003 0.1510
vn 0.9170 0.3657 0.1590
vn 0.9148 0.3727 0.1557
vn 0.8869 0.4321 0.1637
vn 0.8837 0.4397 0.1604
vn 0.8536 0.4930 0.1681
vn 0.8500 0.5003 0.1650
vn 0.8184 0.5481 0.1727
vn 0.8147 0.5543 0.1701
vn 0.7796 0.6004 0.1782
vn 0.8953 -0.3889 0.2170
vn 0.8893 -0.3740 0.2633
vn 0.9131 -0.3097 0.2652
vn 0.9150 -0.3079 0.2607
vn 0.9332 -0.2444 0.2635
vn 0.9379 -0.2386 0.2517
vn 0.9503 -0.1785 0.2549
vn 0.9564 -0.1687 0.2383
vn 0.9640 -0.1105 0.2418
vn 0.9698 -0.0978 0.2233
vn 0.9730 -0.0406 0.2273
vn 0.9776 -0.0261 0.2087
vn 0.9765 0.0316 0.2132
vn 0.9795 0.0466 0.1959
vn 0.9739 0.1051 0.2011
vn 0.9752 0.1191 0.1864
vn 0.9649 0.1787 0.1923
vn 0.9649 0.1912 0.1801
vn 0.9497 0.2514 0.1867
vn 0.9487 0.2617 0.1774
vn 0.9285 0.3221 0.1849
vn 0.9271 0.3298 0.1783
vn 0.9019 0.3896 0.1866
vn 0.8777 -0.3594 0.3171
vn 0.8748 -0.3502 0.3347
vn 0.9050 -0.2634 0.3340
vn 0.9095 -0.2625 0.3223
vn 0.9295 -0.1797 0.3222
vn 0.9367 -0.1764 0.3024
vn 0.9477 -0.1011 0.3027
vn 0.9560 -0.0946 0.2776
vn 0.9601 -0.0277 0.2783
vn 0.9676 -0.0183 0.2516
vn 0.9667 0.0412 0.2528
vn 0.9725 0.0526 0.2268
vn 0.9676 0.1073 0.2285
vn 0.9714 0.1195 0.2053
vn 0.9633 0.1705 0.2075
vn 0.9651 0.1825 0.1877
vn 0.9540 0.2316 0.1905
vn 0.8735 -0.3381 0.3501
vn 0.8740 -0.3409 0.3462
vn 0.9117 -0.2355 0.3366
vn 0.9171 -0.2365 0.3210
vn 0.9399 -0.1383 0.3122
vn 0.8748 -0.3327 0.3521
vn 0.8760 -0.3411 0.3411
vn 0.9163 -0.2324 0.3263
vn 0.8771 -0.3305 0.3486
vn 0.8819 -0.3327 0.3339
vn 0.8821 -0.3487 0.3166
vn 0.9278 -0.2443 0.2819
vn 0.8838 -0.3368 0.3247
vn 0.8851 -0.3422 0.3154
vn 0.8851 -0.3552 0.3008
vn 0.9313 -0.2628 0.2522
vn 0.9324 -0.2680 0.2426
vn 0.9651 -0.1759 0.1941
vn 0.9661 -0.1802 0.1850
vn 0.9859 -0.0933 0.1387
vn 0.9866 -0.0978 0.1306
vn 0.9959 -0.0187 0.0882
vn 0.9964 -0.0231 0.0813
vn 0.9980 0.0450 0.0446
vn 0.8858 -0.3590 0.2942
vn 0.9319 -0.2762 0.2349
vn 0.9326 -0.2800 0.2278
vn 0.9656 -0.1982 0.1684
vn 0.9658 -0.1994 0.1657
vn 0.9868 -0.1196 0.1094
vn 0.9869 -0.1238 0.1030
vn 0.9973 -0.0532 0.0508
vn 0.9973 -0.0542 0.0492
vn 0.8876 -0.3624 0.2844
vn 0.9289 -0.3108 0.2014
vn 0.9289 -0.3107 0.2015
vn 0.9586 -0.2607 0.1144
vn 0.9592 -0.2556 0.1205
vn 0.9774 -0.2082 0.0356
vn 0.9785 -0.2013 0.0442
vn 0.9867 -0.1588 -0.0341
vn 0.9883 -0.1508 -0.0236
vn 0.9891 -0.1139 -0.0939
vn 0.9910 -0.1053 -0.0823
vn 0.8877 -0.3645 0.2815
vn 0.8871 -0.3669 0.2802
vn 0.8874 -0.3640 0.2830
vn 0.9175 -0.3557 0.1781
vn 0.8873 -0.3606 0.2876
vn 0.8893 -0.3456 0.2995
vn 0.9051 -0.3796 0.1918
vn 0.9114 -0.3511 0.2148
vn 0.9161 -0.3895 0.0949
vn 0.9275 -0.3517 0.1271
vn 0.9208 -0.3900 0.0079
vn 0.8844 -0.3579 0.2997
vn 0.8891 -0.3379 0.3088
vn 0.9026 -0.3804 0.2013
vn 0.9100 -0.3475 0.2263
vn 0.9125 -0.3947 0.1079
vn 0.8568 -0.3291 0.3970
vn 0.8807 -0.3268 0.3428
vn 0.8908 -0.2838 0.3547
vn 0.8994 -0.3464 0.2667
vn 0.8805 -0.3086 0.3599
vn 0.8881 -0.3500 0.2978
vn 0.9075 -0.3770 0.1853
vn 0.9142 -0.3537 0.1978
vn 0.9241 -0.3739 0.0793
vn 0.9351 -0.3404 0.0983
vn 0.9356 -0.3527 -0.0154
vn 0.9503 -0.3112 0.0087
vn 0.9436 -0.3166 -0.0966
vn 0.9604 -0.2698 -0.0689
vn 0.9493 -0.2691 -0.1624
vn 0.9668 -0.2189 -0.1318
vn 0.9558 -0.2136 -0.2019
vn 0.9645 -0.1751 -0.1977
vn 0.9128 -0.3533 0.2049
vn 0.9174 -0.3501 0.1891
vn 0.9118 -0.3706 0.1768
vn 0.9233 -0.3329 0.1915
vn 0.9469 -0.3094 0.0870
vn 0.9220 -0.3394 0.1861
vn 0.8804 -0.3456 0.3247
vn 0.9250 -0.2374 0.2967
vn 0.9516 -0.1338 0.2768
vn 0.9518 -0.1347 0.2757
vn 0.9638 -0.0418 0.2633
vn 0.9652 -0.0461 0.2575
vn 0.9675 0.0288 0.2513
vn 0.9278 -0.2438 0.2824
vn 0.9329 -0.2038 0.2971
vn 0.9236 -0.3485 0.1594
vn 0.9200 -0.3825 0.0860
vn 0.9297 -0.3501 0.1142
vn 0.9252 -0.3794 -0.0035
vn 0.9394 -0.3415 0.0306
vn 0.9254 -0.3701 -0.0818
vn 0.9419 -0.3222 0.0949
vn 0.9324 -0.3536 0.0751
vn 0.9496 -0.2973 0.0996
vn 0.9422 -0.3254 0.0802
vn 0.9567 -0.1368 0.2571
vn 0.9569 -0.1385 0.2552
vn 0.9613 -0.2380 0.1387
vn 0.9613 -0.2285 0.1538
vn 0.9711 -0.2069 0.1192
vn 0.9368 -0.2985 0.1826
vn 0.9467 -0.2503 0.2025
vn 0.9436 -0.3101 0.1162
vn 0.9541 -0.2681 0.1338
vn 0.9440 -0.3261 0.0493
vn 0.9565 -0.2844 0.0645
vn 0.9410 -0.3381 -0.0165
vn 0.9176 -0.3785 0.1213
vn 0.9250 -0.3482 0.1519
vn 0.9398 -0.2882 0.1838
vn 0.9291 -0.3599 0.0849
vn 0.9463 -0.3014 0.1171
vn 0.9286 -0.3706 0.0191
vn 0.9476 -0.3154 0.0502
vn 0.9231 -0.3817 -0.0459
vn 0.9440 -0.3297 -0.0160
vn 0.9130 -0.3929 -0.1096
vn 0.9344 -0.3507 0.0631
vn 0.9140 -0.4035 0.0431
vn 0.9325 -0.3455 0.1055
vn 0.9304 -0.3663 -0.0115
vn 0.9462 -0.3235 0.0119
vn 0.9370 -0.3361 -0.0951
vn 0.9550 -0.2886 -0.0686
vn 0.9413 -0.2948 -0.1648
vn 0.9601 -0.2444 -0.1359
vn 0.9442 -0.2448 -0.2204
vn 0.9427 -0.3331 0.0201
vn 0.9603 -0.2787 0.0108
vn 0.9478 -0.3185 -0.0149
vn 0.9611 -0.2761 -0.0012
vn 0.9858 -0.0876 0.1433
vn 0.9827 -0.0644 0.1734
vn 0.9700 -0.0418 0.2395
vn 0.9701 -0.0423 0.2390
vn 0.9737 0.0349 0.2250
vn 0.9726 0.0379 0.2292
vn 0.9892 0.0195 0.1456
vn 0.9913 0.0153 0.1308
vn 0.9904 0.0867 0.1073
vn 0.9921 0.0837 0.0934
vn 0.9945 -0.0052 0.1050
vn 0.9953 -0.0106 0.0963
vn 0.9962 0.0599 0.0633
vn 0.9969 0.0555 0.0555
vn 0.9727 -0.2243 -0.0590
vn 0.9593 -0.2683 -0.0881
vn 0.9309 -0.3537 -0.0912
vn 0.9463 -0.3182 -0.0567
vn 0.9274 -0.3382 -0.1598
vn 0.9402 -0.3393 -0.0288
vn 0.9168 -0.3960 -0.0513
vn 0.9369 -0.3494 0.0127
vn 0.9201 -0.3881 0.0532
vn 0.9406 -0.3273 0.0900
vn 0.9184 -0.3956 -0.0123
vn 0.9410 -0.3375 0.0235
vn 0.9121 -0.4029 -0.0763
vn 0.9364 -0.3485 -0.0422
vn 0.9011 -0.4108 -0.1387
vn 0.9267 -0.3603 -0.1068
vn 0.8857 -0.4193 -0.1993
vn 0.9352 -0.3171 0.1575
vn 0.9750 -0.2114 0.0683
vn 0.9113 -0.4003 -0.0962
vn 0.9360 -0.3478 -0.0546
vn 0.9045 -0.3961 -0.1581
vn 0.9309 -0.3457 -0.1177
vn 0.8943 -0.3918 -0.2162
vn 0.9415 -0.3175 -0.1130
vn 0.9169 -0.3748 -0.1370
vn 0.9501 -0.3050 -0.0656
vn 0.9340 -0.3176 -0.1638
vn 0.9540 -0.2670 -0.1366
vn 0.9354 -0.2736 -0.2239
vn 0.9556 -0.2212 -0.1948
vn 0.9487 -0.2864 -0.1338
vn 0.9798 -0.1648 -0.1134
vn 0.9673 -0.2090 -0.1437
vn 0.9874 0.0282 0.1554
vn 0.9854 0.1005 0.1373
vn 0.9831 0.1085 0.1474
vn 0.9879 0.0977 0.1203
vn 0.9705 0.0975 0.2204
vn 0.9750 -0.2196 0.0349
vn 0.9371 -0.3405 -0.0768
vn 0.9067 -0.3817 -0.1797
vn 0.9335 -0.3215 -0.1587
vn 0.9005 -0.3536 -0.2532
vn 0.9269 -0.2956 -0.2315
vn 0.8939 -0.3193 -0.3145
vn 0.9135 -0.2772 -0.2978
vn 0.9318 -0.3350 -0.1397
vn 0.9398 -0.2873 -0.1852
vn 0.9154 -0.3435 -0.2098
vn 0.9492 -0.2462 -0.1959
vn 0.9279 -0.2988 -0.2231
vn 0.9507 -0.3026 -0.0681
vn 0.9595 -0.2747 -0.0621
vn 0.9400 -0.3140 -0.1337
vn 0.9495 -0.2863 -0.1279
vn 0.9251 -0.3239 -0.1980
vn 0.9342 -0.2998 -0.1932
vn 0.9053 -0.3353 -0.2608
vn 0.9147 -0.3122 -0.2565
vn 0.8967 -0.3742 -0.2364
vn 0.9223 -0.3310 -0.1993
vn 0.8835 -0.3680 -0.2898
vn 0.9356 -0.2519 -0.2474
vn 0.9122 -0.3059 -0.2724
vn 0.8880 -0.3445 -0.3046
vn 0.9116 -0.3086 -0.2715
vn 0.8723 -0.3376 -0.3536
vn 0.9244 -0.3140 -0.2167
vn 0.9202 -0.3633 -0.1460
vn 0.9347 -0.3295 -0.1336
vn 0.9029 -0.3760 -0.2085
vn 0.9175 -0.3452 -0.1973
vn 0.8808 -0.3894 -0.2694
vn 0.8959 -0.3608 -0.2592
vn 0.9469 -0.3142 -0.0683
vn 0.9211 -0.3608 -0.1460
vn 0.8781 -0.4179 -0.2329
vn 0.8924 -0.3870 -0.2319
vn 0.8410 -0.4396 -0.3153
vn 0.9027 -0.3764 -0.2084
vn 0.8891 -0.3504 -0.2946
vn 0.8890 -0.3041 -0.3425
vn 0.9149 -0.2868 -0.2841
vn 0.8794 -0.3927 -0.2693
vn 0.8544 -0.4302 -0.2912
vn 0.8685 -0.4012 -0.2912
vn 0.8409 -0.3892 -0.3762
vn 0.8668 -0.3557 -0.3495
vn 0.8154 -0.3922 -0.4257
vn 0.8401 -0.3632 -0.4030
vn 0.8356 -0.3551 -0.4191
vn 0.8704 -0.3316 -0.3640
vn 0.7807 -0.4619 -0.4209
vn 0.8078 -0.4310 -0.4021
vn 0.7464 -0.4730 -0.4681
vn 0.7729 -0.4454 -0.4520
vn 0.7101 -0.4839 -0.5114
vn 0.7355 -0.4594 -0.4980
vn 0.7949 -0.4559 -0.4003
vn 0.8202 -0.4251 -0.3827
vn 0.7606 -0.4687 -0.4493
vn 0.7861 -0.4403 -0.4338
vn 0.7241 -0.4807 -0.4946
vn 0.7487 -0.4555 -0.4815
vn 0.8247 -0.4155 -0.3838
vn 0.8402 -0.3912 -0.3756
vn 0.7920 -0.4278 -0.4357
vn 0.8070 -0.4060 -0.4288
vn 0.7559 -0.4404 -0.4845
vn 0.7706 -0.4206 -0.4788
vn 0.8538 -0.3559 -0.3799
vn 0.8627 -0.3374 -0.3769
vn 0.8222 -0.3673 -0.4348
vn 0.8312 -0.3495 -0.4323
vn 0.7874 -0.3781 -0.4869
vn 0.7958 -0.3624 -0.4850
vn 0.8852 -0.2613 -0.3848
vn 0.8913 -0.2453 -0.3814
vn 0.8560 -0.2667 -0.4429
vn 0.8621 -0.2517 -0.4398
vn 0.8227 -0.2724 -0.4989
vn 0.8290 -0.2579 -0.4962
vn 0.6425 -0.5010 -0.5798
vn 0.6616 -0.4853 -0.5717
vn 0.6278 -0.5024 -0.5945
vn 0.6416 -0.4933 -0.5873
vn 0.6535 -0.5011 -0.5673
vn 0.6719 -0.4854 -0.5595
vn 0.6365 -0.5041 -0.5838
vn 0.6482 -0.4961 -0.5776
vn 0.6822 -0.4628 -0.5660
vn 0.6928 -0.4510 -0.5627
vn 0.6606 -0.4683 -0.5868
vn 0.6673 -0.4627 -0.5836
vn 0.7132 -0.3981 -0.5769
vn 0.7198 -0.3878 -0.5757
vn 0.6898 -0.4032 -0.6013
vn 0.6933 -0.3994 -0.5999
vn 0.7502 -0.2828 -0.5977
vn 0.7556 -0.2728 -0.5955
vn 0.7258 -0.2851 -0.6261
vn 0.7307 -0.2794 -0.6229
vn 0.7589 0.6324 0.1554
vn 0.7048 -0.2496 -0.6641
vn 0.6741 -0.2206 -0.7050
vn 0.6813 -0.2914 -0.6715
vn 0.6113 -0.3152 -0.7259
vn 0.5758 -0.4452 -0.6857
vn 0.5676 -0.4200 -0.7081
vn 0.5406 -0.4981 -0.6780
vn 0.5384 -0.4713 -0.6986
vn 0.5179 -0.5241 -0.6760
vn 0.5079 -0.5021 -0.6999
vn 0.4910 -0.5426 -0.6816
vn 0.4768 -0.5247 -0.7052
vn 0.4666 -0.5478 -0.6945
vn 0.4370 -0.5382 -0.7207
vn 0.4359 -0.5405 -0.7196
vn 0.4028 -0.5390 -0.7398
vn 0.3780 -0.5469 -0.7470
vn 0.3909 -0.5373 -0.7474
vn 0.3501 -0.5369 -0.7676
vn 0.3412 -0.5429 -0.7674
vn 0.3207 -0.5282 -0.7862
vn 0.2890 -0.5454 -0.7868
vn 0.2527 -0.5296 -0.8097
vn 0.2751 -0.5179 -0.8100
vn 0.2802 -0.4975 -0.8210
vn 0.2250 -0.5049 -0.8333
vn 0.2408 -0.4905 -0.8375
vn 0.1722 -0.4977 -0.8500
vn 0.1837 -0.4872 -0.8537
vn 0.1184 -0.4921 -0.8624
vn 0.1263 -0.4848 -0.8655
vn 0.0643 -0.4877 -0.8707
vn 0.0679 -0.4842 -0.8723
vn 0.0090 -0.4853 -0.8743
vn 0.0098 -0.4847 -0.8746
vn -0.0460 -0.4842 -0.8738
vn -0.0485 -0.4867 -0.8722
vn -0.1010 -0.4848 -0.8688
vn -0.1063 -0.4901 -0.8652
vn -0.1554 -0.4869 -0.8595
vn -0.1635 -0.4951 -0.8533
vn -0.2096 -0.4908 -0.8457
vn -0.2197 -0.5012 -0.8370
vn -0.2630 -0.4957 -0.8277
vn -0.2743 -0.5078 -0.8166
vn -0.3244 -0.4995 -0.8033
vn -0.3357 -0.5199 -0.7855
vn -0.3914 -0.5080 -0.7673
vn -0.4029 -0.5314 -0.7451
vn -0.4433 -0.5205 -0.7298
vn -0.4586 -0.5353 -0.7093
vn -0.4841 -0.5272 -0.6984
vn -0.4993 -0.5422 -0.6758
vn -0.5260 -0.5323 -0.6633
vn -0.5364 -0.5462 -0.6434
vn -0.5806 -0.5020 -0.6411
vn -0.5916 -0.4804 -0.6475
vn -0.5490 -0.4979 -0.6713
vn -0.5755 -0.4232 -0.6998
vn -0.5396 -0.4357 -0.7205
vn -0.5749 -0.2890 -0.7655
vn -0.5495 -0.2951 -0.7816
vn -0.5495 -0.2914 -0.7830
vn 0.6931 -0.1613 -0.7025
vn 0.6605 -0.1876 -0.7271
vn 0.6500 -0.1149 -0.7512
vn 0.6257 -0.1909 -0.7564
vn 0.5862 -0.1561 -0.7950
vn 0.5506 -0.2858 -0.7844
vn 0.5256 -0.1163 -0.8427
vn 0.4604 -0.2900 -0.8390
vn 0.4553 -0.1628 -0.8753
vn 0.3837 -0.1953 -0.9026
vn 0.3770 -0.2672 -0.8868
vn 0.2994 -0.2754 -0.9135
vn 0.2885 -0.3739 -0.8814
vn 0.2115 -0.3817 -0.8998
vn 0.2069 -0.4231 -0.8822
vn 0.1376 -0.4283 -0.8931
vn 0.1353 -0.4552 -0.8801
vn 0.0693 -0.4583 -0.8861
vn 0.3662 -0.2714 -0.8901
vn 0.3163 -0.1179 -0.9413
vn 0.3073 -0.2624 -0.9147
vn 0.2298 -0.2684 -0.9355
vn 0.2214 -0.3682 -0.9030
vn 0.1457 -0.3735 -0.9161
vn 0.1422 -0.4202 -0.8962
vn 0.0743 -0.4233 -0.9029
vn 0.0728 -0.4541 -0.8879
vn 0.0100 -0.4553 -0.8903
vn 0.2628 -0.2957 -0.9184
vn 0.2417 -0.1358 -0.9608
vn 0.2356 -0.2586 -0.9368
vn 0.1579 -0.2628 -0.9518
vn 0.1522 -0.3646 -0.9186
vn 0.0792 -0.3677 -0.9266
vn 0.0771 -0.4180 -0.9052
vn 0.0109 -0.4192 -0.9078
vn 0.0107 -0.4545 -0.8907
vn -0.0498 -0.4540 -0.8896
vn 0.1632 -0.2332 -0.9586
vn 0.1617 -0.2413 -0.9569
vn 0.1268 -0.1865 -0.9742
vn 0.0627 -0.2547 -0.9650
vn 0.0123 -0.2552 -0.9668
vn 0.0126 -0.2546 -0.9670
vn -0.0613 -0.2542 -0.9652
vn -0.0627 -0.2567 -0.9644
vn -0.1340 -0.2549 -0.9576
vn -0.1371 -0.2607 -0.9556
vn -0.2066 -0.2575 -0.9439
vn -0.2108 -0.2656 -0.9408
vn -0.2773 -0.2610 -0.9247
vn -0.2829 -0.2726 -0.9196
vn -0.3465 -0.2666 -0.8994
vn -0.3524 -0.2796 -0.8931
vn -0.4247 -0.2704 -0.8640
vn -0.4034 -0.1958 -0.8938
vn -0.4601 -0.2873 -0.8401
vn -0.4602 -0.2894 -0.8394
vn -0.4929 -0.2091 -0.8446
vn 0.0534 -0.2957 -0.9538
vn 0.0128 -0.1183 -0.9929
vn -0.0537 -0.2630 -0.9633
vn -0.0635 -0.2011 -0.9775
vn -0.1404 -0.1530 -0.9782
vn -0.1592 -0.2899 -0.9437
vn -0.2172 -0.1145 -0.9694
vn -0.2633 -0.2849 -0.9217
vn -0.2899 -0.1659 -0.9426
vn -0.3606 -0.1856 -0.9141
vn -0.3654 -0.2773 -0.8886
vn -0.6055 -0.1325 -0.7847
vn -0.6240 -0.2015 -0.7550
vn -0.6581 -0.1320 -0.7413
vn -0.6620 -0.1750 -0.7288
vn -0.6911 -0.1782 -0.7004
vn -0.7048 -0.2496 -0.6641
vn -0.6750 -0.2215 -0.7038
vn -0.6850 -0.2925 -0.6672
vn -0.6379 -0.4123 -0.6504
vn -0.6364 -0.4229 -0.6451
vn -0.5909 -0.4910 -0.6401
vn -0.5136 -0.5534 -0.6557
vn -0.4882 -0.5429 -0.6833
vn -0.4749 -0.5473 -0.6891
vn -0.4440 -0.5402 -0.7149
vn -0.4340 -0.5431 -0.7188
vn -0.4048 -0.5353 -0.7414
vn -0.3795 -0.5415 -0.7502
vn -0.3557 -0.5255 -0.7729
vn -0.3144 -0.5337 -0.7851
vn -0.2929 -0.5190 -0.8030
vn -0.2563 -0.5246 -0.8119
vn -0.2477 -0.5208 -0.8169
vn -0.1964 -0.5129 -0.8357
vn -0.4659 -0.5482 -0.6946
vn -0.4969 -0.5324 -0.6853
vn -0.4463 -0.5410 -0.7128
vn -0.4430 -0.5422 -0.7140
vn -0.4258 -0.5389 -0.7269
vn -0.4030 -0.5414 -0.7379
vn -0.4020 -0.5419 -0.7381
vn -0.3777 -0.5363 -0.7548
vn -0.3481 -0.5453 -0.7625
vn -0.3503 -0.5494 -0.7586
vn -0.3205 -0.5283 -0.7862
vn -0.2838 -0.5482 -0.7867
vn -0.2873 -0.5784 -0.7635
vn -0.2525 -0.5033 -0.8264
vn -0.1194 -0.4983 -0.8588
vn -0.1516 -0.5149 -0.8438
vn -0.2070 -0.5052 -0.8378
vn -0.0404 -0.4972 -0.8667
vn -0.0453 -0.5016 -0.8639
vn -0.0987 -0.5096 -0.8547
vn 0.0089 -0.5093 -0.8605
vn 0.0404 -0.4940 -0.8685
vn 0.0631 -0.5087 -0.8586
vn 0.1172 -0.5035 -0.8560
vn 0.1193 -0.5019 -0.8567
vn 0.1695 -0.5157 -0.8398
vn 0.1965 -0.5057 -0.8400
vn 0.2219 -0.5204 -0.8246
vn 0.4262 -0.5457 -0.7215
vn 0.4458 -0.5401 -0.7139
vn 0.4915 -0.5352 -0.6870
vn 0.4658 -0.5482 -0.6946
vn 0.4869 -0.5410 -0.6858
vn 0.5110 -0.5549 -0.6565
vn 0.5287 -0.5287 -0.6640
vn 0.5340 -0.5468 -0.6449
vn 0.5791 -0.4996 -0.6442
vn 0.5898 -0.4782 -0.6508
vn 0.5882 -0.4922 -0.6416
vn 0.6336 -0.4212 -0.6489
vn 0.6348 -0.4137 -0.6526
vn 0.6265 -0.2888 -0.7240
vn 0.5548 -0.3083 -0.7727
vn 0.5324 -0.4056 -0.7430
vn 0.4535 -0.4271 -0.7823
vn 0.4473 -0.4503 -0.7728
vn 0.3852 -0.4646 -0.7974
vn 0.3801 -0.4445 -0.8111
vn 0.3278 -0.4540 -0.8285
vn 0.3224 -0.4361 -0.8402
vn 0.2597 -0.4449 -0.8571
vn 0.2568 -0.4625 -0.8486
vn 0.1861 -0.4701 -0.8628
vn 0.5070 -0.4397 -0.7413
vn 0.5014 -0.4581 -0.7340
vn 0.4789 -0.4910 -0.7278
vn 0.4800 -0.4876 -0.7293
vn 0.4501 -0.5205 -0.7256
vn 0.4536 -0.5111 -0.7301
vn 0.4211 -0.5413 -0.7278
vn 0.4281 -0.5235 -0.7366
vn 0.3845 -0.5522 -0.7398
vn 0.5690 -0.2842 -0.7717
vn 0.4952 -0.3003 -0.8152
vn 0.4758 -0.3971 -0.7848
vn 0.4119 -0.4114 -0.8130
vn 0.4018 -0.3908 -0.8282
vn 0.3503 -0.3997 -0.8470
vn 0.3412 -0.3825 -0.8587
vn 0.2757 -0.3911 -0.8781
vn 0.2703 -0.4276 -0.8626
vn 0.1997 -0.4352 -0.8779
vn 0.1969 -0.4580 -0.8669
vn 0.1283 -0.4632 -0.8769
vn 0.4284 -0.4784 -0.7666
vn 0.4278 -0.4804 -0.7656
vn 0.4018 -0.5089 -0.7613
vn 0.4030 -0.5054 -0.7630
vn 0.3747 -0.5315 -0.7596
vn 0.3786 -0.5205 -0.7654
vn 0.3407 -0.5444 -0.7665
vn 0.5083 -0.2782 -0.8150
vn 0.4417 -0.2900 -0.8490
vn 0.4355 -0.2744 -0.8574
vn 0.3671 -0.2836 -0.8859
vn 0.3674 -0.4943 -0.7878
vn 0.3567 -0.4769 -0.8033
vn 0.3452 -0.5182 -0.7825
vn 0.3321 -0.5036 -0.7976
vn 0.3235 -0.5319 -0.7825
vn 0.3015 -0.5225 -0.7975
vn 0.2924 -0.5105 -0.8086
vn 0.3019 -0.4696 -0.8297
vn 0.3121 -0.4850 -0.8169
vn 0.2431 -0.4778 -0.8442
vn 0.0824 -0.3632 -0.9281
vn 0.0855 -0.2581 -0.9623
vn 0.1622 -0.2556 -0.9531
vn 0.0112 -0.3644 -0.9312
vn 0.0118 -0.3636 -0.9315
vn -0.0566 -0.3631 -0.9300
vn -0.0589 -0.3663 -0.9286
vn -0.1239 -0.3642 -0.9231
vn -0.1285 -0.3711 -0.9197
vn -0.1910 -0.3673 -0.9103
vn -0.1977 -0.3780 -0.9045
vn -0.2563 -0.3727 -0.8918
vn -0.2644 -0.3864 -0.8836
vn -0.3201 -0.3796 -0.8680
vn -0.3293 -0.3966 -0.8569
vn -0.3927 -0.3863 -0.8346
vn -0.4009 -0.4134 -0.8176
vn -0.4706 -0.3981 -0.7875
vn -0.4780 -0.4296 -0.7661
vn -0.5298 -0.4148 -0.7398
vn -0.0534 -0.4186 -0.9066
vn -0.0521 -0.4569 -0.8880
vn -0.1092 -0.4548 -0.8839
vn -0.0550 -0.4218 -0.9050
vn -0.1171 -0.4196 -0.9001
vn -0.1200 -0.4262 -0.8966
vn -0.1803 -0.4223 -0.8884
vn -0.1845 -0.4327 -0.8824
vn -0.2422 -0.4272 -0.8711
vn -0.2471 -0.4408 -0.8629
vn -0.3025 -0.4336 -0.8488
vn -0.3078 -0.4501 -0.8383
vn -0.3715 -0.4392 -0.8180
vn -0.3751 -0.4667 -0.8010
vn -0.4459 -0.4506 -0.7734
vn -0.4477 -0.4820 -0.7531
vn -0.5019 -0.4663 -0.7285
vn -0.5063 -0.4887 -0.7105
vn -0.5458 -0.4749 -0.6903
vn -0.1683 -0.4575 -0.8731
vn -0.1140 -0.4610 -0.8800
vn -0.1752 -0.4668 -0.8668
vn -0.2264 -0.4619 -0.8576
vn -0.2350 -0.4738 -0.8487
vn -0.2831 -0.4676 -0.8374
vn -0.2929 -0.4823 -0.8256
vn -0.5095 -0.2784 -0.8142
vn -0.3485 -0.4729 -0.8093
vn -0.3573 -0.4967 -0.7910
vn -0.4191 -0.4828 -0.7689
vn -0.4275 -0.5108 -0.7459
vn -0.4731 -0.4978 -0.7269
vn -0.4844 -0.5155 -0.7068
vn -0.5152 -0.5051 -0.6924
vn -0.5264 -0.5240 -0.6695
vn -0.5815 -0.3064 -0.7536
vn -0.6250 -0.2939 -0.7232
vn -0.5845 -0.4449 -0.6786
vn -0.6308 -0.3116 -0.7106
vn -0.5379 -0.8407 0.0624
vn -0.5322 -0.8446 0.0579
vn -0.5345 -0.8395 0.0978
vn -0.5234 -0.8475 0.0878
vn -0.5300 -0.8356 0.1444
vn -0.5113 -0.8497 0.1291
vn -0.5236 -0.8286 0.1984
vn -0.5009 -0.8469 0.1785
vn -0.5194 -0.8136 0.2614
vn -0.4889 -0.8393 0.2376
vn -0.5119 -0.7967 0.3213
vn -0.4893 -0.8214 0.2929
vn -0.5116 -0.7759 0.3692
vn -0.4859 -0.8055 0.3391
vn -0.5127 -0.7462 0.4247
vn -0.4840 -0.7815 0.3937
vn -0.5155 -0.7038 0.4888
vn -0.4839 -0.7459 0.4577
vn -0.5194 -0.6459 0.5596
vn -0.4864 -0.6939 0.5310
vn -0.5242 -0.5679 0.6346
vn -0.4918 -0.6201 0.6113
vn -0.5282 -0.4709 0.7066
vn -0.4997 -0.5217 0.6915
vn -0.5305 -0.3610 0.7670
vn -0.5112 -0.3990 0.7613
vn -0.5339 -0.2368 0.8117
vn -0.5286 -0.2459 0.8124
vn -0.5405 -0.1342 0.8306
vn -0.5067 -0.2736 0.8176
vn -0.6936 -0.7176 0.0623
vn -0.6897 -0.7217 0.0586
vn -0.6167 -0.7846 0.0639
vn -0.6099 -0.7903 0.0584
vn -0.6855 -0.7213 0.0995
vn -0.6810 -0.7261 0.0949
vn -0.6124 -0.7838 0.1028
vn -0.6015 -0.7935 0.0921
vn -0.6827 -0.7144 0.1534
vn -0.6692 -0.7292 0.1427
vn -0.6086 -0.7787 0.1525
vn -0.5907 -0.7951 0.1372
vn -0.6826 -0.6966 0.2210
vn -0.6461 -0.7366 0.1998
vn -0.6036 -0.7695 0.2089
vn -0.5819 -0.7909 0.1893
vn -0.6904 -0.6664 0.2814
vn -0.6560 -0.7095 0.2576
vn -0.6009 -0.7513 0.2729
vn -0.5726 -0.7805 0.2508
vn -0.6781 -0.6522 0.3387
vn -0.6507 -0.6910 0.3148
vn -0.5958 -0.7309 0.3329
vn -0.5745 -0.7591 0.3062
vn -0.6891 -0.6069 0.3959
vn -0.6363 -0.6793 0.3656
vn -0.5967 -0.7067 0.3802
vn -0.5726 -0.7403 0.3524
vn -0.6669 -0.6264 0.4036
vn -0.6771 -0.5613 0.4758
vn -0.6618 -0.5887 0.4641
vn -0.6904 -0.4735 0.5470
vn -0.6511 -0.5402 0.5332
vn -0.6834 -0.4488 0.5758
vn -0.6101 -0.4876 0.6246
vn -0.5810 -0.5424 0.6068
vn -0.6775 -0.3777 0.6311
vn -0.6813 -0.3677 0.6330
vn -0.6118 -0.3979 0.6837
vn -0.5872 -0.4483 0.6739
vn -0.6837 -0.2683 0.6787
vn -0.6776 -0.2822 0.6792
vn -0.6119 -0.3041 0.7302
vn -0.5949 -0.3416 0.7276
vn -0.6884 -0.1963 0.6983
vn -0.6881 -0.1968 0.6984
vn -0.6119 -0.2154 0.7610
vn -0.6089 -0.2212 0.7618
vn -0.6893 -0.1877 0.6997
vn -0.6879 -0.1944 0.6993
vn -0.6170 -0.1534 0.7719
vn -0.6022 -0.2220 0.7668
vn -0.4653 -0.0940 0.8801
vn -0.4103 -0.2942 0.8632
vn -0.3839 -0.0899 0.9190
vn -0.3128 -0.2840 0.9064
vn -0.2978 -0.1218 0.9468
vn -0.2132 -0.2405 0.9469
vn -0.2087 -0.1835 0.9606
vn -0.1212 -0.1641 0.9790
vn -0.1154 -0.3430 0.9322
vn -0.0311 -0.3451 0.9380
vn -0.0271 -0.6182 0.7856
vn 0.0519 -0.6176 0.7848
vn 0.0445 -0.7731 0.6327
vn 0.0488 -0.7654 0.6417
vn 0.0419 -0.8650 0.5000
vn 0.0463 -0.8588 0.5101
vn 0.0409 -0.9169 0.3971
vn 0.0452 -0.9119 0.4079
vn 0.0410 -0.9470 0.3186
vn 0.0450 -0.9434 0.3286
vn 0.0417 -0.9652 0.2582
vn 0.0455 -0.9623 0.2681
vn 0.0431 -0.9762 0.2125
vn 0.0464 -0.9741 0.2215
vn 0.0445 -0.9836 0.1750
vn 0.0474 -0.9820 0.1829
vn 0.0455 -0.9899 0.1345
vn 0.0505 -0.9886 0.1418
vn 0.0490 -0.9942 0.0962
vn 0.0527 -0.9934 0.1016
vn 0.0518 -0.9962 0.0694
vn 0.0553 -0.9957 0.0737
vn 0.0549 -0.9970 0.0537
vn 0.0568 -0.9968 0.0560
vn 0.0567 -0.9972 0.0493
vn 0.0579 -0.9970 0.0505
vn 0.1523 -0.9818 0.1138
vn 0.2348 -0.9720 0.0034
vn 0.2501 -0.9562 0.1524
vn 0.3206 -0.9466 -0.0340
vn 0.3453 -0.9216 0.1772
vn 0.4036 -0.9135 -0.0511
vn 0.4374 -0.8800 0.1851
vn 0.4840 -0.8736 -0.0508
vn 0.5261 -0.8321 0.1756
vn 0.5605 -0.8276 -0.0307
vn 0.6108 -0.7769 0.1528
vn 0.6328 -0.7743 0.0041
vn 0.6913 -0.7141 0.1103
vn 0.6983 -0.7134 0.0588
vn 0.6849 -0.7252 0.0704
vn 0.6945 -0.7132 0.0947
vn 0.6674 -0.7304 0.1450
vn 0.6091 -0.7779 0.1546
vn 0.6154 -0.7651 0.1893
vn 0.5282 -0.8243 0.2041
vn 0.5360 -0.8099 0.2383
vn 0.4392 -0.8619 0.2535
vn 0.4450 -0.8521 0.2754
vn 0.3559 -0.8893 0.2872
vn 0.3575 -0.8865 0.2938
vn 0.2682 -0.9145 0.3029
vn 0.2710 -0.9095 0.3152
vn 0.1851 -0.9286 0.3217
vn 0.1898 -0.9181 0.3480
vn 0.1177 -0.9286 0.3519
vn 0.1061 -0.9390 0.3271
vn -0.1066 -0.2542 0.9613
vn -0.0324 -0.1099 0.9934
vn -0.0305 -0.3466 0.9375
vn 0.0561 -0.3462 0.9365
vn 0.0491 -0.6100 0.7909
vn 0.1253 -0.6059 0.7856
vn 0.1342 -0.5873 0.7982
vn 0.2150 -0.5786 0.7867
vn 0.1948 -0.7047 0.6822
vn 0.2862 -0.6883 0.6666
vn 0.2684 -0.7562 0.5968
vn 0.3633 -0.7311 0.5775
vn 0.3504 -0.7688 0.5350
vn 0.4458 -0.7345 0.5117
vn 0.4363 -0.7592 0.4831
vn 0.5280 -0.7162 0.4563
vn 0.5203 -0.7359 0.4334
vn 0.6058 -0.6854 0.4040
vn 0.5991 -0.7031 0.3831
vn 0.6703 -0.6516 0.3551
vn 0.6765 -0.6759 0.2923
vn 0.0005 -0.2900 0.9570
vn 0.0582 -0.0881 0.9944
vn 0.0549 -0.3434 0.9376
vn 0.1396 -0.3405 0.9298
vn 0.1433 -0.3330 0.9320
vn 0.2295 -0.3274 0.9166
vn 0.2079 -0.5535 0.8065
vn 0.2993 -0.5397 0.7869
vn 0.2775 -0.6541 0.7036
vn 0.3726 -0.6315 0.6800
vn 0.3552 -0.6961 0.6239
vn 0.4516 -0.6640 0.5959
vn 0.4386 -0.7042 0.5584
vn 0.5320 -0.6631 0.5265
vn 0.5217 -0.6934 0.4971
vn 0.6088 -0.6445 0.4626
vn 0.6003 -0.6696 0.4374
vn 0.6721 -0.6198 0.4051
vn 0.6752 -0.6141 0.4086
vn 0.1067 -0.2924 0.9503
vn 0.1477 -0.1025 0.9837
vn 0.2129 -0.2654 0.9404
vn 0.2350 -0.1493 0.9605
vn 0.2254 -0.3174 0.9211
vn 0.3146 -0.3089 0.8975
vn 0.2912 -0.5086 0.8102
vn 0.3842 -0.4904 0.7822
vn 0.3636 -0.5930 0.7184
vn 0.4592 -0.5650 0.6855
vn 0.4431 -0.6271 0.6406
vn 0.5375 -0.5894 0.6031
vn 0.5247 -0.6338 0.5683
vn 0.6129 -0.5879 0.5279
vn 0.6024 -0.6235 0.4983
vn 0.6727 -0.5778 0.4622
vn 0.6814 -0.5616 0.4692
vn 0.3179 -0.2025 0.9262
vn 0.3190 -0.2258 0.9205
vn 0.4056 -0.1312 0.9046
vn 0.4136 -0.2762 0.8676
vn 0.4880 -0.0929 0.8679
vn 0.5045 -0.2941 0.8118
vn 0.5363 -0.1981 0.8205
vn 0.5874 -0.2243 0.7776
vn 0.6264 -0.2155 0.7491
vn 0.6144 -0.1902 0.7658
vn 0.6607 -0.2037 0.7225
vn 0.6566 -0.1834 0.7316
vn 0.6895 -0.1385 0.7109
vn 0.5838 -0.1974 0.7875
vn 0.6289 -0.1322 0.7662
vn 0.7042 -0.0802 0.7055
vn 0.7132 -0.1630 0.6817
vn 0.6918 -0.2025 0.6931
vn 0.6879 -0.1966 0.6987
vn 0.6892 -0.2747 0.6705
vn 0.6898 -0.2730 0.6705
vn 0.6845 -0.3617 0.6329
vn 0.6918 -0.3443 0.6347
vn 0.6795 -0.4468 0.5820
vn 0.6913 -0.4218 0.5867
vn 0.6750 -0.5209 0.5225
vn 0.6876 -0.4962 0.5300
vn 0.6730 -0.6520 0.3493
vn 0.6637 -0.6788 0.3141
vn 0.6835 -0.6892 0.2403
vn 0.6721 -0.6949 0.2558
vn 0.6794 -0.7075 0.1945
vn 0.6028 -0.7693 0.2116
vn 0.6803 -0.7064 0.1955
vn 0.6811 -0.7159 0.1534
vn 0.7083 -0.6971 0.1111
vn 0.0510 -0.9925 0.1115
vn -0.0322 -0.9995 0.0012
vn -0.0322 -0.9982 0.0501
vn -0.1194 -0.9916 0.0498
vn -0.1196 -0.9910 0.0599
vn -0.1999 -0.9780 0.0592
vn -0.2020 -0.9750 0.0920
vn -0.2714 -0.9582 0.0905
vn -0.2785 -0.9491 0.1470
vn -0.3403 -0.9292 0.1439
vn -0.3552 -0.9078 0.2229
vn -0.4077 -0.8868 0.2178
vn -0.4297 -0.8506 0.3032
vn -0.0508 -0.9869 0.1531
vn -0.1213 -0.9921 -0.0325
vn -0.1211 -0.9913 0.0515
vn -0.2062 -0.9772 0.0508
vn -0.2067 -0.9761 0.0670
vn -0.2838 -0.9566 0.0657
vn -0.2872 -0.9519 0.1067
vn -0.3529 -0.9298 0.1042
vn -0.3624 -0.9169 0.1672
vn -0.4213 -0.8922 0.1626
vn -0.4386 -0.8647 0.2448
vn -0.1505 -0.9725 0.1776
vn -0.2094 -0.9766 -0.0498
vn -0.2094 -0.9764 0.0538
vn -0.2918 -0.9550 0.0526
vn -0.2928 -0.9532 0.0755
vn -0.3659 -0.9278 0.0734
vn -0.3707 -0.9208 0.1211
vn -0.4331 -0.8937 0.1174
vn -0.4445 -0.8765 0.1848
vn -0.2489 -0.9506 0.1853
vn -0.2960 -0.9539 -0.0501
vn -0.2959 -0.9536 0.0563
vn -0.3752 -0.9253 0.0545
vn -0.3766 -0.9225 0.0844
vn -0.4464 -0.8911 0.0814
vn -0.4523 -0.8817 0.1342
vn -0.3454 -0.9216 0.1771
vn -0.3804 -0.9242 -0.0325
vn -0.3799 -0.9232 0.0587
vn -0.4554 -0.8885 0.0563
vn -0.4573 -0.8846 0.0919
vn -0.4399 -0.8850 0.1523
vn -0.4620 -0.8869 0.0033
vn -0.4611 -0.8853 0.0610
vn -0.5312 -0.8401 0.1100
vn -0.5764 -0.6174 0.5354
vn -0.6061 -0.5662 0.5586
vn -0.5986 -0.6735 0.4337
vn -0.5734 -0.6727 0.4676
vn -0.6020 -0.6272 0.4941
vn -0.5720 -0.7127 0.4059
vn -0.4565 -0.2587 0.8513
vn -0.4500 -0.2703 0.8511
vn -0.3753 -0.2812 0.8832
vn -0.3684 -0.2937 0.8820
vn -0.2912 -0.3027 0.9075
vn -0.2847 -0.3148 0.9055
vn -0.2055 -0.3216 0.9243
vn -0.2003 -0.3321 0.9217
vn -0.1184 -0.3367 0.9341
vn -0.4498 -0.4151 0.7908
vn -0.4289 -0.4553 0.7802
vn -0.3653 -0.4696 0.8037
vn -0.3451 -0.5082 0.7891
vn -0.2795 -0.5202 0.8070
vn -0.2619 -0.5542 0.7901
vn -0.1941 -0.5635 0.8030
vn -0.1814 -0.5888 0.7876
vn -0.1105 -0.5951 0.7960
vn -0.1033 -0.6107 0.7851
vn -0.0289 -0.6138 0.7889
vn -0.4443 -0.5400 0.7148
vn -0.4141 -0.5909 0.6924
vn -0.3572 -0.6067 0.7102
vn -0.3279 -0.6542 0.6816
vn -0.2695 -0.6670 0.6946
vn -0.2449 -0.7059 0.6646
vn -0.1845 -0.7157 0.6736
vn -0.1671 -0.7438 0.6472
vn -0.1037 -0.7504 0.6528
vn -0.0943 -0.7664 0.6353
vn -0.0269 -0.7696 0.6379
vn -0.0248 -0.7736 0.6332
vn -0.4387 -0.6403 0.6305
vn -0.4037 -0.6922 0.5983
vn -0.3495 -0.7090 0.6124
vn -0.3171 -0.7539 0.5754
vn -0.2619 -0.7673 0.5854
vn -0.2344 -0.8036 0.5471
vn -0.1776 -0.8136 0.5537
vn -0.1584 -0.8385 0.5213
vn -0.0992 -0.8451 0.5253
vn -0.0889 -0.8589 0.5043
vn -0.0256 -0.8621 0.5061
vn -0.0232 -0.8656 0.5003
vn -0.4334 -0.7159 0.5474
vn -0.3988 -0.7615 0.5110
vn -0.3445 -0.7797 0.5229
vn -0.3116 -0.8192 0.4815
vn -0.2570 -0.8332 0.4896
vn -0.2301 -0.8632 0.4493
vn -0.1741 -0.8735 0.4546
vn -0.1550 -0.8940 0.4204
vn -0.0969 -0.9007 0.4235
vn -0.0869 -0.9115 0.4019
vn -0.0250 -0.9147 0.4033
vn -0.0227 -0.9174 0.3973
vn -0.4297 -0.7698 0.4720
vn -0.3972 -0.8083 0.4346
vn -0.3418 -0.8278 0.4449
vn -0.3110 -0.8605 0.4035
vn -0.2552 -0.8755 0.4103
vn -0.2299 -0.9000 0.3704
vn -0.1730 -0.9109 0.3747
vn -0.1555 -0.9267 0.3421
vn -0.0967 -0.9337 0.3447
vn -0.0871 -0.9423 0.3232
vn -0.0248 -0.9456 0.3243
vn -0.0228 -0.9476 0.3187
vn -0.4279 -0.8072 0.4065
vn -0.3983 -0.8394 0.3698
vn -0.3413 -0.8602 0.3788
vn -0.3134 -0.8870 0.3392
vn -0.2555 -0.9031 0.3452
vn -0.2327 -0.9226 0.3078
vn -0.1741 -0.9342 0.3115
vn -0.1578 -0.9468 0.2803
vn -0.0974 -0.9543 0.2825
vn -0.0890 -0.9606 0.2631
vn -0.0252 -0.9642 0.2641
vn -0.0231 -0.9658 0.2584
vn -0.4281 -0.8330 0.3505
vn -0.4015 -0.8598 0.3156
vn -0.3423 -0.8821 0.3236
vn -0.3179 -0.9035 0.2873
vn -0.2577 -0.9208 0.2927
vn -0.2372 -0.9366 0.2577
vn -0.1763 -0.9491 0.2611
vn -0.1619 -0.9591 0.2324
vn -0.0989 -0.9671 0.2343
vn -0.0914 -0.9720 0.2167
vn -0.0256 -0.9757 0.2175
vn -0.0239 -0.9768 0.2127
vn -0.4063 -0.8727 0.2709
vn -0.3449 -0.8965 0.2781
vn -0.3258 -0.9252 0.1943
vn -0.2711 -0.9420 0.1978
vn -0.2597 -0.9575 0.1253
vn -0.1947 -0.9726 0.1272
vn -0.1901 -0.9786 0.0789
vn -0.1163 -0.9900 0.0798
vn -0.1153 -0.9918 0.0547
vn -0.0314 -0.9980 0.0551
vn -0.0314 -0.9983 0.0494
vn -0.3232 -0.9143 0.2443
vn -0.2609 -0.9327 0.2491
vn -0.2426 -0.9456 0.2168
vn -0.1790 -0.9590 0.2198
vn -0.1666 -0.9666 0.1947
vn -0.1013 -0.9753 0.1964
vn -0.0941 -0.9793 0.1792
vn -0.0263 -0.9833 0.1800
vn -0.0246 -0.9842 0.1751
vn -0.2463 -0.9540 0.1708
vn -0.1878 -0.9669 0.1730
vn -0.1803 -0.9775 0.1091
vn -0.1113 -0.9877 0.1102
vn -0.1091 -0.9915 0.0713
vn -0.0306 -0.9970 0.0717
vn -0.0304 -0.9981 0.0538
vn -0.1695 -0.9739 0.1508
vn -0.1068 -0.9826 0.1521
vn -0.0965 -0.9857 0.1381
vn -0.0281 -0.9899 0.1387
vn -0.0253 -0.9906 0.1346
vn -0.1031 -0.9897 0.0988
vn -0.0293 -0.9946 0.0993
vn -0.0288 -0.9972 0.0694
vn -0.0273 -0.9950 0.0962
vn 0.1147 -0.7612 0.6382
vn 0.1263 -0.7419 0.6585
vn 0.1080 -0.8547 0.5077
vn 0.1209 -0.8377 0.5326
vn 0.1058 -0.9077 0.4060
vn 0.1184 -0.8942 0.4318
vn 0.1080 -0.9577 0.2669
vn 0.1187 -0.9496 0.2902
vn 0.1111 -0.9691 0.2203
vn 0.1206 -0.9629 0.2416
vn 0.1144 -0.9766 0.1820
vn 0.1231 -0.9717 0.2017
vn 0.1171 -0.9831 0.1410
vn 0.1297 -0.9790 0.1575
vn 0.1249 -0.9870 0.1010
vn 0.1349 -0.9842 0.1145
vn 0.1321 -0.9885 0.0731
vn 0.1408 -0.9866 0.0831
vn 0.1395 -0.9887 0.0556
vn 0.1446 -0.9876 0.0617
vn 0.1443 -0.9883 0.0501
vn 0.1465 -0.9878 0.0520
vn 0.2031 -0.7323 0.6500
vn 0.1867 -0.8043 0.5641
vn 0.1946 -0.8277 0.5264
vn 0.1833 -0.8657 0.4658
vn 0.1906 -0.8839 0.4270
vn 0.1830 -0.9043 0.3857
vn 0.1914 -0.9387 0.2869
vn 0.1885 -0.9442 0.2702
vn 0.1942 -0.9515 0.2388
vn 0.1925 -0.9544 0.2283
vn 0.1980 -0.9597 0.1993
vn 0.1951 -0.9640 0.1806
vn 0.2085 -0.9656 0.1555
vn 0.2056 -0.9696 0.1328
vn 0.2167 -0.9697 0.1128
vn 0.2149 -0.9719 0.0962
vn 0.2254 -0.9708 0.0818
vn 0.2245 -0.9720 0.0696
vn 0.2313 -0.9710 0.0607
vn 0.2310 -0.9714 0.0545
vn 0.2345 -0.9708 0.0511
vn 0.2766 -0.7866 0.5520
vn 0.2641 -0.8234 0.5023
vn 0.2713 -0.8475 0.4563
vn 0.2632 -0.8673 0.4226
vn 0.2697 -0.8857 0.3779
vn 0.2648 -0.8958 0.3569
vn 0.2740 -0.9246 0.2648
vn 0.2726 -0.9268 0.2582
vn 0.2780 -0.9342 0.2235
vn 0.2747 -0.9391 0.2065
vn 0.2903 -0.9406 0.1763
vn 0.2865 -0.9457 0.1535
vn 0.2996 -0.9452 0.1296
vn 0.2971 -0.9483 0.1114
vn 0.3099 -0.9461 0.0937
vn 0.3085 -0.9480 0.0784
vn 0.3166 -0.9461 0.0677
vn 0.3161 -0.9470 0.0570
vn 0.3202 -0.9459 0.0531
vn 0.4036 -0.9133 0.0548
vn 0.3985 -0.9152 0.0597
vn 0.4838 -0.8733 0.0567
vn 0.4783 -0.8760 0.0618
vn 0.5597 -0.8267 0.0580
vn 0.5537 -0.8303 0.0634
vn 0.6317 -0.7730 0.0586
vn 0.6251 -0.7779 0.0645
vn 0.3993 -0.9137 0.0754
vn 0.3905 -0.9165 0.0868
vn 0.4794 -0.8737 0.0825
vn 0.4702 -0.8775 0.0943
vn 0.5552 -0.8270 0.0885
vn 0.5460 -0.8318 0.1001
vn 0.6267 -0.7737 0.0927
vn 0.6178 -0.7794 0.1038
vn 0.3927 -0.9134 0.1073
vn 0.3789 -0.9168 0.1261
vn 0.4731 -0.8728 0.1199
vn 0.4591 -0.8775 0.1389
vn 0.5497 -0.8252 0.1303
vn 0.5361 -0.8310 0.1485
vn 0.6218 -0.7710 0.1375
vn 0.3824 -0.9121 0.1481
vn 0.3684 -0.9133 0.1738
vn 0.4637 -0.8704 0.1655
vn 0.4497 -0.8725 0.1911
vn 0.5417 -0.8211 0.1797
vn 0.3735 -0.9060 0.1994
vn 0.3567 -0.9050 0.2319
vn 0.4562 -0.8620 0.2209
vn 0.3611 -0.8983 0.2504
vn 0.3554 -0.8682 0.3462
vn 0.3496 -0.8519 0.3900
vn 0.4414 -0.8158 0.3738
vn 0.4357 -0.7979 0.4165
vn 0.5260 -0.7538 0.3939
vn 0.3552 -0.8402 0.4098
vn 0.3488 -0.8181 0.4572
vn 0.4425 -0.7826 0.4379
vn 0.3575 -0.7971 0.4867
vn 0.3978 -0.2864 0.8716
vn 0.3933 -0.2755 0.8772
vn 0.4781 -0.2623 0.8382
vn 0.4741 -0.2532 0.8433
vn 0.5546 -0.2383 0.7972
vn 0.3100 -0.2974 0.9030
vn 0.3759 -0.4571 0.8061
vn 0.4679 -0.4353 0.7692
vn 0.4500 -0.5264 0.7214
vn 0.5431 -0.4943 0.6788
vn 0.5289 -0.5549 0.6421
vn 0.6177 -0.5137 0.5955
vn 0.6056 -0.5621 0.5633
vn 0.4594 -0.4026 0.7917
vn 0.3521 -0.8743 0.3341
vn 0.4424 -0.8377 0.3203
vn 0.4399 -0.8423 0.3114
vn 0.5270 -0.7971 0.2948
vn 0.5197 -0.8109 0.2690
vn 0.6114 -0.7511 0.2491
vn 0.4372 -0.8243 0.3597
vn 0.5483 -0.3782 0.7459
vn 0.5402 -0.3493 0.7657
vn 0.6234 -0.3236 0.7118
vn 0.6160 -0.2993 0.7287
vn 0.5256 -0.7796 0.3405
vn 0.5204 -0.7666 0.3762
vn 0.6043 -0.7152 0.3512
vn 0.5337 -0.4582 0.7108
vn 0.6212 -0.4238 0.6591
vn 0.6091 -0.4833 0.6288
vn 0.6122 -0.3928 0.6863
vn 0.5220 -0.7873 0.3281
vn 0.6046 -0.7352 0.3066
vn 0.5963 -0.7533 0.2774
vn 0.5997 -0.7263 0.3360
vn -0.6613 0.7212 0.2062
vn -0.6442 0.7336 0.2166
vn -0.6790 0.7114 0.1811
vn -0.6139 0.7642 0.1978
vn -0.6307 0.7528 0.1883
vn -0.5840 0.7896 0.1885
vn -0.5795 0.7925 0.1903
vn -0.5510 0.8145 0.1819
vn -0.5192 0.8334 0.1894
vn -0.5107 0.8364 0.1991
vn -0.4735 0.8638 0.1724
vn -0.4357 0.8783 0.1968
vn -0.4402 0.8818 0.1691
vn -0.4326 0.8845 0.1747
vn -0.4355 0.8892 0.1406
vn -0.4380 0.8883 0.1381
vn -0.4404 0.8924 0.0982
vn -0.4421 0.8917 0.0964
vn -0.4441 0.8955 0.0305
vn -0.4085 0.9107 0.0613
vn -0.3690 0.9133 0.1723
vn -0.3616 0.9302 0.0626
vn -0.3615 0.9303 0.0626
vn -0.6742 0.7178 0.1738
vn -0.6917 0.7056 0.1542
vn -0.6343 0.7557 0.1631
vn -0.6407 0.7514 0.1575
vn -0.5828 0.7957 0.1652
vn -0.5891 0.7921 0.1601
vn -0.5144 0.8409 0.1683
vn -0.5204 0.8384 0.1620
vn -0.6875 0.7140 0.1323
vn -0.6971 0.7063 0.1237
vn -0.6437 0.7540 0.1307
vn -0.6480 0.7510 0.1270
vn -0.5919 0.7949 0.1334
vn -0.5954 0.7928 0.1305
vn -0.5227 0.8414 0.1373
vn -0.5261 0.8398 0.1338
vn -0.7010 0.7081 0.0852
vn -0.6975 0.7118 0.0823
vn -0.7059 0.7060 0.0566
vn -0.7072 0.7070 -0.0085
vn -0.6933 0.7184 0.0575
vn -0.7188 0.6933 0.0527
vn -0.6630 0.7472 0.0465
vn -0.6647 0.7447 0.0596
vn -0.6557 0.7538 0.0431
vn -0.6537 0.7517 0.0878
vn -0.6509 0.7538 0.0902
vn -0.5560 0.8085 0.1926
vn -0.5916 0.8041 0.0587
vn -0.6029 0.7967 0.0431
vn -0.6009 0.7942 0.0904
vn -0.5983 0.7959 0.0925
vn -0.4655 0.8648 0.1883
vn -0.5033 0.8620 0.0601
vn -0.5332 0.8456 0.0259
vn -0.5310 0.8422 0.0931
vn -0.5287 0.8434 0.0956
vn -0.2657 0.9453 0.1892
vn -0.2865 0.9561 0.0620
vn -0.2894 0.9555 0.0562
vn -0.2884 0.9522 0.1008
vn -0.2873 0.9524 0.1016
vn -0.2856 0.9476 0.1434
vn -0.2841 0.9479 0.1445
vn -0.2824 0.9433 0.1745
vn -0.3227 0.9326 0.1618
vn -0.1605 0.9674 0.1959
vn -0.1959 0.9787 0.0621
vn -0.2154 0.9757 0.0411
vn -0.2144 0.9714 0.1023
vn -0.2139 0.9714 0.1027
vn -0.2126 0.9663 0.1449
vn -0.2113 0.9665 0.1458
vn -0.2102 0.9624 0.1719
vn -0.2118 0.9625 0.1695
vn -0.0535 0.9856 0.1605
vn -0.0639 0.9957 0.0665
vn -0.0637 0.9925 0.1039
vn 0.0129 0.9945 0.1041
vn 0.0128 0.9890 0.1473
vn 0.0877 0.9853 0.1468
vn 0.0872 0.9804 0.1765
vn 0.0919 0.9816 0.1673
vn 0.1519 0.9748 0.1632
vn 0.1611 0.9711 0.1763
vn 0.2101 0.9649 0.1577
vn 0.2342 0.9558 0.1778
vn 0.2673 0.9503 0.1593
vn 0.3061 0.9357 0.1755
vn 0.3234 0.9319 0.1641
vn 0.3763 0.9105 0.1712
vn 0.3777 0.9102 0.1702
vn 0.4407 0.8821 0.1663
vn 0.4359 0.8784 0.1958
vn 0.4733 0.8639 0.1721
vn 0.5013 0.8436 0.1922
vn 0.5164 0.8370 0.1809
vn 0.5634 0.8051 0.1857
vn 0.5551 0.8092 0.1927
vn 0.5830 0.7909 0.1860
vn 0.6209 0.7601 0.1917
vn 0.6134 0.7652 0.1954
vn 0.6770 0.7129 0.1832
vn 0.6438 0.7338 0.2169
vn 0.6616 0.7209 0.2062
vn 0.0539 0.9774 0.2045
vn 0.0275 0.9977 0.0624
vn 0.0130 0.9990 0.0429
vn 0.0130 0.9945 0.1041
vn 0.1623 0.9770 0.1381
vn 0.1235 0.9904 0.0626
vn 0.0893 0.9949 0.0463
vn 0.0889 0.9906 0.1039
vn 0.0886 0.9906 0.1037
vn 0.0881 0.9852 0.1471
vn 0.2651 0.9428 0.2021
vn 0.2489 0.9665 0.0627
vn 0.2403 0.9695 0.0479
vn 0.2393 0.9655 0.1025
vn 0.2385 0.9658 0.1019
vn 0.2370 0.9606 0.1454
vn 0.2357 0.9610 0.1445
vn 0.3687 0.9131 0.1739
vn 0.3388 0.9388 0.0617
vn 0.3140 0.9485 0.0414
vn 0.3125 0.9445 0.1011
vn 0.3116 0.9449 0.1004
vn 0.3097 0.9399 0.1439
vn 0.3080 0.9406 0.1428
vn 0.4655 0.8647 0.1886
vn 0.4581 0.8868 0.0619
vn 0.4548 0.8889 0.0546
vn 0.4533 0.8860 0.0976
vn 0.4518 0.8869 0.0965
vn 0.4492 0.8825 0.1397
vn 0.4468 0.8840 0.1379
vn 0.4442 0.8799 0.1688
vn 0.5566 0.8088 0.1901
vn 0.5395 0.8398 0.0608
vn 0.5222 0.8520 0.0387
vn 0.5201 0.8488 0.0954
vn 0.5181 0.8501 0.0939
vn 0.5152 0.8461 0.1370
vn 0.5125 0.8480 0.1349
vn 0.5094 0.8441 0.1673
vn 0.5046 0.8477 0.1636
vn 0.5856 0.8091 0.0501
vn 0.5837 0.8066 0.0930
vn 0.5815 0.8084 0.0912
vn 0.5783 0.8047 0.1342
vn 0.5751 0.8075 0.1316
vn 0.5716 0.8037 0.1654
vn 0.5664 0.8082 0.1613
vn 0.6630 0.7458 0.0647
vn 0.6623 0.7469 0.0593
vn 0.6462 0.7622 0.0375
vn 0.6439 0.7597 0.0905
vn 0.6414 0.7621 0.0883
vn 0.6380 0.7588 0.1309
vn 0.6347 0.7621 0.1281
vn 0.6308 0.7586 0.1631
vn 0.6255 0.7640 0.1586
vn 0.6938 0.7191 0.0393
vn 0.7040 0.7099 -0.0228
vn 0.7017 0.7077 0.0819
vn 0.7189 0.6931 0.0527
vn 0.6932 0.7087 0.1315
vn 0.6979 0.7111 0.0853
vn 0.6693 0.7407 0.0588
vn 0.6837 0.7190 0.1251
vn 0.6906 0.7028 0.1709
vn 0.6630 0.7317 0.1583
vn 0.0311 0.9873 0.1557
vn 0.0124 0.9826 0.1853
vn 0.0126 0.9890 0.1471
vn -0.0632 0.9871 0.1469
vn -0.0635 0.9925 0.1040
vn -0.1394 0.9848 0.1033
vn -0.1400 0.9887 0.0532
vn -0.1450 0.9875 0.0626
vn -0.0309 0.9881 0.1506
vn -0.0622 0.9803 0.1877
vn -0.0627 0.9871 0.1472
vn -0.1380 0.9796 0.1462
vn -0.1388 0.9849 0.1036
vn -0.0912 0.9841 0.1523
vn -0.1364 0.9738 0.1818
vn -0.1374 0.9796 0.1466
vn -0.1513 0.9754 0.1604
vn -0.2679 0.9496 0.1629
vn -0.3528 0.9192 0.1748
vn -0.3758 0.9120 0.1647
vn 0.3863 0.9202 0.0633
vn 0.3855 0.9207 0.0605
vn 0.1643 0.9787 0.1233
vn 0.2057 0.9767 0.0619
vn 0.1652 0.9843 0.0624
vn 0.1651 0.9843 0.0622
vn -0.6261 0.7772 0.0636
vn -0.5494 0.8333 0.0608
vn -0.4580 0.8868 0.0619
vn -0.3550 0.9239 0.1429
vn -0.3604 0.9275 0.0992
vn -0.3594 0.9278 0.1000
vn -0.3573 0.9233 0.1412
vn -0.2372 0.9694 0.0628
vn 0.0789 0.9949 0.0622
vn -0.0656 0.9959 0.0629
vn -0.0169 0.9979 0.0630
vn 0.1620 0.9759 0.1459
vn 0.1645 0.9809 0.1034
vn 0.1640 0.9811 0.1030
vn 0.1630 0.9757 0.1465
vn 0.2984 0.9525 0.0618
vn 0.3785 0.9149 0.1406
vn 0.3842 0.9179 0.0996
vn 0.3828 0.9186 0.0986
vn 0.3805 0.9138 0.1420
vn 0.5033 0.8620 0.0601
vn 0.5815 0.8114 0.0587
vn 0.6288 0.7751 0.0610
vn 0.0259 0.7877 -0.6155
vn 0.0263 0.7877 -0.6155
vn 0.0262 0.7877 -0.6155
vn 0.0260 0.7877 -0.6155
vn 0.0261 0.7877 -0.6155
vn 0.0263 0.7878 -0.6154
vn 0.0262 0.7878 -0.6154
vn 0.0264 0.7878 -0.6154
vn 0.0264 0.7877 -0.6154
vn 0.0261 0.7877 -0.6156
vn 0.0255 0.7878 -0.6154
vn 0.0264 0.7877 -0.6156
vn 0.0261 0.7878 -0.6154
vn 0.0260 0.7878 -0.6154
vn 0.0264 0.7877 -0.6155
vn 0.0263 0.7878 -0.6153
vn 0.0261 0.7877 -0.6154
vn 0.0263 0.7876 -0.6157
vn 0.0262 0.7878 -0.6153
vn 0.0263 0.7877 -0.6154
vn 0.0261 0.7875 -0.6157
vn 0.0264 0.7876 -0.6157
vn 0.0265 0.7877 -0.6155
vn 0.0259 0.7878 -0.6154
vn 0.0262 0.7877 -0.6156
vn 0.0260 0.7876 -0.6157
vn 0.0264 0.7876 -0.6156
vn 0.0262 0.7876 -0.6157
vn 0.0264 0.7875 -0.6158
vn 0.0268 0.7875 -0.6158
vn 0.0263 0.7876 -0.6156
vn 0.0263 0.7875 -0.6157
vn 0.0262 0.7877 -0.6154
vn 0.0266 0.7878 -0.6154
vn 0.0271 0.7874 -0.6158
vn 0.0258 0.7878 -0.6154
vn 0.0263 0.7879 -0.6153
vn 0.0264 0.7878 -0.6153
vn 0.0260 0.7876 -0.6156
vn 0.0261 0.7876 -0.6156
vn -0.0262 0.7876 -0.6156
vn -0.0263 0.7875 -0.6158
vn -0.0260 0.7877 -0.6155
vn -0.0261 0.7878 -0.6154
vn -0.0263 0.7878 -0.6154
vn -0.0263 0.7877 -0.6155
vn -0.0262 0.7877 -0.6155
vn -0.0261 0.7878 -0.6153
vn -0.0264 0.7879 -0.6152
vn -0.0264 0.7879 -0.6153
vn -0.0261 0.7877 -0.6155
vn -0.0261 0.7876 -0.6156
vn -0.0258 0.7876 -0.6156
vn -0.0258 0.7877 -0.6156
vn -0.0264 0.7878 -0.6154
vn -0.0279 0.7875 -0.6157
vn -0.0259 0.7877 -0.6155
vn -0.0260 0.7876 -0.6156
vn -0.0268 0.7878 -0.6154
vn -0.0265 0.7878 -0.6153
vn -0.0258 0.7877 -0.6155
vn -0.0264 0.7877 -0.6155
vn -0.0259 0.7878 -0.6153
vn -0.0265 0.7878 -0.6154
vn -0.0267 0.7877 -0.6155
vn -0.0260 0.7878 -0.6154
vn -0.0262 0.7877 -0.6154
vn -0.0262 0.7878 -0.6154
vn -0.0259 0.7877 -0.6154
vn -0.0257 0.7879 -0.6153
vn -0.0263 0.7877 -0.6154
vn -0.0259 0.7875 -0.6157
vn -0.0259 0.7878 -0.6154
vn -0.0265 0.7877 -0.6155
vn -0.0266 0.7877 -0.6155
vn -0.0269 0.7876 -0.6156
vn -0.0263 0.7876 -0.6156
vn -0.0265 0.7876 -0.6156
vn -0.0263 0.7876 -0.6157
vn -0.0260 0.7879 -0.6153
vn -0.0264 0.7877 -0.6154
vn -0.0260 0.7876 -0.6157
vn -0.0264 0.7876 -0.6156
vn -0.0258 0.7878 -0.6154
vn -0.0261 0.7879 -0.6152
vn -0.0000 -1.0000 -0.0000
vn -0.0897 -0.0000 -0.9960
vn 0.0897 -0.0000 -0.9960
vn 0.2660 -0.0000 -0.9640
vn 0.4340 -0.0000 -0.9009
vn 0.5877 -0.0000 -0.8091
vn 0.7228 -0.0000 -0.6911
vn 0.8345 -0.0000 -0.5509
vn 0.9196 -0.0000 -0.3929
vn 0.9749 -0.0000 -0.2227
vn 0.9990 -0.0000 -0.0448
vn 0.9909 -0.0000 0.1343
vn 0.9511 -0.0000 0.3090
vn 0.8805 -0.0000 0.4740
vn 0.7820 -0.0000 0.6233
vn 0.6579 -0.0000 0.7531
vn 0.5129 -0.0000 0.8584
vn 0.5129 -0.0000 0.8585
vn 0.3514 -0.0000 0.9362
vn 0.3515 -0.0000 0.9362
vn 0.1785 -0.0000 0.9839
vn -0.1785 -0.0000 0.9839
vn -0.3515 -0.0000 0.9362
vn -0.3514 -0.0000 0.9362
vn -0.5129 -0.0000 0.8585
vn -0.5129 -0.0000 0.8584
vn -0.6579 -0.0000 0.7531
vn -0.7820 -0.0000 0.6233
vn -0.8805 -0.0000 0.4740
vn -0.9511 -0.0000 0.3090
vn -0.9909 -0.0000 0.1343
vn -0.9990 -0.0000 -0.0448
vn -0.9749 -0.0000 -0.2227
vn -0.9196 -0.0000 -0.3929
vn -0.8345 -0.0000 -0.5509
vn -0.7228 -0.0000 -0.6911
vn -0.5877 -0.0000 -0.8091
vn -0.4340 -0.0000 -0.9009
vn -0.2660 -0.0000 -0.9640
vn 0.0265 -0.7878 0.6153
vn 0.0261 -0.7877 0.6155
vn 0.0261 -0.7880 0.6151
vn 0.0263 -0.7878 0.6154
vn 0.0260 -0.7877 0.6155
vn 0.0257 -0.7876 0.6156
vn 0.0256 -0.7876 0.6157
vn 0.0262 -0.7876 0.6156
vn 0.0261 -0.7878 0.6154
vn 0.0263 -0.7879 0.6153
vn 0.0266 -0.7878 0.6153
vn 0.0264 -0.7878 0.6154
vn 0.0261 -0.7878 0.6153
vn 0.0265 -0.7879 0.6153
vn 0.0264 -0.7877 0.6154
vn 0.0255 -0.7877 0.6155
vn 0.0260 -0.7878 0.6154
vn 0.0268 -0.7878 0.6154
vn 0.0263 -0.7877 0.6154
vn 0.0263 -0.7877 0.6155
vn 0.0258 -0.7878 0.6154
vn 0.0262 -0.7878 0.6154
vn 0.0262 -0.7877 0.6155
vn 0.0264 -0.7878 0.6153
vn 0.0264 -0.7877 0.6155
vn 0.0259 -0.7878 0.6154
vn 0.0260 -0.7876 0.6156
vn 0.0260 -0.7875 0.6157
vn 0.0260 -0.7876 0.6157
vn 0.0262 -0.7877 0.6154
vn 0.0266 -0.7877 0.6155
vn 0.0267 -0.7878 0.6154
vn 0.0267 -0.7877 0.6155
vn 0.0263 -0.7876 0.6157
vn 0.0257 -0.7878 0.6154
vn 0.0262 -0.7878 0.6153
vn 0.0264 -0.7876 0.6156
vn 0.0265 -0.7876 0.6156
vn 0.0265 -0.7878 0.6154
vn 0.0259 -0.7878 0.6155
vn 0.0266 -0.7876 0.6156
vn 0.0267 -0.7876 0.6156
vn 0.0263 -0.7877 0.6156
vn 0.0264 -0.7875 0.6157
vn 0.0259 -0.7877 0.6155
vn 0.0255 -0.7876 0.6156
vn 0.0278 -0.7884 0.6146
vn 0.0264 -0.7875 0.6158
vn 0.0261 -0.7876 0.6156
vn 0.0261 -0.7879 0.6152
vn 0.0260 -0.7879 0.6153
vn 0.0259 -0.7879 0.6152
vn 0.0261 -0.7880 0.6152
vn -0.0260 -0.7876 0.6156
vn -0.0262 -0.7878 0.6153
vn -0.0263 -0.7878 0.6154
vn -0.0262 -0.7877 0.6155
vn -0.0261 -0.7877 0.6155
vn -0.0262 -0.7877 0.6156
vn -0.0261 -0.7880 0.6152
vn -0.0262 -0.7880 0.6152
vn -0.0262 -0.7875 0.6157
vn -0.0258 -0.7875 0.6157
vn -0.0261 -0.7877 0.6156
vn -0.0262 -0.7876 0.6156
vn -0.0263 -0.7877 0.6155
vn -0.0258 -0.7880 0.6151
vn -0.0262 -0.7878 0.6154
vn -0.0259 -0.7878 0.6154
vn -0.0260 -0.7877 0.6155
vn -0.0259 -0.7877 0.6155
vn -0.0261 -0.7878 0.6154
vn -0.0266 -0.7878 0.6153
vn -0.0267 -0.7878 0.6154
vn -0.0257 -0.7877 0.6156
vn -0.0258 -0.7877 0.6156
vn -0.0256 -0.7877 0.6155
vn -0.0266 -0.7877 0.6154
vn -0.0265 -0.7878 0.6154
vn -0.0264 -0.7878 0.6153
vn -0.0265 -0.7877 0.6155
vn -0.0263 -0.7877 0.6154
vn -0.0264 -0.7878 0.6154
vn -0.0265 -0.7878 0.6153
vn -0.0259 -0.7877 0.6156
vn -0.0259 -0.7876 0.6156
vn -0.0260 -0.7877 0.6156
vn -0.0260 -0.7878 0.6154
vn -0.0258 -0.7878 0.6154
vn -0.0261 -0.7879 0.6153
vn -0.0265 -0.7876 0.6156
vn -0.0265 -0.7877 0.6154
vn -0.0261 -0.7877 0.6154
vn -0.0260 -0.7877 0.6154
vn -0.0262 -0.7877 0.6154
vn -0.0261 -0.7878 0.6153
vn -0.0260 -0.7879 0.6152
vn -0.0258 -0.7878 0.6153
vn -0.0264 -0.7877 0.6155
vn -0.0270 -0.7879 0.6152
vn -0.0259 -0.7874 0.6159
vn -0.0263 -0.7877 0.6156
vn -0.0260 -0.7878 0.6153
vn -0.0263 -0.7875 0.6157
vn -0.0262 -0.7875 0.6158
vn -0.0261 -0.7876 0.6157
vn -0.0262 -0.7876 0.6157
vn -0.0263 -0.7876 0.6157
vn 0.6565 -0.7209 -0.2220
vn 0.6265 -0.7551 -0.1934
vn 0.6240 -0.7534 -0.2075
vn 0.6590 -0.7068 -0.2572
vn 0.1116 -0.8442 0.5243
vn 0.3466 -0.9034 0.2524
vn 0.4504 -0.8850 0.1180
vn 0.5713 -0.8145 -0.1010
vn 0.6752 -0.6589 -0.3316
vn 0.5854 -0.8072 -0.0759
vn 0.4595 -0.8792 0.1257
vn 0.3797 -0.8924 0.2437
vn 0.2681 -0.8913 0.3656
vn 0.1208 -0.8479 0.5161
vn 0.7356 -0.6448 -0.2076
vn 0.7406 -0.6441 -0.1914
vn 0.7407 -0.6427 -0.1956
vn 0.7674 -0.6050 -0.2122
vn 0.7784 -0.5933 -0.2052
vn 0.7932 -0.5698 -0.2149
vn 0.7956 -0.5787 -0.1790
vn 0.8245 -0.5263 -0.2079
vn 0.8535 -0.4872 -0.1846
vn 0.8531 -0.4821 -0.1996
vn 0.8381 -0.5308 -0.1257
vn 0.8848 -0.4235 -0.1943
vn 0.8912 -0.4155 -0.1820
vn 0.9019 -0.3931 -0.1790
vn 0.9071 -0.3887 -0.1619
vn 0.9127 -0.3717 -0.1698
vn 0.9261 -0.3374 -0.1690
vn 0.9206 -0.3430 -0.1868
vn 0.9276 -0.1952 -0.3185
vn 0.8842 -0.4292 -0.1846
vn 0.9325 -0.3242 -0.1590
vn 0.9325 -0.3247 -0.1578
vn 0.9456 -0.2799 -0.1659
vn 0.9524 -0.2625 -0.1549
vn 0.9581 -0.2444 -0.1497
vn 0.9595 -0.2384 -0.1501
vn 0.9621 -0.2479 -0.1138
vn 0.9619 -0.2487 -0.1134
vn 0.9710 -0.2025 -0.1269
vn 0.9666 -0.2127 -0.1429
vn 0.9651 -0.2221 -0.1387
vn 0.9609 -0.2296 -0.1544
vn 0.9720 -0.1977 -0.1271
vn 0.9757 -0.0741 -0.2064
vn 0.9784 -0.1767 -0.1075
vn 0.9840 -0.1579 -0.0828
vn 0.9836 -0.1671 -0.0676
vn 0.9889 -0.1352 -0.0612
vn 0.9903 -0.1340 -0.0378
vn 0.9926 -0.1123 -0.0465
vn 0.9952 -0.0945 -0.0270
vn 0.9966 -0.0787 -0.0237
vn 0.9970 -0.0757 0.0133
vn 0.9992 -0.0363 0.0162
vn 0.9978 -0.0234 0.0619
vn 0.9981 0.0096 0.0610
vn 0.9963 0.0201 0.0832
vn 0.9939 0.0424 0.1019
vn 0.9900 0.0167 0.1403
vn 0.9893 0.0678 0.1293
vn 0.9809 0.0871 0.1738
vn 0.9800 0.1073 0.1673
vn 0.9696 0.1406 0.2003
vn 0.9635 0.1405 0.2278
vn 0.9642 0.1451 0.2219
vn 0.9504 0.1836 0.2512
vn 0.9173 0.0062 0.3982
vn 0.9398 0.2051 0.2735
vn 0.9336 0.2218 0.2815
vn 0.9295 0.2458 0.2750
vn 0.9901 -0.0715 -0.1204
vn 0.9916 -0.1089 -0.0702
vn 0.9923 0.0720 0.1011
vn 0.9897 0.0704 0.1244
vn 0.9807 0.1147 0.1583
vn 0.9411 0.3319 0.0645
vn 0.9611 0.1633 0.2228
vn 0.9483 0.2008 0.2460
vn 0.9483 0.2010 0.2456
vn 0.9218 0.2339 0.3091
vn 0.9177 0.2446 0.3131
vn 0.9056 0.2577 0.3368
vn 0.9043 0.2553 0.3421
vn 0.8856 0.2875 0.3647
vn 0.8561 0.3219 0.4043
vn 0.8522 0.3139 0.4186
vn 0.8173 0.3474 0.4597
vn 0.8122 0.3663 0.4541
vn 0.7750 0.3633 0.5171
vn 0.7571 0.4097 0.5089
vn 0.7284 0.3908 0.5628
vn 0.7199 0.4078 0.5617
vn 0.7044 0.4234 0.5697
vn 0.7124 0.4329 0.5523
vn 0.6824 0.4273 0.5931
vn 0.6800 0.4240 0.5982
vn 0.6545 0.4531 0.6053
vn 0.6413 0.4456 0.6246
vn 0.6350 0.4589 0.6214
vn 0.8808 0.2800 0.3817
vn 0.9247 0.2129 0.3155
vn 0.8234 -0.3842 0.4176
vn 0.9760 -0.2134 0.0427
vn 0.8261 -0.5189 0.2196
vn 0.9769 -0.1855 -0.1058
vn 0.9364 -0.3291 -0.1218
vn 0.9505 -0.2742 -0.1464
vn 0.8769 -0.4720 -0.0907
vn 0.7858 -0.5966 -0.1631
vn -0.6334 0.4636 0.6196
vn -0.6423 0.4459 0.6235
vn -0.6545 0.4530 0.6053
vn -0.6802 0.4239 0.5980
vn -0.6822 0.4266 0.5939
vn -0.7045 0.4231 0.5698
vn -0.7125 0.4326 0.5524
vn -0.7198 0.4082 0.5615
vn -0.7285 0.3910 0.5624
vn -0.7571 0.4099 0.5088
vn -0.8123 0.3653 0.4546
vn -0.8170 0.3481 0.4598
vn -0.8515 0.3129 0.4207
vn -0.8565 0.3226 0.4030
vn -0.8799 0.2795 0.3842
vn -0.8858 0.2875 0.3642
vn -0.9036 0.2548 0.3444
vn -0.9056 0.2584 0.3363
vn -0.9245 0.2265 0.3065
vn -0.9298 0.2328 0.2850
vn -0.9177 0.2445 0.3130
vn -0.9483 0.2009 0.2456
vn -0.9400 0.2050 0.2729
vn -0.9261 0.0432 0.3749
vn -0.9498 0.1936 0.2458
vn -0.9616 0.1583 0.2244
vn -0.9636 0.1406 0.2275
vn -0.9713 0.1362 0.1948
vn -0.9747 0.1251 0.1853
vn -0.9805 0.1144 0.1599
vn -0.9892 0.0690 0.1295
vn -0.9896 0.0144 0.1428
vn -0.8542 -0.3428 0.3910
vn -0.9962 0.0214 0.0843
vn -0.9981 0.0097 0.0609
vn -0.9645 0.1960 0.1771
vn -0.9923 0.0712 0.1009
vn -0.9939 0.0419 0.1016
vn -0.9979 -0.0213 0.0619
vn -0.9992 -0.0360 0.0159
vn -0.9972 -0.0732 0.0137
vn -0.9967 -0.0781 -0.0242
vn -0.9952 -0.0946 -0.0270
vn -0.9926 -0.1124 -0.0466
vn -0.9907 -0.1298 -0.0396
vn -0.9892 -0.1330 -0.0619
vn -0.9836 -0.1673 -0.0675
vn -0.9840 -0.1580 -0.0827
vn -0.9794 -0.1736 -0.1031
vn -0.9777 -0.1493 -0.1477
vn -0.9735 -0.1905 -0.1267
vn -0.9713 -0.2020 -0.1258
vn -0.9622 -0.2486 -0.1115
vn -0.9626 -0.2439 -0.1182
vn -0.9598 -0.2370 -0.1507
vn -0.9608 -0.2305 -0.1539
vn -0.9650 -0.2230 -0.1380
vn -0.9666 -0.2128 -0.1426
vn -0.9916 -0.1090 -0.0701
vn -0.9901 -0.0714 -0.1205
vn -0.9507 -0.2729 -0.1472
vn -0.9507 -0.2737 -0.1457
vn -0.9462 -0.2776 -0.1664
vn -0.9327 -0.3243 -0.1578
vn -0.9327 -0.3237 -0.1591
vn -0.9192 -0.3505 -0.1797
vn -0.9070 -0.3885 -0.1623
vn -0.9020 -0.3929 -0.1791
vn -0.8917 -0.4145 -0.1821
vn -0.8864 -0.4211 -0.1921
vn -0.8799 -0.4370 -0.1864
vn -0.8576 -0.4751 -0.1972
vn -0.8514 -0.4899 -0.1875
vn -0.8242 -0.5270 -0.2074
vn -0.9274 -0.1919 -0.3212
vn -0.7958 -0.5786 -0.1787
vn -0.7935 -0.5694 -0.2149
vn -0.7784 -0.5933 -0.2051
vn -0.7673 -0.6052 -0.2120
vn -0.7546 -0.6238 -0.2038
vn -0.7509 -0.6233 -0.2181
vn -0.7375 -0.6447 -0.2010
vn -0.7355 -0.6449 -0.2075
vn -0.7356 -0.6522 -0.1830
vn -0.7862 -0.5961 -0.1629
vn -0.8391 -0.5289 -0.1273
vn -0.8783 -0.4687 -0.0941
vn -0.9762 -0.1928 -0.0992
vn -0.8405 -0.5020 0.2039
vn -0.9772 -0.2084 0.0412
vn -0.9826 0.0925 0.1608
vn -0.7473 -0.4183 0.5163
vn -0.7747 0.3640 0.5170
vn -0.6564 -0.7210 -0.2220
vn -0.6589 -0.7070 -0.2567
vn -0.6243 -0.7532 -0.2075
vn -0.6266 -0.7549 -0.1938
vn -0.4255 0.7050 0.5674
vn -0.4505 0.5288 0.7193
vn -0.4355 0.5099 0.7419
vn -0.4226 0.5304 0.7349
vn -0.3753 0.5526 0.7442
vn -0.3855 0.5204 0.7619
vn -0.3177 0.5620 0.7637
vn -0.3337 0.5055 0.7957
vn -0.2970 0.5364 0.7900
vn -0.2802 0.5734 0.7699
vn -0.2681 0.5014 0.8227
vn -0.2203 0.5518 0.8043
vn -0.2040 0.4926 0.8460
vn -0.1856 0.5205 0.8334
vn -0.1606 0.5423 0.8247
vn -0.1468 0.5015 0.8526
vn -0.0972 0.5346 0.8395
vn -0.0887 0.5034 0.8595
vn -0.0323 0.5265 0.8496
vn -0.0292 0.5113 0.8589
vn 0.0308 0.5154 0.8564
vn 0.0324 0.5231 0.8516
vn 0.0902 0.5061 0.8578
vn 0.0972 0.5326 0.8408
vn 0.1480 0.5036 0.8512
vn 0.1605 0.5413 0.8254
vn 0.2058 0.5038 0.8389
vn -0.2612 0.5367 0.8023
vn 0.2234 0.5468 0.8069
vn 0.2610 0.5094 0.8200
vn 0.2809 0.5492 0.7871
vn 0.3172 0.5207 0.7926
vn 0.3336 0.5534 0.7632
vn 0.3760 0.5280 0.7615
vn 0.3853 0.5472 0.7430
vn 0.4171 0.5333 0.7360
vn 0.4399 0.5348 0.7214
vn 0.4404 0.5328 0.7226
vn 0.4355 0.5136 0.7393
vn -0.2233 0.5249 0.8213
vn -0.0010 -0.7883 0.6152
vn -0.0007 -0.7884 0.6152
vn 0.0005 -0.7877 0.6160
vn 0.0015 -0.7876 0.6161
vn 0.0004 -0.7878 0.6159
vn -0.0000 -0.7880 0.6156
vn -0.0019 -0.7885 0.6150
vn 0.0012 -0.7876 0.6162
vn 0.0009 -0.7879 0.6158
vn 0.0017 -0.7876 0.6161
vn 0.0007 -0.7876 0.6162
vn 0.0039 -0.7872 0.6167
vn 0.0010 -0.7878 0.6160
vn -0.0016 -0.7884 0.6151
vn -0.0019 -0.7885 0.6151
vn -0.0024 -0.7884 0.6151
vn -0.0014 -0.7884 0.6151
vn -0.0035 -0.7885 0.6150
vn 0.0005 -0.7879 0.6159
vn 0.0006 -0.7879 0.6158
vn -0.0000 -0.7876 0.6161
vn -0.0009 -0.7881 0.6155
vn -0.0006 -0.7880 0.6157
vn 0.0041 -0.7878 0.6159
vn -0.0067 -0.7886 0.6149
vn 0.0184 -0.7856 0.6185
vn -0.0000 -0.7882 0.6154
vn -0.0006 -0.7881 0.6156
vn -0.0033 -0.7883 0.6153
vn -0.0039 -0.7880 0.6157
vn 0.0050 -0.7880 0.6157
vn 0.0036 -0.7881 0.6155
vn -0.0010 -0.7879 0.6159
vn -0.0012 -0.7879 0.6157
vn -0.0039 -0.7877 0.6161
vn -0.0041 -0.7877 0.6160
vn -0.0135 -0.7863 0.6177
vn -0.0093 -0.7865 0.6175
vn -0.0022 -0.7876 0.6162
vn -0.0017 -0.7877 0.6161
vn -0.0012 -0.7876 0.6161
vn 0.0006 -0.7878 0.6160
vn 0.0006 -0.7884 0.6152
vn -0.0008 -0.7878 0.6159
vn -0.0020 -0.7874 0.6164
vn -0.0062 -0.7862 0.6179
vn -0.0034 -0.7862 0.6180
vn -0.0023 -0.7871 0.6168
vn -0.0034 -0.7868 0.6172
vn 0.0004 -0.7880 0.6157
vn -0.0000 -0.7882 0.6155
vn -0.0009 -0.7875 0.6163
vn -0.0004 -0.7874 0.6164
vn -0.0000 -0.7881 0.6156
vn -0.0004 -0.7878 0.6159
vn -0.0013 -0.7878 0.6159
vn 0.0029 -0.7898 0.6134
vn 0.0030 -0.7900 0.6130
vn -0.0044 -0.7854 0.6190
vn -0.0020 -0.7850 0.6195
vn -0.0017 -0.7867 0.6173
vn -0.0014 -0.7866 0.6174
vn -0.0000 -0.7876 0.6162
vn -0.0003 -0.7875 0.6164
vn -0.0003 -0.7875 0.6163
vn -0.0002 -0.7877 0.6161
vn 0.0002 -0.7879 0.6158
vn -0.0006 -0.7872 0.6167
vn -0.0011 -0.7856 0.6188
vn -0.0006 -0.7864 0.6177
vn -0.0001 -0.7883 0.6152
vn 0.0005 -0.7891 0.6142
vn 0.0004 -0.7893 0.6140
vn -0.0000 -0.7886 0.6149
vn -0.0000 -0.7877 0.6161
vn -0.0000 -0.7878 0.6160
vn -0.0000 -0.7887 0.6147
vn -0.0001 -0.7888 0.6147
vn -0.0001 -0.7890 0.6144
vn 0.0001 -0.7889 0.6145
vn -0.0000 -0.7887 0.6148
vn -0.0003 -0.7893 0.6140
vn -0.0002 -0.7884 0.6151
vn -0.0001 -0.7881 0.6156
vn 0.0004 -0.7869 0.6171
vn 0.0006 -0.7874 0.6165
vn -0.0005 -0.7887 0.6148
vn -0.0007 -0.7888 0.6146
vn -0.0003 -0.7885 0.6150
vn 0.0009 -0.7874 0.6164
vn 0.0016 -0.7866 0.6174
vn 0.0004 -0.7867 0.6174
vn 0.0012 -0.7859 0.6184
vn 0.0018 -0.7861 0.6181
vn 0.0004 -0.7881 0.6156
vn -0.0023 -0.7893 0.6140
vn -0.0000 -0.7877 0.6160
vn 0.0027 -0.7871 0.6169
vn 0.0013 -0.7874 0.6165
vn 0.0014 -0.7875 0.6163
vn -0.0020 -0.7889 0.6145
vn -0.0004 -0.7881 0.6156
vn 0.0015 -0.7877 0.6160
vn 0.0025 -0.7874 0.6165
vn -0.0036 -0.7891 0.6142
vn -0.0029 -0.7890 0.6143
vn -0.0000 -0.7879 0.6158
vn 0.0009 -0.7880 0.6157
vn 0.0008 -0.7877 0.6160
vn -0.0016 -0.7885 0.6150
vn -0.0041 -0.7890 0.6144
vn 0.0008 -0.7880 0.6157
vn 0.0017 -0.7878 0.6160
vn -0.0012 -0.7882 0.6154
vn -0.0024 -0.7882 0.6154
vn -0.0041 -0.7884 0.6152
vn -0.0039 -0.7883 0.6152
vn -0.0006 -0.7880 0.6156
vn -0.0014 -0.7880 0.6157
vn -0.0036 -0.7881 0.6155
vn -0.0045 -0.7879 0.6157
vn 0.0026 -0.7880 0.6157
vn 0.0020 -0.7883 0.6153
vn -0.0012 -0.7879 0.6158
vn -0.0021 -0.7879 0.6159
vn -0.0034 -0.7873 0.6165
vn 0.0051 -0.7885 0.6150
vn -0.0057 -0.7877 0.6161
vn -0.0006 -0.7879 0.6158
vn 0.0015 -0.7882 0.6154
vn 0.0014 -0.7880 0.6157
vn -0.0011 -0.7879 0.6158
vn -0.0020 -0.7876 0.6162
vn 0.0001 -0.7880 0.6156
vn -0.0004 -0.7879 0.6158
vn -0.0015 -0.7877 0.6161
vn 0.0019 -0.7884 0.6152
vn 0.0016 -0.7883 0.6152
vn -0.0054 -0.7868 0.6171
vn -0.0011 -0.7876 0.6161
vn -0.0004 -0.7876 0.6161
vn -0.0018 -0.7874 0.6164
vn 0.0020 -0.7885 0.6150
vn -0.0033 -0.7875 0.6163
vn 0.0003 -0.7880 0.6156
vn -0.0000 -0.7880 0.6157
vn 0.0005 -0.7881 0.6155
vn -0.0000 -0.7881 0.6155
vn -0.0003 -0.7877 0.6160
vn -0.0007 -0.7877 0.6160
vn 0.6987 -0.6841 -0.2094
vn 0.5954 0.4753 0.6477
vn 0.5724 0.4919 0.6560
vn 0.5038 0.5136 0.6945
vn 0.5055 0.5124 0.6941
vn -0.5067 0.5115 0.6940
vn -0.5950 0.4800 0.6447
vn -0.5744 0.4824 0.6614
vn -0.5036 0.5118 0.6961
vn -0.6986 -0.6841 -0.2095
vn -0.6601 -0.7424 -0.1148
vn -0.5972 -0.7994 -0.0656
vn -0.4813 -0.8638 0.1489
vn -0.3507 -0.9047 0.2418
vn -0.1608 -0.8424 0.5143
vn -0.3433 -0.8799 0.3284
vn -0.4937 -0.8374 0.2344
vn -0.7878 -0.5106 -0.3444
vn -0.6665 -0.7431 -0.0601
vn -0.5470 -0.8279 0.1243
vn -0.4506 -0.8606 0.2372
vn -0.3470 -0.8703 0.3495
vn -0.1641 -0.8483 0.5035
vn -0.0898 -0.8240 0.5595
vn -0.0806 -0.8157 0.5728
vn -0.1262 -0.8300 0.5433
vn -0.1224 -0.8332 0.5392
vn -0.3531 -0.8654 0.3556
vn -0.0890 -0.8120 0.5768
vn -0.1367 -0.8234 0.5507
vn -0.1331 -0.8267 0.5467
vn -0.3884 -0.8442 0.3694
vn -0.3774 -0.8550 0.3556
vn -0.5809 -0.8012 0.1435
vn -0.5647 -0.8159 0.1242
vn -0.7149 -0.6902 -0.1119
vn -0.1050 -0.8095 0.5776
vn -0.1496 -0.8175 0.5561
vn -0.1466 -0.8211 0.5516
vn -0.4236 -0.8210 0.3827
vn -0.4139 -0.8325 0.3684
vn -0.6358 -0.7558 0.1567
vn -0.6222 -0.7707 0.1376
vn -0.7825 -0.6135 -0.1064
vn -0.8334 -0.1952 -0.5171
vn -0.1234 -0.8079 0.5763
vn -0.1593 -0.8119 0.5616
vn -0.1560 -0.8148 0.5584
vn -0.4578 -0.7969 0.3941
vn -0.4509 -0.8066 0.3822
vn -0.6883 -0.7048 0.1715
vn -0.6763 -0.7210 0.1508
vn -0.8371 -0.5394 -0.0911
vn -0.8721 -0.1130 -0.4761
vn -0.1346 -0.8050 0.5778
vn -0.1650 -0.8077 0.5661
vn -0.1645 -0.8098 0.5631
vn -0.4767 -0.7795 0.4063
vn -0.4725 -0.7865 0.3978
vn -0.7267 -0.6620 0.1834
vn -0.7187 -0.6747 0.1679
vn -0.8773 -0.4750 -0.0682
vn -0.9196 -0.1603 -0.3587
vn -0.1304 -0.8010 0.5842
vn -0.1712 -0.8033 0.5704
vn -0.1706 -0.8058 0.5671
vn -0.4926 -0.7640 0.4166
vn -0.4902 -0.7698 0.4089
vn -0.7528 -0.6288 0.1949
vn -0.7478 -0.6386 0.1818
vn -0.9066 -0.4178 -0.0595
vn -0.9445 -0.2138 -0.2494
vn -0.2096 -0.7980 0.5651
vn -0.1182 -0.7954 0.5945
vn -0.1766 -0.7930 0.5831
vn -0.1780 -0.7863 0.5917
vn -0.1757 -0.7865 0.5920
vn -0.1777 -0.7796 0.6006
vn -0.1846 -0.7786 0.5998
vn -0.1840 -0.7706 0.6102
vn -0.1808 -0.7712 0.6104
vn -0.1797 -0.7626 0.6214
vn -0.1769 -0.7538 0.6328
vn -0.1787 -0.7534 0.6328
vn -0.1758 -0.7453 0.6431
vn -0.1772 -0.7446 0.6436
vn -0.1750 -0.7372 0.6526
vn -0.1731 -0.7376 0.6526
vn -0.1699 -0.7315 0.6603
vn -0.1719 -0.7302 0.6612
vn -0.1696 -0.7248 0.6678
vn -0.1664 -0.7258 0.6674
vn -0.1623 -0.7205 0.6742
vn -0.1626 -0.7206 0.6740
vn -0.1573 -0.7151 0.6811
vn -0.1597 -0.7138 0.6818
vn -0.1525 -0.7079 0.6896
vn -0.1545 -0.7070 0.6901
vn -0.1455 -0.7007 0.6985
vn -0.1427 -0.7033 0.6965
vn -0.1345 -0.6972 0.7041
vn -0.3977 -0.4308 0.8101
vn -0.3968 -0.4322 0.8098
vn -0.6034 -0.0947 0.7918
vn -0.6034 -0.0935 0.7920
vn -0.7131 0.2450 0.6569
vn -0.7135 0.2502 0.6545
vn -0.6658 0.2768 0.6929
vn -0.6163 0.0987 0.7813
vn -0.6391 0.3870 0.6646
vn -0.6096 0.2427 0.7546
vn -0.5306 -0.0496 0.8462
vn -0.4407 -0.2301 0.8676
vn -0.3470 -0.4086 0.8442
vn -0.1632 -0.6347 0.7554
vn -0.1086 -0.6965 0.7093
vn -0.1623 -0.6554 0.7376
vn -0.1242 -0.6926 0.7105
vn -0.1324 -0.6980 0.7037
vn -0.7595 0.2224 0.6113
vn -0.7572 0.2086 0.6189
vn -0.6410 -0.1217 0.7578
vn -0.6436 -0.1174 0.7563
vn -0.4228 -0.4485 0.7875
vn -0.4210 -0.4506 0.7872
vn -0.8004 0.1879 0.5693
vn -0.7995 0.1842 0.5718
vn -0.8347 0.1609 0.5266
vn -0.8340 0.1554 0.5294
vn -0.8646 0.1399 0.4825
vn -0.8618 0.1244 0.4918
vn -0.8888 0.1155 0.4436
vn -0.8865 0.1030 0.4512
vn -0.9053 0.0702 0.4190
vn -0.9054 0.0714 0.4186
vn -0.9273 0.0491 0.3712
vn -0.9242 0.0339 0.3805
vn -0.9480 0.0190 0.3177
vn -0.9391 -0.0216 0.3430
vn -0.9651 -0.0242 0.2607
vn -0.9523 -0.0767 0.2954
vn -0.9725 -0.0936 0.2133
vn -0.9634 -0.1270 0.2360
vn -0.9753 -0.1504 0.1620
vn -0.9635 -0.1894 0.1893
vn -0.9753 -0.1927 0.1083
vn -0.9595 -0.2420 0.1441
vn -0.9714 -0.2302 0.0590
vn -0.9541 -0.2828 0.0987
vn -0.9552 -0.2943 0.0319
vn -0.9665 0.0453 -0.2525
vn -0.8830 -0.4562 0.1103
vn -0.9690 -0.1150 -0.2184
vn -0.9243 -0.3815 -0.0089
vn -0.9242 -0.3796 -0.0417
vn -0.9574 -0.2056 -0.2026
vn -0.9089 -0.4157 -0.0335
vn -0.8825 -0.4687 -0.0393
vn -0.7341 -0.6741 -0.0819
vn -0.7919 -0.6071 -0.0657
vn -0.6170 -0.7739 0.1429
vn -0.6000 -0.7908 0.1210
vn -0.8470 -0.5288 -0.0541
vn -0.6643 -0.7295 0.1628
vn -0.6503 -0.7466 0.1405
vn -0.7072 -0.6836 0.1802
vn -0.6976 -0.6980 0.1618
vn -0.7386 -0.6466 0.1906
vn -0.7328 -0.6571 0.1770
vn -0.7561 -0.6259 0.1913
vn -0.7605 -0.6168 0.2032
vn -0.7637 -0.6137 0.2004
vn -0.7686 -0.6024 0.2151
vn -0.7760 -0.5954 0.2081
vn -0.7833 -0.5767 0.2323
vn -0.7855 -0.5745 0.2300
vn -0.7936 -0.5483 0.2637
vn -0.8002 -0.5416 0.2577
vn -0.8063 -0.5118 0.2966
vn -0.8071 -0.5109 0.2959
vn -0.8108 -0.4792 0.3363
vn -0.8144 -0.4750 0.3332
vn -0.8146 -0.4397 0.3783
vn -0.8206 -0.4325 0.3736
vn -0.8159 -0.3936 0.4236
vn -0.8152 -0.3943 0.4241
vn -0.8055 -0.3540 0.4752
vn -0.8119 -0.3451 0.4708
vn -0.7977 -0.3083 0.5183
vn -0.8000 -0.3050 0.5167
vn -0.7835 -0.2729 0.5582
vn -0.7874 -0.2669 0.5556
vn -0.7705 -0.2395 0.5907
vn -0.7706 -0.2392 0.5907
vn -0.7537 -0.2156 0.6208
vn -0.7525 -0.2177 0.6216
vn -0.7328 -0.1936 0.6523
vn -0.7320 -0.1956 0.6526
vn -0.7080 -0.1701 0.6854
vn -0.7077 -0.1705 0.6856
vn -0.6790 -0.1436 0.7200
vn -0.6781 -0.1456 0.7204
vn -0.5584 -0.0642 0.8271
vn -0.5577 -0.0654 0.8274
vn -0.5556 -0.8205 0.1344
vn -0.3534 -0.8657 0.3545
vn -0.3652 -0.8558 0.3663
vn -0.4056 -0.8337 0.3747
vn -0.3967 -0.8432 0.3628
vn -0.4383 -0.8095 0.3906
vn -0.4310 -0.8196 0.3775
vn -0.4650 -0.7885 0.4026
vn -0.4597 -0.7966 0.3926
vn -0.4834 -0.7721 0.4126
vn -0.4806 -0.7783 0.4040
vn -0.4974 -0.7623 0.4141
vn -0.5000 -0.7553 0.4238
vn -0.5031 -0.7541 0.4222
vn -0.5073 -0.7421 0.4382
vn -0.5121 -0.7401 0.4358
vn -0.5166 -0.7234 0.4580
vn -0.5191 -0.7224 0.4569
vn -0.5235 -0.7026 0.4820
vn -0.5276 -0.7007 0.4803
vn -0.5292 -0.6805 0.5068
vn -0.5328 -0.6787 0.5055
vn -0.5330 -0.6555 0.5350
vn -0.5347 -0.6545 0.5345
vn -0.5314 -0.6292 0.5673
vn -0.5371 -0.6258 0.5656
vn -0.5300 -0.5996 0.5996
vn -0.5300 -0.5996 0.5997
vn -0.5211 -0.5752 0.6306
vn -0.5258 -0.5717 0.6298
vn -0.5156 -0.5503 0.6567
vn -0.5152 -0.5503 0.6570
vn -0.5049 -0.5319 0.6799
vn -0.5027 -0.5337 0.6801
vn -0.4923 -0.5181 0.6995
vn -0.4937 -0.5163 0.6998
vn -0.4813 -0.5005 0.7197
vn -0.4785 -0.5028 0.7199
vn -0.4630 -0.4863 0.7411
vn -0.4620 -0.4872 0.7411
vn -0.4428 -0.4696 0.7638
vn -0.4440 -0.4689 0.7636
vn -0.3631 -0.4177 0.8329
vn -0.3664 -0.4137 0.8334
vn -0.6743 -0.6618 -0.3276
vn -0.5715 -0.8143 -0.1013
vn -0.4509 -0.8847 0.1181
vn -0.4592 -0.8794 0.1255
vn -0.3789 -0.8927 0.2440
vn -0.2715 -0.8916 0.3623
vn -0.1211 -0.8482 0.5156
vn -0.1145 -0.8454 0.5217
vn -0.3479 -0.9032 0.2514
vn -0.5852 -0.8073 -0.0760
vn -0.5811 0.2983 0.7572
vn -0.5888 0.2522 0.7679
vn -0.4726 -0.0224 0.8810
vn -0.4401 -0.2301 0.8680
vn -0.3027 -0.3882 0.8704
vn -0.1540 -0.6766 0.7201
vn -0.0846 -0.6391 0.7644
vn -0.2913 -0.3839 0.8762
vn -0.3240 -0.1859 0.9276
vn -0.4388 -0.0084 0.8986
vn -0.4648 0.2932 0.8354
vn -0.4928 0.3392 0.8013
vn 0.3489 -0.9054 0.2417
vn 0.4803 -0.8647 0.1471
vn 0.5960 -0.8002 -0.0670
vn 0.6611 -0.7410 -0.1176
vn 0.4992 -0.8346 0.2328
vn 0.3427 -0.8796 0.3301
vn 0.1605 -0.8420 0.5151
vn -0.4261 0.3787 0.8216
vn -0.4207 0.3076 0.8535
vn -0.3570 0.0068 0.9341
vn -0.3068 -0.1803 0.9345
vn -0.2331 -0.3658 0.9010
vn -0.1127 -0.6230 0.7740
vn -0.0792 -0.6749 0.7336
vn -0.0678 -0.6719 0.7375
vn -0.0681 -0.6721 0.7373
vn -0.0575 -0.6698 0.7403
vn -0.0558 -0.6731 0.7374
vn -0.0463 -0.6714 0.7397
vn -0.0456 -0.6729 0.7383
vn -0.0361 -0.6715 0.7401
vn -0.0371 -0.6668 0.7443
vn -0.0267 -0.6656 0.7458
vn -0.0263 -0.6679 0.7438
vn -0.0161 -0.6671 0.7448
vn -0.0159 -0.6694 0.7427
vn -0.0053 -0.6690 0.7432
vn -0.0053 -0.6657 0.7462
vn 0.0053 -0.6658 0.7461
vn 0.0053 -0.6660 0.7460
vn 0.0160 -0.6664 0.7455
vn 0.0154 -0.6699 0.7423
vn 0.0256 -0.6706 0.7414
vn 0.0269 -0.6659 0.7455
vn 0.0370 -0.6670 0.7441
vn 0.0367 -0.6687 0.7426
vn 0.0468 -0.6702 0.7407
vn 0.0459 -0.6717 0.7394
vn 0.0557 -0.6734 0.7371
vn 0.0587 -0.6672 0.7426
vn 0.0694 -0.6695 0.7396
vn 0.0693 -0.6696 0.7395
vn 0.0806 -0.6727 0.7355
vn 0.1125 -0.6230 0.7741
vn 0.2324 -0.3675 0.9005
vn 0.3068 -0.1803 0.9345
vn 0.3558 0.0024 0.9346
vn 0.4213 0.3102 0.8522
vn 0.4254 0.3632 0.8289
vn 0.3673 0.3835 0.8473
vn 0.3654 0.3653 0.8562
vn 0.3082 0.0154 0.9512
vn 0.3070 0.0100 0.9517
vn 0.2017 -0.3593 0.9112
vn 0.1995 -0.3656 0.9091
vn 0.3102 0.3857 0.8689
vn 0.3074 0.3650 0.8788
vn 0.2596 0.0209 0.9655
vn 0.2573 0.0098 0.9663
vn 0.1682 -0.3588 0.9181
vn 0.1683 -0.3604 0.9175
vn 0.2548 0.3845 0.8873
vn 0.2517 0.3603 0.8982
vn 0.2121 0.0184 0.9771
vn 0.2111 0.0112 0.9774
vn 0.1386 -0.3550 0.9245
vn 0.1372 -0.3597 0.9229
vn 0.2006 0.3792 0.9033
vn 0.1980 0.3563 0.9132
vn 0.1668 0.0179 0.9858
vn 0.1642 0.0032 0.9864
vn 0.1083 -0.3554 0.9284
vn 0.1067 -0.3633 0.9255
vn 0.1442 0.3806 0.9134
vn 0.1425 0.3612 0.9215
vn 0.1185 0.0082 0.9929
vn 0.1181 0.0026 0.9930
vn 0.0769 -0.3600 0.9298
vn 0.0768 -0.3615 0.9292
vn 0.0880 0.3890 0.9170
vn 0.0854 0.3510 0.9325
vn 0.0712 0.0059 0.9974
vn 0.0709 0.0031 0.9975
vn 0.0462 -0.3591 0.9321
vn 0.0459 -0.3630 0.9306
vn 0.0300 0.3756 0.9263
vn 0.0284 0.3456 0.9380
vn 0.0236 0.0049 0.9997
vn 0.0237 0.0051 0.9997
vn 0.0154 -0.3618 0.9321
vn 0.0151 -0.3655 0.9307
vn -0.0283 0.3688 0.9291
vn -0.0288 0.3526 0.9353
vn -0.0238 0.0051 0.9997
vn -0.0239 0.0042 0.9997
vn -0.0154 -0.3655 0.9307
vn -0.0153 -0.3618 0.9321
vn -0.0862 0.3737 0.9235
vn -0.0864 0.3643 0.9272
vn -0.0714 0.0024 0.9974
vn -0.0715 0.0106 0.9974
vn -0.0462 -0.3628 0.9307
vn -0.0461 -0.3633 0.9305
vn -0.1430 0.3833 0.9125
vn -0.1431 0.3624 0.9210
vn -0.1188 0.0070 0.9929
vn -0.1191 0.0088 0.9928
vn -0.0765 -0.3655 0.9276
vn -0.0773 -0.3588 0.9302
vn -0.1992 0.3810 0.9029
vn -0.1987 0.3621 0.9107
vn -0.1652 0.0037 0.9863
vn -0.1659 0.0130 0.9861
vn -0.1076 -0.3622 0.9259
vn -0.1083 -0.3554 0.9284
vn -0.2536 0.3747 0.8918
vn -0.2537 0.3788 0.8900
vn -0.2107 0.0063 0.9775
vn -0.2121 0.0184 0.9771
vn -0.1376 -0.3597 0.9228
vn -0.1383 -0.3555 0.9244
vn -0.3091 0.3797 0.8720
vn -0.3095 0.3891 0.8676
vn -0.2578 0.0097 0.9662
vn -0.2596 0.0217 0.9655
vn -0.1680 -0.3610 0.9173
vn -0.1688 -0.3584 0.9182
vn -0.3667 0.3785 0.8499
vn -0.3668 0.3838 0.8474
vn -0.3076 0.0105 0.9515
vn -0.3094 0.0200 0.9507
vn -0.1996 -0.3654 0.9092
vn -0.2023 -0.3576 0.9117
vn 0.0913 -0.8245 0.5585
vn 0.1642 -0.8488 0.5025
vn 0.3401 -0.8712 0.3540
vn 0.4488 -0.8616 0.2373
vn 0.5424 -0.8304 0.1275
vn 0.6664 -0.7428 -0.0646
vn 0.7864 -0.5190 -0.3351
vn 0.8238 -0.1472 -0.5474
vn 0.7299 -0.6782 -0.0860
vn 0.7106 -0.6945 -0.1128
vn 0.5512 -0.8232 0.1364
vn 0.8684 -0.0990 -0.4858
vn 0.7973 -0.5987 -0.0763
vn 0.7774 -0.6197 -0.1080
vn 0.6059 -0.7813 0.1499
vn 0.5887 -0.7982 0.1276
vn 0.3665 -0.8575 0.3611
vn 0.3557 -0.8670 0.3491
vn 0.1192 -0.8330 0.5404
vn 0.9178 -0.1458 -0.3693
vn 0.8494 -0.5244 -0.0586
vn 0.8346 -0.5442 -0.0855
vn 0.6653 -0.7284 0.1636
vn 0.6499 -0.7470 0.1401
vn 0.4041 -0.8336 0.3766
vn 0.3931 -0.8456 0.3613
vn 0.1329 -0.8274 0.5457
vn 0.0777 -0.8150 0.5742
vn 0.9436 -0.2347 -0.2334
vn 0.8886 -0.4564 -0.0461
vn 0.8783 -0.4730 -0.0695
vn 0.7081 -0.6827 0.1804
vn 0.6970 -0.6987 0.1610
vn 0.4412 -0.8085 0.3895
vn 0.4322 -0.8196 0.3761
vn 0.1492 -0.8212 0.5507
vn 0.0880 -0.8118 0.5773
vn 0.8702 -0.4920 0.0285
vn 0.9560 -0.2282 -0.1844
vn 0.9229 -0.3828 -0.0427
vn 0.9286 -0.3706 -0.0190
vn 0.7687 -0.6023 0.2151
vn 0.7730 -0.5985 0.2104
vn 0.5005 -0.7550 0.4237
vn 0.5050 -0.7536 0.4208
vn 0.1715 -0.8033 0.5703
vn 0.1307 -0.8012 0.5840
vn 0.2110 -0.7980 0.5645
vn 0.1200 -0.7954 0.5941
vn 0.1816 -0.7927 0.5820
vn 0.1817 -0.7861 0.5908
vn 0.1803 -0.7862 0.5911
vn 0.1812 -0.7790 0.6002
vn 0.5336 -0.6784 0.5051
vn 0.5331 -0.6550 0.5355
vn 0.8203 -0.4327 0.3741
vn 0.8159 -0.3935 0.4237
vn 0.9693 -0.1069 0.2214
vn 0.9598 -0.0499 0.2764
vn 0.9688 -0.1175 -0.2183
vn 0.8827 -0.4568 0.1102
vn 0.7806 -0.5792 0.2347
vn 0.7857 -0.5745 0.2293
vn 0.5099 -0.7411 0.4367
vn 0.5115 -0.7406 0.4357
vn 0.9640 0.0545 -0.2602
vn 0.9568 -0.2894 0.0272
vn 0.7941 -0.5477 0.2633
vn 0.7990 -0.5431 0.2582
vn 0.5177 -0.7230 0.4575
vn 0.5149 -0.7241 0.4588
vn 0.9612 -0.2634 0.0823
vn 0.9677 -0.2431 0.0670
vn 0.9700 -0.2117 0.1199
vn 0.9744 -0.1968 0.1091
vn 0.9742 -0.1550 0.1641
vn 0.9738 -0.1565 0.1651
vn 0.9691 -0.1077 0.2221
vn 0.9591 -0.0522 0.2783
vn 0.9452 0.0019 0.3266
vn 0.9424 -0.0085 0.3345
vn 0.9277 0.0472 0.3702
vn 0.9242 0.0340 0.3804
vn 0.9089 0.0842 0.4084
vn 0.9051 0.0697 0.4195
vn 0.8908 0.1211 0.4380
vn 0.8817 0.0840 0.4643
vn 0.8635 0.1300 0.4873
vn 0.8559 0.1002 0.5073
vn 0.8333 0.1505 0.5319
vn 0.8288 0.1326 0.5436
vn 0.8012 0.1913 0.5670
vn 0.7963 0.1710 0.5803
vn 0.7614 0.2313 0.6056
vn 0.7571 0.2128 0.6177
vn 0.7153 0.2609 0.6483
vn 0.7118 0.2453 0.6581
vn 0.6661 0.2810 0.6909
vn 0.6650 0.2773 0.6934
vn 0.6276 0.3002 0.7183
vn 0.6169 0.2483 0.7469
vn 0.5325 -0.0544 0.8447
vn 0.4465 -0.2311 0.8645
vn 0.3500 -0.4071 0.8437
vn 0.1636 -0.6386 0.7519
vn 0.1194 -0.6862 0.7176
vn 0.1273 -0.6900 0.7125
vn 0.1263 -0.6903 0.7124
vn 0.3687 -0.4173 0.8306
vn 0.3677 -0.4190 0.8302
vn 0.5624 -0.0704 0.8239
vn 0.5646 -0.0651 0.8228
vn 0.1349 -0.6959 0.7054
vn 0.1368 -0.6947 0.7062
vn 0.3938 -0.4350 0.8098
vn 0.3926 -0.4367 0.8094
vn 0.6041 -0.0897 0.7918
vn 0.6046 -0.0904 0.7914
vn 0.1453 -0.7008 0.6984
vn 0.1399 -0.7045 0.6957
vn 0.4174 -0.4541 0.7871
vn 0.4220 -0.4486 0.7878
vn 0.6425 -0.1175 0.7572
vn 0.6429 -0.1170 0.7570
vn 0.1480 -0.7108 0.6876
vn 0.1514 -0.7085 0.6892
vn 0.1579 -0.7147 0.6813
vn 0.1608 -0.7126 0.6829
vn 0.1671 -0.7183 0.6754
vn 0.1655 -0.7187 0.6753
vn 0.1713 -0.7240 0.6681
vn 0.1718 -0.7235 0.6686
vn 0.1767 -0.7288 0.6615
vn 0.1704 -0.7311 0.6607
vn 0.1747 -0.7373 0.6526
vn 0.1748 -0.7371 0.6528
vn 0.1785 -0.7442 0.6437
vn 0.1828 -0.7429 0.6439
vn 0.1856 -0.7514 0.6332
vn 0.1815 -0.7524 0.6331
vn 0.1828 -0.7619 0.6214
vn 0.1838 -0.7617 0.6212
vn 0.1846 -0.7704 0.6102
vn 0.1838 -0.7706 0.6103
vn 0.1836 -0.7788 0.5998
vn 0.1698 -0.8062 0.5668
vn 0.1376 -0.8051 0.5769
vn 0.1898 -0.8098 0.5552
vn 0.1299 -0.8084 0.5741
vn 0.1546 -0.8112 0.5640
vn 0.1531 -0.8143 0.5599
vn 0.4631 -0.7959 0.3900
vn 0.4536 -0.7978 0.3972
vn 0.7169 -0.6761 0.1700
vn 0.1069 -0.8098 0.5768
vn 0.1516 -0.8177 0.5552
vn 0.4471 -0.8075 0.3847
vn 0.1230 -0.8297 0.5444
vn 0.1351 -0.8236 0.5508
vn 0.3831 -0.8465 0.3697
vn 0.3728 -0.8570 0.3556
vn 0.4237 -0.8208 0.3832
vn 0.4138 -0.8326 0.3682
vn 0.4763 -0.7844 0.3973
vn 0.4693 -0.7861 0.4022
vn 0.7361 -0.6533 0.1769
vn 0.7259 -0.6614 0.1888
vn 0.4968 -0.7634 0.4127
vn 0.4863 -0.7740 0.4054
vn 0.4818 -0.7750 0.4089
vn 0.7538 -0.6307 0.1845
vn 0.7439 -0.6391 0.1954
vn 0.5273 -0.7011 0.4800
vn 0.5194 -0.7043 0.4839
vn 0.8058 -0.5123 0.2971
vn 0.8059 -0.5121 0.2970
vn 0.5351 -0.6541 0.5346
vn 0.5318 -0.6288 0.5673
vn 0.5372 -0.6259 0.5655
vn 0.5304 -0.5992 0.5997
vn 0.5277 -0.6008 0.6004
vn 0.5190 -0.5765 0.6311
vn 0.5265 -0.5712 0.6297
vn 0.5161 -0.5497 0.6569
vn 0.5182 -0.5483 0.6563
vn 0.5067 -0.5303 0.6798
vn 0.5045 -0.5320 0.6800
vn 0.4932 -0.5165 0.7000
vn 0.4948 -0.5154 0.6997
vn 0.4814 -0.4999 0.7200
vn 0.4799 -0.5015 0.7198
vn 0.4640 -0.4852 0.7412
vn 0.4635 -0.4856 0.7412
vn 0.4448 -0.4677 0.7639
vn 0.4449 -0.4672 0.7641
vn 0.3469 -0.8665 0.3590
vn 0.5588 -0.8199 0.1247
vn 0.5760 -0.8047 0.1436
vn 0.6368 -0.7548 0.1574
vn 0.6186 -0.7743 0.1332
vn 0.6881 -0.7047 0.1727
vn 0.6757 -0.7215 0.1512
vn 0.7625 -0.6158 0.1985
vn 0.4919 -0.7648 0.4160
vn 0.7603 -0.6176 0.2014
vn 0.5292 -0.6804 0.5070
vn 0.8141 -0.4756 0.3334
vn 0.8145 -0.4390 0.3794
vn 0.8096 -0.4801 0.3377
vn 0.8177 -0.3913 0.4222
vn 0.8074 -0.3506 0.4745
vn 0.8120 -0.3452 0.4707
vn 0.7978 -0.3078 0.5184
vn 0.7997 -0.3049 0.5172
vn 0.7841 -0.2723 0.5577
vn 0.7869 -0.2682 0.5558
vn 0.7700 -0.2406 0.5910
vn 0.7690 -0.2422 0.5916
vn 0.7513 -0.2186 0.6227
vn 0.7526 -0.2172 0.6217
vn 0.7329 -0.1933 0.6524
vn 0.7333 -0.1924 0.6521
vn 0.7097 -0.1671 0.6844
vn 0.7078 -0.1704 0.6855
vn 0.6787 -0.1433 0.7203
vn 0.6775 -0.1453 0.7210
vn 0.4878 0.3336 0.8067
vn 0.4638 0.2960 0.8350
vn 0.4365 -0.0124 0.8996
vn 0.3243 -0.1860 0.9275
vn 0.2922 -0.3828 0.8764
vn 0.0856 -0.6391 0.7643
vn 0.1557 -0.6742 0.7220
vn 0.3024 -0.3869 0.8711
vn 0.4406 -0.2281 0.8682
vn 0.4728 -0.0267 0.8808
vn 0.5869 0.2421 0.7726
vn 0.5614 0.3266 0.7604
s 0
f 1//1 2//1 3//1
f 3//2 2//2 4//2
f 3//1 4//1 5//1
f 5//2 4//2 6//2
f 6//2 4//2 7//2
f 7//3 4//3 8//3
f 7//4 8//4 9//4
f 9//2 8//2 10//2
f 10//2 8//2 11//2
f 10//1 11//1 12//1
f 12//2 11//2 13//2
f 12//5 13//5 14//5
f 14//6 13//6 15//6
f 14//2 15//2 16//2
f 16//2 15//2 17//2
f 16//7 17//7 18//7
f 18//7 17//7 19//7
f 18//6 19//6 20//6
f 20//2 19//2 21//2
f 21//2 19//2 22//2
f 21//2 22//2 23//2
f 23//2 22//2 24//2
f 23//2 24//2 25//2
f 25//2 24//2 26//2
f 25//2 26//2 27//2
f 27//2 26//2 28//2
f 27//2 28//2 29//2
f 29//2 28//2 30//2
f 29//6 30//6 31//6
f 31//2 30//2 32//2
f 32//2 30//2 33//2
f 32//6 33//6 34//6
f 34//1 33//1 35//1
f 35//2 33//2 36//2
f 36//2 33//2 37//2
f 36//6 37//6 38//6
f 38//2 37//2 39//2
f 38//2 39//2 40//2
f 40//8 39//8 41//8
f 41//9 39//9 42//9
f 41//1 42//1 43//1
f 43//1 42//1 44//1
f 43//6 44//6 45//6
f 45//2 44//2 46//2
f 45//6 46//6 47//6
f 47//2 46//2 48//2
f 48//2 46//2 49//2
f 48//2 49//2 50//2
f 50//10 49//10 51//10
f 50//1 51//1 52//1
f 52//2 51//2 53//2
f 52//11 53//11 54//11
f 54//8 53//8 55//8
f 55//2 53//2 56//2
f 55//2 56//2 57//2
f 57//1 56//1 58//1
f 57//12 58//12 59//12
f 59//4 58//4 60//4
f 59//1 60//1 61//1
f 61//8 60//8 62//8
f 62//9 60//9 63//9
f 62//2 63//2 64//2
f 64//2 63//2 65//2
f 64//1 65//1 66//1
f 66//2 65//2 67//2
f 66//9 67//9 68//9
f 68//2 67//2 69//2
f 68//2 69//2 70//2
f 70//2 69//2 71//2
f 71//6 69//6 72//6
f 71//1 72//1 73//1
f 73//2 72//2 74//2
f 73//2 74//2 75//2
f 75//5 74//5 76//5
f 75//2 76//2 77//2
f 77//2 76//2 78//2
f 77//2 78//2 79//2
f 79//2 78//2 80//2
f 80//2 78//2 81//2
f 80//2 81//2 82//2
f 82//2 81//2 83//2
f 82//2 83//2 84//2
f 84//2 83//2 85//2
f 84//6 85//6 86//6
f 86//5 85//5 87//5
f 86//2 87//2 88//2
f 88//2 87//2 89//2
f 89//2 87//2 90//2
f 89//13 90//13 91//13
f 91//1 90//1 92//1
f 91//2 92//2 93//2
f 93//2 92//2 94//2
f 93//2 94//2 95//2
f 95//2 94//2 96//2
f 95//1 96//1 97//1
f 97//2 96//2 98//2
f 98//1 96//1 99//1
f 98//1 99//1 100//1
f 100//2 99//2 101//2
f 100//13 101//13 102//13
f 102//2 101//2 103//2
f 102//1 103//1 104//1
f 104//13 103//13 105//13
f 105//2 103//2 106//2
f 105//8 106//8 107//8
f 107//14 106//14 108//14
f 107//13 108//13 109//13
f 109//2 108//2 110//2
f 109//15 110//15 111//15
f 111//16 110//16 112//16
f 112//10 110//10 113//10
f 112//13 113//13 114//13
f 114//9 113//9 115//9
f 114//2 115//2 116//2
f 116//1 115//1 117//1
f 116//2 117//2 118//2
f 118//2 117//2 1//2
f 1//2 117//2 2//2
f 119//17 120//17 121//17
f 121//18 120//18 122//18
f 122//19 120//19 123//19
f 122//20 123//20 124//20
f 124//21 123//21 125//21
f 124//22 125//22 126//22
f 126//23 125//23 127//23
f 127//24 125//24 128//24
f 127//25 128//25 129//25
f 129//26 128//26 130//26
f 129//27 130//27 131//27
f 129//28 131//28 132//28
f 132//29 131//29 133//29
f 132//30 133//30 134//30
f 134//31 133//31 135//31
f 134//32 135//32 136//32
f 136//33 135//33 137//33
f 136//34 137//34 138//34
f 138//35 137//35 139//35
f 138//36 139//36 140//36
f 140//37 139//37 141//37
f 140//38 141//38 142//38
f 142//39 141//39 143//39
f 142//40 143//40 144//40
f 144//41 143//41 145//41
f 144//42 145//42 146//42
f 146//43 145//43 147//43
f 146//44 147//44 148//44
f 148//45 147//45 149//45
f 148//46 149//46 150//46
f 150//47 149//47 151//47
f 151//48 149//48 152//48
f 151//49 152//49 153//49
f 153//50 152//50 154//50
f 154//51 155//51 153//51
f 153//52 155//52 156//52
f 153//53 156//53 157//53
f 153//54 157//54 158//54
f 158//55 159//55 153//55
f 153//56 159//56 160//56
f 160//57 159//57 161//57
f 162//58 161//58 163//58
f 162//59 163//59 164//59
f 164//60 163//60 165//60
f 165//61 166//61 167//61
f 159//62 158//62 161//62
f 165//63 168//63 166//63
f 166//64 168//64 169//64
f 166//65 169//65 170//65
f 170//66 169//66 171//66
f 170//67 171//67 172//67
f 168//68 171//68 169//68
f 174//69 175//69 173//69
f 173//70 175//70 176//70
f 173//71 176//71 172//71
f 172//72 176//72 170//72
f 174//73 177//73 178//73
f 177//74 179//74 178//74
f 178//75 179//75 180//75
f 180//76 179//76 181//76
f 180//77 181//77 182//77
f 182//78 181//78 183//78
f 182//79 183//79 184//79
f 184//80 183//80 185//80
f 184//81 185//81 186//81
f 186//82 187//82 188//82
f 188//83 187//83 189//83
f 188//84 189//84 190//84
f 190//85 189//85 191//85
f 190//86 191//86 192//86
f 185//87 187//87 186//87
f 190//88 192//88 193//88
f 193//89 192//89 194//89
f 193//90 194//90 195//90
f 195//91 194//91 196//91
f 196//92 197//92 198//92
f 198//93 197//93 199//93
f 199//94 197//94 200//94
f 199//95 200//95 201//95
f 196//96 200//96 197//96
f 202//97 203//97 201//97
f 201//98 203//98 204//98
f 201//99 204//99 199//99
f 203//100 202//100 205//100
f 205//101 202//101 206//101
f 206//102 207//102 208//102
f 208//103 207//103 209//103
f 209//104 207//104 210//104
f 209//105 210//105 211//105
f 211//106 210//106 212//106
f 211//107 212//107 213//107
f 213//108 212//108 214//108
f 213//109 214//109 215//109
f 215//110 214//110 216//110
f 215//111 216//111 217//111
f 217//112 216//112 218//112
f 217//113 218//113 219//113
f 219//114 218//114 220//114
f 220//115 218//115 221//115
f 220//116 221//116 222//116
f 206//117 210//117 207//117
f 212//118 216//118 214//118
f 223//119 224//119 222//119
f 222//120 224//120 220//120
f 224//121 223//121 225//121
f 225//122 223//122 226//122
f 225//123 226//123 227//123
f 227//124 226//124 228//124
f 227//125 228//125 229//125
f 229//126 228//126 230//126
f 229//127 230//127 231//127
f 231//128 230//128 232//128
f 231//129 232//129 233//129
f 233//130 232//130 234//130
f 233//131 234//131 235//131
f 235//132 234//132 236//132
f 235//133 236//133 237//133
f 226//134 230//134 228//134
f 232//135 236//135 234//135
f 235//136 237//136 238//136
f 238//137 237//137 239//137
f 238//138 239//138 240//138
f 240//139 239//139 241//139
f 240//140 241//140 242//140
f 242//141 241//141 243//141
f 242//142 243//142 244//142
f 233//143 229//143 231//143
f 229//144 225//144 227//144
f 219//145 215//145 217//145
f 213//146 209//146 211//146
f 206//147 208//147 205//147
f 205//148 208//148 203//148
f 190//149 193//149 198//149
f 198//150 193//150 195//150
f 198//151 195//151 196//151
f 175//152 170//152 176//152
f 167//153 164//153 165//153
f 162//154 160//154 161//154
f 178//155 175//155 174//155
f 245//156 246//156 247//156
f 247//157 246//157 121//157
f 121//158 246//158 119//158
f 248//159 249//159 247//159
f 247//160 249//160 250//160
f 250//161 249//161 251//161
f 248//162 251//162 249//162
f 253//163 254//163 252//163
f 252//164 254//164 251//164
f 254//165 253//165 255//165
f 255//166 253//166 256//166
f 255//167 256//167 257//167
f 257//168 256//168 258//168
f 257//169 258//169 259//169
f 259//170 258//170 260//170
f 260//171 258//171 261//171
f 260//172 261//172 262//172
f 262//173 261//173 263//173
f 262//174 263//174 264//174
f 264//175 263//175 265//175
f 266//176 265//176 267//176
f 263//177 267//177 265//177
f 266//178 267//178 268//178
f 268//179 267//179 269//179
f 268//180 269//180 270//180
f 270//181 269//181 271//181
f 270//182 271//182 272//182
f 270//183 272//183 273//183
f 273//184 272//184 274//184
f 273//185 274//185 275//185
f 276//186 275//186 277//186
f 276//187 277//187 278//187
f 279//188 278//188 280//188
f 280//189 281//189 282//189
f 274//190 277//190 275//190
f 281//191 280//191 283//191
f 283//192 280//192 284//192
f 283//193 284//193 285//193
f 285//194 284//194 286//194
f 286//195 284//195 287//195
f 286//196 287//196 288//196
f 288//197 287//197 289//197
f 288//198 289//198 290//198
f 288//199 290//199 291//199
f 291//200 290//200 292//200
f 291//201 292//201 293//201
f 293//202 292//202 294//202
f 293//203 294//203 295//203
f 295//204 294//204 296//204
f 296//205 297//205 298//205
f 298//206 297//206 299//206
f 298//207 299//207 300//207
f 300//208 299//208 301//208
f 301//209 302//209 303//209
f 303//210 302//210 304//210
f 303//211 304//211 305//211
f 305//212 304//212 302//212
f 305//213 302//213 306//213
f 296//214 294//214 297//214
f 297//215 294//215 299//215
f 305//216 306//216 307//216
f 307//217 306//217 308//217
f 307//218 308//218 309//218
f 311//219 312//219 310//219
f 310//220 312//220 313//220
f 310//221 313//221 309//221
f 309//222 313//222 307//222
f 314//223 315//223 311//223
f 311//224 315//224 316//224
f 317//225 318//225 314//225
f 314//226 318//226 315//226
f 318//227 317//227 319//227
f 319//228 317//228 320//228
f 319//229 320//229 321//229
f 321//230 320//230 322//230
f 321//231 322//231 323//231
f 323//232 322//232 324//232
f 324//233 322//233 325//233
f 324//234 325//234 326//234
f 326//235 325//235 327//235
f 323//236 319//236 321//236
f 311//237 316//237 328//237
f 328//238 316//238 313//238
f 328//239 313//239 312//239
f 301//240 303//240 300//240
f 300//241 303//241 298//241
f 296//242 293//242 295//242
f 285//243 329//243 283//243
f 283//244 329//244 281//244
f 282//245 279//245 280//245
f 279//246 276//246 278//246
f 259//247 255//247 257//247
f 250//248 330//248 247//248
f 247//249 330//249 331//249
f 331//250 245//250 247//250
f 251//251 248//251 252//251
f 312//252 311//252 328//252
f 244//253 243//253 332//253
f 332//254 243//254 333//254
f 332//255 333//255 334//255
f 334//256 333//256 335//256
f 334//257 335//257 336//257
f 336//258 337//258 338//258
f 336//259 338//259 334//259
f 337//260 339//260 340//260
f 337//261 340//261 338//261
f 340//262 339//262 341//262
f 341//263 339//263 342//263
f 341//264 342//264 343//264
f 343//265 342//265 344//265
f 343//266 344//266 345//266
f 345//267 344//267 346//267
f 345//268 346//268 347//268
f 347//269 346//269 348//269
f 347//270 348//270 349//270
f 349//271 348//271 350//271
f 349//272 350//272 351//272
f 351//273 350//273 352//273
f 351//274 352//274 353//274
f 353//275 352//275 354//275
f 353//276 354//276 355//276
f 355//277 354//277 356//277
f 355//278 356//278 357//278
f 357//279 356//279 358//279
f 357//280 358//280 359//280
f 359//281 358//281 360//281
f 360//282 358//282 361//282
f 360//283 361//283 362//283
f 362//284 361//284 363//284
f 362//285 363//285 364//285
f 364//286 363//286 365//286
f 364//287 365//287 366//287
f 364//288 366//288 367//288
f 367//289 366//289 368//289
f 367//290 368//290 369//290
f 369//291 368//291 326//291
f 369//292 326//292 327//292
f 370//293 371//293 372//293
f 372//294 371//294 373//294
f 372//295 373//295 374//295
f 374//296 373//296 375//296
f 374//297 375//297 376//297
f 376//298 375//298 377//298
f 376//299 377//299 378//299
f 378//300 377//300 379//300
f 378//301 379//301 380//301
f 380//302 379//302 381//302
f 380//303 381//303 382//303
f 382//304 381//304 383//304
f 382//305 383//305 384//305
f 384//306 383//306 385//306
f 384//307 385//307 386//307
f 386//308 385//308 387//308
f 386//309 387//309 388//309
f 388//310 387//310 389//310
f 388//311 389//311 390//311
f 390//312 389//312 391//312
f 390//313 391//313 392//313
f 392//314 391//314 393//314
f 392//315 393//315 394//315
f 394//316 393//316 395//316
f 394//317 395//317 396//317
f 396//318 395//318 397//318
f 396//319 397//319 398//319
f 398//320 397//320 399//320
f 398//321 399//321 400//321
f 400//322 399//322 401//322
f 400//323 401//323 402//323
f 402//324 401//324 403//324
f 402//325 403//325 404//325
f 404//326 403//326 405//326
f 404//327 405//327 406//327
f 406//328 405//328 407//328
f 406//329 407//329 408//329
f 408//330 407//330 409//330
f 408//331 409//331 410//331
f 410//332 409//332 411//332
f 410//333 411//333 412//333
f 412//334 411//334 413//334
f 412//335 413//335 414//335
f 414//336 413//336 415//336
f 414//337 415//337 416//337
f 416//338 415//338 417//338
f 416//339 417//339 418//339
f 418//340 417//340 419//340
f 418//341 419//341 420//341
f 420//342 419//342 421//342
f 420//343 421//343 422//343
f 422//344 421//344 423//344
f 422//345 423//345 424//345
f 424//346 423//346 425//346
f 424//347 425//347 426//347
f 426//348 425//348 427//348
f 427//349 428//349 429//349
f 429//350 428//350 430//350
f 429//351 430//351 431//351
f 432//352 431//352 433//352
f 432//353 433//353 434//353
f 434//354 433//354 435//354
f 434//355 435//355 436//355
f 436//356 435//356 437//356
f 436//357 437//357 438//357
f 438//358 437//358 439//358
f 438//359 439//359 440//359
f 442//360 441//360 443//360
f 442//361 443//361 444//361
f 444//362 443//362 445//362
f 444//363 445//363 446//363
f 446//364 445//364 447//364
f 446//365 447//365 448//365
f 448//366 447//366 449//366
f 448//367 449//367 450//367
f 450//368 449//368 451//368
f 450//369 451//369 452//369
f 452//370 451//370 453//370
f 452//371 453//371 454//371
f 454//372 453//372 455//372
f 454//373 455//373 456//373
f 456//374 455//374 457//374
f 456//375 457//375 458//375
f 458//376 457//376 459//376
f 458//377 459//377 460//377
f 460//378 459//378 461//378
f 460//379 461//379 462//379
f 462//380 461//380 463//380
f 462//381 463//381 464//381
f 464//382 463//382 465//382
f 465//383 466//383 467//383
f 467//384 466//384 468//384
f 467//385 468//385 469//385
f 469//386 468//386 470//386
f 470//387 471//387 472//387
f 472//388 471//388 473//388
f 472//389 473//389 474//389
f 474//390 473//390 475//390
f 474//391 475//391 476//391
f 476//392 475//392 477//392
f 476//393 477//393 478//393
f 478//394 477//394 479//394
f 478//395 479//395 480//395
f 480//396 479//396 481//396
f 480//397 481//397 482//397
f 482//398 481//398 483//398
f 482//399 483//399 484//399
f 484//400 483//400 485//400
f 484//401 485//401 486//401
f 486//402 485//402 487//402
f 486//403 487//403 488//403
f 488//404 487//404 489//404
f 488//405 489//405 490//405
f 490//406 489//406 491//406
f 490//407 491//407 492//407
f 492//408 491//408 493//408
f 492//409 493//409 494//409
f 494//410 493//410 495//410
f 494//411 495//411 496//411
f 496//412 495//412 497//412
f 496//413 497//413 498//413
f 498//414 497//414 499//414
f 498//415 499//415 500//415
f 500//416 499//416 501//416
f 500//417 501//417 502//417
f 502//418 501//418 503//418
f 502//419 503//419 504//419
f 504//420 503//420 505//420
f 504//421 505//421 506//421
f 506//422 505//422 507//422
f 506//423 507//423 508//423
f 508//424 507//424 509//424
f 508//425 509//425 510//425
f 510//426 509//426 511//426
f 510//427 511//427 512//427
f 512//428 511//428 513//428
f 512//429 513//429 514//429
f 514//430 513//430 515//430
f 514//431 515//431 516//431
f 516//432 515//432 517//432
f 516//433 517//433 518//433
f 518//434 517//434 519//434
f 518//435 519//435 520//435
f 520//436 519//436 521//436
f 520//437 521//437 522//437
f 522//438 521//438 523//438
f 522//439 523//439 524//439
f 524//440 523//440 525//440
f 524//441 525//441 526//441
f 526//442 525//442 527//442
f 528//443 529//443 100//443
f 100//444 529//444 98//444
f 98//445 529//445 530//445
f 98//446 530//446 531//446
f 531//447 530//447 532//447
f 531//448 532//448 533//448
f 533//449 532//449 534//449
f 533//450 534//450 535//450
f 535//451 534//451 536//451
f 535//452 536//452 537//452
f 537//453 536//453 538//453
f 537//454 538//454 539//454
f 539//455 538//455 540//455
f 539//456 540//456 541//456
f 541//457 540//457 542//457
f 541//458 542//458 543//458
f 543//459 542//459 544//459
f 543//460 544//460 545//460
f 545//461 544//461 546//461
f 545//462 546//462 547//462
f 547//463 546//463 548//463
f 547//464 548//464 549//464
f 549//465 548//465 487//465
f 549//466 487//466 485//466
f 371//467 370//467 379//467
f 379//468 370//468 550//468
f 379//469 550//469 551//469
f 551//470 550//470 552//470
f 551//471 552//471 553//471
f 553//472 552//472 554//472
f 553//473 554//473 555//473
f 555//474 554//474 556//474
f 555//475 556//475 557//475
f 557//476 556//476 558//476
f 557//477 558//477 387//477
f 387//478 558//478 389//478
f 393//479 559//479 395//479
f 395//480 559//480 397//480
f 397//481 559//481 560//481
f 397//482 560//482 399//482
f 561//483 562//483 560//483
f 560//484 562//484 563//484
f 560//485 563//485 399//485
f 399//486 563//486 564//486
f 399//487 564//487 401//487
f 401//488 564//488 565//488
f 401//489 565//489 403//489
f 403//490 565//490 566//490
f 403//491 566//491 405//491
f 405//492 566//492 567//492
f 405//493 567//493 407//493
f 407//494 567//494 568//494
f 407//495 568//495 409//495
f 409//496 568//496 569//496
f 409//497 569//497 411//497
f 411//498 569//498 570//498
f 411//499 570//499 413//499
f 413//500 570//500 571//500
f 413//501 571//501 415//501
f 415//502 571//502 572//502
f 415//503 572//503 417//503
f 417//504 572//504 573//504
f 417//505 573//505 419//505
f 419//506 573//506 421//506
f 425//507 574//507 427//507
f 427//508 574//508 428//508
f 562//509 561//509 575//509
f 575//510 561//510 576//510
f 575//511 576//511 577//511
f 577//512 576//512 578//512
f 577//513 578//513 579//513
f 579//514 578//514 580//514
f 579//515 580//515 581//515
f 581//516 580//516 582//516
f 581//517 582//517 565//517
f 565//518 582//518 566//518
f 578//519 576//519 583//519
f 583//520 576//520 584//520
f 583//521 584//521 585//521
f 585//522 584//522 586//522
f 585//523 586//523 587//523
f 587//524 586//524 588//524
f 587//525 588//525 589//525
f 589//526 588//526 584//526
f 584//527 588//527 586//527
f 590//528 591//528 589//528
f 589//529 591//529 592//529
f 589//530 592//530 587//530
f 587//531 592//531 593//531
f 587//532 593//532 594//532
f 594//533 593//533 595//533
f 594//534 595//534 596//534
f 596//535 595//535 597//535
f 596//536 597//536 598//536
f 598//537 597//537 599//537
f 598//538 599//538 600//538
f 600//539 599//539 601//539
f 600//540 601//540 568//540
f 568//541 601//541 569//541
f 602//542 603//542 590//542
f 590//543 603//543 604//543
f 590//544 604//544 605//544
f 605//545 604//545 606//545
f 605//546 606//546 607//546
f 607//547 606//547 608//547
f 607//548 608//548 609//548
f 609//549 608//549 610//549
f 609//550 610//550 611//550
f 611//551 610//551 612//551
f 611//552 612//552 613//552
f 613//553 612//553 614//553
f 613//554 614//554 615//554
f 615//555 614//555 616//555
f 615//556 616//556 617//556
f 617//557 616//557 618//557
f 617//558 618//558 570//558
f 570//559 618//559 571//559
f 619//560 620//560 602//560
f 602//561 620//561 621//561
f 602//562 621//562 603//562
f 603//563 621//563 622//563
f 603//564 622//564 604//564
f 604//565 622//565 623//565
f 604//566 623//566 606//566
f 606//567 623//567 624//567
f 606//568 624//568 608//568
f 608//569 624//569 625//569
f 608//570 625//570 610//570
f 610//571 625//571 626//571
f 610//572 626//572 612//572
f 612//573 626//573 627//573
f 612//574 627//574 614//574
f 614//575 627//575 628//575
f 614//576 628//576 616//576
f 616//577 628//577 629//577
f 616//578 629//578 618//578
f 618//579 629//579 630//579
f 618//580 630//580 571//580
f 571//581 630//581 572//581
f 631//582 632//582 619//582
f 619//583 632//583 633//583
f 619//584 633//584 634//584
f 634//585 633//585 635//585
f 635//586 633//586 636//586
f 635//587 636//587 637//587
f 637//588 636//588 638//588
f 637//589 638//589 639//589
f 639//590 638//590 640//590
f 639//591 640//591 641//591
f 641//592 640//592 642//592
f 641//593 642//593 643//593
f 643//594 642//594 644//594
f 643//595 644//595 645//595
f 645//596 644//596 646//596
f 645//597 646//597 647//597
f 647//598 646//598 648//598
f 647//599 648//599 649//599
f 649//600 648//600 650//600
f 649//601 650//601 651//601
f 651//602 650//602 573//602
f 573//603 650//603 421//603
f 652//604 653//604 631//604
f 631//605 653//605 654//605
f 631//606 654//606 632//606
f 632//607 654//607 655//607
f 632//608 655//608 633//608
f 633//609 655//609 656//609
f 633//610 656//610 636//610
f 636//611 656//611 657//611
f 636//612 657//612 638//612
f 638//613 657//613 658//613
f 638//614 658//614 640//614
f 640//615 658//615 659//615
f 640//616 659//616 642//616
f 642//617 659//617 660//617
f 642//618 660//618 644//618
f 644//619 660//619 646//619
f 646//620 660//620 661//620
f 646//621 661//621 648//621
f 648//622 661//622 650//622
f 650//623 661//623 662//623
f 650//624 662//624 421//624
f 421//625 662//625 423//625
f 653//626 652//626 663//626
f 663//627 652//627 664//627
f 663//628 664//628 665//628
f 663//629 665//629 666//629
f 666//630 665//630 667//630
f 666//631 667//631 668//631
f 668//632 669//632 666//632
f 666//633 669//633 670//633
f 671//634 672//634 670//634
f 670//635 672//635 673//635
f 673//636 672//636 674//636
f 674//637 675//637 676//637
f 676//638 675//638 657//638
f 676//639 657//639 656//639
f 430//640 677//640 671//640
f 671//641 677//641 678//641
f 679//642 680//642 681//642
f 681//643 680//643 662//643
f 681//644 662//644 661//644
f 431//645 430//645 682//645
f 682//646 430//646 683//646
f 682//647 683//647 684//647
f 685//648 684//648 686//648
f 685//649 686//649 687//649
f 687//650 686//650 688//650
f 687//651 688//651 689//651
f 691//652 690//652 692//652
f 691//653 692//653 693//653
f 693//654 692//654 694//654
f 693//655 694//655 695//655
f 695//656 694//656 696//656
f 695//657 696//657 697//657
f 697//658 696//658 459//658
f 697//659 459//659 457//659
f 698//660 699//660 683//660
f 683//661 699//661 700//661
f 700//662 699//662 701//662
f 700//663 701//663 686//663
f 686//664 701//664 688//664
f 475//665 473//665 698//665
f 698//666 473//666 702//666
f 698//667 702//667 703//667
f 703//668 702//668 471//668
f 703//669 471//669 704//669
f 704//670 471//670 705//670
f 705//671 468//671 706//671
f 706//672 468//672 466//672
f 706//673 466//673 707//673
f 707//674 466//674 708//674
f 708//675 709//675 694//675
f 694//676 709//676 696//676
f 477//677 710//677 479//677
f 479//678 710//678 711//678
f 479//679 711//679 481//679
f 481//680 711//680 712//680
f 481//681 712//681 483//681
f 483//682 712//682 713//682
f 483//683 713//683 485//683
f 485//684 713//684 549//684
f 714//685 715//685 710//685
f 710//686 715//686 716//686
f 710//687 716//687 711//687
f 711//688 716//688 712//688
f 717//689 718//689 714//689
f 714//690 718//690 719//690
f 714//691 719//691 715//691
f 715//692 719//692 720//692
f 715//693 720//693 721//693
f 721//694 720//694 722//694
f 721//695 722//695 713//695
f 713//696 722//696 549//696
f 723//697 724//697 717//697
f 717//698 724//698 725//698
f 717//699 725//699 726//699
f 726//700 725//700 727//700
f 726//701 727//701 728//701
f 728//702 727//702 729//702
f 728//703 729//703 730//703
f 730//704 729//704 543//704
f 730//705 543//705 545//705
f 93//706 731//706 723//706
f 723//707 731//707 732//707
f 723//708 732//708 724//708
f 724//709 732//709 733//709
f 724//710 733//710 734//710
f 734//711 733//711 735//711
f 734//712 735//712 736//712
f 736//713 735//713 539//713
f 736//714 539//714 541//714
f 731//715 93//715 737//715
f 737//716 93//716 95//716
f 737//717 95//717 738//717
f 738//718 95//718 97//718
f 738//719 97//719 739//719
f 739//720 97//720 531//720
f 97//721 98//721 531//721
f 100//722 102//722 528//722
f 528//723 102//723 527//723
f 527//724 102//724 740//724
f 527//725 740//725 526//725
f 526//726 740//726 741//726
f 526//727 741//727 524//727
f 524//728 741//728 742//728
f 524//729 742//729 522//729
f 522//730 742//730 743//730
f 522//731 743//731 520//731
f 520//732 743//732 744//732
f 520//733 744//733 518//733
f 518//734 744//734 745//734
f 518//735 745//735 516//735
f 516//736 745//736 746//736
f 516//737 746//737 514//737
f 514//738 746//738 747//738
f 514//739 747//739 512//739
f 512//740 747//740 748//740
f 512//741 748//741 510//741
f 510//742 748//742 749//742
f 749//743 748//743 750//743
f 749//744 750//744 751//744
f 751//745 750//745 752//745
f 751//746 752//746 753//746
f 753//747 752//747 754//747
f 753//748 754//748 755//748
f 755//749 754//749 756//749
f 755//750 756//750 757//750
f 755//751 757//751 758//751
f 758//752 757//752 759//752
f 758//753 759//753 760//753
f 760//754 759//754 761//754
f 760//755 761//755 762//755
f 762//756 761//756 763//756
f 762//757 763//757 764//757
f 764//758 763//758 112//758
f 764//759 112//759 114//759
f 765//760 102//760 104//760
f 765//761 104//761 766//761
f 766//762 104//762 105//762
f 766//763 105//763 767//763
f 767//764 105//764 768//764
f 767//765 768//765 769//765
f 769//766 768//766 770//766
f 769//767 770//767 771//767
f 771//768 770//768 772//768
f 771//769 772//769 773//769
f 773//770 772//770 774//770
f 773//771 774//771 775//771
f 775//772 774//772 776//772
f 775//773 776//773 777//773
f 777//774 776//774 756//774
f 777//775 756//775 754//775
f 105//776 107//776 768//776
f 768//777 107//777 778//777
f 768//778 778//778 770//778
f 770//779 778//779 779//779
f 770//780 779//780 772//780
f 772//781 779//781 780//781
f 772//782 780//782 774//782
f 774//783 780//783 781//783
f 774//784 781//784 776//784
f 776//785 781//785 757//785
f 776//786 757//786 756//786
f 778//787 107//787 782//787
f 782//788 107//788 109//788
f 782//789 109//789 783//789
f 783//790 109//790 111//790
f 111//791 112//791 763//791
f 784//792 114//792 116//792
f 784//793 116//793 785//793
f 785//794 116//794 118//794
f 785//795 118//795 786//795
f 786//796 118//796 1//796
f 786//797 1//797 787//797
f 787//798 1//798 788//798
f 787//799 788//799 789//799
f 789//800 788//800 790//800
f 789//801 790//801 791//801
f 789//802 791//802 792//802
f 789//803 792//803 793//803
f 793//804 792//804 794//804
f 793//805 794//805 795//805
f 795//806 794//806 796//806
f 795//807 796//807 797//807
f 797//808 796//808 798//808
f 797//809 798//809 799//809
f 799//810 798//810 800//810
f 799//811 800//811 764//811
f 764//812 800//812 762//812
f 1//813 3//813 788//813
f 788//814 3//814 801//814
f 788//815 801//815 790//815
f 790//816 801//816 802//816
f 802//817 801//817 3//817
f 791//818 803//818 804//818
f 804//819 803//819 805//819
f 804//820 805//820 806//820
f 806//821 805//821 807//821
f 806//822 807//822 808//822
f 808//823 807//823 809//823
f 808//824 809//824 810//824
f 810//825 809//825 811//825
f 810//826 811//826 812//826
f 812//827 811//827 813//827
f 812//828 813//828 760//828
f 760//829 813//829 758//829
f 803//830 814//830 805//830
f 805//831 814//831 815//831
f 805//832 815//832 816//832
f 805//833 816//833 807//833
f 807//834 816//834 809//834
f 816//835 817//835 809//835
f 809//836 817//836 811//836
f 816//837 818//837 817//837
f 817//838 818//838 819//838
f 817//839 819//839 820//839
f 820//840 819//840 821//840
f 820//841 821//841 813//841
f 813//842 821//842 758//842
f 818//843 822//843 819//843
f 819//844 822//844 823//844
f 819//845 823//845 821//845
f 821//846 823//846 755//846
f 755//847 823//847 753//847
f 508//848 824//848 506//848
f 506//849 824//849 825//849
f 506//850 825//850 504//850
f 504//851 825//851 502//851
f 824//852 826//852 825//852
f 825//853 826//853 827//853
f 827//854 826//854 828//854
f 827//855 828//855 829//855
f 829//856 828//856 830//856
f 829//857 830//857 831//857
f 831//858 830//858 832//858
f 831//859 832//859 833//859
f 833//860 832//860 834//860
f 833//861 834//861 835//861
f 835//862 834//862 836//862
f 835//863 836//863 837//863
f 837//864 836//864 838//864
f 837//865 838//865 839//865
f 839//866 838//866 840//866
f 839//867 840//867 841//867
f 841//868 840//868 842//868
f 841//869 842//869 843//869
f 843//870 842//870 844//870
f 843//871 844//871 845//871
f 845//872 844//872 846//872
f 845//873 846//873 847//873
f 847//874 846//874 467//874
f 847//875 467//875 469//875
f 832//876 848//876 834//876
f 834//877 848//877 849//877
f 834//878 849//878 836//878
f 836//879 849//879 850//879
f 836//880 850//880 838//880
f 838//881 850//881 851//881
f 838//882 851//882 840//882
f 840//883 851//883 852//883
f 840//884 852//884 842//884
f 842//885 852//885 853//885
f 842//886 853//886 844//886
f 844//887 853//887 854//887
f 844//888 854//888 846//888
f 846//889 854//889 465//889
f 846//890 465//890 467//890
f 849//891 848//891 855//891
f 855//892 848//892 856//892
f 855//893 856//893 857//893
f 857//894 856//894 858//894
f 857//895 858//895 859//895
f 859//896 858//896 458//896
f 859//897 458//897 460//897
f 858//898 856//898 456//898
f 456//899 856//899 454//899
f 452//900 860//900 450//900
f 450//901 860//901 861//901
f 450//902 861//902 448//902
f 448//903 861//903 862//903
f 448//904 862//904 446//904
f 446//905 862//905 863//905
f 446//906 863//906 444//906
f 444//907 863//907 864//907
f 444//908 864//908 442//908
f 442//909 864//909 865//909
f 442//910 865//910 441//910
f 441//911 865//911 866//911
f 441//912 866//912 440//912
f 440//913 866//913 867//913
f 440//914 867//914 438//914
f 431//915 432//915 429//915
f 860//916 868//916 861//916
f 861//917 868//917 869//917
f 861//918 869//918 862//918
f 862//919 869//919 870//919
f 862//920 870//920 863//920
f 863//921 870//921 871//921
f 863//922 871//922 864//922
f 864//923 871//923 872//923
f 864//924 872//924 865//924
f 865//925 872//925 873//925
f 865//926 873//926 866//926
f 438//927 867//927 874//927
f 438//928 874//928 436//928
f 436//929 874//929 875//929
f 436//930 875//930 434//930
f 434//931 875//931 426//931
f 434//932 426//932 432//932
f 432//933 426//933 427//933
f 432//934 427//934 429//934
f 869//935 868//935 876//935
f 876//936 868//936 877//936
f 876//937 877//937 878//937
f 878//938 877//938 879//938
f 878//939 879//939 880//939
f 880//940 879//940 881//940
f 880//941 881//941 882//941
f 882//942 881//942 883//942
f 882//943 883//943 884//943
f 884//944 883//944 885//944
f 884//945 885//945 886//945
f 886//946 885//946 887//946
f 886//947 887//947 888//947
f 888//948 887//948 889//948
f 888//949 889//949 890//949
f 890//950 889//950 891//950
f 890//951 891//951 892//951
f 892//952 891//952 893//952
f 892//953 893//953 894//953
f 894//954 893//954 895//954
f 894//955 895//955 406//955
f 406//956 895//956 404//956
f 877//957 896//957 879//957
f 879//958 896//958 881//958
f 896//959 897//959 881//959
f 881//960 897//960 898//960
f 881//961 898//961 883//961
f 883//962 898//962 899//962
f 883//963 899//963 885//963
f 885//964 899//964 900//964
f 885//965 900//965 887//965
f 887//966 900//966 901//966
f 887//967 901//967 889//967
f 889//968 901//968 902//968
f 889//969 902//969 891//969
f 891//970 902//970 903//970
f 891//971 903//971 893//971
f 893//972 903//972 904//972
f 893//973 904//973 895//973
f 895//974 904//974 905//974
f 895//975 905//975 404//975
f 404//976 905//976 402//976
f 898//977 897//977 906//977
f 906//978 897//978 907//978
f 906//979 907//979 908//979
f 908//980 907//980 909//980
f 908//981 909//981 910//981
f 910//982 909//982 911//982
f 910//983 911//983 912//983
f 912//984 911//984 913//984
f 912//985 913//985 914//985
f 914//986 913//986 915//986
f 914//987 915//987 916//987
f 916//988 915//988 917//988
f 916//989 917//989 918//989
f 918//990 917//990 376//990
f 918//991 376//991 378//991
f 911//992 915//992 913//992
f 917//993 374//993 376//993
f 590//994 605//994 591//994
f 591//995 605//995 592//995
f 387//996 385//996 557//996
f 557//997 385//997 555//997
f 385//998 383//998 555//998
f 555//999 383//999 553//999
f 383//1000 381//1000 553//1000
f 553//1001 381//1001 551//1001
f 381//1002 379//1002 551//1002
f 375//1003 373//1003 371//1003
f 379//1004 377//1004 371//1004
f 377//1005 375//1005 371//1005
f 386//1006 388//1006 919//1006
f 919//1007 388//1007 390//1007
f 919//1008 390//1008 920//1008
f 920//1009 390//1009 392//1009
f 920//1010 392//1010 921//1010
f 921//1011 392//1011 394//1011
f 921//1012 394//1012 396//1012
f 384//1013 386//1013 922//1013
f 922//1014 386//1014 919//1014
f 922//1015 919//1015 923//1015
f 923//1016 919//1016 920//1016
f 923//1017 920//1017 924//1017
f 924//1018 920//1018 921//1018
f 924//1019 921//1019 925//1019
f 925//1020 921//1020 396//1020
f 925//1021 396//1021 398//1021
f 382//1022 384//1022 926//1022
f 926//1023 384//1023 922//1023
f 926//1024 922//1024 927//1024
f 927//1025 922//1025 923//1025
f 927//1026 923//1026 928//1026
f 928//1027 923//1027 924//1027
f 928//1028 924//1028 929//1028
f 929//1029 924//1029 925//1029
f 929//1030 925//1030 930//1030
f 930//1031 925//1031 398//1031
f 930//1032 398//1032 400//1032
f 380//1033 382//1033 931//1033
f 931//1034 382//1034 926//1034
f 931//1035 926//1035 932//1035
f 932//1036 926//1036 927//1036
f 932//1037 927//1037 933//1037
f 933//1038 927//1038 928//1038
f 933//1039 928//1039 934//1039
f 934//1040 928//1040 929//1040
f 934//1041 929//1041 935//1041
f 935//1042 929//1042 930//1042
f 935//1043 930//1043 936//1043
f 936//1044 930//1044 400//1044
f 936//1045 400//1045 402//1045
f 378//1046 380//1046 937//1046
f 937//1047 380//1047 931//1047
f 937//1048 931//1048 938//1048
f 938//1049 931//1049 932//1049
f 938//1050 932//1050 939//1050
f 939//1051 932//1051 933//1051
f 939//1052 933//1052 940//1052
f 940//1053 933//1053 934//1053
f 940//1054 934//1054 941//1054
f 941//1055 934//1055 935//1055
f 941//1056 935//1056 942//1056
f 942//1057 935//1057 936//1057
f 942//1058 936//1058 905//1058
f 905//1059 936//1059 402//1059
f 938//1060 943//1060 937//1060
f 937//1061 943//1061 918//1061
f 937//1062 918//1062 378//1062
f 914//1063 916//1063 943//1063
f 943//1064 916//1064 918//1064
f 943//1065 938//1065 944//1065
f 944//1066 938//1066 939//1066
f 944//1067 939//1067 945//1067
f 945//1068 939//1068 940//1068
f 945//1069 940//1069 946//1069
f 946//1070 940//1070 941//1070
f 946//1071 941//1071 947//1071
f 947//1072 941//1072 942//1072
f 947//1073 942//1073 904//1073
f 904//1074 942//1074 905//1074
f 943//1075 944//1075 914//1075
f 914//1076 944//1076 948//1076
f 914//1077 948//1077 912//1077
f 912//1078 948//1078 949//1078
f 912//1079 949//1079 910//1079
f 910//1080 949//1080 950//1080
f 910//1081 950//1081 908//1081
f 908//1082 950//1082 900//1082
f 908//1083 900//1083 899//1083
f 948//1084 944//1084 945//1084
f 948//1085 945//1085 951//1085
f 951//1086 945//1086 946//1086
f 951//1087 946//1087 952//1087
f 952//1088 946//1088 947//1088
f 952//1089 947//1089 903//1089
f 903//1090 947//1090 904//1090
f 948//1091 951//1091 949//1091
f 949//1092 951//1092 953//1092
f 949//1093 953//1093 950//1093
f 950//1094 953//1094 901//1094
f 950//1095 901//1095 900//1095
f 953//1096 951//1096 952//1096
f 563//1097 562//1097 954//1097
f 954//1098 562//1098 575//1098
f 954//1099 575//1099 579//1099
f 579//1100 575//1100 577//1100
f 903//1101 902//1101 952//1101
f 952//1102 902//1102 953//1102
f 902//1103 901//1103 953//1103
f 898//1104 906//1104 899//1104
f 899//1105 906//1105 908//1105
f 563//1106 954//1106 564//1106
f 564//1107 954//1107 581//1107
f 564//1108 581//1108 565//1108
f 581//1109 954//1109 579//1109
f 583//1110 585//1110 578//1110
f 578//1111 585//1111 955//1111
f 578//1112 955//1112 580//1112
f 580//1113 955//1113 956//1113
f 580//1114 956//1114 582//1114
f 582//1115 956//1115 957//1115
f 582//1116 957//1116 566//1116
f 566//1117 957//1117 567//1117
f 406//1118 408//1118 894//1118
f 894//1119 408//1119 958//1119
f 894//1120 958//1120 892//1120
f 892//1121 958//1121 959//1121
f 892//1122 959//1122 890//1122
f 890//1123 959//1123 960//1123
f 890//1124 960//1124 888//1124
f 888//1125 960//1125 961//1125
f 888//1126 961//1126 886//1126
f 886//1127 961//1127 962//1127
f 886//1128 962//1128 884//1128
f 884//1129 962//1129 963//1129
f 884//1130 963//1130 882//1130
f 882//1131 963//1131 964//1131
f 882//1132 964//1132 880//1132
f 880//1133 964//1133 965//1133
f 880//1134 965//1134 878//1134
f 878//1135 965//1135 966//1135
f 878//1136 966//1136 876//1136
f 876//1137 966//1137 869//1137
f 587//1138 594//1138 585//1138
f 585//1139 594//1139 955//1139
f 594//1140 596//1140 955//1140
f 955//1141 596//1141 956//1141
f 596//1142 598//1142 956//1142
f 956//1143 598//1143 957//1143
f 598//1144 600//1144 957//1144
f 957//1145 600//1145 567//1145
f 600//1146 568//1146 567//1146
f 408//1147 410//1147 958//1147
f 958//1148 410//1148 967//1148
f 958//1149 967//1149 959//1149
f 959//1150 967//1150 968//1150
f 959//1151 968//1151 960//1151
f 960//1152 968//1152 969//1152
f 960//1153 969//1153 961//1153
f 961//1154 969//1154 970//1154
f 961//1155 970//1155 962//1155
f 962//1156 970//1156 971//1156
f 962//1157 971//1157 963//1157
f 963//1158 971//1158 972//1158
f 963//1159 972//1159 964//1159
f 964//1160 972//1160 973//1160
f 964//1161 973//1161 965//1161
f 965//1162 973//1162 974//1162
f 965//1163 974//1163 966//1163
f 966//1164 974//1164 870//1164
f 966//1165 870//1165 869//1165
f 455//1166 453//1166 451//1166
f 455//1167 451//1167 449//1167
f 605//1168 607//1168 592//1168
f 592//1169 607//1169 593//1169
f 607//1170 609//1170 593//1170
f 593//1171 609//1171 595//1171
f 609//1172 611//1172 595//1172
f 595//1173 611//1173 597//1173
f 611//1174 613//1174 597//1174
f 597//1175 613//1175 599//1175
f 613//1176 615//1176 599//1176
f 599//1177 615//1177 601//1177
f 615//1178 617//1178 601//1178
f 601//1179 617//1179 569//1179
f 967//1180 410//1180 412//1180
f 617//1181 570//1181 569//1181
f 968//1182 967//1182 975//1182
f 975//1183 967//1183 412//1183
f 975//1184 412//1184 414//1184
f 969//1185 968//1185 976//1185
f 976//1186 968//1186 975//1186
f 976//1187 975//1187 977//1187
f 977//1188 975//1188 414//1188
f 977//1189 414//1189 416//1189
f 970//1190 969//1190 978//1190
f 978//1191 969//1191 976//1191
f 978//1192 976//1192 979//1192
f 979//1193 976//1193 977//1193
f 979//1194 977//1194 980//1194
f 980//1195 977//1195 416//1195
f 980//1196 416//1196 418//1196
f 971//1197 970//1197 981//1197
f 981//1198 970//1198 978//1198
f 981//1199 978//1199 982//1199
f 982//1200 978//1200 979//1200
f 982//1201 979//1201 983//1201
f 983//1202 979//1202 980//1202
f 983//1203 980//1203 984//1203
f 984//1204 980//1204 418//1204
f 984//1205 418//1205 420//1205
f 972//1206 971//1206 985//1206
f 985//1207 971//1207 981//1207
f 985//1208 981//1208 986//1208
f 986//1209 981//1209 982//1209
f 986//1210 982//1210 987//1210
f 987//1211 982//1211 983//1211
f 987//1212 983//1212 988//1212
f 988//1213 983//1213 984//1213
f 988//1214 984//1214 420//1214
f 973//1215 972//1215 989//1215
f 989//1216 972//1216 985//1216
f 989//1217 985//1217 990//1217
f 990//1218 985//1218 986//1218
f 990//1219 986//1219 991//1219
f 991//1220 986//1220 987//1220
f 991//1221 987//1221 992//1221
f 992//1222 987//1222 988//1222
f 992//1223 988//1223 993//1223
f 993//1224 988//1224 420//1224
f 993//1225 420//1225 422//1225
f 974//1226 973//1226 994//1226
f 994//1227 973//1227 989//1227
f 994//1228 989//1228 995//1228
f 995//1229 989//1229 990//1229
f 995//1230 990//1230 996//1230
f 996//1231 990//1231 991//1231
f 996//1232 991//1232 992//1232
f 874//1233 993//1233 422//1233
f 874//1234 422//1234 875//1234
f 875//1235 422//1235 424//1235
f 875//1236 424//1236 426//1236
f 870//1237 974//1237 871//1237
f 871//1238 974//1238 994//1238
f 871//1239 994//1239 872//1239
f 872//1240 994//1240 995//1240
f 872//1241 995//1241 873//1241
f 873//1242 995//1242 996//1242
f 873//1243 996//1243 866//1243
f 866//1244 996//1244 992//1244
f 866//1245 992//1245 867//1245
f 867//1246 992//1246 993//1246
f 867//1247 993//1247 874//1247
f 455//1248 449//1248 997//1248
f 997//1249 449//1249 447//1249
f 997//1250 447//1250 998//1250
f 998//1251 447//1251 445//1251
f 998//1252 445//1252 999//1252
f 999//1253 445//1253 443//1253
f 999//1254 443//1254 1000//1254
f 1000//1255 443//1255 441//1255
f 1000//1256 441//1256 691//1256
f 691//1257 441//1257 440//1257
f 691//1258 440//1258 439//1258
f 685//1259 435//1259 433//1259
f 685//1260 433//1260 682//1260
f 682//1261 433//1261 431//1261
f 697//1262 457//1262 997//1262
f 997//1263 457//1263 455//1263
f 697//1264 997//1264 998//1264
f 858//1265 456//1265 458//1265
f 859//1266 1001//1266 857//1266
f 857//1267 1001//1267 1002//1267
f 857//1268 1002//1268 855//1268
f 855//1269 1002//1269 1003//1269
f 855//1270 1003//1270 850//1270
f 850//1271 1003//1271 851//1271
f 1003//1272 1002//1272 1004//1272
f 1004//1273 1002//1273 1001//1273
f 1004//1274 1001//1274 1005//1274
f 1005//1275 1001//1275 1006//1275
f 1005//1276 1006//1276 1007//1276
f 1007//1277 1006//1277 462//1277
f 1007//1278 462//1278 464//1278
f 1001//1279 859//1279 1006//1279
f 1006//1280 859//1280 460//1280
f 1006//1281 460//1281 462//1281
f 852//1282 851//1282 1004//1282
f 1004//1283 851//1283 1003//1283
f 852//1284 1004//1284 1005//1284
f 837//1285 1008//1285 835//1285
f 835//1286 1008//1286 1009//1286
f 835//1287 1009//1287 833//1287
f 833//1288 1009//1288 831//1288
f 1008//1289 1010//1289 1009//1289
f 1009//1290 1010//1290 1011//1290
f 1009//1291 1011//1291 831//1291
f 831//1292 1011//1292 1012//1292
f 831//1293 1012//1293 829//1293
f 829//1294 1012//1294 1013//1294
f 829//1295 1013//1295 827//1295
f 827//1296 1013//1296 1014//1296
f 827//1297 1014//1297 1015//1297
f 1015//1298 1014//1298 500//1298
f 1015//1299 500//1299 502//1299
f 1008//1300 837//1300 1016//1300
f 1016//1301 837//1301 839//1301
f 1016//1302 839//1302 1017//1302
f 1017//1303 839//1303 841//1303
f 1017//1304 841//1304 1018//1304
f 1018//1305 841//1305 843//1305
f 1018//1306 843//1306 1019//1306
f 1019//1307 843//1307 845//1307
f 1019//1308 845//1308 1020//1308
f 1020//1309 845//1309 847//1309
f 1020//1310 847//1310 469//1310
f 1010//1311 1021//1311 1011//1311
f 1011//1312 1021//1312 1022//1312
f 1011//1313 1022//1313 1012//1313
f 1012//1314 1022//1314 1013//1314
f 1010//1315 1008//1315 1023//1315
f 1023//1316 1008//1316 1016//1316
f 1023//1317 1016//1317 1024//1317
f 1024//1318 1016//1318 1017//1318
f 1024//1319 1017//1319 1025//1319
f 1025//1320 1017//1320 1018//1320
f 1025//1321 1018//1321 1026//1321
f 1026//1322 1018//1322 1019//1322
f 1026//1323 1019//1323 1027//1323
f 1027//1324 1019//1324 1020//1324
f 1027//1325 1020//1325 1028//1325
f 1028//1326 1020//1326 469//1326
f 1028//1327 469//1327 1029//1327
f 1029//1328 469//1328 470//1328
f 1029//1329 470//1329 472//1329
f 1021//1330 1030//1330 1022//1330
f 1022//1331 1030//1331 1031//1331
f 1022//1332 1031//1332 1013//1332
f 1013//1333 1031//1333 1014//1333
f 1021//1334 1010//1334 1032//1334
f 1032//1335 1010//1335 1023//1335
f 1032//1336 1023//1336 1033//1336
f 1033//1337 1023//1337 1024//1337
f 1033//1338 1024//1338 1034//1338
f 1034//1339 1024//1339 1025//1339
f 1034//1340 1025//1340 1035//1340
f 1035//1341 1025//1341 1026//1341
f 1035//1342 1026//1342 1036//1342
f 1036//1343 1026//1343 1027//1343
f 1036//1344 1027//1344 1028//1344
f 1037//1345 1028//1345 1029//1345
f 1037//1346 1029//1346 1038//1346
f 1038//1347 1029//1347 472//1347
f 1038//1348 472//1348 474//1348
f 1030//1349 496//1349 1031//1349
f 1031//1350 496//1350 498//1350
f 1031//1351 498//1351 1014//1351
f 1014//1352 498//1352 500//1352
f 1030//1353 1021//1353 1039//1353
f 1039//1354 1021//1354 1032//1354
f 1039//1355 1032//1355 1040//1355
f 1040//1356 1032//1356 1033//1356
f 1040//1357 1033//1357 1041//1357
f 1041//1358 1033//1358 1034//1358
f 1041//1359 1034//1359 1042//1359
f 1042//1360 1034//1360 1035//1360
f 1042//1361 1035//1361 1043//1361
f 1043//1362 1035//1362 1036//1362
f 1043//1363 1036//1363 1044//1363
f 1044//1364 1036//1364 1028//1364
f 1044//1365 1028//1365 1045//1365
f 1045//1366 1028//1366 1037//1366
f 1045//1367 1037//1367 1046//1367
f 1046//1368 1037//1368 1038//1368
f 1046//1369 1038//1369 476//1369
f 476//1370 1038//1370 474//1370
f 496//1371 1030//1371 494//1371
f 494//1372 1030//1372 1039//1372
f 494//1373 1039//1373 492//1373
f 492//1374 1039//1374 1040//1374
f 492//1375 1040//1375 490//1375
f 490//1376 1040//1376 1041//1376
f 490//1377 1041//1377 488//1377
f 488//1378 1041//1378 1042//1378
f 488//1379 1042//1379 486//1379
f 486//1380 1042//1380 1043//1380
f 486//1381 1043//1381 484//1381
f 484//1382 1043//1382 1044//1382
f 484//1383 1044//1383 482//1383
f 482//1384 1044//1384 1045//1384
f 482//1385 1045//1385 480//1385
f 480//1386 1045//1386 1046//1386
f 480//1387 1046//1387 478//1387
f 478//1388 1046//1388 476//1388
f 497//1389 1047//1389 499//1389
f 499//1390 1047//1390 1048//1390
f 499//1391 1048//1391 501//1391
f 501//1392 1048//1392 1049//1392
f 501//1393 1049//1393 503//1393
f 503//1394 1049//1394 1050//1394
f 503//1395 1050//1395 505//1395
f 505//1396 1050//1396 1051//1396
f 505//1397 1051//1397 507//1397
f 507//1398 1051//1398 1052//1398
f 507//1399 1052//1399 509//1399
f 509//1400 1052//1400 511//1400
f 1047//1401 1053//1401 1048//1401
f 1048//1402 1053//1402 1054//1402
f 1048//1403 1054//1403 1049//1403
f 1049//1404 1054//1404 1055//1404
f 1049//1405 1055//1405 1050//1405
f 1050//1406 1055//1406 1056//1406
f 1050//1407 1056//1407 1051//1407
f 1051//1408 1056//1408 1057//1408
f 1051//1409 1057//1409 1052//1409
f 1052//1410 1057//1410 513//1410
f 1052//1411 513//1411 511//1411
f 1047//1412 497//1412 1058//1412
f 1058//1413 497//1413 495//1413
f 1058//1414 495//1414 1059//1414
f 1059//1415 495//1415 493//1415
f 1059//1416 493//1416 1060//1416
f 1060//1417 493//1417 491//1417
f 1060//1418 491//1418 1061//1418
f 1061//1419 491//1419 489//1419
f 1061//1420 489//1420 548//1420
f 548//1421 489//1421 487//1421
f 1053//1422 1062//1422 1054//1422
f 1054//1423 1062//1423 1063//1423
f 1054//1424 1063//1424 1055//1424
f 1055//1425 1063//1425 1064//1425
f 1055//1426 1064//1426 1056//1426
f 1056//1427 1064//1427 1065//1427
f 1056//1428 1065//1428 1057//1428
f 1057//1429 1065//1429 515//1429
f 1057//1430 515//1430 513//1430
f 1053//1431 1047//1431 1066//1431
f 1066//1432 1047//1432 1058//1432
f 1066//1433 1058//1433 1067//1433
f 1067//1434 1058//1434 1059//1434
f 1067//1435 1059//1435 1068//1435
f 1068//1436 1059//1436 1060//1436
f 1068//1437 1060//1437 1069//1437
f 1069//1438 1060//1438 1061//1438
f 1069//1439 1061//1439 546//1439
f 546//1440 1061//1440 548//1440
f 1062//1441 1070//1441 1063//1441
f 1063//1442 1070//1442 1071//1442
f 1063//1443 1071//1443 1064//1443
f 1064//1444 1071//1444 1072//1444
f 1064//1445 1072//1445 1065//1445
f 1065//1446 1072//1446 517//1446
f 1065//1447 517//1447 515//1447
f 1062//1448 1053//1448 1073//1448
f 1073//1449 1053//1449 1066//1449
f 1073//1450 1066//1450 1074//1450
f 1074//1451 1066//1451 1067//1451
f 1074//1452 1067//1452 1075//1452
f 1075//1453 1067//1453 1068//1453
f 1075//1454 1068//1454 1076//1454
f 1076//1455 1068//1455 1069//1455
f 1076//1456 1069//1456 544//1456
f 544//1457 1069//1457 546//1457
f 1070//1458 1077//1458 1071//1458
f 1071//1459 1077//1459 1078//1459
f 1071//1460 1078//1460 1072//1460
f 1072//1461 1078//1461 519//1461
f 1072//1462 519//1462 517//1462
f 1070//1463 1062//1463 1079//1463
f 1079//1464 1062//1464 1073//1464
f 1079//1465 1073//1465 1080//1465
f 1080//1466 1073//1466 1074//1466
f 1080//1467 1074//1467 1081//1467
f 1081//1468 1074//1468 1075//1468
f 1081//1469 1075//1469 1082//1469
f 1082//1470 1075//1470 1076//1470
f 1082//1471 1076//1471 542//1471
f 542//1472 1076//1472 544//1472
f 1077//1473 1083//1473 1078//1473
f 1078//1474 1083//1474 521//1474
f 1078//1475 521//1475 519//1475
f 1077//1476 1070//1476 1084//1476
f 1084//1477 1070//1477 1079//1477
f 1084//1478 1079//1478 1085//1478
f 1085//1479 1079//1479 1080//1479
f 1085//1480 1080//1480 1086//1480
f 1086//1481 1080//1481 1081//1481
f 1086//1482 1081//1482 1087//1482
f 1087//1483 1081//1483 1082//1483
f 1087//1484 1082//1484 540//1484
f 540//1485 1082//1485 542//1485
f 521//1486 1083//1486 523//1486
f 523//1487 1083//1487 1088//1487
f 523//1488 1088//1488 525//1488
f 525//1489 1088//1489 1089//1489
f 525//1490 1089//1490 527//1490
f 527//1491 1089//1491 1090//1491
f 527//1492 1090//1492 528//1492
f 528//1493 1090//1493 529//1493
f 1083//1494 1077//1494 1091//1494
f 1091//1495 1077//1495 1084//1495
f 1091//1496 1084//1496 1092//1496
f 1092//1497 1084//1497 1085//1497
f 1092//1498 1085//1498 1093//1498
f 1093//1499 1085//1499 1086//1499
f 1093//1500 1086//1500 1094//1500
f 1094//1501 1086//1501 1087//1501
f 1094//1502 1087//1502 538//1502
f 538//1503 1087//1503 540//1503
f 741//1504 1095//1504 1096//1504
f 1096//1505 1095//1505 1097//1505
f 1096//1506 1097//1506 1098//1506
f 1098//1507 1097//1507 769//1507
f 1098//1508 769//1508 771//1508
f 1095//1509 766//1509 1097//1509
f 1097//1510 766//1510 767//1510
f 1097//1511 767//1511 769//1511
f 741//1512 740//1512 1095//1512
f 1095//1513 740//1513 765//1513
f 1095//1514 765//1514 766//1514
f 741//1515 1096//1515 742//1515
f 742//1516 1096//1516 1099//1516
f 742//1517 1099//1517 743//1517
f 743//1518 1099//1518 1100//1518
f 743//1519 1100//1519 744//1519
f 744//1520 1100//1520 1101//1520
f 744//1521 1101//1521 745//1521
f 745//1522 1101//1522 1102//1522
f 745//1523 1102//1523 746//1523
f 746//1524 1102//1524 1103//1524
f 746//1525 1103//1525 747//1525
f 747//1526 1103//1526 750//1526
f 747//1527 750//1527 748//1527
f 1099//1528 1096//1528 1098//1528
f 855//1529 850//1529 849//1529
f 697//1530 998//1530 695//1530
f 695//1531 998//1531 999//1531
f 695//1532 999//1532 693//1532
f 693//1533 999//1533 1000//1533
f 693//1534 1000//1534 691//1534
f 690//1535 691//1535 439//1535
f 690//1536 439//1536 689//1536
f 689//1537 439//1537 437//1537
f 689//1538 437//1538 687//1538
f 687//1539 437//1539 435//1539
f 687//1540 435//1540 685//1540
f 684//1541 685//1541 682//1541
f 459//1542 696//1542 461//1542
f 461//1543 696//1543 709//1543
f 461//1544 709//1544 463//1544
f 463//1545 709//1545 708//1545
f 463//1546 708//1546 465//1546
f 465//1547 708//1547 466//1547
f 468//1548 705//1548 470//1548
f 470//1549 705//1549 471//1549
f 471//1550 702//1550 473//1550
f 852//1551 1005//1551 853//1551
f 853//1552 1005//1552 1007//1552
f 853//1553 1007//1553 854//1553
f 854//1554 1007//1554 464//1554
f 854//1555 464//1555 465//1555
f 1092//1556 1104//1556 1091//1556
f 1091//1557 1104//1557 1088//1557
f 1091//1558 1088//1558 1083//1558
f 1088//1559 1104//1559 1089//1559
f 1089//1560 1104//1560 1105//1560
f 1089//1561 1105//1561 1090//1561
f 1090//1562 1105//1562 1106//1562
f 1090//1563 1106//1563 529//1563
f 529//1564 1106//1564 532//1564
f 529//1565 532//1565 530//1565
f 1104//1566 1092//1566 1107//1566
f 1107//1567 1092//1567 1093//1567
f 1107//1568 1093//1568 1108//1568
f 1108//1569 1093//1569 1094//1569
f 1108//1570 1094//1570 536//1570
f 536//1571 1094//1571 538//1571
f 765//1572 740//1572 102//1572
f 622//1573 621//1573 634//1573
f 634//1574 621//1574 620//1574
f 634//1575 620//1575 619//1575
f 634//1576 635//1576 622//1576
f 622//1577 635//1577 623//1577
f 635//1578 637//1578 623//1578
f 623//1579 637//1579 624//1579
f 637//1580 639//1580 624//1580
f 624//1581 639//1581 625//1581
f 639//1582 641//1582 625//1582
f 625//1583 641//1583 626//1583
f 641//1584 643//1584 626//1584
f 626//1585 643//1585 627//1585
f 643//1586 645//1586 627//1586
f 627//1587 645//1587 628//1587
f 645//1588 647//1588 628//1588
f 628//1589 647//1589 629//1589
f 647//1590 649//1590 629//1590
f 629//1591 649//1591 630//1591
f 649//1592 651//1592 630//1592
f 630//1593 651//1593 572//1593
f 651//1594 573//1594 572//1594
f 708//1595 694//1595 692//1595
f 1104//1596 1107//1596 1105//1596
f 1105//1597 1107//1597 1109//1597
f 1105//1598 1109//1598 1106//1598
f 1106//1599 1109//1599 532//1599
f 1109//1600 1107//1600 1108//1600
f 708//1601 692//1601 707//1601
f 707//1602 692//1602 690//1602
f 707//1603 690//1603 1110//1603
f 1110//1604 690//1604 689//1604
f 1110//1605 689//1605 688//1605
f 706//1606 1111//1606 705//1606
f 705//1607 1111//1607 704//1607
f 704//1608 699//1608 703//1608
f 703//1609 699//1609 698//1609
f 706//1610 707//1610 1110//1610
f 1109//1611 1108//1611 534//1611
f 534//1612 1108//1612 536//1612
f 534//1613 532//1613 1109//1613
f 655//1614 654//1614 653//1614
f 656//1615 655//1615 1112//1615
f 1112//1616 655//1616 653//1616
f 1112//1617 653//1617 1113//1617
f 1113//1618 653//1618 663//1618
f 1113//1619 663//1619 666//1619
f 656//1620 1112//1620 676//1620
f 676//1621 1112//1621 1113//1621
f 676//1622 1113//1622 674//1622
f 674//1623 1113//1623 673//1623
f 658//1624 657//1624 675//1624
f 659//1625 658//1625 675//1625
f 660//1626 659//1626 1114//1626
f 1114//1627 659//1627 675//1627
f 1114//1628 675//1628 1115//1628
f 1115//1629 675//1629 674//1629
f 1115//1630 674//1630 672//1630
f 661//1631 660//1631 1116//1631
f 1116//1632 660//1632 1114//1632
f 1116//1633 1114//1633 1117//1633
f 1117//1634 1114//1634 1115//1634
f 1117//1635 1115//1635 1118//1635
f 1118//1636 1115//1636 672//1636
f 1118//1637 672//1637 671//1637
f 681//1638 661//1638 1116//1638
f 681//1639 1116//1639 1117//1639
f 1119//1640 1117//1640 1118//1640
f 1119//1641 1118//1641 671//1641
f 681//1642 1120//1642 679//1642
f 679//1643 1120//1643 1121//1643
f 679//1644 1121//1644 678//1644
f 678//1645 1121//1645 671//1645
f 1120//1646 681//1646 1117//1646
f 423//1647 662//1647 680//1647
f 423//1648 680//1648 425//1648
f 425//1649 680//1649 574//1649
f 574//1650 677//1650 428//1650
f 428//1651 677//1651 430//1651
f 574//1652 680//1652 679//1652
f 706//1653 1110//1653 1111//1653
f 1111//1654 1110//1654 688//1654
f 1111//1655 688//1655 701//1655
f 1111//1656 701//1656 704//1656
f 704//1657 701//1657 699//1657
f 547//1658 549//1658 722//1658
f 721//1659 713//1659 712//1659
f 545//1660 547//1660 1122//1660
f 1122//1661 547//1661 722//1661
f 1122//1662 722//1662 720//1662
f 545//1663 1122//1663 730//1663
f 730//1664 1122//1664 1123//1664
f 730//1665 1123//1665 728//1665
f 728//1666 1123//1666 718//1666
f 728//1667 718//1667 726//1667
f 726//1668 718//1668 717//1668
f 1123//1669 1122//1669 720//1669
f 541//1670 543//1670 729//1670
f 541//1671 729//1671 736//1671
f 736//1672 729//1672 727//1672
f 736//1673 727//1673 734//1673
f 734//1674 727//1674 725//1674
f 734//1675 725//1675 724//1675
f 537//1676 539//1676 735//1676
f 535//1677 537//1677 1124//1677
f 1124//1678 537//1678 735//1678
f 1124//1679 735//1679 733//1679
f 533//1680 535//1680 1125//1680
f 1125//1681 535//1681 1124//1681
f 1125//1682 1124//1682 1126//1682
f 1126//1683 1124//1683 733//1683
f 1126//1684 733//1684 732//1684
f 531//1685 533//1685 1127//1685
f 1127//1686 533//1686 1125//1686
f 1127//1687 1125//1687 1128//1687
f 1128//1688 1125//1688 1126//1688
f 1128//1689 1126//1689 731//1689
f 731//1690 1126//1690 732//1690
f 738//1691 739//1691 1127//1691
f 1127//1692 739//1692 531//1692
f 738//1693 1127//1693 1128//1693
f 1120//1694 1117//1694 1119//1694
f 677//1695 574//1695 678//1695
f 678//1696 574//1696 679//1696
f 700//1697 686//1697 684//1697
f 700//1698 684//1698 683//1698
f 715//1699 721//1699 716//1699
f 716//1700 721//1700 712//1700
f 718//1701 1123//1701 719//1701
f 719//1702 1123//1702 720//1702
f 737//1703 738//1703 1128//1703
f 737//1704 1128//1704 731//1704
f 670//1705 673//1705 666//1705
f 666//1706 673//1706 1113//1706
f 671//1707 1121//1707 1119//1707
f 1119//1708 1121//1708 1120//1708
f 1099//1709 1098//1709 1129//1709
f 1129//1710 1098//1710 771//1710
f 1129//1711 771//1711 773//1711
f 1099//1712 1129//1712 1100//1712
f 1100//1713 1129//1713 1130//1713
f 1100//1714 1130//1714 1101//1714
f 1101//1715 1130//1715 1131//1715
f 1101//1716 1131//1716 1102//1716
f 1102//1717 1131//1717 1132//1717
f 1102//1718 1132//1718 1103//1718
f 1103//1719 1132//1719 752//1719
f 1103//1720 752//1720 750//1720
f 1130//1721 1129//1721 773//1721
f 825//1722 827//1722 1015//1722
f 1015//1723 502//1723 825//1723
f 1131//1724 1130//1724 775//1724
f 775//1725 1130//1725 773//1725
f 779//1726 782//1726 1133//1726
f 1133//1727 782//1727 783//1727
f 1133//1728 783//1728 1134//1728
f 1134//1729 783//1729 111//1729
f 1134//1730 111//1730 763//1730
f 779//1731 778//1731 782//1731
f 779//1732 1133//1732 780//1732
f 780//1733 1133//1733 1135//1733
f 780//1734 1135//1734 781//1734
f 781//1735 1135//1735 759//1735
f 781//1736 759//1736 757//1736
f 1135//1737 1133//1737 1134//1737
f 1132//1738 1131//1738 777//1738
f 777//1739 1131//1739 775//1739
f 754//1740 752//1740 1132//1740
f 1132//1741 777//1741 754//1741
f 761//1742 759//1742 1135//1742
f 763//1743 761//1743 1134//1743
f 1134//1744 761//1744 1135//1744
f 799//1745 764//1745 114//1745
f 812//1746 760//1746 762//1746
f 812//1747 762//1747 800//1747
f 821//1748 755//1748 758//1748
f 823//1749 751//1749 753//1749
f 797//1750 799//1750 784//1750
f 784//1751 799//1751 114//1751
f 810//1752 812//1752 800//1752
f 810//1753 800//1753 798//1753
f 820//1754 813//1754 811//1754
f 795//1755 797//1755 785//1755
f 785//1756 797//1756 784//1756
f 808//1757 810//1757 798//1757
f 808//1758 798//1758 796//1758
f 817//1759 820//1759 811//1759
f 793//1760 795//1760 786//1760
f 786//1761 795//1761 785//1761
f 806//1762 808//1762 796//1762
f 806//1763 796//1763 794//1763
f 806//1764 794//1764 804//1764
f 804//1765 794//1765 792//1765
f 804//1766 792//1766 791//1766
f 786//1767 787//1767 793//1767
f 793//1768 787//1768 789//1768
f 62//1769 64//1769 1136//1769
f 1136//1770 64//1770 1137//1770
f 1138//1771 1139//1771 1137//1771
f 1137//1772 1139//1772 1140//1772
f 1137//1773 1140//1773 1136//1773
f 1136//1774 1140//1774 1141//1774
f 1136//1775 1141//1775 62//1775
f 62//1776 1141//1776 61//1776
f 61//1777 1141//1777 1142//1777
f 61//1778 1142//1778 59//1778
f 1144//1779 1143//1779 1145//1779
f 1144//1780 1145//1780 1146//1780
f 54//1781 1146//1781 1147//1781
f 54//1782 1147//1782 1148//1782
f 1148//1783 1147//1783 1149//1783
f 1148//1784 1149//1784 1150//1784
f 1150//1785 1149//1785 1151//1785
f 1150//1786 1151//1786 1152//1786
f 1152//1787 1151//1787 1153//1787
f 1152//1788 1153//1788 48//1788
f 48//1789 1153//1789 1154//1789
f 48//1790 1154//1790 1155//1790
f 1155//1791 1154//1791 1156//1791
f 1155//1792 1156//1792 1157//1792
f 1157//1793 1156//1793 1158//1793
f 1157//1794 1158//1794 1159//1794
f 1159//1795 1158//1795 1160//1795
f 1159//1796 1160//1796 43//1796
f 43//1797 1160//1797 1161//1797
f 43//1798 1161//1798 1162//1798
f 1162//1799 1161//1799 1163//1799
f 1162//1800 1163//1800 1164//1800
f 1164//1801 1163//1801 1165//1801
f 1164//1802 1165//1802 1166//1802
f 1166//1803 1165//1803 1167//1803
f 1166//1804 1167//1804 1168//1804
f 1168//1805 1167//1805 1169//1805
f 1168//1806 1169//1806 1170//1806
f 1170//1807 1169//1807 1171//1807
f 1170//1808 1171//1808 1172//1808
f 1172//1809 1171//1809 1173//1809
f 1173//1810 1171//1810 1174//1810
f 1173//1811 1174//1811 1175//1811
f 1175//1812 1174//1812 1176//1812
f 1139//1813 1138//1813 1177//1813
f 1177//1814 1138//1814 1178//1814
f 1177//1815 1178//1815 1179//1815
f 1179//1816 1178//1816 1180//1816
f 1179//1817 1180//1817 1181//1817
f 1181//1818 1180//1818 1182//1818
f 1181//1819 1182//1819 1183//1819
f 1183//1820 1182//1820 1184//1820
f 1183//1821 1184//1821 1185//1821
f 1185//1822 1184//1822 1186//1822
f 1185//1823 1186//1823 1187//1823
f 1187//1824 1186//1824 1188//1824
f 1187//1825 1188//1825 1189//1825
f 1189//1826 1188//1826 1190//1826
f 1189//1827 1190//1827 1191//1827
f 1191//1828 1190//1828 1192//1828
f 1191//1829 1192//1829 1193//1829
f 1193//1830 1192//1830 1194//1830
f 1193//1831 1194//1831 1195//1831
f 1195//1832 1194//1832 1196//1832
f 1195//1833 1196//1833 1197//1833
f 1197//1834 1196//1834 1198//1834
f 1197//1835 1198//1835 1199//1835
f 1199//1836 1198//1836 1200//1836
f 1199//1837 1200//1837 1201//1837
f 1201//1838 1200//1838 1202//1838
f 1201//1839 1202//1839 1203//1839
f 1203//1840 1202//1840 1204//1840
f 1203//1841 1204//1841 1205//1841
f 1205//1842 1204//1842 1206//1842
f 1205//1843 1206//1843 1207//1843
f 1207//1844 1206//1844 1208//1844
f 1207//1845 1208//1845 1209//1845
f 1209//1846 1208//1846 1210//1846
f 1209//1847 1210//1847 1211//1847
f 1211//1848 1210//1848 1212//1848
f 1211//1849 1212//1849 1213//1849
f 1213//1850 1212//1850 1214//1850
f 1213//1851 1214//1851 1215//1851
f 1216//1852 1217//1852 1178//1852
f 1178//1853 1217//1853 1218//1853
f 1178//1854 1218//1854 1180//1854
f 1180//1855 1218//1855 1182//1855
f 1216//1856 1219//1856 1217//1856
f 1217//1857 1219//1857 1220//1857
f 1217//1858 1220//1858 1221//1858
f 1221//1859 1220//1859 1222//1859
f 1221//1860 1222//1860 1223//1860
f 1223//1861 1222//1861 1224//1861
f 1223//1862 1224//1862 1225//1862
f 1225//1863 1224//1863 1226//1863
f 1225//1864 1226//1864 1227//1864
f 1227//1865 1226//1865 1228//1865
f 1227//1866 1228//1866 1229//1866
f 1229//1867 1228//1867 1230//1867
f 1229//1868 1230//1868 1231//1868
f 1231//1869 1230//1869 1232//1869
f 1231//1870 1232//1870 1233//1870
f 1233//1871 1232//1871 1234//1871
f 1233//1872 1234//1872 1235//1872
f 1235//1873 1234//1873 1236//1873
f 1235//1874 1236//1874 1237//1874
f 1237//1875 1236//1875 1238//1875
f 1237//1876 1238//1876 1239//1876
f 1239//1877 1238//1877 1240//1877
f 1239//1878 1240//1878 1241//1878
f 1241//1879 1240//1879 1242//1879
f 1241//1880 1242//1880 1243//1880
f 1243//1881 1242//1881 1244//1881
f 1243//1882 1244//1882 1245//1882
f 1245//1883 1244//1883 1246//1883
f 1245//1884 1246//1884 1247//1884
f 1247//1885 1246//1885 1248//1885
f 1248//1886 1246//1886 1244//1886
f 1248//1887 1244//1887 1249//1887
f 1249//1888 1244//1888 1250//1888
f 1249//1889 1250//1889 1251//1889
f 1251//1890 1250//1890 1252//1890
f 1251//1891 1252//1891 1253//1891
f 1253//1892 1252//1892 1254//1892
f 1253//1893 1254//1893 1255//1893
f 1255//1894 1254//1894 1256//1894
f 1255//1895 1256//1895 1257//1895
f 1257//1896 1256//1896 1258//1896
f 1257//1897 1258//1897 1259//1897
f 1259//1898 1258//1898 1260//1898
f 1259//1899 1260//1899 1261//1899
f 1261//1900 1260//1900 1262//1900
f 1261//1901 1262//1901 1263//1901
f 1263//1902 1262//1902 1264//1902
f 1263//1903 1264//1903 1265//1903
f 1265//1904 1264//1904 1266//1904
f 1266//1905 1267//1905 1268//1905
f 1268//1906 1267//1906 1269//1906
f 1269//1907 1270//1907 1271//1907
f 1271//1908 1270//1908 1272//1908
f 1271//1909 1272//1909 1273//1909
f 1271//1910 1273//1910 1274//1910
f 1275//1911 1274//1911 1276//1911
f 1275//1912 1276//1912 1277//1912
f 1277//1913 1276//1913 1278//1913
f 1277//1914 1278//1914 1279//1914
f 1279//1915 1278//1915 1280//1915
f 1279//1916 1280//1916 1281//1916
f 1282//1917 1281//1917 1283//1917
f 1282//1918 1283//1918 1284//1918
f 1284//1919 1283//1919 1285//1919
f 1284//1920 1285//1920 1286//1920
f 1286//1921 1285//1921 1287//1921
f 1286//1922 1287//1922 1288//1922
f 1288//1923 1287//1923 1289//1923
f 1288//1924 1289//1924 1290//1924
f 1290//1925 1289//1925 1291//1925
f 1290//1926 1291//1926 1292//1926
f 1292//1927 1291//1927 1293//1927
f 1292//1928 1293//1928 1294//1928
f 1294//1929 1293//1929 1295//1929
f 1294//1930 1295//1930 1296//1930
f 1296//1931 1295//1931 1297//1931
f 1296//1932 1297//1932 1298//1932
f 1298//1933 1297//1933 1299//1933
f 1298//1934 1299//1934 1300//1934
f 1300//1935 1299//1935 1301//1935
f 1300//1936 1301//1936 1302//1936
f 1302//1937 1301//1937 1303//1937
f 1302//1938 1303//1938 1304//1938
f 1304//1939 1303//1939 1305//1939
f 1304//1940 1305//1940 1306//1940
f 1306//1941 1305//1941 1307//1941
f 1306//1942 1307//1942 1308//1942
f 1308//1943 1307//1943 1309//1943
f 1308//1944 1309//1944 1310//1944
f 1310//1945 1309//1945 1311//1945
f 1310//1946 1311//1946 1312//1946
f 1312//1947 1311//1947 1313//1947
f 1312//1948 1313//1948 1314//1948
f 1314//1949 1313//1949 1315//1949
f 1314//1950 1315//1950 1316//1950
f 1316//1951 1315//1951 1317//1951
f 1316//1952 1317//1952 1318//1952
f 1318//1953 1317//1953 1319//1953
f 1318//1954 1319//1954 1320//1954
f 1321//1955 1320//1955 1322//1955
f 1321//1956 1322//1956 1323//1956
f 1323//1957 1322//1957 1324//1957
f 1323//1958 1324//1958 1325//1958
f 1325//1959 1324//1959 1326//1959
f 1325//1960 1326//1960 1327//1960
f 1327//1961 1326//1961 1328//1961
f 1327//1962 1328//1962 1329//1962
f 1329//1963 1328//1963 1330//1963
f 1329//1964 1330//1964 1331//1964
f 1331//1965 1330//1965 1332//1965
f 1331//1966 1332//1966 1333//1966
f 1333//1967 1332//1967 1334//1967
f 1333//1968 1334//1968 1335//1968
f 1335//1969 1334//1969 1336//1969
f 1335//1970 1336//1970 1337//1970
f 1337//1971 1336//1971 1338//1971
f 1337//1972 1338//1972 1339//1972
f 1339//1973 1338//1973 1340//1973
f 1339//1974 1340//1974 1341//1974
f 1341//1975 1340//1975 1342//1975
f 1341//1976 1342//1976 1343//1976
f 1343//1977 1342//1977 1344//1977
f 1343//1978 1344//1978 1345//1978
f 1345//1979 1344//1979 1346//1979
f 1345//1980 1346//1980 1347//1980
f 1347//1981 1346//1981 1348//1981
f 1347//1982 1348//1982 1349//1982
f 1349//1983 1348//1983 1350//1983
f 1349//1984 1350//1984 1351//1984
f 1351//1985 1350//1985 1352//1985
f 1351//1986 1352//1986 1353//1986
f 1353//1987 1352//1987 1354//1987
f 1353//1988 1354//1988 1355//1988
f 1355//1989 1354//1989 1356//1989
f 1355//1990 1356//1990 1357//1990
f 1357//1991 1356//1991 1358//1991
f 1357//1992 1358//1992 1359//1992
f 1359//1993 1358//1993 1360//1993
f 1360//1994 1358//1994 1361//1994
f 1360//1995 1361//1995 1362//1995
f 1362//1996 1361//1996 1363//1996
f 1362//1997 1363//1997 1364//1997
f 1364//1998 1363//1998 1365//1998
f 1364//1999 1365//1999 1366//1999
f 1366//2000 1365//2000 1367//2000
f 1366//2001 1367//2001 1368//2001
f 1368//2002 1367//2002 1369//2002
f 1368//2003 1369//2003 1370//2003
f 1370//2004 1369//2004 1371//2004
f 1370//2005 1371//2005 1372//2005
f 1372//2006 1371//2006 1373//2006
f 1372//2007 1373//2007 1374//2007
f 1374//2008 1373//2008 1375//2008
f 1374//2009 1375//2009 1376//2009
f 1376//2010 1375//2010 1377//2010
f 1376//2011 1377//2011 1378//2011
f 1378//2012 1377//2012 1379//2012
f 1378//2013 1379//2013 1380//2013
f 1380//2014 1379//2014 1381//2014
f 1380//2015 1381//2015 1382//2015
f 1382//2016 1381//2016 1354//2016
f 1382//2017 1354//2017 1352//2017
f 1220//2018 1219//2018 1383//2018
f 1383//2019 1219//2019 1384//2019
f 1383//2020 1384//2020 1385//2020
f 1385//2021 1384//2021 1386//2021
f 1385//2022 1386//2022 1387//2022
f 1387//2023 1386//2023 1388//2023
f 1387//2024 1388//2024 1389//2024
f 1389//2025 1388//2025 1390//2025
f 1389//2026 1390//2026 1391//2026
f 1391//2027 1390//2027 1392//2027
f 1391//2028 1392//2028 1393//2028
f 1393//2029 1392//2029 1394//2029
f 1393//2030 1394//2030 1395//2030
f 1395//2031 1394//2031 1396//2031
f 1395//2032 1396//2032 1397//2032
f 1397//2033 1396//2033 1398//2033
f 1397//2034 1398//2034 1399//2034
f 1399//2035 1398//2035 1400//2035
f 1399//2036 1400//2036 1401//2036
f 1401//2037 1400//2037 1402//2037
f 1401//2038 1402//2038 1403//2038
f 1403//2039 1402//2039 1254//2039
f 1403//2040 1254//2040 1252//2040
f 1404//2041 1405//2041 1384//2041
f 1384//2042 1405//2042 1406//2042
f 1384//2043 1406//2043 1386//2043
f 1386//2044 1406//2044 1388//2044
f 1407//2045 1408//2045 1404//2045
f 1404//2046 1408//2046 1409//2046
f 1404//2047 1409//2047 1405//2047
f 1405//2048 1409//2048 1410//2048
f 1405//2049 1410//2049 1411//2049
f 1411//2050 1410//2050 1412//2050
f 1411//2051 1412//2051 1390//2051
f 1390//2052 1412//2052 1392//2052
f 1272//2053 1413//2053 1407//2053
f 1407//2054 1413//2054 1414//2054
f 1407//2055 1414//2055 1415//2055
f 1415//2056 1414//2056 1416//2056
f 1415//2057 1416//2057 1417//2057
f 1417//2058 1416//2058 1418//2058
f 1418//2059 1419//2059 1420//2059
f 1420//2060 1419//2060 1421//2060
f 1420//2061 1421//2061 1412//2061
f 1412//2062 1421//2062 1392//2062
f 1274//2063 1273//2063 1422//2063
f 1422//2064 1273//2064 1423//2064
f 1422//2065 1423//2065 1424//2065
f 1424//2066 1423//2066 1425//2066
f 1424//2067 1425//2067 1426//2067
f 1426//2068 1425//2068 1427//2068
f 1426//2069 1427//2069 1428//2069
f 1428//2070 1427//2070 1429//2070
f 1428//2071 1429//2071 1430//2071
f 1432//2072 1431//2072 1433//2072
f 1432//2073 1433//2073 1434//2073
f 1434//2074 1433//2074 1435//2074
f 1434//2075 1435//2075 1436//2075
f 1436//2076 1435//2076 1297//2076
f 1436//2077 1297//2077 1295//2077
f 1437//2078 1438//2078 1423//2078
f 1423//2079 1438//2079 1425//2079
f 1313//2080 1439//2080 1437//2080
f 1437//2081 1439//2081 1440//2081
f 1437//2082 1440//2082 1441//2082
f 1441//2083 1440//2083 1442//2083
f 1441//2084 1442//2084 1443//2084
f 1443//2085 1442//2085 1444//2085
f 1443//2086 1444//2086 1445//2086
f 1445//2087 1444//2087 1446//2087
f 1446//2088 1447//2088 1431//2088
f 1431//2089 1447//2089 1433//2089
f 1449//2090 1450//2090 1451//2090
f 1451//2091 1450//2091 1452//2091
f 1451//2092 1452//2092 1453//2092
f 1453//2093 1452//2093 1454//2093
f 1453//2094 1454//2094 1455//2094
f 1455//2095 1454//2095 1456//2095
f 1455//2096 1456//2096 1326//2096
f 1326//2097 1456//2097 1328//2097
f 1315//2098 1457//2098 1448//2098
f 1448//2099 1457//2099 1458//2099
f 1448//2100 1458//2100 1459//2100
f 1459//2101 1458//2101 1460//2101
f 1459//2102 1460//2102 1461//2102
f 1461//2103 1460//2103 1462//2103
f 1461//2104 1462//2104 1463//2104
f 1463//2105 1462//2105 1464//2105
f 1463//2106 1464//2106 1465//2106
f 1463//2107 1465//2107 1466//2107
f 1466//2108 1465//2108 1467//2108
f 1466//2109 1467//2109 1452//2109
f 1452//2110 1467//2110 1454//2110
f 1462//2111 1468//2111 1464//2111
f 1464//2112 1468//2112 1465//2112
f 1469//2113 1470//2113 1468//2113
f 1468//2114 1470//2114 1471//2114
f 1468//2115 1471//2115 1465//2115
f 1465//2116 1471//2116 1467//2116
f 1467//2117 1471//2117 1472//2117
f 1467//2118 1472//2118 1454//2118
f 1454//2119 1472//2119 1456//2119
f 1473//2120 1474//2120 1469//2120
f 1469//2121 1474//2121 1475//2121
f 1469//2122 1475//2122 1471//2122
f 1471//2123 1475//2123 1476//2123
f 1471//2124 1476//2124 1472//2124
f 1472//2125 1476//2125 1477//2125
f 1472//2126 1477//2126 1456//2126
f 1456//2127 1477//2127 1328//2127
f 1478//2128 1479//2128 1473//2128
f 1473//2129 1479//2129 1480//2129
f 1473//2130 1480//2130 1481//2130
f 1481//2131 1480//2131 1482//2131
f 1481//2132 1482//2132 1474//2132
f 1474//2133 1482//2133 1475//2133
f 1483//2134 1484//2134 1478//2134
f 1478//2135 1484//2135 1485//2135
f 1478//2136 1485//2136 1486//2136
f 1486//2137 1485//2137 1487//2137
f 1486//2138 1487//2138 1488//2138
f 1488//2139 1487//2139 1489//2139
f 1488//2140 1489//2140 1490//2140
f 1490//2141 1489//2141 1491//2141
f 1490//2142 1491//2142 1340//2142
f 1340//2143 1491//2143 1342//2143
f 1492//2144 1493//2144 1483//2144
f 1483//2145 1493//2145 1494//2145
f 1483//2146 1494//2146 1485//2146
f 1485//2147 1494//2147 1487//2147
f 1495//2148 1496//2148 1492//2148
f 1492//2149 1496//2149 1497//2149
f 1492//2150 1497//2150 1498//2150
f 1498//2151 1497//2151 1499//2151
f 1498//2152 1499//2152 1493//2152
f 1493//2153 1499//2153 1494//2153
f 1500//2154 1501//2154 1495//2154
f 1495//2155 1501//2155 1502//2155
f 1495//2156 1502//2156 1496//2156
f 1496//2157 1502//2157 1497//2157
f 1503//2158 1504//2158 1500//2158
f 1500//2159 1504//2159 1505//2159
f 1500//2160 1505//2160 1501//2160
f 1501//2161 1505//2161 1502//2161
f 1506//2162 1507//2162 1503//2162
f 1503//2163 1507//2163 1508//2163
f 1503//2164 1508//2164 1504//2164
f 1504//2165 1508//2165 1509//2165
f 1504//2166 1509//2166 1505//2166
f 1505//2167 1509//2167 1510//2167
f 1505//2168 1510//2168 1511//2168
f 1511//2169 1510//2169 1512//2169
f 1511//2170 1512//2170 1513//2170
f 1513//2171 1512//2171 1514//2171
f 1513//2172 1514//2172 1515//2172
f 1515//2173 1514//2173 1346//2173
f 1515//2174 1346//2174 1344//2174
f 1507//2175 1506//2175 1516//2175
f 1516//2176 1506//2176 1517//2176
f 1516//2177 1517//2177 1374//2177
f 1374//2178 1517//2178 1372//2178
f 1359//2179 1518//2179 1357//2179
f 1357//2180 1518//2180 1355//2180
f 1355//2181 1518//2181 1353//2181
f 1353//2182 1518//2182 1519//2182
f 1353//2183 1519//2183 1351//2183
f 1351//2184 1519//2184 1520//2184
f 1351//2185 1520//2185 1349//2185
f 1349//2186 1520//2186 1521//2186
f 1349//2187 1521//2187 1347//2187
f 1347//2188 1521//2188 1522//2188
f 1347//2189 1522//2189 1345//2189
f 1345//2190 1522//2190 1523//2190
f 1345//2191 1523//2191 1343//2191
f 1343//2192 1523//2192 1524//2192
f 1343//2193 1524//2193 1341//2193
f 1341//2194 1524//2194 1525//2194
f 1341//2195 1525//2195 1339//2195
f 1339//2196 1525//2196 1526//2196
f 1339//2197 1526//2197 1337//2197
f 1337//2198 1526//2198 1527//2198
f 1337//2199 1527//2199 1335//2199
f 1335//2200 1527//2200 1528//2200
f 1335//2201 1528//2201 1333//2201
f 1333//2202 1528//2202 1529//2202
f 1333//2203 1529//2203 1331//2203
f 1331//2204 1529//2204 1530//2204
f 1331//2205 1530//2205 1329//2205
f 1329//2206 1530//2206 1531//2206
f 1329//2207 1531//2207 1327//2207
f 1327//2208 1531//2208 1532//2208
f 1327//2209 1532//2209 1325//2209
f 1325//2210 1532//2210 1533//2210
f 1325//2211 1533//2211 1323//2211
f 1323//2212 1533//2212 1534//2212
f 1323//2213 1534//2213 1321//2213
f 1321//2214 1534//2214 1535//2214
f 1321//2215 1535//2215 1320//2215
f 1320//2216 1535//2216 1536//2216
f 1320//2217 1536//2217 1318//2217
f 1318//2218 1536//2218 1537//2218
f 1318//2219 1537//2219 1316//2219
f 1316//2220 1537//2220 1314//2220
f 1520//2221 1538//2221 1521//2221
f 1521//2222 1538//2222 1522//2222
f 1522//2223 1538//2223 1539//2223
f 1541//2224 1542//2224 1540//2224
f 1540//2225 1542//2225 1543//2225
f 1540//2226 1543//2226 1539//2226
f 1539//2227 1543//2227 1523//2227
f 1539//2228 1523//2228 1522//2228
f 1541//2229 1544//2229 1542//2229
f 1542//2230 1544//2230 1545//2230
f 1542//2231 1545//2231 1546//2231
f 1546//2232 1545//2232 1547//2232
f 1546//2233 1547//2233 1526//2233
f 1526//2234 1547//2234 1527//2234
f 1548//2235 1549//2235 1544//2235
f 1544//2236 1549//2236 1550//2236
f 1544//2237 1550//2237 1545//2237
f 1545//2238 1550//2238 1551//2238
f 1545//2239 1551//2239 1547//2239
f 1547//2240 1551//2240 1552//2240
f 1547//2241 1552//2241 1527//2241
f 1527//2242 1552//2242 1528//2242
f 1553//2243 1554//2243 1548//2243
f 1548//2244 1554//2244 1555//2244
f 1548//2245 1555//2245 1556//2245
f 1556//2246 1555//2246 1557//2246
f 1556//2247 1557//2247 1558//2247
f 1558//2248 1557//2248 1559//2248
f 1558//2249 1559//2249 1560//2249
f 1560//2250 1559//2250 1561//2250
f 1560//2251 1561//2251 1562//2251
f 1562//2252 1561//2252 1563//2252
f 1562//2253 1563//2253 1531//2253
f 1531//2254 1563//2254 1532//2254
f 1564//2255 1565//2255 1553//2255
f 1553//2256 1565//2256 1566//2256
f 1553//2257 1566//2257 1554//2257
f 1554//2258 1566//2258 1567//2258
f 1554//2259 1567//2259 1568//2259
f 1568//2260 1567//2260 1569//2260
f 1568//2261 1569//2261 1570//2261
f 1570//2262 1569//2262 1571//2262
f 1570//2263 1571//2263 1572//2263
f 1572//2264 1571//2264 1573//2264
f 1572//2265 1573//2265 1574//2265
f 1574//2266 1573//2266 1575//2266
f 1574//2267 1575//2267 1576//2267
f 1576//2268 1575//2268 1577//2268
f 1576//2269 1577//2269 1533//2269
f 1533//2270 1577//2270 1534//2270
f 1292//2271 1294//2271 1564//2271
f 1564//2272 1294//2272 1578//2272
f 1564//2273 1578//2273 1579//2273
f 1579//2274 1578//2274 1580//2274
f 1579//2275 1580//2275 1581//2275
f 1581//2276 1580//2276 1582//2276
f 1581//2277 1582//2277 1583//2277
f 1583//2278 1582//2278 1584//2278
f 1583//2279 1584//2279 1585//2279
f 1585//2280 1584//2280 1586//2280
f 1585//2281 1586//2281 1587//2281
f 1587//2282 1586//2282 1588//2282
f 1587//2283 1588//2283 1589//2283
f 1589//2284 1588//2284 1306//2284
f 1589//2285 1306//2285 1590//2285
f 1590//2286 1306//2286 1591//2286
f 1590//2287 1591//2287 1592//2287
f 1592//2288 1591//2288 1593//2288
f 1592//2289 1593//2289 1537//2289
f 1537//2290 1593//2290 1314//2290
f 1290//2291 1594//2291 1595//2291
f 1290//2292 1595//2292 1288//2292
f 1288//2293 1595//2293 1286//2293
f 1595//2294 1594//2294 1596//2294
f 1596//2295 1594//2295 1597//2295
f 1596//2296 1597//2296 1598//2296
f 1598//2297 1597//2297 1599//2297
f 1598//2298 1599//2298 1600//2298
f 1600//2299 1599//2299 1601//2299
f 1600//2300 1601//2300 1602//2300
f 1605//2301 1604//2301 1606//2301
f 1605//2302 1606//2302 1268//2302
f 1599//2303 1597//2303 1607//2303
f 1607//2304 1597//2304 1608//2304
f 1607//2305 1608//2305 1609//2305
f 1609//2306 1608//2306 1610//2306
f 1609//2307 1610//2307 1611//2307
f 1611//2308 1610//2308 1612//2308
f 1611//2309 1612//2309 1613//2309
f 1613//2310 1612//2310 1614//2310
f 1613//2311 1614//2311 1615//2311
f 1615//2312 1614//2312 1616//2312
f 1615//2313 1616//2313 1617//2313
f 1617//2314 1616//2314 1263//2314
f 1617//2315 1263//2315 1265//2315
f 1610//2316 1608//2316 1618//2316
f 1618//2317 1608//2317 1619//2317
f 1618//2318 1619//2318 1620//2318
f 1620//2319 1619//2319 1621//2319
f 1620//2320 1621//2320 1622//2320
f 1622//2321 1621//2321 1623//2321
f 1622//2322 1623//2322 1624//2322
f 1624//2323 1623//2323 1625//2323
f 1624//2324 1625//2324 1626//2324
f 1626//2325 1251//2325 1253//2325
f 1626//2326 1253//2326 1624//2326
f 1624//2327 1253//2327 1255//2327
f 1624//2328 1255//2328 1622//2328
f 1622//2329 1255//2329 1257//2329
f 1622//2330 1257//2330 1627//2330
f 1627//2331 1257//2331 1259//2331
f 1627//2332 1259//2332 1628//2332
f 1628//2333 1259//2333 1261//2333
f 1628//2334 1261//2334 1616//2334
f 1616//2335 1261//2335 1263//2335
f 1626//2336 1629//2336 1251//2336
f 1251//2337 1629//2337 1249//2337
f 1629//2338 1248//2338 1249//2338
f 1245//2339 1247//2339 1630//2339
f 1630//2340 1247//2340 1631//2340
f 1630//2341 1631//2341 1632//2341
f 1632//2342 1631//2342 1633//2342
f 1632//2343 1633//2343 1210//2343
f 1210//2344 1633//2344 1634//2344
f 1210//2345 1634//2345 1212//2345
f 1212//2346 1634//2346 1635//2346
f 1212//2347 1635//2347 1214//2347
f 1631//2348 1634//2348 1633//2348
f 1215//2349 1636//2349 1637//2349
f 1215//2350 1637//2350 1213//2350
f 1213//2351 1637//2351 1638//2351
f 1213//2352 1638//2352 1211//2352
f 1211//2353 1638//2353 1639//2353
f 1211//2354 1639//2354 1209//2354
f 1209//2355 1639//2355 1640//2355
f 1209//2356 1640//2356 1207//2356
f 1207//2357 1640//2357 1641//2357
f 1207//2358 1641//2358 1205//2358
f 1205//2359 1641//2359 1642//2359
f 1205//2360 1642//2360 1203//2360
f 1203//2361 1642//2361 1643//2361
f 1203//2362 1643//2362 1201//2362
f 1201//2363 1643//2363 1644//2363
f 1201//2364 1644//2364 1199//2364
f 1199//2365 1644//2365 1645//2365
f 1199//2366 1645//2366 1197//2366
f 1197//2367 1645//2367 1646//2367
f 1197//2368 1646//2368 1195//2368
f 1195//2369 1646//2369 1647//2369
f 1195//2370 1647//2370 1193//2370
f 1193//2371 1647//2371 1648//2371
f 1193//2372 1648//2372 1191//2372
f 1191//2373 1648//2373 1649//2373
f 1191//2374 1649//2374 1189//2374
f 1189//2375 1649//2375 1650//2375
f 1189//2376 1650//2376 1187//2376
f 1187//2377 1650//2377 1651//2377
f 1187//2378 1651//2378 1185//2378
f 1185//2379 1651//2379 1652//2379
f 1185//2380 1652//2380 1183//2380
f 1183//2381 1652//2381 1653//2381
f 1183//2382 1653//2382 1654//2382
f 1654//2383 1653//2383 1655//2383
f 1654//2384 1655//2384 1656//2384
f 1656//2385 1655//2385 1657//2385
f 1656//2386 1657//2386 1658//2386
f 1658//2387 1657//2387 1142//2387
f 1658//2388 1142//2388 1659//2388
f 1659//2389 1142//2389 1141//2389
f 1659//2390 1141//2390 1140//2390
f 1636//2391 1176//2391 1660//2391
f 1636//2392 1660//2392 1637//2392
f 1637//2393 1660//2393 1661//2393
f 1637//2394 1661//2394 1638//2394
f 1638//2395 1661//2395 1662//2395
f 1638//2396 1662//2396 1639//2396
f 1639//2397 1662//2397 1663//2397
f 1639//2398 1663//2398 1640//2398
f 1640//2399 1663//2399 1664//2399
f 1640//2400 1664//2400 1641//2400
f 1641//2401 1664//2401 1665//2401
f 1641//2402 1665//2402 1642//2402
f 1642//2403 1665//2403 1666//2403
f 1642//2404 1666//2404 1643//2404
f 1643//2405 1666//2405 1667//2405
f 1643//2406 1667//2406 1644//2406
f 1644//2407 1667//2407 1668//2407
f 1644//2408 1668//2408 1645//2408
f 1645//2409 1668//2409 1669//2409
f 1645//2410 1669//2410 1646//2410
f 1646//2411 1669//2411 1670//2411
f 1646//2412 1670//2412 1647//2412
f 1647//2413 1670//2413 1671//2413
f 1647//2414 1671//2414 1648//2414
f 1648//2415 1671//2415 1672//2415
f 1648//2416 1672//2416 1649//2416
f 1649//2417 1672//2417 1673//2417
f 1649//2418 1673//2418 1650//2418
f 1650//2419 1673//2419 1674//2419
f 1650//2420 1674//2420 1651//2420
f 1651//2421 1674//2421 1675//2421
f 1651//2422 1675//2422 1652//2422
f 1652//2423 1675//2423 1653//2423
f 1676//2424 1677//2424 1172//2424
f 1172//2425 1677//2425 1170//2425
f 1170//2426 1677//2426 1168//2426
f 1678//2427 1679//2427 1676//2427
f 1676//2428 1679//2428 1680//2428
f 1676//2429 1680//2429 1677//2429
f 1677//2430 1680//2430 1681//2430
f 1677//2431 1681//2431 1168//2431
f 1168//2432 1681//2432 1166//2432
f 1679//2433 1678//2433 36//2433
f 1679//2434 36//2434 1680//2434
f 1680//2435 36//2435 38//2435
f 1680//2436 38//2436 1681//2436
f 1681//2437 38//2437 1166//2437
f 38//2438 40//2438 1166//2438
f 1166//2439 40//2439 1164//2439
f 40//2440 41//2440 1164//2440
f 1164//2441 41//2441 1162//2441
f 41//2442 43//2442 1162//2442
f 1159//2443 43//2443 45//2443
f 1159//2444 45//2444 1157//2444
f 1157//2445 45//2445 47//2445
f 1157//2446 47//2446 1155//2446
f 1155//2447 47//2447 48//2447
f 48//2448 50//2448 1152//2448
f 1152//2449 50//2449 1150//2449
f 50//2450 52//2450 1150//2450
f 1150//2451 52//2451 1148//2451
f 52//2452 54//2452 1148//2452
f 1146//2453 54//2453 55//2453
f 1146//2454 55//2454 1144//2454
f 1144//2455 55//2455 57//2455
f 1144//2456 57//2456 1143//2456
f 1143//2457 57//2457 59//2457
f 1493//2458 1492//2458 1498//2458
f 1474//2459 1473//2459 1481//2459
f 1449//2460 1448//2460 1459//2460
f 1449//2461 1459//2461 1682//2461
f 1682//2462 1459//2462 1461//2462
f 1682//2463 1461//2463 1463//2463
f 1315//2464 1448//2464 1683//2464
f 1683//2465 1684//2465 1319//2465
f 1319//2466 1684//2466 1685//2466
f 1319//2467 1685//2467 1320//2467
f 1320//2468 1685//2468 1322//2468
f 1448//2469 1449//2469 1684//2469
f 1448//2470 1684//2470 1683//2470
f 1317//2471 1315//2471 1683//2471
f 1317//2472 1683//2472 1319//2472
f 1439//2473 1313//2473 1311//2473
f 1310//2474 1312//2474 1593//2474
f 1593//2475 1312//2475 1314//2475
f 1311//2476 1309//2476 1439//2476
f 1439//2477 1309//2477 1686//2477
f 1439//2478 1686//2478 1440//2478
f 1440//2479 1686//2479 1442//2479
f 1438//2480 1437//2480 1687//2480
f 1687//2481 1437//2481 1441//2481
f 1687//2482 1441//2482 1443//2482
f 1438//2483 1687//2483 1688//2483
f 1688//2484 1687//2484 1443//2484
f 1688//2485 1443//2485 1445//2485
f 1425//2486 1438//2486 1689//2486
f 1689//2487 1438//2487 1688//2487
f 1689//2488 1688//2488 1690//2488
f 1690//2489 1688//2489 1445//2489
f 1690//2490 1445//2490 1446//2490
f 1276//2491 1274//2491 1422//2491
f 1422//2492 1424//2492 1691//2492
f 1691//2493 1424//2493 1426//2493
f 1691//2494 1426//2494 1692//2494
f 1692//2495 1426//2495 1428//2495
f 1692//2496 1428//2496 1280//2496
f 1280//2497 1428//2497 1430//2497
f 1280//2498 1430//2498 1693//2498
f 1693//2499 1430//2499 1431//2499
f 1693//2500 1431//2500 1694//2500
f 1694//2501 1431//2501 1432//2501
f 1694//2502 1432//2502 1695//2502
f 1695//2503 1432//2503 1434//2503
f 1695//2504 1434//2504 1696//2504
f 1696//2505 1434//2505 1436//2505
f 1696//2506 1436//2506 1697//2506
f 1697//2507 1436//2507 1295//2507
f 1697//2508 1295//2508 1293//2508
f 1271//2509 1274//2509 1698//2509
f 1698//2510 1274//2510 1275//2510
f 1698//2511 1275//2511 1699//2511
f 1699//2512 1275//2512 1277//2512
f 1699//2513 1277//2513 1279//2513
f 1700//2514 1279//2514 1281//2514
f 1700//2515 1281//2515 1701//2515
f 1701//2516 1281//2516 1282//2516
f 1701//2517 1282//2517 1702//2517
f 1702//2518 1282//2518 1284//2518
f 1702//2519 1284//2519 1703//2519
f 1703//2520 1284//2520 1286//2520
f 1703//2521 1286//2521 1595//2521
f 1704//2522 1271//2522 1698//2522
f 1704//2523 1698//2523 1705//2523
f 1705//2524 1698//2524 1699//2524
f 1705//2525 1699//2525 1605//2525
f 1605//2526 1699//2526 1279//2526
f 1605//2527 1279//2527 1700//2527
f 1706//2528 1701//2528 1702//2528
f 1706//2529 1702//2529 1707//2529
f 1707//2530 1702//2530 1703//2530
f 1707//2531 1703//2531 1596//2531
f 1596//2532 1703//2532 1595//2532
f 1272//2533 1270//2533 1413//2533
f 1413//2534 1708//2534 1416//2534
f 1416//2535 1708//2535 1709//2535
f 1709//2536 1710//2536 1711//2536
f 1711//2537 1710//2537 1712//2537
f 1711//2538 1712//2538 1713//2538
f 1713//2539 1712//2539 1714//2539
f 1713//2540 1714//2540 1715//2540
f 1715//2541 1714//2541 1716//2541
f 1715//2542 1716//2542 1398//2542
f 1398//2543 1716//2543 1400//2543
f 1270//2544 1269//2544 1708//2544
f 1270//2545 1708//2545 1413//2545
f 1408//2546 1407//2546 1415//2546
f 1416//2547 1414//2547 1413//2547
f 1415//2548 1417//2548 1408//2548
f 1408//2549 1417//2549 1717//2549
f 1408//2550 1717//2550 1409//2550
f 1409//2551 1717//2551 1410//2551
f 1388//2552 1406//2552 1411//2552
f 1411//2553 1406//2553 1405//2553
f 1222//2554 1220//2554 1383//2554
f 1383//2555 1385//2555 1718//2555
f 1718//2556 1385//2556 1387//2556
f 1718//2557 1387//2557 1719//2557
f 1719//2558 1387//2558 1389//2558
f 1719//2559 1389//2559 1720//2559
f 1720//2560 1389//2560 1391//2560
f 1720//2561 1391//2561 1721//2561
f 1721//2562 1391//2562 1393//2562
f 1721//2563 1393//2563 1722//2563
f 1722//2564 1393//2564 1395//2564
f 1722//2565 1395//2565 1723//2565
f 1723//2566 1395//2566 1397//2566
f 1723//2567 1397//2567 1724//2567
f 1724//2568 1397//2568 1399//2568
f 1724//2569 1399//2569 1725//2569
f 1725//2570 1399//2570 1401//2570
f 1725//2571 1401//2571 1726//2571
f 1726//2572 1401//2572 1403//2572
f 1726//2573 1403//2573 1727//2573
f 1727//2574 1403//2574 1252//2574
f 1727//2575 1252//2575 1250//2575
f 1218//2576 1217//2576 1728//2576
f 1728//2577 1217//2577 1221//2577
f 1728//2578 1221//2578 1729//2578
f 1729//2579 1221//2579 1223//2579
f 1729//2580 1223//2580 1730//2580
f 1730//2581 1223//2581 1225//2581
f 1730//2582 1225//2582 1731//2582
f 1731//2583 1225//2583 1227//2583
f 1731//2584 1227//2584 1732//2584
f 1732//2585 1227//2585 1229//2585
f 1732//2586 1229//2586 1733//2586
f 1733//2587 1229//2587 1231//2587
f 1733//2588 1231//2588 1734//2588
f 1734//2589 1231//2589 1233//2589
f 1734//2590 1233//2590 1735//2590
f 1735//2591 1233//2591 1235//2591
f 1735//2592 1235//2592 1736//2592
f 1736//2593 1235//2593 1237//2593
f 1736//2594 1237//2594 1737//2594
f 1737//2595 1237//2595 1239//2595
f 1737//2596 1239//2596 1738//2596
f 1738//2597 1239//2597 1241//2597
f 1738//2598 1241//2598 1739//2598
f 1739//2599 1241//2599 1243//2599
f 1739//2600 1243//2600 1740//2600
f 1740//2601 1243//2601 1245//2601
f 1740//2602 1245//2602 1632//2602
f 1632//2603 1245//2603 1630//2603
f 1177//2604 1179//2604 1741//2604
f 1741//2605 1179//2605 1181//2605
f 1741//2606 1181//2606 1654//2606
f 1654//2607 1181//2607 1183//2607
f 1659//2608 1140//2608 1139//2608
f 1139//2609 1177//2609 1742//2609
f 1742//2610 1177//2610 1741//2610
f 1742//2611 1741//2611 1656//2611
f 1656//2612 1741//2612 1654//2612
f 1449//2613 1682//2613 1450//2613
f 1450//2614 1682//2614 1466//2614
f 1450//2615 1466//2615 1452//2615
f 1449//2616 1451//2616 1684//2616
f 1684//2617 1451//2617 1743//2617
f 1684//2618 1743//2618 1685//2618
f 1592//2619 1537//2619 1536//2619
f 1308//2620 1310//2620 1591//2620
f 1591//2621 1310//2621 1593//2621
f 1309//2622 1307//2622 1686//2622
f 1686//2623 1307//2623 1744//2623
f 1686//2624 1744//2624 1442//2624
f 1442//2625 1744//2625 1444//2625
f 1429//2626 1427//2626 1689//2626
f 1689//2627 1427//2627 1425//2627
f 1429//2628 1689//2628 1690//2628
f 1278//2629 1276//2629 1691//2629
f 1691//2630 1276//2630 1422//2630
f 1278//2631 1691//2631 1692//2631
f 1268//2632 1269//2632 1704//2632
f 1704//2633 1269//2633 1271//2633
f 1268//2634 1704//2634 1705//2634
f 1269//2635 1267//2635 1708//2635
f 1708//2636 1267//2636 1709//2636
f 1418//2637 1416//2637 1709//2637
f 1417//2638 1418//2638 1717//2638
f 1717//2639 1418//2639 1420//2639
f 1717//2640 1420//2640 1410//2640
f 1410//2641 1420//2641 1412//2641
f 1390//2642 1388//2642 1411//2642
f 1224//2643 1222//2643 1718//2643
f 1718//2644 1222//2644 1383//2644
f 1224//2645 1718//2645 1719//2645
f 1184//2646 1182//2646 1728//2646
f 1728//2647 1182//2647 1218//2647
f 1184//2648 1728//2648 1729//2648
f 1658//2649 1659//2649 1742//2649
f 1742//2650 1659//2650 1139//2650
f 1658//2651 1742//2651 1656//2651
f 1463//2652 1466//2652 1682//2652
f 1451//2653 1453//2653 1743//2653
f 1743//2654 1453//2654 1745//2654
f 1743//2655 1745//2655 1685//2655
f 1685//2656 1745//2656 1322//2656
f 1592//2657 1536//2657 1746//2657
f 1746//2658 1536//2658 1535//2658
f 1746//2659 1535//2659 1747//2659
f 1747//2660 1535//2660 1534//2660
f 1747//2661 1534//2661 1577//2661
f 1306//2662 1308//2662 1591//2662
f 1307//2663 1305//2663 1744//2663
f 1744//2664 1305//2664 1444//2664
f 1444//2665 1305//2665 1446//2665
f 1430//2666 1429//2666 1690//2666
f 1430//2667 1690//2667 1446//2667
f 1280//2668 1278//2668 1692//2668
f 1605//2669 1268//2669 1705//2669
f 1266//2670 1268//2670 1606//2670
f 1267//2671 1266//2671 1748//2671
f 1267//2672 1748//2672 1709//2672
f 1709//2673 1748//2673 1710//2673
f 1419//2674 1418//2674 1711//2674
f 1711//2675 1418//2675 1709//2675
f 1226//2676 1224//2676 1719//2676
f 1226//2677 1719//2677 1720//2677
f 1186//2678 1184//2678 1729//2678
f 1186//2679 1729//2679 1730//2679
f 59//2680 1142//2680 1657//2680
f 59//2681 1657//2681 1143//2681
f 1143//2682 1657//2682 1749//2682
f 1143//2683 1749//2683 1145//2683
f 1146//2684 1145//2684 1750//2684
f 1146//2685 1750//2685 1147//2685
f 1147//2686 1750//2686 1751//2686
f 1147//2687 1751//2687 1149//2687
f 1149//2688 1751//2688 1752//2688
f 1149//2689 1752//2689 1151//2689
f 1151//2690 1752//2690 1753//2690
f 1151//2691 1753//2691 1153//2691
f 1153//2692 1753//2692 1754//2692
f 1153//2693 1754//2693 1154//2693
f 1154//2694 1754//2694 1755//2694
f 1154//2695 1755//2695 1156//2695
f 1156//2696 1755//2696 1756//2696
f 1156//2697 1756//2697 1158//2697
f 1158//2698 1756//2698 1757//2698
f 1158//2699 1757//2699 1160//2699
f 1160//2700 1757//2700 1758//2700
f 1160//2701 1758//2701 1161//2701
f 1161//2702 1758//2702 1759//2702
f 1161//2703 1759//2703 1163//2703
f 1163//2704 1759//2704 1760//2704
f 1163//2705 1760//2705 1165//2705
f 1165//2706 1760//2706 1761//2706
f 1165//2707 1761//2707 1167//2707
f 1167//2708 1761//2708 1762//2708
f 1167//2709 1762//2709 1169//2709
f 1169//2710 1762//2710 1763//2710
f 1169//2711 1763//2711 1764//2711
f 1764//2712 1763//2712 1660//2712
f 1764//2713 1660//2713 1174//2713
f 1174//2714 1660//2714 1176//2714
f 1657//2715 1655//2715 1749//2715
f 1749//2716 1655//2716 1765//2716
f 1749//2717 1765//2717 1145//2717
f 1145//2718 1765//2718 1766//2718
f 1145//2719 1766//2719 1750//2719
f 1750//2720 1766//2720 1767//2720
f 1750//2721 1767//2721 1751//2721
f 1751//2722 1767//2722 1768//2722
f 1751//2723 1768//2723 1752//2723
f 1752//2724 1768//2724 1769//2724
f 1752//2725 1769//2725 1753//2725
f 1753//2726 1769//2726 1770//2726
f 1753//2727 1770//2727 1754//2727
f 1754//2728 1770//2728 1771//2728
f 1754//2729 1771//2729 1755//2729
f 1755//2730 1771//2730 1772//2730
f 1755//2731 1772//2731 1756//2731
f 1756//2731 1772//2731 1773//2731
f 1756//2732 1773//2732 1757//2732
f 1757//2733 1773//2733 1774//2733
f 1757//2734 1774//2734 1758//2734
f 1758//2735 1774//2735 1775//2735
f 1758//2736 1775//2736 1759//2736
f 1759//2737 1775//2737 1776//2737
f 1759//2738 1776//2738 1760//2738
f 1760//2739 1776//2739 1777//2739
f 1760//2740 1777//2740 1761//2740
f 1761//2741 1777//2741 1778//2741
f 1761//2742 1778//2742 1762//2742
f 1762//2743 1778//2743 1763//2743
f 1655//2744 1653//2744 1765//2744
f 1765//2745 1653//2745 1675//2745
f 1765//2746 1675//2746 1766//2746
f 1766//2747 1675//2747 1674//2747
f 1766//2748 1674//2748 1767//2748
f 1767//2749 1674//2749 1673//2749
f 1767//2750 1673//2750 1768//2750
f 1768//2751 1673//2751 1672//2751
f 1768//2752 1672//2752 1769//2752
f 1769//2753 1672//2753 1671//2753
f 1769//2754 1671//2754 1770//2754
f 1770//2755 1671//2755 1670//2755
f 1770//2756 1670//2756 1771//2756
f 1771//2757 1670//2757 1669//2757
f 1771//2758 1669//2758 1772//2758
f 1772//2759 1669//2759 1668//2759
f 1772//2760 1668//2760 1773//2760
f 1773//2761 1668//2761 1667//2761
f 1773//2762 1667//2762 1774//2762
f 1774//2763 1667//2763 1666//2763
f 1774//2764 1666//2764 1775//2764
f 1775//2765 1666//2765 1665//2765
f 1775//2766 1665//2766 1776//2766
f 1776//2767 1665//2767 1664//2767
f 1776//2768 1664//2768 1777//2768
f 1777//2769 1664//2769 1663//2769
f 1777//2770 1663//2770 1778//2770
f 1778//2771 1663//2771 1662//2771
f 1778//2772 1662//2772 1763//2772
f 1763//2773 1662//2773 1661//2773
f 1763//2774 1661//2774 1660//2774
f 1186//2775 1730//2775 1188//2775
f 1188//2776 1730//2776 1731//2776
f 1188//2777 1731//2777 1190//2777
f 1190//2778 1731//2778 1732//2778
f 1190//2779 1732//2779 1192//2779
f 1192//2780 1732//2780 1733//2780
f 1192//2781 1733//2781 1194//2781
f 1194//2782 1733//2782 1734//2782
f 1194//2783 1734//2783 1196//2783
f 1196//2784 1734//2784 1735//2784
f 1196//2785 1735//2785 1198//2785
f 1198//2786 1735//2786 1736//2786
f 1198//2787 1736//2787 1200//2787
f 1200//2788 1736//2788 1737//2788
f 1200//2789 1737//2789 1202//2789
f 1202//2790 1737//2790 1738//2790
f 1202//2791 1738//2791 1204//2791
f 1204//2792 1738//2792 1739//2792
f 1204//2793 1739//2793 1206//2793
f 1206//2794 1739//2794 1740//2794
f 1206//2795 1740//2795 1208//2795
f 1208//2796 1740//2796 1632//2796
f 1208//2797 1632//2797 1210//2797
f 1226//2798 1720//2798 1228//2798
f 1228//2799 1720//2799 1721//2799
f 1228//2800 1721//2800 1230//2800
f 1230//2801 1721//2801 1722//2801
f 1230//2802 1722//2802 1232//2802
f 1232//2803 1722//2803 1723//2803
f 1232//2804 1723//2804 1234//2804
f 1234//2805 1723//2805 1724//2805
f 1234//2806 1724//2806 1236//2806
f 1236//2807 1724//2807 1725//2807
f 1236//2808 1725//2808 1238//2808
f 1238//2809 1725//2809 1726//2809
f 1238//2810 1726//2810 1240//2810
f 1240//2811 1726//2811 1727//2811
f 1240//2812 1727//2812 1242//2812
f 1242//2813 1727//2813 1250//2813
f 1242//2814 1250//2814 1244//2814
f 1392//2815 1421//2815 1394//2815
f 1394//2816 1421//2816 1779//2816
f 1394//2817 1779//2817 1396//2817
f 1396//2818 1779//2818 1715//2818
f 1396//2819 1715//2819 1398//2819
f 1421//2820 1419//2820 1779//2820
f 1779//2821 1419//2821 1713//2821
f 1779//2822 1713//2822 1715//2822
f 1419//2823 1711//2823 1713//2823
f 1710//2824 1748//2824 1780//2824
f 1780//2825 1748//2825 1264//2825
f 1780//2826 1264//2826 1262//2826
f 1748//2827 1266//2827 1264//2827
f 1266//2828 1606//2828 1265//2828
f 1265//2829 1606//2829 1604//2829
f 1265//2830 1604//2830 1617//2830
f 1617//2831 1604//2831 1603//2831
f 1617//2832 1603//2832 1615//2832
f 1615//2833 1603//2833 1602//2833
f 1615//2834 1602//2834 1781//2834
f 1781//2835 1602//2835 1601//2835
f 1781//2836 1601//2836 1782//2836
f 1782//2837 1601//2837 1599//2837
f 1782//2838 1599//2838 1607//2838
f 1604//2839 1605//2839 1700//2839
f 1604//2840 1700//2840 1603//2840
f 1603//2841 1700//2841 1701//2841
f 1603//2842 1701//2842 1602//2842
f 1602//2843 1701//2843 1706//2843
f 1602//2844 1706//2844 1600//2844
f 1600//2845 1706//2845 1707//2845
f 1600//2846 1707//2846 1598//2846
f 1598//2847 1707//2847 1596//2847
f 1281//2848 1280//2848 1693//2848
f 1281//2849 1693//2849 1283//2849
f 1283//2850 1693//2850 1694//2850
f 1283//2851 1694//2851 1285//2851
f 1285//2852 1694//2852 1695//2852
f 1285//2853 1695//2853 1287//2853
f 1287//2854 1695//2854 1696//2854
f 1287//2855 1696//2855 1289//2855
f 1289//2856 1696//2856 1697//2856
f 1289//2857 1697//2857 1291//2857
f 1291//2858 1697//2858 1293//2858
f 1430//2859 1446//2859 1431//2859
f 1446//2860 1305//2860 1447//2860
f 1447//2861 1305//2861 1303//2861
f 1447//2862 1303//2862 1301//2862
f 1304//2863 1306//2863 1588//2863
f 1783//2864 1590//2864 1784//2864
f 1783//2865 1784//2865 1785//2865
f 1785//2866 1784//2866 1786//2866
f 1785//2867 1786//2867 1787//2867
f 1787//2868 1786//2868 1575//2868
f 1787//2869 1575//2869 1573//2869
f 1590//2870 1746//2870 1784//2870
f 1784//2871 1746//2871 1747//2871
f 1784//2872 1747//2872 1786//2872
f 1786//2873 1747//2873 1577//2873
f 1786//2874 1577//2874 1575//2874
f 1746//2875 1590//2875 1592//2875
f 1322//2876 1745//2876 1324//2876
f 1324//2877 1745//2877 1455//2877
f 1324//2878 1455//2878 1326//2878
f 1745//2879 1453//2879 1455//2879
f 1590//2880 1783//2880 1589//2880
f 1589//2881 1783//2881 1788//2881
f 1589//2882 1788//2882 1587//2882
f 1587//2883 1788//2883 1789//2883
f 1587//2884 1789//2884 1585//2884
f 1585//2885 1789//2885 1790//2885
f 1585//2886 1790//2886 1583//2886
f 1583//2887 1790//2887 1791//2887
f 1583//2888 1791//2888 1581//2888
f 1581//2889 1791//2889 1792//2889
f 1581//2890 1792//2890 1579//2890
f 1579//2891 1792//2891 1565//2891
f 1579//2892 1565//2892 1564//2892
f 1788//2893 1783//2893 1785//2893
f 1302//2894 1304//2894 1586//2894
f 1586//2895 1304//2895 1588//2895
f 1447//2896 1793//2896 1433//2896
f 1433//2897 1793//2897 1435//2897
f 1793//2898 1447//2898 1301//2898
f 1710//2899 1780//2899 1712//2899
f 1712//2900 1780//2900 1794//2900
f 1712//2900 1794//2900 1714//2900
f 1714//2901 1794//2901 1795//2901
f 1714//2902 1795//2902 1716//2902
f 1716//2903 1795//2903 1796//2903
f 1716//2904 1796//2904 1400//2904
f 1400//2905 1796//2905 1402//2905
f 1794//2906 1780//2906 1262//2906
f 1469//2907 1471//2907 1470//2907
f 1576//2908 1533//2908 1532//2908
f 1788//2909 1785//2909 1797//2909
f 1797//2910 1785//2910 1787//2910
f 1797//2911 1787//2911 1798//2911
f 1798//2912 1787//2912 1573//2912
f 1798//2913 1573//2913 1571//2913
f 1300//2914 1302//2914 1584//2914
f 1584//2915 1302//2915 1586//2915
f 1435//2916 1793//2916 1299//2916
f 1299//2917 1793//2917 1301//2917
f 1795//2918 1794//2918 1260//2918
f 1260//2919 1794//2919 1262//2919
f 1799//2920 1482//2920 1480//2920
f 1799//2921 1480//2921 1478//2921
f 1478//2922 1480//2922 1479//2922
f 1476//2923 1475//2923 1800//2923
f 1800//2924 1475//2924 1482//2924
f 1800//2925 1482//2925 1801//2925
f 1801//2926 1482//2926 1799//2926
f 1801//2927 1799//2927 1802//2927
f 1802//2928 1799//2928 1486//2928
f 1802//2929 1486//2929 1488//2929
f 1330//2930 1328//2930 1477//2930
f 1477//2931 1476//2931 1803//2931
f 1803//2932 1476//2932 1800//2932
f 1803//2933 1800//2933 1804//2933
f 1804//2934 1800//2934 1801//2934
f 1804//2935 1801//2935 1805//2935
f 1805//2936 1801//2936 1802//2936
f 1805//2937 1802//2937 1806//2937
f 1806//2938 1802//2938 1488//2938
f 1806//2939 1488//2939 1490//2939
f 1574//2940 1576//2940 1563//2940
f 1563//2941 1576//2941 1532//2941
f 1788//2942 1797//2942 1789//2942
f 1789//2943 1797//2943 1807//2943
f 1789//2944 1807//2944 1790//2944
f 1790//2945 1807//2945 1808//2945
f 1790//2946 1808//2946 1791//2946
f 1791//2947 1808//2947 1809//2947
f 1791//2948 1809//2948 1792//2948
f 1792//2949 1809//2949 1565//2949
f 1807//2950 1797//2950 1798//2950
f 1298//2951 1300//2951 1582//2951
f 1582//2952 1300//2952 1584//2952
f 1297//2953 1435//2953 1299//2953
f 1613//2954 1615//2954 1781//2954
f 1628//2955 1616//2955 1614//2955
f 1796//2956 1795//2956 1258//2956
f 1258//2957 1795//2957 1260//2957
f 1402//2958 1796//2958 1256//2958
f 1256//2959 1796//2959 1258//2959
f 1628//2960 1614//2960 1810//2960
f 1810//2961 1614//2961 1612//2961
f 1810//2962 1612//2962 1618//2962
f 1618//2963 1612//2963 1610//2963
f 1613//2964 1781//2964 1611//2964
f 1611//2965 1781//2965 1782//2965
f 1611//2966 1782//2966 1609//2966
f 1609//2967 1782//2967 1607//2967
f 1296//2968 1298//2968 1580//2968
f 1580//2969 1298//2969 1582//2969
f 1807//2970 1798//2970 1811//2970
f 1811//2971 1798//2971 1571//2971
f 1811//2972 1571//2972 1569//2972
f 1572//2973 1574//2973 1561//2973
f 1561//2974 1574//2974 1563//2974
f 1562//2975 1531//2975 1530//2975
f 1330//2976 1803//2976 1332//2976
f 1332//2977 1803//2977 1804//2977
f 1332//2978 1804//2978 1334//2978
f 1334//2979 1804//2979 1805//2979
f 1334//2980 1805//2980 1336//2980
f 1336//2981 1805//2981 1806//2981
f 1336//2982 1806//2982 1338//2982
f 1338//2983 1806//2983 1490//2983
f 1338//2984 1490//2984 1340//2984
f 1803//2985 1330//2985 1477//2985
f 1486//2986 1799//2986 1478//2986
f 1562//2987 1530//2987 1812//2987
f 1812//2988 1530//2988 1529//2988
f 1812//2989 1529//2989 1813//2989
f 1813//2990 1529//2990 1528//2990
f 1813//2991 1528//2991 1552//2991
f 1570//2992 1572//2992 1559//2992
f 1559//2993 1572//2993 1561//2993
f 1807//2994 1811//2994 1808//2994
f 1808//2995 1811//2995 1814//2995
f 1808//2996 1814//2996 1809//2996
f 1809//2997 1814//2997 1566//2997
f 1809//2998 1566//2998 1565//2998
f 1814//2999 1811//2999 1569//2999
f 1294//3000 1296//3000 1578//3000
f 1578//3001 1296//3001 1580//3001
f 1628//3002 1810//3002 1627//3002
f 1627//3003 1810//3003 1620//3003
f 1627//3004 1620//3004 1622//3004
f 1620//3005 1810//3005 1618//3005
f 1254//3006 1402//3006 1256//3006
f 1483//3007 1485//3007 1484//3007
f 1562//3008 1812//3008 1560//3008
f 1560//3009 1812//3009 1815//3009
f 1560//3010 1815//3010 1558//3010
f 1558//3011 1815//3011 1816//3011
f 1558//3012 1816//3012 1556//3012
f 1556//3013 1816//3013 1549//3013
f 1556//3014 1549//3014 1548//3014
f 1815//3015 1812//3015 1813//3015
f 1568//3016 1570//3016 1557//3016
f 1557//3017 1570//3017 1559//3017
f 1566//3018 1814//3018 1567//3018
f 1567//3019 1814//3019 1569//3019
f 1487//3020 1494//3020 1817//3020
f 1817//3021 1494//3021 1499//3021
f 1817//3022 1499//3022 1818//3022
f 1818//3023 1499//3023 1497//3023
f 1818//3024 1497//3024 1819//3024
f 1819//3025 1497//3025 1502//3025
f 1819//3026 1502//3026 1511//3026
f 1511//3027 1502//3027 1505//3027
f 1815//3028 1813//3028 1820//3028
f 1820//3029 1813//3029 1552//3029
f 1820//3030 1552//3030 1551//3030
f 1554//3031 1568//3031 1555//3031
f 1555//3032 1568//3032 1557//3032
f 1816//3033 1820//3033 1821//3033
f 1821//3034 1820//3034 1551//3034
f 1821//3035 1551//3035 1550//3035
f 1820//3036 1816//3036 1815//3036
f 1489//3037 1817//3037 1822//3037
f 1822//3038 1817//3038 1818//3038
f 1822//3039 1818//3039 1823//3039
f 1823//3040 1818//3040 1819//3040
f 1823//3041 1819//3041 1513//3041
f 1513//3042 1819//3042 1511//3042
f 1817//3043 1489//3043 1487//3043
f 1489//3044 1822//3044 1491//3044
f 1491//3045 1822//3045 1824//3045
f 1491//3046 1824//3046 1342//3046
f 1342//3047 1824//3047 1344//3047
f 1824//3048 1822//3048 1823//3048
f 1546//3049 1526//3049 1525//3049
f 1550//3050 1549//3050 1821//3050
f 1821//3051 1549//3051 1816//3051
f 1513//3052 1515//3052 1823//3052
f 1823//3053 1515//3053 1824//3053
f 1515//3054 1344//3054 1824//3054
f 1546//3055 1525//3055 1825//3055
f 1825//3056 1525//3056 1524//3056
f 1825//3057 1524//3057 1543//3057
f 1543//3058 1524//3058 1523//3058
f 1543//3059 1542//3059 1825//3059
f 1825//3060 1542//3060 1546//3060
f 1346//3061 1514//3061 1348//3061
f 1348//3062 1514//3062 1826//3062
f 1348//3063 1826//3063 1350//3063
f 1350//3064 1826//3064 1827//3064
f 1350//3065 1827//3065 1352//3065
f 1352//3066 1827//3066 1382//3066
f 1514//3067 1512//3067 1826//3067
f 1826//3068 1512//3068 1828//3068
f 1826//3069 1828//3069 1827//3069
f 1827//3070 1828//3070 1829//3070
f 1827//3071 1829//3071 1382//3071
f 1382//3072 1829//3072 1380//3072
f 1512//3073 1510//3073 1828//3073
f 1828//3074 1510//3074 1830//3074
f 1828//3075 1830//3075 1829//3075
f 1829//3076 1830//3076 1831//3076
f 1829//3077 1831//3077 1380//3077
f 1380//3078 1831//3078 1378//3078
f 1510//3079 1509//3079 1830//3079
f 1830//3080 1509//3080 1832//3080
f 1830//3081 1832//3081 1831//3081
f 1831//3082 1832//3082 1833//3082
f 1831//3083 1833//3083 1378//3083
f 1378//3084 1833//3084 1376//3084
f 1509//3085 1508//3085 1832//3085
f 1832//3086 1508//3086 1507//3086
f 1832//3087 1507//3087 1833//3087
f 1833//3088 1507//3088 1516//3088
f 1833//3089 1516//3089 1376//3089
f 1376//3090 1516//3090 1374//3090
f 1354//3091 1381//3091 1356//3091
f 1356//3092 1381//3092 1834//3092
f 1356//3093 1834//3093 1358//3093
f 1358//3094 1834//3094 1361//3094
f 1381//3095 1379//3095 1834//3095
f 1834//3096 1379//3096 1835//3096
f 1834//3097 1835//3097 1361//3097
f 1361//3098 1835//3098 1363//3098
f 1379//3099 1377//3099 1835//3099
f 1835//3100 1377//3100 1836//3100
f 1835//3101 1836//3101 1363//3101
f 1363//3102 1836//3102 1365//3102
f 1377//3103 1375//3103 1836//3103
f 1836//3104 1375//3104 1837//3104
f 1836//3105 1837//3105 1365//3105
f 1365//3106 1837//3106 1367//3106
f 1375//3107 1373//3107 1837//3107
f 1837//3108 1373//3108 1371//3108
f 1837//3109 1371//3109 1367//3109
f 1367//3110 1371//3110 1369//3110
f 1171//3111 1169//3111 1764//3111
f 1171//2713 1764//2713 1174//2713
f 1370//3112 1838//3112 1368//3112
f 1368//3113 1838//3113 1839//3113
f 1368//3114 1839//3114 1840//3114
f 1840//3115 1839//3115 1841//3115
f 1840//3116 1841//3116 1842//3116
f 1842//3117 1841//3117 1843//3117
f 1842//3118 1843//3118 1844//3118
f 1844//3119 1843//3119 1845//3119
f 1844//3120 1845//3120 1846//3120
f 1846//3121 1845//3121 1847//3121
f 1846//3122 1847//3122 1848//3122
f 1848//3123 1847//3123 1849//3123
f 1848//3124 1849//3124 1850//3124
f 1850//3125 1849//3125 1851//3125
f 1850//3126 1851//3126 1852//3126
f 1852//3127 1851//3127 1853//3127
f 1853//3128 1851//3128 1854//3128
f 1854//3129 1851//3129 1855//3129
f 1854//3130 1855//3130 1856//3130
f 1856//3131 1855//3131 1857//3131
f 1856//3132 1857//3132 1858//3132
f 1858//3133 1857//3133 1859//3133
f 1860//3134 1859//3134 1861//3134
f 1860//3135 1861//3135 1862//3135
f 1862//3136 1861//3136 1863//3136
f 1862//3137 1863//3137 1864//3137
f 1864//3138 1863//3138 1865//3138
f 1864//3139 1865//3139 1866//3139
f 1866//3140 1865//3140 1867//3140
f 1866//3141 1867//3141 1868//3141
f 1868//3142 1867//3142 1869//3142
f 1868//3143 1869//3143 1870//3143
f 1870//3144 1869//3144 1871//3144
f 1870//3145 1871//3145 1872//3145
f 1872//3146 1871//3146 1873//3146
f 1872//3147 1873//3147 1874//3147
f 1874//3148 1873//3148 1875//3148
f 1874//3149 1875//3149 1876//3149
f 1876//3150 1875//3150 1877//3150
f 1876//3151 1877//3151 1878//3151
f 1878//3152 1877//3152 1879//3152
f 1878//3153 1879//3153 1880//3153
f 1880//3154 1879//3154 1881//3154
f 1880//3155 1881//3155 1882//3155
f 1882//3156 1881//3156 1883//3156
f 1882//3157 1883//3157 1884//3157
f 1884//3158 1883//3158 1885//3158
f 1884//3159 1885//3159 1886//3159
f 1886//3160 1885//3160 1887//3160
f 1886//3161 1887//3161 1888//3161
f 1888//3162 1887//3162 1889//3162
f 1888//3163 1889//3163 1890//3163
f 1890//3164 1889//3164 1891//3164
f 1890//3165 1891//3165 550//3165
f 550//3166 1891//3166 552//3166
f 552//3167 1891//3167 1892//3167
f 552//3168 1892//3168 1893//3168
f 1893//3169 1892//3169 1894//3169
f 1893//3170 1894//3170 1895//3170
f 1895//3171 1894//3171 1896//3171
f 1895//3172 1896//3172 1897//3172
f 1897//3173 1896//3173 1898//3173
f 1897//3174 1898//3174 1899//3174
f 1838//3175 1900//3175 1839//3175
f 1839//3176 1900//3176 1901//3176
f 1839//3177 1901//3177 1902//3177
f 1902//3178 1901//3178 1903//3178
f 1902//3179 1903//3179 1904//3179
f 1904//3180 1903//3180 1905//3180
f 1904//3181 1905//3181 1906//3181
f 1906//3182 1905//3182 1907//3182
f 1906//3183 1907//3183 1908//3183
f 1908//3184 1907//3184 1909//3184
f 1908//3185 1909//3185 1910//3185
f 1910//3186 1909//3186 1911//3186
f 1910//3187 1911//3187 1912//3187
f 1912//3188 1911//3188 1913//3188
f 1912//3189 1913//3189 1914//3189
f 1914//3190 1913//3190 1915//3190
f 1914//3191 1915//3191 1869//3191
f 1869//3192 1915//3192 1871//3192
f 1907//3193 1916//3193 1909//3193
f 1909//3194 1916//3194 1917//3194
f 1909//3195 1917//3195 1911//3195
f 1911//3196 1917//3196 1918//3196
f 1911//3197 1918//3197 1913//3197
f 1913//3198 1918//3198 1919//3198
f 1913//3199 1919//3199 1915//3199
f 1915//3200 1919//3200 1920//3200
f 1915//3201 1920//3201 1871//3201
f 1871//3202 1920//3202 1873//3202
f 1916//3203 1921//3203 1917//3203
f 1917//3204 1921//3204 1922//3204
f 1917//3205 1922//3205 1918//3205
f 1918//3206 1922//3206 1923//3206
f 1918//3207 1923//3207 1919//3207
f 1919//3208 1923//3208 1924//3208
f 1919//3209 1924//3209 1920//3209
f 1920//3210 1924//3210 1925//3210
f 1920//3211 1925//3211 1873//3211
f 1873//3212 1925//3212 1875//3212
f 1922//3213 1921//3213 1926//3213
f 1926//3214 1921//3214 1927//3214
f 1926//3215 1927//3215 1928//3215
f 1928//3216 1927//3216 1929//3216
f 1928//3217 1929//3217 1930//3217
f 1930//3218 1929//3218 1931//3218
f 1930//3219 1931//3219 1932//3219
f 1932//3220 1931//3220 1933//3220
f 1932//3221 1933//3221 1934//3221
f 1934//3222 1933//3222 1935//3222
f 1934//3223 1935//3223 1936//3223
f 1936//3224 1935//3224 1937//3224
f 1936//3225 1937//3225 1938//3225
f 1938//3226 1937//3226 1939//3226
f 1938//3227 1939//3227 1940//3227
f 1940//3228 1939//3228 1941//3228
f 1940//3229 1941//3229 1942//3229
f 1942//3230 1941//3230 1943//3230
f 1942//3231 1943//3231 1944//3231
f 1944//3232 1943//3232 1898//3232
f 1944//3233 1898//3233 1896//3233
f 1927//3234 1945//3234 1929//3234
f 1929//3235 1945//3235 1931//3235
f 1945//3236 1946//3236 1931//3236
f 1931//3237 1946//3237 1933//3237
f 1933//3238 1946//3238 1935//3238
f 1935//3239 1946//3239 1947//3239
f 1935//3240 1947//3240 1937//3240
f 1937//3241 1947//3241 1948//3241
f 1937//3242 1948//3242 1939//3242
f 1939//3243 1948//3243 1941//3243
f 1948//3244 1943//3244 1941//3244
f 1897//3245 1899//3245 1949//3245
f 1949//3246 1899//3246 1950//3246
f 1949//3247 1950//3247 1951//3247
f 1951//3248 1950//3248 1952//3248
f 1951//3249 1952//3249 1953//3249
f 558//3250 556//3250 1953//3250
f 1953//3251 556//3251 1951//3251
f 1951//3252 556//3252 1954//3252
f 1954//3253 556//3253 554//3253
f 1954//3254 554//3254 1893//3254
f 1893//3255 554//3255 552//3255
f 550//3256 370//3256 1890//3256
f 1890//3257 370//3257 1955//3257
f 1890//3258 1955//3258 1888//3258
f 1888//3259 1955//3259 1956//3259
f 1888//3260 1956//3260 1886//3260
f 1886//3261 1956//3261 1957//3261
f 1886//3262 1957//3262 1884//3262
f 1884//3263 1957//3263 1958//3263
f 1884//3264 1958//3264 1882//3264
f 1882//3265 1958//3265 1959//3265
f 1882//3266 1959//3266 1880//3266
f 1880//3267 1959//3267 1960//3267
f 1880//3268 1960//3268 1961//3268
f 370//3269 372//3269 1962//3269
f 370//3270 1962//3270 1955//3270
f 1955//3271 1962//3271 1963//3271
f 1955//3272 1963//3272 1956//3272
f 1956//3273 1963//3273 1964//3273
f 1956//3274 1964//3274 1965//3274
f 1956//3275 1965//3275 1957//3275
f 1957//3276 1965//3276 1966//3276
f 1957//3277 1966//3277 1958//3277
f 1958//3278 1966//3278 1967//3278
f 1958//3279 1967//3279 1968//3279
f 1958//3280 1968//3280 1959//3280
f 1959//3281 1968//3281 1969//3281
f 1959//3282 1969//3282 1960//3282
f 1970//3283 1876//3283 1961//3283
f 1961//3284 1876//3284 1878//3284
f 1961//3285 1878//3285 1880//3285
f 1971//3286 1872//3286 1970//3286
f 1970//3287 1872//3287 1874//3287
f 1970//3288 1874//3288 1876//3288
f 1872//3289 1971//3289 1870//3289
f 1870//3290 1971//3290 1972//3290
f 1870//3291 1972//3291 1868//3291
f 1868//3292 1972//3292 1866//3292
f 1972//3293 1973//3293 1866//3293
f 1866//3294 1973//3294 1864//3294
f 1973//3295 1860//3295 1864//3295
f 1864//3296 1860//3296 1862//3296
f 1852//3297 1974//3297 1850//3297
f 1850//3298 1974//3298 1975//3298
f 1850//3299 1975//3299 1360//3299
f 1360//3300 1975//3300 1359//3300
f 1850//3301 1360//3301 1848//3301
f 1848//3302 1360//3302 1362//3302
f 1848//3303 1362//3303 1846//3303
f 1846//3304 1362//3304 1364//3304
f 1846//3305 1364//3305 1844//3305
f 1844//3306 1364//3306 1842//3306
f 1364//3307 1366//3307 1842//3307
f 1842//3308 1366//3308 1840//3308
f 1366//3309 1368//3309 1840//3309
f 1839//3310 1902//3310 1841//3310
f 1841//3311 1902//3311 1976//3311
f 1841//3312 1976//3312 1977//3312
f 1977//3313 1976//3313 1978//3313
f 1977//3314 1978//3314 1979//3314
f 1979//3315 1978//3315 1980//3315
f 1979//3316 1980//3316 1981//3316
f 1981//3317 1980//3317 1982//3317
f 1981//3318 1982//3318 1983//3318
f 1983//3319 1982//3319 1984//3319
f 1983//3320 1984//3320 1865//3320
f 1865//3321 1984//3321 1867//3321
f 1841//3322 1977//3322 1843//3322
f 1843//3323 1977//3323 1985//3323
f 1843//3324 1985//3324 1845//3324
f 1845//3325 1985//3325 1986//3325
f 1845//3326 1986//3326 1847//3326
f 1847//3327 1986//3327 1987//3327
f 1847//3328 1987//3328 1849//3328
f 1849//3329 1987//3329 1855//3329
f 1849//3330 1855//3330 1851//3330
f 1902//3331 1904//3331 1976//3331
f 1976//3332 1904//3332 1988//3332
f 1976//3333 1988//3333 1978//3333
f 1978//3334 1988//3334 1989//3334
f 1978//3335 1989//3335 1980//3335
f 1980//3336 1989//3336 1910//3336
f 1980//3337 1910//3337 1982//3337
f 1982//3338 1910//3338 1912//3338
f 1982//3339 1912//3339 1984//3339
f 1984//3340 1912//3340 1914//3340
f 1984//3341 1914//3341 1867//3341
f 1867//3342 1914//3342 1869//3342
f 1977//3343 1979//3343 1985//3343
f 1985//3344 1979//3344 1990//3344
f 1985//3345 1990//3345 1986//3345
f 1986//3346 1990//3346 1991//3346
f 1986//3347 1991//3347 1987//3347
f 1987//3348 1991//3348 1857//3348
f 1987//3349 1857//3349 1855//3349
f 1904//3350 1906//3350 1988//3350
f 1988//3351 1906//3351 1908//3351
f 1988//3352 1908//3352 1989//3352
f 1989//3353 1908//3353 1910//3353
f 1979//3354 1981//3354 1990//3354
f 1990//3355 1981//3355 1992//3355
f 1990//3356 1992//3356 1991//3356
f 1991//3357 1992//3357 1861//3357
f 1991//3358 1861//3358 1857//3358
f 1857//3359 1861//3359 1859//3359
f 1863//3360 1861//3360 1992//3360
f 1863//3361 1992//3361 1983//3361
f 1983//3362 1992//3362 1981//3362
f 1863//3363 1983//3363 1865//3363
f 1924//3364 1923//3364 1928//3364
f 1928//3365 1923//3365 1926//3365
f 1923//3366 1922//3366 1926//3366
f 1924//3367 1928//3367 1993//3367
f 1993//3368 1928//3368 1930//3368
f 1993//3369 1930//3369 1994//3369
f 1994//3370 1930//3370 1932//3370
f 1994//3371 1932//3371 1995//3371
f 1995//3372 1932//3372 1934//3372
f 1995//3373 1934//3373 1996//3373
f 1996//3374 1934//3374 1936//3374
f 1996//3375 1936//3375 1997//3375
f 1997//3376 1936//3376 1938//3376
f 1997//3377 1938//3377 1998//3377
f 1998//3378 1938//3378 1940//3378
f 1998//3379 1940//3379 1999//3379
f 1999//3380 1940//3380 1942//3380
f 1999//3381 1942//3381 2000//3381
f 2000//3382 1942//3382 1896//3382
f 2000//3383 1896//3383 1894//3383
f 1924//3210 1993//3210 1925//3210
f 1925//3384 1993//3384 2001//3384
f 1925//3385 2001//3385 1875//3385
f 1875//3386 2001//3386 1877//3386
f 2001//3387 1993//3387 1994//3387
f 2001//3388 1994//3388 2002//3388
f 2002//3389 1994//3389 1995//3389
f 2002//3390 1995//3390 2003//3390
f 2003//3391 1995//3391 1996//3391
f 2003//3392 1996//3392 2004//3392
f 2004//3393 1996//3393 1997//3393
f 2004//3394 1997//3394 2005//3394
f 2005//3395 1997//3395 1998//3395
f 2005//3396 1998//3396 2006//3396
f 2006//3397 1998//3397 1999//3397
f 2006//3398 1999//3398 2007//3398
f 2007//3399 1999//3399 2000//3399
f 2007//3400 2000//3400 2008//3400
f 2008//3401 2000//3401 1894//3401
f 2008//3402 1894//3402 1892//3402
f 1879//3403 1877//3403 2002//3403
f 2002//3404 1877//3404 2001//3404
f 1879//3405 2002//3405 2003//3405
f 1881//3406 1879//3406 2003//3406
f 1881//3407 2003//3407 2004//3407
f 1883//3408 1881//3408 2004//3408
f 1883//3409 2004//3409 2005//3409
f 1896//3410 1942//3410 1944//3410
f 1883//3411 2005//3411 1885//3411
f 1885//3412 2005//3412 2006//3412
f 1885//3413 2006//3413 1887//3413
f 1887//3414 2006//3414 2007//3414
f 1887//3415 2007//3415 1889//3415
f 1889//3416 2007//3416 2008//3416
f 1889//3417 2008//3417 1891//3417
f 1891//3418 2008//3418 1892//3418
f 1897//3419 1949//3419 1895//3419
f 1895//3420 1949//3420 1954//3420
f 1895//3421 1954//3421 1893//3421
f 1951//3422 1954//3422 1949//3422
f 2009//3423 89//3423 2010//3423
f 2009//3424 2010//3424 2011//3424
f 2011//3425 2010//3425 2012//3425
f 2011//3426 2012//3426 2013//3426
f 2013//3427 2012//3427 2014//3427
f 2013//3428 2014//3428 2015//3428
f 2015//3429 2014//3429 2016//3429
f 2015//3430 2016//3430 2017//3430
f 2017//3431 2016//3431 2018//3431
f 2017//3432 2018//3432 2019//3432
f 2019//3433 2018//3433 2020//3433
f 2019//3434 2020//3434 2021//3434
f 2021//3435 2020//3435 2022//3435
f 2021//3436 2022//3436 2023//3436
f 2023//3437 2022//3437 2024//3437
f 2023//3438 2024//3438 2025//3438
f 2025//3439 2024//3439 2026//3439
f 2025//3440 2026//3440 2027//3440
f 2027//3441 2026//3441 2028//3441
f 2027//3442 2028//3442 2029//3442
f 2029//3443 2028//3443 2030//3443
f 2029//3444 2030//3444 2031//3444
f 2031//3445 2030//3445 2032//3445
f 2031//3446 2032//3446 2033//3446
f 2033//3447 2032//3447 2034//3447
f 2033//3448 2034//3448 2035//3448
f 2035//3449 2034//3449 2036//3449
f 2035//3450 2036//3450 2037//3450
f 2037//3451 2036//3451 2038//3451
f 2037//3452 2038//3452 2039//3452
f 93//3453 723//3453 91//3453
f 91//3454 723//3454 2040//3454
f 91//3455 2040//3455 89//3455
f 89//3456 2040//3456 2010//3456
f 723//3457 717//3457 2040//3457
f 2040//3458 717//3458 2041//3458
f 2040//3459 2041//3459 2010//3459
f 2010//3460 2041//3460 2012//3460
f 717//3461 714//3461 2041//3461
f 2041//3462 714//3462 2042//3462
f 2041//3463 2042//3463 2012//3463
f 2012//3464 2042//3464 2014//3464
f 714//3465 710//3465 2042//3465
f 2042//3466 710//3466 2043//3466
f 2042//3467 2043//3467 2014//3467
f 2014//3468 2043//3468 2016//3468
f 710//3469 477//3469 2043//3469
f 2043//3470 477//3470 2044//3470
f 2043//3471 2044//3471 2016//3471
f 2016//3472 2044//3472 2018//3472
f 477//3473 475//3473 2044//3473
f 2044//3474 475//3474 2045//3474
f 2044//3475 2045//3475 2018//3475
f 2018//3476 2045//3476 2020//3476
f 475//3477 698//3477 2045//3477
f 2045//3478 698//3478 2046//3478
f 2045//3479 2046//3479 2020//3479
f 2020//3480 2046//3480 2022//3480
f 2046//3481 698//3481 2047//3481
f 2047//3482 698//3482 683//3482
f 2047//3483 683//3483 2048//3483
f 2048//3484 683//3484 430//3484
f 2048//3485 430//3485 2049//3485
f 2049//3486 430//3486 2050//3486
f 2049//3487 2050//3487 2028//3487
f 2028//3488 2050//3488 2030//3488
f 430//3489 671//3489 2050//3489
f 2050//3490 671//3490 2051//3490
f 2050//3491 2051//3491 2030//3491
f 2030//3492 2051//3492 2032//3492
f 671//3493 670//3493 2051//3493
f 2051//3494 670//3494 2052//3494
f 2051//3495 2052//3495 2032//3495
f 2032//3496 2052//3496 2034//3496
f 670//3497 669//3497 2052//3497
f 2052//3498 669//3498 2053//3498
f 2052//3499 2053//3499 2034//3499
f 2034//3500 2053//3500 2036//3500
f 2053//3501 669//3501 668//3501
f 2053//3502 668//3502 2054//3502
f 2053//3503 2054//3503 2036//3503
f 2036//3504 2054//3504 2038//3504
f 2037//3505 2039//3505 2055//3505
f 2055//3506 2039//3506 2056//3506
f 2055//3507 2056//3507 2057//3507
f 2057//3508 2056//3508 2058//3508
f 2057//3509 2058//3509 2059//3509
f 2059//3510 2058//3510 2060//3510
f 2059//3511 2060//3511 2061//3511
f 2061//3512 2060//3512 2062//3512
f 2061//3513 2062//3513 2063//3513
f 2063//3514 2062//3514 2064//3514
f 2063//3515 2064//3515 2065//3515
f 2065//3516 2064//3516 2066//3516
f 2065//3517 2066//3517 2067//3517
f 2067//3518 2066//3518 2068//3518
f 2067//3519 2068//3519 2069//3519
f 2069//3520 2068//3520 2070//3520
f 2069//3521 2070//3521 2071//3521
f 2071//3522 2070//3522 2072//3522
f 2071//3523 2072//3523 2073//3523
f 2073//3524 2072//3524 2074//3524
f 2073//3525 2074//3525 2075//3525
f 2075//3526 2074//3526 2076//3526
f 2075//3527 2076//3527 2077//3527
f 2077//3528 2076//3528 2078//3528
f 2077//3529 2078//3529 2079//3529
f 2079//3530 2078//3530 2080//3530
f 2079//3531 2080//3531 2081//3531
f 2081//3532 2080//3532 2082//3532
f 2081//3533 2082//3533 2083//3533
f 2083//3534 2082//3534 2084//3534
f 2083//3535 2084//3535 2085//3535
f 2085//3536 2084//3536 2086//3536
f 2085//3537 2086//3537 2087//3537
f 2087//3538 2086//3538 2088//3538
f 2087//3539 2088//3539 2089//3539
f 2089//3540 2088//3540 77//3540
f 77//3541 2090//3541 75//3541
f 75//3542 2090//3542 2091//3542
f 75//3543 2091//3543 73//3543
f 73//3544 2091//3544 2092//3544
f 73//3545 2092//3545 71//3545
f 71//3546 2092//3546 2093//3546
f 71//3547 2093//3547 70//3547
f 70//3548 2093//3548 2094//3548
f 70//3549 2094//3549 68//3549
f 68//3550 2094//3550 2095//3550
f 68//3551 2095//3551 66//3551
f 66//3552 2095//3552 2096//3552
f 66//3553 2096//3553 64//3553
f 64//3554 2096//3554 2097//3554
f 64//3555 2097//3555 1137//3555
f 1137//3556 2097//3556 2098//3556
f 1137//3557 2098//3557 2099//3557
f 2099//3558 2098//3558 2100//3558
f 2099//3559 2100//3559 2101//3559
f 2101//3560 2100//3560 2102//3560
f 2101//3561 2102//3561 2103//3561
f 2103//3562 2102//3562 2104//3562
f 2103//3563 2104//3563 2105//3563
f 2105//3564 2104//3564 2106//3564
f 2105//3565 2106//3565 2107//3565
f 2107//3566 2106//3566 2108//3566
f 2107//3567 2108//3567 2109//3567
f 2109//3568 2108//3568 2110//3568
f 2109//3569 2110//3569 2111//3569
f 2111//3570 2110//3570 2074//3570
f 2111//3571 2074//3571 2072//3571
f 2060//3572 2112//3572 2062//3572
f 2062//3573 2112//3573 2113//3573
f 2062//3574 2113//3574 2064//3574
f 2064//3575 2113//3575 2114//3575
f 2064//3576 2114//3576 2066//3576
f 2066//3577 2114//3577 2115//3577
f 2066//3578 2115//3578 2116//3578
f 2116//3579 2115//3579 2117//3579
f 2116//3580 2117//3580 2118//3580
f 2118//3581 2117//3581 2119//3581
f 2118//3582 2119//3582 2120//3582
f 2120//3583 2119//3583 2121//3583
f 2120//3584 2121//3584 2122//3584
f 2122//3585 2121//3585 2123//3585
f 2122//3586 2123//3586 2124//3586
f 2124//3587 2123//3587 2125//3587
f 2124//3588 2125//3588 2126//3588
f 2126//3589 2125//3589 2127//3589
f 2126//3590 2127//3590 2128//3590
f 2128//3591 2127//3591 1384//3591
f 2128//3592 1384//3592 1219//3592
f 2112//3593 2129//3593 2113//3593
f 2113//3594 2129//3594 2130//3594
f 2113//3595 2130//3595 2114//3595
f 2114//3596 2130//3596 2131//3596
f 2114//3597 2131//3597 2115//3597
f 2115//3598 2131//3598 2132//3598
f 2115//3599 2132//3599 2117//3599
f 2117//3600 2132//3600 2133//3600
f 2117//3601 2133//3601 2119//3601
f 2119//3602 2133//3602 2134//3602
f 2119//3603 2134//3603 2121//3603
f 2121//3604 2134//3604 2135//3604
f 2121//3605 2135//3605 2123//3605
f 2123//3606 2135//3606 2136//3606
f 2123//3607 2136//3607 2125//3607
f 2125//3608 2136//3608 2137//3608
f 2125//3609 2137//3609 2127//3609
f 2127//3610 2137//3610 1407//3610
f 2127//3611 1407//3611 1404//3611
f 2129//3612 2138//3612 2130//3612
f 2130//3613 2138//3613 2131//3613
f 2138//3614 2139//3614 2131//3614
f 2131//3615 2139//3615 2140//3615
f 2131//3616 2140//3616 2132//3616
f 2132//3617 2140//3617 2141//3617
f 2132//3618 2141//3618 2133//3618
f 2133//3619 2141//3619 2142//3619
f 2133//3620 2142//3620 2134//3620
f 2134//3621 2142//3621 2143//3621
f 2134//3622 2143//3622 2135//3622
f 2135//3623 2143//3623 2144//3623
f 2135//3624 2144//3624 2136//3624
f 2136//3625 2144//3625 2145//3625
f 2136//3626 2145//3626 2137//3626
f 2137//3627 2145//3627 1272//3627
f 2137//3628 1272//3628 1407//3628
f 2140//3629 2139//3629 2146//3629
f 2146//3630 2139//3630 2147//3630
f 2146//3631 2147//3631 2148//3631
f 2148//3632 2147//3632 2149//3632
f 2148//3633 2149//3633 2150//3633
f 2150//3634 2149//3634 2151//3634
f 2150//3635 2151//3635 2152//3635
f 2152//3636 2151//3636 2153//3636
f 2152//3637 2153//3637 2154//3637
f 2154//3638 2153//3638 2155//3638
f 2154//3639 2155//3639 2156//3639
f 2156//3640 2155//3640 2157//3640
f 2156//3641 2157//3641 2158//3641
f 2151//3642 2159//3642 2153//3642
f 2153//3643 2159//3643 2155//3643
f 2156//3644 2158//3644 1315//3644
f 1315//3645 2158//3645 1457//3645
f 1315//3646 1313//3646 2156//3646
f 2156//3647 1313//3647 2154//3647
f 2154//3648 1313//3648 2160//3648
f 2160//3649 1313//3649 1437//3649
f 2160//3650 1437//3650 2161//3650
f 2161//3651 1437//3651 1423//3651
f 2161//3652 1423//3652 2162//3652
f 2162//3653 1423//3653 1273//3653
f 2162//3654 1273//3654 2145//3654
f 2145//3655 1273//3655 1272//3655
f 1404//3656 1384//3656 2127//3656
f 2128//3657 1219//3657 2163//3657
f 2163//3658 1219//3658 1216//3658
f 2163//3659 1216//3659 2164//3659
f 2164//3660 1216//3660 2099//3660
f 2164//3661 2099//3661 2101//3661
f 1216//3662 1178//3662 2099//3662
f 2099//3663 1178//3663 1138//3663
f 2099//3664 1138//3664 1137//3664
f 77//3665 79//3665 2089//3665
f 2089//3666 79//3666 2165//3666
f 2089//3667 2165//3667 2166//3667
f 2166//3668 2165//3668 2167//3668
f 2166//3669 2167//3669 2168//3669
f 2168//3670 2167//3670 2169//3670
f 2168//3671 2169//3671 2170//3671
f 2170//3672 2169//3672 2171//3672
f 2170//3673 2171//3673 2172//3673
f 2172//3674 2171//3674 2173//3674
f 2172//3675 2173//3675 2174//3675
f 2174//3676 2173//3676 2019//3676
f 2174//3677 2019//3677 2021//3677
f 79//3678 80//3678 2165//3678
f 2165//3679 80//3679 2175//3679
f 2165//3680 2175//3680 2167//3680
f 2167//3681 2175//3681 2176//3681
f 2167//3682 2176//3682 2169//3682
f 2169//3683 2176//3683 2177//3683
f 2169//3684 2177//3684 2171//3684
f 2171//3685 2177//3685 2178//3685
f 2171//3686 2178//3686 2173//3686
f 2173//3687 2178//3687 2017//3687
f 2173//3688 2017//3688 2019//3688
f 80//3689 82//3689 2175//3689
f 2175//3690 82//3690 2179//3690
f 2175//3691 2179//3691 2176//3691
f 2176//3692 2179//3692 2180//3692
f 2176//3693 2180//3693 2177//3693
f 2177//3694 2180//3694 2181//3694
f 2177//3695 2181//3695 2178//3695
f 2178//3696 2181//3696 2015//3696
f 2178//3697 2015//3697 2017//3697
f 82//3698 84//3698 2179//3698
f 2179//3699 84//3699 2182//3699
f 2179//3700 2182//3700 2180//3700
f 2180//3701 2182//3701 2183//3701
f 2180//3702 2183//3702 2181//3702
f 2181//3703 2183//3703 2013//3703
f 2181//3704 2013//3704 2015//3704
f 84//3705 86//3705 2182//3705
f 2182//3706 86//3706 2184//3706
f 2182//3707 2184//3707 2183//3707
f 2183//3708 2184//3708 2011//3708
f 2183//3709 2011//3709 2013//3709
f 86//3710 88//3710 2184//3710
f 2184//3711 88//3711 2009//3711
f 2184//3712 2009//3712 2011//3712
f 88//3713 89//3713 2009//3713
f 2028//3714 2026//3714 2049//3714
f 2049//3715 2026//3715 2048//3715
f 2022//3716 2046//3716 2047//3716
f 2026//3717 2024//3717 2048//3717
f 2048//3718 2024//3718 2047//3718
f 2024//3719 2022//3719 2047//3719
f 2035//3720 2037//3720 2185//3720
f 2185//3721 2037//3721 2055//3721
f 2185//3722 2055//3722 2186//3722
f 2186//3723 2055//3723 2057//3723
f 2186//3724 2057//3724 2187//3724
f 2187//3725 2057//3725 2059//3725
f 2187//3726 2059//3726 2188//3726
f 2188//3727 2059//3727 2061//3727
f 2188//3728 2061//3728 2063//3728
f 2033//3729 2035//3729 2189//3729
f 2189//3730 2035//3730 2185//3730
f 2189//3731 2185//3731 2190//3731
f 2190//3732 2185//3732 2186//3732
f 2190//3733 2186//3733 2191//3733
f 2191//3734 2186//3734 2187//3734
f 2191//3735 2187//3735 2192//3735
f 2192//3736 2187//3736 2188//3736
f 2192//3737 2188//3737 2193//3737
f 2193//3738 2188//3738 2063//3738
f 2193//3739 2063//3739 2065//3739
f 2031//3740 2033//3740 2194//3740
f 2194//3741 2033//3741 2189//3741
f 2194//3742 2189//3742 2195//3742
f 2195//3743 2189//3743 2190//3743
f 2195//3744 2190//3744 2196//3744
f 2196//3745 2190//3745 2191//3745
f 2196//3746 2191//3746 2197//3746
f 2197//3747 2191//3747 2192//3747
f 2197//3748 2192//3748 2198//3748
f 2198//3749 2192//3749 2193//3749
f 2198//3750 2193//3750 2067//3750
f 2067//3751 2193//3751 2065//3751
f 2029//3752 2031//3752 2199//3752
f 2199//3753 2031//3753 2194//3753
f 2199//3754 2194//3754 2200//3754
f 2200//3755 2194//3755 2195//3755
f 2200//3756 2195//3756 2201//3756
f 2201//3757 2195//3757 2196//3757
f 2201//3758 2196//3758 2202//3758
f 2202//3759 2196//3759 2197//3759
f 2202//3760 2197//3760 2203//3760
f 2203//3761 2197//3761 2198//3761
f 2203//3762 2198//3762 2069//3762
f 2069//3763 2198//3763 2067//3763
f 2027//3764 2029//3764 2204//3764
f 2204//3765 2029//3765 2199//3765
f 2204//3766 2199//3766 2205//3766
f 2205//3767 2199//3767 2200//3767
f 2205//3768 2200//3768 2206//3768
f 2206//3769 2200//3769 2201//3769
f 2206//3770 2201//3770 2207//3770
f 2207//3771 2201//3771 2202//3771
f 2207//3772 2202//3772 2208//3772
f 2208//3773 2202//3773 2203//3773
f 2208//3774 2203//3774 2071//3774
f 2071//3775 2203//3775 2069//3775
f 2025//3776 2027//3776 2209//3776
f 2209//3777 2027//3777 2204//3777
f 2209//3778 2204//3778 2210//3778
f 2210//3779 2204//3779 2205//3779
f 2210//3780 2205//3780 2211//3780
f 2211//3781 2205//3781 2206//3781
f 2211//3782 2206//3782 2212//3782
f 2212//3783 2206//3783 2207//3783
f 2212//3784 2207//3784 2213//3784
f 2213//3785 2207//3785 2208//3785
f 2213//3786 2208//3786 2073//3786
f 2073//3787 2208//3787 2071//3787
f 2023//3788 2025//3788 2214//3788
f 2214//3789 2025//3789 2209//3789
f 2214//3790 2209//3790 2215//3790
f 2215//3791 2209//3791 2210//3791
f 2215//3792 2210//3792 2216//3792
f 2216//3793 2210//3793 2211//3793
f 2216//3794 2211//3794 2217//3794
f 2217//3795 2211//3795 2212//3795
f 2217//3796 2212//3796 2218//3796
f 2218//3797 2212//3797 2213//3797
f 2218//3798 2213//3798 2075//3798
f 2075//3799 2213//3799 2073//3799
f 2021//3800 2023//3800 2219//3800
f 2219//3801 2023//3801 2214//3801
f 2219//3802 2214//3802 2220//3802
f 2220//3803 2214//3803 2215//3803
f 2220//3804 2215//3804 2221//3804
f 2221//3805 2215//3805 2216//3805
f 2221//3806 2216//3806 2222//3806
f 2222//3807 2216//3807 2217//3807
f 2222//3808 2217//3808 2223//3808
f 2223//3809 2217//3809 2218//3809
f 2223//3810 2218//3810 2077//3810
f 2077//3811 2218//3811 2075//3811
f 2021//3812 2219//3812 2174//3812
f 2174//3813 2219//3813 2224//3813
f 2174//3814 2224//3814 2172//3814
f 2172//3815 2224//3815 2225//3815
f 2172//3816 2225//3816 2170//3816
f 2170//3817 2225//3817 2226//3817
f 2170//3818 2226//3818 2168//3818
f 2168//3819 2226//3819 2227//3819
f 2168//3820 2227//3820 2166//3820
f 2166//3821 2227//3821 2087//3821
f 2166//3822 2087//3822 2089//3822
f 2224//3823 2219//3823 2220//3823
f 2224//3824 2220//3824 2228//3824
f 2228//3825 2220//3825 2221//3825
f 2228//3826 2221//3826 2229//3826
f 2229//3827 2221//3827 2222//3827
f 2229//3828 2222//3828 2230//3828
f 2230//3829 2222//3829 2223//3829
f 2230//3830 2223//3830 2079//3830
f 2079//3831 2223//3831 2077//3831
f 2224//3832 2228//3832 2225//3832
f 2225//3833 2228//3833 2231//3833
f 2225//3834 2231//3834 2226//3834
f 2226//3835 2231//3835 2232//3835
f 2226//3836 2232//3836 2227//3836
f 2227//3837 2232//3837 2085//3837
f 2227//3838 2085//3838 2087//3838
f 2231//3839 2228//3839 2229//3839
f 2231//3840 2229//3840 2233//3840
f 2233//3841 2229//3841 2230//3841
f 2233//3842 2230//3842 2081//3842
f 2081//3843 2230//3843 2079//3843
f 2231//3844 2233//3844 2232//3844
f 2232//3845 2233//3845 2083//3845
f 2232//3846 2083//3846 2085//3846
f 2083//3847 2233//3847 2081//3847
f 2066//3848 2116//3848 2068//3848
f 2068//3849 2116//3849 2234//3849
f 2068//3850 2234//3850 2070//3850
f 2070//3851 2234//3851 2235//3851
f 2070//3852 2235//3852 2072//3852
f 2072//3853 2235//3853 2111//3853
f 2074//3854 2110//3854 2076//3854
f 2076//3855 2110//3855 2236//3855
f 2076//3856 2236//3856 2078//3856
f 2078//3857 2236//3857 2237//3857
f 2078//3858 2237//3858 2080//3858
f 2080//3859 2237//3859 2238//3859
f 2080//3860 2238//3860 2082//3860
f 2082//3861 2238//3861 2239//3861
f 2082//3862 2239//3862 2084//3862
f 2084//3863 2239//3863 2240//3863
f 2084//3864 2240//3864 2086//3864
f 2086//3865 2240//3865 2241//3865
f 2086//3866 2241//3866 2088//3866
f 2088//3867 2241//3867 2242//3867
f 2088//3868 2242//3868 77//3868
f 77//3869 2242//3869 2090//3869
f 2116//3870 2118//3870 2234//3870
f 2234//3871 2118//3871 2243//3871
f 2234//3872 2243//3872 2235//3872
f 2235//3873 2243//3873 2244//3873
f 2235//3874 2244//3874 2111//3874
f 2111//3875 2244//3875 2109//3875
f 2110//3876 2108//3876 2236//3876
f 2236//3877 2108//3877 2245//3877
f 2236//3878 2245//3878 2237//3878
f 2237//3879 2245//3879 2246//3879
f 2237//3880 2246//3880 2238//3880
f 2238//3881 2246//3881 2247//3881
f 2238//3882 2247//3882 2239//3882
f 2239//3883 2247//3883 2248//3883
f 2239//3884 2248//3884 2240//3884
f 2240//3885 2248//3885 2249//3885
f 2240//3886 2249//3886 2241//3886
f 2241//3887 2249//3887 2250//3887
f 2241//3888 2250//3888 2242//3888
f 2242//3889 2250//3889 2091//3889
f 2242//3890 2091//3890 2090//3890
f 2118//3891 2120//3891 2243//3891
f 2243//3892 2120//3892 2251//3892
f 2243//3893 2251//3893 2244//3893
f 2244//3894 2251//3894 2252//3894
f 2244//3895 2252//3895 2109//3895
f 2109//3896 2252//3896 2107//3896
f 2108//3897 2106//3897 2245//3897
f 2245//3898 2106//3898 2253//3898
f 2245//3899 2253//3899 2246//3899
f 2246//3900 2253//3900 2254//3900
f 2246//3901 2254//3901 2247//3901
f 2247//3902 2254//3902 2255//3902
f 2247//3903 2255//3903 2248//3903
f 2248//3904 2255//3904 2256//3904
f 2248//3905 2256//3905 2249//3905
f 2249//3906 2256//3906 2257//3906
f 2249//3907 2257//3907 2250//3907
f 2250//3908 2257//3908 2092//3908
f 2250//3909 2092//3909 2091//3909
f 2092//3910 2257//3910 2093//3910
f 2093//3911 2257//3911 2258//3911
f 2093//3912 2258//3912 2094//3912
f 2094//3913 2258//3913 2259//3913
f 2094//3914 2259//3914 2095//3914
f 2095//3915 2259//3915 2260//3915
f 2095//3916 2260//3916 2096//3916
f 2096//3917 2260//3917 2097//3917
f 2257//3918 2256//3918 2258//3918
f 2258//3919 2256//3919 2261//3919
f 2258//3920 2261//3920 2259//3920
f 2259//3921 2261//3921 2262//3921
f 2259//3922 2262//3922 2260//3922
f 2260//3923 2262//3923 2263//3923
f 2260//3924 2263//3924 2097//3924
f 2097//3925 2263//3925 2098//3925
f 2256//3926 2255//3926 2261//3926
f 2261//3927 2255//3927 2264//3927
f 2261//3928 2264//3928 2262//3928
f 2262//3929 2264//3929 2265//3929
f 2262//3930 2265//3930 2263//3930
f 2263//3931 2265//3931 2100//3931
f 2263//3932 2100//3932 2098//3932
f 2255//3933 2254//3933 2264//3933
f 2264//3934 2254//3934 2266//3934
f 2264//3935 2266//3935 2265//3935
f 2265//3936 2266//3936 2102//3936
f 2265//3937 2102//3937 2100//3937
f 2254//3938 2253//3938 2266//3938
f 2266//3939 2253//3939 2104//3939
f 2266//3940 2104//3940 2102//3940
f 2253//3941 2106//3941 2104//3941
f 2107//3942 2252//3942 2267//3942
f 2267//3943 2252//3943 2268//3943
f 2267//3944 2268//3944 2269//3944
f 2269//3945 2268//3945 2124//3945
f 2269//3946 2124//3946 2126//3946
f 2252//3947 2251//3947 2268//3947
f 2268//3948 2251//3948 2122//3948
f 2268//3949 2122//3949 2124//3949
f 2251//3950 2120//3950 2122//3950
f 2141//3951 2146//3951 2270//3951
f 2270//3952 2146//3952 2148//3952
f 2270//3953 2148//3953 2271//3953
f 2271//3954 2148//3954 2150//3954
f 2271//3955 2150//3955 2152//3955
f 2141//3956 2140//3956 2146//3956
f 2141//3957 2270//3957 2142//3957
f 2142//3958 2270//3958 2272//3958
f 2142//3959 2272//3959 2143//3959
f 2143//3960 2272//3960 2273//3960
f 2143//3961 2273//3961 2144//3961
f 2144//3962 2273//3962 2162//3962
f 2144//3963 2162//3963 2145//3963
f 2272//3964 2270//3964 2271//3964
f 2107//3965 2267//3965 2105//3965
f 2105//3966 2267//3966 2274//3966
f 2105//3967 2274//3967 2103//3967
f 2103//3968 2274//3968 2275//3968
f 2103//3969 2275//3969 2101//3969
f 2101//3970 2275//3970 2164//3970
f 2274//3971 2267//3971 2269//3971
f 2272//3972 2271//3972 2276//3972
f 2276//3973 2271//3973 2152//3973
f 2276//3974 2152//3974 2160//3974
f 2160//3975 2152//3975 2154//3975
f 2274//3976 2269//3976 2277//3976
f 2277//3977 2269//3977 2126//3977
f 2277//3978 2126//3978 2128//3978
f 2272//3979 2276//3979 2273//3979
f 2273//3980 2276//3980 2161//3980
f 2273//3981 2161//3981 2162//3981
f 2161//3982 2276//3982 2160//3982
f 2274//3983 2277//3983 2275//3983
f 2275//3984 2277//3984 2163//3984
f 2275//3985 2163//3985 2164//3985
f 2163//3986 2277//3986 2128//3986
f 814//3987 803//3987 2278//3987
f 2278//3988 803//3988 2279//3988
f 2279//3989 803//3989 2280//3989
f 2279//3990 2280//3990 2281//3990
f 2281//3991 2280//3991 2282//3991
f 2281//3992 2282//3992 2283//3992
f 2283//3993 2282//3993 2284//3993
f 2283//3994 2284//3994 2285//3994
f 2285//3995 2284//3995 2286//3995
f 2286//3996 2284//3996 2287//3996
f 2286//3997 2287//3997 2288//3997
f 2288//3998 2287//3998 2289//3998
f 2289//3999 2287//3999 2290//3999
f 2289//4000 2290//4000 2291//4000
f 2291//4001 2290//4001 2292//4001
f 2291//4002 2292//4002 2293//4002
f 2293//4003 2292//4003 2294//4003
f 2293//4004 2294//4004 2295//4004
f 2295//4005 2294//4005 12//4005
f 2295//4006 12//4006 2296//4006
f 2296//4007 12//4007 14//4007
f 14//4008 2297//4008 2296//4008
f 2296//4009 2297//4009 2295//4009
f 803//4010 791//4010 2280//4010
f 2280//4011 791//4011 2298//4011
f 2280//4012 2298//4012 2282//4012
f 2282//4013 2298//4013 2299//4013
f 2282//4014 2299//4014 2284//4014
f 2284//4015 2299//4015 2300//4015
f 2284//4016 2300//4016 2287//4016
f 2287//4017 2300//4017 2290//4017
f 791//4018 790//4018 2298//4018
f 2298//4019 790//4019 2301//4019
f 2298//4020 2301//4020 2299//4020
f 2299//4021 2301//4021 2302//4021
f 2299//4022 2302//4022 2300//4022
f 2300//4023 2302//4023 2303//4023
f 2300//4024 2303//4024 2290//4024
f 2290//4025 2303//4025 2292//4025
f 2301//4026 790//4026 2304//4026
f 2304//4027 790//4027 802//4027
f 2304//4028 802//4028 2305//4028
f 2305//4029 802//4029 5//4029
f 2305//4030 5//4030 6//4030
f 5//4031 802//4031 3//4031
f 6//4032 7//4032 2305//4032
f 2305//4033 7//4033 2304//4033
f 7//4034 2306//4034 2304//4034
f 2304//4035 2306//4035 2302//4035
f 2304//4036 2302//4036 2301//4036
f 10//4037 2307//4037 9//4037
f 9//4038 2307//4038 2308//4038
f 9//4039 2308//4039 2306//4039
f 2306//4040 2308//4040 2303//4040
f 2306//4041 2303//4041 2302//4041
f 12//4042 2309//4042 10//4042
f 10//4043 2309//4043 2294//4043
f 10//4044 2294//4044 2308//4044
f 2308//4045 2294//4045 2292//4045
f 2308//4046 2292//4046 2303//4046
f 16//4047 2310//4047 14//4047
f 14//4048 2310//4048 2311//4048
f 14//4049 2311//4049 2297//4049
f 2297//4050 2311//4050 2312//4050
f 2297//4051 2312//4051 2313//4051
f 2313//4052 2312//4052 2314//4052
f 2313//4053 2314//4053 2315//4053
f 2315//4054 2314//4054 2316//4054
f 2315//4055 2316//4055 2317//4055
f 18//4056 2318//4056 16//4056
f 16//4057 2318//4057 2319//4057
f 16//4058 2319//4058 2311//4058
f 2311//4059 2319//4059 2320//4059
f 2311//4060 2320//4060 2312//4060
f 2312//4061 2320//4061 2321//4061
f 2312//4062 2321//4062 2314//4062
f 2314//4063 2321//4063 2322//4063
f 2314//4064 2322//4064 2323//4064
f 20//4065 2324//4065 18//4065
f 2325//4066 18//4066 2326//4066
f 2325//4067 2326//4067 2327//4067
f 2327//4068 2326//4068 2328//4068
f 2327//4069 2328//4069 2329//4069
f 2329//4070 2328//4070 2330//4070
f 2329//4071 2330//4071 2331//4071
f 2331//4072 2330//4072 2332//4072
f 2332//4073 2330//4073 2333//4073
f 2333//4074 2330//4074 2334//4074
f 2333//4075 2334//4075 2335//4075
f 2335//4076 2334//4076 2336//4076
f 2335//4077 2336//4077 2337//4077
f 2337//4078 2336//4078 2338//4078
f 2337//4079 2338//4079 2339//4079
f 2339//4080 2338//4080 2340//4080
f 2339//4081 2340//4081 2341//4081
f 2341//4082 2340//4082 2342//4082
f 2341//4083 2342//4083 2343//4083
f 2343//4084 2342//4084 2344//4084
f 2344//4085 2342//4085 2345//4085
f 2344//4086 2345//4086 2346//4086
f 2346//4087 2345//4087 2347//4087
f 2346//4088 2347//4088 2348//4088
f 2348//4089 2347//4089 2349//4089
f 2349//4090 2347//4090 2350//4090
f 2349//4091 2350//4091 2351//4091
f 2351//4092 2350//4092 1173//4092
f 2351//4093 1173//4093 2352//4093
f 2352//4094 1173//4094 1175//4094
f 21//4095 2353//4095 20//4095
f 20//4096 2353//4096 2354//4096
f 20//4097 2354//4097 2326//4097
f 2326//4098 2354//4098 2328//4098
f 23//4099 2355//4099 21//4099
f 21//4100 2355//4100 2356//4100
f 21//4101 2356//4101 2354//4101
f 2354//4102 2356//4102 2357//4102
f 2354//4103 2357//4103 2328//4103
f 2328//4104 2357//4104 2330//4104
f 25//4105 2358//4105 23//4105
f 23//4106 2358//4106 2359//4106
f 23//4107 2359//4107 2360//4107
f 2360//4108 2359//4108 2361//4108
f 2360//4109 2361//4109 2362//4109
f 2362//4110 2361//4110 2336//4110
f 2362//4111 2336//4111 2334//4111
f 27//4112 2363//4112 25//4112
f 25//4113 2363//4113 2364//4113
f 25//4114 2364//4114 2359//4114
f 2359//4115 2364//4115 2365//4115
f 2359//4116 2365//4116 2361//4116
f 2361//4117 2365//4117 2338//4117
f 2361//4118 2338//4118 2336//4118
f 29//4119 2366//4119 27//4119
f 27//4120 2366//4120 2367//4120
f 27//4121 2367//4121 2368//4121
f 2368//4122 2367//4122 2369//4122
f 2368//4123 2369//4123 2370//4123
f 2370//4124 2369//4124 2371//4124
f 2370//4125 2371//4125 2340//4125
f 2340//4126 2371//4126 2342//4126
f 31//4127 2372//4127 29//4127
f 29//4128 2372//4128 2373//4128
f 29//4129 2373//4129 2367//4129
f 2367//4130 2373//4130 2374//4130
f 2367//4131 2374//4131 2369//4131
f 2369//4132 2374//4132 2375//4132
f 2369//4133 2375//4133 2371//4133
f 2371//4134 2375//4134 2345//4134
f 2371//4135 2345//4135 2342//4135
f 31//4136 2376//4136 2373//4136
f 2373//4137 2376//4137 2377//4137
f 2373//4138 2377//4138 2374//4138
f 2374//4139 2377//4139 2378//4139
f 2374//4140 2378//4140 2375//4140
f 2375//4141 2378//4141 2347//4141
f 2375//4142 2347//4142 2345//4142
f 34//4143 2379//4143 32//4143
f 32//4144 2379//4144 2380//4144
f 32//4145 2380//4145 2376//4145
f 2376//4146 2380//4146 2381//4146
f 2376//4147 2381//4147 2377//4147
f 2377//4148 2381//4148 2382//4148
f 2377//4149 2382//4149 2378//4149
f 2378//4150 2382//4150 2350//4150
f 2378//4151 2350//4151 2347//4151
f 34//4152 35//4152 2379//4152
f 2379//4153 35//4153 1678//4153
f 2379//4154 1678//4154 1676//4154
f 36//4155 1678//4155 35//4155
f 1172//4156 2381//4156 1676//4156
f 1676//4157 2381//4157 2380//4157
f 1676//4158 2380//4158 2379//4158
f 2381//4159 1172//4159 2382//4159
f 2382//4160 1172//4160 1173//4160
f 2382//4161 1173//4161 2350//4161
f 2331//4162 2383//4162 2329//4162
f 2329//4163 2383//4163 2384//4163
f 2329//4164 2384//4164 2327//4164
f 2327//4165 2384//4165 2385//4165
f 2327//4166 2385//4166 2325//4166
f 2325//4167 2385//4167 2319//4167
f 2325//4168 2319//4168 18//4168
f 18//4169 2319//4169 2318//4169
f 2383//4170 2386//4170 2384//4170
f 2384//4171 2386//4171 2387//4171
f 2384//4172 2387//4172 2385//4172
f 2385//4173 2387//4173 2320//4173
f 2385//4174 2320//4174 2319//4174
f 2386//4175 2388//4175 2387//4175
f 2387//4176 2388//4176 2321//4176
f 2387//4177 2321//4177 2320//4177
f 2388//4178 2322//4178 2321//4178
f 2323//4179 2316//4179 2314//4179
f 2315//4180 2317//4180 2291//4180
f 2291//4181 2317//4181 2289//4181
f 27//4182 2368//4182 2363//4182
f 2363//4183 2368//4183 2364//4183
f 2355//4184 23//4184 2389//4184
f 2389//4185 23//4185 2360//4185
f 2389//4186 2360//4186 2355//4186
f 2355//4187 2360//4187 2356//4187
f 9//4188 2306//4188 7//4188
f 10//4189 2308//4189 2307//4189
f 12//4190 2294//4190 2309//4190
f 2315//4191 2291//4191 2293//4191
f 2297//4192 2313//4192 2295//4192
f 2295//4193 2313//4193 2293//4193
f 2313//4194 2315//4194 2293//4194
f 16//4195 2311//4195 2310//4195
f 21//4196 2354//4196 2353//4196
f 18//4197 2324//4197 2326//4197
f 2326//4198 2324//4198 20//4198
f 2334//4199 2330//4199 2357//4199
f 2360//4200 2362//4200 2356//4200
f 2356//4201 2362//4201 2357//4201
f 2362//4202 2334//4202 2357//4202
f 25//4203 2359//4203 2358//4203
f 2340//4204 2338//4204 2365//4204
f 2368//4205 2370//4205 2364//4205
f 2364//4206 2370//4206 2365//4206
f 2370//4207 2340//4207 2365//4207
f 29//4208 2367//4208 2366//4208
f 31//4209 2373//4209 2372//4209
f 32//4210 2376//4210 31//4210
f 248//4211 1175//4211 1176//4211
f 248//4212 1176//4212 252//4212
f 252//4213 1176//4213 1636//4213
f 252//4214 1636//4214 1215//4214
f 252//4214 1215//4214 253//4214
f 253//4214 1215//4214 1214//4214
f 253//4215 1214//4215 256//4215
f 256//4214 1214//4214 258//4214
f 258//4213 1214//4213 1635//4213
f 258//4216 1635//4216 261//4216
f 261//4217 1635//4217 1634//4217
f 261//4217 1634//4217 263//4217
f 263//4218 1634//4218 1631//4218
f 263//4219 1631//4219 267//4219
f 267//4217 1631//4217 1247//4217
f 267//4220 1247//4220 269//4220
f 269//4221 1247//4221 271//4221
f 271//4217 1247//4217 1248//4217
f 271//4216 1248//4216 272//4216
f 272//4217 1248//4217 1629//4217
f 272//4212 1629//4212 274//4212
f 274//4213 1629//4213 1626//4213
f 274//4215 1626//4215 277//4215
f 277//4222 1626//4222 1625//4222
f 277//4216 1625//4216 278//4216
f 278//4223 1625//4223 1623//4223
f 278//4213 1623//4213 280//4213
f 280//4224 1623//4224 1621//4224
f 280//4215 1621//4215 1619//4215
f 280//4217 1619//4217 284//4217
f 284//4216 1619//4216 1608//4216
f 284//4217 1608//4217 287//4217
f 287//4217 1608//4217 1597//4217
f 287//4225 1597//4225 289//4225
f 289//4226 1597//4226 1594//4226
f 289//4227 1594//4227 290//4227
f 290//4228 1594//4228 1290//4228
f 290//4225 1290//4225 292//4225
f 292//4229 1290//4229 1292//4229
f 292//4214 1292//4214 1564//4214
f 1553//4217 299//4217 1564//4217
f 1564//4223 299//4223 294//4223
f 1564//4214 294//4214 292//4214
f 299//4216 1553//4216 301//4216
f 301//4212 1553//4212 1548//4212
f 301//4211 1548//4211 302//4211
f 302//4218 1548//4218 306//4218
f 306//4230 1548//4230 308//4230
f 308//4216 1548//4216 1544//4216
f 308//4218 1544//4218 309//4218
f 309//4215 1544//4215 1541//4215
f 309//4213 1541//4213 310//4213
f 310//4230 1541//4230 1540//4230
f 310//4227 1540//4227 311//4227
f 311//4231 1540//4231 1539//4231
f 311//4232 1539//4232 314//4232
f 314//4233 1539//4233 1538//4233
f 314//4212 1538//4212 317//4212
f 317//4216 1538//4216 1520//4216
f 317//4234 1520//4234 1519//4234
f 1518//4217 322//4217 1519//4217
f 1519//4217 322//4217 320//4217
f 1519//4215 320//4215 317//4215
f 322//4217 1518//4217 325//4217
f 325//4215 1518//4215 1359//4215
f 325//4225 1359//4225 327//4225
f 327//4235 1359//4235 1975//4235
f 327//4235 1975//4235 369//4235
f 369//4236 1975//4236 1974//4236
f 369//4232 1974//4232 367//4232
f 367//4237 1974//4237 1852//4237
f 367//4238 1852//4238 1853//4238
f 367//4239 1853//4239 364//4239
f 364//4240 1853//4240 1854//4240
f 364//4234 1854//4234 362//4234
f 362//4224 1854//4224 1856//4224
f 362//4215 1856//4215 360//4215
f 360//4223 1856//4223 1858//4223
f 360//4224 1858//4224 1859//4224
f 360//4237 1859//4237 359//4237
f 359//4241 1859//4241 1860//4241
f 359//4241 1860//4241 357//4241
f 357//4242 1860//4242 1973//4242
f 357//4214 1973//4214 355//4214
f 355//4217 1973//4217 1972//4217
f 355//4217 1972//4217 353//4217
f 353//4243 1972//4243 1971//4243
f 353//4223 1971//4223 351//4223
f 1175//4244 248//4244 2352//4244
f 2352//4214 248//4214 247//4214
f 2352//4223 247//4223 2351//4223
f 2351//4241 247//4241 2349//4241
f 2349//4245 247//4245 121//4245
f 2349//4246 121//4246 2348//4246
f 2348//4247 121//4247 122//4247
f 2348//4216 122//4216 2346//4216
f 2346//4216 122//4216 2344//4216
f 2344//4214 122//4214 124//4214
f 2344//4220 124//4220 2343//4220
f 2343//4213 124//4213 126//4213
f 2343//4217 126//4217 2341//4217
f 2341//4217 126//4217 2339//4217
f 2339//4248 126//4248 127//4248
f 2339//4226 127//4226 2337//4226
f 2337//4227 127//4227 129//4227
f 2337//4223 129//4223 2335//4223
f 2335//4216 129//4216 2333//4216
f 2333//4249 129//4249 132//4249
f 2333//4236 132//4236 2332//4236
f 2332//4250 132//4250 134//4250
f 2332//4250 134//4250 2331//4250
f 2331//4212 134//4212 136//4212
f 2331//4237 136//4237 2383//4237
f 2383//4251 136//4251 2386//4251
f 2386//4252 136//4252 138//4252
f 2386//4252 138//4252 2388//4252
f 2388//4253 138//4253 140//4253
f 2388//4254 140//4254 2322//4254
f 2322//4255 140//4255 2323//4255
f 2323//4256 140//4256 142//4256
f 2323//4257 142//4257 2316//4257
f 2316//4258 142//4258 144//4258
f 2316//4259 144//4259 2317//4259
f 2317//4260 144//4260 146//4260
f 2317//4261 146//4261 2289//4261
f 2289//4257 146//4257 2288//4257
f 2288//4262 146//4262 148//4262
f 2288//4262 148//4262 2286//4262
f 2286//4262 148//4262 150//4262
f 2286//4262 150//4262 2285//4262
f 2285//4263 150//4263 2283//4263
f 2283//4264 150//4264 151//4264
f 2283//4265 151//4265 2281//4265
f 2281//4266 151//4266 153//4266
f 2281//4267 153//4267 2279//4267
f 2279//4268 153//4268 2278//4268
f 2278//4261 153//4261 160//4261
f 2278//4261 160//4261 814//4261
f 814//4261 160//4261 815//4261
f 815//4261 160//4261 162//4261
f 815//4269 162//4269 816//4269
f 816//4270 162//4270 164//4270
f 816//4271 164//4271 818//4271
f 818//4267 164//4267 167//4267
f 818//4255 167//4255 822//4255
f 822//4272 167//4272 166//4272
f 822//4253 166//4253 823//4253
f 823//4273 166//4273 170//4273
f 823//4274 170//4274 751//4274
f 751//4274 170//4274 175//4274
f 751//4275 175//4275 178//4275
f 751//4253 178//4253 749//4253
f 749//4276 178//4276 180//4276
f 749//4255 180//4255 510//4255
f 510//4255 180//4255 182//4255
f 510//4255 182//4255 508//4255
f 508//4277 182//4277 184//4277
f 508//4277 184//4277 824//4277
f 824//4278 184//4278 186//4278
f 824//4255 186//4255 826//4255
f 826//4257 186//4257 188//4257
f 826//4279 188//4279 828//4279
f 828//4276 188//4276 190//4276
f 828//4272 190//4272 830//4272
f 830//4272 190//4272 832//4272
f 832//4272 190//4272 198//4272
f 832//4276 198//4276 848//4276
f 848//4267 198//4267 199//4267
f 848//4280 199//4280 204//4280
f 848//4257 204//4257 856//4257
f 856//4281 204//4281 203//4281
f 856//4258 203//4258 454//4258
f 454//4282 203//4282 452//4282
f 452//4272 203//4272 208//4272
f 452//4270 208//4270 860//4270
f 860//4278 208//4278 209//4278
f 860//4255 209//4255 868//4255
f 868//4261 209//4261 213//4261
f 868//4276 213//4276 877//4276
f 877//4283 213//4283 215//4283
f 877//4253 215//4253 896//4253
f 896//4254 215//4254 219//4254
f 896//4254 219//4254 897//4254
f 897//4254 219//4254 220//4254
f 897//4262 220//4262 907//4262
f 907//4284 220//4284 224//4284
f 907//4285 224//4285 909//4285
f 909//4251 224//4251 225//4251
f 909//4256 225//4256 911//4256
f 911//4257 225//4257 229//4257
f 911//4256 229//4256 915//4256
f 915//4286 229//4286 233//4286
f 915//4287 233//4287 235//4287
f 915//4287 235//4287 917//4287
f 917//4288 235//4288 238//4288
f 917//4289 238//4289 240//4289
f 917//4256 240//4256 374//4256
f 374//4283 240//4283 242//4283
f 374//4290 242//4290 372//4290
f 372//4291 242//4291 244//4291
f 372//4257 244//4257 1962//4257
f 1962//4256 244//4256 332//4256
f 1962//4256 332//4256 1963//4256
f 1963//4272 332//4272 334//4272
f 1963//4292 334//4292 1964//4292
f 1964//4293 334//4293 1965//4293
f 1965//4294 334//4294 338//4294
f 1965//4255 338//4255 1966//4255
f 1966//4255 338//4255 340//4255
f 1966//4255 340//4255 1967//4255
f 1967//4290 340//4290 341//4290
f 1967//4295 341//4295 1968//4295
f 1968//4295 341//4295 1969//4295
f 1969//4278 341//4278 343//4278
f 1969//4278 343//4278 1960//4278
f 1960//4277 343//4277 345//4277
f 1960//4251 345//4251 1961//4251
f 1961//4253 345//4253 347//4253
f 1961//4278 347//4278 1970//4278
f 1970//4278 347//4278 349//4278
f 1970//4257 349//4257 1971//4257
f 1971//4254 349//4254 351//4254
f 389//4296 558//4296 2390//4296
f 2390//4296 558//4296 1953//4296
f 2390//4296 1953//4296 2391//4296
f 2391//4296 1953//4296 1952//4296
f 2391//4296 1952//4296 1950//4296
f 1950//4296 1899//4296 2391//4296
f 2391//4296 1899//4296 2392//4296
f 2392//4296 1899//4296 1898//4296
f 2392//4296 1898//4296 1943//4296
f 2392//4296 1943//4296 2393//4296
f 2393//4296 1943//4296 1948//4296
f 2393//4296 1948//4296 1947//4296
f 2393//4296 1947//4296 2394//4296
f 2394//4296 1947//4296 1946//4296
f 2394//4296 1946//4296 2395//4296
f 2395//4296 1946//4296 1945//4296
f 2395//4296 1945//4296 1927//4296
f 2395//4296 1927//4296 2396//4296
f 2396//4296 1927//4296 1921//4296
f 2396//4296 1921//4296 2397//4296
f 2397//4296 1921//4296 1916//4296
f 2397//4296 1916//4296 1907//4296
f 2397//4296 1907//4296 2398//4296
f 2398//4296 1907//4296 1905//4296
f 2398//4296 1905//4296 1903//4296
f 2398//4296 1903//4296 2399//4296
f 2399//4296 1903//4296 1901//4296
f 2399//4296 1901//4296 1900//4296
f 1900//4296 1838//4296 2399//4296
f 2399//4296 1838//4296 2400//4296
f 2400//4296 1838//4296 1370//4296
f 2400//4296 1370//4296 1372//4296
f 1372//4296 1517//4296 2400//4296
f 2400//4296 1517//4296 2401//4296
f 2401//4296 1517//4296 1506//4296
f 2401//4296 1506//4296 1503//4296
f 2401//4296 1503//4296 2402//4296
f 2402//4296 1503//4296 1500//4296
f 2402//4296 1500//4296 1495//4296
f 2402//4296 1495//4296 2403//4296
f 2403//4296 1495//4296 1492//4296
f 2403//4296 1492//4296 1483//4296
f 2403//4296 1483//4296 2404//4296
f 2404//4296 1483//4296 1478//4296
f 2404//4296 1478//4296 2405//4296
f 2405//4296 1478//4296 1473//4296
f 2405//4296 1473//4296 1469//4296
f 2405//4296 1469//4296 2406//4296
f 2406//4296 1469//4296 1468//4296
f 2406//4296 1468//4296 1462//4296
f 2406//4296 1462//4296 2407//4296
f 2407//4296 1462//4296 1460//4296
f 2407//4296 1460//4296 1458//4296
f 2407//4296 1458//4296 2408//4296
f 2408//4296 1458//4296 1457//4296
f 1457//4296 2158//4296 2408//4296
f 2408//4296 2158//4296 2157//4296
f 2408//4296 2157//4296 2155//4296
f 2408//4296 2155//4296 2409//4296
f 2409//4296 2155//4296 2159//4296
f 2409//4296 2159//4296 2151//4296
f 2151//4296 2149//4296 2409//4296
f 2409//4296 2149//4296 2410//4296
f 2410//4296 2149//4296 2147//4296
f 2410//4296 2147//4296 2411//4296
f 2411//4296 2147//4296 2139//4296
f 2411//4296 2139//4296 2138//4296
f 2411//4296 2138//4296 2412//4296
f 2412//4296 2138//4296 2129//4296
f 2412//4296 2129//4296 2112//4296
f 2412//4296 2112//4296 2413//4296
f 2413//4296 2112//4296 2060//4296
f 2413//4296 2060//4296 2414//4296
f 2414//4296 2060//4296 2058//4296
f 2414//4296 2058//4296 2056//4296
f 2414//4296 2056//4296 2415//4296
f 2415//4296 2056//4296 2039//4296
f 2415//4296 2039//4296 2416//4296
f 2416//4296 2039//4296 2038//4296
f 2416//4296 2038//4296 2054//4296
f 2416//4296 2054//4296 2417//4296
f 2417//4296 2054//4296 668//4296
f 668//4296 667//4296 2417//4296
f 2417//4296 667//4296 665//4296
f 2417//4296 665//4296 2418//4296
f 2418//4296 665//4296 664//4296
f 2418//4296 664//4296 652//4296
f 652//4296 631//4296 2418//4296
f 2418//4296 631//4296 2419//4296
f 2419//4296 631//4296 619//4296
f 2419//4296 619//4296 602//4296
f 2419//4296 602//4296 2420//4296
f 2420//4296 602//4296 590//4296
f 2420//4296 590//4296 589//4296
f 2420//4296 589//4296 2421//4296
f 2421//4296 589//4296 584//4296
f 2421//4296 584//4296 576//4296
f 2421//4296 576//4296 2422//4296
f 2422//4296 576//4296 561//4296
f 2422//4296 561//4296 560//4296
f 2422//4296 560//4296 2423//4296
f 2423//4296 560//4296 559//4296
f 2423//4296 559//4296 393//4296
f 2423//4296 393//4296 2424//4296
f 2424//4296 393//4296 391//4296
f 2424//4296 391//4296 2390//4296
f 2390//4296 391//4296 389//4296
f 2425//4296 2426//4296 2427//4296
f 2427//4296 2426//4296 2428//4296
f 2427//4296 2428//4296 2429//4296
f 2429//4296 2428//4296 2430//4296
f 2429//4296 2430//4296 2431//4296
f 2431//4296 2430//4296 2432//4296
f 2431//4296 2432//4296 2433//4296
f 2433//4296 2434//4296 2431//4296
f 2431//4296 2434//4296 2435//4296
f 2431//4296 2435//4296 2436//4296
f 2436//4296 2437//4296 2431//4296
f 2431//4296 2437//4296 2438//4296
f 2431//4296 2438//4296 2439//4296
f 2439//4296 2440//4296 2431//4296
f 2431//4296 2440//4296 2441//4296
f 2431//4296 2441//4296 2442//4296
f 2442//4296 2441//4296 2443//4296
f 2442//4296 2443//4296 2444//4296
f 2444//4296 2445//4296 2442//4296
f 2442//4296 2445//4296 2446//4296
f 2442//4296 2446//4296 2447//4296
f 2447//4296 2448//4296 2442//4296
f 2442//4296 2448//4296 2449//4296
f 2442//4296 2449//4296 2450//4296
f 2450//4296 2451//4296 2442//4296
f 2442//4296 2451//4296 2452//4296
f 2452//4296 2451//4296 2453//4296
f 2452//4296 2453//4296 2454//4296
f 2454//4296 2453//4296 2455//4296
f 2454//4296 2455//4296 2456//4296
f 2456//4296 2455//4296 2457//4296
f 2456//4296 2457//4296 2458//4296
f 2458//4296 2457//4296 2459//4296
f 2427//4297 2395//4297 2425//4297
f 2425//4298 2395//4298 2396//4298
f 2425//4298 2396//4298 2426//4298
f 2426//4299 2396//4299 2397//4299
f 2426//4299 2397//4299 2428//4299
f 2428//4300 2397//4300 2398//4300
f 2428//4300 2398//4300 2430//4300
f 2430//4301 2398//4301 2399//4301
f 2430//4301 2399//4301 2432//4301
f 2432//4302 2399//4302 2400//4302
f 2432//4302 2400//4302 2433//4302
f 2433//4303 2400//4303 2401//4303
f 2433//4303 2401//4303 2434//4303
f 2434//4304 2401//4304 2402//4304
f 2434//4304 2402//4304 2435//4304
f 2435//4305 2402//4305 2403//4305
f 2435//4305 2403//4305 2436//4305
f 2436//4306 2403//4306 2404//4306
f 2436//4306 2404//4306 2437//4306
f 2437//4307 2404//4307 2405//4307
f 2437//4307 2405//4307 2438//4307
f 2438//4308 2405//4308 2406//4308
f 2438//4308 2406//4308 2439//4308
f 2439//4309 2406//4309 2407//4309
f 2439//4309 2407//4309 2440//4309
f 2440//4310 2407//4310 2408//4310
f 2440//4310 2408//4310 2441//4310
f 2441//4311 2408//4311 2409//4311
f 2441//4311 2409//4311 2443//4311
f 2443//4312 2409//4312 2410//4312
f 2443//4313 2410//4313 2444//4313
f 2444//4314 2410//4314 2411//4314
f 2444//4315 2411//4315 2445//4315
f 2445//4316 2411//4316 2412//4316
f 2445//4316 2412//4316 2446//4316
f 2446//2 2412//2 2413//2
f 2446//2 2413//2 2447//2
f 2447//4317 2413//4317 2414//4317
f 2447//4317 2414//4317 2448//4317
f 2448//4318 2414//4318 2415//4318
f 2448//4319 2415//4319 2449//4319
f 2449//4320 2415//4320 2416//4320
f 2449//4321 2416//4321 2450//4321
f 2450//4322 2416//4322 2417//4322
f 2450//4322 2417//4322 2451//4322
f 2451//4323 2417//4323 2418//4323
f 2451//4323 2418//4323 2453//4323
f 2453//4324 2418//4324 2419//4324
f 2453//4324 2419//4324 2455//4324
f 2455//4325 2419//4325 2420//4325
f 2455//4325 2420//4325 2457//4325
f 2457//4326 2420//4326 2421//4326
f 2457//4326 2421//4326 2459//4326
f 2459//4327 2421//4327 2422//4327
f 2459//4327 2422//4327 2458//4327
f 2458//4328 2422//4328 2423//4328
f 2458//4328 2423//4328 2456//4328
f 2456//4329 2423//4329 2424//4329
f 2456//4329 2424//4329 2454//4329
f 2454//4330 2424//4330 2390//4330
f 2454//4330 2390//4330 2452//4330
f 2452//4331 2390//4331 2391//4331
f 2452//4331 2391//4331 2442//4331
f 2442//4332 2391//4332 2392//4332
f 2442//4332 2392//4332 2431//4332
f 2431//4333 2392//4333 2393//4333
f 2431//4333 2393//4333 2429//4333
f 2429//4334 2393//4334 2394//4334
f 2429//4334 2394//4334 2427//4334
f 2427//4297 2394//4297 2395//4297
f 149//4335 2460//4335 152//4335
f 152//4336 2460//4336 2461//4336
f 152//4337 2461//4337 154//4337
f 154//4338 2461//4338 2462//4338
f 2462//4339 2461//4339 2463//4339
f 2462//4336 2463//4336 2464//4336
f 2464//4340 2463//4340 2465//4340
f 2464//4341 2465//4341 2466//4341
f 2466//4342 2465//4342 2467//4342
f 2466//4343 2467//4343 2468//4343
f 2468//4343 2467//4343 2469//4343
f 2468//4336 2469//4336 2470//4336
f 2470//4336 2469//4336 2471//4336
f 2470//4344 2471//4344 2472//4344
f 2472//4345 2471//4345 2473//4345
f 2472//4346 2473//4346 2474//4346
f 2474//4347 2473//4347 2475//4347
f 2475//4348 2473//4348 2476//4348
f 2475//4349 2476//4349 2477//4349
f 2477//4340 2476//4340 2478//4340
f 2477//4350 2478//4350 2479//4350
f 2479//4339 2478//4339 2480//4339
f 2479//4351 2480//4351 2481//4351
f 2481//4352 2480//4352 2482//4352
f 2482//4353 2480//4353 2483//4353
f 2482//4354 2483//4354 2484//4354
f 2484//4355 2483//4355 2485//4355
f 2485//4356 2483//4356 2486//4356
f 2485//4336 2486//4336 2487//4336
f 2487//4357 2486//4357 2488//4357
f 2487//4356 2488//4356 2489//4356
f 2460//4358 149//4358 2490//4358
f 2490//4339 149//4339 147//4339
f 2490//4359 147//4359 145//4359
f 2490//4358 145//4358 2491//4358
f 2491//4360 145//4360 143//4360
f 2491//4361 143//4361 2492//4361
f 2492//4342 143//4342 141//4342
f 2492//4342 141//4342 2493//4342
f 2493//4362 141//4362 139//4362
f 2493//4363 139//4363 2494//4363
f 2494//4338 139//4338 137//4338
f 2494//4343 137//4343 2495//4343
f 2495//4361 137//4361 135//4361
f 2487//4364 2489//4364 2496//4364
f 2496//4359 2489//4359 2497//4359
f 2496//4346 2497//4346 2498//4346
f 2496//4358 2498//4358 2499//4358
f 2499//4365 2498//4365 2500//4365
f 2499//4366 2500//4366 2501//4366
f 2501//4367 2500//4367 2502//4367
f 2501//4368 2502//4368 2503//4368
f 2503//4356 2502//4356 2504//4356
f 2503//4343 2504//4343 2505//4343
f 2505//4359 2504//4359 2506//4359
f 2505//4357 2506//4357 2507//4357
f 2507//4347 2506//4347 2508//4347
f 2507//4369 2508//4369 2509//4369
f 2509//4355 2508//4355 2510//4355
f 2509//4370 2510//4370 2511//4370
f 2511//4371 2510//4371 2512//4371
f 2511//4372 2512//4372 2513//4372
f 2513//4373 2512//4373 2514//4373
f 2513//4360 2514//4360 2515//4360
f 2515//4355 2514//4355 2516//4355
f 2516//4374 2514//4374 2517//4374
f 2516//4373 2517//4373 2518//4373
f 2518//4365 2517//4365 2519//4365
f 2518//4339 2519//4339 2520//4339
f 2520//4343 2519//4343 2521//4343
f 2520//4355 2521//4355 2522//4355
f 2520//4375 2522//4375 2523//4375
f 2523//4376 2522//4376 2524//4376
f 2523//4371 2524//4371 2525//4371
f 2525//4368 2524//4368 2526//4368
f 2525//4342 2526//4342 2527//4342
f 2527//4377 2526//4377 2528//4377
f 2527//4375 2528//4375 2529//4375
f 2529//4378 2528//4378 2530//4378
f 2529//4379 2530//4379 2531//4379
f 2531//4356 2530//4356 2532//4356
f 2531//4354 2532//4354 2533//4354
f 2533//4380 2532//4380 2534//4380
f 2534//4381 2532//4381 2535//4381
f 2535//4382 2532//4382 2536//4382
f 2535//4383 2536//4383 2537//4383
f 2537//4353 2536//4353 2538//4353
f 2537//4384 2538//4384 2539//4384
f 2539//4385 2538//4385 2540//4385
f 2539//4364 2540//4364 2541//4364
f 2541//4338 2540//4338 2542//4338
f 2541//4343 2542//4343 2543//4343
f 2543//4370 2542//4370 2544//4370
f 2543//4354 2544//4354 2545//4354
f 2545//4357 2544//4357 2546//4357
f 2545//4386 2546//4386 2547//4386
f 2547//4387 2546//4387 2548//4387
f 2547//4356 2548//4356 2549//4356
f 2549//4356 2548//4356 2550//4356
f 2549//4364 2550//4364 2551//4364
f 135//4388 133//4388 2495//4388
f 2495//4389 133//4389 2552//4389
f 2552//4390 133//4390 131//4390
f 2552//4391 131//4391 2553//4391
f 2553//4392 131//4392 130//4392
f 2553//4392 130//4392 2554//4392
f 2554//4393 130//4393 128//4393
f 2554//4393 128//4393 2555//4393
f 2555//4394 128//4394 125//4394
f 2555//4395 125//4395 2556//4395
f 2556//4396 125//4396 123//4396
f 2556//4397 123//4397 120//4397
f 2556//4398 120//4398 2557//4398
f 2557//4399 120//4399 119//4399
f 2557//4400 119//4400 2558//4400
f 2558//4401 119//4401 246//4401
f 2558//4402 246//4402 2559//4402
f 2558//4392 2559//4392 2560//4392
f 2560//4403 2559//4403 2561//4403
f 2560//4402 2561//4402 2562//4402
f 2562//4400 2561//4400 2563//4400
f 2562//4398 2563//4398 2564//4398
f 2564//4392 2563//4392 2565//4392
f 2564//4404 2565//4404 2566//4404
f 2566//4392 2565//4392 2567//4392
f 2566//4405 2567//4405 2568//4405
f 2568//4406 2567//4406 2569//4406
f 2568//4402 2569//4402 2570//4402
f 2568//4407 2570//4407 2571//4407
f 2571//4408 2570//4408 2572//4408
f 2571//4404 2572//4404 2573//4404
f 2573//4404 2572//4404 2574//4404
f 2573//4409 2574//4409 2575//4409
f 2575//4410 2574//4410 2576//4410
f 2575//4409 2576//4409 2577//4409
f 2577//4411 2576//4411 2578//4411
f 2577//4412 2578//4412 2579//4412
f 2579//4413 2578//4413 2580//4413
f 2579//4414 2580//4414 2581//4414
f 2581//4390 2580//4390 2582//4390
f 2581//4400 2582//4400 2583//4400
f 2581//4392 2583//4392 2584//4392
f 2584//4392 2583//4392 2585//4392
f 2584//4415 2585//4415 2586//4415
f 2586//4416 2585//4416 2587//4416
f 2587//4417 2585//4417 2588//4417
f 2587//4406 2588//4406 2589//4406
f 2589//4392 2588//4392 2590//4392
f 2590//4418 2588//4418 2591//4418
f 2590//4418 2591//4418 2592//4418
f 2592//4419 2591//4419 2593//4419
f 2592//4420 2593//4420 2594//4420
f 2594//4391 2593//4391 2595//4391
f 2594//4402 2595//4402 2596//4402
f 2596//4414 2595//4414 2597//4414
f 2596//4415 2597//4415 2598//4415
f 2598//4421 2597//4421 2599//4421
f 2598//4422 2599//4422 2600//4422
f 2600//4422 2599//4422 2601//4422
f 2600//4403 2601//4403 2602//4403
f 2602//4423 2601//4423 2603//4423
f 2602//4404 2603//4404 2604//4404
f 2604//4413 2603//4413 2605//4413
f 2604//4413 2605//4413 2606//4413
f 2606//4411 2605//4411 2607//4411
f 2606//4424 2607//4424 2608//4424
f 2606//4399 2608//4399 2609//4399
f 2609//4425 2608//4425 2610//4425
f 2609//4426 2610//4426 2611//4426
f 2611//4391 2610//4391 2612//4391
f 2611//4406 2612//4406 2613//4406
f 2613//4427 2612//4427 2614//4427
f 2614//4404 2612//4404 2615//4404
f 2614//4428 2615//4428 2616//4428
f 2616//4429 2615//4429 2617//4429
f 2616//4389 2617//4389 2618//4389
f 2618//4430 2617//4430 2619//4430
f 2618//4392 2619//4392 2620//4392
f 2620//4423 2619//4423 2621//4423
f 2620//4424 2621//4424 2622//4424
f 2622//4431 2621//4431 2623//4431
f 2622//4432 2623//4432 2624//4432
f 2624//4433 2623//4433 2625//4433
f 2625//4434 2626//4434 2624//4434
f 2624//4435 2626//4435 2627//4435
f 2624//4436 2627//4436 2628//4436
f 2628//4391 2627//4391 2629//4391
f 2628//4390 2629//4390 2630//4390
f 2630//4437 2629//4437 2631//4437
f 2630//4406 2631//4406 2632//4406
f 2632//4391 2631//4391 2633//4391
f 2632//4391 2633//4391 2634//4391
f 2634//4391 2633//4391 2635//4391
f 2634//4392 2635//4392 2636//4392
f 2636//4438 2635//4438 2637//4438
f 2636//4439 2637//4439 2638//4439
f 2638//4440 2637//4440 2639//4440
f 2638//4399 2639//4399 2640//4399
f 2640//4441 2639//4441 2641//4441
f 2640//4442 2641//4442 2550//4442
f 2550//4429 2641//4429 2551//4429
f 2462//4443 2642//4443 2643//4443
f 2643//4444 2642//4444 155//4444
f 2643//4445 155//4445 154//4445
f 154//4446 2462//4446 2643//4446
f 158//4447 157//4447 2644//4447
f 2645//4448 157//4448 156//4448
f 2645//4449 156//4449 2646//4449
f 156//4450 155//4450 2646//4450
f 2646//4451 155//4451 2642//4451
f 2646//4452 2642//4452 2647//4452
f 2646//4453 2647//4453 2645//4453
f 2645//4454 2647//4454 2648//4454
f 2645//4455 2648//4455 157//4455
f 157//4456 2648//4456 2644//4456
f 2462//4457 2464//4457 2649//4457
f 2649//4458 2464//4458 2466//4458
f 2649//4459 2466//4459 2650//4459
f 2650//4460 2466//4460 2468//4460
f 2650//4461 2468//4461 2651//4461
f 2651//4462 2468//4462 2470//4462
f 2651//4463 2470//4463 2652//4463
f 2652//4464 2470//4464 2472//4464
f 2472//4465 2474//4465 2652//4465
f 2652//4466 2474//4466 2653//4466
f 2652//4467 2653//4467 2654//4467
f 2654//4468 2653//4468 2475//4468
f 2654//4469 2475//4469 2655//4469
f 2655//4470 2475//4470 2656//4470
f 2655//4471 2656//4471 2657//4471
f 2657//4472 2656//4472 2658//4472
f 2657//4473 2658//4473 2477//4473
f 2477//4474 2658//4474 2656//4474
f 2477//4475 2656//4475 2475//4475
f 2474//4476 2475//4476 2653//4476
f 2477//4477 2479//4477 2657//4477
f 2657//4478 2479//4478 2659//4478
f 2659//4479 2479//4479 2481//4479
f 2481//4480 2482//4480 2660//4480
f 2660//4481 2482//4481 2661//4481
f 2661//4482 2482//4482 2662//4482
f 2661//4483 2662//4483 2663//4483
f 2663//4484 2662//4484 2664//4484
f 2663//4485 2664//4485 2485//4485
f 2485//4486 2664//4486 2484//4486
f 2484//4487 2664//4487 2662//4487
f 2484//4488 2662//4488 2482//4488
f 2663//4489 2485//4489 2665//4489
f 2665//4490 2485//4490 2487//4490
f 2665//4491 2487//4491 2666//4491
f 2666//4492 2487//4492 2667//4492
f 2666//4493 2667//4493 2668//4493
f 2668//4494 2667//4494 2669//4494
f 2668//4495 2669//4495 2670//4495
f 2670//4496 2669//4496 2496//4496
f 2670//4497 2496//4497 2671//4497
f 2671//4498 2496//4498 2499//4498
f 2671//4499 2499//4499 2672//4499
f 2672//4500 2499//4500 2501//4500
f 2672//4501 2501//4501 2673//4501
f 2673//4502 2501//4502 2503//4502
f 2673//4503 2503//4503 2674//4503
f 2674//4504 2503//4504 2675//4504
f 2674//4505 2675//4505 2676//4505
f 2676//4506 2675//4506 2677//4506
f 2676//4507 2677//4507 2678//4507
f 2678//4508 2677//4508 2507//4508
f 2678//4509 2507//4509 2679//4509
f 2678//4510 2679//4510 2680//4510
f 2678//4511 2680//4511 2681//4511
f 2681//4512 2680//4512 2682//4512
f 2681//4513 2682//4513 2683//4513
f 2683//4514 2682//4514 2511//4514
f 2683//4515 2511//4515 2684//4515
f 2684//4516 2511//4516 2513//4516
f 2487//4517 2496//4517 2667//4517
f 2667//4518 2496//4518 2669//4518
f 2503//4519 2505//4519 2675//4519
f 2675//4520 2505//4520 2677//4520
f 2505//4521 2507//4521 2677//4521
f 2507//4522 2509//4522 2679//4522
f 2679//4523 2509//4523 2680//4523
f 2509//4524 2511//4524 2680//4524
f 2680//4525 2511//4525 2682//4525
f 2684//4526 2513//4526 2685//4526
f 2685//4527 2513//4527 2515//4527
f 2685//4528 2515//4528 2516//4528
f 2685//4529 2516//4529 2686//4529
f 2686//4530 2516//4530 2518//4530
f 2518//4531 2520//4531 2687//4531
f 2687//4532 2520//4532 2688//4532
f 2688//4533 2520//4533 2689//4533
f 2689//4534 2520//4534 2523//4534
f 2689//4535 2523//4535 2690//4535
f 2690//4536 2523//4536 2525//4536
f 2690//4537 2525//4537 2691//4537
f 2691//4538 2525//4538 2692//4538
f 2691//4539 2692//4539 2527//4539
f 2527//4540 2692//4540 2525//4540
f 2527//4541 2529//4541 2691//4541
f 2691//4542 2529//4542 2693//4542
f 2693//4543 2529//4543 2531//4543
f 2693//4544 2531//4544 2694//4544
f 2694//4545 2531//4545 2533//4545
f 2687//4546 2686//4546 2518//4546
f 2685//4547 2683//4547 2684//4547
f 2676//4548 2673//4548 2674//4548
f 2671//4549 2668//4549 2670//4549
f 2668//4550 2663//4550 2666//4550
f 2666//4551 2663//4551 2665//4551
f 2660//4552 2661//4552 2481//4552
f 2481//4553 2661//4553 2659//4553
f 2657//4554 2654//4554 2655//4554
f 2652//4555 2650//4555 2651//4555
f 2625//4556 2623//4556 2695//4556
f 2695//4557 2623//4557 2696//4557
f 2696//4558 2623//4558 2621//4558
f 2696//4559 2621//4559 2697//4559
f 2697//4560 2621//4560 2619//4560
f 2697//4561 2619//4561 2698//4561
f 2698//4562 2619//4562 2617//4562
f 2698//4563 2617//4563 2697//4563
f 2697//4564 2617//4564 2699//4564
f 2699//4565 2617//4565 2615//4565
f 2615//4566 2612//4566 2700//4566
f 2700//4567 2612//4567 2701//4567
f 2701//4568 2612//4568 2702//4568
f 2702//4569 2612//4569 2610//4569
f 2702//4570 2610//4570 2703//4570
f 2703//4571 2610//4571 2608//4571
f 2703//4572 2608//4572 2704//4572
f 2704//4573 2608//4573 2607//4573
f 2705//4574 2704//4574 2605//4574
f 2705//4575 2605//4575 2603//4575
f 2607//4576 2605//4576 2704//4576
f 2601//4577 2706//4577 2603//4577
f 2705//4578 2603//4578 2706//4578
f 2705//4579 2706//4579 2707//4579
f 2707//4580 2706//4580 2601//4580
f 2707//4581 2601//4581 2708//4581
f 2707//4582 2708//4582 2709//4582
f 2709//4583 2708//4583 2599//4583
f 2709//4584 2599//4584 2710//4584
f 2710//4585 2599//4585 2597//4585
f 2597//4586 2711//4586 2712//4586
f 2712//4587 2711//4587 2713//4587
f 2712//4588 2713//4588 2714//4588
f 2714//4589 2713//4589 2595//4589
f 2714//4590 2595//4590 2593//4590
f 2601//4591 2599//4591 2708//4591
f 2597//4592 2595//4592 2711//4592
f 2711//4593 2595//4593 2713//4593
f 2714//4594 2593//4594 2715//4594
f 2715//4595 2593//4595 2591//4595
f 2715//4596 2591//4596 2716//4596
f 2716//4597 2591//4597 2588//4597
f 2716//4598 2588//4598 2717//4598
f 2717//4599 2588//4599 2718//4599
f 2717//4600 2718//4600 2719//4600
f 2719//4601 2718//4601 2720//4601
f 2719//4602 2720//4602 2721//4602
f 2721//4603 2720//4603 2585//4603
f 2721//4604 2585//4604 2722//4604
f 2722//4605 2585//4605 2583//4605
f 2722//4606 2583//4606 2723//4606
f 2723//4607 2583//4607 2724//4607
f 2723//4608 2724//4608 2725//4608
f 2725//4609 2724//4609 2726//4609
f 2725//4610 2726//4610 2580//4610
f 2580//4611 2726//4611 2582//4611
f 2582//4612 2726//4612 2724//4612
f 2582//4613 2724//4613 2583//4613
f 2718//4614 2588//4614 2720//4614
f 2720//4615 2588//4615 2585//4615
f 2725//4616 2580//4616 2727//4616
f 2727//4617 2580//4617 2578//4617
f 2578//4618 2576//4618 2727//4618
f 2727//4619 2576//4619 2728//4619
f 2728//4620 2576//4620 2574//4620
f 2728//4621 2574//4621 2729//4621
f 2728//4622 2729//4622 2730//4622
f 2730//4623 2729//4623 2572//4623
f 2730//4624 2572//4624 2731//4624
f 2731//4625 2572//4625 2570//4625
f 2731//4626 2570//4626 2732//4626
f 2732//4627 2570//4627 2569//4627
f 2732//4628 2569//4628 2733//4628
f 2733//4629 2569//4629 2567//4629
f 2574//4630 2572//4630 2729//4630
f 2733//4631 2567//4631 2734//4631
f 2734//4632 2567//4632 2565//4632
f 2734//4633 2565//4633 2735//4633
f 2735//4634 2565//4634 2563//4634
f 2735//4635 2563//4635 2736//4635
f 2736//4636 2563//4636 2561//4636
f 2736//4637 2561//4637 2737//4637
f 2737//4638 2561//4638 2559//4638
f 2737//4639 2735//4639 2736//4639
f 2735//4640 2733//4640 2734//4640
f 2733//4641 2731//4641 2732//4641
f 2731//4642 2728//4642 2730//4642
f 2722//4643 2723//4643 2721//4643
f 2721//4644 2723//4644 2719//4644
f 2719//4645 2716//4645 2717//4645
f 2597//4646 2712//4646 2710//4646
f 2712//4647 2709//4647 2710//4647
f 2615//4648 2700//4648 2699//4648
f 2738//4649 2559//4649 2739//4649
f 2739//4650 2559//4650 246//4650
f 2739//4651 246//4651 245//4651
f 245//4652 2738//4652 2739//4652
f 2629//4653 2627//4653 2740//4653
f 2627//4654 2741//4654 2740//4654
f 2740//4655 2741//4655 2742//4655
f 2740//4656 2742//4656 2629//4656
f 2629//4657 2742//4657 2743//4657
f 2629//4658 2743//4658 2631//4658
f 2631//4659 2743//4659 2744//4659
f 2631//4660 2744//4660 2633//4660
f 2633//4661 2744//4661 2745//4661
f 2633//4662 2745//4662 2635//4662
f 2635//4663 2745//4663 2746//4663
f 2635//4664 2746//4664 2747//4664
f 2747//4665 2746//4665 2748//4665
f 2747//4666 2748//4666 2637//4666
f 2637//4667 2748//4667 2639//4667
f 2639//4668 2748//4668 2749//4668
f 2639//4669 2749//4669 2641//4669
f 2641//4670 2749//4670 2750//4670
f 2641//4671 2750//4671 2551//4671
f 2551//4672 2750//4672 2751//4672
f 2551//4673 2751//4673 2752//4673
f 2551//4674 2752//4674 2549//4674
f 2549//4675 2752//4675 2753//4675
f 2549//4676 2753//4676 2547//4676
f 2547//4677 2753//4677 2754//4677
f 2547//4678 2754//4678 2545//4678
f 2755//4679 2545//4679 2754//4679
f 2744//4680 2746//4680 2745//4680
f 2545//4681 2755//4681 2543//4681
f 2543//4682 2755//4682 2756//4682
f 2543//4683 2756//4683 2541//4683
f 2541//4684 2756//4684 2757//4684
f 2541//4685 2757//4685 2539//4685
f 2539//4686 2757//4686 2758//4686
f 2539//4687 2758//4687 2537//4687
f 2537//4688 2758//4688 2759//4688
f 2537//4689 2759//4689 2535//4689
f 2535//4690 2759//4690 2760//4690
f 2760//4691 2759//4691 2758//4691
f 2637//4692 2635//4692 2747//4692
f 250//4693 251//4693 2761//4693
f 2761//4694 251//4694 2762//4694
f 2762//4695 251//4695 254//4695
f 2762//4696 254//4696 255//4696
f 2762//4697 255//4697 2763//4697
f 2763//4698 255//4698 259//4698
f 2763//4699 259//4699 260//4699
f 2763//4700 260//4700 2764//4700
f 2764//4701 260//4701 262//4701
f 2764//4702 262//4702 264//4702
f 264//4703 265//4703 2764//4703
f 2764//4704 265//4704 266//4704
f 2764//4705 266//4705 2765//4705
f 2765//4706 266//4706 268//4706
f 2765//4707 268//4707 270//4707
f 2765//4708 270//4708 2766//4708
f 2766//4709 270//4709 273//4709
f 2766//4710 273//4710 2767//4710
f 2767//4711 273//4711 275//4711
f 2767//4712 275//4712 276//4712
f 276//4713 279//4713 2767//4713
f 2767//4714 279//4714 2768//4714
f 2768//4715 279//4715 282//4715
f 2768//4716 282//4716 281//4716
f 2768//4717 281//4717 2769//4717
f 2769//4718 281//4718 329//4718
f 2769//4719 329//4719 285//4719
f 2769//4720 285//4720 2770//4720
f 2770//4721 285//4721 286//4721
f 2770//4722 286//4722 288//4722
f 2770//4723 288//4723 2771//4723
f 2771//4724 288//4724 291//4724
f 2771//4725 291//4725 2772//4725
f 2772//4726 291//4726 293//4726
f 2772//4727 293//4727 2773//4727
f 2773//4728 293//4728 296//4728
f 2773//4729 296//4729 2774//4729
f 2774//4730 296//4730 298//4730
f 2774//4731 298//4731 2775//4731
f 2775//4732 298//4732 303//4732
f 2775//4733 303//4733 2776//4733
f 2776//4734 303//4734 305//4734
f 2776//4735 305//4735 2777//4735
f 2777//4719 305//4719 307//4719
f 2777//4736 307//4736 2778//4736
f 2778//4737 307//4737 313//4737
f 2778//4738 313//4738 2779//4738
f 2779//4739 313//4739 2780//4739
f 2780//4740 313//4740 316//4740
f 2780//4741 316//4741 2781//4741
f 2781//4742 316//4742 315//4742
f 2781//4743 315//4743 2782//4743
f 2782//4744 315//4744 318//4744
f 2782//4745 318//4745 319//4745
f 2782//4746 319//4746 2783//4746
f 2783//4747 319//4747 323//4747
f 2783//4748 323//4748 2784//4748
f 2784//4749 323//4749 324//4749
f 2784//4750 324//4750 2785//4750
f 2785//4751 324//4751 326//4751
f 2785//4752 326//4752 368//4752
f 368//4753 366//4753 2785//4753
f 2785//4754 366//4754 2786//4754
f 2786//4755 366//4755 365//4755
f 2786//4756 365//4756 363//4756
f 2786//4757 363//4757 2787//4757
f 2787//4758 363//4758 361//4758
f 2787//4759 361//4759 2788//4759
f 2788//4760 361//4760 358//4760
f 2788//4761 358//4761 2789//4761
f 2789//4762 358//4762 356//4762
f 2789//4763 356//4763 2790//4763
f 2790//4764 356//4764 354//4764
f 2790//4765 354//4765 2791//4765
f 2791//4766 354//4766 352//4766
f 2791//4767 352//4767 2792//4767
f 2792//4768 352//4768 350//4768
f 2792//4769 350//4769 2793//4769
f 2793//4770 350//4770 2794//4770
f 2794//4771 350//4771 348//4771
f 2794//4772 348//4772 2795//4772
f 2795//4773 348//4773 346//4773
f 2795//4774 346//4774 2796//4774
f 2796//4775 346//4775 344//4775
f 2796//4776 344//4776 2797//4776
f 2797//4768 344//4768 342//4768
f 2797//4777 342//4777 2798//4777
f 2798//4778 342//4778 339//4778
f 2798//4779 339//4779 2799//4779
f 2799//4780 339//4780 337//4780
f 2799//4781 337//4781 2800//4781
f 2800//4782 337//4782 336//4782
f 2800//4755 336//4755 335//4755
f 2800//4783 335//4783 2801//4783
f 2801//4784 335//4784 333//4784
f 2801//4785 333//4785 243//4785
f 2801//4786 243//4786 241//4786
f 2801//4783 241//4783 2802//4783
f 2802//4787 241//4787 239//4787
f 2802//4788 239//4788 2803//4788
f 2803//4789 239//4789 237//4789
f 2803//4790 237//4790 2804//4790
f 2804//4791 237//4791 236//4791
f 2804//4792 236//4792 232//4792
f 2804//4793 232//4793 2805//4793
f 2805//4794 232//4794 230//4794
f 2805//4747 230//4747 2806//4747
f 2806//4795 230//4795 226//4795
f 2806//4796 226//4796 2807//4796
f 2807//4797 226//4797 223//4797
f 2807//4798 223//4798 2808//4798
f 2808//4799 223//4799 222//4799
f 2808//4800 222//4800 221//4800
f 2808//4801 221//4801 2809//4801
f 2809//4802 221//4802 218//4802
f 2809//4803 218//4803 2810//4803
f 2810//4746 218//4746 216//4746
f 2810//4804 216//4804 2811//4804
f 2811//4734 216//4734 212//4734
f 2811//4805 212//4805 2812//4805
f 2812//4806 212//4806 210//4806
f 2812//4807 210//4807 2813//4807
f 2813//4808 210//4808 206//4808
f 2813//4809 206//4809 2814//4809
f 2814//4810 206//4810 202//4810
f 2814//4811 202//4811 2815//4811
f 2815//4812 202//4812 201//4812
f 2815//4813 201//4813 2816//4813
f 2816//4814 201//4814 200//4814
f 2816//4815 200//4815 196//4815
f 2816//4816 196//4816 2817//4816
f 2817//4817 196//4817 194//4817
f 2817//4818 194//4818 192//4818
f 2817//4819 192//4819 2818//4819
f 2818//4820 192//4820 191//4820
f 2818//4821 191//4821 189//4821
f 189//4822 187//4822 2818//4822
f 2818//4823 187//4823 2819//4823
f 2819//4824 187//4824 185//4824
f 2819//4825 185//4825 183//4825
f 2819//4826 183//4826 2820//4826
f 2820//4827 183//4827 181//4827
f 2820//4828 181//4828 2821//4828
f 2821//4829 181//4829 179//4829
f 2821//4830 179//4830 177//4830
f 2821//4746 177//4746 2822//4746
f 2822//4831 177//4831 174//4831
f 2822//4832 174//4832 173//4832
f 173//4833 172//4833 2822//4833
f 2822//4834 172//4834 171//4834
f 2822//4835 171//4835 2823//4835
f 2823//4836 171//4836 168//4836
f 2823//4837 168//4837 165//4837
f 2823//4838 165//4838 2824//4838
f 2824//4839 165//4839 163//4839
f 2824//4840 163//4840 161//4840
f 2824//4841 161//4841 2644//4841
f 2644//4842 161//4842 158//4842
f 2649//4843 2642//4843 2462//4843
f 2533//4844 2534//4844 2825//4844
f 2533//4845 2825//4845 2694//4845
f 2825//4846 2534//4846 2760//4846
f 2534//4847 2535//4847 2760//4847
f 2627//4848 2626//4848 2826//4848
f 2826//4849 2626//4849 2695//4849
f 2626//4850 2625//4850 2695//4850
f 2741//4851 2627//4851 2826//4851
f 2738//4852 2737//4852 2559//4852
f 2737//4853 2738//4853 2827//4853
f 2827//4854 2738//4854 2828//4854
f 2827//4855 2828//4855 2829//4855
f 2829//4856 2828//4856 2830//4856
f 2761//4857 2831//4857 2830//4857
f 2830//4858 2831//4858 2829//4858
f 2831//4859 2827//4859 2829//4859
f 2735//4860 2737//4860 2832//4860
f 2832//4861 2737//4861 2827//4861
f 2832//4862 2827//4862 2833//4862
f 2833//4863 2827//4863 2831//4863
f 2833//4864 2831//4864 2834//4864
f 2834//4865 2831//4865 2761//4865
f 2834//4866 2761//4866 2762//4866
f 2763//4867 2835//4867 2762//4867
f 2762//4868 2835//4868 2836//4868
f 2762//4869 2836//4869 2834//4869
f 2834//4870 2836//4870 2833//4870
f 2764//4871 2837//4871 2763//4871
f 2763//4872 2837//4872 2838//4872
f 2763//4873 2838//4873 2835//4873
f 2835//4874 2838//4874 2839//4874
f 2835//4875 2839//4875 2840//4875
f 2840//4876 2839//4876 2841//4876
f 2840//4877 2841//4877 2832//4877
f 2832//4878 2841//4878 2735//4878
f 2765//4879 2842//4879 2764//4879
f 2764//4880 2842//4880 2843//4880
f 2764//4881 2843//4881 2837//4881
f 2837//4882 2843//4882 2844//4882
f 2837//4883 2844//4883 2845//4883
f 2845//4884 2844//4884 2846//4884
f 2845//4885 2846//4885 2847//4885
f 2847//4886 2846//4886 2733//4886
f 2847//4887 2733//4887 2735//4887
f 2766//4888 2848//4888 2765//4888
f 2765//4889 2848//4889 2849//4889
f 2765//4890 2849//4890 2842//4890
f 2842//4891 2849//4891 2850//4891
f 2842//4892 2850//4892 2851//4892
f 2851//4893 2850//4893 2852//4893
f 2851//4894 2852//4894 2853//4894
f 2853//4895 2852//4895 2731//4895
f 2853//4896 2731//4896 2733//4896
f 2767//4897 2854//4897 2766//4897
f 2766//4898 2854//4898 2855//4898
f 2766//4899 2855//4899 2848//4899
f 2848//4900 2855//4900 2856//4900
f 2848//4901 2856//4901 2857//4901
f 2857//4902 2856//4902 2858//4902
f 2857//4903 2858//4903 2859//4903
f 2859//4904 2858//4904 2728//4904
f 2859//4905 2728//4905 2731//4905
f 2768//4906 2860//4906 2767//4906
f 2767//4907 2860//4907 2861//4907
f 2767//4908 2861//4908 2854//4908
f 2854//4909 2861//4909 2862//4909
f 2854//4910 2862//4910 2863//4910
f 2863//4911 2862//4911 2864//4911
f 2863//4912 2864//4912 2865//4912
f 2865//4913 2864//4913 2727//4913
f 2865//4914 2727//4914 2728//4914
f 2860//4915 2768//4915 2866//4915
f 2866//4916 2768//4916 2769//4916
f 2866//4917 2769//4917 2867//4917
f 2867//4918 2769//4918 2770//4918
f 2867//4919 2770//4919 2868//4919
f 2868//4920 2770//4920 2771//4920
f 2868//4921 2771//4921 2869//4921
f 2869//4922 2771//4922 2772//4922
f 2869//4923 2772//4923 2870//4923
f 2870//4924 2772//4924 2773//4924
f 2870//4924 2773//4924 2871//4924
f 2871//4925 2773//4925 2774//4925
f 2871//4926 2774//4926 2872//4926
f 2872//4927 2774//4927 2775//4927
f 2872//4928 2775//4928 2873//4928
f 2873//4929 2775//4929 2776//4929
f 2873//4930 2776//4930 2874//4930
f 2874//4931 2776//4931 2777//4931
f 2874//4932 2777//4932 2875//4932
f 2875//4933 2777//4933 2778//4933
f 2875//4934 2778//4934 2876//4934
f 2876//4935 2778//4935 2779//4935
f 2876//4936 2779//4936 2877//4936
f 2877//4937 2779//4937 2780//4937
f 2877//4938 2780//4938 2878//4938
f 2878//4939 2780//4939 2781//4939
f 2878//4940 2781//4940 2879//4940
f 2879//4941 2781//4941 2782//4941
f 2879//4942 2782//4942 2880//4942
f 2880//4943 2782//4943 2881//4943
f 2880//4944 2881//4944 2882//4944
f 2882//4945 2881//4945 2883//4945
f 2882//4946 2883//4946 2884//4946
f 2884//4947 2883//4947 2885//4947
f 2884//4948 2885//4948 2699//4948
f 2699//4949 2885//4949 2697//4949
f 2697//4950 2885//4950 2696//4950
f 2696//4951 2885//4951 2886//4951
f 2696//4952 2886//4952 2695//4952
f 2695//4953 2886//4953 2887//4953
f 2887//4954 2886//4954 2888//4954
f 2887//4955 2888//4955 2889//4955
f 2889//4956 2888//4956 2890//4956
f 2889//4957 2890//4957 2785//4957
f 2785//4958 2890//4958 2784//4958
f 2784//4959 2890//4959 2881//4959
f 2784//4960 2881//4960 2783//4960
f 2783//4961 2881//4961 2782//4961
f 2699//4962 2700//4962 2884//4962
f 2884//4963 2700//4963 2891//4963
f 2884//4964 2891//4964 2882//4964
f 2882//4965 2891//4965 2892//4965
f 2882//4966 2892//4966 2880//4966
f 2880//4967 2892//4967 2879//4967
f 2891//4968 2700//4968 2701//4968
f 2891//4969 2701//4969 2893//4969
f 2893//4970 2701//4970 2702//4970
f 2893//4971 2702//4971 2894//4971
f 2894//4972 2702//4972 2703//4972
f 2894//4973 2703//4973 2895//4973
f 2895//4974 2703//4974 2704//4974
f 2895//4975 2704//4975 2896//4975
f 2896//4976 2704//4976 2705//4976
f 2896//4977 2705//4977 2897//4977
f 2897//4978 2705//4978 2707//4978
f 2897//4979 2707//4979 2898//4979
f 2898//4980 2707//4980 2709//4980
f 2898//4981 2709//4981 2899//4981
f 2899//4982 2709//4982 2712//4982
f 2899//4983 2712//4983 2900//4983
f 2900//4984 2712//4984 2714//4984
f 2900//4985 2714//4985 2901//4985
f 2901//4986 2714//4986 2715//4986
f 2901//4987 2715//4987 2902//4987
f 2902//4988 2715//4988 2716//4988
f 2902//4989 2716//4989 2903//4989
f 2903//4990 2716//4990 2719//4990
f 2903//4991 2719//4991 2904//4991
f 2904//4992 2719//4992 2905//4992
f 2905//4993 2719//4993 2723//4993
f 2905//4994 2723//4994 2906//4994
f 2906//4995 2723//4995 2725//4995
f 2906//4996 2725//4996 2907//4996
f 2907//4997 2725//4997 2908//4997
f 2908//4998 2725//4998 2727//4998
f 2908//4999 2727//4999 2864//4999
f 2865//5000 2728//5000 2858//5000
f 2847//5001 2735//5001 2841//5001
f 2853//5002 2733//5002 2846//5002
f 2845//5003 2847//5003 2839//5003
f 2839//5004 2847//5004 2841//5004
f 2859//5005 2731//5005 2852//5005
f 2851//5006 2853//5006 2844//5006
f 2844//5007 2853//5007 2846//5007
f 2857//5008 2859//5008 2850//5008
f 2850//5009 2859//5009 2852//5009
f 2863//5010 2865//5010 2856//5010
f 2856//5011 2865//5011 2858//5011
f 2864//5012 2862//5012 2908//5012
f 2908//5013 2862//5013 2909//5013
f 2908//5014 2909//5014 2907//5014
f 2907//5015 2909//5015 2910//5015
f 2907//5016 2910//5016 2906//5016
f 2906//5017 2910//5017 2911//5017
f 2906//5018 2911//5018 2905//5018
f 2905//5019 2911//5019 2912//5019
f 2905//5020 2912//5020 2904//5020
f 2904//5021 2912//5021 2913//5021
f 2904//5022 2913//5022 2903//5022
f 2903//5023 2913//5023 2914//5023
f 2903//5024 2914//5024 2902//5024
f 2902//5025 2914//5025 2915//5025
f 2902//5026 2915//5026 2901//5026
f 2901//5027 2915//5027 2916//5027
f 2901//5028 2916//5028 2900//5028
f 2900//5029 2916//5029 2917//5029
f 2900//5030 2917//5030 2899//5030
f 2899//5031 2917//5031 2918//5031
f 2899//5032 2918//5032 2898//5032
f 2898//5033 2918//5033 2919//5033
f 2898//5034 2919//5034 2897//5034
f 2897//5035 2919//5035 2920//5035
f 2897//5036 2920//5036 2896//5036
f 2896//5037 2920//5037 2921//5037
f 2896//5038 2921//5038 2895//5038
f 2895//5039 2921//5039 2922//5039
f 2895//5040 2922//5040 2894//5040
f 2894//5041 2922//5041 2923//5041
f 2894//5042 2923//5042 2893//5042
f 2893//5043 2923//5043 2892//5043
f 2893//5044 2892//5044 2891//5044
f 2888//5045 2886//5045 2885//5045
f 2888//5046 2885//5046 2883//5046
f 2832//5047 2833//5047 2840//5047
f 2840//5048 2833//5048 2836//5048
f 2840//5049 2836//5049 2835//5049
f 2837//5050 2845//5050 2838//5050
f 2838//5051 2845//5051 2839//5051
f 2842//5052 2851//5052 2843//5052
f 2843//5053 2851//5053 2844//5053
f 2848//5054 2857//5054 2849//5054
f 2849//5055 2857//5055 2850//5055
f 2854//5056 2863//5056 2855//5056
f 2855//5057 2863//5057 2856//5057
f 2862//5058 2861//5058 2909//5058
f 2909//5059 2861//5059 2860//5059
f 2909//5060 2860//5060 2910//5060
f 2910//5061 2860//5061 2866//5061
f 2910//5062 2866//5062 2911//5062
f 2911//5063 2866//5063 2867//5063
f 2911//5064 2867//5064 2912//5064
f 2912//5065 2867//5065 2868//5065
f 2912//5066 2868//5066 2913//5066
f 2913//5067 2868//5067 2869//5067
f 2913//5068 2869//5068 2914//5068
f 2914//5069 2869//5069 2870//5069
f 2914//5070 2870//5070 2915//5070
f 2915//5071 2870//5071 2871//5071
f 2915//5072 2871//5072 2916//5072
f 2916//5073 2871//5073 2872//5073
f 2916//5074 2872//5074 2917//5074
f 2917//5075 2872//5075 2873//5075
f 2917//5076 2873//5076 2918//5076
f 2918//5077 2873//5077 2874//5077
f 2918//5078 2874//5078 2919//5078
f 2919//5079 2874//5079 2875//5079
f 2919//5080 2875//5080 2920//5080
f 2920//5081 2875//5081 2876//5081
f 2920//5082 2876//5082 2921//5082
f 2921//5083 2876//5083 2877//5083
f 2921//5084 2877//5084 2922//5084
f 2922//5085 2877//5085 2878//5085
f 2922//5086 2878//5086 2923//5086
f 2923//5087 2878//5087 2879//5087
f 2923//5088 2879//5088 2892//5088
f 2890//5089 2888//5089 2883//5089
f 2890//5090 2883//5090 2881//5090
f 2738//5091 245//5091 2924//5091
f 2924//5092 245//5092 331//5092
f 2924//5093 331//5093 2925//5093
f 2924//5094 2925//5094 2828//5094
f 2828//5095 2925//5095 2830//5095
f 2830//5096 2925//5096 330//5096
f 2830//5097 330//5097 2761//5097
f 2761//5098 330//5098 250//5098
f 331//5099 330//5099 2925//5099
f 2828//5100 2738//5100 2924//5100
f 2826//5101 2695//5101 2926//5101
f 2926//5102 2695//5102 2887//5102
f 2926//5103 2887//5103 2927//5103
f 2927//5104 2887//5104 2889//5104
f 2927//5105 2889//5105 2928//5105
f 2928//5106 2889//5106 2785//5106
f 2785//5107 2929//5107 2928//5107
f 2928//5108 2929//5108 2927//5108
f 2929//5109 2930//5109 2927//5109
f 2927//5110 2930//5110 2926//5110
f 2930//5111 2741//5111 2926//5111
f 2926//5112 2741//5112 2826//5112
f 2931//5113 2648//5113 2647//5113
f 2931//5114 2647//5114 2932//5114
f 2932//5115 2647//5115 2642//5115
f 2932//5116 2642//5116 2649//5116
f 2932//5117 2933//5117 2931//5117
f 2931//5118 2933//5118 2648//5118
f 2933//5119 2644//5119 2648//5119
f 2742//5120 2741//5120 2934//5120
f 2934//5121 2741//5121 2930//5121
f 2934//5122 2930//5122 2935//5122
f 2935//5123 2930//5123 2929//5123
f 2935//5124 2929//5124 2936//5124
f 2936//5125 2929//5125 2785//5125
f 2936//5126 2785//5126 2786//5126
f 2936//5127 2786//5127 2937//5127
f 2937//5128 2786//5128 2787//5128
f 2937//5129 2787//5129 2938//5129
f 2938//5130 2787//5130 2788//5130
f 2938//5131 2788//5131 2939//5131
f 2939//5132 2788//5132 2789//5132
f 2939//5133 2789//5133 2790//5133
f 2939//5134 2790//5134 2940//5134
f 2940//5135 2790//5135 2791//5135
f 2940//5136 2791//5136 2941//5136
f 2941//5137 2791//5137 2792//5137
f 2941//5138 2792//5138 2942//5138
f 2942//5139 2792//5139 2793//5139
f 2942//5140 2793//5140 2943//5140
f 2943//5141 2793//5141 2794//5141
f 2943//5142 2794//5142 2944//5142
f 2944//5143 2794//5143 2795//5143
f 2944//5144 2795//5144 2945//5144
f 2945//5145 2795//5145 2796//5145
f 2945//5146 2796//5146 2946//5146
f 2946//5147 2796//5147 2797//5147
f 2946//5148 2797//5148 2947//5148
f 2947//5149 2797//5149 2798//5149
f 2947//5150 2798//5150 2948//5150
f 2948//5151 2798//5151 2799//5151
f 2948//5152 2799//5152 2949//5152
f 2949//5153 2799//5153 2800//5153
f 2949//5154 2800//5154 2950//5154
f 2950//5155 2800//5155 2801//5155
f 2950//5156 2801//5156 2951//5156
f 2950//5157 2951//5157 2952//5157
f 2952//5158 2951//5158 2953//5158
f 2952//5159 2953//5159 2954//5159
f 2954//5160 2953//5160 2760//5160
f 2954//5161 2760//5161 2758//5161
f 2758//5162 2757//5162 2954//5162
f 2954//5163 2757//5163 2955//5163
f 2954//5164 2955//5164 2952//5164
f 2952//5165 2955//5165 2956//5165
f 2952//5166 2956//5166 2950//5166
f 2950//5167 2956//5167 2949//5167
f 2757//5168 2756//5168 2955//5168
f 2955//5169 2756//5169 2957//5169
f 2955//5170 2957//5170 2956//5170
f 2956//5171 2957//5171 2958//5171
f 2956//5172 2958//5172 2949//5172
f 2949//5173 2958//5173 2948//5173
f 2756//5174 2755//5174 2957//5174
f 2957//5175 2755//5175 2959//5175
f 2957//5176 2959//5176 2958//5176
f 2958//5177 2959//5177 2960//5177
f 2958//5178 2960//5178 2948//5178
f 2948//5179 2960//5179 2947//5179
f 2755//5180 2754//5180 2959//5180
f 2959//5181 2754//5181 2961//5181
f 2959//5182 2961//5182 2960//5182
f 2960//5183 2961//5183 2962//5183
f 2960//5184 2962//5184 2947//5184
f 2947//5185 2962//5185 2946//5185
f 2754//5186 2753//5186 2961//5186
f 2961//5187 2753//5187 2963//5187
f 2961//5188 2963//5188 2962//5188
f 2962//5189 2963//5189 2964//5189
f 2962//5190 2964//5190 2946//5190
f 2946//5191 2964//5191 2945//5191
f 2753//5192 2752//5192 2963//5192
f 2963//5193 2752//5193 2965//5193
f 2963//5194 2965//5194 2964//5194
f 2964//5195 2965//5195 2966//5195
f 2964//5196 2966//5196 2945//5196
f 2945//5197 2966//5197 2944//5197
f 2752//5198 2751//5198 2965//5198
f 2965//5199 2751//5199 2967//5199
f 2965//5200 2967//5200 2966//5200
f 2966//5201 2967//5201 2968//5201
f 2966//5202 2968//5202 2944//5202
f 2944//5203 2968//5203 2943//5203
f 2751//5204 2750//5204 2967//5204
f 2967//5205 2750//5205 2969//5205
f 2967//5206 2969//5206 2968//5206
f 2968//5207 2969//5207 2970//5207
f 2968//5208 2970//5208 2943//5208
f 2943//5209 2970//5209 2942//5209
f 2750//5210 2749//5210 2969//5210
f 2969//5211 2749//5211 2971//5211
f 2969//5212 2971//5212 2970//5212
f 2970//5213 2971//5213 2972//5213
f 2970//5214 2972//5214 2942//5214
f 2942//5215 2972//5215 2941//5215
f 2749//5216 2748//5216 2971//5216
f 2971//5217 2748//5217 2973//5217
f 2971//5218 2973//5218 2972//5218
f 2972//5219 2973//5219 2974//5219
f 2972//5220 2974//5220 2941//5220
f 2941//5221 2974//5221 2940//5221
f 2748//5222 2746//5222 2973//5222
f 2973//5223 2746//5223 2975//5223
f 2973//5224 2975//5224 2974//5224
f 2974//5225 2975//5225 2976//5225
f 2974//5226 2976//5226 2940//5226
f 2940//5227 2976//5227 2939//5227
f 2746//5228 2744//5228 2975//5228
f 2975//5229 2744//5229 2977//5229
f 2975//5230 2977//5230 2976//5230
f 2976//5231 2977//5231 2978//5231
f 2976//5232 2978//5232 2939//5232
f 2939//5233 2978//5233 2938//5233
f 2744//5234 2743//5234 2977//5234
f 2977//5235 2743//5235 2979//5235
f 2977//5236 2979//5236 2978//5236
f 2978//5237 2979//5237 2980//5237
f 2978//5238 2980//5238 2938//5238
f 2938//5239 2980//5239 2937//5239
f 2743//5240 2742//5240 2979//5240
f 2979//5241 2742//5241 2934//5241
f 2979//5242 2934//5242 2980//5242
f 2980//5243 2934//5243 2935//5243
f 2980//5244 2935//5244 2937//5244
f 2937//5245 2935//5245 2936//5245
f 2824//5246 2644//5246 2981//5246
f 2981//5247 2644//5247 2933//5247
f 2981//5248 2933//5248 2982//5248
f 2982//5249 2933//5249 2932//5249
f 2982//5250 2932//5250 2983//5250
f 2983//5251 2932//5251 2649//5251
f 2983//5252 2649//5252 2650//5252
f 2652//5253 2984//5253 2650//5253
f 2650//5254 2984//5254 2985//5254
f 2650//5255 2985//5255 2983//5255
f 2983//5256 2985//5256 2982//5256
f 2654//5257 2986//5257 2652//5257
f 2652//5258 2986//5258 2987//5258
f 2652//5259 2987//5259 2984//5259
f 2984//5260 2987//5260 2988//5260
f 2984//5261 2988//5261 2989//5261
f 2989//5262 2988//5262 2990//5262
f 2989//5263 2990//5263 2981//5263
f 2981//5264 2990//5264 2824//5264
f 2657//5265 2991//5265 2654//5265
f 2654//5266 2991//5266 2992//5266
f 2654//5267 2992//5267 2986//5267
f 2986//5268 2992//5268 2993//5268
f 2986//5269 2993//5269 2994//5269
f 2994//5270 2993//5270 2995//5270
f 2994//5271 2995//5271 2996//5271
f 2996//5272 2995//5272 2823//5272
f 2996//5273 2823//5273 2824//5273
f 2659//5274 2997//5274 2657//5274
f 2657//5275 2997//5275 2998//5275
f 2657//5276 2998//5276 2991//5276
f 2991//5277 2998//5277 2999//5277
f 2991//5278 2999//5278 3000//5278
f 3000//5279 2999//5279 3001//5279
f 3000//5280 3001//5280 3002//5280
f 3002//5281 3001//5281 2822//5281
f 3002//5282 2822//5282 2823//5282
f 2997//5283 2659//5283 3003//5283
f 3003//5284 2659//5284 2661//5284
f 3003//5285 2661//5285 3004//5285
f 3004//5286 2661//5286 3005//5286
f 3004//5287 3005//5287 3006//5287
f 3006//5288 3005//5288 3007//5288
f 3006//5289 3007//5289 3008//5289
f 3008//5290 3007//5290 3009//5290
f 3008//5291 3009//5291 2819//5291
f 2819//5292 3009//5292 2818//5292
f 2818//5293 3009//5293 3010//5293
f 2818//5294 3010//5294 2817//5294
f 2817//5295 3010//5295 3011//5295
f 2817//5296 3011//5296 2816//5296
f 2816//5297 3011//5297 3012//5297
f 2816//5298 3012//5298 3013//5298
f 3013//5299 3012//5299 3014//5299
f 3013//5300 3014//5300 3015//5300
f 3015//5301 3014//5301 3016//5301
f 3015//5302 3016//5302 3017//5302
f 3017//5303 3016//5303 2676//5303
f 3017//5304 2676//5304 2678//5304
f 2661//5305 2663//5305 3005//5305
f 3005//5306 2663//5306 3018//5306
f 3005//5307 3018//5307 3007//5307
f 3007//5308 3018//5308 3019//5308
f 3007//5309 3019//5309 3009//5309
f 3009//5310 3019//5310 3010//5310
f 2663//5311 2668//5311 3018//5311
f 3018//5312 2668//5312 3020//5312
f 3018//5313 3020//5313 3019//5313
f 3019//5314 3020//5314 3021//5314
f 3019//5315 3021//5315 3010//5315
f 3010//5316 3021//5316 3011//5316
f 3020//5317 2668//5317 3022//5317
f 3022//5318 2668//5318 2671//5318
f 3022//5319 2671//5319 3023//5319
f 3023//5320 2671//5320 2672//5320
f 3023//5321 2672//5321 3016//5321
f 3016//5322 2672//5322 2673//5322
f 3016//5323 2673//5323 2676//5323
f 3017//5324 2678//5324 3024//5324
f 3024//5325 2678//5325 2681//5325
f 3024//5326 2681//5326 3025//5326
f 3025//5327 2681//5327 2683//5327
f 3025//5328 2683//5328 3026//5328
f 3026//5329 2683//5329 2685//5329
f 3026//5330 2685//5330 3027//5330
f 3027//5331 2685//5331 2686//5331
f 3027//5332 2686//5332 3028//5332
f 3028//5333 2686//5333 2687//5333
f 3028//5334 2687//5334 3029//5334
f 3029//5335 2687//5335 2688//5335
f 3029//5336 2688//5336 3030//5336
f 3030//5337 2688//5337 2689//5337
f 3030//5338 2689//5338 3031//5338
f 3031//5339 2689//5339 2690//5339
f 3031//5340 2690//5340 3032//5340
f 3032//5341 2690//5341 2691//5341
f 3032//5342 2691//5342 3033//5342
f 3033//5343 2691//5343 2693//5343
f 3033//5344 2693//5344 3034//5344
f 3034//5345 2693//5345 2694//5345
f 3034//5346 2694//5346 3035//5346
f 3034//5347 3035//5347 3036//5347
f 3036//5348 3035//5348 3037//5348
f 3036//5349 3037//5349 3038//5349
f 3038//5350 3037//5350 2801//5350
f 3038//5351 2801//5351 2802//5351
f 2802//5352 2803//5352 3038//5352
f 3038//5353 2803//5353 3039//5353
f 3038//5354 3039//5354 3036//5354
f 3036//5355 3039//5355 3040//5355
f 3036//5356 3040//5356 3034//5356
f 3034//5357 3040//5357 3033//5357
f 2803//5358 2804//5358 3039//5358
f 3039//5359 2804//5359 3041//5359
f 3039//5360 3041//5360 3040//5360
f 3040//5361 3041//5361 3042//5361
f 3040//5362 3042//5362 3033//5362
f 3033//5363 3042//5363 3032//5363
f 2804//5364 2805//5364 3041//5364
f 3041//5365 2805//5365 3043//5365
f 3041//5366 3043//5366 3042//5366
f 3042//5367 3043//5367 3044//5367
f 3042//5368 3044//5368 3032//5368
f 3032//5369 3044//5369 3031//5369
f 3043//5370 2805//5370 3045//5370
f 3045//5371 2805//5371 2806//5371
f 3045//5372 2806//5372 3046//5372
f 3046//5373 2806//5373 2807//5373
f 3046//5374 2807//5374 2808//5374
f 3046//5375 2808//5375 3047//5375
f 3047//5376 2808//5376 2809//5376
f 3047//5377 2809//5377 3048//5377
f 3048//5378 2809//5378 2810//5378
f 3048//5379 2810//5379 3049//5379
f 3049//5380 2810//5380 2811//5380
f 3049//5381 2811//5381 3050//5381
f 3050//5382 2811//5382 2812//5382
f 3050//5383 2812//5383 3051//5383
f 3051//5384 2812//5384 2813//5384
f 3051//5385 2813//5385 3052//5385
f 3052//5386 2813//5386 2814//5386
f 3052//5387 2814//5387 3053//5387
f 3053//5388 2814//5388 2815//5388
f 3053//5389 2815//5389 3013//5389
f 3013//5390 2815//5390 2816//5390
f 3008//5391 2819//5391 3054//5391
f 3054//5392 2819//5392 2820//5392
f 3054//5393 2820//5393 3055//5393
f 3055//5394 2820//5394 2821//5394
f 3055//5395 2821//5395 3056//5395
f 3056//5396 2821//5396 3057//5396
f 3056//5397 3057//5397 3058//5397
f 3058//5398 3057//5398 2999//5398
f 3058//5399 2999//5399 2998//5399
f 2821//5400 2822//5400 3057//5400
f 3057//5401 2822//5401 3001//5401
f 3057//5402 3001//5402 2999//5402
f 2996//5403 2824//5403 2990//5403
f 3002//5404 2823//5404 2995//5404
f 2994//5405 2996//5405 2988//5405
f 2988//5406 2996//5406 2990//5406
f 3000//5407 3002//5407 2993//5407
f 2993//5408 3002//5408 2995//5408
f 3055//5409 3056//5409 3059//5409
f 3059//5410 3056//5410 3058//5410
f 3059//5411 3058//5411 2997//5411
f 2997//5412 3058//5412 2998//5412
f 3006//5413 3008//5413 3054//5413
f 3054//5414 3055//5414 3060//5414
f 3060//5415 3055//5415 3059//5415
f 3060//5416 3059//5416 3003//5416
f 3003//5417 3059//5417 2997//5417
f 3012//5418 3011//5418 3061//5418
f 3061//5419 3011//5419 3021//5419
f 3061//5420 3021//5420 3022//5420
f 3022//5421 3021//5421 3020//5421
f 3013//5422 3015//5422 3053//5422
f 3053//5423 3015//5423 3062//5423
f 3053//5424 3062//5424 3052//5424
f 3052//5425 3062//5425 3063//5425
f 3052//5426 3063//5426 3051//5426
f 3051//5427 3063//5427 3064//5427
f 3051//5428 3064//5428 3050//5428
f 3050//5429 3064//5429 3065//5429
f 3050//5430 3065//5430 3049//5430
f 3049//5431 3065//5431 3066//5431
f 3049//5432 3066//5432 3048//5432
f 3048//5433 3066//5433 3067//5433
f 3048//5434 3067//5434 3047//5434
f 3047//5435 3067//5435 3068//5435
f 3047//5436 3068//5436 3046//5436
f 3046//5437 3068//5437 3069//5437
f 3046//5438 3069//5438 3045//5438
f 3045//5439 3069//5439 3044//5439
f 3045//5440 3044//5440 3043//5440
f 2981//5441 2982//5441 2989//5441
f 2989//5442 2982//5442 2985//5442
f 2989//5443 2985//5443 2984//5443
f 2986//5444 2994//5444 2987//5444
f 2987//5445 2994//5445 2988//5445
f 2991//5446 3000//5446 2992//5446
f 2992//5447 3000//5447 2993//5447
f 3004//5448 3006//5448 3060//5448
f 3060//5449 3006//5449 3054//5449
f 3004//5450 3060//5450 3003//5450
f 3012//5451 3061//5451 3014//5451
f 3014//5452 3061//5452 3023//5452
f 3014//5453 3023//5453 3016//5453
f 3023//5454 3061//5454 3022//5454
f 3015//5455 3017//5455 3062//5455
f 3062//5456 3017//5456 3024//5456
f 3062//5457 3024//5457 3063//5457
f 3063//5458 3024//5458 3025//5458
f 3063//5459 3025//5459 3064//5459
f 3064//5460 3025//5460 3026//5460
f 3064//5461 3026//5461 3065//5461
f 3065//5462 3026//5462 3027//5462
f 3065//5463 3027//5463 3066//5463
f 3066//5464 3027//5464 3028//5464
f 3066//5465 3028//5465 3067//5465
f 3067//5466 3028//5466 3029//5466
f 3067//5467 3029//5467 3068//5467
f 3068//5468 3029//5468 3030//5468
f 3068//5469 3030//5469 3069//5469
f 3069//5470 3030//5470 3031//5470
f 3069//5471 3031//5471 3044//5471
f 2825//5472 2760//5472 3070//5472
f 3070//5473 2760//5473 2953//5473
f 3070//5474 2953//5474 3071//5474
f 3071//5475 2953//5475 2951//5475
f 3071//5476 2951//5476 3072//5476
f 3072//5477 2951//5477 2801//5477
f 2801//5478 3037//5478 3072//5478
f 3072//5479 3037//5479 3071//5479
f 3037//5480 3035//5480 3071//5480
f 3071//5481 3035//5481 3070//5481
f 3035//5482 2694//5482 3070//5482
f 2694//5483 2825//5483 3070//5483
