# Blender 4.0.2
# www.blender.org
o b_M4_Nut_001_021
v -0.117670 -0.034875 0.052080
v -0.118693 -0.033103 0.052080
v -0.119017 -0.032511 0.052170
v -0.118434 -0.033552 0.052080
v -0.118507 -0.032294 0.052080
v -0.118644 -0.031810 0.052165
v -0.118347 -0.031296 0.052079
v -0.117829 -0.030401 0.052080
v -0.117397 -0.035348 0.055264
v -0.117924 -0.034438 0.055285
v -0.118613 -0.033243 0.054035
v -0.119046 -0.032499 0.054074
v -0.118685 -0.033117 0.055281
v -0.119018 -0.032514 0.055195
v -0.118524 -0.032262 0.055280
v -0.118619 -0.031768 0.055197
v -0.117834 -0.030409 0.055280
v -0.118341 -0.031288 0.055277
v -0.117021 -0.036000 0.052302
v -0.116172 -0.035995 0.052108
v -0.117382 -0.035363 0.052097
v -0.117069 -0.034243 0.052054
v -0.116404 -0.035712 0.052080
v -0.115871 -0.033874 0.052331
v -0.115195 -0.036000 0.052080
v -0.114257 -0.036000 0.052080
v -0.115195 -0.035182 0.052058
v -0.115291 -0.034142 0.052531
v -0.114257 -0.035181 0.052051
v -0.114313 -0.033994 0.052381
v -0.115992 -0.032907 0.052262
v -0.116450 -0.032452 0.052253
v -0.116268 -0.033461 0.052616
v -0.116610 -0.032328 0.052590
v -0.117067 -0.031433 0.052085
v -0.117216 -0.030355 0.051989
v -0.116246 -0.031496 0.052479
v -0.115536 -0.031577 0.052261
v -0.113927 -0.033645 0.052737
v -0.114694 -0.030886 0.052380
v -0.114130 -0.031132 0.052733
v -0.114464 -0.030967 0.052330
v -0.113000 -0.035980 0.052177
v -0.112850 -0.035777 0.052257
v -0.113119 -0.035467 0.052080
v -0.113320 -0.034243 0.052072
v -0.112575 -0.035287 0.052113
v -0.112054 -0.034398 0.052080
v -0.113525 -0.033229 0.052383
v -0.113393 -0.032328 0.052587
v -0.112382 -0.033306 0.052054
v -0.112386 -0.032369 0.052046
v -0.113634 -0.031638 0.052387
v -0.113320 -0.030494 0.052060
v -0.112382 -0.031431 0.052047
v -0.111848 -0.030960 0.052077
v -0.110959 -0.032500 0.052081
v -0.117021 -0.036000 0.055058
v -0.114476 -0.036001 0.054106
v -0.116152 -0.035995 0.055254
v -0.115844 -0.033898 0.053443
v -0.115829 -0.033907 0.054447
v -0.117069 -0.034243 0.055306
v -0.116404 -0.035712 0.055280
v -0.116223 -0.033914 0.055241
v -0.116212 -0.034187 0.056258
v -0.115195 -0.036000 0.055280
v -0.114257 -0.036000 0.055280
v -0.115209 -0.034187 0.053443
v -0.115209 -0.034187 0.054364
v -0.114066 -0.033982 0.053012
v -0.113941 -0.033963 0.054320
v -0.115195 -0.035182 0.055301
v -0.115176 -0.034381 0.055222
v -0.115204 -0.034553 0.056258
v -0.114257 -0.035181 0.055309
v -0.114165 -0.034215 0.055196
v -0.114199 -0.034401 0.056258
v -0.116212 -0.034187 0.063764
v -0.116938 -0.033184 0.053331
v -0.116889 -0.033297 0.054382
v -0.116849 -0.032502 0.053041
v -0.116925 -0.032539 0.054382
v -0.116496 -0.033466 0.053001
v -0.116518 -0.033505 0.054409
v -0.116668 -0.032362 0.052871
v -0.116668 -0.032362 0.054310
v -0.116890 -0.033309 0.055241
v -0.116889 -0.033297 0.056258
v -0.116982 -0.032464 0.055229
v -0.117058 -0.032348 0.056258
v -0.116551 -0.033591 0.055151
v -0.116572 -0.033737 0.056258
v -0.116668 -0.032363 0.055095
v -0.116841 -0.031658 0.053311
v -0.116800 -0.031578 0.054382
v -0.116331 -0.031232 0.053001
v -0.116370 -0.031205 0.054382
v -0.115917 -0.030685 0.053314
v -0.116015 -0.030742 0.054382
v -0.116803 -0.031572 0.055238
v -0.116800 -0.031578 0.056259
v -0.117218 -0.030354 0.055371
v -0.116409 -0.031181 0.055154
v -0.116461 -0.031112 0.056258
v -0.116036 -0.030748 0.055241
v -0.116015 -0.030742 0.056258
v -0.114811 -0.033082 0.053867
v -0.115152 -0.033359 0.054152
v -0.115152 -0.032304 0.053810
v -0.115436 -0.032573 0.054034
v -0.113894 -0.033694 0.052909
v -0.114027 -0.033823 0.054232
v -0.114257 -0.032369 0.053517
v -0.113882 -0.033683 0.055100
v -0.115496 -0.030951 0.053590
v -0.115365 -0.030901 0.054296
v -0.115406 -0.030787 0.053025
v -0.115546 -0.030766 0.054375
v -0.114070 -0.031095 0.052962
v -0.114069 -0.031095 0.054296
v -0.113483 -0.031197 0.053235
v -0.113431 -0.031209 0.054375
v -0.115604 -0.030993 0.055098
v -0.115363 -0.030623 0.055242
v -0.115206 -0.030447 0.056258
v -0.114069 -0.031095 0.055115
v -0.113805 -0.030941 0.055251
v -0.114200 -0.030598 0.056258
v -0.116889 -0.033297 0.063764
v -0.116461 -0.031112 0.064880
v -0.116017 -0.030743 0.064880
v -0.114200 -0.030598 0.063764
v -0.112980 -0.036004 0.054081
v -0.112997 -0.035979 0.055183
v -0.112823 -0.035730 0.055116
v -0.113615 -0.033963 0.053296
v -0.112558 -0.035269 0.055250
v -0.112054 -0.034398 0.055280
v -0.113133 -0.035462 0.055280
v -0.113601 -0.033956 0.055262
v -0.113604 -0.033953 0.056258
v -0.113604 -0.033953 0.064880
v -0.113545 -0.033474 0.052975
v -0.113566 -0.033597 0.054382
v -0.113307 -0.032343 0.053410
v -0.113308 -0.033380 0.055193
v -0.113120 -0.033349 0.056258
v -0.113120 -0.032360 0.055158
v -0.112942 -0.032348 0.056258
v -0.112382 -0.033306 0.055306
v -0.112386 -0.032369 0.055314
v -0.113907 -0.031061 0.053088
v -0.113991 -0.030899 0.054382
v -0.113765 -0.030927 0.053280
v -0.113755 -0.030935 0.054382
v -0.113566 -0.031243 0.055191
v -0.113284 -0.031331 0.056258
v -0.113727 -0.030952 0.055261
v -0.113755 -0.030935 0.056258
v -0.112382 -0.031431 0.055313
v -0.110959 -0.032500 0.055279
v -0.112048 -0.030614 0.055284
v -0.113119 -0.033348 0.064861
v -0.112942 -0.032349 0.064861
v -0.113284 -0.031331 0.063764
v -0.113755 -0.030935 0.063764
v -0.117556 -0.029927 0.052132
v -0.117306 -0.029492 0.054096
v -0.117570 -0.029952 0.055230
v -0.117275 -0.029462 0.052138
v -0.117021 -0.029000 0.052296
v -0.116276 -0.029237 0.052080
v -0.116167 -0.029006 0.052112
v -0.115195 -0.029554 0.052080
v -0.115195 -0.029000 0.052080
v -0.114110 -0.029110 0.052080
v -0.114230 -0.029003 0.052093
v -0.112863 -0.029224 0.052116
v -0.112979 -0.029000 0.052275
v -0.112581 -0.029691 0.052080
v -0.117021 -0.029000 0.055060
v -0.115215 -0.029000 0.055280
v -0.117284 -0.029478 0.055222
v -0.116280 -0.029236 0.055280
v -0.116150 -0.029006 0.055250
v -0.115195 -0.029554 0.055280
v -0.114107 -0.029109 0.055280
v -0.114243 -0.029002 0.055269
v -0.112809 -0.029296 0.054068
v -0.112979 -0.029000 0.055088
v -0.112851 -0.029240 0.055246
v -0.117633 -0.034810 0.065119
v -0.117964 -0.034377 0.064947
v -0.118055 -0.034286 0.065640
v -0.117633 -0.034812 0.068637
v -0.118055 -0.034286 0.067517
v -0.118489 -0.032806 0.065124
v -0.118520 -0.032599 0.065135
v -0.118517 -0.032477 0.065640
v -0.118398 -0.033294 0.064917
v -0.118424 -0.033343 0.065640
v -0.118471 -0.032281 0.064916
v -0.118465 -0.032009 0.065640
v -0.118519 -0.032514 0.067593
v -0.118424 -0.033343 0.067517
v -0.118465 -0.032009 0.067517
v -0.118327 -0.031293 0.064880
v -0.118365 -0.031407 0.065640
v -0.117920 -0.030497 0.064880
v -0.118365 -0.031407 0.067517
v -0.117933 -0.030514 0.068880
v -0.117954 -0.034391 0.068811
v -0.118525 -0.032605 0.068138
v -0.118426 -0.033290 0.068879
v -0.118498 -0.032292 0.068879
v -0.118327 -0.031293 0.068880
v -0.114199 -0.034401 0.064880
v -0.115995 -0.035886 0.064880
v -0.116109 -0.035847 0.065640
v -0.116109 -0.035847 0.067517
v -0.117246 -0.035195 0.064949
v -0.117125 -0.035330 0.065640
v -0.116944 -0.034140 0.064825
v -0.116431 -0.035700 0.064880
v -0.116561 -0.035633 0.065640
v -0.116278 -0.034164 0.064868
v -0.117125 -0.035330 0.067517
v -0.116561 -0.035633 0.067517
v -0.115883 -0.034030 0.066881
v -0.115886 -0.034030 0.067583
v -0.115206 -0.036032 0.064880
v -0.115198 -0.036033 0.065640
v -0.114219 -0.035904 0.064947
v -0.114243 -0.035944 0.065640
v -0.115198 -0.036033 0.067517
v -0.114243 -0.035944 0.067517
v -0.115204 -0.034553 0.064879
v -0.114089 -0.035642 0.064880
v -0.115209 -0.034030 0.066698
v -0.114118 -0.034029 0.066819
v -0.117058 -0.032348 0.064880
v -0.116577 -0.033731 0.064735
v -0.116796 -0.031570 0.064880
v -0.115206 -0.030447 0.064880
v -0.116864 -0.033413 0.064866
v -0.116218 -0.033450 0.066709
v -0.116774 -0.032450 0.066702
v -0.116767 -0.032500 0.067517
v -0.117509 -0.030061 0.064880
v -0.117508 -0.030060 0.068880
v -0.115882 -0.030970 0.066835
v -0.115882 -0.030969 0.067512
v -0.115134 -0.033277 0.066207
v -0.115001 -0.032499 0.065861
v -0.113918 -0.033686 0.066695
v -0.114269 -0.032418 0.066172
v -0.114200 -0.030598 0.064880
v -0.115270 -0.030970 0.066575
v -0.114089 -0.030990 0.066808
v -0.114117 -0.030970 0.067517
v -0.113657 -0.035736 0.065117
v -0.113681 -0.035746 0.068639
v -0.113195 -0.035482 0.064911
v -0.113146 -0.035488 0.065640
v -0.112537 -0.035023 0.064880
v -0.112073 -0.034394 0.064911
v -0.112072 -0.034448 0.065640
v -0.113146 -0.035488 0.067517
v -0.112536 -0.035022 0.067517
v -0.112072 -0.034448 0.067517
v -0.111802 -0.033932 0.065117
v -0.111795 -0.033916 0.068697
v -0.111885 -0.033502 0.064938
v -0.112381 -0.032368 0.064897
v -0.113608 -0.033149 0.067517
v -0.113234 -0.032477 0.066797
v -0.113233 -0.032500 0.067517
v -0.113283 -0.031331 0.064880
v -0.113582 -0.030803 0.064669
v -0.111984 -0.031228 0.064880
v -0.112197 -0.030407 0.064962
v -0.112156 -0.030394 0.065640
v -0.113665 -0.031747 0.066746
v -0.112156 -0.030394 0.067517
v -0.111602 -0.033353 0.064951
v -0.111558 -0.033323 0.065640
v -0.111476 -0.032356 0.064880
v -0.111476 -0.032366 0.065640
v -0.111558 -0.033323 0.067517
v -0.111476 -0.032366 0.067517
v -0.111680 -0.031378 0.064948
v -0.111635 -0.031407 0.065640
v -0.111879 -0.030919 0.065115
v -0.111635 -0.031407 0.067517
v -0.111879 -0.030919 0.068590
v -0.115981 -0.035890 0.068784
v -0.117260 -0.035183 0.068810
v -0.117487 -0.034611 0.068880
v -0.116421 -0.035699 0.068857
v -0.115884 -0.034029 0.068881
v -0.115209 -0.036031 0.068812
v -0.114211 -0.035911 0.068780
v -0.115195 -0.035187 0.068916
v -0.114088 -0.035641 0.068876
v -0.114104 -0.034036 0.068871
v -0.116651 -0.033200 0.068880
v -0.116846 -0.032373 0.068878
v -0.116358 -0.033293 0.068791
v -0.116768 -0.032490 0.068794
v -0.116567 -0.031614 0.068880
v -0.116030 -0.031016 0.068802
v -0.115940 -0.030968 0.068880
v -0.113839 -0.033549 0.068665
v -0.115162 -0.030970 0.068593
v -0.115170 -0.030670 0.068880
v -0.114130 -0.030936 0.068842
v -0.114296 -0.030797 0.068880
v -0.113202 -0.035485 0.068848
v -0.113764 -0.033774 0.068880
v -0.112538 -0.035024 0.068880
v -0.112065 -0.034397 0.068844
v -0.113560 -0.033179 0.068821
v -0.113233 -0.032500 0.068880
v -0.111937 -0.033484 0.068878
v -0.112379 -0.032369 0.068908
v -0.113721 -0.031655 0.068880
v -0.112939 -0.030040 0.068880
v -0.111936 -0.031202 0.068875
v -0.112198 -0.030407 0.068807
v -0.111583 -0.033363 0.068778
v -0.111476 -0.032357 0.068837
v -0.111681 -0.031371 0.068794
v -0.117072 -0.029630 0.064879
v -0.116163 -0.029201 0.064920
v -0.116206 -0.029173 0.065640
v -0.115699 -0.029072 0.065115
v -0.117060 -0.029620 0.068880
v -0.116212 -0.029176 0.067518
v -0.115212 -0.029206 0.064880
v -0.115196 -0.028967 0.065115
v -0.114166 -0.029126 0.064915
v -0.114007 -0.029135 0.065640
v -0.114527 -0.029029 0.065114
v -0.115198 -0.028967 0.067517
v -0.114007 -0.029135 0.067517
v -0.114555 -0.029025 0.068588
v -0.113170 -0.029506 0.064949
v -0.113280 -0.029408 0.065640
v -0.112683 -0.029865 0.065124
v -0.113280 -0.029408 0.067517
v -0.112685 -0.029863 0.068692
v -0.116155 -0.029195 0.068867
v -0.115706 -0.029034 0.068195
v -0.115226 -0.029117 0.068877
v -0.115159 -0.028967 0.068580
v -0.114177 -0.029126 0.068856
v -0.113155 -0.029501 0.068808
v -0.117562 0.029938 0.052332
v -0.117307 0.029494 0.053943
v -0.117564 0.029941 0.055429
v -0.117021 0.029000 0.052500
v -0.117279 0.029469 0.052339
v -0.116161 0.029006 0.052311
v -0.116280 0.029236 0.052280
v -0.115195 0.029000 0.052280
v -0.115195 0.029554 0.052280
v -0.114235 0.029002 0.052291
v -0.114107 0.029109 0.052280
v -0.112979 0.029000 0.052472
v -0.112859 0.029231 0.052316
v -0.112581 0.029691 0.052280
v -0.117021 0.029000 0.055264
v -0.115318 0.029000 0.053933
v -0.117280 0.029471 0.055423
v -0.116157 0.029006 0.055449
v -0.116281 0.029249 0.055483
v -0.115195 0.029000 0.055480
v -0.114237 0.029002 0.055468
v -0.114110 0.029110 0.055480
v -0.112979 0.029000 0.055284
v -0.112808 0.029297 0.053945
v -0.112855 0.029234 0.055445
v -0.118630 0.031788 0.052366
v -0.117831 0.030404 0.052280
v -0.118343 0.031292 0.052283
v -0.119018 0.032514 0.052364
v -0.118693 0.033103 0.052280
v -0.118524 0.032262 0.052280
v -0.118434 0.033552 0.052280
v -0.117670 0.034875 0.052280
v -0.119045 0.032501 0.053950
v -0.118629 0.031786 0.055398
v -0.117832 0.030406 0.055480
v -0.118345 0.031292 0.055481
v -0.118614 0.033241 0.054007
v -0.119017 0.032511 0.055390
v -0.118686 0.033115 0.055481
v -0.118507 0.032294 0.055480
v -0.117603 0.034992 0.053939
v -0.117920 0.034444 0.055485
v -0.117218 0.030354 0.052189
v -0.117067 0.031433 0.052285
v -0.115608 0.031428 0.052438
v -0.116249 0.031435 0.052608
v -0.116518 0.032450 0.052430
v -0.116151 0.032955 0.052439
v -0.116646 0.032354 0.052682
v -0.116323 0.033445 0.052703
v -0.114823 0.030869 0.052516
v -0.114462 0.030962 0.052479
v -0.114111 0.031120 0.052780
v -0.113914 0.033659 0.052783
v -0.117069 0.034243 0.052254
v -0.117384 0.035359 0.052297
v -0.115875 0.033878 0.052480
v -0.116404 0.035712 0.052280
v -0.117021 0.036000 0.052502
v -0.116163 0.035995 0.052307
v -0.115261 0.034159 0.052628
v -0.115195 0.035182 0.052258
v -0.114307 0.034005 0.052528
v -0.114257 0.035181 0.052251
v -0.115195 0.036000 0.052280
v -0.114257 0.036000 0.052280
v -0.113320 0.030494 0.052260
v -0.113623 0.031631 0.052534
v -0.111850 0.030956 0.052277
v -0.112382 0.031431 0.052247
v -0.113366 0.032333 0.052680
v -0.113516 0.033239 0.052530
v -0.112386 0.032369 0.052246
v -0.112382 0.033306 0.052254
v -0.110959 0.032500 0.052281
v -0.113320 0.034243 0.052272
v -0.113133 0.035462 0.052280
v -0.112054 0.034398 0.052280
v -0.112571 0.035281 0.052311
v -0.112997 0.035979 0.052377
v -0.112839 0.035757 0.052449
v -0.116841 0.031658 0.053311
v -0.116800 0.031578 0.054382
v -0.115917 0.030685 0.053314
v -0.116015 0.030742 0.054382
v -0.116331 0.031232 0.053001
v -0.116370 0.031205 0.054382
v -0.117216 0.030355 0.055571
v -0.116803 0.031573 0.055438
v -0.116800 0.031578 0.056258
v -0.116036 0.030748 0.055441
v -0.116015 0.030742 0.056258
v -0.116409 0.031180 0.055354
v -0.116461 0.031112 0.056258
v -0.116872 0.032008 0.053111
v -0.116925 0.031981 0.054382
v -0.116938 0.033184 0.053331
v -0.116889 0.033297 0.054382
v -0.116683 0.032323 0.052900
v -0.116683 0.032323 0.054314
v -0.116496 0.033466 0.053001
v -0.116518 0.033505 0.054419
v -0.116976 0.032112 0.055431
v -0.117058 0.032348 0.056258
v -0.116890 0.033308 0.055441
v -0.116889 0.033297 0.056258
v -0.116683 0.032326 0.055300
v -0.116551 0.033591 0.055351
v -0.116572 0.033737 0.056258
v -0.115406 0.030787 0.053025
v -0.115546 0.030766 0.054375
v -0.115496 0.030951 0.053594
v -0.115366 0.030901 0.054296
v -0.113483 0.031197 0.053235
v -0.113431 0.031209 0.054375
v -0.114070 0.031095 0.052962
v -0.114070 0.031095 0.054296
v -0.115363 0.030623 0.055442
v -0.115206 0.030447 0.056258
v -0.115603 0.030992 0.055298
v -0.113805 0.030941 0.055451
v -0.114200 0.030598 0.056258
v -0.114070 0.031095 0.055315
v -0.115145 0.032296 0.053817
v -0.115425 0.032561 0.054044
v -0.114799 0.033047 0.053872
v -0.115145 0.033339 0.054172
v -0.114257 0.032369 0.053522
v -0.113888 0.033688 0.052909
v -0.114019 0.033815 0.054235
v -0.113881 0.033682 0.055300
v -0.116017 0.030743 0.064880
v -0.116461 0.031112 0.064880
v -0.116576 0.033732 0.064735
v -0.114200 0.030598 0.063764
v -0.115844 0.033898 0.053443
v -0.115829 0.033907 0.054456
v -0.117069 0.034243 0.055506
v -0.117385 0.035357 0.055463
v -0.116223 0.033913 0.055441
v -0.116212 0.034187 0.056258
v -0.116404 0.035712 0.055480
v -0.117021 0.036000 0.055258
v -0.114472 0.036001 0.053938
v -0.116160 0.035995 0.055453
v -0.115209 0.034187 0.053443
v -0.115209 0.034187 0.054375
v -0.114066 0.033982 0.053012
v -0.113941 0.033963 0.054323
v -0.115176 0.034381 0.055422
v -0.115204 0.034553 0.056258
v -0.115195 0.035182 0.055501
v -0.114165 0.034214 0.055396
v -0.114199 0.034401 0.056258
v -0.114257 0.035181 0.055509
v -0.115195 0.036000 0.055480
v -0.114257 0.036000 0.055480
v -0.116212 0.034187 0.063764
v -0.113765 0.030927 0.053280
v -0.113755 0.030935 0.054382
v -0.113907 0.031061 0.053088
v -0.113991 0.030899 0.054382
v -0.113727 0.030953 0.055461
v -0.113755 0.030935 0.056258
v -0.113565 0.031243 0.055391
v -0.113284 0.031330 0.056258
v -0.112048 0.030614 0.055484
v -0.112382 0.031431 0.055513
v -0.113307 0.032343 0.053410
v -0.113545 0.033474 0.052975
v -0.113566 0.033597 0.054382
v -0.113120 0.032360 0.055358
v -0.112942 0.032348 0.056258
v -0.113308 0.033380 0.055393
v -0.113120 0.033349 0.056258
v -0.112386 0.032369 0.055514
v -0.112382 0.033306 0.055506
v -0.110959 0.032500 0.055479
v -0.113755 0.030935 0.063764
v -0.113284 0.031330 0.063764
v -0.112942 0.032349 0.064861
v -0.113119 0.033348 0.064861
v -0.113618 0.033967 0.053297
v -0.113604 0.033953 0.054382
v -0.112054 0.034398 0.055480
v -0.112979 0.036000 0.054344
v -0.113601 0.033955 0.055462
v -0.113604 0.033953 0.056258
v -0.113119 0.035467 0.055480
v -0.112570 0.035278 0.055448
v -0.112979 0.036000 0.053436
v -0.113000 0.035979 0.055383
v -0.112835 0.035750 0.055309
v -0.113604 0.033953 0.064880
v -0.117045 0.029610 0.064880
v -0.117093 0.029647 0.066132
v -0.115700 0.029072 0.065114
v -0.116163 0.029201 0.064920
v -0.116206 0.029173 0.065640
v -0.116211 0.029176 0.067520
v -0.115197 0.028967 0.065115
v -0.115212 0.029205 0.064880
v -0.114523 0.029029 0.065114
v -0.114165 0.029126 0.064915
v -0.114007 0.029134 0.065640
v -0.115198 0.028967 0.067517
v -0.114567 0.029023 0.068586
v -0.114007 0.029134 0.067517
v -0.113170 0.029506 0.064949
v -0.113280 0.029408 0.065640
v -0.112682 0.029866 0.065125
v -0.113280 0.029408 0.067517
v -0.112685 0.029863 0.068692
v -0.117045 0.029610 0.068880
v -0.115706 0.029034 0.068195
v -0.116155 0.029195 0.068867
v -0.115159 0.028967 0.068580
v -0.115226 0.029117 0.068877
v -0.114177 0.029126 0.068856
v -0.113155 0.029501 0.068808
v -0.117921 0.030499 0.064880
v -0.118327 0.031293 0.064880
v -0.118366 0.031407 0.065640
v -0.117927 0.030506 0.068880
v -0.118366 0.031407 0.067517
v -0.118520 0.032599 0.065135
v -0.118517 0.032477 0.065640
v -0.118488 0.032810 0.065123
v -0.118471 0.032281 0.064916
v -0.118465 0.032009 0.065640
v -0.118398 0.033294 0.064917
v -0.118424 0.033343 0.065640
v -0.118519 0.032506 0.067552
v -0.118497 0.032290 0.068879
v -0.118424 0.033343 0.067517
v -0.117964 0.034377 0.064947
v -0.118055 0.034286 0.065640
v -0.117633 0.034810 0.065119
v -0.118055 0.034286 0.067517
v -0.117633 0.034810 0.068637
v -0.118327 0.031293 0.068880
v -0.118525 0.032605 0.068138
v -0.118426 0.033290 0.068879
v -0.117954 0.034391 0.068811
v -0.116797 0.031571 0.064880
v -0.116889 0.033297 0.063764
v -0.117058 0.032348 0.064880
v -0.115206 0.030447 0.064880
v -0.117509 0.030061 0.064880
v -0.117508 0.030060 0.068880
v -0.115884 0.030970 0.066836
v -0.115883 0.030969 0.067511
v -0.116864 0.033413 0.064866
v -0.116755 0.032449 0.066693
v -0.116767 0.032500 0.067517
v -0.116218 0.033450 0.066709
v -0.116301 0.033307 0.067517
v -0.114200 0.030598 0.064880
v -0.115270 0.030970 0.066576
v -0.114089 0.030989 0.066809
v -0.114117 0.030970 0.067517
v -0.115000 0.032498 0.065861
v -0.115157 0.033284 0.066235
v -0.114276 0.032472 0.066157
v -0.113918 0.033686 0.066695
v -0.114118 0.034029 0.066819
v -0.115204 0.034553 0.064879
v -0.114199 0.034401 0.064880
v -0.116944 0.034140 0.064825
v -0.117246 0.035195 0.064949
v -0.117125 0.035330 0.065640
v -0.116278 0.034163 0.064868
v -0.116431 0.035700 0.064880
v -0.116561 0.035633 0.065640
v -0.117125 0.035330 0.067517
v -0.115878 0.034030 0.066880
v -0.116561 0.035633 0.067517
v -0.115995 0.035886 0.064880
v -0.116109 0.035847 0.065640
v -0.116109 0.035847 0.067517
v -0.114090 0.035642 0.064880
v -0.115209 0.034030 0.066698
v -0.115206 0.036032 0.064880
v -0.115198 0.036033 0.065640
v -0.114219 0.035904 0.064947
v -0.114243 0.035944 0.065640
v -0.115198 0.036033 0.067517
v -0.114243 0.035944 0.067517
v -0.113582 0.030803 0.064669
v -0.113283 0.031331 0.064880
v -0.112197 0.030407 0.064962
v -0.112156 0.030394 0.065640
v -0.111984 0.031228 0.064880
v -0.113665 0.031746 0.066746
v -0.112156 0.030394 0.067517
v -0.112381 0.032368 0.064897
v -0.111885 0.033502 0.064938
v -0.113234 0.032476 0.066797
v -0.113233 0.032500 0.067517
v -0.113608 0.033149 0.067517
v -0.111879 0.030919 0.065115
v -0.111680 0.031378 0.064948
v -0.111635 0.031407 0.065640
v -0.111879 0.030918 0.068589
v -0.111635 0.031407 0.067517
v -0.111476 0.032356 0.064880
v -0.111476 0.032366 0.065640
v -0.111602 0.033353 0.064951
v -0.111558 0.033323 0.065640
v -0.111476 0.032366 0.067517
v -0.111558 0.033323 0.067517
v -0.113195 0.035482 0.064911
v -0.113146 0.035488 0.065640
v -0.112073 0.034394 0.064911
v -0.112072 0.034448 0.065640
v -0.112538 0.035024 0.064880
v -0.113146 0.035488 0.067517
v -0.112072 0.034448 0.067517
v -0.112536 0.035022 0.067517
v -0.113659 0.035737 0.065116
v -0.113679 0.035745 0.068639
v -0.111805 0.033939 0.065117
v -0.116567 0.031614 0.068880
v -0.115916 0.030967 0.068880
v -0.116029 0.031018 0.068805
v -0.116820 0.032540 0.068867
v -0.116649 0.033199 0.068880
v -0.116764 0.032489 0.068791
v -0.116358 0.033293 0.068792
v -0.115173 0.030653 0.068880
v -0.115161 0.030971 0.068576
v -0.114308 0.030813 0.068880
v -0.114127 0.030941 0.068847
v -0.113839 0.033549 0.068665
v -0.117486 0.034611 0.068880
v -0.117260 0.035183 0.068810
v -0.115884 0.034029 0.068881
v -0.116414 0.035698 0.068852
v -0.115975 0.035892 0.068754
v -0.115196 0.035190 0.068932
v -0.114104 0.034036 0.068871
v -0.114088 0.035641 0.068876
v -0.115213 0.036028 0.068800
v -0.114211 0.035911 0.068780
v -0.112939 0.030039 0.068880
v -0.113721 0.031655 0.068880
v -0.112198 0.030407 0.068806
v -0.111937 0.031205 0.068870
v -0.113234 0.032500 0.068880
v -0.113560 0.033179 0.068821
v -0.112376 0.032368 0.068922
v -0.111937 0.033484 0.068878
v -0.111672 0.031375 0.068756
v -0.111478 0.032354 0.068814
v -0.111583 0.033363 0.068778
v -0.113764 0.033774 0.068880
v -0.113202 0.035485 0.068848
v -0.112066 0.034397 0.068844
v -0.112538 0.035024 0.068880
v -0.111793 0.033911 0.068697
v -0.017946 -0.034398 0.052280
v -0.017161 -0.035757 0.052449
v -0.017003 -0.035979 0.052377
v -0.017429 -0.035281 0.052311
v -0.016867 -0.035462 0.052280
v -0.016680 -0.034243 0.052272
v -0.019041 -0.032500 0.052282
v -0.018169 -0.030990 0.052277
v -0.017618 -0.033306 0.052253
v -0.017612 -0.031430 0.052246
v -0.016180 -0.033142 0.052566
v -0.016385 -0.032390 0.052692
v -0.016117 -0.031803 0.052569
v -0.016680 -0.030494 0.052259
v -0.015743 -0.036000 0.052280
v -0.014805 -0.036000 0.052280
v -0.015743 -0.035181 0.052251
v -0.015527 -0.033724 0.052569
v -0.014805 -0.035181 0.052257
v -0.014834 -0.033886 0.052638
v -0.013837 -0.035995 0.052307
v -0.012979 -0.036000 0.052502
v -0.013596 -0.035712 0.052280
v -0.014342 -0.033580 0.052508
v -0.012616 -0.035359 0.052297
v -0.012931 -0.034243 0.052254
v -0.015975 -0.033548 0.052776
v -0.015829 -0.031314 0.052775
v -0.015407 -0.031308 0.052508
v -0.014699 -0.031086 0.052541
v -0.013544 -0.033047 0.052762
v -0.013427 -0.032670 0.052760
v -0.013918 -0.032912 0.052398
v -0.013810 -0.032243 0.052389
v -0.014070 -0.031286 0.052665
v -0.014445 -0.031484 0.052398
v -0.012933 -0.031433 0.052284
v -0.012782 -0.030354 0.052189
v -0.017946 -0.034398 0.055480
v -0.017021 -0.036000 0.053444
v -0.017021 -0.036000 0.054335
v -0.017165 -0.035750 0.055309
v -0.017000 -0.035980 0.055383
v -0.016394 -0.033955 0.053297
v -0.016396 -0.033953 0.054382
v -0.017430 -0.035278 0.055448
v -0.016881 -0.035467 0.055480
v -0.016399 -0.033956 0.055462
v -0.016396 -0.033953 0.056258
v -0.019041 -0.032500 0.055478
v -0.017958 -0.030624 0.055484
v -0.016853 -0.033147 0.053102
v -0.016962 -0.032959 0.054382
v -0.017057 -0.032333 0.053262
v -0.017618 -0.033306 0.055507
v -0.017614 -0.032369 0.055513
v -0.016932 -0.033099 0.055409
v -0.016880 -0.033349 0.056258
v -0.017058 -0.032349 0.055403
v -0.017058 -0.032347 0.056258
v -0.016663 -0.031520 0.053139
v -0.016711 -0.031584 0.054382
v -0.016243 -0.030933 0.053280
v -0.016245 -0.030935 0.054382
v -0.017618 -0.031431 0.055513
v -0.016715 -0.031483 0.055410
v -0.016717 -0.031331 0.056258
v -0.016273 -0.030952 0.055461
v -0.016245 -0.030935 0.056258
v -0.016881 -0.033348 0.064861
v -0.017058 -0.032348 0.064861
v -0.016717 -0.031331 0.063764
v -0.016245 -0.030935 0.063764
v -0.015521 -0.036001 0.053919
v -0.015743 -0.036000 0.055480
v -0.014805 -0.036000 0.055480
v -0.015581 -0.034378 0.053119
v -0.015410 -0.034471 0.054320
v -0.014773 -0.034551 0.053257
v -0.014796 -0.034553 0.054357
v -0.015743 -0.035181 0.055508
v -0.015551 -0.034446 0.055408
v -0.015802 -0.034401 0.056258
v -0.014805 -0.035181 0.055502
v -0.014798 -0.034554 0.055445
v -0.012979 -0.036000 0.055258
v -0.013840 -0.035995 0.055453
v -0.013799 -0.034195 0.053338
v -0.013788 -0.034187 0.054438
v -0.012397 -0.034992 0.053940
v -0.013596 -0.035712 0.055480
v -0.013786 -0.034186 0.055454
v -0.012615 -0.035357 0.055463
v -0.012931 -0.034243 0.055506
v -0.016117 -0.033683 0.052908
v -0.015971 -0.033825 0.054231
v -0.015743 -0.032369 0.053514
v -0.015182 -0.033088 0.053865
v -0.014844 -0.033363 0.054137
v -0.014844 -0.032311 0.053805
v -0.014556 -0.032585 0.054025
v -0.016117 -0.033684 0.055300
v -0.015934 -0.031098 0.052950
v -0.015930 -0.031095 0.054261
v -0.015884 -0.030792 0.053164
v -0.015932 -0.030810 0.054346
v -0.014512 -0.030948 0.053588
v -0.014644 -0.030897 0.054261
v -0.015116 -0.030589 0.053082
v -0.015166 -0.030522 0.054346
v -0.015930 -0.031095 0.055314
v -0.015900 -0.030732 0.055450
v -0.015801 -0.030598 0.056258
v -0.014397 -0.030993 0.055298
v -0.015014 -0.030495 0.055439
v -0.014793 -0.030447 0.056258
v -0.013627 -0.033951 0.053175
v -0.013686 -0.034076 0.054400
v -0.013326 -0.032381 0.052894
v -0.013332 -0.032363 0.054306
v -0.013107 -0.033288 0.053317
v -0.013082 -0.032467 0.053113
v -0.013075 -0.032538 0.054382
v -0.013665 -0.034044 0.055351
v -0.013428 -0.033737 0.056258
v -0.013332 -0.032364 0.055294
v -0.013108 -0.033304 0.055442
v -0.013110 -0.033297 0.056258
v -0.013018 -0.032462 0.055429
v -0.012943 -0.032346 0.056258
v -0.013598 -0.031270 0.053007
v -0.013631 -0.031205 0.054382
v -0.014082 -0.030685 0.053318
v -0.013985 -0.030742 0.054382
v -0.013151 -0.031673 0.053307
v -0.013200 -0.031578 0.054382
v -0.013593 -0.031179 0.055354
v -0.013539 -0.031112 0.056258
v -0.013964 -0.030748 0.055441
v -0.013985 -0.030742 0.056258
v -0.013197 -0.031573 0.055438
v -0.013200 -0.031578 0.056258
v -0.012784 -0.030356 0.055571
v -0.015801 -0.030598 0.063764
v -0.013110 -0.033297 0.063764
v -0.013538 -0.031112 0.064880
v -0.012330 -0.034875 0.052280
v -0.011566 -0.033552 0.052280
v -0.011488 -0.032284 0.052280
v -0.011307 -0.033103 0.052280
v -0.010983 -0.032512 0.052368
v -0.011656 -0.031292 0.052280
v -0.012169 -0.030404 0.052280
v -0.011367 -0.031792 0.052363
v -0.012081 -0.034446 0.055485
v -0.011359 -0.033195 0.053915
v -0.010954 -0.032499 0.053921
v -0.011315 -0.033117 0.055481
v -0.011488 -0.032284 0.055480
v -0.010982 -0.032512 0.055392
v -0.011656 -0.031291 0.055480
v -0.012168 -0.030406 0.055480
v -0.011371 -0.031786 0.055398
v -0.017419 -0.029691 0.052280
v -0.017141 -0.029231 0.052316
v -0.017021 -0.029000 0.052472
v -0.015893 -0.029109 0.052280
v -0.015765 -0.029002 0.052292
v -0.014805 -0.029554 0.052280
v -0.014805 -0.029000 0.052280
v -0.013720 -0.029236 0.052280
v -0.013839 -0.029006 0.052311
v -0.012721 -0.029469 0.052339
v -0.012979 -0.029000 0.052500
v -0.017192 -0.029296 0.053945
v -0.017021 -0.029000 0.055284
v -0.017145 -0.029233 0.055445
v -0.014683 -0.029000 0.053933
v -0.015890 -0.029110 0.055480
v -0.015763 -0.029002 0.055468
v -0.014805 -0.029554 0.055480
v -0.014805 -0.029000 0.055480
v -0.012696 -0.029489 0.053944
v -0.012979 -0.029000 0.055264
v -0.013724 -0.029237 0.055480
v -0.013843 -0.029006 0.055449
v -0.012720 -0.029471 0.055423
v -0.012438 -0.029938 0.052332
v -0.012436 -0.029941 0.055429
v -0.016396 -0.033953 0.064880
v -0.018195 -0.033939 0.065117
v -0.016341 -0.035737 0.065117
v -0.016322 -0.035745 0.068639
v -0.017463 -0.035023 0.064880
v -0.017927 -0.034394 0.064911
v -0.017928 -0.034448 0.065640
v -0.016805 -0.035482 0.064911
v -0.016854 -0.035488 0.065640
v -0.017464 -0.035022 0.067517
v -0.017928 -0.034448 0.067517
v -0.016854 -0.035488 0.067517
v -0.018398 -0.033353 0.064951
v -0.018442 -0.033323 0.065640
v -0.018524 -0.032356 0.064880
v -0.018524 -0.032366 0.065640
v -0.018442 -0.033323 0.067517
v -0.018524 -0.032366 0.067517
v -0.018320 -0.031378 0.064948
v -0.018365 -0.031407 0.065640
v -0.018121 -0.030919 0.065115
v -0.018365 -0.031407 0.067517
v -0.018121 -0.030919 0.068591
v -0.018115 -0.033502 0.064938
v -0.017619 -0.032368 0.064897
v -0.016132 -0.033599 0.066675
v -0.016392 -0.033149 0.067517
v -0.016766 -0.032482 0.066816
v -0.016767 -0.032500 0.067517
v -0.018016 -0.031228 0.064880
v -0.017803 -0.030407 0.064961
v -0.017844 -0.030394 0.065640
v -0.016717 -0.031331 0.064880
v -0.016418 -0.030803 0.064669
v -0.017844 -0.030394 0.067517
v -0.016334 -0.031744 0.066745
v -0.015802 -0.034401 0.064880
v -0.013788 -0.034187 0.063764
v -0.015781 -0.035904 0.064947
v -0.015757 -0.035944 0.065640
v -0.014794 -0.036032 0.064880
v -0.014802 -0.036033 0.065640
v -0.015757 -0.035944 0.067517
v -0.014802 -0.036033 0.067517
v -0.015910 -0.035642 0.064880
v -0.014796 -0.034553 0.064879
v -0.015882 -0.034029 0.066836
v -0.014795 -0.034030 0.066698
v -0.014113 -0.034030 0.067592
v -0.014005 -0.035886 0.064880
v -0.013891 -0.035847 0.065640
v -0.013891 -0.035847 0.067517
v -0.013569 -0.035700 0.064880
v -0.013439 -0.035633 0.065640
v -0.013722 -0.034163 0.064868
v -0.012754 -0.035195 0.064949
v -0.012875 -0.035330 0.065640
v -0.013056 -0.034140 0.064825
v -0.013439 -0.035633 0.067517
v -0.014117 -0.034030 0.066880
v -0.012875 -0.035330 0.067517
v -0.014793 -0.030447 0.064880
v -0.013424 -0.033732 0.064735
v -0.012943 -0.032346 0.064880
v -0.013983 -0.030743 0.064880
v -0.013203 -0.031571 0.064880
v -0.015731 -0.032411 0.066166
v -0.014841 -0.033283 0.066239
v -0.014997 -0.032498 0.065862
v -0.015801 -0.030598 0.064880
v -0.015920 -0.030996 0.066794
v -0.015883 -0.030970 0.067517
v -0.014650 -0.030970 0.066583
v -0.014119 -0.030968 0.067507
v -0.013135 -0.033412 0.064866
v -0.013784 -0.033451 0.066704
v -0.013241 -0.032466 0.066698
v -0.013233 -0.032500 0.067517
v -0.012491 -0.030061 0.064880
v -0.014117 -0.030970 0.066820
v -0.012492 -0.030060 0.068880
v -0.018207 -0.033911 0.068697
v -0.017462 -0.035025 0.068880
v -0.017935 -0.034397 0.068844
v -0.016798 -0.035485 0.068848
v -0.016236 -0.033774 0.068880
v -0.018417 -0.033363 0.068778
v -0.018524 -0.032357 0.068836
v -0.018319 -0.031371 0.068794
v -0.018063 -0.033484 0.068878
v -0.017622 -0.032369 0.068908
v -0.016440 -0.033179 0.068821
v -0.016766 -0.032500 0.068880
v -0.018064 -0.031202 0.068875
v -0.017802 -0.030407 0.068807
v -0.016279 -0.031655 0.068880
v -0.017061 -0.030040 0.068880
v -0.015789 -0.035911 0.068780
v -0.014788 -0.036028 0.068800
v -0.015912 -0.035641 0.068876
v -0.015896 -0.034036 0.068871
v -0.014804 -0.035190 0.068932
v -0.014115 -0.034029 0.068881
v -0.014025 -0.035892 0.068754
v -0.013586 -0.035698 0.068852
v -0.012740 -0.035183 0.068809
v -0.012514 -0.034611 0.068880
v -0.016161 -0.033549 0.068664
v -0.015873 -0.030941 0.068847
v -0.015692 -0.030812 0.068880
v -0.014839 -0.030971 0.068576
v -0.014827 -0.030651 0.068880
v -0.013641 -0.033300 0.068784
v -0.013237 -0.032484 0.068795
v -0.013342 -0.033223 0.068880
v -0.013193 -0.032509 0.068865
v -0.013976 -0.031015 0.068808
v -0.014084 -0.030968 0.068880
v -0.013435 -0.031623 0.068880
v -0.012367 -0.034810 0.065119
v -0.012036 -0.034376 0.064947
v -0.011945 -0.034286 0.065640
v -0.012367 -0.034811 0.068638
v -0.011945 -0.034286 0.067517
v -0.011601 -0.033294 0.064917
v -0.011576 -0.033343 0.065640
v -0.011529 -0.032281 0.064916
v -0.011534 -0.032009 0.065640
v -0.011514 -0.032820 0.065121
v -0.011480 -0.032599 0.065134
v -0.011483 -0.032478 0.065640
v -0.011576 -0.033343 0.067517
v -0.011502 -0.032287 0.068879
v -0.011481 -0.032499 0.067523
v -0.011673 -0.031293 0.064880
v -0.011635 -0.031407 0.065640
v -0.012079 -0.030499 0.064880
v -0.011635 -0.031407 0.067517
v -0.012073 -0.030507 0.068880
v -0.012046 -0.034391 0.068811
v -0.011574 -0.033290 0.068879
v -0.011476 -0.032607 0.068137
v -0.011673 -0.031293 0.068880
v -0.017318 -0.029866 0.065125
v -0.016830 -0.029506 0.064949
v -0.016720 -0.029408 0.065640
v -0.017315 -0.029863 0.068692
v -0.016720 -0.029408 0.067517
v -0.015834 -0.029126 0.064915
v -0.015993 -0.029134 0.065640
v -0.015477 -0.029029 0.065114
v -0.014788 -0.029206 0.064880
v -0.014804 -0.028967 0.065115
v -0.015993 -0.029134 0.067517
v -0.015432 -0.029023 0.068585
v -0.014802 -0.028967 0.067517
v -0.013837 -0.029201 0.064920
v -0.013794 -0.029173 0.065640
v -0.014301 -0.029072 0.065115
v -0.012955 -0.029610 0.064880
v -0.012907 -0.029647 0.066132
v -0.013787 -0.029176 0.067515
v -0.016845 -0.029501 0.068808
v -0.015823 -0.029126 0.068856
v -0.014774 -0.029117 0.068877
v -0.014841 -0.028967 0.068580
v -0.013845 -0.029195 0.068867
v -0.014294 -0.029034 0.068195
v -0.012955 -0.029610 0.068880
v -0.017419 0.029691 0.052280
v -0.017021 0.029000 0.052475
v -0.017140 0.029230 0.052316
v -0.015765 0.029002 0.052292
v -0.015890 0.029110 0.052280
v -0.014805 0.029000 0.052280
v -0.014805 0.029554 0.052280
v -0.013840 0.029006 0.052311
v -0.013724 0.029237 0.052280
v -0.012979 0.029000 0.052496
v -0.012721 0.029469 0.052337
v -0.017191 0.029296 0.053919
v -0.017021 0.029000 0.055287
v -0.017146 0.029233 0.055445
v -0.014683 0.029000 0.053934
v -0.015763 0.029002 0.055468
v -0.015893 0.029109 0.055480
v -0.014805 0.029000 0.055480
v -0.014805 0.029554 0.055480
v -0.012979 0.029000 0.055260
v -0.012692 0.029495 0.053946
v -0.013842 0.029006 0.055449
v -0.013720 0.029236 0.055480
v -0.012720 0.029471 0.055421
v -0.012438 0.029938 0.052331
v -0.012168 0.030406 0.055480
v -0.012436 0.029941 0.055429
v -0.018169 0.030990 0.052277
v -0.019041 0.032500 0.052282
v -0.017612 0.031430 0.052246
v -0.016680 0.030494 0.052259
v -0.016117 0.031803 0.052569
v -0.017618 0.033306 0.052253
v -0.016385 0.032390 0.052692
v -0.016180 0.033142 0.052566
v -0.017946 0.034398 0.052280
v -0.017429 0.035281 0.052312
v -0.016680 0.034243 0.052272
v -0.016881 0.035467 0.052280
v -0.017161 0.035756 0.052453
v -0.017000 0.035979 0.052377
v -0.015407 0.031308 0.052508
v -0.015829 0.031314 0.052775
v -0.014698 0.031086 0.052541
v -0.015975 0.033548 0.052776
v -0.014445 0.031484 0.052398
v -0.014070 0.031286 0.052665
v -0.012784 0.030356 0.052189
v -0.012933 0.031433 0.052284
v -0.013427 0.032670 0.052760
v -0.013545 0.033048 0.052762
v -0.013810 0.032243 0.052389
v -0.013918 0.032912 0.052398
v -0.015527 0.033724 0.052569
v -0.015743 0.035181 0.052251
v -0.014834 0.033886 0.052638
v -0.014805 0.035182 0.052257
v -0.015743 0.036000 0.052280
v -0.014805 0.036000 0.052280
v -0.014342 0.033579 0.052508
v -0.013596 0.035712 0.052280
v -0.012931 0.034243 0.052254
v -0.012616 0.035359 0.052297
v -0.013837 0.035995 0.052307
v -0.012979 0.036000 0.052502
v -0.017958 0.030624 0.055484
v -0.019041 0.032500 0.055478
v -0.016243 0.030933 0.053280
v -0.016245 0.030935 0.054382
v -0.016663 0.031520 0.053139
v -0.016711 0.031584 0.054382
v -0.017618 0.031431 0.055513
v -0.016273 0.030952 0.055461
v -0.016245 0.030935 0.056258
v -0.016715 0.031483 0.055410
v -0.016717 0.031331 0.056258
v -0.017057 0.032333 0.053262
v -0.016853 0.033147 0.053102
v -0.016962 0.032959 0.054382
v -0.017614 0.032369 0.055513
v -0.017618 0.033306 0.055507
v -0.017058 0.032349 0.055403
v -0.017058 0.032347 0.056258
v -0.016932 0.033099 0.055409
v -0.016880 0.033349 0.056258
v -0.016245 0.030935 0.063764
v -0.016717 0.031331 0.063764
v -0.017058 0.032348 0.064861
v -0.016881 0.033348 0.064861
v -0.017946 0.034398 0.055480
v -0.017021 0.036000 0.054335
v -0.016394 0.033955 0.053297
v -0.016396 0.033953 0.054382
v -0.017430 0.035279 0.055449
v -0.016399 0.033956 0.055462
v -0.016396 0.033953 0.056258
v -0.016867 0.035462 0.055480
v -0.017021 0.036000 0.053445
v -0.017165 0.035750 0.055312
v -0.017003 0.035979 0.055383
v -0.015884 0.030792 0.053164
v -0.015931 0.030810 0.054346
v -0.015934 0.031098 0.052950
v -0.015931 0.031095 0.054261
v -0.015116 0.030589 0.053082
v -0.015166 0.030522 0.054346
v -0.014512 0.030948 0.053588
v -0.014644 0.030897 0.054261
v -0.015900 0.030732 0.055450
v -0.015801 0.030598 0.056258
v -0.015930 0.031095 0.055314
v -0.015014 0.030495 0.055439
v -0.014793 0.030447 0.056258
v -0.014397 0.030993 0.055298
v -0.015743 0.032369 0.053514
v -0.016117 0.033683 0.052908
v -0.015971 0.033825 0.054231
v -0.014844 0.032311 0.053805
v -0.014556 0.032585 0.054025
v -0.015182 0.033088 0.053865
v -0.014844 0.033363 0.054137
v -0.016117 0.033684 0.055300
v -0.014081 0.030685 0.053318
v -0.013985 0.030742 0.054382
v -0.013598 0.031269 0.053007
v -0.013631 0.031205 0.054382
v -0.013151 0.031673 0.053307
v -0.013200 0.031578 0.054382
v -0.013964 0.030748 0.055441
v -0.013985 0.030742 0.056258
v -0.013592 0.031179 0.055354
v -0.013539 0.031112 0.056258
v -0.012782 0.030354 0.055571
v -0.013197 0.031573 0.055438
v -0.013200 0.031578 0.056258
v -0.013314 0.032333 0.052923
v -0.013317 0.032324 0.054306
v -0.013627 0.033951 0.053175
v -0.013686 0.034076 0.054400
v -0.013076 0.032141 0.053170
v -0.013075 0.031978 0.054382
v -0.013106 0.033286 0.053316
v -0.013110 0.033297 0.054382
v -0.013317 0.032327 0.055299
v -0.013665 0.034044 0.055351
v -0.013428 0.033737 0.056258
v -0.013024 0.032110 0.055431
v -0.012943 0.032346 0.056258
v -0.013107 0.033304 0.055442
v -0.013110 0.033297 0.056258
v -0.015801 0.030598 0.063764
v -0.013539 0.031112 0.064880
v -0.015581 0.034378 0.053119
v -0.015410 0.034471 0.054320
v -0.014773 0.034550 0.053257
v -0.014796 0.034553 0.054357
v -0.015551 0.034446 0.055408
v -0.015802 0.034401 0.056258
v -0.015743 0.035181 0.055508
v -0.014798 0.034554 0.055445
v -0.014805 0.035182 0.055502
v -0.015528 0.036001 0.053938
v -0.015743 0.036000 0.055480
v -0.014805 0.036000 0.055480
v -0.013800 0.034195 0.053338
v -0.013788 0.034187 0.054438
v -0.012397 0.034992 0.053940
v -0.013785 0.034186 0.055454
v -0.013596 0.035712 0.055480
v -0.012931 0.034243 0.055506
v -0.012601 0.035336 0.055468
v -0.012979 0.036000 0.055258
v -0.013840 0.035995 0.055453
v -0.012168 0.030404 0.052280
v -0.011656 0.031292 0.052280
v -0.011368 0.031791 0.052363
v -0.011488 0.032284 0.052280
v -0.011566 0.033552 0.052280
v -0.010982 0.032512 0.052368
v -0.011307 0.033103 0.052280
v -0.012330 0.034875 0.052280
v -0.010956 0.032502 0.053955
v -0.011656 0.031291 0.055480
v -0.011370 0.031786 0.055397
v -0.011375 0.033222 0.053926
v -0.012009 0.034320 0.055478
v -0.011488 0.032284 0.055480
v -0.010983 0.032512 0.055392
v -0.011307 0.033103 0.055480
v -0.017317 0.029865 0.065124
v -0.016830 0.029506 0.064949
v -0.016720 0.029408 0.065640
v -0.017315 0.029863 0.068692
v -0.016720 0.029408 0.067517
v -0.015473 0.029029 0.065114
v -0.015835 0.029126 0.064915
v -0.015993 0.029134 0.065640
v -0.014804 0.028967 0.065115
v -0.014788 0.029205 0.064880
v -0.015446 0.029025 0.068588
v -0.015993 0.029134 0.067517
v -0.014802 0.028967 0.067517
v -0.014301 0.029072 0.065115
v -0.013837 0.029201 0.064920
v -0.013794 0.029173 0.065640
v -0.012928 0.029630 0.064879
v -0.013788 0.029176 0.067518
v -0.012940 0.029620 0.068880
v -0.016845 0.029501 0.068808
v -0.015823 0.029126 0.068856
v -0.014841 0.028967 0.068580
v -0.014774 0.029117 0.068877
v -0.014294 0.029034 0.068195
v -0.013845 0.029195 0.068867
v -0.018121 0.030919 0.065115
v -0.018320 0.031378 0.064948
v -0.018365 0.031407 0.065640
v -0.018121 0.030918 0.068590
v -0.018365 0.031407 0.067517
v -0.018524 0.032356 0.064880
v -0.018524 0.032366 0.065640
v -0.018398 0.033353 0.064951
v -0.018442 0.033323 0.065640
v -0.018524 0.032366 0.067517
v -0.018442 0.033323 0.067517
v -0.017803 0.030407 0.064961
v -0.017844 0.030394 0.065640
v -0.018016 0.031228 0.064880
v -0.016418 0.030803 0.064669
v -0.016717 0.031331 0.064880
v -0.017844 0.030394 0.067517
v -0.016334 0.031744 0.066745
v -0.017619 0.032368 0.064897
v -0.018115 0.033502 0.064938
v -0.016766 0.032481 0.066816
v -0.016767 0.032500 0.067517
v -0.016133 0.033599 0.066675
v -0.016392 0.033149 0.067517
v -0.016396 0.033953 0.064880
v -0.018197 0.033932 0.065117
v -0.018205 0.033916 0.068697
v -0.017927 0.034394 0.064911
v -0.017928 0.034448 0.065640
v -0.017463 0.035023 0.064880
v -0.016805 0.035482 0.064911
v -0.016854 0.035488 0.065640
v -0.017928 0.034448 0.067517
v -0.017464 0.035022 0.067517
v -0.016854 0.035488 0.067517
v -0.016343 0.035736 0.065117
v -0.016320 0.035746 0.068639
v -0.014793 0.030447 0.064880
v -0.013983 0.030743 0.064880
v -0.013204 0.031570 0.064880
v -0.013110 0.033297 0.063764
v -0.013424 0.033731 0.064735
v -0.012943 0.032346 0.064880
v -0.015801 0.030598 0.064880
v -0.015920 0.030995 0.066794
v -0.015883 0.030970 0.067517
v -0.014650 0.030970 0.066583
v -0.014118 0.030968 0.067509
v -0.015725 0.032481 0.066151
v -0.015883 0.034029 0.066836
v -0.014997 0.032497 0.065861
v -0.014861 0.033274 0.066216
v -0.012491 0.030061 0.064880
v -0.014116 0.030970 0.066820
v -0.012492 0.030060 0.068880
v -0.013135 0.033412 0.064866
v -0.013228 0.032467 0.066704
v -0.013233 0.032500 0.067517
v -0.013784 0.033451 0.066704
v -0.014115 0.034030 0.067558
v -0.014796 0.034553 0.064879
v -0.015802 0.034401 0.064880
v -0.013788 0.034187 0.063764
v -0.015911 0.035642 0.064880
v -0.014795 0.034030 0.066698
v -0.015781 0.035904 0.064947
v -0.015757 0.035944 0.065640
v -0.014794 0.036032 0.064880
v -0.014802 0.036033 0.065640
v -0.015757 0.035944 0.067517
v -0.014802 0.036033 0.067517
v -0.013722 0.034163 0.064868
v -0.013569 0.035700 0.064880
v -0.013439 0.035633 0.065640
v -0.013056 0.034140 0.064825
v -0.012754 0.035195 0.064949
v -0.012875 0.035330 0.065640
v -0.014117 0.034030 0.066880
v -0.013439 0.035633 0.067517
v -0.012875 0.035330 0.067517
v -0.014005 0.035885 0.064880
v -0.013891 0.035847 0.065640
v -0.013891 0.035847 0.067517
v -0.018319 0.031371 0.068794
v -0.018524 0.032357 0.068836
v -0.018417 0.033363 0.068778
v -0.017802 0.030407 0.068807
v -0.018064 0.031202 0.068875
v -0.017061 0.030040 0.068880
v -0.016279 0.031655 0.068880
v -0.017622 0.032369 0.068908
v -0.018063 0.033484 0.068878
v -0.016767 0.032500 0.068880
v -0.016440 0.033179 0.068821
v -0.017934 0.034397 0.068844
v -0.017462 0.035024 0.068880
v -0.016236 0.033774 0.068880
v -0.016798 0.035485 0.068848
v -0.015704 0.030801 0.068880
v -0.015870 0.030936 0.068842
v -0.014828 0.030676 0.068880
v -0.014837 0.030970 0.068598
v -0.016161 0.033549 0.068664
v -0.014052 0.030965 0.068880
v -0.013975 0.031011 0.068804
v -0.013435 0.031623 0.068880
v -0.013231 0.032484 0.068801
v -0.013641 0.033300 0.068784
v -0.013157 0.032360 0.068881
v -0.013343 0.033223 0.068880
v -0.015896 0.034036 0.068871
v -0.015908 0.035639 0.068873
v -0.014116 0.034029 0.068881
v -0.014805 0.035190 0.068929
v -0.015786 0.035920 0.068746
v -0.014794 0.036032 0.068789
v -0.013579 0.035699 0.068857
v -0.012514 0.034611 0.068880
v -0.012740 0.035183 0.068809
v -0.014019 0.035890 0.068784
v -0.012081 0.030497 0.064880
v -0.011673 0.031293 0.064880
v -0.011635 0.031407 0.065640
v -0.012067 0.030514 0.068880
v -0.011635 0.031407 0.067517
v -0.011529 0.032281 0.064916
v -0.011534 0.032009 0.065640
v -0.011602 0.033294 0.064917
v -0.011576 0.033342 0.065640
v -0.011480 0.032599 0.065134
v -0.011483 0.032478 0.065640
v -0.011513 0.032816 0.065121
v -0.011534 0.032009 0.067517
v -0.011576 0.033342 0.067517
v -0.011481 0.032507 0.067562
v -0.012036 0.034377 0.064947
v -0.011945 0.034286 0.065640
v -0.012366 0.034810 0.065119
v -0.011945 0.034286 0.067517
v -0.012367 0.034811 0.068638
v -0.011673 0.031293 0.068880
v -0.011501 0.032292 0.068879
v -0.011574 0.033290 0.068879
v -0.011476 0.032607 0.068137
v -0.012046 0.034391 0.068811
vn -0.0000 -0.0000 -1.0000
vn -0.2175 0.1090 -0.9700
vn -0.8632 -0.4981 -0.0825
vn -0.2269 0.1187 0.9667
vn -0.8639 -0.5035 0.0147
vn -0.8662 0.4995 0.0140
vn -0.8660 -0.5001 0.0004
vn -0.0282 -0.0305 -0.9991
vn -0.0075 0.2675 -0.9635
vn -0.0879 0.1598 -0.9832
vn -0.2131 -0.2677 -0.9396
vn -0.0000 -0.0269 -0.9996
vn -0.0291 -0.1220 -0.9921
vn -0.0989 -0.9940 0.0472
vn 0.8180 -0.2917 0.4957
vn 0.0595 0.0032 -0.9982
vn 0.5145 -0.0426 -0.8565
vn -0.2772 -0.0094 -0.9608
vn -0.2236 -0.2106 -0.9516
vn 0.0240 -0.0084 -0.9997
vn -0.4732 0.0030 -0.8810
vn 0.0259 0.0124 -0.9996
vn 0.0249 -0.0025 -0.9997
vn 0.0785 -0.1676 -0.9827
vn -0.6235 -0.7536 0.2082
vn 0.2367 -0.0397 -0.9708
vn 0.0035 -0.0227 -0.9997
vn -0.0296 0.7296 -0.6832
vn -0.0003 -1.0000 -0.0000
vn -0.0269 -0.0299 0.9992
vn -0.1740 0.9848 -0.0000
vn 0.1477 -0.9763 -0.1581
vn -0.0086 0.0983 0.9951
vn 0.4118 0.9113 0.0020
vn -0.3996 -0.8864 -0.2336
vn -0.0281 0.0245 0.9993
vn -0.8665 -0.4993 -0.0000
vn -0.2101 -0.2733 0.9387
vn -0.0000 -0.0257 0.9997
vn -0.0276 -0.1158 0.9929
vn -0.3413 -0.9400 -0.0000
vn 0.9928 -0.1069 0.0533
vn 0.4838 0.8722 0.0712
vn -0.9941 -0.1082 0.0022
vn -0.8113 -0.5845 0.0077
vn -0.3121 -0.0729 -0.9472
vn 0.7874 -0.6156 0.0343
vn 0.6550 -0.7550 0.0313
vn -0.7478 0.6595 -0.0764
vn -0.8087 0.5883 0.0058
vn 0.7084 -0.6604 0.2492
vn -0.4381 -0.2552 -0.8619
vn -0.1850 -0.5848 -0.7898
vn -0.6624 0.1549 -0.7330
vn 0.1473 0.9843 -0.0971
vn -0.2079 -0.9781 -0.0063
vn 0.0881 0.5884 -0.8037
vn 0.1457 0.9708 -0.1907
vn 0.0382 -0.9993 -0.0000
vn -0.1601 -0.2029 -0.9660
vn -0.3016 0.9531 -0.0272
vn -0.0519 -0.9970 -0.0580
vn -0.1826 0.9832 -0.0020
vn -0.1373 0.3075 -0.9416
vn 0.9981 -0.0273 0.0558
vn -0.9583 0.2858 -0.0000
vn 0.7503 -0.2079 0.6276
vn -0.3148 -0.3399 -0.8862
vn -0.9759 0.1968 -0.0943
vn -0.4159 0.0926 -0.9047
vn 0.9989 0.0474 0.0018
vn -0.9915 -0.1301 -0.0002
vn 0.6413 0.7672 0.0115
vn 0.7922 -0.6074 0.0589
vn 0.7052 -0.7090 0.0074
vn -0.6491 -0.7094 -0.2748
vn -0.1759 -0.9844 -0.0000
vn 0.9886 -0.1286 0.0779
vn -0.9684 0.2494 0.0003
vn -0.2300 0.9723 -0.0418
vn -0.0512 -0.9987 -0.0082
vn 0.5273 -0.0597 -0.8476
vn -0.9845 -0.1753 -0.0000
vn -0.8114 -0.5846 -0.0000
vn -0.6385 0.7696 -0.0000
vn -0.3426 0.9395 -0.0000
vn 0.0795 -0.0806 0.9936
vn 0.4282 -0.0566 0.9019
vn 0.8226 -0.5680 0.0255
vn 0.8668 -0.4987 0.0004
vn 0.9688 -0.1842 -0.1657
vn -0.1254 0.0571 0.9905
vn -0.5744 0.8068 -0.1383
vn 0.8765 0.4810 0.0164
vn -0.1456 -0.3068 0.9406
vn 0.0240 -0.0084 0.9997
vn 0.9060 0.3679 -0.2091
vn -0.2079 0.0019 0.9782
vn 0.1427 0.9356 0.3229
vn 0.0259 0.0121 0.9996
vn 0.9846 -0.1751 -0.0001
vn 0.6435 0.7654 -0.0000
vn 0.9478 0.3187 -0.0000
vn -0.0360 0.9993 -0.0111
vn 0.5972 -0.7931 -0.1198
vn 0.0312 0.0216 0.9993
vn 0.0165 -0.9999 -0.0024
vn -0.4270 0.8922 0.1475
vn 0.0784 -0.1639 0.9834
vn 0.5369 -0.8432 -0.0282
vn -0.0781 0.3980 -0.9141
vn -0.2043 0.9789 0.0002
vn 0.6894 0.7240 -0.0238
vn 0.4263 0.5673 -0.7046
vn 0.6034 0.7967 -0.0347
vn 0.2447 0.3715 -0.8956
vn 0.4189 -0.9049 0.0760
vn -0.9291 0.3698 -0.0000
vn 0.6457 0.7624 0.0424
vn -0.0995 -0.2860 -0.9531
vn 0.6037 0.7972 -0.0000
vn 0.5370 0.8430 0.0317
vn 0.0593 -0.5049 -0.8611
vn -0.6823 -0.7230 -0.1083
vn -0.0219 0.2477 0.9686
vn 0.8866 0.4100 -0.2142
vn -0.2291 -0.2266 -0.9467
vn -0.9900 0.1409 -0.0024
vn 0.8915 -0.4530 0.0041
vn -0.0202 -0.0298 0.9994
vn -0.9935 0.1137 0.0069
vn -0.7809 -0.6247 -0.0000
vn 0.7804 -0.6253 -0.0000
vn -0.4675 0.5317 0.7062
vn 0.2442 -0.2965 -0.9233
vn -0.0041 -0.0372 -0.9993
vn 0.0628 0.0435 -0.9971
vn 0.0045 -0.0015 -1.0000
vn 0.0742 -0.1183 -0.9902
vn -0.0269 -0.0155 -0.9995
vn -0.0176 -0.0327 0.9993
vn 0.0242 0.0168 0.9996
vn 0.0055 -0.1067 0.9943
vn 0.0327 -0.0031 0.9995
vn -0.0426 0.0775 0.9961
vn -0.8771 -0.4803 0.0016
vn -0.8662 -0.4997 -0.0003
vn -0.8655 0.5009 -0.0001
vn -0.8825 0.4700 -0.0161
vn -0.8660 -0.5000 0.0001
vn -0.0000 -1.0000 -0.0004
vn -0.1533 0.9862 0.0624
vn -0.8698 -0.4935 -0.0017
vn 0.4167 0.9090 0.0095
vn 0.6507 0.6623 0.3715
vn 0.7398 0.0597 0.6702
vn 0.8919 -0.0651 0.4475
vn 0.0386 -0.8892 0.4560
vn -0.6798 -0.6748 0.2871
vn -0.3719 -0.8868 -0.2745
vn 0.9136 -0.3807 0.1425
vn 0.2441 -0.6946 0.6767
vn 0.8072 -0.5901 -0.0159
vn 0.8627 -0.5057 -0.0018
vn 0.8718 -0.4899 -0.0020
vn -0.9899 0.1395 0.0243
vn -0.9481 -0.3040 0.0935
vn 0.8661 0.4999 -0.0001
vn 0.7763 0.4252 0.4653
vn -0.7756 0.5590 0.2930
vn 0.8662 -0.4998 0.0001
vn 0.0158 -0.9999 0.0013
vn -0.5476 0.7712 0.3247
vn 0.1035 -0.9858 0.1322
vn -0.8612 -0.5083 -0.0016
vn -0.1404 0.3886 -0.9106
vn 0.0781 0.6036 -0.7934
vn -0.0000 1.0000 -0.0000
vn -0.1463 0.3888 0.9097
vn -0.0002 0.0004 1.0000
vn 0.0326 0.1111 0.9933
vn 0.0823 0.5783 0.8117
vn 0.0024 0.9996 0.0278
vn -0.8753 0.4835 -0.0064
vn 0.8857 0.4641 -0.0076
vn -0.0022 1.0000 -0.0016
vn 0.1359 -0.0336 -0.9902
vn -0.3069 -0.3175 -0.8972
vn 0.2399 -0.1266 -0.9625
vn 0.0153 0.0108 -0.9998
vn -0.1913 -0.0951 -0.9769
vn 0.1065 -0.0085 0.9943
vn -0.0126 -0.0335 0.9994
vn 0.0053 -0.0364 0.9993
vn -0.0173 0.0178 0.9997
vn 0.8632 0.5048 0.0068
vn -0.1323 -0.0375 0.9905
vn -0.8665 0.4991 -0.0002
vn 0.8659 0.5002 -0.0001
vn -0.1584 0.1974 -0.9674
vn -0.1606 0.1985 0.9668
vn -0.7903 -0.6122 -0.0234
vn -0.7794 -0.6266 -0.0001
vn -0.9906 0.1343 -0.0266
vn -0.9632 -0.0697 -0.2598
vn -0.9968 -0.0804 -0.0027
vn -0.9929 -0.1185 0.0018
vn -0.9943 0.1070 0.0009
vn -0.8982 0.4395 -0.0000
vn -0.9888 0.1425 -0.0453
vn -0.9865 0.1639 -0.0000
vn -0.9251 -0.3727 -0.0725
vn -0.9312 -0.3644 -0.0000
vn -0.9952 -0.0718 0.0667
vn 0.1495 -0.9888 -0.0000
vn -0.4714 -0.8774 -0.0889
vn -0.0840 0.0006 -0.9965
vn -0.4733 -0.8809 -0.0000
vn 0.1288 -0.9917 -0.0027
vn 0.0928 -0.9957 -0.0000
vn 0.0006 -0.0000 -1.0000
vn -0.0005 1.0000 -0.0004
vn -0.2000 -0.9796 0.0203
vn -0.2000 -0.9798 -0.0000
vn 0.0075 -0.0086 -0.9999
vn -0.3924 -0.9197 -0.0117
vn 0.1026 -0.2940 -0.9503
vn -0.4279 -0.9038 -0.0000
vn -0.0001 -0.0004 -1.0000
vn 0.1484 0.9889 -0.0000
vn -0.9478 0.3189 -0.0000
vn 0.8740 0.4859 -0.0095
vn -0.0011 0.0007 1.0000
vn -0.2651 0.3042 0.9150
vn -0.0152 -0.9998 -0.0085
vn 0.3531 0.3291 0.8758
vn 0.8574 -0.5132 -0.0389
vn -0.3076 -0.4465 0.8403
vn 0.3992 -0.3179 0.8600
vn 0.8049 -0.5917 -0.0449
vn 0.5700 -0.8204 -0.0451
vn -0.0278 -0.0277 -0.9992
vn 0.7777 -0.6287 -0.0000
vn 0.6071 -0.7947 -0.0000
vn 0.8694 -0.4927 -0.0377
vn 0.8862 -0.4633 -0.0000
vn 0.4680 -0.8829 -0.0387
vn 0.4365 -0.8997 -0.0000
vn 0.0612 -0.0093 -0.9981
vn -0.8709 0.4911 0.0169
vn -0.0077 0.0974 -0.9952
vn 0.9921 -0.1255 -0.0017
vn 0.9963 -0.0854 -0.0000
vn 0.9110 0.4102 -0.0421
vn 0.0888 -0.0819 -0.9927
vn 0.8560 0.5133 -0.0616
vn 0.4047 0.4625 -0.7889
vn 0.8844 0.4668 -0.0000
vn 0.0655 0.0406 -0.9970
vn 0.9790 0.2040 0.0027
vn 0.9865 0.1636 -0.0000
vn 0.8945 0.4471 -0.0000
vn -0.0196 0.0653 -0.9977
vn 0.6015 -0.7989 -0.0000
vn 0.2985 -0.9534 -0.0447
vn 0.3345 -0.9424 -0.0000
vn 0.0341 0.0030 -0.9994
vn 0.3726 -0.3991 -0.8378
vn -0.8729 -0.4875 -0.0207
vn -0.5114 -0.2444 0.8238
vn 0.0529 -0.2598 -0.9642
vn 0.8655 0.5010 0.0037
vn -0.1016 0.3884 0.9159
vn 0.2401 0.4008 0.8841
vn 0.0090 -0.0389 -0.9992
vn 0.9400 -0.3382 -0.0453
vn 0.9281 -0.3723 -0.0000
vn 0.7354 -0.1349 -0.6641
vn -0.3405 -0.9402 -0.0008
vn -0.7517 -0.6575 -0.0522
vn 0.6265 0.7452 -0.2285
vn 0.3148 0.9491 -0.0000
vn -0.1682 -0.1852 0.9682
vn 0.0375 0.0035 0.9993
vn -0.0487 0.0014 0.9988
vn 0.0735 -0.3637 0.9286
vn -0.0581 -0.1211 0.9909
vn 0.3348 0.1675 0.9273
vn 0.6664 -0.6468 -0.3710
vn -0.1929 -0.4664 0.8633
vn 0.1429 -0.9080 0.3938
vn 0.5565 -0.2067 0.8047
vn -0.1785 0.1901 0.9654
vn -0.0433 -0.0440 0.9981
vn 0.0032 -0.0015 1.0000
vn 0.2984 -0.0875 0.9504
vn 0.5555 0.5318 0.6393
vn -0.0301 -0.0174 0.9994
vn 0.0774 0.0595 0.9952
vn 0.0310 0.0034 0.9995
vn 0.3582 -0.4534 0.8162
vn -0.4418 -0.2960 -0.8469
vn -0.0007 0.0004 1.0000
vn 0.0072 -0.0382 0.9992
vn 0.6272 -0.1166 0.7701
vn -0.4362 0.5414 0.7187
vn -0.3969 0.0058 -0.9178
vn -0.7148 -0.6993 -0.0001
vn -0.0327 0.0072 -0.9994
vn -0.7298 0.6837 0.0004
vn -0.0270 -0.0325 -0.9991
vn -0.1346 0.0706 -0.9884
vn -0.6543 -0.3422 0.6743
vn -0.0007 0.0023 1.0000
vn -0.0000 -0.0000 1.0000
vn 0.0006 -0.0011 1.0000
vn -0.2138 -0.1513 0.9651
vn -0.9933 -0.1116 -0.0290
vn -0.9941 0.1079 0.0075
vn -0.8923 0.4512 -0.0129
vn -0.9864 0.1639 0.0138
vn -0.9312 -0.3644 0.0128
vn -0.4727 -0.8798 0.0507
vn 0.1195 -0.9928 0.0025
vn -0.0005 1.0000 -0.0005
vn -0.4279 -0.9038 0.0002
vn -0.2000 -0.9797 -0.0130
vn 0.8655 0.4998 0.0332
vn -0.0008 -1.0000 -0.0007
vn 0.8631 -0.4986 0.0808
vn 0.0453 -0.9985 -0.0314
vn 0.7775 -0.6285 0.0201
vn 0.6068 -0.7944 0.0273
vn 0.8739 -0.4859 0.0141
vn -0.8650 0.4998 0.0433
vn 0.9962 -0.0854 0.0170
vn -0.8675 -0.4974 -0.0000
vn 0.9861 0.1635 0.0309
vn 0.8544 0.5185 0.0330
vn 0.3009 -0.9535 0.0173
vn -0.8655 0.5009 0.0004
vn -0.8693 -0.4943 0.0042
vn -0.2470 0.9676 -0.0524
vn -0.4646 0.8855 -0.0008
vn 0.2394 0.9701 -0.0404
vn -0.0488 0.8600 -0.5080
vn 0.2000 0.9798 0.0005
vn 0.0889 0.9960 0.0002
vn -0.0175 0.8526 -0.5223
vn -0.2052 0.9787 -0.0014
vn 0.5974 0.8017 -0.0186
vn 0.6075 0.7943 -0.0000
vn 0.3577 0.9315 -0.0669
vn 0.3515 0.9362 -0.0000
vn 0.0148 0.9420 0.3352
vn -0.0842 0.9803 0.1786
vn 0.0951 0.9955 -0.0035
vn -0.2017 0.9779 -0.0544
vn 0.6100 0.7924 -0.0020
vn 0.3458 0.9376 0.0376
vn -0.0005 -0.0014 -1.0000
vn 0.0036 0.0237 -0.9997
vn -0.7026 0.7116 -0.0000
vn -0.0093 0.0250 -0.9996
vn 0.7348 0.6758 -0.0574
vn 0.1605 0.1593 -0.9741
vn 0.7086 0.7056 0.0001
vn -0.2280 0.2741 -0.9343
vn 0.0046 0.0079 1.0000
vn 0.0021 0.0142 0.9999
vn -0.0027 0.0070 1.0000
vn 0.3065 0.4523 0.8375
vn -0.0083 0.0150 0.9999
vn -0.2071 -0.2351 -0.9497
vn 0.0116 -0.1160 -0.9932
vn -0.0326 -0.1501 -0.9881
vn 0.1372 -0.2623 -0.9552
vn -0.8652 -0.5014 -0.0000
vn -0.0001 -1.0000 -0.0000
vn -0.2020 -0.2339 0.9510
vn 0.0127 -0.1251 0.9921
vn -0.0328 -0.1530 0.9877
vn 0.1390 -0.2693 0.9530
vn -0.0012 -1.0000 0.0024
vn -0.8750 -0.4840 -0.0079
vn 0.8849 -0.4657 -0.0088
vn -0.0013 -1.0000 -0.0022
vn -0.1860 -0.0374 -0.9818
vn -0.3975 -0.0770 -0.9144
vn -0.8653 -0.5012 0.0006
vn -0.1916 -0.0437 0.9805
vn -0.3735 -0.0595 0.9257
vn -0.8666 -0.4989 -0.0007
vn -0.8646 0.5022 0.0131
vn -0.8660 0.5000 0.0003
vn 0.1043 0.0737 -0.9918
vn 0.3666 -0.0656 -0.9281
vn 0.1683 -0.0588 -0.9840
vn -0.1370 -0.2216 -0.9655
vn 0.3637 -0.3375 -0.8682
vn -0.1520 0.3782 -0.9132
vn -0.0074 0.0354 -0.9993
vn -0.0064 0.0269 -0.9996
vn 0.0237 -0.0376 -0.9990
vn -0.4052 0.0095 -0.9142
vn -0.1771 0.2621 -0.9486
vn 0.0564 -0.0008 -0.9984
vn 0.0019 0.0362 -0.9993
vn 0.1666 0.3599 -0.9180
vn -0.1016 0.2074 -0.9730
vn -0.1957 -0.2169 -0.9564
vn 0.0169 0.0354 -0.9992
vn 0.5916 -0.2115 0.7780
vn -0.2203 -0.2022 -0.9542
vn 0.0280 0.0154 -0.9995
vn -0.5987 -0.0877 -0.7962
vn 0.7874 0.6155 0.0343
vn 0.6550 0.7550 0.0313
vn -0.7444 -0.6613 -0.0926
vn -0.8086 -0.5883 0.0065
vn 0.0826 0.0804 0.9933
vn 0.9979 0.0480 0.0426
vn 0.4824 -0.8730 0.0714
vn -0.9903 0.0722 -0.1188
vn -0.8113 0.5845 0.0089
vn -0.4312 0.0386 -0.9014
vn -0.2079 0.9781 -0.0063
vn 0.1473 -0.9843 -0.0974
vn 0.1991 -0.9505 -0.2388
vn 0.1443 -0.9612 -0.2351
vn -0.4422 0.2664 -0.8565
vn -0.1996 0.5771 -0.7919
vn -0.3238 0.2166 -0.9210
vn -0.0519 0.9970 -0.0580
vn -0.3015 -0.9531 -0.0271
vn -0.1826 -0.9832 -0.0025
vn -0.0736 -0.4037 -0.9119
vn 0.0176 0.9998 -0.0000
vn -0.2296 0.1179 -0.9661
vn 0.9926 0.1130 0.0438
vn -0.9517 -0.3070 -0.0000
vn 0.6574 0.2770 0.7008
vn -0.4132 0.2529 -0.8748
vn -0.9522 -0.3055 0.0053
vn -0.3210 -0.1210 -0.9393
vn 0.7927 0.6078 0.0474
vn 0.7068 0.7074 0.0054
vn 0.9983 -0.0273 0.0519
vn -0.9904 0.1383 -0.0004
vn 0.6422 -0.7665 0.0086
vn -0.6451 0.7320 -0.2191
vn -0.1756 0.9845 -0.0000
vn 0.9551 0.2962 0.0041
vn -0.9630 -0.2695 0.0008
vn -0.0512 0.9987 -0.0067
vn -0.2293 -0.9728 -0.0342
vn 0.5757 -0.0147 -0.8176
vn -0.6385 -0.7696 -0.0001
vn -0.3426 -0.9395 -0.0000
vn 0.0710 -0.0145 0.9974
vn -0.0003 1.0000 -0.0000
vn -0.1740 -0.9848 -0.0000
vn 0.1467 0.9698 -0.1946
vn 0.0065 -0.1155 0.9933
vn 0.4118 -0.9113 0.0020
vn -0.3952 0.8725 -0.2873
vn 0.0612 -0.0965 0.9934
vn -0.1524 0.3775 0.9134
vn -0.0085 0.0354 0.9993
vn -0.0000 1.0000 0.0005
vn -0.0061 0.0257 0.9997
vn -0.3413 0.9400 -0.0000
vn -0.5744 -0.8068 -0.1383
vn 0.8749 -0.4839 0.0198
vn -0.0227 -0.0446 0.9987
vn 0.9618 0.1842 -0.2024
vn -0.2080 0.0092 0.9781
vn 0.8960 -0.3644 -0.2538
vn -0.1140 0.0747 0.9907
vn 0.1455 -0.9536 0.2637
vn 0.0845 -0.0007 0.9964
vn 0.6426 -0.7662 -0.0000
vn 0.9846 0.1751 -0.0001
vn 0.9479 -0.3185 -0.0000
vn -0.0091 -0.0090 0.9999
vn 0.1804 0.3697 0.9115
vn 0.8153 0.5783 0.0284
vn 0.6894 -0.7240 -0.0238
vn -0.2042 -0.9789 -0.0000
vn 0.4261 -0.5631 -0.7081
vn 0.6032 -0.7964 -0.0433
vn 0.1687 -0.3194 -0.9325
vn 0.5331 0.8456 -0.0283
vn -0.1186 -0.3781 -0.9181
vn 0.6458 -0.7628 0.0345
vn -0.9275 -0.3738 -0.0000
vn 0.4172 0.9069 0.0592
vn 0.6125 0.3917 -0.6866
vn 0.6037 -0.7972 -0.0000
vn -0.0258 -0.9996 -0.0120
vn 0.5949 0.7901 -0.1479
vn -0.1742 -0.1306 0.9760
vn -0.0664 -0.9746 0.2141
vn 0.0166 0.9999 -0.0018
vn 0.0166 0.0354 0.9992
vn 0.5371 -0.8429 0.0315
vn -0.0426 0.2296 -0.9724
vn -0.6757 0.7252 -0.1324
vn 0.2687 -0.0155 0.9631
vn 0.9096 -0.3810 -0.1654
vn -0.1315 0.3120 -0.9409
vn -0.9894 -0.1451 -0.0021
vn 0.8912 0.4536 0.0045
vn -0.1336 -0.1849 0.9736
vn -0.9943 -0.1062 0.0030
vn 0.0280 0.0154 0.9995
vn -0.7809 0.6247 -0.0000
vn 0.7804 0.6253 -0.0000
vn -0.4673 -0.5310 0.7069
vn 0.2848 0.2560 -0.9238
vn -0.1375 0.1068 -0.9847
vn 0.0751 -0.0052 -0.9972
vn 0.0019 -0.0027 -1.0000
vn 0.0391 -0.1147 -0.9926
vn -0.1528 -0.0896 0.9842
vn 0.0307 -0.0106 0.9995
vn 0.0241 0.0207 0.9995
vn -0.8627 0.5057 0.0024
vn 0.0243 -0.0165 0.9996
vn -0.8755 0.4833 0.0014
vn -0.8662 0.4996 -0.0003
vn -0.8818 -0.4713 -0.0186
vn 0.1360 0.8684 0.4769
vn 0.6075 -0.4531 0.6524
vn -0.8938 0.3982 -0.2062
vn 0.6828 -0.2808 0.6745
vn -0.5594 0.7948 0.2352
vn -0.2607 0.9545 -0.1449
vn 0.9042 0.3739 0.2066
vn 0.2434 0.6957 0.6759
vn -0.1602 -0.9861 0.0441
vn -0.8694 0.4941 -0.0056
vn 0.4150 -0.9098 0.0055
vn -0.9869 -0.1600 0.0202
vn -0.9414 0.3297 0.0716
vn 0.8661 -0.4998 -0.0000
vn 0.8629 0.5054 -0.0057
vn 0.8183 0.5743 -0.0251
vn 0.8716 0.4903 0.0014
vn 0.7252 -0.5148 0.4573
vn -0.7359 -0.5863 0.3386
vn 0.8661 0.4998 0.0001
vn 0.1223 0.9866 0.1080
vn -0.5461 -0.7847 0.2933
vn 0.0165 0.9999 0.0017
vn -0.8609 0.5088 -0.0012
vn -0.0953 -0.1600 -0.9825
vn 0.0473 0.1156 -0.9922
vn -0.0231 0.0789 -0.9966
vn -0.0349 -0.0570 -0.9978
vn 0.0320 -0.0326 -0.9990
vn -0.8667 -0.4988 0.0001
vn -0.0936 -0.1578 0.9830
vn 0.0022 0.0155 0.9999
vn 0.8686 -0.4954 0.0061
vn 0.0276 0.0046 0.9996
vn -0.8660 -0.5001 -0.0009
vn -0.2216 -0.1481 -0.9638
vn -0.2204 -0.1455 0.9645
vn -0.2480 -0.9673 -0.0524
vn -0.4676 -0.8839 0.0079
vn -0.1953 -0.9807 0.0009
vn 0.2392 -0.9701 -0.0414
vn 0.0635 -0.6990 -0.7123
vn 0.1989 -0.9800 -0.0000
vn 0.0927 -0.9957 0.0003
vn -0.1447 -0.6998 -0.6995
vn -0.2046 -0.9788 -0.0012
vn 0.5975 -0.8017 -0.0186
vn 0.6075 -0.7943 -0.0000
vn 0.3580 -0.9313 -0.0677
vn 0.3527 -0.9357 -0.0000
vn 0.0788 -0.8826 0.4635
vn -0.3563 -0.8639 0.3559
vn -0.4666 -0.8844 -0.0036
vn 0.0938 -0.9956 -0.0034
vn -0.2016 -0.9780 -0.0544
vn 0.6099 -0.7924 -0.0020
vn 0.3458 -0.9375 0.0383
vn -0.8982 -0.4395 -0.0005
vn -0.9906 -0.1343 -0.0266
vn -0.9197 0.1166 -0.3750
vn -0.9966 0.0819 -0.0024
vn -0.9939 -0.1104 0.0005
vn -0.9936 0.1131 0.0016
vn -0.9888 -0.1424 -0.0453
vn -0.9867 -0.1623 -0.0000
vn -0.7904 0.6122 -0.0234
vn -0.7794 0.6266 -0.0000
vn -0.9251 0.3727 -0.0725
vn -0.9312 0.3644 -0.0000
vn -0.9845 0.1753 -0.0000
vn 0.1484 -0.9889 -0.0000
vn 0.0001 -0.0001 -1.0000
vn 0.8811 -0.4728 0.0068
vn -0.0145 0.9999 -0.0081
vn -0.3504 -0.4586 0.8167
vn 0.4213 -0.2400 0.8746
vn 0.8623 0.5060 -0.0188
vn -0.1852 0.3758 0.9080
vn 0.3667 0.3404 0.8659
vn 0.1495 0.9888 -0.0000
vn -0.4714 0.8774 -0.0889
vn 0.0593 0.1332 -0.9893
vn -0.4733 0.8809 -0.0000
vn -0.0004 -1.0000 -0.0012
vn 0.1288 0.9917 -0.0027
vn 0.0928 0.9957 -0.0000
vn -0.2000 0.9796 0.0203
vn -0.2000 0.9798 -0.0000
vn -0.3924 0.9197 -0.0117
vn 0.0001 0.0004 -1.0000
vn -0.4279 0.9038 -0.0000
vn -0.0002 0.0003 -1.0000
vn 0.2630 0.2259 -0.9380
vn 0.0638 0.0112 -0.9979
vn -0.8711 -0.4908 0.0176
vn 0.9112 -0.4099 -0.0421
vn 0.8947 -0.4467 -0.0000
vn 0.9921 0.1255 -0.0017
vn 0.9963 0.0854 -0.0000
vn 0.8558 -0.5136 -0.0616
vn 0.7171 -0.2510 -0.6503
vn 0.8842 -0.4672 -0.0000
vn -0.0182 0.0441 -0.9989
vn 0.0012 0.0153 -0.9999
vn 0.9790 -0.2040 0.0027
vn 0.9865 -0.1636 -0.0000
vn 0.1810 0.0777 -0.9804
vn 0.8049 0.5917 -0.0449
vn 0.5700 0.8204 -0.0451
vn 0.0284 -0.0282 -0.9992
vn 0.6071 0.7947 -0.0000
vn 0.8687 0.4939 -0.0378
vn 0.8858 0.4640 -0.0000
vn 0.4673 0.8832 -0.0387
vn 0.4357 0.9001 0.0003
vn 0.7775 0.6289 -0.0001
vn -0.8731 0.4871 -0.0215
vn -0.5101 -0.2184 0.8319
vn -0.4378 0.3150 0.8421
vn 0.6015 0.7989 -0.0000
vn 0.0127 0.0169 -0.9998
vn 0.2985 0.9534 -0.0447
vn 0.3328 0.9430 -0.0000
vn 0.1604 0.7802 -0.6047
vn -0.3284 -0.0892 -0.9403
vn -0.1392 -0.5292 0.8370
vn 0.2906 -0.4899 0.8219
vn 0.0645 -0.0166 -0.9978
vn 0.9397 0.3389 -0.0453
vn 0.2189 0.3360 -0.9161
vn -0.7515 0.6577 -0.0522
vn -0.3413 0.9399 -0.0000
vn 0.6256 -0.7460 -0.2284
vn 0.3148 -0.9491 -0.0000
vn 0.7199 -0.1999 0.6646
vn -0.1272 0.6879 0.7146
vn 0.2782 0.6582 0.6995
vn 0.3139 0.1658 0.9349
vn 0.0065 0.0193 0.9998
vn 0.0057 -0.0474 0.9989
vn -0.0133 0.1553 0.9878
vn 0.0705 0.3180 0.9455
vn 0.1631 -0.1318 0.9778
vn -0.0383 0.0682 0.9969
vn 0.8199 -0.3069 0.4832
vn 0.1193 -0.0078 0.9928
vn -0.0063 -0.0470 0.9989
vn 0.3452 0.0885 0.9344
vn 0.0163 0.0133 0.9998
vn -0.0096 0.0219 0.9997
vn 0.1561 0.7771 0.6097
vn 0.3718 -0.3436 0.8624
vn -0.0154 -0.1039 0.9945
vn 0.3450 0.2653 0.9003
vn -0.7452 -0.3138 0.5884
vn -0.0035 -0.0024 -1.0000
vn -0.7290 -0.6846 0.0002
vn -0.0256 0.0028 -0.9997
vn -0.0215 0.3829 -0.9235
vn -0.7149 0.6992 0.0001
vn -0.0365 0.0423 -0.9984
vn -0.0014 -0.0010 1.0000
vn 0.0072 -0.0005 1.0000
vn -0.0024 0.0134 0.9999
vn -0.3817 0.5883 0.7129
vn -0.0006 -0.0003 1.0000
vn -0.8914 -0.4531 -0.0124
vn -0.9968 -0.0799 0.0035
vn -0.9933 0.1118 -0.0288
vn -0.9856 -0.1683 0.0141
vn -0.9312 0.3644 0.0128
vn 0.8655 -0.4998 0.0332
vn -0.0007 1.0000 -0.0016
vn 0.8635 0.4982 0.0785
vn 0.0454 0.9984 -0.0329
vn -0.4727 0.8798 0.0507
vn -0.0004 -1.0000 -0.0004
vn 0.1161 0.9932 0.0052
vn -0.4279 0.9038 0.0031
vn -0.2000 0.9797 -0.0140
vn -0.8650 -0.4998 0.0433
vn 0.9962 0.0854 0.0170
vn -0.8673 0.4977 -0.0006
vn 0.9862 -0.1635 0.0252
vn 0.8542 -0.5189 0.0331
vn 0.7775 0.6285 0.0206
vn 0.6068 0.7944 0.0273
vn 0.8737 0.4863 0.0147
vn 0.8754 -0.4823 0.0338
vn 0.9284 0.3716 -0.0003
vn -0.8694 0.4942 0.0042
vn -0.8655 -0.5009 0.0004
vn 0.3020 0.9531 0.0173
vn -0.6970 -0.7171 -0.0058
vn 0.0319 -0.0289 -0.9991
vn 0.0334 -0.0002 -0.9994
vn -0.0420 0.0002 -0.9991
vn 0.7350 -0.6757 -0.0574
vn 0.6337 -0.6790 -0.3706
vn 0.7083 -0.7059 -0.0000
vn 0.0428 -0.0227 -0.9988
vn 0.0281 0.0289 0.9992
vn 0.0201 -0.0026 0.9998
vn -0.0109 -0.0016 0.9999
vn 0.4337 -0.2884 0.8537
vn 0.1102 -0.1752 0.9783
vn -0.0545 0.0018 -0.9985
vn -0.4645 -0.0438 -0.8845
vn 0.1848 0.2112 -0.9598
vn 0.1706 -0.1570 -0.9727
vn -0.0223 -0.0034 -0.9997
vn -0.0398 0.0200 -0.9990
vn 0.0061 0.2824 -0.9593
vn 0.0283 -0.0305 -0.9991
vn 0.0771 0.1326 -0.9882
vn -0.0000 -0.0281 -0.9996
vn 0.2119 -0.2700 -0.9392
vn 0.0283 -0.1188 -0.9925
vn 0.0685 -0.8450 0.5304
vn -0.8235 -0.3520 0.4449
vn -0.0251 -0.0027 -0.9997
vn -0.0784 -0.1639 -0.9834
vn 0.4492 -0.5584 0.6974
vn -0.0034 -0.0237 -0.9997
vn -0.1943 -0.0381 -0.9802
vn 0.1673 0.1827 -0.9688
vn -0.0880 -0.0877 0.9922
vn -0.4731 -0.0565 0.8792
vn -0.9862 -0.1657 0.0004
vn 0.1435 -0.0069 0.9896
vn 0.8131 -0.5821 0.0014
vn -0.7578 0.6420 -0.1169
vn 0.1014 -0.1784 0.9787
vn -0.0239 -0.0063 0.9997
vn -0.9297 0.3682 -0.0009
vn 0.1940 0.0008 0.9810
vn 0.8108 -0.5822 0.0604
vn -0.0255 0.0114 0.9996
vn -0.9846 -0.1749 -0.0001
vn -0.6427 0.7661 -0.0000
vn -0.9480 0.3182 -0.0000
vn 0.2014 0.9784 0.0471
vn -0.1419 -0.9898 0.0105
vn 0.0063 0.1332 0.9911
vn 0.0284 -0.0305 0.9991
vn -0.3429 0.9394 -0.0055
vn 0.0270 0.0201 0.9994
vn 0.8660 -0.5001 -0.0000
vn -0.0000 -0.0269 0.9996
vn 0.2111 -0.2716 0.9390
vn -0.0040 -1.0000 0.0081
vn 0.0051 -1.0000 -0.0018
vn 0.0284 -0.1192 0.9925
vn 0.4247 -0.2519 -0.8696
vn 0.6363 -0.7564 -0.1514
vn 0.6576 0.1530 -0.7376
vn -0.1040 0.9946 -0.0020
vn 0.3519 -0.9360 -0.0000
vn -0.0282 0.1834 -0.9826
vn -0.2578 0.9578 -0.1273
vn -0.9994 0.0324 0.0073
vn -0.7892 0.6136 0.0246
vn 0.9943 -0.1062 0.0033
vn 0.7993 -0.6009 -0.0054
vn 0.2713 -0.0863 -0.9586
vn -0.7673 -0.6412 0.0119
vn -0.6763 -0.7364 0.0186
vn 0.7452 0.6603 -0.0934
vn 0.7121 0.6957 -0.0941
vn -0.7094 -0.6603 0.2466
vn 0.2741 -0.4103 -0.8698
vn 0.1102 -0.1815 -0.9772
vn 0.2925 0.9561 -0.0151
vn -0.1033 -0.9935 0.0486
vn 0.2328 0.9652 -0.1194
vn 0.1368 0.3078 -0.9416
vn 0.3090 -0.3466 -0.8857
vn 0.9713 0.2377 0.0011
vn -0.9962 -0.0867 0.0006
vn -0.6936 -0.2273 0.6836
vn 0.9735 0.1972 -0.1157
vn 0.4177 0.0933 -0.9038
vn -1.0000 -0.0070 -0.0000
vn 0.5698 0.8157 -0.0994
vn 0.9793 -0.2024 -0.0002
vn -0.9991 0.0429 -0.0001
vn -0.8072 0.5903 -0.0020
vn -0.7935 -0.6067 0.0473
vn -0.6537 -0.7554 0.0458
vn 0.9682 0.2500 0.0003
vn -0.9896 -0.1289 0.0632
vn 0.2887 0.9572 0.0199
vn -0.1844 -0.9816 0.0499
vn -0.5155 -0.0391 -0.8560
vn -0.1481 0.9890 -0.0000
vn 0.8087 0.5883 -0.0000
vn -0.0004 -1.0000 -0.0002
vn 0.4650 0.8853 -0.0008
vn -0.6021 -0.7984 0.0053
vn -0.0300 0.0215 0.9993
vn 0.0049 -0.9998 0.0192
vn 0.5005 0.8657 0.0038
vn -0.0785 -0.1676 0.9827
vn -0.6522 -0.7560 0.0555
vn 0.0546 0.4053 -0.9125
vn -0.5279 0.8490 0.0233
vn 0.3708 -0.9287 -0.0010
vn 0.4819 -0.5151 0.7088
vn -0.5080 0.8613 -0.0005
vn -0.2637 0.3073 -0.9143
vn -0.5887 -0.8030 -0.0923
vn -0.4501 0.8885 -0.0890
vn 0.5080 -0.8613 -0.0004
vn 0.1772 -0.2306 -0.9568
vn -0.6046 0.7965 -0.0000
vn 0.8693 0.4942 0.0014
vn -0.8416 -0.5299 -0.1045
vn 0.0205 -0.0308 0.9993
vn 0.8682 0.4944 0.0420
vn 0.0352 -0.1803 -0.9830
vn -0.8106 0.5852 0.0207
vn -0.0089 0.5939 0.8045
vn -0.7469 -0.6599 -0.0816
vn 0.2520 -0.5126 -0.8208
vn 0.4430 0.5553 0.7038
vn -0.2353 -0.3055 -0.9226
vn 0.2185 0.1098 -0.9696
vn 0.2176 0.1086 0.9700
vn 0.8644 -0.5027 0.0119
vn 0.8667 0.4987 0.0036
vn 0.8659 -0.5002 0.0006
vn 0.0039 -0.0374 -0.9993
vn -0.0493 0.0030 -0.9988
vn -0.0029 -0.0017 -1.0000
vn -0.0481 -0.0770 -0.9959
vn 0.0269 -0.0155 -0.9995
vn 0.0168 -0.0338 0.9993
vn -0.0237 0.0180 0.9996
vn -0.0077 -0.1060 0.9943
vn -0.0327 -0.0055 0.9995
vn 0.0430 0.0760 0.9962
vn -0.8628 -0.5054 -0.0059
vn -0.8715 -0.4903 0.0013
vn 0.6223 0.0387 0.7818
vn -0.8661 0.4999 -0.0000
vn 0.6734 -0.1561 0.7226
vn -0.0000 -1.0000 -0.0005
vn 0.0729 0.6384 0.7663
vn -0.0040 -1.0000 -0.0078
vn 0.8694 -0.4941 -0.0055
vn 0.0051 -1.0000 0.0018
vn -0.2922 0.6371 0.7133
vn 0.4695 -0.4953 0.7309
vn 0.2507 -0.6639 0.7045
vn -0.6813 0.1197 0.7221
vn -0.6483 0.3648 0.6682
vn -0.6835 -0.0966 0.7235
vn -0.0922 -0.7335 0.6734
vn -0.5370 -0.1931 0.8212
vn -0.2043 -0.7943 0.5722
vn -0.8662 -0.4998 0.0001
vn 0.4922 0.2861 0.8221
vn -0.5080 0.3961 0.7649
vn 0.0057 -0.9998 -0.0196
vn 0.5395 0.4939 0.6819
vn 0.4803 -0.5102 0.7134
vn 0.8768 -0.4808 0.0007
vn 0.8659 0.5002 -0.0000
vn 0.8658 0.5004 -0.0001
vn 0.8822 0.4704 -0.0201
vn 0.8660 -0.5001 -0.0003
vn 0.1450 0.3917 -0.9086
vn -0.0806 0.5862 -0.8061
vn -0.8666 0.4990 -0.0000
vn 0.8655 0.5010 -0.0000
vn 0.1416 0.3857 0.9117
vn -0.0021 1.0000 -0.0000
vn -0.0054 1.0000 0.0071
vn 0.0063 1.0000 0.0007
vn -0.0001 1.0000 -0.0000
vn -0.0809 0.5939 0.8004
vn 0.8558 0.5172 0.0076
vn -0.8849 0.4657 -0.0088
vn -0.8556 0.5176 -0.0058
vn 0.8750 0.4840 -0.0076
vn -0.0055 1.0000 -0.0067
vn 0.0062 1.0000 -0.0006
vn 0.8561 0.5167 -0.0069
vn -0.0162 0.0113 -0.9998
vn 0.0962 -0.1607 -0.9823
vn -0.1145 -0.0152 -0.9933
vn -0.6715 -0.1694 -0.7214
vn 0.1485 -0.0694 -0.9865
vn 0.0174 0.0183 0.9997
vn -0.8632 0.5049 0.0056
vn 0.0255 -0.0492 0.9985
vn -0.1066 -0.0087 0.9943
vn -0.0118 -0.0409 0.9991
vn 0.0405 -0.0187 0.9990
vn -0.8659 0.5003 -0.0001
vn 0.8660 0.5000 -0.0007
vn 0.1598 0.2001 -0.9666
vn 0.1589 0.1977 0.9673
vn -0.8052 -0.5914 -0.0449
vn 0.0278 -0.0277 -0.9992
vn -0.7778 -0.6286 -0.0000
vn -0.6067 -0.7950 0.0002
vn -0.4678 -0.8830 -0.0387
vn -0.4362 -0.8999 0.0003
vn -0.9921 -0.1255 -0.0017
vn -0.9963 -0.0854 -0.0000
vn -0.9110 0.4102 -0.0421
vn -0.8945 0.4471 -0.0000
vn -0.0612 -0.0093 -0.9981
vn 0.8705 0.4920 0.0139
vn 0.0076 0.0962 -0.9953
vn -0.0888 -0.0819 -0.9927
vn -0.4046 0.4625 -0.7889
vn -0.9790 0.2040 0.0027
vn -0.0655 0.0406 -0.9970
vn -0.9865 0.1636 -0.0000
vn -0.8844 0.4667 -0.0000
vn 0.0196 0.0653 -0.9977
vn -0.1494 -0.9888 -0.0000
vn -0.0927 -0.9942 -0.0542
vn -0.0928 -0.9957 -0.0000
vn -0.0006 -0.0000 -1.0000
vn 0.5276 -0.8494 -0.0154
vn 0.0840 0.0006 -0.9965
vn 0.4733 -0.8809 -0.0000
vn 0.1820 -0.9833 0.0006
vn 0.2000 -0.9798 -0.0000
vn -0.0075 -0.0086 -0.9999
vn -0.0000 1.0000 -0.0001
vn -0.1026 -0.2936 -0.9504
vn 0.3924 -0.9197 -0.0117
vn 0.4279 -0.9038 -0.0000
vn 0.0001 -0.0004 -1.0000
vn 0.9849 -0.1730 -0.0000
vn 0.3433 0.9392 -0.0000
vn 0.2336 0.3154 0.9197
vn 0.0011 -0.9994 0.0359
vn -0.8757 0.4827 -0.0098
vn 0.0009 0.0007 1.0000
vn -0.3286 0.3550 0.8752
vn -0.0011 -1.0000 0.0024
vn 0.2922 -0.4616 0.8376
vn -0.8633 -0.5045 -0.0125
vn -0.4045 -0.3071 0.8614
vn -0.3341 -0.9425 -0.0004
vn -0.0341 0.0030 -0.9994
vn -0.3728 -0.3979 -0.8383
vn 0.5287 -0.2315 0.8166
vn -0.9397 -0.3389 -0.0453
vn -0.0090 -0.0389 -0.9992
vn -0.7393 -0.1359 -0.6595
vn -0.0533 -0.2603 -0.9640
vn 0.1151 0.4049 0.9071
vn -0.8662 0.4996 0.0048
vn -0.2371 0.4048 0.8831
vn -0.6257 0.7458 -0.2284
vn -0.5890 0.7760 -0.2258
vn 0.1775 0.1891 0.9658
vn 0.0433 -0.0440 0.9981
vn -0.0032 -0.0015 1.0000
vn -0.2981 -0.0865 0.9506
vn -0.5552 0.5308 0.6404
vn 0.0300 -0.0173 0.9994
vn -0.0786 0.0587 0.9952
vn -0.0520 0.0036 0.9986
vn 0.1614 -0.1841 0.9696
vn 0.0672 0.0041 0.9977
vn -0.0605 -0.3588 0.9315
vn 0.0867 -0.1534 0.9844
vn 0.2054 -0.5030 0.8395
vn -0.3380 0.1548 0.9283
vn -0.6075 -0.6019 -0.5183
vn -0.1477 -0.9149 0.3757
vn -0.8580 -0.2420 0.4530
vn -0.0310 0.0034 0.9995
vn -0.3574 -0.4532 0.8167
vn 0.3312 -0.2306 -0.9150
vn -0.0072 -0.0382 0.9992
vn -0.6251 -0.1164 0.7718
vn 0.0007 0.0004 1.0000
vn 0.4372 0.5427 0.7171
vn 0.7909 -0.6115 -0.0244
vn 0.7794 -0.6266 -0.0000
vn 0.9857 -0.1625 -0.0451
vn 0.9936 0.1080 -0.0337
vn 0.9647 -0.0688 -0.2542
vn 0.9963 -0.0862 -0.0018
vn 0.9929 -0.1186 -0.0000
vn 0.9947 0.1030 -0.0010
vn 0.8984 0.4393 -0.0005
vn 0.9887 0.1424 -0.0467
vn 0.9862 0.1655 -0.0000
vn 0.9247 -0.3738 -0.0729
vn 0.9312 -0.3644 -0.0000
vn 0.9953 -0.0715 0.0659
vn 0.7076 -0.7065 -0.0141
vn 0.3970 0.0058 -0.9178
vn 0.7148 -0.6994 -0.0000
vn 0.0327 0.0072 -0.9994
vn 0.7289 0.6846 -0.0000
vn 0.0269 -0.0325 -0.9991
vn 0.1345 0.0703 -0.9884
vn 0.6513 -0.3415 0.6776
vn 0.0013 0.0207 0.9998
vn -0.0080 -0.0024 1.0000
vn 0.2133 -0.1511 0.9652
vn -0.7775 -0.6285 0.0201
vn -0.5695 -0.8220 -0.0010
vn -0.8869 -0.4620 0.0006
vn -0.9962 -0.0854 0.0170
vn 0.8650 0.4998 0.0433
vn -0.9861 0.1635 0.0309
vn 0.8674 -0.4977 -0.0006
vn -0.0928 -0.9954 0.0237
vn -0.0038 1.0000 0.0032
vn 0.5205 -0.8537 0.0157
vn 0.4279 -0.9038 0.0031
vn 0.1756 -0.9845 0.0019
vn -0.0232 -0.9995 0.0220
vn -0.8655 0.4996 0.0368
vn -0.8634 -0.4987 0.0768
vn -0.9284 -0.3716 -0.0003
vn 0.8064 0.5897 0.0433
vn 0.8647 -0.5024 -0.0012
vn 0.9904 -0.1380 0.0039
vn 0.8911 0.4536 -0.0131
vn 0.9854 0.1695 0.0133
vn 0.9312 -0.3644 0.0128
vn 0.7075 -0.7067 0.0065
vn -0.6077 0.7942 -0.0001
vn -0.2396 0.9700 -0.0418
vn 0.0489 0.8608 -0.5066
vn -0.1989 0.9800 -0.0000
vn -0.0893 0.9960 -0.0007
vn 0.2470 0.9676 -0.0524
vn 0.4177 0.9066 -0.0602
vn 0.4710 0.8821 -0.0001
vn 0.0175 0.8525 -0.5224
vn 0.2021 0.9794 -0.0000
vn 0.1943 0.9809 0.0011
vn -0.3516 0.9330 -0.0763
vn -0.3527 0.9357 -0.0000
vn -0.0148 0.9411 0.3379
vn 0.0842 0.9803 0.1786
vn 0.4220 0.9061 0.0304
vn 0.1247 0.9922 0.0046
vn -0.3525 0.9352 0.0332
vn -0.7349 0.6757 -0.0573
vn -0.1598 0.1596 -0.9742
vn -0.7083 0.7059 -0.0000
vn -0.0036 0.0237 -0.9997
vn 0.6970 0.7171 -0.0058
vn -0.0001 -0.0000 -1.0000
vn 0.0093 0.0250 -0.9996
vn 0.2283 0.2742 -0.9342
vn -0.3064 0.4521 0.8377
vn -0.0026 0.0140 0.9999
vn -0.0045 0.0079 1.0000
vn 0.0030 0.0069 1.0000
vn 0.0084 0.0149 0.9999
vn -0.0127 -0.1249 -0.9921
vn 0.2029 -0.2296 -0.9519
vn 0.0327 -0.1490 -0.9883
vn -0.1386 -0.2663 -0.9539
vn -0.8666 -0.4990 -0.0000
vn -0.0127 -0.1266 0.9919
vn 0.2062 -0.2373 0.9493
vn 0.0322 -0.0000 0.9995
vn -0.0021 -1.0000 -0.0000
vn -0.0054 -1.0000 0.0071
vn 0.0063 -1.0000 0.0007
vn -0.1366 -0.2727 0.9523
vn 0.8558 -0.5173 0.0078
vn -0.8855 -0.4646 -0.0093
vn -0.8553 -0.5181 -0.0061
vn 0.8750 -0.4840 -0.0079
vn -0.0055 -1.0000 -0.0067
vn 0.0062 -1.0000 -0.0006
vn 0.8561 -0.5167 -0.0070
vn -0.0252 -0.0385 -0.9989
vn 0.3382 0.0043 -0.9410
vn 0.1400 0.2639 -0.9543
vn -0.0018 0.0372 -0.9993
vn -0.1793 0.3716 -0.9109
vn -0.0724 0.0777 -0.9943
vn -0.2894 -0.1918 -0.9378
vn 0.1414 -0.1910 -0.9713
vn -0.1532 -0.0519 -0.9868
vn -0.3909 -0.2515 -0.8854
vn 0.0064 0.0354 -0.9994
vn 0.1520 0.3781 -0.9132
vn 0.0067 0.0281 -0.9996
vn 0.0595 0.2057 -0.9768
vn 0.1653 -0.1868 -0.9684
vn -0.0166 0.0354 -0.9992
vn 0.1908 -0.1714 -0.9665
vn -0.0293 0.0159 -0.9994
vn -0.5311 -0.4555 0.7144
vn 0.5181 -0.5846 0.6244
vn 0.8131 0.5821 0.0014
vn -0.7578 -0.6420 -0.1169
vn 0.0226 -0.0451 0.9987
vn -0.9862 0.1657 0.0004
vn 0.1925 -0.0402 0.9805
vn -0.9297 -0.3683 -0.0009
vn 0.1102 0.0517 0.9926
vn 0.8108 0.5822 0.0604
vn -0.0851 0.0004 0.9964
vn -0.6427 -0.7661 -0.0000
vn -0.9846 0.1749 -0.0001
vn -0.9480 -0.3182 -0.0000
vn 0.0090 -0.0091 0.9999
vn -0.1679 0.3613 0.9172
vn 0.3523 0.9359 -0.0002
vn -0.1040 -0.9946 -0.0020
vn -0.1070 -0.2842 -0.9528
vn -0.2578 -0.9578 -0.1273
vn 0.4247 0.2519 -0.8696
vn 0.6363 0.7564 -0.1514
vn 0.3133 0.2079 -0.9266
vn -0.7676 0.6409 0.0114
vn -0.6770 0.7357 0.0180
vn 0.7444 -0.6612 -0.0927
vn 0.7130 -0.6949 -0.0933
vn -0.0825 0.0803 0.9934
vn -0.9997 -0.0257 -0.0035
vn -0.7895 -0.6133 0.0246
vn 0.9907 0.0699 -0.1170
vn 0.7987 0.6017 -0.0051
vn 0.4340 0.0385 -0.9001
vn -0.1032 0.9935 0.0486
vn 0.2925 -0.9561 -0.0151
vn 0.2328 -0.9652 -0.1194
vn 0.0922 -0.3754 -0.9223
vn 0.2823 0.4025 -0.8708
vn 0.2405 0.1024 -0.9652
vn 0.4183 0.2413 -0.8757
vn 0.9662 -0.2579 0.0004
vn -0.9861 0.1647 0.0230
vn -0.6796 0.2362 0.6945
vn 0.9518 -0.3066 0.0053
vn 0.3214 -0.1220 -0.9391
vn -1.0000 0.0003 0.0009
vn 0.5698 -0.8157 -0.0994
vn -0.7935 0.6067 0.0481
vn -0.6537 0.7553 0.0464
vn 0.9785 0.2061 -0.0006
vn -0.9983 -0.0265 0.0519
vn -0.8041 -0.5945 -0.0022
vn 0.9628 -0.2701 0.0008
vn -0.9545 0.2983 0.0041
vn -0.1844 0.9816 0.0499
vn 0.2887 -0.9572 0.0199
vn -0.5373 0.0034 -0.8434
vn -0.1481 -0.9890 -0.0000
vn 0.6385 -0.7696 -0.0000
vn 0.8087 -0.5883 -0.0000
vn 0.2002 -0.9786 0.0473
vn -0.1420 0.9898 0.0105
vn -0.0360 -0.0906 0.9952
vn -0.0596 -0.0093 0.9982
vn -0.3424 -0.9395 -0.0046
vn -0.0422 -0.0907 0.9950
vn 0.0064 0.0342 0.9994
vn 0.1532 0.3761 0.9138
vn -0.0039 1.0000 0.0082
vn 0.0051 1.0000 -0.0019
vn 0.0064 0.0269 0.9996
vn 0.3698 0.9291 -0.0010
vn -0.5284 -0.8487 0.0233
vn 0.4457 0.5608 0.6978
vn -0.5080 -0.8613 -0.0005
vn -0.2378 -0.3579 -0.9030
vn -0.6522 0.7560 0.0555
vn 0.1893 -0.2348 -0.9534
vn 0.5080 0.8613 -0.0004
vn -0.4501 -0.8885 -0.0890
vn -0.5887 0.8030 -0.0923
vn -0.0020 0.4059 -0.9139
vn -0.6046 -0.7965 -0.0000
vn 0.4650 -0.8853 -0.0008
vn -0.6021 0.7984 0.0053
vn 0.1220 -0.1024 0.9872
vn -0.0004 1.0000 -0.0004
vn 0.5005 -0.8657 0.0038
vn 0.0051 0.9998 0.0203
vn -0.0164 0.0342 0.9993
vn 0.8693 -0.4942 0.0014
vn -0.8416 0.5299 -0.1045
vn 0.1032 -0.1252 0.9868
vn 0.8682 -0.4944 0.0420
vn -0.0293 0.0159 0.9994
vn -0.0196 0.1532 -0.9880
vn -0.8089 -0.5876 0.0210
vn -0.1989 -0.0295 0.9796
vn -0.7469 0.6599 -0.0816
vn 0.1136 0.1762 -0.9778
vn -0.7804 0.6253 -0.0000
vn 0.5290 -0.4709 0.7060
vn -0.2972 0.2420 -0.9236
vn 0.1895 -0.0419 -0.9810
vn 0.3769 -0.0638 -0.9241
vn 0.8656 -0.5007 -0.0003
vn 0.1899 -0.0420 0.9809
vn 0.3789 -0.0641 0.9232
vn 0.8657 -0.5006 0.0001
vn 0.8659 -0.5002 0.0004
vn 0.8641 0.5031 0.0128
vn 0.8660 0.5001 0.0002
vn 0.1372 0.1059 -0.9849
vn -0.0470 0.0059 -0.9989
vn -0.0031 0.0005 -1.0000
vn -0.0259 -0.0886 -0.9957
vn 0.1534 -0.0888 0.9842
vn -0.0306 -0.0113 0.9995
vn -0.0235 0.0206 0.9995
vn 0.0283 0.0262 0.9993
vn 0.6223 -0.0387 0.7818
vn -0.8661 -0.4999 -0.0000
vn 0.6734 0.1561 0.7226
vn -0.8628 0.5054 -0.0058
vn -0.8711 0.4912 0.0009
vn 0.4695 0.4953 0.7309
vn 0.2507 0.6639 0.7045
vn -0.0923 0.7334 0.6735
vn -0.7310 -0.1270 0.6704
vn 0.7370 -0.0776 -0.6714
vn -0.6470 -0.3649 0.6695
vn -0.5563 0.2032 0.8057
vn -0.2041 0.7944 0.5721
vn 0.0729 -0.6384 0.7663
vn -0.0041 1.0000 -0.0078
vn 0.8694 0.4941 -0.0056
vn -0.2920 -0.6377 0.7128
vn 0.0051 1.0000 0.0017
vn -0.8662 0.4998 0.0001
vn 0.4922 -0.2861 0.8221
vn -0.5077 -0.3960 0.7651
vn 0.4803 0.5102 0.7134
vn 0.5395 -0.4939 0.6819
vn 0.0059 0.9998 -0.0195
vn 0.8660 -0.5000 -0.0010
vn 0.8762 0.4820 0.0012
vn 0.8815 -0.4718 -0.0176
vn 0.8660 0.5001 -0.0003
vn 0.0340 -0.0574 -0.9978
vn -0.0463 0.1131 -0.9925
vn 0.0923 -0.1575 -0.9832
vn 0.0170 0.0579 -0.9982
vn -0.0320 -0.0334 -0.9989
vn -0.8634 -0.5045 0.0051
vn -0.0076 0.0184 0.9998
vn 0.0956 -0.1602 0.9824
vn 0.0079 0.0271 0.9996
vn -0.0278 0.0046 0.9996
vn 0.8665 -0.4992 0.0003
vn -0.8659 -0.5003 -0.0001
vn 0.8652 -0.5014 -0.0014
vn 0.2203 -0.1453 -0.9645
vn 0.2186 -0.1485 0.9645
vn -0.6077 -0.7942 -0.0000
vn -0.2382 -0.9703 -0.0412
vn -0.0639 -0.6989 -0.7124
vn -0.1982 -0.9802 0.0004
vn -0.0922 -0.9957 -0.0004
vn 0.2470 -0.9676 -0.0524
vn 0.4236 -0.9038 -0.0604
vn 0.4665 -0.8845 -0.0000
vn 0.1464 -0.6997 -0.6993
vn 0.2019 -0.9794 -0.0000
vn -0.3516 -0.9330 -0.0763
vn -0.3527 -0.9357 -0.0000
vn -0.0780 -0.8827 0.4634
vn 0.3563 -0.8639 0.3559
vn 0.4245 -0.9049 0.0306
vn 0.1247 -0.9922 0.0046
vn -0.3525 -0.9352 0.0332
vn -0.9111 -0.4100 -0.0421
vn -0.9921 0.1255 -0.0017
vn -0.9963 0.0854 -0.0000
vn -0.2625 0.2262 -0.9380
vn -0.0637 0.0112 -0.9979
vn 0.8707 -0.4916 0.0146
vn -0.7177 -0.2503 -0.6498
vn 0.0182 0.0441 -0.9989
vn -0.9790 -0.2040 0.0027
vn -0.0012 0.0153 -0.9999
vn -0.9865 -0.1636 -0.0000
vn -0.8946 -0.4469 -0.0001
vn -0.8843 -0.4669 -0.0001
vn -0.1810 0.0777 -0.9804
vn -0.8049 0.5917 -0.0449
vn -0.0284 -0.0283 -0.9992
vn -0.7777 0.6287 -0.0000
vn -0.8868 0.4622 0.0003
vn -0.4680 0.8829 -0.0387
vn -0.4365 0.8997 -0.0000
vn -0.6069 0.7948 0.0001
vn 0.8105 0.5858 -0.0000
vn 0.9479 -0.3186 -0.0000
vn 0.3434 -0.9392 -0.0000
vn 0.0010 0.9994 0.0345
vn 0.3407 -0.4394 0.8312
vn -0.0001 -0.0001 -1.0000
vn -0.8706 -0.4919 -0.0039
vn -0.0010 1.0000 0.0023
vn -0.4211 -0.2379 0.8752
vn 0.1591 0.3744 0.9135
vn -0.8607 0.5085 -0.0259
vn -0.3841 0.3219 0.8654
vn -0.1494 0.9888 -0.0000
vn -0.0927 0.9942 -0.0542
vn -0.0928 0.9957 -0.0000
vn 0.5276 0.8494 -0.0154
vn -0.0593 0.1332 -0.9893
vn 0.4733 0.8809 -0.0000
vn -0.0000 -1.0000 -0.0000
vn 0.1832 0.9831 0.0006
vn 0.2000 0.9798 -0.0000
vn -0.0001 0.0004 -1.0000
vn 0.3906 0.9205 -0.0126
vn 0.4279 0.9038 -0.0000
vn 0.0002 0.0003 -1.0000
vn 0.5280 -0.1952 0.8265
vn 0.4514 0.3038 0.8390
vn -0.0127 0.0169 -0.9998
vn -0.3328 0.9430 -0.0005
vn -0.1607 0.7811 -0.6034
vn -0.9400 0.3382 -0.0453
vn -0.0645 -0.0166 -0.9978
vn -0.9281 0.3723 -0.0000
vn -0.2200 0.3379 -0.9151
vn 0.3283 -0.0886 -0.9404
vn 0.1603 -0.5406 0.8259
vn -0.8665 -0.4991 0.0026
vn -0.2892 -0.4965 0.8184
vn -0.6257 -0.7458 -0.2284
vn -0.5890 -0.7760 -0.2258
vn -0.1645 -0.1377 0.9767
vn 0.0209 0.0765 0.9968
vn -0.8226 -0.3118 0.4756
vn -0.0795 -0.0046 0.9968
vn 0.0048 -0.0301 0.9995
vn -0.2590 0.0709 0.9633
vn -0.0163 0.0133 0.9998
vn 0.0985 0.6904 0.7167
vn -0.8462 -0.1818 0.5010
vn -0.2483 0.6666 0.7029
vn -0.3131 0.1601 0.9361
vn -0.0057 -0.0448 0.9990
vn -0.0053 0.0160 0.9999
vn 0.0166 0.1638 0.9864
vn -0.0493 0.2554 0.9656
vn 0.0096 0.0219 0.9997
vn -0.1508 0.7713 0.6183
vn 0.0154 -0.1039 0.9945
vn -0.3447 0.2642 0.9008
vn -0.3684 -0.3543 0.8595
vn 0.7466 -0.3141 0.5865
vn 0.8979 -0.4402 -0.0000
vn 0.9936 -0.1080 -0.0337
vn 0.9854 0.1640 -0.0463
vn 0.9187 0.1170 -0.3772
vn 0.9964 0.0847 -0.0022
vn 0.9941 -0.1081 -0.0000
vn 0.9936 0.1128 -0.0000
vn 0.9887 -0.1424 -0.0467
vn 0.9862 -0.1655 -0.0000
vn 0.7901 0.6125 -0.0233
vn 0.7791 0.6269 -0.0000
vn 0.9251 0.3727 -0.0725
vn 0.9314 0.3641 -0.0000
vn 0.0042 -0.0028 -1.0000
vn 0.0256 0.0028 -0.9997
vn 0.7286 -0.6849 -0.0000
vn 0.7080 0.7061 -0.0140
vn 0.0213 0.3836 -0.9233
vn 0.7149 0.6993 -0.0000
vn 0.0365 0.0423 -0.9984
vn 0.0011 -0.0007 1.0000
vn 0.0012 0.0001 1.0000
vn -0.0002 -0.0013 1.0000
vn 0.3811 0.5868 0.7145
vn 0.0006 -0.0003 1.0000
vn -0.9962 0.0854 0.0170
vn 0.8650 -0.4998 0.0433
vn -0.9861 -0.1635 0.0309
vn 0.8677 0.4971 -0.0000
vn -0.7775 0.6285 0.0206
vn -0.5703 0.8214 -0.0004
vn -0.0268 0.9993 0.0259
vn -0.8654 -0.4998 0.0369
vn -0.8632 0.4986 0.0792
vn -0.0038 -1.0000 0.0032
vn -0.0928 0.9955 0.0173
vn 0.5244 0.8514 0.0129
vn 0.4279 0.9038 0.0002
vn 0.1802 0.9836 -0.0004
vn 0.8646 0.5024 -0.0013
vn 0.8064 -0.5897 0.0433
vn 0.8920 -0.4518 -0.0129
vn 0.9958 -0.0917 -0.0051
vn 0.9904 0.1382 0.0038
vn 0.9861 -0.1654 0.0137
vn 0.9313 0.3640 0.0125
vn 0.7079 0.7063 0.0064
vn -0.7348 -0.6759 -0.0573
vn -0.6337 -0.6794 -0.3698
vn -0.7086 -0.7056 0.0001
vn -0.0334 -0.0001 -0.9994
vn -0.0313 -0.0288 -0.9991
vn 0.7025 -0.7116 -0.0000
vn 0.0420 0.0002 -0.9991
vn -0.0428 -0.0228 -0.9988
vn -0.4331 -0.2877 0.8542
vn -0.0200 -0.0026 0.9998
vn -0.0282 0.0291 0.9992
vn 0.0109 -0.0015 0.9999
vn -0.1101 -0.1748 0.9784
vn -0.8073 0.5901 -0.0002
vn -0.8075 -0.5898 -0.0002
vn -0.8115 0.5844 -0.0000
vn -0.9482 -0.3177 0.0001
vn 0.3415 -0.9399 -0.0000
vn 0.8105 -0.5857 -0.0000
vn 0.6389 0.7693 -0.0001
vn 0.9483 0.3173 0.0001
vn -0.7804 -0.6253 -0.0000
vn 0.7822 -0.6230 -0.0000
vn -0.6022 -0.7984 -0.0000
vn 0.9849 0.1730 -0.0000
vn 0.3413 0.9400 -0.0000
vn 0.7822 0.6231 0.0002
vn -0.6022 0.7984 -0.0000
vn -0.1918 0.0441 -0.9804
vn -0.3698 0.0584 -0.9273
vn -0.1877 0.0368 0.9815
vn -0.8659 0.5002 0.0001
vn -0.8639 0.5037 -0.0000
vn -0.3969 0.0774 0.9146
vn -0.8753 -0.4836 -0.0018
vn -0.8815 0.4713 0.0278
vn 0.2028 0.0745 -0.9764
vn -0.1970 0.3908 -0.8992
vn 0.4591 0.4025 -0.7919
vn -0.1513 -0.3795 -0.9127
vn -0.0074 -0.0354 -0.9993
vn -0.0064 -0.0269 -0.9996
vn 0.1071 -0.0735 -0.9915
vn 0.4370 0.1176 -0.8918
vn 0.0017 -0.0381 -0.9993
vn 0.1770 -0.3677 -0.9130
vn -0.4489 0.2594 -0.8551
vn 0.0238 0.0376 -0.9990
vn -0.1949 -0.3352 -0.9218
vn 0.0563 0.0008 -0.9984
vn -0.2298 0.2506 -0.9404
vn 0.0166 -0.0354 -0.9992
vn -0.1279 -0.2400 -0.9623
vn 0.6671 0.1357 0.7325
vn -0.2540 0.2363 -0.9379
vn 0.0280 -0.0154 -0.9995
vn -0.7018 0.0754 -0.7084
vn 0.0710 0.0145 0.9974
vn -0.1756 0.9845 0.0025
vn 0.1556 -0.9738 -0.1656
vn 0.0066 0.1156 0.9933
vn 0.4142 0.9102 -0.0000
vn -0.3367 -0.9274 -0.1631
vn 0.0611 0.0965 0.9935
vn -0.1528 -0.3768 0.9136
vn -0.0085 -0.0354 0.9993
vn 0.0035 -0.9999 0.0101
vn -0.0000 -1.0000 0.0006
vn -0.0052 -1.0000 -0.0025
vn -0.0061 -0.0257 0.9997
vn 0.9980 0.0474 -0.0414
vn 0.5543 0.8317 0.0317
vn -0.9831 -0.1751 -0.0529
vn -0.6528 -0.7493 -0.1112
vn -0.3771 -0.0542 -0.9246
vn 0.7929 -0.6080 0.0403
vn 0.6525 -0.7570 0.0332
vn -0.6385 0.7696 0.0086
vn -0.7105 0.6994 -0.0772
vn 0.0825 -0.0804 0.9933
vn -0.4620 -0.2926 -0.8372
vn -0.6456 -0.7511 -0.1381
vn -0.3179 -0.2071 -0.9252
vn 0.1004 0.9949 -0.0001
vn -0.2050 -0.9788 -0.0010
vn 0.1992 0.9510 -0.2364
vn 0.1952 0.9492 -0.2468
vn -0.2671 -0.4343 -0.8602
vn -0.2358 -0.1145 -0.9650
vn -0.2906 0.9567 -0.0138
vn -0.1987 -0.9801 -0.0054
vn -0.3405 0.9339 -0.1092
vn -0.0735 0.4029 -0.9123
vn 0.9912 -0.1289 -0.0283
vn -0.9674 0.2512 -0.0322
vn 0.6572 -0.2767 0.7011
vn -0.4113 -0.2472 -0.8773
vn -0.9482 0.3177 0.0047
vn -0.3161 0.1163 -0.9416
vn 0.9924 0.1089 0.0571
vn -0.9937 -0.0972 -0.0555
vn 0.4786 0.8695 0.1221
vn 0.7562 -0.6542 0.0139
vn 0.6542 -0.7542 0.0565
vn -0.8506 0.5173 0.0942
vn 0.3028 -0.8675 0.3947
vn 0.9804 -0.1968 0.0048
vn -0.9747 0.2164 -0.0560
vn -0.2876 0.9575 0.0241
vn 0.1811 -0.9758 0.1227
vn 0.5735 0.0126 -0.8191
vn -0.6388 0.7694 -0.0000
vn -0.8087 0.5883 -0.0000
vn -0.0090 0.0091 0.9999
vn 0.1703 -0.3635 0.9159
vn 0.9726 -0.1730 -0.1555
vn -0.2080 -0.0092 0.9781
vn 0.1508 0.9885 0.0058
vn 0.6399 0.7611 -0.1063
vn -0.0227 0.0446 0.9987
vn 0.9364 0.3149 -0.1550
vn -0.1139 -0.0748 0.9907
vn -0.8730 -0.4874 0.0184
vn 0.0845 0.0007 0.9964
vn 0.9846 -0.1750 -0.0001
vn 0.9479 0.3187 -0.0000
vn 0.4169 -0.9089 0.0040
vn -0.1742 0.1308 0.9760
vn -0.0018 -0.9997 0.0227
vn -0.0115 0.9999 -0.0033
vn 0.0169 -0.0354 0.9992
vn 0.4575 -0.8864 -0.0707
vn -0.1138 0.3774 -0.9190
vn -0.9060 0.4088 -0.1100
vn 0.6457 0.7636 -0.0003
vn 0.4261 0.5631 -0.7081
vn 0.1412 0.9899 -0.0129
vn 0.1644 0.3157 -0.9345
vn 0.4529 -0.8867 0.0931
vn 0.2331 0.9330 0.2743
vn -0.1377 -0.9904 -0.0148
vn 0.6127 -0.3895 -0.6876
vn 0.5039 0.8637 0.0002
vn -0.0325 -0.2458 -0.9688
vn -0.7712 -0.6169 -0.1573
vn 0.2686 0.0156 0.9631
vn 0.8859 -0.4539 0.0959
vn -0.1405 -0.3291 -0.9338
vn 0.7749 -0.6209 -0.1187
vn -0.1336 0.1846 0.9737
vn -0.8731 0.4626 0.1540
vn 0.0280 -0.0154 0.9995
vn 0.7804 -0.6252 -0.0000
vn -0.4683 0.5310 0.7063
vn 0.2845 -0.2554 -0.9240
vn 0.0842 0.0049 -0.9964
vn -0.1382 -0.1068 -0.9846
vn 0.0045 -0.0017 -1.0000
vn 0.0421 0.1205 -0.9918
vn 0.0325 -0.0046 0.9995
vn -0.1530 0.0849 0.9846
vn 0.0226 -0.0146 0.9996
vn 0.0242 0.0165 0.9996
vn -0.8645 -0.5025 -0.0099
vn -0.8662 0.4998 0.0003
vn -0.8658 -0.5003 -0.0001
vn 0.0044 -1.0000 -0.0066
vn -0.1439 0.9889 0.0375
vn -0.0051 -1.0000 0.0014
vn 0.4142 0.9101 0.0077
vn 0.7087 0.1957 0.6778
vn 0.6891 0.5935 0.4158
vn 0.6329 -0.7733 0.0371
vn 0.3474 -0.6498 0.6761
vn 0.1104 0.9853 0.1307
vn -0.2058 -0.9783 -0.0256
vn 0.9038 -0.3042 0.3010
vn 0.4540 -0.6569 0.6020
vn 0.8672 -0.4980 -0.0001
vn -0.9805 0.1658 0.1055
vn -0.9054 -0.4245 -0.0032
vn 0.8661 0.4999 -0.0000
vn 0.5501 0.8351 0.0047
vn -0.7643 0.5666 0.3080
vn 0.8661 -0.4999 -0.0000
vn -0.0024 -0.9999 -0.0126
vn -0.5412 0.7833 0.3059
vn -0.4673 -0.7632 0.4462
vn -0.2035 0.2279 -0.9522
vn 0.0138 0.1358 -0.9906
vn -0.0335 0.1526 -0.9877
vn 0.1380 0.2705 -0.9528
vn -0.8653 0.5012 -0.0000
vn -0.2053 0.2398 0.9489
vn 0.0113 0.1164 0.9931
vn -0.0318 -0.0007 0.9995
vn -0.8745 0.4849 0.0110
vn -0.0087 0.9974 0.0714
vn 0.8666 0.4989 -0.0000
vn 0.8794 0.4760 0.0088
vn 0.1360 0.2709 0.9530
vn -0.8561 0.5167 0.0103
vn 0.0062 1.0000 -0.0038
vn 0.0031 1.0000 -0.0000
vn -0.0062 1.0000 -0.0001
vn 0.8559 0.5172 -0.0048
vn -0.8558 0.5172 -0.0056
vn -0.0927 0.1579 -0.9831
vn 0.0590 -0.1442 -0.9878
vn -0.0249 -0.0849 -0.9961
vn -0.0342 0.0563 -0.9978
vn 0.0318 0.0326 -0.9990
vn -0.8658 0.5004 0.0014
vn -0.0953 0.1599 0.9825
vn 0.0061 -0.0148 0.9999
vn -0.0079 -0.0271 0.9996
vn 0.0268 -0.0048 0.9996
vn -0.8666 0.4989 -0.0001
vn 0.8661 0.5000 -0.0002
vn -0.2214 0.1462 -0.9642
vn -0.2178 0.1477 0.9648
vn -0.7795 -0.6263 -0.0000
vn -0.9878 -0.1501 0.0421
vn -0.9854 -0.1641 -0.0465
vn -0.9933 0.1104 -0.0332
vn -0.9193 -0.1171 -0.3758
vn -0.9934 -0.1143 -0.0000
vn -0.9939 0.1104 -0.0000
vn -0.8900 0.4554 0.0238
vn -0.8996 0.4368 -0.0012
vn -0.9862 0.1638 -0.0247
vn -0.9297 -0.3638 -0.0581
vn -0.5276 -0.8494 -0.0154
vn 0.0591 -0.1332 -0.9893
vn 0.0927 -0.9942 -0.0542
vn -0.1820 -0.9833 0.0006
vn -0.4279 -0.9038 0.0065
vn -0.0002 -0.0003 -1.0000
vn -0.8117 -0.5841 -0.0000
vn -0.3429 0.9394 -0.0000
vn 0.8659 0.4996 0.0232
vn 0.0001 0.0001 -1.0000
vn -0.3930 0.4289 0.8134
vn -0.0008 -0.9996 0.0282
vn 0.4214 0.2404 0.8744
vn 0.0008 -1.0000 0.0020
vn 0.8658 -0.5005 0.0007
vn -0.1852 -0.3802 0.9062
vn 0.3678 -0.3395 0.8657
vn 0.0284 0.0283 -0.9992
vn 0.8868 -0.4621 0.0003
vn 0.4353 -0.9003 0.0003
vn 0.7776 -0.6288 -0.0001
vn 0.6069 -0.7948 0.0001
vn 0.0638 -0.0112 -0.9979
vn -0.8658 0.5003 -0.0005
vn 0.2630 -0.2259 -0.9380
vn 0.9946 -0.0852 -0.0598
vn -0.0182 -0.0441 -0.9989
vn 0.7170 0.2510 -0.6503
vn 0.0012 -0.0153 -0.9999
vn 0.9849 0.1633 -0.0572
vn -0.8607 -0.5089 -0.0151
vn 0.8844 0.4667 -0.0000
vn 0.1810 -0.0777 -0.9804
vn 0.3327 -0.9430 -0.0005
vn 0.0127 -0.0169 -0.9998
vn 0.1607 -0.7811 -0.6034
vn -0.8644 0.5028 -0.0027
vn -0.4966 0.2101 0.8422
vn -0.4438 -0.3173 0.8380
vn -0.7809 -0.6246 -0.0000
vn -0.3298 0.0893 -0.9398
vn -0.1449 0.5505 0.8221
vn 0.2967 0.5007 0.8132
vn 0.0644 0.0166 -0.9978
vn 0.9284 -0.3717 -0.0002
vn 0.2200 -0.3379 -0.9151
vn -0.9838 -0.1793 0.0035
vn 0.8703 0.4925 -0.0008
vn 0.9481 0.3179 -0.0009
vn -0.8172 -0.5752 -0.0369
vn 0.5881 0.7766 -0.2257
vn 0.0053 -0.0160 0.9999
vn 0.0057 0.0337 0.9994
vn -0.0142 -0.1221 0.9924
vn 0.0550 -0.2433 0.9684
vn 0.8409 0.1995 0.5030
vn -0.1001 -0.6892 0.7176
vn 0.2571 -0.6644 0.7017
vn 0.3191 -0.1649 0.9333
vn 0.0163 -0.0133 0.9998
vn -0.0209 -0.0765 0.9968
vn 0.1645 0.1377 0.9767
vn 0.0783 0.0042 0.9969
vn 0.8233 0.3119 0.4742
vn -0.0048 0.0301 0.9995
vn 0.2589 -0.0710 0.9633
vn -0.0096 -0.0219 0.9997
vn 0.1559 -0.7754 0.6119
vn 0.3712 0.3444 0.8623
vn -0.0154 0.1039 0.9945
vn 0.3447 -0.2642 0.9008
vn -0.7452 0.3138 0.5884
vn -0.7077 -0.7064 -0.0141
vn -0.0215 -0.3830 -0.9235
vn -0.7144 -0.6997 -0.0000
vn -0.0256 -0.0028 -0.9997
vn -0.0039 0.0027 -1.0000
vn -0.7278 0.6858 -0.0000
vn -0.0365 -0.0423 -0.9984
vn -0.3821 -0.5874 0.7134
vn 0.0006 -0.0000 1.0000
vn -0.0004 -0.0025 1.0000
vn -0.0006 0.0003 1.0000
vn -0.7921 -0.6102 0.0123
vn -0.9903 -0.1390 0.0039
vn -0.9954 0.0959 -0.0042
vn -0.9856 0.1687 0.0112
vn -0.9175 -0.3958 0.0395
vn -0.5243 -0.8514 0.0129
vn 0.0928 -0.9954 0.0237
vn 0.0038 1.0000 0.0032
vn -0.3969 -0.9178 0.0090
vn -0.1797 -0.9837 -0.0000
vn 0.8906 0.4547 -0.0029
vn 0.0267 -0.9993 0.0259
vn 0.8942 -0.4477 0.0042
vn 0.7983 -0.6022 0.0003
vn 0.5703 -0.8214 -0.0004
vn 0.4714 -0.8816 0.0218
vn -0.9010 0.4339 -0.0000
vn 0.9944 -0.1058 0.0007
vn 0.9122 0.4091 0.0213
vn -0.8660 -0.5001 -0.0013
vn 0.9791 0.2035 -0.0014
vn 0.8408 0.5414 -0.0018
vn -0.8770 0.4804 0.0075
vn 0.9333 -0.3591 0.0071
vn -0.8064 0.5898 0.0433
vn -0.8648 -0.5022 -0.0011
vn -0.7074 -0.7068 0.0065
vn -0.4236 0.9038 -0.0604
vn -0.4665 0.8845 -0.0000
vn 0.0637 0.6974 -0.7138
vn 0.1975 0.9803 -0.0000
vn 0.0922 0.9957 -0.0004
vn -0.1460 0.6982 -0.7008
vn -0.2019 0.9794 -0.0000
vn -0.1945 0.9809 0.0010
vn 0.6077 0.7942 -0.0000
vn 0.3505 0.9334 -0.0766
vn 0.3516 0.9362 -0.0000
vn 0.0781 0.8827 0.4634
vn -0.3563 0.8639 0.3559
vn -0.3025 0.9528 0.0262
vn -0.4245 0.9049 0.0306
vn 0.2429 0.9697 0.0243
vn -0.1247 0.9922 0.0046
vn 0.3514 0.9356 0.0334
vn 0.0313 0.0288 -0.9991
vn 0.0334 0.0002 -0.9994
vn -0.7007 0.7134 0.0004
vn -0.0420 -0.0002 -0.9991
vn 0.6337 0.6790 -0.3707
vn 0.7084 0.7058 -0.0000
vn 0.0428 0.0228 -0.9988
vn 0.0282 -0.0291 0.9992
vn 0.0200 0.0027 0.9998
vn -0.0109 0.0015 0.9999
vn 0.4331 0.2877 0.8542
vn 0.1101 0.1748 0.9784
vn 0.7414 0.6703 0.0309
vn -0.1450 -0.3917 -0.9086
vn 0.0806 -0.5863 -0.8061
vn -0.1398 -0.3848 0.9123
vn 0.0007 -0.0072 1.0000
vn -0.8750 -0.4841 0.0086
vn 0.0054 -1.0000 0.0071
vn 0.0021 -1.0000 -0.0000
vn -0.0063 -1.0000 0.0007
vn 0.8666 -0.4990 -0.0000
vn 0.8806 -0.4738 0.0074
vn 0.0001 -1.0000 -0.0000
vn 0.0809 -0.5939 0.8004
vn -0.8558 -0.5172 0.0077
vn 0.0055 -1.0000 -0.0067
vn -0.0062 -1.0000 -0.0006
vn 0.8556 -0.5175 -0.0058
vn -0.8561 -0.5167 -0.0070
vn -0.2276 -0.1243 -0.9658
vn -0.2159 -0.1047 0.9708
vn -0.8654 -0.5011 0.0001
vn -0.8769 0.4806 -0.0019
vn -0.8818 -0.4713 0.0201
vn -0.8660 0.5000 -0.0002
vn -0.8664 0.4994 -0.0006
vn 0.0055 0.9998 -0.0202
vn 0.7982 0.3029 0.5208
vn -0.0283 0.0305 -0.9991
vn -0.0074 -0.3397 -0.9405
vn -0.0747 -0.1294 -0.9888
vn -0.2119 0.2700 -0.9392
vn -0.0000 0.0269 -0.9996
vn -0.0283 0.1188 -0.9925
vn -0.1939 0.1807 -0.9642
vn -0.2211 -0.1948 -0.9556
vn 0.0240 0.0084 -0.9997
vn -0.4048 -0.0027 -0.9144
vn 0.0259 -0.0124 -0.9996
vn 0.0545 -0.0018 -0.9985
vn 0.4645 0.0438 -0.8845
vn -0.6034 0.7303 0.3202
vn 0.0251 0.0027 -0.9997
vn 0.0784 0.1639 -0.9834
vn 0.1827 -0.0110 -0.9831
vn 0.0035 0.0227 -0.9997
vn -0.0498 -0.6285 -0.7762
vn 0.7929 0.6080 0.0403
vn 0.6525 0.7570 0.0332
vn -0.6385 -0.7696 0.0108
vn -0.7130 -0.6949 -0.0933
vn 0.7109 0.6617 0.2382
vn 0.9987 -0.0273 -0.0436
vn 0.5542 -0.8318 0.0315
vn -0.9845 0.1753 0.0036
vn -0.6559 0.7428 -0.1348
vn -0.3106 0.0706 -0.9479
vn -0.2050 0.9788 -0.0010
vn 0.1005 -0.9949 -0.0000
vn 0.0880 -0.5879 -0.8041
vn 0.1923 -0.9335 -0.3027
vn -0.4646 0.3040 -0.8317
vn -0.6622 0.7369 -0.1360
vn -0.6646 -0.1539 -0.7312
vn -0.1987 0.9801 -0.0054
vn -0.2909 -0.9567 -0.0143
vn -0.3394 -0.9308 -0.1355
vn -0.1373 -0.3081 -0.9414
vn -0.2678 0.4478 -0.8531
vn -0.1481 0.2122 -0.9659
vn 0.9550 0.2962 -0.0144
vn -0.9620 -0.2713 -0.0325
vn 0.1225 0.5006 0.8570
vn -0.3215 0.3411 -0.8833
vn -0.9482 -0.3177 -0.0034
vn -0.3318 -0.1187 -0.9359
vn 0.7557 0.6548 0.0113
vn 0.6546 0.7546 0.0457
vn 0.9974 -0.0717 0.0017
vn -0.9934 0.1055 -0.0449
vn 0.4793 -0.8722 0.0975
vn -0.8491 -0.5228 0.0756
vn 0.3381 0.8789 0.3364
vn 0.9521 0.3057 0.0081
vn -0.9711 -0.2343 -0.0450
vn 0.1816 0.9783 0.1000
vn -0.2883 -0.9574 0.0188
vn 0.5113 0.0858 -0.8551
vn -0.6387 -0.7694 -0.0000
vn -0.8087 -0.5883 -0.0000
vn -0.8114 0.5845 -0.0000
vn -0.0284 0.0305 0.9991
vn -0.1756 -0.9845 0.0025
vn 0.1545 0.9668 -0.2036
vn -0.0086 -0.0983 0.9951
vn 0.4142 -0.9102 -0.0000
vn -0.3343 0.9208 -0.2006
vn -0.0281 -0.0245 0.9993
vn -0.8660 0.5001 -0.0000
vn -0.2111 0.2716 0.9390
vn -0.0000 0.0257 0.9997
vn 0.0039 1.0000 0.0082
vn -0.8694 0.4941 0.0061
vn -0.0051 1.0000 -0.0019
vn -0.0284 0.1192 0.9925
vn 0.1508 -0.9885 0.0058
vn 0.6371 -0.7597 -0.1302
vn -0.1460 0.3084 0.9400
vn 0.9668 0.1719 -0.1889
vn -0.1254 -0.0571 0.9905
vn 0.0240 0.0084 0.9997
vn 0.9310 -0.3128 -0.1883
vn -0.2079 -0.0019 0.9782
vn -0.8714 0.4903 0.0144
vn 0.0259 -0.0120 0.9996
vn 0.9846 0.1750 -0.0001
vn 0.9480 -0.3184 -0.0000
vn 0.0880 0.0877 0.9922
vn 0.4729 0.0567 0.8793
vn 0.8625 0.5059 0.0115
vn 0.8724 0.4888 -0.0033
vn 0.6457 -0.7636 -0.0003
vn -0.9040 -0.4129 -0.1104
vn 0.4263 -0.5673 -0.7046
vn 0.1541 -0.9879 -0.0169
vn 0.2437 -0.3717 -0.8958
vn 0.4512 0.8896 -0.0710
vn -0.0757 -0.4027 -0.9122
vn -0.1505 0.9885 -0.0126
vn 0.2439 -0.9447 0.2191
vn 0.4555 0.8871 0.0742
vn -0.1044 0.2879 -0.9519
vn -0.0275 -0.9995 -0.0125
vn 0.4169 0.9089 0.0039
vn 0.0309 -0.0218 0.9993
vn 0.0005 1.0000 -0.0003
vn -0.4176 -0.9086 0.0028
vn -0.0051 0.9998 0.0203
vn 0.0786 0.1679 0.9827
vn 0.5039 -0.8637 0.0002
vn 0.0509 0.4904 -0.8700
vn -0.7658 0.6127 -0.1952
vn -0.0223 -0.2480 0.9685
vn 0.8853 0.4586 0.0775
vn -0.2199 0.2114 -0.9523
vn -0.9943 -0.1061 0.0115
vn 0.7720 0.6187 -0.1456
vn -0.0202 0.0298 0.9994
vn -0.8779 -0.4623 0.1248
vn -0.7811 0.6244 -0.0000
vn -0.4675 -0.5307 0.7070
vn 0.2444 0.2970 -0.9230
vn 0.0011 0.0040 -1.0000
vn 0.0623 -0.0275 -0.9977
vn 0.0642 0.1068 -0.9922
vn -0.0039 0.0374 -0.9993
vn -0.0269 0.0155 -0.9995
vn 0.0085 0.1057 0.9944
vn 0.0222 0.0030 0.9997
vn 0.0327 0.0063 0.9994
vn -0.0168 0.0338 0.9993
vn -0.0431 -0.0775 0.9961
vn -0.8663 -0.4995 -0.0023
vn -0.8656 -0.5007 -0.0012
vn -0.8639 0.5036 -0.0104
vn -0.8660 0.5001 -0.0003
vn 0.3491 0.6503 0.6747
vn 0.8954 -0.0328 0.4441
vn 0.5767 -0.8167 -0.0183
vn 0.8654 0.0344 0.4999
vn 0.0716 -0.9750 0.2104
vn -0.2042 0.9781 -0.0396
vn 0.8824 0.3169 0.3478
vn 0.4253 0.6805 0.5967
vn 0.0041 1.0000 -0.0078
vn -0.1561 -0.9873 0.0308
vn -0.0000 1.0000 -0.0005
vn 0.4142 -0.9102 0.0048
vn -0.0051 1.0000 0.0017
vn -0.9812 -0.1750 0.0817
vn -0.9033 0.4284 -0.0223
vn 0.8661 0.4999 0.0001
vn 0.8652 0.5015 -0.0005
vn 0.5526 -0.8335 -0.0005
vn -0.7705 -0.5679 0.2897
vn -0.5105 0.7165 0.4754
vn -0.5606 -0.7468 0.3578
vn -0.0060 0.9998 -0.0197
vn 0.1327 0.0307 -0.9907
vn -0.1546 0.2167 -0.9639
vn 0.1844 0.1228 -0.9751
vn 0.0153 -0.0108 -0.9998
vn -0.1579 0.0755 -0.9846
vn -0.8664 -0.4994 0.0005
vn 0.1061 0.0103 0.9943
vn -0.0136 0.0386 0.9992
vn 0.0035 0.0272 0.9996
vn -0.0174 -0.0183 0.9997
vn 0.8632 -0.5048 -0.0007
vn -0.1329 0.0378 0.9904
vn 0.8659 -0.5003 -0.0003
vn -0.1598 -0.2001 -0.9666
vn -0.1593 -0.1979 0.9672
vn -0.4177 -0.9066 -0.0602
vn -0.4710 -0.8821 -0.0001
vn -0.0481 -0.8614 -0.5056
vn 0.1961 -0.9806 0.0006
vn 0.0892 -0.9960 -0.0007
vn -0.0184 -0.8520 -0.5232
vn -0.2018 -0.9794 0.0001
vn 0.6077 -0.7942 -0.0001
vn 0.3516 -0.9330 -0.0764
vn 0.0148 -0.9411 0.3379
vn -0.0842 -0.9803 0.1786
vn -0.3024 -0.9528 0.0262
vn -0.4220 -0.9061 0.0306
vn 0.2398 -0.9705 0.0247
vn -0.1247 -0.9922 0.0046
vn 0.3525 -0.9352 0.0332
vn -0.8903 -0.4549 0.0225
vn -0.8990 -0.4380 -0.0000
vn -0.9878 0.1502 0.0422
vn -0.9933 -0.1104 -0.0332
vn -0.9853 0.1642 -0.0466
vn -0.9634 0.0697 -0.2589
vn -0.9944 -0.1055 -0.0008
vn -0.9928 0.1200 -0.0000
vn -0.9864 -0.1622 -0.0263
vn -0.9884 -0.1521 0.0033
vn -0.7792 0.6268 0.0001
vn -0.9297 0.3638 -0.0581
vn -0.9952 0.0708 0.0675
vn -0.9478 -0.3188 -0.0000
vn -0.3428 -0.9394 -0.0000
vn -0.0011 -0.0007 1.0000
vn 0.8652 -0.4996 0.0435
vn -0.0008 0.9996 0.0268
vn -0.2298 -0.3370 0.9130
vn 0.0008 1.0000 0.0019
vn 0.3362 -0.3491 0.8747
vn 0.8660 0.5000 -0.0005
vn -0.3247 0.4473 0.8334
vn 0.3989 0.3181 0.8601
vn -0.5276 0.8494 -0.0154
vn -0.0840 -0.0006 -0.9965
vn 0.0927 0.9942 -0.0542
vn 0.0075 0.0086 -0.9999
vn -0.1820 0.9833 0.0006
vn -0.4279 0.9038 0.0065
vn 0.1026 0.2936 -0.9504
vn -0.0077 -0.0974 -0.9952
vn 0.0612 0.0093 -0.9981
vn -0.8659 -0.5003 -0.0006
vn 0.9946 0.0852 -0.0598
vn 0.4046 -0.4625 -0.7889
vn 0.0888 0.0819 -0.9927
vn 0.0655 -0.0406 -0.9970
vn 0.9849 -0.1633 -0.0572
vn -0.8605 0.5093 -0.0158
vn 0.8946 -0.4468 -0.0000
vn 0.8843 -0.4670 -0.0000
vn -0.0196 -0.0653 -0.9977
vn -0.0278 0.0277 -0.9992
vn 0.7777 0.6287 -0.0000
vn 0.4344 0.9007 -0.0000
vn 0.6068 0.7948 0.0001
vn -0.8644 -0.5028 -0.0028
vn -0.5084 0.2428 0.8262
vn 0.0341 -0.0030 -0.9994
vn 0.3344 0.9424 -0.0004
vn 0.3728 0.3979 -0.8383
vn 0.0533 0.2605 -0.9640
vn 0.8628 -0.5055 -0.0008
vn -0.1016 -0.3884 0.9159
vn 0.2408 -0.4021 0.8834
vn 0.0090 0.0389 -0.9992
vn 0.9280 0.3726 -0.0000
vn 0.7393 0.1359 -0.6595
vn -0.9838 0.1793 0.0035
vn 0.8702 -0.4927 -0.0003
vn 0.9481 -0.3179 -0.0006
vn -0.8170 0.5755 -0.0363
vn 0.5881 -0.7766 -0.2257
vn 0.6098 0.6136 -0.5016
vn 0.3352 -0.1705 0.9266
vn -0.2049 0.5058 0.8379
vn 0.1518 0.9086 0.3890
vn 0.8513 0.2392 0.4669
vn -0.1586 0.1814 0.9705
vn 0.0520 -0.0036 0.9986
vn -0.0673 -0.0041 0.9977
vn 0.0605 0.3587 0.9315
vn -0.0868 0.1533 0.9844
vn 0.0064 0.0031 1.0000
vn -0.0458 0.0573 0.9973
vn 0.5923 -0.4992 0.6325
vn 0.2916 0.0644 0.9544
vn -0.0449 0.0259 0.9987
vn 0.1178 -0.0820 0.9897
vn -0.1781 -0.1895 0.9656
vn -0.3294 0.2296 -0.9158
vn 0.0310 -0.0034 0.9995
vn 0.3580 0.4534 0.8163
vn -0.0007 -0.0004 1.0000
vn 0.0072 0.0382 0.9992
vn 0.6242 0.1170 0.7725
vn -0.4362 -0.5414 0.7187
vn -0.0327 -0.0072 -0.9994
vn -0.7281 -0.6855 -0.0000
vn -0.0270 0.0325 -0.9991
vn -0.7076 0.7065 -0.0141
vn -0.3970 -0.0058 -0.9178
vn -0.7148 0.6994 -0.0000
vn -0.1346 -0.0706 -0.9884
vn -0.0015 -0.0193 0.9998
vn 0.0068 0.0022 1.0000
vn -0.6543 0.3411 0.6749
vn -0.2133 0.1511 0.9652
vn -0.9903 0.1389 0.0039
vn -0.7916 0.6110 0.0122
vn -0.9175 0.3958 0.0395
vn 0.8926 -0.4507 -0.0060
vn 0.0232 0.9995 0.0220
vn 0.8945 0.4470 0.0018
vn -0.5205 0.8537 0.0157
vn 0.0038 -1.0000 0.0032
vn 0.0928 0.9954 0.0237
vn -0.4023 0.9155 0.0103
vn -0.1758 0.9844 0.0018
vn -0.9015 -0.4329 -0.0007
vn 0.9085 -0.4177 0.0163
vn 0.9946 0.1036 0.0025
vn -0.8664 0.4993 -0.0014
vn 0.9809 -0.1944 -0.0003
vn 0.7989 0.6014 0.0003
vn 0.5703 0.8214 -0.0004
vn 0.4712 0.8818 0.0218
vn 0.8869 0.4620 0.0006
vn 0.8405 -0.5417 0.0022
vn -0.8770 -0.4804 0.0075
vn 0.9334 0.3587 0.0071
vn -0.8647 0.5023 -0.0012
vn -0.8064 -0.5898 0.0433
vn -0.7082 0.7060 0.0063
vn 0.0036 -0.0237 -0.9997
vn -0.7059 -0.7083 -0.0000
vn -0.0093 -0.0250 -0.9996
vn 0.1605 -0.1593 -0.9741
vn 0.7086 -0.7056 0.0001
vn -0.2280 -0.2741 -0.9343
vn 0.0045 -0.0079 1.0000
vn 0.0026 -0.0140 0.9999
vn -0.0029 -0.0069 1.0000
vn 0.3080 -0.4519 0.8372
vn -0.0084 -0.0149 0.9999
vn -0.6970 -0.7171 0.0027
vn 0.7414 -0.6704 0.0309
vn -0.0019 -0.0362 -0.9993
vn -0.1666 -0.3599 -0.9180
vn 0.3383 -0.0043 -0.9410
vn -0.0252 0.0385 -0.9989
vn 0.1400 -0.2639 -0.9543
vn 0.1414 0.1910 -0.9713
vn -0.1533 0.0519 -0.9868
vn -0.3906 0.2518 -0.8855
vn 0.0064 -0.0354 -0.9994
vn 0.1520 -0.3781 -0.9132
vn 0.0067 -0.0281 -0.9996
vn -0.0724 -0.0774 -0.9944
vn -0.2894 0.1918 -0.9378
vn 0.1653 0.1868 -0.9684
vn -0.0169 -0.0354 -0.9992
vn 0.0595 -0.2057 -0.9768
vn 0.1908 0.1714 -0.9665
vn -0.0293 -0.0159 -0.9994
vn -0.5313 0.4549 0.7146
vn 0.5181 0.5846 0.6244
vn 0.0091 0.0090 0.9999
vn -0.1804 -0.3697 0.9115
vn -0.8164 -0.5768 0.0278
vn -0.8625 -0.5059 0.0117
vn -0.8723 -0.4889 -0.0030
vn -0.9845 -0.1749 0.0088
vn 0.1925 0.0402 0.9805
vn 0.8123 -0.5833 0.0004
vn -0.6427 0.7661 0.0062
vn 0.0226 0.0451 0.9987
vn -0.9464 0.3176 -0.0592
vn 0.1102 -0.0517 0.9926
vn 0.7681 -0.6403 0.0098
vn -0.0851 -0.0004 0.9964
vn -0.9481 0.3181 -0.0000
vn 0.1321 0.9912 0.0046
vn -0.0359 0.0908 0.9952
vn 0.0003 -1.0000 -0.0000
vn -0.0596 0.0093 0.9982
vn -0.3410 0.9400 -0.0034
vn -0.0423 0.0908 0.9950
vn 0.0064 -0.0342 0.9994
vn 0.1524 -0.3775 0.9134
vn -0.0000 -1.0000 0.0005
vn 0.8694 -0.4941 0.0061
vn 0.0064 -0.0269 0.9996
vn 0.4475 -0.2876 -0.8468
vn 0.1708 -0.5788 -0.7974
vn 0.3133 -0.2079 -0.9266
vn -0.1513 0.9830 -0.1042
vn 0.2612 -0.9633 0.0614
vn -0.1066 0.2835 -0.9530
vn -0.1481 0.9888 -0.0180
vn 0.9829 -0.1726 -0.0648
vn 0.8105 -0.5857 0.0070
vn 0.3799 -0.0549 -0.9234
vn -0.7938 -0.6069 0.0399
vn -0.6539 -0.7556 0.0370
vn 0.6385 0.7696 0.0108
vn 0.8086 0.5883 0.0065
vn -0.0827 -0.0805 0.9933
vn -0.0385 -0.9992 0.0126
vn 0.2402 -0.1026 -0.9653
vn 0.3108 0.9497 -0.0374
vn -0.1820 -0.9826 -0.0361
vn 0.3430 0.9394 0.0019
vn 0.0922 0.3754 -0.9223
vn 0.4183 -0.2413 -0.8757
vn 0.9684 0.2493 0.0115
vn -0.9911 -0.1290 -0.0338
vn -0.6796 -0.2370 0.6942
vn 0.9483 0.3173 0.0054
vn 0.3164 0.1174 -0.9413
vn -0.9970 0.0735 0.0237
vn 0.6160 0.7842 -0.0741
vn 0.9807 -0.1949 -0.0151
vn -0.9932 0.1069 0.0463
vn -0.7992 0.6010 0.0042
vn -0.7567 -0.6536 0.0113
vn -0.7059 -0.7083 0.0054
vn 0.9752 0.2170 -0.0439
vn -0.9803 -0.1974 0.0037
vn 0.2276 0.9731 -0.0349
vn -0.2342 -0.9722 -0.0009
vn -0.5373 -0.0034 -0.8434
vn 0.8105 -0.5858 -0.0000
vn 0.6385 0.7696 -0.0000
vn 0.4621 0.8868 0.0029
vn -0.5026 -0.8584 -0.1030
vn 0.1220 0.1024 0.9872
vn -0.0158 -0.9999 -0.0017
vn 0.4667 0.8835 0.0402
vn -0.0160 -0.0342 0.9993
vn -0.5922 -0.8055 -0.0211
vn 0.1893 0.2348 -0.9534
vn -0.5011 0.8654 -0.0005
vn 0.3658 -0.9307 0.0007
vn 0.4457 -0.5608 0.6978
vn -0.6036 0.7952 -0.0579
vn -0.2378 0.3579 -0.9030
vn -0.6572 -0.7537 0.0097
vn -0.5307 0.8476 -0.0000
vn 0.3757 -0.9251 0.0545
vn -0.0020 -0.4059 -0.9139
vn 0.8690 0.4948 0.0007
vn -0.7804 -0.6253 0.0053
vn 0.1032 0.1252 0.9868
vn 0.8491 0.5283 0.0038
vn -0.0293 -0.0159 0.9994
vn -0.0196 -0.1532 -0.9880
vn -0.7359 0.6771 0.0024
vn 0.7678 -0.6404 0.0161
vn -0.1989 0.0293 0.9796
vn -0.8003 -0.5988 -0.0303
vn 0.1136 -0.1762 -0.9778
vn 0.5290 0.4709 0.7060
vn -0.2972 -0.2420 -0.9236
vn 0.1899 0.0420 -0.9809
vn 0.3756 0.0636 -0.9246
vn 0.1890 0.0408 0.9811
vn 0.3766 0.0637 0.9242
vn 0.8761 -0.4821 -0.0006
vn 0.8813 0.4721 0.0206
vn 0.8663 -0.4995 -0.0006
vn -0.0470 -0.0059 -0.9989
vn 0.1376 -0.1060 -0.9848
vn -0.0031 -0.0005 -1.0000
vn -0.0259 0.0886 -0.9957
vn 0.8627 -0.5057 0.0023
vn -0.0327 -0.0053 0.9995
vn 0.1526 0.0882 0.9843
vn -0.0245 -0.0151 0.9996
vn -0.0236 0.0163 0.9996
vn -0.8183 -0.5743 -0.0251
vn -0.8662 -0.4997 0.0001
vn -0.8657 -0.5006 -0.0005
vn 0.6474 0.0125 0.7620
vn 0.6259 -0.1888 0.7567
vn 0.0212 0.6822 0.7308
vn -0.2513 0.6917 0.6770
vn 0.1367 -0.5826 0.8012
vn 0.1715 -0.6561 0.7349
vn -0.6952 0.1937 0.6923
vn 0.2155 -0.8224 -0.5265
vn 0.7085 0.0226 -0.7054
vn -0.4196 -0.6717 0.6105
vn -0.5675 -0.2197 0.7935
vn -0.4887 -0.5540 0.6740
vn -0.8661 -0.4999 -0.0001
vn -0.2944 0.6656 0.6858
vn -0.0165 -0.9999 0.0018
vn 0.2390 0.5386 0.8080
vn 0.2922 -0.5123 0.8076
vn 0.8645 -0.5025 -0.0119
vn 0.8662 -0.4997 -0.0007
vn 0.8644 0.5029 -0.0006
vn 0.8659 -0.5002 -0.0005
vn 0.8609 -0.5088 -0.0011
vn -0.0127 0.1264 -0.9919
vn 0.2071 0.2351 -0.9497
vn 0.0326 0.1501 -0.9881
vn -0.1362 0.2698 -0.9532
vn -0.8807 0.4736 0.0074
vn -0.0127 0.1251 0.9921
vn 0.0001 1.0000 -0.0000
vn 0.2021 0.2318 0.9515
vn 0.0328 0.1495 0.9882
vn 0.8750 0.4840 0.0083
vn -0.1390 0.2693 0.9530
vn 0.0012 1.0000 0.0023
vn 0.0013 1.0000 -0.0022
vn 0.0341 0.0575 -0.9978
vn -0.0463 -0.1131 -0.9925
vn 0.0953 0.1600 -0.9825
vn 0.0170 -0.0579 -0.9982
vn -0.0321 0.0334 -0.9989
vn -0.0075 -0.0184 0.9998
vn 0.0926 0.1577 0.9831
vn 0.0079 -0.0271 0.9996
vn -0.0277 -0.0046 0.9996
vn 0.8661 0.4998 0.0005
vn -0.8661 0.4999 -0.0002
vn 0.8665 0.4991 -0.0000
vn 0.2216 0.1481 -0.9638
vn 0.2202 0.1454 0.9646
vn -0.5697 -0.8206 -0.0450
vn -0.0284 0.0283 -0.9992
vn -0.7777 -0.6287 -0.0000
vn -0.6071 -0.7947 -0.0000
vn -0.8687 -0.4939 -0.0378
vn -0.8858 -0.4641 -0.0000
vn -0.4350 -0.9004 -0.0000
vn -0.9946 -0.0852 -0.0598
vn -0.0637 -0.0112 -0.9979
vn 0.8659 0.5003 -0.0004
vn -0.2625 -0.2262 -0.9380
vn 0.0182 -0.0441 -0.9989
vn -0.8560 0.5133 -0.0615
vn -0.7177 0.2503 -0.6498
vn -0.8844 0.4668 -0.0000
vn -0.9849 0.1633 -0.0572
vn -0.0012 -0.0153 -0.9999
vn 0.8624 -0.5062 -0.0118
vn -0.1810 -0.0777 -0.9804
vn -0.1288 -0.9917 -0.0027
vn 0.0005 1.0000 -0.0004
vn 0.4714 -0.8774 -0.0889
vn -0.0593 -0.1332 -0.9893
vn 0.2000 -0.9796 0.0203
vn 0.4279 -0.9038 0.0065
vn 0.0001 -0.0003 -1.0000
vn 0.9479 0.3185 -0.0000
vn 0.3857 0.4606 0.7994
vn 0.0190 -0.9998 -0.0091
vn -0.8658 0.4995 0.0292
vn -0.0001 0.0001 -1.0000
vn -0.4211 0.2375 0.8754
vn 0.1590 -0.3827 0.9101
vn -0.8657 -0.5006 -0.0008
vn -0.3848 -0.3210 0.8654
vn -0.2983 -0.9534 -0.0447
vn -0.3322 -0.9432 -0.0000
vn -0.0127 -0.0169 -0.9998
vn -0.1604 -0.7803 -0.6045
vn 0.8649 0.5019 -0.0016
vn 0.5134 0.1858 0.8378
vn 0.8755 -0.4825 -0.0275
vn 0.4595 -0.3083 0.8330
vn -0.0645 0.0166 -0.9978
vn -0.9280 -0.3726 -0.0000
vn -0.2189 -0.3360 -0.9161
vn 0.3280 0.0886 -0.9405
vn 0.1547 0.5241 0.8375
vn -0.2850 0.4890 0.8244
vn -0.8702 0.4928 -0.0000
vn 0.3413 -0.9399 -0.0000
vn 0.9841 -0.1773 0.0038
vn 0.7512 -0.6581 -0.0516
vn 0.8170 -0.5755 -0.0363
vn -0.3153 0.9490 -0.0000
vn -0.0163 -0.0133 0.9998
vn 0.0209 -0.0766 0.9968
vn -0.1645 0.1377 0.9767
vn -0.0795 0.0046 0.9968
vn -0.8225 0.3118 0.4756
vn 0.0048 0.0301 0.9995
vn -0.2590 -0.0709 0.9633
vn -0.0057 0.0474 0.9989
vn -0.0065 -0.0193 0.9998
vn 0.0133 -0.1553 0.9878
vn -0.0705 -0.3180 0.9455
vn 0.1276 -0.6856 0.7167
vn -0.8027 0.1795 0.5687
vn -0.2798 -0.6557 0.7013
vn -0.3084 -0.1634 0.9371
vn 0.0096 -0.0219 0.9997
vn -0.1560 -0.7768 0.6101
vn 0.0154 0.1039 0.9945
vn -0.3450 -0.2653 0.9003
vn -0.3672 0.3531 0.8605
vn 0.7466 0.3141 0.5865
vn 0.7795 -0.6264 -0.0000
vn 0.9874 -0.1523 0.0423
vn 0.9906 0.1346 -0.0263
vn 0.9190 -0.1166 -0.3767
vn 0.9938 -0.1115 0.0016
vn 0.9941 0.1081 0.0004
vn 0.8899 0.4555 0.0238
vn 0.8991 0.4377 -0.0000
vn 0.9859 0.1654 -0.0245
vn 0.9879 0.1548 0.0035
vn 0.9297 -0.3638 -0.0568
vn 0.0220 -0.3825 -0.9237
vn 0.7146 -0.6995 -0.0001
vn 0.0256 -0.0028 -0.9997
vn 0.0038 0.0025 -1.0000
vn 0.7298 0.6837 0.0002
vn 0.0365 -0.0423 -0.9984
vn 0.3808 -0.5857 0.7155
vn -0.0084 0.0006 1.0000
vn 0.0016 0.0011 1.0000
vn 0.0030 -0.0161 0.9999
vn 0.0006 0.0003 1.0000
vn -0.7988 -0.6016 -0.0002
vn -0.6068 -0.7944 0.0273
vn -0.4719 -0.8814 0.0218
vn -0.8743 -0.4851 0.0140
vn -0.9944 -0.1058 0.0007
vn -0.9123 0.4091 0.0213
vn 0.9015 0.4329 -0.0007
vn -0.9791 0.2035 -0.0014
vn 0.8664 -0.4993 -0.0014
vn -0.8544 0.5186 0.0330
vn -0.1162 -0.9932 0.0051
vn 0.0005 1.0000 -0.0005
vn 0.4726 -0.8798 0.0507
vn 0.4023 -0.9155 0.0103
vn 0.2000 -0.9797 -0.0140
vn 0.0009 -1.0000 -0.0018
vn -0.8961 0.4438 -0.0084
vn -0.8933 -0.4494 0.0028
vn -0.0425 -0.9986 -0.0311
vn -0.9334 -0.3587 0.0071
vn 0.8770 0.4804 0.0075
vn -0.8384 0.5450 -0.0018
vn -0.3015 -0.9533 0.0173
vn 0.8655 0.5008 0.0003
vn 0.8694 -0.4942 0.0042
vn 0.7921 -0.6103 0.0123
vn 0.9934 -0.1112 -0.0284
vn 0.9973 0.0730 0.0037
vn 0.9175 -0.3958 0.0395
vn -0.5975 0.8017 -0.0186
vn -0.6075 0.7943 -0.0000
vn -0.0634 0.6974 -0.7139
vn -0.1959 0.9806 0.0007
vn -0.0927 0.9957 0.0002
vn 0.4676 0.8839 0.0079
vn 0.1460 0.6983 -0.7007
vn 0.2052 0.9787 -0.0013
vn -0.3577 0.9314 -0.0682
vn -0.0789 0.8826 0.4635
vn 0.3563 0.8639 0.3559
vn -0.6100 0.7924 -0.0020
vn -0.2394 0.9706 0.0246
vn -0.0939 0.9956 -0.0034
vn 0.3027 0.9527 0.0260
vn 0.4666 0.8844 -0.0036
vn 0.2017 0.9779 -0.0545
vn -0.3458 0.9375 0.0383
vn -0.6337 0.6794 -0.3698
vn -0.7086 0.7056 0.0001
vn -0.0334 0.0001 -0.9994
vn -0.0319 0.0289 -0.9991
vn 0.7059 0.7084 -0.0000
vn 0.0420 -0.0002 -0.9991
vn -0.0428 0.0228 -0.9988
vn -0.4333 0.2877 0.8541
vn -0.0200 0.0026 0.9998
vn -0.0281 -0.0289 0.9992
vn 0.0109 0.0016 0.9999
vn -0.1101 0.1748 0.9784
vn -0.7413 0.6704 0.0309
vn 0.6970 0.7171 0.0027
vn 0.1412 -0.3867 -0.9113
vn -0.0801 -0.5945 -0.8001
vn -0.8798 -0.4753 0.0068
vn 0.8652 -0.5015 -0.0000
vn 0.1454 -0.3907 0.9090
vn -0.0340 -0.1158 0.9927
vn 0.8750 -0.4841 0.0087
vn -0.0810 -0.5873 0.8053
vn 0.0013 -1.0000 0.0024
vn 0.8661 -0.4998 0.0008
vn 0.0013 -1.0000 -0.0022
vn 0.1706 0.1570 -0.9727
vn 0.1848 -0.2112 -0.9598
vn -0.0223 0.0034 -0.9997
vn -0.0398 -0.0200 -0.9990
vn -0.0573 -0.0029 -0.9984
vn -0.4850 0.0527 -0.8729
vn 0.0685 0.8450 0.5304
vn -0.8235 0.3520 0.4449
vn 0.0064 -0.2822 -0.9593
vn 0.0283 0.0305 -0.9991
vn 0.0769 -0.1325 -0.9882
vn -0.0000 0.0281 -0.9996
vn 0.2119 0.2700 -0.9392
vn 0.0283 0.1188 -0.9925
vn 0.4492 0.5584 0.6974
vn -0.0249 0.0025 -0.9997
vn -0.0786 0.1679 -0.9827
vn -0.0034 0.0237 -0.9997
vn -0.1944 0.0381 -0.9802
vn 0.1673 -0.1827 -0.9688
vn 0.8123 0.5833 0.0004
vn -0.6427 -0.7661 0.0062
vn 0.1014 0.1784 0.9787
vn -0.9845 0.1749 0.0088
vn 0.1435 0.0069 0.9896
vn -0.0239 0.0063 0.9997
vn -0.9464 -0.3176 -0.0592
vn 0.1940 -0.0008 0.9810
vn 0.7681 0.6403 0.0098
vn -0.0255 -0.0114 0.9996
vn -0.9846 0.1748 -0.0001
vn -0.9481 -0.3181 -0.0000
vn -0.0816 0.0827 0.9932
vn -0.4558 0.0469 0.8889
vn -0.8628 0.5055 0.0107
vn -0.8199 0.5720 0.0259
vn -0.8719 0.4897 -0.0029
vn 0.2612 0.9633 0.0614
vn -0.1512 -0.9830 -0.1042
vn -0.0282 -0.1834 -0.9826
vn -0.1481 -0.9888 -0.0180
vn 0.4475 0.2876 -0.8468
vn 0.1708 0.5788 -0.7974
vn 0.6576 -0.1530 -0.7376
vn -0.7938 0.6069 0.0391
vn -0.6539 0.7556 0.0370
vn 0.6385 -0.7696 0.0108
vn 0.8086 -0.5883 0.0066
vn -0.7108 0.6616 0.2388
vn -0.9996 -0.0265 -0.0027
vn -0.8040 -0.5946 0.0031
vn 0.9849 0.1730 0.0051
vn 0.8105 0.5857 0.0080
vn 0.2669 0.0832 -0.9601
vn -0.1819 0.9826 -0.0362
vn 0.3103 -0.9499 -0.0368
vn 0.3430 -0.9394 0.0019
vn 0.1367 -0.3080 -0.9415
vn -0.0106 0.9999 0.0065
vn 0.1102 0.1815 -0.9772
vn 0.3090 0.3466 -0.8857
vn 0.9629 -0.2695 0.0106
vn -0.9543 0.2982 -0.0171
vn -0.5494 0.3146 0.7740
vn 0.9483 -0.3173 -0.0023
vn 0.3329 -0.1194 -0.9354
vn -0.9970 -0.0739 0.0228
vn 0.6160 -0.7842 -0.0741
vn -0.7558 0.6547 0.0113
vn -0.7068 0.7074 0.0054
vn 0.9799 0.1990 -0.0149
vn -0.9976 -0.0694 0.0033
vn -0.7988 -0.6016 0.0062
vn 0.9710 -0.2348 -0.0452
vn -0.9518 0.3067 0.0077
vn -0.2342 0.9722 -0.0009
vn 0.2273 -0.9732 -0.0352
vn -0.4991 0.0650 -0.8641
vn 0.1320 -0.9912 0.0055
vn 0.0065 -0.1331 0.9911
vn 0.0226 0.0279 0.9994
vn 0.0003 1.0000 -0.0000
vn -0.3411 -0.9400 -0.0031
vn 0.0270 -0.0201 0.9994
vn 0.8660 0.5001 -0.0000
vn -0.0000 0.0269 0.9996
vn 0.2111 0.2716 0.9390
vn 0.8686 0.4955 0.0047
vn 0.0284 0.1192 0.9925
vn 0.3657 0.9307 0.0004
vn -0.5012 -0.8654 -0.0008
vn 0.4819 0.5151 0.7088
vn -0.6036 -0.7952 -0.0579
vn -0.2637 -0.3073 -0.9143
vn -0.5922 0.8055 -0.0211
vn 0.0546 -0.4053 -0.9125
vn 0.3747 0.9255 0.0549
vn -0.5311 -0.8473 0.0005
vn -0.6572 0.7537 0.0097
vn 0.1772 0.2306 -0.9568
vn 0.4621 -0.8868 0.0029
vn -0.5026 0.8584 -0.1030
vn -0.0302 -0.0213 0.9993
vn 0.4667 -0.8835 0.0402
vn -0.0165 0.9999 -0.0018
vn -0.0784 0.1639 0.9834
vn 0.8690 -0.4948 0.0007
vn -0.7804 0.6253 0.0053
vn 0.0205 0.0308 0.9993
vn 0.8491 -0.5283 0.0038
vn 0.0352 0.1803 -0.9830
vn -0.7358 -0.6772 0.0031
vn 0.7681 0.6402 0.0160
vn -0.0088 -0.5940 0.8044
vn -0.8003 0.5988 -0.0303
vn 0.2520 0.5126 -0.8208
vn 0.4430 -0.5553 0.7038
vn -0.2353 0.3055 -0.9226
vn 0.2182 -0.1101 -0.9697
vn -0.0022 0.0005 1.0000
vn 0.2185 -0.1098 0.9696
vn 0.8768 0.4809 -0.0013
vn 0.8662 0.4998 0.0006
vn 0.8823 -0.4702 0.0200
vn 0.8639 0.5036 0.0022
vn -0.0029 0.0017 -1.0000
vn -0.0493 -0.0030 -0.9988
vn -0.0481 0.0770 -0.9959
vn 0.0039 0.0374 -0.9993
vn 0.0269 0.0155 -0.9995
vn -0.0077 0.1059 0.9944
vn -0.0272 -0.0059 0.9996
vn -0.0325 0.0055 0.9995
vn 0.0366 -0.0748 0.9965
vn 0.6474 -0.0125 0.7620
vn 0.6259 0.1888 0.7567
vn -0.8661 0.4998 0.0001
vn -0.8149 0.5790 -0.0275
vn -0.8671 0.4982 -0.0003
vn 0.1367 0.5826 0.8012
vn 0.1712 0.6561 0.7350
vn -0.4186 0.6717 0.6112
vn -0.7230 -0.1060 0.6827
vn 0.7302 0.0268 -0.6827
vn 0.2006 0.8324 -0.5166
vn -0.5680 0.2143 0.7946
vn -0.4894 0.5533 0.6741
vn 0.0206 -0.6827 0.7304
vn -0.2522 -0.6910 0.6775
vn -0.8661 0.4999 -0.0001
vn -0.2932 -0.6661 0.6858
vn 0.2922 0.5123 0.8076
vn 0.2390 -0.5386 0.8080
vn -0.0166 0.9999 0.0017
vn 0.8646 0.5024 -0.0110
vn 0.8662 0.4997 -0.0005
vn 0.8660 0.5001 -0.0004
vn 0.8609 0.5088 -0.0011
vn -0.0162 -0.0113 -0.9998
vn 0.0960 0.1606 -0.9823
vn -0.1145 0.0154 -0.9933
vn -0.6735 0.1696 -0.7195
vn 0.1484 0.0697 -0.9865
vn 0.0174 -0.0184 0.9997
vn 0.0255 0.0492 0.9985
vn -0.1065 0.0085 0.9943
vn -0.0118 0.0409 0.9991
vn 0.0405 0.0186 0.9990
vn -0.8661 -0.4999 -0.0002
vn 0.8664 -0.4993 0.0001
vn 0.1583 -0.1976 -0.9674
vn 0.1601 -0.1983 0.9670
vn -0.5974 -0.8017 -0.0186
vn -0.6075 -0.7943 -0.0000
vn 0.0480 -0.8605 -0.5072
vn -0.1959 -0.9806 -0.0000
vn -0.0888 -0.9960 0.0002
vn 0.4647 -0.8855 -0.0008
vn 0.0183 -0.8534 -0.5209
vn 0.1945 -0.9809 0.0010
vn 0.2052 -0.9787 -0.0014
vn -0.3580 -0.9313 -0.0677
vn -0.0148 -0.9420 0.3354
vn 0.0842 -0.9803 0.1786
vn -0.6100 -0.7924 -0.0020
vn -0.2427 -0.9698 0.0250
vn -0.0950 -0.9955 -0.0035
vn 0.3025 -0.9528 0.0262
vn 0.2017 -0.9779 -0.0545
vn -0.3458 -0.9375 0.0383
vn -0.8947 -0.4466 -0.0000
vn -0.9946 0.0852 -0.0598
vn 0.0076 -0.0962 -0.9953
vn -0.0612 0.0093 -0.9981
vn 0.8658 -0.5003 -0.0005
vn -0.8559 -0.5134 -0.0615
vn -0.4047 -0.4625 -0.7889
vn -0.8841 -0.4672 -0.0000
vn -0.0888 0.0819 -0.9927
vn -0.9849 -0.1633 -0.0572
vn -0.0655 -0.0406 -0.9970
vn 0.8621 0.5066 -0.0125
vn 0.0196 -0.0653 -0.9977
vn -0.5700 0.8204 -0.0451
vn 0.0278 0.0277 -0.9992
vn -0.6071 0.7947 -0.0000
vn -0.8694 0.4927 -0.0377
vn -0.8862 0.4633 -0.0000
vn -0.4354 0.9003 0.0003
vn -0.7776 0.6288 -0.0001
vn 0.0182 0.9998 -0.0088
vn 0.2421 -0.3383 0.9094
vn 0.0009 -0.0007 1.0000
vn -0.8661 -0.4997 0.0150
vn -0.3410 -0.3406 0.8762
vn 0.3191 0.4634 0.8267
vn -0.8657 0.5005 -0.0020
vn -0.4052 0.3071 0.8611
vn 0.0005 -1.0000 -0.0004
vn -0.1288 0.9917 -0.0027
vn 0.4714 0.8774 -0.0889
vn 0.0840 -0.0006 -0.9965
vn -0.0075 0.0086 -0.9999
vn 0.2000 0.9796 0.0190
vn -0.1026 0.2940 -0.9503
vn 0.4279 0.9038 0.0065
vn 0.8757 0.4821 -0.0281
vn 0.8652 -0.5014 -0.0013
vn 0.5241 0.2287 0.8204
vn -0.0341 -0.0030 -0.9994
vn -0.2985 0.9534 -0.0447
vn -0.3345 0.9424 -0.0000
vn -0.3725 0.3991 -0.8378
vn 0.7812 0.6243 -0.0000
vn -0.0090 0.0389 -0.9992
vn -0.9284 0.3716 -0.0002
vn -0.7353 0.1349 -0.6641
vn -0.0533 0.2601 -0.9641
vn 0.1150 -0.4045 0.9073
vn -0.2371 -0.4048 0.8831
vn -0.8702 -0.4928 -0.0000
vn 0.9841 0.1773 0.0038
vn 0.7510 0.6583 -0.0517
vn 0.3413 0.9399 -0.0000
vn 0.8171 0.5754 -0.0363
vn -0.3153 -0.9490 -0.0000
vn -0.0032 0.0015 1.0000
vn 0.0433 0.0440 0.9981
vn -0.5552 -0.5308 0.6404
vn -0.2981 0.0865 0.9506
vn 0.0301 0.0174 0.9994
vn -0.0786 -0.0587 0.9952
vn 0.1781 -0.1895 0.9656
vn 0.1878 0.4731 0.8608
vn -0.6937 0.6505 -0.3092
vn -0.3382 -0.1506 0.9289
vn -0.1398 0.9035 0.4052
vn -0.5414 0.2032 0.8158
vn -0.0514 -0.0016 0.9987
vn 0.1707 0.1875 0.9673
vn 0.0608 -0.0053 0.9981
vn -0.0886 0.4419 0.8927
vn 0.0363 0.1635 0.9859
vn 0.4319 0.2909 -0.8537
vn -0.0278 -0.0015 0.9996
vn -0.3244 0.5029 0.8011
vn -0.0072 0.0382 0.9992
vn -0.6262 0.1172 0.7708
vn 0.0007 -0.0004 1.0000
vn 0.4372 -0.5427 0.7171
vn 0.8896 -0.4561 0.0239
vn 0.8993 -0.4374 -0.0012
vn 0.9875 0.1520 0.0422
vn 0.9906 -0.1346 -0.0263
vn 0.9638 0.0697 -0.2574
vn 0.9944 -0.1056 0.0006
vn 0.9931 0.1173 0.0020
vn 0.9859 -0.1654 -0.0245
vn 0.7792 0.6268 -0.0000
vn 0.9298 0.3635 -0.0576
vn 0.9952 0.0728 0.0647
vn 0.7306 -0.6828 0.0004
vn 0.0327 -0.0072 -0.9994
vn 0.0269 0.0325 -0.9991
vn 0.3970 -0.0058 -0.9178
vn 0.7150 0.6991 -0.0001
vn 0.1346 -0.0703 -0.9884
vn 0.0005 0.0013 1.0000
vn 0.0012 0.0008 1.0000
vn 0.6522 0.3417 0.6767
vn 0.2133 0.1511 0.9652
vn -0.9125 -0.4086 0.0214
vn -0.9944 0.1058 0.0007
vn 0.9010 -0.4339 -0.0000
vn -0.9791 -0.2035 -0.0014
vn 0.8660 0.5001 -0.0014
vn -0.8541 -0.5190 0.0330
vn -0.7989 0.6014 0.0003
vn -0.6068 0.7944 0.0273
vn -0.4715 0.8816 0.0218
vn -0.8732 0.4871 0.0148
vn 0.0009 1.0000 -0.0009
vn -0.8935 -0.4490 -0.0042
vn -0.8926 0.4508 0.0070
vn -0.0407 0.9988 -0.0283
vn 0.0005 -1.0000 -0.0006
vn -0.1123 0.9937 0.0015
vn 0.4726 0.8798 0.0507
vn 0.3969 0.9178 0.0090
vn 0.2000 0.9797 -0.0130
vn -0.9333 0.3591 0.0071
vn 0.8771 -0.4803 0.0072
vn -0.8378 -0.5459 -0.0012
vn 0.8693 0.4943 0.0042
vn 0.8657 -0.5005 0.0002
vn -0.3120 0.9500 0.0112
vn 0.9943 -0.1064 0.0092
vn 0.9934 0.1112 -0.0286
vn 0.9854 -0.1697 0.0114
vn 0.7918 0.6107 0.0122
vn 0.9175 0.3958 0.0395
vn -0.1598 -0.1596 -0.9742
vn -0.7084 -0.7058 -0.0000
vn -0.0036 -0.0237 -0.9997
vn 0.0005 0.0014 -1.0000
vn 0.7007 -0.7134 0.0004
vn 0.0093 -0.0250 -0.9996
vn 0.2283 -0.2742 -0.9342
vn -0.3065 -0.4523 0.8375
vn -0.0020 -0.0142 0.9999
vn -0.0046 -0.0079 1.0000
vn 0.0026 -0.0070 1.0000
vn 0.0084 -0.0149 0.9999
vn -0.7414 -0.6703 0.0309
vn -0.9482 0.3177 0.0001
vn -0.1502 -0.9887 0.0001
vn 0.3413 -0.9400 -0.0000
vn 0.8075 0.5899 -0.0002
vn 0.3430 0.9394 -0.0000
vn 0.7810 -0.6245 0.0002
vn 0.6390 -0.7692 -0.0001
vn 0.8073 -0.5901 -0.0002
vn 0.9483 -0.3173 0.0001
vn 0.3430 -0.9394 -0.0000
vn -0.1502 0.9887 0.0001
vn 0.3415 0.9399 -0.0000
s 0
f 2//1 5//1 4//1
f 6//2 5//2 3//2
f 9//3 10//3 13//3
f 15//4 16//4 14//4
f 11//5 14//5 12//5
f 18//6 17//6 16//6
f 9//7 13//7 11//7
f 22//8 23//8 21//8
f 27//9 30//9 29//9
f 24//10 27//10 23//10
f 19//11 23//11 20//11
f 27//12 26//12 25//12
f 23//13 25//13 20//13
f 35//14 38//14 37//14
f 32//15 37//15 34//15
f 46//16 47//16 45//16
f 45//17 44//17 43//17
f 49//18 52//18 51//18
f 54//19 55//19 53//19
f 52//20 57//20 51//20
f 50//21 55//21 52//21
f 52//22 56//22 57//22
f 29//23 46//23 45//23
f 26//24 45//24 43//24
f 42//25 53//25 41//25
f 31//26 24//26 22//26
f 46//27 51//27 48//27
f 39//28 46//28 30//28
f 59//29 58//29 19//29
f 64//30 63//30 9//30
f 72//31 69//31 70//31
f 74//32 78//32 75//32
f 76//33 74//33 73//33
f 70//34 61//34 62//34
f 74//35 66//35 65//35
f 73//36 65//36 64//36
f 58//37 9//37 19//37
f 64//38 58//38 60//38
f 68//39 73//39 67//39
f 67//40 64//40 60//40
f 75//41 79//41 66//41
f 83//42 80//42 82//42
f 85//43 80//43 81//43
f 89//44 90//44 88//44
f 88//45 93//45 89//45
f 88//46 94//46 92//46
f 99//47 98//47 97//47
f 95//48 98//48 96//48
f 105//49 106//49 104//49
f 105//50 101//50 102//50
f 106//51 101//51 104//51
f 108//52 111//52 110//52
f 108//53 113//53 109//53
f 108//54 114//54 112//54
f 121//55 116//55 117//55
f 122//56 119//56 118//56
f 119//57 121//57 117//57
f 129//58 125//58 126//58
f 110//59 87//59 86//59
f 85//60 111//60 109//60
f 98//61 116//61 97//61
f 99//62 119//62 100//62
f 107//63 125//63 106//63
f 106//64 124//64 104//64
f 95//65 83//65 82//65
f 87//66 97//66 86//66
f 86//67 95//67 82//67
f 110//68 120//68 114//68
f 91//69 101//69 90//69
f 101//70 94//70 90//70
f 83//71 88//71 81//71
f 85//72 94//72 87//72
f 92//73 81//73 88//73
f 100//74 104//74 98//74
f 96//75 104//75 101//75
f 124//76 119//76 117//76
f 123//77 127//77 121//77
f 96//78 90//78 83//78
f 94//79 98//79 87//79
f 124//80 98//80 104//80
f 119//81 106//81 100//81
f 97//82 110//82 86//82
f 130//83 91//83 89//83
f 93//84 130//84 89//84
f 131//85 107//85 105//85
f 126//86 107//86 132//86
f 139//87 140//87 138//87
f 136//88 140//88 135//88
f 134//89 136//89 135//89
f 138//90 136//90 134//90
f 149//91 148//91 147//91
f 151//92 149//92 147//92
f 154//93 155//93 153//93
f 160//94 157//94 159//94
f 161//95 159//95 157//95
f 162//96 152//96 151//96
f 158//97 149//97 157//97
f 161//98 149//98 152//98
f 157//99 156//99 154//99
f 163//100 152//100 162//100
f 165//101 148//101 150//101
f 167//102 158//102 160//102
f 166//103 150//103 158//103
f 72//104 137//104 71//104
f 77//105 142//105 78//105
f 141//106 76//106 140//106
f 59//107 135//107 68//107
f 141//108 72//108 77//108
f 140//109 68//109 135//109
f 144//110 113//110 112//110
f 114//111 144//111 112//111
f 121//112 153//112 120//112
f 155//113 123//113 122//113
f 153//114 122//114 120//114
f 160//115 128//115 129//115
f 128//116 157//116 127//116
f 145//117 115//117 113//117
f 127//118 154//118 121//118
f 156//119 128//119 123//119
f 114//120 153//120 146//120
f 167//121 129//121 133//121
f 85//122 61//122 84//122
f 70//123 113//123 72//123
f 65//124 93//124 92//124
f 92//125 63//125 65//125
f 115//126 72//126 113//126
f 62//127 109//127 70//127
f 137//128 145//128 144//128
f 147//129 142//129 141//129
f 151//130 141//130 139//130
f 141//131 145//131 137//131
f 79//132 93//132 66//132
f 164//133 142//133 148//133
f 137//134 112//134 71//134
f 115//135 141//135 77//135
f 1//136 22//136 21//136
f 4//137 32//137 31//137
f 8//138 35//138 7//138
f 5//139 35//139 32//139
f 4//140 22//140 1//140
f 63//141 10//141 9//141
f 90//142 13//142 88//142
f 103//143 18//143 101//143
f 90//144 18//144 15//144
f 88//145 10//145 63//145
f 11//146 3//146 2//146
f 4//147 11//147 2//147
f 7//148 17//148 8//148
f 12//149 6//149 3//149
f 9//150 4//150 1//150
f 26//151 59//151 25//151
f 71//152 28//152 69//152
f 19//153 9//153 21//153
f 61//154 28//154 24//154
f 82//155 31//155 32//155
f 80//156 33//156 31//156
f 34//157 82//157 32//157
f 38//158 97//158 37//158
f 120//159 42//159 41//159
f 42//160 118//160 40//160
f 37//161 86//161 34//161
f 38//162 118//162 99//162
f 44//163 134//163 43//163
f 48//164 138//164 47//164
f 138//165 44//165 47//165
f 144//166 50//166 49//166
f 146//167 53//167 50//167
f 163//168 57//168 56//168
f 84//169 24//169 33//169
f 71//170 39//170 30//170
f 57//171 139//171 48//171
f 43//172 59//172 26//172
f 144//173 39//173 112//173
f 41//174 153//174 120//174
f 21//175 9//175 1//175
f 172//176 173//176 171//176
f 176//1 177//1 175//1
f 173//1 176//1 175//1
f 177//177 180//177 179//177
f 183//178 172//178 182//178
f 185//179 182//179 184//179
f 188//180 183//180 187//180
f 187//181 186//181 185//181
f 191//182 188//182 192//182
f 191//183 183//183 189//183
f 169//184 172//184 171//184
f 180//185 190//185 179//185
f 183//186 180//186 178//186
f 36//187 173//187 38//187
f 175//188 42//188 40//188
f 38//189 175//189 40//189
f 54//190 181//190 56//190
f 177//191 54//191 42//191
f 185//192 103//192 106//192
f 128//193 187//193 125//193
f 187//194 106//194 125//194
f 163//195 192//195 159//195
f 192//196 163//196 190//196
f 159//197 188//197 128//197
f 8//198 169//198 168//198
f 181//199 163//199 56//199
f 168//200 36//200 8//200
f 103//201 170//201 17//201
f 193//202 195//202 194//202
f 196//203 195//203 193//203
f 200//204 203//204 199//204
f 198//205 203//205 201//205
f 205//206 200//206 198//206
f 202//207 205//207 198//207
f 207//208 200//208 205//208
f 211//209 210//209 209//209
f 204//210 208//210 203//210
f 207//211 209//211 204//211
f 195//212 201//212 194//212
f 197//213 202//213 195//213
f 216//214 214//214 215//214
f 78//215 238//215 75//215
f 222//216 226//216 223//216
f 222//217 227//217 225//217
f 226//218 228//218 223//218
f 234//219 233//219 232//219
f 235//220 236//220 233//220
f 238//221 218//221 239//221
f 231//222 241//222 240//222
f 219//223 233//223 220//223
f 233//224 221//224 220//224
f 227//225 238//225 225//225
f 220//226 225//226 219//226
f 232//227 239//227 234//227
f 221//228 226//228 220//228
f 219//229 238//229 232//229
f 133//230 126//230 245//230
f 242//231 244//231 91//231
f 248//232 231//232 247//232
f 244//233 132//233 131//233
f 257//234 254//234 256//234
f 260//235 253//235 259//235
f 255//236 247//236 254//236
f 252//237 249//237 248//237
f 257//238 259//238 255//238
f 255//239 252//239 248//239
f 268//240 266//240 267//240
f 266//241 265//241 264//241
f 143//242 266//242 264//242
f 271//243 270//243 268//243
f 270//244 269//244 265//244
f 272//245 268//245 267//245
f 272//246 271//246 268//246
f 265//247 262//247 264//247
f 269//248 262//248 265//248
f 164//249 275//249 274//249
f 256//250 278//250 277//250
f 279//251 282//251 281//251
f 289//252 286//252 288//252
f 291//253 287//253 289//253
f 294//254 293//254 292//254
f 274//255 288//255 286//255
f 283//256 294//256 282//256
f 281//257 294//257 292//257
f 296//258 283//258 285//258
f 279//259 275//259 165//259
f 292//260 289//260 288//260
f 295//261 289//261 293//261
f 296//262 293//262 294//262
f 275//263 292//263 288//263
f 143//264 218//264 78//264
f 262//265 235//265 234//265
f 262//266 237//266 235//266
f 218//267 264//267 239//267
f 239//268 262//268 234//268
f 260//269 284//269 261//269
f 284//270 257//270 277//270
f 224//271 243//271 227//271
f 247//272 231//272 230//272
f 256//273 240//273 241//273
f 240//274 247//274 230//274
f 164//275 267//275 143//275
f 287//276 272//276 286//276
f 290//277 272//277 287//277
f 274//278 272//278 267//278
f 79//279 238//279 227//279
f 130//280 243//280 246//280
f 280//281 166//281 167//281
f 280//282 133//282 258//282
f 300//283 299//283 298//283
f 306//284 304//284 305//284
f 304//285 301//285 300//285
f 305//286 302//286 303//286
f 304//287 297//287 302//287
f 310//288 307//288 309//288
f 313//289 311//289 312//289
f 318//290 315//290 317//290
f 315//291 313//291 312//291
f 310//292 311//292 308//292
f 322//293 319//293 321//293
f 326//294 323//294 325//294
f 329//295 328//295 327//295
f 332//296 325//296 331//296
f 296//297 329//297 333//297
f 326//298 327//298 324//298
f 333//299 326//299 332//299
f 319//300 306//300 305//300
f 263//301 305//301 303//301
f 327//302 318//302 317//302
f 301//303 307//303 299//303
f 325//304 320//304 322//304
f 273//305 325//305 322//305
f 320//306 314//306 306//306
f 193//307 224//307 222//307
f 223//308 196//308 193//308
f 201//309 242//309 246//309
f 208//1 250//1 244//1
f 251//310 210//310 212//310
f 208//311 242//311 203//311
f 194//312 246//312 224//312
f 299//313 196//313 298//313
f 308//314 215//314 307//314
f 251//315 217//315 311//315
f 308//316 217//316 216//316
f 299//317 215//317 213//317
f 206//318 214//318 205//318
f 214//319 207//319 205//319
f 217//320 212//320 211//320
f 207//321 217//321 211//321
f 197//322 215//322 206//322
f 229//323 298//323 228//323
f 236//324 303//324 302//324
f 301//325 241//325 231//325
f 221//326 300//326 229//326
f 236//327 297//327 221//327
f 249//328 309//328 231//328
f 261//329 315//329 253//329
f 312//330 249//330 253//330
f 253//331 315//331 312//331
f 322//332 270//332 271//332
f 270//333 319//333 269//333
f 271//334 273//334 322//334
f 323//335 278//335 276//335
f 291//336 331//336 290//336
f 324//337 284//337 278//337
f 333//338 291//338 295//338
f 296//339 285//339 330//339
f 237//340 263//340 303//340
f 314//341 276//341 241//341
f 261//342 327//342 317//342
f 336//343 337//343 335//343
f 339//344 334//344 338//344
f 344//345 343//345 342//345
f 340//346 344//346 342//346
f 347//347 343//347 344//347
f 347//348 341//348 345//348
f 337//349 340//349 335//349
f 341//350 337//350 339//350
f 349//351 350//351 348//351
f 352//352 349//352 351//352
f 343//353 348//353 342//353
f 351//354 343//354 346//354
f 347//355 355//355 357//355
f 355//356 354//356 353//356
f 347//357 345//357 356//357
f 354//358 345//358 339//358
f 352//359 351//359 358//359
f 358//360 346//360 357//360
f 334//361 132//361 250//361
f 245//362 342//362 258//362
f 251//363 334//363 250//363
f 335//364 245//364 132//364
f 350//365 283//365 282//365
f 348//366 282//366 280//366
f 352//367 283//367 350//367
f 258//368 348//368 280//368
f 353//369 251//369 313//369
f 357//370 316//370 318//370
f 316//371 353//371 313//371
f 352//372 328//372 330//372
f 328//373 357//373 318//373
f 362//374 365//374 364//374
f 366//375 369//375 368//375
f 365//376 366//376 364//376
f 369//377 370//377 368//377
f 373//378 360//378 362//378
f 374//379 373//379 362//379
f 377//380 373//380 376//380
f 380//381 378//381 379//381
f 378//382 377//382 376//382
f 381//383 380//383 379//383
f 374//384 381//384 379//384
f 362//385 360//385 363//385
f 382//386 370//386 371//386
f 370//387 374//387 368//387
f 388//388 389//388 387//388
f 384//389 389//389 386//389
f 385//390 393//390 392//390
f 399//391 398//391 397//391
f 399//392 393//392 395//392
f 385//393 395//393 393//393
f 397//394 396//394 392//394
f 398//395 400//395 396//395
f 403//396 404//396 402//396
f 406//397 405//397 403//397
f 414//398 417//398 416//398
f 420//399 423//399 422//399
f 416//400 421//400 420//400
f 418//401 417//401 415//401
f 421//402 425//402 423//402
f 417//403 424//403 421//403
f 426//404 429//404 428//404
f 430//405 433//405 432//405
f 430//406 429//406 427//406
f 432//407 428//407 429//407
f 435//408 438//408 437//408
f 436//409 440//409 438//409
f 411//410 427//410 426//410
f 423//411 435//411 422//411
f 425//412 436//412 423//412
f 407//413 416//413 409//413
f 435//414 433//414 431//414
f 433//415 437//415 434//415
f 413//416 435//416 431//416
f 446//417 443//417 445//417
f 446//418 441//418 442//418
f 450//419 453//419 452//419
f 448//420 453//420 449//420
f 450//421 448//421 447//421
f 456//422 455//422 454//422
f 456//423 461//423 457//423
f 463//424 464//424 462//424
f 468//425 464//425 465//425
f 464//426 466//426 462//426
f 470//427 473//427 469//427
f 471//428 476//428 472//428
f 470//429 476//429 474//429
f 477//430 481//430 478//430
f 484//431 485//431 483//431
f 489//432 485//432 486//432
f 485//433 487//433 483//433
f 470//434 443//434 444//434
f 471//435 446//435 445//435
f 477//436 451//436 450//436
f 450//437 479//437 477//437
f 459//438 483//438 458//438
f 461//439 484//439 459//439
f 455//440 441//440 454//440
f 445//441 459//441 458//441
f 458//442 441//442 445//442
f 483//443 475//443 471//443
f 449//444 462//444 448//444
f 448//445 466//445 452//445
f 452//446 444//446 446//446
f 452//447 442//447 448//447
f 457//448 462//448 455//448
f 466//449 461//449 459//449
f 457//450 467//450 464//450
f 470//451 479//451 472//451
f 482//452 474//452 476//452
f 455//453 448//453 442//453
f 446//454 466//454 459//454
f 450//455 470//455 444//455
f 446//456 479//456 452//456
f 445//457 483//457 471//457
f 491//458 453//458 451//458
f 478//459 491//459 451//459
f 501//460 497//460 499//460
f 502//461 503//461 418//461
f 505//462 508//462 506//462
f 513//463 509//463 510//463
f 514//464 509//464 512//464
f 495//465 506//465 496//465
f 500//466 509//466 499//466
f 511//467 499//467 509//467
f 501//468 502//468 498//468
f 516//469 511//469 514//469
f 516//470 503//470 515//470
f 515//471 501//471 511//471
f 510//472 500//472 517//472
f 518//473 521//473 520//473
f 524//474 523//474 522//474
f 527//475 522//475 526//475
f 534//476 531//476 533//476
f 536//477 531//477 535//477
f 531//478 525//478 524//478
f 527//479 531//479 524//479
f 519//480 524//480 521//480
f 526//481 535//481 527//481
f 539//482 523//482 525//482
f 541//483 532//483 534//483
f 540//484 525//484 532//484
f 544//485 548//485 546//485
f 552//486 548//486 549//486
f 552//487 545//487 551//487
f 474//488 518//488 473//488
f 520//489 476//489 475//489
f 520//490 473//490 518//490
f 480//491 523//491 481//491
f 480//492 524//492 522//492
f 489//493 529//493 488//493
f 487//494 529//494 528//494
f 480//495 519//495 474//495
f 521//496 482//496 476//496
f 490//497 530//497 489//497
f 487//498 520//498 475//498
f 523//499 494//499 481//499
f 542//500 508//500 507//500
f 547//501 512//501 513//501
f 546//502 514//502 512//502
f 543//503 512//503 508//503
f 551//504 503//504 516//504
f 548//505 516//505 514//505
f 495//506 461//506 460//506
f 506//507 489//507 486//507
f 468//508 499//508 467//508
f 467//509 497//509 464//509
f 508//510 490//510 489//510
f 496//511 486//511 461//511
f 530//512 542//512 529//512
f 547//513 533//513 546//513
f 536//514 546//514 533//514
f 530//515 546//515 543//515
f 544//516 536//516 537//516
f 493//517 500//517 468//517
f 553//518 534//518 547//518
f 542//519 488//519 529//519
f 490//520 546//520 533//520
f 385//521 403//521 402//521
f 390//522 406//522 389//522
f 389//523 403//523 386//523
f 390//524 414//524 407//524
f 447//525 395//525 394//525
f 464//526 399//526 462//526
f 462//527 395//527 448//527
f 498//528 400//528 401//528
f 464//529 401//529 398//529
f 387//530 396//530 388//530
f 396//531 390//531 388//531
f 384//532 392//532 387//532
f 445//533 404//533 405//533
f 456//534 406//534 407//534
f 458//535 406//535 454//535
f 407//536 460//536 456//536
f 411//537 475//537 412//537
f 469//538 411//538 410//538
f 458//539 405//539 408//539
f 469//540 404//540 443//540
f 420//541 507//541 505//541
f 400//542 418//542 415//542
f 420//543 495//543 416//543
f 430//544 529//544 431//544
f 427//545 528//545 430//545
f 434//546 526//546 428//546
f 545//547 437//547 438//547
f 550//548 440//548 439//548
f 440//549 545//549 438//549
f 416//550 460//550 409//550
f 413//551 507//551 422//551
f 544//552 434//552 437//552
f 520//553 412//553 475//553
f 413//554 529//554 488//554
f 503//555 439//555 425//555
f 400//556 415//556 391//556
f 402//557 365//557 363//557
f 367//558 411//558 369//558
f 404//559 367//559 365//559
f 426//560 372//560 371//560
f 369//561 426//561 371//561
f 360//562 394//562 385//562
f 377//563 447//563 375//563
f 480//564 377//564 380//564
f 428//565 383//565 382//565
f 522//566 380//566 383//566
f 360//567 385//567 359//567
f 359//568 402//568 363//568
f 447//569 361//569 375//569
f 556//570 558//570 557//570
f 554//571 558//571 555//571
f 559//572 558//572 556//572
f 564//573 562//573 563//573
f 561//574 562//574 560//574
f 567//575 562//575 564//575
f 562//576 565//576 560//576
f 556//577 561//577 560//577
f 560//578 559//578 556//578
f 570//579 569//579 568//579
f 572//580 571//580 569//580
f 568//581 564//581 563//581
f 569//582 567//582 564//582
f 566//583 577//583 576//583
f 577//584 574//584 576//584
f 559//585 573//585 555//585
f 565//586 566//586 576//586
f 565//587 574//587 559//587
f 571//588 572//588 579//588
f 567//589 579//589 578//589
f 583//590 582//590 580//590
f 588//591 586//591 585//591
f 587//592 588//592 585//592
f 592//593 587//593 586//593
f 589//594 592//594 586//594
f 594//595 587//595 592//595
f 581//596 589//596 588//596
f 584//597 589//597 582//597
f 596//598 597//598 595//598
f 598//599 597//599 596//599
f 590//600 596//600 595//600
f 594//601 596//601 591//601
f 606//602 605//602 463//602
f 494//603 607//603 478//603
f 604//604 491//604 608//604
f 616//605 613//605 615//605
f 611//606 619//606 618//606
f 623//607 622//607 621//607
f 621//608 615//608 613//608
f 614//609 610//609 613//609
f 623//610 618//610 619//610
f 621//611 610//611 618//611
f 627//612 510//612 626//612
f 633//613 629//613 630//613
f 629//614 631//614 628//614
f 636//615 630//615 634//615
f 625//616 635//616 641//616
f 643//617 644//617 642//617
f 647//618 643//618 646//618
f 643//619 637//619 638//619
f 646//620 638//620 639//620
f 632//621 638//621 637//621
f 642//622 640//622 626//622
f 636//623 638//623 633//623
f 637//624 626//624 632//624
f 649//625 650//625 648//625
f 541//626 655//626 540//626
f 658//627 624//627 657//627
f 662//628 660//628 661//628
f 664//629 663//629 662//629
f 667//630 666//630 665//630
f 670//631 666//631 668//631
f 660//632 651//632 650//632
f 652//633 660//633 650//633
f 663//634 654//634 651//634
f 656//635 665//635 655//635
f 649//636 655//636 652//636
f 666//637 661//637 665//637
f 669//638 662//638 666//638
f 655//639 661//639 652//639
f 675//640 674//640 673//640
f 672//641 675//641 671//641
f 553//642 675//642 673//642
f 678//643 672//643 676//643
f 674//644 681//644 673//644
f 681//645 674//645 677//645
f 679//646 672//646 671//646
f 680//647 672//647 679//647
f 678//648 674//648 675//648
f 653//649 619//649 620//649
f 624//650 623//650 657//650
f 653//651 623//651 619//651
f 553//652 513//652 627//652
f 627//653 671//653 553//653
f 645//654 679//654 644//654
f 680//655 645//655 647//655
f 640//656 679//656 671//656
f 628//657 493//657 612//657
f 624//658 641//658 622//658
f 641//659 615//659 622//659
f 541//660 673//660 656//660
f 681//661 668//661 667//661
f 656//662 681//662 667//662
f 493//663 605//663 612//663
f 626//664 517//664 631//664
f 539//665 648//665 538//665
f 494//666 648//666 617//666
f 683//315 682//315 609//315
f 687//667 686//667 685//667
f 691//668 690//668 689//668
f 690//669 683//669 689//669
f 687//670 682//670 684//670
f 697//671 694//671 696//671
f 700//672 699//672 696//672
f 701//673 702//673 699//673
f 699//674 698//674 697//674
f 707//675 704//675 706//675
f 710//676 709//676 708//676
f 663//677 707//677 706//677
f 713//678 711//678 710//678
f 710//679 705//679 707//679
f 712//680 710//680 707//680
f 717//681 716//681 715//681
f 705//315 691//315 704//315
f 716//682 700//682 715//682
f 680//683 701//683 716//683
f 696//684 686//684 688//684
f 711//685 715//685 709//685
f 719//686 711//686 714//686
f 715//687 693//687 709//687
f 581//688 608//688 580//688
f 609//689 583//689 580//689
f 590//690 606//690 588//690
f 581//1 606//1 604//1
f 597//691 628//691 595//691
f 634//692 597//692 599//692
f 595//693 612//693 590//693
f 609//694 600//694 583//694
f 685//695 602//695 593//695
f 685//696 600//696 682//696
f 694//697 599//697 603//697
f 694//698 602//698 686//698
f 583//699 600//699 584//699
f 593//700 601//700 592//700
f 601//701 594//701 592//701
f 600//702 593//702 584//702
f 602//703 598//703 594//703
f 688//704 614//704 616//704
f 690//705 620//705 611//705
f 614//706 684//706 611//706
f 690//707 611//707 684//707
f 695//708 636//708 634//708
f 625//709 696//709 635//709
f 703//710 646//710 702//710
f 697//711 639//711 636//711
f 698//712 646//712 639//712
f 658//713 709//713 659//713
f 714//714 669//714 670//714
f 653//715 708//715 658//715
f 669//716 712//716 664//716
f 654//717 663//717 706//717
f 678//718 717//718 677//718
f 716//719 678//719 676//719
f 719//720 677//720 717//720
f 635//721 688//721 616//721
f 719//722 670//722 681//722
f 705//723 620//723 692//723
f 659//724 693//724 625//724
f 680//725 647//725 703//725
f 555//726 608//726 554//726
f 554//727 491//727 557//727
f 607//728 563//728 561//728
f 557//729 607//729 561//729
f 651//730 570//730 650//730
f 568//731 650//731 570//731
f 654//732 572//732 651//732
f 617//733 568//733 563//733
f 575//734 609//734 573//734
f 578//735 689//735 577//735
f 689//736 575//736 577//736
f 572//737 704//737 579//737
f 704//738 578//738 579//738
f 723//739 725//739 724//739
f 721//740 724//740 722//740
f 728//741 731//741 730//741
f 729//742 733//742 732//742
f 726//743 729//743 728//743
f 727//744 729//744 726//744
f 736//745 739//745 738//745
f 742//746 745//746 744//746
f 738//747 743//747 742//747
f 734//748 738//748 735//748
f 742//749 741//749 740//749
f 735//750 742//750 740//750
f 755//751 756//751 754//751
f 754//752 753//752 751//752
f 725//753 736//753 724//753
f 724//754 734//754 722//754
f 732//755 748//755 747//755
f 728//756 725//756 720//756
f 743//757 752//757 745//757
f 730//758 737//758 725//758
f 766//759 758//759 765//759
f 766//760 761//760 762//760
f 776//761 779//761 778//761
f 776//762 775//762 774//762
f 782//763 781//763 780//763
f 786//764 787//764 785//764
f 787//765 784//765 785//765
f 775//766 769//766 774//766
f 779//767 785//767 778//767
f 778//768 784//768 775//768
f 783//769 785//769 781//769
f 775//770 770//770 769//770
f 789//771 779//771 777//771
f 791//772 788//772 786//772
f 790//773 786//773 779//773
f 797//774 798//774 796//774
f 801//775 804//775 802//775
f 803//776 801//776 800//776
f 813//777 810//777 812//777
f 799//778 807//778 798//778
f 811//779 803//779 810//779
f 809//780 805//780 741//780
f 803//781 794//781 795//781
f 805//782 810//782 806//782
f 793//783 805//783 806//783
f 793//784 806//784 795//784
f 810//785 795//785 806//785
f 820//786 817//786 819//786
f 817//787 815//787 814//787
f 816//788 817//788 814//788
f 823//789 826//789 822//789
f 824//790 829//790 825//790
f 823//791 829//791 827//791
f 832//792 834//792 831//792
f 840//793 842//793 841//793
f 837//794 840//794 836//794
f 848//795 847//795 846//795
f 846//796 844//796 843//796
f 845//797 846//797 843//797
f 851//798 852//798 850//798
f 854//799 851//799 850//799
f 858//800 857//800 856//800
f 857//801 860//801 856//801
f 860//802 858//802 856//802
f 819//803 839//803 820//803
f 820//804 837//804 818//804
f 851//805 826//805 827//805
f 852//806 829//806 828//806
f 835//807 858//807 834//807
f 833//808 858//808 856//808
f 822//809 819//809 816//809
f 850//810 839//810 838//810
f 842//811 854//811 841//811
f 854//812 838//812 841//812
f 860//813 849//813 848//813
f 845//814 860//814 848//814
f 830//815 825//815 823//815
f 834//816 827//816 829//816
f 845//817 837//817 839//817
f 846//818 842//818 840//818
f 843//819 840//819 837//819
f 856//820 853//820 851//820
f 855//821 856//821 851//821
f 851//822 845//822 839//822
f 848//823 855//823 842//823
f 833//824 851//824 827//824
f 853//825 834//825 829//825
f 819//826 850//826 838//826
f 835//827 832//827 863//827
f 861//828 857//828 865//828
f 793//829 760//829 759//829
f 797//830 763//830 764//830
f 767//831 802//831 768//831
f 800//832 767//832 766//832
f 793//833 762//833 760//833
f 801//834 764//834 767//834
f 794//835 766//835 762//835
f 771//836 815//836 772//836
f 771//837 816//837 814//837
f 823//838 780//838 781//838
f 782//839 825//839 783//839
f 822//840 782//840 780//840
f 788//841 831//841 787//841
f 787//842 830//842 785//842
f 772//843 821//843 776//843
f 830//844 781//844 785//844
f 783//845 831//845 787//845
f 780//846 816//846 773//846
f 863//847 788//847 792//847
f 772//848 763//848 771//848
f 767//849 777//849 776//849
f 767//850 774//850 758//850
f 776//851 764//851 772//851
f 797//852 818//852 799//852
f 807//853 837//853 836//853
f 813//854 843//854 811//854
f 801//855 815//855 797//855
f 799//856 837//856 808//856
f 814//857 763//857 796//857
f 767//858 821//858 801//858
f 868//1 869//1 867//1
f 868//859 873//859 870//859
f 882//860 878//860 879//860
f 879//861 875//861 876//861
f 882//862 876//862 880//862
f 877//863 809//863 875//863
f 745//864 866//864 744//864
f 752//865 868//865 867//865
f 756//866 872//866 871//866
f 756//867 868//867 753//867
f 745//868 867//868 866//868
f 874//869 813//869 812//869
f 877//870 848//870 846//870
f 880//871 862//871 860//871
f 880//872 848//872 878//872
f 874//873 846//873 813//873
f 760//874 720//874 723//874
f 721//875 760//875 723//875
f 731//876 771//876 730//876
f 726//877 770//877 727//877
f 780//878 731//878 732//878
f 735//879 793//879 734//879
f 796//880 739//880 737//880
f 741//881 793//881 740//881
f 809//882 741//882 744//882
f 740//883 793//883 735//883
f 807//884 739//884 798//884
f 824//885 747//885 748//885
f 748//886 828//886 824//886
f 752//887 841//887 753//887
f 840//888 750//888 836//888
f 751//889 841//889 838//889
f 754//890 852//890 755//890
f 838//891 754//891 751//891
f 749//892 852//892 828//892
f 758//893 726//893 720//893
f 814//894 737//894 746//894
f 743//895 836//895 750//895
f 722//896 793//896 759//896
f 814//897 730//897 771//897
f 732//898 822//898 780//898
f 870//899 875//899 869//899
f 881//900 871//900 872//900
f 880//901 873//901 871//901
f 873//902 876//902 870//902
f 867//903 809//903 866//903
f 886//1 889//1 888//1
f 890//904 893//904 892//904
f 889//1 890//1 888//1
f 885//905 886//905 884//905
f 894//906 895//906 885//906
f 901//315 898//315 900//315
f 903//907 902//907 893//907
f 903//908 904//908 906//908
f 904//315 901//315 900//315
f 901//909 897//909 899//909
f 903//910 897//910 905//910
f 905//911 897//911 901//911
f 897//912 885//912 895//912
f 898//913 895//913 896//913
f 908//914 902//914 906//914
f 894//915 885//915 884//915
f 894//916 884//916 883//916
f 897//909 889//909 887//909
f 893//917 902//917 892//917
f 897//918 893//918 891//918
f 897//919 891//919 889//919
f 902//920 907//920 892//920
f 883//921 733//921 727//921
f 748//922 888//922 749//922
f 890//923 757//923 755//923
f 888//924 755//924 749//924
f 733//925 886//925 748//925
f 896//926 770//926 787//926
f 770//927 896//927 894//927
f 900//928 831//928 834//928
f 862//929 904//929 858//929
f 858//930 900//930 834//930
f 898//931 787//931 831//931
f 770//932 883//932 727//932
f 902//933 872//933 907//933
f 757//934 907//934 872//934
f 908//935 862//935 881//935
f 913//936 915//936 914//936
f 913//937 909//937 916//937
f 918//938 915//938 913//938
f 917//939 918//939 913//939
f 911//940 917//940 916//940
f 912//941 917//941 911//941
f 921//942 924//942 923//942
f 925//943 924//943 922//943
f 928//944 929//944 927//944
f 930//945 931//945 928//945
f 933//946 789//946 932//946
f 937//947 934//947 936//947
f 939//948 941//948 938//948
f 923//949 932//949 921//949
f 929//950 938//950 927//950
f 924//951 927//951 923//951
f 933//952 941//952 790//952
f 926//953 928//953 924//953
f 940//954 929//954 931//954
f 927//955 933//955 923//955
f 954//956 945//956 802//956
f 947//957 950//957 948//957
f 950//958 951//958 948//958
f 945//959 954//959 953//959
f 964//960 962//960 961//960
f 963//961 964//961 961//961
f 965//962 967//962 962//962
f 958//963 950//963 949//963
f 959//964 952//964 950//964
f 954//965 963//965 961//965
f 957//966 968//966 956//966
f 953//967 949//967 947//967
f 961//968 959//968 958//968
f 967//969 959//969 962//969
f 954//970 958//970 949//970
f 972//971 864//971 849//971
f 973//972 835//972 970//972
f 976//973 975//973 934//973
f 979//974 982//974 980//974
f 957//975 985//975 984//975
f 973//976 974//976 865//976
f 984//977 977//977 976//977
f 988//978 982//978 981//978
f 981//979 975//979 977//979
f 986//980 988//980 985//980
f 988//981 977//981 985//981
f 948//982 912//982 911//982
f 916//983 945//983 953//983
f 911//984 953//984 947//984
f 975//985 944//985 936//985
f 910//986 922//986 921//986
f 914//987 789//987 909//987
f 910//988 932//988 914//988
f 971//989 966//989 963//989
f 956//990 934//990 955//990
f 968//991 957//991 984//991
f 984//992 956//992 968//992
f 791//993 942//993 792//993
f 978//827 970//827 863//827
f 942//994 863//994 792//994
f 993//995 992//995 991//995
f 1000//996 999//996 998//996
f 1005//997 1002//997 1004//997
f 998//998 996//998 995//998
f 1002//999 931//999 997//999
f 1004//1000 999//1000 1001//1000
f 999//1001 997//1001 996//1001
f 1010//1002 1009//1002 1008//1002
f 1015//1003 1013//1003 1014//1003
f 1011//1004 1010//1004 1013//1004
f 1007//1005 1008//1005 1006//1005
f 1012//1006 1010//1006 1007//1006
f 1019//1007 1018//1007 1017//1007
f 1023//1008 1022//1008 1021//1008
f 1027//1009 1026//1009 1025//1009
f 1026//1010 1019//1010 1025//1010
f 1027//1011 1022//1011 1024//1011
f 1009//1012 993//1012 1008//1012
f 1008//1013 912//1013 1006//1013
f 1018//1014 1004//1014 1017//1014
f 994//1015 998//1015 992//1015
f 998//1016 990//1016 992//1016
f 1023//1017 1011//1017 1015//1017
f 1016//1018 994//1018 1009//1018
f 1030//1019 1028//1019 1029//1019
f 1032//1020 1028//1020 1030//1020
f 1037//1021 1034//1021 1033//1021
f 1039//1022 1035//1022 1036//1022
f 1035//1023 1037//1023 1033//1023
f 1042//1024 1037//1024 1039//1024
f 1037//1025 1040//1025 1034//1025
f 1042//1026 1036//1026 1041//1026
f 1047//1027 1044//1027 1045//1027
f 1043//1028 1036//1028 1035//1028
f 1046//1029 1036//1029 1044//1029
f 1033//1030 1030//1030 1029//1030
f 1040//1031 1030//1031 1034//1031
f 1050//1032 1041//1032 1049//1032
f 964//1033 1028//1033 965//1033
f 966//1034 1028//1034 964//1034
f 1028//1035 969//1035 965//1035
f 972//1036 1033//1036 983//1036
f 987//1 1043//1 974//1
f 1045//1037 987//1037 989//1037
f 972//1038 1043//1038 1035//1038
f 983//1039 1029//1039 966//1039
f 1031//1040 1015//1040 1014//1040
f 1049//1041 1024//1041 1023//1041
f 1051//315 989//315 1027//315
f 1051//1042 1024//1042 1041//1042
f 1049//1043 1015//1043 1048//1043
f 918//1044 992//1044 919//1044
f 918//1045 993//1045 991//1045
f 919//1046 990//1046 910//1046
f 995//1047 926//1047 925//1047
f 937//1048 1000//1048 935//1048
f 926//1049 997//1049 930//1049
f 944//1050 1001//1050 937//1050
f 952//1051 1006//1051 951//1051
f 1011//1052 955//1052 1009//1052
f 967//1053 1014//1053 1013//1053
f 1013//1054 960//1054 967//1054
f 952//1055 1012//1055 1007//1055
f 980//1056 1019//1056 1017//1056
f 1021//1057 986//1057 957//1057
f 986//1058 1025//1058 982//1058
f 990//1059 925//1059 910//1059
f 1016//1060 935//1060 1000//1060
f 980//1061 1004//1061 944//1061
f 1040//1062 1050//1062 1049//1062
f 1047//1063 1051//1063 1046//1063
f 1051//1064 1041//1064 1046//1064
f 1049//1065 1032//1065 1040//1065
f 969//1066 1031//1066 1014//1066
f 1054//1067 1052//1067 1055//1067
f 1058//1068 1059//1068 1057//1068
f 1059//1069 1060//1069 1057//1069
f 1062//1070 1059//1070 1058//1070
f 1064//1071 1059//1071 1063//1071
f 1067//1072 1066//1072 1065//1072
f 1066//1073 1068//1073 1065//1073
f 1069//1074 1066//1074 1070//1074
f 1060//1075 1067//1075 1065//1075
f 1070//1076 1061//1076 1064//1076
f 1070//1077 1066//1077 1067//1077
f 1058//1078 1053//1078 1054//1078
f 1062//1079 1054//1079 1056//1079
f 1073//1080 1063//1080 1072//1080
f 1076//1081 1073//1081 1075//1081
f 1077//1082 1070//1082 1075//1082
f 1076//1083 1064//1083 1074//1083
f 1071//1084 1062//1084 1056//1084
f 940//1085 1052//1085 939//1085
f 939//1086 1053//1086 942//1086
f 943//1087 1055//1087 940//1087
f 1057//1088 970//1088 978//1088
f 1069//1089 987//1089 1068//1089
f 973//1090 1068//1090 987//1090
f 970//1091 1065//1091 973//1091
f 1053//1092 978//1092 942//1092
f 1005//1093 1055//1093 1003//1093
f 1020//1094 1072//1094 1018//1094
f 989//1095 1075//1095 1026//1095
f 1075//1096 1020//1096 1026//1096
f 1072//1097 1005//1097 1018//1097
f 1082//1098 1083//1098 1081//1098
f 1086//1099 1087//1099 1085//1099
f 1083//1100 1086//1100 1085//1100
f 1079//1101 1082//1101 1081//1101
f 1090//1102 1089//1102 1079//1102
f 1095//1103 1094//1103 1093//1103
f 1097//1104 1100//1104 1099//1104
f 1099//1105 1096//1105 1095//1105
f 1092//1106 1095//1106 1093//1106
f 1092//1107 1097//1107 1099//1107
f 1092//1108 1099//1108 1095//1108
f 1079//379 1092//379 1090//379
f 1094//1109 1090//1109 1093//1109
f 1098//1110 1104//1110 1101//1110
f 1079//1111 1089//1111 1080//1111
f 1080//1112 1089//1112 1078//1112
f 1083//1106 1092//1106 1081//1106
f 1098//1113 1087//1113 1088//1113
f 1087//1114 1092//1114 1085//1114
f 1085//1115 1092//1115 1083//1115
f 1102//1116 1098//1116 1088//1116
f 1107//1117 1108//1117 1105//1117
f 1110//1118 1111//1118 1107//1118
f 1107//1119 1111//1119 1109//1119
f 1114//1120 1115//1120 1113//1120
f 1117//1121 1116//1121 1114//1121
f 1123//1122 1126//1122 1125//1122
f 1124//1123 1129//1123 1126//1123
f 1132//1124 1133//1124 1131//1124
f 1138//1125 1139//1125 1137//1125
f 1134//1126 1137//1126 1133//1126
f 1135//1127 1134//1127 1132//1127
f 1138//1128 1142//1128 1140//1128
f 1136//1129 1138//1129 1134//1129
f 1109//1130 1119//1130 1108//1130
f 1115//1131 1132//1131 1131//1131
f 1116//1132 1135//1132 1132//1132
f 1110//1133 1115//1133 1112//1133
f 1113//1134 1110//1134 1106//1134
f 1137//1135 1130//1135 1128//1135
f 1112//1136 1131//1136 1122//1136
f 1148//1137 1145//1137 1147//1137
f 1150//1138 1153//1138 1152//1138
f 1150//1139 1149//1139 1143//1139
f 1160//1140 1161//1140 1159//1140
f 1161//1141 1157//1141 1159//1141
f 1152//1142 1160//1142 1159//1142
f 1159//1143 1149//1143 1152//1143
f 1152//1144 1146//1144 1148//1144
f 1157//1145 1143//1145 1149//1145
f 1163//1146 1153//1146 1151//1146
f 1165//1147 1162//1147 1160//1147
f 1164//1148 1160//1148 1153//1148
f 1174//1149 1167//1149 1172//1149
f 1174//1150 1176//1150 1171//1150
f 1183//1151 1178//1151 1179//1151
f 1184//1152 1181//1152 1180//1152
f 1181//1153 1183//1153 1179//1153
f 1189//1154 1187//1154 1186//1154
f 1197//1155 1196//1155 1195//1155
f 1194//1156 1197//1156 1193//1156
f 1192//1157 1197//1157 1195//1157
f 1200//1158 1203//1158 1202//1158
f 1203//1159 1204//1159 1202//1159
f 1209//1160 1206//1160 1208//1160
f 1211//1161 1209//1161 1208//1161
f 1211//1162 1206//1162 1210//1162
f 1217//1163 1220//1163 1219//1163
f 1219//1164 1216//1164 1215//1164
f 1226//1165 1225//1165 1224//1165
f 1223//1166 1226//1166 1222//1166
f 1221//1167 1226//1167 1224//1167
f 1183//1168 1200//1168 1182//1168
f 1184//1169 1203//1169 1185//1169
f 1206//1170 1190//1170 1189//1170
f 1191//1171 1206//1171 1189//1171
f 1214//1172 1195//1172 1196//1172
f 1196//1173 1216//1173 1214//1173
f 1180//1174 1195//1174 1184//1174
f 1214//1175 1202//1175 1213//1175
f 1204//1176 1218//1176 1217//1176
f 1204//1177 1213//1177 1202//1177
f 1224//1178 1212//1178 1211//1178
f 1221//1179 1211//1179 1208//1179
f 1179//1180 1188//1180 1181//1180
f 1185//1181 1189//1181 1183//1181
f 1201//1182 1208//1182 1203//1182
f 1208//1183 1205//1183 1203//1183
f 1216//1184 1221//1184 1214//1184
f 1224//1185 1220//1185 1218//1185
f 1220//1186 1222//1186 1216//1186
f 1221//1187 1203//1187 1214//1187
f 1211//1188 1218//1188 1205//1188
f 1189//1189 1201//1189 1183//1189
f 1203//1190 1191//1190 1185//1190
f 1195//1191 1202//1191 1184//1191
f 1190//1192 1228//1192 1187//1192
f 1229//1193 1207//1193 1209//1193
f 1212//1194 1229//1194 1209//1194
f 1232//1195 1231//1195 1230//1195
f 1237//1196 1234//1196 1235//1196
f 1238//1197 1234//1197 1237//1197
f 1247//1198 1246//1198 1245//1198
f 1242//1199 1233//1199 1232//1199
f 1245//1200 1238//1200 1237//1200
f 1238//1201 1240//1201 1236//1201
f 1249//1202 1246//1202 1248//1202
f 1241//470 1239//470 1240//470
f 1249//1203 1239//1203 1250//1203
f 1250//1204 1239//1204 1241//1204
f 1246//1205 1241//1205 1238//1205
f 1179//1206 1145//1206 1146//1206
f 1147//1207 1181//1207 1148//1207
f 1180//1208 1145//1208 1178//1208
f 1186//1209 1151//1209 1150//1209
f 1150//1210 1188//1210 1186//1210
f 1194//1211 1155//1211 1156//1211
f 1155//1212 1192//1212 1154//1212
f 1186//1213 1146//1213 1150//1213
f 1148//1214 1188//1214 1152//1214
f 1199//1215 1156//1215 1161//1215
f 1147//1216 1192//1216 1180//1216
f 1187//1217 1163//1217 1151//1217
f 1169//1218 1231//1218 1170//1218
f 1235//1219 1172//1219 1173//1219
f 1236//1220 1172//1220 1234//1220
f 1239//1221 1175//1221 1168//1221
f 1170//1222 1234//1222 1172//1222
f 1177//1223 1239//1223 1168//1223
f 1240//1224 1174//1224 1236//1224
f 1169//1225 1156//1225 1155//1225
f 1162//1226 1172//1226 1161//1226
f 1172//1227 1158//1227 1161//1227
f 1170//1228 1161//1228 1156//1228
f 1158//1229 1167//1229 1144//1229
f 1231//1230 1198//1230 1194//1230
f 1216//1231 1242//1231 1215//1231
f 1247//1232 1222//1232 1226//1232
f 1194//1233 1234//1233 1231//1233
f 1233//1234 1216//1234 1198//1234
f 1166//1235 1173//1235 1162//1235
f 1193//1236 1169//1236 1155//1236
f 1172//1237 1199//1237 1161//1237
f 1254//1238 1257//1238 1256//1238
f 1254//1239 1253//1239 1252//1239
f 1259//1240 1103//1240 1252//1240
f 1266//1241 1264//1241 1265//1241
f 1261//1242 1264//1242 1260//1242
f 1260//1243 1103//1243 1259//1243
f 1259//1244 1261//1244 1260//1244
f 1262//1245 1265//1245 1259//1245
f 1244//1246 1263//1246 1262//1246
f 1126//1247 1251//1247 1125//1247
f 1130//1248 1254//1248 1129//1248
f 1126//1249 1254//1249 1252//1249
f 1139//1250 1255//1250 1130//1250
f 1260//1251 1210//1251 1103//1251
f 1264//1252 1226//1252 1224//1252
f 1260//1253 1224//1253 1211//1253
f 1248//1254 1247//1254 1263//1254
f 1155//1255 1111//1255 1112//1255
f 1143//1256 1106//1256 1105//1256
f 1111//1257 1147//1257 1109//1257
f 1113//1258 1168//1258 1114//1258
f 1168//1259 1117//1259 1114//1259
f 1120//1260 1178//1260 1119//1260
f 1182//1261 1119//1261 1178//1261
f 1200//1262 1124//1262 1123//1262
f 1217//1263 1130//1263 1129//1263
f 1213//1264 1129//1264 1127//1264
f 1128//1265 1219//1265 1215//1265
f 1124//1266 1213//1266 1127//1266
f 1200//1267 1121//1267 1182//1267
f 1133//1268 1230//1268 1131//1268
f 1239//1269 1142//1269 1141//1269
f 1142//1270 1244//1270 1140//1270
f 1133//1271 1242//1271 1232//1271
f 1239//1272 1141//1272 1136//1272
f 1106//1273 1167//1273 1113//1273
f 1131//1274 1193//1274 1122//1274
f 1215//1275 1137//1275 1128//1275
f 1180//1276 1109//1276 1147//1276
f 1112//1277 1193//1277 1155//1277
f 1239//1278 1118//1278 1175//1278
f 1253//1279 1259//1279 1252//1279
f 1262//1280 1256//1280 1257//1280
f 1259//1281 1253//1281 1256//1281
f 1244//1282 1255//1282 1258//1282
f 1078//1283 1108//1283 1080//1283
f 1119//1284 1084//1284 1082//1284
f 1086//1285 1125//1285 1088//1285
f 1084//1286 1123//1286 1086//1286
f 1108//1287 1082//1287 1080//1287
f 1091//1288 1143//1288 1089//1288
f 1096//1289 1186//1289 1094//1289
f 1210//1290 1100//1290 1101//1290
f 1206//1291 1096//1291 1100//1291
f 1094//1292 1150//1292 1091//1292
f 1252//1293 1103//1293 1098//1293
f 1078//1294 1143//1294 1105//1294
f 1251//1295 1098//1295 1102//1295
f 1125//1296 1102//1296 1088//1296
f 1104//1297 1210//1297 1101//1297
f 1269//1298 1270//1298 1267//1298
f 1272//1299 1274//1299 1273//1299
f 1272//1300 1276//1300 1275//1300
f 1277//1301 1274//1301 1272//1301
f 1275//1302 1277//1302 1272//1302
f 1282//1303 1280//1303 1281//1303
f 1283//1304 1282//1304 1281//1304
f 1283//1305 1284//1305 1282//1305
f 1276//1306 1280//1306 1275//1306
f 1284//1307 1279//1307 1275//1307
f 1268//1308 1274//1308 1269//1308
f 1274//1309 1271//1309 1269//1309
f 1289//1310 1277//1310 1288//1310
f 1290//1311 1289//1311 1288//1311
f 1284//1312 1285//1312 1291//1312
f 1279//1313 1290//1313 1288//1313
f 1278//1314 1286//1314 1271//1314
f 1292//1315 1294//1315 1293//1315
f 1298//1316 1299//1316 1297//1316
f 1301//1317 1300//1317 1298//1317
f 1303//1318 1307//1318 1306//1318
f 1310//1319 1166//1319 1165//1319
f 1314//1320 1313//1320 1312//1320
f 1292//1321 1305//1321 1303//1321
f 1297//1322 1311//1322 1310//1322
f 1293//1323 1298//1323 1297//1323
f 1310//1324 1307//1324 1305//1324
f 1296//1325 1298//1325 1294//1325
f 1295//1326 1294//1326 1292//1326
f 1304//1327 1295//1327 1292//1327
f 1293//1328 1310//1328 1305//1328
f 1320//1329 1321//1329 1319//1329
f 1321//1330 1316//1330 1319//1330
f 1324//1331 1325//1331 1320//1331
f 1324//1332 1317//1332 1318//1332
f 1323//1333 1327//1333 1322//1333
f 1326//1334 1327//1334 1323//1334
f 1323//1335 1321//1335 1325//1335
f 1332//1336 1223//1336 1333//1336
f 1334//1337 1331//1337 1225//1337
f 1330//1338 1329//1338 1190//1338
f 1339//1339 1336//1339 1337//1339
f 1343//1340 1340//1340 1342//1340
f 1330//1341 1331//1341 1344//1341
f 1348//1342 1351//1342 1350//1342
f 1339//1343 1345//1343 1338//1343
f 1350//1344 1342//1344 1348//1344
f 1338//1345 1340//1345 1336//1345
f 1345//1346 1349//1346 1348//1346
f 1345//1347 1342//1347 1338//1347
f 1352//1348 1235//1348 1353//1348
f 1360//1349 1357//1349 1358//1349
f 1362//1350 1358//1350 1361//1350
f 1365//1351 1367//1351 1364//1351
f 1363//1352 1367//1352 1366//1352
f 1371//1353 1365//1353 1370//1353
f 1369//1354 1351//1354 1356//1354
f 1360//1355 1372//1355 1359//1355
f 1374//1356 1360//1356 1362//1356
f 1355//1357 1359//1357 1352//1357
f 1373//1358 1364//1358 1372//1358
f 1374//1359 1365//1359 1373//1359
f 1352//1360 1372//1360 1364//1360
f 1340//1361 1314//1361 1312//1361
f 1340//1362 1309//1362 1336//1362
f 1322//1363 1353//1363 1316//1363
f 1361//1364 1327//1364 1328//1364
f 1327//1365 1355//1365 1322//1365
f 1300//1366 1317//1366 1299//1366
f 1319//1367 1166//1367 1311//1367
f 1302//1368 1317//1368 1300//1368
f 1317//1369 1311//1369 1299//1369
f 1333//1370 1366//1370 1347//1370
f 1356//1371 1314//1371 1343//1371
f 1351//1372 1369//1372 1350//1372
f 1350//1373 1356//1373 1343//1373
f 1306//1374 1164//1374 1163//1374
f 1329//1192 1335//1192 1228//1192
f 1228//1375 1306//1375 1163//1375
f 1380//1376 1379//1376 1378//1376
f 1385//1377 1382//1377 1384//1377
f 1379//1378 1295//1378 1378//1378
f 1383//1379 1376//1379 1382//1379
f 1381//1380 1382//1380 1379//1380
f 1382//1381 1375//1381 1379//1381
f 1389//1382 1386//1382 1388//1382
f 1393//1383 1390//1383 1392//1383
f 1397//315 1395//315 1346//315
f 1401//1384 1398//1384 1400//1384
f 1395//1385 1393//1385 1392//1385
f 1397//1386 1398//1386 1396//1386
f 1405//1387 1402//1387 1404//1387
f 1409//1388 1408//1388 1404//1388
f 1407//1389 1403//1389 1405//1389
f 1411//1390 1405//1390 1408//1390
f 1390//315 1381//315 1380//315
f 1402//1391 1389//1391 1388//1391
f 1403//1392 1328//1392 1389//1392
f 1388//1393 1383//1393 1385//1393
f 1383//1394 1318//1394 1377//1394
f 1401//1395 1404//1395 1399//1395
f 1394//1396 1388//1396 1385//1396
f 1416//1397 1412//1397 1414//1397
f 1417//1398 1422//1398 1418//1398
f 1420//1399 1423//1399 1419//1399
f 1417//1400 1423//1400 1421//1400
f 1426//1401 1422//1401 1423//1401
f 1422//1402 1424//1402 1418//1402
f 1426//1403 1420//1403 1425//1403
f 1418//1404 1413//1404 1417//1404
f 1424//1405 1414//1405 1418//1405
f 1429//1406 1428//1406 1427//1406
f 1431//1407 1428//1407 1429//1407
f 1428//1408 1419//1408 1427//1408
f 1430//1409 1420//1409 1428//1409
f 1344//1410 1413//1410 1412//1410
f 1334//1411 1419//1411 1417//1411
f 1412//1412 1346//1412 1344//1412
f 1334//1 1413//1 1331//1
f 1429//1413 1367//1413 1368//1413
f 1366//1414 1429//1414 1427//1414
f 1431//1415 1368//1415 1371//1415
f 1347//1416 1427//1416 1419//1416
f 1432//1417 1346//1417 1415//1417
f 1434//1418 1400//1418 1433//1418
f 1432//1419 1400//1419 1397//1419
f 1431//1420 1409//1420 1436//1420
f 1434//1421 1409//1421 1401//1421
f 1301//1422 1377//1422 1302//1422
f 1385//1423 1313//1423 1315//1423
f 1375//1424 1301//1424 1296//1424
f 1384//1425 1309//1425 1313//1425
f 1386//1426 1325//1426 1324//1426
f 1389//1427 1325//1427 1387//1427
f 1393//1428 1337//1428 1391//1428
f 1349//1429 1399//1429 1351//1429
f 1396//1430 1349//1430 1339//1430
f 1341//1431 1404//1431 1402//1431
f 1406//1432 1362//1432 1361//1432
f 1410//1433 1370//1433 1408//1433
f 1374//1434 1408//1434 1370//1434
f 1411//1435 1362//1435 1407//1435
f 1381//1436 1337//1436 1309//1436
f 1315//1437 1394//1437 1385//1437
f 1432//1438 1415//1438 1416//1438
f 1424//1439 1435//1439 1433//1439
f 1435//1440 1425//1440 1434//1440
f 1424//1441 1432//1441 1416//1441
f 1430//1442 1434//1442 1425//1442
f 1431//1443 1371//1443 1410//1443
f 1267//1444 1304//1444 1303//1444
f 1303//1445 1268//1445 1267//1445
f 1270//1446 1304//1446 1267//1446
f 1273//1447 1329//1447 1276//1447
f 1330//1448 1283//1448 1281//1448
f 1346//1449 1283//1449 1344//1449
f 1329//1450 1281//1450 1276//1450
f 1268//1451 1335//1451 1273//1451
f 1380//1452 1270//1452 1286//1452
f 1392//1453 1287//1453 1289//1453
f 1346//1454 1291//1454 1285//1454
f 1291//1455 1392//1455 1289//1455
f 1287//1456 1380//1456 1286//1456
f 131//1457 102//1457 244//1457
f 492//1458 604//1458 449//1458
f 493//1459 465//1459 605//1459
f 604//1460 463//1460 449//1460
f 811//1461 954//1461 804//1461
f 864//1462 971//1462 844//1462
f 973//1463 865//1463 859//1463
f 974//1464 849//1464 861//1464
f 909//1465 789//1465 768//1465
f 971//1466 811//1466 844//1466
f 802//1467 909//1467 768//1467
f 1332//1468 1225//1468 1227//1468
f 1354//1469 1237//1469 1352//1469
f 1354//1470 1223//1470 1245//1470
f 1235//1471 1173//1471 1316//1471
f 2//1472 3//1472 5//1472
f 6//1473 7//1473 5//1473
f 15//1474 14//1474 13//1474
f 6//1475 16//1475 17//1475
f 12//1476 16//1476 6//1476
f 15//1477 18//1477 16//1477
f 11//1478 13//1478 14//1478
f 12//1479 14//1479 16//1479
f 22//1480 24//1480 23//1480
f 27//1481 28//1481 30//1481
f 24//1482 28//1482 27//1482
f 19//1483 21//1483 23//1483
f 27//1484 29//1484 26//1484
f 23//1485 27//1485 25//1485
f 35//1486 36//1486 38//1486
f 32//1487 35//1487 37//1487
f 46//1488 48//1488 47//1488
f 45//1489 47//1489 44//1489
f 49//1490 50//1490 52//1490
f 54//1491 56//1491 55//1491
f 50//1492 53//1492 55//1492
f 52//1493 55//1493 56//1493
f 29//1494 30//1494 46//1494
f 26//1495 29//1495 45//1495
f 42//1496 54//1496 53//1496
f 31//1497 33//1497 24//1497
f 46//1498 49//1498 51//1498
f 51//1499 57//1499 48//1499
f 39//1500 49//1500 46//1500
f 64//1501 65//1501 63//1501
f 72//1502 71//1502 69//1502
f 74//1503 77//1503 78//1503
f 76//1504 77//1504 74//1504
f 70//1505 69//1505 61//1505
f 74//1506 75//1506 66//1506
f 73//1507 74//1507 65//1507
f 64//1508 9//1508 58//1508
f 68//1509 76//1509 73//1509
f 59//1510 60//1510 58//1510
f 59//1511 68//1511 67//1511
f 59//1512 67//1512 60//1512
f 67//1513 73//1513 64//1513
f 83//1514 81//1514 80//1514
f 85//1515 84//1515 80//1515
f 89//1516 91//1516 90//1516
f 88//1517 92//1517 93//1517
f 88//1518 90//1518 94//1518
f 99//1519 100//1519 98//1519
f 95//1520 97//1520 98//1520
f 105//1521 107//1521 106//1521
f 105//1522 104//1522 101//1522
f 106//1523 103//1523 101//1523
f 108//1524 109//1524 111//1524
f 108//1525 112//1525 113//1525
f 108//1526 110//1526 114//1526
f 121//1527 120//1527 116//1527
f 122//1528 123//1528 119//1528
f 119//1529 123//1529 121//1529
f 129//1530 128//1530 125//1530
f 110//1531 111//1531 87//1531
f 85//1532 87//1532 111//1532
f 98//1533 117//1533 116//1533
f 99//1534 118//1534 119//1534
f 107//1535 126//1535 125//1535
f 106//1536 125//1536 124//1536
f 95//1537 96//1537 83//1537
f 87//1538 98//1538 97//1538
f 86//1539 97//1539 95//1539
f 110//1540 116//1540 120//1540
f 91//1541 102//1541 101//1541
f 101//1542 104//1542 94//1542
f 83//1543 90//1543 88//1543
f 85//1544 92//1544 94//1544
f 92//1545 85//1545 81//1545
f 100//1546 106//1546 104//1546
f 96//1547 98//1547 104//1547
f 124//1548 125//1548 119//1548
f 123//1549 128//1549 127//1549
f 96//1550 101//1550 90//1550
f 94//1551 104//1551 98//1551
f 124//1552 117//1552 98//1552
f 119//1553 125//1553 106//1553
f 97//1554 116//1554 110//1554
f 131//1555 132//1555 107//1555
f 131//1556 105//1556 102//1556
f 133//230 129//230 126//230
f 139//1557 141//1557 140//1557
f 136//1558 138//1558 140//1558
f 149//1559 150//1559 148//1559
f 151//1560 152//1560 149//1560
f 154//1561 156//1561 155//1561
f 160//1562 158//1562 157//1562
f 161//1563 163//1563 159//1563
f 158//1564 150//1564 149//1564
f 161//1565 157//1565 149//1565
f 157//1566 159//1566 156//1566
f 163//1567 161//1567 152//1567
f 165//1568 164//1568 148//1568
f 167//102 166//102 158//102
f 166//1569 165//1569 150//1569
f 77//1570 141//1570 142//1570
f 141//1571 77//1571 76//1571
f 59//1572 134//1572 135//1572
f 141//1573 137//1573 72//1573
f 140//1574 76//1574 68//1574
f 142//264 143//264 78//264
f 144//1575 145//1575 113//1575
f 114//1576 146//1576 144//1576
f 121//1577 154//1577 153//1577
f 155//1578 156//1578 123//1578
f 153//1579 155//1579 122//1579
f 160//1580 159//1580 128//1580
f 128//1581 159//1581 157//1581
f 145//1582 147//1582 115//1582
f 127//1583 157//1583 154//1583
f 156//1584 159//1584 128//1584
f 114//1585 120//1585 153//1585
f 167//121 160//121 129//121
f 85//1586 62//1586 61//1586
f 70//1587 109//1587 113//1587
f 65//1588 66//1588 93//1588
f 92//1589 88//1589 63//1589
f 115//1590 77//1590 72//1590
f 62//1591 85//1591 109//1591
f 147//1592 148//1592 142//1592
f 151//1593 147//1593 141//1593
f 141//1594 147//1594 145//1594
f 139//1595 162//1595 151//1595
f 164//1596 143//1596 142//1596
f 137//1597 144//1597 112//1597
f 115//1598 147//1598 141//1598
f 4//1599 5//1599 32//1599
f 8//1600 36//1600 35//1600
f 5//1601 7//1601 35//1601
f 4//1602 31//1602 22//1602
f 90//1603 15//1603 13//1603
f 103//1604 17//1604 18//1604
f 90//1605 101//1605 18//1605
f 88//1606 13//1606 10//1606
f 11//1607 12//1607 3//1607
f 7//1608 6//1608 17//1608
f 9//1609 11//1609 4//1609
f 19//1610 20//1610 59//1610
f 71//1611 30//1611 28//1611
f 20//1612 25//1612 59//1612
f 61//1613 69//1613 28//1613
f 82//1614 80//1614 31//1614
f 80//1615 84//1615 33//1615
f 34//1616 86//1616 82//1616
f 38//1617 99//1617 97//1617
f 120//1618 122//1618 42//1618
f 42//1619 122//1619 118//1619
f 37//1620 97//1620 86//1620
f 38//1621 40//1621 118//1621
f 48//1243 139//1243 138//1243
f 138//1622 134//1622 44//1622
f 144//1623 146//1623 50//1623
f 146//1624 153//1624 53//1624
f 163//1625 162//1625 57//1625
f 84//1626 61//1626 24//1626
f 71//1627 112//1627 39//1627
f 57//1628 162//1628 139//1628
f 43//1629 134//1629 59//1629
f 144//1630 49//1630 39//1630
f 41//1631 53//1631 153//1631
f 172//1632 174//1632 173//1632
f 176//1633 178//1633 177//1633
f 173//1634 174//1634 176//1634
f 177//1635 178//1635 180//1635
f 169//1636 182//1636 172//1636
f 185//1637 186//1637 182//1637
f 188//1638 189//1638 183//1638
f 187//1639 183//1639 186//1639
f 169//1640 184//1640 182//1640
f 182//1641 186//1641 183//1641
f 180//1642 191//1642 190//1642
f 191//1643 192//1643 190//1643
f 191//178 180//178 183//178
f 191//1644 189//1644 188//1644
f 170//1645 184//1645 169//1645
f 183//1646 174//1646 172//1646
f 183//1647 178//1647 176//1647
f 183//1648 176//1648 174//1648
f 190//1649 181//1649 179//1649
f 169//1650 171//1650 168//1650
f 36//1651 171//1651 173//1651
f 175//1652 177//1652 42//1652
f 38//1653 173//1653 175//1653
f 54//1654 179//1654 181//1654
f 177//1655 179//1655 54//1655
f 17//1656 170//1656 169//1656
f 185//1657 184//1657 103//1657
f 128//1658 188//1658 187//1658
f 187//1659 185//1659 106//1659
f 159//1660 192//1660 188//1660
f 8//1661 17//1661 169//1661
f 181//1662 190//1662 163//1662
f 168//1663 171//1663 36//1663
f 103//1664 184//1664 170//1664
f 196//1665 197//1665 195//1665
f 198//1666 200//1666 199//1666
f 198//1667 201//1667 202//1667
f 200//1668 204//1668 203//1668
f 198//1669 199//1669 203//1669
f 202//1670 206//1670 205//1670
f 207//1671 204//1671 200//1671
f 208//1672 209//1672 210//1672
f 211//1673 212//1673 210//1673
f 204//1674 209//1674 208//1674
f 207//211 211//211 209//211
f 195//1675 202//1675 201//1675
f 197//213 206//213 202//213
f 78//215 218//215 238//215
f 75//41 238//41 79//41
f 222//1676 225//1676 226//1676
f 222//1677 224//1677 227//1677
f 226//218 229//218 228//218
f 234//1678 235//1678 233//1678
f 235//220 237//220 236//220
f 219//1679 232//1679 233//1679
f 233//224 236//224 221//224
f 231//966 240//966 230//966
f 220//1680 226//1680 225//1680
f 232//970 238//970 239//970
f 221//228 229//228 226//228
f 219//1681 225//1681 238//1681
f 130//83 242//83 91//83
f 93//1682 243//1682 130//1682
f 245//1683 126//1683 132//1683
f 248//1684 249//1684 231//1684
f 244//1685 250//1685 132//1685
f 257//1686 255//1686 254//1686
f 260//1687 261//1687 253//1687
f 255//1688 248//1688 247//1688
f 252//1689 259//1689 253//1689
f 252//1690 253//1690 249//1690
f 257//1691 260//1691 259//1691
f 255//1692 259//1692 252//1692
f 143//1693 267//1693 266//1693
f 272//1694 273//1694 271//1694
f 269//1695 263//1695 262//1695
f 268//1696 270//1696 266//1696
f 266//1697 270//1697 265//1697
f 164//1698 165//1698 275//1698
f 256//1699 276//1699 278//1699
f 279//1700 280//1700 282//1700
f 289//1701 287//1701 286//1701
f 291//253 290//253 287//253
f 296//262 295//262 293//262
f 274//1702 275//1702 288//1702
f 281//1703 282//1703 294//1703
f 279//1704 281//1704 275//1704
f 292//1705 293//1705 289//1705
f 277//1706 278//1706 284//1706
f 295//261 291//261 289//261
f 296//1707 294//1707 283//1707
f 275//1708 281//1708 292//1708
f 262//1709 263//1709 237//1709
f 218//1710 143//1710 264//1710
f 239//1711 264//1711 262//1711
f 241//1712 276//1712 256//1712
f 256//1713 277//1713 257//1713
f 284//1714 260//1714 257//1714
f 79//1715 243//1715 93//1715
f 224//1716 246//1716 243//1716
f 256//1717 254//1717 240//1717
f 240//1718 254//1718 247//1718
f 164//1719 274//1719 267//1719
f 290//1720 273//1720 272//1720
f 274//1721 286//1721 272//1721
f 130//1722 246//1722 242//1722
f 245//230 258//230 133//230
f 280//1723 279//1723 166//1723
f 166//1724 279//1724 165//1724
f 79//1725 227//1725 243//1725
f 280//1726 167//1726 133//1726
f 300//1727 301//1727 299//1727
f 306//1728 301//1728 304//1728
f 305//1729 304//1729 302//1729
f 304//1730 300//1730 297//1730
f 310//1731 308//1731 307//1731
f 313//315 251//315 311//315
f 318//1732 316//1732 315//1732
f 315//1733 316//1733 313//1733
f 310//1734 312//1734 311//1734
f 322//1735 320//1735 319//1735
f 326//1736 324//1736 323//1736
f 329//1737 330//1737 328//1737
f 332//1738 326//1738 325//1738
f 296//1739 330//1739 329//1739
f 326//1740 329//1740 327//1740
f 333//1741 329//1741 326//1741
f 319//1742 320//1742 306//1742
f 263//1743 319//1743 305//1743
f 327//315 328//315 318//315
f 301//1744 309//1744 307//1744
f 325//1745 323//1745 320//1745
f 273//1746 331//1746 325//1746
f 320//1747 323//1747 314//1747
f 222//1748 223//1748 193//1748
f 193//1749 194//1749 224//1749
f 223//1750 228//1750 196//1750
f 201//1751 203//1751 242//1751
f 208//1752 210//1752 250//1752
f 251//1753 250//1753 210//1753
f 208//1 244//1 242//1
f 194//1754 201//1754 246//1754
f 299//1755 213//1755 196//1755
f 308//1756 216//1756 215//1756
f 251//233 212//233 217//233
f 308//1757 311//1757 217//1757
f 299//1758 307//1758 215//1758
f 196//1759 213//1759 197//1759
f 206//1760 215//1760 214//1760
f 214//1761 216//1761 207//1761
f 207//1762 216//1762 217//1762
f 197//1763 213//1763 215//1763
f 229//1764 300//1764 298//1764
f 236//1765 237//1765 303//1765
f 301//1766 306//1766 241//1766
f 221//1767 297//1767 300//1767
f 236//1768 302//1768 297//1768
f 249//1769 310//1769 309//1769
f 261//1770 317//1770 315//1770
f 312//1771 310//1771 249//1771
f 322//1772 321//1772 270//1772
f 270//1773 321//1773 319//1773
f 269//1774 319//1774 263//1774
f 323//1775 324//1775 278//1775
f 291//1776 332//1776 331//1776
f 296//1777 333//1777 295//1777
f 324//1778 327//1778 284//1778
f 333//1779 332//1779 291//1779
f 309//1780 301//1780 231//1780
f 241//1781 306//1781 314//1781
f 290//1782 331//1782 273//1782
f 314//1783 323//1783 276//1783
f 261//1784 284//1784 327//1784
f 228//1785 298//1785 196//1785
f 336//1786 335//1786 334//1786
f 339//1787 336//1787 334//1787
f 340//1788 341//1788 344//1788
f 347//1789 346//1789 343//1789
f 347//1790 344//1790 341//1790
f 337//1791 341//1791 340//1791
f 345//1792 341//1792 339//1792
f 336//1793 339//1793 337//1793
f 352//1794 350//1794 349//1794
f 343//1795 349//1795 348//1795
f 351//1796 349//1796 343//1796
f 347//1797 356//1797 355//1797
f 355//1798 356//1798 354//1798
f 339//1799 353//1799 354//1799
f 338//1800 353//1800 339//1800
f 347//1801 357//1801 346//1801
f 354//1802 356//1802 345//1802
f 358//1803 351//1803 346//1803
f 334//1804 335//1804 132//1804
f 245//1805 340//1805 342//1805
f 251//1806 338//1806 334//1806
f 335//1807 340//1807 245//1807
f 348//1808 350//1808 282//1808
f 352//1809 285//1809 283//1809
f 258//1810 342//1810 348//1810
f 353//1811 338//1811 251//1811
f 357//1812 355//1812 316//1812
f 316//1813 355//1813 353//1813
f 352//1814 358//1814 328//1814
f 328//1815 358//1815 357//1815
f 352//1816 330//1816 285//1816
f 362//1817 363//1817 365//1817
f 366//1 367//1 369//1
f 365//1 367//1 366//1
f 369//1818 371//1818 370//1818
f 377//1819 375//1819 373//1819
f 380//1820 377//1820 378//1820
f 373//1821 375//1821 360//1821
f 374//1822 376//1822 373//1822
f 374//1823 379//1823 378//1823
f 374//1824 378//1824 376//1824
f 382//1825 381//1825 370//1825
f 382//1826 383//1826 381//1826
f 370//1827 381//1827 374//1827
f 381//1828 383//1828 380//1828
f 360//1829 375//1829 361//1829
f 362//1830 364//1830 374//1830
f 366//1823 368//1823 374//1823
f 364//1831 366//1831 374//1831
f 371//1832 372//1832 382//1832
f 359//1833 363//1833 360//1833
f 388//1 390//1 389//1
f 384//1834 387//1834 389//1834
f 399//1835 397//1835 393//1835
f 385//1836 394//1836 395//1836
f 397//1837 398//1837 396//1837
f 393//1838 397//1838 392//1838
f 390//1839 396//1839 400//1839
f 398//1840 401//1840 400//1840
f 403//1841 405//1841 404//1841
f 406//1842 408//1842 405//1842
f 414//1843 415//1843 417//1843
f 420//1844 421//1844 423//1844
f 416//1845 417//1845 421//1845
f 418//1846 419//1846 417//1846
f 421//1847 424//1847 425//1847
f 417//1848 419//1848 424//1848
f 426//1849 427//1849 429//1849
f 430//1850 431//1850 433//1850
f 432//1851 433//1851 434//1851
f 430//1852 432//1852 429//1852
f 432//1853 434//1853 428//1853
f 435//1854 436//1854 438//1854
f 436//1855 439//1855 440//1855
f 411//1856 412//1856 427//1856
f 423//1857 436//1857 435//1857
f 425//1858 439//1858 436//1858
f 407//1859 414//1859 416//1859
f 435//1860 437//1860 433//1860
f 413//1861 422//1861 435//1861
f 446//1862 444//1862 443//1862
f 446//1863 445//1863 441//1863
f 450//1864 451//1864 453//1864
f 448//1865 452//1865 453//1865
f 450//1866 452//1866 448//1866
f 456//1867 457//1867 455//1867
f 456//1868 460//1868 461//1868
f 463//1869 465//1869 464//1869
f 468//1870 467//1870 464//1870
f 464//1871 467//1871 466//1871
f 470//1872 474//1872 473//1872
f 471//1873 475//1873 476//1873
f 470//1874 472//1874 476//1874
f 477//1875 480//1875 481//1875
f 484//1876 486//1876 485//1876
f 489//1877 488//1877 485//1877
f 485//1878 488//1878 487//1878
f 470//1879 469//1879 443//1879
f 471//1880 472//1880 446//1880
f 477//1881 478//1881 451//1881
f 450//1882 452//1882 479//1882
f 459//1883 484//1883 483//1883
f 461//1884 486//1884 484//1884
f 455//1885 442//1885 441//1885
f 445//1886 446//1886 459//1886
f 458//1887 454//1887 441//1887
f 483//1888 487//1888 475//1888
f 449//1889 463//1889 462//1889
f 448//1890 462//1890 466//1890
f 452//1891 450//1891 444//1891
f 452//1892 446//1892 442//1892
f 457//1893 464//1893 462//1893
f 466//1894 467//1894 461//1894
f 457//1895 461//1895 467//1895
f 470//1896 477//1896 479//1896
f 482//1897 480//1897 474//1897
f 455//1898 462//1898 448//1898
f 446//1899 452//1899 466//1899
f 450//1900 477//1900 470//1900
f 446//1901 472//1901 479//1901
f 445//1902 458//1902 483//1902
f 491//1903 492//1903 453//1903
f 453//1904 492//1904 449//1904
f 493//1905 468//1905 465//1905
f 481//603 494//603 478//603
f 501//1906 498//1906 497//1906
f 505//1907 507//1907 508//1907
f 513//1908 512//1908 509//1908
f 514//1909 511//1909 509//1909
f 495//1910 505//1910 506//1910
f 500//1911 510//1911 509//1911
f 511//1912 501//1912 499//1912
f 400//1913 502//1913 418//1913
f 501//1914 504//1914 502//1914
f 516//1915 515//1915 511//1915
f 502//1916 504//1916 503//1916
f 400//1917 498//1917 502//1917
f 504//1918 515//1918 503//1918
f 515//1919 504//1919 501//1919
f 518//1920 519//1920 521//1920
f 524//1921 525//1921 523//1921
f 527//1922 524//1922 522//1922
f 534//1923 532//1923 531//1923
f 536//1924 533//1924 531//1924
f 537//1925 536//1925 535//1925
f 531//1926 532//1926 525//1926
f 527//1927 535//1927 531//1927
f 519//1928 522//1928 524//1928
f 526//1929 537//1929 535//1929
f 539//482 538//482 523//482
f 541//1930 540//1930 532//1930
f 540//1931 539//1931 525//1931
f 544//1932 549//1932 548//1932
f 552//1933 551//1933 548//1933
f 545//1934 549//1934 544//1934
f 552//1935 549//1935 545//1935
f 474//1936 519//1936 518//1936
f 520//1937 521//1937 476//1937
f 520//1938 475//1938 473//1938
f 480//1939 522//1939 523//1939
f 480//1940 482//1940 524//1940
f 489//1941 530//1941 529//1941
f 487//1942 488//1942 529//1942
f 480//1943 522//1943 519//1943
f 521//1944 524//1944 482//1944
f 490//1945 533//1945 530//1945
f 487//1946 528//1946 520//1946
f 523//499 538//499 494//499
f 542//1947 543//1947 508//1947
f 547//1948 546//1948 512//1948
f 546//1949 548//1949 514//1949
f 545//1950 550//1950 503//1950
f 543//1951 546//1951 512//1951
f 551//1952 545//1952 503//1952
f 548//1953 551//1953 516//1953
f 553//652 547//652 513//652
f 495//1954 496//1954 461//1954
f 506//1955 508//1955 489//1955
f 468//1956 500//1956 499//1956
f 467//1957 499//1957 497//1957
f 508//1958 512//1958 490//1958
f 496//1959 506//1959 486//1959
f 530//1960 543//1960 542//1960
f 547//1961 534//1961 533//1961
f 536//1962 544//1962 546//1962
f 530//1963 533//1963 546//1963
f 493//1964 517//1964 500//1964
f 553//518 541//518 534//518
f 542//1965 507//1965 488//1965
f 490//1966 512//1966 546//1966
f 385//1967 386//1967 403//1967
f 390//1968 407//1968 406//1968
f 389//1969 406//1969 403//1969
f 391//1970 415//1970 414//1970
f 390//1971 391//1971 414//1971
f 447//1972 448//1972 395//1972
f 464//1973 398//1973 399//1973
f 462//1974 399//1974 395//1974
f 497//1975 498//1975 401//1975
f 464//1976 497//1976 401//1976
f 385//1977 392//1977 386//1977
f 384//1978 386//1978 392//1978
f 387//1979 392//1979 396//1979
f 391//1980 390//1980 400//1980
f 445//1981 443//1981 404//1981
f 456//1982 454//1982 406//1982
f 458//1983 408//1983 406//1983
f 407//1984 409//1984 460//1984
f 411//1985 473//1985 475//1985
f 469//1986 473//1986 411//1986
f 458//1987 445//1987 405//1987
f 469//1988 410//1988 404//1988
f 503//1989 419//1989 418//1989
f 420//1990 422//1990 507//1990
f 503//1991 425//1991 424//1991
f 420//1992 505//1992 495//1992
f 503//1993 424//1993 419//1993
f 430//1994 528//1994 529//1994
f 427//1995 520//1995 528//1995
f 434//546 537//546 526//546
f 545//1996 544//1996 437//1996
f 440//1997 550//1997 545//1997
f 416//1998 495//1998 460//1998
f 413//1999 488//1999 507//1999
f 544//168 537//168 434//168
f 520//2000 427//2000 412//2000
f 413//2001 431//2001 529//2001
f 503//2002 550//2002 439//2002
f 402//2003 404//2003 365//2003
f 367//2004 410//2004 411//2004
f 404//2005 410//2005 367//2005
f 426//2006 428//2006 372//2006
f 369//2007 411//2007 426//2007
f 360//2008 361//2008 394//2008
f 377//2009 450//2009 447//2009
f 480//2010 477//2010 377//2010
f 377//2011 477//2011 450//2011
f 526//2012 522//2012 383//2012
f 428//2013 526//2013 383//2013
f 522//2014 480//2014 380//2014
f 428//2015 382//2015 372//2015
f 359//2016 385//2016 402//2016
f 447//2017 394//2017 361//2017
f 554//2018 557//2018 558//2018
f 558//2019 559//2019 555//2019
f 561//2020 563//2020 562//2020
f 567//2021 566//2021 562//2021
f 562//2022 566//2022 565//2022
f 556//2023 557//2023 561//2023
f 560//2024 565//2024 559//2024
f 570//2025 572//2025 569//2025
f 568//2026 569//2026 564//2026
f 569//582 571//582 567//582
f 566//2027 578//2027 577//2027
f 577//2028 575//2028 574//2028
f 574//2029 575//2029 559//2029
f 559//2030 575//2030 573//2030
f 567//2031 578//2031 566//2031
f 565//2032 576//2032 574//2032
f 567//2033 571//2033 579//2033
f 580//2034 582//2034 581//2034
f 583//2035 584//2035 582//2035
f 585//2036 586//2036 587//2036
f 588//2037 589//2037 586//2037
f 591//2038 590//2038 587//2038
f 587//2039 590//2039 588//2039
f 589//2040 593//2040 592//2040
f 594//2041 591//2041 587//2041
f 581//2042 582//2042 589//2042
f 584//2043 593//2043 589//2043
f 598//2044 599//2044 597//2044
f 590//2045 591//2045 596//2045
f 594//601 598//601 596//601
f 593//2046 602//2046 601//2046
f 604//2047 606//2047 463//2047
f 478//2048 607//2048 491//2048
f 604//2049 492//2049 491//2049
f 616//2050 614//2050 613//2050
f 611//2051 620//2051 619//2051
f 623//2052 624//2052 622//2052
f 611//2053 618//2053 610//2053
f 621//2054 622//2054 615//2054
f 614//2055 611//2055 610//2055
f 623//2056 621//2056 618//2056
f 621//2057 613//2057 610//2057
f 627//612 513//612 510//612
f 626//472 510//472 517//472
f 633//2058 632//2058 629//2058
f 629//2059 632//2059 631//2059
f 636//615 633//615 630//615
f 626//221 640//221 627//221
f 643//2060 645//2060 644//2060
f 647//618 645//618 643//618
f 631//2061 632//2061 626//2061
f 643//2062 642//2062 637//2062
f 646//620 643//620 638//620
f 632//2063 633//2063 638//2063
f 642//2064 644//2064 640//2064
f 636//623 639//623 638//623
f 637//1357 642//1357 626//1357
f 649//2065 652//2065 650//2065
f 541//2066 656//2066 655//2066
f 658//2067 659//2067 624//2067
f 667//2068 668//2068 666//2068
f 670//631 669//631 666//631
f 652//2069 661//2069 660//2069
f 656//2070 667//2070 665//2070
f 649//2071 540//2071 655//2071
f 666//2072 662//2072 661//2072
f 653//2073 658//2073 657//2073
f 669//638 664//638 662//638
f 662//2074 663//2074 660//2074
f 660//2075 663//2075 651//2075
f 655//2076 665//2076 661//2076
f 553//2077 671//2077 675//2077
f 678//2078 677//2078 674//2078
f 680//2079 676//2079 672//2079
f 678//2080 675//2080 672//2080
f 624//2081 659//2081 625//2081
f 653//2082 657//2082 623//2082
f 627//2083 640//2083 671//2083
f 680//2084 679//2084 645//2084
f 640//2085 644//2085 679//2085
f 628//2086 631//2086 493//2086
f 635//2087 616//2087 615//2087
f 624//2088 625//2088 641//2088
f 641//2089 635//2089 615//2089
f 541//2090 553//2090 673//2090
f 681//2091 670//2091 668//2091
f 656//2092 673//2092 681//2092
f 606//2093 612//2093 605//2093
f 607//603 494//603 617//603
f 539//2094 649//2094 648//2094
f 540//2095 649//2095 539//2095
f 493//2096 631//2096 517//2096
f 494//2097 538//2097 648//2097
f 683//2098 684//2098 682//2098
f 687//2099 688//2099 686//2099
f 691//2100 692//2100 690//2100
f 690//2101 684//2101 683//2101
f 687//2102 685//2102 682//2102
f 697//2103 695//2103 694//2103
f 700//2104 701//2104 699//2104
f 699//2105 697//2105 696//2105
f 701//2106 703//2106 702//2106
f 699//2107 702//2107 698//2107
f 707//2108 705//2108 704//2108
f 710//2109 711//2109 709//2109
f 663//2110 712//2110 707//2110
f 713//2111 714//2111 711//2111
f 710//2112 708//2112 705//2112
f 712//2113 713//2113 710//2113
f 717//2114 718//2114 716//2114
f 705//2115 692//2115 691//2115
f 716//2116 701//2116 700//2116
f 680//2117 703//2117 701//2117
f 696//2118 694//2118 686//2118
f 711//2119 717//2119 715//2119
f 719//2120 717//2120 711//2120
f 715//2121 700//2121 693//2121
f 581//1 604//1 608//1
f 590//2122 612//2122 606//2122
f 608//2123 609//2123 580//2123
f 581//2124 588//2124 606//2124
f 597//2125 630//2125 629//2125
f 597//2126 629//2126 628//2126
f 634//2127 630//2127 597//2127
f 595//2128 628//2128 612//2128
f 609//315 682//315 600//315
f 685//2129 686//2129 602//2129
f 685//2130 593//2130 600//2130
f 694//2131 695//2131 599//2131
f 694//2132 603//2132 602//2132
f 601//2133 602//2133 594//2133
f 598//2134 603//2134 599//2134
f 602//2135 603//2135 598//2135
f 688//2136 687//2136 614//2136
f 690//2137 692//2137 620//2137
f 614//2138 687//2138 684//2138
f 695//2139 697//2139 636//2139
f 625//2140 700//2140 696//2140
f 703//2141 647//2141 646//2141
f 697//2142 698//2142 639//2142
f 698//2143 702//2143 646//2143
f 658//2144 708//2144 709//2144
f 664//2145 712//2145 663//2145
f 714//2146 713//2146 669//2146
f 653//2147 705//2147 708//2147
f 669//2148 713//2148 712//2148
f 678//2149 718//2149 717//2149
f 716//2150 718//2150 678//2150
f 680//2151 716//2151 676//2151
f 719//2152 681//2152 677//2152
f 635//2153 696//2153 688//2153
f 693//2154 700//2154 625//2154
f 719//2155 714//2155 670//2155
f 705//2156 653//2156 620//2156
f 659//2157 709//2157 693//2157
f 599//2158 695//2158 634//2158
f 554//1685 608//1685 491//1685
f 607//2159 617//2159 563//2159
f 555//2160 609//2160 608//2160
f 557//2161 491//2161 607//2161
f 568//2162 648//2162 650//2162
f 651//2163 572//2163 570//2163
f 617//2164 648//2164 568//2164
f 575//2165 683//2165 609//2165
f 578//2166 691//2166 689//2166
f 689//2167 683//2167 575//2167
f 572//2168 706//2168 704//2168
f 704//2169 691//2169 578//2169
f 555//2170 573//2170 609//2170
f 654//2171 706//2171 572//2171
f 723//2172 720//2172 725//2172
f 721//2173 723//2173 724//2173
f 728//2174 729//2174 731//2174
f 729//2175 727//2175 733//2175
f 729//2176 732//2176 731//2176
f 736//2177 737//2177 739//2177
f 742//2178 743//2178 745//2178
f 738//2179 739//2179 743//2179
f 734//2180 736//2180 738//2180
f 742//2181 744//2181 741//2181
f 735//2182 738//2182 742//2182
f 755//2183 757//2183 756//2183
f 754//2184 756//2184 753//2184
f 725//2185 737//2185 736//2185
f 724//2186 736//2186 734//2186
f 732//2187 733//2187 748//2187
f 728//2188 730//2188 725//2188
f 720//2189 726//2189 728//2189
f 743//2190 750//2190 752//2190
f 730//2191 746//2191 737//2191
f 766//2192 767//2192 758//2192
f 766//2193 765//2193 761//2193
f 760//2194 762//2194 761//2194
f 760//2195 765//2195 758//2195
f 761//2196 765//2196 760//2196
f 776//2197 777//2197 779//2197
f 776//2198 778//2198 775//2198
f 782//2199 783//2199 781//2199
f 786//2200 788//2200 787//2200
f 787//2201 770//2201 784//2201
f 779//2202 786//2202 785//2202
f 778//2203 785//2203 784//2203
f 783//2204 787//2204 785//2204
f 775//2205 784//2205 770//2205
f 789//771 790//771 779//771
f 791//772 792//772 788//772
f 790//2206 791//2206 786//2206
f 797//2207 799//2207 798//2207
f 803//2208 804//2208 801//2208
f 741//2209 805//2209 793//2209
f 813//2210 811//2210 810//2210
f 799//2211 808//2211 807//2211
f 811//2212 804//2212 803//2212
f 803//2213 800//2213 794//2213
f 805//2214 812//2214 810//2214
f 793//2215 795//2215 794//2215
f 809//2216 812//2216 805//2216
f 810//2217 803//2217 795//2217
f 820//2218 818//2218 817//2218
f 817//2219 818//2219 815//2219
f 816//2220 819//2220 817//2220
f 823//2221 827//2221 826//2221
f 824//2222 828//2222 829//2222
f 823//2223 825//2223 829//2223
f 832//2224 835//2224 834//2224
f 848//2225 849//2225 847//2225
f 846//2226 847//2226 844//2226
f 845//2227 848//2227 846//2227
f 851//2228 853//2228 852//2228
f 854//2229 855//2229 851//2229
f 858//2230 859//2230 857//2230
f 857//2231 861//2231 860//2231
f 860//2232 862//2232 858//2232
f 819//2233 838//2233 839//2233
f 820//2234 839//2234 837//2234
f 851//2235 850//2235 826//2235
f 852//2236 853//2236 829//2236
f 835//2237 859//2237 858//2237
f 833//2238 834//2238 858//2238
f 822//2239 826//2239 819//2239
f 850//2240 851//2240 839//2240
f 842//2241 855//2241 854//2241
f 854//2242 850//2242 838//2242
f 860//2243 861//2243 849//2243
f 845//2244 856//2244 860//2244
f 830//2245 831//2245 825//2245
f 834//2246 833//2246 827//2246
f 845//2247 843//2247 837//2247
f 846//2248 848//2248 842//2248
f 843//2249 846//2249 840//2249
f 856//2250 858//2250 853//2250
f 855//2251 860//2251 856//2251
f 851//2252 856//2252 845//2252
f 848//2253 860//2253 855//2253
f 833//2254 856//2254 851//2254
f 853//2255 858//2255 834//2255
f 819//2256 826//2256 850//2256
f 849//971 864//971 847//971
f 847//2257 864//2257 844//2257
f 859//2258 865//2258 857//2258
f 797//2259 796//2259 763//2259
f 767//2260 801//2260 802//2260
f 800//2261 801//2261 767//2261
f 793//2262 794//2262 762//2262
f 801//2263 797//2263 764//2263
f 794//2264 800//2264 766//2264
f 771//2265 814//2265 815//2265
f 771//2266 773//2266 816//2266
f 823//2267 822//2267 780//2267
f 782//2268 824//2268 825//2268
f 822//2269 824//2269 782//2269
f 788//2270 832//2270 831//2270
f 787//2271 831//2271 830//2271
f 772//2272 815//2272 821//2272
f 830//2273 823//2273 781//2273
f 783//2274 825//2274 831//2274
f 780//2275 822//2275 816//2275
f 863//847 832//847 788//847
f 772//2276 764//2276 763//2276
f 767//2277 768//2277 777//2277
f 767//2278 776//2278 774//2278
f 776//2279 767//2279 764//2279
f 774//2280 769//2280 758//2280
f 797//2281 815//2281 818//2281
f 807//2282 808//2282 837//2282
f 843//2283 844//2283 811//2283
f 813//2284 846//2284 843//2284
f 801//2285 821//2285 815//2285
f 799//2286 818//2286 837//2286
f 768//1465 789//1465 777//1465
f 814//2287 771//2287 763//2287
f 767//2288 776//2288 821//2288
f 868//2289 870//2289 869//2289
f 868//2290 871//2290 873//2290
f 877//2291 879//2291 878//2291
f 882//2292 880//2292 878//2292
f 879//2293 877//2293 875//2293
f 882//2294 879//2294 876//2294
f 877//2295 874//2295 809//2295
f 752//2296 753//2296 868//2296
f 756//2297 757//2297 872//2297
f 756//2298 871//2298 868//2298
f 745//2299 752//2299 867//2299
f 809//2300 874//2300 812//2300
f 877//2301 878//2301 848//2301
f 880//2302 881//2302 862//2302
f 880//2303 860//2303 848//2303
f 874//2304 877//2304 846//2304
f 721//2305 722//2305 759//2305
f 760//2306 758//2306 720//2306
f 721//2307 759//2307 760//2307
f 731//2308 773//2308 771//2308
f 726//877 769//877 770//877
f 780//2309 773//2309 731//2309
f 796//2310 798//2310 739//2310
f 807//2311 743//2311 739//2311
f 824//2312 822//2312 747//2312
f 748//2313 749//2313 828//2313
f 752//2314 840//2314 841//2314
f 840//2315 752//2315 750//2315
f 751//2316 753//2316 841//2316
f 754//2317 850//2317 852//2317
f 838//2318 850//2318 754//2318
f 749//2319 755//2319 852//2319
f 758//2320 769//2320 726//2320
f 814//857 796//857 737//857
f 743//2321 807//2321 836//2321
f 722//2322 734//2322 793//2322
f 814//2323 746//2323 730//2323
f 732//2324 747//2324 822//2324
f 870//2325 876//2325 875//2325
f 867//2326 869//2326 875//2326
f 881//901 880//901 871//901
f 873//2327 880//2327 876//2327
f 867//2328 875//2328 809//2328
f 744//2329 866//2329 809//2329
f 886//2330 887//2330 889//2330
f 890//2331 891//2331 893//2331
f 889//2332 891//2332 890//2332
f 885//2333 887//2333 886//2333
f 894//2334 896//2334 895//2334
f 901//2335 899//2335 898//2335
f 903//2336 893//2336 897//2336
f 903//2337 905//2337 904//2337
f 904//2338 905//2338 901//2338
f 903//2339 906//2339 902//2339
f 898//2340 899//2340 895//2340
f 895//2341 899//2341 897//2341
f 897//2342 887//2342 885//2342
f 883//2343 884//2343 733//2343
f 748//2344 886//2344 888//2344
f 890//2345 892//2345 757//2345
f 888//2346 890//2346 755//2346
f 733//2347 884//2347 886//2347
f 900//2348 898//2348 831//2348
f 862//2349 906//2349 904//2349
f 858//2350 904//2350 900//2350
f 898//2351 896//2351 787//2351
f 902//2352 908//2352 881//2352
f 770//2353 894//2353 883//2353
f 902//2354 881//2354 872//2354
f 757//2355 892//2355 907//2355
f 908//2356 906//2356 862//2356
f 913//2357 916//2357 917//2357
f 913//2358 914//2358 909//2358
f 918//2359 919//2359 915//2359
f 917//2360 920//2360 918//2360
f 910//2361 914//2361 915//2361
f 915//2362 919//2362 910//2362
f 912//2363 920//2363 917//2363
f 921//2364 922//2364 924//2364
f 925//943 926//943 924//943
f 933//2365 790//2365 789//2365
f 937//2366 935//2366 934//2366
f 939//2367 942//2367 941//2367
f 923//2368 933//2368 932//2368
f 940//2369 939//2369 929//2369
f 929//2370 939//2370 938//2370
f 943//2371 940//2371 931//2371
f 924//2372 928//2372 927//2372
f 933//2373 938//2373 941//2373
f 926//953 930//953 928//953
f 944//2374 937//2374 936//2374
f 928//945 931//945 929//945
f 927//2375 938//2375 933//2375
f 947//2376 949//2376 950//2376
f 950//958 952//958 951//958
f 957//2377 956//2377 955//2377
f 964//2378 965//2378 962//2378
f 963//2379 966//2379 964//2379
f 965//962 969//962 967//962
f 958//2380 959//2380 950//2380
f 959//964 960//964 952//964
f 953//229 954//229 949//229
f 961//2381 962//2381 959//2381
f 967//969 960//969 959//969
f 954//2382 961//2382 958//2382
f 970//827 835//827 863//827
f 974//2383 972//2383 849//2383
f 976//2384 977//2384 975//2384
f 979//2385 981//2385 982//2385
f 957//2386 986//2386 985//2386
f 973//2387 987//2387 974//2387
f 984//2388 985//2388 977//2388
f 981//2389 979//2389 975//2389
f 986//2390 982//2390 988//2390
f 988//2391 981//2391 977//2391
f 802//1467 945//1467 909//1467
f 911//2392 947//2392 948//2392
f 948//2393 951//2393 912//2393
f 916//2394 909//2394 945//2394
f 911//2395 916//2395 953//2395
f 935//2396 955//2396 934//2396
f 975//2397 936//2397 934//2397
f 979//2398 980//2398 944//2398
f 975//2399 979//2399 944//2399
f 914//2400 932//2400 789//2400
f 910//2401 925//2401 922//2401
f 910//2402 921//2402 932//2402
f 971//2403 983//2403 966//2403
f 956//2404 976//2404 934//2404
f 984//2405 976//2405 956//2405
f 791//2406 941//2406 942//2406
f 790//2206 941//2206 791//2206
f 946//2407 963//2407 954//2407
f 972//2408 983//2408 864//2408
f 864//2409 983//2409 971//2409
f 971//2410 963//2410 946//2410
f 942//2411 978//2411 863//2411
f 993//2412 994//2412 992//2412
f 1000//2413 1001//2413 999//2413
f 1005//2414 1003//2414 1002//2414
f 998//2415 999//2415 996//2415
f 1002//2416 1003//2416 931//2416
f 1004//2417 1002//2417 999//2417
f 999//2418 1002//2418 997//2418
f 1010//2419 1011//2419 1009//2419
f 1015//2420 1011//2420 1013//2420
f 1007//2421 1010//2421 1008//2421
f 1012//2422 1013//2422 1010//2422
f 1019//2423 1020//2423 1018//2423
f 1023//2424 1024//2424 1022//2424
f 1027//315 989//315 1026//315
f 1026//2425 1020//2425 1019//2425
f 1027//2426 1025//2426 1022//2426
f 1009//2427 994//2427 993//2427
f 1008//2428 993//2428 912//2428
f 1018//315 1005//315 1004//315
f 994//2429 1000//2429 998//2429
f 998//2430 995//2430 990//2430
f 1023//2431 1021//2431 1011//2431
f 1016//2432 1000//2432 994//2432
f 1032//2433 1031//2433 1028//2433
f 1038//2434 1039//2434 1037//2434
f 1039//2435 1038//2435 1035//2435
f 1035//2436 1038//2436 1037//2436
f 1037//2437 1042//2437 1040//2437
f 1042//2438 1039//2438 1036//2438
f 1045//2439 1044//2439 1043//2439
f 1047//2440 1046//2440 1044//2440
f 1043//2441 1044//2441 1036//2441
f 1046//2442 1041//2442 1036//2442
f 1033//2443 1034//2443 1030//2443
f 1040//1031 1032//1031 1030//1031
f 966//2444 1029//2444 1028//2444
f 1028//2445 1031//2445 969//2445
f 972//2446 1035//2446 1033//2446
f 987//2447 1045//2447 1043//2447
f 1047//2448 1045//2448 989//2448
f 972//1 974//1 1043//1
f 983//2449 1033//2449 1029//2449
f 1031//2450 1048//2450 1015//2450
f 1049//2451 1041//2451 1024//2451
f 1051//2452 1047//2452 989//2452
f 1051//2453 1027//2453 1024//2453
f 1049//2454 1023//2454 1015//2454
f 918//2455 991//2455 992//2455
f 918//2456 920//2456 993//2456
f 912//2457 993//2457 920//2457
f 919//2458 992//2458 990//2458
f 995//2459 996//2459 926//2459
f 930//2460 997//2460 931//2460
f 937//2461 1001//2461 1000//2461
f 926//2462 996//2462 997//2462
f 944//2463 1004//2463 1001//2463
f 931//2464 1003//2464 943//2464
f 952//2465 1007//2465 1006//2465
f 1011//2466 957//2466 955//2466
f 967//2467 969//2467 1014//2467
f 1013//2468 1012//2468 960//2468
f 952//2469 960//2469 1012//2469
f 980//2470 982//2470 1019//2470
f 1021//2471 1022//2471 986//2471
f 986//2472 1022//2472 1025//2472
f 982//2473 1025//2473 1019//2473
f 990//2474 995//2474 925//2474
f 1016//2475 1009//2475 955//2475
f 957//2476 1011//2476 1021//2476
f 951//2477 1006//2477 912//2477
f 1016//2478 955//2478 935//2478
f 980//2479 1017//2479 1004//2479
f 1032//2480 1048//2480 1031//2480
f 1040//2481 1042//2481 1050//2481
f 1050//2482 1042//2482 1041//2482
f 1049//2483 1048//2483 1032//2483
f 1054//2484 1053//2484 1052//2484
f 1056//2485 1054//2485 1055//2485
f 1059//2486 1061//2486 1060//2486
f 1062//2487 1063//2487 1059//2487
f 1064//2488 1061//2488 1059//2488
f 1066//2489 1069//2489 1068//2489
f 1060//2490 1061//2490 1067//2490
f 1070//2491 1067//2491 1061//2491
f 1058//2492 1057//2492 1053//2492
f 1062//1079 1058//1079 1054//1079
f 1073//2493 1074//2493 1063//2493
f 1076//2494 1074//2494 1073//2494
f 1055//2495 1071//2495 1056//2495
f 1062//2496 1072//2496 1063//2496
f 1063//2497 1074//2497 1064//2497
f 1076//2498 1075//2498 1070//2498
f 1077//2499 1069//2499 1070//2499
f 1076//2500 1070//2500 1064//2500
f 1071//2501 1072//2501 1062//2501
f 939//2502 1052//2502 1053//2502
f 940//2503 1055//2503 1052//2503
f 1057//2504 1060//2504 970//2504
f 973//2505 1065//2505 1068//2505
f 1069//2506 989//2506 987//2506
f 970//2507 1060//2507 1065//2507
f 1053//2508 1057//2508 978//2508
f 1005//2509 1071//2509 1055//2509
f 1020//2510 1073//2510 1072//2510
f 989//2511 1077//2511 1075//2511
f 1075//2512 1073//2512 1020//2512
f 1072//2513 1071//2513 1005//2513
f 943//2514 1003//2514 1055//2514
f 1069//2515 1077//2515 989//2515
f 1082//1 1084//1 1083//1
f 1086//2516 1088//2516 1087//2516
f 1083//1 1084//1 1086//1
f 1079//2517 1080//2517 1082//2517
f 1090//2518 1091//2518 1089//2518
f 1095//315 1096//315 1094//315
f 1098//2519 1097//2519 1087//2519
f 1092//1827 1087//1827 1097//1827
f 1097//2520 1101//2520 1100//2520
f 1099//2521 1100//2521 1096//2521
f 1098//2522 1101//2522 1097//2522
f 1094//2523 1091//2523 1090//2523
f 1092//2524 1093//2524 1090//2524
f 1098//2525 1103//2525 1104//2525
f 1079//2526 1081//2526 1092//2526
f 1107//2527 1109//2527 1108//2527
f 1110//2528 1112//2528 1111//2528
f 1106//2529 1110//2529 1107//2529
f 1105//2530 1106//2530 1107//2530
f 1114//2531 1116//2531 1115//2531
f 1117//2532 1118//2532 1116//2532
f 1123//2533 1124//2533 1126//2533
f 1124//2534 1127//2534 1129//2534
f 1132//2535 1134//2535 1133//2535
f 1138//2536 1140//2536 1139//2536
f 1134//2537 1138//2537 1137//2537
f 1135//2538 1136//2538 1134//2538
f 1138//2539 1141//2539 1142//2539
f 1136//2540 1141//2540 1138//2540
f 1109//2541 1120//2541 1119//2541
f 1115//2542 1116//2542 1132//2542
f 1116//2543 1118//2543 1135//2543
f 1110//2544 1113//2544 1115//2544
f 1137//2545 1139//2545 1130//2545
f 1112//2546 1115//2546 1131//2546
f 1148//2547 1146//2547 1145//2547
f 1150//2548 1151//2548 1153//2548
f 1150//2549 1152//2549 1149//2549
f 1160//2550 1162//2550 1161//2550
f 1161//2551 1158//2551 1157//2551
f 1157//2552 1158//2552 1144//2552
f 1152//2553 1153//2553 1160//2553
f 1159//2554 1157//2554 1149//2554
f 1152//2555 1150//2555 1146//2555
f 1157//2556 1144//2556 1143//2556
f 1163//1146 1164//1146 1153//1146
f 1165//2557 1166//2557 1162//2557
f 1164//2558 1165//2558 1160//2558
f 1174//2559 1171//2559 1167//2559
f 1174//2560 1177//2560 1176//2560
f 1167//2561 1171//2561 1168//2561
f 1176//2562 1177//2562 1168//2562
f 1168//2563 1171//2563 1176//2563
f 1183//2564 1182//2564 1178//2564
f 1184//2565 1185//2565 1181//2565
f 1181//2566 1185//2566 1183//2566
f 1189//2567 1190//2567 1187//2567
f 1197//2568 1198//2568 1196//2568
f 1194//2569 1198//2569 1197//2569
f 1192//2570 1193//2570 1197//2570
f 1200//2571 1201//2571 1203//2571
f 1203//2572 1205//2572 1204//2572
f 1209//2573 1207//2573 1206//2573
f 1211//2574 1212//2574 1209//2574
f 1211//2575 1208//2575 1206//2575
f 1217//2576 1218//2576 1220//2576
f 1219//2577 1220//2577 1216//2577
f 1226//2578 1227//2578 1225//2578
f 1223//2579 1227//2579 1226//2579
f 1221//2580 1222//2580 1226//2580
f 1183//2581 1201//2581 1200//2581
f 1184//2582 1202//2582 1203//2582
f 1206//2583 1207//2583 1190//2583
f 1191//2584 1208//2584 1206//2584
f 1214//2585 1213//2585 1195//2585
f 1196//2586 1198//2586 1216//2586
f 1180//2587 1192//2587 1195//2587
f 1214//2588 1203//2588 1202//2588
f 1204//2589 1205//2589 1218//2589
f 1204//2590 1217//2590 1213//2590
f 1224//2591 1225//2591 1212//2591
f 1221//2592 1224//2592 1211//2592
f 1179//2593 1186//2593 1188//2593
f 1185//2594 1191//2594 1189//2594
f 1201//2595 1206//2595 1208//2595
f 1208//2596 1211//2596 1205//2596
f 1216//2597 1222//2597 1221//2597
f 1224//2598 1226//2598 1220//2598
f 1220//2599 1226//2599 1222//2599
f 1221//2600 1208//2600 1203//2600
f 1211//2601 1224//2601 1218//2601
f 1189//2602 1206//2602 1201//2602
f 1203//2603 1208//2603 1191//2603
f 1195//2604 1213//2604 1202//2604
f 1232//2605 1233//2605 1231//2605
f 1238//2606 1236//2606 1234//2606
f 1247//2607 1248//2607 1246//2607
f 1249//2608 1142//2608 1239//2608
f 1242//2609 1243//2609 1233//2609
f 1245//2610 1246//2610 1238//2610
f 1142//2611 1249//2611 1244//2611
f 1238//2612 1241//2612 1240//2612
f 1249//2613 1250//2613 1246//2613
f 1249//2614 1248//2614 1244//2614
f 1246//2615 1250//2615 1241//2615
f 1179//2616 1178//2616 1145//2616
f 1147//2617 1180//2617 1181//2617
f 1180//2618 1147//2618 1145//2618
f 1186//2619 1187//2619 1151//2619
f 1150//2620 1152//2620 1188//2620
f 1194//2621 1193//2621 1155//2621
f 1155//2622 1193//2622 1192//2622
f 1186//2623 1179//2623 1146//2623
f 1148//2624 1181//2624 1188//2624
f 1199//2625 1194//2625 1156//2625
f 1147//2626 1154//2626 1192//2626
f 1187//1217 1228//1217 1163//1217
f 1169//2627 1230//2627 1231//2627
f 1235//2628 1234//2628 1172//2628
f 1236//2629 1174//2629 1172//2629
f 1170//2630 1231//2630 1234//2630
f 1177//2631 1240//2631 1239//2631
f 1240//2632 1177//2632 1174//2632
f 1169//2633 1170//2633 1156//2633
f 1162//2634 1173//2634 1172//2634
f 1172//2635 1167//2635 1158//2635
f 1170//2636 1172//2636 1161//2636
f 1231//2637 1233//2637 1198//2637
f 1216//2638 1243//2638 1242//2638
f 1245//2639 1223//2639 1222//2639
f 1247//2640 1245//2640 1222//2640
f 1194//2641 1199//2641 1234//2641
f 1233//2642 1243//2642 1216//2642
f 1193//2643 1230//2643 1169//2643
f 1172//2644 1234//2644 1199//2644
f 1254//1 1255//1 1257//1
f 1254//2645 1256//2645 1253//2645
f 1266//2646 1263//2646 1264//2646
f 1261//2647 1265//2647 1264//2647
f 1262//2648 1266//2648 1265//2648
f 1263//2649 1266//2649 1262//2649
f 1259//2650 1265//2650 1261//2650
f 1244//2651 1248//2651 1263//2651
f 1126//2652 1252//2652 1251//2652
f 1130//2653 1255//2653 1254//2653
f 1126//2654 1129//2654 1254//2654
f 1139//2655 1140//2655 1258//2655
f 1139//2656 1258//2656 1255//2656
f 1260//2657 1211//2657 1210//2657
f 1264//2658 1263//2658 1226//2658
f 1260//2659 1264//2659 1224//2659
f 1263//2660 1247//2660 1226//2660
f 1155//2661 1154//2661 1111//2661
f 1143//1256 1144//1256 1106//1256
f 1111//2662 1154//2662 1147//2662
f 1113//2663 1167//2663 1168//2663
f 1175//2664 1118//2664 1117//2664
f 1168//2665 1175//2665 1117//2665
f 1120//2666 1180//2666 1178//2666
f 1182//2667 1121//2667 1119//2667
f 1200//2668 1202//2668 1124//2668
f 1217//2669 1219//2669 1130//2669
f 1213//2670 1217//2670 1129//2670
f 1128//2671 1130//2671 1219//2671
f 1124//2672 1202//2672 1213//2672
f 1200//2673 1123//2673 1121//2673
f 1133//2674 1232//2674 1230//2674
f 1239//1991 1136//1991 1135//1991
f 1133//2675 1137//2675 1242//2675
f 1106//2676 1144//2676 1167//2676
f 1131//2643 1230//2643 1193//2643
f 1215//2677 1242//2677 1137//2677
f 1180//2678 1120//2678 1109//2678
f 1112//2679 1122//2679 1193//2679
f 1239//2680 1135//2680 1118//2680
f 1262//2681 1259//2681 1256//2681
f 1262//2682 1257//2682 1255//2682
f 1244//2683 1262//2683 1255//2683
f 1244//2684 1258//2684 1140//2684
f 1078//2685 1105//2685 1108//2685
f 1119//2686 1121//2686 1084//2686
f 1086//2687 1123//2687 1125//2687
f 1084//2688 1121//2688 1123//2688
f 1108//2689 1119//2689 1082//2689
f 1091//2690 1150//2690 1143//2690
f 1096//2691 1189//2691 1186//2691
f 1210//2692 1206//2692 1100//2692
f 1206//2693 1189//2693 1096//2693
f 1094//2694 1186//2694 1150//2694
f 1078//2695 1089//2695 1143//2695
f 1251//2696 1252//2696 1098//2696
f 1125//2697 1251//2697 1102//2697
f 1104//2698 1103//2698 1210//2698
f 1267//2699 1268//2699 1269//2699
f 1269//2700 1271//2700 1270//2700
f 1272//2701 1273//2701 1276//2701
f 1277//2702 1278//2702 1274//2702
f 1275//2703 1279//2703 1277//2703
f 1283//2704 1285//2704 1284//2704
f 1276//2705 1281//2705 1280//2705
f 1282//2706 1284//2706 1280//2706
f 1280//2707 1284//2707 1275//2707
f 1268//2708 1273//2708 1274//2708
f 1274//1309 1278//1309 1271//1309
f 1289//2709 1287//2709 1277//2709
f 1290//2710 1291//2710 1289//2710
f 1271//2711 1286//2711 1270//2711
f 1277//2712 1287//2712 1278//2712
f 1279//2713 1288//2713 1277//2713
f 1284//2714 1291//2714 1290//2714
f 1279//2715 1284//2715 1290//2715
f 1278//2716 1287//2716 1286//2716
f 1295//2717 1296//2717 1294//2717
f 1298//2718 1300//2718 1299//2718
f 1301//1317 1302//1317 1300//1317
f 1303//2719 1305//2719 1307//2719
f 1310//2720 1311//2720 1166//2720
f 1314//2721 1315//2721 1313//2721
f 1292//2722 1303//2722 1304//2722
f 1292//2723 1293//2723 1305//2723
f 1304//2724 1308//2724 1295//2724
f 1297//2725 1299//2725 1311//2725
f 1293//2726 1294//2726 1298//2726
f 1310//2727 1165//2727 1307//2727
f 1296//1325 1301//1325 1298//1325
f 1312//2728 1313//2728 1309//2728
f 1293//2729 1297//2729 1310//2729
f 1323//2730 1322//2730 1321//2730
f 1321//2731 1322//2731 1316//2731
f 1326//2732 1323//2732 1325//2732
f 1320//2733 1319//2733 1317//2733
f 1324//2734 1320//2734 1317//2734
f 1326//2735 1328//2735 1327//2735
f 1320//2736 1325//2736 1321//2736
f 1190//1192 1329//1192 1228//1192
f 1332//1468 1334//1468 1225//1468
f 1339//2737 1338//2737 1336//2737
f 1343//2738 1314//2738 1340//2738
f 1330//2739 1229//2739 1331//2739
f 1348//2740 1349//2740 1351//2740
f 1350//2741 1343//2741 1342//2741
f 1338//2742 1342//2742 1340//2742
f 1345//2743 1339//2743 1349//2743
f 1345//2744 1348//2744 1342//2744
f 1353//959 1355//959 1352//959
f 1341//2745 1356//2745 1351//2745
f 1360//2746 1359//2746 1357//2746
f 1362//1350 1360//1350 1358//1350
f 1365//2747 1368//2747 1367//2747
f 1363//2748 1364//2748 1367//2748
f 1371//1353 1368//1353 1365//1353
f 1352//2749 1364//2749 1363//2749
f 1360//2750 1373//2750 1372//2750
f 1374//1356 1373//1356 1360//1356
f 1355//2751 1357//2751 1359//2751
f 1373//2752 1365//2752 1364//2752
f 1374//1359 1370//1359 1365//1359
f 1352//622 1359//622 1372//622
f 1309//2753 1337//2753 1336//2753
f 1314//2754 1341//2754 1315//2754
f 1340//2755 1312//2755 1309//2755
f 1353//1471 1235//1471 1316//1471
f 1322//2756 1355//2756 1353//2756
f 1358//2757 1357//2757 1327//2757
f 1361//2758 1358//2758 1327//2758
f 1327//2759 1357//2759 1355//2759
f 1354//2760 1333//2760 1223//2760
f 1319//2761 1316//2761 1166//2761
f 1302//2762 1318//2762 1317//2762
f 1317//2763 1319//2763 1311//2763
f 1333//2764 1363//2764 1366//2764
f 1356//2765 1341//2765 1314//2765
f 1350//2766 1369//2766 1356//2766
f 1306//2767 1307//2767 1164//2767
f 1164//2558 1307//2558 1165//2558
f 1332//2768 1347//2768 1334//2768
f 1333//2769 1347//2769 1332//2769
f 1352//2770 1363//2770 1354//2770
f 1354//2771 1363//2771 1333//2771
f 1228//2772 1335//2772 1306//2772
f 1380//2773 1381//2773 1379//2773
f 1385//2774 1383//2774 1382//2774
f 1379//2775 1375//2775 1295//2775
f 1383//2776 1377//2776 1376//2776
f 1381//2777 1384//2777 1382//2777
f 1382//2778 1376//2778 1375//2778
f 1389//2779 1387//2779 1386//2779
f 1393//2780 1391//2780 1390//2780
f 1397//2781 1396//2781 1395//2781
f 1401//2782 1399//2782 1398//2782
f 1395//2783 1396//2783 1393//2783
f 1397//2784 1400//2784 1398//2784
f 1405//2785 1403//2785 1402//2785
f 1409//2786 1410//2786 1408//2786
f 1404//2787 1408//2787 1405//2787
f 1407//2788 1406//2788 1403//2788
f 1411//2789 1407//2789 1405//2789
f 1390//2790 1391//2790 1381//2790
f 1402//2791 1403//2791 1389//2791
f 1403//2792 1406//2792 1328//2792
f 1388//2793 1386//2793 1383//2793
f 1383//2794 1386//2794 1318//2794
f 1401//2795 1409//2795 1404//2795
f 1394//2796 1402//2796 1388//2796
f 1413//2797 1414//2797 1412//2797
f 1416//2798 1415//2798 1412//2798
f 1423//2799 1422//2799 1421//2799
f 1417//2800 1421//2800 1422//2800
f 1417//2801 1419//2801 1423//2801
f 1422//2802 1426//2802 1424//2802
f 1426//2803 1423//2803 1420//2803
f 1418//2804 1414//2804 1413//2804
f 1424//1405 1416//1405 1414//1405
f 1431//2805 1430//2805 1428//2805
f 1428//2806 1420//2806 1419//2806
f 1430//1409 1425//1409 1420//1409
f 1435//2807 1434//2807 1433//2807
f 1344//1 1331//1 1413//1
f 1412//2808 1415//2808 1346//2808
f 1334//2809 1347//2809 1419//2809
f 1334//2810 1417//2810 1413//2810
f 1366//2811 1367//2811 1429//2811
f 1431//2812 1429//2812 1368//2812
f 1347//2813 1366//2813 1427//2813
f 1432//315 1397//315 1346//315
f 1434//2814 1401//2814 1400//2814
f 1432//2815 1433//2815 1400//2815
f 1431//2816 1410//2816 1409//2816
f 1434//2817 1436//2817 1409//2817
f 1295//2818 1375//2818 1296//2818
f 1301//2819 1376//2819 1377//2819
f 1385//2820 1384//2820 1313//2820
f 1375//2821 1376//2821 1301//2821
f 1384//2822 1381//2822 1309//2822
f 1308//2823 1378//2823 1295//2823
f 1386//2824 1387//2824 1325//2824
f 1389//2825 1326//2825 1325//2825
f 1326//2826 1389//2826 1328//2826
f 1318//2827 1386//2827 1324//2827
f 1393//2828 1339//2828 1337//2828
f 1349//2829 1398//2829 1399//2829
f 1396//2830 1398//2830 1349//2830
f 1393//2831 1396//2831 1339//2831
f 1341//2832 1351//2832 1404//2832
f 1406//2833 1407//2833 1362//2833
f 1410//2834 1371//2834 1370//2834
f 1374//2835 1411//2835 1408//2835
f 1411//2836 1374//2836 1362//2836
f 1302//2837 1377//2837 1318//2837
f 1341//2838 1402//2838 1394//2838
f 1399//2839 1404//2839 1351//2839
f 1381//2840 1391//2840 1337//2840
f 1315//2841 1341//2841 1394//2841
f 1328//2842 1406//2842 1361//2842
f 1424//2843 1426//2843 1435//2843
f 1435//2844 1426//2844 1425//2844
f 1424//2845 1433//2845 1432//2845
f 1431//2846 1436//2846 1430//2846
f 1430//2847 1436//2847 1434//2847
f 1303//2848 1306//2848 1268//2848
f 1270//2849 1308//2849 1304//2849
f 1273//2850 1335//2850 1329//2850
f 1330//2851 1344//2851 1283//2851
f 1346//2852 1285//2852 1283//2852
f 1329//2853 1330//2853 1281//2853
f 1268//2854 1306//2854 1335//2854
f 1380//2855 1378//2855 1270//2855
f 1392//2856 1390//2856 1287//2856
f 1346//2857 1395//2857 1291//2857
f 1291//2858 1395//2858 1392//2858
f 1287//2859 1390//2859 1380//2859
f 1270//2860 1378//2860 1308//2860
f 91//2861 244//2861 102//2861
f 463//602 605//602 465//602
f 804//2862 954//2862 802//2862
f 811//2863 946//2863 954//2863
f 974//2864 861//2864 865//2864
f 973//2865 859//2865 835//2865
f 971//2866 946//2866 811//2866
f 1229//2867 1330//2867 1207//2867
f 1212//2868 1331//2868 1229//2868
f 1332//1336 1227//1336 1223//1336
f 1225//2869 1331//2869 1212//2869
f 1207//2870 1330//2870 1190//2870
f 1352//2871 1237//2871 1235//2871
f 1354//2872 1245//2872 1237//2872
f 1166//1235 1316//1235 1173//1235
