# Blender 4.0.2
# www.blender.org
o b_Wheel_4_001___m0
v 0.005646 0.014112 0.034049
v 0.005455 0.014122 0.025772
v 0.005694 0.014100 0.025968
v 0.005909 0.014024 0.026062
v 0.006020 0.013968 0.034049
v 0.006112 0.013892 0.026091
v 0.005437 0.014122 0.024428
v 0.005700 0.014122 0.024212
v 0.005235 0.014122 0.024764
v -0.001574 0.014122 0.032312
v -0.012698 0.014122 0.021212
v 0.005191 0.014122 0.025206
v 0.005291 0.014122 0.025535
v -0.000801 0.014122 0.032902
v 0.000258 0.014122 0.033480
v 0.001222 0.014122 0.033808
v 0.002025 0.014122 0.033978
v 0.002784 0.014122 0.034044
v 0.006582 0.015365 0.026067
v 0.007037 0.015080 0.026091
v 0.006189 0.015522 0.026004
v 0.005547 0.014551 0.025841
v 0.005905 0.014638 0.025998
v 0.005679 0.015616 0.025866
v 0.005446 0.015622 0.025767
v 0.013015 0.006993 0.034049
v 0.013165 0.006843 0.026092
v 0.014180 0.005829 0.033239
v 0.013584 0.006424 0.026158
v 0.014179 0.005829 0.026418
v 0.014799 0.005210 0.026947
v 0.015298 0.004710 0.027676
v 0.015605 0.004403 0.028416
v 0.015748 0.004260 0.028978
v 0.015835 0.004174 0.029553
v 0.015855 0.004153 0.030213
v 0.015797 0.004212 0.030903
v 0.015626 0.004382 0.031657
v 0.015385 0.004624 0.032278
v 0.005676 0.015617 0.034049
v 0.006203 0.015520 0.034049
v 0.006716 0.015295 0.034049
v 0.007096 0.015027 0.034049
v -0.001627 0.015622 0.032264
v -0.000740 0.015622 0.032947
v 0.000475 0.015622 0.033570
v 0.001477 0.015622 0.033872
v 0.002463 0.015622 0.034034
v 0.005224 0.015622 0.025382
v 0.005192 0.015622 0.024996
v 0.005300 0.015622 0.024614
v 0.005630 0.015622 0.024250
v -0.021017 0.014122 -0.012795
v -0.005735 0.014122 -0.024000
v -0.023979 0.014122 0.005672
v -0.023897 0.014122 0.005975
v 0.012986 0.014122 -0.021123
v 0.013316 0.014122 -0.020961
v -0.013026 0.014122 0.021058
v 0.024198 0.014122 -0.005831
v 0.024321 0.014122 -0.005489
v 0.006041 0.014122 0.024097
v 0.021320 0.014122 0.012887
v 0.021144 0.014122 0.013257
v 0.016440 0.005690 0.032283
v 0.015361 0.006769 0.033148
v 0.014076 0.008054 0.034049
v 0.014332 0.007798 0.026099
v 0.014893 0.007237 0.026239
v 0.015471 0.006658 0.026585
v 0.015910 0.006219 0.027014
v 0.016501 0.005629 0.027982
v 0.016721 0.005408 0.028602
v 0.016875 0.005254 0.029357
v 0.016918 0.005212 0.030070
v 0.016866 0.005263 0.030862
v 0.006018 0.015622 0.024100
v 0.021139 0.014122 0.013651
v 0.021273 0.014122 0.014021
v 0.021740 0.014122 0.024080
v 0.021587 0.014122 0.014331
v 0.021856 0.014122 0.014447
v 0.022108 0.014122 0.014487
v 0.022509 0.014122 0.023986
v 0.023354 0.014122 0.023785
v 0.024318 0.014122 0.023408
v 0.025857 0.014122 0.022407
v 0.021279 0.015622 0.012940
v 0.024530 0.014122 -0.005238
v 0.024778 0.014122 -0.005078
v 0.025059 0.014122 -0.004998
v 0.032413 0.014122 0.001770
v 0.025453 0.014122 -0.005018
v 0.025874 0.014122 -0.005253
v 0.032892 0.014122 0.001154
v 0.033340 0.014122 0.000427
v 0.033755 0.014122 -0.000521
v 0.033985 0.014122 -0.001339
v 0.034133 0.014122 -0.002279
v 0.034149 0.014112 -0.005450
v 0.024206 0.015622 -0.005776
v 0.013705 0.014122 -0.020932
v 0.014116 0.014122 -0.021073
v 0.014429 0.014122 -0.021385
v 0.014565 0.014122 -0.021718
v 0.014583 0.014122 -0.021915
v 0.024110 0.014122 -0.022184
v 0.023879 0.014122 -0.023174
v 0.023579 0.014122 -0.023959
v 0.023185 0.014122 -0.024718
v 0.022532 0.014122 -0.025628
v 0.020303 0.014112 -0.027880
v 0.013343 0.015622 -0.020954
v 0.013005 0.015622 -0.021109
v -0.005048 0.014122 -0.024447
v -0.005346 0.014122 -0.024146
v -0.004917 0.014122 -0.024764
v 0.001749 0.014122 -0.032325
v -0.004893 0.014122 -0.025106
v -0.004993 0.014122 -0.025435
v -0.005172 0.014122 -0.025692
v 0.000800 0.014122 -0.032990
v -0.000283 0.014122 -0.033513
v -0.001267 0.014122 -0.033794
v -0.002198 0.014122 -0.033937
v -0.005349 0.014112 -0.033951
v -0.005681 0.015622 -0.024007
v -0.020841 0.014122 -0.013550
v -0.020845 0.014122 -0.013174
v -0.020931 0.014122 -0.013830
v -0.021099 0.014122 -0.014073
v -0.021373 0.014122 -0.014282
v -0.021612 0.014122 -0.023974
v -0.021763 0.014122 -0.014390
v -0.022918 0.014122 -0.023734
v -0.024187 0.014122 -0.023233
v -0.025166 0.014122 -0.022618
v -0.025777 0.014122 -0.022105
v -0.020894 0.015622 -0.013031
v -0.021020 0.015622 -0.012794
v -0.024160 0.014122 0.005405
v -0.024478 0.014122 0.005170
v -0.032220 0.014122 -0.001558
v -0.024911 0.014122 0.005085
v -0.025248 0.014122 0.005152
v -0.025539 0.014122 0.005321
v -0.032783 0.014122 -0.000773
v -0.033206 0.014122 0.000000
v -0.033621 0.014122 0.001127
v -0.033836 0.014122 0.002376
v -0.033851 0.014112 0.005548
v -0.024023 0.015622 0.005583
v -0.023902 0.015622 0.005930
v -0.013353 0.014122 0.021027
v -0.013641 0.014122 0.021089
v -0.013978 0.014122 0.021292
v -0.023889 0.014122 0.021474
v -0.014223 0.014122 0.021660
v -0.023813 0.014122 0.022281
v -0.014289 0.014122 0.022019
v -0.023629 0.014122 0.023103
v -0.023346 0.014122 0.023918
v -0.022965 0.014122 0.024678
v -0.022517 0.014122 0.025366
v -0.022018 0.014122 0.025962
v -0.020004 0.014112 0.027979
v -0.012894 0.015622 0.021105
v -0.012664 0.015622 0.021243
v 0.016242 0.005888 0.027480
v 0.016652 0.005479 0.031773
v 0.021677 0.015622 0.024084
v 0.022449 0.015622 0.023996
v 0.023272 0.015622 0.023810
v 0.024239 0.015622 0.023445
v 0.025012 0.015622 0.023022
v 0.025064 0.014122 0.022989
v 0.025799 0.015622 0.022457
v 0.028099 0.015617 0.020182
v 0.028078 0.014112 0.020203
v 0.022419 0.014096 0.014452
v 0.022703 0.013979 0.014318
v 0.028344 0.013967 0.019937
v 0.022112 0.015622 0.014484
v 0.021865 0.015622 0.014454
v 0.021571 0.015622 0.014318
v 0.021288 0.015622 0.014045
v 0.021133 0.015622 0.013631
v 0.021144 0.015622 0.013288
v 0.032368 0.015622 0.001820
v 0.032857 0.015622 0.001204
v 0.033300 0.015622 0.000501
v 0.033725 0.015622 -0.000438
v 0.033972 0.015622 -0.001280
v 0.034135 0.015622 -0.002267
v 0.034149 0.015613 -0.005540
v 0.026042 0.014108 -0.005456
v 0.026154 0.014030 -0.005701
v 0.034149 0.013967 -0.005825
v 0.026190 0.013888 -0.005920
v 0.025911 0.015628 -0.005313
v 0.025695 0.015622 -0.005124
v 0.025338 0.015622 -0.004998
v 0.024995 0.015622 -0.005009
v 0.024676 0.015622 -0.005128
v 0.024381 0.015622 -0.005394
v 0.024179 0.015622 -0.021618
v 0.024186 0.014122 -0.021378
v 0.024033 0.015622 -0.022577
v 0.023752 0.015622 -0.023561
v 0.023229 0.015622 -0.024644
v 0.022545 0.015622 -0.025618
v 0.020240 0.015613 -0.027943
v 0.014561 0.014109 -0.022144
v 0.014419 0.013980 -0.022506
v 0.020036 0.013966 -0.028147
v 0.014583 0.015622 -0.021915
v 0.014563 0.015622 -0.021718
v 0.014421 0.015622 -0.021366
v 0.014140 0.015622 -0.021096
v 0.013782 0.015622 -0.020940
v 0.001809 0.015622 -0.032274
v 0.000874 0.015622 -0.032946
v 0.000115 0.015622 -0.033340
v -0.000670 0.015622 -0.033640
v -0.001508 0.015622 -0.033842
v -0.002339 0.015622 -0.033944
v -0.005439 0.015613 -0.033951
v -0.005396 0.014100 -0.025869
v -0.005621 0.014020 -0.025967
v -0.005724 0.013967 -0.033951
v -0.005819 0.013888 -0.025994
v -0.005168 0.015622 -0.025681
v -0.005053 0.015622 -0.025540
v -0.004917 0.015622 -0.025236
v -0.004899 0.015622 -0.024843
v -0.005056 0.015622 -0.024428
v -0.005338 0.015622 -0.024157
v -0.021372 0.015622 -0.023986
v -0.022478 0.015622 -0.023844
v -0.023472 0.015622 -0.023542
v -0.024253 0.015622 -0.023194
v -0.024989 0.015622 -0.022743
v -0.025616 0.015622 -0.022255
v -0.027843 0.015613 -0.020043
v -0.027781 0.014112 -0.020105
v -0.022072 0.014105 -0.014366
v -0.022305 0.014030 -0.014274
v -0.028046 0.013967 -0.019840
v -0.022486 0.013888 -0.014146
v -0.021810 0.015622 -0.014388
v -0.021443 0.015622 -0.014318
v -0.021116 0.015622 -0.014091
v -0.020897 0.015622 -0.013771
v -0.020826 0.015622 -0.013331
v -0.032172 0.015622 -0.001614
v -0.032750 0.015622 -0.000825
v -0.033169 0.015622 -0.000079
v -0.033596 0.015622 0.001037
v -0.033837 0.015622 0.002361
v -0.033851 0.015613 0.005635
v -0.025749 0.014106 0.005562
v -0.025891 0.013979 0.005908
v -0.033851 0.013966 0.005924
v -0.025589 0.015622 0.005372
v -0.025395 0.015622 0.005220
v -0.025134 0.015622 0.005119
v -0.024842 0.015622 0.005086
v -0.024513 0.015622 0.005162
v -0.024259 0.015622 0.005313
v -0.023882 0.015622 0.021716
v -0.023736 0.015622 0.022675
v -0.023507 0.015622 0.023501
v -0.023165 0.015622 0.024303
v -0.022746 0.015622 0.025040
v -0.022151 0.015622 0.025819
v -0.019984 0.015617 0.027999
v -0.014268 0.014108 0.022251
v -0.014176 0.014031 0.022500
v -0.019740 0.013967 0.028244
v -0.014046 0.013888 0.022683
v -0.014279 0.015628 0.022052
v -0.014258 0.015622 0.021771
v -0.014122 0.015622 0.021473
v -0.013846 0.015622 0.021188
v -0.013527 0.015622 0.021056
v -0.013238 0.015622 0.021023
v 0.028423 0.015537 0.019857
v 0.028755 0.015355 0.019525
v 0.029069 0.015070 0.019212
v 0.022598 0.014849 0.014291
v 0.022288 0.014630 0.014443
v 0.022313 0.015114 0.014411
v 0.022973 0.015026 0.014015
v 0.023247 0.015257 0.013768
v 0.023491 0.015008 0.013536
v 0.022931 0.015454 0.014019
v 0.022507 0.015595 0.014297
v 0.022112 0.015061 0.014483
v 0.027820 0.006773 0.009213
v 0.028943 0.005642 0.008735
v 0.029499 0.005233 0.008715
v 0.030090 0.004871 0.008794
v 0.030860 0.004504 0.009044
v 0.031695 0.004241 0.009507
v 0.032381 0.004151 0.010066
v 0.032909 0.004185 0.010642
v 0.033400 0.004353 0.011371
v 0.034149 0.015480 -0.006126
v 0.034149 0.015145 -0.006762
v 0.026191 0.015080 -0.006840
v 0.026168 0.015344 -0.006425
v 0.026103 0.015523 -0.005988
v 0.026094 0.014570 -0.005685
v 0.025958 0.014672 -0.005389
v 0.025959 0.015205 -0.005428
v 0.033357 0.005855 -0.013956
v 0.026194 0.006776 -0.013035
v 0.026449 0.005961 -0.013851
v 0.027112 0.005158 -0.014653
v 0.027679 0.004768 -0.015043
v 0.028223 0.004510 -0.015301
v 0.029654 0.004174 -0.015637
v 0.030303 0.004153 -0.015658
v 0.030994 0.004210 -0.015601
v 0.031649 0.004353 -0.015458
v 0.032364 0.004611 -0.015200
v 0.019862 0.015496 -0.028321
v 0.019547 0.015295 -0.028637
v 0.019280 0.015030 -0.028903
v 0.014019 0.015383 -0.022871
v 0.013691 0.015078 -0.023239
v 0.014232 0.015523 -0.022575
v 0.014442 0.014558 -0.022352
v 0.014530 0.015191 -0.022068
v 0.014576 0.014646 -0.021960
v 0.014470 0.015611 -0.022168
v 0.014583 0.014617 -0.021915
v 0.014583 0.015120 -0.021915
v 0.015092 0.006993 -0.033091
v 0.009316 0.006778 -0.027618
v 0.013709 0.005840 -0.033339
v 0.009046 0.006293 -0.028035
v 0.008877 0.005823 -0.028531
v 0.008814 0.005447 -0.029000
v 0.008838 0.005050 -0.029585
v 0.008978 0.004712 -0.030202
v 0.009197 0.004464 -0.030773
v 0.009896 0.004177 -0.031879
v 0.010310 0.004152 -0.032325
v 0.010747 0.004186 -0.032716
v 0.011468 0.004352 -0.033202
v 0.012163 0.004623 -0.033514
v -0.006025 0.015480 -0.033951
v -0.006662 0.015145 -0.033951
v -0.005751 0.014477 -0.025950
v -0.006438 0.015287 -0.025982
v -0.006816 0.015011 -0.025994
v -0.005894 0.015522 -0.025907
v -0.005290 0.014574 -0.025764
v -0.005491 0.014673 -0.025855
v -0.005386 0.015615 -0.025771
v -0.012718 0.006993 -0.033951
v -0.013007 0.006704 -0.026003
v -0.013874 0.005837 -0.033147
v -0.013881 0.005830 -0.026327
v -0.014259 0.005453 -0.026613
v -0.014617 0.005095 -0.026995
v -0.014945 0.004766 -0.027484
v -0.015204 0.004507 -0.028034
v -0.015413 0.004298 -0.028689
v -0.015538 0.004174 -0.029453
v -0.015500 0.004212 -0.030807
v -0.015329 0.004383 -0.031559
v -0.015088 0.004623 -0.032180
v -0.028220 0.015497 -0.019666
v -0.028537 0.015295 -0.019349
v -0.028807 0.015026 -0.019079
v -0.022917 0.015286 -0.013700
v -0.023189 0.015014 -0.013443
v -0.022477 0.015522 -0.014032
v -0.022250 0.014576 -0.014244
v -0.021994 0.014576 -0.014347
v -0.021834 0.014535 -0.014383
v -0.022014 0.015616 -0.014298
v -0.032991 0.006993 -0.014895
v -0.033242 0.005827 -0.013496
v -0.027573 0.006707 -0.009071
v -0.028008 0.006220 -0.008818
v -0.028500 0.005762 -0.008662
v -0.029232 0.005209 -0.008612
v -0.029981 0.004773 -0.008743
v -0.030729 0.004440 -0.009022
v -0.031470 0.004228 -0.009463
v -0.032031 0.004155 -0.009919
v -0.032572 0.004177 -0.010491
v -0.033103 0.004353 -0.011272
v -0.033414 0.004623 -0.011966
v -0.033851 0.015496 0.006170
v -0.033851 0.015294 0.006618
v -0.033851 0.015031 0.006992
v -0.025865 0.015387 0.006440
v -0.025894 0.015080 0.006938
v -0.025791 0.014628 0.005781
v -0.025789 0.015544 0.006004
v -0.025699 0.015606 0.005673
v -0.025681 0.014541 0.005507
v -0.033049 0.005840 0.014068
v -0.025909 0.006634 0.013275
v -0.026089 0.006085 0.013824
v -0.026318 0.005695 0.014214
v -0.026640 0.005321 0.014588
v -0.027036 0.004989 0.014919
v -0.027541 0.004682 0.015227
v -0.028118 0.004439 0.015470
v -0.028687 0.004278 0.015631
v -0.029289 0.004182 0.015727
v -0.029878 0.004151 0.015757
v -0.030637 0.004200 0.015709
v -0.031579 0.004417 0.015492
v -0.019613 0.015520 0.028370
v -0.019250 0.015295 0.028734
v -0.018982 0.015029 0.029001
v -0.013602 0.015288 0.023112
v -0.013344 0.015014 0.023386
v -0.013936 0.015524 0.022670
v -0.014144 0.014568 0.022449
v -0.014250 0.014704 0.022157
v -0.014230 0.015182 0.022172
v -0.013417 0.005844 0.033436
v -0.008969 0.006703 0.027774
v -0.008562 0.005758 0.028702
v -0.008512 0.005205 0.029434
v -0.008648 0.004764 0.030194
v -0.008858 0.004502 0.030775
v -0.009174 0.004296 0.031383
v -0.009625 0.004174 0.032006
v -0.010068 0.004153 0.032479
v -0.010598 0.004211 0.032927
v -0.011161 0.004353 0.033288
v -0.011851 0.004612 0.033611
v 0.034038 0.008054 0.014242
v 0.028659 0.007721 0.008391
v 0.034310 0.006773 0.012702
v 0.033711 0.004623 0.012063
v 0.033536 0.005846 0.013617
v 0.033288 0.006993 0.014992
v 0.028302 0.006218 0.008910
v 0.029521 0.006847 0.008018
v 0.029980 0.006483 0.007962
v 0.030531 0.006111 0.007989
v 0.031294 0.005700 0.008169
v 0.032081 0.005400 0.008533
v 0.032721 0.005252 0.008962
v 0.033287 0.005211 0.009471
v 0.033672 0.005252 0.009913
v 0.034082 0.005378 0.010501
v 0.034460 0.005676 0.011301
v 0.034149 0.008054 -0.013878
v 0.032377 0.005686 -0.016248
v 0.033240 0.006760 -0.015173
v 0.034149 0.006993 -0.012818
v 0.026194 0.007864 -0.014068
v 0.026278 0.006363 -0.013448
v 0.026466 0.006991 -0.014941
v 0.026699 0.005584 -0.014227
v 0.026726 0.006612 -0.015320
v 0.027110 0.006222 -0.015710
v 0.028082 0.005629 -0.016304
v 0.028885 0.004299 -0.015512
v 0.028702 0.005408 -0.016524
v 0.029457 0.005254 -0.016678
v 0.030174 0.005212 -0.016721
v 0.030862 0.005253 -0.016680
v 0.031713 0.005427 -0.016505
v 0.014342 0.008054 -0.033841
v 0.012799 0.006771 -0.034112
v 0.008545 0.007805 -0.028395
v 0.008311 0.007383 -0.028760
v 0.008132 0.006912 -0.029246
v 0.008055 0.006369 -0.029937
v 0.008137 0.005956 -0.030602
v 0.008341 0.005617 -0.031287
v 0.009505 0.004285 -0.031334
v 0.008685 0.005377 -0.031970
v 0.009065 0.005251 -0.032528
v 0.009570 0.005211 -0.033089
v 0.010171 0.005275 -0.033599
v 0.010770 0.005434 -0.033975
v -0.013779 0.008054 -0.033951
v -0.014039 0.007794 -0.026002
v -0.015064 0.006769 -0.033050
v -0.014457 0.007376 -0.026096
v -0.013485 0.006226 -0.026128
v -0.014917 0.006915 -0.026309
v -0.015685 0.006147 -0.026998
v -0.016424 0.005409 -0.028503
v -0.016578 0.005255 -0.029256
v -0.015558 0.004153 -0.030116
v -0.016622 0.005211 -0.030178
v -0.016533 0.005299 -0.030957
v -0.016354 0.005479 -0.031676
v -0.033741 0.008054 -0.014145
v -0.034015 0.006758 -0.012584
v -0.028249 0.007867 -0.008387
v -0.028601 0.007444 -0.008142
v -0.029000 0.007047 -0.007980
v -0.030061 0.006221 -0.007873
v -0.030621 0.005892 -0.007966
v -0.031168 0.005628 -0.008140
v -0.031759 0.005409 -0.008422
v -0.032244 0.005286 -0.008734
v -0.032713 0.005219 -0.009107
v -0.033260 0.005229 -0.009669
v -0.033673 0.005335 -0.010232
v -0.033990 0.005510 -0.010795
v -0.033851 0.008054 0.013976
v -0.025909 0.007721 0.014309
v -0.032085 0.005690 0.016340
v -0.032085 0.004629 0.015280
v -0.032965 0.006788 0.015242
v -0.033851 0.006993 0.012915
v -0.026049 0.007237 0.014793
v -0.026326 0.006737 0.015293
v -0.026757 0.006272 0.015758
v -0.027226 0.005921 0.016109
v -0.027864 0.005593 0.016437
v -0.028591 0.005360 0.016670
v -0.029360 0.005232 0.016798
v -0.030083 0.005216 0.016814
v -0.030860 0.005295 0.016735
v -0.031661 0.005510 0.016520
v -0.012503 0.006773 0.034210
v -0.014045 0.008054 0.033938
v -0.014795 0.006993 0.033188
v -0.008237 0.007790 0.028505
v -0.008720 0.006223 0.028203
v -0.007945 0.007237 0.028994
v -0.007781 0.006660 0.029646
v -0.007779 0.006151 0.030363
v -0.007932 0.005772 0.031052
v -0.008199 0.005481 0.031731
v -0.008591 0.005297 0.032383
v -0.009088 0.005210 0.033003
v -0.009818 0.005263 0.033657
v -0.010464 0.005431 0.034067
v -0.011102 0.005676 0.034359
v 0.029098 0.007237 0.008147
v 0.026268 0.007448 -0.014484
v 0.027580 0.005888 -0.016045
v 0.011400 0.005676 -0.034262
v -0.015278 0.006554 -0.026579
v -0.016142 0.005691 -0.027738
v -0.016143 0.005690 -0.032185
v -0.029444 0.006664 -0.007881
v -0.034164 0.005690 -0.011224
v 0.015149 0.014122 0.000049
v 0.015116 -0.014878 0.001105
v 0.015106 0.014122 0.001237
v 0.014927 -0.014878 0.002651
v 0.014924 0.014122 0.002650
v 0.014596 0.014122 0.004103
v 0.014594 -0.014878 0.004101
v 0.014020 -0.014878 0.005789
v 0.014113 0.014122 0.005532
v 0.013376 0.014122 0.007148
v 0.013149 -0.014878 0.007543
v 0.012329 0.014122 0.008813
v 0.012326 -0.014878 0.008812
v 0.011639 -0.014878 0.009691
v 0.011147 0.014122 0.010261
v 0.010832 -0.014878 0.010583
v 0.009843 0.014122 0.011501
v 0.009500 -0.014878 0.011789
v 0.008905 0.014122 0.012228
v 0.007972 -0.014878 0.012854
v 0.007970 0.014122 0.012852
v 0.006730 0.014122 0.013533
v 0.006611 -0.014878 0.013590
v 0.005280 0.014122 0.014151
v 0.005278 -0.014878 0.014148
v 0.003570 -0.014878 0.014666
v 0.003776 0.014122 0.014608
v 0.002328 0.014122 0.014894
v 0.001696 -0.014878 0.014973
v 0.001270 0.014122 0.015007
v 0.000523 -0.014878 0.015044
v -0.000233 0.014122 0.015053
v -0.000672 -0.014878 0.015031
v -0.002030 0.014122 0.014894
v -0.002161 -0.014878 0.014874
v -0.003544 0.014122 0.014593
v -0.003542 -0.014878 0.014591
v -0.004629 -0.014878 0.014268
v -0.004981 0.014122 0.014148
v -0.005731 -0.014878 0.013853
v -0.006317 0.014122 0.013588
v -0.006695 -0.014878 0.013397
v -0.007626 0.014122 0.012881
v -0.007739 -0.014878 0.012812
v -0.008853 0.014122 0.012053
v -0.009203 -0.014878 0.011789
v -0.009777 0.014122 0.011295
v -0.010325 -0.014878 0.010787
v -0.010628 0.014122 0.010489
v -0.011155 -0.014878 0.009915
v -0.011571 0.014122 0.009415
v -0.012040 -0.014878 0.008796
v -0.012245 0.014122 0.008499
v -0.012852 -0.014878 0.007543
v -0.012850 0.014122 0.007541
v -0.013504 0.014122 0.006273
v -0.013558 -0.014878 0.006152
v -0.014052 0.014122 0.004895
v -0.014196 -0.014878 0.004467
v -0.014388 0.014122 0.003750
v -0.014682 -0.014878 0.002375
v -0.014627 0.014122 0.002650
v -0.014816 0.014122 0.001164
v -0.014849 -0.014878 0.000503
v -0.014849 0.014122 -0.000406
v -0.014816 -0.014878 -0.001067
v -0.014682 0.014122 -0.002275
v -0.014628 -0.014878 -0.002548
v -0.014388 -0.014878 -0.003653
v -0.014198 0.014122 -0.004363
v -0.014052 -0.014878 -0.004796
v -0.013562 0.014122 -0.006047
v -0.013377 -0.014878 -0.006457
v -0.013025 0.014122 -0.007125
v -0.012458 -0.014878 -0.008091
v -0.012456 0.014122 -0.008089
v -0.011617 0.014122 -0.009261
v -0.011535 -0.014878 -0.009365
v -0.010642 0.014122 -0.010377
v -0.010550 -0.014878 -0.010471
v -0.009496 0.014122 -0.011448
v -0.009494 -0.014878 -0.011446
v -0.008294 -0.014878 -0.012357
v -0.008291 0.014122 -0.012356
v -0.007088 0.014122 -0.013095
v -0.006972 -0.014878 -0.013158
v -0.006021 0.014122 -0.013624
v -0.005689 -0.014878 -0.013772
v -0.004981 0.014122 -0.014050
v -0.004006 -0.014878 -0.014377
v -0.003564 0.014122 -0.014491
v -0.002074 -0.014878 -0.014792
v -0.002072 0.014122 -0.014789
v -0.000650 0.014122 -0.014934
v -0.000518 -0.014878 -0.014941
v 0.000883 0.014122 -0.014939
v 0.000882 -0.014878 -0.014936
v 0.002014 -0.014878 -0.014835
v 0.002744 0.014122 -0.014734
v 0.003189 -0.014878 -0.014644
v 0.004499 0.014122 -0.014311
v 0.004918 -0.014878 -0.014183
v 0.006236 0.014122 -0.013674
v 0.006648 -0.014878 -0.013477
v 0.007971 0.014122 -0.012758
v 0.007970 -0.014878 -0.012755
v 0.009217 -0.014878 -0.011907
v 0.009217 0.014122 -0.011904
v 0.010351 0.014122 -0.010955
v 0.010349 -0.014878 -0.010953
v 0.011144 -0.014878 -0.010154
v 0.011394 0.014122 -0.009882
v 0.011926 -0.014878 -0.009248
v 0.012287 0.014122 -0.008771
v 0.012793 -0.014878 -0.008029
v 0.013144 0.014122 -0.007455
v 0.013494 -0.014878 -0.006805
v 0.013831 0.014122 -0.006105
v 0.013971 -0.014878 -0.005778
v 0.014372 0.014122 -0.004734
v 0.014368 -0.014878 -0.004733
v 0.014685 -0.014878 -0.003653
v 0.014859 0.014122 -0.002933
v 0.014937 -0.014878 -0.002484
v 0.015106 0.014122 -0.001140
v 0.015140 -0.014878 -0.000693
v 0.005681 -0.014864 -0.033951
v 0.005497 -0.014879 -0.025723
v 0.005730 -0.014844 -0.025889
v 0.005920 -0.014774 -0.025967
v 0.006048 -0.014702 -0.033951
v 0.006116 -0.014644 -0.025994
v 0.005345 -0.014878 -0.024447
v 0.005654 -0.014878 -0.024137
v 0.005214 -0.014878 -0.024764
v -0.001452 -0.014878 -0.032325
v -0.012759 -0.014878 -0.021067
v 0.005191 -0.014878 -0.025108
v 0.005290 -0.014878 -0.025435
v -0.000503 -0.014878 -0.032990
v 0.000580 -0.014878 -0.033513
v 0.001564 -0.014878 -0.033794
v 0.002494 -0.014878 -0.033937
v 0.006071 -0.015269 -0.025951
v 0.006991 -0.015875 -0.025994
v 0.006494 -0.016162 -0.025956
v 0.006098 -0.016301 -0.025887
v 0.005658 -0.015714 -0.025785
v 0.005774 -0.016361 -0.025800
v 0.005472 -0.016378 -0.025689
v 0.005736 -0.015216 -0.025856
v 0.013015 -0.007749 -0.033951
v 0.013799 -0.006965 -0.026134
v 0.014191 -0.006573 -0.026336
v 0.014552 -0.006212 -0.026610
v 0.014910 -0.005855 -0.026990
v 0.015198 -0.005566 -0.027411
v 0.015468 -0.005296 -0.027947
v 0.015832 -0.004932 -0.030508
v 0.015706 -0.005058 -0.031278
v 0.015395 -0.005369 -0.032169
v 0.005736 -0.016369 -0.033951
v 0.006205 -0.016270 -0.033951
v 0.006609 -0.016109 -0.033951
v 0.007045 -0.015827 -0.033951
v -0.001512 -0.016378 -0.032274
v -0.000577 -0.016378 -0.032946
v 0.000182 -0.016378 -0.033340
v 0.000967 -0.016378 -0.033640
v 0.001805 -0.016378 -0.033842
v 0.002636 -0.016378 -0.033944
v 0.005293 -0.016378 -0.025453
v 0.005192 -0.016378 -0.025089
v 0.005208 -0.016378 -0.024789
v 0.005353 -0.016378 -0.024428
v 0.005673 -0.016378 -0.024130
v -0.005731 -0.014878 0.024098
v -0.005392 -0.014878 0.024219
v -0.024024 -0.014878 -0.005489
v -0.021016 -0.014878 0.012895
v -0.023901 -0.014878 -0.005831
v 0.013054 -0.014878 0.021166
v 0.024194 -0.014878 0.005975
v 0.024276 -0.014878 0.005672
v 0.006045 -0.014878 -0.023999
v 0.021321 -0.014878 -0.012787
v 0.021144 -0.014878 -0.013159
v 0.014261 -0.008625 -0.025997
v 0.014076 -0.008810 -0.033951
v 0.014160 -0.006605 -0.033156
v 0.013304 -0.007460 -0.026003
v 0.014689 -0.008197 -0.026072
v 0.015630 -0.007256 -0.026619
v 0.016058 -0.006827 -0.027105
v 0.016350 -0.006535 -0.027572
v 0.016648 -0.006237 -0.028257
v 0.015728 -0.005036 -0.028756
v 0.016868 -0.006017 -0.029192
v 0.015856 -0.004908 -0.029720
v 0.016918 -0.005968 -0.029979
v 0.016869 -0.006017 -0.030741
v 0.016654 -0.006232 -0.031675
v 0.006024 -0.016378 -0.024002
v 0.021145 -0.014878 -0.013598
v 0.021277 -0.014878 -0.013918
v 0.021503 -0.014878 -0.014175
v 0.021909 -0.014878 -0.023974
v 0.021760 -0.014878 -0.014317
v 0.022035 -0.014878 -0.014387
v 0.023213 -0.014878 -0.023734
v 0.024481 -0.014878 -0.023235
v 0.026044 -0.014878 -0.022133
v 0.028103 -0.014864 -0.020080
v 0.021280 -0.016378 -0.012840
v 0.024523 -0.014878 0.005332
v 0.024959 -0.014878 0.005107
v 0.032517 -0.014878 -0.001558
v 0.025403 -0.014878 0.005108
v 0.025727 -0.014878 0.005242
v 0.025917 -0.014878 0.005404
v 0.033080 -0.014878 -0.000773
v 0.033503 -0.014878 0.000000
v 0.033918 -0.014878 0.001127
v 0.034133 -0.014878 0.002375
v 0.034149 -0.014864 0.005582
v 0.024320 -0.016378 0.005583
v 0.024199 -0.016378 0.005930
v 0.013555 -0.014878 0.021019
v 0.013938 -0.014878 0.021089
v 0.014275 -0.014878 0.021292
v 0.024186 -0.014878 0.021474
v 0.014520 -0.014878 0.021660
v 0.024110 -0.014878 0.022281
v 0.014586 -0.014878 0.022025
v 0.023879 -0.014878 0.023272
v 0.022513 -0.014878 0.025751
v 0.013204 -0.016378 0.021100
v 0.012968 -0.016378 0.021236
v -0.005140 -0.014878 0.024428
v -0.004938 -0.014878 0.024764
v 0.001871 -0.014878 0.032312
v -0.004893 -0.014878 0.025204
v -0.004994 -0.014878 0.025535
v -0.005190 -0.014878 0.025807
v 0.001098 -0.014878 0.032902
v 0.000039 -0.014878 0.033480
v -0.000925 -0.014878 0.033808
v -0.001727 -0.014878 0.033978
v -0.002485 -0.014878 0.034044
v -0.005349 -0.014868 0.034049
v -0.005676 -0.016378 0.024106
v -0.020856 -0.014878 0.013748
v -0.020845 -0.014878 0.013272
v -0.021035 -0.014878 0.014095
v -0.021610 -0.014878 0.024073
v -0.021290 -0.014878 0.014331
v -0.021614 -0.014878 0.014464
v -0.022564 -0.014878 0.023914
v -0.023403 -0.014878 0.023668
v -0.024503 -0.014878 0.023159
v -0.025535 -0.014878 0.022426
v -0.027806 -0.014864 0.020177
v -0.020954 -0.016378 0.012978
v -0.024270 -0.014878 -0.005203
v -0.024525 -0.014878 -0.005062
v -0.024858 -0.014878 -0.004984
v -0.032116 -0.014878 0.001770
v -0.025290 -0.014878 -0.005069
v -0.025568 -0.014878 -0.005252
v -0.032595 -0.014878 0.001154
v -0.033043 -0.014878 0.000427
v -0.033458 -0.014878 -0.000521
v -0.033688 -0.014878 -0.001339
v -0.033836 -0.014878 -0.002281
v -0.033851 -0.014864 -0.005484
v -0.023909 -0.016378 -0.005776
v -0.013408 -0.014878 -0.020932
v -0.013112 -0.014878 -0.020944
v -0.013819 -0.014878 -0.021073
v -0.023889 -0.014878 -0.021378
v -0.014132 -0.014878 -0.021385
v -0.014250 -0.014878 -0.021659
v -0.014290 -0.014878 -0.021923
v -0.023813 -0.014878 -0.022184
v -0.023629 -0.014878 -0.023005
v -0.023346 -0.014878 -0.023820
v -0.022517 -0.014878 -0.025268
v -0.022034 -0.014878 -0.025845
v -0.020005 -0.014868 -0.027880
v -0.012933 -0.016378 -0.020988
v -0.012660 -0.016378 -0.021149
v 0.015368 -0.007517 -0.033045
v 0.015154 -0.007731 -0.026276
v 0.016440 -0.006445 -0.032185
v 0.021669 -0.016378 -0.023986
v 0.022777 -0.016378 -0.023843
v 0.023767 -0.016378 -0.023543
v 0.024543 -0.016378 -0.023197
v 0.025459 -0.014878 -0.022621
v 0.025297 -0.016378 -0.022735
v 0.025942 -0.016378 -0.022230
v 0.022360 -0.014862 -0.014365
v 0.022703 -0.014735 -0.014222
v 0.028363 -0.014700 -0.019820
v 0.022104 -0.016378 -0.014388
v 0.021787 -0.016378 -0.014332
v 0.021490 -0.016378 -0.014161
v 0.021265 -0.016378 -0.013903
v 0.021133 -0.016378 -0.013533
v 0.021144 -0.016378 -0.013189
v 0.032469 -0.016378 -0.001614
v 0.033047 -0.016378 -0.000825
v 0.033466 -0.016378 -0.000079
v 0.033893 -0.016378 0.001037
v 0.034134 -0.016378 0.002362
v 0.034149 -0.016369 0.005636
v 0.026042 -0.014863 0.005553
v 0.026188 -0.014734 0.005909
v 0.034149 -0.014700 0.005951
v 0.025886 -0.016378 0.005372
v 0.025693 -0.016378 0.005220
v 0.025431 -0.016378 0.005119
v 0.025139 -0.016378 0.005086
v 0.024808 -0.016378 0.005163
v 0.024552 -0.016378 0.005316
v 0.024179 -0.016378 0.021716
v 0.024033 -0.016378 0.022675
v 0.023752 -0.016378 0.023659
v 0.023579 -0.014878 0.024057
v 0.023185 -0.014878 0.024816
v 0.022564 -0.016378 0.025691
v 0.020238 -0.016369 0.028042
v 0.020302 -0.014868 0.027979
v 0.014558 -0.014857 0.022289
v 0.014469 -0.014779 0.022517
v 0.020037 -0.014723 0.028243
v 0.014346 -0.014648 0.022680
v 0.014583 -0.016378 0.022012
v 0.014555 -0.016378 0.021771
v 0.014419 -0.016378 0.021473
v 0.014143 -0.016378 0.021188
v 0.013824 -0.016378 0.021056
v 0.013536 -0.016378 0.021023
v 0.001924 -0.016378 0.032264
v 0.001037 -0.016378 0.032947
v -0.000178 -0.016378 0.033570
v -0.001180 -0.016378 0.033872
v -0.002167 -0.016378 0.034035
v -0.005440 -0.016369 0.034049
v -0.005361 -0.014862 0.025945
v -0.005708 -0.014736 0.026088
v -0.005724 -0.014724 0.034049
v -0.005152 -0.016378 0.025772
v -0.004966 -0.016378 0.025473
v -0.004894 -0.016378 0.025186
v -0.004919 -0.016378 0.024840
v -0.005059 -0.016378 0.024533
v -0.005296 -0.016378 0.024281
v -0.021380 -0.016378 0.024084
v -0.022979 -0.016378 0.023809
v -0.024098 -0.016378 0.023376
v -0.024994 -0.016378 0.022838
v -0.025647 -0.016378 0.022326
v -0.021815 -0.014878 0.014484
v -0.022075 -0.014860 0.014462
v -0.022333 -0.014771 0.014360
v -0.028067 -0.014699 0.019916
v -0.022485 -0.014646 0.014245
v -0.021815 -0.016378 0.014484
v -0.021568 -0.016378 0.014454
v -0.021274 -0.016378 0.014318
v -0.021022 -0.016378 0.014082
v -0.020871 -0.016378 0.013777
v -0.020826 -0.016378 0.013429
v -0.032071 -0.016378 0.001820
v -0.032560 -0.016378 0.001204
v -0.033003 -0.016378 0.000501
v -0.033428 -0.016378 -0.000438
v -0.033675 -0.016378 -0.001280
v -0.033837 -0.016378 -0.002266
v -0.033851 -0.016369 -0.005541
v -0.025747 -0.014863 -0.005459
v -0.025891 -0.014734 -0.005810
v -0.033851 -0.014700 -0.005853
v -0.025613 -0.016383 -0.005311
v -0.025397 -0.016378 -0.005124
v -0.025041 -0.016378 -0.004998
v -0.024698 -0.016378 -0.005009
v -0.024376 -0.016378 -0.005130
v -0.024084 -0.016378 -0.005394
v -0.023882 -0.016378 -0.021618
v -0.023736 -0.016378 -0.022577
v -0.023507 -0.016378 -0.023403
v -0.023165 -0.016378 -0.024205
v -0.022965 -0.014878 -0.024580
v -0.022746 -0.016378 -0.024942
v -0.022133 -0.016378 -0.025742
v -0.014268 -0.014863 -0.022154
v -0.014121 -0.014735 -0.022507
v -0.019740 -0.014723 -0.028146
v -0.014296 -0.016378 -0.021861
v -0.014124 -0.016378 -0.021366
v -0.013843 -0.016378 -0.021096
v -0.013574 -0.016378 -0.020969
v -0.013277 -0.016378 -0.020928
v 0.028141 -0.016369 -0.020042
v 0.023229 -0.016378 0.024742
v -0.022154 -0.016378 0.023996
v -0.027844 -0.016369 0.020140
v -0.019856 -0.016359 -0.028030
v 0.028474 -0.016270 -0.019709
v 0.028758 -0.016109 -0.019425
v 0.029065 -0.015830 -0.019118
v 0.023044 -0.016151 -0.013840
v 0.023400 -0.015878 -0.013530
v 0.022539 -0.015376 -0.014243
v 0.022698 -0.016300 -0.014081
v 0.022405 -0.016361 -0.014250
v 0.022271 -0.015298 -0.014356
v 0.027872 -0.007461 -0.009070
v 0.028322 -0.006958 -0.008810
v 0.028894 -0.006435 -0.008642
v 0.029519 -0.005977 -0.008618
v 0.030117 -0.005612 -0.008701
v 0.031557 -0.005029 -0.009317
v 0.032209 -0.004920 -0.009813
v 0.032742 -0.004916 -0.010341
v 0.033206 -0.005024 -0.010959
v 0.033548 -0.005213 -0.011568
v 0.033711 -0.005385 -0.011974
v 0.034149 -0.016269 0.006111
v 0.034149 -0.016106 0.006514
v 0.034149 -0.015827 0.006945
v 0.026160 -0.016151 0.006416
v 0.026191 -0.015879 0.006887
v 0.026094 -0.015324 0.005782
v 0.026091 -0.016292 0.006030
v 0.026000 -0.015320 0.005552
v 0.025967 -0.016370 0.005583
v 0.026194 -0.007532 0.013133
v 0.033339 -0.006587 0.014078
v 0.026703 -0.006335 0.014328
v 0.027110 -0.005915 0.014749
v 0.027673 -0.005527 0.015138
v 0.028397 -0.005196 0.015469
v 0.029329 -0.004966 0.015699
v 0.030316 -0.004904 0.015760
v 0.031098 -0.004984 0.015680
v 0.031753 -0.005137 0.015527
v 0.032376 -0.005379 0.015287
v 0.019906 -0.016270 0.028375
v 0.019622 -0.016108 0.028659
v 0.019313 -0.015826 0.028968
v 0.014371 -0.015224 0.022589
v 0.013727 -0.015878 0.023300
v 0.014082 -0.016186 0.022882
v 0.014391 -0.016349 0.022411
v 0.014479 -0.015446 0.022347
v 0.014579 -0.015434 0.022043
v 0.014523 -0.016044 0.022172
v 0.015092 -0.007749 0.033188
v 0.009313 -0.007529 0.027720
v 0.013713 -0.006600 0.033436
v 0.009077 -0.007111 0.028077
v 0.008917 -0.006716 0.028475
v 0.008817 -0.006269 0.029006
v 0.008830 -0.005858 0.029600
v 0.008972 -0.005466 0.030298
v 0.009280 -0.005159 0.031040
v 0.009610 -0.005002 0.031591
v 0.010054 -0.004913 0.032161
v 0.010615 -0.004925 0.032705
v 0.011148 -0.005022 0.033101
v 0.011747 -0.005205 0.033441
v 0.012171 -0.005385 0.033612
v -0.005911 -0.016270 0.034049
v -0.006309 -0.016110 0.034049
v -0.006748 -0.015827 0.034049
v -0.006219 -0.016151 0.026060
v -0.006691 -0.015877 0.026091
v -0.005582 -0.015307 0.025995
v -0.005835 -0.016291 0.025992
v -0.005355 -0.015299 0.025902
v -0.005376 -0.016371 0.025864
v -0.013846 -0.006621 0.033266
v -0.012868 -0.007599 0.026092
v -0.013286 -0.007181 0.026158
v -0.013705 -0.006762 0.026326
v -0.014158 -0.006309 0.026618
v -0.014892 -0.005575 0.027494
v -0.015144 -0.005323 0.027984
v -0.015366 -0.005101 0.028609
v -0.015485 -0.004982 0.029161
v -0.015559 -0.004908 0.029819
v -0.015534 -0.004933 0.030607
v -0.015409 -0.005058 0.031377
v -0.015098 -0.005369 0.032266
v -0.028176 -0.016270 0.019808
v -0.028462 -0.016108 0.019522
v -0.028772 -0.015824 0.019211
v -0.021984 -0.015406 0.014444
v -0.021975 -0.015863 0.014429
v -0.022243 -0.015431 0.014334
v -0.022639 -0.015795 0.014044
v -0.023102 -0.015879 0.013628
v -0.022736 -0.016156 0.013943
v -0.022344 -0.016317 0.014215
v -0.021817 -0.015290 0.014483
v -0.022073 -0.016365 0.014368
v -0.021816 -0.015863 0.014483
v -0.021815 -0.015875 0.014484
v -0.021815 -0.015377 0.014484
v -0.033242 -0.006581 0.013591
v -0.027628 -0.007391 0.009123
v -0.028138 -0.006846 0.008863
v -0.028577 -0.006455 0.008749
v -0.029040 -0.006101 0.008710
v -0.029734 -0.005657 0.008777
v -0.030585 -0.005252 0.009054
v -0.031421 -0.004991 0.009522
v -0.032098 -0.004907 0.010080
v -0.032676 -0.004950 0.010720
v -0.033158 -0.005145 0.011476
v -0.033414 -0.005381 0.012066
v -0.033851 -0.016269 -0.006013
v -0.033851 -0.016109 -0.006410
v -0.033851 -0.015827 -0.006848
v -0.025862 -0.016150 -0.006322
v -0.025894 -0.015878 -0.006790
v -0.025797 -0.015322 -0.005685
v -0.025794 -0.016291 -0.005934
v -0.025649 -0.015369 -0.005361
v -0.025663 -0.015962 -0.005432
v -0.033047 -0.006593 -0.013974
v -0.025895 -0.007589 -0.012978
v -0.025959 -0.007187 -0.013380
v -0.026151 -0.006717 -0.013849
v -0.026406 -0.006335 -0.014231
v -0.027378 -0.005526 -0.015041
v -0.028101 -0.005195 -0.015372
v -0.030250 -0.004920 -0.015647
v -0.030897 -0.004999 -0.015567
v -0.031659 -0.005203 -0.015363
v -0.019404 -0.016163 -0.028482
v -0.019047 -0.015864 -0.028839
v -0.013740 -0.016150 -0.022848
v -0.013428 -0.015875 -0.023204
v -0.014144 -0.015314 -0.022352
v -0.013966 -0.016292 -0.022526
v -0.014260 -0.015458 -0.022028
v -0.014231 -0.015949 -0.022072
v -0.014172 -0.016365 -0.022170
v -0.008970 -0.007460 -0.027675
v -0.013411 -0.006595 -0.033339
v -0.008687 -0.006905 -0.028176
v -0.008524 -0.006329 -0.028828
v -0.008531 -0.005864 -0.029493
v -0.008647 -0.005522 -0.030093
v -0.008858 -0.005258 -0.030676
v -0.009170 -0.005053 -0.031279
v -0.009625 -0.004929 -0.031910
v -0.011866 -0.005379 -0.033514
v 0.034038 -0.008810 -0.014145
v 0.028603 -0.008548 -0.008338
v 0.033536 -0.006603 -0.013521
v 0.034310 -0.007528 -0.012603
v 0.033288 -0.007749 -0.014895
v 0.029011 -0.008080 -0.008086
v 0.029481 -0.007637 -0.007929
v 0.029949 -0.007262 -0.007866
v 0.030639 -0.006800 -0.007904
v 0.031413 -0.006406 -0.008118
v 0.030796 -0.005289 -0.008922
v 0.032164 -0.006129 -0.008480
v 0.032858 -0.005989 -0.008976
v 0.033290 -0.005969 -0.009379
v 0.033683 -0.006007 -0.009825
v 0.034119 -0.006155 -0.010470
v 0.034460 -0.006431 -0.011203
v 0.026206 -0.008479 0.014306
v 0.033243 -0.007519 0.015266
v 0.034149 -0.008810 0.013976
v 0.034149 -0.007749 0.012915
v 0.026278 -0.007120 0.013544
v 0.026346 -0.007993 0.014793
v 0.026449 -0.006716 0.013948
v 0.026634 -0.007476 0.015310
v 0.027113 -0.006976 0.015810
v 0.027580 -0.006643 0.016142
v 0.028088 -0.006382 0.016404
v 0.028790 -0.006138 0.016648
v 0.029554 -0.006001 0.016785
v 0.030284 -0.005966 0.016819
v 0.031957 -0.006266 0.016520
v 0.014342 -0.008810 0.033938
v 0.012784 -0.007515 0.034212
v 0.008539 -0.008552 0.028499
v 0.008277 -0.008067 0.028924
v 0.008118 -0.007605 0.029419
v 0.008055 -0.007122 0.030037
v 0.008175 -0.006610 0.030881
v 0.008457 -0.006271 0.031643
v 0.008764 -0.006098 0.032195
v 0.009525 -0.005967 0.033141
v 0.010121 -0.006020 0.033662
v 0.010763 -0.006187 0.034068
v 0.011400 -0.006431 0.034359
v -0.014035 -0.008553 0.026099
v -0.015068 -0.007520 0.033145
v -0.013779 -0.008810 0.034049
v -0.012718 -0.007749 0.034049
v -0.014984 -0.007605 0.026445
v -0.015562 -0.007026 0.026950
v -0.014606 -0.005861 0.027080
v -0.016005 -0.006583 0.027577
v -0.016310 -0.006278 0.028245
v -0.016488 -0.006101 0.028859
v -0.016587 -0.006001 0.029453
v -0.016622 -0.005966 0.030179
v -0.016383 -0.006205 0.031680
v -0.034016 -0.007508 0.012677
v -0.033741 -0.008810 0.014242
v -0.032991 -0.007749 0.014992
v -0.028363 -0.008473 0.008389
v -0.028802 -0.007992 0.008147
v -0.029895 -0.007088 0.007960
v -0.030398 -0.006773 0.008018
v -0.030925 -0.006493 0.008149
v -0.031591 -0.006219 0.008429
v -0.032233 -0.006042 0.008820
v -0.032851 -0.005966 0.009331
v -0.033875 -0.006189 0.010670
v -0.032081 -0.006441 -0.016247
v -0.032085 -0.005385 -0.015182
v -0.032952 -0.007527 -0.015161
v -0.033851 -0.008810 -0.013878
v -0.033851 -0.007749 -0.012818
v -0.025909 -0.008476 -0.014212
v -0.026049 -0.007993 -0.014695
v -0.026815 -0.005913 -0.014654
v -0.026813 -0.006978 -0.015710
v -0.027289 -0.006640 -0.016048
v -0.027788 -0.006383 -0.016306
v -0.028399 -0.006165 -0.016523
v -0.028935 -0.004983 -0.015583
v -0.029164 -0.006010 -0.016678
v -0.029658 -0.004910 -0.015656
v -0.029884 -0.005967 -0.016721
v -0.031420 -0.006184 -0.016504
v -0.008287 -0.008621 -0.028350
v -0.012494 -0.007521 -0.034113
v -0.014045 -0.008810 -0.033841
v -0.014795 -0.007749 -0.033091
v -0.008042 -0.008199 -0.028701
v -0.007836 -0.007672 -0.029241
v -0.007772 -0.007310 -0.029688
v -0.007779 -0.006906 -0.030268
v -0.007929 -0.006531 -0.030948
v -0.008198 -0.006237 -0.031632
v -0.008593 -0.006053 -0.032288
v -0.009084 -0.005966 -0.032902
v -0.010220 -0.004913 -0.032527
v -0.009745 -0.006009 -0.033501
v -0.010922 -0.005038 -0.033051
v -0.010393 -0.006162 -0.033933
v -0.011426 -0.005200 -0.033327
v 0.031157 -0.006051 0.016735
v 0.032382 -0.006445 0.016340
v 0.009103 -0.006001 0.032670
v -0.014452 -0.008136 0.026193
v -0.016555 -0.006033 0.030930
v -0.016147 -0.006441 0.032279
v -0.029291 -0.007544 0.008002
v -0.033463 -0.006020 0.010018
v -0.034163 -0.006431 0.011301
v -0.026336 -0.007477 -0.015211
v -0.030568 -0.006009 -0.016679
v -0.011103 -0.006431 -0.034263
v -0.014849 0.015622 -0.000406
v -0.014819 0.015622 0.001098
v -0.014839 0.019622 0.000897
v -0.014640 0.015622 0.002586
v -0.014617 0.019622 0.002716
v -0.014299 0.015622 0.004103
v -0.014297 0.019622 0.004101
v -0.013820 0.019622 0.005533
v -0.013684 0.015622 0.005874
v -0.013168 0.019622 0.006962
v -0.012884 0.015622 0.007485
v -0.012414 0.019622 0.008253
v -0.012079 0.015622 0.008744
v -0.011532 0.019622 0.009466
v -0.011155 0.015622 0.009915
v -0.010535 0.019622 0.010583
v -0.010325 0.015622 0.010787
v -0.009546 0.015622 0.011501
v -0.009203 0.019622 0.011789
v -0.008608 0.015622 0.012228
v -0.007683 0.019622 0.012848
v -0.007349 0.015622 0.013051
v -0.006695 0.019622 0.013397
v -0.005731 0.015622 0.013853
v -0.005238 0.019622 0.014061
v -0.004348 0.015622 0.014364
v -0.003479 0.019622 0.014608
v -0.002560 0.015622 0.014814
v -0.002030 0.019622 0.014894
v -0.000672 0.015622 0.015031
v -0.000233 0.019622 0.015053
v 0.000523 0.015622 0.015044
v 0.001270 0.019622 0.015007
v 0.002010 0.015622 0.014942
v 0.002458 0.019622 0.014874
v 0.003776 0.015622 0.014608
v 0.003904 0.019622 0.014575
v 0.005535 0.015622 0.014061
v 0.005278 0.019622 0.014148
v 0.006611 0.019622 0.013590
v 0.006992 0.015622 0.013397
v 0.007972 0.019622 0.012854
v 0.007970 0.015622 0.012852
v 0.009204 0.015622 0.012015
v 0.009201 0.019622 0.012013
v 0.010561 0.019622 0.010862
v 0.010692 0.015622 0.010735
v 0.011639 0.019622 0.009691
v 0.011881 0.015622 0.009400
v 0.012366 0.019622 0.008759
v 0.012714 0.015622 0.008248
v 0.013147 0.019622 0.007541
v 0.013322 0.015622 0.007223
v 0.013830 0.019622 0.006214
v 0.013827 0.015622 0.006212
v 0.014349 0.015622 0.004895
v 0.014391 0.019622 0.004769
v 0.014685 0.015622 0.003750
v 0.014685 0.019622 0.003750
v 0.014914 0.015622 0.002716
v 0.014937 0.019622 0.002586
v 0.015074 0.015622 0.001542
v 0.015109 0.019622 0.001171
v 0.015147 0.015622 0.000415
v 0.015149 0.019622 0.000049
v 0.015112 0.015622 -0.001074
v 0.015109 0.019622 -0.001074
v 0.014981 0.019622 -0.002187
v 0.014859 0.015622 -0.002933
v 0.014758 0.019622 -0.003369
v 0.014391 0.015622 -0.004671
v 0.014247 0.019622 -0.005099
v 0.013971 0.015622 -0.005778
v 0.013526 0.019622 -0.006746
v 0.013466 0.015622 -0.006864
v 0.012948 0.019622 -0.007773
v 0.012756 0.015622 -0.008084
v 0.012324 0.019622 -0.008718
v 0.011886 0.015622 -0.009301
v 0.011396 0.019622 -0.009884
v 0.010628 0.015622 -0.010696
v 0.010301 0.019622 -0.010999
v 0.009269 0.015622 -0.011865
v 0.009164 0.019622 -0.011945
v 0.007744 0.015622 -0.012900
v 0.007969 0.019622 -0.012755
v 0.006706 0.019622 -0.013447
v 0.006318 0.015622 -0.013624
v 0.005629 0.019622 -0.013914
v 0.004918 0.015622 -0.014183
v 0.004499 0.019622 -0.014311
v 0.003189 0.015622 -0.014644
v 0.003059 0.019622 -0.014670
v 0.001725 0.015622 -0.014872
v 0.002014 0.019622 -0.014835
v 0.000817 0.019622 -0.014941
v -0.000118 0.015622 -0.014961
v -0.000650 0.019622 -0.014934
v -0.002074 0.015622 -0.014792
v -0.002072 0.019622 -0.014789
v -0.003830 0.019622 -0.014427
v -0.003564 0.015622 -0.014487
v -0.004920 0.015622 -0.014073
v -0.005628 0.019622 -0.013799
v -0.006021 0.015622 -0.013624
v -0.006972 0.019622 -0.013158
v -0.007088 0.015622 -0.013095
v -0.007990 0.019622 -0.012552
v -0.008611 0.015622 -0.012140
v -0.009290 0.019622 -0.011625
v -0.010004 0.015622 -0.010999
v -0.010642 0.019622 -0.010377
v -0.011286 0.015622 -0.009678
v -0.011815 0.019622 -0.009015
v -0.012245 0.015622 -0.008401
v -0.012985 0.019622 -0.007222
v -0.012844 0.015622 -0.007454
v -0.013651 0.015622 -0.005861
v -0.013674 0.019622 -0.005778
v -0.014071 0.019622 -0.004733
v -0.014377 0.015622 -0.003743
v -0.014388 0.019622 -0.003653
v -0.014640 0.019622 -0.002484
v -0.014731 0.015622 -0.001885
v -0.014819 0.019622 -0.001001
v 0.002576 0.015622 -0.001733
v 0.002057 0.015622 -0.002272
v 0.001431 0.015622 -0.002675
v 0.002939 0.015622 -0.001065
v 0.000644 0.015622 -0.002918
v 0.003119 0.015622 -0.000424
v -0.000179 0.015622 -0.002944
v 0.003148 0.015622 0.000179
v 0.003082 0.015622 0.000699
v -0.000879 0.015622 -0.002774
v 0.002923 0.015622 0.001199
v -0.001346 0.015622 -0.002555
v 0.002673 0.015622 0.001676
v -0.001789 0.015622 -0.002247
v 0.002369 0.015622 0.002070
v -0.002196 0.015622 -0.001830
v 0.001903 0.015622 0.002493
v -0.002526 0.015622 -0.001321
v 0.001307 0.015622 0.002820
v -0.002729 0.015622 -0.000808
v 0.000769 0.015622 0.002989
v -0.002836 0.015622 -0.000298
v 0.000216 0.015622 0.003051
v -0.002847 0.015622 0.000272
v -0.000383 0.015622 0.003008
v -0.002726 0.015622 0.000936
v -0.001087 0.015622 0.002791
v -0.002442 0.015622 0.001570
v -0.001659 0.015622 0.002448
v -0.002092 0.015622 0.002051
v 0.005824 0.019622 -0.004871
v 0.004976 0.019622 -0.005696
v 0.004184 0.019622 -0.006280
v 0.006681 0.019622 -0.003659
v 0.003229 0.019622 -0.006794
v 0.007214 0.019622 -0.002483
v 0.002058 0.019622 -0.007216
v 0.007515 0.019622 -0.001394
v 0.000758 0.019622 -0.007432
v 0.007632 0.019622 -0.000480
v 0.007644 0.019622 0.000409
v -0.000186 0.019622 -0.007446
v -0.000965 0.019622 -0.007371
v 0.007539 0.019622 0.001346
v -0.001890 0.019622 -0.007174
v 0.007309 0.019622 0.002299
v -0.002727 0.019622 -0.006880
v 0.006810 0.019622 0.003519
v -0.003555 0.019622 -0.006479
v 0.005988 0.019622 0.004774
v -0.004535 0.019622 -0.005819
v -0.005357 0.019622 -0.005050
v 0.005109 0.019622 0.005680
v -0.005918 0.019622 -0.004364
v 0.004396 0.019622 0.006233
v -0.006511 0.019622 -0.003426
v 0.003738 0.019622 0.006638
v 0.003030 0.019622 0.006975
v 0.001997 0.019622 0.007327
v -0.007007 0.019622 -0.002217
v -0.007266 0.019622 -0.001123
v 0.000588 0.019622 0.007547
v -0.007350 0.019622 -0.000179
v -0.007334 0.019622 0.000603
v -0.000734 0.019622 0.007503
v -0.007202 0.019622 0.001567
v -0.001836 0.019622 0.007287
v -0.006961 0.019622 0.002442
v -0.002740 0.019622 0.006972
v -0.006630 0.019622 0.003272
v -0.003434 0.019622 0.006641
v -0.006155 0.019622 0.004118
v -0.004285 0.019622 0.006106
v -0.005602 0.019622 0.004871
v -0.004986 0.019622 0.005519
v -0.002840 0.031622 0.000341
v -0.002757 0.031622 0.000808
v -0.002589 0.031622 0.001284
v -0.002300 0.031622 0.001790
v -0.001914 0.031622 0.002232
v -0.001321 0.031622 0.002676
v -0.000553 0.031622 0.002974
v 0.000267 0.031622 0.003057
v 0.001031 0.031622 0.002922
v 0.001590 0.031622 0.002684
v 0.002059 0.031622 0.002368
v 0.002434 0.031622 0.001996
v 0.002776 0.031622 0.001510
v 0.003056 0.031622 0.000817
v 0.003157 0.031622 0.000049
v 0.003077 0.031622 -0.000619
v 0.002927 0.031622 -0.001089
v 0.002633 0.031622 -0.001648
v 0.002191 0.031622 -0.002153
v 0.001651 0.031622 -0.002557
v 0.001040 0.031622 -0.002820
v 0.000404 0.031622 -0.002948
v -0.000348 0.031622 -0.002918
v -0.001088 0.031622 -0.002694
v -0.001662 0.031622 -0.002349
v -0.002091 0.031622 -0.001956
v -0.002521 0.031622 -0.001342
v -0.002757 0.031622 -0.000708
v -0.002846 0.031622 -0.000195
v -0.007346 0.031622 0.000424
v -0.007245 0.031622 0.001321
v -0.006986 0.031622 0.002396
v -0.006386 0.031622 0.003754
v -0.005710 0.031622 0.004737
v -0.004910 0.031622 0.005601
v -0.003758 0.031622 0.006462
v -0.002592 0.031622 0.007038
v -0.001474 0.031622 0.007377
v -0.000598 0.031622 0.007513
v 0.000345 0.031622 0.007553
v 0.001294 0.031622 0.007463
v 0.002224 0.031622 0.007262
v 0.003091 0.031622 0.006950
v 0.003943 0.031622 0.006525
v 0.005015 0.031622 0.005770
v 0.005805 0.031622 0.004977
v 0.006380 0.031622 0.004233
v 0.006841 0.031622 0.003439
v 0.007285 0.031622 0.002390
v 0.007577 0.031622 0.001125
v 0.007650 0.031622 0.000189
v 0.007611 0.031622 -0.000755
v 0.007367 0.031622 -0.002027
v 0.006810 0.031622 -0.003421
v 0.006099 0.031622 -0.004527
v 0.005250 0.031622 -0.005462
v 0.004266 0.031622 -0.006227
v 0.003412 0.031622 -0.006707
v 0.002499 0.031622 -0.007080
v 0.001601 0.031622 -0.007311
v 0.000662 0.031622 -0.007440
v -0.000252 0.031622 -0.007443
v -0.001195 0.031622 -0.007336
v -0.002286 0.031622 -0.007052
v -0.003145 0.031622 -0.006691
v -0.003925 0.031622 -0.006253
v -0.004815 0.031622 -0.005584
v -0.005638 0.031622 -0.004732
v -0.006388 0.031622 -0.003653
v -0.006924 0.031622 -0.002464
v -0.007220 0.031622 -0.001382
v -0.007335 0.031622 -0.000472
vn -0.0935 -0.9956 0.0010
vn -0.3590 -0.9334 -0.0015
vn -0.3317 -0.9434 -0.0005
vn -0.5470 -0.8371 0.0018
vn -0.0000 -1.0000 -0.0000
vn -0.0002 -1.0000 0.0008
vn -0.0034 -1.0000 -0.0011
vn 0.0356 -0.0274 -0.9990
vn 0.1425 -0.0390 -0.9890
vn 0.6342 -0.0108 -0.7731
vn 0.4220 -0.1154 -0.8992
vn 0.0702 -0.1035 -0.9921
vn 0.1775 -0.0724 -0.9815
vn 0.3714 -0.0942 -0.9237
vn 0.4070 -0.0290 -0.9130
vn 0.2474 -0.0730 -0.9662
vn 0.3925 -0.0271 -0.9194
vn 0.6003 0.0007 -0.7998
vn -0.7061 -0.7081 -0.0013
vn -0.7069 -0.7073 -0.0000
vn -0.7068 -0.7074 -0.0000
vn -0.7073 -0.7069 0.0002
vn -0.7068 -0.7074 0.0001
vn -0.7071 -0.7071 0.0001
vn -0.7072 -0.7071 -0.0000
vn -0.7072 -0.7071 0.0001
vn -0.7073 -0.7069 -0.0001
vn -0.7060 -0.7082 0.0009
vn -0.7084 -0.7059 -0.0012
vn -0.7064 -0.7078 0.0010
vn -0.7078 -0.7064 -0.0009
vn -0.7071 -0.7071 0.0004
vn -0.0000 -0.0000 1.0000
vn -0.6070 0.0006 0.7947
vn -0.6104 0.0035 0.7921
vn -0.4793 -0.0070 0.8776
vn -0.4561 0.0127 0.8898
vn -0.3220 -0.0101 0.9467
vn -0.2886 0.0083 0.9574
vn -0.2067 -0.0066 0.9784
vn -0.1624 0.0102 0.9867
vn -0.0875 -0.0121 0.9961
vn -0.0016 0.0063 1.0000
vn -0.0045 0.0001 1.0000
vn 0.8655 -0.0123 -0.5007
vn 0.8221 0.0028 -0.5693
vn 0.9567 0.0131 -0.2907
vn 0.9965 -0.0121 -0.0828
vn 0.9950 0.0134 0.0987
vn 0.9620 -0.0144 0.2728
vn 0.8571 0.0143 0.5149
vn 0.7404 -0.0159 0.6720
vn 0.6345 0.0096 0.7728
vn -0.7063 -0.0025 0.7079
vn -0.7066 0.0017 0.7076
vn 0.0269 0.9996 -0.0001
vn 0.1802 0.9836 -0.0000
vn 0.1801 0.9836 -0.0000
vn 0.4015 0.9159 0.0013
vn 0.3722 0.9282 -0.0004
vn 0.5306 0.8476 -0.0015
vn 0.5765 0.8171 0.0012
vn 0.0042 0.0030 -1.0000
vn 0.0003 0.0001 -1.0000
vn 0.3486 -0.3488 0.8699
vn 0.3450 -0.3494 0.8711
vn 0.3121 -0.3121 0.8973
vn 0.3167 -0.3114 0.8960
vn 0.0746 -0.0831 -0.9937
vn 0.1318 -0.1138 -0.9847
vn 0.1969 -0.2215 -0.9551
vn 0.2880 -0.2634 -0.9207
vn 0.3527 -0.3772 -0.8563
vn 0.4077 -0.3945 -0.8235
vn 0.4972 -0.5007 -0.7085
vn 0.4997 -0.5162 -0.6956
vn 0.5796 -0.5626 -0.5896
vn 0.6012 -0.6188 -0.5056
vn 0.6379 -0.6256 -0.4491
vn 0.6865 -0.6722 -0.2772
vn 0.6599 -0.6702 -0.3398
vn 0.6856 -0.6976 -0.2079
vn 0.7102 -0.6989 -0.0844
vn 0.7022 -0.7106 -0.0440
vn 0.7091 -0.6992 0.0917
vn 0.6985 -0.7056 0.1192
vn 0.6737 -0.6730 0.3053
vn 0.6757 -0.6658 0.3164
vn 0.6141 -0.6257 0.4811
vn 0.6120 -0.6078 0.5061
vn -0.0000 1.0000 -0.0000
vn -0.0000 1.0000 -0.0002
vn 0.0017 1.0000 0.0006
vn 0.3605 -0.0071 0.9327
vn 0.3197 0.0027 0.9475
vn 0.0010 -1.0000 0.0016
vn -0.0030 -1.0000 0.0014
vn 0.9323 -0.0073 0.3616
vn 0.9032 0.0096 0.4291
vn 0.0007 -1.0000 0.0002
vn -0.0012 -1.0000 0.0031
vn 0.9083 -0.0104 -0.4183
vn 0.9412 0.0075 -0.3377
vn 0.0014 -1.0000 0.0030
vn 0.4161 -0.0032 -0.9093
vn 0.4400 0.0029 -0.8980
vn 0.0002 -1.0000 -0.0007
vn 0.0031 -1.0000 0.0011
vn -0.4009 -0.0047 -0.9161
vn -0.3518 0.0081 -0.9360
vn -0.0005 -1.0000 -0.0009
vn 0.0033 -1.0000 -0.0017
vn -0.8834 -0.0012 -0.4687
vn -0.9099 0.0095 -0.4147
vn -0.0016 -1.0000 -0.0004
vn 0.0012 -1.0000 -0.0031
vn -0.9441 -0.0079 0.3295
vn -0.9651 0.0048 0.2617
vn -0.0003 -1.0000 0.0002
vn -0.0017 -1.0000 -0.0033
vn -0.4259 0.0092 0.9047
vn -0.5146 -0.0058 0.8574
vn 0.7067 0.7075 -0.0005
vn 0.7065 0.7077 -0.0000
vn 0.7071 0.7071 -0.0000
vn 0.7074 0.7068 -0.0001
vn 0.7072 0.7070 -0.0001
vn 0.7067 0.7075 -0.0002
vn 0.7068 0.7074 -0.0002
vn 0.7078 0.7064 0.0003
vn 0.7069 0.7073 -0.0003
vn 0.7068 0.7074 -0.0003
vn 0.7078 0.7064 0.0007
vn 0.7066 0.7076 -0.0008
vn 0.7073 0.7069 0.0004
vn 0.0011 -0.0022 1.0000
vn 0.0011 -0.0021 1.0000
vn 0.1223 -0.0020 0.9925
vn 0.1128 0.0026 0.9936
vn 0.2309 -0.0035 0.9730
vn 0.2205 0.0021 0.9754
vn 0.3645 -0.0040 0.9312
vn 0.3529 0.0038 0.9356
vn 0.4894 -0.0021 0.8720
vn 0.4802 0.0035 0.8772
vn 0.5918 -0.0041 0.8061
vn 0.5831 0.0024 0.8124
vn 0.7033 0.0034 0.7109
vn 0.7044 -0.0000 0.7098
vn -0.0740 -0.9944 0.0755
vn -0.2558 -0.9326 0.2548
vn -0.2621 -0.9292 0.2605
vn 0.1223 -0.0022 -0.9925
vn 0.1550 0.0032 -0.9879
vn 0.4184 -0.0038 -0.9083
vn 0.3948 0.0015 -0.9188
vn 0.6947 0.0008 -0.7193
vn 0.7034 0.0041 -0.7107
vn 0.9360 -0.0040 -0.3519
vn 0.9401 -0.0008 -0.3409
vn 0.9999 0.0042 0.0128
vn 0.9995 -0.0005 0.0315
vn 0.7079 -0.0023 0.7063
vn 0.7081 -0.0055 0.7061
vn 0.7891 -0.0019 0.6142
vn 0.7831 0.0027 0.6219
vn 0.8515 -0.0034 0.5243
vn 0.8459 0.0021 0.5334
vn 0.9159 -0.0040 0.4014
vn 0.9109 0.0037 0.4126
vn 0.9626 -0.0021 0.2711
vn 0.9596 0.0035 0.2813
vn 0.9879 -0.0025 0.1548
vn 0.9867 0.0024 0.1624
vn 1.0000 -0.0012 0.0051
vn 1.0000 0.0003 0.0044
vn 0.0005 -0.9975 0.0710
vn -0.0017 -0.9323 0.3617
vn 0.0003 -0.9526 0.3042
vn 0.0018 -0.8384 0.5450
vn -0.6569 -0.0140 -0.7539
vn -0.4862 0.0167 -0.8737
vn -0.3334 -0.0128 -0.9427
vn 0.0313 -0.0057 -0.9995
vn -0.0507 0.0095 -0.9987
vn 0.3513 -0.0075 -0.9362
vn 0.2740 0.0049 -0.9617
vn 0.5424 0.0087 -0.8401
vn 0.6704 -0.0109 -0.7419
vn 0.7680 0.0093 -0.6404
vn 1.0000 0.0044 -0.0008
vn 1.0000 -0.0051 -0.0017
vn 0.9956 -0.0105 -0.0933
vn 0.9886 0.0113 -0.1501
vn 0.9739 -0.0096 -0.2268
vn 0.9614 0.0109 -0.2751
vn 0.9337 -0.0128 -0.3579
vn 0.8876 -0.0035 -0.4606
vn 0.9005 0.0114 -0.4346
vn 0.8129 -0.0027 -0.5824
vn 0.8183 0.0042 -0.5747
vn 0.7106 -0.0011 -0.7036
vn 0.7102 0.0003 -0.7040
vn 0.0514 -0.9974 0.0509
vn 0.2547 -0.9325 0.2559
vn 0.2413 -0.9400 0.2411
vn -0.9957 -0.0000 -0.0925
vn -0.9950 -0.0010 -0.1001
vn -0.9271 -0.0010 -0.3747
vn -0.9260 -0.0002 -0.3776
vn -0.6933 -0.0000 -0.7207
vn -0.7057 0.0049 -0.7085
vn -0.3990 -0.0079 -0.9169
vn -0.3242 0.0113 -0.9459
vn 0.0306 -0.0073 -0.9995
vn 0.0751 0.0035 -0.9972
vn 0.7060 -0.0038 -0.7082
vn 0.7061 -0.0022 -0.7081
vn 0.5736 -0.0041 -0.8191
vn 0.5836 0.0046 -0.8121
vn 0.4346 -0.0114 -0.9005
vn 0.4606 0.0035 -0.8876
vn 0.3579 0.0128 -0.9337
vn 0.2751 -0.0109 -0.9614
vn 0.2340 0.0065 -0.9722
vn 0.1513 -0.0073 -0.9885
vn 0.1219 0.0065 -0.9925
vn 0.0046 -0.0046 -1.0000
vn 0.0022 0.0001 -1.0000
vn 0.0987 -0.9951 -0.0009
vn 0.3602 -0.9329 0.0014
vn 0.3366 -0.9416 0.0005
vn 0.5535 -0.8328 -0.0017
vn -0.7762 -0.0023 0.6304
vn -0.8195 0.0070 0.5730
vn -0.9124 -0.0082 0.4093
vn -0.9570 0.0099 0.2899
vn -0.9989 -0.0118 0.0456
vn -0.9976 0.0083 -0.0690
vn -0.9350 -0.0074 -0.3546
vn -0.9240 -0.0002 -0.3825
vn -0.7102 0.0049 -0.7040
vn -0.6927 -0.0017 -0.7212
vn -0.0016 -0.0076 -1.0000
vn -0.0013 -0.0049 -1.0000
vn -0.1277 0.0127 -0.9917
vn -0.1813 -0.0190 -0.9832
vn -0.2908 0.0151 -0.9567
vn -0.3669 -0.0164 -0.9301
vn -0.4072 0.0062 -0.9133
vn -0.5319 -0.0075 -0.8468
vn -0.5222 -0.0003 -0.8528
vn -0.6434 -0.0075 -0.7655
vn -0.6141 0.0070 -0.7892
vn -0.7047 0.0047 -0.7095
vn -0.7064 -0.0000 -0.7079
vn 0.0520 -0.9972 -0.0530
vn 0.2567 -0.9325 -0.2542
vn 0.2192 -0.9507 -0.2192
vn 0.3838 -0.8386 -0.3865
vn -0.1867 -0.0073 0.9824
vn -0.2677 0.0108 0.9635
vn -0.5710 -0.0069 0.8209
vn -0.6064 0.0024 0.7952
vn -0.8252 -0.0027 0.5648
vn -0.8222 -0.0040 0.5692
vn -0.9524 0.0093 0.3046
vn -0.9871 -0.0133 0.1593
vn -0.9999 0.0114 -0.0091
vn -0.9752 -0.0111 -0.2213
vn -0.7082 -0.0035 -0.7060
vn -0.7080 -0.0007 -0.7062
vn -0.8127 -0.0023 -0.5826
vn -0.8066 0.0040 -0.5911
vn -0.8772 -0.0035 -0.4802
vn -0.8720 0.0021 -0.4894
vn -0.9384 -0.0051 -0.3455
vn -0.9338 0.0044 -0.3577
vn -0.9855 -0.0027 -0.1694
vn -0.9838 0.0055 -0.1791
vn -1.0000 -0.0010 -0.0048
vn -1.0000 0.0002 -0.0042
vn -0.0006 -0.9977 -0.0678
vn 0.0008 -0.9324 -0.3615
vn -0.0001 -0.9384 -0.3455
vn 0.6168 -0.0064 0.7871
vn 0.5002 0.0101 0.8658
vn 0.3611 -0.0066 0.9325
vn 0.1117 -0.0058 0.9937
vn 0.1960 0.0070 0.9806
vn -0.2247 -0.0000 0.9744
vn -0.1927 0.0082 0.9812
vn -0.5101 -0.0074 0.8601
vn -0.5949 0.0104 0.8037
vn -0.7537 -0.0092 0.6572
vn -0.8285 0.0092 0.5600
vn -1.0000 0.0044 0.0006
vn -1.0000 -0.0032 0.0013
vn -0.9956 -0.0105 0.0931
vn -0.9886 0.0113 0.1501
vn -0.9758 -0.0074 0.2187
vn -0.9635 0.0074 0.2675
vn -0.9446 -0.0102 0.3281
vn -0.9200 0.0102 0.3919
vn -0.8939 -0.0074 0.4482
vn -0.8692 0.0074 0.4944
vn -0.8378 -0.0096 0.5458
vn -0.7668 -0.0070 0.6418
vn -0.7946 0.0103 0.6070
vn -0.7092 0.0042 0.7050
vn -0.7078 0.0001 0.7064
vn -0.0569 -0.9968 -0.0563
vn -0.2543 -0.9324 -0.2567
vn -0.2142 -0.9531 -0.2138
vn -0.3853 -0.8397 -0.3826
vn 0.9971 -0.0082 0.0754
vn 0.9832 0.0097 0.1823
vn 0.9101 -0.0093 0.4142
vn 0.8319 0.0135 0.5547
vn 0.7180 -0.0145 0.6959
vn 0.5158 0.0145 0.8566
vn 0.3817 -0.0083 0.9243
vn 0.2122 0.0057 0.9772
vn 0.1124 -0.0062 0.9936
vn -0.0942 0.0095 0.9955
vn -0.2300 -0.0102 0.9731
vn 0.0016 1.0000 -0.0007
vn -0.0326 0.9994 -0.0080
vn 0.0005 1.0000 0.0004
vn 0.0006 1.0000 0.0001
vn 0.0017 1.0000 -0.0027
vn -0.0012 1.0000 -0.0026
vn 0.0003 1.0000 -0.0012
vn -0.0028 1.0000 -0.0010
vn -0.0000 1.0000 0.0001
vn -0.0026 1.0000 0.0013
vn -0.0010 1.0000 0.0027
vn 0.0302 0.9994 -0.0184
vn -0.0007 1.0000 -0.0000
vn -0.0005 1.0000 0.0004
vn 0.0003 1.0000 0.0022
vn 0.7074 -0.0001 0.7069
vn 0.7076 -0.0002 0.7066
vn 0.7072 -0.0002 0.7071
vn 0.7066 0.0002 0.7077
vn -0.4525 -0.0831 -0.8879
vn -0.4187 -0.0399 -0.9072
vn -0.3770 -0.1079 -0.9199
vn -0.6783 0.0206 -0.7345
vn -0.6791 -0.0374 -0.7331
vn -0.5601 -0.0941 -0.8231
vn -0.6415 -0.0558 -0.7651
vn -0.5595 -0.0473 -0.8275
vn -0.1147 -0.0448 -0.9924
vn -0.5717 -0.0619 -0.8181
vn -0.4290 -0.0388 -0.9025
vn -0.4210 -0.0429 -0.9060
vn -0.3298 -0.0468 -0.9429
vn -0.2288 -0.0026 -0.9735
vn -0.7109 0.0007 -0.7033
vn -0.3414 0.0011 -0.9399
vn -0.4991 -0.7081 0.4995
vn -0.4992 -0.7082 0.4992
vn -0.5000 -0.7072 0.4999
vn -0.5000 -0.7071 0.5000
vn -0.5001 -0.7070 0.5001
vn -0.4999 -0.7073 0.4999
vn -0.5002 -0.7069 0.5001
vn -0.4997 -0.7074 0.4999
vn -0.5005 -0.7067 0.5001
vn -0.4990 -0.7078 0.5001
vn -0.5008 -0.7066 0.4998
vn -0.4993 -0.7074 0.5002
vn 1.0000 -0.0000 -0.0000
vn -0.9988 -0.0146 -0.0462
vn -0.9908 -0.0568 -0.1228
vn -0.9901 -0.0856 -0.1114
vn -0.9406 -0.0942 -0.3262
vn -0.9170 -0.0898 -0.3886
vn -0.9164 -0.0905 -0.3898
vn -0.9120 -0.0282 -0.4092
vn -0.7722 -0.0401 -0.6342
vn -0.9626 -0.0352 -0.2686
vn -0.9523 -0.0838 -0.2936
vn -0.8532 -0.0000 -0.5216
vn -0.9490 -0.0212 -0.3145
vn -0.0014 -0.7081 0.7061
vn -0.0000 -0.7073 0.7069
vn -0.0000 -0.7071 0.7071
vn -0.0001 -0.7077 0.7065
vn -0.0001 -0.7068 0.7074
vn -0.0001 -0.7067 0.7075
vn -0.0000 -0.7072 0.7070
vn 0.7071 -0.0000 -0.7071
vn 0.7075 0.0001 -0.7067
vn 0.7068 -0.0004 -0.7074
vn -0.7323 -0.0318 0.6802
vn -0.8036 -0.0376 0.5940
vn -0.9207 -0.0666 0.3846
vn -0.8471 -0.1059 0.5208
vn -0.9122 -0.0544 0.4060
vn -0.9953 -0.0045 0.0963
vn -0.8626 -0.0033 0.5059
vn -0.9118 -0.0333 0.4093
vn -0.8818 -0.0847 0.4640
vn -0.9778 -0.0422 0.2053
vn -0.9891 -0.0000 0.1473
vn -1.0000 -0.0000 -0.0000
vn -0.9451 -0.0000 0.3269
vn -0.9474 -0.0171 0.3197
vn 0.4995 -0.7081 0.4991
vn 0.4993 -0.7082 0.4992
vn 0.5000 -0.7072 0.4999
vn 0.4997 -0.7074 0.4998
vn 0.5001 -0.7070 0.5001
vn 0.4999 -0.7073 0.4998
vn 0.5001 -0.7069 0.5002
vn 0.4999 -0.7074 0.4997
vn 0.5002 -0.7067 0.5004
vn 0.4999 -0.7075 0.4996
vn 0.4999 -0.7076 0.4994
vn 0.5000 -0.7060 0.5016
vn 0.5001 -0.7078 0.4988
vn 0.5000 -0.7073 0.4998
vn 0.4998 -0.7069 0.5004
vn -0.0000 -0.0000 -1.0000
vn -0.0368 0.0090 0.9993
vn -0.1134 -0.0562 0.9920
vn -0.0739 -0.0653 0.9951
vn -0.4487 -0.0955 0.8886
vn -0.6176 -0.0350 0.7857
vn -0.2935 -0.0711 0.9533
vn -0.3553 -0.1355 0.9249
vn -0.0922 -0.0631 0.9937
vn -0.4214 -0.0230 0.9066
vn -0.5365 -0.0046 0.8439
vn -0.3806 -0.0401 0.9239
vn -0.2453 -0.0732 0.9667
vn -0.3078 -0.0505 0.9501
vn 0.7061 -0.7081 0.0014
vn 0.7069 -0.7073 -0.0000
vn 0.7071 -0.7071 -0.0000
vn 0.7070 -0.7072 -0.0000
vn 0.7072 -0.7070 -0.0000
vn 0.7062 -0.7080 -0.0000
vn 0.7075 -0.7067 0.0002
vn 0.7074 -0.7068 0.0001
vn 0.7072 -0.7070 0.0001
vn 0.7063 -0.7079 -0.0004
vn 0.7077 -0.7065 0.0007
vn 0.7061 -0.7081 -0.0010
vn 0.7074 -0.7068 0.0008
vn 0.7073 -0.7069 0.0006
vn -0.7072 -0.0000 -0.7070
vn -0.7071 -0.0000 -0.7071
vn 0.6856 0.0011 0.7280
vn 0.6204 -0.0556 0.7823
vn 0.6246 -0.0937 0.7753
vn 0.4419 -0.0941 0.8921
vn 0.3902 -0.0903 0.9163
vn 0.3703 -0.0997 0.9235
vn 0.0781 -0.0033 0.9969
vn 0.2047 -0.0742 0.9760
vn 0.5082 -0.0706 0.8583
vn 0.3718 -0.0359 0.9276
vn 0.2133 -0.0411 0.9761
vn 0.4024 -0.0051 0.9155
vn 0.1081 0.0019 0.9941
vn 0.5003 -0.7081 -0.4983
vn 0.4999 -0.7073 -0.4998
vn 0.4998 -0.7074 -0.4998
vn 0.5001 -0.7069 -0.5002
vn 0.4998 -0.7073 -0.4999
vn 0.5001 -0.7070 -0.5001
vn 0.4999 -0.7072 -0.5000
vn 0.5000 -0.7071 -0.5000
vn 0.5001 -0.7070 -0.5000
vn 0.4995 -0.7074 -0.5000
vn 0.5006 -0.7067 -0.4999
vn 0.5000 -0.7070 -0.5001
vn 0.9987 -0.0327 0.0380
vn 0.9866 -0.0407 0.1577
vn 0.9664 -0.0629 0.2494
vn 0.9223 -0.0439 0.3839
vn 0.9389 -0.0371 0.3423
vn 0.9317 -0.0739 0.3555
vn 0.9679 -0.1042 0.2287
vn 0.9137 -0.0923 0.3958
vn 0.7557 -0.0351 0.6540
vn 0.8024 0.0064 0.5967
vn -0.0003 -0.7080 -0.7062
vn -0.0000 -0.7082 -0.7060
vn 0.0001 -0.7074 -0.7068
vn -0.0000 -0.7073 -0.7069
vn -0.0000 -0.7064 -0.7079
vn -0.0001 -0.7077 -0.7065
vn 0.0001 -0.7065 -0.7077
vn -0.0002 -0.7077 -0.7065
vn -0.0000 -0.7071 -0.7071
vn 0.0002 -0.7067 -0.7075
vn -0.0004 -0.7077 -0.7066
vn 0.0009 -0.7061 -0.7081
vn -0.0003 -0.7072 -0.7070
vn 0.0005 -0.7067 -0.7076
vn -0.0017 -0.7078 -0.7064
vn -0.7071 0.0001 0.7071
vn -0.7076 0.0002 0.7066
vn -0.7068 -0.0004 0.7074
vn 0.7278 0.0020 -0.6857
vn 0.7827 -0.0550 -0.6200
vn 0.7756 -0.0940 -0.6241
vn 0.8959 -0.0944 -0.4341
vn 0.9245 -0.0900 -0.3703
vn 0.9226 -0.0871 -0.3757
vn 0.9355 -0.0272 -0.3523
vn 0.9946 -0.0452 -0.0932
vn 0.8710 -0.0361 -0.4900
vn 0.8821 -0.0846 -0.4633
vn 0.8935 -0.0225 -0.4485
vn 0.9620 -0.0002 -0.2729
vn -0.4984 -0.7081 -0.5003
vn -0.4998 -0.7073 -0.4999
vn -0.4998 -0.7074 -0.4998
vn -0.5002 -0.7068 -0.5001
vn -0.4999 -0.7073 -0.4999
vn -0.5001 -0.7070 -0.5001
vn -0.5001 -0.7069 -0.5001
vn -0.5000 -0.7073 -0.4998
vn -0.4999 -0.7075 -0.4996
vn -0.5001 -0.7068 -0.5004
vn -0.5000 -0.7070 -0.5002
vn -0.5001 -0.7073 -0.4997
vn -0.4998 -0.7063 -0.5012
vn -0.5003 -0.7072 -0.4996
vn 0.0462 0.9978 -0.0476
vn 0.1223 0.9852 -0.1198
vn 0.1918 0.9621 -0.1941
vn 0.2565 0.9324 -0.2545
vn 0.3112 0.8973 -0.3130
vn 0.3837 0.8410 -0.3814
vn 0.4206 0.8031 -0.4221
vn 0.0015 0.9750 -0.2222
vn -0.0025 0.9882 -0.1531
vn -0.0015 0.9251 -0.3798
vn 0.0024 0.8852 -0.4652
vn -0.0016 0.8434 -0.5372
vn -0.0313 0.9990 -0.0308
vn -0.1510 0.9767 -0.1525
vn -0.1340 0.9820 -0.1334
vn -0.2894 0.9118 -0.2913
vn -0.2570 0.9318 -0.2562
vn -0.3732 0.8505 -0.3707
vn -0.4062 0.8177 -0.4078
vn -0.0303 0.9995 -0.0000
vn -0.2216 0.9751 -0.0015
vn -0.1811 0.9835 0.0009
vn -0.3968 0.9179 0.0017
vn -0.4657 0.8850 -0.0027
vn -0.5893 0.8079 0.0022
vn -0.0197 0.9996 0.0195
vn -0.1520 0.9769 0.1505
vn -0.1266 0.9837 0.1280
vn -0.2902 0.9119 0.2902
vn -0.2801 0.9178 0.2814
vn -0.4079 0.8173 0.4071
vn -0.4159 0.8085 0.4163
vn 0.0007 0.9986 0.0535
vn -0.0014 0.9768 0.2143
vn -0.0000 0.9830 0.1838
vn 0.0014 0.9406 0.3396
vn -0.0014 0.9118 0.4106
vn 0.0018 0.8510 0.5252
vn -0.0011 0.8174 0.5761
vn 0.1293 0.9836 0.1259
vn 0.1070 0.9885 0.1072
vn 0.2834 0.9161 0.2835
vn 0.2794 0.9188 0.2787
vn 0.4071 0.8173 0.4078
vn 0.4162 0.8087 0.4158
vn 0.7069 -0.0003 0.7073
vn 0.7071 -0.0000 0.7071
vn -0.7026 0.0042 -0.7116
vn -0.7054 0.0013 -0.7088
vn 0.8630 -0.3488 0.3654
vn 0.8597 -0.3499 0.3721
vn 0.8551 -0.3116 0.4144
vn 0.8576 -0.3108 0.4099
vn -0.6231 -0.1194 -0.7730
vn -0.5899 -0.1353 -0.7960
vn -0.4851 -0.2489 -0.8383
vn -0.4731 -0.2719 -0.8380
vn -0.3720 -0.3364 -0.8651
vn -0.3216 -0.3945 -0.8608
vn -0.2464 -0.4285 -0.8693
vn -0.1848 -0.4877 -0.8532
vn -0.0812 -0.5219 -0.8491
vn -0.0166 -0.5863 -0.8099
vn 0.1257 -0.6149 -0.7785
vn 0.1893 -0.6680 -0.7197
vn 0.2995 -0.6704 -0.6789
vn 0.3861 -0.7098 -0.5891
vn 0.4503 -0.6976 -0.5572
vn 0.5378 -0.7125 -0.4506
vn 0.5688 -0.7009 -0.4304
vn 0.6587 -0.6845 -0.3124
vn 0.6652 -0.6883 -0.2895
vn 0.7705 -0.6239 -0.1310
vn 0.7737 -0.6250 -0.1038
vn -1.0000 -0.0005 0.0001
vn -1.0000 -0.0000 -0.0005
vn 0.8696 -0.3503 -0.3479
vn 0.8707 -0.3508 -0.3447
vn 0.8973 -0.3121 -0.3124
vn 0.8957 -0.3113 -0.3176
vn -0.9921 -0.0866 -0.0907
vn -0.9898 -0.1029 -0.0981
vn -0.9579 -0.2030 -0.2032
vn -0.9563 -0.2050 -0.2083
vn -0.9050 -0.3023 -0.2994
vn -0.8996 -0.3070 -0.3104
vn -0.8253 -0.4013 -0.3973
vn -0.8205 -0.4035 -0.4049
vn -0.7093 -0.4973 -0.4996
vn -0.6973 -0.5110 -0.5027
vn -0.5900 -0.5665 -0.5753
vn -0.5567 -0.5924 -0.5823
vn -0.4486 -0.6274 -0.6365
vn -0.4115 -0.6503 -0.6386
vn -0.2771 -0.6720 -0.6868
vn -0.2236 -0.6972 -0.6812
vn -0.0837 -0.6993 -0.7099
vn -0.0462 -0.7103 -0.7024
vn 0.0836 -0.7006 -0.7086
vn 0.1176 -0.7072 -0.6972
vn 0.2786 -0.6737 -0.6845
vn 0.2938 -0.6761 -0.6757
vn 0.4554 -0.6352 -0.6238
vn 0.4815 -0.6151 -0.6243
vn -0.7087 0.0012 0.7055
vn -0.7085 0.0010 0.7057
vn 0.3657 -0.3483 -0.8631
vn 0.3725 -0.3494 -0.8598
vn 0.4136 -0.3122 -0.8553
vn 0.4094 -0.3115 -0.8576
vn -0.7726 -0.1071 0.6258
vn -0.7754 -0.1089 0.6220
vn -0.8293 -0.2162 0.5153
vn -0.8298 -0.2350 0.5061
vn -0.8600 -0.3355 0.3844
vn -0.8661 -0.3416 0.3651
vn -0.8589 -0.4393 0.2631
vn -0.8663 -0.4654 0.1817
vn -0.8391 -0.5344 0.1015
vn -0.8323 -0.5537 0.0270
vn -0.7934 -0.6074 -0.0406
vn -0.7575 -0.6333 -0.1587
vn -0.7286 -0.6581 -0.1900
vn -0.6686 -0.6790 -0.3033
vn -0.6436 -0.6933 -0.3242
vn -0.5552 -0.7003 -0.4488
vn -0.5374 -0.7072 -0.4595
vn -0.4399 -0.7071 -0.5537
vn -0.4202 -0.6952 -0.5832
vn -0.2882 -0.6904 -0.6635
vn -0.2614 -0.6673 -0.6974
vn -0.1120 -0.6248 -0.7727
vn -0.1039 -0.6251 -0.7736
vn -0.0002 -0.0009 1.0000
vn -0.0008 -0.0004 1.0000
vn -0.3484 -0.3490 -0.8699
vn -0.3447 -0.3496 -0.8712
vn -0.3120 -0.3120 -0.8974
vn -0.3168 -0.3113 -0.8959
vn -0.1141 -0.1087 0.9875
vn -0.1252 -0.1334 0.9831
vn -0.2239 -0.2159 0.9504
vn -0.2340 -0.2391 0.9424
vn -0.3339 -0.3335 0.8816
vn -0.3294 -0.3320 0.8839
vn -0.4191 -0.4127 0.8087
vn -0.4238 -0.4283 0.7981
vn -0.5094 -0.5154 0.6891
vn -0.5429 -0.5223 0.6576
vn -0.5792 -0.5976 0.5544
vn -0.6353 -0.6189 0.4619
vn -0.6389 -0.6502 0.4112
vn -0.6870 -0.6716 0.2777
vn -0.6815 -0.6967 0.2239
vn -0.7127 -0.6983 0.0674
vn -0.7059 -0.7069 0.0449
vn -0.6967 -0.7073 -0.1196
vn -0.7046 -0.6916 -0.1586
vn -0.6687 -0.6778 -0.3057
vn -0.6709 -0.6628 -0.3327
vn -0.6141 -0.6255 -0.4813
vn -0.6120 -0.6079 -0.5059
vn 0.7088 -0.0028 0.7054
vn 0.7065 -0.0004 0.7077
vn -0.8616 -0.3492 -0.3684
vn -0.8598 -0.3498 -0.3721
vn -0.8553 -0.3122 -0.4136
vn -0.8576 -0.3115 -0.4093
vn 0.6348 -0.0830 0.7682
vn 0.6079 -0.1377 0.7820
vn 0.5312 -0.1980 0.8238
vn 0.4961 -0.2483 0.8320
vn 0.4354 -0.2838 0.8543
vn 0.3459 -0.3804 0.8577
vn 0.2953 -0.3941 0.8703
vn 0.1510 -0.4996 0.8530
vn 0.1461 -0.5066 0.8497
vn 0.0106 -0.5663 0.8241
vn -0.0290 -0.6025 0.7976
vn -0.1363 -0.6223 0.7708
vn -0.2722 -0.6729 0.6878
vn -0.2253 -0.6747 0.7028
vn -0.3822 -0.6973 0.6064
vn -0.3911 -0.7037 0.5932
vn -0.5152 -0.7038 0.4891
vn -0.5247 -0.7101 0.4695
vn -0.6417 -0.6866 0.3417
vn -0.6596 -0.6926 0.2920
vn -0.7321 -0.6479 0.2102
vn -0.7694 -0.6309 0.0996
vn -0.7933 -0.6050 0.0682
vn 1.0000 -0.0013 0.0008
vn 1.0000 0.0003 0.0028
vn -0.8701 -0.3483 0.3486
vn -0.8714 -0.3489 0.3448
vn -0.8974 -0.3120 0.3120
vn -0.8962 -0.3113 0.3162
vn 0.9796 -0.1386 0.1453
vn 0.9742 -0.1643 0.1550
vn 0.9311 -0.2532 0.2625
vn 0.9234 -0.2729 0.2700
vn 0.8547 -0.3704 0.3637
vn 0.8366 -0.3812 0.3935
vn 0.7630 -0.4622 0.4519
vn 0.7262 -0.4803 0.4919
vn 0.6532 -0.5421 0.5286
vn 0.5886 -0.5627 0.5805
vn 0.5122 -0.6151 0.5995
vn 0.4127 -0.6367 0.6514
vn 0.3704 -0.6605 0.6531
vn 0.2285 -0.6850 0.6917
vn 0.2208 -0.6889 0.6904
vn 0.0732 -0.7095 0.7009
vn 0.0323 -0.7010 0.7124
vn -0.0911 -0.7103 0.6980
vn -0.1427 -0.6923 0.7073
vn -0.3094 -0.6833 0.6614
vn -0.3557 -0.6541 0.6676
vn -0.5137 -0.6078 0.6056
vn -0.5095 -0.6082 0.6087
vn -0.7071 -0.0000 0.7071
vn 0.7074 -0.0008 -0.7068
vn 0.7078 -0.0004 -0.7064
vn -0.3657 -0.3495 0.8626
vn -0.3715 -0.3504 0.8597
vn -0.4141 -0.3118 0.8552
vn -0.4097 -0.3111 0.8575
vn 0.7859 -0.1213 -0.6063
vn 0.7869 -0.1306 -0.6031
vn 0.8322 -0.2492 -0.4953
vn 0.8521 -0.2663 -0.4505
vn 0.8576 -0.3808 -0.3456
vn 0.8726 -0.3973 -0.2840
vn 0.8462 -0.5126 -0.1458
vn 0.8486 -0.5199 -0.0982
vn 0.8001 -0.5968 0.0599
vn 0.8052 -0.5925 0.0233
vn 0.7385 -0.6546 0.1616
vn 0.7131 -0.6576 0.2431
vn 0.6390 -0.6969 0.3255
vn 0.6087 -0.6907 0.3904
vn 0.5253 -0.7153 0.4608
vn 0.4512 -0.6954 0.5593
vn 0.4107 -0.7056 0.5775
vn 0.2692 -0.6760 0.6860
vn 0.2645 -0.6715 0.6922
vn 0.1212 -0.6318 0.7656
vn 0.1143 -0.6241 0.7729
vn 0.5000 0.7077 -0.4991
vn 0.4998 0.7074 -0.4998
vn 0.5000 0.7072 -0.4999
vn 0.5003 0.7066 -0.5004
vn 0.4998 0.7073 -0.4999
vn 0.4999 0.7072 -0.4999
vn 0.5008 0.7061 -0.5007
vn 0.4991 0.7080 -0.4996
vn 0.5008 0.7063 -0.5003
vn 0.4992 0.7077 -0.4999
vn 0.5007 0.7066 -0.5001
vn 0.4997 0.7073 -0.5001
vn 0.5004 0.7068 -0.5000
vn 0.5002 0.7069 -0.5001
vn 0.0011 0.7084 -0.7059
vn -0.0000 0.7077 -0.7065
vn -0.0000 0.7074 -0.7068
vn -0.0000 0.7073 -0.7069
vn -0.0001 0.7066 -0.7076
vn -0.0001 0.7070 -0.7072
vn -0.0001 0.7072 -0.7070
vn -0.0002 0.7076 -0.7066
vn -0.0001 0.7073 -0.7069
vn 0.0002 0.7066 -0.7076
vn -0.0000 0.7070 -0.7072
vn 0.0001 0.7069 -0.7074
vn -0.0002 0.7071 -0.7071
vn -0.0012 0.7077 -0.7065
vn -0.5000 0.7075 -0.4994
vn -0.4996 0.7077 -0.4996
vn -0.4999 0.7072 -0.4999
vn -0.4997 0.7075 -0.4998
vn -0.5002 0.7068 -0.5001
vn -0.5003 0.7068 -0.5002
vn -0.5001 0.7070 -0.5000
vn -0.4999 0.7075 -0.4996
vn -0.5002 0.7068 -0.5003
vn -0.5000 0.7073 -0.4997
vn -0.5001 0.7068 -0.5004
vn -0.5001 0.7063 -0.5010
vn -0.5004 0.7078 -0.4986
vn -0.5000 0.7070 -0.5002
vn -0.7058 0.7084 -0.0017
vn -0.7068 0.7074 -0.0000
vn -0.7071 0.7071 -0.0000
vn -0.7070 0.7072 -0.0000
vn -0.7076 0.7066 0.0001
vn -0.7079 0.7063 0.0001
vn -0.7067 0.7075 0.0002
vn -0.7066 0.7076 0.0002
vn -0.7078 0.7064 -0.0003
vn -0.7069 0.7073 0.0003
vn -0.7070 0.7072 0.0002
vn -0.7085 0.7057 -0.0014
vn -0.7064 0.7078 0.0014
vn -0.7070 0.7072 0.0004
vn -0.4998 0.7074 0.4997
vn -0.4998 0.7074 0.4998
vn -0.5002 0.7066 0.5005
vn -0.5003 0.7065 0.5006
vn -0.4994 0.7079 0.4995
vn -0.5003 0.7067 0.5004
vn -0.4996 0.7075 0.4998
vn -0.4995 0.7076 0.4998
vn -0.5012 0.7059 0.5005
vn -0.4995 0.7074 0.5001
vn -0.5002 0.7069 0.5002
vn -0.5001 0.7069 0.5002
vn -0.5010 0.7064 0.5001
vn -0.4998 0.7070 0.5003
vn -0.4993 0.7073 0.5005
vn 0.0004 0.7075 0.7067
vn 0.0001 0.7077 0.7065
vn -0.0000 0.7071 0.7071
vn 0.0003 0.7076 0.7066
vn -0.0005 0.7067 0.7075
vn 0.4997 0.7075 0.4998
vn 0.4997 0.7074 0.4998
vn 0.4998 0.7074 0.4998
vn 0.5004 0.7067 0.5002
vn 0.4999 0.7073 0.4998
vn 0.5003 0.7068 0.5002
vn 0.4999 0.7073 0.4997
vn 0.5001 0.7069 0.5001
vn 0.5001 0.7070 0.5001
vn 0.5002 0.7068 0.5003
vn 0.5002 0.7065 0.5006
vn 0.5002 0.7069 0.5000
vn 0.5005 0.7074 0.4992
vn 0.9999 -0.0007 0.0134
vn 0.9993 0.0002 0.0365
vn 0.9926 -0.0002 0.1211
vn 0.9918 0.0001 0.1275
vn 0.9746 -0.0001 0.2240
vn 0.9755 0.0001 0.2198
vn 0.9467 -0.0001 0.3220
vn 0.9473 -0.0002 0.3202
vn 0.8958 -0.0009 0.4446
vn 0.9097 0.0007 0.4153
vn 0.8467 0.0006 0.5321
vn 0.8390 -0.0001 0.5441
vn 0.7877 -0.0001 0.6160
vn 0.7746 0.0007 0.6324
vn 0.7419 -0.0006 0.6706
vn 0.6709 -0.0006 0.7416
vn 0.6887 0.0006 0.7251
vn 0.5719 -0.0007 0.8204
vn 0.6130 0.0006 0.7901
vn 0.5548 0.0001 0.8320
vn 0.4756 -0.0002 0.8796
vn 0.4814 0.0001 0.8765
vn 0.3861 -0.0001 0.9224
vn 0.3921 0.0002 0.9199
vn 0.2902 -0.0001 0.9570
vn 0.2909 -0.0002 0.9567
vn 0.1618 -0.0008 0.9868
vn 0.1936 0.0006 0.9811
vn 0.0605 -0.0003 0.9982
vn 0.1065 0.0004 0.9943
vn 0.0307 0.0005 0.9995
vn -0.0112 -0.0006 0.9999
vn -0.1046 -0.0002 0.9945
vn -0.0883 0.0006 0.9961
vn -0.2011 -0.0001 0.9796
vn -0.1947 0.0002 0.9809
vn -0.2845 -0.0001 0.9587
vn -0.2961 0.0004 0.9552
vn -0.3524 -0.0004 0.9358
vn -0.3862 0.0006 0.9224
vn -0.4276 -0.0004 0.9040
vn -0.4753 0.0004 0.8798
vn -0.4887 -0.0002 0.8725
vn -0.5594 0.0002 0.8289
vn -0.5730 -0.0006 0.8196
vn -0.6343 0.0006 0.7731
vn -0.6660 -0.0005 0.7460
vn -0.6879 0.0003 0.7259
vn -0.7241 -0.0005 0.6897
vn -0.7512 0.0006 0.6601
vn -0.7844 -0.0006 0.6203
vn -0.8392 -0.0004 0.5439
vn -0.8056 0.0004 0.5924
vn -0.8456 0.0001 0.5338
vn -0.8917 -0.0002 0.4527
vn -0.8887 0.0001 0.4584
vn -0.9353 -0.0006 0.3538
vn -0.9293 0.0002 0.3693
vn -0.9740 -0.0009 0.2264
vn -0.9594 0.0006 0.2820
vn -0.9772 -0.0002 0.2123
vn -0.9961 -0.0009 0.0887
vn -0.9920 0.0007 0.1263
vn -0.9998 0.0006 0.0207
vn -0.9998 -0.0006 -0.0207
vn -0.9961 0.0009 -0.0886
vn -0.9920 -0.0007 -0.1262
vn -0.9773 0.0002 -0.2120
vn -0.9741 0.0009 -0.2261
vn -0.9593 -0.0006 -0.2822
vn -0.9355 0.0006 -0.3532
vn -0.9266 -0.0006 -0.3761
vn -0.8951 0.0006 -0.4458
vn -0.8715 -0.0007 -0.4903
vn -0.8610 0.0001 -0.5085
vn -0.8134 0.0001 -0.5817
vn -0.8097 -0.0002 -0.5869
vn -0.7527 0.0002 -0.6583
vn -0.7469 -0.0002 -0.6650
vn -0.6829 0.0002 -0.7305
vn -0.6781 -0.0001 -0.7349
vn -0.6050 -0.0001 -0.7962
vn -0.6016 0.0001 -0.7988
vn -0.5181 -0.0002 -0.8553
vn -0.5237 0.0001 -0.8519
vn -0.4315 -0.0003 -0.9021
vn -0.4442 0.0002 -0.8959
vn -0.3788 0.0004 -0.9255
vn -0.3384 -0.0008 -0.9410
vn -0.2973 0.0008 -0.9548
vn -0.2098 -0.0006 -0.9777
vn -0.1958 0.0001 -0.9806
vn -0.1017 0.0001 -0.9948
vn -0.0954 -0.0002 -0.9954
vn -0.0033 0.0002 -1.0000
vn 0.0032 -0.0001 -1.0000
vn 0.0890 -0.0001 -0.9960
vn 0.1096 0.0007 -0.9940
vn 0.1606 -0.0006 -0.9870
vn 0.2577 -0.0006 -0.9662
vn 0.2343 0.0006 -0.9722
vn 0.3778 -0.0009 -0.9259
vn 0.3446 0.0008 -0.9387
vn 0.4793 -0.0001 -0.8777
vn 0.4667 0.0006 -0.8844
vn 0.5621 -0.0001 -0.8271
vn 0.5656 0.0001 -0.8246
vn 0.6446 -0.0001 -0.7645
vn 0.6414 0.0001 -0.7672
vn 0.7087 -0.0001 -0.7055
vn 0.7172 0.0004 -0.6969
vn 0.7572 -0.0004 -0.6532
vn 0.7794 0.0006 -0.6265
vn 0.8148 -0.0006 -0.5797
vn 0.8380 0.0007 -0.5457
vn 0.8677 -0.0007 -0.4971
vn 0.8911 0.0006 -0.4537
vn 0.9070 -0.0004 -0.4211
vn 0.9346 -0.0001 -0.3556
vn 0.9304 0.0003 -0.3666
vn 0.9597 -0.0001 -0.2812
vn 0.9653 0.0007 -0.2611
vn 0.9775 -0.0006 -0.2110
vn 0.9937 -0.0006 -0.1123
vn 0.9906 0.0006 -0.1365
vn 0.9993 0.0006 -0.0364
vn -0.1508 0.9886 -0.0016
vn -0.4041 0.9147 0.0018
vn -0.3436 0.9391 -0.0003
vn -0.5530 0.8332 -0.0013
vn -0.0011 1.0000 -0.0046
vn 0.0001 1.0000 0.0001
vn -0.0044 1.0000 0.0017
vn 0.0615 0.0233 0.9978
vn 0.0865 0.0615 0.9943
vn 0.1492 0.0649 0.9867
vn 0.2831 0.0665 0.9568
vn 0.2563 0.0245 0.9663
vn 0.3265 0.0814 0.9417
vn 0.4207 0.0139 0.9071
vn 0.3421 0.0405 0.9388
vn 0.5226 0.0377 0.8517
vn 0.5684 0.0832 0.8186
vn 0.2860 0.0904 0.9540
vn 0.3356 0.1333 0.9325
vn 0.0925 0.0611 0.9938
vn -0.7064 0.7078 0.0009
vn -0.7069 0.7073 -0.0000
vn -0.7067 0.7075 -0.0000
vn -0.7071 0.7071 -0.0001
vn -0.7073 0.7069 -0.0001
vn -0.7067 0.7075 -0.0002
vn -0.7075 0.7067 -0.0000
vn -0.7067 0.7075 -0.0005
vn -0.7077 0.7065 0.0005
vn -0.7074 0.7068 0.0001
vn -0.7072 0.7070 -0.0002
vn -0.5736 0.0041 -0.8191
vn -0.5836 -0.0046 -0.8121
vn -0.4346 0.0114 -0.9005
vn -0.4606 -0.0035 -0.8876
vn -0.3579 -0.0128 -0.9337
vn -0.2751 0.0109 -0.9614
vn -0.2340 -0.0065 -0.9722
vn -0.1513 0.0073 -0.9885
vn -0.1219 -0.0065 -0.9925
vn -0.0046 0.0046 -1.0000
vn -0.0022 -0.0001 -1.0000
vn 0.7970 0.0008 0.6040
vn 0.8127 -0.0052 0.5827
vn 0.9633 0.0039 0.2686
vn 0.9571 -0.0013 0.2897
vn 0.9985 -0.0001 -0.0552
vn 0.9978 -0.0025 -0.0664
vn 0.9282 0.0028 -0.3722
vn 0.9240 0.0002 -0.3825
vn 0.7069 -0.0049 -0.7073
vn 0.6815 0.0049 -0.7318
vn -0.7056 0.0038 -0.7086
vn -0.7063 -0.0080 -0.7078
vn 0.0574 -0.9984 0.0008
vn 0.2059 -0.9786 -0.0009
vn 0.1822 -0.9833 0.0002
vn 0.3719 -0.9283 -0.0008
vn 0.3318 -0.9433 0.0009
vn 0.4991 -0.8666 0.0015
vn 0.5423 -0.8402 -0.0014
vn -0.0026 0.0031 1.0000
vn 0.0007 0.0005 1.0000
vn 0.3474 0.3502 -0.8699
vn 0.3447 0.3506 -0.8708
vn 0.3119 0.3119 -0.8975
vn 0.3171 0.3111 -0.8959
vn 0.0938 0.0822 0.9922
vn 0.1230 0.1381 0.9827
vn 0.2153 0.2034 0.9551
vn 0.2378 0.2461 0.9396
vn 0.3254 0.3165 0.8910
vn 0.3324 0.3352 0.8815
vn 0.4219 0.4284 0.7990
vn 0.4483 0.4369 0.7798
vn 0.5037 0.5124 0.6955
vn 0.5342 0.5251 0.6625
vn 0.5699 0.5811 0.5810
vn 0.6106 0.5930 0.5249
vn 0.6316 0.6561 0.4131
vn 0.6855 0.6566 0.3148
vn 0.6807 0.7088 0.1848
vn 0.7144 0.6940 0.0892
vn 0.7003 0.7125 -0.0441
vn 0.7099 0.6984 -0.0914
vn 0.6798 0.6982 -0.2243
vn 0.6862 0.6582 -0.3097
vn 0.6189 0.6489 -0.4426
vn 0.6138 0.6035 -0.5089
vn 0.0029 -1.0000 -0.0010
vn 0.3433 -0.0003 -0.9392
vn 0.3346 -0.0028 -0.9424
vn 0.0011 1.0000 -0.0018
vn -0.0045 1.0000 -0.0023
vn 0.9311 0.0072 -0.3647
vn 0.9024 -0.0095 -0.4307
vn -0.0011 1.0000 0.0003
vn -0.0016 1.0000 -0.0044
vn 0.9441 0.0079 0.3294
vn 0.9651 -0.0048 0.2617
vn 0.0014 1.0000 -0.0030
vn 0.5003 0.0121 0.8658
vn 0.0034 1.0000 -0.0011
vn -0.4183 0.0105 0.9082
vn -0.3366 -0.0075 0.9416
vn 0.0042 1.0000 0.0020
vn -0.9107 -0.0147 0.4127
vn -0.0009 1.0000 0.0002
vn 0.0016 1.0000 0.0044
vn -0.9083 0.0104 -0.4183
vn -0.9412 -0.0075 -0.3377
vn -0.0004 1.0000 -0.0002
vn -0.0016 1.0000 0.0032
vn -0.5078 0.0135 -0.8614
vn 0.7064 -0.7078 0.0005
vn 0.7062 -0.7080 0.0001
vn 0.7074 -0.7068 -0.0000
vn 0.7071 -0.7071 -0.0001
vn 0.7068 -0.7074 -0.0001
vn 0.7072 -0.7070 -0.0001
vn 0.7075 -0.7067 -0.0002
vn 0.7074 -0.7069 -0.0001
vn 0.7067 -0.7075 0.0002
vn 0.7068 -0.7075 0.0002
vn 0.7070 -0.7072 -0.0001
vn 0.7066 -0.7076 0.0005
vn 0.7079 -0.7063 -0.0019
vn 0.0015 0.0077 -1.0000
vn 0.0010 0.0019 -1.0000
vn 0.1277 -0.0127 -0.9917
vn 0.1811 0.0189 -0.9833
vn 0.2910 -0.0150 -0.9566
vn 0.3665 0.0162 -0.9303
vn 0.4063 -0.0061 -0.9137
vn 0.5313 0.0069 -0.8472
vn 0.5223 0.0002 -0.8527
vn 0.6414 0.0065 -0.7672
vn 0.6164 -0.0069 -0.7874
vn 0.7060 -0.0017 -0.7082
vn 0.7054 -0.0001 -0.7088
vn -0.0482 0.9976 -0.0489
vn -0.2884 0.9138 -0.2859
vn -0.2436 0.9384 -0.2452
vn 0.1725 0.0074 0.9850
vn 0.2465 -0.0054 0.9691
vn 0.5008 0.0037 0.8655
vn 0.4853 -0.0001 0.8743
vn 0.7525 -0.0004 0.6586
vn 0.7502 0.0004 0.6613
vn 0.9418 0.0070 0.3360
vn 0.9241 -0.0037 0.3820
vn 1.0000 -0.0078 0.0019
vn 0.9995 0.0007 -0.0320
vn 0.7082 0.0035 -0.7061
vn 0.7083 0.0056 -0.7059
vn 0.8127 0.0023 -0.5826
vn 0.8066 -0.0040 -0.5911
vn 0.8772 0.0035 -0.4802
vn 0.8720 -0.0021 -0.4894
vn 0.9384 0.0051 -0.3455
vn 0.9338 -0.0044 -0.3577
vn 0.9855 0.0026 -0.1694
vn 0.9838 -0.0055 -0.1790
vn 1.0000 0.0012 -0.0051
vn 1.0000 -0.0002 -0.0045
vn 0.0004 0.9954 -0.0962
vn -0.0017 0.9139 -0.4060
vn 0.0013 0.9397 -0.3421
vn -0.6480 -0.0026 0.7617
vn -0.6188 0.0026 0.7855
vn -0.3597 0.0004 0.9331
vn -0.3829 -0.0048 0.9238
vn -0.1117 0.0054 0.9937
vn -0.0006 -0.0143 0.9999
vn 0.2254 0.0132 0.9742
vn 0.5139 0.0007 0.8578
vn 0.4583 -0.0133 0.8887
vn 0.7548 0.0075 0.6559
vn 0.8092 -0.0114 0.5874
vn 1.0000 -0.0044 0.0006
vn 1.0000 0.0032 0.0013
vn 0.9956 0.0105 0.0931
vn 0.9886 -0.0113 0.1501
vn 0.9739 0.0096 0.2267
vn 0.9614 -0.0109 0.2751
vn 0.9337 0.0128 0.3579
vn 0.8876 0.0035 0.4606
vn 0.9005 -0.0114 0.4346
vn 0.8121 0.0046 0.5836
vn 0.8191 -0.0041 0.5736
vn 0.7109 -0.0036 0.7033
vn 0.7099 -0.0004 0.7043
vn 0.0728 0.9948 -0.0716
vn 0.2545 0.9324 -0.2566
vn 0.2323 0.9444 -0.2327
vn 0.3860 0.8390 -0.3836
vn -0.9934 0.0012 0.1151
vn -0.9836 -0.0099 0.1799
vn -0.9101 0.0093 0.4142
vn -0.8319 -0.0135 0.5547
vn -0.7180 0.0145 0.6959
vn -0.5158 -0.0145 0.8566
vn -0.3817 0.0083 0.9243
vn -0.1809 -0.0082 0.9835
vn -0.1128 0.0042 0.9936
vn 0.2249 -0.0001 0.9744
vn 0.2807 -0.0139 0.9597
vn 0.7059 0.0025 0.7083
vn 0.7066 -0.0071 0.7076
vn 0.6070 -0.0006 0.7947
vn 0.6104 -0.0035 0.7921
vn 0.4793 0.0070 0.8776
vn 0.4561 -0.0127 0.8898
vn 0.3220 0.0101 0.9467
vn 0.2886 -0.0083 0.9574
vn 0.2067 0.0066 0.9784
vn 0.1624 -0.0102 0.9867
vn 0.0877 0.0120 0.9961
vn 0.0016 -0.0063 1.0000
vn 0.0044 -0.0003 1.0000
vn 0.0913 0.9958 0.0006
vn 0.3604 0.9328 -0.0008
vn 0.3423 0.9396 0.0002
vn -0.8487 0.0060 -0.5288
vn -0.8115 -0.0068 -0.5844
vn -0.9698 0.0034 -0.2437
vn -0.9567 -0.0057 -0.2910
vn -0.9974 -0.0003 0.0723
vn -0.9949 -0.0073 0.1009
vn -0.9100 0.0096 0.4145
vn -0.8572 -0.0101 0.5149
vn -0.7287 0.0088 0.6847
vn -0.6376 -0.0091 0.7703
vn -0.0016 0.0071 1.0000
vn -0.0014 0.0051 1.0000
vn -0.1129 -0.0101 0.9936
vn -0.1641 0.0088 0.9864
vn -0.2211 -0.0074 0.9752
vn -0.2809 0.0103 0.9597
vn -0.3609 -0.0149 0.9325
vn -0.4200 0.0174 0.9073
vn -0.5149 -0.0154 0.8571
vn -0.5790 0.0145 0.8152
vn -0.6166 -0.0067 0.7872
vn -0.7036 0.0049 0.7106
vn -0.7053 0.0001 0.7089
vn 0.0639 0.9959 0.0648
vn 0.2890 0.9135 0.2864
vn 0.2318 0.9444 0.2331
vn 0.3912 0.8322 0.3930
vn -0.1008 -0.0000 -0.9949
vn -0.1223 0.0029 -0.9925
vn -0.4184 0.0038 -0.9082
vn -0.3776 -0.0052 -0.9259
vn -0.6832 -0.0005 -0.7302
vn -0.6805 0.0004 -0.7328
vn -0.8966 0.0002 -0.4429
vn -0.8891 -0.0039 -0.4577
vn -0.9916 0.0074 -0.1287
vn -0.9996 -0.0149 -0.0242
vn -0.9620 0.0166 0.2724
vn -0.7079 0.0023 0.7063
vn -0.7084 0.0097 0.7058
vn -0.7891 0.0019 0.6143
vn -0.7831 -0.0027 0.6219
vn -0.8515 0.0034 0.5243
vn -0.8459 -0.0021 0.5334
vn -0.9159 0.0040 0.4014
vn -0.9109 -0.0037 0.4126
vn -0.9626 0.0021 0.2711
vn -0.9596 -0.0035 0.2813
vn -0.9879 0.0025 0.1548
vn -0.9867 -0.0024 0.1625
vn -1.0000 0.0010 0.0047
vn -1.0000 -0.0002 0.0041
vn -0.0004 0.9972 0.0747
vn 0.0018 0.9137 0.4064
vn -0.0012 0.9391 0.3437
vn 0.6532 0.0099 -0.7572
vn 0.5505 -0.0085 -0.8348
vn 0.3346 0.0109 -0.9423
vn 0.1934 -0.0144 -0.9810
vn -0.0313 0.0132 -0.9994
vn -0.3519 0.0075 -0.9360
vn -0.2278 -0.0082 -0.9737
vn -0.4860 -0.0086 -0.8739
vn -0.6720 0.0111 -0.7405
vn -0.7571 -0.0106 -0.6532
vn -1.0000 -0.0044 -0.0008
vn -1.0000 0.0051 -0.0017
vn -0.9956 0.0105 -0.0933
vn -0.9886 -0.0113 -0.1501
vn -0.9758 0.0074 -0.2187
vn -0.9635 -0.0074 -0.2675
vn -0.9446 0.0101 -0.3281
vn -0.9200 -0.0102 -0.3919
vn -0.8939 0.0074 -0.4482
vn -0.8692 -0.0074 -0.4944
vn -0.8378 0.0096 -0.5458
vn -0.7675 0.0066 -0.6411
vn -0.7939 -0.0106 -0.6079
vn -0.7081 -0.0018 -0.7061
vn -0.7087 -0.0001 -0.7055
vn -0.0591 0.9965 0.0584
vn -0.2550 0.9324 0.2561
vn -0.2416 0.9399 0.2412
vn 0.9890 -0.0101 -0.1479
vn 0.9446 0.0155 -0.3279
vn 0.9182 -0.0000 -0.3961
vn 0.6933 -0.0000 -0.7207
vn 0.7057 -0.0049 -0.7085
vn 0.4272 0.0072 -0.9041
vn 0.3242 -0.0125 -0.9459
vn 0.1377 0.0093 -0.9904
vn -0.0416 -0.0063 -0.9991
vn -0.1723 0.0082 -0.9850
vn -0.3278 -0.0116 -0.9447
vn -0.0001 -1.0000 0.0002
vn 0.0027 -1.0000 0.0013
vn 0.0010 -1.0000 0.0027
vn -0.0012 -1.0000 0.0026
vn -0.0001 -1.0000 -0.0004
vn -0.0027 -1.0000 0.0010
vn -0.0027 -1.0000 -0.0013
vn 0.0309 -0.9995 -0.0076
vn -0.0005 -1.0000 0.0004
vn -0.0006 -1.0000 0.0001
vn -0.0017 -1.0000 -0.0027
vn 0.0004 -1.0000 0.0003
vn 0.0027 -1.0000 -0.0055
vn -0.6732 0.0370 0.7385
vn -0.5836 0.0417 0.8110
vn -0.5081 0.0632 0.8590
vn -0.3758 0.0447 0.9256
vn -0.4177 0.0377 0.9078
vn -0.4063 0.0731 0.9108
vn -0.5184 0.1039 0.8488
vn -0.3625 0.0922 0.9274
vn -0.0708 0.0345 0.9969
vn -0.1438 -0.0072 0.9896
vn -0.4990 0.7078 -0.5001
vn -0.4992 0.7082 -0.4992
vn -0.4998 0.7074 -0.4997
vn -0.5004 0.7063 -0.5007
vn -0.4996 0.7075 -0.4998
vn -0.4999 0.7072 -0.5000
vn -0.5004 0.7066 -0.5003
vn -0.4994 0.7076 -0.4998
vn -0.5010 0.7062 -0.5003
vn -0.4990 0.7078 -0.5000
vn -0.5002 0.7069 -0.5001
vn -0.5015 0.7061 -0.4999
vn -0.4998 0.7070 -0.5003
vn -0.4993 0.7073 -0.5005
vn -0.9983 0.0362 0.0455
vn -0.9864 0.0432 0.1584
vn -0.9313 0.0717 0.3571
vn -0.9665 0.1034 0.2350
vn -0.9216 0.0837 0.3790
vn -0.7695 0.0694 0.6348
vn -0.9639 0.0685 0.2574
vn -0.9244 0.0405 0.3793
vn -0.9344 0.0119 0.3559
vn -0.8131 0.0430 0.5805
vn 0.0008 0.7077 -0.7065
vn -0.0000 0.7082 -0.7060
vn 0.0001 0.7070 -0.7072
vn 0.0001 0.7068 -0.7074
vn 0.0001 0.7066 -0.7076
vn 0.0002 0.7079 -0.7064
vn 0.0001 0.7073 -0.7069
vn -0.0000 0.7072 -0.7070
vn -0.0003 0.7067 -0.7075
vn -0.0002 0.7068 -0.7074
vn -0.0005 0.7065 -0.7078
vn 0.0001 0.7069 -0.7073
vn 0.0023 0.7081 -0.7061
vn 0.7068 -0.0001 0.7074
vn 0.7065 0.0001 0.7077
vn 0.7078 -0.0002 0.7064
vn 0.7067 0.0005 0.7075
vn -0.7525 0.0254 -0.6581
vn -0.7693 0.0668 -0.6354
vn -0.8216 0.0745 -0.5651
vn -0.9466 0.0961 -0.3079
vn -0.9941 0.0093 -0.1085
vn -0.7701 0.0667 -0.6344
vn -0.8841 0.0727 -0.4616
vn -0.9065 0.1341 -0.4003
vn -0.8991 0.0470 -0.4352
vn -0.9012 0.0518 -0.4302
vn -0.8855 0.0695 -0.4593
vn -0.9498 0.0216 -0.3120
vn -0.9305 0.0083 -0.3663
vn -0.9683 0.0044 -0.2496
vn 0.4984 0.7081 -0.5003
vn 0.4997 0.7075 -0.4998
vn 0.5005 0.7065 -0.5003
vn 0.5002 0.7070 -0.5000
vn 0.5003 0.7068 -0.5002
vn 0.4999 0.7075 -0.4995
vn 0.5002 0.7067 -0.5004
vn 0.5002 0.7071 -0.4998
vn 0.5001 0.7068 -0.5003
vn 0.5001 0.7066 -0.5007
vn 0.5014 0.7085 -0.4967
vn -0.0454 0.0365 -0.9983
vn -0.1577 0.0434 -0.9865
vn -0.3564 0.0733 -0.9315
vn -0.2374 0.1052 -0.9657
vn -0.3792 0.0858 -0.9213
vn -0.5733 0.0402 -0.8184
vn -0.6225 0.0681 -0.7796
vn -0.2566 0.0687 -0.9641
vn -0.3790 0.0401 -0.9245
vn -0.3796 0.0121 -0.9251
vn 0.7061 0.7081 0.0003
vn 0.7060 0.7082 -0.0000
vn 0.7073 0.7069 -0.0001
vn 0.7069 0.7073 0.0002
vn -0.7070 0.0002 0.7073
vn -0.7075 0.0005 0.7067
vn -0.7074 0.0003 0.7068
vn -0.7069 0.0001 0.7073
vn 0.3905 0.0389 -0.9198
vn 0.6648 0.0317 -0.7464
vn 0.6635 0.0415 -0.7470
vn 0.5218 0.1050 -0.8466
vn 0.6289 0.0512 -0.7758
vn 0.5888 0.0686 -0.8054
vn 0.3932 0.0901 -0.9150
vn 0.3847 0.0933 -0.9183
vn 0.0844 0.0014 -0.9964
vn 0.1847 0.0622 -0.9808
vn 0.4122 0.0308 -0.9106
vn 0.3207 0.0384 -0.9464
vn 0.4337 0.0704 -0.8983
vn 0.5612 0.0462 -0.8264
vn 0.4914 0.0106 -0.8709
vn 0.3203 -0.0602 -0.9454
vn 0.3250 -0.0000 -0.9457
vn 0.2282 -0.0028 -0.9736
vn 0.7658 -0.0000 -0.6430
vn 0.3246 -0.0000 -0.9458
vn 0.2275 0.0017 -0.9738
vn 0.5001 0.7078 0.4990
vn 0.4998 0.7073 0.4999
vn 0.4999 0.7072 0.4999
vn 0.5000 0.7070 0.5001
vn 0.4999 0.7072 0.5000
vn 0.4994 0.7078 0.4995
vn 0.5007 0.7063 0.5005
vn 0.4996 0.7075 0.4999
vn 0.5005 0.7066 0.5002
vn 0.5003 0.7069 0.5001
vn 0.4986 0.7077 0.5005
vn 0.9983 0.0367 -0.0461
vn 0.9865 0.0437 -0.1578
vn 0.9316 0.0726 -0.3562
vn 0.9665 0.1042 -0.2344
vn 0.9101 0.0979 -0.4026
vn 0.9103 0.0272 -0.4131
vn 0.7575 0.0202 -0.6525
vn 0.8057 -0.0011 -0.5923
vn 0.9612 0.0353 -0.2737
vn 0.9505 0.0802 -0.3003
vn 0.9434 0.0167 -0.3311
vn -0.0008 0.7078 0.7064
vn -0.0000 0.7082 0.7060
vn -0.0000 0.7073 0.7069
vn -0.0001 0.7067 0.7076
vn -0.0001 0.7068 0.7074
vn -0.0001 0.7074 0.7069
vn -0.0001 0.7072 0.7070
vn -0.0001 0.7073 0.7069
vn 0.0003 0.7066 0.7076
vn 0.0001 0.7069 0.7073
vn -0.0002 0.7072 0.7071
vn 0.0010 0.7061 0.7081
vn -0.0008 0.7073 0.7069
vn -0.0012 0.7076 0.7067
vn -0.7076 -0.0000 -0.7066
vn -0.7075 0.0001 -0.7067
vn -0.7071 0.0002 -0.7071
vn 0.7383 0.0368 0.6735
vn 0.8084 0.0432 0.5870
vn 0.9116 0.0720 0.4046
vn 0.8495 0.1045 0.5171
vn 0.9247 0.0909 0.3698
vn 0.9382 0.0247 0.3452
vn 0.9948 0.0344 0.0962
vn 0.8652 0.0042 0.5014
vn 0.9265 0.0430 0.3737
vn 0.8863 0.0806 0.4561
vn 0.9697 0.0063 0.2441
vn 0.9396 0.0251 0.3415
vn -0.4995 0.7081 0.4991
vn -0.4993 0.7082 0.4992
vn -0.4999 0.7072 0.5000
vn -0.5002 0.7069 0.5001
vn -0.5003 0.7067 0.5002
vn -0.4997 0.7076 0.4996
vn -0.5000 0.7071 0.5000
vn -0.5002 0.7064 0.5007
vn -0.4999 0.7080 0.4989
vn -0.5000 0.7064 0.5010
vn -0.5000 0.7067 0.5006
vn -0.5004 0.7075 0.4990
vn -0.5007 0.7079 0.4983
vn 0.0394 -0.9984 0.0405
vn 0.1464 -0.9785 0.1451
vn 0.1297 -0.9830 0.1299
vn 0.2640 -0.9279 0.2632
vn 0.2385 -0.9411 0.2399
vn 0.3535 -0.8654 0.3552
vn 0.3833 -0.8412 0.3814
vn -0.0001 -0.9993 0.0370
vn 0.0007 -0.9784 0.2067
vn -0.0010 -0.9850 0.1728
vn 0.0006 -0.9273 0.3742
vn -0.0007 -0.9392 0.3433
vn -0.0013 -0.8657 0.5006
vn 0.0015 -0.8395 0.5434
vn -0.0509 -0.9975 0.0492
vn -0.1452 -0.9784 0.1472
vn -0.2010 -0.9593 0.1985
vn -0.2625 -0.9280 0.2642
vn -0.3490 -0.8707 0.3464
vn -0.3828 -0.8398 0.3849
vn -0.0300 -0.9995 -0.0000
vn -0.2069 -0.9784 0.0007
vn -0.1719 -0.9851 -0.0011
vn -0.3722 -0.9281 0.0006
vn -0.3433 -0.9392 -0.0007
vn -0.5019 -0.8649 -0.0012
vn -0.5417 -0.8406 0.0014
vn -0.0346 -0.9988 -0.0353
vn -0.1465 -0.9786 -0.1446
vn -0.1106 -0.9876 -0.1113
vn -0.2638 -0.9281 -0.2629
vn -0.2292 -0.9455 -0.2311
vn -0.3521 -0.8665 -0.3540
vn -0.3853 -0.8395 -0.3831
vn -0.0007 -0.9782 -0.2076
vn 0.0024 -0.9892 -0.1463
vn -0.0006 -0.9280 -0.3727
vn 0.0007 -0.9390 -0.3440
vn 0.0012 -0.8652 -0.5015
vn -0.0014 -0.8405 -0.5418
vn 0.0297 -0.9991 -0.0298
vn 0.1309 -0.9831 -0.1280
vn 0.2067 -0.9557 -0.2095
vn 0.2429 -0.9393 -0.2422
vn 0.3591 -0.8611 -0.3598
vn 0.3554 -0.8645 -0.3554
vn -0.7069 0.0008 0.7073
vn -0.7055 -0.0007 0.7087
vn 0.8632 0.3485 -0.3653
vn 0.8596 0.3496 -0.3727
vn 0.8552 0.3117 -0.4142
vn 0.8575 0.3110 -0.4098
vn -0.6131 0.1139 0.7817
vn -0.6045 0.1350 0.7850
vn -0.4990 0.2321 0.8349
vn -0.4831 0.2604 0.8359
vn -0.3796 0.3283 0.8650
vn -0.3240 0.3945 0.8599
vn -0.2396 0.4292 0.8709
vn -0.1810 0.4921 0.8515
vn -0.0442 0.5433 0.8384
vn -0.0110 0.5800 0.8145
vn 0.1383 0.6276 0.7661
vn 0.1618 0.6524 0.7404
vn 0.3303 0.6800 0.6546
vn 0.3545 0.7003 0.6196
vn 0.4674 0.7032 0.5358
vn 0.4904 0.7128 0.5014
vn 0.5669 0.6964 0.4400
vn 0.6238 0.7009 0.3458
vn 0.6743 0.6742 0.3013
vn 0.7194 0.6659 0.1976
vn 0.7755 0.6183 0.1277
vn 0.7909 0.6091 0.0585
vn -1.0000 -0.0042 0.0062
vn -1.0000 -0.0010 0.0019
vn 0.8699 0.3491 0.3484
vn 0.8711 0.3496 0.3448
vn 0.8971 0.3125 0.3125
vn 0.8957 0.3117 0.3170
vn -0.9898 0.1059 0.0951
vn -0.9798 0.1348 0.1476
vn -0.9580 0.2079 0.1975
vn -0.9303 0.2515 0.2668
vn -0.9046 0.3080 0.2948
vn -0.8250 0.3963 0.4029
vn -0.8282 0.3952 0.3973
vn -0.7090 0.4978 0.4994
vn -0.6984 0.5099 0.5022
vn -0.5886 0.5673 0.5760
vn -0.5429 0.6026 0.5849
vn -0.4414 0.6236 0.6452
vn -0.3295 0.6811 0.6538
vn -0.2459 0.6759 0.6948
vn -0.0878 0.7121 0.6965
vn -0.0655 0.7053 0.7058
vn 0.1349 0.6974 0.7039
vn 0.1434 0.7000 0.6996
vn 0.3135 0.6766 0.6663
vn 0.3555 0.6527 0.6690
vn 0.4800 0.6268 0.6138
vn 0.5130 0.6047 0.6092
vn 0.7071 -0.0000 0.7072
vn -0.7088 -0.0013 -0.7054
vn -0.7077 -0.0001 -0.7065
vn 0.3645 0.3482 0.8636
vn 0.3730 0.3495 0.8595
vn 0.4141 0.3118 0.8552
vn 0.4094 0.3110 0.8577
vn -0.7701 0.1026 -0.6297
vn -0.7823 0.1122 -0.6127
vn -0.8175 0.2091 -0.5367
vn -0.8399 0.2356 -0.4889
vn -0.8498 0.3138 -0.4235
vn -0.8685 0.3443 -0.3566
vn -0.8588 0.4300 -0.2786
vn -0.8653 0.4733 -0.1649
vn -0.8427 0.5241 -0.1235
vn -0.8102 0.5848 0.0399
vn -0.7834 0.6175 0.0697
vn -0.7313 0.6512 0.2029
vn -0.7048 0.6708 0.2307
vn -0.6529 0.6835 0.3265
vn -0.6097 0.7035 0.3652
vn -0.5578 0.6976 0.4497
vn -0.4786 0.7144 0.5104
vn -0.4369 0.6958 0.5701
vn -0.3389 0.7013 0.6271
vn -0.2674 0.6664 0.6960
vn -0.2045 0.6645 0.7187
vn -0.1192 0.6169 0.7780
vn -0.0609 0.6096 0.7903
vn -0.0041 -0.0030 -1.0000
vn -0.0017 -0.0012 -1.0000
vn -0.3478 0.3503 0.8697
vn -0.3441 0.3509 0.8709
vn -0.3117 0.3117 0.8976
vn -0.3172 0.3109 0.8959
vn -0.0745 0.0830 -0.9938
vn -0.1159 0.1054 -0.9877
vn -0.1899 0.1967 -0.9619
vn -0.2318 0.2181 -0.9480
vn -0.2841 0.3029 -0.9097
vn -0.3843 0.3589 -0.8506
vn -0.4078 0.4246 -0.8083
vn -0.5061 0.4939 -0.7071
vn -0.5082 0.5040 -0.6984
vn -0.5663 0.5772 -0.5883
vn -0.6019 0.5865 -0.5419
vn -0.6244 0.6395 -0.4485
vn -0.6613 0.6475 -0.3788
vn -0.6924 0.6834 -0.2313
vn -0.6717 0.6810 -0.2916
vn -0.6922 0.7042 -0.1578
vn -0.7154 0.6955 -0.0669
vn -0.6974 0.7153 0.0443
vn -0.7089 0.6943 0.1239
vn -0.6806 0.6975 0.2244
vn -0.6831 0.6618 0.3087
vn -0.6223 0.6455 0.4428
vn -0.6217 0.6138 0.4867
vn -0.7070 0.0002 0.7072
vn 0.7063 0.0009 -0.7079
vn 0.7061 0.0007 -0.7081
vn -0.8630 0.3490 0.3653
vn -0.8597 0.3500 0.3721
vn -0.8552 0.3121 0.4138
vn -0.8576 0.3113 0.4095
vn 0.5906 0.1385 -0.7950
vn 0.5808 0.1621 -0.7977
vn 0.4775 0.2499 -0.8423
vn 0.4634 0.2738 -0.8428
vn 0.3493 0.3631 -0.8638
vn 0.3374 0.3667 -0.8670
vn 0.2159 0.4653 -0.8584
vn 0.1960 0.4691 -0.8611
vn 0.0722 0.5312 -0.8442
vn 0.0149 0.5868 -0.8096
vn -0.0864 0.6028 -0.7932
vn -0.2470 0.6629 -0.7068
vn -0.1938 0.6669 -0.7195
vn -0.4005 0.7025 -0.5883
vn -0.3996 0.7014 -0.5902
vn -0.5481 0.7064 -0.4478
vn -0.5587 0.7013 -0.4427
vn -0.6867 0.6777 -0.2630
vn -0.6900 0.6751 -0.2608
vn -0.7752 0.6211 -0.1152
vn -0.7790 0.6206 -0.0895
vn 1.0000 -0.0055 -0.0074
vn 1.0000 -0.0012 -0.0018
vn -0.8698 0.3486 -0.3491
vn -0.8714 0.3493 -0.3446
vn -0.8973 0.3119 -0.3122
vn -0.8960 0.3113 -0.3166
vn 0.9937 0.0852 -0.0725
vn 0.9795 0.1345 -0.1499
vn 0.9603 0.2036 -0.1909
vn 0.9305 0.2514 -0.2665
vn 0.9047 0.3078 -0.2945
vn 0.8245 0.3966 -0.4036
vn 0.8286 0.3953 -0.3965
vn 0.7090 0.4975 -0.4998
vn 0.6976 0.5105 -0.5027
vn 0.5884 0.5677 -0.5757
vn 0.5428 0.6028 -0.5848
vn 0.4494 0.6223 -0.6408
vn 0.2769 0.6718 -0.6870
vn 0.3376 0.6749 -0.6562
vn 0.1418 0.7075 -0.6923
vn 0.0826 0.6983 -0.7110
vn -0.0231 0.7118 -0.7020
vn -0.0855 0.6986 -0.7104
vn -0.1715 0.7038 -0.6894
vn -0.2791 0.6686 -0.6892
vn -0.3532 0.6715 -0.6514
vn -0.4817 0.6120 -0.6272
vn -0.5164 0.6072 -0.6039
vn -0.7072 0.0001 -0.7070
vn 0.7053 0.0029 0.7089
vn 0.7087 -0.0007 0.7055
vn -0.3658 0.3485 -0.8630
vn -0.3726 0.3496 -0.8596
vn -0.4136 0.3122 -0.8553
vn -0.4093 0.3115 -0.8576
vn 0.7683 0.0832 0.6347
vn 0.7838 0.1457 0.6037
vn 0.8315 0.2049 0.5163
vn 0.8386 0.2869 0.4631
vn 0.8637 0.3233 0.3866
vn 0.8645 0.4175 0.2798
vn 0.8652 0.4153 0.2810
vn 0.8473 0.5150 0.1297
vn 0.8486 0.5197 0.0995
vn 0.8005 0.5964 -0.0585
vn 0.8054 0.5923 -0.0227
vn 0.7390 0.6543 -0.1602
vn 0.7127 0.6577 -0.2441
vn 0.6397 0.6967 -0.3246
vn 0.6092 0.6906 -0.3897
vn 0.5101 0.7185 -0.4729
vn 0.4589 0.6929 -0.5561
vn 0.3406 0.7026 -0.6248
vn 0.2948 0.6722 -0.6791
vn 0.1880 0.6599 -0.7275
vn 0.1240 0.6206 -0.7742
vn 0.0820 0.6164 -0.7831
vn 0.4991 -0.7078 0.4999
vn 0.4993 -0.7081 0.4993
vn 0.5000 -0.7071 0.5000
vn 0.5003 -0.7065 0.5006
vn 0.4996 -0.7076 0.4996
vn 0.5003 -0.7068 0.5002
vn 0.4993 -0.7079 0.4996
vn 0.5009 -0.7062 0.5003
vn 0.5002 -0.7069 0.5001
vn 0.4992 -0.7077 0.5000
vn 0.4996 -0.7074 0.5000
vn 0.5006 -0.7068 0.4999
vn 0.5009 -0.7066 0.4998
vn -0.0006 -0.7078 0.7064
vn -0.0002 -0.7080 0.7062
vn 0.0001 -0.7075 0.7067
vn 0.0001 -0.7072 0.7070
vn 0.0001 -0.7074 0.7068
vn 0.0003 -0.7062 0.7080
vn -0.0003 -0.7081 0.7061
vn 0.0002 -0.7070 0.7072
vn -0.0001 -0.7075 0.7067
vn 0.0005 -0.7068 0.7074
vn -0.0007 -0.7079 0.7063
vn 0.0003 -0.7072 0.7070
vn 0.0021 -0.7063 0.7079
vn -0.4999 -0.7078 0.4991
vn -0.4994 -0.7081 0.4993
vn -0.4997 -0.7074 0.4998
vn -0.5003 -0.7066 0.5003
vn -0.5000 -0.7071 0.4999
vn -0.5003 -0.7067 0.5004
vn -0.4996 -0.7086 0.4983
vn -0.5003 -0.7058 0.5016
vn -0.5000 -0.7079 0.4989
vn -0.5000 -0.7069 0.5003
vn -0.4999 -0.7064 0.5011
vn -0.7064 -0.7078 -0.0006
vn -0.7061 -0.7081 -0.0001
vn -0.7074 -0.7069 -0.0000
vn -0.7073 -0.7069 -0.0000
vn -0.7070 -0.7072 -0.0000
vn -0.7076 -0.7067 0.0001
vn -0.7070 -0.7072 -0.0001
vn -0.7068 -0.7075 -0.0002
vn -0.7076 -0.7066 0.0004
vn -0.7067 -0.7076 -0.0004
vn -0.7074 -0.7068 0.0004
vn -0.7067 -0.7075 -0.0006
vn -0.7077 -0.7065 0.0013
vn -0.4991 -0.7078 -0.5000
vn -0.4992 -0.7080 -0.4995
vn -0.5001 -0.7069 -0.5002
vn -0.4998 -0.7075 -0.4996
vn -0.5002 -0.7068 -0.5002
vn -0.4997 -0.7076 -0.4997
vn -0.5002 -0.7069 -0.5001
vn -0.4997 -0.7074 -0.4998
vn -0.5009 -0.7062 -0.5003
vn -0.4990 -0.7080 -0.4998
vn -0.5004 -0.7068 -0.5000
vn -0.4994 -0.7076 -0.5000
vn -0.5009 -0.7066 -0.4998
vn -0.5011 -0.7065 -0.4997
vn 0.0006 -0.7078 -0.7064
vn 0.0001 -0.7080 -0.7062
vn -0.0000 -0.7073 -0.7070
vn -0.0001 -0.7068 -0.7074
vn 0.0004 -0.7083 -0.7059
vn -0.0005 -0.7062 -0.7080
vn 0.0006 -0.7077 -0.7065
vn -0.0001 -0.7072 -0.7070
vn -0.0006 -0.7069 -0.7073
vn 0.4993 -0.7081 -0.4993
vn 0.4994 -0.7080 -0.4993
vn 0.5002 -0.7069 -0.5001
vn 0.5001 -0.7069 -0.5001
vn 0.4995 -0.7078 -0.4995
vn 0.5002 -0.7067 -0.5004
vn 0.5001 -0.7067 -0.5004
vn 0.4998 -0.7079 -0.4991
vn 0.4999 -0.7070 -0.5002
vn 0.4999 -0.7071 -0.5001
vn 0.5000 -0.7072 -0.4999
vn -0.9998 -0.0041 0.0196
vn -0.9926 0.0017 0.1215
vn -0.9928 0.0010 0.1198
vn -0.9743 0.0008 0.2250
vn -0.9758 -0.0015 0.2187
vn -0.9487 0.0008 0.3161
vn -0.9446 -0.0040 0.3281
vn -0.9100 0.0046 0.4147
vn -0.8955 -0.0056 0.4451
vn -0.8634 0.0045 0.5044
vn -0.8427 -0.0045 0.5384
vn -0.8088 0.0045 0.5880
vn -0.7851 -0.0044 0.6194
vn -0.7461 0.0044 0.6658
vn -0.7241 -0.0030 0.6897
vn -0.6709 0.0040 0.7416
vn -0.6753 0.0020 0.7376
vn -0.5720 0.0050 0.8202
vn -0.6130 -0.0044 0.7901
vn -0.5472 -0.0033 0.8370
vn -0.4853 0.0037 0.8744
vn -0.4149 0.0037 0.9099
vn -0.4440 -0.0049 0.8960
vn -0.3463 -0.0062 0.9381
vn -0.2968 0.0061 0.9549
vn -0.2445 -0.0061 0.9696
vn -0.1936 0.0062 0.9811
vn -0.0883 0.0041 0.9961
vn -0.1138 -0.0046 0.9935
vn 0.0307 0.0035 0.9995
vn -0.0112 -0.0044 0.9999
vn 0.0684 -0.0036 0.9976
vn 0.1112 0.0044 0.9938
vn 0.2023 0.0015 0.9793
vn 0.1859 -0.0041 0.9826
vn 0.2968 -0.0017 0.9550
vn 0.2971 -0.0016 0.9548
vn 0.3861 0.0048 0.9224
vn 0.4149 -0.0044 0.9099
vn 0.4756 0.0029 0.8796
vn 0.4871 -0.0008 0.8733
vn 0.5612 -0.0008 0.8277
vn 0.5647 0.0008 0.8253
vn 0.6459 0.0008 0.7634
vn 0.6521 -0.0028 0.7581
vn 0.7358 0.0025 0.6771
vn 0.7467 -0.0032 0.6652
vn 0.7884 0.0029 0.6151
vn 0.8102 -0.0044 0.5861
vn 0.8419 0.0044 0.5396
vn 0.8892 0.0026 0.4575
vn 0.8602 -0.0029 0.5100
vn 0.8946 -0.0008 0.4468
vn 0.9321 0.0015 0.3621
vn 0.9298 -0.0008 0.3681
vn 0.9608 -0.0000 0.2774
vn 0.9594 -0.0013 0.2820
vn 0.9774 0.0013 0.2112
vn 0.9764 -0.0000 0.2159
vn 0.9926 0.0025 0.1211
vn 0.9908 -0.0013 0.1353
vn 0.9979 -0.0028 0.0648
vn 0.9994 0.0028 0.0354
vn 0.9997 -0.0026 -0.0233
vn 0.9994 0.0008 -0.0353
vn 0.9934 0.0008 -0.1145
vn 0.9908 -0.0051 -0.1353
vn 0.9827 0.0044 -0.1850
vn 0.9656 -0.0042 -0.2600
vn 0.9590 0.0041 -0.2834
vn 0.9350 -0.0044 -0.3545
vn 0.9159 0.0048 -0.4013
vn 0.9065 -0.0013 -0.4221
vn 0.8715 0.0013 -0.4904
vn 0.8644 -0.0024 -0.5027
vn 0.8343 0.0028 -0.5513
vn 0.8135 -0.0043 -0.5815
vn 0.7827 0.0051 -0.6223
vn 0.7427 -0.0067 -0.6695
vn 0.7134 0.0053 -0.7008
vn 0.6522 -0.0041 -0.7580
vn 0.6396 0.0015 -0.7687
vn 0.5612 -0.0015 -0.8277
vn 0.5616 -0.0017 -0.8274
vn 0.4802 0.0048 -0.8771
vn 0.3980 0.0021 -0.9174
vn 0.4525 -0.0044 -0.8918
vn 0.3706 -0.0035 -0.9288
vn 0.3316 0.0044 -0.9434
vn 0.2577 -0.0041 -0.9662
vn 0.2418 0.0015 -0.9703
vn 0.1543 -0.0015 -0.9880
vn 0.1559 -0.0020 -0.9878
vn 0.0880 0.0030 -0.9961
vn 0.0481 -0.0061 -0.9988
vn -0.0044 0.0062 -1.0000
vn -0.0864 -0.0047 -0.9963
vn -0.1017 0.0008 -0.9948
vn -0.2018 0.0008 -0.9794
vn -0.2000 0.0016 -0.9798
vn -0.3295 0.0064 -0.9441
vn -0.2922 -0.0049 -0.9563
vn -0.4304 0.0028 -0.9026
vn -0.3778 -0.0034 -0.9259
vn -0.4442 -0.0013 -0.8959
vn -0.5116 0.0013 -0.8592
vn -0.5314 -0.0048 -0.8471
vn -0.5805 0.0062 -0.8142
vn -0.6335 -0.0080 -0.7737
vn -0.6785 0.0061 -0.7346
vn -0.7177 -0.0061 -0.6963
vn -0.7577 0.0080 -0.6525
vn -0.7995 -0.0061 -0.6006
vn -0.8373 0.0062 -0.5467
vn -0.8452 0.0011 -0.5344
vn -0.9026 0.0038 -0.4305
vn -0.8919 -0.0053 -0.4522
vn -0.9346 0.0021 -0.3556
vn -0.9596 0.0036 -0.2812
vn -0.9460 -0.0080 -0.3240
vn -0.9775 0.0020 -0.2110
vn -0.9823 -0.0058 -0.1871
vn -0.9928 0.0045 -0.1197
vn -0.9968 -0.0045 -0.0795
vn -0.9999 0.0058 -0.0106
vn 0.9999 -0.0004 -0.0108
vn 0.9839 0.0004 -0.1789
vn 0.9843 0.0005 -0.1762
vn 0.9435 -0.0009 -0.3313
vn 0.9128 0.0011 -0.4085
vn 0.8680 -0.0009 -0.4966
vn 0.8083 0.0009 -0.5888
vn 0.7540 -0.0009 -0.6569
vn 0.6762 0.0009 -0.7367
vn 0.5989 -0.0012 -0.8008
vn 0.5143 0.0014 -0.8576
vn 0.3610 -0.0014 -0.9326
vn 0.2939 0.0011 -0.9559
vn 0.0726 0.0001 -0.9974
vn 0.1012 -0.0010 -0.9949
vn -0.1122 0.0007 -0.9937
vn -0.1739 -0.0012 -0.9848
vn -0.2996 0.0009 -0.9541
vn -0.3922 -0.0009 -0.9199
vn -0.4806 0.0011 -0.8769
vn -0.5591 -0.0010 -0.8291
vn -0.6725 0.0008 -0.7401
vn -0.7041 -0.0004 -0.7101
vn -0.7912 0.0004 -0.6115
vn -0.8174 -0.0007 -0.5760
vn -0.8862 0.0009 -0.4632
vn -0.9273 -0.0012 -0.3742
vn -0.9529 0.0007 -0.3033
vn -0.9919 -0.0005 -0.1272
vn -0.9914 -0.0006 -0.1308
vn -0.9988 0.0010 0.0493
vn -0.9928 -0.0011 0.1194
vn -0.9629 0.0008 0.2699
vn -0.9526 -0.0003 0.3042
vn -0.8849 -0.0000 0.4658
vn -0.8785 0.0006 0.4777
vn -0.7531 -0.0008 0.6579
vn -0.7204 0.0009 0.6935
vn -0.5989 -0.0009 0.8008
vn -0.5417 0.0012 0.8405
vn -0.3944 -0.0014 0.9189
vn -0.2945 0.0014 0.9557
vn -0.1976 -0.0011 0.9803
vn -0.0321 0.0014 0.9995
vn 0.0402 -0.0012 0.9992
vn 0.2365 0.0009 0.9716
vn 0.2893 -0.0010 0.9572
vn 0.4237 0.0010 0.9058
vn 0.5156 -0.0009 0.8569
vn 0.5712 0.0007 0.8208
vn 0.6754 -0.0007 0.7375
vn 0.7160 0.0008 0.6981
vn 0.8184 -0.0009 0.5747
vn 0.8386 0.0005 0.5448
vn 0.9303 0.0002 0.3668
vn 0.9374 -0.0005 0.3482
vn 0.9787 0.0004 0.2055
vn 0.9853 -0.0005 0.1706
vn 0.9998 0.0005 0.0192
vn -0.9998 -0.0008 0.0205
vn -0.9937 0.0006 0.1119
vn -0.9908 -0.0008 0.1351
vn -0.9721 0.0013 0.2345
vn -0.9639 -0.0010 0.2663
vn -0.9146 0.0024 0.4043
vn -0.9290 -0.0006 0.3700
vn -0.8720 -0.0019 0.4895
vn -0.8240 0.0014 0.5666
vn -0.8059 -0.0006 0.5921
vn -0.7342 0.0010 0.6790
vn -0.7244 -0.0002 0.6894
vn -0.6420 -0.0013 0.7667
vn -0.5983 0.0025 0.8013
vn -0.5329 -0.0017 0.8462
vn -0.4429 0.0015 0.8966
vn -0.4303 0.0004 0.9027
vn -0.3294 -0.0011 0.9442
vn -0.2907 0.0016 0.9568
vn -0.1921 -0.0016 0.9814
vn -0.1534 0.0009 0.9882
vn -0.0423 -0.0004 0.9991
vn -0.0333 -0.0012 0.9994
vn 0.0943 0.0014 0.9955
vn 0.1544 -0.0022 0.9880
vn 0.2118 0.0013 0.9773
vn 0.3224 -0.0009 0.9466
vn 0.3387 0.0003 0.9409
vn 0.4303 -0.0003 0.9027
vn 0.4457 0.0008 0.8952
vn 0.5241 -0.0010 0.8516
vn 0.5756 0.0018 0.8177
vn 0.6125 -0.0012 0.7905
vn 0.7181 0.0004 0.6960
vn 0.7089 -0.0012 0.7053
vn 0.7913 0.0017 0.6114
vn 0.8362 -0.0026 0.5484
vn 0.8647 0.0011 0.5023
vn 0.9208 0.0003 0.3901
vn 0.9257 -0.0011 0.3782
vn 0.9744 0.0010 0.2247
vn 0.9721 0.0001 0.2347
vn 0.9937 -0.0011 0.1120
vn 0.9970 0.0010 0.0773
vn 0.9999 -0.0007 -0.0144
vn 0.9992 0.0008 -0.0408
vn 0.9919 -0.0012 -0.1267
vn 0.9821 0.0021 -0.1883
vn 0.9639 -0.0022 -0.2661
vn 0.9286 0.0022 -0.3710
vn 0.9107 -0.0017 -0.4131
vn 0.8409 0.0016 -0.5412
vn 0.8166 -0.0021 -0.5771
vn 0.7403 0.0023 -0.6722
vn 0.6969 -0.0020 -0.7172
vn 0.6139 0.0013 -0.7894
vn 0.5940 -0.0005 -0.8045
vn 0.4896 0.0005 -0.8719
vn 0.4739 -0.0008 -0.8806
vn 0.3786 0.0010 -0.9256
vn 0.3388 -0.0018 -0.9409
vn 0.2491 0.0018 -0.9685
vn 0.1643 -0.0016 -0.9864
vn 0.1355 0.0005 -0.9908
vn 0.0144 -0.0005 -0.9999
vn 0.0033 0.0003 -1.0000
vn -0.0955 -0.0003 -0.9954
vn -0.1125 0.0008 -0.9936
vn -0.2084 -0.0011 -0.9780
vn -0.2518 0.0015 -0.9678
vn -0.3312 -0.0013 -0.9436
vn -0.3870 0.0010 -0.9221
vn -0.4358 -0.0010 -0.9001
vn -0.4897 0.0013 -0.8719
vn -0.6010 0.0016 -0.7992
vn -0.5587 -0.0016 -0.8294
vn -0.6831 -0.0016 -0.7303
vn -0.7192 0.0016 -0.6948
vn -0.7739 -0.0013 -0.6333
vn -0.8214 0.0017 -0.5703
vn -0.8455 -0.0014 -0.5340
vn -0.9115 0.0016 -0.4114
vn -0.9251 -0.0014 -0.3797
vn -0.9645 0.0012 -0.2640
vn -0.9732 -0.0013 -0.2302
vn -0.9921 0.0011 -0.1257
vn -0.9961 -0.0010 -0.0887
vn -0.9999 0.0009 -0.0125
s 0
f 2//1 3//1 1//1
f 1//2 4//2 5//2
f 3//3 4//3 1//3
f 4//4 6//4 5//4
f 8//5 7//5 11//5
f 9//5 11//5 7//5
f 12//5 11//5 9//5
f 13//5 11//5 12//5
f 2//6 11//6 13//6
f 14//5 10//5 11//5
f 15//5 14//5 11//5
f 16//5 15//5 11//5
f 17//5 11//5 2//5
f 17//5 16//5 11//5
f 18//5 17//5 2//5
f 1//7 18//7 2//7
f 19//8 20//8 6//8
f 23//9 21//9 19//9
f 22//10 3//10 2//10
f 23//11 3//11 22//11
f 23//12 6//12 4//12
f 23//13 19//13 6//13
f 23//14 4//14 3//14
f 24//15 23//15 22//15
f 24//16 21//16 23//16
f 24//17 22//17 25//17
f 25//18 22//18 2//18
f 26//19 5//19 6//19
f 26//20 6//20 27//20
f 28//21 26//21 27//21
f 28//22 27//22 29//22
f 28//23 29//23 30//23
f 28//24 30//24 31//24
f 28//25 31//25 32//25
f 28//26 32//26 33//26
f 28//27 33//27 34//27
f 28//28 34//28 35//28
f 28//29 35//29 36//29
f 28//30 36//30 37//30
f 38//31 28//31 37//31
f 39//32 28//32 38//32
f 41//33 40//33 1//33
f 41//33 1//33 5//33
f 42//33 41//33 5//33
f 43//33 42//33 5//33
f 45//34 10//34 14//34
f 45//35 44//35 10//35
f 45//36 14//36 15//36
f 46//37 45//37 15//37
f 46//38 15//38 16//38
f 47//39 46//39 16//39
f 47//40 16//40 17//40
f 48//41 47//41 17//41
f 48//42 17//42 18//42
f 18//43 1//43 48//43
f 48//44 1//44 40//44
f 25//45 13//45 49//45
f 2//46 13//46 25//46
f 13//47 12//47 49//47
f 49//48 12//48 50//48
f 12//49 9//49 50//49
f 50//50 9//50 51//50
f 9//51 7//51 51//51
f 51//52 7//52 52//52
f 7//53 8//53 52//53
f 53//5 129//5 54//5
f 57//5 54//5 116//5
f 56//5 55//5 53//5
f 60//5 57//5 58//5
f 11//5 59//5 56//5
f 11//5 54//5 57//5
f 11//5 53//5 54//5
f 11//5 56//5 53//5
f 63//5 60//5 61//5
f 62//5 8//5 11//5
f 63//5 62//5 11//5
f 63//5 11//5 57//5
f 63//5 57//5 60//5
f 62//5 63//5 64//5
f 11//54 10//54 44//54
f 11//55 44//55 168//55
f 24//56 25//56 40//56
f 24//57 40//57 41//57
f 21//58 24//58 41//58
f 19//59 41//59 42//59
f 19//60 21//60 41//60
f 20//61 19//61 42//61
f 20//62 42//62 43//62
f 27//63 20//63 68//63
f 27//64 6//64 20//64
f 5//33 26//33 43//33
f 43//33 26//33 67//33
f 65//65 66//65 39//65
f 39//66 66//66 28//66
f 28//67 67//67 26//67
f 66//68 67//68 28//68
f 29//69 27//69 68//69
f 29//70 68//70 69//70
f 30//71 29//71 69//71
f 30//72 69//72 70//72
f 31//73 30//73 70//73
f 31//74 70//74 71//74
f 31//75 71//75 169//75
f 32//76 31//76 169//76
f 32//77 169//77 72//77
f 33//78 32//78 72//78
f 33//79 72//79 73//79
f 34//80 73//80 74//80
f 34//81 33//81 73//81
f 35//82 34//82 74//82
f 35//83 74//83 75//83
f 36//84 35//84 75//84
f 36//85 75//85 76//85
f 37//86 36//86 76//86
f 38//87 37//87 76//87
f 38//88 76//88 170//88
f 39//89 38//89 170//89
f 39//90 170//90 65//90
f 168//91 51//91 52//91
f 168//91 50//91 51//91
f 168//91 49//91 50//91
f 168//92 25//92 49//92
f 44//91 45//91 168//91
f 45//91 46//91 168//91
f 46//91 47//91 168//91
f 168//91 47//91 25//91
f 47//91 48//91 25//91
f 48//93 40//93 25//93
f 52//94 8//94 77//94
f 8//95 62//95 77//95
f 78//5 62//5 64//5
f 79//5 62//5 78//5
f 81//5 62//5 79//5
f 82//5 62//5 81//5
f 83//96 62//96 82//96
f 84//5 80//5 62//5
f 85//5 84//5 62//5
f 86//5 85//5 62//5
f 176//5 86//5 62//5
f 176//5 62//5 83//5
f 87//5 176//5 83//5
f 179//97 87//97 83//97
f 188//98 64//98 88//98
f 64//99 63//99 88//99
f 61//5 89//5 63//5
f 90//5 63//5 89//5
f 91//5 63//5 90//5
f 93//5 63//5 91//5
f 94//100 63//100 93//100
f 95//5 92//5 63//5
f 96//5 95//5 63//5
f 97//5 96//5 63//5
f 98//5 97//5 63//5
f 98//5 63//5 94//5
f 99//5 98//5 94//5
f 100//101 99//101 94//101
f 205//102 61//102 101//102
f 61//103 60//103 101//103
f 58//5 102//5 60//5
f 103//5 60//5 102//5
f 104//5 60//5 103//5
f 105//5 60//5 104//5
f 107//5 207//5 60//5
f 106//5 60//5 105//5
f 108//5 107//5 60//5
f 109//5 108//5 60//5
f 110//5 109//5 60//5
f 110//5 60//5 106//5
f 111//5 110//5 106//5
f 112//104 111//104 106//104
f 113//105 58//105 114//105
f 58//106 57//106 114//106
f 115//5 57//5 116//5
f 117//5 57//5 115//5
f 119//5 57//5 117//5
f 120//5 57//5 119//5
f 121//107 57//107 120//107
f 122//5 118//5 57//5
f 123//5 122//5 57//5
f 124//5 123//5 57//5
f 124//5 57//5 121//5
f 125//5 124//5 121//5
f 126//108 125//108 121//108
f 237//109 116//109 127//109
f 116//110 54//110 127//110
f 128//5 54//5 129//5
f 130//5 54//5 128//5
f 131//5 54//5 130//5
f 132//5 54//5 131//5
f 134//111 54//111 132//111
f 135//5 133//5 54//5
f 136//5 135//5 54//5
f 137//5 54//5 134//5
f 137//5 136//5 54//5
f 138//5 137//5 134//5
f 245//112 138//112 134//112
f 139//113 53//113 140//113
f 129//114 53//114 139//114
f 142//5 53//5 141//5
f 55//5 141//5 53//5
f 144//5 53//5 142//5
f 145//5 53//5 144//5
f 146//115 53//115 145//115
f 147//5 143//5 53//5
f 148//5 147//5 53//5
f 149//5 148//5 53//5
f 149//5 53//5 146//5
f 150//5 149//5 146//5
f 151//116 150//116 146//116
f 152//117 55//117 153//117
f 55//118 56//118 153//118
f 59//5 154//5 56//5
f 155//5 56//5 154//5
f 156//5 56//5 155//5
f 158//5 56//5 156//5
f 159//5 157//5 56//5
f 160//119 56//119 158//119
f 161//5 159//5 56//5
f 162//5 161//5 56//5
f 163//5 162//5 56//5
f 164//5 56//5 160//5
f 164//5 163//5 56//5
f 165//5 164//5 160//5
f 166//120 165//120 160//120
f 59//121 11//121 167//121
f 167//122 11//122 168//122
f 43//123 67//123 20//123
f 20//124 67//124 68//124
f 67//125 66//125 68//125
f 68//126 66//126 69//126
f 69//127 66//127 70//127
f 70//126 66//126 71//126
f 71//128 66//128 169//128
f 169//129 66//129 72//129
f 72//130 66//130 73//130
f 73//131 66//131 74//131
f 74//132 66//132 75//132
f 75//133 66//133 76//133
f 66//134 170//134 76//134
f 66//135 65//135 170//135
f 139//91 140//91 127//91
f 127//91 114//91 237//91
f 152//91 153//91 140//91
f 140//91 114//91 127//91
f 153//91 114//91 140//91
f 114//91 101//91 113//91
f 153//91 168//91 114//91
f 167//91 168//91 153//91
f 101//91 88//91 205//91
f 52//91 77//91 168//91
f 168//91 77//91 114//91
f 114//91 77//91 101//91
f 77//91 88//91 101//91
f 88//91 77//91 188//91
f 62//136 80//136 171//136
f 62//137 171//137 77//137
f 172//138 80//138 84//138
f 172//139 171//139 80//139
f 173//140 84//140 85//140
f 173//141 172//141 84//141
f 174//142 85//142 86//142
f 174//143 173//143 85//143
f 175//144 86//144 176//144
f 175//145 174//145 86//145
f 177//146 176//146 87//146
f 177//147 175//147 176//147
f 87//148 178//148 177//148
f 87//149 179//149 178//149
f 83//150 180//150 179//150
f 179//151 181//151 182//151
f 180//152 181//152 179//152
f 183//153 83//153 184//153
f 83//154 82//154 184//154
f 184//155 81//155 185//155
f 82//156 81//156 184//156
f 185//157 81//157 186//157
f 81//158 79//158 186//158
f 186//159 79//159 187//159
f 79//160 78//160 187//160
f 78//161 64//161 187//161
f 187//162 64//162 188//162
f 63//163 92//163 189//163
f 63//164 189//164 88//164
f 190//165 92//165 95//165
f 190//166 189//166 92//166
f 191//167 95//167 96//167
f 191//168 190//168 95//168
f 192//169 96//169 97//169
f 192//170 191//170 96//170
f 193//171 97//171 98//171
f 193//172 192//172 97//172
f 194//173 98//173 99//173
f 194//174 193//174 98//174
f 99//175 100//175 194//175
f 194//176 100//176 195//176
f 94//177 196//177 100//177
f 100//178 197//178 198//178
f 196//179 197//179 100//179
f 197//180 199//180 198//180
f 200//181 94//181 201//181
f 94//182 93//182 201//182
f 201//183 93//183 202//183
f 202//184 91//184 203//184
f 93//185 91//185 202//185
f 203//186 90//186 204//186
f 91//187 90//187 203//187
f 90//188 89//188 204//188
f 204//189 89//189 205//189
f 89//190 61//190 205//190
f 60//191 207//191 206//191
f 60//192 206//192 101//192
f 206//193 207//193 107//193
f 208//194 206//194 107//194
f 208//195 107//195 108//195
f 209//196 208//196 108//196
f 209//197 108//197 109//197
f 210//198 109//198 110//198
f 210//199 209//199 109//199
f 211//200 110//200 111//200
f 211//201 210//201 110//201
f 111//202 112//202 211//202
f 211//203 112//203 212//203
f 106//204 213//204 112//204
f 112//205 214//205 215//205
f 213//206 214//206 112//206
f 106//207 105//207 216//207
f 216//208 105//208 217//208
f 217//209 105//209 218//209
f 105//210 104//210 218//210
f 218//211 103//211 219//211
f 104//212 103//212 218//212
f 219//213 103//213 220//213
f 103//214 102//214 220//214
f 220//215 102//215 113//215
f 102//216 58//216 113//216
f 57//217 118//217 221//217
f 57//218 221//218 114//218
f 222//219 118//219 122//219
f 222//220 221//220 118//220
f 223//221 122//221 123//221
f 223//222 222//222 122//222
f 224//223 223//223 123//223
f 224//224 123//224 124//224
f 225//225 224//225 124//225
f 225//226 124//226 125//226
f 226//227 225//227 125//227
f 125//228 126//228 226//228
f 226//229 126//229 227//229
f 121//230 228//230 126//230
f 126//231 229//231 230//231
f 228//232 229//232 126//232
f 229//233 231//233 230//233
f 232//234 121//234 233//234
f 121//235 120//235 233//235
f 233//236 120//236 234//236
f 120//237 119//237 234//237
f 234//238 119//238 235//238
f 119//239 117//239 235//239
f 235//240 117//240 236//240
f 117//241 115//241 236//241
f 115//242 116//242 236//242
f 236//243 116//243 237//243
f 54//244 133//244 238//244
f 54//245 238//245 127//245
f 239//246 238//246 133//246
f 239//247 133//247 135//247
f 240//248 239//248 135//248
f 240//249 135//249 136//249
f 241//250 240//250 136//250
f 242//251 136//251 137//251
f 242//252 241//252 136//252
f 243//253 137//253 138//253
f 243//254 242//254 137//254
f 138//255 244//255 243//255
f 138//256 245//256 244//256
f 134//257 246//257 245//257
f 245//258 247//258 248//258
f 246//259 247//259 245//259
f 247//260 249//260 248//260
f 250//261 134//261 251//261
f 134//262 132//262 251//262
f 251//263 132//263 252//263
f 132//264 131//264 252//264
f 252//265 131//265 253//265
f 131//266 130//266 253//266
f 130//267 128//267 253//267
f 253//268 128//268 254//268
f 128//269 129//269 254//269
f 254//270 129//270 139//270
f 53//271 143//271 255//271
f 53//272 255//272 140//272
f 256//273 143//273 147//273
f 256//274 255//274 143//274
f 257//275 147//275 148//275
f 257//276 256//276 147//276
f 258//277 148//277 149//277
f 258//278 257//278 148//278
f 259//279 149//279 150//279
f 259//280 258//280 149//280
f 150//281 151//281 259//281
f 259//282 151//282 260//282
f 146//283 261//283 151//283
f 151//284 262//284 263//284
f 261//285 262//285 151//285
f 264//286 146//286 265//286
f 146//287 145//287 265//287
f 265//288 145//288 266//288
f 266//289 144//289 267//289
f 145//290 144//290 266//290
f 267//291 142//291 268//291
f 144//292 142//292 267//292
f 268//293 142//293 269//293
f 142//294 141//294 269//294
f 269//295 141//295 152//295
f 141//296 55//296 152//296
f 56//297 157//297 270//297
f 56//298 270//298 153//298
f 270//299 157//299 159//299
f 271//300 270//300 159//300
f 271//301 159//301 161//301
f 272//302 271//302 161//302
f 272//303 161//303 162//303
f 273//304 272//304 162//304
f 273//305 162//305 163//305
f 274//306 273//306 163//306
f 274//307 163//307 164//307
f 275//308 164//308 165//308
f 275//309 274//309 164//309
f 165//310 276//310 275//310
f 165//311 166//311 276//311
f 160//312 277//312 166//312
f 166//313 278//313 279//313
f 277//314 278//314 166//314
f 278//315 280//315 279//315
f 281//316 160//316 282//316
f 160//317 158//317 282//317
f 282//318 158//318 283//318
f 158//319 156//319 283//319
f 283//320 156//320 284//320
f 156//321 155//321 284//321
f 284//322 155//322 285//322
f 155//323 154//323 285//323
f 285//324 154//324 286//324
f 154//325 59//325 286//325
f 286//326 59//326 167//326
f 187//91 188//91 77//91
f 77//91 186//91 187//91
f 77//91 185//91 186//91
f 77//91 184//91 185//91
f 77//91 183//91 184//91
f 171//91 172//91 77//91
f 172//91 173//91 77//91
f 173//91 174//91 77//91
f 174//91 175//91 77//91
f 77//91 175//91 183//91
f 175//91 177//91 183//91
f 177//327 178//327 183//327
f 88//91 204//91 205//91
f 88//91 203//91 204//91
f 88//91 202//91 203//91
f 88//91 201//91 202//91
f 88//328 200//328 201//328
f 189//91 190//91 88//91
f 190//91 191//91 88//91
f 191//91 192//91 88//91
f 192//91 193//91 88//91
f 88//329 193//329 200//329
f 193//330 194//330 200//330
f 194//331 195//331 200//331
f 220//91 113//91 101//91
f 101//91 219//91 220//91
f 101//91 218//91 219//91
f 101//91 217//91 218//91
f 101//91 216//91 217//91
f 206//91 208//91 101//91
f 208//91 209//91 101//91
f 209//91 210//91 101//91
f 101//91 210//91 216//91
f 210//91 211//91 216//91
f 211//332 212//332 216//332
f 236//91 237//91 114//91
f 114//91 235//91 236//91
f 114//91 234//91 235//91
f 114//91 233//91 234//91
f 114//333 232//333 233//333
f 221//91 222//91 114//91
f 222//91 223//91 114//91
f 223//91 224//91 114//91
f 114//91 225//91 232//91
f 224//91 225//91 114//91
f 225//91 226//91 232//91
f 226//334 227//334 232//334
f 127//91 253//91 254//91
f 254//91 139//91 127//91
f 127//91 252//91 253//91
f 127//91 251//91 252//91
f 127//335 250//335 251//335
f 238//91 239//91 127//91
f 239//91 240//91 127//91
f 240//91 241//91 127//91
f 127//91 242//91 250//91
f 241//91 242//91 127//91
f 242//91 243//91 250//91
f 243//336 244//336 250//336
f 269//91 152//91 140//91
f 140//91 268//91 269//91
f 140//91 267//91 268//91
f 140//91 266//91 267//91
f 140//91 265//91 266//91
f 140//91 264//91 265//91
f 255//91 256//91 140//91
f 256//91 257//91 140//91
f 257//91 258//91 140//91
f 140//91 258//91 264//91
f 258//91 259//91 264//91
f 259//337 260//337 264//337
f 153//91 285//91 286//91
f 286//91 167//91 153//91
f 153//91 284//91 285//91
f 153//91 283//91 284//91
f 153//91 282//91 283//91
f 153//338 281//338 282//338
f 270//91 271//91 153//91
f 271//91 272//91 153//91
f 272//91 273//91 153//91
f 273//91 274//91 153//91
f 153//339 274//339 281//339
f 274//340 275//340 281//340
f 275//341 276//341 281//341
f 287//342 178//342 179//342
f 287//343 179//343 182//343
f 288//344 287//344 182//344
f 289//345 288//345 182//345
f 180//346 290//346 181//346
f 291//347 292//347 290//347
f 291//348 290//348 180//348
f 293//349 294//349 295//349
f 293//350 295//350 181//350
f 293//351 181//351 290//351
f 293//352 296//352 294//352
f 293//353 297//353 296//353
f 83//354 291//354 180//354
f 290//355 297//355 293//355
f 292//356 183//356 297//356
f 292//357 297//357 290//357
f 291//358 298//358 292//358
f 83//359 298//359 291//359
f 298//360 83//360 183//360
f 298//361 183//361 292//361
f 446//362 182//362 181//362
f 446//363 181//363 299//363
f 445//364 446//364 299//364
f 445//365 299//365 447//365
f 445//366 447//366 300//366
f 445//367 300//367 301//367
f 445//368 301//368 302//368
f 445//366 302//366 303//366
f 445//369 303//369 304//369
f 445//370 304//370 305//370
f 445//371 305//371 306//371
f 445//372 306//372 307//372
f 444//373 445//373 307//373
f 308//374 195//374 100//374
f 308//374 100//374 198//374
f 309//374 308//374 198//374
f 197//375 311//375 310//375
f 197//376 312//376 311//376
f 197//377 310//377 199//377
f 313//378 312//378 197//378
f 313//379 197//379 196//379
f 314//380 313//380 196//380
f 314//381 315//381 313//381
f 94//382 314//382 196//382
f 315//383 200//383 312//383
f 315//384 312//384 313//384
f 314//385 94//385 200//385
f 314//386 200//386 315//386
f 461//387 198//387 199//387
f 461//388 199//388 317//388
f 316//389 461//389 317//389
f 316//389 317//389 463//389
f 316//390 463//390 318//390
f 316//391 318//391 465//391
f 316//392 465//392 319//392
f 316//393 319//393 320//393
f 316//389 320//389 321//389
f 316//389 321//389 469//389
f 316//389 469//389 322//389
f 316//389 322//389 323//389
f 316//389 323//389 324//389
f 325//389 316//389 324//389
f 326//389 316//389 325//389
f 327//394 212//394 112//394
f 327//394 112//394 215//394
f 328//395 327//395 215//395
f 329//396 328//396 215//396
f 330//397 331//397 214//397
f 333//398 332//398 330//398
f 333//399 214//399 213//399
f 333//400 330//400 214//400
f 213//401 334//401 333//401
f 335//402 213//402 106//402
f 334//403 336//403 332//403
f 334//404 216//404 336//404
f 334//405 332//405 333//405
f 335//406 334//406 213//406
f 337//407 335//407 106//407
f 338//408 106//408 216//408
f 338//409 216//409 334//409
f 338//33 337//33 106//33
f 338//407 335//407 337//407
f 338//410 334//410 335//410
f 339//411 215//411 214//411
f 339//412 214//412 340//412
f 341//413 339//413 340//413
f 341//414 340//414 342//414
f 341//415 342//415 343//415
f 341//416 343//416 344//416
f 341//417 344//417 345//417
f 341//418 345//418 346//418
f 341//419 346//419 347//419
f 341//420 347//420 483//420
f 341//421 483//421 348//421
f 341//422 348//422 349//422
f 341//423 349//423 350//423
f 341//424 350//424 351//424
f 352//425 341//425 351//425
f 353//426 227//426 126//426
f 353//426 126//426 230//426
f 354//426 353//426 230//426
f 355//427 356//427 357//427
f 355//428 358//428 356//428
f 355//429 357//429 231//429
f 360//430 228//430 359//430
f 121//431 359//431 228//431
f 355//432 228//432 360//432
f 355//433 229//433 228//433
f 229//434 355//434 231//434
f 359//435 232//435 360//435
f 121//436 232//436 359//436
f 361//437 360//437 232//437
f 361//438 358//438 355//438
f 361//439 355//439 360//439
f 362//440 230//440 231//440
f 362//441 231//441 363//441
f 364//442 362//442 363//442
f 364//443 363//443 493//443
f 364//444 493//444 365//444
f 364//445 365//445 366//445
f 364//446 366//446 367//446
f 364//447 367//447 368//447
f 364//448 368//448 369//448
f 364//449 369//449 370//449
f 364//441 370//441 371//441
f 364//450 371//450 498//450
f 364//451 498//451 372//451
f 373//452 364//452 372//452
f 374//453 364//453 373//453
f 375//454 244//454 245//454
f 375//454 245//454 248//454
f 376//455 375//455 248//455
f 377//455 376//455 248//455
f 247//456 378//456 379//456
f 247//457 380//457 378//457
f 247//458 379//458 249//458
f 381//459 380//459 247//459
f 381//460 247//460 246//460
f 382//461 381//461 246//461
f 383//462 246//462 134//462
f 383//463 382//463 246//463
f 384//464 380//464 381//464
f 384//465 381//465 382//465
f 384//466 382//466 383//466
f 383//467 250//467 384//467
f 383//468 134//468 250//468
f 385//469 248//469 249//469
f 385//470 249//470 387//470
f 386//471 385//471 387//471
f 386//472 387//472 388//472
f 386//473 388//473 389//473
f 386//474 389//474 390//474
f 386//475 390//475 391//475
f 386//476 391//476 392//476
f 386//477 392//477 393//477
f 386//478 393//478 394//478
f 386//476 394//476 395//476
f 386//479 395//479 396//479
f 397//480 386//480 396//480
f 398//408 260//408 151//408
f 398//408 151//408 263//408
f 399//408 398//408 263//408
f 400//408 399//408 263//408
f 401//481 402//481 262//481
f 403//482 404//482 401//482
f 403//483 405//483 404//483
f 406//484 405//484 403//484
f 406//485 264//485 405//485
f 403//486 262//486 261//486
f 403//487 401//487 262//487
f 406//488 403//488 261//488
f 406//489 261//489 146//489
f 406//490 146//490 264//490
f 521//491 263//491 262//491
f 521//492 262//492 408//492
f 407//493 521//493 408//493
f 407//494 408//494 409//494
f 407//495 409//495 410//495
f 407//496 410//496 411//496
f 407//497 411//497 412//497
f 407//498 412//498 413//498
f 407//499 413//499 414//499
f 407//500 414//500 415//500
f 407//501 415//501 416//501
f 407//502 416//502 417//502
f 407//503 417//503 418//503
f 419//504 407//504 418//504
f 519//505 407//505 419//505
f 420//506 276//506 166//506
f 420//506 166//506 279//506
f 421//507 420//507 279//507
f 422//508 421//508 279//508
f 278//509 423//509 424//509
f 278//510 425//510 423//510
f 278//511 424//511 280//511
f 426//512 425//512 278//512
f 426//513 278//513 277//513
f 427//514 426//514 277//514
f 427//515 428//515 426//515
f 160//516 427//516 277//516
f 428//517 281//517 425//517
f 428//518 425//518 426//518
f 427//519 281//519 428//519
f 160//520 281//520 427//520
f 534//521 279//521 280//521
f 534//522 280//522 430//522
f 429//523 534//523 430//523
f 429//524 430//524 536//524
f 429//525 536//525 431//525
f 429//526 431//526 432//526
f 429//527 432//527 433//527
f 429//528 433//528 434//528
f 429//529 434//529 435//529
f 429//530 435//530 436//530
f 429//531 436//531 437//531
f 429//532 437//532 438//532
f 439//533 429//533 438//533
f 440//534 429//534 439//534
f 297//535 183//535 178//535
f 297//536 178//536 287//536
f 296//537 297//537 287//537
f 296//538 287//538 288//538
f 294//539 296//539 288//539
f 294//540 288//540 289//540
f 295//541 294//541 289//541
f 312//542 195//542 308//542
f 312//543 200//543 195//543
f 311//544 312//544 308//544
f 311//545 308//545 309//545
f 310//546 311//546 309//546
f 336//547 216//547 212//547
f 332//548 212//548 327//548
f 332//549 336//549 212//549
f 330//550 327//550 328//550
f 330//551 332//551 327//551
f 331//552 330//552 328//552
f 331//553 328//553 329//553
f 361//554 232//554 227//554
f 358//555 227//555 353//555
f 358//556 361//556 227//556
f 356//557 358//557 353//557
f 356//558 353//558 354//558
f 357//559 356//559 354//559
f 384//560 250//560 244//560
f 380//561 244//561 375//561
f 380//562 384//562 244//562
f 378//563 375//563 376//563
f 378//564 380//564 375//564
f 378//565 376//565 377//565
f 379//566 378//566 377//566
f 405//567 264//567 260//567
f 404//568 260//568 398//568
f 404//569 405//569 260//569
f 401//570 404//570 398//570
f 401//571 398//571 399//571
f 402//572 401//572 399//572
f 402//573 399//573 400//573
f 281//574 276//574 420//574
f 425//575 281//575 420//575
f 423//576 420//576 421//576
f 423//577 425//577 420//577
f 423//578 421//578 422//578
f 424//579 423//579 422//579
f 182//580 441//580 289//580
f 182//581 446//581 441//581
f 299//582 295//582 442//582
f 299//583 181//583 295//583
f 457//584 443//584 444//584
f 444//585 443//585 445//585
f 445//586 441//586 446//586
f 443//587 441//587 445//587
f 447//588 299//588 442//588
f 447//589 442//589 547//589
f 447//590 547//590 448//590
f 300//591 447//591 448//591
f 300//592 448//592 449//592
f 301//593 300//593 449//593
f 301//594 449//594 450//594
f 302//595 301//595 450//595
f 302//596 450//596 451//596
f 303//597 302//597 451//597
f 303//598 451//598 452//598
f 304//599 303//599 452//599
f 304//600 452//600 453//600
f 305//601 304//601 453//601
f 305//602 453//602 454//602
f 306//603 305//603 454//603
f 306//604 454//604 455//604
f 306//605 455//605 456//605
f 307//606 306//606 456//606
f 307//607 456//607 457//607
f 444//608 307//608 457//608
f 198//374 458//374 309//374
f 198//374 461//374 458//374
f 317//609 310//609 462//609
f 317//610 199//610 310//610
f 459//611 460//611 326//611
f 326//612 460//612 316//612
f 316//613 458//613 461//613
f 460//614 458//614 316//614
f 317//615 462//615 548//615
f 463//616 317//616 548//616
f 318//617 463//617 548//617
f 318//618 548//618 464//618
f 465//619 318//619 464//619
f 465//620 464//620 466//620
f 319//621 465//621 466//621
f 319//622 466//622 467//622
f 319//623 467//623 549//623
f 320//624 319//624 549//624
f 320//625 549//625 468//625
f 321//626 320//626 468//626
f 321//627 468//627 470//627
f 469//628 321//628 470//628
f 469//629 470//629 471//629
f 322//630 469//630 471//630
f 322//631 471//631 472//631
f 323//632 322//632 472//632
f 323//633 472//633 473//633
f 324//634 323//634 473//634
f 324//635 473//635 474//635
f 325//636 324//636 474//636
f 326//637 325//637 474//637
f 326//638 474//638 459//638
f 215//394 475//394 329//394
f 215//394 339//394 475//394
f 340//639 331//639 477//639
f 340//640 214//640 331//640
f 550//641 476//641 352//641
f 352//642 476//642 341//642
f 341//643 475//643 339//643
f 476//644 475//644 341//644
f 342//645 340//645 477//645
f 342//646 477//646 478//646
f 342//647 478//647 479//647
f 343//648 342//648 479//648
f 344//649 343//649 479//649
f 344//650 479//650 480//650
f 345//651 344//651 480//651
f 345//652 480//652 481//652
f 346//653 345//653 481//653
f 346//654 481//654 482//654
f 347//655 346//655 482//655
f 347//656 482//656 484//656
f 483//657 347//657 484//657
f 483//658 484//658 485//658
f 348//659 483//659 485//659
f 348//660 485//660 486//660
f 349//661 348//661 486//661
f 350//662 349//662 486//662
f 350//663 486//663 487//663
f 351//664 350//664 487//664
f 351//665 487//665 488//665
f 351//666 488//666 550//666
f 352//667 351//667 550//667
f 230//426 362//426 354//426
f 354//426 362//426 489//426
f 363//668 357//668 490//668
f 363//669 231//669 357//669
f 553//670 491//670 374//670
f 374//671 491//671 364//671
f 364//672 489//672 362//672
f 491//673 489//673 364//673
f 363//674 490//674 492//674
f 493//675 363//675 492//675
f 493//676 492//676 494//676
f 365//677 493//677 494//677
f 366//678 365//678 494//678
f 366//679 494//679 551//679
f 366//680 551//680 495//680
f 367//681 366//681 495//681
f 368//682 367//682 495//682
f 368//683 495//683 552//683
f 369//684 368//684 552//684
f 369//685 552//685 496//685
f 370//686 369//686 496//686
f 370//687 496//687 497//687
f 371//688 370//688 497//688
f 371//689 497//689 499//689
f 498//690 371//690 499//690
f 372//691 498//691 499//691
f 372//692 499//692 500//692
f 373//693 372//693 500//693
f 373//694 500//694 501//694
f 374//695 373//695 501//695
f 374//696 501//696 553//696
f 248//455 502//455 377//455
f 248//455 385//455 502//455
f 387//697 379//697 504//697
f 387//698 249//698 379//698
f 555//699 503//699 397//699
f 397//700 503//700 386//700
f 386//701 502//701 385//701
f 503//702 502//702 386//702
f 387//703 504//703 505//703
f 388//704 387//704 505//704
f 388//705 505//705 506//705
f 389//706 388//706 506//706
f 389//707 506//707 554//707
f 390//708 389//708 554//708
f 390//709 554//709 507//709
f 390//710 507//710 508//710
f 391//711 390//711 508//711
f 391//712 508//712 509//712
f 392//713 391//713 509//713
f 392//714 509//714 510//714
f 393//715 510//715 511//715
f 393//716 392//716 510//716
f 393//717 511//717 512//717
f 394//718 393//718 512//718
f 394//719 512//719 513//719
f 395//720 394//720 513//720
f 395//721 513//721 514//721
f 396//722 395//722 514//722
f 396//723 514//723 515//723
f 397//724 396//724 515//724
f 397//725 515//725 555//725
f 263//408 521//408 400//408
f 400//408 521//408 516//408
f 408//726 402//726 517//726
f 408//727 262//727 402//727
f 518//728 520//728 519//728
f 519//729 520//729 407//729
f 407//730 516//730 521//730
f 520//731 516//731 407//731
f 408//732 517//732 522//732
f 409//733 408//733 522//733
f 409//734 522//734 523//734
f 410//735 409//735 523//735
f 411//736 410//736 523//736
f 411//737 523//737 524//737
f 412//738 411//738 524//738
f 412//739 524//739 525//739
f 413//740 412//740 525//740
f 413//741 525//741 526//741
f 414//742 413//742 526//742
f 414//743 526//743 527//743
f 415//744 414//744 527//744
f 415//745 527//745 528//745
f 416//746 415//746 528//746
f 417//747 416//747 528//747
f 417//748 528//748 529//748
f 418//749 417//749 529//749
f 418//750 529//750 530//750
f 419//751 418//751 530//751
f 419//752 530//752 531//752
f 419//753 531//753 518//753
f 519//754 419//754 518//754
f 279//755 533//755 422//755
f 279//755 534//755 533//755
f 430//756 424//756 535//756
f 430//757 280//757 424//757
f 546//758 532//758 440//758
f 440//759 532//759 429//759
f 429//760 533//760 534//760
f 532//761 533//761 429//761
f 430//762 535//762 537//762
f 536//763 430//763 537//763
f 431//764 536//764 537//764
f 431//765 537//765 538//765
f 432//766 431//766 538//766
f 432//767 538//767 539//767
f 433//768 432//768 539//768
f 433//769 539//769 540//769
f 434//770 540//770 541//770
f 434//771 433//771 540//771
f 435//772 434//772 541//772
f 435//773 541//773 542//773
f 436//774 435//774 542//774
f 436//775 542//775 543//775
f 437//776 436//776 543//776
f 437//777 543//777 544//777
f 438//778 437//778 544//778
f 439//779 438//779 544//779
f 439//780 544//780 545//780
f 440//781 439//781 545//781
f 440//782 545//782 546//782
f 289//783 441//783 295//783
f 295//784 441//784 442//784
f 441//785 443//785 442//785
f 442//786 443//786 547//786
f 547//787 443//787 448//787
f 448//788 443//788 449//788
f 449//789 443//789 450//789
f 450//790 443//790 451//790
f 451//791 443//791 452//791
f 452//792 443//792 453//792
f 453//793 443//793 454//793
f 454//794 443//794 455//794
f 455//795 443//795 456//795
f 443//796 457//796 456//796
f 309//797 458//797 310//797
f 310//798 458//798 462//798
f 458//799 460//799 462//799
f 462//800 460//800 548//800
f 548//801 460//801 464//801
f 464//802 460//802 466//802
f 466//803 460//803 467//803
f 467//804 460//804 549//804
f 549//805 460//805 468//805
f 468//806 460//806 470//806
f 470//807 460//807 471//807
f 471//808 460//808 472//808
f 472//808 460//808 473//808
f 473//809 460//809 474//809
f 460//810 459//810 474//810
f 329//811 475//811 331//811
f 331//812 475//812 477//812
f 475//813 476//813 477//813
f 477//814 476//814 478//814
f 478//815 476//815 479//815
f 479//816 476//816 480//816
f 480//817 476//817 481//817
f 481//818 476//818 482//818
f 482//819 476//819 484//819
f 484//820 476//820 485//820
f 485//821 476//821 486//821
f 486//822 476//822 487//822
f 476//823 488//823 487//823
f 476//824 550//824 488//824
f 354//825 489//825 357//825
f 357//826 489//826 490//826
f 489//827 491//827 490//827
f 490//828 491//828 492//828
f 492//829 491//829 494//829
f 494//830 491//830 551//830
f 551//831 491//831 495//831
f 495//832 491//832 552//832
f 552//833 491//833 496//833
f 496//834 491//834 497//834
f 497//835 491//835 499//835
f 499//836 491//836 500//836
f 491//837 501//837 500//837
f 491//838 553//838 501//838
f 377//839 502//839 379//839
f 379//840 502//840 504//840
f 502//840 503//840 504//840
f 504//841 503//841 505//841
f 505//842 503//842 506//842
f 506//843 503//843 554//843
f 554//844 503//844 507//844
f 507//845 503//845 508//845
f 508//846 503//846 509//846
f 509//847 503//847 510//847
f 510//848 503//848 511//848
f 511//849 503//849 512//849
f 512//850 503//850 513//850
f 513//851 503//851 514//851
f 503//852 515//852 514//852
f 503//853 555//853 515//853
f 400//854 516//854 402//854
f 402//855 516//855 517//855
f 516//856 520//856 517//856
f 517//856 520//856 522//856
f 522//856 520//856 523//856
f 523//856 520//856 524//856
f 524//856 520//856 525//856
f 525//856 520//856 526//856
f 526//856 520//856 527//856
f 527//857 520//857 528//857
f 528//858 520//858 529//858
f 529//856 520//856 530//856
f 520//856 531//856 530//856
f 520//856 518//856 531//856
f 422//859 533//859 424//859
f 424//860 533//860 535//860
f 533//861 532//861 535//861
f 535//862 532//862 537//862
f 537//863 532//863 538//863
f 538//864 532//864 539//864
f 539//865 532//865 540//865
f 540//866 532//866 541//866
f 541//867 532//867 542//867
f 542//868 532//868 543//868
f 543//869 532//869 544//869
f 532//870 545//870 544//870
f 532//871 546//871 545//871
f 681//872 556//872 557//872
f 556//873 558//873 557//873
f 557//874 558//874 559//874
f 558//875 560//875 559//875
f 559//876 561//876 562//876
f 560//877 561//877 559//877
f 562//878 561//878 563//878
f 561//879 564//879 563//879
f 563//880 565//880 566//880
f 564//881 565//881 563//881
f 565//882 567//882 566//882
f 566//883 567//883 568//883
f 568//884 567//884 569//884
f 567//885 570//885 569//885
f 569//886 570//886 571//886
f 571//887 572//887 573//887
f 570//888 572//888 571//888
f 573//889 574//889 575//889
f 572//890 574//890 573//890
f 574//891 576//891 575//891
f 575//892 577//892 578//892
f 576//893 577//893 575//893
f 578//894 579//894 580//894
f 577//895 579//895 578//895
f 580//896 579//896 581//896
f 579//897 582//897 581//897
f 581//898 583//898 584//898
f 582//899 583//899 581//899
f 584//900 585//900 586//900
f 583//901 585//901 584//901
f 585//902 587//902 586//902
f 586//903 587//903 588//903
f 588//904 589//904 590//904
f 587//905 589//905 588//905
f 590//906 591//906 592//906
f 589//907 591//907 590//907
f 592//908 591//908 593//908
f 591//909 594//909 593//909
f 593//910 594//910 595//910
f 594//911 596//911 595//911
f 595//912 596//912 597//912
f 596//913 598//913 597//913
f 597//914 598//914 599//914
f 598//915 600//915 599//915
f 599//916 600//916 601//916
f 600//917 602//917 601//917
f 601//918 602//918 603//918
f 602//919 604//919 603//919
f 603//920 604//920 605//920
f 604//921 606//921 605//921
f 605//922 606//922 607//922
f 607//923 608//923 609//923
f 606//924 608//924 607//924
f 608//925 610//925 609//925
f 609//926 611//926 612//926
f 610//927 611//927 609//927
f 612//928 613//928 614//928
f 611//929 613//929 612//929
f 614//930 615//930 616//930
f 613//931 615//931 614//931
f 615//932 617//932 616//932
f 616//933 618//933 619//933
f 617//934 618//934 616//934
f 618//935 620//935 619//935
f 619//936 620//936 621//936
f 620//937 622//937 621//937
f 621//938 622//938 623//938
f 623//939 622//939 624//939
f 622//940 625//940 624//940
f 624//941 625//941 626//941
f 625//942 627//942 626//942
f 626//943 627//943 628//943
f 627//944 629//944 628//944
f 628//945 629//945 630//945
f 629//946 631//946 630//946
f 631//947 632//947 630//947
f 630//948 632//948 633//948
f 632//949 634//949 633//949
f 633//950 634//950 635//950
f 634//951 636//951 635//951
f 635//952 636//952 637//952
f 637//953 636//953 638//953
f 636//954 639//954 638//954
f 638//955 640//955 641//955
f 639//956 640//956 638//956
f 641//957 642//957 643//957
f 640//958 642//958 641//958
f 642//959 644//959 643//959
f 643//960 644//960 645//960
f 644//961 646//961 645//961
f 645//962 646//962 647//962
f 646//963 648//963 647//963
f 648//964 649//964 647//964
f 647//965 649//965 650//965
f 649//966 651//966 650//966
f 650//967 651//967 652//967
f 652//968 651//968 653//968
f 651//969 654//969 653//969
f 653//970 654//970 655//970
f 655//971 656//971 657//971
f 654//972 656//972 655//972
f 657//973 658//973 659//973
f 656//974 658//974 657//974
f 659//975 660//975 661//975
f 658//976 660//976 659//976
f 661//977 660//977 662//977
f 660//978 663//978 662//978
f 662//979 664//979 665//979
f 663//980 664//980 662//980
f 665//981 664//981 666//981
f 664//982 667//982 666//982
f 666//983 667//983 668//983
f 667//984 669//984 668//984
f 668//985 669//985 670//985
f 669//986 671//986 670//986
f 670//987 671//987 672//987
f 671//988 673//988 672//988
f 672//989 673//989 674//989
f 674//990 675//990 676//990
f 673//991 675//991 674//991
f 676//992 675//992 677//992
f 675//993 678//993 677//993
f 677//994 678//994 679//994
f 679//995 680//995 681//995
f 678//996 680//996 679//996
f 680//997 556//997 681//997
f 634//91 632//91 636//91
f 632//91 639//91 636//91
f 632//91 627//91 639//91
f 631//91 627//91 632//91
f 629//91 627//91 631//91
f 627//91 625//91 639//91
f 639//91 646//91 640//91
f 642//91 646//91 644//91
f 640//91 646//91 642//91
f 622//91 620//91 625//91
f 639//91 617//91 646//91
f 625//91 617//91 639//91
f 620//91 617//91 625//91
f 646//91 617//91 648//91
f 648//91 617//91 649//91
f 618//91 617//91 620//91
f 649//91 654//91 651//91
f 615//91 613//91 617//91
f 617//91 656//91 649//91
f 649//91 656//91 654//91
f 611//91 610//91 613//91
f 610//91 608//91 613//91
f 658//91 664//91 660//91
f 656//91 664//91 658//91
f 660//91 664//91 663//91
f 617//91 664//91 656//91
f 613//91 604//91 617//91
f 608//91 604//91 613//91
f 606//91 604//91 608//91
f 617//91 604//91 664//91
f 602//91 600//91 604//91
f 664//91 596//91 667//91
f 667//91 596//91 669//91
f 604//91 596//91 664//91
f 600//91 596//91 604//91
f 598//91 596//91 600//91
f 669//91 675//91 671//91
f 671//91 675//91 673//91
f 594//91 591//91 596//91
f 589//91 587//91 591//91
f 675//91 680//91 678//91
f 680//91 558//91 556//91
f 587//91 585//91 591//91
f 680//91 560//91 558//91
f 583//91 579//91 585//91
f 582//91 579//91 583//91
f 560//91 564//91 561//91
f 675//91 564//91 680//91
f 680//91 564//91 560//91
f 669//91 564//91 675//91
f 585//91 579//91 591//91
f 596//91 579//91 669//91
f 591//91 579//91 596//91
f 579//91 565//91 669//91
f 669//91 565//91 564//91
f 577//91 567//91 579//91
f 579//91 567//91 565//91
f 572//91 570//91 574//91
f 576//91 570//91 577//91
f 577//91 570//91 567//91
f 574//91 570//91 576//91
f 638//5 635//5 637//5
f 628//5 633//5 635//5
f 628//5 630//5 633//5
f 628//5 635//5 638//5
f 628//5 638//5 641//5
f 645//5 641//5 643//5
f 626//5 628//5 641//5
f 623//5 624//5 626//5
f 650//5 641//5 645//5
f 650//5 645//5 647//5
f 619//5 621//5 623//5
f 619//5 623//5 626//5
f 653//5 650//5 652//5
f 616//5 619//5 626//5
f 657//5 653//5 655//5
f 614//5 616//5 626//5
f 657//5 650//5 653//5
f 657//5 626//5 641//5
f 657//5 641//5 650//5
f 661//5 657//5 659//5
f 607//5 609//5 612//5
f 607//5 612//5 614//5
f 662//5 657//5 661//5
f 665//5 657//5 662//5
f 665//5 626//5 657//5
f 668//5 665//5 666//5
f 670//5 665//5 668//5
f 599//5 601//5 603//5
f 672//5 614//5 626//5
f 672//5 626//5 665//5
f 672//5 665//5 670//5
f 595//5 597//5 599//5
f 676//5 672//5 674//5
f 676//5 614//5 672//5
f 592//5 593//5 595//5
f 592//5 599//5 603//5
f 592//5 595//5 599//5
f 681//5 677//5 679//5
f 557//5 676//5 677//5
f 557//5 614//5 676//5
f 557//5 677//5 681//5
f 584//5 590//5 592//5
f 584//5 588//5 590//5
f 584//5 586//5 588//5
f 581//5 584//5 592//5
f 581//5 592//5 603//5
f 563//5 614//5 557//5
f 563//5 557//5 559//5
f 563//5 559//5 562//5
f 563//5 607//5 614//5
f 563//5 605//5 607//5
f 563//5 603//5 605//5
f 580//5 581//5 603//5
f 575//5 578//5 580//5
f 568//5 563//5 566//5
f 569//5 563//5 568//5
f 573//5 603//5 563//5
f 573//5 580//5 603//5
f 573//5 575//5 580//5
f 571//5 563//5 569//5
f 571//5 573//5 563//5
f 683//998 684//998 682//998
f 682//999 685//999 686//999
f 684//1000 685//1000 682//1000
f 685//1001 687//1001 686//1001
f 688//91 692//91 689//91
f 690//91 692//91 688//91
f 693//91 692//91 690//91
f 694//91 692//91 693//91
f 683//1002 692//1002 694//1002
f 695//91 691//91 692//91
f 696//91 695//91 692//91
f 697//91 696//91 692//91
f 697//1003 692//1003 683//1003
f 698//335 697//335 683//335
f 682//1004 698//1004 683//1004
f 699//1005 701//1005 700//1005
f 699//1006 700//1006 687//1006
f 699//1007 702//1007 701//1007
f 706//1008 702//1008 699//1008
f 703//1009 704//1009 702//1009
f 703//1010 702//1010 706//1010
f 703//1011 683//1011 705//1011
f 703//1012 705//1012 704//1012
f 683//1013 703//1013 706//1013
f 684//1014 683//1014 706//1014
f 699//1015 684//1015 706//1015
f 699//1016 685//1016 684//1016
f 685//1017 699//1017 687//1017
f 707//1018 686//1018 687//1018
f 707//1019 687//1019 746//1019
f 745//1020 707//1020 746//1020
f 745//1021 746//1021 708//1021
f 745//1021 708//1021 709//1021
f 745//1022 709//1022 710//1022
f 745//1023 710//1023 711//1023
f 745//1021 711//1021 712//1021
f 745//1024 712//1024 713//1024
f 745//829 713//829 752//829
f 745//1025 752//1025 754//1025
f 745//1026 754//1026 714//1026
f 745//1027 714//1027 715//1027
f 716//1028 745//1028 715//1028
f 718//426 717//426 682//426
f 719//426 718//426 682//426
f 719//426 682//426 686//426
f 720//426 719//426 686//426
f 722//1029 691//1029 695//1029
f 722//1030 721//1030 691//1030
f 723//1031 695//1031 696//1031
f 723//1032 722//1032 695//1032
f 724//1033 723//1033 696//1033
f 724//1034 696//1034 697//1034
f 725//1035 724//1035 697//1035
f 725//1036 697//1036 698//1036
f 726//1037 725//1037 698//1037
f 698//1038 682//1038 726//1038
f 726//1039 682//1039 717//1039
f 705//1040 683//1040 727//1040
f 683//1041 694//1041 727//1041
f 727//1042 693//1042 728//1042
f 694//1043 693//1043 727//1043
f 728//1044 693//1044 729//1044
f 693//1045 690//1045 729//1045
f 729//1046 690//1046 730//1046
f 690//1047 688//1047 730//1047
f 688//1048 689//1048 730//1048
f 730//1049 689//1049 731//1049
f 735//91 808//91 732//91
f 737//91 732//91 733//91
f 736//91 734//91 735//91
f 737//91 735//91 732//91
f 737//91 736//91 735//91
f 692//91 736//91 737//91
f 740//91 689//91 692//91
f 740//91 692//91 737//91
f 741//91 738//91 739//91
f 741//91 740//91 737//91
f 741//91 737//91 738//91
f 740//91 741//91 742//91
f 692//1050 691//1050 721//1050
f 692//1051 721//1051 846//1051
f 704//1052 705//1052 717//1052
f 702//1053 717//1053 718//1053
f 702//1054 704//1054 717//1054
f 701//1055 718//1055 719//1055
f 701//1056 702//1056 718//1056
f 700//1057 701//1057 719//1057
f 700//1058 719//1058 720//1058
f 746//1059 700//1059 743//1059
f 746//1060 687//1060 700//1060
f 686//426 707//426 720//426
f 720//426 707//426 744//426
f 849//1061 847//1061 716//1061
f 716//1062 847//1062 745//1062
f 745//1063 744//1063 707//1063
f 847//1064 744//1064 745//1064
f 746//1065 743//1065 747//1065
f 708//1066 746//1066 747//1066
f 708//1067 747//1067 848//1067
f 709//1068 708//1068 848//1068
f 709//1069 848//1069 748//1069
f 710//1070 709//1070 748//1070
f 711//1071 710//1071 748//1071
f 711//1072 748//1072 749//1072
f 712//1073 711//1073 749//1073
f 712//1074 749//1074 750//1074
f 713//1075 712//1075 750//1075
f 713//1076 750//1076 751//1076
f 752//1077 713//1077 751//1077
f 752//1078 751//1078 753//1078
f 754//1079 752//1079 753//1079
f 754//1080 753//1080 755//1080
f 714//1081 754//1081 755//1081
f 714//1082 755//1082 756//1082
f 715//1083 714//1083 756//1083
f 715//1084 756//1084 757//1084
f 716//1085 715//1085 757//1085
f 716//1086 757//1086 849//1086
f 730//5 731//5 846//5
f 846//5 729//5 730//5
f 846//5 728//5 729//5
f 846//5 727//5 728//5
f 846//5 705//5 727//5
f 721//5 722//5 846//5
f 722//5 723//5 846//5
f 723//5 724//5 846//5
f 846//5 725//5 705//5
f 724//5 725//5 846//5
f 725//5 726//5 705//5
f 726//1087 717//1087 705//1087
f 731//1088 689//1088 758//1088
f 689//1089 740//1089 758//1089
f 759//91 740//91 742//91
f 760//91 740//91 759//91
f 761//91 740//91 760//91
f 763//91 740//91 761//91
f 764//1090 740//1090 763//1090
f 765//91 762//91 740//91
f 766//91 765//91 740//91
f 854//335 740//335 764//335
f 854//91 766//91 740//91
f 767//91 854//91 764//91
f 768//1091 767//1091 764//1091
f 865//1092 742//1092 769//1092
f 742//1093 741//1093 769//1093
f 739//91 770//91 741//91
f 771//91 741//91 770//91
f 773//91 741//91 771//91
f 774//91 741//91 773//91
f 775//1094 741//1094 774//1094
f 776//91 772//91 741//91
f 777//91 776//91 741//91
f 778//91 777//91 741//91
f 778//91 741//91 775//91
f 779//91 778//91 775//91
f 780//1095 779//1095 775//1095
f 781//1096 739//1096 782//1096
f 739//1097 738//1097 782//1097
f 784//91 738//91 783//91
f 737//91 783//91 738//91
f 785//91 738//91 784//91
f 787//91 738//91 785//91
f 788//91 786//91 738//91
f 789//1003 738//1003 787//1003
f 790//91 788//91 738//91
f 884//91 790//91 738//91
f 885//91 884//91 738//91
f 885//91 738//91 789//91
f 791//91 885//91 789//91
f 888//1098 791//1098 789//1098
f 792//1099 737//1099 793//1099
f 733//91 794//91 737//91
f 795//91 737//91 794//91
f 797//91 737//91 795//91
f 798//91 737//91 797//91
f 799//91 737//91 798//91
f 800//91 796//91 737//91
f 801//91 800//91 737//91
f 802//91 801//91 737//91
f 803//91 737//91 799//91
f 803//91 802//91 737//91
f 804//91 803//91 799//91
f 805//1100 804//1100 799//1100
f 913//1101 733//1101 806//1101
f 733//1102 732//1102 806//1102
f 807//91 732//91 808//91
f 809//91 732//91 807//91
f 811//91 732//91 809//91
f 812//91 732//91 811//91
f 919//91 732//91 812//91
f 813//91 810//91 732//91
f 814//91 813//91 732//91
f 815//91 814//91 732//91
f 815//91 732//91 919//91
f 816//91 815//91 919//91
f 817//1103 816//1103 919//1103
f 808//1104 735//1104 818//1104
f 734//91 819//91 735//91
f 820//91 735//91 819//91
f 821//91 735//91 820//91
f 823//91 735//91 821//91
f 824//1105 735//1105 823//1105
f 825//91 822//91 735//91
f 826//91 825//91 735//91
f 827//91 826//91 735//91
f 828//91 827//91 735//91
f 828//91 735//91 824//91
f 829//91 828//91 824//91
f 830//1106 829//1106 824//1106
f 945//1107 734//1107 831//1107
f 734//1108 736//1108 831//1108
f 833//91 832//91 736//91
f 692//91 833//91 736//91
f 834//91 736//91 832//91
f 836//91 736//91 834//91
f 837//91 736//91 836//91
f 839//91 835//91 736//91
f 838//1109 736//1109 837//1109
f 840//91 839//91 736//91
f 841//91 840//91 736//91
f 950//91 841//91 736//91
f 842//91 736//91 838//91
f 842//91 950//91 736//91
f 843//91 842//91 838//91
f 844//1110 843//1110 838//1110
f 845//1111 692//1111 846//1111
f 720//1112 744//1112 700//1112
f 700//1113 744//1113 743//1113
f 744//1114 847//1114 743//1114
f 743//444 847//444 747//444
f 747//1115 847//1115 848//1115
f 848//1116 847//1116 748//1116
f 748//1117 847//1117 749//1117
f 749//1118 847//1118 750//1118
f 750//1119 847//1119 751//1119
f 751//1120 847//1120 753//1120
f 753//1121 847//1121 755//1121
f 755//1122 847//1122 756//1122
f 847//1123 757//1123 756//1123
f 847//1124 849//1124 757//1124
f 806//5 793//5 913//5
f 945//5 831//5 818//5
f 818//5 831//5 806//5
f 806//5 792//5 793//5
f 845//5 846//5 831//5
f 831//5 846//5 806//5
f 806//5 782//5 792//5
f 846//5 782//5 806//5
f 782//5 769//5 781//5
f 731//5 758//5 846//5
f 758//5 769//5 846//5
f 846//5 769//5 782//5
f 769//5 758//5 865//5
f 740//1125 762//1125 850//1125
f 740//1126 850//1126 758//1126
f 851//1127 850//1127 762//1127
f 851//1128 762//1128 765//1128
f 852//1129 851//1129 765//1129
f 852//1130 765//1130 766//1130
f 853//1131 852//1131 766//1131
f 855//1132 766//1132 854//1132
f 855//1133 853//1133 766//1133
f 856//1134 854//1134 767//1134
f 856//1135 855//1135 854//1135
f 767//1136 768//1136 856//1136
f 856//1137 768//1137 961//1137
f 764//1138 857//1138 768//1138
f 768//1139 858//1139 859//1139
f 857//1140 858//1140 768//1140
f 860//1141 764//1141 861//1141
f 764//1142 763//1142 861//1142
f 861//1143 761//1143 862//1143
f 763//1144 761//1144 861//1144
f 862//1145 761//1145 863//1145
f 761//1146 760//1146 863//1146
f 863//1147 759//1147 864//1147
f 760//1148 759//1148 863//1148
f 759//1149 742//1149 864//1149
f 864//1150 742//1150 865//1150
f 741//1151 772//1151 866//1151
f 741//1152 866//1152 769//1152
f 867//1153 772//1153 776//1153
f 867//1154 866//1154 772//1154
f 868//1155 776//1155 777//1155
f 868//1156 867//1156 776//1156
f 869//1157 777//1157 778//1157
f 869//1158 868//1158 777//1158
f 870//1159 778//1159 779//1159
f 870//1160 869//1160 778//1160
f 779//1161 780//1161 870//1161
f 870//1162 780//1162 871//1162
f 775//1163 872//1163 780//1163
f 780//1164 873//1164 874//1164
f 872//1165 873//1165 780//1165
f 775//1166 774//1166 875//1166
f 875//1167 774//1167 876//1167
f 876//1168 773//1168 877//1168
f 774//1169 773//1169 876//1169
f 877//1170 773//1170 878//1170
f 773//1171 771//1171 878//1171
f 878//1172 771//1172 879//1172
f 879//1173 770//1173 880//1173
f 771//1174 770//1174 879//1174
f 880//1175 770//1175 781//1175
f 770//1176 739//1176 781//1176
f 738//1177 786//1177 881//1177
f 738//1178 881//1178 782//1178
f 881//1179 786//1179 788//1179
f 882//1180 881//1180 788//1180
f 882//1181 788//1181 790//1181
f 883//1182 882//1182 790//1182
f 883//1183 790//1183 884//1183
f 962//1184 884//1184 885//1184
f 962//1185 883//1185 884//1185
f 886//1186 885//1186 791//1186
f 886//1187 962//1187 885//1187
f 791//1188 887//1188 886//1188
f 791//1189 888//1189 887//1189
f 789//1190 889//1190 888//1190
f 888//1191 890//1191 891//1191
f 889//1192 890//1192 888//1192
f 890//1193 892//1193 891//1193
f 893//1194 789//1194 894//1194
f 789//1195 787//1195 894//1195
f 894//1196 787//1196 895//1196
f 787//1197 785//1197 895//1197
f 895//1198 785//1198 896//1198
f 785//1199 784//1199 896//1199
f 896//1200 784//1200 897//1200
f 784//1201 783//1201 897//1201
f 897//1202 783//1202 898//1202
f 898//1203 783//1203 792//1203
f 783//1204 737//1204 792//1204
f 737//1205 796//1205 899//1205
f 737//1206 899//1206 793//1206
f 900//1207 796//1207 800//1207
f 900//1208 899//1208 796//1208
f 900//1209 800//1209 801//1209
f 901//1210 900//1210 801//1210
f 901//1211 801//1211 802//1211
f 902//1212 901//1212 802//1212
f 902//1213 802//1213 803//1213
f 903//1214 902//1214 803//1214
f 903//1215 803//1215 804//1215
f 804//1216 805//1216 903//1216
f 903//1217 805//1217 904//1217
f 799//1218 905//1218 805//1218
f 805//1219 906//1219 907//1219
f 905//1220 906//1220 805//1220
f 908//1221 798//1221 909//1221
f 799//1222 798//1222 908//1222
f 909//1223 797//1223 910//1223
f 798//1224 797//1224 909//1224
f 910//1225 797//1225 911//1225
f 797//1226 795//1226 911//1226
f 911//1227 795//1227 912//1227
f 795//1228 794//1228 912//1228
f 912//1229 794//1229 913//1229
f 794//1230 733//1230 913//1230
f 732//1231 810//1231 914//1231
f 732//1232 914//1232 806//1232
f 963//1233 914//1233 810//1233
f 963//1234 810//1234 813//1234
f 915//1235 963//1235 813//1235
f 915//1236 813//1236 814//1236
f 916//1237 915//1237 814//1237
f 916//1238 814//1238 815//1238
f 917//1239 916//1239 815//1239
f 917//1240 815//1240 816//1240
f 918//1241 917//1241 816//1241
f 816//1242 817//1242 918//1242
f 918//1243 817//1243 964//1243
f 919//1244 920//1244 817//1244
f 817//1245 921//1245 922//1245
f 920//1246 921//1246 817//1246
f 921//1247 923//1247 922//1247
f 919//1248 812//1248 924//1248
f 924//1249 812//1249 925//1249
f 925//1250 811//1250 926//1250
f 812//1251 811//1251 925//1251
f 926//1252 811//1252 927//1252
f 811//1253 809//1253 927//1253
f 927//1254 807//1254 928//1254
f 809//1255 807//1255 927//1255
f 928//1256 807//1256 929//1256
f 807//1257 808//1257 929//1257
f 929//1258 808//1258 818//1258
f 735//1259 822//1259 930//1259
f 735//1260 930//1260 818//1260
f 931//1261 822//1261 825//1261
f 931//1262 930//1262 822//1262
f 932//1263 825//1263 826//1263
f 932//1264 931//1264 825//1264
f 933//1265 826//1265 827//1265
f 933//1266 932//1266 826//1266
f 934//1267 827//1267 828//1267
f 934//1268 933//1268 827//1268
f 935//1269 828//1269 829//1269
f 935//1270 934//1270 828//1270
f 829//1271 830//1271 935//1271
f 935//1272 830//1272 936//1272
f 824//1273 937//1273 830//1273
f 830//1274 938//1274 939//1274
f 937//1275 938//1275 830//1275
f 940//1276 824//1276 941//1276
f 824//1277 823//1277 941//1277
f 941//1278 823//1278 942//1278
f 823//1279 821//1279 942//1279
f 942//1280 821//1280 943//1280
f 943//1281 820//1281 944//1281
f 821//1282 820//1282 943//1282
f 820//1283 819//1283 944//1283
f 944//1284 819//1284 945//1284
f 819//1285 734//1285 945//1285
f 736//1286 835//1286 946//1286
f 736//1287 946//1287 831//1287
f 946//1288 835//1288 839//1288
f 947//1289 946//1289 839//1289
f 947//1290 839//1290 840//1290
f 948//1291 947//1291 840//1291
f 948//1292 840//1292 841//1292
f 949//1293 948//1293 841//1293
f 949//1294 841//1294 950//1294
f 951//1295 949//1295 950//1295
f 951//1296 950//1296 842//1296
f 952//1297 842//1297 843//1297
f 952//1298 951//1298 842//1298
f 843//1299 844//1299 952//1299
f 952//1300 844//1300 965//1300
f 838//1301 953//1301 844//1301
f 844//1302 954//1302 955//1302
f 953//1303 954//1303 844//1303
f 838//1304 837//1304 956//1304
f 956//1305 837//1305 957//1305
f 837//1306 836//1306 957//1306
f 957//1307 834//1307 958//1307
f 836//1308 834//1308 957//1308
f 958//1309 834//1309 959//1309
f 834//1310 832//1310 959//1310
f 959//1311 832//1311 960//1311
f 832//1312 833//1312 960//1312
f 960//1313 833//1313 845//1313
f 833//1314 692//1314 845//1314
f 864//5 865//5 758//5
f 758//5 863//5 864//5
f 758//5 862//5 863//5
f 758//5 861//5 862//5
f 758//1315 860//1315 861//1315
f 850//5 851//5 758//5
f 851//5 852//5 758//5
f 852//5 853//5 758//5
f 758//5 855//5 860//5
f 853//5 855//5 758//5
f 855//5 856//5 860//5
f 856//1316 961//1316 860//1316
f 880//5 781//5 769//5
f 769//5 879//5 880//5
f 769//5 878//5 879//5
f 769//5 877//5 878//5
f 769//5 876//5 877//5
f 769//5 875//5 876//5
f 866//5 867//5 769//5
f 867//5 868//5 769//5
f 868//5 869//5 769//5
f 769//5 869//5 875//5
f 869//5 870//5 875//5
f 870//1317 871//1317 875//1317
f 782//5 897//5 898//5
f 898//5 792//5 782//5
f 782//5 896//5 897//5
f 782//5 895//5 896//5
f 782//5 894//5 895//5
f 782//5 893//5 894//5
f 881//5 882//5 782//5
f 882//5 883//5 782//5
f 883//5 962//5 782//5
f 782//5 962//5 893//5
f 962//5 886//5 893//5
f 886//1318 887//1318 893//1318
f 793//5 912//5 913//5
f 793//5 911//5 912//5
f 793//5 910//5 911//5
f 793//5 909//5 910//5
f 793//1319 908//1319 909//1319
f 899//5 900//5 793//5
f 900//5 901//5 793//5
f 901//5 902//5 793//5
f 793//5 902//5 908//5
f 902//5 903//5 908//5
f 903//1320 904//1320 908//1320
f 806//5 928//5 929//5
f 929//5 818//5 806//5
f 806//5 927//5 928//5
f 806//5 926//5 927//5
f 806//5 925//5 926//5
f 806//5 924//5 925//5
f 914//5 963//5 806//5
f 963//5 915//5 806//5
f 915//5 916//5 806//5
f 806//5 917//5 924//5
f 916//5 917//5 806//5
f 917//5 918//5 924//5
f 918//1321 964//1321 924//1321
f 818//5 944//5 945//5
f 818//5 943//5 944//5
f 818//5 942//5 943//5
f 818//5 941//5 942//5
f 818//1322 940//1322 941//1322
f 930//5 931//5 818//5
f 931//5 932//5 818//5
f 932//5 933//5 818//5
f 933//5 934//5 818//5
f 818//1323 934//1323 940//1323
f 934//1324 935//1324 940//1324
f 935//1325 936//1325 940//1325
f 831//5 959//5 960//5
f 960//5 845//5 831//5
f 831//5 958//5 959//5
f 831//5 957//5 958//5
f 831//1326 956//1326 957//1326
f 946//5 947//5 831//5
f 947//5 948//5 831//5
f 948//5 949//5 831//5
f 949//5 951//5 831//5
f 831//5 951//5 956//5
f 951//5 952//5 956//5
f 952//1327 965//1327 956//1327
f 966//394 961//394 768//394
f 967//394 966//394 768//394
f 967//394 768//394 859//394
f 968//394 967//394 859//394
f 969//1328 970//1328 858//1328
f 971//1329 972//1329 969//1329
f 971//1330 973//1330 972//1330
f 974//1331 973//1331 971//1331
f 974//1332 860//1332 973//1332
f 971//1333 858//1333 857//1333
f 971//1334 969//1334 858//1334
f 974//1335 971//1335 857//1335
f 974//1336 857//1336 764//1336
f 974//1337 764//1337 860//1337
f 1122//1338 859//1338 858//1338
f 1122//1339 858//1339 975//1339
f 1120//1340 1122//1340 975//1340
f 1120//1341 975//1341 976//1341
f 1120//1342 976//1342 977//1342
f 1120//1343 977//1343 978//1343
f 1120//1344 978//1344 979//1344
f 1120//1345 979//1345 1128//1345
f 1120//1346 1128//1346 980//1346
f 1120//1347 980//1347 981//1347
f 1120//1348 981//1348 982//1348
f 1120//1349 982//1349 983//1349
f 984//1350 1120//1350 983//1350
f 985//1351 1120//1351 984//1351
f 986//374 871//374 780//374
f 987//374 986//374 780//374
f 987//374 780//374 874//374
f 988//374 987//374 874//374
f 989//1352 990//1352 873//1352
f 991//1353 992//1353 989//1353
f 991//1354 873//1354 872//1354
f 991//1355 989//1355 873//1355
f 993//1356 991//1356 872//1356
f 775//1357 993//1357 872//1357
f 994//1358 992//1358 991//1358
f 994//1359 991//1359 993//1359
f 994//1360 775//1360 875//1360
f 994//1361 993//1361 775//1361
f 1138//1362 874//1362 873//1362
f 1138//1363 873//1363 995//1363
f 996//799 1138//799 995//799
f 996//1364 995//1364 1139//1364
f 996//1365 1139//1365 1141//1365
f 996//1366 1141//1366 997//1366
f 996//1367 997//1367 998//1367
f 996//1368 998//1368 999//1368
f 996//1369 999//1369 1000//1369
f 996//1370 1000//1370 1001//1370
f 996//1371 1001//1371 1002//1371
f 996//1372 1002//1372 1003//1372
f 1004//1373 996//1373 1003//1373
f 1005//1374 996//1374 1004//1374
f 1006//1375 887//1375 888//1375
f 1006//1376 888//1376 891//1376
f 1007//1377 1006//1377 891//1377
f 1008//1378 1007//1378 891//1378
f 1009//1379 1011//1379 1010//1379
f 1009//1380 1010//1380 892//1380
f 1009//1381 1012//1381 1011//1381
f 1013//1382 889//1382 1014//1382
f 789//1383 1014//1383 889//1383
f 1009//1384 892//1384 890//1384
f 1009//1385 889//1385 1013//1385
f 1009//1386 890//1386 889//1386
f 1015//1387 893//1387 1012//1387
f 1015//1388 1012//1388 1009//1388
f 1015//1389 1009//1389 1013//1389
f 1014//1390 1015//1390 1013//1390
f 1014//1391 893//1391 1015//1391
f 1014//1392 789//1392 893//1392
f 1016//1393 891//1393 892//1393
f 1016//787 892//787 1017//787
f 1018//1394 1016//1394 1017//1394
f 1018//784 1017//784 1019//784
f 1018//1395 1019//1395 1020//1395
f 1018//1396 1020//1396 1021//1396
f 1018//1397 1021//1397 1022//1397
f 1018//1398 1022//1398 1023//1398
f 1018//796 1023//796 1024//796
f 1018//1399 1024//1399 1025//1399
f 1018//796 1025//796 1026//796
f 1018//1400 1026//1400 1027//1400
f 1018//1401 1027//1401 1028//1401
f 1029//1402 1018//1402 1028//1402
f 1030//1403 1018//1403 1029//1403
f 1031//33 904//33 805//33
f 1031//33 805//33 907//33
f 1032//33 1031//33 907//33
f 1033//33 1032//33 907//33
f 1034//1404 1035//1404 906//1404
f 1036//1405 1037//1405 1034//1405
f 1036//1406 906//1406 905//1406
f 1036//1407 1034//1407 906//1407
f 1038//1408 1036//1408 905//1408
f 799//1409 1039//1409 1038//1409
f 799//1410 1038//1410 905//1410
f 1039//1411 1037//1411 1036//1411
f 1039//1412 1036//1412 1038//1412
f 1039//1413 799//1413 908//1413
f 1166//1414 907//1414 906//1414
f 1166//1415 906//1415 1041//1415
f 1040//125 1166//125 1041//125
f 1040//125 1041//125 1042//125
f 1040//125 1042//125 1043//125
f 1040//125 1043//125 1044//125
f 1040//125 1044//125 1169//125
f 1040//125 1169//125 1045//125
f 1040//125 1045//125 1046//125
f 1040//125 1046//125 1047//125
f 1040//1416 1047//1416 1048//1416
f 1040//1417 1048//1417 1049//1417
f 1040//127 1049//127 1050//127
f 1040//125 1050//125 1051//125
f 1052//125 1040//125 1051//125
f 1053//1418 964//1418 817//1418
f 1054//1419 1053//1419 817//1419
f 1054//1420 817//1420 922//1420
f 1055//1421 1054//1421 922//1421
f 1056//1422 1057//1422 1058//1422
f 1059//1423 1061//1423 1060//1423
f 1059//1424 1060//1424 923//1424
f 1059//1425 921//1425 1058//1425
f 1059//1426 923//1426 921//1426
f 1059//1427 1062//1427 1061//1427
f 1058//1428 921//1428 920//1428
f 1058//1429 920//1429 1056//1429
f 1063//1430 920//1430 919//1430
f 1063//1431 1056//1431 920//1431
f 1057//1432 924//1432 1064//1432
f 1056//1433 1065//1433 1057//1433
f 1062//1434 1058//1434 1057//1434
f 1062//1435 1059//1435 1058//1435
f 1062//1436 1057//1436 1064//1436
f 1066//1437 1057//1437 1065//1437
f 1066//1438 924//1438 1057//1438
f 1067//33 919//33 924//33
f 1067//1439 1056//1439 1063//1439
f 1067//1440 1066//1440 1065//1440
f 1067//1441 1063//1441 919//1441
f 1067//374 924//374 1066//374
f 1067//1442 1065//1442 1056//1442
f 1178//1443 922//1443 923//1443
f 1178//1444 923//1444 1069//1444
f 1068//1445 1178//1445 1069//1445
f 1068//1446 1069//1446 1070//1446
f 1068//1447 1070//1447 1071//1447
f 1068//1448 1071//1448 1072//1448
f 1068//1449 1072//1449 1073//1449
f 1068//1450 1073//1450 1074//1450
f 1068//1451 1074//1451 1075//1451
f 1068//1446 1075//1446 1076//1446
f 1068//1446 1076//1446 1077//1446
f 1078//1452 1068//1452 1077//1452
f 1079//1453 1068//1453 1078//1453
f 1080//408 936//408 830//408
f 1081//408 1080//408 830//408
f 1081//408 830//408 939//408
f 1082//408 1081//408 939//408
f 1083//1454 1084//1454 938//1454
f 1085//1455 1086//1455 1083//1455
f 1085//1456 938//1456 937//1456
f 1085//1457 1083//1457 938//1457
f 1087//1458 1085//1458 937//1458
f 1087//1459 1088//1459 1085//1459
f 1087//1460 937//1460 824//1460
f 1087//1461 824//1461 940//1461
f 1088//1462 940//1462 1086//1462
f 1088//1463 1086//1463 1085//1463
f 1088//1464 1087//1464 940//1464
f 1192//1465 939//1465 938//1465
f 1192//1466 938//1466 1090//1466
f 1089//856 1192//856 1090//856
f 1089//1467 1090//1467 1091//1467
f 1089//1468 1091//1468 1092//1468
f 1089//1469 1092//1469 1093//1469
f 1089//1470 1093//1470 1195//1470
f 1089//1471 1195//1471 1094//1471
f 1089//1472 1094//1472 1095//1472
f 1089//1473 1095//1473 1200//1473
f 1089//1474 1200//1474 1202//1474
f 1089//1475 1202//1475 1096//1475
f 1089//1476 1096//1476 1097//1476
f 1098//1477 1089//1477 1097//1477
f 1189//1478 1089//1478 1098//1478
f 1099//1479 844//1479 955//1479
f 1099//1480 965//1480 844//1480
f 1100//1481 1099//1481 955//1481
f 1101//1482 1102//1482 954//1482
f 1103//1483 1104//1483 1101//1483
f 1103//1484 954//1484 953//1484
f 1103//1485 1101//1485 954//1485
f 1105//1486 1103//1486 953//1486
f 1105//1487 1106//1487 1103//1487
f 838//1488 1105//1488 953//1488
f 1106//1489 1107//1489 1104//1489
f 1106//1490 956//1490 1107//1490
f 1106//1491 1104//1491 1103//1491
f 1105//1492 838//1492 956//1492
f 1105//1493 956//1493 1106//1493
f 1208//1494 955//1494 954//1494
f 1208//1495 954//1495 1108//1495
f 1109//1496 1208//1496 1108//1496
f 1109//1497 1108//1497 1110//1497
f 1109//1498 1110//1498 1111//1498
f 1109//1499 1111//1499 1112//1499
f 1109//1500 1112//1500 1113//1500
f 1109//1500 1113//1500 1114//1500
f 1109//1501 1114//1501 1115//1501
f 1109//1502 1115//1502 1116//1502
f 1109//1503 1116//1503 1217//1503
f 1109//1504 1217//1504 1219//1504
f 1221//1505 1109//1505 1219//1505
f 1117//1506 1109//1506 1221//1506
f 973//1507 860//1507 961//1507
f 972//1508 961//1508 966//1508
f 972//1509 973//1509 961//1509
f 969//1510 966//1510 967//1510
f 969//1511 972//1511 966//1511
f 970//1512 969//1512 967//1512
f 970//1513 967//1513 968//1513
f 994//1514 875//1514 871//1514
f 992//1515 871//1515 986//1515
f 992//1516 994//1516 871//1516
f 989//1517 986//1517 987//1517
f 989//1518 992//1518 986//1518
f 990//1519 989//1519 987//1519
f 990//1520 987//1520 988//1520
f 1012//1521 893//1521 887//1521
f 1012//1522 887//1522 1006//1522
f 1011//1523 1012//1523 1006//1523
f 1011//1524 1006//1524 1007//1524
f 1010//1525 1011//1525 1007//1525
f 1010//1526 1007//1526 1008//1526
f 1039//1527 908//1527 904//1527
f 1037//1528 904//1528 1031//1528
f 1037//1529 1039//1529 904//1529
f 1034//1530 1031//1530 1032//1530
f 1034//1531 1037//1531 1031//1531
f 1035//1532 1034//1532 1032//1532
f 1035//1533 1032//1533 1033//1533
f 1064//1534 924//1534 964//1534
f 1062//1535 964//1535 1053//1535
f 1062//1536 1064//1536 964//1536
f 1061//1537 1053//1537 1054//1537
f 1061//1538 1062//1538 1053//1538
f 1060//1539 1061//1539 1054//1539
f 1060//1540 1054//1540 1055//1540
f 1086//1541 936//1541 1080//1541
f 1086//1542 940//1542 936//1542
f 1083//1543 1080//1543 1081//1543
f 1083//1544 1086//1544 1080//1544
f 1084//1545 1083//1545 1081//1545
f 1084//1546 1081//1546 1082//1546
f 1107//1547 956//1547 965//1547
f 1104//1548 1107//1548 965//1548
f 1104//1549 965//1549 1099//1549
f 1101//1550 1104//1550 1099//1550
f 1102//1551 1099//1551 1100//1551
f 1102//1552 1101//1552 1099//1552
f 859//394 1118//394 968//394
f 859//394 1122//394 1118//394
f 975//1553 970//1553 1119//1553
f 975//1554 858//1554 970//1554
f 1134//1555 1121//1555 985//1555
f 985//1556 1121//1556 1120//1556
f 1120//1557 1118//1557 1122//1557
f 1121//1558 1118//1558 1120//1558
f 975//1559 1119//1559 1123//1559
f 976//1560 975//1560 1123//1560
f 976//1561 1123//1561 1124//1561
f 977//1562 976//1562 1124//1562
f 977//1563 1124//1563 1125//1563
f 978//1564 977//1564 1125//1564
f 978//1565 1125//1565 1126//1565
f 979//1566 978//1566 1126//1566
f 979//1567 1126//1567 1127//1567
f 1128//1568 979//1568 1127//1568
f 1128//1569 1127//1569 1129//1569
f 980//1570 1128//1570 1129//1570
f 980//1571 1129//1571 1130//1571
f 981//1572 980//1572 1130//1572
f 981//1573 1130//1573 1131//1573
f 982//1574 981//1574 1131//1574
f 982//1575 1131//1575 1132//1575
f 983//1576 982//1576 1132//1576
f 983//1577 1132//1577 1133//1577
f 984//1578 983//1578 1133//1578
f 984//1579 1133//1579 1134//1579
f 985//1580 984//1580 1134//1580
f 874//374 1137//374 988//374
f 874//374 1138//374 1137//374
f 995//1581 990//1581 1135//1581
f 995//1582 873//1582 990//1582
f 1223//1583 1136//1583 1005//1583
f 1005//1584 1136//1584 996//1584
f 996//1585 1137//1585 1138//1585
f 1136//1586 1137//1586 996//1586
f 1139//1587 995//1587 1135//1587
f 1139//1588 1135//1588 1140//1588
f 1141//1589 1139//1589 1140//1589
f 1141//1590 1140//1590 1142//1590
f 997//1591 1141//1591 1142//1591
f 998//1592 997//1592 1142//1592
f 998//1593 1142//1593 1143//1593
f 998//1594 1143//1594 1144//1594
f 999//1595 998//1595 1144//1595
f 999//1596 1144//1596 1145//1596
f 1000//1597 999//1597 1145//1597
f 1000//1598 1145//1598 1146//1598
f 1001//1599 1000//1599 1146//1599
f 1001//1600 1146//1600 1147//1600
f 1002//1601 1001//1601 1147//1601
f 1002//1602 1147//1602 1148//1602
f 1002//1603 1148//1603 1222//1603
f 1003//1604 1002//1604 1222//1604
f 1004//1605 1003//1605 1222//1605
f 1004//1606 1222//1606 1149//1606
f 1005//1607 1004//1607 1149//1607
f 1005//1608 1149//1608 1223//1608
f 891//1609 1016//1609 1008//1609
f 1008//581 1016//581 1150//581
f 1017//1610 1010//1610 1152//1610
f 1017//1611 892//1611 1010//1611
f 1162//1612 1151//1612 1030//1612
f 1030//1613 1151//1613 1018//1613
f 1018//1614 1150//1614 1016//1614
f 1151//1615 1150//1615 1018//1615
f 1019//1616 1017//1616 1152//1616
f 1019//1617 1152//1617 1153//1617
f 1020//1618 1019//1618 1153//1618
f 1020//1619 1153//1619 1154//1619
f 1021//1620 1020//1620 1154//1620
f 1021//1621 1154//1621 1155//1621
f 1022//1622 1021//1622 1155//1622
f 1022//1623 1155//1623 1156//1623
f 1023//1624 1022//1624 1156//1624
f 1023//1625 1156//1625 1157//1625
f 1024//1626 1023//1626 1157//1626
f 1024//1627 1157//1627 1158//1627
f 1025//1628 1024//1628 1158//1628
f 1025//1629 1158//1629 1224//1629
f 1026//1630 1025//1630 1224//1630
f 1026//1631 1224//1631 1159//1631
f 1027//1632 1026//1632 1159//1632
f 1027//1633 1159//1633 1160//1633
f 1028//1634 1027//1634 1160//1634
f 1028//1635 1160//1635 1161//1635
f 1029//1636 1028//1636 1161//1636
f 1029//1637 1161//1637 1162//1637
f 1030//1638 1029//1638 1162//1638
f 907//33 1166//33 1033//33
f 1033//33 1166//33 1165//33
f 1041//1639 1035//1639 1163//1639
f 1041//1640 906//1640 1035//1640
f 1227//1641 1164//1641 1052//1641
f 1052//1642 1164//1642 1040//1642
f 1040//1643 1165//1643 1166//1643
f 1164//1644 1165//1644 1040//1644
f 1042//1645 1041//1645 1163//1645
f 1042//1646 1163//1646 1225//1646
f 1043//1647 1042//1647 1225//1647
f 1043//1648 1225//1648 1167//1648
f 1044//1649 1043//1649 1167//1649
f 1044//1650 1167//1650 1168//1650
f 1169//1651 1044//1651 1168//1651
f 1169//1652 1168//1652 1170//1652
f 1045//1653 1169//1653 1170//1653
f 1046//1654 1045//1654 1170//1654
f 1046//1655 1170//1655 1171//1655
f 1047//1656 1046//1656 1171//1656
f 1047//1657 1171//1657 1172//1657
f 1048//1658 1172//1658 1173//1658
f 1048//1659 1047//1659 1172//1659
f 1049//1660 1048//1660 1173//1660
f 1049//1661 1173//1661 1174//1661
f 1050//1662 1049//1662 1174//1662
f 1050//1663 1174//1663 1226//1663
f 1051//1664 1050//1664 1226//1664
f 1051//1665 1226//1665 1175//1665
f 1052//1666 1051//1666 1175//1666
f 1052//1667 1175//1667 1227//1667
f 922//1668 1177//1668 1055//1668
f 922//755 1178//755 1177//755
f 1069//1669 1060//1669 1179//1669
f 1069//1670 923//1670 1060//1670
f 1230//1671 1176//1671 1079//1671
f 1079//1672 1176//1672 1068//1672
f 1068//1673 1177//1673 1178//1673
f 1176//1674 1177//1674 1068//1674
f 1069//1675 1179//1675 1180//1675
f 1070//1676 1069//1676 1180//1676
f 1070//1677 1180//1677 1228//1677
f 1071//1678 1070//1678 1228//1678
f 1072//1679 1071//1679 1228//1679
f 1072//1680 1228//1680 1181//1680
f 1073//1681 1072//1681 1181//1681
f 1073//1682 1181//1682 1182//1682
f 1073//1683 1182//1683 1183//1683
f 1074//1684 1073//1684 1183//1684
f 1074//1685 1183//1685 1184//1685
f 1075//1686 1184//1686 1185//1686
f 1075//1687 1074//1687 1184//1687
f 1075//1688 1185//1688 1186//1688
f 1076//1689 1075//1689 1186//1689
f 1077//1690 1076//1690 1186//1690
f 1077//1691 1186//1691 1229//1691
f 1078//1692 1077//1692 1229//1692
f 1078//1693 1229//1693 1187//1693
f 1078//1694 1187//1694 1230//1694
f 1079//1695 1078//1695 1230//1695
f 939//408 1192//408 1082//408
f 1082//408 1192//408 1191//408
f 1090//1696 1084//1696 1193//1696
f 1090//1697 938//1697 1084//1697
f 1188//1698 1190//1698 1189//1698
f 1189//1699 1190//1699 1089//1699
f 1089//1700 1191//1700 1192//1700
f 1190//1701 1191//1701 1089//1701
f 1091//1702 1090//1702 1193//1702
f 1091//1703 1193//1703 1194//1703
f 1092//1704 1091//1704 1194//1704
f 1092//1705 1194//1705 1231//1705
f 1093//1706 1092//1706 1231//1706
f 1195//1707 1093//1707 1231//1707
f 1195//1708 1231//1708 1196//1708
f 1195//1709 1196//1709 1197//1709
f 1094//1710 1195//1710 1197//1710
f 1094//1711 1197//1711 1198//1711
f 1095//1712 1094//1712 1198//1712
f 1095//1713 1198//1713 1199//1713
f 1200//1714 1199//1714 1201//1714
f 1200//1715 1095//1715 1199//1715
f 1202//1716 1200//1716 1201//1716
f 1202//1717 1201//1717 1203//1717
f 1096//1718 1202//1718 1203//1718
f 1096//1719 1203//1719 1232//1719
f 1097//1720 1096//1720 1232//1720
f 1097//1721 1232//1721 1204//1721
f 1098//1722 1097//1722 1204//1722
f 1098//1723 1204//1723 1188//1723
f 1189//1724 1098//1724 1188//1724
f 955//1725 1207//1725 1100//1725
f 955//455 1208//455 1207//455
f 1108//1726 1102//1726 1205//1726
f 1108//1727 954//1727 1102//1727
f 1233//1728 1206//1728 1117//1728
f 1117//1729 1206//1729 1109//1729
f 1109//1730 1207//1730 1208//1730
f 1206//1731 1207//1731 1109//1731
f 1108//1732 1205//1732 1209//1732
f 1110//1733 1108//1733 1209//1733
f 1110//1734 1209//1734 1210//1734
f 1111//1735 1110//1735 1210//1735
f 1111//1736 1210//1736 1211//1736
f 1111//1737 1211//1737 1212//1737
f 1112//1738 1111//1738 1212//1738
f 1113//1739 1112//1739 1212//1739
f 1113//1740 1212//1740 1213//1740
f 1114//1741 1213//1741 1214//1741
f 1114//1742 1113//1742 1213//1742
f 1115//1743 1114//1743 1214//1743
f 1115//1744 1214//1744 1215//1744
f 1116//1745 1115//1745 1215//1745
f 1116//1746 1215//1746 1216//1746
f 1217//1747 1116//1747 1216//1747
f 1217//1748 1216//1748 1218//1748
f 1219//1749 1217//1749 1218//1749
f 1219//1750 1218//1750 1220//1750
f 1221//1751 1219//1751 1220//1751
f 1221//1752 1220//1752 1233//1752
f 1117//1753 1221//1753 1233//1753
f 968//1754 1118//1754 970//1754
f 970//1755 1118//1755 1119//1755
f 1118//1756 1121//1756 1119//1756
f 1119//1757 1121//1757 1123//1757
f 1123//1758 1121//1758 1124//1758
f 1124//1756 1121//1756 1125//1756
f 1125//1759 1121//1759 1126//1759
f 1126//1760 1121//1760 1127//1760
f 1127//1761 1121//1761 1129//1761
f 1129//1762 1121//1762 1130//1762
f 1130//1763 1121//1763 1131//1763
f 1131//1764 1121//1764 1132//1764
f 1132//1765 1121//1765 1133//1765
f 1121//1766 1134//1766 1133//1766
f 988//1767 1137//1767 990//1767
f 990//1768 1137//1768 1135//1768
f 1137//391 1136//391 1135//391
f 1135//1769 1136//1769 1140//1769
f 1140//1770 1136//1770 1142//1770
f 1142//1771 1136//1771 1143//1771
f 1143//1772 1136//1772 1144//1772
f 1144//1773 1136//1773 1145//1773
f 1145//1774 1136//1774 1146//1774
f 1146//1775 1136//1775 1147//1775
f 1147//1776 1136//1776 1148//1776
f 1148//1777 1136//1777 1222//1777
f 1136//1778 1149//1778 1222//1778
f 1136//1779 1223//1779 1149//1779
f 1008//1780 1150//1780 1010//1780
f 1010//1781 1150//1781 1152//1781
f 1150//365 1151//365 1152//365
f 1152//1782 1151//1782 1153//1782
f 1153//365 1151//365 1154//365
f 1154//1783 1151//1783 1155//1783
f 1155//1784 1151//1784 1156//1784
f 1156//1785 1151//1785 1157//1785
f 1157//1786 1151//1786 1158//1786
f 1158//1787 1151//1787 1224//1787
f 1224//1788 1151//1788 1159//1788
f 1159//1789 1151//1789 1160//1789
f 1151//1790 1161//1790 1160//1790
f 1151//1790 1162//1790 1161//1790
f 1033//1791 1165//1791 1035//1791
f 1035//1792 1165//1792 1163//1792
f 1165//1793 1164//1793 1163//1793
f 1163//23 1164//23 1225//23
f 1225//1794 1164//1794 1167//1794
f 1167//1795 1164//1795 1168//1795
f 1168//1796 1164//1796 1170//1796
f 1170//1797 1164//1797 1171//1797
f 1171//1798 1164//1798 1172//1798
f 1172//1799 1164//1799 1173//1799
f 1173//1800 1164//1800 1174//1800
f 1174//1801 1164//1801 1226//1801
f 1164//1802 1175//1802 1226//1802
f 1164//1803 1227//1803 1175//1803
f 1055//1804 1177//1804 1060//1804
f 1060//1805 1177//1805 1179//1805
f 1177//1806 1176//1806 1179//1806
f 1179//1807 1176//1807 1180//1807
f 1180//1808 1176//1808 1228//1808
f 1228//1809 1176//1809 1181//1809
f 1181//1810 1176//1810 1182//1810
f 1182//1811 1176//1811 1183//1811
f 1183//1812 1176//1812 1184//1812
f 1184//1813 1176//1813 1185//1813
f 1185//1814 1176//1814 1186//1814
f 1186//1815 1176//1815 1229//1815
f 1176//1816 1187//1816 1229//1816
f 1176//1817 1230//1817 1187//1817
f 1082//1818 1191//1818 1084//1818
f 1084//1819 1191//1819 1193//1819
f 1191//499 1190//499 1193//499
f 1193//499 1190//499 1194//499
f 1194//1820 1190//1820 1231//1820
f 1231//499 1190//499 1196//499
f 1196//1821 1190//1821 1197//1821
f 1197//1822 1190//1822 1198//1822
f 1198//1823 1190//1823 1199//1823
f 1199//499 1190//499 1201//499
f 1201//499 1190//499 1203//499
f 1203//1824 1190//1824 1232//1824
f 1232//1825 1190//1825 1204//1825
f 1190//1826 1188//1826 1204//1826
f 1100//1827 1207//1827 1102//1827
f 1102//1828 1207//1828 1205//1828
f 1207//1829 1206//1829 1205//1829
f 1205//476 1206//476 1209//476
f 1209//476 1206//476 1210//476
f 1210//1830 1206//1830 1211//1830
f 1211//1831 1206//1831 1212//1831
f 1212//1832 1206//1832 1213//1832
f 1213//1833 1206//1833 1214//1833
f 1214//1834 1206//1834 1215//1834
f 1215//1835 1206//1835 1216//1835
f 1216//1836 1206//1836 1218//1836
f 1218//1837 1206//1837 1220//1837
f 1206//475 1233//475 1220//475
f 1234//1838 1235//1838 1236//1838
f 1236//1839 1237//1839 1238//1839
f 1235//1840 1237//1840 1236//1840
f 1238//1841 1239//1841 1240//1841
f 1237//1842 1239//1842 1238//1842
f 1240//1843 1239//1843 1241//1843
f 1239//1844 1242//1844 1241//1844
f 1241//1845 1242//1845 1243//1845
f 1242//1846 1244//1846 1243//1846
f 1243//1847 1244//1847 1245//1847
f 1244//1848 1246//1848 1245//1848
f 1245//1849 1246//1849 1247//1849
f 1246//1850 1248//1850 1247//1850
f 1247//1851 1248//1851 1249//1851
f 1248//1852 1250//1852 1249//1852
f 1249//1853 1251//1853 1252//1853
f 1250//1854 1251//1854 1249//1854
f 1252//1855 1253//1855 1254//1855
f 1251//1856 1253//1856 1252//1856
f 1253//1857 1255//1857 1254//1857
f 1254//1858 1255//1858 1256//1858
f 1256//1859 1257//1859 1258//1859
f 1255//1860 1257//1860 1256//1860
f 1257//1861 1259//1861 1258//1861
f 1258//1862 1259//1862 1260//1862
f 1259//1863 1261//1863 1260//1863
f 1260//1864 1261//1864 1262//1864
f 1262//1865 1263//1865 1264//1865
f 1261//1866 1263//1866 1262//1866
f 1264//1867 1265//1867 1266//1867
f 1263//1868 1265//1868 1264//1868
f 1265//1869 1267//1869 1266//1869
f 1266//1870 1267//1870 1268//1870
f 1268//1871 1269//1871 1270//1871
f 1267//1872 1269//1872 1268//1872
f 1269//1873 1271//1873 1270//1873
f 1270//1874 1271//1874 1272//1874
f 1272//1875 1271//1875 1273//1875
f 1271//1876 1274//1876 1273//1876
f 1273//1877 1274//1877 1275//1877
f 1274//1878 1276//1878 1275//1878
f 1276//1879 1277//1879 1275//1879
f 1275//1880 1277//1880 1278//1880
f 1278//1881 1277//1881 1279//1881
f 1277//1882 1280//1882 1279//1882
f 1279//1883 1280//1883 1281//1883
f 1280//1884 1282//1884 1281//1884
f 1281//1885 1282//1885 1283//1885
f 1282//1886 1284//1886 1283//1886
f 1283//1887 1284//1887 1285//1887
f 1285//1888 1286//1888 1287//1888
f 1284//1889 1286//1889 1285//1889
f 1286//1890 1288//1890 1287//1890
f 1287//1891 1289//1891 1290//1891
f 1288//1892 1289//1892 1287//1892
f 1290//1893 1291//1893 1292//1893
f 1289//1894 1291//1894 1290//1894
f 1292//1895 1293//1895 1294//1895
f 1291//1896 1293//1896 1292//1896
f 1294//1897 1295//1897 1296//1897
f 1293//1898 1295//1898 1294//1898
f 1295//1899 1297//1899 1296//1899
f 1296//1900 1297//1900 1298//1900
f 1297//1901 1299//1901 1298//1901
f 1298//1902 1299//1902 1300//1902
f 1300//1903 1299//1903 1301//1903
f 1299//1904 1302//1904 1301//1904
f 1301//1905 1302//1905 1303//1905
f 1302//1906 1304//1906 1303//1906
f 1303//1907 1304//1907 1305//1907
f 1304//1908 1306//1908 1305//1908
f 1305//1909 1306//1909 1307//1909
f 1306//1910 1308//1910 1307//1910
f 1307//1911 1308//1911 1309//1911
f 1308//1912 1310//1912 1309//1912
f 1309//1913 1310//1913 1311//1913
f 1310//1914 1312//1914 1311//1914
f 1311//1915 1312//1915 1313//1915
f 1312//1916 1314//1916 1313//1916
f 1313//1917 1314//1917 1315//1917
f 1314//1918 1316//1918 1315//1918
f 1315//1919 1316//1919 1317//1919
f 1317//1920 1318//1920 1319//1920
f 1316//1921 1318//1921 1317//1921
f 1319//1922 1318//1922 1320//1922
f 1320//1923 1321//1923 1322//1923
f 1318//1924 1321//1924 1320//1924
f 1321//1925 1323//1925 1322//1925
f 1322//1926 1323//1926 1324//1926
f 1323//1927 1325//1927 1324//1927
f 1324//1928 1325//1928 1326//1928
f 1325//1929 1327//1929 1326//1929
f 1326//1930 1327//1930 1328//1930
f 1328//1931 1327//1931 1329//1931
f 1327//1932 1330//1932 1329//1932
f 1329//1933 1330//1933 1331//1933
f 1330//1934 1332//1934 1331//1934
f 1331//1935 1332//1935 1333//1935
f 1333//1936 1332//1936 1334//1936
f 1332//1937 1335//1937 1334//1937
f 1334//1938 1336//1938 1337//1938
f 1335//1939 1336//1939 1334//1939
f 1337//1940 1338//1940 1339//1940
f 1336//1941 1338//1941 1337//1941
f 1338//1942 1340//1942 1339//1942
f 1339//1943 1340//1943 1341//1943
f 1340//1944 1342//1944 1341//1944
f 1341//1945 1342//1945 1343//1945
f 1342//1946 1344//1946 1343//1946
f 1343//1947 1344//1947 1345//1947
f 1344//1948 1346//1948 1345//1948
f 1345//1949 1346//1949 1347//1949
f 1346//1950 1348//1950 1347//1950
f 1347//1951 1348//1951 1349//1951
f 1348//1952 1350//1952 1349//1952
f 1349//1953 1351//1953 1352//1953
f 1350//1954 1351//1954 1349//1954
f 1352//1955 1351//1955 1353//1955
f 1353//1956 1354//1956 1355//1956
f 1351//1957 1354//1957 1353//1957
f 1355//1958 1354//1958 1356//1958
f 1354//1959 1357//1959 1356//1959
f 1356//1960 1357//1960 1358//1960
f 1357//1961 1234//1961 1358//1961
f 1358//1962 1234//1962 1236//1962
f 1314//5 1359//5 1360//5
f 1312//5 1359//5 1314//5
f 1314//5 1360//5 1316//5
f 1310//5 1359//5 1312//5
f 1360//5 1361//5 1316//5
f 1316//5 1361//5 1318//5
f 1308//5 1359//5 1310//5
f 1308//5 1362//5 1359//5
f 1318//5 1361//5 1321//5
f 1306//5 1362//5 1308//5
f 1321//5 1361//5 1323//5
f 1304//5 1362//5 1306//5
f 1323//5 1363//5 1325//5
f 1361//5 1363//5 1323//5
f 1304//5 1364//5 1362//5
f 1302//5 1364//5 1304//5
f 1325//5 1363//5 1327//5
f 1299//5 1364//5 1302//5
f 1297//5 1364//5 1299//5
f 1363//5 1365//5 1327//5
f 1327//5 1365//5 1330//5
f 1297//5 1366//5 1364//5
f 1293//5 1366//5 1295//5
f 1295//5 1366//5 1297//5
f 1330//5 1365//5 1332//5
f 1293//5 1367//5 1366//5
f 1332//5 1365//5 1335//5
f 1291//5 1367//5 1293//5
f 1365//5 1368//5 1335//5
f 1289//5 1367//5 1291//5
f 1335//5 1368//5 1336//5
f 1288//5 1369//5 1289//5
f 1289//5 1369//5 1367//5
f 1336//5 1368//5 1338//5
f 1338//5 1370//5 1340//5
f 1368//5 1370//5 1338//5
f 1286//5 1371//5 1288//5
f 1288//5 1371//5 1369//5
f 1284//5 1371//5 1286//5
f 1340//5 1370//5 1342//5
f 1370//5 1372//5 1342//5
f 1282//5 1371//5 1284//5
f 1282//5 1373//5 1371//5
f 1342//5 1372//5 1344//5
f 1280//5 1373//5 1282//5
f 1374//5 1346//5 1372//5
f 1372//5 1346//5 1344//5
f 1373//5 1280//5 1375//5
f 1280//5 1277//5 1375//5
f 1374//5 1348//5 1346//5
f 1277//5 1276//5 1375//5
f 1374//5 1350//5 1348//5
f 1376//5 1350//5 1374//5
f 1276//5 1274//5 1375//5
f 1375//5 1274//5 1377//5
f 1376//5 1351//5 1350//5
f 1274//5 1271//5 1377//5
f 1378//5 1351//5 1376//5
f 1378//5 1354//5 1351//5
f 1377//5 1269//5 1379//5
f 1271//5 1269//5 1377//5
f 1380//5 1354//5 1378//5
f 1269//5 1267//5 1379//5
f 1380//5 1357//5 1354//5
f 1379//5 1267//5 1381//5
f 1382//5 1234//5 1380//5
f 1380//5 1234//5 1357//5
f 1267//5 1265//5 1381//5
f 1381//5 1263//5 1383//5
f 1265//5 1263//5 1381//5
f 1382//5 1235//5 1234//5
f 1263//5 1261//5 1383//5
f 1382//5 1237//5 1235//5
f 1384//5 1237//5 1382//5
f 1384//5 1239//5 1237//5
f 1261//5 1259//5 1383//5
f 1383//5 1259//5 1385//5
f 1384//5 1242//5 1239//5
f 1259//5 1257//5 1385//5
f 1386//5 1242//5 1384//5
f 1257//5 1255//5 1385//5
f 1386//5 1244//5 1242//5
f 1385//5 1255//5 1387//5
f 1388//5 1246//5 1386//5
f 1386//5 1246//5 1244//5
f 1255//5 1253//5 1387//5
f 1253//5 1251//5 1387//5
f 1388//5 1248//5 1246//5
f 1387//5 1250//5 1388//5
f 1251//5 1250//5 1387//5
f 1388//5 1250//5 1248//5
f 1389//91 1313//91 1315//91
f 1390//91 1389//91 1315//91
f 1389//91 1311//91 1313//91
f 1390//91 1315//91 1317//91
f 1391//91 1390//91 1317//91
f 1392//91 1311//91 1389//91
f 1392//91 1309//91 1311//91
f 1391//91 1317//91 1319//91
f 1392//91 1307//91 1309//91
f 1393//91 1391//91 1319//91
f 1393//91 1319//91 1320//91
f 1394//91 1307//91 1392//91
f 1394//91 1305//91 1307//91
f 1393//91 1320//91 1322//91
f 1395//91 1393//91 1322//91
f 1395//91 1322//91 1324//91
f 1396//91 1303//91 1305//91
f 1396//91 1305//91 1394//91
f 1395//91 1324//91 1326//91
f 1395//91 1326//91 1328//91
f 1396//91 1301//91 1303//91
f 1397//91 1395//91 1328//91
f 1397//91 1328//91 1329//91
f 1398//91 1300//91 1301//91
f 1398//91 1301//91 1396//91
f 1398//91 1298//91 1300//91
f 1397//91 1329//91 1331//91
f 1399//91 1298//91 1398//91
f 1400//91 1397//91 1331//91
f 1399//91 1296//91 1298//91
f 1400//91 1331//91 1333//91
f 1401//91 1400//91 1333//91
f 1402//91 1296//91 1399//91
f 1402//91 1294//91 1296//91
f 1403//91 1401//91 1333//91
f 1403//91 1333//91 1334//91
f 1404//91 1294//91 1402//91
f 1404//91 1292//91 1294//91
f 1404//91 1290//91 1292//91
f 1405//91 1334//91 1337//91
f 1405//91 1403//91 1334//91
f 1406//91 1290//91 1404//91
f 1406//91 1287//91 1290//91
f 1407//91 1337//91 1339//91
f 1407//91 1405//91 1337//91
f 1406//91 1285//91 1287//91
f 1407//91 1339//91 1341//91
f 1408//91 1283//91 1285//91
f 1408//91 1285//91 1406//91
f 1409//91 1341//91 1343//91
f 1409//91 1407//91 1341//91
f 1408//91 1281//91 1283//91
f 1408//91 1279//91 1281//91
f 1410//91 1343//91 1345//91
f 1410//91 1409//91 1343//91
f 1279//91 1408//91 1411//91
f 1347//91 1410//91 1345//91
f 1347//91 1412//91 1410//91
f 1278//91 1411//91 1413//91
f 1278//91 1279//91 1411//91
f 1275//91 1278//91 1413//91
f 1349//91 1412//91 1347//91
f 1349//91 1414//91 1412//91
f 1275//91 1413//91 1415//91
f 1273//91 1415//91 1416//91
f 1273//91 1275//91 1415//91
f 1352//91 1414//91 1349//91
f 1272//91 1416//91 1417//91
f 1272//91 1273//91 1416//91
f 1353//91 1418//91 1414//91
f 1353//91 1414//91 1352//91
f 1270//91 1272//91 1417//91
f 1355//91 1419//91 1418//91
f 1355//91 1418//91 1353//91
f 1356//91 1419//91 1355//91
f 1268//91 1270//91 1417//91
f 1268//91 1417//91 1420//91
f 1358//91 1419//91 1356//91
f 1266//91 1268//91 1420//91
f 1358//91 1421//91 1419//91
f 1264//91 1266//91 1420//91
f 1236//91 1421//91 1358//91
f 1236//91 1422//91 1421//91
f 1264//91 1420//91 1423//91
f 1262//91 1264//91 1423//91
f 1238//91 1424//91 1422//91
f 1238//91 1422//91 1236//91
f 1260//91 1262//91 1423//91
f 1260//91 1423//91 1425//91
f 1240//91 1424//91 1238//91
f 1240//91 1426//91 1424//91
f 1258//91 1260//91 1425//91
f 1241//91 1426//91 1240//91
f 1258//91 1425//91 1427//91
f 1241//91 1428//91 1426//91
f 1258//91 1427//91 1429//91
f 1243//91 1428//91 1241//91
f 1256//91 1258//91 1429//91
f 1254//91 1256//91 1429//91
f 1245//91 1428//91 1243//91
f 1245//91 1430//91 1428//91
f 1254//91 1429//91 1431//91
f 1252//91 1254//91 1431//91
f 1247//91 1430//91 1245//91
f 1247//91 1432//91 1430//91
f 1252//91 1431//91 1433//91
f 1249//91 1433//91 1432//91
f 1249//91 1432//91 1247//91
f 1249//91 1252//91 1433//91
f 1462//1963 1434//1963 1382//1963
f 1382//1964 1434//1964 1384//1964
f 1434//1965 1435//1965 1384//1965
f 1435//1966 1436//1966 1384//1966
f 1384//1967 1436//1967 1386//1967
f 1436//1968 1437//1968 1386//1968
f 1386//1969 1437//1969 1388//1969
f 1437//1970 1438//1970 1388//1970
f 1388//1971 1438//1971 1387//1971
f 1438//1972 1439//1972 1387//1972
f 1387//1973 1439//1973 1385//1973
f 1439//1974 1440//1974 1385//1974
f 1385//1975 1440//1975 1383//1975
f 1383//1976 1441//1976 1381//1976
f 1440//1977 1441//1977 1383//1977
f 1381//1978 1441//1978 1379//1978
f 1441//1979 1442//1979 1379//1979
f 1379//1980 1442//1980 1377//1980
f 1442//1981 1443//1981 1377//1981
f 1377//1982 1443//1982 1375//1982
f 1443//1983 1444//1983 1375//1983
f 1375//1984 1444//1984 1373//1984
f 1444//1985 1445//1985 1373//1985
f 1373//1986 1445//1986 1371//1986
f 1445//1987 1446//1987 1371//1987
f 1371//1988 1446//1988 1369//1988
f 1446//1989 1447//1989 1369//1989
f 1369//1990 1447//1990 1367//1990
f 1367//1991 1448//1991 1366//1991
f 1447//1992 1448//1992 1367//1992
f 1366//1993 1448//1993 1364//1993
f 1448//1994 1449//1994 1364//1994
f 1364//1995 1449//1995 1362//1995
f 1449//1996 1450//1996 1362//1996
f 1450//1997 1451//1997 1362//1997
f 1362//1998 1451//1998 1359//1998
f 1451//1999 1452//1999 1359//1999
f 1359//2000 1452//2000 1360//2000
f 1452//2001 1453//2001 1360//2001
f 1360//2002 1453//2002 1361//2002
f 1453//2003 1454//2003 1361//2003
f 1361//2004 1454//2004 1363//2004
f 1454//2005 1455//2005 1363//2005
f 1363//2006 1455//2006 1365//2006
f 1455//2007 1456//2007 1365//2007
f 1365//2008 1456//2008 1368//2008
f 1456//2009 1457//2009 1368//2009
f 1368//2010 1457//2010 1370//2010
f 1457//2011 1458//2011 1370//2011
f 1370//2012 1458//2012 1372//2012
f 1458//2013 1459//2013 1372//2013
f 1372//2014 1459//2014 1374//2014
f 1459//2015 1460//2015 1374//2015
f 1374//2016 1460//2016 1376//2016
f 1376//2017 1460//2017 1378//2017
f 1460//2018 1461//2018 1378//2018
f 1378//2019 1461//2019 1380//2019
f 1461//2020 1462//2020 1380//2020
f 1380//2021 1462//2021 1382//2021
f 1421//2022 1422//2022 1463//2022
f 1463//2023 1422//2023 1464//2023
f 1422//2024 1424//2024 1464//2024
f 1464//2025 1424//2025 1465//2025
f 1424//2026 1426//2026 1465//2026
f 1465//2027 1428//2027 1466//2027
f 1426//2028 1428//2028 1465//2028
f 1428//2029 1430//2029 1466//2029
f 1466//2030 1430//2030 1467//2030
f 1430//2031 1432//2031 1467//2031
f 1467//2032 1432//2032 1468//2032
f 1432//2033 1433//2033 1468//2033
f 1433//2034 1431//2034 1468//2034
f 1468//2035 1431//2035 1469//2035
f 1431//2036 1429//2036 1469//2036
f 1469//2037 1429//2037 1470//2037
f 1429//2038 1427//2038 1470//2038
f 1427//2039 1425//2039 1470//2039
f 1470//2040 1425//2040 1471//2040
f 1425//2041 1423//2041 1471//2041
f 1471//2042 1423//2042 1472//2042
f 1472//2043 1423//2043 1473//2043
f 1423//2044 1420//2044 1473//2044
f 1473//2045 1420//2045 1474//2045
f 1420//2046 1417//2046 1474//2046
f 1474//2047 1417//2047 1475//2047
f 1417//2048 1416//2048 1475//2048
f 1475//2049 1416//2049 1476//2049
f 1416//2050 1415//2050 1476//2050
f 1476//2051 1415//2051 1477//2051
f 1415//2052 1413//2052 1477//2052
f 1477//2053 1413//2053 1478//2053
f 1413//2054 1411//2054 1478//2054
f 1411//2055 1408//2055 1478//2055
f 1478//2056 1408//2056 1479//2056
f 1479//2057 1408//2057 1480//2057
f 1408//2058 1406//2058 1480//2058
f 1480//2059 1406//2059 1481//2059
f 1481//2060 1406//2060 1482//2060
f 1406//2061 1404//2061 1482//2061
f 1482//2062 1402//2062 1483//2062
f 1404//2063 1402//2063 1482//2063
f 1402//2064 1399//2064 1483//2064
f 1483//2065 1399//2065 1484//2065
f 1399//2066 1398//2066 1484//2066
f 1484//2067 1398//2067 1485//2067
f 1398//2068 1396//2068 1485//2068
f 1485//2069 1396//2069 1486//2069
f 1396//2070 1394//2070 1486//2070
f 1486//2071 1394//2071 1487//2071
f 1394//2072 1392//2072 1487//2072
f 1487//2073 1392//2073 1488//2073
f 1392//2074 1389//2074 1488//2074
f 1488//2075 1389//2075 1489//2075
f 1389//2076 1390//2076 1489//2076
f 1489//2077 1390//2077 1490//2077
f 1390//2078 1391//2078 1490//2078
f 1490//2079 1391//2079 1491//2079
f 1391//2080 1393//2080 1491//2080
f 1491//2081 1393//2081 1492//2081
f 1393//2082 1395//2082 1492//2082
f 1492//2083 1395//2083 1493//2083
f 1395//2084 1397//2084 1493//2084
f 1493//2085 1397//2085 1494//2085
f 1397//2086 1400//2086 1494//2086
f 1494//2087 1400//2087 1495//2087
f 1400//2088 1401//2088 1495//2088
f 1495//2089 1401//2089 1496//2089
f 1401//2090 1403//2090 1496//2090
f 1496//2091 1403//2091 1497//2091
f 1403//2092 1405//2092 1497//2092
f 1497//2093 1405//2093 1498//2093
f 1405//2094 1407//2094 1498//2094
f 1498//2095 1407//2095 1499//2095
f 1499//2096 1409//2096 1500//2096
f 1407//2097 1409//2097 1499//2097
f 1409//2098 1410//2098 1500//2098
f 1500//2099 1410//2099 1501//2099
f 1410//2100 1412//2100 1501//2100
f 1501//2101 1412//2101 1502//2101
f 1412//2102 1414//2102 1502//2102
f 1502//2103 1414//2103 1503//2103
f 1414//2104 1418//2104 1503//2104
f 1503//2105 1418//2105 1504//2105
f 1418//2106 1419//2106 1504//2106
f 1504//2107 1419//2107 1505//2107
f 1419//2108 1421//2108 1505//2108
f 1505//2109 1421//2109 1463//2109
f 1451//91 1489//91 1452//91
f 1451//91 1488//91 1489//91
f 1453//91 1452//91 1489//91
f 1453//91 1489//91 1490//91
f 1451//91 1487//91 1488//91
f 1453//91 1490//91 1491//91
f 1450//91 1487//91 1451//91
f 1454//91 1453//91 1491//91
f 1454//91 1491//91 1492//91
f 1450//91 1486//91 1487//91
f 1449//91 1486//91 1450//91
f 1454//91 1492//91 1493//91
f 1455//91 1454//91 1493//91
f 1449//91 1485//91 1486//91
f 1455//91 1493//91 1494//91
f 1448//91 1485//91 1449//91
f 1448//91 1484//91 1485//91
f 1455//91 1494//91 1495//91
f 1456//91 1455//91 1495//91
f 1448//91 1483//91 1484//91
f 1456//91 1495//91 1496//91
f 1447//91 1483//91 1448//91
f 1447//91 1482//91 1483//91
f 1456//91 1496//91 1497//91
f 1457//91 1456//91 1497//91
f 1457//91 1497//91 1498//91
f 1446//91 1482//91 1447//91
f 1446//91 1481//91 1482//91
f 1457//91 1498//91 1499//91
f 1446//91 1480//91 1481//91
f 1458//91 1457//91 1499//91
f 1445//91 1480//91 1446//91
f 1458//91 1499//91 1500//91
f 1445//91 1479//91 1480//91
f 1459//91 1458//91 1500//91
f 1478//91 1445//91 1444//91
f 1478//91 1479//91 1445//91
f 1501//91 1459//91 1500//91
f 1502//91 1459//91 1501//91
f 1502//91 1460//91 1459//91
f 1477//91 1478//91 1444//91
f 1477//91 1444//91 1443//91
f 1476//91 1443//91 1442//91
f 1476//91 1477//91 1443//91
f 1503//91 1460//91 1502//91
f 1475//91 1476//91 1442//91
f 1503//91 1461//91 1460//91
f 1504//91 1461//91 1503//91
f 1474//91 1442//91 1441//91
f 1474//91 1475//91 1442//91
f 1504//91 1462//91 1461//91
f 1505//91 1462//91 1504//91
f 1473//91 1474//91 1441//91
f 1463//91 1462//91 1505//91
f 1463//91 1434//91 1462//91
f 1472//91 1473//91 1441//91
f 1472//91 1441//91 1440//91
f 1464//91 1435//91 1434//91
f 1464//91 1434//91 1463//91
f 1471//91 1472//91 1440//91
f 1465//91 1435//91 1464//91
f 1470//91 1471//91 1440//91
f 1465//91 1436//91 1435//91
f 1470//91 1440//91 1439//91
f 1466//91 1436//91 1465//91
f 1469//91 1470//91 1439//91
f 1466//91 1437//91 1436//91
f 1467//91 1437//91 1466//91
f 1468//91 1469//91 1439//91
f 1468//91 1439//91 1438//91
f 1468//91 1438//91 1437//91
f 1468//91 1437//91 1467//91
