# Blender 4.0.2
# www.blender.org
o b_Wheel_2_001___m0
v 0.005302 -0.014931 0.025718
v 0.005533 -0.014917 0.034000
v 0.005514 -0.014915 0.025898
v 0.005858 -0.014789 0.026040
v 0.005904 -0.014752 0.034000
v -0.012848 -0.014931 0.021163
v 0.005223 -0.014931 0.024462
v 0.005510 -0.014931 0.024184
v 0.005088 -0.014931 0.024731
v -0.001728 -0.014931 0.032258
v 0.005036 -0.014931 0.025060
v 0.005119 -0.014931 0.025441
v -0.000949 -0.014931 0.032853
v 0.000106 -0.014931 0.033430
v 0.001191 -0.014931 0.033792
v 0.002295 -0.014931 0.033983
v 0.006365 -0.016205 0.026010
v 0.006841 -0.015930 0.026042
v 0.005949 -0.016355 0.025936
v 0.005726 -0.015370 0.025944
v 0.005621 -0.016415 0.025847
v 0.005482 -0.015355 0.025843
v 0.005324 -0.016431 0.025738
v 0.012867 -0.007802 0.034000
v 0.013995 -0.006674 0.033217
v 0.013156 -0.007513 0.026052
v 0.013579 -0.007090 0.026159
v 0.013971 -0.006698 0.026338
v 0.014535 -0.006134 0.026774
v 0.015000 -0.005669 0.027375
v 0.015280 -0.005389 0.027907
v 0.015534 -0.005135 0.028617
v 0.015684 -0.004984 0.029478
v 0.015707 -0.004962 0.030185
v 0.015492 -0.005177 0.031552
v 0.015247 -0.005422 0.032217
v 0.005589 -0.016422 0.034000
v 0.006116 -0.016306 0.034000
v 0.006507 -0.016135 0.034000
v 0.006895 -0.015882 0.034000
v -0.001776 -0.016431 0.032215
v -0.000888 -0.016431 0.032898
v 0.000026 -0.016431 0.033385
v 0.000819 -0.016431 0.033690
v 0.001827 -0.016431 0.033922
v 0.002639 -0.016431 0.033997
v 0.005173 -0.016431 0.025546
v 0.005047 -0.016431 0.025189
v 0.005065 -0.016431 0.024800
v 0.005233 -0.016431 0.024444
v 0.005485 -0.016431 0.024208
v -0.021026 -0.014931 -0.013124
v -0.005929 -0.014931 -0.024045
v -0.021163 -0.014931 -0.012847
v -0.005623 -0.014931 -0.024128
v 0.012801 -0.014931 -0.021203
v -0.024049 -0.014931 0.005877
v 0.013029 -0.014931 -0.021062
v 0.024049 -0.014931 -0.005882
v -0.013173 -0.014931 0.021009
v 0.021170 -0.014931 0.012840
v 0.005895 -0.014931 0.024048
v 0.021010 -0.014931 0.013169
v 0.014188 -0.008602 0.026051
v 0.015214 -0.007576 0.033098
v 0.016306 -0.006485 0.032218
v 0.013927 -0.008863 0.034000
v 0.014740 -0.008051 0.026189
v 0.016062 -0.006728 0.027374
v 0.016359 -0.006432 0.027949
v 0.016581 -0.006209 0.028579
v 0.016699 -0.006091 0.029143
v 0.016761 -0.006028 0.029696
v 0.016752 -0.006038 0.030496
v 0.015641 -0.005028 0.030904
v 0.016605 -0.006186 0.031383
v 0.005826 -0.016431 0.024056
v 0.020981 -0.014931 0.013556
v 0.021080 -0.014931 0.013879
v 0.021759 -0.014931 0.024024
v 0.021314 -0.014931 0.014194
v 0.021720 -0.014931 0.014408
v 0.021988 -0.014931 0.014436
v 0.023053 -0.014931 0.023786
v 0.024336 -0.014931 0.023283
v 0.025322 -0.014931 0.022662
v 0.025897 -0.014931 0.022180
v 0.027954 -0.014917 0.020129
v 0.021003 -0.016431 0.013195
v 0.021156 -0.016431 0.012860
v 0.024452 -0.014931 -0.005230
v 0.024195 -0.014931 -0.005496
v 0.024814 -0.014931 -0.005058
v 0.032141 -0.014931 0.001852
v 0.025304 -0.014931 -0.005067
v 0.025705 -0.014931 -0.005285
v 0.032664 -0.014931 0.001224
v 0.033282 -0.014931 0.000211
v 0.033753 -0.014931 -0.001024
v 0.033983 -0.014931 -0.002295
v 0.034000 -0.014917 -0.005533
v 0.024130 -0.016431 -0.005627
v 0.024050 -0.016431 -0.005887
v 0.013650 -0.014931 -0.020996
v 0.013310 -0.014931 -0.020984
v 0.014011 -0.014931 -0.021154
v 0.014309 -0.014931 -0.021473
v 0.014439 -0.014931 -0.021910
v 0.024024 -0.014931 -0.021759
v 0.023865 -0.014931 -0.022713
v 0.023563 -0.014931 -0.023715
v 0.023114 -0.014931 -0.024629
v 0.022666 -0.014931 -0.025317
v 0.022167 -0.014931 -0.025913
v 0.020129 -0.014917 -0.027954
v 0.013186 -0.016431 -0.021005
v 0.012853 -0.016431 -0.021160
v -0.005195 -0.014931 -0.024497
v -0.005390 -0.014931 -0.024281
v -0.005065 -0.014931 -0.024810
v 0.001611 -0.014931 -0.032365
v -0.005040 -0.014931 -0.025103
v -0.005118 -0.014931 -0.025441
v -0.005326 -0.014931 -0.025746
v 0.000514 -0.014931 -0.033123
v -0.000589 -0.014931 -0.033614
v -0.001411 -0.014931 -0.033842
v -0.002373 -0.014931 -0.033989
v -0.005533 -0.014917 -0.034000
v -0.005622 -0.016431 -0.024132
v -0.005887 -0.016431 -0.024050
v -0.020976 -0.014931 -0.013400
v -0.021035 -0.014931 -0.013794
v -0.021254 -0.014931 -0.014128
v -0.021523 -0.014931 -0.014332
v -0.021885 -0.014931 -0.014436
v -0.021589 -0.014931 -0.024032
v -0.022360 -0.014931 -0.023937
v -0.023202 -0.014931 -0.023737
v -0.025322 -0.014931 -0.022662
v -0.025916 -0.014931 -0.022163
v -0.027954 -0.014917 -0.020129
v -0.021040 -0.016431 -0.013085
v -0.021167 -0.016431 -0.012844
v -0.024538 -0.014931 0.005167
v -0.024194 -0.014931 0.005494
v -0.024910 -0.014931 0.005047
v -0.032263 -0.014931 -0.001722
v -0.025302 -0.014931 0.005067
v -0.025619 -0.014931 0.005223
v -0.025737 -0.014931 0.005324
v -0.032946 -0.014931 -0.000814
v -0.033412 -0.014931 0.000088
v -0.033755 -0.014931 0.001032
v -0.033981 -0.014931 0.002281
v -0.034000 -0.014917 0.005533
v -0.024192 -0.016431 0.005493
v -0.024050 -0.016431 0.005881
v -0.013598 -0.014931 0.020983
v -0.014005 -0.014931 0.021151
v -0.014280 -0.014931 0.021434
v -0.014434 -0.014932 0.021843
v -0.023565 -0.014931 0.023708
v -0.023051 -0.014931 0.024740
v -0.022411 -0.014931 0.025647
v -0.013216 -0.016431 0.021000
v -0.012879 -0.016431 0.021140
v 0.015321 -0.007470 0.026535
v 0.015708 -0.007083 0.026905
v 0.021520 -0.016431 0.024035
v 0.022305 -0.016431 0.023946
v 0.023126 -0.016431 0.023760
v 0.024093 -0.016431 0.023396
v 0.024991 -0.016431 0.022895
v 0.025785 -0.016431 0.022287
v 0.022209 -0.014915 0.014415
v 0.022554 -0.014789 0.014271
v 0.028216 -0.014753 0.019868
v 0.021957 -0.016431 0.014437
v 0.021592 -0.016431 0.014367
v 0.021198 -0.016431 0.014073
v 0.020989 -0.016431 0.013632
v 0.032317 -0.016431 0.001666
v 0.032887 -0.016431 0.000893
v 0.033308 -0.016431 0.000147
v 0.033688 -0.016431 -0.000814
v 0.033922 -0.016431 -0.001823
v 0.033997 -0.016431 -0.002644
v 0.034000 -0.016422 -0.005586
v 0.025884 -0.014918 -0.005502
v 0.026004 -0.014840 -0.005746
v 0.034000 -0.014752 -0.005903
v 0.026042 -0.014697 -0.005969
v 0.025744 -0.016432 -0.005332
v 0.025546 -0.016431 -0.005172
v 0.025190 -0.016431 -0.005047
v 0.024848 -0.016431 -0.005057
v 0.024572 -0.016431 -0.005156
v 0.024297 -0.016431 -0.005366
v 0.024035 -0.016431 -0.021520
v 0.023893 -0.016431 -0.022628
v 0.023473 -0.016431 -0.023932
v 0.022895 -0.016431 -0.024991
v 0.022300 -0.016431 -0.025770
v 0.014415 -0.014915 -0.022208
v 0.014324 -0.014840 -0.022452
v 0.019868 -0.014753 -0.028215
v 0.014195 -0.014697 -0.022635
v 0.014437 -0.016431 -0.021956
v 0.014381 -0.016431 -0.021638
v 0.014210 -0.016431 -0.021342
v 0.013991 -0.016431 -0.021145
v 0.013629 -0.016431 -0.020988
v 0.001884 -0.016431 -0.032113
v 0.001302 -0.016431 -0.032605
v 0.000588 -0.016431 -0.033072
v -0.000172 -0.016431 -0.033453
v -0.001316 -0.016431 -0.033829
v -0.002461 -0.016431 -0.033991
v -0.005586 -0.016422 -0.034000
v -0.005542 -0.014909 -0.025918
v -0.005769 -0.014829 -0.026016
v -0.005904 -0.014752 -0.034000
v -0.005965 -0.014699 -0.026042
v -0.005302 -0.016431 -0.025725
v -0.005112 -0.016431 -0.025420
v -0.005032 -0.016431 -0.025038
v -0.005133 -0.016431 -0.024608
v -0.005368 -0.016431 -0.024294
v -0.021520 -0.016431 -0.024035
v -0.022300 -0.016431 -0.023947
v -0.023120 -0.016431 -0.023762
v -0.024090 -0.016431 -0.023397
v -0.024334 -0.014931 -0.023284
v -0.024991 -0.016431 -0.022895
v -0.027992 -0.016422 -0.020091
v -0.022098 -0.014927 -0.014429
v -0.022287 -0.014897 -0.014392
v -0.022479 -0.014827 -0.014315
v -0.028215 -0.014753 -0.019868
v -0.022634 -0.014697 -0.014195
v -0.021955 -0.016431 -0.014437
v -0.021592 -0.016431 -0.014367
v -0.021272 -0.016431 -0.014146
v -0.021047 -0.016431 -0.013823
v -0.020974 -0.016431 -0.013383
v -0.032320 -0.016431 -0.001663
v -0.032980 -0.016431 -0.000750
v -0.033452 -0.016431 0.000170
v -0.033740 -0.016431 0.001004
v -0.033924 -0.016431 0.001836
v -0.033997 -0.016431 0.002661
v -0.034000 -0.016422 0.005586
v -0.025893 -0.014916 0.005505
v -0.026039 -0.014790 0.005856
v -0.034000 -0.014752 0.005903
v -0.025737 -0.016431 0.005324
v -0.025546 -0.016431 0.005172
v -0.025189 -0.016431 0.005047
v -0.024846 -0.016431 0.005058
v -0.024525 -0.016431 0.005178
v -0.024024 -0.014931 0.021757
v -0.024035 -0.016431 0.021528
v -0.023946 -0.016431 0.022305
v -0.023865 -0.014931 0.022713
v -0.023759 -0.016431 0.023128
v -0.023323 -0.016431 0.024253
v -0.022166 -0.016431 0.025913
v -0.020155 -0.014921 0.027928
v -0.020090 -0.016422 0.027993
v -0.014415 -0.014915 0.022206
v -0.014311 -0.014826 0.022479
v -0.019888 -0.014776 0.028195
v -0.014198 -0.014701 0.022632
v -0.014444 -0.016431 0.021911
v -0.014294 -0.016431 0.021457
v -0.013992 -0.016431 0.021137
v -0.013579 -0.016431 0.020983
v 0.028038 -0.016418 0.020046
v 0.020047 -0.016418 -0.028036
v -0.025763 -0.016431 -0.022306
v -0.022699 -0.016431 0.025273
v 0.028452 -0.016263 0.019632
v 0.028852 -0.015959 0.019231
v 0.022894 -0.016205 0.013891
v 0.023252 -0.015931 0.013578
v 0.022570 -0.016347 0.014117
v 0.022400 -0.015371 0.014293
v 0.022072 -0.015510 0.014410
v 0.022120 -0.016006 0.014380
v 0.022217 -0.016420 0.014322
v 0.033140 -0.007802 0.014944
v 0.027670 -0.007584 0.009165
v 0.028087 -0.007099 0.008896
v 0.028574 -0.006637 0.008730
v 0.029027 -0.006272 0.008667
v 0.029550 -0.005913 0.008681
v 0.030082 -0.005607 0.008781
v 0.030652 -0.005340 0.008973
v 0.031379 -0.005091 0.009349
v 0.032006 -0.004978 0.009815
v 0.032507 -0.004964 0.010296
v 0.033297 -0.005192 0.011409
v 0.034000 -0.016305 -0.006120
v 0.034000 -0.016103 -0.006569
v 0.034000 -0.015843 -0.006938
v 0.026043 -0.015891 -0.006886
v 0.026013 -0.016193 -0.006397
v 0.025923 -0.016372 -0.005891
v 0.025946 -0.015372 -0.005733
v 0.025808 -0.016007 -0.005470
v 0.025760 -0.015432 -0.005354
v 0.034000 -0.007802 -0.012866
v 0.026058 -0.007446 -0.013223
v 0.033204 -0.006657 -0.014012
v 0.026232 -0.006906 -0.013763
v 0.026520 -0.006426 -0.014243
v 0.026978 -0.005957 -0.014712
v 0.027386 -0.005666 -0.015003
v 0.027910 -0.005383 -0.015286
v 0.028742 -0.005106 -0.015563
v 0.029441 -0.004990 -0.015679
v 0.030096 -0.004959 -0.015709
v 0.031446 -0.005143 -0.015525
v 0.032221 -0.005425 -0.015244
v 0.019555 -0.016223 -0.028528
v 0.019167 -0.015883 -0.028915
v 0.013544 -0.015889 -0.023285
v 0.013868 -0.016191 -0.022920
v 0.014133 -0.016355 -0.022546
v 0.014291 -0.015422 -0.022394
v 0.014300 -0.016415 -0.022255
v 0.014388 -0.015476 -0.022152
v 0.009158 -0.007573 -0.027678
v 0.013555 -0.006644 -0.033389
v 0.008928 -0.007160 -0.028031
v 0.008745 -0.006700 -0.028500
v 0.008667 -0.006269 -0.029029
v 0.008680 -0.005921 -0.029537
v 0.008792 -0.005581 -0.030129
v 0.009075 -0.005246 -0.030885
v 0.009511 -0.005038 -0.031616
v 0.009965 -0.004963 -0.032175
v 0.010394 -0.004973 -0.032591
v 0.010915 -0.005054 -0.032997
v 0.011597 -0.005257 -0.033391
v 0.012023 -0.005438 -0.033563
v -0.006120 -0.016305 -0.034000
v -0.006571 -0.016102 -0.034000
v -0.006939 -0.015842 -0.034000
v -0.006839 -0.015931 -0.026042
v -0.006389 -0.016194 -0.026011
v -0.005977 -0.016347 -0.025941
v -0.005717 -0.015471 -0.025936
v -0.005414 -0.015427 -0.025795
v -0.005537 -0.016424 -0.025820
v -0.013157 -0.007512 -0.026052
v -0.013633 -0.007036 -0.026177
v -0.014399 -0.006269 -0.026655
v -0.014752 -0.005917 -0.027027
v -0.015136 -0.005532 -0.027605
v -0.015448 -0.005220 -0.028342
v -0.015599 -0.005069 -0.028928
v -0.015687 -0.004982 -0.029509
v -0.015706 -0.004962 -0.030170
v -0.015659 -0.005009 -0.030762
v -0.015554 -0.005114 -0.031321
v -0.015387 -0.005281 -0.031869
v -0.015231 -0.005438 -0.032234
v -0.028367 -0.016306 -0.019716
v -0.028641 -0.016136 -0.019442
v -0.028915 -0.015883 -0.019168
v -0.023283 -0.015891 -0.013546
v -0.022584 -0.015362 -0.014185
v -0.022917 -0.016193 -0.013870
v -0.022545 -0.016355 -0.014133
v -0.022250 -0.016415 -0.014302
v -0.022190 -0.015566 -0.014371
v -0.027777 -0.007444 -0.009075
v -0.028431 -0.006759 -0.008761
v -0.029547 -0.005914 -0.008680
v -0.030082 -0.005606 -0.008781
v -0.030654 -0.005339 -0.008974
v -0.031378 -0.005091 -0.009348
v -0.032104 -0.004966 -0.009898
v -0.032717 -0.004985 -0.010537
v -0.033249 -0.005160 -0.011317
v -0.033562 -0.005432 -0.012016
v -0.034000 -0.016305 0.006120
v -0.034000 -0.016103 0.006569
v -0.034000 -0.015841 0.006940
v -0.026010 -0.016206 0.006364
v -0.026042 -0.015933 0.006838
v -0.025941 -0.016347 0.005976
v -0.025945 -0.015368 0.005731
v -0.025824 -0.015560 0.005469
v -0.025738 -0.015400 0.005325
v -0.025815 -0.016426 0.005517
v -0.025737 -0.015902 0.005325
v -0.025737 -0.015430 0.005324
v -0.034000 -0.007802 0.012866
v -0.033196 -0.006646 0.014023
v -0.026043 -0.007651 0.013017
v -0.026369 -0.006638 0.014030
v -0.026786 -0.006132 0.014537
v -0.027251 -0.005749 0.014920
v -0.027934 -0.005373 0.015296
v -0.028635 -0.005135 0.015533
v -0.030398 -0.004967 0.015702
v -0.031265 -0.005100 0.015569
v -0.031791 -0.005255 0.015414
v -0.032227 -0.005432 0.015237
v -0.019716 -0.016306 0.028367
v -0.019439 -0.016134 0.028644
v -0.019166 -0.015881 0.028917
v -0.014253 -0.016405 0.022353
v -0.014386 -0.015614 0.022142
v -0.014255 -0.015637 0.022427
v -0.013721 -0.016067 0.023097
v -0.013962 -0.015827 0.022829
v -0.013487 -0.015816 0.023342
v -0.013965 -0.016259 0.022789
v -0.013566 -0.006653 0.033387
v -0.008835 -0.006960 0.028223
v -0.008672 -0.006380 0.028879
v -0.008681 -0.005910 0.029554
v -0.008817 -0.005532 0.030224
v -0.009171 -0.005179 0.031077
v -0.009707 -0.004990 0.031881
v -0.010228 -0.004962 0.032441
v -0.011232 -0.005137 0.033198
v -0.011998 -0.005421 0.033563
v 0.028393 -0.008681 0.008440
v 0.034161 -0.007579 0.012650
v 0.033563 -0.005432 0.012015
v 0.033389 -0.006644 0.013554
v 0.033890 -0.008863 0.014194
v 0.028750 -0.008253 0.008191
v 0.029369 -0.007654 0.007963
v 0.030784 -0.006693 0.008019
v 0.031322 -0.006435 0.008192
v 0.031991 -0.006191 0.008516
v 0.032939 -0.005038 0.010832
v 0.033668 -0.006090 0.010050
v 0.034000 -0.008863 -0.013927
v 0.026058 -0.008531 -0.014260
v 0.033101 -0.007580 -0.015210
v 0.032234 -0.006498 -0.016292
v 0.026249 -0.007917 -0.014873
v 0.026664 -0.007313 -0.015476
v 0.027141 -0.006890 -0.015900
v 0.027600 -0.006600 -0.016190
v 0.028748 -0.006170 -0.016620
v 0.030229 -0.006025 -0.016765
v 0.030751 -0.005008 -0.015661
v 0.030917 -0.006091 -0.016699
v 0.031724 -0.006287 -0.016503
v 0.014194 -0.008863 -0.033890
v 0.014944 -0.007802 -0.033140
v 0.008302 -0.008465 -0.028560
v 0.008023 -0.007850 -0.029151
v 0.007934 -0.007473 -0.029596
v 0.008015 -0.006701 -0.030770
v 0.008185 -0.006442 -0.031305
v 0.008469 -0.006219 -0.031905
v 0.008899 -0.006062 -0.032555
v 0.009813 -0.006052 -0.033483
v 0.010368 -0.006165 -0.033880
v 0.011223 -0.006468 -0.034306
v -0.014187 -0.008603 -0.026051
v -0.016305 -0.006485 -0.032219
v -0.014034 -0.006635 -0.033188
v -0.013927 -0.008863 -0.034000
v -0.012866 -0.007802 -0.034000
v -0.014741 -0.008049 -0.026189
v -0.014026 -0.006643 -0.026374
v -0.015308 -0.007482 -0.026526
v -0.015820 -0.006969 -0.027028
v -0.016207 -0.006582 -0.027633
v -0.016453 -0.006336 -0.028185
v -0.016633 -0.006157 -0.028794
v -0.016754 -0.006036 -0.030464
v -0.016612 -0.006178 -0.031357
v -0.028454 -0.008601 -0.008388
v -0.033387 -0.006653 -0.013566
v -0.033889 -0.008863 -0.014194
v -0.033139 -0.007802 -0.014944
v -0.028877 -0.008118 -0.008128
v -0.029443 -0.007594 -0.007952
v -0.029030 -0.006269 -0.008667
v -0.029974 -0.007190 -0.007913
v -0.030608 -0.006785 -0.007974
v -0.031330 -0.006431 -0.008195
v -0.031859 -0.006234 -0.008445
v -0.032331 -0.006107 -0.008738
v -0.032851 -0.006028 -0.009147
v -0.033275 -0.006029 -0.009570
v -0.033670 -0.006091 -0.010054
v -0.034311 -0.006485 -0.011252
v -0.034000 -0.008863 0.013927
v -0.033101 -0.007580 0.015210
v -0.026050 -0.008607 0.014183
v -0.026109 -0.007232 0.013437
v -0.026167 -0.008115 0.014675
v -0.026398 -0.007666 0.015124
v -0.027167 -0.006871 0.015919
v -0.027630 -0.006584 0.016206
v -0.028302 -0.006291 0.016499
v -0.029404 -0.004990 0.015679
v -0.029046 -0.006106 0.016684
v -0.029701 -0.006028 0.016762
v -0.030305 -0.006029 0.016761
v -0.031573 -0.006244 0.016546
v -0.032218 -0.006485 0.016305
v -0.014193 -0.008863 0.033890
v -0.008343 -0.008531 0.028508
v -0.012644 -0.007574 0.034162
v -0.014943 -0.007802 0.033140
v -0.009118 -0.007511 0.027725
v -0.008043 -0.007917 0.029078
v -0.007910 -0.007305 0.029810
v -0.007953 -0.006872 0.030466
v -0.008131 -0.006497 0.031174
v -0.008445 -0.006234 0.031860
v -0.008745 -0.006105 0.032340
v -0.009150 -0.006028 0.032855
v -0.009691 -0.006036 0.033386
v -0.010670 -0.005008 0.032817
v -0.010188 -0.006122 0.033759
v -0.010700 -0.006267 0.034068
v 0.030137 -0.007076 0.007913
v 0.032632 -0.006053 0.008962
v 0.033166 -0.006020 0.009449
v 0.034100 -0.006286 0.010759
v 0.034313 -0.006498 0.011273
v 0.028213 -0.006326 -0.016465
v 0.029440 -0.006046 -0.016744
v 0.012646 -0.007576 -0.034161
v 0.007913 -0.007079 -0.030131
v 0.009373 -0.006021 -0.033088
v -0.015208 -0.007581 -0.033102
v -0.016756 -0.006033 -0.029576
v -0.034162 -0.007576 -0.012646
v -0.034020 -0.006241 -0.010617
v -0.026725 -0.007253 0.015537
v -0.030915 -0.006090 0.016700
v -0.011267 -0.006495 0.034313
v 0.005321 0.014069 -0.025741
v 0.005497 0.014059 -0.034000
v 0.005543 0.014047 -0.025916
v 0.005769 0.013967 -0.026016
v 0.005873 0.013914 -0.034000
v 0.005968 0.013835 -0.026043
v -0.012848 0.014069 -0.021163
v 0.005223 0.014069 -0.024462
v 0.005507 0.014069 -0.024186
v 0.005057 0.014069 -0.024818
v -0.001728 0.014069 -0.032258
v 0.005053 0.014069 -0.025208
v 0.005143 0.014069 -0.025486
v -0.000949 0.014069 -0.032853
v -0.000212 0.014069 -0.033272
v 0.000590 0.014069 -0.033614
v 0.001416 0.014069 -0.033843
v 0.002346 0.014069 -0.033986
v 0.006889 0.015027 -0.026043
v 0.006428 0.015314 -0.026016
v 0.006037 0.015470 -0.025954
v 0.005433 0.014526 -0.025810
v 0.005712 0.014612 -0.025934
v 0.005528 0.015563 -0.025818
v 0.005323 0.015569 -0.025731
v 0.013156 0.006651 -0.026052
v 0.013991 0.005816 -0.033219
v 0.013631 0.006176 -0.026176
v 0.014042 0.005765 -0.026383
v 0.014431 0.005376 -0.026683
v 0.014823 0.004984 -0.027116
v 0.015218 0.004589 -0.027763
v 0.015541 0.004266 -0.028640
v 0.015688 0.004119 -0.029517
v 0.015577 0.004230 -0.031236
v 0.015381 0.004426 -0.031888
v 0.005589 0.015560 -0.034000
v 0.006120 0.015443 -0.034000
v 0.006508 0.015273 -0.034000
v 0.006895 0.015020 -0.034000
v -0.001776 0.015569 -0.032215
v -0.000888 0.015569 -0.032898
v 0.000173 0.015569 -0.033453
v 0.001319 0.015569 -0.033830
v 0.002488 0.015569 -0.033993
v 0.005173 0.015569 -0.025545
v 0.005047 0.015569 -0.025188
v 0.005065 0.015569 -0.024800
v 0.005233 0.015569 -0.024444
v 0.005525 0.015569 -0.024179
v -0.005920 0.014069 0.024046
v -0.021165 0.014069 0.012845
v -0.005624 0.014069 0.024128
v 0.012906 0.014069 0.021117
v -0.024049 0.014069 -0.005877
v 0.024049 0.014069 0.005882
v -0.013173 0.014069 -0.021009
v 0.021170 0.014069 -0.012840
v 0.005897 0.014069 -0.024048
v 0.021010 0.014069 -0.013169
v 0.014188 0.007740 -0.026051
v 0.015222 0.006706 -0.033092
v 0.016292 0.005636 -0.032234
v 0.015231 0.004576 -0.032234
v 0.013927 0.008001 -0.034000
v 0.012867 0.006940 -0.034000
v 0.014718 0.007211 -0.026181
v 0.015243 0.006686 -0.026478
v 0.015710 0.006219 -0.026900
v 0.016110 0.005819 -0.027456
v 0.016391 0.005538 -0.028021
v 0.016614 0.005314 -0.028707
v 0.016724 0.005204 -0.029315
v 0.016771 0.005157 -0.029925
v 0.015703 0.004104 -0.030373
v 0.016732 0.005197 -0.030685
v 0.016629 0.005300 -0.031259
v 0.016472 0.005457 -0.031807
v 0.005877 0.015569 -0.024051
v 0.020981 0.014069 -0.013557
v 0.021080 0.014069 -0.013879
v 0.021313 0.014069 -0.014192
v 0.021759 0.014069 -0.024024
v 0.021612 0.014069 -0.014366
v 0.021912 0.014069 -0.014439
v 0.023053 0.014069 -0.023786
v 0.025916 0.014069 -0.022163
v 0.027955 0.014055 -0.020129
v 0.021003 0.015569 -0.013195
v 0.021156 0.015569 -0.012860
v 0.024452 0.014069 0.005230
v 0.024195 0.014069 0.005496
v 0.024814 0.014069 0.005058
v 0.032141 0.014069 -0.001852
v 0.025304 0.014069 0.005067
v 0.025684 0.014069 0.005269
v 0.032664 0.014069 -0.001224
v 0.033282 0.014069 -0.000211
v 0.033769 0.014069 0.001075
v 0.033985 0.014069 0.002336
v 0.034000 0.014055 0.005533
v 0.024130 0.015569 0.005627
v 0.024050 0.015569 0.005887
v 0.013647 0.014069 0.020996
v 0.013310 0.014069 0.020984
v 0.014049 0.014069 0.021177
v 0.014330 0.014069 0.021519
v 0.024024 0.014069 0.021759
v 0.014439 0.014069 0.021905
v 0.023865 0.014069 0.022713
v 0.023563 0.014069 0.023715
v 0.023114 0.014069 0.024629
v 0.013186 0.015569 0.021005
v 0.012853 0.015569 0.021160
v -0.005195 0.014069 0.024497
v -0.005390 0.014069 0.024281
v -0.005040 0.014069 0.024912
v 0.001851 0.014069 0.032143
v -0.005085 0.014069 0.025355
v -0.005273 0.014069 0.025689
v 0.001231 0.014069 0.032658
v 0.000358 0.014069 0.033202
v -0.000409 0.014069 0.033544
v -0.001226 0.014069 0.033803
v -0.002338 0.014069 0.033985
v -0.005533 0.014055 0.034000
v -0.005886 0.015569 0.024049
v -0.020996 0.014069 0.013647
v -0.020993 0.014069 0.013224
v -0.021177 0.014069 0.014048
v -0.021589 0.014069 0.024032
v -0.021523 0.014069 0.014332
v -0.021913 0.014069 0.014439
v -0.022360 0.014069 0.023937
v -0.023202 0.014069 0.023737
v -0.024169 0.014069 0.023359
v -0.024908 0.014069 0.022945
v -0.025701 0.014069 0.022365
v -0.027954 0.014055 0.020129
v -0.021042 0.015569 0.013081
v -0.021168 0.015569 0.012843
v -0.024538 0.014069 -0.005167
v -0.024194 0.014069 -0.005494
v -0.024910 0.014069 -0.005047
v -0.032264 0.014069 0.001721
v -0.025254 0.014069 -0.005059
v -0.025529 0.014069 -0.005167
v -0.025748 0.014069 -0.005330
v -0.032853 0.014069 0.000949
v -0.033354 0.014069 0.000051
v -0.033769 0.014069 -0.001079
v -0.033987 0.014069 -0.002359
v -0.034000 0.014055 -0.005533
v -0.024192 0.015569 -0.005493
v -0.024050 0.015569 -0.005881
v -0.013604 0.014069 -0.020984
v -0.014011 0.014069 -0.021155
v -0.024037 0.014069 -0.021422
v -0.014280 0.014069 -0.021434
v -0.014398 0.014069 -0.021708
v -0.014441 0.014069 -0.021996
v -0.023964 0.014069 -0.022216
v -0.023730 0.014069 -0.023223
v -0.023351 0.014069 -0.024186
v -0.022934 0.014069 -0.024924
v -0.022360 0.014069 -0.025706
v -0.020155 0.014059 -0.027928
v -0.013039 0.015569 -0.021057
v -0.012809 0.015569 -0.021197
v 0.021520 0.015569 -0.024035
v 0.022305 0.015569 -0.023946
v 0.023126 0.015569 -0.023760
v 0.024093 0.015569 -0.023396
v 0.024336 0.014069 -0.023283
v 0.025322 0.014069 -0.022662
v 0.025763 0.015569 -0.022306
v 0.022219 0.014052 -0.014415
v 0.022554 0.013927 -0.014271
v 0.028216 0.013891 -0.019868
v 0.021959 0.015569 -0.014437
v 0.021593 0.015569 -0.014368
v 0.021199 0.015569 -0.014075
v 0.020989 0.015569 -0.013631
v 0.032317 0.015569 -0.001666
v 0.032887 0.015569 -0.000893
v 0.033308 0.015569 -0.000147
v 0.033688 0.015569 0.000814
v 0.033890 0.015569 0.001651
v 0.033993 0.015569 0.002469
v 0.034000 0.015560 0.005586
v 0.025883 0.014056 0.005499
v 0.026004 0.013978 0.005746
v 0.034000 0.013890 0.005903
v 0.026042 0.013835 0.005969
v 0.025738 0.015569 0.005324
v 0.025546 0.015569 0.005172
v 0.025190 0.015569 0.005047
v 0.024848 0.015569 0.005057
v 0.024572 0.015569 0.005156
v 0.024297 0.015569 0.005366
v 0.024035 0.015569 0.021520
v 0.023893 0.015569 0.022628
v 0.023473 0.015569 0.023932
v 0.022895 0.015569 0.024991
v 0.022666 0.014069 0.025317
v 0.022167 0.014069 0.025913
v 0.022300 0.015569 0.025770
v 0.020129 0.014055 0.027954
v 0.014410 0.014049 0.022235
v 0.014323 0.013973 0.022463
v 0.019868 0.013891 0.028215
v 0.014196 0.013837 0.022633
v 0.014437 0.015569 0.021956
v 0.014381 0.015569 0.021638
v 0.014210 0.015569 0.021342
v 0.013949 0.015569 0.021114
v 0.013580 0.015569 0.020983
v 0.001884 0.015569 0.032113
v 0.001299 0.015569 0.032608
v 0.000435 0.015569 0.033161
v -0.000352 0.015569 0.033522
v -0.001143 0.015569 0.033782
v -0.002321 0.015569 0.033987
v -0.005586 0.015560 0.034000
v -0.005546 0.014046 0.025920
v -0.005760 0.013971 0.026013
v -0.005904 0.013890 0.034000
v -0.005962 0.013840 0.026042
v -0.005279 0.015569 0.025707
v -0.005067 0.015569 0.025289
v -0.005051 0.015569 0.024845
v -0.005233 0.015569 0.024442
v -0.005539 0.015569 0.024169
v -0.021520 0.015569 0.024035
v -0.022300 0.015569 0.023947
v -0.023292 0.015569 0.023714
v -0.024420 0.015569 0.023233
v -0.025147 0.015569 0.022785
v -0.025763 0.015569 0.022306
v -0.022086 0.014066 0.014427
v -0.022282 0.014036 0.014395
v -0.022468 0.013971 0.014320
v -0.028215 0.013891 0.019868
v -0.022631 0.013839 0.014198
v -0.021963 0.015569 0.014435
v -0.021720 0.015569 0.014406
v -0.021337 0.015569 0.014214
v -0.021047 0.015569 0.013823
v -0.020974 0.015569 0.013383
v -0.032219 0.015569 0.001771
v -0.032898 0.015569 0.000888
v -0.033388 0.015569 -0.000032
v -0.033744 0.015569 -0.000988
v -0.033981 0.015569 -0.002281
v -0.034000 0.015560 -0.005586
v -0.025893 0.014054 -0.005505
v -0.026039 0.013928 -0.005856
v -0.034000 0.013890 -0.005903
v -0.025737 0.015569 -0.005324
v -0.025542 0.015569 -0.005170
v -0.025189 0.015569 -0.005047
v -0.024846 0.015569 -0.005058
v -0.024525 0.015569 -0.005178
v -0.024029 0.015569 -0.021683
v -0.023809 0.015569 -0.022969
v -0.023323 0.015569 -0.024253
v -0.022785 0.015569 -0.025147
v -0.020091 0.015560 -0.027992
v -0.014414 0.014056 -0.022187
v -0.014323 0.013977 -0.022452
v -0.019887 0.013913 -0.028196
v -0.014195 0.013836 -0.022635
v -0.014444 0.015569 -0.021911
v -0.014272 0.015569 -0.021415
v -0.013991 0.015569 -0.021145
v -0.013682 0.015569 -0.021004
v -0.013340 0.015569 -0.020981
v 0.024991 0.015569 -0.022895
v 0.027951 0.015564 -0.020133
v 0.020047 0.015556 0.028036
v -0.027992 0.015560 0.020090
v -0.022295 0.015569 -0.025774
v 0.028322 0.015467 -0.019762
v 0.028686 0.015242 -0.019397
v 0.028951 0.014977 -0.019132
v 0.022894 0.015343 -0.013891
v 0.023252 0.015068 -0.013577
v 0.022570 0.015485 -0.014117
v 0.022400 0.014511 -0.014293
v 0.022141 0.014524 -0.014396
v 0.021982 0.014484 -0.014433
v 0.022169 0.015563 -0.014345
v 0.033389 0.005780 -0.013553
v 0.027670 0.006722 -0.009165
v 0.028030 0.006299 -0.008928
v 0.028459 0.005876 -0.008758
v 0.028975 0.005448 -0.008668
v 0.029966 0.004806 -0.008751
v 0.030630 0.004486 -0.008963
v 0.031215 0.004279 -0.009255
v 0.031780 0.004145 -0.009630
v 0.032296 0.004098 -0.010081
v 0.032702 0.004124 -0.010523
v 0.033154 0.004250 -0.011153
v 0.033563 0.004560 -0.012000
v 0.034000 0.015443 0.006120
v 0.034000 0.015241 0.006569
v 0.034000 0.014981 0.006938
v 0.026043 0.015029 0.006886
v 0.026013 0.015331 0.006397
v 0.025935 0.015494 0.005945
v 0.025940 0.014588 0.005735
v 0.025847 0.015553 0.005621
v 0.025827 0.014501 0.005453
v 0.034000 0.006940 0.012866
v 0.026058 0.006584 0.013223
v 0.033201 0.005792 0.014015
v 0.026232 0.006044 0.013763
v 0.027039 0.005046 0.014761
v 0.027479 0.004746 0.015061
v 0.028013 0.004480 0.015327
v 0.028739 0.004245 0.015562
v 0.029516 0.004120 0.015687
v 0.030751 0.004146 0.015661
v 0.031418 0.004275 0.015532
v 0.032217 0.004559 0.015248
v 0.019555 0.015361 0.028528
v 0.019167 0.015021 0.028916
v 0.014373 0.014697 0.022182
v 0.014255 0.014826 0.022419
v 0.013988 0.014979 0.022797
v 0.013579 0.015069 0.023251
v 0.013902 0.015353 0.022873
v 0.014431 0.014403 0.022007
v 0.014220 0.015535 0.022413
v 0.009075 0.006583 0.027777
v 0.013558 0.005785 0.033388
v 0.008755 0.005883 0.028447
v 0.008661 0.005330 0.029133
v 0.008713 0.004909 0.029782
v 0.008872 0.004598 0.030380
v 0.009090 0.004380 0.030908
v 0.009374 0.004225 0.031410
v 0.009718 0.004130 0.031888
v 0.010104 0.004098 0.032319
v 0.010533 0.004125 0.032709
v 0.011154 0.004250 0.033154
v 0.011999 0.004559 0.033563
v -0.006120 0.015443 0.034000
v -0.006571 0.015240 0.034000
v -0.006939 0.014980 0.034000
v -0.006839 0.015069 0.026042
v -0.006393 0.015330 0.026013
v -0.005947 0.015493 0.025935
v -0.005650 0.014627 0.025909
v -0.005621 0.015553 0.025847
v -0.005439 0.014465 0.025819
v -0.005840 0.014657 0.025963
v -0.012866 0.006940 0.034000
v -0.013157 0.006650 0.026052
v -0.013774 0.006033 0.026230
v -0.014406 0.005400 0.026653
v -0.014893 0.004914 0.027212
v -0.015172 0.004634 0.027685
v -0.015397 0.004410 0.028195
v -0.015573 0.004233 0.028800
v -0.015672 0.004135 0.029379
v -0.015708 0.004098 0.029963
v -0.015682 0.004124 0.030565
v -0.015557 0.004249 0.031328
v -0.015247 0.004560 0.032218
v -0.028368 0.015444 0.019715
v -0.028641 0.015274 0.019442
v -0.028915 0.015021 0.019168
v -0.023251 0.015069 0.013579
v -0.022829 0.014971 0.013963
v -0.022886 0.015346 0.013891
v -0.022544 0.015493 0.014134
v -0.022001 0.014648 0.014427
v -0.022408 0.014728 0.014271
v -0.022146 0.015565 0.014355
v -0.033139 0.006940 0.014944
v -0.027671 0.006720 0.009164
v -0.033387 0.005791 0.013566
v -0.028023 0.006306 0.008931
v -0.028569 0.005774 0.008725
v -0.029377 0.005158 0.008660
v -0.030082 0.004744 0.008781
v -0.030734 0.004443 0.009006
v -0.031305 0.004254 0.009309
v -0.031798 0.004143 0.009646
v -0.032243 0.004100 0.010031
v -0.032717 0.004123 0.010537
v -0.033249 0.004298 0.011316
v -0.033562 0.004570 0.012016
v -0.034000 0.015443 -0.006120
v -0.034000 0.015241 -0.006569
v -0.034000 0.014981 -0.006938
v -0.026010 0.015344 -0.006364
v -0.026042 0.015070 -0.006838
v -0.025941 0.015485 -0.005976
v -0.025945 0.014506 -0.005731
v -0.025847 0.014571 -0.005500
v -0.025818 0.015563 -0.005534
v -0.025767 0.014720 -0.005369
v -0.034000 0.006940 -0.012866
v -0.026043 0.006790 -0.013017
v -0.033201 0.005791 -0.014016
v -0.026109 0.006370 -0.013437
v -0.026370 0.005776 -0.014031
v -0.026786 0.005270 -0.014537
v -0.027251 0.004887 -0.014920
v -0.028637 0.004272 -0.015534
v -0.029404 0.004128 -0.015679
v -0.031265 0.004238 -0.015569
v -0.031791 0.004393 -0.015414
v -0.019715 0.015444 -0.028368
v -0.019439 0.015272 -0.028644
v -0.019166 0.015020 -0.028917
v -0.013544 0.015028 -0.023285
v -0.013869 0.015330 -0.022918
v -0.014132 0.015492 -0.022548
v -0.014286 0.014596 -0.022397
v -0.014301 0.015553 -0.022254
v -0.014383 0.014584 -0.022168
v -0.009073 0.006580 -0.027779
v -0.013570 0.005794 -0.033387
v -0.008763 0.005905 -0.028423
v -0.008665 0.005399 -0.029040
v -0.008686 0.005012 -0.029610
v -0.008862 0.004600 -0.030367
v -0.009180 0.004319 -0.031083
v -0.009483 0.004187 -0.031573
v -0.009885 0.004106 -0.032089
v -0.011666 0.004424 -0.033420
v 0.028505 0.007674 -0.008346
v 0.033890 0.008001 -0.014194
v 0.033140 0.006940 -0.014944
v 0.028924 0.007211 -0.008111
v 0.029490 0.006691 -0.007940
v 0.029459 0.005111 -0.008674
v 0.030240 0.006148 -0.007923
v 0.030832 0.005805 -0.008031
v 0.031433 0.005526 -0.008235
v 0.032011 0.005326 -0.008532
v 0.032578 0.005198 -0.008918
v 0.033083 0.005159 -0.009368
v 0.033594 0.005208 -0.009947
v 0.034015 0.005375 -0.010605
v 0.034312 0.005623 -0.011253
v 0.033105 0.006723 0.015205
v 0.034000 0.008001 0.013927
v 0.026051 0.007741 0.014187
v 0.026147 0.007319 0.014609
v 0.026326 0.006922 0.015006
v 0.026550 0.005522 0.014285
v 0.026664 0.006451 0.015477
v 0.027156 0.006017 0.015911
v 0.027682 0.005694 0.016234
v 0.028368 0.005410 0.016519
v 0.029047 0.005244 0.016684
v 0.029703 0.005166 0.016762
v 0.030168 0.004100 0.015707
v 0.030306 0.005167 0.016761
v 0.030918 0.005229 0.016699
v 0.031724 0.005425 0.016503
v 0.014194 0.008001 0.033890
v 0.012641 0.006710 0.034162
v 0.014944 0.006940 0.033140
v 0.008302 0.007603 0.028560
v 0.008007 0.006944 0.029198
v 0.007915 0.006454 0.029797
v 0.007952 0.005992 0.030489
v 0.008164 0.005601 0.031254
v 0.008422 0.005387 0.031815
v 0.008711 0.005254 0.032293
v 0.009088 0.005173 0.032782
v 0.009588 0.005165 0.033294
v 0.010130 0.005246 0.033721
v 0.010614 0.005378 0.034019
v 0.011252 0.005623 0.034312
v -0.014187 0.007741 0.026051
v -0.015208 0.006719 0.033102
v -0.016297 0.005630 0.032228
v -0.014034 0.005773 0.033188
v -0.013927 0.008001 0.034000
v -0.014741 0.007187 0.026189
v -0.015385 0.006543 0.026583
v -0.015933 0.005995 0.027179
v -0.016366 0.005562 0.027955
v -0.016628 0.005301 0.028763
v -0.016760 0.005167 0.029635
v -0.016749 0.005179 0.030520
v -0.016535 0.005393 0.031616
v -0.033889 0.008001 0.014194
v -0.028566 0.007596 0.008297
v -0.034163 0.006707 0.012638
v -0.034312 0.005636 0.011273
v -0.029669 0.006552 0.007925
v -0.030318 0.006096 0.007928
v -0.031054 0.005693 0.008094
v -0.031649 0.005443 0.008337
v -0.032250 0.005262 0.008680
v -0.032851 0.005166 0.009147
v -0.033404 0.005175 0.009712
v -0.034141 0.005459 0.010850
v -0.034000 0.008001 -0.013927
v -0.032227 0.004570 -0.015237
v -0.026050 0.007744 -0.014184
v -0.026167 0.007253 -0.014676
v -0.026398 0.006804 -0.015124
v -0.026725 0.006391 -0.015537
v -0.027167 0.006009 -0.015919
v -0.027630 0.005722 -0.016206
v -0.027931 0.004512 -0.015295
v -0.028192 0.005471 -0.016457
v -0.028798 0.005294 -0.016634
v -0.029409 0.005191 -0.016737
v -0.030398 0.004105 -0.015702
v -0.030126 0.005158 -0.016770
v -0.030915 0.005228 -0.016700
v -0.031573 0.005382 -0.016546
v -0.032218 0.005623 -0.016305
v -0.012647 0.006714 -0.034161
v -0.012022 0.004576 -0.033563
v -0.014193 0.008001 -0.033890
v -0.014943 0.006940 -0.033140
v -0.008391 0.007744 -0.028450
v -0.008171 0.007348 -0.028793
v -0.008012 0.006948 -0.029197
v -0.007924 0.006546 -0.029677
v -0.007923 0.006149 -0.030238
v -0.008072 0.005719 -0.030996
v -0.008381 0.005410 -0.031742
v -0.008838 0.005211 -0.032480
v -0.010515 0.004119 -0.032701
v -0.011156 0.004254 -0.033151
v -0.010676 0.005397 -0.034054
v 0.034161 0.006716 -0.012648
v 0.032234 0.005636 0.016292
v -0.016668 0.005260 0.031071
v -0.029152 0.006987 0.008023
v -0.033826 0.005283 0.010286
v -0.033097 0.006713 -0.015215
v -0.009515 0.005158 -0.033231
v -0.010126 0.005245 -0.033718
v -0.011264 0.005630 -0.034313
v 0.014998 0.015569 0.000456
v 0.014982 0.015569 -0.000748
v 0.014998 0.019569 -0.000455
v 0.014896 0.015569 -0.001803
v 0.014880 0.019569 -0.001934
v 0.014645 0.015569 -0.003263
v 0.014545 0.019569 -0.003703
v 0.014334 0.015569 -0.004421
v 0.014096 0.019569 -0.005130
v 0.013970 0.015569 -0.005472
v 0.013648 0.019569 -0.006235
v 0.013381 0.015569 -0.006789
v 0.013174 0.019569 -0.007174
v 0.012800 0.015569 -0.007822
v 0.012570 0.019569 -0.008195
v 0.012226 0.015569 -0.008699
v 0.011684 0.019569 -0.009414
v 0.011491 0.015569 -0.009642
v 0.010791 0.015569 -0.010426
v 0.010699 0.019569 -0.010520
v 0.009704 0.015569 -0.011445
v 0.009603 0.019569 -0.011529
v 0.008456 0.015569 -0.012396
v 0.008455 0.019569 -0.012393
v 0.007500 0.019569 -0.012990
v 0.007179 0.015569 -0.013173
v 0.006436 0.019569 -0.013554
v 0.005908 0.015569 -0.013792
v 0.005055 0.019569 -0.014127
v 0.004499 0.015569 -0.014314
v 0.003628 0.019569 -0.014559
v 0.003047 0.015569 -0.014692
v 0.002160 0.019569 -0.014848
v 0.001865 0.015569 -0.014884
v 0.000815 0.015569 -0.014982
v 0.000375 0.019569 -0.015004
v -0.000374 0.015569 -0.014995
v -0.001503 0.019569 -0.014931
v -0.001860 0.015569 -0.014894
v -0.003052 0.019569 -0.014691
v -0.003623 0.015569 -0.014560
v -0.004784 0.019569 -0.014226
v -0.004777 0.015569 -0.014219
v -0.005776 0.015569 -0.013848
v -0.006169 0.019569 -0.013673
v -0.006843 0.015569 -0.013348
v -0.007234 0.019569 -0.013145
v -0.007821 0.015569 -0.012803
v -0.008757 0.019569 -0.012189
v -0.009050 0.015569 -0.011969
v -0.009925 0.019569 -0.011247
v -0.010195 0.015569 -0.011006
v -0.011067 0.019569 -0.010142
v -0.010995 0.015569 -0.010203
v -0.011735 0.015569 -0.009347
v -0.012215 0.019569 -0.008713
v -0.012572 0.015569 -0.008189
v -0.012992 0.019569 -0.007503
v -0.013173 0.015569 -0.007174
v -0.013684 0.019569 -0.006157
v -0.013682 0.015569 -0.006154
v -0.014200 0.015569 -0.004843
v -0.014243 0.019569 -0.004718
v -0.014536 0.015569 -0.003701
v -0.014536 0.019569 -0.003701
v -0.014765 0.015569 -0.002665
v -0.014788 0.019569 -0.002535
v -0.014925 0.015569 -0.001494
v -0.014960 0.019569 -0.001123
v -0.014998 0.015569 -0.000367
v -0.015000 0.019569 0.000000
v -0.014964 0.015569 0.001121
v -0.014960 0.019569 0.001120
v -0.014832 0.019569 0.002236
v -0.014711 0.015569 0.002977
v -0.014611 0.019569 0.003413
v -0.014242 0.015569 0.004720
v -0.014101 0.019569 0.005140
v -0.013822 0.015569 0.005826
v -0.013378 0.019569 0.006792
v -0.013318 0.015569 0.006910
v -0.012799 0.019569 0.007822
v -0.012607 0.015569 0.008133
v -0.012175 0.019569 0.008767
v -0.011737 0.015569 0.009350
v -0.011247 0.019569 0.009933
v -0.010743 0.015569 0.010472
v -0.010148 0.019569 0.011051
v -0.009706 0.015569 0.011442
v -0.008996 0.019569 0.012008
v -0.008513 0.015569 0.012355
v -0.007821 0.019569 0.012803
v -0.007234 0.015569 0.013145
v -0.006843 0.019569 0.013348
v -0.006169 0.015569 0.013673
v -0.005776 0.019569 0.013848
v -0.004784 0.015569 0.014226
v -0.004777 0.019569 0.014219
v -0.003623 0.019569 0.014560
v -0.003052 0.015569 0.014691
v -0.001770 0.019569 0.014907
v -0.001568 0.015569 0.014922
v -0.000066 0.015569 0.015004
v 0.000066 0.019569 0.015004
v 0.001436 0.015569 0.014936
v 0.001863 0.019569 0.014894
v 0.003249 0.015569 0.014656
v 0.003338 0.019569 0.014624
v 0.004437 0.019569 0.014332
v 0.005055 0.015569 0.014127
v 0.005787 0.019569 0.013844
v 0.006170 0.015569 0.013673
v 0.007121 0.019569 0.013206
v 0.007237 0.015569 0.013143
v 0.008138 0.019569 0.012600
v 0.008455 0.015569 0.012393
v 0.009109 0.019569 0.011923
v 0.009603 0.015569 0.011529
v 0.009926 0.019569 0.011247
v 0.010699 0.015569 0.010520
v 0.010791 0.019569 0.010426
v 0.011684 0.015569 0.009414
v 0.011964 0.019569 0.009064
v 0.012394 0.015569 0.008450
v 0.012800 0.019569 0.007822
v 0.012993 0.015569 0.007503
v 0.013560 0.019569 0.006442
v 0.013515 0.015569 0.006508
v 0.014143 0.015569 0.005035
v 0.014221 0.019569 0.004783
v 0.014632 0.019569 0.003328
v 0.014629 0.015569 0.003326
v 0.014879 0.015569 0.001936
v 0.014896 0.019569 0.001804
v 0.014982 0.019569 0.000748
v 0.001814 0.015569 -0.002395
v 0.002178 0.015569 -0.002067
v -0.002104 0.015569 0.002150
v -0.002524 0.015569 0.001628
v -0.001420 0.015569 0.002655
v -0.002757 0.015569 0.001189
v -0.000569 0.015569 0.002957
v -0.002929 0.015569 0.000668
v -0.002999 0.015569 0.000131
v 0.000227 0.015569 0.002998
v -0.002981 0.015569 -0.000369
v 0.000930 0.015569 0.002860
v -0.002855 0.015569 -0.000934
v -0.002649 0.015569 -0.001413
v 0.001493 0.015569 0.002606
v -0.002311 0.015569 -0.001924
v 0.002062 0.015569 0.002193
v -0.001831 0.015569 -0.002382
v 0.002564 0.015569 0.001570
v -0.001380 0.015569 -0.002667
v -0.000820 0.015569 -0.002893
v 0.002815 0.015569 0.001046
v 0.002947 0.015569 0.000581
v 0.003005 0.015569 0.000048
v -0.000162 0.015569 -0.003001
v 0.000596 0.015569 -0.002950
v 0.002965 0.015569 -0.000478
v 0.002840 0.015569 -0.000981
v 0.001306 0.015569 -0.002707
v 0.002553 0.015569 -0.001591
v -0.005418 0.019569 0.005203
v -0.004426 0.019569 0.006063
v -0.006231 0.019569 0.004184
v -0.003589 0.019569 0.006589
v -0.006786 0.019569 0.003208
v -0.002565 0.019569 0.007057
v -0.007244 0.019569 0.001985
v -0.001522 0.019569 0.007346
v -0.007472 0.019569 0.000710
v -0.000609 0.019569 0.007481
v -0.007495 0.019569 -0.000360
v 0.000335 0.019569 0.007495
v 0.001114 0.019569 0.007420
v -0.007390 0.019569 -0.001296
v 0.002204 0.019569 0.007179
v -0.007163 0.019569 -0.002243
v -0.006826 0.019569 -0.003112
v 0.003229 0.019569 0.006772
v -0.006279 0.019569 -0.004122
v 0.004080 0.019569 0.006302
v 0.004846 0.019569 0.005727
v -0.005377 0.019569 -0.005242
v 0.005505 0.019569 0.005100
v -0.004529 0.019569 -0.005982
v 0.006075 0.019569 0.004402
v -0.003878 0.019569 -0.006422
v 0.006655 0.019569 0.003482
v -0.003028 0.019569 -0.006868
v 0.007156 0.019569 0.002266
v -0.002159 0.019569 -0.007185
v -0.001253 0.019569 -0.007401
v 0.007413 0.019569 0.001177
v 0.007499 0.019569 0.000228
v -0.000334 0.019569 -0.007495
v 0.000750 0.019569 -0.007472
v 0.007482 0.019569 -0.000561
v 0.007379 0.019569 -0.001356
v 0.007169 0.019569 -0.002221
v 0.001983 0.019569 -0.007239
v 0.003083 0.019569 -0.006845
v 0.006780 0.019569 -0.003219
v 0.004119 0.019569 -0.006275
v 0.006306 0.019569 -0.004066
v 0.005636 0.019569 -0.004963
v 0.004846 0.019569 -0.005727
v 0.002978 0.031569 -0.000422
v 0.002805 0.031569 -0.001076
v 0.002498 0.031569 -0.001675
v 0.001993 0.031569 -0.002254
v 0.001437 0.031569 -0.002638
v 0.000843 0.031569 -0.002887
v 0.000162 0.031569 -0.003001
v -0.000593 0.031569 -0.002951
v -0.001231 0.031569 -0.002739
v -0.001716 0.031569 -0.002466
v -0.002118 0.031569 -0.002128
v -0.002442 0.031569 -0.001748
v -0.002762 0.031569 -0.001189
v -0.002937 0.031569 -0.000622
v -0.003003 0.031569 -0.000099
v -0.002940 0.031569 0.000646
v -0.002651 0.031569 0.001420
v -0.002266 0.031569 0.001972
v -0.001828 0.031569 0.002384
v -0.001380 0.031569 0.002667
v -0.000820 0.031569 0.002893
v -0.000106 0.031569 0.003006
v 0.000578 0.031569 0.002948
v 0.001236 0.031569 0.002743
v 0.001808 0.031569 0.002399
v 0.002305 0.031569 0.001933
v 0.002709 0.031569 0.001304
v 0.002904 0.031569 0.000763
v 0.002995 0.031569 0.000245
v 0.007499 0.031569 -0.000228
v 0.007420 0.031569 -0.001127
v 0.007171 0.031569 -0.002223
v 0.006826 0.031569 -0.003112
v 0.006409 0.031569 -0.003906
v 0.005867 0.031569 -0.004678
v 0.005069 0.031569 -0.005543
v 0.004207 0.031569 -0.006211
v 0.003388 0.031569 -0.006698
v 0.002211 0.031569 -0.007177
v 0.000982 0.031569 -0.007442
v -0.000180 0.031569 -0.007506
v -0.001548 0.031569 -0.007350
v -0.002622 0.031569 -0.007029
v -0.003432 0.031569 -0.006673
v -0.004352 0.031569 -0.006116
v -0.005118 0.031569 -0.005486
v -0.005784 0.031569 -0.004784
v -0.006322 0.031569 -0.004037
v -0.006843 0.031569 -0.003093
v -0.007220 0.031569 -0.002041
v -0.007428 0.031569 -0.001075
v -0.007501 0.031569 -0.000140
v -0.007462 0.031569 0.000804
v -0.007259 0.031569 0.001911
v -0.006894 0.031569 0.002968
v -0.006283 0.031569 0.004116
v -0.005606 0.031569 0.004985
v -0.004969 0.031569 0.005624
v -0.004117 0.031569 0.006276
v -0.003257 0.031569 0.006759
v -0.002542 0.031569 0.007058
v -0.001635 0.031569 0.007326
v -0.000513 0.031569 0.007488
v 0.000750 0.031569 0.007472
v 0.001863 0.031569 0.007268
v 0.002792 0.031569 0.006967
v 0.003915 0.031569 0.006408
v 0.004971 0.031569 0.005626
v 0.005904 0.031569 0.004644
v 0.006704 0.031569 0.003388
v 0.007183 0.031569 0.002178
v 0.007460 0.031569 0.000878
v 0.015146 -0.014878 -0.000318
v 0.015149 0.014122 -0.000319
v 0.015129 -0.014878 0.000797
v 0.015105 0.014122 0.001238
v 0.015028 -0.014878 0.001975
v 0.014920 0.014122 0.002671
v 0.014693 -0.014878 0.003752
v 0.014589 0.014122 0.004130
v 0.014243 -0.014878 0.005179
v 0.014109 0.014122 0.005542
v 0.013822 -0.014878 0.006223
v 0.013663 0.014122 0.006557
v 0.013148 -0.014878 0.007543
v 0.013146 0.014122 0.007541
v 0.012342 0.014122 0.008795
v 0.012341 -0.014878 0.008791
v 0.011639 -0.014878 0.009691
v 0.011152 0.014122 0.010257
v 0.010843 -0.014878 0.010573
v 0.009850 0.014122 0.011494
v 0.009503 -0.014878 0.011785
v 0.008904 0.014122 0.012228
v 0.008286 -0.014878 0.012649
v 0.007651 0.014122 0.013048
v 0.007266 -0.014878 0.013257
v 0.006046 0.014122 0.013846
v 0.005634 -0.014878 0.014020
v 0.004640 0.014122 0.014365
v 0.003578 -0.014878 0.014664
v 0.003486 0.014122 0.014673
v 0.002308 0.014122 0.014897
v 0.001715 -0.014878 0.014971
v 0.001269 0.014122 0.015007
v 0.000522 -0.014878 0.015044
v -0.000227 0.014122 0.015053
v -0.000667 -0.014878 0.015031
v -0.002012 0.014122 0.014897
v -0.002142 -0.014878 0.014878
v -0.003547 0.014122 0.014593
v -0.003545 -0.014878 0.014590
v -0.004629 -0.014878 0.014268
v -0.004976 0.014122 0.014149
v -0.005750 -0.014878 0.013846
v -0.006296 0.014122 0.013599
v -0.006695 -0.014878 0.013397
v -0.007617 0.014122 0.012887
v -0.007730 -0.014878 0.012818
v -0.008848 0.014122 0.012057
v -0.009212 -0.014878 0.011782
v -0.009777 0.014122 0.011296
v -0.010558 -0.014878 0.010562
v -0.010650 0.014122 0.010467
v -0.011579 -0.014878 0.009412
v -0.011576 0.014122 0.009411
v -0.012246 0.014122 0.008499
v -0.012442 -0.014878 0.008209
v -0.013041 0.014122 0.007213
v -0.013208 -0.014878 0.006889
v -0.013790 0.014122 0.005603
v -0.013839 -0.014878 0.005480
v -0.014293 0.014122 0.004130
v -0.014289 -0.014878 0.004131
v -0.014555 -0.014878 0.003021
v -0.014624 0.014122 0.002671
v -0.014787 -0.014878 0.001540
v -0.014777 0.014122 0.001543
v -0.014853 0.014122 0.000350
v -0.014853 -0.014878 -0.000253
v -0.014786 0.014122 -0.001442
v -0.014777 -0.014878 -0.001444
v -0.014624 -0.014878 -0.002572
v -0.014555 0.014122 -0.002923
v -0.014293 -0.014878 -0.004032
v -0.014289 0.014122 -0.004033
v -0.013842 0.014122 -0.005373
v -0.013793 -0.014878 -0.005496
v -0.013211 0.014122 -0.006786
v -0.013209 -0.014878 -0.006783
v -0.012452 -0.014878 -0.008101
v -0.012449 0.014122 -0.008100
v -0.011618 0.014122 -0.009261
v -0.011536 -0.014878 -0.009365
v -0.010650 0.014122 -0.010369
v -0.010558 -0.014878 -0.010464
v -0.009509 0.014122 -0.011437
v -0.009508 -0.014878 -0.011433
v -0.008608 -0.014878 -0.012130
v -0.008311 0.014122 -0.012342
v -0.007617 -0.014878 -0.012789
v -0.007086 0.014122 -0.013096
v -0.006027 -0.014878 -0.013631
v -0.005689 0.014122 -0.013775
v -0.004629 -0.014878 -0.014170
v -0.004282 0.014122 -0.014285
v -0.003545 -0.014878 -0.014492
v -0.003190 0.014122 -0.014575
v -0.002078 -0.014878 -0.014791
v -0.001715 0.014122 -0.014845
v -0.000535 -0.014878 -0.014939
v 0.000082 0.014122 -0.014955
v 0.000897 -0.014878 -0.014935
v 0.001269 0.014122 -0.014909
v 0.002013 -0.014878 -0.014835
v 0.002372 0.014122 -0.014788
v 0.003195 -0.014878 -0.014643
v 0.003778 0.014122 -0.014509
v 0.004929 -0.014878 -0.014178
v 0.005274 0.014122 -0.014054
v 0.006652 -0.014878 -0.013474
v 0.006650 0.014122 -0.013472
v 0.007971 0.014122 -0.012756
v 0.007969 -0.014878 -0.012754
v 0.009198 -0.014878 -0.011920
v 0.009195 0.014122 -0.011919
v 0.010354 0.014122 -0.010952
v 0.010352 -0.014878 -0.010950
v 0.011144 -0.014878 -0.010154
v 0.011641 0.014122 -0.009605
v 0.011914 -0.014878 -0.009261
v 0.012711 0.014122 -0.008156
v 0.012949 -0.014878 -0.007788
v 0.013507 0.014122 -0.006786
v 0.013821 -0.014878 -0.006133
v 0.014112 0.014122 -0.005435
v 0.014375 -0.014878 -0.004712
v 0.014482 0.014122 -0.004372
v 0.014782 -0.014878 -0.003272
v 0.014779 0.014122 -0.003270
v 0.015027 0.014122 -0.001879
v 0.015044 -0.014878 -0.001748
vn -0.0780 0.9969 0.0005
vn -0.4071 0.9134 -0.0019
vn -0.3444 0.9388 0.0011
vn -0.0000 1.0000 -0.0000
vn -0.0002 1.0000 0.0009
vn -0.0043 1.0000 -0.0016
vn 0.0463 0.0373 -0.9982
vn 0.1603 0.0442 -0.9861
vn 0.2559 0.0298 -0.9662
vn 0.3852 0.0945 -0.9180
vn 0.3424 0.0413 -0.9386
vn 0.3578 0.0726 -0.9310
vn 0.2381 0.1054 -0.9655
vn 0.3850 0.0864 -0.9188
vn 0.6441 0.0486 -0.7634
vn 0.5660 -0.0028 -0.8244
vn -0.7064 0.7078 0.0008
vn -0.7060 0.7082 0.0001
vn -0.7071 0.7071 -0.0000
vn -0.7073 0.7070 -0.0001
vn -0.7068 0.7074 0.0003
vn -0.7072 0.7070 -0.0002
vn -0.0000 -0.0000 1.0000
vn -0.6070 -0.0006 0.7947
vn -0.6101 -0.0033 0.7924
vn -0.4794 0.0070 0.8776
vn -0.4699 -0.0012 0.8827
vn -0.3587 -0.0086 0.9334
vn -0.3171 0.0137 0.9483
vn -0.1702 0.0132 0.9853
vn -0.2248 -0.0109 0.9743
vn -0.0915 -0.0118 0.9957
vn -0.0053 0.0080 1.0000
vn -0.0011 -0.0000 1.0000
vn 0.7862 0.0033 -0.6179
vn 0.8344 -0.0084 -0.5511
vn 0.9425 0.0107 -0.3342
vn 0.9771 -0.0114 -0.2125
vn 0.9988 0.0112 0.0469
vn 0.9876 -0.0081 0.1569
vn 0.9048 0.0057 0.4259
vn 0.8941 0.0004 0.4479
vn 0.6958 -0.0043 0.7182
vn 0.6830 0.0002 0.7304
vn -0.7063 0.0023 0.7079
vn -0.7062 0.0036 0.7080
vn 0.0527 -0.9986 -0.0006
vn 0.2143 -0.9768 0.0014
vn 0.1825 -0.9832 -0.0001
vn 0.3373 -0.9414 -0.0014
vn 0.4012 -0.9160 0.0009
vn 0.5008 -0.8655 -0.0013
vn 0.5471 -0.8371 0.0014
vn 0.0002 0.0009 -1.0000
vn 0.0023 -0.0006 -1.0000
vn 0.3505 0.3498 0.8688
vn 0.3442 0.3507 0.8709
vn 0.3119 0.3116 0.8976
vn 0.3172 0.3108 0.8960
vn 0.1259 0.1200 -0.9848
vn 0.1268 0.1227 -0.9843
vn 0.2100 0.2242 -0.9516
vn 0.2854 0.2637 -0.9214
vn 0.3286 0.3507 -0.8770
vn 0.4050 0.3869 -0.8284
vn 0.4771 0.4897 -0.7298
vn 0.4759 0.4776 -0.7385
vn 0.5730 0.5693 -0.5896
vn 0.5662 0.5683 -0.5970
vn 0.6326 0.6329 -0.4463
vn 0.6292 0.6331 -0.4508
vn 0.6815 0.6748 -0.2831
vn 0.6783 0.6943 -0.2405
vn 0.7035 0.6927 -0.1588
vn 0.7000 0.7128 -0.0451
vn 0.7148 0.6991 0.0167
vn 0.6925 0.7099 0.1287
vn 0.6994 0.6770 0.2292
vn 0.6640 0.6807 0.3094
vn 0.6333 0.6213 0.4614
vn 0.6320 0.6297 0.4516
vn -0.0000 -1.0000 -0.0000
vn 0.0030 -1.0000 0.0010
vn 0.4058 0.0078 0.9139
vn 0.3336 -0.0098 0.9426
vn -0.0002 1.0000 -0.0003
vn -0.0045 1.0000 0.0023
vn 0.9100 0.0030 0.4147
vn 0.8987 -0.0031 0.4386
vn 0.0009 1.0000 0.0002
vn -0.0016 1.0000 0.0043
vn 0.9548 0.0015 -0.2972
vn 0.9357 -0.0090 -0.3527
vn 0.0008 1.0000 -0.0005
vn 0.0023 1.0000 0.0046
vn 0.4230 0.0094 -0.9061
vn 0.5253 -0.0062 -0.8509
vn 0.0001 1.0000 -0.0003
vn 0.0044 1.0000 0.0016
vn -0.2985 0.0024 -0.9544
vn -0.2623 -0.0045 -0.9650
vn -0.0008 1.0000 -0.0013
vn -0.0000 1.0000 0.0001
vn 0.0045 1.0000 -0.0023
vn -0.8849 0.0013 -0.4658
vn -0.8961 -0.0030 -0.4439
vn 0.0016 1.0000 -0.0043
vn -0.9389 0.0014 0.3443
vn -0.9351 -0.0015 0.3544
vn -0.0014 1.0000 0.0009
vn 0.0001 1.0000 -0.0000
vn -0.0013 1.0000 -0.0029
vn -0.3833 0.0051 0.9236
vn -0.4272 -0.0052 0.9042
vn 0.7064 -0.7078 -0.0005
vn 0.7062 -0.7080 -0.0000
vn 0.7071 -0.7071 -0.0000
vn 0.7069 -0.7073 0.0001
vn 0.7071 -0.7071 0.0001
vn 0.7072 -0.7070 0.0001
vn 0.7069 -0.7073 -0.0000
vn 0.7066 -0.7076 -0.0001
vn 0.7075 -0.7067 0.0003
vn 0.7076 -0.7066 0.0004
vn 0.7074 -0.7069 0.0002
vn 0.7062 -0.7080 -0.0008
vn 0.7065 -0.7078 -0.0007
vn 0.0015 0.0076 1.0000
vn 0.0013 0.0057 1.0000
vn 0.1126 -0.0102 0.9936
vn 0.1803 0.0150 0.9835
vn 0.2212 -0.0063 0.9752
vn 0.3655 0.0110 0.9307
vn 0.3527 0.0008 0.9357
vn 0.4868 -0.0130 0.8734
vn 0.5325 0.0140 0.8463
vn 0.6425 0.0069 0.7662
vn 0.6079 -0.0107 0.7940
vn 0.7060 -0.0020 0.7082
vn 0.7053 0.0001 0.7089
vn -0.0650 0.9957 0.0657
vn -0.2882 0.9140 0.2856
vn -0.2412 0.9396 0.2428
vn 0.1042 -0.0027 -0.9946
vn 0.1886 0.0108 -0.9820
vn 0.4667 -0.0156 -0.8843
vn 0.5969 0.0181 -0.8021
vn 0.8024 -0.0145 -0.5966
vn 0.9045 0.0157 -0.4263
vn 0.9563 -0.0095 -0.2923
vn 0.9995 0.0071 0.0306
vn 0.9973 -0.0033 0.0739
vn 0.7076 -0.0048 0.7066
vn 0.7081 0.0023 0.7061
vn 0.7688 0.0107 0.6394
vn 0.8051 -0.0114 0.5930
vn 0.8535 0.0117 0.5210
vn 0.8705 -0.0059 0.4922
vn 0.9343 0.0094 0.3563
vn 0.9300 0.0005 0.3676
vn 0.9839 0.0160 0.1781
vn 0.9741 -0.0106 0.2261
vn 0.9958 -0.0121 0.0904
vn 1.0000 0.0078 0.0051
vn 1.0000 -0.0000 0.0010
vn 0.0002 0.9980 0.0635
vn -0.0021 0.9135 0.4067
vn 0.0011 0.9533 0.3020
vn 0.0014 0.8400 0.5426
vn -0.6288 0.0079 -0.7775
vn -0.4784 -0.0156 -0.8780
vn -0.3321 0.0126 -0.9432
vn 0.0308 0.0002 -0.9995
vn -0.0178 -0.0120 -0.9998
vn 0.3356 0.0071 -0.9420
vn 0.4289 -0.0105 -0.9033
vn 0.6074 0.0091 -0.7943
vn 0.7183 -0.0113 -0.6956
vn 0.8439 0.0110 -0.5364
vn 1.0000 0.0076 -0.0016
vn 1.0000 0.0004 -0.0009
vn 0.9917 -0.0126 -0.1276
vn 0.9865 0.0088 -0.1638
vn 0.9575 0.0012 -0.2886
vn 0.9519 -0.0127 -0.3061
vn 0.8974 0.0101 -0.4412
vn 0.8776 -0.0123 -0.4792
vn 0.8378 0.0096 -0.5458
vn 0.7668 0.0070 -0.6418
vn 0.7946 -0.0103 -0.6070
vn 0.7092 -0.0042 -0.7050
vn 0.7077 -0.0000 -0.7065
vn 0.0503 0.9975 0.0497
vn 0.2862 0.9135 0.2891
vn 0.2162 0.9524 0.2147
vn 0.3842 0.8404 0.3823
vn -0.9848 0.0068 -0.1735
vn -0.9582 -0.0146 -0.2858
vn -0.8660 0.0134 -0.4999
vn -0.6691 0.0038 -0.7432
vn -0.7296 -0.0117 -0.6838
vn -0.3969 -0.0009 -0.9178
vn -0.4019 0.0006 -0.9157
vn -0.0348 -0.0049 -0.9994
vn 0.0378 0.0106 -0.9992
vn 0.2680 -0.0090 -0.9634
vn 0.7062 0.0094 -0.7080
vn 0.7066 0.0041 -0.7076
vn 0.6458 -0.0108 -0.7634
vn 0.5685 0.0146 -0.8225
vn 0.5469 -0.0018 -0.8372
vn 0.4482 -0.0086 -0.8939
vn 0.4063 0.0149 -0.9136
vn 0.3126 -0.0150 -0.9498
vn 0.2676 0.0088 -0.9635
vn 0.1506 0.0012 -0.9886
vn 0.1395 -0.0068 -0.9902
vn 0.0030 0.0012 -1.0000
vn 0.0036 -0.0001 -1.0000
vn 0.1030 0.9947 -0.0009
vn 0.4067 0.9136 0.0019
vn 0.3329 0.9430 -0.0006
vn 0.5512 0.8344 -0.0013
vn -0.8491 0.0041 0.5283
vn -0.8265 -0.0052 0.5629
vn -0.9788 -0.0010 0.2048
vn -0.9746 0.0043 0.2237
vn -0.9964 -0.0091 -0.0849
vn -0.9733 0.0133 -0.2291
vn -0.9235 -0.0097 -0.3834
vn -0.8008 0.0114 -0.5989
vn -0.7414 -0.0051 -0.6710
vn -0.5479 -0.0008 -0.8365
vn -0.5368 0.0019 -0.8437
vn -0.0009 0.0025 -1.0000
vn -0.0009 0.0028 -1.0000
vn -0.1221 0.0020 -0.9925
vn -0.1123 -0.0027 -0.9937
vn -0.2308 0.0035 -0.9730
vn -0.2204 -0.0021 -0.9754
vn -0.3718 0.0097 -0.9283
vn -0.3520 -0.0037 -0.9360
vn -0.4866 -0.0130 -0.8735
vn -0.5324 0.0140 -0.8464
vn -0.6433 0.0072 -0.7656
vn -0.6069 -0.0104 -0.7947
vn -0.7048 -0.0044 -0.7094
vn -0.7064 -0.0001 -0.7078
vn 0.0181 0.9997 -0.0168
vn 0.1315 0.9823 -0.1334
vn 0.2886 0.9137 -0.2859
vn 0.2444 0.9383 -0.2447
vn 0.3918 0.8316 -0.3936
vn -0.1891 0.0083 0.9819
vn -0.2778 -0.0101 0.9606
vn -0.5677 0.0064 0.8232
vn -0.6027 -0.0026 0.7980
vn -0.8211 0.0028 0.5707
vn -0.8369 -0.0042 0.5474
vn -0.9867 0.0043 0.1627
vn -0.9888 0.0005 0.1489
vn -0.9840 -0.0034 -0.1779
vn -0.9761 0.0037 -0.2172
vn -0.7079 -0.0010 -0.7063
vn -0.7080 0.0005 -0.7062
vn -0.7991 0.0066 -0.6011
vn -0.8104 -0.0067 -0.5859
vn -0.8881 -0.0021 -0.4597
vn -0.8898 0.0006 -0.4564
vn -0.9401 0.0058 -0.3408
vn -0.9450 -0.0031 -0.3270
vn -0.9838 0.0152 -0.1786
vn -0.9764 -0.0055 -0.2157
vn -0.9960 -0.0121 -0.0881
vn -0.9999 0.0089 -0.0057
vn -1.0000 -0.0000 -0.0010
vn -0.0004 0.9967 -0.0814
vn 0.0019 0.9136 -0.4067
vn -0.0013 0.9404 -0.3400
vn 0.6488 -0.0000 0.7609
vn 0.6226 0.0035 0.7825
vn 0.4430 -0.0091 0.8965
vn 0.3314 0.0124 0.9434
vn -0.0314 0.0057 0.9995
vn 0.0501 -0.0094 0.9987
vn -0.3523 0.0043 0.9359
vn -0.3061 -0.0063 0.9520
vn -0.6869 -0.0002 0.7267
vn -0.6902 -0.0016 0.7236
vn -1.0000 0.0070 0.0016
vn -1.0000 0.0007 0.0010
vn -0.9935 -0.0100 0.1130
vn -0.9865 0.0089 0.1637
vn -0.9752 -0.0074 0.2213
vn -0.9572 0.0126 0.2891
vn -0.9322 -0.0186 0.3614
vn -0.8950 0.0180 0.4457
vn -0.8171 0.0135 0.5764
vn -0.8529 -0.0143 0.5219
vn -0.7679 -0.0120 0.6405
vn -0.7110 0.0084 0.7031
vn -0.7079 -0.0001 0.7064
vn -0.0431 0.9982 -0.0422
vn -0.2538 0.9328 -0.2558
vn -0.2257 0.9478 -0.2254
vn -0.3931 0.8323 -0.3909
vn 0.9496 0.0077 0.3133
vn 0.9361 -0.0035 0.3518
vn 0.7259 0.0036 0.6878
vn 0.7174 0.0003 0.6966
vn 0.3502 0.0049 0.9367
vn 0.3824 -0.0049 0.9240
vn -0.0448 -0.0001 0.9990
vn -0.0621 -0.0045 0.9981
vn -0.0001 -1.0000 -0.0001
vn 0.0040 -1.0000 -0.0019
vn -0.0086 -1.0000 -0.0021
vn 0.0001 -1.0000 0.0001
vn 0.0002 -1.0000 -0.0000
vn 0.0011 -1.0000 -0.0029
vn -0.0001 -1.0000 0.0001
vn -0.0019 -1.0000 -0.0039
vn -0.0001 -1.0000 0.0003
vn -0.0028 -1.0000 -0.0010
vn -0.0027 -1.0000 0.0013
vn -0.0010 -1.0000 0.0030
vn 0.0004 -1.0000 -0.0003
vn 0.0014 -1.0000 0.0028
vn 0.7070 0.0003 0.7072
vn 0.7067 -0.0000 0.7076
vn 0.7075 0.0003 0.7067
vn -0.6737 0.0366 -0.7381
vn -0.5842 0.0445 -0.8104
vn -0.4065 0.0740 -0.9107
vn -0.5150 0.1051 -0.8507
vn -0.3696 0.0931 -0.9245
vn -0.3451 0.0239 -0.9382
vn -0.0978 0.0308 -0.9947
vn -0.5030 0.0030 -0.8643
vn -0.4060 0.0327 -0.9133
vn -0.4570 0.0803 -0.8858
vn -0.2665 0.0050 -0.9638
vn -0.3774 0.0200 -0.9258
vn -0.4990 0.7078 0.5001
vn -0.4992 0.7082 0.4992
vn -0.5000 0.7072 0.4999
vn -0.5001 0.7069 0.5001
vn -0.5001 0.7070 0.5001
vn -0.5003 0.7067 0.5003
vn -0.4992 0.7081 0.4994
vn -0.4999 0.7073 0.4998
vn -0.5005 0.7067 0.5001
vn -0.5002 0.7069 0.5000
vn -0.4987 0.7081 0.4998
vn -0.5007 0.7067 0.4999
vn -0.4994 0.7075 0.5000
vn -0.5011 0.7065 0.4997
vn -0.4991 0.7076 0.5003
vn 1.0000 -0.0000 -0.0000
vn -0.9986 0.0177 -0.0503
vn -0.9896 0.0873 -0.1141
vn -0.9861 0.0485 -0.1589
vn -0.9701 0.1002 -0.2212
vn -0.9046 0.0882 -0.4171
vn -0.9322 0.0544 -0.3579
vn -0.7708 0.0027 -0.6371
vn -0.9531 0.0467 -0.2990
vn -0.9448 0.0729 -0.3195
vn -0.8322 0.0417 -0.5529
vn -0.9132 0.0056 -0.4075
vn -0.7845 -0.0011 -0.6202
vn -0.0009 0.7077 0.7065
vn -0.0001 0.7073 0.7069
vn -0.0001 0.7074 0.7068
vn -0.0000 0.7069 0.7073
vn 0.0001 0.7076 0.7066
vn -0.0001 0.7069 0.7073
vn -0.0000 0.7071 0.7071
vn -0.0005 0.7066 0.7077
vn -0.0000 0.7070 0.7072
vn 0.0001 0.7071 0.7072
vn 0.0010 0.7076 0.7066
vn 0.7070 0.0001 -0.7072
vn 0.7071 0.0001 -0.7071
vn 0.7065 0.0003 -0.7078
vn -0.7411 0.0176 0.6712
vn -0.7801 0.0878 0.6195
vn -0.8066 0.0405 0.5897
vn -0.8419 0.1004 0.5303
vn -0.8601 0.0631 0.5062
vn -0.9241 0.0447 0.3796
vn -0.9756 -0.0054 0.2194
vn -0.9076 0.0389 0.4180
vn -0.9237 0.0895 0.3725
vn -0.9187 0.0833 0.3860
vn -0.9948 0.0567 0.0841
vn 0.4989 0.7078 0.5002
vn 0.4999 0.7073 0.4999
vn 0.4999 0.7072 0.4999
vn 0.5000 0.7071 0.5000
vn 0.5006 0.7063 0.5005
vn 0.4994 0.7082 0.4990
vn 0.5000 0.7070 0.5001
vn 0.5001 0.7069 0.5002
vn 0.5001 0.7070 0.5001
vn 0.5001 0.7072 0.4998
vn 0.5000 0.7070 0.5002
vn 0.5000 0.7067 0.5006
vn 0.5009 0.7081 0.4976
vn -0.0000 -0.0000 -1.0000
vn -0.0488 0.0346 0.9982
vn -0.1530 0.0393 0.9874
vn -0.4313 0.1063 0.8959
vn -0.6199 0.0329 0.7840
vn -0.3671 0.0854 0.9263
vn -0.1021 0.0496 0.9935
vn -0.2194 0.1028 0.9702
vn -0.5020 0.0042 0.8649
vn -0.2547 0.0696 0.9645
vn -0.3717 0.0230 0.9281
vn -0.4244 0.0301 0.9050
vn 0.7065 0.7077 0.0008
vn 0.7069 0.7073 0.0001
vn 0.7068 0.7074 0.0001
vn 0.7072 0.7070 -0.0000
vn 0.7074 0.7068 -0.0001
vn 0.7078 0.7064 -0.0001
vn 0.7062 0.7080 -0.0002
vn 0.7075 0.7067 0.0001
vn 0.7070 0.7072 -0.0001
vn 0.7072 0.7070 -0.0001
vn 0.7064 0.7078 -0.0006
vn 0.7080 0.7062 0.0008
vn 0.7075 0.7068 0.0002
vn 0.7078 0.7064 0.0007
vn 0.7072 0.7070 -0.0002
vn 0.7061 0.7081 -0.0026
vn -0.7069 -0.0001 -0.7073
vn -0.7076 0.0004 -0.7066
vn -0.7075 0.0003 -0.7067
vn -0.7066 -0.0002 -0.7076
vn 0.6692 0.0139 0.7429
vn 0.6490 0.0592 0.7584
vn 0.5949 0.0658 0.8011
vn 0.4972 0.0653 0.8651
vn 0.5025 0.0340 0.8639
vn 0.4117 0.0879 0.9071
vn 0.4173 0.0436 0.9077
vn 0.0321 -0.0021 0.9995
vn 0.3755 0.0308 0.9263
vn 0.2046 0.0601 0.9770
vn 0.4113 0.1363 0.9012
vn 0.6399 0.0587 0.7662
vn 0.5001 0.7078 -0.4989
vn 0.4999 0.7073 -0.4998
vn 0.4998 0.7074 -0.4997
vn 0.5000 0.7072 -0.5000
vn 0.5005 0.7064 -0.5005
vn 0.4992 0.7080 -0.4995
vn 0.5002 0.7069 -0.5001
vn 0.4999 0.7072 -0.5000
vn 0.5004 0.7068 -0.5001
vn 0.4996 0.7073 -0.5001
vn 0.5007 0.7066 -0.5000
vn -1.0000 -0.0000 -0.0000
vn 0.9983 0.0368 0.0459
vn 0.9862 0.0438 0.1596
vn 0.9303 0.0737 0.3593
vn 0.9653 0.1054 0.2389
vn 0.9259 0.0792 0.3693
vn 0.7569 -0.0007 0.6536
vn 0.8285 0.0582 0.5570
vn 0.9647 0.0674 0.2545
vn 0.9163 0.0322 0.3993
vn 0.8914 0.0348 0.4519
vn 0.9281 0.0002 0.3724
vn 0.8714 -0.0000 0.4906
vn 0.8577 -0.0000 0.5141
vn 0.6005 -0.0000 0.7996
vn 0.8498 0.0195 0.5267
vn -0.0009 0.7077 -0.7065
vn -0.0000 0.7082 -0.7060
vn -0.0000 0.7074 -0.7068
vn 0.0001 0.7077 -0.7065
vn -0.0000 0.7069 -0.7073
vn -0.0000 0.7072 -0.7070
vn -0.0000 0.7071 -0.7071
vn 0.0003 0.7065 -0.7077
vn -0.0005 0.7077 -0.7065
vn 0.0001 0.7070 -0.7072
vn 0.0011 0.7064 -0.7078
vn -0.0015 0.7077 -0.7065
vn -0.7071 -0.0000 0.7071
vn -0.7068 0.0002 0.7075
vn -0.7072 0.0001 0.7071
vn -0.7070 0.0003 0.7072
vn 0.9161 0.0477 -0.3980
vn 0.9220 0.0877 -0.3772
vn 0.9086 0.0745 -0.4109
vn 0.7335 -0.0210 -0.6793
vn 0.7326 0.0339 -0.6798
vn 0.8249 0.0927 -0.5577
vn 0.7789 0.0532 -0.6249
vn 0.7661 0.0552 -0.6404
vn 0.9974 0.0457 -0.0550
vn 0.9813 -0.0153 -0.1918
vn 0.8254 0.0477 -0.5625
vn 0.9094 0.0424 -0.4138
vn 0.8194 0.0572 -0.5704
vn -0.4984 0.7081 -0.5002
vn -0.4999 0.7073 -0.4998
vn -0.5001 0.7070 -0.5001
vn -0.4997 0.7075 -0.4998
vn -0.5003 0.7066 -0.5004
vn -0.4998 0.7075 -0.4997
vn -0.5000 0.7070 -0.5001
vn -0.4999 0.7069 -0.5004
vn -0.4999 0.7065 -0.5010
vn -0.5002 0.7076 -0.4991
vn -0.5003 0.7078 -0.4987
vn 0.0303 -0.9991 -0.0305
vn 0.1276 -0.9834 -0.1294
vn 0.1819 -0.9668 -0.1793
vn 0.2414 -0.9395 -0.2431
vn 0.3349 -0.8814 -0.3331
vn 0.3537 -0.8654 -0.3549
vn -0.0021 -0.9941 -0.1083
vn 0.0020 -0.9768 -0.2142
vn -0.0017 -0.9425 -0.3342
vn 0.0014 -0.9117 -0.4108
vn -0.0017 -0.8510 -0.5251
vn 0.0012 -0.8175 -0.5759
vn -0.0374 -0.9986 -0.0367
vn -0.1302 -0.9831 -0.1290
vn -0.1891 -0.9629 -0.1926
vn -0.2415 -0.9404 -0.2396
vn -0.3722 -0.8501 -0.3727
vn -0.3722 -0.8501 -0.3726
vn -0.0301 -0.9995 -0.0000
vn -0.2143 -0.9768 -0.0012
vn -0.1731 -0.9849 0.0008
vn -0.3469 -0.9379 0.0013
vn -0.4111 -0.9116 -0.0012
vn -0.5049 -0.8632 0.0015
vn -0.5770 -0.8167 -0.0019
vn -0.0361 -0.9987 0.0370
vn -0.1525 -0.9768 0.1505
vn -0.1287 -0.9833 0.1288
vn -0.2390 -0.9406 0.2410
vn -0.2840 -0.9162 0.2825
vn -0.3868 -0.8374 0.3863
vn -0.3708 -0.8508 0.3723
vn -0.0002 -0.9997 0.0261
vn -0.0013 -0.9768 0.2143
vn 0.0010 -0.9855 0.1695
vn 0.0012 -0.9395 0.3426
vn -0.0012 -0.9117 0.4108
vn 0.0017 -0.8662 0.4997
vn -0.0020 -0.8168 0.5769
vn 0.0420 -0.9983 0.0405
vn 0.1505 -0.9767 0.1529
vn 0.1946 -0.9618 0.1926
vn 0.2832 -0.9160 0.2843
vn 0.3130 -0.8971 0.3118
vn 0.3869 -0.8362 0.3887
vn 0.4222 -0.8030 0.4207
vn 0.7072 -0.0001 0.7070
vn 0.7071 -0.0000 0.7071
vn -0.7074 0.0008 -0.7068
vn -0.7058 -0.0010 -0.7084
vn 0.8614 0.3489 0.3691
vn 0.8598 0.3494 0.3724
vn 0.8553 0.3122 0.4135
vn 0.8574 0.3116 0.4095
vn -0.6372 0.0861 -0.7659
vn -0.6262 0.1121 -0.7716
vn -0.5126 0.2140 -0.8315
vn -0.5051 0.2313 -0.8315
vn -0.3915 0.3384 -0.8557
vn -0.3293 0.3621 -0.8720
vn -0.2723 0.4303 -0.8607
vn -0.1505 0.4903 -0.8585
vn -0.1333 0.5102 -0.8497
vn -0.0097 0.5703 -0.8214
vn 0.0016 0.5816 -0.8135
vn 0.1397 0.6304 -0.7636
vn 0.1605 0.6513 -0.7416
vn 0.3161 0.6785 -0.6631
vn 0.3420 0.6983 -0.6288
vn 0.4563 0.7009 -0.5482
vn 0.4756 0.7115 -0.5173
vn 0.5888 0.6963 -0.4104
vn 0.5994 0.7017 -0.3852
vn 0.6970 0.6710 -0.2528
vn 0.7056 0.6645 -0.2462
vn 0.7750 0.6250 -0.0938
vn 0.7898 0.6086 -0.0764
vn -1.0000 0.0011 -0.0009
vn -1.0000 0.0007 -0.0014
vn 0.8700 0.3498 -0.3473
vn 0.8710 0.3503 -0.3446
vn 0.8975 0.3119 -0.3119
vn 0.8960 0.3112 -0.3166
vn -0.9766 0.1488 -0.1555
vn -0.9749 0.1570 -0.1577
vn -0.9207 0.2815 -0.2702
vn -0.8991 0.2986 -0.3201
vn -0.8230 0.4111 -0.3921
vn -0.7819 0.4333 -0.4483
vn -0.7096 0.5032 -0.4933
vn -0.6670 0.5225 -0.5312
vn -0.6075 0.5674 -0.5559
vn -0.5354 0.5871 -0.6071
vn -0.4253 0.6504 -0.6294
vn -0.3808 0.6511 -0.6565
vn -0.2449 0.6832 -0.6879
vn -0.2284 0.6918 -0.6850
vn -0.0667 0.7089 -0.7021
vn -0.0381 0.7011 -0.7121
vn 0.1039 0.7067 -0.6998
vn 0.1346 0.6964 -0.7049
vn 0.2664 0.6880 -0.6750
vn 0.3259 0.6587 -0.6782
vn 0.4568 0.6394 -0.6184
vn 0.5043 0.6065 -0.6146
vn 0.7070 -0.0003 -0.7072
vn 0.7071 -0.0000 -0.7071
vn -0.7139 -0.0067 0.7002
vn -0.7074 0.0003 0.7068
vn 0.3586 0.3471 -0.8666
vn 0.3727 0.3492 -0.8597
vn 0.4135 0.3122 -0.8553
vn 0.4094 0.3116 -0.8575
vn -0.7671 0.1121 0.6317
vn -0.8146 0.1655 0.5559
vn -0.8202 0.2144 0.5304
vn -0.8557 0.2971 0.4236
vn -0.8550 0.3330 0.3977
vn -0.8695 0.3811 0.3144
vn -0.8608 0.4297 0.2728
vn -0.8584 0.4895 0.1531
vn -0.8480 0.5131 0.1325
vn -0.8244 0.5659 0.0116
vn -0.7969 0.6034 -0.0300
vn -0.7721 0.6213 -0.1339
vn -0.6815 0.6720 -0.2900
vn -0.7024 0.6748 -0.2263
vn -0.5915 0.7073 -0.3871
vn -0.5616 0.6980 -0.4442
vn -0.4802 0.7117 -0.5128
vn -0.4484 0.7007 -0.5549
vn -0.3678 0.7024 -0.6094
vn -0.3289 0.6812 -0.6541
vn -0.2111 0.6694 -0.7123
vn -0.1591 0.6264 -0.7631
vn -0.0578 0.6136 -0.7875
vn -0.0002 0.0010 1.0000
vn -0.0007 0.0005 1.0000
vn -0.3519 0.3481 -0.8689
vn -0.3450 0.3492 -0.8712
vn -0.3122 0.3122 -0.8973
vn -0.3164 0.3115 -0.8960
vn -0.1261 0.1200 0.9847
vn -0.1293 0.1296 0.9831
vn -0.2308 0.2410 0.9427
vn -0.2829 0.2648 0.9219
vn -0.3264 0.3382 0.8827
vn -0.4100 0.3944 0.8224
vn -0.4202 0.4264 0.8010
vn -0.5109 0.5186 0.6856
vn -0.5282 0.5208 0.6707
vn -0.5992 0.5968 0.5336
vn -0.6003 0.6129 0.5138
vn -0.6586 0.6471 0.3840
vn -0.6599 0.6690 0.3419
vn -0.6939 0.6861 0.2185
vn -0.6922 0.6912 0.2078
vn -0.7016 0.7113 0.0422
vn -0.7153 0.6988 -0.0045
vn -0.6960 0.7093 -0.1116
vn -0.6987 0.6810 -0.2194
vn -0.6808 0.6858 -0.2574
vn -0.6444 0.6544 -0.3957
vn -0.6422 0.6206 -0.4499
vn -0.6012 0.6090 -0.5174
vn -0.7069 0.0002 -0.7073
vn -0.7071 -0.0000 -0.7071
vn 0.7091 0.0040 0.7051
vn 0.7061 0.0008 0.7081
vn -0.8631 0.3488 -0.3652
vn -0.8596 0.3499 -0.3724
vn -0.8552 0.3118 -0.4141
vn -0.8576 0.3110 -0.4097
vn 0.6087 0.1106 0.7857
vn 0.5746 0.1832 0.7977
vn 0.4800 0.2362 0.8449
vn 0.4060 0.3321 0.8514
vn 0.3399 0.3617 0.8681
vn 0.2705 0.4281 0.8623
vn 0.2059 0.4529 0.8675
vn 0.1383 0.5169 0.8448
vn 0.0205 0.5586 0.8292
vn -0.0021 0.5816 0.8135
vn -0.1298 0.6278 0.7675
vn -0.1596 0.6523 0.7410
vn -0.2579 0.6633 0.7025
vn -0.3499 0.7010 0.6214
vn -0.3752 0.6963 0.6118
vn -0.5006 0.7061 0.5009
vn -0.5156 0.7141 0.4734
vn -0.6003 0.6921 0.4008
vn -0.6577 0.6942 0.2925
vn -0.6996 0.6664 0.2580
vn -0.7725 0.6248 0.1132
vn -0.7736 0.6252 0.1033
vn 1.0000 -0.0030 0.0041
vn 1.0000 -0.0012 0.0017
vn -0.8686 0.3489 0.3517
vn -0.8710 0.3500 0.3448
vn -0.8974 0.3120 0.3120
vn -0.8961 0.3113 0.3164
vn 0.9937 0.0833 0.0748
vn 0.9862 0.1098 0.1242
vn 0.9551 0.2184 0.2004
vn 0.9398 0.2365 0.2466
vn 0.8728 0.3441 0.3460
vn 0.8646 0.3599 0.3506
vn 0.7737 0.4447 0.4512
vn 0.7583 0.4644 0.4575
vn 0.6588 0.5274 0.5365
vn 0.6145 0.5667 0.5489
vn 0.5249 0.5916 0.6119
vn 0.4324 0.6482 0.6268
vn 0.3311 0.6593 0.6750
vn 0.2574 0.6910 0.6754
vn 0.1662 0.6889 0.7056
vn 0.0326 0.7172 0.6961
vn -0.0025 0.7061 0.7081
vn -0.1407 0.6930 0.7071
vn -0.2112 0.7018 0.6804
vn -0.3130 0.6641 0.6790
vn -0.3854 0.6570 0.6479
vn -0.4676 0.6193 0.6307
vn -0.4972 0.6156 0.6114
vn 0.7098 -0.0017 -0.7044
vn 0.7075 0.0007 -0.7067
vn -0.3692 0.3503 0.8608
vn -0.3716 0.3507 0.8596
vn -0.4139 0.3119 0.8552
vn -0.4094 0.3112 0.8576
vn 0.7883 0.1386 -0.5995
vn 0.8016 0.1464 -0.5796
vn 0.8406 0.2847 -0.4608
vn 0.8620 0.3002 -0.4083
vn 0.8601 0.4239 -0.2839
vn 0.8685 0.4382 -0.2317
vn 0.8441 0.5217 -0.1241
vn 0.8441 0.5317 -0.0689
vn 0.7809 0.6211 0.0674
vn 0.7754 0.6205 0.1175
vn 0.6978 0.6693 0.2551
vn 0.6659 0.6909 0.2816
vn 0.6160 0.6890 0.3819
vn 0.5298 0.7139 0.4578
vn 0.4943 0.7003 0.5150
vn 0.4141 0.7091 0.5706
vn 0.3565 0.6882 0.6319
vn 0.2921 0.6879 0.6645
vn 0.2410 0.6603 0.7113
vn 0.1225 0.6406 0.7581
vn 0.0939 0.6126 0.7848
vn 0.4995 -0.7085 -0.4985
vn 0.4993 -0.7080 -0.4994
vn 0.5002 -0.7069 -0.5002
vn 0.4998 -0.7076 -0.4995
vn 0.5002 -0.7069 -0.5001
vn 0.4999 -0.7073 -0.4998
vn 0.4998 -0.7075 -0.4997
vn 0.5003 -0.7070 -0.4999
vn 0.5002 -0.7070 -0.4999
vn 0.5001 -0.7072 -0.4999
vn 0.4995 -0.7076 -0.4998
vn 0.5000 -0.7073 -0.4998
vn 0.4989 -0.7079 -0.5000
vn 0.5017 -0.7065 -0.4991
vn -0.0004 -0.7076 -0.7067
vn -0.0000 -0.7078 -0.7065
vn -0.0000 -0.7071 -0.7071
vn -0.0000 -0.7069 -0.7073
vn -0.0000 -0.7072 -0.7070
vn -0.0002 -0.7078 -0.7064
vn -0.0000 -0.7075 -0.7067
vn 0.0007 -0.7060 -0.7082
vn -0.4994 -0.7078 -0.4996
vn -0.4996 -0.7077 -0.4995
vn -0.5002 -0.7069 -0.5002
vn -0.5001 -0.7069 -0.5001
vn -0.4997 -0.7075 -0.4998
vn -0.5001 -0.7068 -0.5002
vn -0.4995 -0.7079 -0.4994
vn -0.5001 -0.7067 -0.5005
vn -0.4998 -0.7075 -0.4997
vn -0.5002 -0.7062 -0.5011
vn -0.4999 -0.7079 -0.4989
vn -0.4999 -0.7068 -0.5005
vn -0.5001 -0.7081 -0.4985
vn -0.4998 -0.7074 -0.4998
vn -0.7067 -0.7076 0.0009
vn -0.7062 -0.7080 0.0001
vn -0.7074 -0.7068 -0.0000
vn -0.7068 -0.7075 -0.0002
vn -0.7071 -0.7071 -0.0001
vn -0.7073 -0.7069 -0.0001
vn -0.7069 -0.7073 -0.0000
vn -0.7065 -0.7077 0.0002
vn -0.7077 -0.7066 -0.0005
vn -0.7063 -0.7079 0.0006
vn -0.7068 -0.7075 0.0001
vn -0.7070 -0.7073 -0.0002
vn -0.4996 -0.7078 0.4995
vn -0.4996 -0.7077 0.4995
vn -0.5001 -0.7071 0.5000
vn -0.5001 -0.7070 0.5001
vn -0.4997 -0.7076 0.4995
vn -0.5006 -0.7064 0.5004
vn -0.4998 -0.7073 0.4998
vn -0.4999 -0.7073 0.4999
vn -0.4998 -0.7074 0.4998
vn -0.5007 -0.7065 0.5001
vn -0.5004 -0.7068 0.5000
vn -0.4982 -0.7084 0.4999
vn -0.5011 -0.7065 0.4998
vn -0.4996 -0.7074 0.5000
vn 0.0010 -0.7076 0.7067
vn 0.0001 -0.7081 0.7062
vn -0.0000 -0.7071 0.7071
vn -0.0001 -0.7077 0.7066
vn -0.0001 -0.7066 0.7077
vn 0.0001 -0.7074 0.7068
vn -0.0002 -0.7068 0.7074
vn 0.4990 -0.7078 0.5000
vn 0.4999 -0.7074 0.4998
vn 0.5003 -0.7067 0.5003
vn 0.4998 -0.7073 0.5000
vn 0.5000 -0.7070 0.5001
vn 0.4998 -0.7074 0.4999
vn 0.4999 -0.7071 0.5001
vn 0.4996 -0.7078 0.4994
vn 0.5001 -0.7061 0.5013
vn 0.4999 -0.7072 0.4999
vn 0.4999 -0.7077 0.4994
vn 0.4998 -0.7068 0.5006
vn 0.5000 -0.7077 0.4992
vn 0.5003 -0.7081 0.4984
vn -0.1006 -0.9949 -0.0010
vn -0.3606 -0.9327 0.0015
vn -0.3332 -0.9429 0.0005
vn -0.5522 -0.8337 -0.0016
vn -0.0002 -1.0000 -0.0007
vn -0.0030 -1.0000 0.0011
vn 0.0388 -0.0300 0.9988
vn 0.1439 -0.0314 0.9891
vn 0.4309 -0.1007 0.8968
vn 0.6182 -0.0327 0.7853
vn 0.3761 -0.0835 0.9228
vn 0.1017 -0.0495 0.9936
vn 0.2132 -0.1041 0.9714
vn 0.4135 -0.0246 0.9102
vn 0.5421 -0.0058 0.8403
vn 0.3856 -0.0384 0.9219
vn 0.2464 -0.0708 0.9666
vn -0.7061 -0.7081 0.0014
vn -0.7071 -0.7071 -0.0000
vn -0.6070 0.0006 -0.7947
vn -0.6101 0.0033 -0.7924
vn -0.4944 -0.0062 -0.8692
vn -0.4631 0.0122 -0.8862
vn -0.3919 -0.0102 -0.9200
vn -0.3126 0.0150 -0.9498
vn -0.2675 -0.0089 -0.9635
vn -0.1513 -0.0011 -0.9885
vn -0.1382 0.0081 -0.9904
vn -0.0046 -0.0046 -1.0000
vn -0.0022 0.0001 -1.0000
vn 0.7783 -0.0047 0.6278
vn 0.8190 0.0064 0.5737
vn 0.9430 -0.0055 0.3328
vn 0.9509 -0.0004 0.3095
vn 0.9989 -0.0046 -0.0473
vn 0.9999 0.0041 -0.0118
vn 0.9048 0.0004 -0.4259
vn 0.9066 -0.0008 -0.4219
vn 0.6970 0.0043 -0.7170
vn 0.6708 -0.0048 -0.7416
vn -0.7063 -0.0023 -0.7079
vn -0.7066 0.0021 -0.7076
vn 0.0270 0.9996 -0.0002
vn 0.2148 0.9767 -0.0010
vn 0.1804 0.9836 0.0010
vn 0.4023 0.9155 -0.0007
vn 0.3699 0.9291 0.0007
vn 0.5473 0.8369 -0.0003
vn 0.5294 0.8484 0.0009
vn 0.0002 -0.0009 1.0000
vn 0.0007 -0.0005 1.0000
vn 0.3486 -0.3489 -0.8699
vn 0.3432 -0.3497 -0.8718
vn 0.3118 -0.3115 -0.8976
vn 0.3175 -0.3107 -0.8959
vn 0.1240 -0.1182 0.9852
vn 0.1281 -0.1300 0.9832
vn 0.2331 -0.2404 0.9423
vn 0.2698 -0.2556 0.9284
vn 0.3337 -0.3442 0.8776
vn 0.3881 -0.3725 0.8430
vn 0.4260 -0.4441 0.7882
vn 0.5047 -0.4874 0.7125
vn 0.5261 -0.5445 0.6532
vn 0.5871 -0.5694 0.5754
vn 0.6474 -0.6368 0.4187
vn 0.6170 -0.6374 0.4616
vn 0.6845 -0.6857 0.2477
vn 0.6816 -0.6944 0.2306
vn 0.7086 -0.6973 0.1078
vn 0.6964 -0.7172 0.0249
vn 0.7154 -0.6949 -0.0728
vn 0.6833 -0.7016 -0.2021
vn 0.6882 -0.6826 -0.2458
vn 0.6566 -0.6543 -0.3752
vn 0.6473 -0.6546 -0.3906
vn 0.6098 -0.6054 -0.5114
vn 0.6026 -0.6032 -0.5226
vn -0.0006 1.0000 -0.0024
vn 0.0028 1.0000 -0.0009
vn 0.3432 0.0003 -0.9393
vn 0.3345 0.0028 -0.9424
vn 0.0007 -1.0000 -0.0012
vn -0.0045 -1.0000 -0.0023
vn 0.9100 -0.0030 -0.4147
vn 0.8987 0.0031 -0.4386
vn 0.0013 -1.0000 -0.0003
vn -0.0016 -1.0000 -0.0044
vn 0.9548 -0.0015 0.2972
vn 0.9357 0.0090 0.3527
vn 0.0010 -1.0000 0.0006
vn 0.0023 -1.0000 -0.0046
vn 0.4230 -0.0111 0.9060
vn 0.0003 -1.0000 0.0014
vn 0.0044 -1.0000 -0.0016
vn -0.3263 -0.0076 0.9452
vn -0.2664 0.0038 0.9639
vn -0.0005 -1.0000 0.0008
vn 0.0042 -1.0000 0.0020
vn -0.8830 -0.0013 0.4694
vn -0.9108 0.0099 0.4128
vn -0.0003 -1.0000 0.0001
vn 0.0016 -1.0000 0.0044
vn -0.9389 -0.0014 -0.3443
vn -0.9351 0.0015 -0.3544
vn 0.0003 -1.0000 0.0002
vn -0.0014 -1.0000 0.0029
vn -0.4272 0.0095 -0.9041
vn -0.5206 -0.0060 -0.8538
vn 0.7064 0.7078 -0.0001
vn 0.7065 0.7077 -0.0000
vn 0.7071 0.7071 -0.0000
vn 0.7069 0.7073 -0.0001
vn 0.7067 0.7075 -0.0001
vn 0.7064 0.7078 0.0002
vn 0.7077 0.7065 -0.0004
vn 0.7073 0.7069 -0.0002
vn 0.7068 0.7074 0.0002
vn 0.7067 0.7075 0.0004
vn 0.7066 0.7076 0.0006
vn 0.7078 0.7064 -0.0018
vn 0.0015 -0.0076 -1.0000
vn 0.0010 -0.0019 -1.0000
vn 0.1126 0.0102 -0.9936
vn 0.1803 -0.0150 -0.9835
vn 0.2212 0.0063 -0.9752
vn 0.3655 -0.0110 -0.9307
vn 0.3527 -0.0008 -0.9357
vn 0.4868 0.0130 -0.8734
vn 0.5325 -0.0140 -0.8463
vn 0.6433 -0.0072 -0.7656
vn 0.6069 0.0104 -0.7947
vn 0.7046 0.0043 -0.7096
vn 0.7062 -0.0000 -0.7080
vn -0.0532 -0.9971 -0.0539
vn -0.2885 -0.9138 -0.2859
vn -0.2432 -0.9386 -0.2447
vn 0.1862 -0.0074 0.9825
vn 0.2361 0.0038 0.9717
vn 0.5026 0.0070 0.8645
vn 0.5954 -0.0175 0.8032
vn 0.8028 0.0144 0.5960
vn 0.9041 -0.0158 0.4271
vn 0.9560 0.0093 0.2931
vn 0.9995 -0.0070 -0.0309
vn 0.9973 0.0033 -0.0737
vn 0.7076 0.0047 -0.7066
vn 0.7081 -0.0023 -0.7061
vn 0.7688 -0.0107 -0.6394
vn 0.8051 0.0114 -0.5930
vn 0.8535 -0.0117 -0.5210
vn 0.8705 0.0059 -0.4922
vn 0.9352 -0.0111 -0.3540
vn 0.9300 -0.0005 -0.3676
vn 0.9721 0.0117 -0.2342
vn 0.9855 -0.0145 -0.1691
vn 0.9922 0.0063 -0.1245
vn 1.0000 -0.0044 -0.0046
vn 1.0000 0.0001 -0.0024
vn 0.0002 -0.9982 -0.0599
vn -0.0021 -0.9136 -0.4067
vn 0.0012 -0.9543 -0.2988
vn 0.0014 -0.8400 -0.5426
vn -0.6206 -0.0065 0.7841
vn -0.4693 0.0138 0.8829
vn -0.3321 -0.0126 0.9432
vn 0.0308 -0.0002 0.9995
vn -0.0178 0.0120 0.9998
vn 0.3356 -0.0071 0.9420
vn 0.4289 0.0105 0.9033
vn 0.6074 -0.0091 0.7943
vn 0.7183 0.0113 0.6956
vn 0.8439 -0.0110 0.5364
vn 1.0000 -0.0076 0.0016
vn 1.0000 -0.0004 0.0009
vn 0.9917 0.0126 0.1276
vn 0.9865 -0.0088 0.1638
vn 0.9575 -0.0012 0.2886
vn 0.9519 0.0127 0.3061
vn 0.8974 -0.0101 0.4412
vn 0.8776 0.0123 0.4792
vn 0.8378 -0.0096 0.5458
vn 0.7668 -0.0070 0.6418
vn 0.7946 0.0103 0.6070
vn 0.7092 0.0042 0.7050
vn 0.7078 -0.0000 0.7065
vn 0.0584 -0.9966 -0.0573
vn 0.2863 -0.9135 -0.2891
vn 0.2279 -0.9469 -0.2269
vn 0.3859 -0.8388 -0.3841
vn -0.9849 -0.0068 0.1733
vn -0.9626 0.0115 0.2709
vn -0.8660 -0.0101 0.4999
vn -0.7716 0.0135 0.6359
vn -0.6565 -0.0118 0.7542
vn -0.3343 -0.0073 0.9424
vn -0.4127 0.0110 0.9108
vn -0.0338 0.0067 0.9994
vn 0.0547 -0.0092 0.9985
vn 0.3121 0.0128 0.9500
vn 0.7062 -0.0011 0.7080
vn 0.7066 0.0047 0.7076
vn 0.6387 -0.0031 0.7695
vn 0.6457 0.0013 0.7636
vn 0.5289 -0.0038 0.8487
vn 0.5392 0.0038 0.8422
vn 0.4074 -0.0021 0.9132
vn 0.4173 0.0035 0.9088
vn 0.3014 -0.0035 0.9535
vn 0.3117 0.0021 0.9502
vn 0.1621 -0.0027 0.9868
vn 0.1713 0.0042 0.9852
vn 0.0047 -0.0010 1.0000
vn 0.0041 0.0001 1.0000
vn 0.0858 -0.9963 0.0010
vn 0.4067 -0.9136 -0.0020
vn 0.3305 -0.9438 0.0005
vn 0.5447 -0.8386 0.0013
vn -0.8917 -0.0087 -0.4526
vn -0.8728 0.0021 -0.4881
vn -0.9993 -0.0090 -0.0353
vn -0.9947 0.0080 -0.1025
vn -0.9112 -0.0081 0.4120
vn -0.9368 0.0088 0.3497
vn -0.7417 0.0057 0.6707
vn -0.6661 -0.0102 0.7458
vn -0.5485 0.0081 0.8361
vn -0.0009 -0.0025 1.0000
vn -0.0009 -0.0023 1.0000
vn -0.1221 -0.0020 0.9925
vn -0.1123 0.0027 0.9937
vn -0.2308 0.0011 0.9730
vn -0.2287 0.0024 0.9735
vn -0.3640 -0.0075 0.9314
vn -0.3924 0.0118 0.9197
vn -0.4889 -0.0083 0.8723
vn -0.5243 0.0072 0.8515
vn -0.5903 -0.0080 0.8071
vn -0.6142 0.0058 0.7891
vn -0.7049 -0.0011 0.7094
vn -0.7044 0.0003 0.7098
vn 0.0163 -0.9998 0.0148
vn 0.1312 -0.9824 0.1330
vn 0.2887 -0.9138 0.2859
vn 0.2355 -0.9427 0.2361
vn 0.3861 -0.8370 0.3878
vn -0.1184 -0.0066 -0.9929
vn -0.2658 0.0129 -0.9639
vn -0.4478 -0.0144 -0.8940
vn -0.6327 0.0179 -0.7742
vn -0.8027 -0.0200 -0.5961
vn -0.9113 0.0172 -0.4115
vn -0.9865 -0.0145 -0.1629
vn -0.9999 0.0134 -0.0062
vn -0.9759 -0.0108 0.2182
vn -0.7079 -0.0023 0.7063
vn -0.7078 -0.0005 0.7064
vn -0.7948 0.0006 0.6069
vn -0.7923 0.0034 0.6101
vn -0.8735 -0.0066 0.4868
vn -0.8829 0.0059 0.4696
vn -0.9385 -0.0052 0.3451
vn -0.9370 -0.0020 0.3492
vn -0.9858 -0.0049 0.1680
vn -0.9835 0.0056 0.1807
vn -1.0000 0.0036 0.0056
vn -1.0000 0.0001 0.0040
vn -0.0004 -0.9964 0.0845
vn 0.0019 -0.9136 0.4067
vn -0.0013 -0.9404 0.3400
vn 0.6195 -0.0015 -0.7850
vn 0.5967 0.0035 -0.8024
vn 0.3308 -0.0068 -0.9437
vn 0.3670 0.0012 -0.9302
vn -0.0314 -0.0057 -0.9995
vn 0.0338 0.0064 -0.9994
vn -0.3523 -0.0043 -0.9359
vn -0.3061 0.0063 -0.9520
vn -0.6869 0.0002 -0.7267
vn -0.6902 0.0016 -0.7236
vn -1.0000 0.0048 -0.0008
vn -1.0000 -0.0007 -0.0013
vn -0.9958 -0.0108 -0.0906
vn -0.9855 0.0174 -0.1686
vn -0.9740 -0.0128 -0.2264
vn -0.9303 0.0006 -0.3667
vn -0.9353 0.0108 -0.3538
vn -0.8707 -0.0061 -0.4918
vn -0.8567 0.0083 -0.5158
vn -0.8061 -0.0080 -0.5917
vn -0.7879 0.0061 -0.6158
vn -0.7093 -0.0014 -0.7049
vn -0.7098 0.0002 -0.7044
vn -0.0591 -0.9965 0.0585
vn -0.2538 -0.9327 0.2564
vn -0.2112 -0.9545 0.2106
vn -0.3854 -0.8396 0.3828
vn 0.9893 0.0105 -0.1452
vn 0.9446 -0.0155 -0.3278
vn 0.9182 -0.0000 -0.3961
vn 0.6933 -0.0042 -0.7207
vn 0.7189 0.0047 -0.6951
vn 0.4162 0.0007 -0.9093
vn 0.3886 0.0079 -0.9214
vn 0.0671 -0.0098 -0.9977
vn -0.0587 0.0124 -0.9982
vn -0.2452 -0.0089 -0.9694
vn 0.0017 1.0000 0.0008
vn 0.0010 1.0000 0.0028
vn -0.0001 1.0000 -0.0001
vn -0.0019 1.0000 0.0039
vn -0.0001 1.0000 -0.0005
vn -0.0027 1.0000 0.0010
vn -0.0027 1.0000 -0.0013
vn -0.0010 1.0000 -0.0026
vn 0.0004 1.0000 0.0002
vn 0.0013 1.0000 -0.0027
vn 0.7072 -0.0000 -0.7070
vn 0.7075 -0.0001 -0.7067
vn 0.7076 -0.0002 -0.7066
vn 0.7069 0.0003 -0.7073
vn -0.6738 -0.0366 0.7380
vn -0.5842 -0.0445 0.8104
vn -0.4184 -0.0775 0.9049
vn -0.5151 -0.1050 0.8507
vn -0.3737 -0.0997 0.9222
vn -0.0774 -0.0030 0.9970
vn -0.2058 -0.0742 0.9758
vn -0.5032 -0.0678 0.8615
vn -0.3725 -0.0358 0.9273
vn -0.2138 -0.0425 0.9760
vn -0.4016 -0.0050 0.9158
vn -0.1048 0.0017 0.9945
vn -0.4990 -0.7078 -0.5001
vn -0.4992 -0.7082 -0.4992
vn -0.5000 -0.7072 -0.4999
vn -0.5003 -0.7066 -0.5005
vn -0.4999 -0.7073 -0.4999
vn -0.5001 -0.7070 -0.5001
vn -0.4992 -0.7082 -0.4993
vn -0.5003 -0.7069 -0.5001
vn -0.5003 -0.7069 -0.5000
vn -0.5005 -0.7067 -0.5001
vn -0.4989 -0.7080 -0.4998
vn -0.5017 -0.7059 -0.5000
vn -0.4996 -0.7074 -0.5001
vn -0.4994 -0.7074 -0.5001
vn -0.4995 -0.7074 -0.5001
vn -0.9986 -0.0177 0.0503
vn -0.9896 -0.0873 0.1141
vn -0.9870 -0.0412 0.1553
vn -0.9709 -0.0988 0.2182
vn -0.9662 -0.0629 0.2499
vn -0.9234 -0.0432 0.3813
vn -0.9385 -0.0369 0.3434
vn -0.9055 -0.0885 0.4150
vn -0.9181 -0.0757 0.3892
vn -0.7564 -0.0280 0.6535
vn -0.7969 0.0064 0.6041
vn -0.0009 -0.7077 -0.7065
vn -0.0001 -0.7073 -0.7069
vn -0.0001 -0.7074 -0.7068
vn 0.0001 -0.7069 -0.7073
vn 0.0001 -0.7075 -0.7067
vn -0.0002 -0.7067 -0.7075
vn 0.0003 -0.7074 -0.7068
vn -0.0002 -0.7069 -0.7073
vn -0.0004 -0.7067 -0.7075
vn 0.0001 -0.7071 -0.7072
vn 0.0010 -0.7076 -0.7066
vn 0.7070 -0.0001 0.7072
vn 0.7071 -0.0001 0.7071
vn 0.7065 -0.0003 0.7078
vn -0.7806 -0.0527 -0.6228
vn -0.7458 -0.0361 -0.6652
vn -0.7461 -0.0404 -0.6646
vn -0.8088 -0.0670 -0.5842
vn -0.9087 -0.0844 -0.4087
vn -0.9963 0.0025 -0.0856
vn -0.9774 -0.0714 -0.1990
vn -0.8310 -0.0941 -0.5483
vn -0.9191 -0.0926 -0.3830
vn -0.9965 0.0020 -0.0839
vn -0.9004 -0.0462 -0.4326
vn -0.9544 -0.0075 -0.2983
vn -0.8248 -0.0460 -0.5635
vn -0.9036 -0.0487 -0.4257
vn 0.4989 -0.7078 -0.5001
vn 0.4999 -0.7073 -0.4999
vn 0.4999 -0.7072 -0.4999
vn 0.5000 -0.7071 -0.5000
vn 0.5004 -0.7065 -0.5004
vn 0.4995 -0.7080 -0.4992
vn 0.5003 -0.7065 -0.5006
vn 0.4997 -0.7080 -0.4990
vn 0.5001 -0.7066 -0.5006
vn 0.5000 -0.7072 -0.4999
vn 0.5001 -0.7061 -0.5013
vn 0.5001 -0.7071 -0.4999
vn 0.5002 -0.7073 -0.4996
vn 0.5004 -0.7077 -0.4988
vn -0.0459 -0.0328 -0.9984
vn -0.1532 -0.0517 -0.9868
vn -0.2808 -0.0670 -0.9574
vn -0.2509 -0.0565 -0.9664
vn -0.3784 -0.0391 -0.9248
vn -0.4231 -0.0471 -0.9049
vn -0.6436 -0.0202 -0.7651
vn -0.6042 0.0067 -0.7968
vn -0.4539 -0.0978 -0.8857
vn -0.0895 -0.0836 -0.9925
vn -0.1748 -0.0698 -0.9821
vn -0.2810 -0.0683 -0.9573
vn -0.3641 -0.1105 -0.9248
vn 0.7065 -0.7077 -0.0007
vn 0.7069 -0.7073 -0.0001
vn 0.7068 -0.7074 -0.0001
vn 0.7073 -0.7070 -0.0000
vn 0.7075 -0.7067 0.0001
vn 0.7070 -0.7072 0.0001
vn 0.7069 -0.7073 0.0002
vn 0.7065 -0.7077 0.0003
vn 0.7080 -0.7062 -0.0005
vn 0.7060 -0.7082 0.0009
vn 0.7091 -0.7051 -0.0018
vn 0.7068 -0.7074 0.0006
vn 0.7074 -0.7068 -0.0001
vn 0.7066 -0.7076 0.0012
vn -0.7068 0.0002 0.7074
vn -0.7075 -0.0004 0.7067
vn -0.7074 -0.0002 0.7069
vn -0.7066 0.0002 0.7076
vn 0.6477 -0.0997 -0.7553
vn 0.6677 -0.0398 -0.7434
vn 0.6680 -0.0375 -0.7432
vn 0.5624 -0.0727 -0.8237
vn 0.5952 -0.0618 -0.8012
vn 0.3357 -0.1064 -0.9359
vn 0.5740 -0.0448 -0.8176
vn 0.4009 -0.0902 -0.9117
vn 0.1628 -0.0243 -0.9864
vn 0.3532 -0.0172 -0.9354
vn 0.4936 -0.0680 -0.8671
vn 0.0693 -0.0105 -0.9975
vn 0.4004 -0.0082 -0.9163
vn 0.1537 0.0026 -0.9881
vn 0.5001 -0.7078 0.4990
vn 0.4998 -0.7074 0.4997
vn 0.5002 -0.7068 0.5003
vn 0.4997 -0.7074 0.4998
vn 0.5002 -0.7069 0.5001
vn 0.4999 -0.7072 0.5000
vn 0.4996 -0.7074 0.4999
vn 0.5004 -0.7068 0.5000
vn 0.5014 -0.7060 0.5001
vn 0.4991 -0.7077 0.5001
vn 0.5007 -0.7066 0.5000
vn 0.9983 -0.0368 -0.0458
vn 0.9862 -0.0438 -0.1595
vn 0.9303 -0.0737 -0.3593
vn 0.9653 -0.1054 -0.2389
vn 0.9249 -0.0805 -0.3717
vn 0.7711 -0.0642 -0.6334
vn 0.8758 -0.0413 -0.4809
vn 0.9642 -0.0679 -0.2565
vn 0.9231 -0.0394 -0.3825
vn 0.8593 -0.0056 -0.5114
vn 0.8669 -0.0046 -0.4985
vn 0.9329 -0.0143 -0.3599
vn -0.0009 -0.7077 0.7065
vn -0.0000 -0.7083 0.7059
vn -0.0000 -0.7069 0.7073
vn -0.0000 -0.7072 0.7071
vn -0.0000 -0.7072 0.7070
vn 0.0003 -0.7065 0.7077
vn -0.0005 -0.7077 0.7065
vn 0.0001 -0.7070 0.7072
vn 0.0012 -0.7063 0.7079
vn -0.0015 -0.7077 0.7065
vn -0.7063 -0.0001 -0.7079
vn -0.7071 0.0004 -0.7071
vn -0.7079 0.0006 -0.7063
vn 0.7407 -0.0171 0.6716
vn 0.7807 -0.0888 0.6186
vn 0.8072 -0.0397 0.5889
vn 0.8405 -0.0985 0.5328
vn 0.8597 -0.0625 0.5070
vn 0.9201 -0.0439 0.3893
vn 0.9210 -0.0442 0.3871
vn 0.9340 -0.0873 0.3464
vn 0.9193 -0.0678 0.3877
vn 0.9603 -0.0134 0.2785
vn 0.9881 -0.0629 0.1400
vn -0.4984 -0.7081 0.5003
vn -0.4999 -0.7073 0.4998
vn -0.4999 -0.7072 0.5000
vn -0.5002 -0.7067 0.5003
vn -0.5002 -0.7067 0.5004
vn -0.4999 -0.7074 0.4997
vn -0.5000 -0.7070 0.5002
vn -0.5000 -0.7071 0.5000
vn -0.5000 -0.7075 0.4995
vn -0.4999 -0.7073 0.4997
vn -0.4993 -0.7060 0.5023
vn -0.5020 -0.7095 0.4946
vn 0.0213 0.9995 0.0214
vn 0.1274 0.9836 0.1274
vn 0.1221 0.9851 0.1213
vn 0.2415 0.9395 0.2431
vn 0.2847 0.9160 0.2826
vn 0.3533 0.8653 0.3557
vn 0.4094 0.8168 0.4066
vn -0.0006 0.9986 0.0530
vn 0.0015 0.9768 0.2143
vn -0.0001 0.9834 0.1812
vn -0.0015 0.9407 0.3393
vn 0.0014 0.9117 0.4108
vn -0.0017 0.8510 0.5251
vn 0.0012 0.8175 0.5759
vn -0.0522 0.9974 0.0504
vn -0.1892 0.9629 0.1924
vn -0.2218 0.9499 0.2205
vn -0.3524 0.8674 0.3512
vn -0.3714 0.8500 0.3736
vn -0.0467 0.9989 -0.0007
vn -0.2143 0.9768 0.0014
vn -0.1822 0.9833 -0.0001
vn -0.3421 0.9397 -0.0016
vn -0.4111 0.9116 0.0012
vn -0.5057 0.8627 -0.0015
vn -0.5770 0.8168 0.0019
vn -0.0147 0.9998 -0.0141
vn -0.1528 0.9767 -0.1507
vn -0.1144 0.9867 -0.1158
vn -0.2362 0.9421 -0.2381
vn -0.2840 0.9162 -0.2827
vn -0.3529 0.8658 -0.3547
vn -0.3875 0.8374 -0.3856
vn -0.0001 0.9995 -0.0308
vn -0.0013 0.9768 -0.2143
vn 0.0008 0.9850 -0.1725
vn 0.0012 0.9395 -0.3426
vn -0.0012 0.9117 -0.4108
vn 0.0017 0.8662 -0.4997
vn -0.0019 0.8175 -0.5759
vn 0.0339 0.9989 -0.0329
vn 0.1505 0.9768 -0.1525
vn 0.1297 0.9831 -0.1296
vn 0.2418 0.9403 -0.2397
vn 0.2834 0.9157 -0.2849
vn 0.3875 0.8363 -0.3880
vn 0.3728 0.8504 -0.3712
vn -0.7028 0.0041 0.7114
vn -0.7058 0.0010 0.7084
vn 0.8621 -0.3496 -0.3668
vn 0.8598 -0.3503 -0.3714
vn 0.8553 -0.3123 -0.4135
vn 0.8575 -0.3116 -0.4095
vn -0.6311 -0.1077 0.7682
vn -0.5917 -0.1327 0.7952
vn -0.5331 -0.2117 0.8191
vn -0.4784 -0.2428 0.8439
vn -0.4175 -0.3247 0.8487
vn -0.2995 -0.3872 0.8720
vn -0.2797 -0.4159 0.8653
vn -0.1667 -0.4928 0.8540
vn -0.1338 -0.5003 0.8554
vn 0.0084 -0.5781 0.8159
vn -0.0153 -0.5757 0.8175
vn 0.1626 -0.6415 0.7497
vn 0.1475 -0.6414 0.7529
vn 0.3010 -0.6806 0.6680
vn 0.2860 -0.6822 0.6729
vn 0.4275 -0.7063 0.5642
vn 0.4425 -0.7027 0.5571
vn 0.5416 -0.7073 0.4543
vn 0.5646 -0.6988 0.4392
vn 0.6400 -0.6981 0.3211
vn 0.6937 -0.6654 0.2755
vn 0.7558 -0.6418 0.1295
vn 0.7727 -0.6244 0.1139
vn -1.0000 -0.0039 -0.0028
vn -1.0000 -0.0007 0.0014
vn 0.8701 -0.3503 0.3468
vn 0.8707 -0.3505 0.3451
vn 0.8974 -0.3119 0.3119
vn 0.8961 -0.3113 0.3164
vn -0.9872 -0.1058 0.1196
vn -0.9749 -0.1647 0.1501
vn -0.9526 -0.2098 0.2203
vn -0.9185 -0.2868 0.2721
vn -0.8916 -0.3116 0.3286
vn -0.8092 -0.4231 0.4076
vn -0.7809 -0.4359 0.4475
vn -0.6937 -0.5139 0.5046
vn -0.6555 -0.5279 0.5400
vn -0.5753 -0.5847 0.5720
vn -0.5060 -0.6009 0.6188
vn -0.4167 -0.6527 0.6327
vn -0.3256 -0.6600 0.6770
vn -0.2222 -0.6971 0.6817
vn -0.1658 -0.6920 0.7026
vn -0.0420 -0.7122 0.7007
vn 0.0027 -0.7031 0.7111
vn 0.1098 -0.7058 0.6998
vn 0.1413 -0.6963 0.7037
vn 0.2639 -0.6883 0.6757
vn 0.3259 -0.6588 0.6781
vn 0.4495 -0.6429 0.6202
vn 0.5044 -0.6053 0.6158
vn -0.7105 0.0018 -0.7037
vn -0.7082 -0.0007 -0.7060
vn 0.3665 -0.3497 0.8622
vn 0.3716 -0.3506 0.8597
vn 0.4136 -0.3122 0.8553
vn 0.4092 -0.3115 0.8576
vn -0.8050 -0.1746 -0.5670
vn -0.8111 -0.1769 -0.5575
vn -0.8588 -0.3243 -0.3967
vn -0.8566 -0.3386 -0.3893
vn -0.8682 -0.4330 -0.2423
vn -0.8606 -0.4558 -0.2273
vn -0.8357 -0.5471 -0.0490
vn -0.8355 -0.5459 -0.0623
vn -0.7851 -0.6153 0.0703
vn -0.7746 -0.6212 0.1191
vn -0.7067 -0.6643 0.2434
vn -0.7208 -0.6623 0.2044
vn -0.6240 -0.6906 0.3657
vn -0.6436 -0.6932 0.3244
vn -0.5497 -0.7098 0.4404
vn -0.5158 -0.7005 0.4931
vn -0.4475 -0.7117 0.5415
vn -0.3799 -0.6914 0.6146
vn -0.3218 -0.6956 0.6423
vn -0.2547 -0.6622 0.7047
vn -0.1302 -0.6418 0.7558
vn -0.1145 -0.6246 0.7725
vn -0.0002 -0.0010 -1.0000
vn -0.0007 -0.0005 -1.0000
vn -0.3482 -0.3499 0.8697
vn -0.3458 -0.3503 0.8705
vn -0.3122 -0.3122 0.8973
vn -0.3164 -0.3115 0.8960
vn -0.1261 -0.1200 -0.9847
vn -0.1352 -0.1479 -0.9797
vn -0.2875 -0.2734 -0.9179
vn -0.2958 -0.3092 -0.9038
vn -0.4376 -0.4239 -0.7930
vn -0.4419 -0.4498 -0.7761
vn -0.5644 -0.5460 -0.6191
vn -0.5422 -0.5421 -0.6420
vn -0.5923 -0.6084 -0.5283
vn -0.6514 -0.6346 -0.4159
vn -0.6511 -0.6565 -0.3810
vn -0.6981 -0.6841 -0.2113
vn -0.6876 -0.6874 -0.2338
vn -0.6961 -0.7125 -0.0883
vn -0.7153 -0.6985 0.0189
vn -0.7028 -0.7086 0.0619
vn -0.6896 -0.6882 0.2257
vn -0.6841 -0.7003 0.2037
vn -0.6764 -0.6609 0.3252
vn -0.6232 -0.6449 0.4423
vn -0.6231 -0.6159 0.4821
vn -0.7069 -0.0002 0.7073
vn 0.6994 0.0076 -0.7147
vn 0.7067 -0.0000 -0.7075
vn -0.8615 -0.3494 0.3684
vn -0.8595 -0.3500 0.3725
vn -0.8552 -0.3118 0.4141
vn -0.8577 -0.3110 0.4094
vn 0.6342 -0.1093 -0.7654
vn 0.5547 -0.1672 -0.8151
vn 0.5265 -0.2215 -0.8208
vn 0.4147 -0.2979 -0.8598
vn 0.3556 -0.3766 -0.8554
vn 0.2781 -0.4019 -0.8724
vn 0.1527 -0.5083 -0.8475
vn 0.0924 -0.5199 -0.8492
vn -0.0052 -0.5898 -0.8076
vn -0.0721 -0.5994 -0.7972
vn -0.2168 -0.6549 -0.7239
vn -0.1753 -0.6533 -0.7366
vn -0.2960 -0.6897 -0.6608
vn -0.3739 -0.6878 -0.6222
vn -0.4218 -0.7091 -0.5650
vn -0.5147 -0.7019 -0.4924
vn -0.5296 -0.7097 -0.4645
vn -0.6411 -0.6868 -0.3426
vn -0.6586 -0.6929 -0.2935
vn -0.7335 -0.6471 -0.2077
vn -0.7694 -0.6311 -0.0991
vn -0.7932 -0.6052 -0.0676
vn 1.0000 0.0030 -0.0042
vn 1.0000 0.0012 -0.0017
vn -0.8686 -0.3490 -0.3518
vn -0.8710 -0.3501 -0.3446
vn -0.8975 -0.3118 -0.3118
vn -0.8960 -0.3111 -0.3168
vn 0.9937 -0.0833 -0.0747
vn 0.9861 -0.1100 -0.1244
vn 0.9551 -0.2185 -0.2003
vn 0.9397 -0.2367 -0.2467
vn 0.8728 -0.3441 -0.3461
vn 0.8646 -0.3599 -0.3506
vn 0.7737 -0.4447 -0.4512
vn 0.7583 -0.4644 -0.4575
vn 0.6588 -0.5274 -0.5365
vn 0.6147 -0.5665 -0.5489
vn 0.5336 -0.5897 -0.6063
vn 0.3811 -0.6487 -0.6588
vn 0.4327 -0.6453 -0.6296
vn 0.2327 -0.6856 -0.6898
vn 0.2573 -0.6887 -0.6779
vn 0.0655 -0.7038 -0.7073
vn 0.0326 -0.7161 -0.6972
vn -0.1255 -0.6906 -0.7122
vn -0.2112 -0.7017 -0.6804
vn -0.3130 -0.6641 -0.6790
vn -0.3854 -0.6570 -0.6479
vn -0.4676 -0.6193 -0.6307
vn -0.4972 -0.6156 -0.6114
vn 0.7049 -0.0043 0.7093
vn 0.7078 -0.0011 0.7064
vn -0.3678 -0.3487 -0.8621
vn -0.3729 -0.3495 -0.8595
vn -0.4139 -0.3119 -0.8552
vn -0.4095 -0.3112 -0.8576
vn 0.7804 -0.1019 0.6169
vn 0.7988 -0.1802 0.5740
vn 0.8250 -0.2029 0.5275
vn 0.8559 -0.3086 0.4150
vn 0.8540 -0.3279 0.4039
vn 0.8693 -0.4031 0.2862
vn 0.8619 -0.4338 0.2625
vn 0.8536 -0.5071 0.1196
vn 0.8383 -0.5363 0.0980
vn 0.7932 -0.6038 -0.0786
vn 0.7735 -0.6260 -0.0986
vn 0.7007 -0.6666 -0.2543
vn 0.7011 -0.6663 -0.2540
vn 0.6089 -0.7052 -0.3634
vn 0.5603 -0.6918 -0.4556
vn 0.4768 -0.7181 -0.5069
vn 0.3896 -0.6879 -0.6124
vn 0.3099 -0.6941 -0.6497
vn 0.2483 -0.6627 -0.7065
vn 0.1715 -0.6542 -0.7366
vn 0.1017 -0.6134 -0.7832
vn 0.0591 -0.6064 -0.7929
vn 0.4990 0.7075 0.5004
vn 0.4993 0.7080 0.4994
vn 0.5002 0.7069 0.5001
vn 0.5000 0.7072 0.4999
vn 0.5002 0.7070 0.5000
vn 0.4998 0.7074 0.4998
vn 0.4999 0.7073 0.4998
vn 0.5001 0.7071 0.4999
vn 0.5003 0.7069 0.4999
vn 0.4998 0.7074 0.4999
vn 0.4995 0.7076 0.4999
vn 0.4993 0.7077 0.4999
vn 0.4997 0.7075 0.4998
vn -0.0004 0.7076 0.7067
vn -0.0000 0.7077 0.7065
vn 0.0001 0.7074 0.7068
vn -0.0000 0.7067 0.7075
vn -0.0000 0.7072 0.7070
vn 0.0001 0.7070 0.7073
vn -0.4999 0.7078 0.4991
vn -0.4994 0.7080 0.4993
vn -0.5002 0.7069 0.5002
vn -0.4999 0.7071 0.5000
vn -0.5002 0.7068 0.5002
vn -0.4996 0.7076 0.4996
vn -0.5000 0.7070 0.5001
vn -0.4998 0.7074 0.4998
vn -0.4999 0.7070 0.5003
vn -0.5000 0.7069 0.5004
vn -0.4999 0.7072 0.5000
vn -0.4999 0.7068 0.5006
vn -0.5004 0.7085 0.4977
vn -0.5001 0.7079 0.4988
vn -0.7067 0.7076 -0.0009
vn -0.7062 0.7080 -0.0001
vn -0.7074 0.7068 -0.0000
vn -0.7068 0.7075 0.0002
vn -0.7070 0.7072 0.0001
vn -0.7071 0.7071 0.0001
vn -0.7072 0.7070 0.0002
vn -0.7067 0.7075 -0.0001
vn -0.7077 0.7065 0.0006
vn -0.7063 0.7079 -0.0006
vn -0.7068 0.7074 -0.0001
vn -0.7067 0.7075 -0.0002
vn -0.7073 0.7069 0.0009
vn -0.4992 0.7078 -0.4999
vn -0.4993 0.7080 -0.4994
vn -0.5001 0.7071 -0.5000
vn -0.5002 0.7069 -0.5002
vn -0.4999 0.7073 -0.4999
vn -0.5006 0.7066 -0.5002
vn -0.4994 0.7077 -0.4998
vn -0.5006 0.7067 -0.5000
vn -0.4992 0.7077 -0.5000
vn -0.4990 0.7078 -0.5000
vn -0.5007 0.7069 -0.4996
vn -0.5025 0.7060 -0.4990
vn 0.0010 0.7076 -0.7067
vn -0.0000 0.7081 -0.7061
vn -0.0001 0.7074 -0.7068
vn -0.0001 0.7066 -0.7077
vn 0.0002 0.7076 -0.7066
vn -0.0003 0.7066 -0.7076
vn 0.4994 0.7078 -0.4995
vn 0.4996 0.7077 -0.4995
vn 0.5003 0.7067 -0.5002
vn 0.4988 0.7084 -0.4994
vn 0.5009 0.7058 -0.5009
vn 0.4999 0.7071 -0.5000
vn 0.4999 0.7073 -0.4999
vn 0.4998 0.7074 -0.4998
vn 0.5000 0.7067 -0.5005
vn 0.4999 0.7076 -0.4994
vn 0.4998 0.7069 -0.5005
vn 0.5001 0.7078 -0.4990
vn 0.5002 0.7080 -0.4984
vn 0.9999 -0.0030 -0.0130
vn 0.9968 0.0015 -0.0795
vn 0.9967 0.0020 -0.0811
vn 0.9826 0.0041 -0.1858
vn 0.9855 -0.0015 -0.1694
vn 0.9539 0.0035 -0.3003
vn 0.9657 -0.0044 -0.2595
vn 0.9448 -0.0019 -0.3276
vn 0.9266 0.0029 -0.3760
vn 0.9130 -0.0043 -0.4080
vn 0.8929 0.0029 -0.4503
vn 0.8716 -0.0021 -0.4902
vn 0.8605 0.0021 -0.5095
vn 0.8365 -0.0029 -0.5480
vn 0.8090 0.0045 -0.5878
vn 0.7890 -0.0030 -0.6144
vn 0.7469 0.0015 -0.6650
vn 0.7457 0.0021 -0.6662
vn 0.6774 0.0015 -0.7356
vn 0.6839 -0.0015 -0.7296
vn 0.6013 0.0008 -0.7991
vn 0.6064 -0.0015 -0.7951
vn 0.5300 0.0008 -0.8480
vn 0.5199 -0.0026 -0.8543
vn 0.4685 0.0029 -0.8834
vn 0.4380 -0.0043 -0.8990
vn 0.3832 0.0044 -0.9237
vn 0.3471 -0.0044 -0.9378
vn 0.2896 0.0044 -0.9571
vn 0.2517 -0.0045 -0.9678
vn 0.1933 0.0045 -0.9811
vn 0.1606 -0.0030 -0.9870
vn 0.0871 0.0040 -0.9962
vn 0.0928 0.0021 -0.9957
vn -0.0390 0.0050 -0.9992
vn 0.0110 -0.0044 -0.9999
vn -0.0679 -0.0032 -0.9977
vn -0.1533 0.0046 -0.9882
vn -0.1860 -0.0055 -0.9825
vn -0.2589 0.0055 -0.9659
vn -0.2835 -0.0022 -0.9590
vn -0.3481 -0.0023 -0.9374
vn -0.3710 0.0042 -0.9286
vn -0.4243 -0.0021 -0.9055
vn -0.4443 0.0021 -0.8959
vn -0.4871 -0.0033 -0.8733
vn -0.5314 0.0055 -0.8471
vn -0.5611 -0.0045 -0.8277
vn -0.6280 0.0032 -0.7782
vn -0.6436 -0.0026 -0.7653
vn -0.6953 0.0037 -0.7187
vn -0.7086 -0.0020 -0.7056
vn -0.7565 -0.0037 -0.6540
vn -0.7797 0.0057 -0.6262
vn -0.8104 -0.0044 -0.5859
vn -0.8415 0.0044 -0.5403
vn -0.8892 0.0026 -0.4576
vn -0.8605 -0.0029 -0.5094
vn -0.8947 -0.0008 -0.4467
vn -0.9323 0.0015 -0.3616
vn -0.9300 -0.0008 -0.3676
vn -0.9608 -0.0000 -0.2773
vn -0.9594 -0.0013 -0.2819
vn -0.9774 0.0013 -0.2112
vn -0.9764 -0.0000 -0.2159
vn -0.9926 0.0025 -0.1211
vn -0.9908 -0.0013 -0.1353
vn -0.9979 -0.0028 -0.0648
vn -0.9994 0.0028 -0.0353
vn -0.9997 -0.0026 0.0232
vn -0.9994 0.0008 0.0353
vn -0.9934 0.0008 0.1144
vn -0.9908 -0.0051 0.1350
vn -0.9827 0.0044 0.1849
vn -0.9657 -0.0041 0.2597
vn -0.9592 0.0040 0.2829
vn -0.9349 -0.0044 0.3549
vn -0.9161 0.0048 0.4009
vn -0.9068 -0.0013 0.4216
vn -0.8715 0.0013 0.4903
vn -0.8645 -0.0025 0.5027
vn -0.8343 0.0028 0.5513
vn -0.8135 -0.0043 0.5815
vn -0.7827 0.0051 0.6223
vn -0.7486 -0.0051 0.6631
vn -0.7133 0.0045 0.7009
vn -0.6831 -0.0043 0.7303
vn -0.6386 0.0045 0.7695
vn -0.6079 -0.0045 0.7940
vn -0.5602 0.0043 0.8284
vn -0.4871 0.0033 0.8733
vn -0.5254 -0.0043 0.8508
vn -0.4243 0.0021 0.9055
vn -0.4443 -0.0021 0.8959
vn -0.3710 -0.0042 0.9286
vn -0.3481 0.0023 0.9374
vn -0.2835 0.0022 0.9590
vn -0.2589 -0.0055 0.9659
vn -0.1842 0.0058 0.9829
vn -0.1544 -0.0041 0.9880
vn -0.0541 0.0010 0.9985
vn -0.0523 0.0017 0.9986
vn 0.0453 -0.0015 0.9990
vn 0.0612 0.0040 0.9981
vn 0.1524 -0.0059 0.9883
vn 0.1798 0.0039 0.9837
vn 0.2570 0.0020 0.9664
vn 0.3400 0.0044 0.9404
vn 0.2810 -0.0057 0.9597
vn 0.4310 0.0028 0.9023
vn 0.3772 -0.0034 0.9261
vn 0.4447 -0.0013 0.8957
vn 0.5122 0.0013 0.8589
vn 0.5244 -0.0025 0.8515
vn 0.5721 0.0029 0.8202
vn 0.6012 -0.0044 0.7990
vn 0.6373 0.0029 0.7706
vn 0.6886 0.0013 0.7251
vn 0.6774 -0.0028 0.7356
vn 0.7469 -0.0015 0.6650
vn 0.7578 0.0041 0.6525
vn 0.8051 -0.0044 0.5932
vn 0.8294 0.0035 0.5586
vn 0.8452 -0.0019 0.5344
vn 0.8761 0.0038 0.4822
vn 0.8855 -0.0022 0.4647
vn 0.9199 -0.0038 0.3921
vn 0.9290 0.0053 0.3701
vn 0.9622 -0.0015 0.2723
vn 0.9618 -0.0008 0.2739
vn 0.9854 0.0015 0.1705
vn 0.9842 -0.0008 0.1769
vn 0.9967 -0.0020 0.0812
vn 0.9968 -0.0015 0.0796
vn 0.9999 0.0030 0.0130
vn -0.9997 -0.0009 0.0252
vn -0.9971 0.0006 0.0763
vn -0.9706 -0.0000 0.2405
vn -0.9669 -0.0006 0.2551
vn -0.9045 0.0006 0.4264
vn -0.8895 -0.0006 0.4569
vn -0.7861 0.0006 0.6181
vn -0.7538 -0.0010 0.6571
vn -0.6690 0.0010 0.7433
vn -0.5682 -0.0009 0.8229
vn -0.5236 0.0006 0.8520
vn -0.3872 -0.0008 0.9220
vn -0.3242 0.0013 0.9460
vn -0.1650 -0.0013 0.9863
vn -0.0674 0.0014 0.9977
vn 0.0671 -0.0014 0.9977
vn 0.1630 0.0013 0.9866
vn 0.3147 -0.0010 0.9492
vn 0.3735 0.0007 0.9276
vn 0.4903 -0.0006 0.8715
vn 0.5339 0.0006 0.8455
vn 0.6439 -0.0006 0.7651
vn 0.6906 0.0009 0.7233
vn 0.7609 -0.0009 0.6489
vn 0.8340 0.0008 0.5517
vn 0.8679 -0.0008 0.4968
vn 0.9185 0.0010 0.3954
vn 0.9557 -0.0009 0.2943
vn 0.9762 0.0007 0.2168
vn 0.9921 -0.0007 0.1256
vn 0.9993 0.0008 0.0375
vn 0.9965 -0.0010 -0.0840
vn 0.9916 0.0005 -0.1292
vn 0.9492 0.0002 -0.3146
vn 0.9367 -0.0012 -0.3500
vn 0.8833 0.0009 -0.4688
vn 0.7790 0.0009 -0.6270
vn 0.8204 -0.0009 -0.5718
vn 0.6849 -0.0011 -0.7287
vn 0.5939 0.0015 -0.8045
vn 0.5340 -0.0007 -0.8455
vn 0.3735 -0.0002 -0.9276
vn 0.3341 0.0015 -0.9425
vn 0.1566 -0.0015 -0.9877
vn 0.0520 0.0016 -0.9986
vn -0.0835 -0.0013 -0.9965
vn -0.1920 0.0012 -0.9814
vn -0.2982 -0.0013 -0.9545
vn -0.4121 0.0012 -0.9111
vn -0.5157 -0.0009 -0.8568
vn -0.5870 0.0011 -0.8096
vn -0.6835 -0.0015 -0.7299
vn -0.7789 0.0016 -0.6271
vn -0.8413 -0.0014 -0.5406
vn -0.9024 0.0010 -0.4309
vn -0.9411 -0.0007 -0.3382
vn -0.9619 0.0005 -0.2733
vn -0.9849 -0.0007 -0.1733
vn -0.9941 0.0007 -0.1085
vn 0.9998 -0.0008 -0.0208
vn 0.9961 0.0011 -0.0878
vn 0.9916 -0.0009 -0.1291
vn 0.9752 0.0009 -0.2212
vn 0.9717 -0.0002 -0.2362
vn 0.9322 -0.0003 -0.3619
vn 0.9319 -0.0002 -0.3627
vn 0.8852 0.0008 -0.4652
vn 0.8725 -0.0009 -0.4886
vn 0.8187 0.0007 -0.5742
vn 0.8012 -0.0012 -0.5984
vn 0.7350 0.0020 -0.6781
vn 0.6951 -0.0019 -0.7189
vn 0.6129 -0.0003 -0.7902
vn 0.6018 0.0011 -0.7986
vn 0.5105 0.0008 -0.8599
vn 0.4826 -0.0015 -0.8758
vn 0.3769 0.0018 -0.9263
vn 0.3373 -0.0015 -0.9414
vn 0.2106 0.0011 -0.9776
vn 0.1854 -0.0011 -0.9827
vn 0.0550 0.0015 -0.9985
vn 0.0210 -0.0012 -0.9998
vn -0.1127 0.0014 -0.9936
vn -0.1019 0.0004 -0.9948
vn -0.2320 -0.0016 -0.9727
vn -0.2866 0.0014 -0.9580
vn -0.3422 -0.0010 -0.9396
vn -0.4020 0.0013 -0.9156
vn -0.4648 -0.0013 -0.8854
vn -0.5183 0.0013 -0.8552
vn -0.5595 -0.0010 -0.8288
vn -0.6351 0.0008 -0.7724
vn -0.6577 -0.0011 -0.7533
vn -0.7256 0.0017 -0.6881
vn -0.7790 -0.0025 -0.6271
vn -0.8109 0.0012 -0.5851
vn -0.8759 0.0002 -0.4825
vn -0.8792 -0.0005 -0.4765
vn -0.9412 0.0012 -0.3380
vn -0.9324 -0.0007 -0.3615
vn -0.9776 0.0008 -0.2103
vn -0.9724 -0.0007 -0.2331
vn -0.9937 -0.0011 -0.1120
vn -0.9970 0.0010 -0.0772
vn -0.9998 -0.0008 0.0223
vn -0.9992 0.0005 0.0408
vn -0.9845 -0.0006 0.1753
vn -0.9836 -0.0001 0.1806
vn -0.9452 0.0009 0.3264
vn -0.9363 -0.0014 0.3512
vn -0.8826 0.0014 0.4701
vn -0.8694 -0.0009 0.4942
vn -0.7816 0.0002 0.6238
vn -0.7892 -0.0012 0.6141
vn -0.7077 0.0017 0.7065
vn -0.6550 -0.0020 0.7556
vn -0.6081 0.0015 0.7938
vn -0.4894 0.0012 0.8721
vn -0.5321 -0.0014 0.8467
vn -0.4160 -0.0014 0.9094
vn -0.3857 0.0007 0.9226
vn -0.2836 0.0005 0.9590
vn -0.2669 -0.0009 0.9637
vn -0.1465 0.0003 0.9892
vn -0.1434 0.0006 0.9897
vn -0.0144 -0.0005 0.9999
vn 0.0130 0.0014 0.9999
vn 0.0955 -0.0014 0.9954
vn 0.1800 0.0012 0.9837
vn 0.2160 -0.0011 0.9764
vn 0.3089 0.0017 0.9511
vn 0.3691 -0.0017 0.9294
vn 0.4454 0.0017 0.8953
vn 0.4834 -0.0011 0.8754
vn 0.5952 0.0011 0.8036
vn 0.6003 0.0005 0.7997
vn 0.6890 -0.0011 0.7248
vn 0.7249 0.0021 0.6889
vn 0.7749 -0.0017 0.6321
vn 0.8456 0.0013 0.5338
vn 0.8435 0.0008 0.5371
vn 0.9297 0.0006 0.3683
vn 0.9248 -0.0007 0.3805
vn 0.9781 0.0014 0.2084
vn 0.9732 -0.0005 0.2299
vn 0.9960 -0.0016 0.0897
vn 0.9994 0.0013 0.0351
vn 0.9999 -0.0001 0.0154
vn 0.9996 0.0004 0.0287
vn 0.9963 -0.0005 0.0858
vn 0.9918 0.0006 0.1278
vn 0.9828 -0.0008 0.1848
vn 0.9751 0.0006 0.2216
vn 0.9536 -0.0005 0.3010
vn 0.9468 0.0004 0.3217
vn 0.9274 -0.0004 0.3741
vn 0.8907 -0.0004 0.4547
vn 0.9156 0.0004 0.4021
vn 0.8851 0.0001 0.4654
vn 0.8420 0.0001 0.5395
vn 0.8397 -0.0001 0.5430
vn 0.7885 -0.0001 0.6151
vn 0.7756 0.0007 0.6313
vn 0.7424 -0.0006 0.6699
vn 0.6710 -0.0006 0.7415
vn 0.6888 0.0006 0.7250
vn 0.5786 -0.0005 0.8156
vn 0.6130 0.0006 0.7901
vn 0.5476 0.0005 0.8368
vn 0.5121 -0.0006 0.8589
vn 0.4234 -0.0006 0.9059
vn 0.4450 0.0006 0.8955
vn 0.2989 -0.0011 0.9543
vn 0.3465 0.0007 0.9380
vn 0.2580 0.0005 0.9662
vn 0.1630 -0.0008 0.9866
vn 0.1870 0.0003 0.9824
vn 0.0607 -0.0003 0.9982
vn 0.1051 0.0004 0.9945
vn 0.0309 0.0005 0.9995
vn -0.0110 -0.0006 0.9999
vn -0.1033 -0.0002 0.9946
vn -0.0871 0.0006 0.9962
vn -0.2008 -0.0001 0.9796
vn -0.1945 0.0002 0.9809
vn -0.2848 -0.0001 0.9586
vn -0.2963 0.0004 0.9551
vn -0.3526 -0.0004 0.9358
vn -0.3849 0.0006 0.9230
vn -0.4288 -0.0004 0.9034
vn -0.4744 0.0004 0.8803
vn -0.4881 -0.0002 0.8728
vn -0.5592 0.0002 0.8290
vn -0.5731 -0.0006 0.8195
vn -0.6336 0.0006 0.7736
vn -0.6717 -0.0007 0.7408
vn -0.6886 0.0002 0.7251
vn -0.7477 -0.0002 0.6641
vn -0.7520 0.0001 0.6592
vn -0.8126 -0.0003 0.5828
vn -0.8057 0.0001 0.5923
vn -0.8646 -0.0006 0.5024
vn -0.8506 0.0005 0.5258
vn -0.9129 -0.0002 0.4081
vn -0.9067 0.0005 0.4219
vn -0.9485 -0.0001 0.3167
vn -0.9465 0.0002 0.3227
vn -0.9724 -0.0001 0.2332
vn -0.9751 0.0004 0.2216
vn -0.9880 -0.0005 0.1545
vn -0.9909 0.0003 0.1344
vn -0.9980 0.0003 0.0637
vn -0.9993 -0.0008 0.0371
vn -0.9993 0.0008 -0.0372
vn -0.9980 -0.0003 -0.0638
vn -0.9909 -0.0003 -0.1343
vn -0.9880 0.0005 -0.1544
vn -0.9752 -0.0004 -0.2215
vn -0.9724 0.0001 -0.2332
vn -0.9486 0.0001 -0.3165
vn -0.9465 -0.0002 -0.3226
vn -0.9132 0.0002 -0.4075
vn -0.9105 -0.0001 -0.4134
vn -0.8672 -0.0001 -0.4980
vn -0.8650 0.0001 -0.5017
vn -0.8133 0.0001 -0.5818
vn -0.8096 -0.0002 -0.5870
vn -0.7528 0.0002 -0.6582
vn -0.7469 -0.0002 -0.6649
vn -0.6832 0.0002 -0.7303
vn -0.6785 -0.0001 -0.7346
vn -0.6123 -0.0001 -0.7906
vn -0.6027 0.0004 -0.7979
vn -0.5539 -0.0004 -0.8326
vn -0.5244 0.0006 -0.8515
vn -0.4681 -0.0008 -0.8837
vn -0.4374 0.0006 -0.8993
vn -0.3595 -0.0004 -0.9331
vn -0.3404 0.0004 -0.9403
vn -0.2848 -0.0004 -0.9586
vn -0.2569 0.0004 -0.9664
vn -0.1998 -0.0004 -0.9798
vn -0.1798 0.0004 -0.9837
vn -0.0956 -0.0006 -0.9954
vn -0.0612 0.0008 -0.9981
vn 0.0032 -0.0006 -1.0000
vn 0.0385 0.0004 -0.9993
vn 0.0891 -0.0003 -0.9960
vn 0.1088 0.0003 -0.9941
vn 0.1606 -0.0004 -0.9870
vn 0.1945 0.0006 -0.9809
vn 0.2586 -0.0008 -0.9660
vn 0.2912 0.0006 -0.9567
vn 0.3782 -0.0005 -0.9257
vn 0.3898 0.0001 -0.9209
vn 0.4802 -0.0001 -0.8772
vn 0.4764 0.0001 -0.8792
vn 0.5611 -0.0001 -0.8277
vn 0.5646 0.0001 -0.8254
vn 0.6437 -0.0001 -0.7652
vn 0.6404 0.0001 -0.7680
vn 0.7087 -0.0001 -0.7055
vn 0.7231 0.0007 -0.6908
vn 0.7570 -0.0006 -0.6534
vn 0.8046 0.0005 -0.5938
vn 0.8184 -0.0006 -0.5746
vn 0.8845 -0.0009 -0.4665
vn 0.8645 0.0007 -0.5027
vn 0.9127 0.0007 -0.4086
vn 0.9317 -0.0006 -0.3631
vn 0.9623 -0.0004 -0.2718
vn 0.9444 0.0004 -0.3287
vn 0.9655 0.0001 -0.2603
vn 0.9856 -0.0002 -0.1692
vn 0.9845 0.0001 -0.1756
vn 0.9974 -0.0001 -0.0715
vn 0.9970 0.0002 -0.0780
s 0
f 3//1 1//1 2//1
f 4//2 2//2 5//2
f 4//3 3//3 2//3
f 6//4 7//4 8//4
f 6//4 9//4 7//4
f 6//4 11//4 9//4
f 6//4 12//4 11//4
f 6//5 1//5 12//5
f 10//4 13//4 6//4
f 13//4 14//4 6//4
f 14//4 15//4 6//4
f 6//4 15//4 1//4
f 15//4 16//4 1//4
f 16//6 2//6 1//6
f 18//7 17//7 4//7
f 19//8 20//8 17//8
f 21//9 22//9 19//9
f 19//10 22//10 20//10
f 23//11 22//11 21//11
f 4//12 20//12 3//12
f 17//13 20//13 4//13
f 20//14 22//14 3//14
f 3//15 22//15 1//15
f 1//16 22//16 23//16
f 5//17 24//17 4//17
f 4//18 24//18 26//18
f 24//19 25//19 26//19
f 26//19 25//19 27//19
f 27//19 25//19 28//19
f 28//19 25//19 29//19
f 29//19 25//19 30//19
f 30//19 25//19 31//19
f 31//19 25//19 32//19
f 32//20 25//20 33//20
f 33//21 25//21 34//21
f 34//22 25//22 75//22
f 25//19 35//19 75//19
f 25//19 36//19 35//19
f 37//23 38//23 2//23
f 2//23 39//23 5//23
f 38//23 39//23 2//23
f 39//23 40//23 5//23
f 10//24 42//24 13//24
f 41//25 42//25 10//25
f 13//26 42//26 14//26
f 42//27 43//27 14//27
f 43//28 44//28 14//28
f 14//29 44//29 15//29
f 15//30 45//30 16//30
f 44//31 45//31 15//31
f 45//32 46//32 16//32
f 2//33 16//33 46//33
f 2//34 46//34 37//34
f 1//35 23//35 47//35
f 12//36 1//36 47//36
f 12//37 47//37 48//37
f 11//38 12//38 48//38
f 11//39 48//39 49//39
f 9//40 11//40 49//40
f 9//41 49//41 50//41
f 7//42 9//42 50//42
f 8//43 7//43 50//43
f 8//44 50//44 51//44
f 52//4 54//4 53//4
f 146//4 57//4 54//4
f 53//4 58//4 55//4
f 55//4 58//4 56//4
f 60//4 6//4 57//4
f 59//4 61//4 92//4
f 8//4 62//4 6//4
f 54//4 62//4 53//4
f 6//4 62//4 57//4
f 53//4 62//4 58//4
f 57//4 62//4 54//4
f 58//4 61//4 59//4
f 62//4 61//4 58//4
f 61//4 62//4 63//4
f 10//45 6//45 41//45
f 41//46 6//46 167//46
f 23//47 21//47 37//47
f 37//48 19//48 38//48
f 21//49 19//49 37//49
f 19//50 17//50 38//50
f 38//51 17//51 39//51
f 17//52 18//52 39//52
f 39//53 18//53 40//53
f 18//54 26//54 64//54
f 4//55 26//55 18//55
f 24//23 5//23 40//23
f 24//23 40//23 67//23
f 65//56 66//56 36//56
f 65//57 36//57 25//57
f 67//58 25//58 24//58
f 67//59 65//59 25//59
f 64//60 26//60 68//60
f 26//61 27//61 68//61
f 27//62 28//62 68//62
f 68//63 28//63 168//63
f 28//64 29//64 168//64
f 168//65 29//65 169//65
f 169//66 29//66 69//66
f 29//67 30//67 69//67
f 69//68 31//68 70//68
f 30//69 31//69 69//69
f 70//70 32//70 71//70
f 31//71 32//71 70//71
f 71//72 32//72 72//72
f 32//73 33//73 72//73
f 72//74 33//74 73//74
f 33//75 34//75 73//75
f 73//76 34//76 74//76
f 34//77 75//77 74//77
f 74//78 75//78 76//78
f 75//79 35//79 76//79
f 35//80 36//80 76//80
f 76//81 36//81 66//81
f 51//82 50//82 167//82
f 49//82 167//82 50//82
f 48//82 167//82 49//82
f 47//82 167//82 48//82
f 23//82 167//82 47//82
f 42//82 41//82 167//82
f 43//82 42//82 167//82
f 44//82 43//82 167//82
f 45//82 167//82 23//82
f 45//82 44//82 167//82
f 46//82 45//82 23//82
f 37//83 46//83 23//83
f 8//84 51//84 77//84
f 62//85 8//85 77//85
f 78//4 63//4 62//4
f 62//4 79//4 78//4
f 62//4 81//4 79//4
f 62//4 82//4 81//4
f 62//86 83//86 82//86
f 80//4 84//4 62//4
f 84//4 85//4 62//4
f 62//4 86//4 83//4
f 85//4 86//4 62//4
f 86//4 87//4 83//4
f 87//87 88//87 83//87
f 63//88 89//88 90//88
f 61//89 63//89 90//89
f 61//4 91//4 92//4
f 61//4 93//4 91//4
f 61//4 95//4 93//4
f 61//90 96//90 95//90
f 94//4 97//4 61//4
f 97//4 98//4 61//4
f 98//4 99//4 61//4
f 61//4 99//4 96//4
f 99//4 100//4 96//4
f 100//91 101//91 96//91
f 59//92 102//92 103//92
f 59//93 92//93 102//93
f 59//4 104//4 105//4
f 105//4 58//4 59//4
f 59//4 106//4 104//4
f 59//4 107//4 106//4
f 59//94 108//94 107//94
f 109//4 110//4 59//4
f 110//4 111//4 59//4
f 111//4 112//4 59//4
f 59//4 113//4 108//4
f 112//4 113//4 59//4
f 113//4 114//4 108//4
f 114//95 115//95 108//95
f 58//96 116//96 117//96
f 56//97 58//97 117//97
f 56//4 118//4 119//4
f 119//4 55//4 56//4
f 56//4 120//4 118//4
f 56//4 122//4 120//4
f 56//4 123//4 122//4
f 56//98 124//98 123//98
f 121//4 125//4 56//4
f 125//4 126//4 56//4
f 126//4 127//4 56//4
f 56//4 127//4 124//4
f 127//4 128//4 124//4
f 128//99 129//99 124//99
f 55//100 130//100 131//100
f 53//101 55//101 131//101
f 53//4 133//4 132//4
f 132//4 52//4 53//4
f 53//4 134//4 133//4
f 53//4 135//4 134//4
f 53//102 136//102 135//102
f 137//4 138//4 53//4
f 138//4 139//4 53//4
f 139//4 234//4 53//4
f 53//103 140//103 136//103
f 234//4 140//4 53//4
f 140//4 141//4 136//4
f 141//104 142//104 136//104
f 54//105 143//105 144//105
f 54//106 52//106 143//106
f 54//4 145//4 146//4
f 54//4 147//4 145//4
f 54//4 149//4 147//4
f 54//4 150//4 149//4
f 54//4 151//4 150//4
f 148//4 152//4 54//4
f 152//4 153//4 54//4
f 153//4 154//4 54//4
f 54//4 154//4 151//4
f 154//4 155//4 151//4
f 155//107 156//107 151//107
f 57//108 157//108 158//108
f 57//109 146//109 157//109
f 159//4 60//4 57//4
f 57//4 160//4 159//4
f 57//4 161//4 160//4
f 57//110 162//110 161//110
f 262//4 265//4 57//4
f 265//4 163//4 57//4
f 163//4 164//4 57//4
f 57//111 164//111 162//111
f 164//111 165//111 162//111
f 165//112 269//112 162//112
f 60//113 166//113 167//113
f 6//114 60//114 167//114
f 67//115 40//115 18//115
f 67//116 18//116 64//116
f 65//117 67//117 64//117
f 65//118 64//118 68//118
f 65//119 68//119 168//119
f 65//120 168//120 169//120
f 65//121 169//121 69//121
f 65//122 69//122 70//122
f 65//123 70//123 71//123
f 65//124 71//124 72//124
f 65//125 72//125 73//125
f 65//126 73//126 74//126
f 65//121 74//121 76//121
f 66//127 65//127 76//127
f 144//82 143//82 131//82
f 117//82 131//82 130//82
f 158//82 157//82 144//82
f 117//82 144//82 131//82
f 103//82 117//82 116//82
f 167//82 166//82 158//82
f 167//82 158//82 144//82
f 167//82 144//82 117//82
f 90//82 103//82 102//82
f 77//82 51//82 167//82
f 90//82 117//82 103//82
f 90//82 77//82 167//82
f 90//82 167//82 117//82
f 77//82 90//82 89//82
f 80//128 62//128 170//128
f 170//129 62//129 77//129
f 170//130 171//130 80//130
f 80//131 171//131 84//131
f 171//132 172//132 84//132
f 84//133 173//133 85//133
f 172//134 173//134 84//134
f 173//135 174//135 85//135
f 85//136 174//136 86//136
f 86//137 175//137 87//137
f 174//138 175//138 86//138
f 88//139 87//139 175//139
f 88//140 175//140 279//140
f 176//141 83//141 88//141
f 177//142 88//142 178//142
f 177//143 176//143 88//143
f 82//144 83//144 179//144
f 82//145 179//145 180//145
f 81//146 82//146 180//146
f 81//147 180//147 181//147
f 79//148 81//148 181//148
f 79//149 181//149 182//149
f 78//150 79//150 182//150
f 78//151 182//151 89//151
f 63//152 78//152 89//152
f 94//153 61//153 183//153
f 183//154 61//154 90//154
f 94//155 183//155 97//155
f 183//156 184//156 97//156
f 97//157 184//157 98//157
f 184//158 185//158 98//158
f 98//159 186//159 99//159
f 185//160 186//160 98//160
f 99//161 187//161 100//161
f 186//162 187//162 99//162
f 187//163 188//163 100//163
f 101//164 100//164 188//164
f 101//165 188//165 189//165
f 190//166 96//166 101//166
f 191//167 101//167 192//167
f 191//168 190//168 101//168
f 193//169 191//169 192//169
f 96//170 194//170 195//170
f 95//171 96//171 195//171
f 95//172 195//172 196//172
f 93//173 196//173 197//173
f 93//174 95//174 196//174
f 93//175 197//175 198//175
f 91//176 93//176 198//176
f 91//177 198//177 199//177
f 92//178 91//178 199//178
f 92//179 199//179 102//179
f 109//180 59//180 200//180
f 200//181 59//181 103//181
f 200//182 201//182 109//182
f 109//183 201//183 110//183
f 110//184 201//184 111//184
f 201//185 202//185 111//185
f 111//186 202//186 112//186
f 202//187 203//187 112//187
f 112//188 203//188 113//188
f 113//189 204//189 114//189
f 203//190 204//190 113//190
f 280//191 114//191 204//191
f 115//192 114//192 280//192
f 205//193 108//193 115//193
f 206//194 115//194 207//194
f 206//195 205//195 115//195
f 208//196 206//196 207//196
f 108//197 209//197 210//197
f 107//198 108//198 210//198
f 107//199 210//199 211//199
f 106//200 211//200 212//200
f 106//201 107//201 211//201
f 106//202 212//202 213//202
f 104//203 106//203 213//203
f 105//204 104//204 213//204
f 105//205 213//205 116//205
f 58//206 105//206 116//206
f 121//207 56//207 214//207
f 214//208 56//208 117//208
f 214//209 215//209 121//209
f 121//210 215//210 125//210
f 215//211 216//211 125//211
f 216//212 217//212 125//212
f 125//213 217//213 126//213
f 217//214 218//214 126//214
f 126//215 218//215 127//215
f 127//216 218//216 128//216
f 218//217 219//217 128//217
f 220//218 128//218 219//218
f 129//219 128//219 220//219
f 221//220 124//220 129//220
f 222//221 129//221 223//221
f 222//222 221//222 129//222
f 224//223 222//223 223//223
f 123//224 225//224 226//224
f 123//225 124//225 225//225
f 123//226 226//226 227//226
f 122//227 123//227 227//227
f 120//228 122//228 227//228
f 120//229 227//229 228//229
f 118//230 120//230 228//230
f 118//231 228//231 229//231
f 119//232 118//232 229//232
f 55//233 119//233 229//233
f 55//234 229//234 130//234
f 137//235 53//235 230//235
f 230//236 53//236 131//236
f 137//237 231//237 138//237
f 230//238 231//238 137//238
f 138//239 232//239 139//239
f 231//240 232//240 138//240
f 139//241 233//241 234//241
f 232//242 233//242 139//242
f 233//243 235//243 234//243
f 234//244 235//244 140//244
f 140//245 281//245 141//245
f 235//246 281//246 140//246
f 236//247 141//247 281//247
f 142//248 141//248 236//248
f 237//249 136//249 142//249
f 238//250 237//250 142//250
f 239//251 142//251 240//251
f 239//252 238//252 142//252
f 241//253 239//253 240//253
f 136//254 242//254 243//254
f 135//255 136//255 243//255
f 135//256 243//256 244//256
f 134//257 135//257 244//257
f 134//258 244//258 245//258
f 133//259 134//259 245//259
f 133//260 245//260 246//260
f 132//261 133//261 246//261
f 52//262 132//262 246//262
f 52//263 246//263 143//263
f 148//264 54//264 247//264
f 247//265 54//265 144//265
f 148//266 247//266 152//266
f 247//267 248//267 152//267
f 152//268 249//268 153//268
f 248//269 249//269 152//269
f 153//270 249//270 154//270
f 249//271 250//271 154//271
f 154//272 251//272 155//272
f 250//273 251//273 154//273
f 251//274 252//274 155//274
f 156//275 155//275 252//275
f 156//276 252//276 253//276
f 254//277 151//277 156//277
f 255//278 156//278 256//278
f 255//279 254//279 156//279
f 150//280 151//280 257//280
f 150//281 257//281 258//281
f 149//282 150//282 258//282
f 149//283 258//283 259//283
f 147//284 259//284 260//284
f 147//285 149//285 259//285
f 145//286 260//286 261//286
f 145//287 147//287 260//287
f 145//288 261//288 157//288
f 146//289 145//289 157//289
f 262//290 57//290 263//290
f 263//291 57//291 158//291
f 263//292 264//292 262//292
f 262//293 264//293 265//293
f 264//294 266//294 265//294
f 265//295 266//295 163//295
f 266//296 267//296 163//296
f 163//297 267//297 164//297
f 164//298 282//298 165//298
f 267//299 282//299 164//299
f 282//300 268//300 165//300
f 269//301 165//301 268//301
f 269//302 268//302 270//302
f 271//303 162//303 269//303
f 272//304 269//304 273//304
f 272//305 271//305 269//305
f 274//306 272//306 273//306
f 162//307 275//307 276//307
f 161//308 162//308 276//308
f 161//309 276//309 277//309
f 160//310 161//310 277//310
f 159//311 277//311 278//311
f 159//312 160//312 277//312
f 159//313 278//313 166//313
f 60//314 159//314 166//314
f 89//82 182//82 77//82
f 181//82 77//82 182//82
f 180//82 77//82 181//82
f 179//315 77//315 180//315
f 171//82 170//82 77//82
f 172//82 171//82 77//82
f 173//82 172//82 77//82
f 174//82 173//82 77//82
f 174//82 77//82 179//82
f 175//82 174//82 179//82
f 279//316 175//316 179//316
f 198//82 90//82 199//82
f 102//82 199//82 90//82
f 197//82 90//82 198//82
f 196//82 90//82 197//82
f 195//82 90//82 196//82
f 194//317 90//317 195//317
f 184//82 183//82 90//82
f 185//82 184//82 90//82
f 186//82 185//82 90//82
f 187//318 90//318 194//318
f 187//82 186//82 90//82
f 188//319 187//319 194//319
f 189//320 188//320 194//320
f 116//82 213//82 103//82
f 212//82 103//82 213//82
f 211//82 103//82 212//82
f 210//82 103//82 211//82
f 209//321 103//321 210//321
f 201//82 200//82 103//82
f 202//82 201//82 103//82
f 203//82 202//82 103//82
f 203//82 103//82 209//82
f 204//82 203//82 209//82
f 280//322 204//322 209//322
f 228//82 117//82 229//82
f 130//82 229//82 117//82
f 227//82 117//82 228//82
f 226//82 117//82 227//82
f 225//323 117//323 226//323
f 215//82 214//82 117//82
f 216//82 215//82 117//82
f 217//82 216//82 117//82
f 218//82 217//82 117//82
f 218//82 117//82 225//82
f 219//82 218//82 225//82
f 220//324 219//324 225//324
f 245//82 131//82 246//82
f 143//82 246//82 131//82
f 244//82 131//82 245//82
f 243//82 131//82 244//82
f 242//318 131//318 243//318
f 231//82 230//82 131//82
f 232//82 231//82 131//82
f 233//82 232//82 131//82
f 235//82 233//82 131//82
f 235//82 131//82 242//82
f 281//82 235//82 242//82
f 236//325 281//325 242//325
f 261//82 144//82 157//82
f 260//82 144//82 261//82
f 259//82 144//82 260//82
f 258//82 144//82 259//82
f 257//82 144//82 258//82
f 248//82 247//82 144//82
f 249//82 248//82 144//82
f 250//82 249//82 144//82
f 251//82 144//82 257//82
f 251//82 250//82 144//82
f 252//82 251//82 257//82
f 253//326 252//326 257//326
f 166//82 278//82 158//82
f 277//82 158//82 278//82
f 276//82 158//82 277//82
f 275//327 158//327 276//327
f 264//82 263//82 158//82
f 266//82 264//82 158//82
f 267//82 266//82 158//82
f 282//82 158//82 275//82
f 282//82 267//82 158//82
f 268//82 282//82 275//82
f 270//328 268//328 275//328
f 279//329 283//329 88//329
f 88//330 283//330 178//330
f 283//331 284//331 178//331
f 286//332 285//332 177//332
f 287//333 288//333 285//333
f 177//334 288//334 176//334
f 285//335 288//335 177//335
f 288//336 289//336 176//336
f 290//337 289//337 288//337
f 289//338 83//338 176//338
f 291//339 290//339 287//339
f 179//340 290//340 291//340
f 287//341 290//341 288//341
f 83//342 289//342 179//342
f 179//343 289//343 290//343
f 178//344 292//344 177//344
f 177//345 292//345 293//345
f 292//346 436//346 293//346
f 293//347 436//347 294//347
f 294//348 436//348 295//348
f 295//349 436//349 296//349
f 296//350 436//350 297//350
f 297//351 436//351 298//351
f 298//352 436//352 299//352
f 299//353 436//353 300//353
f 300//354 436//354 301//354
f 301//355 436//355 302//355
f 302//356 436//356 443//356
f 436//357 303//357 443//357
f 436//358 435//358 303//358
f 189//359 304//359 101//359
f 101//359 305//359 192//359
f 304//359 305//359 101//359
f 305//359 306//359 192//359
f 308//360 191//360 307//360
f 307//361 191//361 193//361
f 309//362 310//362 308//362
f 308//363 310//363 191//363
f 191//364 310//364 190//364
f 311//365 190//365 310//365
f 190//366 312//366 96//366
f 194//367 311//367 309//367
f 309//368 311//368 310//368
f 311//369 312//369 190//369
f 194//370 312//370 311//370
f 96//371 312//371 194//371
f 192//372 313//372 193//372
f 193//373 313//373 314//373
f 313//374 315//374 314//374
f 314//375 315//375 316//375
f 316//375 315//375 317//375
f 317//376 315//376 318//376
f 318//377 315//377 319//377
f 319//378 315//378 320//378
f 320//378 315//378 321//378
f 321//378 315//378 322//378
f 322//379 315//379 323//379
f 323//380 315//380 455//380
f 455//381 315//381 324//381
f 315//382 325//382 324//382
f 280//383 326//383 115//383
f 115//384 326//384 207//384
f 326//385 327//385 207//385
f 329//386 206//386 328//386
f 328//387 206//387 208//387
f 330//388 331//388 329//388
f 329//389 331//389 206//389
f 332//390 331//390 330//390
f 332//391 333//391 331//391
f 108//392 333//392 209//392
f 209//393 333//393 332//393
f 206//394 331//394 205//394
f 331//395 333//395 205//395
f 205//396 333//396 108//396
f 207//397 459//397 208//397
f 208//398 459//398 334//398
f 459//399 335//399 334//399
f 334//400 335//400 336//400
f 336//400 335//400 337//400
f 337//401 335//401 338//401
f 338//402 335//402 339//402
f 339//403 335//403 340//403
f 340//404 335//404 341//404
f 341//405 335//405 342//405
f 342//405 335//405 343//405
f 343//406 335//406 344//406
f 344//407 335//407 345//407
f 335//408 346//408 345//408
f 335//409 347//409 346//409
f 220//410 348//410 129//410
f 129//410 349//410 223//410
f 348//410 349//410 129//410
f 349//410 350//410 223//410
f 351//411 352//411 224//411
f 353//412 354//412 352//412
f 221//413 354//413 355//413
f 355//414 124//414 221//414
f 222//415 354//415 221//415
f 352//416 222//416 224//416
f 354//417 222//417 352//417
f 225//418 124//418 355//418
f 353//419 356//419 354//419
f 355//420 356//420 225//420
f 354//421 356//421 355//421
f 223//422 474//422 224//422
f 224//423 474//423 357//423
f 474//424 472//424 357//424
f 357//425 472//425 358//425
f 358//426 472//426 476//426
f 476//427 472//427 359//427
f 359//428 472//428 360//428
f 360//429 472//429 361//429
f 361//430 472//430 362//430
f 362//431 472//431 363//431
f 363//432 472//432 364//432
f 364//433 472//433 365//433
f 365//434 472//434 366//434
f 366//435 472//435 367//435
f 472//436 368//436 367//436
f 472//437 369//437 368//437
f 236//438 370//438 142//438
f 142//439 371//439 240//439
f 370//440 371//440 142//440
f 371//441 372//441 240//441
f 375//442 374//442 373//442
f 373//443 374//443 241//443
f 376//444 374//444 375//444
f 376//445 238//445 374//445
f 377//446 378//446 376//446
f 376//447 378//447 238//447
f 242//448 378//448 377//448
f 136//449 237//449 242//449
f 242//450 237//450 378//450
f 237//451 238//451 378//451
f 239//452 374//452 238//452
f 374//453 239//453 241//453
f 240//454 487//454 241//454
f 241//455 487//455 379//455
f 487//456 485//456 379//456
f 379//457 485//457 380//457
f 380//458 485//458 490//458
f 490//459 485//459 381//459
f 381//460 485//460 382//460
f 382//461 485//461 383//461
f 383//462 485//462 384//462
f 384//460 485//460 385//460
f 385//463 485//463 386//463
f 386//464 485//464 387//464
f 485//460 388//460 387//460
f 253//465 389//465 156//465
f 156//465 390//465 256//465
f 389//465 390//465 156//465
f 390//465 391//465 256//465
f 393//466 392//466 255//466
f 394//467 395//467 392//467
f 255//468 395//468 254//468
f 392//469 395//469 255//469
f 395//470 396//470 254//470
f 254//471 397//471 151//471
f 396//472 397//472 254//472
f 394//473 398//473 395//473
f 395//474 398//474 396//474
f 398//475 399//475 396//475
f 257//476 399//476 398//476
f 151//23 400//23 257//23
f 257//477 400//477 399//477
f 399//478 400//478 396//478
f 397//479 400//479 151//479
f 396//480 400//480 397//480
f 256//481 401//481 255//481
f 255//482 401//482 403//482
f 401//483 402//483 403//483
f 403//484 402//484 503//484
f 503//485 402//485 404//485
f 404//486 402//486 405//486
f 405//486 402//486 406//486
f 406//487 402//487 407//487
f 407//488 402//488 408//488
f 408//489 402//489 509//489
f 509//490 402//490 409//490
f 409//490 402//490 410//490
f 402//491 411//491 410//491
f 402//492 412//492 411//492
f 270//493 413//493 269//493
f 269//494 413//494 273//494
f 413//495 414//495 273//495
f 414//496 415//496 273//496
f 275//497 417//497 416//497
f 272//498 418//498 271//498
f 418//499 417//499 271//499
f 419//500 420//500 421//500
f 421//501 420//501 274//501
f 272//502 420//502 418//502
f 274//503 420//503 272//503
f 422//504 420//504 419//504
f 271//505 417//505 162//505
f 162//506 417//506 275//506
f 416//507 420//507 422//507
f 417//508 418//508 416//508
f 416//509 418//509 420//509
f 273//510 518//510 274//510
f 274//511 518//511 519//511
f 518//512 423//512 519//512
f 519//513 423//513 424//513
f 424//514 423//514 425//514
f 425//515 423//515 426//515
f 426//516 423//516 427//516
f 427//511 423//511 428//511
f 428//511 423//511 429//511
f 429//517 423//517 430//517
f 430//518 423//518 528//518
f 528//519 423//519 431//519
f 423//520 432//520 431//520
f 179//521 291//521 279//521
f 291//522 287//522 279//522
f 279//523 287//523 283//523
f 287//524 285//524 283//524
f 283//525 285//525 284//525
f 285//526 286//526 284//526
f 194//527 309//527 189//527
f 189//528 309//528 304//528
f 309//529 308//529 304//529
f 304//530 308//530 305//530
f 308//531 307//531 305//531
f 305//532 307//532 306//532
f 209//533 332//533 280//533
f 332//534 330//534 280//534
f 280//535 330//535 326//535
f 330//536 329//536 326//536
f 326//537 328//537 327//537
f 329//538 328//538 326//538
f 225//539 356//539 220//539
f 220//540 353//540 348//540
f 356//541 353//541 220//541
f 353//542 352//542 348//542
f 348//543 352//543 349//543
f 352//544 351//544 349//544
f 349//545 351//545 350//545
f 242//546 377//546 236//546
f 236//547 376//547 370//547
f 377//548 376//548 236//548
f 376//549 375//549 370//549
f 370//550 375//550 371//550
f 371//551 373//551 372//551
f 375//552 373//552 371//552
f 257//553 398//553 253//553
f 253//554 394//554 389//554
f 398//555 394//555 253//555
f 394//556 392//556 389//556
f 389//557 392//557 390//557
f 392//558 393//558 390//558
f 390//559 393//559 391//559
f 275//560 416//560 270//560
f 270//561 416//561 413//561
f 416//562 422//562 413//562
f 413//563 422//563 414//563
f 422//564 419//564 414//564
f 414//565 419//565 415//565
f 419//566 421//566 415//566
f 292//567 178//567 284//567
f 292//568 284//568 437//568
f 286//569 293//569 433//569
f 177//570 293//570 286//570
f 434//571 535//571 435//571
f 434//572 435//572 436//572
f 437//573 436//573 292//573
f 437//574 434//574 436//574
f 433//575 293//575 438//575
f 293//576 294//576 438//576
f 438//577 294//577 439//577
f 294//578 295//578 439//578
f 295//579 296//579 439//579
f 439//580 296//580 531//580
f 296//581 297//581 531//581
f 531//582 297//582 440//582
f 297//583 298//583 440//583
f 440//584 298//584 441//584
f 298//585 299//585 441//585
f 441//586 299//586 442//586
f 299//587 300//587 442//587
f 442//588 300//588 532//588
f 300//589 301//589 532//589
f 532//590 301//590 533//590
f 301//591 302//591 533//591
f 533//592 302//592 444//592
f 302//593 443//593 444//593
f 443//594 303//594 444//594
f 444//595 303//595 534//595
f 303//596 435//596 534//596
f 534//597 435//597 535//597
f 313//359 192//359 306//359
f 313//359 306//359 445//359
f 307//598 314//598 446//598
f 193//599 314//599 307//599
f 447//600 448//600 325//600
f 447//601 325//601 315//601
f 445//602 315//602 313//602
f 445//603 447//603 315//603
f 446//604 314//604 449//604
f 314//605 316//605 449//605
f 316//606 317//606 449//606
f 449//607 317//607 450//607
f 317//608 318//608 450//608
f 450//609 318//609 451//609
f 318//610 319//610 451//610
f 451//611 319//611 452//611
f 319//612 320//612 452//612
f 452//613 320//613 536//613
f 320//614 321//614 536//614
f 536//615 321//615 453//615
f 453//616 321//616 537//616
f 321//617 322//617 537//617
f 322//618 323//618 537//618
f 537//619 323//619 454//619
f 323//620 455//620 454//620
f 454//621 455//621 456//621
f 455//622 324//622 456//622
f 456//623 324//623 457//623
f 324//624 325//624 457//624
f 457//625 325//625 448//625
f 458//626 207//626 327//626
f 459//627 207//627 458//627
f 328//628 334//628 460//628
f 208//629 334//629 328//629
f 538//630 469//630 347//630
f 538//631 347//631 335//631
f 458//632 335//632 459//632
f 458//633 538//633 335//633
f 334//634 336//634 460//634
f 460//635 336//635 461//635
f 336//636 337//636 461//636
f 461//637 337//637 462//637
f 337//638 338//638 462//638
f 462//639 338//639 539//639
f 338//640 339//640 539//640
f 539//641 339//641 463//641
f 339//642 340//642 463//642
f 463//643 340//643 464//643
f 340//644 341//644 464//644
f 464//645 341//645 465//645
f 465//646 342//646 466//646
f 341//647 342//647 465//647
f 342//648 343//648 466//648
f 466//649 343//649 540//649
f 343//650 344//650 540//650
f 540//651 344//651 467//651
f 344//652 345//652 467//652
f 467//653 345//653 468//653
f 345//654 346//654 468//654
f 468//655 346//655 469//655
f 346//656 347//656 469//656
f 474//410 223//410 350//410
f 474//410 350//410 473//410
f 351//657 357//657 470//657
f 224//658 357//658 351//658
f 541//659 471//659 369//659
f 541//660 369//660 472//660
f 473//661 472//661 474//661
f 473//662 541//662 472//662
f 470//663 357//663 475//663
f 357//664 358//664 475//664
f 358//665 476//665 475//665
f 475//666 476//666 477//666
f 476//667 359//667 477//667
f 477//668 359//668 478//668
f 359//669 360//669 478//669
f 360//670 361//670 478//670
f 478//671 361//671 479//671
f 479//672 361//672 480//672
f 361//673 362//673 480//673
f 480//674 362//674 481//674
f 362//675 363//675 481//675
f 481//676 363//676 542//676
f 363//677 364//677 542//677
f 364//678 365//678 542//678
f 542//679 365//679 482//679
f 365//680 366//680 482//680
f 482//681 366//681 483//681
f 366//682 367//682 483//682
f 367//683 368//683 483//683
f 483//684 368//684 471//684
f 368//685 369//685 471//685
f 487//686 240//686 372//686
f 487//687 372//687 486//687
f 373//688 379//688 484//688
f 241//689 379//689 373//689
f 543//690 499//690 388//690
f 543//691 388//691 485//691
f 486//692 485//692 487//692
f 486//693 543//693 485//693
f 484//694 379//694 488//694
f 379//695 380//695 488//695
f 488//696 380//696 489//696
f 380//697 490//697 489//697
f 489//698 490//698 491//698
f 490//699 381//699 491//699
f 491//700 381//700 492//700
f 381//701 382//701 492//701
f 492//702 382//702 493//702
f 382//703 383//703 493//703
f 493//704 383//704 494//704
f 383//705 384//705 494//705
f 494//706 384//706 495//706
f 384//707 385//707 495//707
f 495//708 385//708 496//708
f 496//709 385//709 497//709
f 385//710 386//710 497//710
f 497//711 386//711 498//711
f 386//712 387//712 498//712
f 498//713 387//713 544//713
f 544//714 387//714 499//714
f 387//715 388//715 499//715
f 401//465 256//465 391//465
f 401//465 391//465 500//465
f 393//716 403//716 502//716
f 255//717 403//717 393//717
f 501//718 514//718 412//718
f 501//719 412//719 402//719
f 500//720 402//720 401//720
f 500//721 501//721 402//721
f 403//722 503//722 502//722
f 502//723 503//723 504//723
f 503//724 404//724 504//724
f 504//725 404//725 505//725
f 505//726 404//726 545//726
f 404//727 405//727 545//727
f 545//728 405//728 506//728
f 405//729 406//729 506//729
f 506//730 406//730 507//730
f 406//731 407//731 507//731
f 507//732 407//732 508//732
f 407//733 408//733 508//733
f 508//734 408//734 510//734
f 408//735 509//735 510//735
f 510//736 509//736 511//736
f 509//737 409//737 511//737
f 511//738 409//738 512//738
f 512//739 409//739 546//739
f 409//740 410//740 546//740
f 546//741 410//741 513//741
f 410//742 411//742 513//742
f 513//743 411//743 514//743
f 411//744 412//744 514//744
f 518//493 273//493 415//493
f 518//493 415//493 515//493
f 421//745 519//745 516//745
f 274//746 519//746 421//746
f 517//747 547//747 432//747
f 517//748 432//748 423//748
f 515//749 423//749 518//749
f 515//750 517//750 423//750
f 519//751 424//751 516//751
f 516//752 424//752 520//752
f 424//753 425//753 520//753
f 520//754 425//754 521//754
f 425//755 426//755 521//755
f 521//756 426//756 522//756
f 426//757 427//757 522//757
f 522//758 427//758 523//758
f 427//759 428//759 523//759
f 523//760 428//760 524//760
f 524//761 428//761 525//761
f 428//762 429//762 525//762
f 525//763 429//763 526//763
f 429//764 430//764 526//764
f 526//765 430//765 527//765
f 430//766 528//766 527//766
f 527//767 528//767 529//767
f 528//768 431//768 529//768
f 529//769 431//769 530//769
f 431//770 432//770 530//770
f 530//771 432//771 547//771
f 437//772 284//772 286//772
f 437//773 286//773 433//773
f 434//774 437//774 433//774
f 434//775 433//775 438//775
f 434//776 438//776 439//776
f 434//777 439//777 531//777
f 434//778 531//778 440//778
f 434//779 440//779 441//779
f 434//780 441//780 442//780
f 434//781 442//781 532//781
f 434//782 532//782 533//782
f 434//783 533//783 444//783
f 534//784 434//784 444//784
f 535//785 434//785 534//785
f 445//786 306//786 307//786
f 445//787 307//787 446//787
f 447//788 445//788 446//788
f 447//789 446//789 449//789
f 447//789 449//789 450//789
f 447//790 450//790 451//790
f 447//791 451//791 452//791
f 447//792 452//792 536//792
f 447//793 536//793 453//793
f 447//788 453//788 537//788
f 447//788 537//788 454//788
f 447//788 454//788 456//788
f 457//788 447//788 456//788
f 448//788 447//788 457//788
f 458//794 327//794 328//794
f 458//795 328//795 460//795
f 538//796 458//796 460//796
f 538//797 460//797 461//797
f 538//798 461//798 462//798
f 538//799 462//799 539//799
f 538//800 539//800 463//800
f 538//801 463//801 464//801
f 538//802 464//802 465//802
f 538//803 465//803 466//803
f 538//804 466//804 540//804
f 538//805 540//805 467//805
f 538//806 467//806 468//806
f 469//807 538//807 468//807
f 473//808 350//808 351//808
f 473//809 351//809 470//809
f 541//810 473//810 470//810
f 541//811 470//811 475//811
f 541//812 475//812 477//812
f 541//813 477//813 478//813
f 541//813 478//813 479//813
f 541//814 479//814 480//814
f 541//815 480//815 481//815
f 541//816 481//816 542//816
f 541//817 542//817 482//817
f 541//818 482//818 483//818
f 471//819 541//819 483//819
f 486//820 372//820 373//820
f 486//821 373//821 484//821
f 543//822 486//822 484//822
f 543//823 484//823 488//823
f 543//824 488//824 489//824
f 543//825 489//825 491//825
f 543//826 491//826 492//826
f 543//827 492//827 493//827
f 543//828 493//828 494//828
f 543//829 494//829 495//829
f 543//830 495//830 496//830
f 543//831 496//831 497//831
f 543//832 497//832 498//832
f 544//833 543//833 498//833
f 499//827 543//827 544//827
f 500//834 391//834 393//834
f 500//835 393//835 502//835
f 501//836 500//836 502//836
f 501//836 502//836 504//836
f 501//837 504//837 505//837
f 501//838 505//838 545//838
f 501//836 545//836 506//836
f 501//836 506//836 507//836
f 501//839 507//839 508//839
f 501//840 508//840 510//840
f 501//836 510//836 511//836
f 501//836 511//836 512//836
f 501//836 512//836 546//836
f 513//836 501//836 546//836
f 514//836 501//836 513//836
f 515//841 415//841 421//841
f 515//842 421//842 516//842
f 517//843 515//843 516//843
f 517//844 516//844 520//844
f 517//845 520//845 521//845
f 517//846 521//846 522//846
f 517//847 522//847 523//847
f 517//848 523//848 524//848
f 517//849 524//849 525//849
f 517//850 525//850 526//850
f 517//851 526//851 527//851
f 517//852 527//852 529//852
f 530//853 517//853 529//853
f 547//854 517//854 530//854
f 550//855 548//855 549//855
f 551//856 549//856 552//856
f 551//857 550//857 549//857
f 553//858 551//858 552//858
f 554//82 555//82 556//82
f 554//82 557//82 555//82
f 554//82 559//82 557//82
f 554//82 560//82 559//82
f 554//859 548//859 560//859
f 558//82 561//82 554//82
f 561//82 562//82 554//82
f 562//82 563//82 554//82
f 563//82 564//82 554//82
f 554//82 564//82 548//82
f 564//82 565//82 548//82
f 565//860 549//860 548//860
f 566//861 567//861 553//861
f 568//862 570//862 567//862
f 550//863 570//863 569//863
f 569//864 548//864 550//864
f 551//865 570//865 550//865
f 567//866 551//866 553//866
f 570//867 551//867 567//867
f 572//868 569//868 570//868
f 572//869 548//869 569//869
f 570//870 571//870 572//870
f 568//871 571//871 570//871
f 552//872 613//872 553//872
f 553//814 613//814 573//814
f 613//873 574//873 573//873
f 573//873 574//873 575//873
f 575//873 574//873 576//873
f 576//873 574//873 577//873
f 577//873 574//873 578//873
f 578//873 574//873 579//873
f 579//873 574//873 580//873
f 580//873 574//873 581//873
f 581//873 574//873 622//873
f 622//873 574//873 582//873
f 574//873 583//873 582//873
f 574//873 611//873 583//873
f 584//410 585//410 549//410
f 549//410 585//410 552//410
f 585//410 586//410 552//410
f 586//410 587//410 552//410
f 558//874 589//874 561//874
f 588//875 589//875 558//875
f 561//876 589//876 562//876
f 589//877 590//877 562//877
f 562//878 590//878 563//878
f 590//879 591//879 563//879
f 563//880 591//880 564//880
f 564//881 591//881 565//881
f 591//882 592//882 565//882
f 549//883 565//883 592//883
f 549//884 592//884 584//884
f 548//885 572//885 593//885
f 560//886 548//886 593//886
f 560//887 593//887 594//887
f 559//888 560//888 594//888
f 557//889 594//889 595//889
f 557//890 559//890 594//890
f 557//891 595//891 596//891
f 555//892 557//892 596//892
f 556//893 555//893 596//893
f 556//894 596//894 597//894
f 676//82 599//82 598//82
f 599//82 600//82 598//82
f 690//82 602//82 599//82
f 604//82 554//82 602//82
f 600//82 554//82 601//82
f 599//82 554//82 600//82
f 602//82 554//82 599//82
f 603//82 605//82 639//82
f 556//82 606//82 554//82
f 606//82 605//82 554//82
f 554//82 605//82 601//82
f 601//82 605//82 603//82
f 605//82 606//82 607//82
f 558//895 554//895 588//895
f 588//896 554//896 716//896
f 572//897 571//897 584//897
f 584//898 568//898 585//898
f 571//899 568//899 584//899
f 585//900 567//900 586//900
f 568//901 567//901 585//901
f 586//902 566//902 587//902
f 567//903 566//903 586//903
f 566//904 573//904 608//904
f 553//905 573//905 566//905
f 613//410 552//410 587//410
f 613//410 587//410 612//410
f 609//906 610//906 611//906
f 609//907 611//907 574//907
f 612//908 574//908 613//908
f 612//909 609//909 574//909
f 608//910 573//910 614//910
f 573//911 575//911 614//911
f 575//912 576//912 614//912
f 614//913 576//913 615//913
f 576//914 577//914 615//914
f 615//915 577//915 616//915
f 577//916 578//916 616//916
f 616//917 578//917 617//917
f 578//918 579//918 617//918
f 617//919 579//919 618//919
f 618//920 580//920 619//920
f 579//921 580//921 618//921
f 619//922 580//922 620//922
f 580//923 581//923 620//923
f 620//924 581//924 621//924
f 581//925 622//925 621//925
f 621//926 622//926 623//926
f 622//927 582//927 623//927
f 623//928 582//928 624//928
f 624//929 582//929 625//929
f 582//930 583//930 625//930
f 625//931 583//931 610//931
f 583//932 611//932 610//932
f 597//4 596//4 716//4
f 595//4 716//4 596//4
f 594//4 716//4 595//4
f 593//4 716//4 594//4
f 572//933 716//933 593//933
f 589//4 588//4 716//4
f 590//4 589//4 716//4
f 591//4 590//4 716//4
f 591//4 716//4 572//4
f 592//4 591//4 572//4
f 584//934 592//934 572//934
f 556//935 597//935 626//935
f 606//936 556//936 626//936
f 627//82 607//82 606//82
f 606//82 628//82 627//82
f 606//82 629//82 628//82
f 606//82 631//82 629//82
f 606//937 632//937 631//937
f 630//82 633//82 606//82
f 633//82 721//82 606//82
f 606//82 722//82 632//82
f 721//82 722//82 606//82
f 722//82 634//82 632//82
f 634//938 635//938 632//938
f 607//939 636//939 637//939
f 605//940 607//940 637//940
f 605//82 638//82 639//82
f 605//82 640//82 638//82
f 605//82 642//82 640//82
f 605//941 643//941 642//941
f 641//82 644//82 605//82
f 644//82 645//82 605//82
f 645//82 646//82 605//82
f 605//82 646//82 643//82
f 646//82 647//82 643//82
f 647//942 648//942 643//942
f 603//943 649//943 650//943
f 603//944 639//944 649//944
f 603//82 651//82 652//82
f 652//82 601//82 603//82
f 603//82 653//82 651//82
f 603//82 654//82 653//82
f 603//945 656//945 654//945
f 655//82 657//82 603//82
f 657//82 658//82 603//82
f 658//82 659//82 603//82
f 603//82 752//82 656//82
f 659//82 752//82 603//82
f 752//82 753//82 656//82
f 753//946 755//946 656//946
f 601//947 660//947 661//947
f 601//82 662//82 663//82
f 663//82 600//82 601//82
f 601//82 664//82 662//82
f 601//82 666//82 664//82
f 601//948 667//948 666//948
f 665//82 668//82 601//82
f 668//82 669//82 601//82
f 669//82 670//82 601//82
f 670//82 671//82 601//82
f 601//82 671//82 667//82
f 671//82 672//82 667//82
f 672//949 673//949 667//949
f 600//950 780//950 674//950
f 598//951 600//951 674//951
f 598//82 675//82 676//82
f 598//82 677//82 675//82
f 598//82 679//82 677//82
f 598//952 680//952 679//952
f 678//82 681//82 598//82
f 681//82 682//82 598//82
f 682//82 683//82 598//82
f 683//82 684//82 598//82
f 598//82 684//82 680//82
f 684//82 685//82 680//82
f 685//953 686//953 680//953
f 599//954 687//954 688//954
f 599//955 676//955 687//955
f 599//82 689//82 690//82
f 599//82 691//82 689//82
f 599//82 693//82 691//82
f 599//82 694//82 693//82
f 599//956 695//956 694//956
f 692//82 696//82 599//82
f 696//82 697//82 599//82
f 697//82 698//82 599//82
f 599//82 698//82 695//82
f 698//82 699//82 695//82
f 699//957 700//957 695//957
f 602//958 701//958 702//958
f 602//959 690//959 701//959
f 703//82 604//82 602//82
f 602//82 704//82 703//82
f 602//82 706//82 704//82
f 602//82 707//82 706//82
f 705//82 709//82 602//82
f 602//960 708//960 707//960
f 709//82 710//82 602//82
f 710//82 711//82 602//82
f 711//82 712//82 602//82
f 602//82 712//82 708//82
f 712//82 713//82 708//82
f 713//961 714//961 708//961
f 554//962 604//962 715//962
f 554//963 715//963 716//963
f 612//964 587//964 566//964
f 612//965 566//965 608//965
f 609//966 612//966 608//966
f 609//967 608//967 614//967
f 609//968 614//968 615//968
f 609//426 615//426 616//426
f 609//431 616//431 617//431
f 609//969 617//969 618//969
f 609//970 618//970 619//970
f 609//971 619//971 620//971
f 609//972 620//972 621//972
f 609//423 621//423 623//423
f 609//973 623//973 624//973
f 625//974 609//974 624//974
f 610//975 609//975 625//975
f 688//4 687//4 674//4
f 661//4 674//4 780//4
f 702//4 701//4 688//4
f 650//4 661//4 660//4
f 716//4 688//4 674//4
f 716//4 715//4 702//4
f 716//4 702//4 688//4
f 716//4 674//4 661//4
f 637//4 650//4 649//4
f 626//4 597//4 716//4
f 637//4 626//4 716//4
f 637//4 716//4 661//4
f 637//4 661//4 650//4
f 626//4 637//4 636//4
f 630//976 606//976 717//976
f 717//977 606//977 626//977
f 717//978 718//978 630//978
f 630//979 718//979 633//979
f 718//980 719//980 633//980
f 633//981 720//981 721//981
f 719//982 720//982 633//982
f 720//983 825//983 721//983
f 721//984 825//984 722//984
f 722//985 723//985 634//985
f 825//986 723//986 722//986
f 826//987 634//987 723//987
f 635//988 634//988 826//988
f 724//989 632//989 635//989
f 725//990 635//990 726//990
f 725//991 724//991 635//991
f 632//992 727//992 728//992
f 631//993 632//993 728//993
f 629//994 631//994 728//994
f 629//995 728//995 729//995
f 628//996 629//996 729//996
f 628//997 729//997 730//997
f 627//998 628//998 730//998
f 627//999 730//999 636//999
f 607//1000 627//1000 636//1000
f 641//1001 605//1001 731//1001
f 731//1002 605//1002 637//1002
f 641//1003 731//1003 644//1003
f 731//1004 732//1004 644//1004
f 644//1005 732//1005 645//1005
f 732//1006 733//1006 645//1006
f 645//1007 734//1007 646//1007
f 733//1008 734//1008 645//1008
f 734//1009 735//1009 646//1009
f 646//1010 735//1010 647//1010
f 735//1011 736//1011 647//1011
f 648//1012 647//1012 736//1012
f 648//1013 736//1013 737//1013
f 738//1014 643//1014 648//1014
f 739//1015 648//1015 740//1015
f 739//1016 738//1016 648//1016
f 741//1017 739//1017 740//1017
f 643//1018 742//1018 743//1018
f 642//1019 643//1019 743//1019
f 642//1020 743//1020 744//1020
f 640//1021 744//1021 745//1021
f 640//1022 642//1022 744//1022
f 640//1023 745//1023 746//1023
f 638//1024 640//1024 746//1024
f 638//1025 746//1025 747//1025
f 639//1026 638//1026 747//1026
f 639//1027 747//1027 649//1027
f 655//1028 603//1028 748//1028
f 748//1029 603//1029 650//1029
f 748//1030 749//1030 655//1030
f 655//1031 749//1031 657//1031
f 657//1032 749//1032 658//1032
f 749//1033 750//1033 658//1033
f 658//1034 750//1034 659//1034
f 750//1035 751//1035 659//1035
f 659//1036 751//1036 752//1036
f 752//1037 754//1037 753//1037
f 751//1038 754//1038 752//1038
f 827//1039 753//1039 754//1039
f 755//1040 753//1040 827//1040
f 756//1041 656//1041 755//1041
f 757//1042 755//1042 758//1042
f 757//1043 756//1043 755//1043
f 759//1044 757//1044 758//1044
f 656//1045 760//1045 761//1045
f 654//1046 656//1046 761//1046
f 654//1047 761//1047 762//1047
f 653//1048 654//1048 762//1048
f 653//1049 762//1049 763//1049
f 651//1050 763//1050 764//1050
f 651//1051 653//1051 763//1051
f 652//1052 651//1052 764//1052
f 652//1053 764//1053 660//1053
f 601//1054 652//1054 660//1054
f 665//1055 601//1055 765//1055
f 765//1056 601//1056 661//1056
f 665//1057 766//1057 668//1057
f 765//1058 766//1058 665//1058
f 668//1059 767//1059 669//1059
f 766//1060 767//1060 668//1060
f 669//1061 768//1061 670//1061
f 767//1062 768//1062 669//1062
f 670//1063 769//1063 671//1063
f 768//1064 769//1064 670//1064
f 671//1065 770//1065 672//1065
f 769//1066 770//1066 671//1066
f 673//1067 672//1067 770//1067
f 673//1068 770//1068 771//1068
f 772//1069 667//1069 673//1069
f 773//1070 673//1070 774//1070
f 773//1071 772//1071 673//1071
f 775//1072 773//1072 774//1072
f 666//1073 776//1073 777//1073
f 666//1074 667//1074 776//1074
f 664//1075 777//1075 778//1075
f 664//1076 666//1076 777//1076
f 662//1077 778//1077 779//1077
f 662//1078 664//1078 778//1078
f 663//1079 662//1079 779//1079
f 663//1080 779//1080 780//1080
f 600//1081 663//1081 780//1081
f 678//1082 598//1082 781//1082
f 781//1083 598//1083 674//1083
f 678//1084 782//1084 681//1084
f 781//1085 782//1085 678//1085
f 681//1086 783//1086 682//1086
f 782//1087 783//1087 681//1087
f 682//1088 783//1088 683//1088
f 783//1089 784//1089 683//1089
f 683//1090 784//1090 684//1090
f 784//1091 785//1091 684//1091
f 684//1092 785//1092 685//1092
f 785//1093 786//1093 685//1093
f 828//1094 685//1094 786//1094
f 686//1095 685//1095 828//1095
f 787//1096 680//1096 686//1096
f 788//1097 787//1097 686//1097
f 789//1098 686//1098 790//1098
f 789//1099 788//1099 686//1099
f 791//1100 789//1100 790//1100
f 680//1101 792//1101 793//1101
f 679//1102 680//1102 793//1102
f 679//1103 793//1103 794//1103
f 677//1104 679//1104 794//1104
f 677//1105 794//1105 795//1105
f 675//1106 677//1106 795//1106
f 675//1107 795//1107 796//1107
f 676//1108 675//1108 796//1108
f 676//1109 796//1109 687//1109
f 692//1110 599//1110 797//1110
f 797//1111 599//1111 688//1111
f 692//1112 798//1112 696//1112
f 797//1113 798//1113 692//1113
f 696//1114 798//1114 697//1114
f 798//1115 799//1115 697//1115
f 697//1116 800//1116 698//1116
f 799//1117 800//1117 697//1117
f 698//1118 801//1118 699//1118
f 800//1119 801//1119 698//1119
f 802//1120 699//1120 801//1120
f 700//1121 699//1121 802//1121
f 803//1122 695//1122 700//1122
f 804//1123 700//1123 805//1123
f 804//1124 803//1124 700//1124
f 695//1125 806//1125 807//1125
f 694//1126 695//1126 807//1126
f 693//1127 807//1127 808//1127
f 693//1128 694//1128 807//1128
f 691//1129 808//1129 809//1129
f 691//1130 693//1130 808//1130
f 689//1131 809//1131 810//1131
f 689//1132 691//1132 809//1132
f 689//1133 810//1133 701//1133
f 690//1134 689//1134 701//1134
f 705//1135 602//1135 811//1135
f 811//1136 602//1136 702//1136
f 705//1137 811//1137 709//1137
f 811//1138 812//1138 709//1138
f 709//1139 812//1139 710//1139
f 710//1140 813//1140 711//1140
f 812//1141 813//1141 710//1141
f 711//1142 813//1142 712//1142
f 813//1143 814//1143 712//1143
f 712//1144 814//1144 713//1144
f 814//1145 829//1145 713//1145
f 815//1146 713//1146 829//1146
f 714//1147 713//1147 815//1147
f 816//1148 708//1148 714//1148
f 817//1149 714//1149 818//1149
f 817//1150 816//1150 714//1150
f 819//1151 817//1151 818//1151
f 707//1152 708//1152 820//1152
f 707//1153 820//1153 821//1153
f 706//1154 707//1154 821//1154
f 704//1155 821//1155 822//1155
f 704//1156 706//1156 821//1156
f 704//1157 822//1157 823//1157
f 703//1158 704//1158 823//1158
f 703//1159 823//1159 824//1159
f 604//1160 703//1160 824//1160
f 604//1161 824//1161 715//1161
f 636//4 730//4 626//4
f 729//4 626//4 730//4
f 728//4 626//4 729//4
f 727//103 626//103 728//103
f 718//4 717//4 626//4
f 719//4 718//4 626//4
f 720//4 719//4 626//4
f 825//4 720//4 626//4
f 825//4 626//4 727//4
f 723//4 825//4 727//4
f 826//1162 723//1162 727//1162
f 746//4 637//4 747//4
f 649//4 747//4 637//4
f 745//4 637//4 746//4
f 744//4 637//4 745//4
f 743//4 637//4 744//4
f 742//4 637//4 743//4
f 732//4 731//4 637//4
f 733//4 732//4 637//4
f 734//4 733//4 637//4
f 735//4 637//4 742//4
f 735//4 734//4 637//4
f 736//4 735//4 742//4
f 737//1163 736//1163 742//1163
f 660//4 764//4 650//4
f 763//4 650//4 764//4
f 762//4 650//4 763//4
f 761//4 650//4 762//4
f 760//1164 650//1164 761//1164
f 749//4 748//4 650//4
f 750//4 749//4 650//4
f 751//4 750//4 650//4
f 751//4 650//4 760//4
f 754//4 751//4 760//4
f 827//1165 754//1165 760//1165
f 780//4 779//4 661//4
f 778//4 661//4 779//4
f 777//4 661//4 778//4
f 776//1166 661//1166 777//1166
f 766//4 765//4 661//4
f 767//4 766//4 661//4
f 768//4 767//4 661//4
f 769//4 768//4 661//4
f 769//4 661//4 776//4
f 770//4 769//4 776//4
f 771//1167 770//1167 776//1167
f 795//4 674//4 796//4
f 687//4 796//4 674//4
f 794//4 674//4 795//4
f 793//4 674//4 794//4
f 792//4 674//4 793//4
f 782//4 781//4 674//4
f 783//4 782//4 674//4
f 784//4 783//4 674//4
f 785//4 674//4 792//4
f 785//4 784//4 674//4
f 786//4 785//4 792//4
f 828//1168 786//1168 792//1168
f 810//4 688//4 701//4
f 809//4 688//4 810//4
f 808//4 688//4 809//4
f 807//4 688//4 808//4
f 806//4 688//4 807//4
f 798//4 797//4 688//4
f 799//4 798//4 688//4
f 800//4 799//4 688//4
f 800//4 688//4 806//4
f 801//4 800//4 806//4
f 802//1169 801//1169 806//1169
f 823//4 702//4 824//4
f 715//4 824//4 702//4
f 822//4 702//4 823//4
f 821//4 702//4 822//4
f 820//1170 702//1170 821//1170
f 812//4 811//4 702//4
f 813//4 812//4 702//4
f 814//4 702//4 820//4
f 814//4 813//4 702//4
f 829//4 814//4 820//4
f 815//1171 829//1171 820//1171
f 826//1172 830//1172 635//1172
f 635//1173 831//1173 726//1173
f 830//1174 831//1174 635//1174
f 831//1175 832//1175 726//1175
f 834//1176 833//1176 725//1176
f 835//1177 836//1177 833//1177
f 725//1178 836//1178 724//1178
f 833//1179 836//1179 725//1179
f 836//1180 837//1180 724//1180
f 724//1181 838//1181 632//1181
f 837//1182 838//1182 724//1182
f 835//1183 839//1183 836//1183
f 836//1184 839//1184 837//1184
f 837//1185 839//1185 838//1185
f 727//1186 838//1186 839//1186
f 632//1187 838//1187 727//1187
f 726//1188 985//1188 725//1188
f 725//1189 985//1189 841//1189
f 985//1190 840//1190 841//1190
f 841//1191 840//1191 842//1191
f 842//1192 840//1192 843//1192
f 843//1193 840//1193 844//1193
f 844//1194 840//1194 988//1194
f 988//1195 840//1195 845//1195
f 845//1196 840//1196 846//1196
f 846//1197 840//1197 847//1197
f 847//1198 840//1198 848//1198
f 848//1199 840//1199 849//1199
f 849//1200 840//1200 850//1200
f 850//1201 840//1201 851//1201
f 840//1202 852//1202 851//1202
f 737//359 853//359 648//359
f 648//359 854//359 740//359
f 853//359 854//359 648//359
f 854//359 855//359 740//359
f 857//1203 739//1203 856//1203
f 856//1204 739//1204 741//1204
f 858//1205 859//1205 857//1205
f 857//1206 859//1206 739//1206
f 860//1207 859//1207 858//1207
f 860//1208 861//1208 859//1208
f 742//1209 861//1209 860//1209
f 739//1210 859//1210 738//1210
f 859//1211 861//1211 738//1211
f 738//1212 861//1212 643//1212
f 643//1213 861//1213 742//1213
f 740//1214 862//1214 741//1214
f 741//1215 862//1215 863//1215
f 862//1216 864//1216 863//1216
f 863//1217 864//1217 865//1217
f 865//1217 864//1217 1003//1217
f 1003//1218 864//1218 866//1218
f 866//788 864//788 867//788
f 867//788 864//788 868//788
f 868//1219 864//1219 869//1219
f 869//1220 864//1220 870//1220
f 870//1221 864//1221 1010//1221
f 1010//1222 864//1222 871//1222
f 871//1223 864//1223 872//1223
f 864//1224 873//1224 872//1224
f 827//1225 874//1225 755//1225
f 755//1226 874//1226 758//1226
f 874//1227 875//1227 758//1227
f 759//1228 878//1228 757//1228
f 880//1229 878//1229 879//1229
f 879//1230 878//1230 759//1230
f 882//1231 878//1231 880//1231
f 876//1232 756//1232 877//1232
f 756//1233 881//1233 656//1233
f 876//1234 881//1234 756//1234
f 877//1235 757//1235 878//1235
f 756//1236 757//1236 877//1236
f 656//1237 881//1237 760//1237
f 760//1238 876//1238 882//1238
f 881//1239 876//1239 760//1239
f 882//1240 877//1240 878//1240
f 876//1241 877//1241 882//1241
f 758//1242 1016//1242 759//1242
f 759//1243 1016//1243 883//1243
f 1016//1244 884//1244 883//1244
f 883//1245 884//1245 885//1245
f 885//1246 884//1246 886//1246
f 886//1247 884//1247 887//1247
f 887//1248 884//1248 888//1248
f 888//1249 884//1249 889//1249
f 889//1250 884//1250 890//1250
f 890//1251 884//1251 891//1251
f 891//1252 884//1252 892//1252
f 892//1253 884//1253 893//1253
f 893//1254 884//1254 894//1254
f 884//1255 895//1255 894//1255
f 771//23 896//23 673//23
f 673//23 897//23 774//23
f 896//23 897//23 673//23
f 897//23 898//23 774//23
f 899//1256 900//1256 775//1256
f 901//1257 905//1257 900//1257
f 901//1258 902//1258 905//1258
f 903//1259 902//1259 901//1259
f 776//1260 904//1260 903//1260
f 903//1261 904//1261 902//1261
f 772//1262 904//1262 667//1262
f 667//1263 904//1263 776//1263
f 772//1264 902//1264 904//1264
f 775//1265 905//1265 773//1265
f 900//1266 905//1266 775//1266
f 772//1267 905//1267 902//1267
f 773//1268 905//1268 772//1268
f 774//1269 906//1269 775//1269
f 775//1270 906//1270 907//1270
f 906//1271 1032//1271 907//1271
f 907//1272 1032//1272 908//1272
f 908//1273 1032//1273 909//1273
f 909//1274 1032//1274 910//1274
f 910//1275 1032//1275 911//1275
f 911//1276 1032//1276 912//1276
f 912//1277 1032//1277 913//1277
f 913//1278 1032//1278 914//1278
f 914//1279 1032//1279 915//1279
f 915//1280 1032//1280 916//1280
f 916//1281 1032//1281 917//1281
f 1032//1282 918//1282 917//1282
f 828//1283 919//1283 686//1283
f 686//1284 920//1284 790//1284
f 919//1285 920//1285 686//1285
f 920//1286 921//1286 790//1286
f 791//1287 927//1287 789//1287
f 924//1288 923//1288 922//1288
f 922//1289 923//1289 791//1289
f 791//1290 923//1290 927//1290
f 925//1291 923//1291 924//1291
f 788//1292 927//1292 926//1292
f 925//1293 927//1293 923//1293
f 788//1294 789//1294 927//1294
f 787//1295 788//1295 926//1295
f 928//1296 926//1296 927//1296
f 925//1297 928//1297 927//1297
f 787//1298 926//1298 680//1298
f 792//1299 926//1299 928//1299
f 680//1300 926//1300 792//1300
f 790//1301 929//1301 791//1301
f 791//842 929//842 930//842
f 929//1302 931//1302 930//1302
f 930//1303 931//1303 932//1303
f 932//845 931//845 933//845
f 933//1304 931//1304 934//1304
f 934//1305 931//1305 935//1305
f 935//1306 931//1306 936//1306
f 936//1307 931//1307 937//1307
f 937//1308 931//1308 938//1308
f 938//1309 931//1309 939//1309
f 939//1310 931//1310 940//1310
f 940//1311 931//1311 941//1311
f 931//1305 942//1305 941//1305
f 802//465 943//465 700//465
f 700//465 944//465 805//465
f 943//465 944//465 700//465
f 944//465 945//465 805//465
f 947//1312 946//1312 804//1312
f 948//1313 949//1313 946//1313
f 804//1314 949//1314 803//1314
f 946//1315 949//1315 804//1315
f 949//1316 950//1316 803//1316
f 950//1317 695//1317 803//1317
f 950//1318 951//1318 952//1318
f 948//1319 951//1319 949//1319
f 949//1320 951//1320 950//1320
f 950//1321 952//1321 695//1321
f 695//1322 952//1322 806//1322
f 806//1323 952//1323 951//1323
f 805//1324 953//1324 804//1324
f 804//1325 953//1325 954//1325
f 953//839 955//839 954//839
f 954//836 955//836 956//836
f 956//1326 955//1326 957//1326
f 957//1327 955//1327 958//1327
f 958//1328 955//1328 959//1328
f 959//836 955//836 1062//836
f 1062//1329 955//1329 960//1329
f 960//1330 955//1330 961//1330
f 961//1331 955//1331 1066//1331
f 1066//1331 955//1331 962//1331
f 955//1332 963//1332 962//1332
f 955//1333 1055//1333 963//1333
f 815//1334 964//1334 714//1334
f 714//1335 964//1335 818//1335
f 964//1336 965//1336 818//1336
f 965//687 966//687 818//687
f 968//1337 817//1337 967//1337
f 967//1338 817//1338 819//1338
f 969//1339 970//1339 968//1339
f 968//1340 970//1340 817//1340
f 971//1341 970//1341 969//1341
f 971//1342 972//1342 970//1342
f 820//1343 972//1343 971//1343
f 817//1344 970//1344 816//1344
f 970//1345 972//1345 816//1345
f 820//1346 708//1346 972//1346
f 972//1347 708//1347 816//1347
f 818//1348 1074//1348 819//1348
f 819//1349 1074//1349 973//1349
f 1074//823 974//823 973//823
f 973//1350 974//1350 975//1350
f 975//1351 974//1351 976//1351
f 976//821 974//821 977//821
f 977//1352 974//1352 978//1352
f 978//1353 974//1353 979//1353
f 979//1354 974//1354 980//1354
f 980//1355 974//1355 981//1355
f 981//1356 974//1356 1083//1356
f 1083//1357 974//1357 1084//1357
f 974//1358 982//1358 1084//1358
f 974//1359 1072//1359 982//1359
f 727//1360 839//1360 826//1360
f 826//1361 839//1361 830//1361
f 839//1362 835//1362 830//1362
f 835//1363 833//1363 830//1363
f 830//1364 833//1364 831//1364
f 833//1365 834//1365 831//1365
f 831//1366 834//1366 832//1366
f 742//1367 860//1367 737//1367
f 737//1368 858//1368 853//1368
f 860//1369 858//1369 737//1369
f 858//1370 857//1370 853//1370
f 853//1371 857//1371 854//1371
f 857//1372 856//1372 854//1372
f 854//1373 856//1373 855//1373
f 760//1374 882//1374 827//1374
f 827//1375 882//1375 874//1375
f 882//1376 880//1376 874//1376
f 880//1377 879//1377 874//1377
f 874//1378 879//1378 875//1378
f 776//1379 903//1379 771//1379
f 771//1380 901//1380 896//1380
f 903//1381 901//1381 771//1381
f 901//1382 900//1382 896//1382
f 896//1383 900//1383 897//1383
f 900//1384 899//1384 897//1384
f 897//1385 899//1385 898//1385
f 792//1386 928//1386 828//1386
f 828//1387 925//1387 919//1387
f 928//1388 925//1388 828//1388
f 925//1389 924//1389 919//1389
f 919//1390 924//1390 920//1390
f 924//1391 922//1391 920//1391
f 920//1392 922//1392 921//1392
f 806//1393 951//1393 802//1393
f 802//1394 948//1394 943//1394
f 951//1395 948//1395 802//1395
f 948//1396 946//1396 943//1396
f 943//1397 946//1397 944//1397
f 946//1398 947//1398 944//1398
f 944//1399 947//1399 945//1399
f 820//1400 971//1400 815//1400
f 815//1401 969//1401 964//1401
f 971//1402 969//1402 815//1402
f 969//1403 968//1403 964//1403
f 964//1404 968//1404 965//1404
f 965//1405 967//1405 966//1405
f 968//1406 967//1406 965//1406
f 985//627 726//627 832//627
f 985//627 832//627 984//627
f 834//1407 841//1407 983//1407
f 725//1408 841//1408 834//1408
f 1086//1409 997//1409 852//1409
f 1086//1410 852//1410 840//1410
f 984//1411 840//1411 985//1411
f 984//1412 1086//1412 840//1412
f 841//1413 842//1413 983//1413
f 983//1414 842//1414 986//1414
f 842//1415 843//1415 986//1415
f 986//1416 843//1416 987//1416
f 843//1417 844//1417 987//1417
f 987//1418 844//1418 989//1418
f 844//1419 988//1419 989//1419
f 988//1420 845//1420 989//1420
f 989//1421 845//1421 990//1421
f 990//1422 846//1422 991//1422
f 845//1423 846//1423 990//1423
f 991//1424 847//1424 992//1424
f 846//1425 847//1425 991//1425
f 992//1426 848//1426 993//1426
f 847//1427 848//1427 992//1427
f 848//1428 849//1428 993//1428
f 993//1429 849//1429 994//1429
f 849//1430 850//1430 994//1430
f 994//1431 850//1431 995//1431
f 850//1432 851//1432 995//1432
f 995//1433 851//1433 996//1433
f 851//1434 852//1434 996//1434
f 996//1435 852//1435 997//1435
f 862//359 740//359 855//359
f 862//359 855//359 999//359
f 856//1436 863//1436 1000//1436
f 741//1437 863//1437 856//1437
f 998//1438 1087//1438 873//1438
f 998//1439 873//1439 864//1439
f 999//1440 864//1440 862//1440
f 999//1441 998//1441 864//1441
f 1000//1442 863//1442 1001//1442
f 863//1443 865//1443 1001//1443
f 1001//1444 865//1444 1002//1444
f 865//1445 1003//1445 1002//1445
f 1002//1446 1003//1446 1004//1446
f 1003//1447 866//1447 1004//1447
f 1004//1448 866//1448 1005//1448
f 866//1449 867//1449 1005//1449
f 1005//1450 867//1450 1006//1450
f 867//1451 868//1451 1006//1451
f 1006//1452 868//1452 1007//1452
f 868//1453 869//1453 1007//1453
f 1007//1454 869//1454 1008//1454
f 869//1455 870//1455 1008//1455
f 1008//1456 870//1456 1009//1456
f 870//1457 1010//1457 1009//1457
f 1009//1458 1010//1458 1011//1458
f 1010//1459 871//1459 1011//1459
f 1011//1460 871//1460 1012//1460
f 871//1461 872//1461 1012//1461
f 1012//1462 872//1462 1013//1462
f 872//1463 873//1463 1013//1463
f 1013//1464 873//1464 1087//1464
f 1014//329 758//329 875//329
f 1016//568 758//568 1014//568
f 879//1465 883//1465 1017//1465
f 759//1466 883//1466 879//1466
f 1015//1467 1028//1467 895//1467
f 1015//1468 895//1468 884//1468
f 1014//1469 884//1469 1016//1469
f 1014//1470 1015//1470 884//1470
f 883//1471 885//1471 1017//1471
f 1017//1472 885//1472 1018//1472
f 1018//1473 885//1473 1019//1473
f 885//1474 886//1474 1019//1474
f 1019//1475 886//1475 1020//1475
f 886//1476 887//1476 1020//1476
f 1020//1477 888//1477 1021//1477
f 887//1478 888//1478 1020//1478
f 888//1479 889//1479 1021//1479
f 1021//1480 889//1480 1022//1480
f 1022//1481 890//1481 1023//1481
f 889//1482 890//1482 1022//1482
f 1023//1483 891//1483 1024//1483
f 890//1484 891//1484 1023//1484
f 891//1485 892//1485 1024//1485
f 1024//1486 892//1486 1025//1486
f 892//1487 893//1487 1025//1487
f 1025//1488 893//1488 1026//1488
f 893//1489 894//1489 1026//1489
f 1026//1490 894//1490 1027//1490
f 894//1491 895//1491 1027//1491
f 1027//1492 895//1492 1028//1492
f 906//23 774//23 898//23
f 906//23 898//23 1033//23
f 899//1493 907//1493 1029//1493
f 775//1494 907//1494 899//1494
f 1030//1495 1031//1495 918//1495
f 1030//1496 918//1496 1032//1496
f 1033//1497 1032//1497 906//1497
f 1033//1498 1030//1498 1032//1498
f 1029//1499 907//1499 1034//1499
f 907//1500 908//1500 1034//1500
f 1034//1501 908//1501 1035//1501
f 908//1502 909//1502 1035//1502
f 1035//1503 909//1503 1036//1503
f 909//1504 910//1504 1036//1504
f 1036//1505 911//1505 1037//1505
f 910//1506 911//1506 1036//1506
f 911//1507 912//1507 1037//1507
f 1037//1508 912//1508 1038//1508
f 912//1509 913//1509 1038//1509
f 1038//1510 914//1510 1039//1510
f 913//1511 914//1511 1038//1511
f 914//1512 915//1512 1039//1512
f 1039//1513 915//1513 1040//1513
f 915//1514 916//1514 1040//1514
f 916//1515 917//1515 1040//1515
f 1040//1516 917//1516 1088//1516
f 1088//1517 917//1517 1041//1517
f 917//1518 918//1518 1041//1518
f 1041//1519 918//1519 1031//1519
f 929//1520 790//1520 921//1520
f 929//493 921//493 1042//493
f 922//1521 930//1521 1043//1521
f 791//1522 930//1522 922//1522
f 1044//1523 1045//1523 942//1523
f 1044//1524 942//1524 931//1524
f 1042//1525 931//1525 929//1525
f 1042//1526 1044//1526 931//1526
f 930//1527 932//1527 1043//1527
f 1043//1528 932//1528 1089//1528
f 932//1529 933//1529 1089//1529
f 1089//1530 933//1530 1046//1530
f 933//1531 934//1531 1046//1531
f 1046//1532 934//1532 1047//1532
f 934//1533 935//1533 1047//1533
f 1047//1534 935//1534 1048//1534
f 935//1535 936//1535 1048//1535
f 1048//1536 936//1536 1049//1536
f 1049//1537 937//1537 1050//1537
f 936//1538 937//1538 1049//1538
f 937//1539 938//1539 1050//1539
f 1050//1540 938//1540 1051//1540
f 938//1541 939//1541 1051//1541
f 1051//1542 939//1542 1052//1542
f 939//1543 940//1543 1052//1543
f 1052//1544 940//1544 1090//1544
f 940//1545 941//1545 1090//1545
f 1090//1546 941//1546 1053//1546
f 941//1547 942//1547 1053//1547
f 1053//1548 942//1548 1045//1548
f 953//465 805//465 945//465
f 953//465 945//465 1054//465
f 947//1549 954//1549 1056//1549
f 804//1550 954//1550 947//1550
f 1091//1551 1070//1551 1055//1551
f 1091//1552 1055//1552 955//1552
f 1054//1553 955//1553 953//1553
f 1054//1554 1091//1554 955//1554
f 954//1555 956//1555 1056//1555
f 1056//1556 956//1556 1057//1556
f 956//1557 957//1557 1057//1557
f 1057//1558 957//1558 1058//1558
f 1058//1559 957//1559 1059//1559
f 957//1560 958//1560 1059//1560
f 1059//1561 958//1561 1060//1561
f 958//1562 959//1562 1060//1562
f 1060//1563 959//1563 1061//1563
f 959//1564 1062//1564 1061//1564
f 1061//1565 1062//1565 1063//1565
f 1063//1566 960//1566 1064//1566
f 1062//1567 960//1567 1063//1567
f 1064//1568 961//1568 1065//1568
f 960//1569 961//1569 1064//1569
f 1065//1570 961//1570 1067//1570
f 961//1571 1066//1571 1067//1571
f 1067//1572 1066//1572 1068//1572
f 1066//1573 962//1573 1068//1573
f 1068//1574 962//1574 1069//1574
f 962//1575 963//1575 1069//1575
f 1069//1576 963//1576 1070//1576
f 963//1577 1055//1577 1070//1577
f 1074//687 818//687 966//687
f 1074//687 966//687 1073//687
f 967//1578 973//1578 1075//1578
f 819//1579 973//1579 967//1579
f 1071//1580 1094//1580 1072//1580
f 1071//1581 1072//1581 974//1581
f 1073//1582 974//1582 1074//1582
f 1073//1583 1071//1583 974//1583
f 1075//1584 973//1584 1076//1584
f 973//1585 975//1585 1076//1585
f 1076//1586 975//1586 1077//1586
f 1077//1587 975//1587 1078//1587
f 975//1588 976//1588 1078//1588
f 1078//1589 976//1589 1079//1589
f 976//1590 977//1590 1079//1590
f 1079//1591 977//1591 1080//1591
f 977//1592 978//1592 1080//1592
f 1080//1593 978//1593 1081//1593
f 978//1594 979//1594 1081//1594
f 1081//1595 979//1595 1082//1595
f 979//1596 980//1596 1082//1596
f 980//1597 981//1597 1082//1597
f 1082//1598 981//1598 1092//1598
f 981//1599 1083//1599 1092//1599
f 1092//1600 1083//1600 1093//1600
f 1083//1601 1084//1601 1093//1601
f 1093//1602 1084//1602 1085//1602
f 1084//1603 982//1603 1085//1603
f 1085//1604 982//1604 1094//1604
f 982//1605 1072//1605 1094//1605
f 984//1606 832//1606 834//1606
f 984//1607 834//1607 983//1607
f 1086//1608 984//1608 983//1608
f 1086//1609 983//1609 986//1609
f 1086//1609 986//1609 987//1609
f 1086//1610 987//1610 989//1610
f 1086//1611 989//1611 990//1611
f 1086//1612 990//1612 991//1612
f 1086//1613 991//1613 992//1613
f 1086//1614 992//1614 993//1614
f 1086//1615 993//1615 994//1615
f 1086//1616 994//1616 995//1616
f 996//1617 1086//1617 995//1617
f 997//1618 1086//1618 996//1618
f 999//1619 855//1619 856//1619
f 999//1620 856//1620 1000//1620
f 998//378 999//378 1000//378
f 998//378 1000//378 1001//378
f 998//1621 1001//1621 1002//1621
f 998//1622 1002//1622 1004//1622
f 998//1623 1004//1623 1005//1623
f 998//375 1005//375 1006//375
f 998//374 1006//374 1007//374
f 998//1624 1007//1624 1008//1624
f 998//378 1008//378 1009//378
f 998//378 1009//378 1011//378
f 998//378 1011//378 1012//378
f 1013//378 998//378 1012//378
f 1087//378 998//378 1013//378
f 1014//1625 875//1625 879//1625
f 1014//1626 879//1626 1017//1626
f 1015//1627 1014//1627 1017//1627
f 1015//1628 1017//1628 1018//1628
f 1015//1629 1018//1629 1019//1629
f 1015//1630 1019//1630 1020//1630
f 1015//1631 1020//1631 1021//1631
f 1015//1632 1021//1632 1022//1632
f 1015//1633 1022//1633 1023//1633
f 1015//1634 1023//1634 1024//1634
f 1015//1635 1024//1635 1025//1635
f 1015//1636 1025//1636 1026//1636
f 1027//1637 1015//1637 1026//1637
f 1028//1638 1015//1638 1027//1638
f 1033//1639 898//1639 899//1639
f 1033//1640 899//1640 1029//1640
f 1030//1641 1033//1641 1029//1641
f 1030//1642 1029//1642 1034//1642
f 1030//1643 1034//1643 1035//1643
f 1030//1644 1035//1644 1036//1644
f 1030//1645 1036//1645 1037//1645
f 1030//1646 1037//1646 1038//1646
f 1030//1647 1038//1647 1039//1647
f 1030//1648 1039//1648 1040//1648
f 1030//1649 1040//1649 1088//1649
f 1041//1650 1030//1650 1088//1650
f 1031//1651 1030//1651 1041//1651
f 1042//1652 921//1652 922//1652
f 1042//1653 922//1653 1043//1653
f 1044//1654 1042//1654 1043//1654
f 1044//1655 1043//1655 1089//1655
f 1044//512 1089//512 1046//512
f 1044//1656 1046//1656 1047//1656
f 1044//1656 1047//1656 1048//1656
f 1044//1657 1048//1657 1049//1657
f 1044//1658 1049//1658 1050//1658
f 1044//1659 1050//1659 1051//1659
f 1044//1660 1051//1660 1052//1660
f 1044//1661 1052//1661 1090//1661
f 1053//1662 1044//1662 1090//1662
f 1045//1663 1044//1663 1053//1663
f 1054//1664 945//1664 947//1664
f 1054//1665 947//1665 1056//1665
f 1091//487 1054//487 1056//487
f 1091//487 1056//487 1057//487
f 1091//1666 1057//1666 1058//1666
f 1091//1667 1058//1667 1059//1667
f 1091//487 1059//487 1060//487
f 1091//487 1060//487 1061//487
f 1091//1668 1061//1668 1063//1668
f 1091//1669 1063//1669 1064//1669
f 1091//487 1064//487 1065//487
f 1091//487 1065//487 1067//487
f 1091//487 1067//487 1068//487
f 1069//487 1091//487 1068//487
f 1070//487 1091//487 1069//487
f 1073//1670 966//1670 967//1670
f 1073//1671 967//1671 1075//1671
f 1071//1672 1073//1672 1075//1672
f 1071//1673 1075//1673 1076//1673
f 1071//1674 1076//1674 1077//1674
f 1071//1675 1077//1675 1078//1675
f 1071//461 1078//461 1079//461
f 1071//1676 1079//1676 1080//1676
f 1071//1677 1080//1677 1081//1677
f 1071//1678 1081//1678 1082//1678
f 1071//1679 1082//1679 1092//1679
f 1071//1680 1092//1680 1093//1680
f 1085//1681 1071//1681 1093//1681
f 1094//1682 1071//1682 1085//1682
f 1095//1683 1096//1683 1097//1683
f 1097//1684 1098//1684 1099//1684
f 1096//1685 1098//1685 1097//1685
f 1099//1686 1100//1686 1101//1686
f 1098//1687 1100//1687 1099//1687
f 1101//1688 1102//1688 1103//1688
f 1100//1689 1102//1689 1101//1689
f 1102//1690 1104//1690 1103//1690
f 1103//1691 1104//1691 1105//1691
f 1104//1692 1106//1692 1105//1692
f 1105//1693 1106//1693 1107//1693
f 1106//1694 1108//1694 1107//1694
f 1107//1695 1108//1695 1109//1695
f 1108//1696 1110//1696 1109//1696
f 1109//1697 1110//1697 1111//1697
f 1110//1698 1112//1698 1111//1698
f 1111//1699 1113//1699 1114//1699
f 1112//1700 1113//1700 1111//1700
f 1114//1701 1115//1701 1116//1701
f 1113//1702 1115//1702 1114//1702
f 1116//1703 1117//1703 1118//1703
f 1115//1704 1117//1704 1116//1704
f 1118//1705 1117//1705 1119//1705
f 1117//1706 1120//1706 1119//1706
f 1119//1707 1120//1707 1121//1707
f 1120//1708 1122//1708 1121//1708
f 1121//1709 1122//1709 1123//1709
f 1122//1710 1124//1710 1123//1710
f 1123//1711 1124//1711 1125//1711
f 1124//1712 1126//1712 1125//1712
f 1125//1713 1126//1713 1127//1713
f 1126//1714 1128//1714 1127//1714
f 1127//1715 1129//1715 1130//1715
f 1128//1716 1129//1716 1127//1716
f 1130//1717 1131//1717 1132//1717
f 1129//1718 1131//1718 1130//1718
f 1131//1719 1133//1719 1132//1719
f 1132//1720 1133//1720 1134//1720
f 1133//1721 1135//1721 1134//1721
f 1134//1722 1135//1722 1136//1722
f 1135//1723 1137//1723 1136//1723
f 1137//1724 1138//1724 1136//1724
f 1136//1725 1138//1725 1139//1725
f 1138//1726 1140//1726 1139//1726
f 1139//1727 1140//1727 1141//1727
f 1140//1728 1142//1728 1141//1728
f 1141//1729 1142//1729 1143//1729
f 1142//1730 1144//1730 1143//1730
f 1143//1731 1144//1731 1145//1731
f 1144//1732 1146//1732 1145//1732
f 1145//1733 1146//1733 1147//1733
f 1146//1734 1148//1734 1147//1734
f 1148//1735 1149//1735 1147//1735
f 1147//1736 1149//1736 1150//1736
f 1149//1737 1151//1737 1150//1737
f 1150//1738 1151//1738 1152//1738
f 1152//1739 1153//1739 1154//1739
f 1151//1740 1153//1740 1152//1740
f 1153//1741 1155//1741 1154//1741
f 1154//1742 1156//1742 1157//1742
f 1155//1743 1156//1743 1154//1743
f 1157//1744 1158//1744 1159//1744
f 1156//1745 1158//1745 1157//1745
f 1159//1746 1160//1746 1161//1746
f 1158//1747 1160//1747 1159//1747
f 1161//1748 1162//1748 1163//1748
f 1160//1749 1162//1749 1161//1749
f 1162//1750 1164//1750 1163//1750
f 1163//1751 1164//1751 1165//1751
f 1164//1752 1166//1752 1165//1752
f 1165//1753 1166//1753 1167//1753
f 1167//1754 1166//1754 1168//1754
f 1166//1755 1169//1755 1168//1755
f 1168//1756 1169//1756 1170//1756
f 1169//1757 1171//1757 1170//1757
f 1170//1758 1171//1758 1172//1758
f 1171//1759 1173//1759 1172//1759
f 1172//1760 1173//1760 1174//1760
f 1173//1761 1175//1761 1174//1761
f 1174//1762 1175//1762 1176//1762
f 1175//1763 1177//1763 1176//1763
f 1176//1764 1177//1764 1178//1764
f 1177//1765 1179//1765 1178//1765
f 1178//1766 1179//1766 1180//1766
f 1179//1767 1181//1767 1180//1767
f 1180//1768 1181//1768 1182//1768
f 1181//1769 1183//1769 1182//1769
f 1182//1770 1183//1770 1184//1770
f 1183//1771 1185//1771 1184//1771
f 1184//1772 1185//1772 1186//1772
f 1186//1773 1187//1773 1188//1773
f 1185//1774 1187//1774 1186//1774
f 1188//1775 1189//1775 1190//1775
f 1187//1776 1189//1776 1188//1776
f 1189//1777 1191//1777 1190//1777
f 1190//1778 1191//1778 1192//1778
f 1192//1779 1191//1779 1193//1779
f 1191//1780 1194//1780 1193//1780
f 1193//1781 1194//1781 1195//1781
f 1194//1782 1196//1782 1195//1782
f 1196//1783 1197//1783 1195//1783
f 1195//1784 1197//1784 1198//1784
f 1197//1785 1199//1785 1198//1785
f 1198//1786 1199//1786 1200//1786
f 1199//1787 1201//1787 1200//1787
f 1200//1788 1201//1788 1202//1788
f 1202//1789 1201//1789 1203//1789
f 1203//1790 1204//1790 1205//1790
f 1201//1791 1204//1791 1203//1791
f 1205//1792 1206//1792 1207//1792
f 1204//1793 1206//1793 1205//1793
f 1206//1794 1208//1794 1207//1794
f 1207//1795 1208//1795 1209//1795
f 1208//1796 1210//1796 1209//1796
f 1209//1797 1210//1797 1211//1797
f 1210//1798 1212//1798 1211//1798
f 1211//1799 1212//1799 1213//1799
f 1213//1800 1214//1800 1215//1800
f 1212//1801 1214//1801 1213//1801
f 1214//1802 1216//1802 1215//1802
f 1215//1803 1216//1803 1217//1803
f 1216//1804 1218//1804 1217//1804
f 1217//1805 1218//1805 1219//1805
f 1218//1806 1220//1806 1219//1806
f 1219//1807 1220//1807 1221//1807
f 1220//1808 1222//1808 1221//1808
f 1222//1809 1223//1809 1221//1809
f 1221//1810 1223//1810 1224//1810
f 1224//1811 1223//1811 1225//1811
f 1223//1812 1226//1812 1225//1812
f 1225//1813 1227//1813 1228//1813
f 1226//1814 1227//1814 1225//1814
f 1228//1815 1095//1815 1229//1815
f 1227//1816 1095//1816 1228//1816
f 1229//1817 1095//1817 1097//1817
f 1117//82 1115//82 1230//82
f 1231//82 1112//82 1259//82
f 1259//82 1112//82 1110//82
f 1231//82 1113//82 1112//82
f 1230//82 1113//82 1231//82
f 1115//82 1113//82 1230//82
f 1181//82 1232//82 1183//82
f 1179//82 1232//82 1181//82
f 1179//82 1233//82 1232//82
f 1183//82 1234//82 1185//82
f 1232//82 1234//82 1183//82
f 1177//82 1233//82 1179//82
f 1185//82 1234//82 1187//82
f 1175//82 1233//82 1177//82
f 1175//82 1235//82 1233//82
f 1187//82 1234//82 1189//82
f 1173//82 1235//82 1175//82
f 1189//82 1234//82 1191//82
f 1171//82 1235//82 1173//82
f 1234//82 1236//82 1191//82
f 1171//82 1237//82 1235//82
f 1169//82 1237//82 1171//82
f 1191//82 1236//82 1194//82
f 1194//82 1236//82 1196//82
f 1169//82 1238//82 1237//82
f 1166//82 1238//82 1169//82
f 1236//82 1239//82 1196//82
f 1196//82 1239//82 1197//82
f 1164//82 1238//82 1166//82
f 1164//82 1240//82 1238//82
f 1197//82 1239//82 1199//82
f 1162//82 1240//82 1164//82
f 1160//82 1240//82 1162//82
f 1199//82 1239//82 1201//82
f 1239//82 1241//82 1201//82
f 1160//82 1242//82 1240//82
f 1158//82 1242//82 1160//82
f 1156//82 1242//82 1158//82
f 1201//82 1241//82 1204//82
f 1155//82 1242//82 1156//82
f 1204//82 1241//82 1206//82
f 1155//82 1243//82 1242//82
f 1206//82 1244//82 1208//82
f 1241//82 1244//82 1206//82
f 1153//82 1243//82 1155//82
f 1151//82 1243//82 1153//82
f 1208//82 1244//82 1210//82
f 1151//82 1245//82 1243//82
f 1244//82 1246//82 1210//82
f 1149//82 1245//82 1151//82
f 1210//82 1246//82 1212//82
f 1148//82 1245//82 1149//82
f 1212//82 1246//82 1214//82
f 1148//82 1146//82 1245//82
f 1245//82 1146//82 1247//82
f 1246//82 1216//82 1214//82
f 1146//82 1144//82 1247//82
f 1248//82 1216//82 1246//82
f 1248//82 1218//82 1216//82
f 1247//82 1142//82 1249//82
f 1144//82 1142//82 1247//82
f 1248//82 1220//82 1218//82
f 1142//82 1140//82 1249//82
f 1248//82 1222//82 1220//82
f 1140//82 1138//82 1249//82
f 1249//82 1138//82 1250//82
f 1251//82 1223//82 1248//82
f 1248//82 1223//82 1222//82
f 1138//82 1137//82 1250//82
f 1252//82 1223//82 1251//82
f 1137//82 1135//82 1250//82
f 1252//82 1226//82 1223//82
f 1135//82 1133//82 1250//82
f 1252//82 1227//82 1226//82
f 1253//82 1227//82 1252//82
f 1250//82 1133//82 1254//82
f 1253//82 1095//82 1227//82
f 1133//82 1131//82 1254//82
f 1131//82 1129//82 1254//82
f 1254//82 1129//82 1255//82
f 1253//82 1096//82 1095//82
f 1256//82 1098//82 1253//82
f 1253//82 1098//82 1096//82
f 1129//82 1128//82 1255//82
f 1128//82 1126//82 1255//82
f 1256//82 1100//82 1098//82
f 1257//82 1100//82 1256//82
f 1126//82 1124//82 1255//82
f 1257//82 1102//82 1100//82
f 1257//82 1104//82 1102//82
f 1124//82 1122//82 1255//82
f 1255//82 1122//82 1258//82
f 1259//82 1106//82 1257//82
f 1257//82 1106//82 1104//82
f 1122//82 1120//82 1258//82
f 1259//82 1108//82 1106//82
f 1120//82 1117//82 1258//82
f 1258//82 1117//82 1230//82
f 1259//82 1110//82 1108//82
f 1260//4 1180//4 1182//4
f 1260//4 1178//4 1180//4
f 1261//4 1260//4 1182//4
f 1261//4 1182//4 1184//4
f 1262//4 1178//4 1260//4
f 1262//4 1176//4 1178//4
f 1261//4 1184//4 1186//4
f 1263//4 1261//4 1186//4
f 1264//4 1176//4 1262//4
f 1264//4 1174//4 1176//4
f 1263//4 1186//4 1188//4
f 1265//4 1263//4 1188//4
f 1265//4 1188//4 1190//4
f 1264//4 1172//4 1174//4
f 1266//4 1172//4 1264//4
f 1265//4 1190//4 1192//4
f 1265//4 1192//4 1193//4
f 1266//4 1170//4 1172//4
f 1267//4 1265//4 1193//4
f 1267//4 1193//4 1195//4
f 1268//4 1168//4 1170//4
f 1268//4 1170//4 1266//4
f 1269//4 1267//4 1195//4
f 1268//4 1167//4 1168//4
f 1269//4 1195//4 1198//4
f 1268//4 1165//4 1167//4
f 1270//4 1165//4 1268//4
f 1271//4 1269//4 1198//4
f 1270//4 1163//4 1165//4
f 1271//4 1198//4 1200//4
f 1272//4 1271//4 1200//4
f 1273//4 1163//4 1270//4
f 1273//4 1161//4 1163//4
f 1274//4 1272//4 1200//4
f 1274//4 1200//4 1202//4
f 1275//4 1161//4 1273//4
f 1275//4 1159//4 1161//4
f 1274//4 1202//4 1203//4
f 1275//4 1157//4 1159//4
f 1274//4 1203//4 1205//4
f 1276//4 1157//4 1275//4
f 1276//4 1154//4 1157//4
f 1277//4 1274//4 1205//4
f 1277//4 1205//4 1207//4
f 1278//4 1152//4 1154//4
f 1278//4 1154//4 1276//4
f 1279//4 1277//4 1207//4
f 1279//4 1207//4 1209//4
f 1278//4 1150//4 1152//4
f 1279//4 1209//4 1211//4
f 1280//4 1279//4 1211//4
f 1281//4 1147//4 1150//4
f 1281//4 1150//4 1278//4
f 1280//4 1211//4 1213//4
f 1282//4 1213//4 1215//4
f 1282//4 1280//4 1213//4
f 1145//4 1147//4 1281//4
f 1217//4 1282//4 1215//4
f 1143//4 1145//4 1281//4
f 1143//4 1281//4 1283//4
f 1217//4 1284//4 1282//4
f 1143//4 1283//4 1285//4
f 1219//4 1284//4 1217//4
f 1219//4 1286//4 1284//4
f 1141//4 1143//4 1285//4
f 1221//4 1286//4 1219//4
f 1141//4 1285//4 1287//4
f 1139//4 1141//4 1287//4
f 1221//4 1288//4 1286//4
f 1136//4 1287//4 1289//4
f 1136//4 1139//4 1287//4
f 1224//4 1288//4 1221//4
f 1225//4 1288//4 1224//4
f 1134//4 1136//4 1289//4
f 1134//4 1289//4 1290//4
f 1225//4 1291//4 1288//4
f 1228//4 1291//4 1225//4
f 1132//4 1134//4 1290//4
f 1228//4 1292//4 1291//4
f 1132//4 1290//4 1293//4
f 1229//4 1292//4 1228//4
f 1130//4 1293//4 1294//4
f 1130//4 1132//4 1293//4
f 1097//4 1292//4 1229//4
f 1097//4 1295//4 1292//4
f 1099//4 1296//4 1295//4
f 1099//4 1295//4 1097//4
f 1127//4 1130//4 1294//4
f 1101//4 1297//4 1296//4
f 1101//4 1296//4 1099//4
f 1125//4 1127//4 1294//4
f 1125//4 1294//4 1298//4
f 1123//4 1125//4 1298//4
f 1123//4 1298//4 1299//4
f 1103//4 1297//4 1101//4
f 1105//4 1297//4 1103//4
f 1105//4 1300//4 1297//4
f 1121//4 1123//4 1299//4
f 1107//4 1300//4 1105//4
f 1119//4 1299//4 1301//4
f 1119//4 1121//4 1299//4
f 1109//4 1300//4 1107//4
f 1109//4 1302//4 1300//4
f 1118//4 1119//4 1301//4
f 1111//4 1302//4 1109//4
f 1111//4 1303//4 1302//4
f 1116//4 1118//4 1301//4
f 1116//4 1301//4 1304//4
f 1114//4 1303//4 1111//4
f 1114//4 1304//4 1303//4
f 1114//4 1116//4 1304//4
f 1333//1818 1305//1818 1253//1818
f 1253//1819 1305//1819 1256//1819
f 1256//1820 1305//1820 1257//1820
f 1305//1821 1306//1821 1257//1821
f 1257//1822 1306//1822 1259//1822
f 1306//1823 1307//1823 1259//1823
f 1259//1824 1307//1824 1231//1824
f 1307//1825 1308//1825 1231//1825
f 1231//1826 1308//1826 1230//1826
f 1308//1827 1309//1827 1230//1827
f 1230//1828 1309//1828 1258//1828
f 1309//1829 1310//1829 1258//1829
f 1258//1830 1310//1830 1255//1830
f 1310//1831 1311//1831 1255//1831
f 1255//1832 1311//1832 1254//1832
f 1311//1833 1312//1833 1254//1833
f 1254//1834 1312//1834 1250//1834
f 1312//1835 1313//1835 1250//1835
f 1250//1836 1313//1836 1249//1836
f 1313//1837 1314//1837 1249//1837
f 1249//1838 1314//1838 1247//1838
f 1314//1839 1315//1839 1247//1839
f 1247//1840 1315//1840 1245//1840
f 1315//1841 1316//1841 1245//1841
f 1245//1842 1316//1842 1243//1842
f 1316//1843 1317//1843 1243//1843
f 1243//1844 1317//1844 1242//1844
f 1317//1845 1318//1845 1242//1845
f 1242//1846 1318//1846 1240//1846
f 1318//1847 1319//1847 1240//1847
f 1240//1848 1319//1848 1238//1848
f 1319//1849 1320//1849 1238//1849
f 1238//1850 1320//1850 1237//1850
f 1237//1851 1320//1851 1235//1851
f 1320//1852 1321//1852 1235//1852
f 1235//1853 1321//1853 1233//1853
f 1233//1854 1322//1854 1232//1854
f 1321//1855 1322//1855 1233//1855
f 1322//1856 1323//1856 1232//1856
f 1232//1857 1323//1857 1234//1857
f 1323//1858 1324//1858 1234//1858
f 1324//1859 1325//1859 1234//1859
f 1234//1860 1325//1860 1236//1860
f 1325//1861 1326//1861 1236//1861
f 1236//1862 1326//1862 1239//1862
f 1326//1863 1327//1863 1239//1863
f 1239//1864 1327//1864 1241//1864
f 1327//1865 1328//1865 1241//1865
f 1241//1866 1328//1866 1244//1866
f 1328//1867 1329//1867 1244//1867
f 1244//1868 1329//1868 1246//1868
f 1329//1869 1330//1869 1246//1869
f 1246//1870 1330//1870 1248//1870
f 1330//1871 1331//1871 1248//1871
f 1248//1872 1331//1872 1251//1872
f 1331//1873 1332//1873 1251//1873
f 1251//1874 1332//1874 1252//1874
f 1332//1875 1333//1875 1252//1875
f 1252//1876 1333//1876 1253//1876
f 1292//1877 1295//1877 1334//1877
f 1334//1878 1295//1878 1335//1878
f 1295//1879 1296//1879 1335//1879
f 1335//1880 1296//1880 1336//1880
f 1296//1881 1297//1881 1336//1881
f 1336//1882 1300//1882 1337//1882
f 1297//1883 1300//1883 1336//1883
f 1337//1884 1300//1884 1338//1884
f 1300//1885 1302//1885 1338//1885
f 1338//1886 1302//1886 1339//1886
f 1302//1887 1303//1887 1339//1887
f 1339//1888 1303//1888 1340//1888
f 1303//1889 1304//1889 1340//1889
f 1340//1890 1301//1890 1341//1890
f 1304//1891 1301//1891 1340//1891
f 1341//1892 1301//1892 1342//1892
f 1301//1893 1299//1893 1342//1893
f 1342//1894 1299//1894 1343//1894
f 1299//1895 1298//1895 1343//1895
f 1343//1896 1298//1896 1344//1896
f 1298//1897 1294//1897 1344//1897
f 1344//1898 1294//1898 1345//1898
f 1294//1899 1293//1899 1345//1899
f 1345//1900 1290//1900 1346//1900
f 1293//1901 1290//1901 1345//1901
f 1290//1902 1289//1902 1346//1902
f 1346//1903 1289//1903 1347//1903
f 1289//1904 1287//1904 1347//1904
f 1347//1905 1287//1905 1348//1905
f 1287//1906 1285//1906 1348//1906
f 1348//1907 1285//1907 1349//1907
f 1285//1908 1283//1908 1349//1908
f 1349//1909 1283//1909 1350//1909
f 1283//1910 1281//1910 1350//1910
f 1350//1911 1281//1911 1351//1911
f 1281//1912 1278//1912 1351//1912
f 1351//1913 1278//1913 1352//1913
f 1352//1914 1278//1914 1353//1914
f 1278//1915 1276//1915 1353//1915
f 1353//1916 1275//1916 1354//1916
f 1276//1917 1275//1917 1353//1917
f 1354//1918 1273//1918 1355//1918
f 1275//1919 1273//1919 1354//1919
f 1273//1920 1270//1920 1355//1920
f 1355//1921 1270//1921 1356//1921
f 1270//1922 1268//1922 1356//1922
f 1356//1923 1268//1923 1357//1923
f 1268//1924 1266//1924 1357//1924
f 1357//1925 1266//1925 1358//1925
f 1358//1926 1266//1926 1359//1926
f 1266//1927 1264//1927 1359//1927
f 1359//1928 1264//1928 1360//1928
f 1264//1929 1262//1929 1360//1929
f 1262//1930 1260//1930 1360//1930
f 1360//1931 1260//1931 1361//1931
f 1361//1932 1260//1932 1362//1932
f 1260//1933 1261//1933 1362//1933
f 1362//1934 1261//1934 1363//1934
f 1363//1935 1263//1935 1364//1935
f 1261//1936 1263//1936 1363//1936
f 1263//1937 1265//1937 1364//1937
f 1364//1938 1265//1938 1365//1938
f 1365//1939 1265//1939 1366//1939
f 1265//1940 1267//1940 1366//1940
f 1267//1941 1269//1941 1366//1941
f 1366//1942 1269//1942 1367//1942
f 1269//1943 1271//1943 1367//1943
f 1367//1944 1271//1944 1368//1944
f 1271//1945 1272//1945 1368//1945
f 1368//1946 1272//1946 1369//1946
f 1272//1947 1274//1947 1369//1947
f 1369//1948 1274//1948 1370//1948
f 1274//1949 1277//1949 1370//1949
f 1370//1950 1277//1950 1371//1950
f 1277//1951 1279//1951 1371//1951
f 1371//1952 1279//1952 1372//1952
f 1279//1953 1280//1953 1372//1953
f 1280//1954 1282//1954 1372//1954
f 1372//1955 1282//1955 1373//1955
f 1282//1956 1284//1956 1373//1956
f 1284//1957 1286//1957 1373//1957
f 1373//1958 1286//1958 1374//1958
f 1374//1959 1288//1959 1375//1959
f 1286//1960 1288//1960 1374//1960
f 1375//1961 1291//1961 1376//1961
f 1288//1962 1291//1962 1375//1962
f 1291//1963 1292//1963 1376//1963
f 1376//1964 1292//1964 1334//1964
f 1322//4 1361//4 1362//4
f 1323//4 1322//4 1362//4
f 1322//4 1360//4 1361//4
f 1323//4 1362//4 1363//4
f 1321//4 1360//4 1322//4
f 1324//4 1363//4 1364//4
f 1324//4 1323//4 1363//4
f 1321//4 1359//4 1360//4
f 1325//4 1324//4 1364//4
f 1325//4 1364//4 1365//4
f 1320//4 1359//4 1321//4
f 1320//4 1358//4 1359//4
f 1325//4 1365//4 1366//4
f 1320//4 1357//4 1358//4
f 1326//4 1325//4 1366//4
f 1326//4 1366//4 1367//4
f 1319//4 1357//4 1320//4
f 1319//4 1356//4 1357//4
f 1326//4 1367//4 1368//4
f 1319//4 1355//4 1356//4
f 1327//4 1326//4 1368//4
f 1318//4 1355//4 1319//4
f 1327//4 1368//4 1369//4
f 1318//4 1354//4 1355//4
f 1327//4 1369//4 1370//4
f 1317//4 1354//4 1318//4
f 1328//4 1327//4 1370//4
f 1317//4 1353//4 1354//4
f 1328//4 1370//4 1371//4
f 1316//4 1352//4 1353//4
f 1316//4 1353//4 1317//4
f 1329//4 1328//4 1371//4
f 1316//4 1351//4 1352//4
f 1329//4 1371//4 1372//4
f 1315//4 1351//4 1316//4
f 1330//4 1329//4 1372//4
f 1350//4 1351//4 1315//4
f 1373//4 1330//4 1372//4
f 1349//4 1350//4 1315//4
f 1349//4 1315//4 1314//4
f 1373//4 1331//4 1330//4
f 1374//4 1331//4 1373//4
f 1348//4 1349//4 1314//4
f 1348//4 1314//4 1313//4
f 1347//4 1348//4 1313//4
f 1375//4 1331//4 1374//4
f 1347//4 1313//4 1312//4
f 1375//4 1332//4 1331//4
f 1346//4 1347//4 1312//4
f 1376//4 1332//4 1375//4
f 1376//4 1333//4 1332//4
f 1345//4 1346//4 1312//4
f 1345//4 1312//4 1311//4
f 1334//4 1333//4 1376//4
f 1334//4 1305//4 1333//4
f 1344//4 1345//4 1311//4
f 1335//4 1305//4 1334//4
f 1344//4 1311//4 1310//4
f 1343//4 1344//4 1310//4
f 1336//4 1305//4 1335//4
f 1336//4 1306//4 1305//4
f 1337//4 1306//4 1336//4
f 1342//4 1343//4 1310//4
f 1342//4 1310//4 1309//4
f 1338//4 1306//4 1337//4
f 1338//4 1307//4 1306//4
f 1341//4 1342//4 1309//4
f 1341//4 1309//4 1308//4
f 1339//4 1307//4 1338//4
f 1340//4 1341//4 1308//4
f 1340//4 1308//4 1307//4
f 1340//4 1307//4 1339//4
f 1377//1965 1378//1965 1379//1965
f 1378//1966 1380//1966 1379//1966
f 1379//1967 1380//1967 1381//1967
f 1380//1968 1382//1968 1381//1968
f 1381//1969 1382//1969 1383//1969
f 1382//1970 1384//1970 1383//1970
f 1383//1971 1384//1971 1385//1971
f 1384//1972 1386//1972 1385//1972
f 1385//1973 1386//1973 1387//1973
f 1387//1974 1388//1974 1389//1974
f 1386//1975 1388//1975 1387//1975
f 1388//1976 1390//1976 1389//1976
f 1390//1977 1391//1977 1389//1977
f 1389//1978 1391//1978 1392//1978
f 1392//1979 1391//1979 1393//1979
f 1391//1980 1394//1980 1393//1980
f 1393//1981 1394//1981 1395//1981
f 1395//1982 1396//1982 1397//1982
f 1394//1983 1396//1983 1395//1983
f 1397//1984 1398//1984 1399//1984
f 1396//1985 1398//1985 1397//1985
f 1398//1986 1400//1986 1399//1986
f 1399//1987 1400//1987 1401//1987
f 1401//1988 1402//1988 1403//1988
f 1400//1989 1402//1989 1401//1989
f 1403//1990 1404//1990 1405//1990
f 1402//1991 1404//1991 1403//1991
f 1404//1992 1406//1992 1405//1992
f 1405//1993 1407//1993 1408//1993
f 1406//1994 1407//1994 1405//1994
f 1408//1995 1409//1995 1410//1995
f 1407//1996 1409//1996 1408//1996
f 1409//1997 1411//1997 1410//1997
f 1410//1998 1411//1998 1412//1998
f 1412//1999 1413//1999 1414//1999
f 1411//2000 1413//2000 1412//2000
f 1414//2001 1415//2001 1416//2001
f 1413//2002 1415//2002 1414//2002
f 1416//2003 1415//2003 1417//2003
f 1415//2004 1418//2004 1417//2004
f 1417//2005 1418//2005 1419//2005
f 1418//2006 1420//2006 1419//2006
f 1419//2007 1420//2007 1421//2007
f 1420//2008 1422//2008 1421//2008
f 1421//2009 1422//2009 1423//2009
f 1422//2010 1424//2010 1423//2010
f 1423//2011 1424//2011 1425//2011
f 1424//2012 1426//2012 1425//2012
f 1425//2013 1426//2013 1427//2013
f 1426//2014 1428//2014 1427//2014
f 1427//2015 1428//2015 1429//2015
f 1428//2016 1430//2016 1429//2016
f 1429//2017 1431//2017 1432//2017
f 1430//2018 1431//2018 1429//2018
f 1432//2019 1433//2019 1434//2019
f 1431//2020 1433//2020 1432//2020
f 1434//2021 1435//2021 1436//2021
f 1433//2022 1435//2022 1434//2022
f 1436//2023 1437//2023 1438//2023
f 1435//2024 1437//2024 1436//2024
f 1438//2025 1437//2025 1439//2025
f 1437//2026 1440//2026 1439//2026
f 1439//2027 1440//2027 1441//2027
f 1440//2028 1442//2028 1441//2028
f 1442//2029 1443//2029 1441//2029
f 1441//2030 1443//2030 1444//2030
f 1443//2031 1445//2031 1444//2031
f 1444//2032 1445//2032 1446//2032
f 1446//2033 1445//2033 1447//2033
f 1445//2034 1448//2034 1447//2034
f 1447//2035 1448//2035 1449//2035
f 1448//2036 1450//2036 1449//2036
f 1450//2037 1451//2037 1449//2037
f 1449//2038 1451//2038 1452//2038
f 1451//2039 1453//2039 1452//2039
f 1452//2040 1453//2040 1454//2040
f 1454//2041 1453//2041 1455//2041
f 1453//2042 1456//2042 1455//2042
f 1456//2043 1457//2043 1455//2043
f 1455//2044 1457//2044 1458//2044
f 1457//2045 1459//2045 1458//2045
f 1458//2046 1459//2046 1460//2046
f 1459//2047 1461//2047 1460//2047
f 1460//2048 1461//2048 1462//2048
f 1462//2049 1461//2049 1463//2049
f 1461//2050 1464//2050 1463//2050
f 1463//2051 1464//2051 1465//2051
f 1464//2052 1466//2052 1465//2052
f 1465//2053 1466//2053 1467//2053
f 1466//2054 1468//2054 1467//2054
f 1467//2055 1468//2055 1469//2055
f 1468//2056 1470//2056 1469//2056
f 1469//2057 1470//2057 1471//2057
f 1470//2058 1472//2058 1471//2058
f 1471//2059 1472//2059 1473//2059
f 1472//2060 1474//2060 1473//2060
f 1473//2061 1474//2061 1475//2061
f 1474//2062 1476//2062 1475//2062
f 1475//2063 1476//2063 1477//2063
f 1476//2064 1478//2064 1477//2064
f 1477//2065 1478//2065 1479//2065
f 1478//2066 1480//2066 1479//2066
f 1479//2067 1480//2067 1481//2067
f 1480//2068 1482//2068 1481//2068
f 1481//2069 1482//2069 1483//2069
f 1482//2070 1484//2070 1483//2070
f 1483//2071 1484//2071 1485//2071
f 1484//2072 1486//2072 1485//2072
f 1485//2073 1487//2073 1488//2073
f 1486//2074 1487//2074 1485//2074
f 1488//2075 1487//2075 1489//2075
f 1487//2076 1490//2076 1489//2076
f 1489//2077 1491//2077 1492//2077
f 1490//2078 1491//2078 1489//2078
f 1492//2079 1491//2079 1493//2079
f 1491//2080 1494//2080 1493//2080
f 1493//2081 1494//2081 1495//2081
f 1494//2082 1496//2082 1495//2082
f 1495//2083 1496//2083 1497//2083
f 1497//2084 1498//2084 1499//2084
f 1496//2085 1498//2085 1497//2085
f 1498//2086 1500//2086 1499//2086
f 1499//2087 1500//2087 1501//2087
f 1501//2088 1502//2088 1503//2088
f 1500//2089 1502//2089 1501//2089
f 1502//2090 1504//2090 1503//2090
f 1503//2091 1505//2091 1506//2091
f 1504//2092 1505//2092 1503//2092
f 1506//2093 1378//2093 1377//2093
f 1505//2094 1378//2094 1506//2094
f 1459//4 1457//4 1461//4
f 1457//4 1464//4 1461//4
f 1457//4 1453//4 1464//4
f 1456//4 1453//4 1457//4
f 1453//4 1450//4 1464//4
f 1451//4 1450//4 1453//4
f 1464//4 1472//4 1466//4
f 1468//4 1472//4 1470//4
f 1466//4 1472//4 1468//4
f 1448//4 1443//4 1450//4
f 1445//4 1443//4 1448//4
f 1476//4 1480//4 1478//4
f 1464//4 1440//4 1472//4
f 1450//4 1440//4 1464//4
f 1443//4 1440//4 1450//4
f 1472//4 1440//4 1474//4
f 1442//4 1440//4 1443//4
f 1480//4 1484//4 1482//4
f 1440//4 1484//4 1474//4
f 1476//4 1484//4 1480//4
f 1474//4 1484//4 1476//4
f 1435//4 1433//4 1437//4
f 1433//4 1431//4 1437//4
f 1486//4 1491//4 1487//4
f 1484//4 1491//4 1486//4
f 1487//4 1491//4 1490//4
f 1440//4 1491//4 1484//4
f 1437//4 1428//4 1440//4
f 1431//4 1428//4 1437//4
f 1430//4 1428//4 1431//4
f 1440//4 1428//4 1491//4
f 1426//4 1424//4 1428//4
f 1491//4 1420//4 1494//4
f 1428//4 1420//4 1491//4
f 1424//4 1420//4 1428//4
f 1422//4 1420//4 1424//4
f 1498//4 1502//4 1500//4
f 1496//4 1502//4 1498//4
f 1418//4 1415//4 1420//4
f 1413//4 1411//4 1415//4
f 1502//4 1378//4 1504//4
f 1504//4 1378//4 1505//4
f 1411//4 1409//4 1415//4
f 1378//4 1382//4 1380//4
f 1406//103 1404//103 1407//103
f 1407//4 1404//4 1409//4
f 1382//4 1386//4 1384//4
f 1502//4 1386//4 1378//4
f 1378//4 1386//4 1382//4
f 1496//4 1386//4 1502//4
f 1494//4 1402//4 1496//4
f 1409//4 1402//4 1415//4
f 1404//4 1402//4 1409//4
f 1420//4 1402//4 1494//4
f 1415//4 1402//4 1420//4
f 1386//4 1390//4 1388//4
f 1402//4 1390//4 1496//4
f 1496//4 1390//4 1386//4
f 1402//4 1391//4 1390//4
f 1396//4 1394//4 1398//4
f 1400//4 1394//4 1402//4
f 1402//4 1394//4 1391//4
f 1398//4 1394//4 1400//4
f 1463//82 1460//82 1462//82
f 1465//82 1460//82 1463//82
f 1454//82 1458//82 1460//82
f 1454//82 1455//82 1458//82
f 1454//82 1460//82 1465//82
f 1452//82 1454//82 1465//82
f 1469//82 1465//82 1467//82
f 1449//82 1452//82 1465//82
f 1471//82 1465//82 1469//82
f 1475//82 1465//82 1471//82
f 1475//82 1471//82 1473//82
f 1444//82 1446//82 1447//82
f 1444//82 1447//82 1449//82
f 1479//82 1475//82 1477//82
f 1441//82 1444//82 1449//82
f 1438//82 1439//82 1441//82
f 1483//82 1479//82 1481//82
f 1438//82 1441//82 1449//82
f 1483//82 1475//82 1479//82
f 1483//82 1449//82 1465//82
f 1483//82 1465//82 1475//82
f 1432//82 1434//82 1436//82
f 1488//82 1483//82 1485//82
f 1432//82 1436//82 1438//82
f 1489//82 1483//82 1488//82
f 1492//82 1483//82 1489//82
f 1492//82 1449//82 1483//82
f 1495//82 1492//82 1493//82
f 1497//82 1492//82 1495//82
f 1423//82 1425//82 1427//82
f 1499//82 1438//82 1449//82
f 1499//82 1449//82 1492//82
f 1499//82 1492//82 1497//82
f 1419//82 1421//82 1423//82
f 1501//82 1438//82 1499//82
f 1416//82 1417//82 1419//82
f 1416//82 1423//82 1427//82
f 1416//82 1419//82 1423//82
f 1377//82 1503//82 1506//82
f 1379//82 1501//82 1503//82
f 1379//82 1438//82 1501//82
f 1379//82 1503//82 1377//82
f 1408//82 1414//82 1416//82
f 1408//82 1412//82 1414//82
f 1408//82 1410//82 1412//82
f 1405//82 1408//82 1416//82
f 1405//82 1416//82 1427//82
f 1385//82 1438//82 1379//82
f 1385//82 1379//82 1381//82
f 1385//82 1381//82 1383//82
f 1385//82 1432//82 1438//82
f 1385//82 1429//82 1432//82
f 1385//82 1427//82 1429//82
f 1403//82 1405//82 1427//82
f 1389//82 1385//82 1387//82
f 1399//82 1401//82 1403//82
f 1392//82 1385//82 1389//82
f 1393//82 1385//82 1392//82
f 1397//82 1427//82 1385//82
f 1397//82 1403//82 1427//82
f 1397//82 1399//82 1403//82
f 1395//82 1385//82 1393//82
f 1395//82 1397//82 1385//82
