# Blender 4.2.22 LTS
# www.blender.org
o front_right_hip
v -0.000287 -0.045433 0.033115
v -0.002394 -0.045075 0.047116
v 0.000681 -0.045365 0.047154
v -0.002394 -0.045075 0.047116
v 0.000077 -0.046223 0.047132
v -0.006291 -0.047881 0.046680
v 0.000063 -0.047869 0.047106
v -0.002394 -0.045075 0.047116
v 0.000777 -0.045945 0.047131
v 0.003764 -0.044388 0.047036
v 0.003795 -0.044394 0.032885
v -0.000287 -0.045433 0.033115
v 0.000681 -0.045365 0.047154
v 0.003764 -0.044388 0.047036
v 0.003795 -0.044394 0.032885
v 0.000681 -0.045365 0.047154
v -0.000287 -0.045433 0.033115
v -0.003609 -0.044476 0.032903
v -0.002394 -0.045075 0.047116
v 0.000063 -0.047869 0.047106
v 0.006653 -0.047856 0.046629
v 0.003764 -0.044388 0.047036
v -0.000275 -0.047870 0.047387
v -0.006725 -0.047875 0.037372
v 0.000063 -0.047869 0.047106
v 0.008074 -0.047845 0.036788
v 0.008180 -0.047845 0.037034
v 0.006653 -0.047856 0.046629
v 0.006653 -0.047856 0.046629
v -0.003609 -0.044476 0.032903
v -0.005251 -0.043327 0.046933
v -0.002394 -0.045075 0.047116
v -0.005251 -0.043327 0.046933
v -0.006291 -0.047881 0.046680
v -0.002394 -0.045075 0.047116
v 0.006653 -0.047856 0.046629
v 0.004740 -0.043934 0.046946
v 0.005747 -0.042646 0.046876
v 0.003795 -0.044394 0.032885
v 0.003764 -0.044388 0.047036
v -0.004564 -0.043746 0.032871
v -0.005251 -0.043327 0.046933
v 0.006481 -0.041586 0.043036
v 0.006494 -0.041567 0.043355
v 0.006148 -0.042066 0.046731
v 0.005747 -0.042646 0.046876
v 0.006262 -0.041901 0.043492
v 0.006736 -0.041171 0.032399
v 0.006736 -0.041171 0.032399
v 0.003795 -0.044394 0.032885
v 0.005747 -0.042646 0.046876
v -0.005527 -0.043008 0.032631
v -0.006103 -0.042198 0.043484
v -0.006533 -0.041612 0.043022
v -0.005251 -0.043327 0.046933
v -0.006541 -0.041593 0.043356
v -0.006108 -0.042220 0.046487
v -0.006542 -0.041631 0.046750
v -0.005251 -0.043327 0.046933
v -0.005725 -0.042901 0.046897
v -0.006291 -0.047881 0.046680
v 0.006653 -0.047856 0.046629
v 0.006054 -0.042279 0.046842
v 0.009694 -0.041600 0.046079
v 0.007314 -0.040569 0.046502
v 0.006836 -0.040670 0.046231
v 0.006494 -0.041567 0.043355
v -0.009780 -0.041637 0.046073
v -0.006551 -0.041626 0.046742
v -0.007506 -0.039160 0.043074
v -0.007217 -0.039906 0.046074
v -0.006852 -0.040822 0.043602
v -0.006577 -0.041622 0.046638
v -0.007409 -0.040596 0.046429
v -0.009780 -0.041637 0.046073
v 0.007119 -0.039834 0.043631
v 0.007416 -0.039197 0.046334
v -0.000711 -0.030473 0.045863
v -0.001245 -0.030384 0.043262
v 0.004839 -0.002415 0.044125
v -0.001753 -0.030552 0.046315
v 0.001177 -0.030387 0.046315
v -0.001245 -0.030384 0.043262
v 0.002222 -0.030687 0.043239
v 0.001177 -0.030387 0.046315
v 0.004839 -0.002415 0.044125
v 0.000597 0.000772 0.044168
v -0.001753 -0.030552 0.046315
v 0.000597 0.000772 0.044168
v -0.003223 0.004117 0.043775
v -0.001753 -0.030552 0.046315
v -0.004227 0.004631 0.043651
v -0.001753 -0.030552 0.046315
v -0.002432 -0.030850 0.045937
v -0.004266 -0.031635 0.046216
v -0.001245 -0.030384 0.043262
v -0.001245 -0.030384 0.043262
v -0.005314 0.005268 0.043511
v -0.004266 -0.031635 0.046216
v -0.001753 -0.030552 0.046315
v 0.004204 -0.031656 0.046212
v 0.004839 -0.002415 0.044125
v 0.001177 -0.030387 0.046315
v 0.002222 -0.030687 0.043239
v 0.004204 -0.031656 0.046212
v 0.001177 -0.030387 0.046315
v -0.004471 -0.031804 0.043116
v -0.037485 -0.041691 0.040147
v -0.037634 -0.047936 0.040030
v -0.006515 -0.041630 0.046854
v -0.037634 -0.047936 0.040030
v -0.006291 -0.047881 0.046680
v -0.006515 -0.041630 0.046854
v -0.008420 -0.041634 0.046400
v -0.037485 -0.041691 0.040147
v 0.036764 -0.041547 0.040386
v 0.008351 -0.041603 0.046380
v 0.006653 -0.047856 0.046629
v 0.036764 -0.041547 0.040386
v 0.006465 -0.041607 0.046801
v -0.007506 -0.039160 0.043074
v -0.007313 -0.035914 0.046129
v -0.007508 -0.039120 0.046323
v -0.007679 -0.038688 0.046259
v -0.009780 -0.041637 0.046073
v 0.003692 -0.031456 0.043570
v 0.004204 -0.031656 0.046212
v 0.009694 -0.041600 0.046079
v 0.009694 -0.041600 0.046079
v 0.007231 -0.035914 0.046132
v 0.007604 -0.038775 0.046268
v 0.007231 -0.035914 0.046132
v 0.007480 -0.038777 0.043048
v 0.007416 -0.039197 0.046334
v 0.008837 -0.004930 0.043635
v 0.004839 -0.002415 0.044125
v 0.004204 -0.031656 0.046212
v 0.005079 -0.032419 0.046168
v 0.008837 -0.004930 0.043635
v 0.004623 -0.031962 0.043097
v 0.004947 -0.032347 0.045806
v -0.005597 -0.032958 0.045780
v -0.006201 -0.033534 0.042990
v -0.005001 -0.032338 0.043382
v -0.004266 -0.031635 0.046216
v -0.005314 0.005268 0.043511
v -0.005188 -0.032505 0.046172
v -0.007506 -0.039160 0.043074
v -0.007294 -0.035884 0.042940
v -0.007313 -0.035914 0.046129
v 0.006832 -0.034640 0.042941
v 0.007480 -0.038777 0.043048
v 0.007231 -0.035914 0.046132
v 0.008837 -0.004930 0.043635
v 0.004623 -0.031962 0.043097
v 0.006832 -0.034640 0.042941
v 0.006034 -0.033383 0.046129
v -0.009961 0.003140 0.042894
v -0.009780 -0.041637 0.046073
v -0.007313 -0.035914 0.046129
v 0.008837 -0.004930 0.043635
v 0.006589 -0.034481 0.046125
v 0.006669 -0.034666 0.045688
v 0.006832 -0.034640 0.042941
v -0.006571 -0.034338 0.045778
v -0.006201 -0.033534 0.042990
v -0.009961 0.003140 0.042894
v -0.006732 -0.034631 0.046126
v -0.005314 0.005268 0.043511
v -0.009961 0.003140 0.042894
v -0.006208 -0.033571 0.046130
v -0.006929 -0.035098 0.043311
v -0.007313 -0.035914 0.046129
v 0.013277 -0.025719 0.044069
v 0.008837 -0.004930 0.043635
v 0.009694 -0.041600 0.046079
v -0.039093 -0.047938 0.039179
v -0.022990 -0.047900 0.030051
v 0.039095 -0.047787 0.039142
v 0.037556 -0.047791 0.040026
v 0.036764 -0.041547 0.040386
v 0.006653 -0.047856 0.046629
v -0.009961 0.003140 0.042894
v -0.009961 0.003140 0.042894
v -0.037485 -0.041691 0.040147
v -0.037485 -0.041691 0.040147
v -0.009780 -0.041637 0.046073
v 0.036764 -0.041547 0.040386
v 0.036354 -0.026327 0.039280
v 0.009694 -0.041600 0.046079
v 0.036354 -0.026327 0.039280
v 0.013277 -0.025719 0.044069
v 0.009694 -0.041600 0.046079
v 0.012612 -0.007001 0.042846
v 0.008837 -0.004930 0.043635
v 0.013277 -0.025719 0.044069
v 0.004839 -0.002415 0.044125
v 0.000616 0.001126 0.044042
v 0.000556 0.001260 0.044010
v -0.003223 0.004117 0.043775
v 0.008837 -0.004930 0.043635
v 0.006744 -0.003082 0.043613
v 0.005471 -0.002516 0.043890
v 0.000580 0.001608 0.043887
v 0.036354 -0.026327 0.039280
v 0.017997 -0.024956 0.042704
v -0.004957 0.005549 0.043368
v -0.003223 0.004117 0.043775
v 0.007050 -0.003047 0.043456
v 0.000311 0.002012 0.043695
v -0.003501 0.004547 0.043608
v 0.000580 0.001608 0.043887
v 0.017989 -0.009722 0.041086
v 0.012612 -0.007001 0.042846
v 0.013277 -0.025719 0.044069
v 0.000104 0.002245 0.043621
v -0.004726 0.005956 0.043186
v 0.012612 -0.007001 0.042846
v 0.008528 -0.004512 0.043547
v -0.006605 -0.041597 0.042897
v -0.009870 -0.041634 0.042724
v 0.010841 -0.041603 0.042559
v 0.006535 -0.041576 0.042888
v -0.009870 -0.041634 0.042724
v -0.007386 -0.040555 0.043153
v 0.018529 -0.021598 0.041781
v 0.017989 -0.009722 0.041086
v 0.013277 -0.025719 0.044069
v -0.008134 0.007779 0.042709
v -0.009961 0.003140 0.042894
v -0.005314 0.005268 0.043511
v 0.019688 -0.024502 0.042137
v 0.018529 -0.021598 0.041781
v 0.013277 -0.025719 0.044069
v 0.007480 -0.038777 0.043048
v 0.010841 -0.041603 0.042559
v 0.006494 -0.041567 0.043355
v -0.004828 0.006735 0.041058
v 0.002787 0.000516 0.041602
v -0.001245 -0.030384 0.043262
v 0.002787 0.000516 0.041602
v 0.002222 -0.030687 0.043239
v -0.001245 -0.030384 0.043262
v -0.005070 0.005642 0.043340
v -0.008134 0.007779 0.042709
v -0.004712 0.006244 0.042812
v -0.000133 0.002611 0.043447
v -0.007820 0.008088 0.042494
v -0.004726 0.005956 0.043186
v -0.004471 -0.031804 0.043116
v -0.004828 0.006735 0.041058
v -0.001245 -0.030384 0.043262
v 0.002787 0.000516 0.041602
v 0.009420 -0.004299 0.040929
v 0.009420 -0.004299 0.040929
v 0.002222 -0.030687 0.043239
v 0.009420 -0.004299 0.040929
v 0.004623 -0.031962 0.043097
v 0.002222 -0.030687 0.043239
v 0.007480 -0.038777 0.043048
v 0.009420 -0.004299 0.040929
v 0.010841 -0.041603 0.042559
v -0.005297 -0.032593 0.043054
v -0.004828 0.006735 0.041058
v 0.005603 -0.001783 0.043160
v -0.000133 0.002611 0.043447
v 0.010872 -0.005161 0.042337
v 0.006687 -0.002663 0.043273
v 0.006832 -0.034640 0.042941
v 0.004623 -0.031962 0.043097
v 0.005099 -0.001317 0.042996
v -0.000567 0.003044 0.043197
v -0.009870 -0.041634 0.042724
v -0.007686 -0.038714 0.043013
v 0.007125 -0.036318 0.042979
v 0.009420 -0.004299 0.040929
v -0.006714 -0.034601 0.042965
v -0.004828 0.006735 0.041058
v -0.008399 -0.038175 0.042838
v -0.004828 0.006735 0.041058
v -0.004819 0.006409 0.042691
v -0.007600 0.008471 0.042252
v -0.035801 0.003088 0.037426
v -0.009961 0.003140 0.042894
v -0.008134 0.007779 0.042709
v -0.012926 0.012037 0.040644
v -0.035801 0.003088 0.037426
v -0.008134 0.007779 0.042709
v 0.018015 -0.009164 0.040682
v 0.010081 -0.004725 0.042587
v 0.013244 -0.007110 0.042458
v 0.007050 -0.003047 0.043456
v -0.009064 -0.041623 0.042568
v -0.016647 -0.041646 0.040577
v -0.012220 0.012775 0.039293
v -0.004828 0.006735 0.041058
v -0.009870 -0.041634 0.042724
v -0.016647 -0.041646 0.040577
v -0.012220 0.012775 0.039293
v -0.009870 -0.041634 0.042724
v 0.009420 -0.004299 0.040929
v 0.004616 -0.000912 0.042467
v 0.036094 -0.025358 0.038954
v 0.019688 -0.024502 0.042137
v 0.009852 -0.004543 0.041531
v 0.005099 -0.001317 0.042996
v 0.003475 -0.000027 0.042125
v -0.004779 0.006659 0.042348
v -0.005527 -0.043008 0.032631
v -0.006916 -0.040889 0.032371
v -0.006552 -0.041599 0.042460
v -0.006916 -0.040889 0.032371
v -0.006688 -0.041396 0.042044
v 0.021995 -0.020363 0.040006
v 0.018529 -0.021598 0.041781
v 0.019688 -0.024502 0.042137
v -0.007889 0.008153 0.042466
v -0.012926 0.012037 0.040644
v 0.006570 -0.041418 0.042085
v 0.006736 -0.041171 0.032399
v 0.002787 0.000516 0.041602
v -0.004836 0.006724 0.041667
v -0.004770 0.006670 0.041707
v 0.017986 -0.009433 0.040888
v 0.012612 -0.007001 0.042846
v -0.035801 0.003088 0.037426
v 0.006591 -0.041420 0.042097
v 0.012237 -0.041334 0.040572
v 0.017988 -0.009019 0.040388
v 0.010872 -0.005161 0.042337
v -0.013193 0.012601 0.040211
v -0.007600 0.008471 0.042252
v 0.009732 -0.041595 0.042375
v 0.010841 -0.041603 0.042559
v 0.018790 -0.041561 0.038997
v 0.019281 -0.041550 0.038247
v 0.017667 -0.041571 0.039775
v 0.016904 -0.022576 0.039432
v 0.016904 -0.022576 0.039432
v 0.017199 -0.041580 0.040402
v 0.010841 -0.041603 0.042559
v 0.010841 -0.041603 0.042559
v 0.009420 -0.004299 0.040929
v -0.010988 -0.041204 0.040808
v -0.006729 -0.041391 0.042043
v 0.019281 -0.041550 0.038247
v 0.011500 -0.041404 0.040809
v 0.012237 -0.041334 0.040572
v 0.007295 -0.040190 0.041235
v 0.007046 -0.040145 0.041104
v 0.006736 -0.041171 0.032399
v -0.012837 0.013146 0.039319
v -0.007600 0.008471 0.042252
v -0.006889 0.008062 0.042175
v -0.012220 0.012775 0.039293
v 0.017983 -0.008886 0.040089
v 0.010371 -0.004856 0.041718
v 0.027159 -0.022652 0.039117
v 0.019688 -0.024502 0.042137
v 0.022362 -0.011485 0.038996
v 0.017989 -0.009722 0.041086
v 0.018529 -0.021598 0.041781
v -0.037649 0.006469 0.036772
v -0.035801 0.003088 0.037426
v -0.012926 0.012037 0.040644
v -0.006803 -0.041224 0.041724
v -0.007527 -0.037013 0.039979
v -0.010988 -0.041204 0.040808
v -0.017114 -0.026943 0.039619
v -0.017965 0.017329 0.036761
v -0.017965 0.017329 0.036761
v -0.012220 0.012775 0.039293
v -0.016647 -0.041646 0.040577
v -0.011470 -0.041277 0.040697
v -0.006552 -0.041599 0.042460
v 0.026252 -0.022322 0.039094
v 0.021995 -0.020363 0.040006
v 0.019688 -0.024502 0.042137
v 0.021995 -0.020363 0.040006
v 0.022362 -0.011485 0.038996
v 0.018529 -0.021598 0.041781
v 0.007480 -0.038216 0.032230
v 0.006736 -0.041171 0.032399
v 0.007398 -0.039149 0.040810
v -0.006916 -0.040889 0.032371
v -0.007547 -0.038358 0.032232
v -0.006803 -0.041224 0.041724
v -0.007547 -0.038358 0.032232
v -0.007527 -0.037013 0.039979
v -0.006803 -0.041224 0.041724
v -0.007527 -0.037013 0.039979
v -0.011784 -0.040963 0.040449
v 0.017935 -0.008834 0.039134
v 0.009420 -0.004299 0.040929
v 0.013092 -0.036790 0.038500
v 0.007398 -0.039149 0.040810
v 0.012237 -0.041334 0.040572
v -0.037185 0.011891 0.035356
v -0.037649 0.006469 0.036772
v -0.012926 0.012037 0.040644
v 0.001880 -0.030597 0.040561
v -0.000087 -0.011520 0.040624
v -0.001173 -0.030384 0.040603
v 0.001046 -0.030311 -0.040393
v 0.001880 -0.030597 0.040561
v -0.001173 -0.030384 0.040603
v -0.001995 -0.030541 -0.040351
v 0.001046 -0.030311 -0.040393
v -0.001173 -0.030384 0.040603
v -0.004843 -0.032034 0.040329
v -0.001173 -0.030384 0.040603
v -0.000087 -0.011520 0.040624
v -0.004693 -0.011784 0.040355
v -0.004843 -0.032034 0.040329
v -0.000087 -0.011520 0.040624
v 0.006081 -0.033477 0.040138
v 0.005990 -0.012174 0.040164
v -0.000087 -0.011520 0.040624
v -0.000087 -0.011520 0.040624
v 0.002931 -0.030997 0.040481
v 0.005003 -0.032375 0.040277
v -0.000087 -0.011520 0.040624
v 0.005597 -0.011748 0.040189
v -0.000087 -0.011520 0.040624
v -0.006552 -0.041599 0.042460
v -0.017046 -0.041606 0.039744
v -0.017502 -0.041593 0.039377
v 0.001046 -0.030311 -0.040393
v 0.004736 -0.031938 -0.040126
v 0.001880 -0.030597 0.040561
v 0.004736 -0.031938 -0.040126
v 0.004163 -0.031624 0.040388
v 0.001880 -0.030597 0.040561
v -0.004843 -0.032034 0.040329
v -0.004843 -0.032034 0.040329
v -0.001995 -0.030541 -0.040351
v -0.001995 -0.030541 -0.040351
v -0.001173 -0.030384 0.040603
v 0.024544 -0.047807 0.028740
v -0.004022 -0.011082 0.040186
v -0.000087 -0.011520 0.040624
v -0.004260 -0.031574 -0.040181
v 0.031438 -0.023555 0.038849
v 0.019688 -0.024502 0.042137
v 0.005359 -0.011413 0.040204
v 0.000341 -0.010952 0.040371
v -0.026433 -0.041663 0.038272
v 0.026067 -0.041562 0.038397
v 0.024901 -0.025493 0.037880
v 0.026067 -0.041562 0.038397
v 0.017199 -0.041580 0.040402
v 0.037556 -0.047791 0.040026
v 0.037590 -0.041681 0.039943
v -0.015615 -0.041461 0.039388
v -0.006552 -0.041599 0.042460
v -0.036555 -0.003048 0.037497
v -0.037485 -0.041691 0.040147
v 0.019058 -0.041377 0.038063
v 0.012237 -0.041334 0.040572
v 0.004736 -0.031938 -0.040126
v 0.006081 -0.033477 0.040138
v 0.004163 -0.031624 0.040388
v -0.014156 0.013732 0.039458
v -0.017038 0.015527 0.038505
v 0.013092 -0.036790 0.038500
v 0.007401 -0.036560 0.039895
v 0.007398 -0.039149 0.040810
v 0.007401 -0.036560 0.039895
v 0.007480 -0.038216 0.032230
v 0.007398 -0.039149 0.040810
v -0.003777 -0.010568 0.040044
v 0.000096 -0.011048 0.040415
v 0.005252 -0.010784 0.039862
v 0.000545 -0.010481 0.040172
v -0.006177 -0.033443 -0.039929
v -0.004260 -0.031574 -0.040181
v -0.004843 -0.032034 0.040329
v -0.004693 -0.011784 0.040355
v -0.009484 -0.011613 0.039485
v -0.004843 -0.032034 0.040329
v -0.006784 -0.034551 0.040034
v -0.006177 -0.033443 -0.039929
v -0.004843 -0.032034 0.040329
v -0.009484 -0.011613 0.039485
v -0.005739 -0.033058 0.040192
v 0.010098 -0.011658 0.039292
v 0.005990 -0.012174 0.040164
v 0.006081 -0.033477 0.040138
v -0.012220 0.012775 0.039293
v -0.004422 -0.011291 0.040212
v -0.009484 -0.011613 0.039485
v 0.013092 -0.036790 0.038500
v 0.010098 -0.011658 0.039292
v 0.006081 -0.033477 0.040138
v 0.004736 -0.031938 -0.040126
v 0.006693 -0.034445 -0.039836
v 0.006081 -0.033477 0.040138
v -0.006881 -0.034668 0.035625
v -0.006177 -0.033443 -0.039929
v 0.007401 -0.036560 0.039895
v 0.013092 -0.036790 0.038500
v 0.006081 -0.033477 0.040138
v 0.006875 -0.034685 -0.032167
v 0.006516 -0.034191 0.035589
v 0.006860 -0.034757 0.032372
v 0.007401 -0.036560 0.039895
v 0.006081 -0.033477 0.040138
v 0.006791 -0.034574 -0.035425
v 0.006081 -0.033477 0.040138
v 0.022362 -0.011485 0.038996
v 0.018021 -0.009455 0.040878
v 0.037602 -0.041486 0.039930
v 0.037832 -0.026672 0.038570
v 0.037104 -0.026548 0.038924
v 0.036764 -0.041547 0.040386
v -0.009484 -0.011613 0.039485
v -0.012218 -0.036824 0.038733
v -0.006784 -0.034551 0.040034
v -0.007527 -0.037013 0.039979
v -0.006963 -0.034769 0.032368
v -0.006784 -0.034551 0.040034
v -0.012218 -0.036824 0.038733
v -0.007495 -0.036085 0.039934
v 0.010098 -0.011658 0.039292
v 0.005768 -0.011842 0.040171
v -0.000330 -0.009980 0.039717
v -0.003777 -0.010568 0.040044
v 0.006860 -0.034757 0.032372
v 0.007480 -0.038216 0.032230
v 0.007401 -0.036560 0.039895
v -0.007547 -0.038358 0.032232
v -0.006963 -0.034769 0.032368
v -0.007527 -0.037013 0.039979
v -0.020928 -0.024265 0.038658
v -0.017283 -0.022546 0.039331
v -0.016647 -0.041646 0.040577
v -0.025163 -0.025322 0.037764
v -0.020928 -0.024265 0.038658
v -0.016647 -0.041646 0.040577
v -0.026433 -0.041663 0.038272
v -0.025163 -0.025322 0.037764
v -0.016647 -0.041646 0.040577
v 0.016904 -0.022576 0.039432
v 0.024901 -0.025493 0.037880
v 0.017199 -0.041580 0.040402
v 0.005342 -0.010180 0.039514
v 0.000198 -0.010147 0.039866
v -0.008267 -0.010709 0.039259
v -0.003777 -0.010568 0.040044
v 0.018876 -0.041216 0.037883
v 0.013092 -0.036790 0.038500
v 0.012237 -0.041334 0.040572
v -0.013669 0.013735 0.039154
v -0.017965 0.017329 0.036761
v -0.017038 0.015527 0.038505
v -0.037185 0.011891 0.035356
v -0.012926 0.012037 0.040644
v -0.003337 -0.010326 0.039829
v -0.007915 -0.010235 0.039086
v 0.018068 -0.008876 0.038050
v 0.016904 -0.022576 0.039432
v 0.009420 -0.004299 0.040929
v -0.012218 -0.036824 0.038733
v -0.014778 -0.041408 0.039716
v -0.007527 -0.037013 0.039979
v 0.010213 -0.010057 0.038299
v 0.005438 -0.010741 0.039807
v 0.009992 -0.010960 0.038894
v 0.005359 -0.011413 0.040204
v -0.001548 0.000331 0.039602
v -0.000420 0.000459 0.039609
v -0.000365 0.006874 0.039613
v -0.000998 0.006611 0.039605
v -0.000445 -0.003321 0.039532
v 0.002269 -0.004674 0.039595
v 0.000108 0.006807 0.039597
v 0.000742 0.000209 0.039617
v 0.002695 0.009936 0.039492
v 0.000064 0.010625 0.039576
v -0.002799 0.011509 0.039536
v -0.000361 0.010967 0.039571
v -0.002663 -0.004121 0.039516
v 0.002269 -0.004674 0.039595
v 0.002630 0.010809 0.039512
v -0.000114 0.011675 0.039547
v 0.000125 0.015880 0.039599
v -0.002666 0.015061 0.039563
v -0.012218 -0.036824 0.038733
v -0.015822 -0.036815 0.037405
v -0.014778 -0.041408 0.039716
v -0.015822 -0.036815 0.037405
v -0.017872 -0.041552 0.038537
v -0.014778 -0.041408 0.039716
v -0.001392 0.006601 0.039577
v -0.001408 0.006630 0.039564
v -0.001533 0.006492 0.039598
v -0.001521 0.006570 0.039572
v -0.001550 0.006547 0.039576
v -0.000365 0.006874 0.039613
v -0.001431 0.006628 0.039562
v -0.001533 0.006540 0.039581
v -0.001548 0.000331 0.039602
v 0.001003 0.015033 0.039620
v -0.001230 0.014812 0.039492
v 0.002514 0.001731 0.039525
v 0.000742 0.000209 0.039617
v 0.003024 0.002535 0.039456
v 0.000742 0.000209 0.039617
v 0.003041 0.003143 0.039481
v 0.000742 0.000209 0.039617
v 0.003094 0.004046 0.039497
v 0.003050 0.004273 0.039504
v 0.000742 0.000209 0.039617
v 0.000742 0.000209 0.039617
v 0.003027 0.004631 0.039491
v 0.000742 0.000209 0.039617
v 0.002392 0.005434 0.039520
v 0.000742 0.000209 0.039617
v 0.001102 0.006567 0.039584
v 0.000742 0.000209 0.039617
v -0.001719 0.006430 0.039577
v -0.001548 0.000331 0.039602
v -0.001543 0.006509 0.039590
v -0.001627 0.006441 0.039596
v -0.001649 0.006434 0.039594
v -0.001532 0.006590 0.039563
v -0.001747 0.006383 0.039590
v -0.001532 0.006590 0.039563
v -0.002632 0.015831 0.039547
v -0.000091 0.016541 0.039590
v 0.002382 -0.003912 0.039513
v -0.000106 -0.003133 0.039523
v 0.000827 0.015683 0.039598
v 0.003081 0.016398 0.039500
v -0.001326 0.006664 0.039562
v -0.001441 0.006624 0.039562
v 0.001353 0.006586 0.039555
v 0.000553 0.006805 0.039582
v -0.001628 0.006549 0.039565
v -0.001590 0.006481 0.039591
v -0.001628 0.006549 0.039565
v -0.001720 0.006507 0.039568
v -0.001728 0.006425 0.039585
v -0.001680 0.006431 0.039590
v -0.001665 0.006515 0.039571
v -0.001627 0.006441 0.039596
v -0.002056 0.006348 0.039586
v -0.001548 0.000331 0.039602
v -0.002852 0.005462 0.039515
v -0.001548 0.000331 0.039602
v -0.003320 0.004658 0.039458
v -0.001548 0.000331 0.039602
v -0.003338 0.004029 0.039475
v -0.001548 0.000331 0.039602
v -0.001890 0.006300 0.039589
v -0.037012 -0.006102 0.037486
v -0.039940 -0.041688 0.037820
v -0.037485 -0.041691 0.040147
v -0.002871 -0.004856 0.039494
v 0.000190 -0.004981 0.039413
v 0.028186 -0.019531 0.036686
v 0.021995 -0.020363 0.040006
v 0.026252 -0.022322 0.039094
v -0.002231 0.006410 0.039583
v -0.001852 0.006334 0.039590
v -0.001725 0.006449 0.039581
v -0.002231 0.006410 0.039583
v -0.001431 0.006628 0.039562
v -0.001541 0.006586 0.039563
v -0.001532 0.006590 0.039563
v -0.001637 0.006545 0.039565
v 0.002846 -0.003739 0.039469
v 0.006254 -0.003491 0.039130
v 0.006268 0.010588 0.039113
v 0.002861 0.011431 0.039525
v 0.002934 0.010650 0.039492
v 0.005922 0.010232 0.039187
v 0.002763 0.015935 0.039506
v 0.006024 0.015144 0.039172
v 0.006224 0.015650 0.039132
v 0.003081 0.016398 0.039500
v 0.002728 0.005565 0.039489
v 0.006353 0.006355 0.039116
v -0.002451 0.011020 0.039523
v -0.006240 0.010279 0.039174
v 0.005973 0.000359 0.039181
v 0.002035 0.001040 0.039558
v -0.003362 0.003780 0.039492
v -0.002773 0.001662 0.039509
v -0.002859 0.001351 0.039496
v -0.005594 0.001362 0.039251
v -0.005755 0.000858 0.039223
v -0.001548 0.000331 0.039602
v -0.001662 0.006534 0.039565
v -0.001210 0.006803 0.039467
v -0.001565 0.006577 0.039563
v -0.001210 0.006803 0.039467
v 0.001438 0.006607 0.039533
v 0.001606 0.006442 0.039585
v -0.001461 0.006619 0.039560
v -0.001210 0.006803 0.039467
v 0.006418 0.005808 0.039102
v 0.003037 0.004992 0.039469
v 0.006100 0.000857 0.039153
v 0.002390 0.001527 0.039557
v 0.001410 0.006901 0.039282
v 0.001507 0.006582 0.039529
v -0.001210 0.006803 0.039467
v -0.001787 0.006510 0.039563
v 0.001290 0.006670 0.039517
v 0.001472 0.006616 0.039524
v -0.003294 0.002849 0.039458
v -0.003035 0.001742 0.039485
v -0.003287 0.003018 0.039501
v -0.003035 0.001742 0.039485
v 0.001275 0.006683 0.039511
v 0.000553 0.006805 0.039582
v -0.001353 0.006659 0.039558
v -0.001210 0.006803 0.039467
v -0.000365 0.006874 0.039613
v -0.001249 0.006744 0.039509
v -0.004021 0.009921 0.039303
v -0.000169 0.009931 0.039609
v -0.001862 0.006641 0.039493
v -0.002231 0.006410 0.039583
v -0.001210 0.006803 0.039467
v -0.001847 0.006633 0.039495
v -0.003115 0.005491 0.039486
v -0.006685 0.005126 0.039074
v 0.006259 0.014940 0.038999
v 0.001003 0.015033 0.039620
v 0.001410 0.006901 0.039282
v 0.001280 0.006696 0.039500
v 0.001382 0.006643 0.039517
v 0.001410 0.006901 0.039282
v -0.003338 0.002302 0.039351
v -0.003035 0.001742 0.039485
v 0.003064 0.004427 0.039475
v 0.003037 0.004992 0.039469
v 0.005642 0.006903 0.038865
v 0.001531 0.006666 0.039435
v 0.005899 0.006666 0.038979
v 0.001606 0.006442 0.039585
v -0.003292 0.002717 0.039419
v -0.003035 0.001742 0.039485
v -0.003297 0.002827 0.039441
v -0.003288 0.002654 0.039420
v -0.003362 0.003780 0.039492
v -0.003294 0.002860 0.039464
v 0.028186 -0.019531 0.036686
v 0.026501 -0.017384 0.036898
v 0.021995 -0.020363 0.040006
v -0.003309 0.002809 0.039364
v -0.003362 0.003780 0.039492
v -0.001813 0.006674 0.039474
v -0.001705 0.006752 0.039422
v -0.001832 0.006663 0.039479
v -0.001674 0.006908 0.039242
v -0.001674 0.006908 0.039242
v -0.001942 0.006602 0.039498
v -0.000425 0.011807 0.039306
v -0.002799 0.011509 0.039536
v -0.003420 0.004120 0.037490
v -0.003346 0.003378 0.039309
v 0.003152 0.003980 0.037492
v 0.003105 0.003469 0.039349
v 0.003119 0.003279 0.037625
v 0.003070 0.002764 0.039470
v 0.003066 0.002001 0.039409
v 0.002390 0.001527 0.039557
v -0.001210 0.006803 0.039467
v -0.001737 0.006724 0.039442
v 0.003066 0.004523 0.039459
v 0.003037 0.004992 0.039469
v 0.003035 0.004372 0.039507
v 0.003073 0.004474 0.039460
v 0.001302 0.006793 0.039410
v 0.000553 0.006805 0.039582
v 0.006411 0.001397 0.039102
v 0.002956 0.001694 0.039429
v -0.002025 0.006627 0.039431
v -0.006277 0.006556 0.039150
v 0.003095 0.004705 0.039430
v 0.003487 0.004575 0.039135
v -0.006126 0.000273 0.039174
v -0.001191 0.000111 0.039446
v -0.000565 -0.000060 0.039347
v 0.000742 0.000209 0.039617
v 0.005799 0.000082 0.039040
v 0.000742 0.000209 0.039617
v -0.001734 0.006737 0.039429
v -0.001674 0.006908 0.039242
v 0.000343 0.000029 0.039450
v 0.005682 -0.000170 0.038908
v -0.003408 0.004307 0.039313
v -0.003362 0.003780 0.039492
v 0.003074 0.004507 0.039454
v 0.003487 0.004575 0.039135
v 0.000427 0.014913 0.039544
v 0.006639 0.014677 0.038768
v 0.003234 0.004246 0.039176
v 0.003141 0.004225 0.039398
v 0.003102 0.004097 0.039469
v 0.003234 0.004246 0.039176
v 0.003125 0.011531 0.039399
v -0.000114 0.011675 0.039547
v 0.002483 0.016454 0.039474
v 0.008221 0.016765 0.038484
v -0.040066 -0.041689 0.037861
v -0.037634 -0.047936 0.040030
v -0.037485 -0.041691 0.040147
v -0.040001 -0.041688 0.037841
v -0.037485 -0.041691 0.040147
v 0.039923 -0.047784 0.037707
v 0.039271 -0.041750 0.038486
v 0.037556 -0.047791 0.040026
v 0.039923 -0.047784 0.037707
v 0.038425 -0.041543 0.039492
v 0.003175 0.004445 0.039374
v 0.003175 0.004445 0.039374
v 0.003084 0.004438 0.039456
v 0.003059 0.004330 0.039490
v 0.003161 0.004262 0.039380
v 0.003065 0.004183 0.039502
v 0.003179 0.004370 0.039364
v 0.003065 0.004183 0.039502
v 0.003146 0.004452 0.039400
v 0.003487 0.004575 0.039135
v -0.001665 0.006825 0.039343
v -0.001210 0.006803 0.039467
v -0.003302 0.002694 0.039374
v -0.003396 0.002217 0.039305
v -0.003307 0.002792 0.039372
v -0.003288 0.002654 0.039420
v -0.001710 0.016734 0.039242
v -0.000091 0.016541 0.039590
v 0.003182 0.004325 0.039358
v 0.003175 0.004445 0.039374
v -0.006687 -0.004623 0.039087
v -0.002908 -0.004201 0.039498
v -0.006232 -0.003946 0.039155
v -0.002666 -0.003375 0.039534
v -0.006189 0.010833 0.039185
v -0.002799 0.011509 0.039536
v -0.006990 0.015195 0.039045
v -0.002879 0.015739 0.039533
v -0.006759 0.015895 0.039072
v -0.002880 0.016434 0.039528
v -0.002770 -0.003177 0.039342
v -0.000106 -0.003133 0.039523
v -0.002511 0.016581 0.039369
v -0.006739 0.016438 0.039074
v 0.001807 -0.004809 0.039490
v 0.006252 -0.005104 0.038817
v 0.003234 0.004246 0.039176
v 0.003179 0.004288 0.039352
v -0.003352 0.002575 0.039291
v -0.003396 0.002217 0.039305
v 0.003085 0.002528 0.039355
v 0.003070 0.002764 0.039470
v -0.003519 0.004835 0.039369
v -0.003330 0.004399 0.039452
v -0.006335 0.005951 0.039130
v -0.002231 0.006410 0.039583
v -0.007394 0.014639 0.038643
v -0.002185 0.014928 0.039505
v -0.007138 0.014947 0.038870
v -0.002666 0.015061 0.039563
v -0.003509 0.004362 0.039209
v -0.003330 0.004399 0.039452
v 0.003227 0.004303 0.039252
v 0.003487 0.004575 0.039135
v 0.003487 0.004575 0.039135
v 0.003187 0.004396 0.039358
v -0.003388 0.002474 0.039259
v -0.003396 0.002217 0.039305
v 0.003141 0.002474 0.039289
v 0.003003 0.002364 0.039444
v -0.005765 0.000007 0.038993
v -0.000445 -0.000234 0.039218
v -0.002896 -0.003130 0.039285
v -0.006088 -0.003523 0.039184
v -0.005857 0.001452 0.039180
v -0.003035 0.001742 0.039485
v -0.040066 -0.041689 0.037861
v -0.039998 -0.047938 0.037593
v -0.037634 -0.047936 0.040030
v 0.003181 0.002408 0.039257
v 0.003003 0.002364 0.039444
v 0.006696 -0.003850 0.039022
v 0.002269 -0.004674 0.039595
v 0.006704 -0.004944 0.038807
v 0.002269 -0.004674 0.039595
v -0.000365 0.006874 0.039613
v -0.001293 0.006835 0.039413
v 0.000629 0.006829 0.039529
v -0.000365 0.006874 0.039613
v -0.003434 0.002385 0.039224
v -0.003396 0.002217 0.039305
v 0.005280 -0.009777 0.038929
v -0.000615 -0.009638 0.039421
v 0.035807 -0.023827 0.038157
v 0.030172 -0.023103 0.038742
v 0.008221 0.016765 0.038484
v -0.000645 0.016674 0.039378
v -0.005598 -0.004988 0.038953
v -0.002871 -0.004856 0.039494
v -0.003546 0.004418 0.039227
v -0.003330 0.004399 0.039452
v -0.003820 0.004803 0.039225
v -0.003568 0.004493 0.039248
v -0.008881 0.011788 0.038352
v -0.002172 0.011656 0.039364
v 0.003178 0.002425 0.039259
v 0.003130 0.002554 0.039284
v -0.003400 0.002460 0.039247
v -0.003457 0.002363 0.039204
v 0.003359 0.002257 0.038938
v 0.003123 0.002600 0.039321
v -0.003512 0.002366 0.038922
v -0.003388 0.002485 0.039253
v -0.003354 0.002611 0.039271
v -0.003512 0.002366 0.038922
v 0.003155 0.002475 0.039273
v 0.003359 0.002257 0.038938
v -0.003657 0.004519 0.039164
v -0.003820 0.004803 0.039225
v -0.013355 -0.011733 0.038298
v -0.009484 -0.011613 0.039485
v 0.005937 0.011697 0.038895
v 0.002861 0.011431 0.039525
v 0.006238 0.010092 0.039012
v 0.002695 0.009936 0.039492
v 0.007121 0.016428 0.038879
v 0.003081 0.016398 0.039500
v 0.006586 -0.003341 0.038945
v 0.002943 -0.003162 0.039415
v 0.014121 -0.011468 0.037858
v 0.010098 -0.011658 0.039292
v 0.000303 0.009747 0.039263
v 0.002695 0.009936 0.039492
v -0.000262 0.014620 0.039205
v 0.006639 0.014677 0.038768
v -0.003132 -0.004936 0.039353
v -0.000089 -0.005086 0.039351
v -0.003651 0.009802 0.039317
v 0.000047 0.009802 0.039368
v 0.003304 0.001984 0.039285
v 0.003003 0.002364 0.039444
v -0.003618 0.004481 0.039179
v -0.003525 0.004390 0.039240
v -0.003512 0.002366 0.038922
v -0.003437 0.002398 0.039211
v 0.003209 0.002392 0.039224
v 0.003359 0.002257 0.038938
v 0.005391 -0.009360 0.038304
v -0.000482 -0.009396 0.038918
v 0.003388 0.002150 0.039170
v 0.003003 0.002364 0.039444
v -0.006685 0.005126 0.039074
v -0.003639 0.004902 0.039324
v -0.003487 0.002089 0.039282
v -0.003035 0.001742 0.039485
v 0.003228 0.001807 0.039357
v 0.003465 0.002058 0.039172
v 0.006019 0.001525 0.039072
v 0.009941 0.001926 0.038042
v -0.003974 0.001941 0.039099
v -0.003035 0.001742 0.039485
v 0.003586 0.002018 0.039117
v 0.003228 0.001807 0.039357
v -0.003735 0.004584 0.039137
v -0.003820 0.004803 0.039225
v -0.003847 0.001946 0.039164
v -0.003035 0.001742 0.039485
v 0.000113 0.007008 0.037680
v -0.000817 0.006899 0.039303
v -0.003788 0.001875 0.039180
v -0.007697 0.001649 0.038842
v -0.006616 0.011431 0.039020
v -0.002799 0.011509 0.039536
v -0.000749 -0.005103 0.039205
v 0.006252 -0.005104 0.038817
v -0.004071 0.004712 0.038972
v -0.003817 0.004700 0.039155
v -0.003512 0.002366 0.038922
v -0.003443 0.002321 0.039216
v 0.003003 0.002364 0.039444
v 0.003234 0.002352 0.039174
v 0.003582 0.004653 0.039118
v 0.003037 0.004992 0.039469
v 0.000430 0.006907 0.039160
v 0.000113 0.007008 0.037680
v -0.003547 0.004405 0.039208
v -0.003505 0.004306 0.039121
v -0.006743 0.006668 0.038920
v -0.001674 0.006908 0.039242
v 0.003452 0.002078 0.039171
v 0.003371 0.002202 0.039145
v 0.013092 -0.036790 0.038500
v 0.014321 -0.012072 0.037997
v 0.010098 -0.011658 0.039292
v -0.003690 0.004543 0.039149
v -0.003607 0.004472 0.039181
v -0.003626 0.004486 0.039169
v -0.003505 0.004306 0.039121
v 0.003037 0.004992 0.039469
v 0.006997 0.005190 0.038924
v 0.002943 -0.003162 0.039415
v -0.000386 -0.003095 0.039430
v 0.037037 -0.026226 0.038865
v 0.037036 -0.024834 0.038398
v 0.003354 0.002228 0.039078
v 0.003003 0.002364 0.039444
v -0.009484 -0.011613 0.039485
v -0.013050 -0.012028 0.038489
v -0.012218 -0.036824 0.038733
v -0.003775 0.002024 0.039130
v -0.003396 0.002217 0.039305
v -0.003706 0.004554 0.039141
v -0.003505 0.004306 0.039121
v 0.008143 0.009725 0.038367
v 0.002108 0.009825 0.039306
v -0.009549 0.009708 0.038243
v -0.002980 0.009752 0.039183
v -0.000574 0.014646 0.039274
v -0.007394 0.014639 0.038643
v -0.003767 0.002070 0.039087
v -0.003833 0.001960 0.039158
v 0.009941 0.001926 0.038042
v 0.003586 0.001910 0.039155
v -0.003803 0.004595 0.039092
v -0.003505 0.004306 0.039121
v -0.003881 0.001942 0.039152
v -0.004106 0.001961 0.039011
v -0.000615 -0.009638 0.039421
v -0.008235 -0.009900 0.038504
v 0.003387 0.002168 0.039144
v 0.003359 0.002257 0.038938
v 0.003474 0.002068 0.039157
v 0.003359 0.002257 0.038938
v -0.008964 0.010014 0.038599
v -0.005971 0.010163 0.039152
v 0.005648 0.011843 0.038851
v -0.000311 0.011786 0.039348
v 0.003515 -0.003106 0.039174
v -0.003015 -0.002919 0.039081
v -0.003587 0.002225 0.039057
v -0.003396 0.002217 0.039305
v 0.018001 -0.022901 0.039121
v 0.024901 -0.025493 0.037880
v -0.007400 0.001564 0.038898
v -0.010450 0.001366 0.038276
v -0.003800 0.002009 0.039128
v -0.004106 0.001961 0.039011
v -0.003512 0.002366 0.038922
v -0.003824 0.002070 0.039055
v 0.003570 0.004849 0.039198
v 0.009537 0.004933 0.038248
v -0.010450 0.001366 0.038276
v -0.005956 0.000781 0.039194
v 0.003841 0.001993 0.038996
v 0.003524 0.002095 0.039071
v -0.005641 -0.003379 0.039104
v -0.010155 -0.003474 0.038343
v 0.036532 -0.024790 0.038562
v 0.036354 -0.026327 0.039280
v 0.022820 -0.011474 0.038583
v 0.018015 -0.009164 0.040682
v -0.010412 0.000133 0.038261
v -0.005899 0.000063 0.039023
v -0.009063 -0.011097 0.039287
v -0.014317 -0.011187 0.037819
v -0.007282 0.016545 0.038807
v -0.001556 0.016855 0.039104
v 0.014089 -0.010872 0.037663
v 0.010349 -0.010791 0.038699
v -0.021168 -0.024092 0.038450
v -0.017283 -0.022546 0.039331
v -0.037615 -0.009408 0.037157
v -0.039940 -0.041688 0.037820
v 0.039183 -0.041446 0.038580
v 0.037832 -0.026672 0.038570
v -0.012535 0.001894 0.037279
v -0.007119 0.001740 0.038788
v -0.003115 -0.005196 0.038062
v 0.006252 -0.005104 0.038817
v -0.004523 -0.000245 0.038072
v -0.000445 -0.000234 0.039218
v 0.004509 0.011917 0.037380
v -0.001156 0.011915 0.038575
v -0.009549 0.009708 0.038243
v -0.003894 0.009621 0.037849
v -0.007394 0.014639 0.038643
v 0.000170 0.014544 0.038383
v -0.001115 -0.000245 0.038624
v 0.005436 -0.000232 0.037283
v -0.001290 0.006945 0.038600
v -0.005040 0.006956 0.037370
v -0.005482 0.006932 0.037777
v -0.001674 0.006908 0.039242
v -0.002273 -0.005220 0.037593
v 0.004122 -0.005166 0.037876
v 0.003273 -0.002889 0.037536
v -0.003671 -0.002922 0.038446
v -0.000027 0.009621 0.038553
v 0.005417 0.009648 0.037295
v 0.003336 0.016871 0.037536
v -0.002041 0.016851 0.038576
v -0.006609 -0.002953 0.037597
v -0.008702 -0.002996 0.037673
v -0.009479 -0.003024 0.038106
v -0.003015 -0.002919 0.039081
v -0.003182 0.011910 0.038016
v -0.003707 0.011920 0.037549
v -0.003707 0.011920 0.037549
v -0.008881 0.011788 0.038352
v -0.009404 0.011790 0.038009
v -0.008458 0.016770 0.037736
v -0.006584 0.016807 0.037629
v -0.001556 0.016855 0.039104
v -0.009759 -0.003226 0.038216
v -0.003015 -0.002919 0.039081
v -0.009200 0.009878 0.038444
v -0.003651 0.009802 0.039317
v 0.010213 -0.010057 0.038299
v 0.005471 -0.009764 0.038878
v 0.006574 0.015833 0.039073
v 0.010369 0.016262 0.038218
v 0.007325 0.009697 0.037870
v 0.006006 0.009670 0.037700
v 0.000479 0.009620 0.039031
v 0.000297 0.014544 0.038370
v 0.006639 0.014677 0.038768
v 0.005455 -0.000201 0.038122
v -0.000445 -0.000234 0.039218
v 0.008478 0.010906 0.038699
v 0.005922 0.010232 0.039187
v 0.009170 -0.004239 0.038517
v 0.006254 -0.003491 0.039130
v 0.009852 0.015613 0.038353
v 0.006024 0.015144 0.039172
v -0.021497 -0.023290 0.037698
v -0.017283 -0.022546 0.039331
v 0.010243 0.001684 0.038069
v 0.006411 0.001397 0.039102
v -0.006375 0.014595 0.037776
v 0.000281 0.014531 0.037702
v 0.003843 0.016849 0.037866
v -0.001556 0.016855 0.039104
v 0.006574 0.005813 0.039077
v 0.010365 0.006374 0.038231
v 0.005144 0.006938 0.038098
v 0.001410 0.006901 0.039282
v 0.004984 0.006974 0.037293
v 0.001080 0.006947 0.038556
v -0.000567 -0.009408 0.038940
v -0.008911 -0.009462 0.037697
v 0.010867 0.001331 0.038065
v 0.006278 0.000941 0.039123
v 0.010898 0.000796 0.038052
v 0.005973 0.000359 0.039181
v -0.003955 0.004756 0.039093
v -0.011349 0.004775 0.037626
v 0.008418 0.009859 0.038410
v 0.005922 0.010232 0.039187
v 0.006440 0.014873 0.038925
v 0.009663 0.015205 0.038409
v -0.006598 0.005757 0.039086
v -0.011685 0.005256 0.037933
v 0.011213 -0.003521 0.037992
v 0.007967 -0.003142 0.038517
v 0.010071 0.004898 0.037955
v 0.003896 0.004742 0.039008
v -0.017872 -0.041552 0.038537
v -0.026794 -0.041642 0.033450
v -0.026433 -0.041663 0.038272
v -0.008618 0.011647 0.038480
v -0.011748 0.011249 0.037945
v -0.011430 0.015089 0.038011
v -0.007248 0.014890 0.038816
v 0.009870 0.005045 0.038206
v 0.006643 0.005288 0.039071
v 0.011300 0.011818 0.037562
v 0.007863 0.011459 0.038713
v -0.011892 0.010234 0.037865
v -0.008675 0.010084 0.038650
v 0.010365 0.006374 0.038231
v 0.006098 0.006585 0.039001
v 0.005854 0.000107 0.039047
v 0.011043 0.000251 0.038013
v 0.010369 0.016262 0.038218
v 0.008006 0.016606 0.038605
v -0.003448 0.004099 0.039213
v -0.003420 0.004120 0.037490
v 0.018051 -0.022867 0.039066
v 0.022925 -0.022392 0.036218
v -0.003376 0.002611 0.037492
v -0.003434 0.002535 0.039020
v 0.003240 0.002472 0.039068
v 0.003102 0.002835 0.037496
v 0.003152 0.003980 0.037492
v 0.003188 0.004110 0.039281
v -0.006517 -0.004173 0.039110
v -0.010760 -0.004708 0.038167
v -0.006301 0.010784 0.039167
v -0.011892 0.010234 0.037865
v -0.006955 0.015748 0.039040
v -0.011430 0.015089 0.038011
v 0.003352 0.002451 0.037578
v 0.003359 0.002257 0.038938
v 0.010681 0.005939 0.038131
v 0.006643 0.005288 0.039071
v 0.003693 0.004644 0.037441
v 0.003374 0.004426 0.039131
v 0.003393 0.004285 0.037563
v 0.003234 0.004246 0.039176
v -0.010309 -0.003976 0.038291
v -0.006088 -0.003523 0.039184
v -0.011773 0.010769 0.037917
v -0.006276 0.011310 0.039181
v -0.010853 0.015799 0.038162
v -0.006739 0.016438 0.039074
v -0.003692 0.002351 0.037591
v -0.003512 0.002366 0.038922
v -0.004154 0.002003 0.037414
v -0.003839 0.002147 0.038896
v 0.003590 0.002130 0.038919
v 0.003580 0.002128 0.037452
v -0.003698 0.004356 0.037553
v -0.003505 0.004306 0.039121
v -0.003843 0.004546 0.038966
v -0.004062 0.004651 0.037427
v 0.003693 0.004644 0.037441
v 0.003707 0.004664 0.039036
v -0.008821 -0.009720 0.038099
v -0.011407 -0.009915 0.037722
v -0.010350 0.000718 0.038285
v -0.006126 0.000273 0.039174
v -0.006121 0.005021 0.039046
v -0.011349 0.004775 0.037626
v -0.010777 0.005974 0.038170
v -0.006277 0.006556 0.039150
v -0.008015 0.006762 0.038553
v -0.010459 0.006354 0.038261
v -0.013050 -0.012028 0.038489
v -0.015822 -0.036815 0.037405
v -0.012218 -0.036824 0.038733
v -0.037095 0.015270 0.034045
v -0.037185 0.011891 0.035356
v -0.017038 0.015527 0.038505
v -0.011783 -0.010228 0.037854
v -0.007915 -0.010235 0.039086
v 0.029509 -0.022748 0.038550
v 0.033060 -0.021254 0.035750
v -0.007955 -0.005179 0.036811
v -0.004927 -0.005174 0.038346
v -0.009565 0.016576 0.038227
v -0.006739 0.016438 0.039074
v 0.004856 0.011886 0.038036
v 0.005264 0.011877 0.038137
v 0.005648 0.011843 0.038851
v -0.000578 0.011913 0.039123
v 0.003979 -0.002913 0.037832
v -0.003015 -0.002919 0.039081
v 0.000281 0.014531 0.037702
v 0.006343 0.014633 0.037875
v 0.006488 0.014623 0.037925
v 0.025482 -0.012076 0.036798
v 0.018009 -0.009027 0.040377
v 0.010833 0.006521 0.037953
v 0.005642 0.006903 0.038865
v -0.011488 0.005005 0.037778
v -0.006685 0.005126 0.039074
v -0.076732 0.000094 0.038549
v -0.092517 0.005231 0.038217
v -0.092487 -0.000245 0.038549
v -0.076768 -0.003718 0.038391
v -0.076732 0.000094 0.038549
v -0.092487 -0.000245 0.038549
v -0.092445 -0.003997 0.038361
v -0.076768 -0.003718 0.038391
v -0.092487 -0.000245 0.038549
v -0.076774 0.003846 0.038368
v -0.092517 0.005231 0.038217
v -0.076732 0.000094 0.038549
v -0.021690 -0.022638 0.037065
v -0.017965 0.017329 0.036761
v -0.017283 -0.022546 0.039331
v 0.018068 -0.008876 0.038050
v 0.024588 -0.011447 0.034419
v 0.016904 -0.022576 0.039432
v 0.024588 -0.011447 0.034419
v 0.022925 -0.022392 0.036218
v 0.016904 -0.022576 0.039432
v 0.022517 -0.024206 0.037978
v 0.018550 -0.023052 0.038950
v 0.022195 -0.023354 0.037410
v 0.018550 -0.023052 0.038950
v -0.010693 0.001502 0.038103
v -0.007697 0.001649 0.038842
v -0.010760 -0.004708 0.038167
v -0.006291 -0.004816 0.038983
v -0.011827 0.014959 0.037750
v -0.007394 0.014639 0.038643
v 0.025796 -0.012833 0.036936
v 0.022362 -0.011485 0.038996
v 0.021995 -0.020363 0.040006
v 0.026501 -0.017384 0.036898
v 0.025796 -0.012833 0.036936
v 0.021995 -0.020363 0.040006
v 0.025538 -0.011914 0.036340
v 0.025498 -0.011918 0.036406
v 0.017983 -0.008886 0.040089
v 0.019879 -0.036747 0.035401
v 0.013092 -0.036790 0.038500
v 0.018876 -0.041216 0.037883
v 0.009591 0.001967 0.037296
v 0.009784 0.001965 0.037261
v 0.003841 0.001993 0.038996
v 0.010609 0.006940 0.036132
v 0.005433 0.006938 0.038046
v -0.008945 0.004719 0.037016
v -0.010682 0.004752 0.037177
v -0.004062 0.004651 0.037427
v -0.011349 0.004775 0.037626
v -0.004146 0.004682 0.038182
v -0.011349 0.004775 0.037626
v -0.011231 -0.004853 0.037866
v -0.005322 -0.005158 0.038854
v 0.005742 -0.005131 0.038241
v 0.009506 -0.005130 0.036414
v 0.037832 -0.026672 0.038570
v 0.037574 -0.025081 0.038029
v -0.008779 0.001963 0.037089
v -0.004106 0.001961 0.039011
v 0.007875 0.004747 0.037199
v 0.014014 0.004838 0.036611
v 0.003906 0.004691 0.038140
v 0.008348 0.004738 0.036730
v -0.016564 0.015349 0.038546
v -0.020041 0.018139 0.036626
v -0.038423 -0.014327 0.036507
v -0.039940 -0.041688 0.037820
v 0.038424 -0.026589 0.037720
v 0.039973 -0.041539 0.037652
v -0.010900 0.000036 0.037951
v -0.005532 -0.000204 0.038846
v 0.025591 -0.012411 0.036883
v 0.022362 -0.011485 0.038996
v 0.036277 -0.024448 0.038465
v 0.035835 -0.023278 0.037706
v 0.013921 0.011245 0.037083
v 0.009557 0.010564 0.038414
v 0.013965 0.010774 0.037054
v 0.009964 0.010139 0.038304
v 0.013674 0.010062 0.037009
v 0.009964 0.010139 0.038304
v 0.010841 0.011850 0.036869
v 0.010601 0.011880 0.036136
v -0.013680 0.011141 0.037247
v -0.011926 0.010774 0.037868
v -0.012005 0.011424 0.037705
v -0.008881 0.011788 0.038352
v 0.014718 0.000447 0.036746
v 0.011029 0.000749 0.038014
v 0.014291 0.016293 0.036937
v 0.010163 0.015840 0.038269
v 0.013983 0.015693 0.037050
v 0.009663 0.015205 0.038409
v -0.018567 0.017514 0.036782
v -0.014209 0.014058 0.039194
v 0.008662 -0.002965 0.037655
v 0.003273 -0.002889 0.037536
v 0.008588 0.016786 0.037769
v 0.003336 0.016871 0.037536
v 0.033060 -0.021254 0.035750
v 0.028186 -0.019531 0.036686
v 0.026252 -0.022322 0.039094
v 0.013841 0.006617 0.036907
v 0.010365 0.006374 0.038231
v -0.011892 0.010234 0.037865
v -0.009367 0.009835 0.038373
v 0.014049 -0.004544 0.037021
v 0.010895 -0.003851 0.038058
v -0.026099 -0.025563 0.037171
v -0.026433 -0.041663 0.038272
v -0.076694 -0.008976 0.037527
v -0.076768 -0.003718 0.038391
v -0.092445 -0.003997 0.038361
v -0.092489 -0.009303 0.037455
v -0.076694 -0.008976 0.037527
v -0.092445 -0.003997 0.038361
v -0.076729 0.009154 0.037470
v -0.092517 0.005231 0.038217
v -0.076774 0.003846 0.038368
v 0.014473 0.001387 0.036880
v 0.010567 0.001562 0.038037
v -0.092517 0.005231 0.038217
v -0.092938 -0.000657 0.038255
v -0.093244 -0.001579 0.038048
v -0.092445 -0.003997 0.038361
v -0.076151 -0.000214 0.038125
v -0.075486 0.003499 0.037593
v -0.076153 0.003527 0.038003
v -0.076732 0.000094 0.038549
v -0.075841 -0.002262 0.037848
v -0.076732 0.000094 0.038549
v 0.009019 0.015033 0.038422
v 0.014870 0.014742 0.036325
v 0.014159 0.015054 0.036836
v 0.009663 0.015205 0.038409
v -0.010014 0.006503 0.038245
v -0.014213 0.006466 0.037014
v -0.013270 0.000023 0.037108
v -0.010412 0.000133 0.038261
v -0.009814 0.009686 0.037424
v -0.004361 0.009610 0.037478
v -0.010878 0.014600 0.036105
v -0.006967 0.014609 0.037955
v 0.015593 -0.003032 0.036055
v 0.010655 -0.003352 0.037986
v 0.008190 -0.004761 0.038609
v 0.014982 -0.005029 0.036252
v 0.014362 -0.004738 0.036732
v 0.008893 -0.004572 0.038606
v 0.011657 0.011652 0.037546
v 0.008239 0.011294 0.038788
v 0.014291 0.016293 0.036937
v 0.009913 0.016409 0.038241
v -0.010850 -0.000220 0.036093
v -0.005067 -0.000234 0.038210
v -0.011486 0.011809 0.036500
v -0.003384 0.003159 0.037708
v -0.003317 0.002793 0.039307
v 0.009545 0.010004 0.038273
v 0.013421 0.009885 0.036998
v 0.011242 0.005713 0.037966
v 0.014526 0.006266 0.036817
v 0.024588 -0.011447 0.034419
v 0.018124 -0.008917 0.038864
v 0.005391 -0.009360 0.038304
v 0.000497 -0.009127 0.037954
v -0.011407 -0.009915 0.037722
v -0.014493 -0.010843 0.037471
v 0.010598 -0.009899 0.037855
v 0.005391 -0.009360 0.038304
v 0.022177 -0.023920 0.037907
v 0.025017 -0.025250 0.037748
v -0.025149 -0.025052 0.037606
v -0.020928 -0.024265 0.038658
v -0.004263 0.001985 0.038070
v -0.008247 0.001984 0.036791
v 0.009443 0.002006 0.036502
v 0.003802 0.002062 0.038171
v 0.014014 0.004838 0.036611
v 0.011197 0.005178 0.037897
v -0.092977 -0.003471 0.038054
v -0.094161 -0.007788 0.036502
v -0.093405 -0.008169 0.036983
v -0.092445 -0.003997 0.038361
v -0.076694 -0.008976 0.037527
v -0.076197 -0.003342 0.038008
v -0.093230 0.005119 0.037743
v -0.093741 -0.001820 0.037755
v -0.076091 0.003769 0.037937
v -0.075120 0.008591 0.036413
v -0.075954 0.008705 0.036990
v -0.076774 0.003846 0.038368
v 0.011572 0.000143 0.037673
v 0.005682 -0.000170 0.038908
v 0.013453 0.014692 0.036093
v -0.014021 -0.011504 0.037998
v -0.017365 -0.012156 0.036753
v -0.017365 -0.012156 0.036753
v -0.015822 -0.036815 0.037405
v -0.013050 -0.012028 0.038489
v 0.009069 -0.005117 0.036999
v 0.014982 -0.005029 0.036252
v -0.014779 0.006581 0.036637
v -0.008222 0.006871 0.038416
v 0.011302 0.006908 0.036499
v 0.005642 0.006903 0.038865
v 0.038390 -0.025799 0.037445
v 0.037832 -0.026672 0.038570
v 0.024997 -0.011577 0.035243
v 0.017983 -0.008886 0.040089
v -0.025176 -0.024790 0.037437
v -0.021345 -0.024064 0.038359
v 0.005820 -0.009323 0.037863
v 0.000893 -0.009089 0.037629
v -0.076729 0.009154 0.037470
v -0.092473 0.010495 0.037086
v -0.092517 0.005231 0.038217
v -0.007773 0.006893 0.037931
v -0.010799 0.006899 0.036118
v -0.010799 0.006899 0.036118
v -0.010808 0.011839 0.036122
v 0.025359 -0.024787 0.037291
v 0.022177 -0.023920 0.037907
v -0.000035 -0.009144 0.038124
v -0.005138 -0.009221 0.037337
v 0.013909 -0.010291 0.037059
v 0.010213 -0.010057 0.038299
v 0.037874 -0.023858 0.036584
v 0.036716 -0.024071 0.037826
v 0.037748 -0.024815 0.037679
v 0.037874 -0.023858 0.036584
v -0.015285 -0.004657 0.036598
v -0.010586 -0.004189 0.038213
v -0.015249 -0.004114 0.036609
v -0.010155 -0.003474 0.038343
v -0.014658 0.016250 0.036866
v -0.011208 0.015591 0.038062
v -0.005663 -0.009272 0.037498
v -0.000451 -0.009176 0.038467
v -0.014213 0.006466 0.037014
v -0.011409 0.005693 0.037994
v -0.076055 -0.008913 0.037115
v -0.075100 -0.001980 0.037371
v -0.010519 0.000725 0.038240
v -0.014091 0.000346 0.037097
v 0.025752 -0.025397 0.037309
v 0.026067 -0.041562 0.038397
v -0.015050 0.016360 0.036594
v -0.010644 0.016230 0.038223
v -0.015285 -0.004657 0.036598
v -0.012127 -0.004963 0.037480
v -0.014295 -0.005138 0.034912
v -0.014295 -0.005138 0.034912
v -0.007404 -0.005171 0.037354
v -0.014141 -0.005119 0.035499
v -0.012844 -0.005106 0.036515
v -0.005322 -0.005158 0.038854
v -0.011447 0.014624 0.036481
v -0.007394 0.014639 0.038643
v -0.015480 -0.003373 0.036336
v -0.010155 -0.003474 0.038343
v -0.009871 -0.003267 0.038225
v -0.015774 -0.003082 0.035990
v -0.010140 0.016444 0.038176
v -0.016782 0.016655 0.035640
v -0.014290 0.000795 0.037014
v -0.010450 0.001366 0.038276
v -0.011484 -0.000196 0.036525
v -0.005532 -0.000204 0.038846
v -0.020041 0.018139 0.036626
v -0.037095 0.015270 0.034045
v -0.017038 0.015527 0.038505
v -0.027159 -0.023686 0.034147
v -0.021724 -0.023222 0.037509
v 0.022853 -0.022943 0.036682
v 0.026796 -0.023126 0.033915
v -0.012773 0.001739 0.037286
v -0.010450 0.001366 0.038276
v -0.036835 -0.000306 0.037365
v -0.037746 -0.005696 0.037154
v -0.036567 0.000311 0.037387
v -0.037012 -0.006102 0.037486
v -0.025443 -0.024674 0.037099
v -0.021570 -0.023905 0.038161
v 0.007209 -0.061637 0.036962
v -0.001871 -0.047865 0.037614
v -0.002639 -0.061656 0.037555
v -0.001405 -0.061575 0.022232
v -0.001405 -0.061575 0.022232
v -0.001405 -0.061575 0.022232
v 0.007209 -0.061637 0.036962
v -0.002639 -0.061656 0.037555
v -0.002639 -0.061656 0.037555
v 0.007209 -0.061637 0.036962
v 0.008074 -0.047845 0.036788
v -0.001871 -0.047865 0.037614
v -0.005138 -0.009221 0.037337
v 0.000893 -0.009089 0.037629
v -0.002273 -0.005220 0.037593
v 0.000893 -0.009089 0.037629
v 0.003545 -0.005191 0.037464
v -0.002273 -0.005220 0.037593
v 0.005436 -0.000232 0.037283
v -0.004163 -0.000273 0.037491
v 0.003273 -0.002889 0.037536
v -0.004163 -0.000273 0.037491
v -0.006190 -0.002935 0.037235
v 0.003273 -0.002889 0.037536
v 0.005417 0.009648 0.037295
v -0.004361 0.009610 0.037478
v 0.000113 0.007008 0.037680
v -0.004361 0.009610 0.037478
v -0.005040 0.006956 0.037370
v 0.000113 0.007008 0.037680
v 0.004509 0.011917 0.037380
v 0.000281 0.014531 0.037702
v -0.003707 0.011920 0.037549
v 0.000723 0.026018 0.037609
v -0.006022 0.016828 0.037281
v 0.003336 0.016871 0.037536
v -0.004693 0.026105 0.037357
v -0.006022 0.016828 0.037281
v 0.000723 0.026018 0.037609
v 0.003336 0.016871 0.037536
v 0.004474 0.026042 0.037329
v 0.000723 0.026018 0.037609
v 0.014135 -0.009590 0.036147
v 0.007993 -0.009324 0.037078
v -0.093902 0.005199 0.037287
v -0.094171 -0.001573 0.037056
v -0.075056 0.003133 0.036928
v -0.075100 -0.001980 0.037371
v -0.026290 -0.024226 0.035771
v -0.021570 -0.023905 0.038161
v -0.005942 0.014569 0.037214
v -0.003707 0.011920 0.037549
v 0.000281 0.014531 0.037702
v 0.026613 -0.041560 0.037758
v 0.019281 -0.041550 0.038247
v 0.026642 -0.025156 0.036701
v 0.028246 -0.041556 0.036561
v 0.026067 -0.041562 0.038397
v -0.093185 -0.008998 0.036979
v -0.093721 -0.012349 0.035735
v -0.092473 0.010495 0.037086
v -0.093180 0.005337 0.037745
v -0.020888 -0.036640 0.034842
v -0.021478 -0.041430 0.036551
v -0.017872 -0.041552 0.038537
v -0.015822 -0.036815 0.037405
v -0.020888 -0.036640 0.034842
v -0.017872 -0.041552 0.038537
v 0.005638 -0.000202 0.038026
v 0.012399 -0.000160 0.035497
v 0.000113 0.007008 0.037680
v 0.004864 0.007993 0.037316
v 0.014679 0.009743 0.034697
v 0.004509 0.011917 0.037380
v 0.006296 0.014597 0.037097
v 0.000281 0.014531 0.037702
v -0.008247 0.001984 0.036791
v -0.003886 0.002249 0.037438
v -0.003420 0.004120 0.037490
v -0.003499 0.003284 0.037476
v -0.008247 0.001984 0.036791
v -0.008247 0.001984 0.036791
v 0.003390 0.002449 0.037468
v 0.009443 0.002006 0.036502
v -0.008465 0.004704 0.036753
v 0.008348 0.004738 0.036730
v 0.003185 0.003456 0.037486
v 0.009443 0.002006 0.036502
v 0.008348 0.004738 0.036730
v 0.003102 0.002835 0.037496
v -0.003821 0.004425 0.037449
v -0.008465 0.004704 0.036753
v 0.008348 0.004738 0.036730
v 0.003490 0.004354 0.037458
v 0.008535 -0.009289 0.036671
v 0.003545 -0.005191 0.037464
v 0.000893 -0.009089 0.037629
v -0.037649 0.006469 0.036772
v -0.036202 0.002642 0.037352
v 0.015979 -0.003227 0.036012
v 0.011213 -0.003521 0.037992
v 0.035704 -0.022949 0.037295
v 0.030172 -0.023103 0.038742
v 0.029135 -0.013793 0.034452
v 0.025796 -0.012833 0.036936
v 0.026501 -0.017384 0.036898
v 0.019879 -0.036747 0.035401
v 0.018239 -0.011533 0.036158
v 0.013092 -0.036790 0.038500
v 0.018239 -0.011533 0.036158
v 0.014321 -0.012072 0.037997
v 0.013092 -0.036790 0.038500
v 0.014529 0.000966 0.036838
v 0.010867 0.001331 0.038065
v -0.017365 -0.012156 0.036753
v -0.020888 -0.036640 0.034842
v -0.015822 -0.036815 0.037405
v -0.094150 -0.001779 0.037083
v -0.094161 -0.007788 0.036502
v -0.075109 0.003386 0.036991
v -0.075120 0.008591 0.036413
v -0.024873 -0.022795 0.035123
v -0.021690 -0.022638 0.037065
v 0.014318 -0.004236 0.036883
v 0.011213 -0.003521 0.037992
v -0.007955 -0.005179 0.036811
v -0.005138 -0.009221 0.037337
v -0.002273 -0.005220 0.037593
v 0.016685 0.011490 0.035764
v 0.013921 0.011245 0.037083
v 0.017578 0.011772 0.035082
v 0.013433 0.011425 0.037098
v 0.014513 0.000170 0.036604
v 0.011043 0.000251 0.038013
v -0.012487 -0.061674 0.035521
v -0.012487 -0.061674 0.035521
v -0.012487 -0.061674 0.035521
v -0.001871 -0.047865 0.037614
v -0.011641 -0.047882 0.035829
v -0.002639 -0.061656 0.037555
v -0.011641 -0.047882 0.035829
v -0.012487 -0.061674 0.035521
v -0.002639 -0.061656 0.037555
v 0.015542 0.009767 0.034686
v 0.008143 0.009725 0.038367
v 0.013082 -0.000129 0.035941
v 0.005682 -0.000170 0.038908
v 0.018239 -0.011533 0.036158
v 0.014289 -0.011487 0.037800
v 0.003059 0.026897 0.037000
v 0.000723 0.026018 0.037609
v 0.001087 0.026578 0.037271
v -0.002640 0.027488 0.036709
v -0.003030 0.026965 0.036969
v 0.000723 0.026018 0.037609
v 0.003336 0.016871 0.037536
v 0.009907 0.026136 0.036254
v 0.004474 0.026042 0.037329
v 0.025118 -0.025205 0.037689
v 0.026642 -0.025156 0.036701
v 0.014890 0.001564 0.036533
v 0.009941 0.001926 0.038042
v 0.014777 0.005863 0.036700
v 0.011524 0.005296 0.037892
v -0.004286 0.026631 0.037060
v -0.007962 0.027481 0.035996
v -0.014482 0.006050 0.036895
v -0.011685 0.005256 0.037933
v -0.092981 0.010914 0.036615
v -0.093902 0.005199 0.037287
v 0.014341 0.004984 0.036604
v 0.011524 0.005296 0.037892
v 0.008535 -0.009289 0.036671
v 0.009506 -0.005130 0.036414
v 0.003545 -0.005191 0.037464
v 0.014813 0.016420 0.036504
v 0.008221 0.016765 0.038484
v 0.038774 -0.025560 0.036662
v 0.038044 -0.024977 0.037551
v 0.023695 -0.041342 0.035112
v 0.019099 -0.041387 0.038060
v -0.014598 -0.003019 0.034767
v -0.015284 -0.003052 0.035346
v -0.015039 -0.003047 0.035376
v -0.012347 0.011785 0.036644
v -0.019718 0.011705 0.033987
v -0.014778 0.016740 0.034733
v -0.015440 0.016707 0.035166
v -0.009265 0.016742 0.038172
v -0.027340 -0.024954 0.035944
v -0.025198 -0.025033 0.037566
v -0.027052 -0.025388 0.036402
v -0.025163 -0.025322 0.037764
v -0.017422 0.011424 0.035609
v -0.013247 0.011184 0.037393
v -0.015851 0.010139 0.036362
v -0.013423 0.010837 0.037325
v -0.014996 0.015846 0.036709
v -0.011430 0.015089 0.038011
v -0.018386 0.016010 0.035209
v -0.016090 0.015483 0.036248
v -0.037681 -0.005966 0.037185
v -0.038023 -0.011420 0.036912
v 0.037352 -0.023351 0.036363
v 0.035835 -0.023278 0.037706
v -0.010356 0.006885 0.036756
v -0.016546 0.006784 0.035706
v 0.035670 -0.022609 0.036846
v 0.033060 -0.021254 0.035750
v 0.030172 -0.023103 0.038742
v -0.027952 -0.041658 0.035304
v -0.026794 -0.041642 0.033450
v -0.028883 -0.041665 0.035704
v -0.026433 -0.041663 0.038272
v -0.028883 -0.041665 0.035704
v -0.026999 -0.025650 0.036589
v -0.026433 -0.041663 0.038272
v -0.034578 -0.047910 0.015698
v -0.053863 0.002053 0.036623
v -0.038447 -0.005551 0.036845
v -0.036835 -0.000306 0.037365
v -0.014198 0.014806 0.036798
v -0.011430 0.015089 0.038011
v -0.009977 0.026021 0.036307
v -0.006022 0.016828 0.037281
v -0.004693 0.026105 0.037357
v -0.017628 -0.011820 0.036488
v -0.014317 -0.011187 0.037819
v -0.037649 0.006469 0.036772
v -0.053863 0.002053 0.036623
v -0.036835 -0.000306 0.037365
v 0.025927 -0.024741 0.036884
v 0.025194 -0.025021 0.037607
v -0.018804 0.001278 0.034976
v -0.014527 0.000933 0.036922
v 0.020159 0.009849 0.033630
v 0.012585 0.009845 0.037114
v -0.020875 -0.041472 0.036874
v -0.026794 -0.041642 0.033450
v -0.012703 0.011568 0.037346
v -0.017422 0.011424 0.035609
v -0.015851 0.010139 0.036362
v -0.011420 0.010083 0.037901
v 0.010609 0.006940 0.036132
v 0.005417 0.009648 0.037295
v 0.004984 0.006974 0.037293
v 0.010601 0.011880 0.036136
v 0.006296 0.014597 0.037097
v 0.004509 0.011917 0.037380
v 0.010892 -0.002941 0.036043
v 0.005436 -0.000232 0.037283
v 0.003273 -0.002889 0.037536
v -0.076748 -0.014348 0.035801
v -0.076748 -0.014348 0.035801
v -0.076694 -0.008976 0.037527
v -0.092489 -0.009303 0.037455
v -0.092489 -0.009303 0.037455
v -0.092424 -0.014608 0.035703
v -0.076729 0.009154 0.037470
v -0.092471 0.014202 0.035825
v -0.092473 0.010495 0.037086
v -0.076743 0.016055 0.035057
v -0.092471 0.014202 0.035825
v -0.076729 0.009154 0.037470
v -0.053863 0.002053 0.036623
v -0.053845 -0.007297 0.035960
v -0.038447 -0.005551 0.036845
v 0.037145 -0.022935 0.035971
v 0.035835 -0.022872 0.037092
v -0.015144 0.004748 0.034514
v -0.015773 0.004769 0.034720
v -0.015144 0.004748 0.034514
v -0.024560 -0.022548 0.035189
v -0.017965 0.017329 0.036761
v -0.021690 -0.022638 0.037065
v 0.009907 0.026136 0.036254
v 0.004041 0.026564 0.037078
v -0.015701 -0.003264 0.036163
v -0.017366 -0.003341 0.035559
v -0.014956 -0.004777 0.036586
v -0.017928 -0.005061 0.034958
v -0.038778 -0.010905 0.036441
v -0.038447 -0.005551 0.036845
v 0.011529 0.016815 0.035834
v 0.009907 0.026136 0.036254
v 0.003336 0.016871 0.037536
v -0.008168 -0.009397 0.037449
v -0.014279 -0.009477 0.034932
v -0.026336 -0.024642 0.036425
v -0.025176 -0.024790 0.037437
v -0.075062 -0.008928 0.036066
v -0.075100 -0.001980 0.037371
v -0.094138 0.005852 0.036723
v -0.094581 -0.001523 0.036395
v -0.017702 -0.000098 0.035173
v -0.013718 0.000143 0.037047
v -0.010850 -0.000220 0.036093
v -0.006190 -0.002935 0.037235
v -0.004163 -0.000273 0.037491
v -0.005942 0.014569 0.037214
v -0.010808 0.011839 0.036122
v -0.003707 0.011920 0.037549
v -0.016464 0.010027 0.035935
v -0.009549 0.009708 0.038243
v -0.010878 0.014600 0.036105
v -0.010808 0.011839 0.036122
v -0.005942 0.014569 0.037214
v 0.038293 -0.024858 0.036924
v 0.037874 -0.023858 0.036584
v -0.014792 -0.010761 0.037291
v -0.019111 -0.011140 0.035493
v -0.093768 0.012290 0.035713
v -0.094335 0.007627 0.036056
v -0.011839 0.001916 0.036887
v -0.016517 0.001903 0.033946
v -0.016626 0.005126 0.035878
v -0.011685 0.005256 0.037933
v -0.005018 0.007988 0.037359
v -0.010799 0.006899 0.036118
v -0.010869 0.009659 0.036101
v -0.010799 0.006899 0.036118
v -0.004361 0.009610 0.037478
v 0.018928 0.016718 0.034343
v 0.010912 0.016796 0.036530
v -0.019297 0.004830 0.034310
v -0.011532 0.005020 0.037777
v 0.018991 -0.010085 0.034493
v 0.014267 -0.010144 0.036732
v 0.018304 -0.010999 0.035651
v 0.014089 -0.010872 0.037663
v -0.008365 0.026936 0.036184
v -0.004693 0.026105 0.037357
v 0.015593 -0.003032 0.036055
v 0.010556 -0.002958 0.036629
v 0.009506 -0.005130 0.036414
v 0.015293 -0.005042 0.035471
v 0.027152 -0.025104 0.036107
v 0.028246 -0.041556 0.036561
v -0.038982 -0.018260 0.035635
v -0.039940 -0.041688 0.037820
v -0.053882 0.011709 0.034816
v -0.053863 0.002053 0.036623
v -0.037649 0.006469 0.036772
v 0.009797 0.026842 0.035853
v 0.002780 0.027501 0.036717
v 0.034048 -0.021337 0.035355
v 0.035670 -0.022609 0.036846
v 0.016497 0.001906 0.035555
v -0.038698 -0.011322 0.036456
v -0.039142 -0.013870 0.035818
v -0.018585 -0.010157 0.034854
v -0.014537 -0.010318 0.036961
v -0.007955 -0.005179 0.036811
v -0.014279 -0.009477 0.034932
v -0.005138 -0.009221 0.037337
v -0.040051 -0.010680 0.035827
v -0.038447 -0.005551 0.036845
v 0.010601 0.011880 0.036136
v 0.011390 0.014649 0.035864
v 0.006296 0.014597 0.037097
v -0.028580 -0.061146 0.036625
v -0.029160 -0.054449 0.036801
v -0.027943 -0.061199 0.036456
v -0.028538 -0.054507 0.036619
v -0.027947 -0.054449 0.036446
v -0.028796 -0.054165 0.036505
v 0.008348 0.004738 0.036730
v 0.014188 0.004823 0.035797
v -0.028800 -0.061498 0.036503
v -0.027943 -0.061199 0.036456
v -0.093266 -0.012778 0.035847
v -0.092489 -0.009303 0.037455
v -0.076748 -0.014348 0.035801
v -0.076080 -0.009080 0.037092
v -0.093273 0.012620 0.035892
v -0.092473 0.010495 0.037086
v -0.075884 0.009006 0.036864
v -0.075070 0.014388 0.034407
v -0.075811 0.014911 0.034770
v -0.076729 0.009154 0.037470
v -0.026467 -0.041462 0.033364
v -0.021478 -0.041430 0.036551
v 0.032565 -0.020312 0.035036
v 0.028186 -0.019531 0.036686
v 0.031407 -0.013369 0.031366
v -0.053895 0.002433 0.036090
v -0.053921 -0.001766 0.035242
v -0.053902 -0.001191 0.035626
v -0.053921 -0.001766 0.035242
v -0.053845 -0.007297 0.035960
v -0.053887 -0.007241 0.035217
v 0.014679 0.009743 0.034697
v 0.005417 0.009648 0.037295
v 0.010609 0.006940 0.036132
v -0.018749 -0.010617 0.035195
v -0.014991 -0.010455 0.036979
v -0.023069 0.020508 0.034641
v -0.037362 0.019809 0.031625
v -0.020041 0.018139 0.036626
v -0.037362 0.019809 0.031625
v -0.037095 0.015270 0.034045
v -0.020041 0.018139 0.036626
v -0.017928 -0.005061 0.034958
v -0.018062 0.009708 0.033152
v -0.010517 0.009678 0.036843
v -0.018071 0.014648 0.033156
v -0.013158 0.014651 0.036416
v -0.016041 0.011778 0.034420
v 0.012399 -0.000160 0.035497
v 0.005436 -0.000232 0.037283
v 0.010892 -0.002941 0.036043
v 0.019193 0.011213 0.034606
v 0.016184 0.011341 0.036086
v -0.015819 0.006825 0.034970
v -0.010643 -0.009756 0.037657
v -0.018585 -0.010157 0.034854
v -0.018043 -0.000172 0.033144
v -0.012267 -0.000182 0.036574
v -0.094291 -0.008370 0.035945
v -0.094581 -0.001523 0.036395
v -0.074632 -0.009032 0.035331
v -0.074965 -0.001146 0.036982
v 0.023695 -0.041342 0.035112
v 0.019879 -0.036747 0.035401
v 0.018876 -0.041216 0.037883
v -0.038942 -0.014234 0.035999
v -0.038023 -0.011420 0.036912
v 0.014054 0.010766 0.037020
v 0.019193 0.011213 0.034606
v -0.035701 -0.054457 0.030777
v -0.035902 -0.061222 0.030521
v -0.029188 -0.061212 0.036786
v -0.029160 -0.054449 0.036801
v -0.035701 -0.054457 0.030777
v -0.029188 -0.061212 0.036786
v -0.035902 -0.061222 0.030521
v -0.028982 -0.061461 0.036560
v -0.036051 -0.054266 0.030098
v -0.029160 -0.054449 0.036801
v -0.028966 -0.054198 0.036564
v -0.036828 -0.053964 0.028815
v -0.027499 -0.024057 0.034412
v -0.026183 -0.024530 0.036440
v 0.025865 -0.024321 0.036287
v 0.022177 -0.023920 0.037907
v -0.014295 -0.005138 0.034912
v -0.014279 -0.009477 0.034932
v -0.007955 -0.005179 0.036811
v 0.018619 0.010680 0.034916
v 0.014111 0.010304 0.036993
v 0.028462 -0.041518 0.031868
v 0.019281 -0.041550 0.038247
v 0.028246 -0.041556 0.036561
v 0.018558 0.006509 0.034923
v 0.014184 0.006500 0.036832
v 0.015218 0.005688 0.036512
v 0.018558 0.006509 0.034923
v 0.013841 0.010123 0.036983
v 0.018352 0.010333 0.035070
v 0.019250 0.001418 0.034577
v 0.014641 0.000905 0.036791
v 0.017974 0.000649 0.035217
v 0.014718 0.000447 0.036746
v 0.014153 0.015825 0.036984
v 0.018737 0.016176 0.034857
v -0.017823 0.011326 0.035421
v -0.013680 0.011141 0.037247
v 0.014549 0.014940 0.036595
v 0.019358 0.015206 0.034502
v -0.018658 0.016181 0.035000
v -0.014658 0.016250 0.036866
v -0.015350 -0.004149 0.036567
v -0.019261 -0.004664 0.034672
v -0.015568 0.010381 0.036462
v -0.018700 0.010342 0.034995
v -0.075968 -0.014387 0.035135
v -0.075457 -0.008999 0.036711
v 0.018958 0.015739 0.034725
v 0.013858 0.015239 0.037101
v 0.018799 0.016424 0.034634
v 0.014291 0.016293 0.036937
v -0.007768 -0.061573 0.020915
v -0.007768 -0.061573 0.020915
v -0.007768 -0.061573 0.020915
v 0.014594 0.000202 0.036597
v 0.017704 0.000347 0.035361
v -0.018848 0.010719 0.034937
v -0.013680 0.011141 0.037247
v 0.014049 -0.004544 0.037021
v 0.017009 -0.003616 0.035709
v -0.040938 -0.010855 0.035514
v -0.038447 -0.005551 0.036845
v -0.053845 -0.007297 0.035960
v -0.053936 0.010445 0.034275
v -0.053863 0.002053 0.036623
v -0.053975 0.009769 0.033841
v -0.053950 0.004726 0.035211
v -0.019372 0.004813 0.033568
v -0.020888 -0.036640 0.034842
v -0.026213 -0.041304 0.033268
v -0.021478 -0.041430 0.036551
v -0.018121 0.000121 0.035074
v -0.014091 0.000346 0.037097
v 0.014702 -0.004839 0.036514
v 0.018877 -0.004596 0.034756
v 0.018854 -0.004134 0.034763
v 0.014049 -0.004544 0.037021
v -0.016803 0.006647 0.035665
v -0.014213 0.006466 0.037014
v 0.001551 0.027989 0.035954
v -0.002640 0.027488 0.036709
v -0.019012 0.000936 0.034859
v -0.014091 0.000346 0.037097
v -0.018912 0.006227 0.034905
v -0.015915 0.005607 0.036306
v 0.019250 0.001418 0.034577
v 0.016263 0.001755 0.035771
v -0.013518 0.026015 0.035153
v -0.014778 0.016740 0.034733
v -0.009977 0.026021 0.036307
v -0.014778 0.016740 0.034733
v -0.006022 0.016828 0.037281
v -0.009977 0.026021 0.036307
v 0.018777 0.010163 0.034668
v 0.013421 0.009885 0.036998
v 0.018705 0.005934 0.034838
v 0.015495 0.005264 0.036396
v -0.043135 -0.041683 0.024171
v -0.039998 -0.047938 0.037593
v -0.040066 -0.041689 0.037861
v -0.040779 -0.041687 0.034493
v -0.040570 -0.041688 0.035498
v -0.040779 -0.041687 0.034493
v -0.043135 -0.041683 0.024171
v -0.042389 -0.041682 0.024262
v -0.040003 -0.041688 0.037839
v -0.040779 -0.041687 0.034493
v 0.039923 -0.047784 0.037707
v 0.046550 -0.041500 0.007059
v 0.039973 -0.041539 0.037652
v 0.021604 -0.012245 0.034326
v 0.018239 -0.011533 0.036158
v 0.019879 -0.036747 0.035401
v -0.016573 0.016558 0.035793
v -0.019239 0.016447 0.034602
v -0.023001 0.020799 0.034256
v -0.020041 0.018139 0.036626
v -0.047343 -0.047921 0.000237
v -0.043135 -0.041683 0.024171
v -0.046612 -0.047926 0.006506
v -0.039998 -0.047938 0.037593
v 0.033925 -0.047774 0.016584
v 0.047324 -0.047738 -0.000058
v 0.047008 -0.047742 0.003391
v 0.046550 -0.041500 0.007059
v 0.039923 -0.047784 0.037707
v -0.040803 -0.026724 0.029956
v -0.040779 -0.041687 0.034493
v -0.039940 -0.041688 0.037820
v -0.039190 -0.019644 0.035188
v -0.040803 -0.026724 0.029956
v -0.039940 -0.041688 0.037820
v 0.046550 -0.041500 0.007059
v 0.044632 -0.026518 0.010861
v 0.039973 -0.041539 0.037652
v 0.044632 -0.026518 0.010861
v 0.039015 -0.026356 0.036850
v 0.039973 -0.041539 0.037652
v -0.002052 0.027755 0.036238
v -0.007368 0.028300 0.034649
v -0.007533 0.027892 0.035338
v -0.002640 0.027488 0.036709
v 0.017992 0.000229 0.035069
v 0.014383 -0.000082 0.036454
v 0.026459 -0.024955 0.036652
v 0.027667 -0.024974 0.035500
v -0.021285 -0.012187 0.034625
v -0.020888 -0.036640 0.034842
v -0.017365 -0.012156 0.036753
v -0.018849 -0.009951 0.034207
v -0.008911 -0.009462 0.037697
v -0.014238 0.001510 0.036901
v -0.018804 0.001278 0.034976
v 0.016893 -0.061615 0.033652
v 0.016893 -0.061615 0.033652
v 0.008074 -0.047845 0.036788
v 0.008074 -0.047845 0.036788
v 0.007209 -0.061637 0.036962
v -0.001405 -0.061575 0.022232
v 0.007435 -0.061598 0.021632
v 0.007435 -0.061598 0.021632
v 0.007435 -0.061598 0.021632
v 0.007435 -0.061598 0.021632
v 0.007209 -0.061637 0.036962
v 0.007209 -0.061637 0.036962
v 0.016893 -0.061615 0.033652
v 0.016893 -0.061615 0.033652
v 0.014923 -0.047830 0.034486
v -0.028306 -0.061442 0.036387
v -0.022802 -0.061190 0.029944
v -0.023459 -0.054363 0.030644
v -0.027947 -0.054449 0.036446
v -0.027943 -0.061199 0.036456
v -0.022802 -0.061190 0.029944
v -0.023459 -0.054363 0.030644
v -0.027943 -0.061199 0.036456
v -0.023698 -0.054117 0.030523
v -0.027947 -0.054449 0.036446
v -0.023915 -0.053871 0.030375
v -0.028312 -0.054210 0.036375
v 0.030313 -0.016587 0.033920
v 0.026501 -0.017384 0.036898
v 0.028186 -0.019531 0.036686
v 0.016506 0.001933 0.034722
v 0.009443 0.002006 0.036502
v 0.014491 -0.009536 0.035497
v 0.008535 -0.009289 0.036671
v 0.015081 0.005118 0.036425
v 0.019130 0.005265 0.034615
v -0.018929 -0.011469 0.035692
v -0.021285 -0.012187 0.034625
v 0.016754 0.006903 0.033635
v 0.012860 0.006877 0.036463
v 0.030313 -0.016587 0.033920
v 0.029135 -0.013793 0.034452
v 0.026501 -0.017384 0.036898
v -0.019295 0.001475 0.034520
v -0.012535 0.001894 0.037279
v -0.017819 0.011516 0.035247
v -0.013068 0.011753 0.037073
v -0.019411 0.017955 0.036582
v -0.023057 0.021401 0.033524
v 0.027129 -0.023483 0.033994
v 0.022177 -0.023920 0.037907
v 0.021692 -0.011756 0.034091
v 0.018239 -0.011533 0.036158
v -0.010850 -0.000220 0.036093
v -0.014598 -0.003019 0.034767
v -0.006190 -0.002935 0.037235
v -0.035803 -0.061462 0.030252
v -0.028748 -0.061714 0.036354
v -0.023915 -0.053871 0.030375
v -0.023915 -0.053871 0.030375
v -0.036828 -0.053964 0.028815
v -0.036828 -0.053964 0.028815
v -0.036828 -0.053964 0.028815
v -0.028753 -0.053949 0.036348
v -0.027651 -0.025544 0.035637
v -0.028883 -0.041665 0.035704
v 0.009859 0.027516 0.035440
v 0.002276 0.027823 0.036191
v -0.093858 -0.011668 0.035705
v -0.094244 -0.017466 0.032823
v -0.074916 -0.015056 0.034007
v -0.075012 -0.009110 0.035939
v -0.009413 0.026609 0.036101
v -0.014807 0.027469 0.033785
v -0.013681 0.026431 0.034829
v -0.009977 0.026021 0.036307
v 0.018993 0.006600 0.034508
v 0.013535 0.006844 0.036917
v 0.029135 -0.013793 0.034452
v 0.025683 -0.012499 0.036852
v 0.044632 -0.026518 0.010861
v 0.038910 -0.025767 0.036565
v -0.074985 0.007784 0.036146
v -0.074657 0.014546 0.033143
v 0.042784 -0.025201 0.017485
v 0.038802 -0.025196 0.036319
v 0.029495 -0.013719 0.034035
v 0.025482 -0.012076 0.036798
v 0.036124 -0.022621 0.036371
v 0.034534 -0.021204 0.034833
v 0.017072 0.011808 0.034405
v 0.011300 0.011818 0.037562
v 0.016748 0.011843 0.033638
v 0.011027 0.011849 0.036796
v -0.022990 -0.061440 0.029783
v -0.028748 -0.061714 0.036354
v -0.035724 -0.061714 0.029947
v -0.023160 -0.061690 0.029601
v -0.023160 -0.061690 0.029601
v -0.023160 -0.061690 0.029601
v -0.023160 -0.061690 0.029601
v -0.028748 -0.061714 0.036354
v -0.019543 0.009808 0.033965
v -0.009549 0.009708 0.038243
v 0.014028 0.014713 0.035977
v 0.019452 0.014735 0.032255
v 0.020237 0.014761 0.032379
v 0.014870 0.014742 0.036325
v -0.008465 0.004704 0.036753
v -0.016517 0.001903 0.033946
v -0.008247 0.001984 0.036791
v 0.009443 0.002006 0.036502
v 0.014933 0.004807 0.034494
v 0.008348 0.004738 0.036730
v 0.013784 -0.000109 0.036031
v 0.019646 -0.000019 0.033935
v 0.019244 0.016736 0.033409
v 0.011529 0.016815 0.035834
v -0.037185 0.011891 0.035356
v -0.053882 0.011709 0.034816
v -0.037649 0.006469 0.036772
v 0.021953 0.006806 0.032515
v 0.016474 0.006882 0.034263
v 0.015746 -0.003009 0.035249
v 0.010892 -0.002941 0.036043
v 0.042203 -0.024621 0.019296
v 0.038359 -0.024545 0.036410
v -0.028314 -0.025259 0.034648
v -0.027291 -0.025185 0.036067
v -0.015393 0.003703 0.034391
v -0.008465 0.004704 0.036753
v 0.014967 0.026075 0.034424
v 0.009907 0.026136 0.036254
v 0.011529 0.016815 0.035834
v -0.019145 0.009731 0.032869
v -0.009549 0.009708 0.038243
v -0.014891 -0.009522 0.034825
v -0.008911 -0.009462 0.037697
v 0.008535 -0.009289 0.036671
v 0.015754 -0.009463 0.034183
v 0.009506 -0.005130 0.036414
v 0.015754 -0.009463 0.034183
v 0.017027 -0.005052 0.033624
v 0.009506 -0.005130 0.036414
v 0.025776 -0.024511 0.036815
v 0.027478 -0.024615 0.035182
v 0.019203 -0.009912 0.033932
v 0.014135 -0.009590 0.036147
v -0.039412 -0.010728 0.036036
v -0.039590 -0.013956 0.035459
v 0.028816 -0.041552 0.035228
v 0.028462 -0.041518 0.031868
v 0.027667 -0.024974 0.035500
v 0.028665 -0.041503 0.035735
v 0.042203 -0.024621 0.019296
v 0.039103 -0.023472 0.029495
v 0.028462 -0.041518 0.031868
v 0.023250 -0.041397 0.035440
v -0.027087 -0.024795 0.035955
v -0.027961 -0.024388 0.034495
v -0.094012 0.011678 0.035439
v -0.094563 0.016093 0.032787
v -0.094574 0.013050 -0.033747
v -0.094574 0.013050 -0.033747
v -0.094551 0.001309 -0.036226
v -0.094551 0.001309 -0.036226
v -0.094581 -0.001523 0.036395
v -0.094581 -0.001523 0.036395
v -0.094581 -0.001523 0.036395
v -0.094581 -0.001523 0.036395
v -0.094581 -0.001523 0.036395
v -0.094581 -0.001523 0.036395
v -0.094581 -0.001523 0.036395
v -0.094581 -0.001523 0.036395
v -0.094581 -0.001523 0.036395
v -0.094581 -0.001523 0.036395
v -0.094531 -0.012907 -0.033851
v -0.094531 -0.012907 -0.033851
v -0.094547 -0.023814 -0.027035
v -0.094547 -0.023814 -0.027035
v -0.094550 0.008011 0.035650
v -0.094550 0.008011 0.035650
v -0.094638 0.033109 -0.014734
v -0.094638 0.033109 -0.014734
v -0.094638 0.033109 -0.014734
v -0.094638 0.033109 -0.014734
v -0.094603 0.019266 -0.030587
v -0.094603 0.019266 -0.030587
v -0.094503 -0.033002 -0.015365
v -0.094503 -0.033002 -0.015365
v -0.094478 -0.036402 0.000918
v -0.094478 -0.036402 0.000918
v -0.094478 -0.035726 0.007308
v -0.094478 -0.035726 0.007308
v -0.094478 -0.035726 0.007308
v -0.074606 -0.001748 0.025148
v -0.074606 -0.001748 0.025148
v -0.074680 0.003023 0.036332
v -0.074680 0.003023 0.036332
v -0.074632 -0.009032 0.035331
v 0.010330 0.027853 0.034689
v 0.001186 0.028310 0.035454
v 0.039140 -0.023233 0.028461
v 0.037499 -0.023369 0.036207
v 0.022043 -0.011093 0.033628
v 0.018990 -0.010624 0.034955
v -0.019459 -0.004214 0.034554
v -0.015307 -0.003603 0.036588
v -0.018597 0.015731 0.035063
v -0.016301 0.015137 0.036163
v -0.017107 -0.003422 0.035690
v -0.019858 -0.003667 0.034333
v 0.031460 -0.013654 0.031781
v 0.025482 -0.012076 0.036798
v -0.027258 -0.023446 0.033809
v -0.024560 -0.022548 0.035189
v -0.019150 0.005816 0.034741
v -0.016207 0.005211 0.036203
v -0.018677 0.010093 0.034864
v -0.015851 0.010139 0.036362
v -0.092910 -0.014012 0.035602
v -0.093536 -0.019127 0.032816
v -0.092935 -0.019148 0.033180
v -0.092424 -0.014608 0.035703
v -0.076447 -0.017452 0.034313
v -0.075778 -0.015170 0.034673
v -0.092476 0.018848 0.033623
v -0.092910 0.013714 0.035712
v -0.076046 0.015666 0.034647
v -0.075510 0.018724 0.032797
v -0.019101 0.000352 0.034699
v -0.021204 0.000118 0.033395
v -0.074622 0.006469 0.024352
v -0.021555 0.014737 0.032977
v -0.015657 0.014974 0.036299
v -0.020254 0.015033 0.033992
v -0.016301 0.015137 0.036163
v -0.018043 -0.000172 0.033144
v -0.014598 -0.003019 0.034767
v -0.010850 -0.000220 0.036093
v -0.018062 0.009708 0.033152
v -0.015491 0.006853 0.034363
v -0.010869 0.009659 0.036101
v -0.015491 0.006853 0.034363
v -0.010799 0.006899 0.036118
v -0.010869 0.009659 0.036101
v -0.018071 0.014648 0.033156
v -0.015501 0.011793 0.034367
v -0.010878 0.014600 0.036105
v -0.015501 0.011793 0.034367
v -0.010808 0.011839 0.036122
v -0.010878 0.014600 0.036105
v -0.053827 -0.016553 0.032738
v -0.042247 -0.015632 0.033648
v -0.053845 -0.007297 0.035960
v -0.042247 -0.015632 0.033648
v -0.040938 -0.010855 0.035514
v -0.053845 -0.007297 0.035960
v -0.053889 -0.007402 0.035150
v -0.053827 -0.016553 0.032738
v -0.053990 0.014941 0.031923
v -0.053921 0.011149 0.034328
v 0.014967 0.026075 0.034424
v 0.009993 0.026807 0.035818
v -0.076447 -0.017452 0.034313
v -0.076748 -0.014348 0.035801
v -0.092424 -0.014608 0.035703
v -0.092407 -0.019294 0.033437
v -0.076447 -0.017452 0.034313
v -0.092424 -0.014608 0.035703
v -0.076743 0.016055 0.035057
v -0.092476 0.018848 0.033623
v -0.092471 0.014202 0.035825
v 0.028183 -0.041348 0.031815
v 0.023695 -0.041342 0.035112
v 0.026988 -0.022847 0.033551
v 0.022925 -0.022392 0.036218
v -0.018272 -0.004919 0.034920
v -0.015285 -0.004657 0.036598
v -0.040252 -0.010937 0.035713
v -0.040505 -0.014786 0.034634
v 0.012399 -0.000160 0.035497
v 0.019469 -0.000052 0.033160
v 0.032556 -0.019531 0.034218
v 0.030313 -0.016587 0.033920
v 0.028186 -0.019531 0.036686
v -0.027583 -0.022811 0.033050
v -0.024560 -0.022548 0.035189
v 0.019193 0.011213 0.034606
v 0.017451 0.011637 0.035251
v -0.028080 -0.024840 0.034677
v -0.027340 -0.024954 0.035944
v 0.035350 -0.021485 0.034239
v 0.037145 -0.022935 0.035971
v -0.024560 -0.022548 0.035189
v -0.023057 0.021401 0.033524
v -0.017965 0.017329 0.036761
v 0.019472 0.000106 0.034123
v 0.021895 0.000574 0.032949
v 0.033586 -0.021051 0.035226
v 0.032556 -0.019531 0.034218
v -0.019552 0.004972 0.034302
v -0.016207 0.005211 0.036203
v 0.024588 -0.011447 0.034419
v 0.027485 -0.022439 0.032857
v 0.022925 -0.022392 0.036218
v 0.018586 -0.003592 0.034881
v 0.021625 -0.003293 0.032998
v 0.014870 0.014742 0.036325
v 0.019726 0.015085 0.034106
v -0.093250 0.018549 0.033190
v -0.093768 0.012290 0.035713
v 0.014749 0.004819 0.035166
v 0.020166 0.004864 0.031735
v 0.020987 0.004892 0.031919
v 0.014014 0.004838 0.036611
v 0.039140 -0.023233 0.028461
v 0.035815 -0.021501 0.033373
v 0.037145 -0.022935 0.035971
v -0.037095 0.015270 0.034045
v -0.053882 0.011709 0.034816
v -0.037185 0.011891 0.035356
v -0.057447 -0.003787 0.034906
v -0.053921 -0.001766 0.035242
v -0.057487 -0.000162 0.035098
v -0.053921 -0.001766 0.035242
v -0.057092 0.000565 0.035075
v -0.053976 0.005144 0.034869
v -0.057451 0.003518 0.034941
v -0.053921 -0.001766 0.035242
v -0.016984 0.026014 0.033622
v -0.014778 0.016740 0.034733
v -0.013518 0.026015 0.035153
v -0.094446 -0.010935 0.034809
v -0.094244 -0.017466 0.032823
v -0.074887 0.014397 0.033868
v -0.075120 0.008591 0.036413
v 0.015364 0.026573 0.033933
v 0.009859 0.027516 0.035440
v 0.021895 0.000574 0.032949
v 0.018957 0.001060 0.034709
v 0.027960 -0.024908 0.034903
v 0.029092 -0.041553 0.034908
v 0.021625 -0.003293 0.032998
v 0.016298 -0.003311 0.035927
v -0.027624 -0.022440 0.032835
v -0.027624 -0.022440 0.032835
v -0.023057 0.021401 0.033524
v -0.023057 0.021401 0.033524
v -0.024560 -0.022548 0.035189
v 0.016754 0.006903 0.033635
v 0.014679 0.009743 0.034697
v 0.010609 0.006940 0.036132
v 0.016748 0.011843 0.033638
v 0.011390 0.014649 0.035864
v 0.010601 0.011880 0.036136
v -0.007738 0.027894 0.035291
v -0.015660 0.028261 0.031954
v -0.015022 0.027784 0.033098
v -0.007962 0.027481 0.035996
v 0.014982 -0.005029 0.036252
v 0.019231 -0.004685 0.034433
v 0.016925 -0.002978 0.033552
v 0.012399 -0.000160 0.035497
v 0.010892 -0.002941 0.036043
v 0.016779 0.001963 0.033636
v 0.014933 0.004807 0.034494
v 0.009443 0.002006 0.036502
v -0.038691 -0.016076 0.036201
v -0.039576 -0.018966 0.034641
v 0.018581 0.001584 0.034746
v 0.024137 0.001851 0.030951
v -0.024187 -0.011814 0.032608
v -0.020930 -0.011901 0.034711
v -0.017981 -0.005078 0.034286
v -0.018816 0.014675 0.033310
v -0.013921 0.014678 0.036838
v -0.040059 -0.018649 0.033919
v -0.038915 -0.015537 0.035944
v -0.074590 -0.009778 0.023232
v -0.074590 -0.009778 0.023232
v -0.074590 -0.009778 0.023232
v -0.074606 -0.001748 0.025148
v -0.074632 -0.009032 0.035331
v -0.074632 -0.009032 0.035331
v -0.074622 0.006469 0.024352
v -0.074622 0.006469 0.024352
v -0.074657 0.014546 0.033143
v -0.074657 0.014546 0.033143
v -0.074657 0.014546 0.033143
v -0.074680 0.003023 0.036332
v 0.024429 -0.036743 0.032382
v 0.019879 -0.036747 0.035401
v 0.023695 -0.041342 0.035112
v 0.027961 -0.041198 0.031749
v 0.024429 -0.036743 0.032382
v 0.023695 -0.041342 0.035112
v -0.018001 -0.000139 0.033954
v -0.017685 -0.000128 0.034469
v -0.012970 -0.000157 0.037055
v 0.016925 -0.002978 0.033552
v 0.019461 -0.000085 0.032247
v 0.012399 -0.000160 0.035497
v 0.016748 0.011843 0.033638
v 0.019452 0.014735 0.032255
v 0.011390 0.014649 0.035864
v -0.014694 0.026882 0.034157
v -0.016984 0.026014 0.033622
v -0.017189 0.001876 0.034097
v -0.012535 0.001894 0.037279
v 0.014014 0.004838 0.036611
v 0.019547 0.005161 0.034162
v -0.093963 -0.018012 0.032872
v -0.093721 -0.012349 0.035735
v -0.094345 0.016698 0.032874
v -0.093768 0.012290 0.035713
v 0.018986 0.005817 0.034686
v 0.022052 0.006246 0.032829
v -0.040938 -0.010855 0.035514
v -0.040977 -0.014983 0.034339
v -0.057447 -0.003787 0.034906
v -0.053929 -0.007387 0.034446
v -0.053921 -0.001766 0.035242
v -0.057501 0.006880 0.034417
v -0.057451 0.003518 0.034941
v -0.053976 0.005144 0.034869
v -0.057475 -0.007193 0.034349
v -0.053929 -0.007387 0.034446
v -0.057447 -0.003787 0.034906
v -0.057451 0.003518 0.034941
v -0.057863 -0.000437 0.034851
v -0.058239 -0.001460 0.034600
v -0.057447 -0.003787 0.034906
v -0.040011 -0.014644 0.035013
v -0.040059 -0.018649 0.033919
v -0.018923 -0.010692 0.035165
v -0.024187 -0.011814 0.032608
v -0.019079 -0.061684 0.032357
v -0.011641 -0.047882 0.035829
v -0.019106 -0.047894 0.032368
v -0.012487 -0.061674 0.035521
v -0.019106 -0.047894 0.032368
v -0.019079 -0.061684 0.032357
v -0.012487 -0.061674 0.035521
v 0.020451 0.016760 0.031601
v 0.014967 0.026075 0.034424
v 0.011529 0.016815 0.035834
v 0.027985 -0.024527 0.034343
v 0.027667 -0.024974 0.035500
v 0.024896 -0.012160 0.031992
v 0.021961 -0.011600 0.033857
v -0.042011 -0.015676 0.033688
v -0.040938 -0.010855 0.035514
v -0.022962 0.016076 0.032416
v -0.018956 0.016272 0.034809
v -0.018941 0.010764 0.034890
v -0.022700 0.010245 0.032578
v -0.023092 -0.010858 0.032575
v -0.018585 -0.010157 0.034854
v -0.058114 -0.006824 0.033977
v -0.057447 -0.003787 0.034906
v -0.057955 -0.003364 0.034612
v -0.058919 -0.006800 0.033438
v -0.058080 0.003919 0.034443
v -0.058742 -0.001692 0.034304
v -0.058319 0.005670 0.034056
v -0.057451 0.003518 0.034941
v -0.022700 0.010245 0.032578
v -0.018719 0.010074 0.034830
v -0.040533 -0.018296 0.033590
v -0.040505 -0.014786 0.034634
v -0.005020 0.028345 0.030245
v -0.005020 0.028345 0.030245
v -0.007368 0.028300 0.034649
v -0.007368 0.028300 0.034649
v 0.001186 0.028310 0.035454
v 0.001186 0.028310 0.035454
v 0.004309 0.028363 0.030340
v 0.004309 0.028363 0.030340
v 0.004309 0.028363 0.030340
v -0.023637 -0.003174 0.031510
v -0.019356 -0.003554 0.034534
v -0.019162 0.011317 0.034646
v -0.017422 0.011424 0.035609
v -0.041218 -0.041680 0.024873
v -0.040853 -0.024857 0.028837
v -0.040835 -0.041680 0.025287
v -0.040779 -0.041687 0.034493
v -0.040825 -0.025975 0.029488
v -0.040779 -0.041687 0.034493
v 0.016893 -0.061615 0.033652
v 0.022025 -0.047813 0.030526
v 0.014923 -0.047830 0.034486
v 0.024429 -0.036743 0.032382
v 0.024896 -0.012160 0.031992
v 0.019879 -0.036747 0.035401
v 0.024896 -0.012160 0.031992
v 0.021604 -0.012245 0.034326
v 0.019879 -0.036747 0.035401
v -0.057475 -0.007193 0.034349
v -0.053919 -0.012003 0.033158
v -0.053929 -0.007387 0.034446
v -0.057142 0.007567 0.034250
v -0.053976 0.005144 0.034869
v -0.053975 0.009769 0.033841
v -0.057460 0.010280 0.033577
v -0.053976 0.005144 0.034869
v 0.016965 0.027419 0.032737
v 0.011039 0.028003 0.034209
v -0.057091 -0.009786 0.033689
v -0.053919 -0.012003 0.033158
v -0.018434 0.006391 0.035015
v -0.022585 0.006442 0.032585
v 0.033440 -0.019744 0.033651
v 0.034534 -0.021204 0.034833
v -0.027604 -0.023985 0.034142
v -0.028010 -0.023856 0.033265
v -0.021291 -0.003085 0.031140
v -0.015501 0.011793 0.034367
v -0.019703 0.011724 0.033219
v -0.016136 0.016689 0.035139
v -0.019862 0.016689 0.032055
v -0.019862 0.016689 0.032055
v -0.016124 0.006818 0.034959
v -0.020282 0.006809 0.031783
v -0.016791 -0.003235 0.035691
v -0.023637 -0.003174 0.031510
v -0.020767 0.001637 0.033525
v -0.018804 0.001278 0.034976
v -0.076726 -0.020620 0.032582
v -0.076447 -0.017452 0.034313
v -0.092407 -0.019294 0.033437
v -0.076815 0.020723 0.032486
v -0.092476 0.018848 0.033623
v -0.076743 0.016055 0.035057
v 0.020451 0.016760 0.031601
v 0.020102 0.026084 0.031698
v 0.014967 0.026075 0.034424
v -0.020888 -0.036640 0.034842
v -0.025577 -0.036813 0.031537
v -0.026213 -0.041304 0.033268
v -0.041322 -0.015632 0.033967
v -0.040941 -0.018156 0.033258
v -0.024335 0.016583 0.030904
v -0.018594 0.016518 0.034830
v 0.031552 -0.013931 0.032134
v 0.029135 -0.013793 0.034452
v 0.030313 -0.016587 0.033920
v -0.023040 0.006546 0.032044
v -0.016546 0.006784 0.035706
v -0.094565 -0.011495 0.034377
v -0.094565 -0.011495 0.034377
v -0.094563 0.016093 0.032787
v -0.094563 0.016093 0.032787
v 0.022149 -0.010778 0.033174
v 0.018991 -0.010085 0.034493
v 0.024137 0.001851 0.030951
v 0.023107 0.001895 0.030509
v 0.023464 0.001886 0.030442
v 0.024137 0.001851 0.030951
v 0.016779 0.001963 0.033636
v 0.016755 0.001937 0.034425
v -0.028857 -0.024669 0.032564
v -0.028314 -0.025259 0.034648
v 0.028136 -0.023881 0.032981
v 0.027873 -0.024160 0.033956
v -0.059075 0.005360 0.033604
v -0.059154 -0.001460 0.033650
v 0.020102 0.026084 0.031698
v 0.016732 0.026970 0.033070
v -0.030132 -0.041665 0.031851
v 0.020166 0.004864 0.031735
v 0.014933 0.004807 0.034494
v 0.016779 0.001963 0.033636
v -0.058722 -0.011845 0.032228
v -0.057786 -0.010647 0.033209
v -0.057475 -0.007193 0.034349
v -0.058221 -0.007126 0.033842
v -0.057460 0.010280 0.033577
v -0.057960 0.006656 0.034124
v -0.024187 -0.011814 0.032608
v -0.020888 -0.036640 0.034842
v -0.021285 -0.012187 0.034625
v 0.020393 -0.009635 0.032212
v 0.014135 -0.009590 0.036147
v 0.022527 -0.009621 0.030090
v 0.015295 -0.009512 0.034817
v -0.093615 0.021751 0.031051
v -0.093314 0.018803 0.033005
v -0.075988 0.019162 0.032847
v -0.076743 0.016055 0.035057
v -0.028883 -0.041665 0.035704
v -0.028624 -0.025157 0.033611
v 0.019850 0.010008 0.033921
v 0.023429 0.010413 0.031875
v -0.053902 -0.012471 0.033190
v -0.053929 -0.007387 0.034446
v -0.059114 -0.001658 0.033703
v -0.058919 -0.006800 0.033438
v 0.022106 0.011808 0.030381
v 0.022883 0.011783 0.030553
v 0.017229 0.011809 0.034265
v 0.017578 0.011772 0.035082
v 0.022121 0.006868 0.030373
v 0.021849 0.006834 0.031687
v 0.022278 0.006841 0.031070
v 0.016754 0.006903 0.033635
v 0.023324 0.011259 0.031968
v 0.018722 0.011410 0.034712
v 0.021982 0.006520 0.032689
v 0.018558 0.006509 0.034923
v 0.019646 -0.000019 0.033935
v 0.022055 0.000404 0.032709
v -0.023111 0.021083 0.033931
v -0.026610 0.024318 0.030574
v -0.026922 0.024178 0.030870
v -0.023069 0.020508 0.034641
v -0.037362 0.019809 0.031625
v -0.053882 0.011709 0.034816
v -0.037095 0.015270 0.034045
v 0.023324 0.011259 0.031968
v 0.018915 0.010862 0.034754
v 0.023350 0.010838 0.031938
v 0.018352 0.010333 0.035070
v 0.022128 0.000890 0.032776
v 0.019250 0.001418 0.034577
v 0.023421 0.016280 0.031854
v 0.018863 0.016467 0.034566
v 0.023281 -0.003038 0.030167
v 0.022271 -0.003013 0.030262
v 0.016670 -0.002997 0.034254
v 0.015593 -0.003032 0.036055
v 0.022778 0.014991 0.032054
v 0.019358 0.015206 0.034502
v -0.030132 -0.041665 0.031851
v -0.028956 -0.024886 0.032471
v -0.028883 -0.041665 0.035704
v 0.021925 -0.003404 0.032808
v 0.018906 -0.003647 0.034734
v -0.024187 -0.011814 0.032608
v -0.025577 -0.036813 0.031537
v -0.020888 -0.036640 0.034842
v 0.021554 -0.004721 0.032949
v 0.018877 -0.004596 0.034756
v 0.023421 0.016280 0.031854
v 0.019139 0.015644 0.034623
v -0.037362 0.019809 0.031625
v -0.053900 0.021194 0.029955
v -0.053882 0.011709 0.034816
v -0.053958 0.019951 0.029755
v -0.053882 0.011709 0.034816
v -0.054003 0.019186 0.029513
v -0.053969 0.014625 0.032317
v 0.023673 0.011451 0.031472
v 0.017578 0.011772 0.035082
v -0.019210 -0.009883 0.033826
v -0.022705 -0.010339 0.032427
v -0.058137 0.010566 0.032965
v -0.059075 0.005360 0.033604
v 0.023066 0.001524 0.031984
v 0.019250 0.001418 0.034577
v 0.011381 0.028311 0.033593
v 0.011381 0.028311 0.033593
v -0.021022 0.004790 0.031323
v -0.016517 0.001903 0.033946
v -0.015144 0.004748 0.034514
v 0.022257 0.005841 0.032664
v 0.019130 0.005265 0.034615
v 0.031407 -0.013369 0.031366
v 0.025168 -0.011633 0.035149
v -0.075432 -0.021952 0.030756
v -0.075865 -0.016800 0.034054
v -0.076371 -0.020753 0.032224
v -0.076447 -0.017452 0.034313
v 0.018926 -0.004108 0.034723
v 0.023512 -0.003659 0.031799
v 0.028399 -0.024300 0.033022
v 0.028255 -0.024786 0.034295
v -0.028153 -0.024770 0.034474
v -0.028776 -0.024448 0.032605
v -0.028210 -0.024069 0.033214
v -0.027961 -0.024388 0.034495
v -0.053990 0.014941 0.031923
v -0.053990 0.014941 0.031923
v -0.057460 0.010280 0.033577
v -0.057460 0.010280 0.033577
v -0.053975 0.009769 0.033841
v -0.019770 -0.005100 0.032070
v -0.014279 -0.009477 0.034932
v -0.014295 -0.005138 0.034912
v -0.027262 0.024075 0.031126
v -0.037362 0.019809 0.031625
v -0.023069 0.020508 0.034641
v -0.019770 -0.005100 0.032070
v -0.019934 -0.009634 0.031938
v -0.014279 -0.009477 0.034932
v 0.022670 0.005113 0.032142
v 0.019130 0.005265 0.034615
v -0.018043 -0.000172 0.033144
v -0.021291 -0.003085 0.031140
v -0.014598 -0.003019 0.034767
v 0.022113 -0.003229 0.032452
v 0.015593 -0.003032 0.036055
v 0.027328 -0.022913 0.033268
v 0.028136 -0.023881 0.032981
v -0.018071 0.014648 0.033156
v -0.020278 0.011745 0.031796
v -0.015501 0.011793 0.034367
v -0.021606 0.026058 0.030899
v -0.019862 0.016689 0.032055
v -0.016984 0.026014 0.033622
v -0.019862 0.016689 0.032055
v -0.014778 0.016740 0.034733
v -0.016984 0.026014 0.033622
v -0.021773 0.014887 0.032925
v -0.019925 0.015156 0.034305
v -0.026610 0.024318 0.030574
v 0.035083 -0.021157 0.033911
v 0.034095 -0.019465 0.032544
v -0.057426 -0.014016 0.032179
v -0.053919 -0.012003 0.033158
v -0.057428 -0.010474 0.033509
v -0.057484 0.013850 0.032257
v -0.023251 -0.003526 0.031991
v -0.019858 -0.003667 0.034333
v -0.019669 -0.004104 0.034436
v -0.023187 -0.004498 0.032188
v -0.019589 0.015419 0.034496
v -0.023181 0.015270 0.032234
v -0.023104 -0.004103 0.032237
v -0.019858 -0.003667 0.034333
v -0.022871 0.010633 0.032443
v -0.019082 0.011141 0.034841
v -0.023037 0.015699 0.032348
v -0.018386 0.016010 0.035209
v -0.023860 0.000488 0.031683
v -0.020924 0.000240 0.033597
v -0.018062 0.009708 0.033152
v -0.020282 0.006809 0.031783
v -0.015491 0.006853 0.034363
v 0.029248 -0.041532 0.031947
v 0.029092 -0.041553 0.034908
v 0.028255 -0.024786 0.034295
v 0.030378 -0.041548 0.031470
v 0.029092 -0.041553 0.034908
v -0.023541 0.011278 0.031814
v -0.019082 0.011141 0.034841
v -0.019142 0.000859 0.034788
v -0.023860 0.000488 0.031683
v 0.032556 -0.019531 0.034218
v 0.033142 -0.016967 0.031534
v 0.030313 -0.016587 0.033920
v -0.039633 -0.019229 0.034512
v -0.040803 -0.026724 0.029956
v -0.023116 0.005294 0.032244
v -0.019712 0.005528 0.034408
v -0.022737 0.005960 0.032487
v -0.018912 0.006227 0.034905
v -0.059136 -0.007281 0.032874
v -0.059534 -0.001402 0.033051
v -0.059321 0.005451 0.032998
v -0.059534 -0.001402 0.033051
v 0.029749 -0.041537 0.031506
v 0.033311 -0.041530 0.027055
v -0.019496 0.011469 0.034315
v -0.024644 0.011635 0.030755
v -0.022856 0.000997 0.032415
v -0.018804 0.001278 0.034976
v 0.021706 -0.004877 0.032549
v 0.014982 -0.005029 0.036252
v -0.023251 0.016247 0.032028
v -0.019239 0.016447 0.034602
v -0.023465 -0.004682 0.031813
v -0.019261 -0.004664 0.034672
v -0.024255 -0.005014 0.030942
v -0.018773 -0.004829 0.034749
v -0.016381 0.026586 0.033545
v -0.021088 0.027460 0.030281
v -0.021258 0.026727 0.030663
v -0.016984 0.026014 0.033622
v 0.019369 0.009831 0.033560
v 0.025535 0.009916 0.029667
v -0.059279 -0.009882 0.031893
v -0.058919 -0.006800 0.033438
v -0.023022 0.010098 0.032163
v -0.018703 0.009819 0.034693
v -0.075381 0.018039 0.032918
v -0.075111 0.023513 0.029039
v 0.023350 -0.004034 0.031920
v 0.018877 -0.004596 0.034756
v 0.019695 -0.000052 0.032944
v 0.023338 0.000032 0.031580
v 0.027455 -0.023693 0.033869
v 0.028136 -0.023881 0.032981
v -0.023116 0.005294 0.032244
v -0.019714 0.005023 0.034259
v 0.023624 -0.010157 0.031415
v 0.019764 -0.009808 0.033319
v -0.027736 -0.023508 0.033323
v -0.027159 -0.023686 0.034147
v -0.020623 0.000054 0.033608
v -0.025453 -0.000073 0.029908
v 0.028458 -0.024722 0.033573
v 0.030378 -0.041548 0.031470
v 0.033142 -0.016967 0.031534
v 0.031552 -0.013931 0.032134
v 0.030313 -0.016587 0.033920
v 0.016438 -0.005041 0.034512
v 0.026681 -0.004897 0.028684
v -0.041147 -0.017819 0.033207
v -0.041192 -0.020510 0.031420
v 0.028517 -0.024342 0.032818
v 0.029268 -0.024448 0.031579
v -0.058223 -0.011711 0.032574
v -0.057426 -0.014016 0.032179
v -0.058391 0.012293 0.032192
v -0.057460 0.010280 0.033577
v 0.033491 -0.019227 0.032989
v 0.033142 -0.016967 0.031534
v 0.023455 0.015780 0.031823
v 0.019358 0.015206 0.034502
v 0.024588 -0.011447 0.034419
v 0.029745 -0.012910 0.030036
v 0.027485 -0.022439 0.032857
v -0.006195 -0.051658 0.032549
v -0.000287 -0.045433 0.033115
v 0.001919 -0.051643 0.033071
v 0.000117 -0.051721 0.022336
v 0.000117 -0.051721 0.022336
v -0.006195 -0.051658 0.032549
v -0.006195 -0.051658 0.032549
v -0.006195 -0.051658 0.032549
v 0.001919 -0.051643 0.033071
v 0.022527 -0.009621 0.030090
v 0.017027 -0.005052 0.033624
v 0.015754 -0.009463 0.034183
v -0.053827 -0.016553 0.032738
v -0.042347 -0.019995 0.031198
v -0.042247 -0.015632 0.033648
v 0.003795 -0.044394 0.032885
v 0.001919 -0.051643 0.033071
v -0.000287 -0.045433 0.033115
v -0.094507 -0.031790 0.017748
v -0.074632 0.011856 0.022126
v -0.074632 0.011856 0.022126
v -0.006195 -0.051658 0.032549
v -0.003609 -0.044476 0.032903
v -0.000287 -0.045433 0.033115
v -0.075043 -0.021662 0.030191
v -0.074916 -0.015056 0.034007
v 0.022517 0.001925 0.030096
v 0.020166 0.004864 0.031735
v 0.016779 0.001963 0.033636
v -0.041808 -0.020166 0.031338
v -0.041781 -0.015740 0.033720
v -0.042014 -0.015696 0.033678
v -0.042347 -0.019995 0.031198
v 0.025097 -0.011873 0.031675
v 0.022043 -0.011093 0.033628
v -0.004485 -0.044004 0.032779
v -0.006195 -0.051658 0.032549
v 0.008948 -0.051629 0.031848
v 0.008948 -0.051629 0.031848
v 0.008981 -0.051678 0.020429
v 0.008981 -0.051678 0.020429
v 0.001919 -0.051643 0.033071
v 0.008981 -0.051678 0.020429
v 0.000117 -0.051721 0.022336
v 0.001919 -0.051643 0.033071
v 0.003795 -0.044394 0.032885
v 0.008948 -0.051629 0.031848
v 0.001919 -0.051643 0.033071
v -0.022091 -0.003120 0.031383
v -0.015774 -0.003082 0.035990
v -0.020276 0.011726 0.032519
v -0.020278 0.011745 0.031796
v -0.024644 0.011635 0.030755
v -0.024620 0.011655 0.030015
v -0.020458 0.016665 0.032167
v -0.016782 0.016655 0.035640
v -0.020988 0.006785 0.031826
v -0.016546 0.006784 0.035706
v -0.040494 -0.018443 0.033578
v -0.040803 -0.026724 0.029956
v 0.016925 -0.002978 0.033552
v 0.022271 -0.003013 0.030262
v 0.019461 -0.000085 0.032247
v 0.016748 0.011843 0.033638
v 0.022106 0.011808 0.030381
v 0.019452 0.014735 0.032255
v 0.022121 0.006868 0.030373
v 0.022950 0.009837 0.029761
v 0.014679 0.009743 0.034697
v 0.016399 0.007773 0.033790
v 0.022121 0.006868 0.030373
v 0.023836 0.009866 0.029794
v 0.014679 0.009743 0.034697
v -0.024255 -0.005014 0.030942
v -0.019613 -0.005084 0.032731
v -0.025453 -0.000073 0.029908
v -0.053864 -0.016719 0.032018
v -0.053919 -0.012003 0.033158
v 0.028556 -0.036725 0.028827
v 0.024429 -0.036743 0.032382
v 0.027961 -0.041198 0.031749
v 0.017199 0.027695 0.031992
v 0.011381 0.028311 0.033593
v 0.006736 -0.041171 0.032399
v 0.008948 -0.051629 0.031848
v 0.003795 -0.044394 0.032885
v 0.030359 -0.013079 0.030711
v 0.024588 -0.011447 0.034419
v -0.006195 -0.051658 0.032549
v -0.006074 -0.042334 0.032529
v -0.094336 -0.016522 0.032832
v -0.094503 -0.023615 0.027860
v -0.074850 0.014511 0.033711
v -0.075111 0.023513 0.029039
v -0.019483 -0.009670 0.032812
v -0.014279 -0.009477 0.034932
v -0.015484 0.027940 0.032601
v -0.021088 0.027460 0.030281
v -0.059035 -0.011215 0.031871
v -0.059411 -0.015998 0.029251
v 0.026970 -0.011263 0.029874
v 0.023457 -0.010478 0.031875
v -0.059138 0.011867 0.031826
v -0.059350 0.005619 0.032901
v -0.076663 -0.025118 0.029269
v -0.076726 -0.020620 0.032582
v -0.092407 -0.019294 0.033437
v -0.092406 -0.024041 0.030163
v -0.076663 -0.025118 0.029269
v -0.092407 -0.019294 0.033437
v -0.076815 0.020723 0.032486
v -0.092489 0.023681 0.030361
v -0.092476 0.018848 0.033623
v -0.076760 0.025244 0.029111
v -0.092489 0.023681 0.030361
v -0.076815 0.020723 0.032486
v 0.035815 -0.021501 0.033373
v 0.036904 -0.020437 0.028659
v 0.034095 -0.019465 0.032544
v -0.026493 -0.003639 0.029545
v -0.023478 -0.003406 0.031757
v -0.006617 -0.034173 -0.035381
v -0.006963 -0.034769 0.032368
v -0.011429 -0.034616 -0.030993
v -0.006965 -0.034751 -0.032165
v -0.006963 -0.034769 0.032368
v -0.011056 -0.034667 0.031297
v -0.011429 -0.034616 -0.030993
v -0.006963 -0.034769 0.032368
v 0.006875 -0.034685 -0.032167
v 0.007895 -0.034693 0.032098
v 0.028070 -0.023557 0.032820
v 0.029268 -0.024448 0.031579
v 0.023074 0.000210 0.031867
v 0.026182 0.000580 0.029629
v -0.007768 -0.061573 0.020915
v -0.019079 -0.061684 0.032357
v -0.022942 -0.061417 0.029804
v -0.019079 -0.061684 0.032357
v -0.019106 -0.047894 0.032368
v -0.022758 -0.053827 0.029948
v -0.019079 -0.061684 0.032357
v -0.022758 -0.053827 0.029948
v -0.022802 -0.061190 0.029944
v -0.019079 -0.061684 0.032357
v -0.022922 -0.053556 0.029826
v -0.019106 -0.047894 0.032368
v -0.025367 -0.047902 0.027808
v -0.023096 -0.053318 0.029699
v -0.019106 -0.047894 0.032368
v -0.024088 0.000431 0.031466
v -0.021204 0.000118 0.033395
v -0.025678 0.001476 0.030043
v -0.022521 0.001247 0.032676
v 0.026287 0.006261 0.029535
v 0.022018 0.006529 0.032658
v -0.013912 0.028330 0.027366
v -0.013912 0.028330 0.027366
v -0.013912 0.028330 0.027366
v -0.015660 0.028261 0.031954
v -0.015660 0.028261 0.031954
v -0.007368 0.028300 0.034649
v -0.013912 0.028330 0.027366
v -0.023865 -0.011344 0.032424
v -0.026933 -0.011874 0.030356
v -0.092971 -0.019271 0.033085
v -0.092406 -0.024041 0.030163
v -0.093210 0.022196 0.030971
v -0.092476 0.018848 0.033623
v 0.023650 0.010260 0.031517
v 0.020159 0.009849 0.033630
v -0.029678 -0.024684 0.031236
v -0.028641 -0.024315 0.032684
v -0.024066 -0.004857 0.031215
v -0.026698 -0.004781 0.029216
v -0.022096 0.001423 0.032809
v -0.025415 0.001714 0.030134
v -0.006195 -0.051658 0.032549
v -0.007154 -0.040025 0.032319
v -0.029678 -0.024684 0.031236
v -0.028898 -0.024696 0.032497
v 0.007053 -0.040209 0.032326
v 0.008948 -0.051629 0.031848
v 0.028962 -0.024551 0.032221
v 0.030378 -0.041548 0.031470
v 0.025925 0.001266 0.029828
v 0.024007 0.001701 0.031141
v -0.024160 0.006617 0.031051
v -0.026427 0.006193 0.029623
v -0.025744 0.000120 0.029899
v -0.021204 0.000118 0.033395
v 0.007763 -0.034966 0.032149
v 0.007480 -0.038216 0.032230
v 0.022508 0.001075 0.032508
v 0.025925 0.001266 0.029828
v 0.025917 0.006552 0.029574
v 0.021953 0.006806 0.032515
v -0.007547 -0.038358 0.032232
v -0.011056 -0.034667 0.031297
v -0.006963 -0.034769 0.032368
v 0.008049 -0.037062 0.032084
v 0.008948 -0.051629 0.031848
v 0.025852 -0.003363 0.029831
v 0.023216 -0.003553 0.031956
v -0.006195 -0.051658 0.032549
v -0.011056 -0.034667 0.031297
v -0.007547 -0.038358 0.032232
v -0.026427 0.006193 0.029623
v -0.022952 0.005808 0.032339
v 0.026025 0.000939 0.029750
v 0.021895 0.000574 0.032949
v -0.026009 0.005237 0.029823
v -0.023116 0.005294 0.032244
v -0.026727 -0.011178 0.029902
v -0.022705 -0.010339 0.032427
v -0.026533 -0.041481 0.033349
v -0.030549 -0.041443 0.029382
v -0.026504 0.004903 0.029108
v -0.022664 0.005170 0.032375
v 0.026654 0.011188 0.029201
v 0.023410 0.010833 0.031894
v 0.026506 0.010806 0.029326
v 0.023429 0.010413 0.031875
v 0.022858 -0.004489 0.032175
v 0.026278 -0.004376 0.029562
v 0.019598 0.026531 0.031685
v 0.022602 0.027546 0.028917
v 0.026146 0.005828 0.029659
v 0.022771 0.005285 0.032288
v 0.026287 0.006261 0.029535
v 0.022534 0.005699 0.032464
v -0.092939 -0.024166 0.029633
v -0.093536 -0.019127 0.032816
v -0.076663 -0.025118 0.029269
v -0.075886 -0.021795 0.031171
v -0.076266 0.020132 0.032439
v -0.075111 0.023513 0.029039
v -0.075846 0.024056 0.029240
v -0.076815 0.020723 0.032486
v -0.059588 0.005700 0.032330
v -0.059605 -0.002454 0.025086
v -0.059534 -0.001402 0.033051
v 0.025325 -0.061594 0.027852
v 0.022025 -0.047813 0.030526
v 0.016893 -0.061615 0.033652
v 0.025325 -0.061594 0.027852
v 0.025325 -0.061594 0.027852
v 0.026418 -0.004605 0.029206
v 0.021273 -0.004853 0.033076
v -0.074636 -0.021490 0.029517
v -0.074831 -0.014134 0.033992
v 0.027470 0.016660 0.027903
v 0.022854 0.016400 0.032026
v 0.025858 -0.003231 0.029665
v 0.021625 -0.003293 0.032998
v -0.027645 -0.022829 0.032997
v -0.029945 -0.024503 0.030851
v 0.029514 -0.024364 0.031252
v 0.027485 -0.022439 0.032857
v 0.022693 0.005112 0.032123
v 0.026083 0.005473 0.029720
v -0.041108 -0.020077 0.031796
v -0.040853 -0.024857 0.028837
v -0.029678 -0.024684 0.031236
v -0.027875 -0.023582 0.033202
v 0.026542 0.015470 0.029262
v 0.023553 0.015740 0.031749
v -0.059620 0.005782 0.024532
v -0.059620 0.005782 0.024532
v -0.059605 -0.002454 0.025086
v -0.059605 -0.002454 0.025086
v -0.059588 0.005700 0.032330
v -0.059588 0.005700 0.032330
v 0.028556 -0.036725 0.028827
v 0.029262 -0.012483 0.028068
v 0.024429 -0.036743 0.032382
v 0.029262 -0.012483 0.028068
v 0.024896 -0.012160 0.031992
v 0.024429 -0.036743 0.032382
v -0.053933 -0.017991 0.030271
v -0.053919 -0.012003 0.033158
v -0.057426 -0.014016 0.032179
v -0.057036 -0.016398 0.030991
v -0.053933 -0.017991 0.030271
v -0.053990 0.014941 0.031923
v -0.057464 0.018272 0.030008
v -0.057484 0.013850 0.032257
v -0.019607 0.001825 0.033399
v -0.024719 0.001816 0.028547
v -0.057817 -0.017208 0.030296
v -0.057426 -0.014016 0.032179
v -0.057926 -0.013431 0.032073
v -0.058710 -0.018064 0.029185
v -0.057464 0.018272 0.030008
v -0.058025 0.013402 0.032013
v -0.019745 -0.009663 0.032465
v -0.025292 -0.009779 0.027897
v -0.024173 -0.005035 0.030154
v -0.019770 -0.005100 0.032070
v -0.024255 -0.005014 0.030942
v -0.023895 0.009775 0.030169
v -0.018062 0.009708 0.033152
v -0.023575 0.014692 0.029452
v -0.020876 0.014711 0.032699
v -0.040833 -0.025548 0.029383
v -0.040941 -0.018156 0.033258
v -0.093824 -0.018532 0.032762
v -0.093697 -0.024701 0.028618
v -0.030132 -0.041665 0.031851
v -0.029315 -0.024817 0.031860
v -0.024205 -0.000107 0.029689
v -0.018043 -0.000172 0.033144
v 0.017027 -0.005052 0.033624
v 0.024850 -0.004945 0.028921
v -0.015974 -0.051675 0.029057
v -0.011056 -0.034667 0.031297
v -0.006195 -0.051658 0.032549
v -0.007779 -0.051749 0.020875
v -0.007779 -0.051749 0.020875
v -0.015974 -0.051675 0.029057
v 0.015209 -0.051615 0.029456
v 0.008915 -0.034629 0.031862
v 0.015209 -0.051615 0.029456
v 0.008948 -0.051629 0.031848
v 0.006875 -0.034685 -0.032167
v 0.010971 -0.034573 -0.031095
v 0.008915 -0.034629 0.031862
v 0.010971 -0.034573 -0.031095
v 0.018448 -0.034606 0.027714
v 0.008915 -0.034629 0.031862
v 0.015922 -0.034613 0.029071
v 0.015209 -0.051615 0.029456
v 0.008915 -0.034629 0.031862
v 0.025667 0.006783 0.029570
v 0.025545 0.006804 0.028872
v 0.026465 0.006815 0.027340
v -0.021022 0.004790 0.031323
v -0.024719 0.001816 0.028547
v -0.016517 0.001903 0.033946
v -0.025146 0.001767 0.029212
v -0.025013 0.001761 0.029491
v -0.020541 0.001791 0.033568
v 0.029745 -0.012910 0.030036
v 0.030506 -0.024553 0.030154
v 0.027485 -0.022439 0.032857
v 0.027527 -0.009825 0.026851
v 0.022878 -0.010003 0.031522
v -0.029587 -0.017248 0.030677
v -0.026610 0.024318 0.030574
v -0.027624 -0.022440 0.032835
v -0.032182 -0.023009 0.028421
v -0.029587 -0.017248 0.030677
v -0.027624 -0.022440 0.032835
v -0.030194 -0.023946 0.030522
v -0.027624 -0.022440 0.032835
v -0.058037 0.018275 0.029622
v -0.059138 0.011867 0.031826
v -0.094507 -0.031790 0.017748
v -0.094503 -0.023615 0.027860
v -0.094565 -0.011495 0.034377
v -0.074636 -0.021490 0.029517
v -0.074636 -0.021490 0.029517
v -0.094125 -0.024066 0.028258
v -0.094244 -0.017466 0.032823
v 0.027470 0.016660 0.027903
v 0.020115 0.016743 0.032448
v 0.020624 0.028330 0.028790
v -0.024187 -0.011814 0.032608
v -0.026933 -0.011874 0.030356
v -0.025577 -0.036813 0.031537
v -0.026933 -0.011874 0.030356
v -0.028499 -0.036834 0.028923
v -0.025577 -0.036813 0.031537
v -0.024205 0.016609 0.030130
v 0.021269 0.028006 0.028953
v 0.016965 0.027419 0.032737
v -0.053812 -0.024715 0.027093
v -0.042347 -0.019995 0.031198
v -0.053827 -0.016553 0.032738
v -0.053893 -0.017661 0.031053
v -0.053812 -0.024715 0.027093
v -0.053995 0.024367 0.025435
v -0.053944 0.020477 0.029652
v -0.029786 -0.024595 0.031074
v -0.027611 -0.023156 0.033200
v -0.059605 -0.002454 0.025086
v -0.059553 -0.009467 0.031561
v -0.059534 -0.001402 0.033051
v -0.022018 -0.010142 0.032418
v -0.025919 -0.009880 0.028443
v -0.026283 -0.010180 0.028898
v -0.022705 -0.010339 0.032427
v 0.036818 -0.018781 0.027219
v 0.033142 -0.016967 0.031534
v 0.034095 -0.019465 0.032544
v 0.036763 -0.019766 0.028258
v 0.034095 -0.019465 0.032544
v 0.034970 -0.014632 0.028273
v 0.031552 -0.013931 0.032134
v 0.035897 -0.014409 0.026674
v 0.031497 -0.013637 0.031701
v -0.041012 -0.024831 0.028530
v -0.041192 -0.020510 0.031420
v -0.025577 -0.036813 0.031537
v -0.030549 -0.041443 0.029382
v -0.026213 -0.041304 0.033268
v -0.059147 -0.016584 0.029320
v -0.058722 -0.011845 0.032228
v -0.026956 0.024214 0.030829
v -0.030671 0.027147 0.027470
v -0.026563 0.011179 0.029432
v -0.023198 0.011106 0.032202
v -0.023621 0.000684 0.031853
v -0.026151 0.000357 0.029849
v -0.026262 -0.004548 0.029665
v -0.023187 -0.004498 0.032188
v -0.041720 -0.020330 0.031277
v -0.041193 -0.024851 0.028144
v -0.026058 -0.004401 0.029891
v -0.023168 -0.004145 0.032192
v -0.026208 -0.004062 0.029772
v -0.023086 -0.003754 0.032245
v -0.026414 0.010320 0.029631
v -0.023027 0.010723 0.032329
v -0.026436 0.010662 0.029598
v -0.023198 0.011106 0.032202
v -0.026233 0.015343 0.029802
v -0.023115 0.015635 0.032290
v -0.026309 0.015670 0.029733
v -0.022962 0.016076 0.032416
v -0.094571 0.024218 0.027295
v -0.094217 0.017657 0.032626
v -0.093772 0.021170 0.031151
v -0.094571 0.024218 0.027295
v -0.024489 0.011501 0.030953
v -0.026646 0.011372 0.029310
v -0.026402 0.015139 0.029489
v -0.023181 0.015270 0.032234
v 0.022527 -0.009621 0.030090
v 0.023992 -0.004971 0.028918
v 0.017027 -0.005052 0.033624
v -0.026020 0.005715 0.029972
v -0.023116 0.005294 0.032244
v 0.029262 -0.012483 0.028068
v 0.026772 -0.011563 0.030128
v -0.059270 0.011127 0.031589
v -0.059599 0.017159 0.028156
v -0.026125 0.000762 0.029860
v -0.022521 0.001247 0.032676
v -0.041757 -0.024425 0.028155
v -0.042347 -0.019995 0.031198
v -0.024647 0.009944 0.030752
v -0.022700 0.010245 0.032578
v -0.026861 0.014792 0.028817
v -0.022700 0.015072 0.032412
v 0.029892 -0.024553 0.030865
v 0.030378 -0.041548 0.031470
v -0.024190 0.016426 0.031143
v -0.026443 0.016026 0.029617
v -0.021606 0.026058 0.030899
v -0.024482 0.016640 0.028751
v -0.019862 0.016689 0.032055
v -0.030132 -0.041665 0.031851
v -0.030022 -0.024691 0.030828
v -0.030109 -0.024630 0.030706
v -0.029678 -0.024684 0.031236
v -0.029678 -0.024684 0.031236
v -0.029983 -0.024550 0.030824
v 0.024240 0.026089 0.028582
v 0.020102 0.026084 0.031698
v 0.020451 0.016760 0.031601
v 0.027812 -0.009797 0.026021
v 0.019924 -0.009644 0.032831
v 0.028517 -0.009759 0.024522
v 0.021922 -0.009633 0.030752
v -0.030202 -0.024581 0.030585
v -0.032182 -0.023009 0.028421
v -0.030741 0.027438 0.026898
v -0.026610 0.024318 0.030574
v -0.031285 -0.041657 0.030304
v -0.026794 -0.041642 0.033450
v -0.030408 -0.041664 0.031535
v -0.030905 -0.024644 0.029963
v -0.030132 -0.041665 0.031851
v -0.032198 -0.041667 0.030083
v -0.031460 -0.024564 0.029490
v -0.030132 -0.041665 0.031851
v -0.024622 -0.005060 0.028586
v -0.019934 -0.009634 0.031938
v -0.019770 -0.005100 0.032070
v -0.054003 0.019186 0.029513
v -0.057464 0.018272 0.030008
v -0.053990 0.014941 0.031923
v 0.033142 -0.016967 0.031534
v 0.034752 -0.014775 0.028770
v 0.031552 -0.013931 0.032134
v -0.023547 -0.000128 0.029439
v -0.021291 -0.003085 0.031140
v -0.018043 -0.000172 0.033144
v -0.024622 -0.005060 0.028586
v -0.025292 -0.009779 0.027897
v -0.019934 -0.009634 0.031938
v -0.023575 0.014692 0.029452
v -0.020278 0.011745 0.031796
v -0.018071 0.014648 0.033156
v -0.023566 0.009751 0.029448
v -0.020282 0.006809 0.031783
v -0.018062 0.009708 0.033152
v -0.059157 0.017619 0.028672
v -0.059138 0.011867 0.031826
v -0.030031 -0.024577 0.030777
v -0.030368 -0.024664 0.030415
v 0.032397 -0.041402 0.027581
v 0.028462 -0.041518 0.031868
v -0.027262 0.024075 0.031126
v -0.036993 0.024386 0.028245
v -0.037362 0.019809 0.031625
v -0.074657 0.014546 0.033143
v -0.074966 0.024048 0.028022
v -0.025777 0.004863 0.028603
v -0.025209 0.004825 0.028024
v -0.020801 0.004802 0.031923
v -0.019297 0.004830 0.034310
v -0.015660 0.028261 0.031954
v -0.021276 0.027737 0.029482
v -0.025584 -0.009828 0.028179
v -0.019325 -0.009701 0.033349
v -0.030280 -0.024650 0.030505
v -0.030062 -0.024613 0.030754
v -0.057410 -0.019962 0.028856
v -0.053933 -0.017991 0.030271
v -0.057456 -0.017101 0.030627
v 0.025822 0.010145 0.029616
v 0.023429 0.010413 0.031875
v -0.059594 -0.008132 0.023769
v -0.059594 -0.008132 0.023769
v -0.059553 -0.009467 0.031561
v -0.059553 -0.009467 0.031561
v -0.059599 0.017159 0.028156
v -0.059599 0.017159 0.028156
v -0.059599 0.017159 0.028156
v 0.026654 0.011188 0.029201
v 0.024347 0.011586 0.030793
v 0.026675 0.015284 0.029038
v 0.023577 0.015277 0.031734
v -0.029655 0.016801 0.028138
v -0.026610 0.024318 0.030574
v -0.029587 -0.017248 0.030677
v -0.029584 -0.011960 0.027763
v -0.029655 0.016801 0.028138
v -0.029655 0.016801 0.028138
v -0.029655 0.016801 0.028138
v -0.029655 0.016801 0.028138
v -0.029655 0.016801 0.028138
v -0.029642 0.015549 0.026926
v -0.029655 0.016801 0.028138
v -0.029587 -0.017248 0.030677
v 0.028212 0.001329 0.027684
v 0.025621 0.001414 0.029976
v 0.034286 -0.013904 0.024903
v 0.030644 -0.013152 0.030549
v 0.023188 0.015096 0.031848
v 0.026934 0.015026 0.028662
v 0.028881 0.000081 0.026467
v 0.025767 0.000423 0.029814
v 0.021859 0.004911 0.031701
v 0.025014 0.004924 0.027987
v 0.027054 -0.010922 0.029347
v 0.023624 -0.010157 0.031415
v 0.023512 -0.003659 0.031799
v 0.026104 -0.003466 0.029605
v 0.033878 -0.041535 0.028319
v 0.033325 -0.041537 0.028854
v 0.035703 -0.041531 0.027499
v 0.030378 -0.041548 0.031470
v 0.031251 -0.024508 0.029611
v 0.030378 -0.041548 0.031470
v 0.032037 -0.024355 0.029031
v 0.033652 -0.041539 0.029503
v 0.030378 -0.041548 0.031470
v 0.027187 0.016430 0.028444
v 0.023421 0.016280 0.031854
v -0.023130 -0.054156 0.030317
v -0.022802 -0.061190 0.029944
v 0.026713 0.015821 0.029089
v 0.023421 0.016280 0.031854
v 0.031938 -0.041320 0.027792
v 0.028234 -0.041365 0.031799
v -0.053812 -0.024715 0.027093
v -0.042191 -0.024181 0.028099
v -0.042347 -0.019995 0.031198
v -0.000441 0.033819 0.030228
v -0.005020 0.028345 0.030245
v 0.004309 0.028363 0.030340
v 0.001479 0.033523 0.030200
v 0.004309 0.028363 0.030340
v 0.006002 0.033782 0.029650
v 0.002447 0.033751 0.030172
v 0.004309 0.028363 0.030340
v 0.023048 0.026950 0.028949
v 0.020102 0.026084 0.031698
v 0.025677 0.005331 0.029853
v 0.028849 0.005032 0.026514
v -0.032133 -0.024698 0.029164
v -0.032198 -0.041667 0.030083
v -0.022758 -0.053827 0.029948
v -0.023588 -0.054113 0.030473
v -0.031214 -0.024485 0.029667
v -0.032182 -0.023009 0.028421
v -0.058197 -0.018019 0.029555
v -0.057410 -0.019962 0.028856
v 0.023412 -0.003980 0.031874
v 0.027377 -0.003705 0.028495
v 0.026545 -0.004156 0.029287
v 0.023252 -0.004351 0.031998
v -0.000441 0.033819 0.030228
v -0.004069 0.033304 0.030178
v -0.005020 0.028345 0.030245
v -0.036993 0.024386 0.028245
v -0.053900 0.021194 0.029955
v -0.037362 0.019809 0.031625
v -0.029606 -0.021413 0.027833
v -0.029586 -0.011150 0.026953
v -0.029584 -0.011960 0.027763
v -0.029587 -0.017248 0.030677
v -0.017652 -0.034677 0.028010
v -0.011056 -0.034667 0.031297
v -0.015974 -0.051675 0.029057
v -0.007779 -0.051749 0.020875
v -0.014953 -0.051694 0.017061
v -0.015974 -0.051675 0.029057
v -0.017994 -0.034680 0.028328
v -0.017652 -0.034677 0.028010
v -0.011429 -0.034616 -0.030993
v -0.011429 -0.034616 -0.030993
v -0.011056 -0.034667 0.031297
v -0.028499 -0.036834 0.028923
v -0.030549 -0.041443 0.029382
v -0.025577 -0.036813 0.031537
v -0.023608 0.006740 0.030671
v -0.026483 0.006738 0.026925
v -0.035724 -0.061714 0.029947
v -0.040627 -0.061508 0.023400
v -0.023160 -0.061690 0.029601
v -0.040627 -0.061508 0.023400
v -0.043852 -0.061718 0.015737
v -0.023160 -0.061690 0.029601
v 0.025014 0.004924 0.027987
v 0.020166 0.004864 0.031735
v 0.022517 0.001925 0.030096
v -0.026483 0.006738 0.026925
v -0.020282 0.006809 0.031783
v -0.023566 0.009751 0.029448
v -0.026492 0.011678 0.026929
v -0.020278 0.011745 0.031796
v -0.023575 0.014692 0.029452
v 0.029745 -0.012910 0.030036
v 0.031322 -0.023554 0.029240
v 0.021527 0.014787 0.031999
v 0.026167 0.014818 0.026895
v -0.004418 0.033549 0.029946
v -0.000441 0.033819 0.030228
v -0.023000 -0.053586 0.029858
v -0.023915 -0.053871 0.030375
v 0.027070 0.016686 0.027161
v 0.027149 0.016690 0.026855
v 0.020451 0.016760 0.031601
v -0.030671 0.027147 0.027470
v -0.036993 0.024386 0.028245
v -0.027262 0.024075 0.031126
v -0.093186 -0.024624 0.029063
v -0.092453 -0.028015 0.026531
v -0.092560 0.027643 0.026798
v -0.092867 0.023164 0.030477
v -0.007969 0.033544 0.029313
v -0.005020 0.028345 0.030245
v -0.004069 0.033304 0.030178
v 0.027753 -0.010088 0.027321
v 0.023624 -0.010157 0.031415
v -0.074577 -0.016750 0.018814
v -0.074577 -0.016750 0.018814
v -0.094571 0.024218 0.027295
v -0.074643 0.017215 0.018342
v -0.074643 0.017215 0.018342
v -0.074643 0.017215 0.018342
v -0.074715 0.025945 0.025604
v -0.074715 0.025945 0.025604
v -0.074715 0.025945 0.025604
v -0.074657 0.014546 0.033143
v 0.036902 -0.018081 0.026759
v 0.033142 -0.016967 0.031534
v -0.035768 -0.041614 0.023431
v -0.092453 -0.028015 0.026531
v -0.076663 -0.025118 0.029269
v -0.092406 -0.024041 0.030163
v -0.076760 0.025244 0.029111
v -0.092560 0.027643 0.026798
v -0.092489 0.023681 0.030361
v -0.046649 -0.061713 0.002137
v -0.046649 -0.061713 0.002137
v -0.023172 -0.061641 -0.029443
v -0.023172 -0.061641 -0.029443
v -0.023172 -0.061641 -0.029443
v -0.023172 -0.061641 -0.029443
v -0.023172 -0.061641 -0.029443
v -0.043852 -0.061718 0.015737
v -0.025870 0.001388 0.029929
v -0.029583 0.001250 0.026491
v 0.037283 -0.017163 0.025771
v 0.034752 -0.014775 0.028770
v 0.033142 -0.016967 0.031534
v -0.035768 -0.041614 0.023431
v -0.035850 -0.041673 0.028867
v -0.032198 -0.041667 0.030083
v -0.035850 -0.041673 0.028867
v -0.034148 -0.025055 0.028486
v -0.032198 -0.041667 0.030083
v -0.033474 -0.024941 0.028664
v -0.032198 -0.041667 0.030083
v -0.029619 0.009915 0.026106
v -0.025926 0.010147 0.029861
v -0.025949 0.016211 0.029852
v -0.029632 0.016502 0.026054
v -0.029949 -0.041501 0.030014
v -0.035768 -0.041614 0.023431
v -0.029655 0.016801 0.028138
v -0.030355 0.020814 0.027075
v -0.030355 0.020814 0.027075
v -0.026610 0.024318 0.030574
v -0.026610 0.024318 0.030574
v -0.026480 0.010676 0.029558
v -0.029635 0.010766 0.026442
v -0.029601 0.005358 0.026468
v -0.026320 0.005104 0.029436
v -0.005610 0.033838 0.029558
v -0.007969 0.033544 0.029313
v -0.076272 -0.024611 0.029309
v -0.075421 -0.027352 0.026053
v -0.093278 0.027515 0.026161
v -0.093615 0.021751 0.031051
v 0.039044 -0.022878 0.027748
v 0.035815 -0.021501 0.033373
v -0.059319 0.021530 0.025916
v -0.059083 0.017979 0.028592
v -0.025908 0.006369 0.029840
v -0.029619 0.006633 0.025939
v 0.031938 -0.041320 0.027792
v 0.028556 -0.036725 0.028827
v 0.027961 -0.041198 0.031749
v -0.026174 0.000750 0.029817
v -0.029607 0.000581 0.026443
v -0.025819 0.025999 0.027449
v -0.024482 0.016640 0.028751
v -0.021606 0.026058 0.030899
v 0.002812 0.037678 0.021377
v -0.002888 0.037575 0.021721
v -0.000441 0.033819 0.030228
v 0.002447 0.033751 0.030172
v 0.002812 0.037678 0.021377
v -0.000441 0.033819 0.030228
v 0.034286 -0.013904 0.024903
v 0.033104 -0.022242 0.027120
v 0.029745 -0.012910 0.030036
v 0.032549 -0.022552 0.027808
v 0.029745 -0.012910 0.030036
v -0.025209 0.004825 0.028024
v -0.024719 0.001816 0.028547
v -0.021022 0.004790 0.031323
v 0.022106 0.011808 0.030381
v 0.026167 0.014818 0.026895
v 0.019452 0.014735 0.032255
v -0.002888 0.037575 0.021721
v -0.005789 0.034043 0.029395
v -0.000441 0.033819 0.030228
v 0.022271 -0.003013 0.030262
v 0.026864 0.000008 0.026281
v 0.019461 -0.000085 0.032247
v 0.027613 0.000038 0.026466
v 0.026864 0.000008 0.026281
v 0.022402 -0.000004 0.031479
v 0.023338 0.000032 0.031580
v -0.029598 -0.004960 0.025832
v -0.026248 -0.004850 0.029458
v 0.025650 0.004949 0.028003
v 0.022591 0.004937 0.031976
v -0.021147 -0.061572 0.006580
v -0.018663 -0.061561 0.011950
v -0.023160 -0.061690 0.029601
v -0.018663 -0.061561 0.011950
v -0.013822 -0.061571 0.017375
v -0.013822 -0.061571 0.017375
v -0.023160 -0.061690 0.029601
v -0.023160 -0.061690 0.029601
v -0.022132 -0.061601 -0.008261
v -0.023160 -0.061690 0.029601
v -0.021383 -0.061579 0.004022
v -0.023160 -0.061690 0.029601
v 0.006002 0.033782 0.029650
v 0.002812 0.037678 0.021377
v 0.002447 0.033751 0.030172
v -0.027005 -0.011185 0.029652
v -0.029584 -0.011960 0.027763
v -0.032670 -0.041355 0.026856
v -0.035768 -0.041614 0.023431
v -0.059582 -0.014036 0.020908
v -0.059632 0.011885 0.022126
v -0.059620 0.005782 0.024532
v -0.059599 0.017159 0.028156
v -0.021404 0.026785 0.030522
v -0.026564 0.027454 0.025618
v -0.025927 0.026497 0.026945
v -0.021606 0.026058 0.030899
v -0.007969 0.033544 0.029313
v -0.013912 0.028330 0.027366
v -0.005020 0.028345 0.030245
v -0.029584 -0.011960 0.027763
v -0.028499 -0.036834 0.028923
v -0.026933 -0.011874 0.030356
v -0.032675 -0.022716 0.027815
v -0.029587 -0.017248 0.030677
v -0.033443 -0.022587 0.026912
v -0.029606 -0.021413 0.027833
v -0.029587 -0.017248 0.030677
v -0.075421 -0.027352 0.026053
v -0.075021 -0.021778 0.030061
v -0.094414 0.024731 0.027142
v -0.093615 0.021751 0.031051
v -0.053879 -0.023243 0.027097
v -0.053933 -0.017991 0.030271
v -0.022572 -0.003121 0.031299
v -0.028612 -0.003184 0.025768
v -0.024482 0.016640 0.028751
v -0.024562 0.016614 0.029509
v -0.029632 0.016502 0.026054
v -0.029432 0.016535 0.025178
v -0.024210 0.014720 0.029589
v -0.025954 0.014758 0.028756
v -0.021555 0.014737 0.032977
v -0.029612 0.001694 0.025941
v -0.031134 0.028150 0.025662
v -0.054100 0.022604 0.026904
v -0.054003 0.019186 0.029513
v 0.032264 -0.023482 0.028512
v 0.030506 -0.024553 0.030154
v 0.032161 -0.024223 0.028894
v 0.030506 -0.024553 0.030154
v -0.009880 0.033433 0.028660
v -0.013912 0.028330 0.027366
v -0.022924 0.028266 0.027092
v -0.022924 0.028266 0.027092
v -0.022924 0.028266 0.027092
v 0.020624 0.028330 0.028790
v 0.026131 0.028273 0.024250
v 0.004309 0.028363 0.030340
v 0.029648 0.033587 0.022988
v 0.006002 0.033782 0.029650
v 0.004309 0.028363 0.030340
v 0.026131 0.028273 0.024250
v 0.029648 0.033587 0.022988
v 0.004309 0.028363 0.030340
v 0.027121 0.011756 0.026608
v 0.026466 0.011775 0.026601
v 0.023761 0.011767 0.030274
v 0.024489 0.011743 0.030526
v 0.027756 0.001868 0.025979
v 0.026989 0.001891 0.026071
v -0.028499 -0.036834 0.028923
v -0.032927 -0.041301 0.026521
v -0.030549 -0.041443 0.029382
v -0.057410 -0.019962 0.028856
v -0.053916 -0.022601 0.026970
v -0.053933 -0.017991 0.030271
v -0.054144 0.022286 0.027189
v -0.057464 0.018272 0.030008
v -0.054003 0.019186 0.029513
v 0.016388 -0.061581 0.015940
v 0.025325 -0.061594 0.027852
v 0.027389 -0.047799 0.025686
v 0.022025 -0.047813 0.030526
v -0.075074 -0.027280 0.025303
v -0.074636 -0.021490 0.029517
v 0.040145 -0.022271 0.022818
v 0.036839 -0.020822 0.029468
v -0.034801 -0.025154 0.028176
v -0.035850 -0.041673 0.028867
v 0.036349 -0.041533 0.028115
v 0.034168 -0.024552 0.028283
v 0.036349 -0.041533 0.028115
v 0.033652 -0.041539 0.029503
v 0.033119 -0.024529 0.028656
v 0.033652 -0.041539 0.029503
v 0.025741 -0.003068 0.028750
v 0.022271 -0.003013 0.030262
v -0.007644 0.033672 0.029268
v -0.010761 0.033703 0.028353
v 0.028929 -0.012080 0.028205
v 0.030853 -0.011114 0.025572
v -0.032237 -0.036660 0.024710
v -0.032927 -0.041301 0.026521
v -0.028499 -0.036834 0.028923
v -0.003614 0.032780 0.028605
v 0.001028 0.032495 0.028897
v -0.003130 0.028350 0.028995
v 0.001028 0.032495 0.028897
v 0.004687 0.028365 0.028686
v -0.003130 0.028350 0.028995
v 0.004687 0.028365 0.028686
v 0.004687 0.028365 0.028686
v -0.001142 0.028354 0.028785
v 0.026407 0.006835 0.026671
v 0.022950 0.009837 0.029761
v 0.022121 0.006868 0.030373
v 0.026466 0.011775 0.026601
v 0.026167 0.014818 0.026895
v 0.022106 0.011808 0.030381
v -0.032841 -0.024557 0.028714
v -0.031460 -0.024564 0.029490
v -0.032480 -0.023257 0.028271
v -0.031460 -0.024564 0.029490
v -0.033205 -0.023879 0.028103
v -0.031460 -0.024564 0.029490
v 0.026105 0.010258 0.029464
v 0.029599 0.010517 0.026183
v -0.057402 -0.022964 0.026517
v -0.053916 -0.022601 0.026970
v -0.057410 -0.019962 0.028856
v -0.054144 0.022286 0.027189
v -0.057494 0.022839 0.026639
v -0.057464 0.018272 0.030008
v 0.030853 -0.011114 0.025572
v 0.027946 -0.010626 0.028113
v 0.029734 0.033809 0.022745
v 0.006002 0.033782 0.029650
v 0.034801 -0.024843 0.027948
v 0.036349 -0.041533 0.028115
v 0.029606 0.010266 0.025890
v 0.025535 0.009916 0.029667
v 0.026804 0.015212 0.028879
v 0.029496 0.015448 0.026275
v 0.026595 -0.003046 0.026493
v 0.026864 0.000008 0.026281
v 0.022271 -0.003013 0.030262
v 0.029535 0.011710 0.025560
v 0.026156 0.011372 0.029422
v 0.029625 0.011447 0.025827
v 0.026654 0.011188 0.029201
v 0.029687 0.006240 0.026082
v 0.026031 0.006495 0.029529
v 0.029169 0.000318 0.026366
v 0.026182 0.000580 0.029629
v 0.026572 0.010869 0.029267
v 0.029740 0.011214 0.026027
v 0.026216 0.005895 0.029597
v 0.029687 0.006240 0.026082
v 0.029646 0.010843 0.026129
v 0.026431 0.010493 0.029391
v 0.028416 0.001111 0.027448
v 0.026182 0.000580 0.029629
v 0.028212 0.001329 0.027684
v 0.026096 0.000904 0.029689
v -0.022875 0.028016 0.027637
v -0.026564 0.027454 0.025618
v 0.005675 0.032766 0.028236
v 0.004687 0.028365 0.028686
v 0.001028 0.032495 0.028897
v 0.029843 0.006450 0.025643
v 0.025667 0.006783 0.029570
v -0.003614 0.032780 0.028605
v 0.001096 0.032729 0.028730
v 0.029390 0.005851 0.026405
v 0.026083 0.005473 0.029720
v 0.004952 0.028458 0.028447
v -0.000564 0.028355 0.028696
v 0.029632 0.015264 0.025910
v 0.026934 0.015026 0.028662
v -0.057494 0.022839 0.026639
v -0.058083 0.018429 0.029498
v -0.026438 -0.010200 0.028800
v -0.029588 -0.010493 0.026217
v 0.028490 0.001483 0.027146
v 0.024137 0.001851 0.030951
v 0.029013 0.005291 0.026567
v 0.026083 0.005473 0.029720
v 0.032542 -0.024079 0.028614
v 0.034168 -0.024552 0.028283
v 0.030025 0.016180 0.025681
v 0.027354 0.016503 0.028194
v -0.036993 0.024386 0.028245
v -0.037526 0.028193 0.024424
v -0.053900 0.021194 0.029955
v -0.037526 0.028193 0.024424
v -0.053914 0.028290 0.023305
v -0.053900 0.021194 0.029955
v -0.053970 0.025019 0.025287
v -0.053900 0.021194 0.029955
v -0.009096 0.028340 0.027644
v -0.011163 0.032367 0.026805
v -0.003130 0.028350 0.028995
v -0.011163 0.032367 0.026805
v -0.006605 0.032760 0.028071
v -0.003130 0.028350 0.028995
v -0.006605 0.032760 0.028071
v -0.003614 0.032780 0.028605
v -0.003130 0.028350 0.028995
v -0.002812 0.028366 0.028857
v -0.005937 0.028540 0.028065
v -0.005653 0.028486 0.028212
v -0.009096 0.028340 0.027644
v -0.023547 -0.000128 0.029439
v -0.027223 -0.003154 0.026077
v -0.021291 -0.003085 0.031140
v 0.030061 -0.003631 0.025680
v 0.027044 -0.003603 0.028768
v 0.026878 0.015938 0.028933
v 0.030025 0.016180 0.025681
v 0.026989 0.001891 0.026071
v 0.025014 0.004924 0.027987
v 0.022517 0.001925 0.030096
v -0.034317 -0.024510 0.028161
v -0.033207 -0.024342 0.028435
v -0.026587 0.011198 0.029405
v -0.029635 0.010766 0.026442
v -0.026481 -0.004626 0.029449
v -0.029600 -0.004376 0.026436
v 0.026572 -0.004686 0.028985
v 0.029460 -0.004414 0.026304
v 0.001145 0.032749 0.028714
v 0.005675 0.032766 0.028236
v 0.029670 0.015744 0.026075
v 0.026542 0.015470 0.029262
v -0.029637 0.015307 0.026459
v -0.026694 0.015004 0.029123
v -0.029600 -0.004376 0.026436
v -0.026331 -0.003984 0.029668
v -0.029572 -0.003951 0.026424
v -0.026493 -0.003639 0.029545
v -0.029637 0.015307 0.026459
v -0.026364 0.015698 0.029685
v -0.029615 0.015693 0.026464
v -0.026443 0.016026 0.029617
v -0.029601 0.011139 0.026268
v -0.026646 0.011372 0.029310
v -0.029597 0.010361 0.026314
v -0.026414 0.010320 0.029631
v 0.029832 0.034037 0.022493
v 0.026537 0.037678 0.014839
v 0.026537 0.037678 0.014839
v 0.006002 0.033782 0.029650
v 0.006002 0.033782 0.029650
v 0.002812 0.037678 0.021377
v -0.029601 0.005358 0.026468
v -0.026220 0.005855 0.029798
v -0.029578 0.005819 0.026465
v -0.026427 0.006193 0.029623
v 0.004413 0.032657 0.027824
v -0.000975 0.031625 0.028475
v -0.029623 0.016271 0.026264
v -0.026443 0.016026 0.029617
v -0.029578 0.000922 0.026484
v -0.026151 0.001147 0.029830
v -0.029589 0.000318 0.026244
v -0.026151 0.000357 0.029849
v -0.034158 -0.024825 0.028371
v -0.032793 -0.024765 0.028840
v -0.000361 0.028534 0.028695
v -0.005937 0.028540 0.028065
v 0.005379 0.028580 0.028134
v -0.000287 0.028567 0.028696
v -0.000178 0.028776 0.028091
v -0.005937 0.028540 0.028065
v 0.005249 0.028696 0.027575
v 0.005323 0.028699 0.027542
v -0.000084 0.028746 0.028699
v 0.005240 0.028815 0.026969
v -0.000055 0.028780 0.028065
v -0.005424 0.031013 0.027674
v -0.004765 0.030998 0.027555
v -0.000431 0.031073 0.028712
v -0.004352 0.030963 0.027158
v -0.000298 0.031023 0.028105
v -0.000095 0.031019 0.028051
v 0.005142 0.031055 0.028185
v -0.003640 0.032094 0.028151
v -0.000431 0.031073 0.028712
v 0.004609 0.031896 0.028010
v -0.000431 0.031073 0.028712
v -0.029605 0.009809 0.023464
v -0.024011 0.009775 0.030042
v -0.029614 0.014750 0.023468
v -0.029586 -0.000071 0.023456
v -0.024671 -0.000097 0.029607
v -0.023547 -0.053602 0.030016
v -0.029730 -0.053868 0.024580
v -0.058045 -0.022602 0.026199
v -0.057410 -0.019962 0.028856
v -0.057969 -0.019373 0.028816
v -0.059133 -0.022483 0.025274
v 0.022422 0.014815 0.032160
v 0.027249 0.014988 0.028159
v 0.026801 0.016713 0.026232
v 0.024240 0.026089 0.028582
v 0.020451 0.016760 0.031601
v 0.030061 -0.003631 0.025680
v 0.025874 -0.003219 0.029637
v -0.029607 0.006436 0.026200
v -0.026427 0.006193 0.029623
v -0.025415 0.001714 0.030134
v -0.029581 0.001458 0.026249
v -0.029608 0.000016 0.025974
v -0.025856 0.000162 0.029854
v 0.029460 -0.004414 0.026304
v 0.027135 -0.003940 0.028722
v -0.026066 -0.003527 0.029766
v -0.029600 -0.003532 0.026355
v -0.041879 -0.054462 0.021599
v -0.040627 -0.061508 0.023400
v -0.035902 -0.061222 0.030521
v -0.035701 -0.054457 0.030777
v -0.041879 -0.054462 0.021599
v -0.035902 -0.061222 0.030521
v -0.040627 -0.061508 0.023400
v -0.035819 -0.061479 0.030207
v -0.036462 -0.054160 0.029472
v -0.041879 -0.054462 0.021599
v 0.024696 0.009887 0.029522
v 0.028444 0.009910 0.024536
v 0.028998 0.009940 0.025094
v 0.025535 0.009916 0.029667
v -0.009344 0.037622 0.019688
v -0.010761 0.033703 0.028353
v -0.005789 0.034043 0.029395
v -0.002888 0.037575 0.021721
v -0.009344 0.037622 0.019688
v -0.005789 0.034043 0.029395
v -0.036062 -0.041635 0.024520
v -0.040571 -0.041697 0.016490
v -0.026211 0.011454 0.029573
v -0.029631 0.011558 0.026000
v 0.030234 0.006755 0.024834
v 0.026801 0.016713 0.026232
v 0.027087 0.025881 0.025893
v 0.024240 0.026089 0.028582
v -0.029546 -0.019667 0.027868
v -0.028499 -0.036834 0.028923
v -0.029606 -0.021413 0.027833
v -0.032648 -0.025449 0.024167
v -0.028499 -0.036834 0.028923
v -0.032648 -0.025449 0.024167
v -0.032237 -0.036660 0.024710
v -0.028499 -0.036834 0.028923
v -0.029587 -0.003386 0.026024
v -0.023637 -0.003174 0.031510
v 0.026953 0.014844 0.026709
v 0.022422 0.014815 0.032160
v -0.035435 -0.025190 0.027871
v -0.034302 -0.024787 0.028289
v -0.058005 0.022961 0.026099
v -0.058624 0.018419 0.029161
v -0.059131 0.022029 0.025744
v -0.058624 0.018419 0.029161
v -0.003614 0.032780 0.028605
v -0.004191 0.036186 0.021119
v 0.001211 0.032979 0.028552
v -0.029589 -0.010161 0.025498
v -0.029655 0.016801 0.028138
v -0.029655 0.016801 0.028138
v -0.029655 0.016801 0.028138
v -0.029633 0.011234 0.026210
v -0.029631 0.011558 0.026000
v -0.029631 0.011558 0.026000
v -0.029596 -0.006316 0.026381
v -0.029600 -0.003929 0.026395
v -0.029611 0.005868 0.026434
v -0.029655 0.016801 0.028138
v -0.029638 0.015792 0.026495
v -0.029636 0.016270 0.026300
v -0.029598 0.001485 0.026210
v -0.029655 0.016801 0.028138
v -0.029606 0.004256 0.026310
v -0.029655 0.016801 0.028138
v -0.029619 0.006464 0.026165
v -0.029632 0.010061 0.026410
v -0.029605 -0.000803 0.026430
v -0.029655 0.016801 0.028138
v -0.029595 0.000937 0.026469
v -0.029655 0.016801 0.028138
v 0.000044 0.030972 0.027488
v 0.005112 0.031018 0.027578
v 0.028517 -0.009759 0.024522
v 0.023992 -0.004971 0.028918
v 0.022527 -0.009621 0.030090
v -0.015277 0.033743 0.026113
v -0.010761 0.033703 0.028353
v -0.027151 0.011644 0.026982
v -0.026492 0.011678 0.026929
v -0.029324 0.011593 0.025316
v -0.024644 0.011635 0.030755
v -0.036182 -0.025461 0.027237
v -0.035850 -0.041673 0.028867
v 0.027224 0.026211 0.025526
v 0.024240 0.026089 0.028582
v 0.028443 0.027174 0.023638
v 0.023679 0.026698 0.028604
v -0.029730 -0.053868 0.024580
v -0.029730 -0.053868 0.024580
v -0.004191 0.036186 0.021119
v 0.003608 0.036255 0.020744
v 0.001211 0.032979 0.028552
v -0.027138 0.006710 0.026942
v -0.026483 0.006738 0.026925
v -0.029325 0.006662 0.025265
v -0.024288 0.006718 0.030825
v -0.030992 0.022938 0.026188
v -0.031134 0.028150 0.025662
v -0.029607 0.004870 0.023442
v -0.025910 0.004863 0.028469
v -0.029472 0.004910 0.025272
v -0.026504 0.004903 0.029108
v 0.004413 0.032657 0.027824
v 0.004413 0.032657 0.027824
v 0.002121 0.032652 0.026256
v -0.003483 0.032641 0.028047
v -0.003302 0.032641 0.028082
v -0.003302 0.032641 0.028082
v 0.032512 -0.023535 0.028347
v 0.033510 -0.023292 0.027360
v -0.011045 0.032675 0.026631
v -0.006605 0.032760 0.028071
v -0.010761 0.033703 0.028353
v -0.015511 0.033480 0.026211
v -0.013912 0.028330 0.027366
v 0.035289 -0.024747 0.027497
v 0.034168 -0.024552 0.028283
v 0.032658 -0.023887 0.028423
v 0.034169 -0.024308 0.028001
v -0.012477 0.028334 0.025941
v -0.008676 0.028382 0.027604
v -0.012059 0.028552 0.026130
v -0.005937 0.028540 0.028065
v -0.000150 0.028811 0.027498
v -0.005981 0.028676 0.027471
v -0.006132 0.028692 0.027382
v -0.011777 0.028725 0.026264
v -0.009020 0.030980 0.026551
v -0.005825 0.031050 0.028111
v -0.008667 0.030920 0.026129
v -0.022975 -0.034684 0.023938
v -0.017652 -0.034677 0.028010
v -0.015974 -0.051675 0.029057
v -0.021441 -0.051682 0.025180
v -0.022975 -0.034684 0.023938
v -0.015974 -0.051675 0.029057
v -0.014953 -0.051694 0.017061
v -0.014953 -0.051694 0.017061
v -0.021441 -0.051682 0.025180
v -0.021441 -0.051682 0.025180
v -0.015974 -0.051675 0.029057
v 0.022923 -0.051596 0.023924
v 0.015709 -0.051687 0.015763
v 0.015209 -0.051615 0.029456
v 0.015709 -0.051687 0.015763
v 0.008981 -0.051678 0.020429
v 0.015209 -0.051615 0.029456
v 0.015922 -0.034613 0.029071
v 0.022923 -0.051596 0.023924
v 0.015209 -0.051615 0.029456
v 0.021389 -0.034600 0.025195
v 0.022923 -0.051596 0.023924
v 0.015922 -0.034613 0.029071
v -0.030671 0.027147 0.027470
v -0.037526 0.028193 0.024424
v -0.036993 0.024386 0.028245
v -0.035501 -0.025030 0.027682
v -0.034317 -0.024510 0.028161
v -0.058978 -0.017416 0.029112
v -0.059133 -0.022483 0.025274
v 0.032876 -0.041450 0.027223
v 0.035301 -0.041285 0.023401
v 0.003608 0.036255 0.020744
v 0.005675 0.032766 0.028236
v 0.001211 0.032979 0.028552
v -0.010049 0.031502 0.026748
v -0.005825 0.031050 0.028111
v -0.005181 0.031654 0.028015
v -0.011483 0.032627 0.025862
v -0.076710 -0.028928 0.025466
v -0.076663 -0.025118 0.029269
v -0.092453 -0.028015 0.026531
v -0.076831 0.028998 0.025329
v -0.092560 0.027643 0.026798
v -0.076760 0.025244 0.029111
v -0.034109 -0.024229 0.027922
v -0.033226 -0.024112 0.028286
v 0.037603 -0.015307 0.024988
v 0.035818 -0.014565 0.026948
v 0.033717 -0.023590 0.027522
v 0.032658 -0.023887 0.028423
v -0.029384 -0.011284 0.027268
v -0.026767 -0.010477 0.029242
v -0.006605 0.032760 0.028071
v -0.004191 0.036186 0.021119
v -0.003614 0.032780 0.028605
v 0.005675 0.032766 0.028236
v 0.029489 0.028419 0.021634
v 0.004687 0.028365 0.028686
v 0.029690 0.028419 0.021333
v 0.029911 0.028420 0.021015
v 0.005052 0.028476 0.028399
v -0.040571 -0.041697 0.016490
v -0.037529 -0.041675 0.026896
v -0.038358 -0.041676 0.026185
v -0.036908 -0.025606 0.026612
v -0.035850 -0.041673 0.028867
v -0.036129 -0.024809 0.027001
v -0.034274 -0.024281 0.027879
v -0.009344 0.037622 0.019688
v -0.015104 0.033980 0.026007
v -0.010761 0.033703 0.028353
v -0.034112 -0.024001 0.027627
v -0.033421 -0.023769 0.027885
v -0.029586 -0.000071 0.023456
v -0.027223 -0.003154 0.026077
v -0.023547 -0.000128 0.029439
v -0.029605 0.009809 0.023464
v -0.026483 0.006738 0.026925
v -0.023566 0.009751 0.029448
v -0.029614 0.014750 0.023468
v -0.026492 0.011678 0.026929
v -0.023575 0.014692 0.029452
v 0.028944 0.032830 0.021561
v 0.029489 0.028419 0.021634
v 0.005675 0.032766 0.028236
v -0.029719 -0.053620 0.023943
v -0.023096 -0.053318 0.029699
v -0.025367 -0.047902 0.027808
v -0.029836 -0.053310 0.023015
v -0.023096 -0.053318 0.029699
v 0.034460 -0.024213 0.027693
v 0.035325 -0.024424 0.027237
v 0.026810 0.027867 0.024199
v 0.022602 0.027546 0.028917
v 0.025014 0.004924 0.027987
v 0.029653 0.005005 0.023809
v 0.028686 0.005011 0.025789
v 0.036057 -0.025122 0.026889
v 0.036349 -0.041533 0.028115
v -0.041037 -0.024869 0.028447
v -0.041128 -0.029270 0.023570
v -0.093697 -0.024701 0.028618
v -0.093032 -0.027912 0.025966
v -0.075931 -0.027801 0.025997
v -0.076663 -0.025118 0.029269
v -0.076381 0.029057 0.024818
v -0.076760 0.025244 0.029111
v -0.076032 0.024611 0.028948
v -0.075531 0.029522 0.023489
v 0.028444 0.009910 0.024536
v 0.022950 0.009837 0.029761
v 0.026407 0.006835 0.026671
v -0.029740 0.023606 0.023203
v -0.030144 0.020150 0.026981
v -0.033254 -0.023128 0.027508
v -0.032182 -0.023009 0.028421
v 0.033353 -0.036567 0.023056
v 0.028556 -0.036725 0.028827
v 0.031938 -0.041320 0.027792
v 0.035301 -0.041285 0.023401
v 0.033353 -0.036567 0.023056
v 0.031938 -0.041320 0.027792
v -0.008590 0.032637 0.025231
v -0.007133 0.032635 0.025359
v -0.007706 0.032634 0.025718
v -0.011483 0.032627 0.025862
v -0.015732 0.028329 0.024607
v -0.011163 0.032367 0.026805
v -0.009096 0.028340 0.027644
v -0.012826 0.028334 0.025825
v -0.015126 0.028330 0.024745
v -0.015732 0.028329 0.024607
v -0.009096 0.028340 0.027644
v -0.010983 0.032973 0.026446
v -0.004191 0.036186 0.021119
v -0.006605 0.032760 0.028071
v 0.030039 0.028613 0.020941
v 0.005379 0.028580 0.028134
v 0.028404 0.028860 0.020356
v 0.029203 0.028837 0.020604
v 0.005379 0.028580 0.028134
v 0.005200 0.031018 0.027558
v 0.005226 0.030982 0.026958
v 0.028801 0.031125 0.021482
v 0.028582 0.031086 0.020918
v 0.028801 0.031125 0.021482
v 0.004818 0.031834 0.028001
v 0.033353 -0.036567 0.023056
v 0.031982 -0.012443 0.024856
v 0.028556 -0.036725 0.028827
v 0.031982 -0.012443 0.024856
v 0.029262 -0.012483 0.028068
v 0.028556 -0.036725 0.028827
v 0.036141 -0.014363 0.025961
v 0.031407 -0.013369 0.031366
v 0.037315 -0.016201 0.025547
v 0.034752 -0.014775 0.028770
v 0.033202 -0.022798 0.027347
v 0.032025 -0.023035 0.028479
v -0.036152 -0.024663 0.026647
v -0.034112 -0.024001 0.027627
v 0.026131 0.028273 0.024250
v 0.021912 0.027875 0.028746
v -0.020107 0.028322 0.023104
v -0.020107 0.028322 0.023104
v -0.028529 0.025975 0.024629
v -0.028529 0.025975 0.024629
v -0.024482 0.016640 0.028751
v -0.024482 0.016640 0.028751
v -0.025819 0.025999 0.027449
v -0.036908 -0.025606 0.026612
v -0.036058 -0.024989 0.027158
v -0.006171 0.028820 0.026827
v -0.000235 0.029770 0.027474
v -0.004616 0.030343 0.027082
v 0.000044 0.030972 0.027488
v 0.005041 0.029784 0.026983
v -0.000150 0.028811 0.027498
v 0.005226 0.030982 0.026958
v 0.000153 0.030047 0.027473
v -0.053812 -0.024715 0.027093
v -0.042164 -0.027707 0.024590
v -0.042191 -0.024181 0.028099
v 0.035401 -0.024731 0.027379
v 0.036734 -0.025069 0.026127
v -0.059251 -0.022850 0.024420
v -0.059411 -0.015998 0.029251
v -0.025919 -0.009880 0.028443
v -0.029501 -0.010290 0.025701
v -0.094084 -0.024247 0.028189
v -0.094121 -0.028619 0.023945
v -0.074868 0.025821 0.026059
v -0.075531 0.029522 0.023489
v 0.003608 0.036255 0.020744
v 0.028944 0.032830 0.021561
v 0.005675 0.032766 0.028236
v 0.035150 -0.014031 0.024600
v 0.031407 -0.013369 0.031366
v -0.026591 0.026875 0.026008
v -0.028529 0.025975 0.024629
v -0.035894 -0.024108 0.025526
v -0.033853 -0.023780 0.027591
v -0.029571 -0.004641 0.026193
v -0.026698 -0.004781 0.029216
v -0.041648 -0.024582 0.028086
v -0.041128 -0.029270 0.023570
v -0.029587 0.005162 0.026222
v -0.026504 0.004903 0.029108
v -0.035894 -0.024108 0.025526
v -0.033460 -0.023009 0.027216
v 0.036190 -0.023060 0.023475
v 0.034022 -0.023666 0.027382
v -0.029601 0.015075 0.026171
v -0.026861 0.014792 0.028817
v 0.029288 0.032710 0.019634
v 0.029299 0.032711 0.019196
v 0.028774 0.032710 0.018841
v 0.029895 0.032711 0.020438
v 0.029276 0.031880 0.020998
v 0.004413 0.032657 0.027824
v -0.041821 -0.028118 0.024359
v -0.042191 -0.024181 0.028099
v 0.031158 -0.011664 0.025466
v 0.029262 -0.012483 0.028068
v 0.029472 0.004986 0.023261
v 0.025014 0.004924 0.027987
v 0.026989 0.001891 0.026071
v -0.029607 0.004870 0.023442
v -0.024719 0.001816 0.028547
v -0.025209 0.004825 0.028024
v -0.008667 0.030920 0.026129
v -0.005877 0.029747 0.026852
v -0.036215 -0.024233 0.025487
v -0.034112 -0.024001 0.027627
v 0.033353 -0.022784 0.027189
v 0.036190 -0.023060 0.023475
v 0.035023 -0.024275 0.027295
v 0.037247 -0.024453 0.024717
v -0.059456 -0.014587 0.029533
v -0.059516 -0.025100 0.021338
v 0.028517 -0.009759 0.024522
v 0.028388 -0.004910 0.024528
v 0.023992 -0.004971 0.028918
v 0.028388 -0.004910 0.024528
v 0.025911 -0.004922 0.028517
v -0.006171 0.028820 0.026827
v -0.011718 0.028763 0.025640
v -0.013969 0.031012 0.024593
v -0.009790 0.031058 0.027012
v -0.014338 0.030952 0.023554
v -0.009349 0.030994 0.026565
v -0.032648 -0.025449 0.024167
v -0.029606 -0.021413 0.027833
v -0.033443 -0.022587 0.026912
v 0.030567 0.001650 0.024592
v 0.028212 0.001329 0.027684
v -0.011269 0.032039 0.026102
v -0.013912 0.031048 0.025144
v 0.030153 0.015085 0.025100
v 0.031697 0.015434 0.023571
v 0.036043 -0.022584 0.023373
v 0.033104 -0.022242 0.027120
v -0.030299 0.025634 0.022470
v -0.030943 0.022858 0.025962
v 0.029068 0.005319 0.026532
v 0.031703 0.005580 0.023586
v -0.029597 -0.005010 0.023313
v -0.024586 -0.005042 0.029352
v -0.029480 -0.004980 0.024992
v -0.029478 0.009873 0.025255
v -0.024409 0.009802 0.030828
v -0.029504 0.014776 0.025168
v -0.026861 0.014792 0.028817
v -0.029461 -0.000017 0.025235
v -0.025453 -0.000073 0.029908
v 0.040145 -0.022271 0.022818
v 0.036944 -0.019630 0.027765
v -0.025622 -0.009830 0.028147
v -0.029573 -0.009899 0.023317
v -0.029522 -0.009973 0.024277
v -0.025919 -0.009880 0.028443
v -0.037328 -0.025673 0.025882
v -0.038358 -0.041676 0.026185
v -0.037789 -0.024987 0.024708
v -0.036678 -0.025292 0.026652
v 0.036735 -0.024863 0.025883
v 0.035325 -0.024424 0.027237
v -0.053969 -0.025964 0.023721
v -0.053969 -0.025964 0.023721
v -0.053916 -0.022601 0.026970
v -0.057402 -0.022964 0.026517
v -0.057402 -0.022964 0.026517
v -0.057413 -0.025496 0.024069
v -0.056645 0.023015 0.026479
v -0.057492 0.025336 0.024269
v -0.054316 0.023804 0.025882
v -0.057492 0.025336 0.024269
v -0.035826 -0.041455 0.022958
v -0.032927 -0.041301 0.026521
v 0.030354 -0.003482 0.025094
v 0.025881 -0.003085 0.029471
v 0.032262 -0.004520 0.022579
v 0.029460 -0.004414 0.026304
v 0.028810 -0.004570 0.026763
v 0.033377 -0.004779 0.020564
v -0.037313 -0.024686 0.025064
v -0.036129 -0.024809 0.027001
v 0.030740 -0.010800 0.025097
v 0.028031 -0.010330 0.027686
v -0.024622 -0.005060 0.028586
v -0.029573 -0.009899 0.023317
v -0.025292 -0.009779 0.027897
v 0.038569 -0.041526 0.024967
v 0.036734 -0.025069 0.026127
v 0.038569 -0.041526 0.024967
v 0.036349 -0.041533 0.028115
v -0.032237 -0.036660 0.024710
v -0.036205 -0.041165 0.021727
v -0.032927 -0.041301 0.026521
v -0.025649 0.027724 0.025778
v -0.030406 0.028024 0.019547
v -0.029947 0.024177 0.023098
v -0.030355 0.020814 0.027075
v -0.011814 0.028804 0.024908
v -0.008279 0.030128 0.026204
v 0.029394 0.000859 0.026394
v 0.031753 0.001304 0.023529
v -0.059582 -0.014036 0.020908
v -0.059516 -0.025100 0.021338
v -0.059553 -0.009467 0.031561
v -0.059641 0.016700 0.018841
v -0.059641 0.016700 0.018841
v -0.059641 0.016700 0.018841
v -0.059632 0.011885 0.022126
v 0.029632 -0.004098 0.026126
v 0.027377 -0.003705 0.028495
v -0.057793 -0.025490 0.023717
v -0.057402 -0.022964 0.026517
v -0.058410 -0.022844 0.025642
v -0.058695 -0.025933 0.022443
v -0.058275 0.023970 0.024959
v -0.057494 0.022839 0.026639
v -0.029602 -0.003330 0.025973
v -0.029607 0.000581 0.026443
v 0.028393 0.031047 0.020352
v 0.005280 0.029905 0.026950
v 0.028351 0.029947 0.020368
v 0.005240 0.028815 0.026969
v -0.029603 -0.003222 0.025622
v -0.029608 0.000213 0.026162
v 0.031238 0.011732 0.020909
v 0.028754 0.011730 0.025573
v 0.030069 0.006771 0.024171
v 0.026407 0.006835 0.026671
v -0.029597 -0.005010 0.023313
v -0.029573 -0.009899 0.023317
v -0.024622 -0.005060 0.028586
v -0.029638 0.016578 0.023346
v -0.029589 -0.010026 0.024806
v -0.029589 -0.010026 0.024806
v -0.029599 -0.004736 0.026088
v -0.029600 -0.004376 0.026436
v -0.029597 -0.005264 0.024600
v -0.029619 0.006633 0.025939
v -0.029625 0.010189 0.026231
v -0.029612 0.001694 0.025941
v -0.029611 0.005078 0.026133
v -0.035894 -0.024108 0.025526
v -0.032648 -0.025449 0.024167
v -0.033443 -0.022587 0.026912
v 0.040021 -0.021127 0.022356
v 0.036818 -0.018781 0.027219
v 0.034286 -0.013904 0.024903
v 0.035959 -0.022113 0.023188
v 0.033104 -0.022242 0.027120
v -0.001267 0.028356 0.026087
v -0.007133 0.032635 0.025359
v 0.002121 0.032652 0.026256
v 0.004038 0.028366 0.025825
v -0.001267 0.028356 0.026087
v 0.002121 0.032652 0.026256
v -0.030671 0.027147 0.027470
v -0.033937 0.029751 0.023514
v -0.037526 0.028193 0.024424
v -0.037723 -0.025416 0.025058
v -0.036908 -0.025606 0.026612
v -0.031980 0.025413 0.024777
v -0.031134 0.028150 0.025662
v 0.031342 -0.003089 0.020784
v 0.026491 -0.003060 0.027325
v 0.031827 0.001845 0.019952
v 0.029424 0.001841 0.024856
v -0.016965 0.028335 0.015066
v -0.016965 0.028335 0.015066
v -0.012028 0.028333 0.023663
v 0.001604 0.028360 0.026233
v -0.007810 0.028344 0.025038
v -0.007133 0.032635 0.025359
v -0.001267 0.028356 0.026087
v 0.032496 0.005076 0.021778
v -0.029631 0.011558 0.026000
v -0.029637 0.014953 0.026035
v 0.031680 -0.010008 0.022306
v 0.027794 -0.010063 0.027209
v -0.031783 -0.047908 0.020167
v -0.029836 -0.053310 0.023015
v -0.025367 -0.047902 0.027808
v -0.040853 -0.024857 0.028837
v -0.040844 -0.032572 0.020158
v -0.040835 -0.041680 0.025287
v -0.015403 0.032741 0.024424
v -0.011097 0.032671 0.026613
v -0.015403 0.032741 0.024424
v -0.011163 0.032367 0.026805
v -0.015732 0.028329 0.024607
v -0.015511 0.033480 0.026211
v -0.020107 0.028322 0.023104
v -0.013912 0.028330 0.027366
v 0.026801 0.016713 0.026232
v 0.030980 0.016674 0.021174
v 0.027087 0.025881 0.025893
v 0.030980 0.016674 0.021174
v 0.029221 0.026013 0.023415
v 0.027087 0.025881 0.025893
v 0.032081 -0.004434 0.023015
v 0.029871 -0.003956 0.025864
v -0.074611 -0.027469 0.024044
v -0.074577 -0.016750 0.018814
v -0.074636 -0.021490 0.029517
v -0.094628 0.032420 0.016434
v -0.094638 0.033109 -0.014734
v -0.094571 0.024218 0.027295
v 0.028705 0.026619 0.023655
v 0.027087 0.025881 0.025893
v 0.030980 0.016674 0.021174
v 0.040135 -0.020085 0.021490
v 0.037172 -0.017932 0.026254
v 0.031879 -0.061575 0.019992
v 0.027389 -0.047799 0.025686
v 0.025325 -0.061594 0.027852
v 0.031879 -0.061575 0.019992
v 0.031879 -0.061575 0.019992
v 0.031879 -0.061575 0.019992
v 0.032326 -0.047784 0.019225
v 0.027389 -0.047799 0.025686
v 0.031326 0.006791 0.020770
v 0.028444 0.009910 0.024536
v 0.026407 0.006835 0.026671
v 0.031281 0.014896 0.020839
v 0.026167 0.014818 0.026895
v 0.026466 0.011775 0.026601
v 0.031238 0.011732 0.020909
v 0.031281 0.014896 0.020839
v 0.026466 0.011775 0.026601
v -0.031121 0.027922 0.026106
v -0.033937 0.029751 0.023514
v -0.017008 0.028805 0.021691
v -0.011853 0.028770 0.025459
v -0.029413 0.001721 0.025100
v -0.024719 0.001816 0.028547
v -0.029607 0.004870 0.023442
v -0.029611 0.001756 0.023305
v -0.024719 0.001816 0.028547
v -0.012140 0.029584 0.024684
v -0.008667 0.030920 0.026129
v -0.011494 0.036164 0.018152
v -0.004191 0.036186 0.021119
v -0.010983 0.032973 0.026446
v -0.027223 -0.003154 0.026077
v -0.029308 -0.003203 0.025056
v -0.029601 -0.002881 0.024138
v -0.029586 -0.000071 0.023456
v -0.029599 -0.000378 0.024994
v -0.029603 -0.003222 0.025622
v -0.029607 0.004870 0.023442
v -0.029614 0.004586 0.025029
v -0.029611 0.002102 0.024189
v -0.029612 0.001694 0.025941
v -0.029619 0.007049 0.024182
v -0.029605 0.009809 0.023464
v -0.029614 0.009501 0.025152
v -0.029619 0.006633 0.025939
v -0.029629 0.011994 0.024190
v -0.029614 0.014750 0.023468
v -0.029628 0.014497 0.024948
v -0.029638 0.016578 0.023346
v -0.029638 0.016575 0.026339
v 0.031342 -0.003089 0.020784
v 0.026864 0.000008 0.026281
v 0.026595 -0.003046 0.026493
v -0.021262 0.033198 0.021871
v -0.019677 0.033619 0.023042
v -0.020107 0.028322 0.023104
v -0.015511 0.033480 0.026211
v -0.015511 0.033480 0.026211
v 0.040562 -0.022913 0.022415
v 0.039140 -0.023233 0.028461
v 0.037413 -0.024696 0.024645
v 0.036734 -0.025069 0.026127
v -0.041042 -0.029819 0.023044
v -0.040853 -0.024857 0.028837
v 0.038569 -0.041526 0.024967
v 0.038079 -0.041457 0.018751
v 0.033311 -0.041530 0.027055
v -0.076715 -0.031360 0.022397
v -0.076710 -0.028928 0.025466
v -0.092453 -0.028015 0.026531
v -0.092391 -0.031531 0.022190
v -0.076715 -0.031360 0.022397
v -0.092453 -0.028015 0.026531
v -0.076831 0.028998 0.025329
v -0.092504 0.031236 0.022449
v -0.092560 0.027643 0.026798
v -0.076827 0.031407 0.022242
v -0.092504 0.031236 0.022449
v -0.076831 0.028998 0.025329
v -0.053799 -0.031245 0.019130
v -0.042164 -0.027707 0.024590
v -0.053812 -0.024715 0.027093
v -0.053857 -0.023858 0.026966
v -0.053799 -0.031245 0.019130
v -0.053944 0.028100 0.022614
v -0.053995 0.024367 0.025435
v 0.038079 -0.041457 0.018751
v 0.035037 -0.041352 0.023917
v -0.036284 -0.024296 0.025350
v -0.037373 -0.024731 0.024948
v -0.032648 -0.025449 0.024167
v -0.032648 -0.025449 0.024167
v 0.037290 -0.025137 0.025184
v 0.038569 -0.041526 0.024967
v -0.015335 0.033720 0.026100
v -0.019258 0.033809 0.023346
v -0.026636 -0.051688 0.019712
v -0.022975 -0.034684 0.023938
v -0.021441 -0.051682 0.025180
v -0.026636 -0.051688 0.019712
v -0.026636 -0.051688 0.019712
v 0.028310 -0.034578 0.017436
v 0.026584 -0.034585 0.019726
v 0.022923 -0.051596 0.023924
v 0.021389 -0.034600 0.025195
v -0.029838 0.028327 0.017606
v -0.015403 0.032741 0.024424
v -0.011494 0.036164 0.018152
v -0.010983 0.032973 0.026446
v 0.028774 0.032710 0.018841
v 0.004038 0.028366 0.025825
v 0.002121 0.032652 0.026256
v 0.031827 0.001845 0.019952
v 0.029472 0.004986 0.023261
v 0.026989 0.001891 0.026071
v -0.059605 -0.002454 0.025086
v -0.059620 0.005782 0.024532
v -0.074606 -0.001748 0.025148
v -0.059620 0.005782 0.024532
v -0.074622 0.006469 0.024352
v -0.074606 -0.001748 0.025148
v -0.053946 -0.025418 0.024277
v -0.053799 -0.031245 0.019130
v 0.036628 -0.023331 0.023163
v 0.034423 -0.024027 0.027524
v -0.029638 0.016578 0.023346
v -0.029740 0.023606 0.023203
v -0.029655 0.016801 0.028138
v 0.037221 -0.024280 0.024219
v 0.034423 -0.024027 0.027524
v 0.037599 -0.015937 0.025080
v 0.037283 -0.017163 0.025771
v 0.039412 -0.015383 0.022002
v 0.039412 -0.015383 0.022002
v 0.025208 0.028416 0.015066
v 0.025208 0.028416 0.015066
v 0.025208 0.028416 0.015066
v 0.029512 0.028422 0.018261
v 0.028774 0.032710 0.018841
v 0.028676 0.028420 0.018740
v 0.004038 0.028366 0.025825
v -0.093631 -0.028648 0.024445
v -0.093683 -0.031729 0.020522
v -0.092868 -0.031511 0.021691
v -0.092453 -0.028015 0.026531
v -0.076715 -0.031360 0.022397
v -0.076304 -0.028544 0.025509
v -0.092504 0.031236 0.022449
v -0.093472 0.027828 0.025616
v -0.076027 0.029582 0.023858
v -0.076827 0.031407 0.022242
v 0.030061 0.014905 0.024166
v 0.026167 0.014818 0.026895
v -0.019625 0.028325 0.021079
v -0.020061 0.028324 0.020716
v -0.022012 0.028322 0.018894
v -0.012178 0.028512 0.026076
v -0.019053 0.028715 0.021596
v -0.019294 0.028537 0.021373
v -0.012477 0.028334 0.025941
v -0.017709 0.028769 0.021731
v -0.011777 0.028725 0.026264
v -0.017562 0.031036 0.022758
v -0.014328 0.030989 0.024078
v -0.017737 0.031510 0.022415
v -0.013912 0.031048 0.025144
v -0.013257 0.031649 0.025245
v -0.018750 0.032617 0.021218
v -0.031238 0.023386 0.025871
v -0.032200 0.025900 0.023754
v -0.032506 0.025716 0.024082
v -0.034452 0.030919 0.020782
v -0.031134 0.028150 0.025662
v -0.053989 0.028233 0.021102
v -0.057492 0.025336 0.024269
v -0.053995 0.024367 0.025435
v 0.039412 -0.015383 0.022002
v 0.037309 -0.015096 0.025201
v -0.009344 0.037622 0.019688
v -0.014594 0.037441 0.016852
v -0.015104 0.033980 0.026007
v -0.075935 -0.031013 0.021890
v -0.075421 -0.027352 0.026053
v -0.093051 0.031217 0.021856
v -0.094206 0.027653 0.025063
v 0.033092 0.010267 0.021187
v 0.029599 0.010517 0.026183
v -0.059420 0.020334 0.026351
v -0.059644 0.028020 0.017119
v -0.041190 -0.032675 0.019590
v -0.041289 -0.041643 0.024723
v -0.041013 -0.032632 0.019885
v -0.040835 -0.041680 0.025287
v 0.029659 0.010211 0.025766
v 0.032744 0.010038 0.021526
v -0.018372 0.032608 0.020266
v -0.018450 0.032618 0.020045
v -0.038358 -0.041676 0.026185
v -0.037763 -0.025344 0.024943
v -0.074590 -0.009778 0.023232
v -0.074590 -0.009778 0.023232
v -0.059605 -0.002454 0.025086
v -0.059605 -0.002454 0.025086
v -0.074606 -0.001748 0.025148
v -0.059594 -0.008132 0.023769
v -0.029324 0.024192 0.023693
v -0.029638 0.016578 0.023346
v 0.032403 0.006349 0.022514
v 0.030129 0.006573 0.025163
v 0.032314 0.011303 0.022464
v 0.029740 0.011214 0.026027
v -0.030852 0.026094 0.022542
v -0.031238 0.023386 0.025871
v -0.029847 0.024855 0.023042
v -0.028529 0.025975 0.024629
v 0.029370 0.000411 0.026229
v 0.032240 0.000666 0.022804
v 0.033287 0.011663 0.020495
v 0.029644 0.011473 0.025767
v 0.034679 -0.012525 0.020958
v 0.031651 -0.011965 0.025003
v 0.032429 0.000513 0.022271
v 0.028881 0.000081 0.026467
v -0.014594 0.037441 0.016852
v -0.019258 0.033809 0.023346
v -0.015104 0.033980 0.026007
v 0.038628 -0.014852 0.022288
v 0.035897 -0.014409 0.026674
v 0.028849 0.005032 0.026514
v 0.031841 0.005403 0.023136
v 0.034356 -0.011826 0.021022
v 0.030853 -0.011114 0.025572
v 0.031400 0.015289 0.023762
v 0.033352 0.015234 0.020936
v 0.029693 0.010890 0.026075
v 0.032173 0.011179 0.022885
v 0.029520 0.005960 0.026260
v 0.032403 0.006349 0.022514
v 0.032414 0.011001 0.022485
v 0.029599 0.010517 0.026183
v 0.031883 0.005847 0.023290
v 0.029228 0.005571 0.026586
v 0.031901 0.001044 0.023299
v 0.029657 0.000639 0.026131
v -0.074989 -0.030896 0.020876
v -0.074903 -0.027555 0.024617
v -0.075272 0.028808 0.023620
v -0.074734 0.031403 0.018647
v -0.030252 0.026074 0.022241
v -0.028529 0.025975 0.024629
v -0.028050 0.026497 0.024720
v -0.030583 0.027086 0.021119
v 0.032552 0.016334 0.022039
v 0.030025 0.016180 0.025681
v 0.033508 0.016608 0.020029
v 0.029401 0.016340 0.026120
v -0.042310 -0.029897 0.021797
v -0.041522 -0.028953 0.023620
v -0.015732 0.028329 0.024607
v -0.019272 0.032426 0.021706
v -0.015403 0.032741 0.024424
v -0.007810 0.028344 0.025038
v -0.013241 0.032626 0.022714
v -0.007133 0.032635 0.025359
v 0.032163 -0.003397 0.022607
v 0.030061 -0.003631 0.025680
v -0.040571 -0.041697 0.016490
v -0.039780 -0.030578 0.017296
v -0.039780 -0.030578 0.017296
v -0.038358 -0.041676 0.026185
v -0.038358 -0.041676 0.026185
v -0.037789 -0.024987 0.024708
v -0.059644 0.028020 0.017119
v -0.059644 0.028020 0.017119
v -0.059644 0.028020 0.017119
v -0.059644 0.028020 0.017119
v -0.041550 -0.032828 0.019402
v -0.041701 -0.041681 0.024253
v 0.029849 0.015889 0.025871
v 0.032413 0.016247 0.022468
v 0.031861 0.015702 0.023296
v 0.029496 0.015448 0.026275
v -0.015287 0.028333 0.021343
v -0.013241 0.032626 0.022714
v -0.007810 0.028344 0.025038
v -0.019141 0.032692 0.021575
v -0.015403 0.032741 0.024424
v 0.034679 -0.012525 0.020958
v 0.031982 -0.012443 0.024856
v 0.033353 -0.036567 0.023056
v -0.032648 -0.025449 0.024167
v -0.035138 -0.028582 0.020341
v -0.035138 -0.028582 0.020341
v -0.032237 -0.036660 0.024710
v -0.032237 -0.036660 0.024710
v 0.031806 0.016650 0.020924
v 0.027470 0.016660 0.027903
v 0.032231 -0.010429 0.022280
v 0.030853 -0.011114 0.025572
v 0.032260 -0.004171 0.022740
v 0.030061 -0.003631 0.025680
v -0.043135 -0.041683 0.024171
v -0.047577 -0.034396 0.019963
v -0.047529 -0.041692 0.024171
v -0.047560 -0.038940 0.007454
v -0.047560 -0.038940 0.007454
v -0.047529 -0.041650 0.002823
v -0.047529 -0.041692 0.024171
v -0.047529 -0.041692 0.024171
v -0.047577 -0.034396 0.019963
v -0.047384 -0.041665 0.002836
v -0.047529 -0.041692 0.024171
v -0.047240 -0.041679 0.002847
v -0.043135 -0.041683 0.024171
v -0.047529 -0.041692 0.024171
v -0.047240 -0.041679 0.002847
v -0.046612 -0.047926 0.006506
v -0.043135 -0.041683 0.024171
v -0.042413 -0.041638 0.024187
v -0.041905 -0.032947 0.019199
v -0.041905 -0.032947 0.019199
v -0.047577 -0.034396 0.019963
v -0.043135 -0.041683 0.024171
v -0.029581 -0.009853 0.023996
v -0.029597 -0.005010 0.023313
v 0.040135 -0.020085 0.021490
v -0.030436 0.027473 0.020567
v -0.026564 0.027454 0.025618
v -0.029586 -0.000071 0.023456
v -0.029603 -0.003183 0.023279
v -0.027223 -0.003154 0.026077
v -0.029614 0.014750 0.023468
v -0.029632 0.011639 0.023291
v -0.026492 0.011678 0.026929
v -0.029605 0.009809 0.023464
v -0.029622 0.006699 0.023287
v -0.026483 0.006738 0.026925
v 0.038080 -0.023842 0.021606
v 0.037582 -0.024771 0.024393
v -0.035138 -0.028582 0.020341
v -0.032648 -0.025449 0.024167
v -0.037789 -0.024987 0.024708
v -0.039780 -0.030578 0.017296
v -0.035138 -0.028582 0.020341
v -0.037789 -0.024987 0.024708
v 0.031698 -0.003126 0.021399
v 0.031597 -0.003140 0.022025
v 0.025881 -0.003085 0.029471
v 0.028270 -0.004899 0.025326
v 0.028388 -0.004910 0.024528
v 0.033377 -0.004779 0.020564
v 0.032507 -0.004819 0.020222
v -0.094232 -0.027867 0.024217
v -0.094507 -0.031790 0.017748
v -0.058181 -0.026006 0.022803
v -0.057437 -0.027727 0.021425
v -0.057544 0.027620 0.021585
v -0.057865 0.024977 0.024294
v -0.013977 0.030164 0.023701
v -0.017008 0.028805 0.021691
v -0.019046 0.032956 0.021419
v -0.011494 0.036164 0.018152
v -0.015403 0.032741 0.024424
v 0.028443 0.027174 0.023638
v 0.029648 0.033587 0.022988
v 0.026131 0.028273 0.024250
v -0.041879 -0.054462 0.021599
v -0.044217 -0.061226 0.016215
v -0.040627 -0.061508 0.023400
v -0.036828 -0.053964 0.028815
v -0.042014 -0.054320 0.020671
v 0.039060 -0.041503 0.020522
v 0.038569 -0.041526 0.024967
v -0.058297 0.027306 0.021069
v -0.058791 0.023605 0.024906
v -0.074590 -0.009778 0.023232
v -0.059582 -0.014036 0.020908
v -0.059594 -0.008132 0.023769
v -0.059620 0.005782 0.024532
v -0.059632 0.011885 0.022126
v -0.074622 0.006469 0.024352
v -0.059632 0.011885 0.022126
v -0.074632 0.011856 0.022126
v -0.074622 0.006469 0.024352
v -0.094340 0.026642 0.025559
v -0.094628 0.032420 0.016434
v -0.053799 -0.031245 0.019130
v -0.042310 -0.029897 0.021797
v -0.042164 -0.027707 0.024590
v -0.044033 -0.061464 0.016001
v -0.040627 -0.061508 0.023400
v -0.044494 -0.053967 0.014299
v 0.038706 -0.023790 0.019986
v 0.039540 -0.041521 0.020920
v 0.038569 -0.041526 0.024967
v 0.037828 -0.025065 0.024255
v 0.038706 -0.023790 0.019986
v 0.038569 -0.041526 0.024967
v 0.028784 0.026746 0.023537
v 0.029648 0.033587 0.022988
v -0.059133 -0.022483 0.025274
v -0.059084 -0.025450 0.022020
v -0.059223 0.027243 0.020049
v -0.058985 0.022982 0.025128
v 0.038242 -0.023888 0.021284
v 0.037828 -0.025065 0.024255
v -0.022607 0.028321 0.018517
v -0.019272 0.032426 0.021706
v -0.015732 0.028329 0.024607
v 0.031404 0.000079 0.020479
v 0.026864 0.000008 0.026281
v 0.031342 -0.003089 0.020784
v 0.030980 0.016674 0.021174
v 0.029274 0.026540 0.023368
v 0.029287 0.026825 0.023360
v 0.029648 0.033587 0.022988
v -0.074567 -0.021911 0.012370
v -0.074567 -0.021911 0.012370
v -0.074567 -0.021911 0.012370
v -0.074611 -0.027469 0.024044
v -0.074611 -0.027469 0.024044
v -0.023027 0.033821 0.019662
v -0.020983 0.033380 0.022001
v 0.031902 -0.004851 0.019781
v 0.028388 -0.004910 0.024528
v 0.028517 -0.009759 0.024522
v -0.022924 0.028266 0.027092
v -0.030090 0.028161 0.018742
v 0.031680 -0.010008 0.022306
v 0.028433 -0.009791 0.025017
v -0.035288 -0.036834 0.020056
v 0.031404 0.000079 0.020479
v 0.028069 0.000050 0.026263
v -0.033937 0.029751 0.023514
v -0.036647 0.032187 0.019006
v -0.037526 0.028193 0.024424
v -0.021262 0.033198 0.021871
v -0.024693 0.028317 0.018319
v -0.020107 0.028322 0.023104
v -0.025593 0.028320 0.018501
v -0.024693 0.028317 0.018319
v -0.029838 0.028327 0.017606
v -0.029838 0.028327 0.017606
v -0.020107 0.028322 0.023104
v -0.029832 -0.053555 0.023641
v -0.035712 -0.053924 0.015980
v -0.057437 -0.027727 0.021425
v -0.053969 -0.025964 0.023721
v -0.057413 -0.025496 0.024069
v -0.053989 0.028233 0.021102
v -0.057544 0.027620 0.021585
v -0.057492 0.025336 0.024269
v -0.017464 0.031002 0.022183
v -0.017727 0.030983 0.021636
v -0.014338 0.030952 0.023554
v -0.059373 0.027376 0.019166
v -0.059319 0.021530 0.025916
v -0.015287 0.028333 0.021343
v -0.018035 0.032619 0.019250
v -0.013241 0.032626 0.022714
v -0.018035 0.032619 0.019250
v -0.020734 0.030994 0.019304
v -0.017562 0.031036 0.022758
v -0.020890 0.030916 0.018056
v -0.018628 0.032013 0.021508
v -0.020799 0.031037 0.019848
v 0.004188 -0.061288 0.021291
v -0.001405 -0.061575 0.022232
v 0.034505 0.001296 0.019122
v 0.031753 0.001304 0.023529
v -0.053840 -0.030626 0.018714
v -0.053839 -0.030690 0.018604
v -0.053969 -0.025964 0.023721
v 0.033516 0.011515 0.020308
v 0.032173 0.011179 0.022885
v 0.034424 0.006449 0.018915
v 0.032403 0.006349 0.022514
v 0.034146 0.000407 0.019486
v 0.032240 0.000666 0.022804
v 0.030980 0.016674 0.021174
v 0.029952 0.027209 0.022489
v 0.032366 0.005236 0.022165
v 0.034652 0.005436 0.018863
v 0.034251 0.006706 0.018846
v 0.032033 0.006467 0.022792
v 0.034542 0.001441 0.019042
v 0.031309 0.001483 0.023852
v -0.041128 -0.029270 0.023570
v -0.040993 -0.032200 0.020022
v 0.033515 0.015382 0.020670
v 0.031697 0.015434 0.023571
v -0.033378 0.029482 0.023804
v -0.036647 0.032187 0.019006
v 0.033936 0.010799 0.020156
v 0.032173 0.011179 0.022885
v 0.031703 0.005580 0.023586
v 0.032202 0.006069 0.022819
v 0.034629 0.006182 0.018942
v 0.034627 0.005811 0.018924
v 0.034739 0.001551 0.018225
v 0.030235 0.001819 0.024820
v 0.034447 0.000913 0.019264
v 0.032240 0.000666 0.022804
v 0.034475 0.001159 0.019189
v 0.032072 0.000931 0.023051
v 0.034675 0.016073 0.018752
v 0.032413 0.016247 0.022468
v -0.031685 0.029080 0.019647
v -0.031865 0.026930 0.022511
v -0.057437 -0.027727 0.021425
v -0.053877 -0.030123 0.018200
v -0.053969 -0.025964 0.023721
v 0.038149 -0.023786 0.021265
v 0.036190 -0.023060 0.023475
v 0.038321 -0.023131 0.019916
v 0.036190 -0.023060 0.023475
v 0.032479 0.033430 0.021794
v 0.029648 0.033587 0.022988
v 0.032468 0.033550 0.021710
v 0.029648 0.033587 0.022988
v 0.032462 0.033607 0.021662
v 0.029787 0.033833 0.022699
v 0.030204 0.014920 0.024869
v 0.033541 0.015164 0.020395
v -0.076646 -0.034151 0.017857
v -0.076715 -0.031360 0.022397
v -0.092391 -0.031531 0.022190
v -0.092441 -0.034321 0.017586
v -0.076646 -0.034151 0.017857
v -0.092391 -0.031531 0.022190
v -0.076827 0.031407 0.022242
v -0.076827 0.031407 0.022242
v -0.092507 0.033216 0.019373
v -0.092507 0.033216 0.019373
v -0.092504 0.031236 0.022449
v -0.076831 0.033367 0.019154
v 0.033747 0.016510 0.019826
v 0.032413 0.016247 0.022468
v -0.035288 -0.036834 0.020056
v -0.036205 -0.041165 0.021727
v -0.032237 -0.036660 0.024710
v 0.029074 0.009940 0.024926
v 0.032556 0.009980 0.018559
v 0.032531 0.010018 0.020861
v 0.032556 0.009980 0.018559
v 0.032796 0.010001 0.019250
v 0.029669 0.009971 0.025489
v 0.031938 0.011706 0.020909
v 0.029535 0.011710 0.025560
v -0.035012 0.031213 0.020405
v -0.031134 0.028150 0.025662
v -0.030299 0.025634 0.022470
v -0.031008 0.026915 0.021782
v -0.031069 0.027232 0.021460
v -0.031685 0.029080 0.019647
v -0.093172 -0.031780 0.020970
v -0.092441 -0.034321 0.017586
v -0.076646 -0.034151 0.017857
v -0.075797 -0.031258 0.021358
v -0.093302 0.032010 0.020418
v -0.092504 0.031236 0.022449
v -0.076381 0.033211 0.018826
v -0.076827 0.031407 0.022242
v -0.076322 0.030839 0.022468
v -0.075398 0.033204 0.017586
v -0.059582 -0.014036 0.020908
v -0.059571 -0.020022 0.015223
v -0.059571 -0.020022 0.015223
v -0.059571 -0.020022 0.015223
v -0.059516 -0.025100 0.021338
v -0.059516 -0.025100 0.021338
v 0.031921 0.006768 0.020649
v 0.030234 0.006755 0.024834
v 0.035077 -0.003690 0.018164
v 0.032462 -0.003535 0.022271
v 0.033125 0.000144 0.019609
v 0.032228 0.000115 0.020341
v 0.028881 0.000081 0.026467
v 0.032545 0.033676 0.021515
v 0.029832 0.034037 0.022493
v 0.034675 0.015847 0.018799
v 0.032206 0.015943 0.022783
v -0.015254 0.036161 0.015073
v -0.011494 0.036164 0.018152
v -0.019046 0.032956 0.021419
v 0.036099 -0.022567 0.023274
v 0.038070 -0.022492 0.019641
v -0.074577 -0.016750 0.018814
v -0.059582 -0.014036 0.020908
v -0.074590 -0.009778 0.023232
v -0.059632 0.011885 0.022126
v -0.059641 0.016700 0.018841
v -0.074632 0.011856 0.022126
v -0.059641 0.016700 0.018841
v -0.074643 0.017215 0.018342
v -0.074632 0.011856 0.022126
v 0.033563 -0.004649 0.020368
v 0.032081 -0.004434 0.023015
v 0.034833 -0.003422 0.018174
v 0.031913 -0.003181 0.022817
v 0.031353 0.014912 0.021452
v 0.031281 0.014896 0.020839
v 0.034471 0.014989 0.017083
v 0.034877 0.015025 0.017795
v -0.075966 -0.033758 0.017648
v -0.074989 -0.030896 0.020876
v 0.034928 0.001814 0.015165
v 0.036039 0.001778 0.014997
v 0.031827 0.001845 0.019952
v 0.031762 0.001834 0.020711
v 0.003619 -0.061155 0.021085
v 0.007686 -0.061499 0.021078
v 0.008981 -0.051678 0.020429
v 0.001572 -0.051990 0.021628
v 0.033790 -0.009851 0.016327
v 0.031902 -0.004851 0.019781
v 0.028517 -0.009759 0.024522
v 0.034970 -0.004002 0.018354
v 0.032081 -0.004434 0.023015
v 0.035077 -0.003690 0.018164
v 0.032536 -0.004010 0.022331
v 0.032680 0.033756 0.021322
v 0.026537 0.037678 0.014839
v 0.029832 0.034037 0.022493
v 0.034286 -0.013904 0.024903
v 0.038030 -0.014458 0.018825
v 0.035959 -0.022113 0.023188
v 0.038030 -0.014458 0.018825
v 0.038070 -0.022492 0.019641
v 0.035959 -0.022113 0.023188
v -0.034896 0.030363 0.019977
v -0.032506 0.025716 0.024082
v -0.031685 0.029080 0.019647
v -0.035796 0.030009 0.018366
v -0.032506 0.025716 0.024082
v -0.014594 0.037441 0.016852
v -0.023027 0.033821 0.019662
v -0.019258 0.033809 0.023346
v -0.027718 -0.034689 0.018074
v -0.022975 -0.034684 0.023938
v -0.026636 -0.051688 0.019712
v -0.014953 -0.051694 0.017061
v -0.018923 -0.051741 0.011670
v -0.026636 -0.051688 0.019712
v 0.028749 -0.051578 0.016429
v 0.028749 -0.051578 0.016429
v 0.028749 -0.051578 0.016429
v 0.015709 -0.051687 0.015763
v 0.015709 -0.051687 0.015763
v 0.022923 -0.051596 0.023924
v 0.026584 -0.034585 0.019726
v 0.028749 -0.051578 0.016429
v 0.022923 -0.051596 0.023924
v -0.029932 -0.034691 0.014662
v -0.017100 0.029901 0.021587
v -0.014338 0.030952 0.023554
v -0.041535 -0.031692 0.019739
v -0.041128 -0.029270 0.023570
v -0.041998 -0.029868 0.022056
v -0.041978 -0.031526 0.019534
v 0.034099 -0.010937 0.020462
v 0.031680 -0.010008 0.022306
v -0.094121 -0.028619 0.023945
v -0.093947 -0.031572 0.019910
v -0.074992 0.031979 0.018422
v -0.075531 0.029522 0.023489
v 0.032747 0.033232 0.021729
v 0.029648 0.033587 0.022988
v 0.034631 -0.003178 0.018149
v -0.042230 -0.031263 0.019852
v -0.042310 -0.029897 0.021797
v 0.032556 0.009980 0.018559
v 0.028444 0.009910 0.024536
v 0.031326 0.006791 0.020770
v 0.034973 0.032598 0.020839
v 0.032482 0.033430 0.021793
v 0.032462 0.033607 0.021662
v 0.032477 0.033480 0.021761
v 0.035716 -0.036486 0.019029
v 0.034679 -0.012525 0.020958
v 0.033353 -0.036567 0.023056
v 0.037839 -0.014444 0.021557
v 0.034286 -0.013904 0.024903
v 0.034973 0.032598 0.020839
v 0.032471 0.033549 0.021708
v 0.031951 0.020076 0.019537
v 0.031951 0.020076 0.019537
v 0.031032 0.027656 0.020953
v 0.031780 0.027425 0.019822
v 0.031573 0.019266 0.020166
v 0.030526 0.027308 0.021719
v -0.036647 0.032187 0.019006
v -0.053914 0.028290 0.023305
v -0.037526 0.028193 0.024424
v -0.001196 -0.061144 0.021539
v 0.003619 -0.061155 0.021085
v 0.000598 -0.051901 0.021903
v -0.003806 -0.052522 0.020641
v -0.051290 -0.031030 0.019583
v -0.042310 -0.029897 0.021797
v -0.050406 -0.030969 0.019717
v -0.042490 -0.030559 0.020827
v -0.094044 0.031601 0.019699
v -0.094206 0.027653 0.025063
v 0.034973 0.032598 0.020839
v 0.032594 0.033681 0.021475
v -0.057393 -0.029702 0.018602
v -0.053877 -0.030123 0.018200
v -0.057437 -0.027727 0.021425
v -0.053989 0.028233 0.021102
v -0.057518 0.029610 0.018767
v -0.057544 0.027620 0.021585
v 0.041008 -0.015003 0.017614
v 0.038945 -0.015015 0.022040
v 0.041052 -0.015307 0.018189
v 0.039412 -0.015383 0.022002
v 0.040455 -0.014831 0.018303
v 0.038184 -0.014503 0.022335
v 0.029918 0.032437 0.021052
v 0.029489 0.028419 0.021634
v -0.007768 -0.061573 0.020915
v -0.001402 -0.061180 0.021589
v -0.004274 -0.052291 0.020841
v 0.000117 -0.051721 0.022336
v 0.030292 0.027302 0.022083
v 0.033355 0.027277 0.019166
v 0.035409 0.027215 0.018476
v 0.029327 0.027290 0.023327
v 0.036540 0.027211 0.019391
v 0.029327 0.027290 0.023327
v 0.037930 0.027277 0.019671
v 0.029327 0.027290 0.023327
v 0.033790 0.027276 0.018753
v 0.029327 0.027290 0.023327
v 0.039021 0.027279 0.019672
v 0.038725 0.030145 0.019678
v 0.029327 0.027290 0.023327
v 0.038725 0.030145 0.019678
v 0.029648 0.033587 0.022988
v 0.029327 0.027290 0.023327
v 0.003608 0.036255 0.020744
v 0.026514 0.036246 0.014398
v 0.028944 0.032830 0.021561
v -0.036647 0.032187 0.019006
v -0.053922 0.032313 0.017135
v -0.053914 0.028290 0.023305
v -0.053963 0.031641 0.016891
v -0.053965 0.031513 0.017055
v -0.054004 0.030867 0.016858
v -0.053965 0.028337 0.021693
v -0.053914 0.028290 0.023305
v -0.057848 -0.029506 0.018287
v -0.057437 -0.027727 0.021425
v -0.057959 -0.027137 0.021620
v -0.059058 -0.029529 0.016654
v -0.058228 0.029850 0.017540
v -0.058418 0.027462 0.020725
v 0.042188 -0.024000 0.018704
v 0.040145 -0.022271 0.022818
v 0.029930 0.028839 0.020195
v 0.028404 0.028860 0.020356
v 0.028734 0.031090 0.020899
v 0.030879 0.031129 0.020274
v 0.030123 0.031870 0.020522
v 0.028801 0.031125 0.021482
v 0.032727 0.005044 0.018275
v 0.029472 0.004986 0.023261
v 0.031827 0.001845 0.019952
v 0.032727 0.005044 0.018275
v 0.031823 0.005052 0.021748
v -0.025142 0.033169 0.017332
v -0.024693 0.028317 0.018319
v -0.021262 0.033198 0.021871
v -0.022840 0.033638 0.019922
v -0.025142 0.033169 0.017332
v 0.030969 0.032805 0.020254
v 0.028944 0.032830 0.021561
v -0.004191 0.036186 0.021119
v 0.000789 0.036216 0.020741
v 0.035716 -0.036486 0.019029
v 0.033353 -0.036567 0.023056
v 0.035301 -0.041285 0.023401
v 0.038079 -0.041457 0.018751
v 0.035716 -0.036486 0.019029
v 0.035301 -0.041285 0.023401
v 0.035442 0.032113 0.020730
v 0.029648 0.033587 0.022988
v -0.007517 -0.061196 0.020323
v -0.001223 -0.060763 0.020946
v 0.005849 -0.060884 0.020246
v 0.010239 -0.061339 0.019351
v -0.003806 -0.052522 0.020641
v -0.007944 -0.052016 0.020264
v 0.006645 -0.052270 0.020224
v 0.002162 -0.052155 0.021260
v 0.033790 -0.009851 0.016327
v 0.030899 -0.009930 0.022617
v 0.034911 0.033783 0.018379
v 0.034267 0.033115 0.020643
v -0.020898 0.030121 0.018014
v -0.021324 0.028768 0.017546
v -0.017532 0.029915 0.021234
v -0.017695 0.030954 0.021120
v 0.026514 0.036246 0.014398
v 0.029925 0.033023 0.020597
v -0.059127 -0.025552 0.021785
v -0.059058 -0.029529 0.016654
v 0.031532 0.028004 0.020388
v 0.033355 0.027277 0.019166
v 0.031028 0.032594 0.020419
v 0.030653 0.028725 0.020783
v 0.031589 0.028375 0.020113
v 0.029811 0.028418 0.021203
v 0.001011 0.036666 0.020901
v 0.003608 0.036255 0.020744
v 0.000937 -0.060010 0.020459
v 0.003619 -0.061155 0.021085
v -0.001737 -0.053294 0.020379
v 0.002162 -0.052155 0.021260
v -0.035712 -0.053924 0.015980
v -0.044494 -0.053967 0.014299
v -0.029730 -0.053868 0.024580
v 0.040135 -0.020085 0.021490
v 0.041122 -0.015517 0.018496
v 0.039412 -0.015383 0.022002
v 0.038855 -0.014567 0.018997
v 0.038184 -0.014503 0.022335
v 0.000341 0.036625 0.020600
v 0.001233 0.036955 0.021022
v 0.038862 -0.023733 0.019765
v 0.039540 -0.041521 0.020920
v -0.074650 0.020894 0.013821
v -0.074650 0.020894 0.013821
v -0.074650 0.020894 0.013821
v -0.074734 0.031403 0.018647
v -0.074734 0.031403 0.018647
v -0.074734 0.031403 0.018647
v -0.007427 -0.060860 0.019766
v -0.003230 -0.059911 0.020136
v -0.003609 -0.059455 0.019840
v -0.000910 -0.060322 0.020636
v 0.001281 -0.059519 0.020162
v 0.003766 -0.060373 0.020435
v 0.005329 -0.060181 0.019903
v 0.003619 -0.061155 0.021085
v -0.001281 -0.053755 0.020167
v -0.003977 -0.053051 0.020230
v 0.006181 -0.052502 0.020052
v 0.003498 -0.053193 0.020270
v 0.002412 -0.052885 0.020660
v -0.001281 -0.053755 0.020167
v 0.025784 0.036238 0.014748
v 0.003608 0.036255 0.020744
v 0.042706 -0.023056 0.016247
v 0.040227 -0.021158 0.021903
v 0.039831 -0.041518 0.020494
v 0.038079 -0.041457 0.018751
v 0.039020 -0.023666 0.019540
v 0.039895 -0.041506 0.020559
v -0.021809 0.028752 0.017352
v -0.021324 0.028768 0.017546
v -0.019053 0.028715 0.021596
v -0.018392 0.028750 0.021487
v -0.030783 0.028212 0.019754
v -0.030583 0.027086 0.021119
v 0.000461 0.036960 0.013346
v 0.000148 0.036959 0.013585
v 0.000812 0.036961 0.013023
v 0.000658 0.036954 0.020636
v 0.001233 0.036955 0.021022
v 0.001233 0.036955 0.021022
v -0.037515 -0.031458 0.015553
v -0.035138 -0.028582 0.020341
v -0.039780 -0.030578 0.017296
v 0.028393 0.031047 0.020352
v 0.030328 0.031081 0.019740
v -0.023082 0.032784 0.017360
v -0.019272 0.032426 0.021706
v -0.022607 0.028321 0.018517
v -0.039642 -0.041555 0.016610
v -0.035768 -0.041614 0.023431
v 0.034911 0.033783 0.018379
v 0.026537 0.037678 0.014839
v 0.032680 0.033756 0.021322
v 0.039266 -0.023595 0.019395
v 0.040252 -0.041519 0.020200
v -0.023082 0.032784 0.017360
v -0.019170 0.032694 0.021548
v 0.000075 0.036208 0.015073
v 0.000075 0.036208 0.015073
v 0.000075 0.036208 0.015073
v 0.000297 0.036206 0.020706
v -0.004191 0.036186 0.021119
v -0.004191 0.036186 0.021119
v -0.002155 0.037601 0.021491
v -0.009344 0.037622 0.019688
v -0.036093 -0.041335 0.022262
v -0.038968 -0.041439 0.016579
v 0.006809 0.036233 0.019733
v 0.025184 0.036230 0.015045
v 0.041958 -0.041479 0.008283
v 0.039120 -0.041486 0.019282
v 0.006256 -0.060748 0.020026
v 0.010349 -0.061089 0.018834
v 0.009134 -0.051857 0.019925
v 0.006181 -0.052502 0.020052
v 0.005932 -0.060198 0.019726
v 0.008276 -0.059515 0.018431
v -0.004750 -0.053387 0.019831
v -0.008276 -0.053756 0.018435
v -0.008357 -0.053041 0.018905
v -0.003806 -0.052522 0.020641
v -0.021212 0.028326 0.015474
v -0.021212 0.028326 0.015474
v -0.018035 0.032619 0.019250
v -0.015287 0.028333 0.021343
v 0.033530 0.010435 0.020658
v 0.035161 0.010359 0.017753
v -0.035006 -0.053637 0.015664
v -0.029836 -0.053310 0.023015
v 0.031834 0.027809 0.019718
v 0.032684 0.028689 0.018239
v -0.035288 -0.036834 0.020056
v -0.038968 -0.041439 0.016579
v -0.036205 -0.041165 0.021727
v 0.032684 0.028689 0.018239
v 0.031314 0.028411 0.020155
v 0.039918 -0.023756 0.019210
v 0.040252 -0.041519 0.020200
v 0.028934 0.029152 0.020040
v 0.030170 0.028865 0.019308
v 0.029639 0.030757 0.019616
v 0.028393 0.031047 0.020352
v 0.040301 -0.023964 0.019173
v 0.040831 -0.041498 0.020106
v 0.008267 0.036590 0.019236
v 0.003608 0.036255 0.020744
v 0.003061 0.036497 0.020770
v 0.008284 0.036970 0.019220
v 0.040850 -0.041518 0.020076
v 0.041914 -0.041515 0.019427
v 0.041958 -0.041479 0.008283
v 0.041958 -0.041479 0.008283
v -0.003609 -0.059455 0.019840
v -0.001281 -0.053755 0.020167
v 0.001281 -0.059519 0.020162
v 0.003610 -0.053818 0.019844
v 0.001281 -0.059519 0.020162
v -0.001281 -0.053755 0.020167
v 0.008284 0.036970 0.019220
v -0.037747 -0.036677 0.014934
v -0.038968 -0.041439 0.016579
v -0.035288 -0.036834 0.020056
v -0.023082 0.032784 0.017360
v -0.016980 0.036161 0.013070
v -0.019046 0.032956 0.021419
v -0.017012 0.035770 0.014423
v -0.019046 0.032956 0.021419
v -0.016255 0.035810 0.015161
v -0.019046 0.032956 0.021419
v 0.034686 0.015542 0.018553
v 0.033352 0.015234 0.020936
v 0.009655 -0.061424 0.019888
v 0.016388 -0.061581 0.015940
v -0.013765 -0.051966 0.017000
v -0.007779 -0.051749 0.020875
v 0.015709 -0.051687 0.015763
v 0.010400 -0.051942 0.018990
v -0.007560 -0.060274 0.019248
v -0.003609 -0.059455 0.019840
v 0.006364 -0.052939 0.019653
v 0.003610 -0.053818 0.019844
v -0.041029 -0.032515 0.019878
v -0.041128 -0.031900 0.019848
v 0.042594 -0.015749 0.014966
v 0.041122 -0.015517 0.018496
v 0.040135 -0.020085 0.021490
v 0.042706 -0.023056 0.016247
v 0.042594 -0.015749 0.014966
v 0.040135 -0.020085 0.021490
v 0.032894 0.032508 0.018370
v 0.031589 0.028375 0.020113
v 0.031028 0.032594 0.020419
v 0.000148 0.036959 0.013585
v 0.000241 0.036599 0.020527
v 0.000106 0.036491 0.014606
v 0.000297 0.036206 0.020706
v 0.038070 -0.022492 0.019641
v 0.038834 -0.023688 0.019763
v -0.049279 -0.031612 0.019419
v -0.042209 -0.031326 0.019770
v -0.049703 -0.031336 0.019550
v -0.042383 -0.031145 0.019984
v 0.037272 0.027276 0.019618
v 0.039292 0.027280 0.018849
v 0.038996 0.027279 0.019305
v 0.039884 0.027282 0.018164
v 0.039071 0.029768 0.019477
v 0.039021 0.027279 0.019672
v -0.074577 -0.016750 0.018814
v -0.059571 -0.020022 0.015223
v -0.059582 -0.014036 0.020908
v 0.031589 0.028375 0.020113
v 0.033114 0.027809 0.018862
v 0.039034 0.030127 0.019330
v 0.034973 0.032598 0.020839
v 0.032701 0.032767 0.018370
v 0.031028 0.032594 0.020419
v 0.031015 0.032848 0.020172
v 0.032566 0.033004 0.018323
v -0.031783 -0.047908 0.020167
v -0.034405 -0.053365 0.015248
v -0.029836 -0.053310 0.023015
v -0.035138 -0.028582 0.020341
v -0.037515 -0.031458 0.015553
v -0.035288 -0.036834 0.020056
v -0.037515 -0.031458 0.015553
v -0.037747 -0.036677 0.014934
v -0.035288 -0.036834 0.020056
v 0.037380 -0.036714 0.015628
v 0.037715 -0.027239 0.014744
v 0.035716 -0.036486 0.019029
v 0.037715 -0.027239 0.014744
v 0.034679 -0.012525 0.020958
v 0.035716 -0.036486 0.019029
v -0.004929 -0.053768 0.019554
v -0.001281 -0.053755 0.020167
v -0.003609 -0.059455 0.019840
v 0.003610 -0.053818 0.019844
v 0.004930 -0.059505 0.019549
v 0.001281 -0.059519 0.020162
v 0.026555 0.037700 -0.014509
v 0.026555 0.037700 -0.014509
v -0.000536 0.037703 -0.021278
v -0.000536 0.037703 -0.021278
v -0.000536 0.037703 -0.021278
v -0.000536 0.037703 -0.021278
v 0.002812 0.037678 0.021377
v 0.002812 0.037678 0.021377
v 0.002812 0.037678 0.021377
v 0.002812 0.037678 0.021377
v 0.026537 0.037678 0.014839
v 0.029921 0.037730 0.004664
v 0.002812 0.037678 0.021377
v 0.029921 0.037730 0.004664
v 0.028865 0.037716 -0.009377
v 0.028865 0.037716 -0.009377
v 0.037715 -0.027239 0.014744
v 0.036601 -0.012343 0.017232
v 0.034679 -0.012525 0.020958
v -0.041268 -0.032322 0.019616
v -0.041767 -0.032219 0.019213
v -0.025741 0.028322 0.013384
v -0.019379 0.028503 0.021297
v -0.024601 0.028710 0.014967
v -0.024981 0.028555 0.014429
v -0.019625 0.028325 0.021079
v -0.023372 0.030998 0.015957
v -0.020799 0.031037 0.019848
v -0.023251 0.030944 0.014818
v -0.020938 0.030957 0.018536
v -0.059651 0.021871 0.012407
v -0.059651 0.021871 0.012407
v 0.041623 -0.028150 0.018573
v 0.041874 -0.041481 0.019509
v -0.023629 0.031496 0.016087
v -0.020799 0.031037 0.019848
v -0.020207 0.031644 0.020140
v -0.024266 0.032611 0.014586
v 0.036601 -0.012343 0.017232
v 0.034497 -0.011953 0.020871
v -0.041905 -0.032947 0.019199
v -0.047746 -0.033640 0.019561
v 0.032684 0.028689 0.018239
v 0.030065 0.028631 0.020921
v 0.031680 0.028882 0.017619
v 0.030267 0.028852 0.019618
v 0.032121 0.028788 0.018003
v 0.030175 0.028811 0.020863
v 0.030633 0.031093 0.019719
v 0.030174 0.031052 0.019299
v 0.032663 0.031134 0.018307
v 0.031970 0.031086 0.017987
v 0.032663 0.031134 0.018307
v 0.030716 0.031604 0.020177
v -0.009344 0.037622 0.019688
v -0.009344 0.037622 0.019688
v 0.038359 -0.022460 0.019422
v 0.039020 -0.023666 0.019540
v 0.032894 0.032508 0.018370
v 0.032456 0.028592 0.019085
v -0.031131 0.030561 0.016390
v -0.031685 0.029080 0.019647
v -0.023704 0.032613 0.013326
v -0.023642 0.032613 0.013782
v -0.024266 0.032611 0.014586
v 0.034552 0.016638 0.014452
v 0.032685 0.016632 0.020193
v 0.036625 -0.011950 0.016800
v 0.034168 -0.011250 0.020963
v 0.037904 0.020353 0.019038
v 0.036392 0.026422 0.019313
v 0.031951 0.020076 0.019537
v 0.036392 0.026422 0.019313
v 0.031905 0.026915 0.019630
v 0.031951 0.020076 0.019537
v 0.035253 0.027015 0.018494
v 0.031905 0.026915 0.019630
v 0.036157 0.026821 0.019235
v 0.031905 0.026915 0.019630
v -0.013822 -0.061571 0.017375
v -0.007656 -0.061212 0.020299
v -0.008473 -0.052146 0.019776
v -0.013121 -0.052157 0.016853
v -0.011494 0.036164 0.018152
v -0.011494 0.036164 0.018152
v -0.008276 -0.053756 0.018435
v -0.004929 -0.053768 0.019554
v -0.003609 -0.059455 0.019840
v -0.008245 -0.059547 0.018439
v -0.008276 -0.053756 0.018435
v -0.003609 -0.059455 0.019840
v 0.003610 -0.053818 0.019844
v 0.008276 -0.059515 0.018431
v 0.004930 -0.059505 0.019549
v 0.008245 -0.053724 0.018444
v 0.008276 -0.059515 0.018431
v 0.003610 -0.053818 0.019844
v 0.036840 -0.011370 0.015808
v 0.034475 -0.010796 0.019568
v 0.040314 -0.021998 0.019040
v 0.041413 -0.041517 0.020014
v -0.041729 -0.032586 0.019268
v -0.041190 -0.032675 0.019590
v -0.041763 -0.031884 0.019438
v -0.041128 -0.031900 0.019848
v 0.038030 -0.014458 0.018825
v 0.038323 -0.022381 0.019414
v 0.037144 0.026916 0.019493
v 0.038288 0.026428 0.019344
v -0.031078 0.028678 0.019445
v -0.030715 0.030215 0.016568
v 0.008107 -0.059919 0.018731
v 0.010848 -0.060737 0.017951
v 0.010787 -0.052081 0.018482
v 0.008021 -0.053239 0.018844
v 0.026514 0.036246 0.014398
v 0.031647 0.033093 0.019077
v 0.038410 0.026428 0.018942
v 0.038385 0.026428 0.019078
v 0.038322 0.026428 0.019161
v 0.036392 0.026422 0.019313
v 0.039698 0.029989 0.018718
v 0.034911 0.033783 0.018379
v 0.034973 0.032598 0.020839
v -0.048283 -0.034585 0.015583
v -0.047971 -0.033561 0.019294
v 0.040192 -0.014739 0.018598
v 0.041454 -0.029378 0.018839
v 0.038565 -0.022304 0.019201
v 0.039231 -0.023544 0.019393
v -0.041897 -0.031861 0.019379
v -0.049279 -0.031612 0.019419
v 0.037441 0.026262 0.019120
v 0.037904 0.020353 0.019038
v 0.038127 0.026755 0.019339
v 0.039252 0.027280 0.018674
v 0.030640 0.032715 0.016891
v 0.032116 0.032719 0.016511
v 0.031375 0.032717 0.017074
v 0.033127 0.032721 0.016620
v 0.032642 0.031786 0.017864
v 0.029895 0.032711 0.020438
v 0.036172 -0.010820 0.016112
v 0.034486 -0.010532 0.019093
v 0.036318 0.026818 0.019277
v 0.037272 0.027276 0.019618
v 0.039342 0.029771 0.019216
v 0.038725 0.030145 0.019678
v 0.040243 0.027283 0.018132
v 0.040243 0.027283 0.018132
v 0.039509 0.027575 0.019060
v 0.039311 0.029621 0.019330
v -0.035419 0.030463 0.018993
v -0.037523 0.033398 0.014091
v -0.049139 -0.034036 0.015376
v -0.049279 -0.031612 0.019419
v -0.049794 -0.031356 0.019482
v -0.050046 -0.033672 0.014774
v 0.034343 0.000123 0.014998
v 0.031404 0.000079 0.020479
v 0.031342 -0.003089 0.020784
v -0.048604 -0.032292 0.019244
v -0.041767 -0.032219 0.019213
v -0.048283 -0.034585 0.015583
v -0.048642 -0.032408 0.019120
v 0.038188 0.020233 0.018689
v 0.031951 0.020076 0.019537
v 0.038565 -0.022304 0.019201
v 0.039687 -0.023579 0.019225
v -0.053799 -0.031245 0.019130
v -0.050046 -0.033672 0.014774
v -0.050406 -0.030969 0.019717
v -0.093683 -0.031729 0.020522
v -0.093020 -0.034063 0.017074
v -0.092575 0.035570 0.014592
v -0.092956 0.032751 0.019594
v -0.076001 0.033379 0.018030
v -0.076781 0.035714 0.014309
v -0.048254 -0.032802 0.019114
v -0.041859 -0.032593 0.019206
v 0.034343 0.000123 0.014998
v 0.030980 0.016674 0.021174
v 0.032133 0.019943 0.019267
v 0.032193 0.019958 0.019206
v 0.038681 0.020078 0.018214
v 0.033951 -0.009519 0.015906
v 0.031902 -0.004851 0.019781
v 0.039187 -0.014729 0.018711
v 0.040301 -0.023964 0.019173
v 0.039226 -0.022804 0.019183
v 0.038030 -0.014458 0.018825
v -0.054004 0.030867 0.016858
v -0.057494 0.031404 0.015581
v -0.053989 0.028233 0.021102
v -0.057215 0.029942 0.018168
v -0.053989 0.028233 0.021102
v 0.034159 -0.009241 0.015386
v 0.034650 -0.004905 0.014253
v 0.031902 -0.004851 0.019781
v 0.034650 -0.004905 0.014253
v 0.032644 -0.004818 0.020054
v -0.093201 0.035206 0.014409
v -0.093806 0.031643 0.020465
v 0.035320 -0.010255 0.016241
v 0.034486 -0.010532 0.019093
v 0.034422 -0.010371 0.018536
v 0.031680 -0.010008 0.022306
v 0.034552 0.016638 0.014452
v 0.032360 0.019856 0.018927
v 0.030980 0.016674 0.021174
v 0.039517 0.029751 0.019009
v 0.040243 0.027283 0.018132
v -0.041879 -0.054462 0.021599
v -0.045743 -0.054460 0.011232
v -0.044217 -0.061226 0.016215
v -0.044816 -0.054140 0.013533
v -0.041879 -0.054462 0.021599
v 0.038288 0.026428 0.019344
v 0.039253 0.026863 0.018554
v 0.039376 0.026431 0.018012
v 0.039479 0.026431 0.018215
v 0.039391 0.026431 0.017693
v 0.038408 0.020461 0.018729
v 0.038410 0.026428 0.018942
v 0.041958 -0.041479 0.008283
v 0.039243 -0.041341 0.015734
v -0.030069 0.028436 0.017998
v -0.030715 0.030215 0.016568
v -0.094272 -0.031955 0.018224
v -0.094110 -0.034171 0.014935
v -0.094369 0.032940 0.016220
v -0.093806 0.031643 0.020465
v 0.031680 0.028882 0.017619
v 0.030380 0.029515 0.019072
v 0.031466 0.030421 0.017858
v 0.030174 0.031052 0.019299
v 0.038753 0.020269 0.018348
v 0.037904 0.020353 0.019038
v -0.013225 -0.061140 0.016965
v -0.007427 -0.060860 0.019766
v -0.023027 0.033821 0.019662
v -0.025240 0.033370 0.016986
v 0.034284 -0.009938 0.016306
v 0.031680 -0.010008 0.022306
v -0.057396 -0.031491 0.015345
v -0.053877 -0.030123 0.018200
v -0.057393 -0.029702 0.018602
v -0.014594 0.037441 0.016852
v -0.017986 0.037648 0.012008
v -0.023027 0.033821 0.019662
v 0.034973 0.027076 0.017827
v 0.036030 0.027157 0.019162
v -0.075192 -0.033389 0.016757
v -0.074989 -0.030896 0.020876
v 0.010239 -0.061339 0.019351
v 0.015473 -0.061325 0.015646
v 0.038079 -0.041457 0.018751
v 0.037380 -0.036714 0.015628
v 0.035716 -0.036486 0.019029
v 0.040018 0.029651 0.018167
v 0.040243 0.027283 0.018132
v 0.008447 0.036224 0.015073
v 0.025184 0.036230 0.015045
v 0.008304 0.036220 0.019234
v 0.008295 0.036587 0.019194
v 0.008447 0.036224 0.015073
v 0.008229 0.036975 0.013226
v 0.008372 0.036491 0.014633
v 0.008284 0.036970 0.019220
v 0.039540 -0.041284 0.014990
v 0.037380 -0.036714 0.015628
v 0.038079 -0.041457 0.018751
v 0.040611 -0.014906 0.018096
v 0.041623 -0.028150 0.018573
v -0.024216 0.028739 0.014469
v -0.024226 0.028748 0.014087
v -0.021324 0.028768 0.017546
v -0.012858 -0.060782 0.016553
v -0.008069 -0.060092 0.018894
v 0.008276 -0.059515 0.018431
v 0.010865 -0.060210 0.017507
v -0.008583 -0.053166 0.018712
v -0.011962 -0.053078 0.016819
v -0.011513 -0.053778 0.016543
v -0.008675 -0.052373 0.019270
v 0.011005 -0.052344 0.018033
v 0.008245 -0.053724 0.018444
v -0.058297 -0.029840 0.017122
v -0.057396 -0.031491 0.015345
v -0.058294 0.030303 0.016638
v -0.057518 0.029610 0.018767
v -0.031925 0.031652 0.015275
v -0.035796 0.030009 0.018366
v -0.031685 0.029080 0.019647
v 0.029225 0.037512 0.010274
v 0.026537 0.037678 0.014839
v 0.034911 0.033783 0.018379
v -0.074608 -0.033774 0.013672
v -0.074866 -0.030095 0.021389
v -0.017986 0.037648 0.012008
v -0.026190 0.033820 0.015174
v -0.023027 0.033821 0.019662
v 0.042594 -0.015749 0.014966
v 0.041087 -0.015223 0.017910
v 0.042594 -0.015749 0.014966
v 0.041071 -0.014896 0.017037
v 0.038898 0.020455 0.018425
v 0.038873 0.026314 0.018242
v -0.011626 -0.059915 0.016725
v -0.008245 -0.059547 0.018439
v 0.011627 -0.053353 0.016730
v 0.008245 -0.053724 0.018444
v 0.041573 -0.026923 0.018436
v 0.042332 -0.041514 0.019012
v -0.030848 -0.034690 0.012148
v -0.030848 -0.034690 0.012148
v -0.027718 -0.034689 0.018074
v -0.026636 -0.051688 0.019712
v -0.026636 -0.051688 0.019712
v -0.031113 -0.051690 0.011342
v -0.018923 -0.051741 0.011670
v -0.018923 -0.051741 0.011670
v -0.031113 -0.051690 0.011342
v -0.031113 -0.051690 0.011342
v 0.029926 -0.034574 0.013917
v 0.028749 -0.051578 0.016429
v 0.026584 -0.034585 0.019726
v 0.040112 0.029844 0.017696
v 0.039698 0.029989 0.018718
v 0.029394 0.028716 0.018040
v 0.028774 0.032710 0.018841
v 0.029892 0.032379 0.017664
v 0.030465 0.028425 0.016961
v 0.039409 0.026830 0.018296
v 0.039742 0.027283 0.016881
v 0.039924 0.027283 0.016748
v 0.039742 0.027283 0.016881
v 0.039954 0.027283 0.016478
v 0.039122 0.020502 0.017892
v 0.039341 0.026431 0.017524
v 0.038812 0.020273 0.018277
v 0.039336 0.020445 0.017379
v -0.074608 -0.033774 0.013672
v -0.074608 -0.033774 0.013672
v -0.074608 -0.033774 0.013672
v -0.074655 0.023805 0.007942
v -0.074655 0.023805 0.007942
v -0.074655 0.023805 0.007942
v -0.058968 0.029895 0.016192
v -0.059401 0.030702 0.013186
v -0.059520 0.027961 0.017676
v -0.059223 0.027243 0.020049
v 0.010707 -0.060971 0.018419
v 0.014913 -0.061128 0.015316
v 0.015709 -0.051687 0.015763
v 0.012684 -0.052330 0.016888
v -0.076831 0.033367 0.019154
v -0.076831 0.033367 0.019154
v -0.092575 0.035570 0.014592
v -0.092575 0.035570 0.014592
v -0.092507 0.033216 0.019373
v -0.076781 0.035714 0.014309
v 0.036527 0.010476 0.014870
v 0.035016 0.010419 0.018018
v 0.034512 0.001304 0.019108
v 0.036686 0.001142 0.014715
v 0.034226 0.000457 0.019405
v 0.036541 0.000647 0.014897
v -0.036228 0.031985 0.019207
v -0.038351 0.033791 0.015484
v 0.036497 0.027917 0.010979
v 0.033115 0.028276 0.018330
v 0.037307 0.027285 0.009886
v 0.033246 0.027805 0.018682
v 0.032894 0.032508 0.018370
v 0.036085 0.028302 0.011457
v 0.033115 0.028276 0.018330
v 0.036581 0.001353 0.014736
v 0.034542 0.001441 0.019042
v 0.036560 0.006393 0.014785
v 0.034454 0.006438 0.018875
v 0.036454 0.005464 0.014873
v 0.034652 0.005436 0.018863
v 0.036238 0.001675 0.014895
v 0.034542 0.001441 0.019042
v 0.036207 0.010245 0.014977
v 0.035161 0.010359 0.017753
v 0.036284 0.000409 0.014947
v 0.033947 0.000181 0.019571
v 0.036287 0.011439 0.014864
v 0.034657 0.011168 0.018895
v 0.036008 0.011682 0.014908
v 0.034293 0.011339 0.019225
v 0.035432 0.032613 0.012738
v 0.036085 0.028302 0.011457
v 0.032894 0.032508 0.018370
v 0.032744 0.010038 0.021526
v 0.035241 0.010262 0.017238
v 0.036133 0.006577 0.015022
v 0.034251 0.006706 0.018846
v 0.042307 -0.041497 0.009878
v 0.042332 -0.041514 0.019012
v 0.041008 -0.015003 0.017614
v 0.042520 -0.041507 0.010623
v 0.042332 -0.041514 0.019012
v 0.041030 -0.014905 0.017180
v 0.042520 -0.041507 0.010623
v -0.059516 -0.025100 0.021338
v -0.059182 -0.029445 0.015918
v 0.032739 0.032751 0.018334
v 0.035432 0.032613 0.012738
v 0.036091 0.005185 0.014946
v 0.034652 0.005436 0.018863
v 0.035316 0.032826 0.012604
v 0.032566 0.033004 0.018323
v -0.036056 -0.047909 0.010735
v -0.034405 -0.053365 0.015248
v -0.031783 -0.047908 0.020167
v 0.034274 0.026829 0.014993
v 0.032504 0.027945 0.018535
v 0.034454 0.026895 0.017290
v 0.031905 0.026915 0.019630
v 0.034312 0.005334 0.019139
v 0.035857 0.005099 0.015025
v 0.034844 0.015337 0.018090
v 0.036600 0.015337 0.014627
v 0.034391 0.027571 0.014632
v 0.032684 0.028689 0.018239
v 0.034154 0.028903 0.012095
v 0.032179 0.028791 0.017862
v 0.034649 0.028861 0.012559
v 0.032684 0.028689 0.018239
v 0.032181 0.031095 0.017921
v 0.035672 0.031144 0.011490
v 0.035672 0.031144 0.011490
v 0.033028 0.032076 0.017103
v 0.039479 0.026431 0.018215
v 0.039651 0.026942 0.016729
v 0.034421 0.010986 0.019298
v 0.036651 0.011157 0.014730
v 0.036530 0.006008 0.014884
v 0.034629 0.006182 0.018942
v 0.034654 0.005799 0.018873
v 0.036528 0.005639 0.014921
v 0.039525 0.026433 0.015970
v 0.036578 0.010805 0.014820
v 0.033785 0.010621 0.020447
v 0.036541 0.000647 0.014897
v 0.034461 0.000926 0.019238
v 0.036604 0.000885 0.014823
v 0.034475 0.001159 0.019189
v 0.036678 0.016181 0.014479
v 0.034687 0.016083 0.018728
v 0.035970 0.010052 0.014995
v 0.034818 0.010010 0.015192
v 0.035142 0.011759 0.014903
v 0.033287 0.011663 0.020495
v 0.034424 0.011832 0.014712
v 0.032483 0.011695 0.020515
v 0.036205 0.015107 0.014775
v 0.034877 0.015025 0.017795
v 0.034366 0.006849 0.014859
v 0.033558 0.006740 0.018940
v 0.035068 0.006779 0.015127
v 0.034251 0.006706 0.018846
v 0.039161 0.020303 0.017240
v 0.038681 0.020078 0.018214
v 0.035084 0.000157 0.015122
v 0.033947 0.000181 0.019571
v -0.011513 -0.053778 0.016543
v -0.008276 -0.053756 0.018435
v -0.008245 -0.059547 0.018439
v -0.011301 -0.059534 0.016676
v -0.011513 -0.053778 0.016543
v -0.008245 -0.059547 0.018439
v 0.008245 -0.053724 0.018444
v 0.011513 -0.059489 0.016538
v 0.008276 -0.059515 0.018431
v 0.011302 -0.053734 0.016681
v 0.011513 -0.059489 0.016538
v 0.008245 -0.053724 0.018444
v 0.036420 0.016381 0.014513
v 0.034689 0.016307 0.018681
v 0.026514 0.036246 0.014398
v 0.035205 0.033050 0.012439
v 0.032566 0.033004 0.018323
v -0.021212 0.028326 0.015474
v -0.023156 0.032615 0.012621
v -0.018035 0.032619 0.019250
v -0.023156 0.032615 0.012621
v 0.036070 -0.061559 0.010656
v 0.036070 -0.061559 0.010656
v 0.032326 -0.047784 0.019225
v 0.032326 -0.047784 0.019225
v 0.031879 -0.061575 0.019992
v 0.016388 -0.061581 0.015940
v 0.019796 -0.061503 0.010172
v 0.031879 -0.061575 0.019992
v 0.019796 -0.061503 0.010172
v 0.019796 -0.061503 0.010172
v 0.019796 -0.061503 0.010172
v 0.036070 -0.061559 0.010656
v 0.036070 -0.061559 0.010656
v 0.035318 -0.047772 0.012648
v 0.036200 0.016564 0.014508
v 0.034337 0.016415 0.019015
v -0.049784 0.033549 0.014763
v -0.036647 0.032187 0.019006
v -0.050183 0.033457 0.014917
v -0.053922 0.032313 0.017135
v -0.036647 0.032187 0.019006
v 0.033513 0.032725 0.010796
v 0.033513 0.032725 0.010796
v 0.034080 0.032727 0.010365
v 0.037307 0.027285 0.009886
v 0.034898 0.027276 0.016410
v 0.036146 0.027277 0.015114
v 0.034902 0.027274 0.017348
v 0.033355 0.027277 0.019166
v 0.034985 0.014942 0.015173
v 0.034877 0.015025 0.017795
v 0.032360 0.019856 0.018927
v 0.038727 0.020084 0.017545
v 0.036621 0.015746 0.014591
v 0.034675 0.015847 0.018799
v 0.040067 0.030185 0.017045
v 0.040221 0.029607 0.017788
v 0.039112 0.027283 0.015278
v 0.040235 0.027559 0.017400
v 0.040221 0.029607 0.017788
v -0.015254 0.036161 0.015073
v 0.014450 -0.060374 0.014961
v 0.010848 -0.060737 0.017951
v 0.011444 -0.059870 0.016860
v 0.014246 -0.059500 0.014305
v -0.012586 -0.052983 0.016462
v -0.014245 -0.053764 0.014310
v 0.036470 -0.003400 0.014524
v 0.035077 -0.003690 0.018164
v 0.036240 -0.003212 0.014645
v 0.034872 -0.003440 0.018129
v 0.036585 -0.004487 0.014410
v 0.034898 -0.004268 0.018484
v 0.039778 0.030183 0.017980
v 0.034911 0.033783 0.018379
v 0.034560 -0.004425 0.018851
v 0.036458 -0.004614 0.014429
v 0.036440 -0.004606 0.014480
v 0.034898 -0.004268 0.018484
v 0.037715 -0.027239 0.014744
v 0.037716 -0.012326 0.014700
v 0.036601 -0.012343 0.017232
v -0.025741 0.028322 0.013384
v -0.025273 0.032523 0.014181
v -0.022607 0.028321 0.018517
v -0.025273 0.032523 0.014181
v -0.023082 0.032784 0.017360
v -0.022607 0.028321 0.018517
v 0.036304 -0.004707 0.014432
v 0.033377 -0.004779 0.020564
v 0.036441 -0.004606 0.014479
v 0.033377 -0.004779 0.020564
v 0.032816 0.005036 0.018726
v 0.034473 0.004858 0.014620
v 0.035129 0.004978 0.014885
v 0.032496 0.005076 0.021778
v -0.053792 -0.035290 0.009685
v -0.050046 -0.033672 0.014774
v -0.053799 -0.031245 0.019130
v -0.053792 -0.035290 0.009685
v -0.050805 0.033419 0.014971
v -0.053922 0.032313 0.017135
v -0.051612 0.033387 0.014944
v -0.053922 0.032313 0.017135
v -0.052106 0.033441 0.014748
v -0.053922 0.032313 0.017135
v -0.052358 0.033595 0.014362
v -0.053922 0.032313 0.017135
v -0.052287 0.033887 0.013722
v -0.053922 0.032313 0.017135
v -0.052160 0.034365 0.012578
v -0.053922 0.032313 0.017135
v -0.053265 0.034341 0.012494
v -0.053922 0.032313 0.017135
v -0.053972 0.033491 0.012680
v -0.053922 0.032313 0.017135
v -0.054011 0.032844 0.012610
v 0.033797 0.031050 0.013638
v 0.031668 0.031056 0.017632
v 0.034366 0.006849 0.014859
v 0.034256 0.009987 0.015108
v 0.031326 0.006791 0.020770
v 0.032811 0.009666 0.018013
v 0.031326 0.006791 0.020770
v 0.034424 0.011832 0.014712
v 0.031281 0.014896 0.020839
v 0.031238 0.011732 0.020909
v -0.059481 -0.031285 0.010481
v -0.059481 -0.031285 0.010481
v -0.059481 -0.031285 0.010481
v -0.059481 -0.031285 0.010481
v 0.035276 0.016604 0.014584
v 0.033508 0.016608 0.020029
v 0.037030 -0.011725 0.015702
v 0.036601 -0.012343 0.017232
v -0.017986 0.037648 0.012008
v -0.017986 0.037648 0.012008
v -0.017986 0.037648 0.012008
v -0.017986 0.037648 0.012008
v -0.074567 -0.021911 0.012370
v -0.059571 -0.020022 0.015223
v -0.074577 -0.016750 0.018814
v -0.059641 0.016700 0.018841
v -0.059651 0.021871 0.012407
v -0.059651 0.021871 0.012407
v -0.074643 0.017215 0.018342
v -0.074643 0.017215 0.018342
v -0.074650 0.020894 0.013821
v 0.036011 -0.003181 0.014782
v 0.034631 -0.003178 0.018149
v -0.040243 -0.041433 0.013129
v -0.039856 -0.041571 0.016360
v 0.039075 0.020269 0.016628
v 0.039336 0.020445 0.017379
v -0.039924 0.034837 0.012705
v -0.049440 0.033635 0.014615
v -0.036647 0.032187 0.019006
v -0.038580 0.033910 0.015116
v -0.036647 0.032187 0.019006
v 0.040227 0.027284 0.016240
v 0.040172 0.029701 0.017023
v 0.033423 0.031020 0.013909
v 0.031775 0.030148 0.017410
v 0.033558 0.030149 0.013533
v 0.031680 0.028882 0.017619
v 0.035006 -0.003951 0.018286
v 0.036797 -0.003635 0.014287
v 0.036782 -0.003997 0.014288
v 0.034898 -0.004268 0.018484
v 0.035167 -0.003102 0.014847
v 0.034631 -0.003178 0.018149
v 0.034310 -0.003136 0.017508
v 0.031342 -0.003089 0.020784
v -0.012437 -0.060255 0.016412
v -0.014219 -0.059555 0.014321
v 0.012437 -0.053013 0.016418
v 0.014219 -0.053709 0.014325
v 0.035345 -0.004863 0.014370
v 0.033377 -0.004779 0.020564
v 0.039191 0.026335 0.016782
v 0.039336 0.020445 0.017379
v 0.039280 0.026435 0.016010
v 0.039341 0.026431 0.017524
v 0.032687 0.004250 0.018308
v 0.034473 0.004858 0.014620
v 0.034270 0.001838 0.015104
v 0.034473 0.004858 0.014620
v 0.031827 0.001845 0.019952
v 0.039253 0.020509 0.016846
v 0.039028 0.026438 0.015975
v 0.034506 -0.003040 0.014570
v 0.034343 0.000123 0.014998
v 0.031342 -0.003089 0.020784
v 0.034424 0.011832 0.014712
v 0.034261 0.014938 0.015075
v 0.031281 0.014896 0.020839
v -0.037693 0.032403 0.013626
v -0.035796 0.030009 0.018366
v -0.031925 0.031652 0.015275
v -0.053843 -0.033725 0.011354
v -0.053877 -0.030123 0.018200
v -0.037747 -0.036677 0.014934
v -0.040243 -0.041433 0.013129
v -0.038968 -0.041439 0.016579
v 0.035064 0.026884 0.015309
v 0.034964 0.026922 0.017933
v 0.035466 0.027139 0.015670
v 0.034964 0.026922 0.017933
v 0.034957 0.027127 0.017735
v 0.035316 0.027275 0.015827
v -0.031420 0.031191 0.015502
v -0.030330 0.032030 0.011865
v -0.019818 0.036159 0.008442
v -0.019818 0.036159 0.008442
v -0.016980 0.036161 0.013070
v -0.023082 0.032784 0.017360
v -0.023082 0.032784 0.017360
v -0.057396 -0.031491 0.015345
v -0.053867 -0.033119 0.011856
v -0.053877 -0.030123 0.018200
v -0.054011 0.032844 0.012610
v -0.057494 0.031404 0.015581
v -0.054004 0.030867 0.016858
v -0.014245 -0.053764 0.014310
v -0.011513 -0.053778 0.016543
v -0.011301 -0.059534 0.016676
v -0.014219 -0.059555 0.014321
v -0.014245 -0.053764 0.014310
v -0.011301 -0.059534 0.016676
v 0.011302 -0.053734 0.016681
v 0.014246 -0.059500 0.014305
v 0.011513 -0.059489 0.016538
v 0.014219 -0.053709 0.014325
v 0.014246 -0.059500 0.014305
v 0.011302 -0.053734 0.016681
v -0.016380 -0.061283 0.013885
v -0.013822 -0.061571 0.017375
v -0.017343 -0.052455 0.012017
v -0.014234 -0.051909 0.016851
v 0.039066 0.025112 0.016054
v 0.039179 0.020485 0.016359
v 0.034684 0.019800 0.014044
v 0.032360 0.019856 0.018927
v 0.034552 0.016638 0.014452
v 0.033248 0.028435 0.010955
v 0.030465 0.028425 0.016961
v 0.030640 0.032715 0.016891
v 0.033513 0.032725 0.010796
v 0.033248 0.028435 0.010955
v 0.030640 0.032715 0.016891
v -0.030403 0.029638 0.016752
v -0.030330 0.032030 0.011865
v 0.037386 0.033754 0.012267
v 0.034911 0.033783 0.018379
v 0.040030 0.030267 0.017178
v -0.025494 0.028425 0.013651
v -0.026846 0.028320 0.010383
v -0.025619 0.031009 0.012180
v -0.023562 0.031029 0.016472
v -0.025587 0.030953 0.010352
v -0.023415 0.030976 0.015340
v -0.042645 -0.041671 0.010327
v -0.041605 -0.032848 0.012307
v -0.040571 -0.041697 0.016490
v -0.041605 -0.032848 0.012307
v -0.039780 -0.030578 0.017296
v -0.040571 -0.041697 0.016490
v -0.024238 0.032014 0.014895
v -0.025773 0.031033 0.012722
v 0.032360 0.019856 0.018927
v 0.038518 0.020073 0.015967
v 0.033248 0.028435 0.010955
v 0.033248 0.028435 0.010955
v -0.037592 0.032866 0.013898
v -0.035796 0.030009 0.018366
v 0.039154 0.021847 0.016162
v 0.039079 0.024664 0.016080
v 0.039500 0.026780 0.016146
v 0.038701 0.027282 0.015083
v 0.038701 0.027282 0.015083
v 0.037613 0.027280 0.014676
v -0.041605 -0.032848 0.012307
v -0.037515 -0.031458 0.015553
v -0.039780 -0.030578 0.017296
v 0.040061 0.030246 0.016689
v 0.037386 0.033754 0.012267
v -0.015985 -0.061168 0.014071
v -0.013434 -0.061180 0.016870
v 0.038444 0.020209 0.015269
v 0.038968 0.020098 0.016700
v 0.034684 0.019800 0.014044
v 0.038252 0.020055 0.015137
v 0.032360 0.019856 0.018927
v -0.009344 0.037622 0.019688
v -0.014749 0.037497 0.016194
v 0.039178 0.023922 0.015808
v 0.039150 0.022126 0.016096
v -0.076696 -0.036275 0.012910
v -0.076696 -0.036275 0.012910
v -0.076646 -0.034151 0.017857
v -0.092441 -0.034321 0.017586
v -0.092441 -0.034321 0.017586
v -0.092373 -0.036392 0.012676
v 0.038564 0.020323 0.015315
v 0.039070 0.020325 0.016451
v 0.038956 0.020586 0.015960
v 0.039150 0.022126 0.016096
v -0.026340 0.033667 0.014984
v -0.025142 0.033169 0.017332
v 0.039223 0.023744 0.015666
v 0.039049 0.024604 0.015782
v -0.030134 0.031781 0.011006
v -0.029838 0.028327 0.017606
v 0.035200 -0.009984 0.015939
v 0.035849 -0.010493 0.016138
v -0.092823 -0.036256 0.012181
v -0.092441 -0.034321 0.017586
v -0.093620 -0.034340 0.015407
v -0.093675 -0.036192 0.010774
v -0.076696 -0.036275 0.012910
v -0.076034 -0.033892 0.017490
v -0.075398 0.033204 0.017586
v -0.076263 0.035475 0.013774
v 0.039079 0.024664 0.016080
v 0.038693 0.025998 0.015671
v -0.025142 0.033169 0.017332
v -0.028250 0.028316 0.011800
v -0.024693 0.028317 0.018319
v -0.028704 0.028317 0.011152
v -0.028250 0.028316 0.011800
v 0.034255 -0.009815 0.016115
v 0.034159 -0.009241 0.015386
v -0.021273 0.029585 0.017569
v -0.023916 0.028773 0.013646
v 0.015079 -0.051997 0.015619
v 0.016324 -0.052673 0.012820
v 0.038564 0.020323 0.015315
v 0.039082 0.021659 0.015648
v 0.035063 -0.009892 0.015896
v 0.034159 -0.009241 0.015386
v -0.023308 0.030278 0.014661
v -0.020890 0.030916 0.018056
v 0.038990 0.024731 0.015662
v 0.038711 0.025237 0.015371
v -0.027467 0.033341 0.013162
v -0.028250 0.028316 0.011800
v -0.025142 0.033169 0.017332
v 0.036827 -0.011018 0.015633
v 0.035849 -0.010493 0.016138
v 0.037419 0.033562 0.012023
v 0.040110 0.030197 0.016315
v -0.076074 -0.035993 0.012324
v -0.075409 -0.033548 0.017304
v 0.036972 -0.010742 0.015371
v 0.035766 -0.010303 0.015936
v 0.039313 0.022462 0.015684
v 0.039223 0.023744 0.015666
v 0.039095 0.021565 0.015479
v 0.039234 0.022170 0.015774
v 0.038646 0.025361 0.015417
v 0.039079 0.024664 0.016080
v -0.075034 -0.035857 0.010463
v -0.074808 -0.033924 0.014098
v -0.075137 0.032551 0.017876
v -0.075173 0.035705 0.010809
v 0.040227 0.027284 0.016240
v 0.037705 0.027283 0.011753
v 0.040110 0.030197 0.016315
v 0.037705 0.027283 0.011753
v 0.037439 0.033381 0.011744
v 0.040110 0.030197 0.016315
v -0.014614 -0.060177 0.014481
v -0.012858 -0.060782 0.016553
v 0.014791 -0.060363 0.014607
v 0.016481 -0.060722 0.012946
v -0.014203 -0.053234 0.014791
v -0.017343 -0.052455 0.012017
v 0.014540 -0.053359 0.014224
v 0.012858 -0.052486 0.016560
v 0.035763 -0.009690 0.015454
v 0.036972 -0.010742 0.015371
v 0.035451 -0.009683 0.015541
v 0.034159 -0.009241 0.015386
v 0.037394 0.027282 0.012556
v 0.037705 0.027283 0.011753
v 0.037705 0.027283 0.011753
v 0.044632 -0.026518 0.010861
v 0.042623 -0.023747 0.017039
v 0.039508 0.023536 0.015405
v 0.039417 0.022509 0.015449
v 0.037386 0.033754 0.012267
v 0.029225 0.037512 0.010274
v 0.034911 0.033783 0.018379
v 0.039223 0.023744 0.015666
v 0.039151 0.024515 0.015329
v 0.036984 -0.011096 0.015513
v 0.037587 -0.011536 0.014976
v 0.039355 0.021720 0.015241
v 0.039417 0.022509 0.015449
v -0.094049 0.034376 0.014321
v -0.094344 0.035602 0.009863
v 0.038250 0.026115 0.015347
v 0.039028 0.026438 0.015975
v 0.037882 0.026435 0.014846
v 0.039200 0.026436 0.015952
v 0.037937 0.026414 0.015084
v 0.039028 0.026438 0.015975
v 0.034415 0.009624 0.014731
v 0.034531 0.009472 0.014458
v 0.034366 0.006849 0.014859
v 0.034488 0.007358 0.014566
v 0.037564 -0.011745 0.014964
v 0.036840 -0.011370 0.015808
v 0.041032 -0.014762 0.010586
v 0.042520 -0.041507 0.010623
v 0.041051 -0.014794 0.016749
v -0.057995 -0.032415 0.012217
v -0.057396 -0.031491 0.015345
v -0.057994 -0.030974 0.015418
v -0.058678 -0.032047 0.011992
v -0.057555 0.032771 0.012351
v -0.057869 0.031070 0.015709
v 0.039436 0.023752 0.015413
v 0.039288 0.024490 0.015082
v 0.035705 0.027045 0.015373
v 0.036635 0.027278 0.014840
v 0.037307 0.027285 0.009886
v 0.037290 0.027284 0.010581
v 0.037307 0.027285 0.009886
v -0.025361 0.032638 0.013761
v -0.023082 0.032784 0.017360
v 0.037141 -0.010458 0.015272
v 0.035965 -0.009496 0.015300
v 0.039717 0.022626 0.015288
v 0.039743 0.023545 0.015197
v -0.057977 0.032709 0.011757
v -0.058803 0.029940 0.016705
v -0.029664 0.028317 0.007499
v -0.029682 0.032007 0.006963
v -0.029838 0.028327 0.017606
v 0.039540 -0.041284 0.014990
v 0.038771 -0.036703 0.011716
v 0.037380 -0.036714 0.015628
v 0.037070 -0.009950 0.015206
v 0.040664 -0.009029 0.015089
v 0.040664 -0.009029 0.015089
v 0.035476 -0.009399 0.015324
v 0.041317 -0.041194 0.009349
v 0.039540 -0.041284 0.014990
v 0.040665 -0.009572 0.015070
v 0.037437 -0.010248 0.015163
v 0.037880 0.026222 0.015178
v 0.038352 0.025886 0.015351
v 0.039045 0.024685 0.015392
v 0.038711 0.025237 0.015371
v 0.039603 0.021657 0.014939
v 0.039674 0.022474 0.015282
v 0.036400 0.011344 0.014925
v 0.036008 0.011682 0.014908
v 0.038527 0.025393 0.015136
v 0.038352 0.025886 0.015351
v 0.040197 0.023034 0.015170
v 0.039743 0.023545 0.015197
v 0.041005 -0.041026 0.009779
v 0.038771 -0.036703 0.011716
v 0.039540 -0.041284 0.014990
v 0.036304 0.026432 0.015032
v 0.037890 0.026418 0.015026
v 0.034441 0.002235 0.014699
v 0.034473 0.004858 0.014620
v 0.040249 0.022680 0.015137
v 0.040613 0.021901 0.014949
v -0.026286 0.032941 0.011453
v 0.036304 0.026432 0.015032
v 0.037796 0.026228 0.015151
v 0.034274 0.026829 0.014993
v 0.036523 0.026373 0.015046
v 0.038527 0.026923 0.015101
v 0.039525 0.026433 0.015970
v -0.059005 -0.031684 0.011509
v -0.059058 -0.029529 0.016654
v -0.058652 0.032887 0.010165
v -0.059213 0.030751 0.013610
v 0.037587 -0.011536 0.014976
v 0.037194 -0.010622 0.015262
v 0.038914 0.027293 0.003111
v 0.039255 0.027293 0.003789
v 0.039255 0.027293 0.003789
v 0.039255 0.027293 0.003789
v 0.036560 0.006393 0.014785
v 0.036560 0.006393 0.014785
v 0.035928 0.006715 0.015032
v 0.035988 0.006761 0.014888
v -0.037714 0.033355 0.016032
v -0.040977 0.036166 0.007719
v 0.040737 -0.008663 0.014954
v 0.034159 -0.009241 0.015386
v 0.037827 0.025905 0.015000
v 0.038352 0.025886 0.015351
v 0.038648 0.025225 0.015156
v 0.039288 0.024490 0.015082
v 0.039743 0.023545 0.015197
v 0.039365 0.024552 0.014935
v -0.024021 0.028346 -0.010675
v -0.026237 0.028330 0.004002
v -0.016965 0.028360 -0.016056
v -0.017414 0.028360 -0.017269
v -0.017950 0.028361 -0.018858
v -0.016979 0.035815 0.014977
v -0.016965 0.028335 0.015066
v -0.016965 0.028335 0.015066
v -0.016981 0.036183 -0.012745
v -0.016981 0.036183 -0.012745
v -0.016981 0.036183 -0.012745
v -0.016965 0.028360 -0.016056
v -0.016965 0.028360 -0.016056
v 0.025208 0.028416 0.015066
v 0.025208 0.028416 0.015066
v 0.008447 0.036224 0.015073
v 0.008447 0.036224 0.015073
v -0.016965 0.028335 0.015066
v -0.016965 0.028335 0.015066
v -0.016965 0.028335 0.015066
v 0.000075 0.036208 0.015073
v 0.000075 0.036208 0.015073
v -0.016211 0.035751 0.015072
v -0.015254 0.036161 0.015073
v 0.033308 0.028452 -0.010544
v 0.033308 0.028452 -0.010544
v 0.033308 0.028452 -0.010544
v 0.025208 0.028442 -0.016056
v 0.025208 0.028442 -0.016056
v 0.034760 0.028443 0.005129
v 0.034760 0.028443 0.005129
v 0.035133 0.028449 -0.001903
v 0.035133 0.028449 -0.001903
v 0.025184 0.036230 0.015045
v 0.025208 0.028442 -0.016056
v 0.025208 0.028442 -0.016056
v 0.025208 0.028442 -0.016056
v 0.025184 0.036230 0.015045
v 0.025184 0.036230 0.015045
v 0.025208 0.028416 0.015066
v 0.000200 0.036609 0.013503
v 0.000075 0.036208 0.015073
v 0.008329 0.036228 0.014118
v 0.000177 0.036212 0.014132
v 0.008230 0.036572 0.013260
v 0.008447 0.036224 0.015073
v 0.039603 0.021657 0.014939
v 0.040148 0.022140 0.015041
v 0.015752 -0.061370 0.015568
v 0.019796 -0.061503 0.010172
v 0.036010 0.001892 0.014825
v 0.034270 0.001838 0.015104
v 0.035817 0.006826 0.014907
v 0.034366 0.006849 0.014859
v 0.037890 -0.011307 0.014876
v 0.037437 -0.010248 0.015163
v 0.036135 0.026736 0.015092
v 0.036635 0.027278 0.014840
v 0.035868 0.026759 0.015170
v 0.034274 0.026829 0.014993
v 0.038666 0.020393 0.015008
v 0.039095 0.021565 0.015479
v 0.040980 -0.009292 0.014878
v 0.040815 -0.010063 0.015048
v 0.040682 0.024659 0.014648
v 0.040245 0.023493 0.015128
v 0.038181 0.025530 0.014852
v 0.038352 0.025886 0.015351
v 0.036240 -0.003212 0.014645
v 0.035901 -0.003154 0.014825
v 0.040674 -0.010534 0.014890
v 0.037437 -0.010248 0.015163
v 0.038217 -0.010936 0.014836
v 0.040679 -0.011010 0.014723
v -0.017986 0.037648 0.012008
v -0.020853 0.037580 0.006930
v -0.026190 0.033820 0.015174
v 0.040613 0.021901 0.014949
v 0.040848 0.023219 0.014997
v 0.036651 0.011157 0.014730
v 0.036397 0.011375 0.014934
v 0.044632 -0.026518 0.010861
v 0.042594 -0.015749 0.014966
v 0.042706 -0.023056 0.016247
v 0.034547 0.012681 0.014406
v 0.034463 0.014445 0.014598
v 0.034496 0.012439 0.014532
v 0.034261 0.014938 0.015075
v 0.036385 0.011380 0.014945
v 0.036008 0.011682 0.014908
v 0.037732 0.025873 0.014915
v 0.034274 0.026829 0.014993
v 0.038771 -0.036703 0.011716
v 0.038461 -0.029980 0.012674
v 0.038461 -0.029980 0.012674
v 0.037380 -0.036714 0.015628
v 0.037380 -0.036714 0.015628
v 0.037715 -0.027239 0.014744
v 0.038576 -0.030085 0.012270
v 0.037715 -0.027239 0.014744
v 0.038421 -0.013474 0.012770
v 0.037715 -0.027239 0.014744
v 0.037939 -0.012820 0.014123
v 0.037715 -0.027239 0.014744
v 0.038731 0.020179 0.014297
v 0.039328 0.021555 0.015170
v 0.039973 0.024570 0.014718
v 0.039743 0.023545 0.015197
v 0.041355 -0.009282 0.014607
v 0.040831 -0.008823 0.014928
v 0.040913 0.023364 0.014940
v 0.040682 0.024659 0.014648
v -0.037515 -0.031458 0.015553
v -0.039096 -0.033332 0.010880
v -0.037747 -0.036677 0.014934
v -0.051701 0.033454 0.014782
v -0.051152 0.033419 0.014957
v 0.035922 0.006733 0.015009
v 0.035870 0.006939 0.014679
v -0.051223 0.033501 0.014742
v -0.051644 0.033495 0.014708
v 0.036405 0.011388 0.014910
v 0.036454 0.011434 0.014781
v 0.035976 0.006798 0.014838
v 0.035870 0.006939 0.014679
v 0.040832 0.021883 0.014788
v 0.041157 0.023364 0.014789
v -0.050512 0.033988 0.013648
v -0.050565 0.033575 0.014566
v -0.050813 0.033516 0.014697
v -0.050183 0.033457 0.014917
v 0.036651 0.011157 0.014730
v 0.036441 0.011407 0.014831
v 0.036013 0.006810 0.014798
v 0.035966 0.006727 0.014969
v 0.036424 0.011416 0.014844
v 0.036008 0.011682 0.014908
v 0.035975 -0.003136 0.014725
v 0.036240 -0.003212 0.014645
v 0.036560 0.006393 0.014785
v 0.036046 0.006820 0.014762
v 0.036454 0.011434 0.014781
v 0.036165 0.011733 0.014753
v 0.040838 -0.010999 0.014602
v 0.040815 -0.010063 0.015048
v 0.034499 0.009739 0.014782
v 0.035970 0.010052 0.014995
v 0.036032 0.002016 0.014633
v 0.034542 0.002147 0.014707
v 0.036074 -0.003138 0.014647
v 0.036240 -0.003212 0.014645
v 0.043565 -0.015606 0.011547
v 0.042266 -0.015498 0.015196
v 0.037772 -0.012015 0.014726
v 0.038399 -0.011940 0.014259
v 0.035912 -0.003150 0.014809
v 0.035983 -0.003122 0.014683
v 0.036594 0.026841 0.014924
v 0.037882 0.026435 0.014846
v -0.051846 0.033433 0.014802
v -0.052289 0.033513 0.014572
v -0.049646 0.033644 0.014528
v -0.050183 0.033457 0.014917
v 0.034473 0.004858 0.014620
v 0.035955 0.004990 0.014829
v 0.034531 0.009472 0.014458
v 0.036035 0.009817 0.014711
v 0.034691 0.026142 0.014408
v 0.037793 0.025621 0.014705
v 0.036022 0.006831 0.014762
v 0.035870 0.006939 0.014679
v 0.037999 -0.025962 0.013967
v 0.038700 -0.013634 0.011940
v 0.038270 -0.011511 0.014592
v 0.037587 -0.011536 0.014976
v -0.037873 0.033677 0.013538
v -0.034452 0.030919 0.020782
v 0.038013 0.026781 0.014919
v 0.036635 0.027278 0.014840
v 0.041157 0.023364 0.014789
v 0.040882 0.024667 0.014420
v 0.036489 0.001553 0.014737
v 0.036086 0.001843 0.014831
v 0.036256 0.005087 0.014743
v 0.035857 0.005099 0.015025
v 0.036003 -0.003128 0.014683
v 0.035929 -0.003151 0.014804
v 0.035918 -0.003082 0.014668
v 0.034506 -0.003040 0.014570
v 0.036637 0.015206 0.014523
v 0.035936 0.014933 0.014814
v 0.034542 0.014643 0.014708
v 0.035936 0.014933 0.014814
v 0.034343 0.000123 0.014998
v 0.036110 0.000090 0.014774
v 0.041042 0.021771 0.014619
v 0.041251 0.023218 0.014677
v 0.039321 0.024705 0.014836
v 0.038405 0.025365 0.014814
v 0.041192 -0.011240 0.014211
v 0.041023 -0.009902 0.014836
v 0.034705 -0.005844 0.014102
v 0.034159 -0.009241 0.015386
v 0.040872 -0.008259 0.014803
v 0.034760 -0.006222 0.013959
v 0.034159 -0.009241 0.015386
v -0.050220 0.033532 0.014699
v -0.050512 0.033988 0.013648
v 0.036297 0.009586 0.014411
v 0.036200 0.010135 0.014878
v 0.034489 -0.000301 0.014614
v 0.034506 -0.003040 0.014570
v 0.034684 0.019800 0.014044
v 0.038238 0.020003 0.014597
v 0.038413 0.020180 0.015177
v 0.038731 0.020179 0.014297
v 0.036473 0.000537 0.014873
v 0.037196 0.000693 0.014384
v 0.035951 -0.003125 0.014722
v 0.036233 -0.002967 0.014351
v 0.036500 0.011378 0.014755
v 0.036235 0.011928 0.014545
v -0.049741 0.033667 0.014430
v -0.050182 0.033533 0.014699
v 0.038547 0.020077 0.014251
v 0.038252 0.020055 0.015137
v 0.036651 0.006056 0.014782
v 0.037263 0.006036 0.014415
v 0.036690 0.010838 0.014738
v 0.037292 0.010734 0.014390
v 0.039170 0.020492 0.014300
v 0.039603 0.021657 0.014939
v -0.017937 -0.052150 0.011977
v -0.014953 -0.051694 0.017061
v 0.036749 0.001267 0.014646
v 0.036489 0.001553 0.014737
v 0.036797 -0.003635 0.014287
v 0.036265 -0.003130 0.014503
v 0.040782 -0.007393 0.014293
v 0.034760 -0.006222 0.013959
v 0.036053 -0.003127 0.014647
v 0.036233 -0.002967 0.014351
v -0.057428 -0.032824 0.012160
v -0.053867 -0.033119 0.011856
v -0.057396 -0.031491 0.015345
v -0.054011 0.032844 0.012610
v -0.057555 0.032771 0.012351
v -0.057494 0.031404 0.015581
v 0.036655 0.011341 0.014641
v 0.036235 0.011928 0.014545
v 0.025193 0.036277 -0.014562
v 0.025863 0.036238 0.014696
v 0.025193 0.036277 -0.014562
v 0.025194 0.035855 -0.015388
v 0.036208 0.000085 0.014706
v 0.037196 0.000693 0.014384
v 0.036503 0.005468 0.014830
v 0.036878 0.005452 0.014507
v 0.036791 0.005443 0.014562
v 0.036528 0.005639 0.014921
v 0.036560 0.006393 0.014785
v 0.036021 0.006863 0.014707
v 0.034578 -0.000204 0.014633
v 0.036243 -0.000052 0.014527
v 0.036681 0.000895 0.014753
v 0.037196 0.000693 0.014384
v 0.036693 0.005547 0.014704
v 0.037263 0.006036 0.014415
v 0.040570 0.019817 0.013862
v 0.040128 0.021687 0.014893
v 0.039547 0.020763 0.014385
v 0.040570 0.019817 0.013862
v -0.050900 0.033911 0.013787
v -0.051743 0.033557 0.014637
v 0.036251 0.004843 0.014559
v 0.036475 0.005281 0.014718
v 0.036637 0.011737 0.014478
v 0.036235 0.011928 0.014545
v 0.036229 0.014660 0.014473
v 0.036900 0.015018 0.014238
v 0.036786 0.005435 0.014562
v 0.036386 0.005286 0.014807
v 0.036721 0.011387 0.014579
v 0.036651 0.011157 0.014730
v -0.050757 0.033580 0.014512
v -0.051109 0.033530 0.014672
v -0.049891 0.033659 0.014431
v -0.049728 0.033992 0.013735
v -0.049866 0.034032 0.013683
v -0.050234 0.033563 0.014601
v -0.049982 0.034052 0.013570
v -0.050234 0.033563 0.014601
v -0.050079 0.034101 0.013574
v -0.050234 0.033563 0.014601
v -0.050342 0.034027 0.013637
v -0.050234 0.033563 0.014601
v -0.050143 0.034056 0.013544
v -0.050234 0.033563 0.014601
v 0.036165 -0.003162 0.014625
v 0.036233 -0.002967 0.014351
v 0.034509 0.026462 0.014427
v 0.035118 0.028827 0.012856
v -0.050814 0.033967 0.013682
v -0.051868 0.033614 0.014583
v -0.050407 0.034171 0.013256
v -0.050365 0.034240 0.013056
v -0.050061 0.034387 0.012686
v -0.051868 0.033614 0.014583
v -0.050205 0.034395 0.012622
v -0.051443 0.033965 0.013642
v -0.051741 0.033973 0.013675
v -0.051868 0.033614 0.014583
v -0.051880 0.033929 0.013697
v -0.051868 0.033614 0.014583
v -0.051889 0.033972 0.013719
v -0.052000 0.033713 0.014196
v 0.036826 0.005449 0.014539
v 0.037263 0.006036 0.014415
v 0.036887 0.001398 0.014522
v 0.036489 0.001553 0.014737
v 0.034473 0.004858 0.014620
v 0.036348 0.004715 0.014481
v 0.036073 0.011790 0.014749
v 0.034424 0.011832 0.014712
v 0.036722 0.011400 0.014573
v 0.036721 0.011869 0.014394
v 0.041235 0.023275 0.014692
v 0.041153 0.024929 0.013983
v 0.036251 0.004843 0.014559
v 0.036799 0.005435 0.014551
v 0.036297 0.009586 0.014411
v 0.036713 0.010444 0.014684
v 0.036867 0.011326 0.014512
v 0.036761 0.011376 0.014557
v 0.034556 0.014346 0.014379
v 0.035993 0.014666 0.014572
v 0.040570 0.019817 0.013862
v 0.040843 0.021800 0.014755
v 0.036651 0.011157 0.014730
v 0.036819 0.011314 0.014548
v 0.038358 0.025428 0.014075
v 0.038177 0.025467 0.014666
v 0.036686 0.001142 0.014715
v 0.036940 0.001330 0.014518
v 0.037099 0.001347 0.014425
v 0.036904 0.001387 0.014517
v 0.036413 0.004750 0.014476
v 0.036878 0.005452 0.014507
v 0.036832 0.011344 0.014526
v 0.036721 0.011869 0.014394
v 0.036874 0.011315 0.014512
v 0.036770 0.011372 0.014553
v 0.039448 0.024822 0.014623
v 0.038467 0.025348 0.014504
v 0.036891 0.001415 0.014514
v 0.036876 0.001755 0.014409
v 0.036186 -0.004818 0.014325
v 0.036437 -0.004611 0.014472
v 0.036447 -0.004605 0.014469
v 0.036790 -0.004355 0.014238
v 0.036560 0.006393 0.014785
v 0.036204 0.006993 0.014577
v 0.040675 -0.011808 0.014059
v 0.040958 -0.011252 0.014347
v 0.038363 -0.011260 0.014689
v 0.040573 -0.011382 0.014421
v 0.036853 0.015607 0.014408
v 0.036678 0.016181 0.014479
v 0.035870 0.006939 0.014679
v 0.034564 0.007181 0.014633
v 0.043956 -0.014957 0.004260
v 0.041275 -0.014785 0.011359
v 0.036552 0.004527 0.014366
v 0.036952 0.005537 0.014476
v 0.036846 0.001576 0.014488
v 0.036489 0.001553 0.014737
v 0.036560 0.001664 0.014625
v 0.036032 0.002016 0.014633
v 0.036746 0.006390 0.014638
v 0.036484 0.007287 0.014373
v -0.052056 0.033708 0.014140
v -0.051811 0.033584 0.014598
v 0.036986 0.001368 0.014480
v 0.036876 0.001755 0.014409
v 0.036019 0.007087 0.014561
v 0.034552 0.007527 0.014414
v -0.051644 0.033495 0.014708
v -0.052117 0.033587 0.014420
v 0.036103 0.002212 0.014515
v 0.034552 0.002381 0.014436
v 0.037255 0.000912 0.014399
v 0.036686 0.001142 0.014715
v 0.036862 0.011191 0.014569
v 0.037292 0.010734 0.014390
v 0.036686 0.001142 0.014715
v 0.037162 0.001280 0.014427
v 0.036366 -0.000185 0.014438
v 0.034584 -0.000469 0.014365
v 0.036876 0.001755 0.014409
v 0.036238 0.002193 0.014490
v 0.034627 -0.002432 0.014268
v 0.034584 -0.000469 0.014365
v 0.036987 0.011213 0.014466
v 0.036721 0.011869 0.014394
v 0.036472 -0.000166 0.014418
v 0.037196 0.000693 0.014384
v 0.037318 0.016227 0.013960
v 0.036597 0.016287 0.014448
v 0.035764 0.012284 0.014465
v 0.034424 0.011832 0.014712
v 0.036821 0.015232 0.014379
v 0.037109 0.015618 0.014213
v 0.037157 0.001343 0.014406
v 0.036876 0.001755 0.014409
v 0.035628 0.012562 0.014385
v 0.034629 0.012395 0.014502
v 0.035628 0.012562 0.014385
v 0.035036 0.012659 0.014393
v 0.035237 0.004411 0.014504
v 0.034552 0.002381 0.014436
v 0.036484 0.007287 0.014373
v 0.034802 0.008012 0.014420
v 0.035229 0.012623 0.014392
v 0.040746 0.013972 0.014178
v 0.040746 0.013972 0.014178
v 0.035908 0.013824 0.014337
v 0.036249 0.014394 0.014313
v 0.034786 0.013879 0.014378
v 0.036552 0.004527 0.014366
v 0.037270 0.005806 0.014393
v 0.036353 0.011942 0.014491
v 0.035628 0.012562 0.014385
v 0.016256 -0.060872 0.013410
v 0.019796 -0.061503 0.010172
v 0.019140 -0.051912 0.010328
v 0.016407 -0.052373 0.013325
v 0.039037 -0.011895 0.013987
v 0.040675 -0.011808 0.014059
v 0.036415 -0.004646 0.014389
v 0.036790 -0.004355 0.014238
v 0.037418 0.005726 0.014355
v 0.037291 0.005681 0.014379
v 0.037371 0.005710 0.014363
v 0.037263 0.006036 0.014415
v 0.036484 0.007287 0.014373
v 0.035709 0.009314 0.014423
v 0.035808 0.002655 0.014388
v 0.037016 0.004826 0.014347
v 0.036552 0.004527 0.014366
v 0.036171 0.016676 0.014287
v 0.034552 0.016638 0.014452
v 0.041039 -0.006555 0.013667
v 0.040872 -0.008259 0.014803
v 0.036335 0.012192 0.014387
v 0.040746 0.013972 0.014178
v 0.037983 0.025541 0.014427
v 0.034709 0.025693 0.013958
v 0.038445 -0.011803 0.014307
v 0.039033 -0.012237 0.013614
v 0.036942 0.001700 0.014392
v 0.036309 0.002456 0.014367
v 0.037385 0.005678 0.014357
v 0.036552 0.004527 0.014366
v 0.036610 0.002318 0.014360
v 0.036552 0.004527 0.014366
v -0.039096 -0.033332 0.010880
v -0.037515 -0.031458 0.015553
v -0.041605 -0.032848 0.012307
v 0.037438 0.006018 0.014377
v 0.036484 0.007287 0.014373
v -0.051308 0.033562 0.014581
v -0.050900 0.033911 0.013787
v 0.037631 0.000864 0.014322
v 0.037478 0.001149 0.014338
v 0.036484 0.007287 0.014373
v 0.036587 0.009768 0.014403
v 0.037580 0.005794 0.014334
v 0.037263 0.006036 0.014415
v 0.037504 0.000934 0.014335
v 0.037196 0.000693 0.014384
v 0.040664 -0.000608 0.014176
v 0.040664 -0.000608 0.014176
v 0.037806 0.005892 0.014313
v 0.037140 0.006744 0.014343
v 0.037806 0.005892 0.014313
v 0.037478 0.001149 0.014338
v 0.037478 0.001149 0.014338
v 0.040746 0.013972 0.014178
v 0.037330 0.010111 0.014371
v 0.037064 0.011374 0.014388
v 0.040746 0.013972 0.014178
v 0.036552 0.004527 0.014366
v 0.037616 0.005756 0.014324
v 0.040746 0.013972 0.014178
v 0.040746 0.013972 0.014178
v 0.037776 0.000831 0.014312
v 0.037665 0.000855 0.014317
v 0.037022 0.000194 0.014348
v 0.040664 -0.000608 0.014176
v 0.036198 -0.002800 0.014246
v 0.034506 -0.003040 0.014570
v 0.037196 0.000693 0.014384
v 0.037620 0.000838 0.014323
v 0.037657 0.000965 0.014323
v 0.040664 -0.000608 0.014176
v 0.037549 0.000761 0.014342
v 0.040664 -0.000608 0.014176
v 0.039273 0.020323 0.014145
v 0.040570 0.019817 0.013862
v 0.037318 0.016227 0.013960
v 0.036258 0.016668 0.014249
v -0.052229 0.033693 0.014148
v -0.052289 0.033513 0.014572
v 0.036174 -0.000401 0.014325
v 0.040664 -0.000608 0.014176
v 0.037043 0.015270 0.014216
v 0.037109 0.015618 0.014213
v 0.039005 0.020253 0.014198
v 0.039362 0.020560 0.014249
v 0.036488 -0.001805 0.014106
v 0.040664 -0.000608 0.014176
v 0.040810 -0.006251 0.013763
v 0.034760 -0.006222 0.013959
v 0.040943 0.025061 0.014006
v 0.040682 0.024659 0.014648
v -0.050512 0.033988 0.013648
v -0.050906 0.033590 0.014508
v 0.041074 -0.008602 0.014677
v 0.041373 -0.005701 0.012752
v 0.034696 0.017076 0.014046
v 0.034684 0.019800 0.014044
v 0.038992 0.020215 0.014164
v 0.038731 0.020179 0.014297
v 0.037120 0.015942 0.014158
v 0.036678 0.016181 0.014479
v 0.034650 -0.004905 0.014253
v 0.036241 -0.004987 0.014162
v -0.025587 0.030953 0.010352
v -0.023772 0.029773 0.013876
v -0.059565 -0.022898 0.010153
v -0.059565 -0.022898 0.010153
v 0.041273 -0.011238 0.013865
v 0.041355 -0.009282 0.014607
v 0.040474 0.024954 0.014365
v 0.039448 0.024822 0.014623
v 0.038140 -0.013193 0.013604
v 0.038070 -0.012223 0.014399
v 0.036209 -0.002612 0.014122
v 0.034723 -0.002593 0.014295
v -0.039924 0.034837 0.012705
v -0.039924 0.034837 0.012705
v -0.049371 0.033836 0.014147
v 0.037064 -0.003645 0.013992
v 0.036797 -0.003635 0.014287
v 0.039130 0.020275 0.014154
v 0.039362 0.020560 0.014249
v 0.037166 0.015396 0.014176
v 0.037109 0.015618 0.014213
v 0.040746 0.013972 0.014178
v 0.036661 0.014736 0.014270
v 0.038981 0.020174 0.014142
v 0.038731 0.020179 0.014297
v 0.036900 0.015018 0.014238
v 0.037105 0.015309 0.014196
v 0.037231 0.015411 0.014149
v 0.037143 0.015345 0.014183
v 0.036895 -0.004395 0.014081
v 0.037521 -0.003920 0.013715
v -0.049353 0.034022 0.013712
v -0.049597 0.033665 0.014485
v 0.039052 0.020238 0.014156
v 0.039165 0.020287 0.014150
v 0.036874 -0.003589 0.014169
v 0.036233 -0.002967 0.014351
v 0.037267 0.015451 0.014135
v 0.036900 0.015018 0.014238
v 0.037521 -0.003920 0.013715
v 0.036880 -0.003975 0.014198
v 0.038782 0.020136 0.014211
v 0.038366 0.019960 0.014095
v 0.039153 0.020254 0.014130
v 0.039362 0.020560 0.014249
v 0.039078 0.020105 0.014053
v 0.039098 0.020247 0.014146
v 0.039022 0.020213 0.014150
v 0.039078 0.020105 0.014053
v -0.048035 -0.034683 0.016664
v -0.047560 -0.038940 0.007454
v 0.037265 0.015497 0.014139
v 0.037109 0.015618 0.014213
v 0.036872 -0.002637 0.013966
v 0.034873 -0.001767 0.014173
v 0.036375 -0.002609 0.014072
v 0.034690 -0.002259 0.014113
v 0.036872 -0.002637 0.013966
v 0.040635 -0.003973 0.013543
v 0.040664 -0.000608 0.014176
v 0.040578 0.017448 0.013580
v 0.037318 0.016227 0.013960
v 0.040746 0.013972 0.014178
v 0.037588 0.015946 0.013983
v 0.040746 0.013972 0.014178
v 0.037456 0.015406 0.014104
v 0.040746 0.013972 0.014178
v 0.041212 0.024938 0.013683
v 0.041327 0.023140 0.014593
v 0.040991 -0.000594 0.013916
v 0.040746 0.013972 0.014178
v 0.040628 0.025518 0.013761
v 0.039248 0.025076 0.014369
v -0.018192 -0.061200 0.011583
v -0.015985 -0.061168 0.014071
v 0.036884 -0.004462 0.014031
v 0.036790 -0.004355 0.014238
v 0.041375 -0.009713 0.014014
v 0.041373 -0.005701 0.012752
v 0.037235 -0.003809 0.013904
v 0.036797 -0.003635 0.014287
v 0.037087 -0.003714 0.013998
v 0.036797 -0.003635 0.014287
v 0.041138 0.022088 0.014549
v 0.041274 0.019622 0.013242
v 0.037373 0.015629 0.014096
v 0.037109 0.015618 0.014213
v 0.037204 -0.003769 0.013916
v 0.037057 -0.003682 0.014014
v 0.037319 0.015741 0.014107
v 0.037318 0.016227 0.013960
v 0.036900 0.015018 0.014238
v 0.037449 0.015595 0.014076
v 0.037585 0.015793 0.014020
v 0.037436 0.015738 0.014070
v 0.036223 0.016800 0.014035
v 0.034803 0.016966 0.014071
v 0.037533 0.015816 0.014030
v 0.037318 0.016227 0.013960
v 0.036931 -0.004449 0.013995
v 0.037029 -0.004410 0.013932
v 0.037434 0.015701 0.014072
v 0.037655 0.015843 0.013998
v 0.037691 0.015802 0.013999
v 0.037368 0.015567 0.014097
v 0.037086 -0.003593 0.013948
v 0.036661 -0.002884 0.014107
v -0.049577 0.033988 0.013760
v -0.049741 0.033667 0.014430
v 0.036267 -0.002749 0.014198
v 0.036872 -0.002637 0.013966
v 0.036993 -0.004423 0.013956
v 0.037521 -0.003920 0.013715
v 0.040868 0.019817 0.013646
v 0.041042 0.021771 0.014619
v 0.036822 -0.004439 0.014124
v 0.036471 -0.005247 0.013909
v 0.036471 -0.005247 0.013909
v 0.036893 -0.004466 0.014019
v 0.037184 -0.003789 0.013929
v 0.037078 -0.003655 0.013982
v 0.038909 0.020050 0.014059
v 0.040570 0.019817 0.013862
v 0.036351 -0.004901 0.014180
v 0.036790 -0.004355 0.014238
v 0.036471 -0.005247 0.013909
v 0.036979 -0.004432 0.013962
v 0.041136 -0.003948 0.013266
v 0.041006 -0.000655 0.013897
v 0.040879 -0.003938 0.013413
v 0.040664 -0.000608 0.014176
v -0.024977 0.028325 0.008031
v -0.023156 0.032615 0.012621
v -0.021212 0.028326 0.015474
v 0.037687 0.015817 0.013997
v 0.037318 0.016227 0.013960
v -0.050777 0.033925 0.013769
v -0.051167 0.033569 0.014578
v 0.041320 -0.000604 0.013655
v 0.041035 0.013943 0.013873
v -0.021623 -0.051754 0.005223
v 0.031631 -0.051567 0.009460
v 0.031631 -0.051567 0.009460
v 0.021255 -0.051629 0.007525
v 0.021255 -0.051629 0.007525
v 0.021255 -0.051629 0.007525
v 0.029926 -0.034574 0.013917
v 0.031631 -0.051567 0.009460
v 0.028749 -0.051578 0.016429
v 0.033299 -0.034559 0.001824
v 0.032354 -0.034563 0.006776
v 0.031631 -0.051567 0.009460
v 0.029926 -0.034574 0.013917
v 0.040733 -0.005878 0.013687
v 0.036328 -0.005721 0.013819
v -0.048008 -0.037608 0.008359
v -0.048283 -0.034585 0.015583
v 0.034897 -0.005503 0.014090
v 0.036471 -0.005247 0.013909
v 0.040916 0.017381 0.013321
v 0.040746 0.013972 0.014178
v 0.037521 -0.003920 0.013715
v 0.037238 -0.003766 0.013893
v 0.037213 -0.003761 0.013907
v 0.037086 -0.003593 0.013948
v 0.036583 -0.005366 0.013844
v 0.034760 -0.006222 0.013959
v 0.036471 -0.005247 0.013909
v 0.037113 -0.004344 0.013878
v 0.035335 0.031099 0.011024
v 0.033423 0.031020 0.013909
v 0.038777 0.019914 0.014030
v 0.034684 0.019800 0.014044
v -0.036079 -0.053368 0.010444
v -0.035022 -0.053613 0.015468
v 0.037521 -0.003920 0.013715
v 0.037238 -0.003719 0.013882
v 0.036397 0.016954 0.013897
v 0.037318 0.016227 0.013960
v -0.017864 -0.060787 0.010920
v -0.015551 -0.060630 0.013938
v 0.014246 -0.059500 0.014305
v 0.016339 -0.060196 0.012525
v -0.014245 -0.053764 0.014310
v -0.016828 -0.053199 0.011791
v 0.037410 -0.003458 0.013799
v 0.040635 -0.003973 0.013543
v 0.037202 -0.003638 0.013880
v 0.036872 -0.002637 0.013966
v 0.040578 0.017448 0.013580
v 0.037070 0.016659 0.013860
v 0.040964 -0.012271 0.013134
v 0.040858 -0.011671 0.014030
v 0.041049 0.014000 0.013850
v 0.041289 0.017422 0.013011
v 0.039026 -0.012844 0.012527
v 0.038338 -0.012789 0.013637
v 0.036619 -0.005345 0.013837
v 0.037521 -0.003920 0.013715
v 0.036750 -0.005487 0.013765
v 0.037552 -0.004056 0.013712
v -0.074567 -0.021911 0.012370
v -0.059565 -0.022898 0.010153
v -0.059571 -0.020022 0.015223
v -0.059651 0.021871 0.012407
v -0.074655 0.023805 0.007942
v -0.074650 0.020894 0.013821
v 0.036297 0.016984 0.013901
v 0.034790 0.017244 0.013782
v 0.041274 0.019622 0.013242
v 0.041320 0.023480 0.014000
v -0.051882 0.033928 0.013698
v -0.052056 0.033708 0.014140
v 0.037967 -0.026539 0.014040
v 0.039068 -0.030986 0.010664
v -0.045743 -0.054460 0.011232
v -0.046762 -0.061222 0.005448
v -0.044217 -0.061226 0.016215
v -0.046762 -0.061222 0.005448
v -0.044032 -0.061480 0.015955
v 0.039033 -0.012237 0.013614
v 0.040667 -0.012028 0.013651
v -0.051871 0.033886 0.013668
v -0.052167 0.033728 0.014068
v 0.040359 0.018763 0.013743
v 0.034684 0.019800 0.014044
v 0.034991 0.018362 0.013887
v 0.040578 0.017448 0.013580
v 0.038771 -0.036703 0.011716
v 0.039603 -0.036656 0.008401
v 0.038461 -0.029980 0.012674
v 0.039026 -0.012844 0.012527
v 0.038874 -0.012207 0.013696
v 0.037626 -0.004141 0.013698
v 0.037521 -0.003920 0.013715
v 0.036055 0.017219 0.013750
v 0.040578 0.017448 0.013580
v 0.037714 -0.004146 0.013679
v 0.037584 -0.004153 0.013709
v 0.036750 -0.005487 0.013765
v 0.037639 -0.004154 0.013695
v -0.051939 0.033930 0.013567
v -0.052423 0.033722 0.014048
v -0.031979 0.033542 0.010361
v -0.037693 0.032403 0.013626
v -0.031925 0.031652 0.015275
v 0.037737 -0.004135 0.013674
v 0.037521 -0.003920 0.013715
v 0.037813 -0.004153 0.013664
v 0.036750 -0.005487 0.013765
v -0.049609 0.034018 0.013683
v -0.049812 0.034163 0.013266
v 0.037842 -0.004123 0.013658
v 0.037521 -0.003920 0.013715
v 0.037962 -0.004138 0.013643
v 0.037782 -0.004133 0.013666
v 0.040482 -0.004993 0.013626
v 0.036750 -0.005487 0.013765
v -0.016773 -0.059921 0.011518
v -0.014219 -0.059555 0.014321
v 0.037795 -0.004045 0.013673
v 0.040635 -0.003973 0.013543
v 0.040635 -0.003973 0.013543
v 0.037799 -0.004496 0.013670
v 0.038765 0.025465 0.013987
v 0.034709 0.025693 0.013958
v -0.050407 0.034171 0.013256
v -0.050589 0.033989 0.013640
v -0.051445 0.034031 0.013450
v -0.051875 0.033928 0.013690
v -0.046668 -0.061411 0.004420
v -0.043852 -0.061718 0.015737
v 0.040869 -0.004001 0.013417
v 0.040733 -0.005878 0.013687
v -0.051445 0.034031 0.013450
v -0.051848 0.033972 0.013488
v -0.049970 0.034044 0.013571
v -0.049728 0.033992 0.013735
v -0.030974 0.032474 0.011665
v -0.031925 0.031652 0.015275
v 0.041230 -0.011830 0.013168
v 0.041192 -0.011240 0.014211
v -0.049812 0.034163 0.013266
v -0.049873 0.034017 0.013583
v -0.050006 0.034076 0.013571
v -0.050148 0.034104 0.013561
v -0.051971 0.034117 0.013187
v -0.052423 0.033722 0.014048
v -0.054125 0.034089 0.008550
v -0.054125 0.034089 0.008550
v -0.057555 0.032771 0.012351
v -0.057555 0.032771 0.012351
v -0.054011 0.032844 0.012610
v -0.049956 0.034005 0.013557
v -0.050131 0.034048 0.013541
v -0.050149 0.034057 0.013544
v -0.050512 0.033988 0.013648
v 0.040925 0.025246 0.013758
v 0.041315 0.025325 0.012845
v 0.040878 0.025638 0.012978
v 0.040628 0.025518 0.013761
v -0.049812 0.034163 0.013266
v -0.050018 0.034015 0.013530
v -0.049812 0.034163 0.013266
v -0.050388 0.034112 0.013381
v 0.044632 -0.026518 0.010861
v 0.043565 -0.015606 0.011547
v 0.042594 -0.015749 0.014966
v 0.016283 -0.053046 0.012466
v 0.014219 -0.053709 0.014325
v -0.039924 0.034837 0.012705
v -0.049562 0.034090 0.013497
v -0.049812 0.034163 0.013266
v -0.050189 0.034019 0.013528
v -0.042035 -0.041629 0.010050
v -0.040571 -0.041697 0.016490
v 0.040817 -0.006085 0.013727
v 0.041136 -0.003948 0.013266
v 0.040578 0.017448 0.013580
v 0.040919 0.019626 0.013543
v 0.041211 -0.004306 0.013136
v 0.041320 -0.000604 0.013655
v 0.035026 0.026122 0.013106
v 0.035118 0.028827 0.012856
v 0.040628 0.025518 0.013761
v 0.035084 0.025912 0.013228
v -0.050205 0.034395 0.012622
v -0.051425 0.034124 0.013275
v -0.040405 -0.041499 0.013518
v -0.041372 -0.041579 0.009564
v -0.049165 -0.034178 0.015029
v -0.048277 -0.036889 0.008661
v -0.025935 0.028794 0.009263
v -0.051770 0.034261 0.012874
v -0.051973 0.034055 0.013281
v -0.049739 0.034299 0.012955
v -0.051486 0.034105 0.013303
v -0.051973 0.034055 0.013281
v 0.040585 0.025720 0.013283
v 0.035227 0.026119 0.012567
v 0.041417 -0.011613 0.013043
v 0.041398 -0.010932 0.007641
v 0.041373 -0.005701 0.012752
v 0.040961 0.017520 0.013282
v 0.041274 0.019622 0.013242
v 0.038830 -0.013154 0.012419
v 0.038140 -0.013193 0.013604
v -0.049527 -0.035698 0.009889
v -0.050046 -0.033672 0.014774
v -0.051552 0.034191 0.013035
v -0.051973 0.034055 0.013281
v -0.049691 0.034430 0.012654
v -0.049972 0.034195 0.013194
v -0.043235 -0.034743 0.004964
v -0.041605 -0.032848 0.012307
v -0.042645 -0.041671 0.010327
v -0.028464 0.028320 0.006436
v -0.027301 0.032502 0.009611
v -0.025741 0.028322 0.013384
v -0.027301 0.032502 0.009611
v -0.025273 0.032523 0.014181
v -0.025741 0.028322 0.013384
v -0.026696 0.028320 0.010819
v -0.028464 0.028320 0.006436
v 0.035641 0.032734 0.006019
v 0.036352 0.032735 0.006444
v 0.035509 0.032734 0.005593
v 0.035597 0.031625 0.010847
v 0.033127 0.032721 0.016620
v 0.041398 -0.010932 0.007641
v 0.041398 -0.010932 0.007641
v 0.041398 -0.010932 0.007641
v 0.041321 0.013938 0.013570
v 0.041320 -0.000604 0.013655
v 0.041233 -0.005802 0.013103
v 0.041136 -0.003948 0.013266
v 0.000321 0.036675 0.013332
v 0.000812 0.036961 0.013023
v -0.037747 -0.036677 0.014934
v -0.039914 -0.036978 0.007626
v -0.040243 -0.041433 0.013129
v -0.039914 -0.036978 0.007626
v -0.041372 -0.041579 0.009564
v -0.040243 -0.041433 0.013129
v -0.050989 0.034355 0.012684
v -0.051490 0.034212 0.012988
v -0.050205 0.034395 0.012622
v -0.051027 0.034321 0.012787
v -0.039096 -0.033332 0.010880
v -0.039914 -0.036978 0.007626
v -0.037747 -0.036677 0.014934
v 0.041398 -0.010932 0.007641
v 0.041398 -0.010932 0.007641
v 0.041307 0.015360 0.013300
v 0.041361 -0.004735 0.012656
v -0.027151 0.033506 0.013564
v -0.028736 0.033936 0.008936
v -0.028905 0.033693 0.008972
v -0.027467 0.033341 0.013162
v 0.039279 -0.012687 0.012566
v 0.039033 -0.012237 0.013614
v 0.039567 -0.012424 0.012934
v 0.040964 -0.012271 0.013134
v 0.035093 0.031011 0.008892
v 0.033997 0.029778 0.012409
v 0.008203 0.036602 0.013194
v 0.000812 0.036961 0.013023
v 0.000592 0.036608 0.013102
v 0.008215 0.036225 0.013163
v -0.016601 -0.053784 0.011393
v -0.014245 -0.053764 0.014310
v -0.014219 -0.059555 0.014321
v -0.016452 -0.059539 0.011588
v -0.016601 -0.053784 0.011393
v -0.014219 -0.059555 0.014321
v 0.014219 -0.053709 0.014325
v 0.016601 -0.059475 0.011388
v 0.014246 -0.059500 0.014305
v 0.017184 -0.053856 0.010457
v 0.016601 -0.059475 0.011388
v 0.014219 -0.053709 0.014325
v 0.041280 0.019028 0.013155
v 0.041315 0.025325 0.012845
v -0.020853 0.037580 0.006930
v -0.028736 0.033936 0.008936
v -0.026190 0.033820 0.015174
v 0.041090 -0.012275 0.011984
v 0.040964 -0.012271 0.013134
v 0.019593 -0.051822 0.009766
v 0.015709 -0.051687 0.015763
v -0.036079 -0.053368 0.010444
v -0.034405 -0.053365 0.015248
v -0.036056 -0.047909 0.010735
v 0.035401 0.026213 0.012034
v 0.035118 0.028827 0.012856
v 0.035762 0.025846 0.010935
v 0.036532 0.028834 0.007873
v 0.035118 0.028827 0.012856
v 0.036236 0.028862 0.007309
v 0.035769 0.028922 0.005596
v 0.034604 0.028869 0.012391
v 0.035118 0.028827 0.012856
v 0.039590 -0.012571 0.012476
v 0.040703 -0.012412 0.012441
v 0.041263 -0.012117 0.012009
v 0.041201 -0.011957 0.012974
v -0.051518 0.034298 0.012662
v -0.052037 0.034393 0.012326
v 0.041300 0.020004 0.012872
v 0.041398 -0.010932 0.007641
v -0.051240 0.034349 0.012602
v -0.051599 0.034214 0.012868
v -0.051806 0.034295 0.012818
v -0.052444 0.034424 0.012254
v -0.076639 -0.037763 0.007525
v -0.076696 -0.036275 0.012910
v -0.092373 -0.036392 0.012676
v -0.092380 -0.037475 0.008913
v -0.076639 -0.037763 0.007525
v -0.092373 -0.036392 0.012676
v -0.076781 0.035714 0.014309
v -0.076781 0.035714 0.014309
v -0.092757 0.037265 0.009148
v -0.092757 0.037265 0.009148
v -0.092575 0.035570 0.014592
v -0.076838 0.037374 0.008975
v -0.049905 0.034450 0.012503
v -0.050205 0.034395 0.012622
v -0.052137 0.034393 0.012331
v -0.051599 0.034214 0.012868
v 0.037687 -0.047759 0.001694
v 0.036070 -0.061559 0.010656
v 0.037272 -0.047762 0.004755
v 0.035318 -0.047772 0.012648
v 0.040212 -0.012527 0.011721
v 0.039590 -0.012571 0.012476
v -0.024601 0.028710 0.014967
v -0.026972 0.028439 0.009827
v -0.026479 0.028765 0.008803
v -0.024601 0.028710 0.014967
v -0.027085 0.031005 0.008231
v -0.025773 0.031033 0.012722
v -0.026673 0.030958 0.007042
v -0.025698 0.030974 0.010756
v -0.038351 0.033791 0.015484
v -0.039972 0.034935 0.012349
v -0.027334 0.031487 0.008299
v -0.025773 0.031033 0.012722
v -0.025298 0.031645 0.013174
v -0.027507 0.032612 0.006598
v -0.040602 0.035576 0.010322
v -0.049306 0.034630 0.012131
v -0.039924 0.034837 0.012705
v -0.049479 0.034534 0.012383
v -0.039924 0.034837 0.012705
v -0.026597 0.032614 0.005306
v -0.026721 0.032614 0.005930
v -0.027507 0.032612 0.006598
v 0.040994 0.025719 0.011930
v 0.040631 0.025905 0.012842
v 0.041195 0.025477 0.012567
v 0.040631 0.025905 0.012842
v -0.093179 -0.036385 0.011094
v -0.092380 -0.037475 0.008913
v -0.076639 -0.037763 0.007525
v -0.075664 -0.036148 0.010922
v -0.092757 0.037265 0.009148
v -0.093200 0.035272 0.014251
v -0.075804 0.036196 0.010579
v -0.076781 0.035714 0.014309
v -0.026465 0.032809 0.011185
v -0.025273 0.032523 0.014181
v -0.051849 0.034413 0.012481
v -0.051317 0.034368 0.012515
v -0.040646 0.035703 0.009675
v -0.038351 0.033791 0.015484
v -0.050929 0.034424 0.012485
v -0.050205 0.034395 0.012622
v -0.053792 -0.035290 0.009685
v -0.050087 -0.035283 0.010099
v -0.050046 -0.033672 0.014774
v -0.039122 0.034132 0.008363
v -0.037625 0.032889 0.013799
v -0.031979 0.033542 0.010361
v -0.039122 0.034132 0.008363
v -0.037693 0.032403 0.013626
v -0.049694 0.034586 0.012063
v -0.049838 0.034471 0.012446
v 0.037352 0.033623 0.011753
v 0.037386 0.033754 0.012267
v -0.052474 0.034518 0.011992
v -0.052255 0.034797 0.011199
v -0.053926 0.034348 0.012522
v -0.053926 0.034348 0.012522
v -0.052198 0.035039 0.010437
v -0.053926 0.034348 0.012522
v -0.052386 0.035155 0.009938
v -0.053926 0.034348 0.012522
v -0.052195 0.035455 0.008932
v -0.053926 0.034348 0.012522
v -0.052181 0.035653 0.008202
v -0.053926 0.034348 0.012522
v -0.053193 0.035670 0.007900
v -0.053926 0.034348 0.012522
v -0.053949 0.035429 0.007107
v -0.053926 0.034348 0.012522
v -0.053982 0.035414 0.003957
v -0.054012 0.034884 0.004235
v -0.053967 0.033634 0.012499
v 0.028751 0.037564 0.010692
v 0.029921 0.037730 0.004664
v -0.051019 0.034530 0.012165
v -0.051155 0.034381 0.012542
v -0.050815 0.034576 0.012037
v -0.050684 0.034650 0.011822
v -0.050090 0.034441 0.012491
v -0.050205 0.034395 0.012622
v 0.041398 -0.010932 0.007641
v 0.041291 0.025416 0.012429
v -0.051304 0.034409 0.012443
v -0.051812 0.034426 0.012547
v -0.051043 0.034584 0.012031
v -0.051812 0.034426 0.012547
v -0.050858 0.034783 0.011492
v -0.051812 0.034426 0.012547
v -0.051186 0.034834 0.011257
v -0.050229 0.035083 0.010621
v -0.051502 0.034839 0.011157
v -0.051812 0.034426 0.012547
v -0.051719 0.034733 0.011467
v -0.051812 0.034426 0.012547
v -0.019818 0.036159 0.008442
v -0.019818 0.036159 0.008442
v -0.019818 0.036159 0.008442
v -0.016981 0.036183 -0.012745
v -0.018553 0.036179 -0.009958
v -0.016980 0.036161 0.013070
v -0.049535 0.034591 0.012142
v -0.049691 0.034430 0.012654
v 0.040618 0.025917 0.012249
v 0.035227 0.026119 0.012567
v -0.094110 -0.034171 0.014935
v -0.093902 -0.035932 0.010233
v -0.093752 0.036154 0.009842
v -0.093812 0.034919 0.014098
v -0.051916 0.034709 0.011493
v -0.051946 0.034414 0.012392
v 0.016481 -0.060722 0.012946
v 0.019374 -0.061146 0.009636
v 0.038793 -0.026924 0.011522
v 0.038985 -0.027048 0.010906
v 0.038700 -0.013634 0.011940
v 0.038189 -0.025245 0.013447
v -0.057399 -0.033858 0.008883
v -0.053867 -0.033119 0.011856
v -0.057428 -0.032824 0.012160
v -0.057205 0.034376 0.007197
v -0.025619 0.029918 0.010124
v -0.023916 0.028773 0.013646
v -0.049861 0.034532 0.012224
v -0.050684 0.034650 0.011822
v -0.050684 0.034650 0.011822
v 0.039429 -0.012659 0.012436
v 0.039993 -0.012544 0.011506
v -0.057757 -0.033697 0.008572
v -0.057428 -0.032824 0.012160
v -0.058083 -0.032445 0.011975
v -0.058681 -0.033503 0.007051
v -0.057205 0.034376 0.007197
v -0.058239 0.032952 0.010601
v 0.039068 -0.030986 0.010664
v 0.019075 -0.052085 0.009798
v 0.016324 -0.052673 0.012820
v -0.094249 -0.033474 0.015552
v -0.094478 -0.035726 0.007308
v -0.074734 0.031403 0.018647
v -0.075053 0.035521 0.009785
v -0.051916 0.034709 0.011493
v -0.052211 0.034421 0.012255
v 0.039603 -0.036656 0.008401
v 0.038864 -0.030771 0.011328
v 0.039730 -0.012654 0.011367
v 0.039026 -0.012844 0.012527
v -0.059145 -0.031660 0.010923
v -0.058681 -0.033503 0.007051
v -0.058860 0.032704 0.009698
v -0.059401 0.030702 0.013186
v -0.094422 0.035466 0.009061
v -0.094628 0.032420 0.016434
v -0.049836 0.034692 0.011759
v -0.050684 0.034650 0.011822
v 0.035659 0.025967 0.011661
v 0.040745 0.025925 0.011605
v 0.018685 -0.060124 0.008572
v 0.016481 -0.060722 0.012946
v 0.016651 -0.059856 0.011714
v 0.018364 -0.059487 0.008331
v -0.016987 -0.053234 0.011514
v -0.018364 -0.053767 0.008336
v -0.049570 0.034615 0.012047
v -0.049801 0.034794 0.011480
v 0.039168 -0.025786 0.010217
v 0.038700 -0.013634 0.011940
v 0.038927 -0.013200 0.012101
v 0.039511 -0.012756 0.011084
v -0.040264 0.035610 0.007060
v -0.037523 0.033398 0.014091
v -0.039200 0.034395 0.007756
v -0.037523 0.033398 0.014091
v -0.050796 0.034674 0.011771
v -0.051019 0.034530 0.012165
v -0.029090 0.033449 0.008970
v -0.029664 0.028317 0.007499
v -0.028250 0.028316 0.011800
v -0.027467 0.033341 0.013162
v -0.029090 0.033449 0.008970
v -0.028250 0.028316 0.011800
v -0.074562 -0.024699 0.004601
v -0.074562 -0.024699 0.004601
v -0.074562 -0.024699 0.004601
v -0.074587 -0.036373 -0.000190
v -0.074587 -0.036373 -0.000190
v -0.074587 -0.036373 -0.000190
v -0.074774 0.036396 0.003279
v -0.074774 0.036396 0.003279
v -0.017421 -0.060260 0.010938
v -0.018344 -0.059558 0.008351
v 0.019658 -0.052380 0.007576
v 0.017104 -0.053428 0.010932
v 0.037281 0.033842 0.011882
v 0.037212 0.033911 0.011532
v 0.029225 0.037512 0.010274
v 0.029225 0.037512 0.010274
v -0.011356 0.037673 -0.018138
v -0.011356 0.037673 -0.018138
v -0.019546 0.037638 -0.009054
v -0.019546 0.037638 -0.009054
v -0.021633 0.037639 0.001112
v -0.049306 0.034630 0.012131
v -0.049730 0.034838 0.011397
v -0.059300 0.032943 0.006786
v -0.059454 0.030183 0.013760
v -0.052128 0.034700 0.011493
v -0.052444 0.034424 0.012254
v -0.040977 0.036166 0.007719
v -0.049459 0.034781 0.011656
v -0.040602 0.035576 0.010322
v -0.040977 0.036166 0.007719
v -0.049306 0.034630 0.012131
v -0.050231 0.034782 0.011449
v -0.050684 0.034650 0.011822
v -0.018364 -0.053767 0.008336
v -0.016601 -0.053784 0.011393
v -0.016452 -0.059539 0.011588
v -0.018344 -0.059558 0.008351
v -0.018364 -0.053767 0.008336
v -0.016452 -0.059539 0.011588
v 0.017184 -0.053856 0.010457
v 0.018364 -0.059487 0.008331
v 0.016601 -0.059475 0.011388
v 0.038966 -0.013482 0.010995
v 0.039312 -0.025033 0.009675
v -0.051721 0.034858 0.011033
v -0.052018 0.034722 0.011438
v -0.050390 0.034908 0.011044
v -0.050796 0.034710 0.011676
v -0.050363 0.034823 0.011304
v -0.059436 0.032694 0.005623
v -0.059644 0.028020 0.017119
v 0.044547 -0.016190 0.007563
v 0.043565 -0.015606 0.011547
v 0.044632 -0.026518 0.010861
v -0.040977 0.036166 0.007719
v -0.040977 0.036166 0.007719
v -0.049547 0.035058 0.010723
v -0.049427 0.035332 0.009740
v -0.049760 0.034858 0.011336
v -0.050390 0.034908 0.011044
v -0.051614 0.034824 0.011180
v -0.051916 0.034709 0.011493
v 0.044349 -0.015779 0.007664
v 0.043565 -0.015606 0.011547
v -0.050307 0.034832 0.011280
v -0.049801 0.034794 0.011480
v -0.050374 0.034947 0.010959
v -0.050916 0.034744 0.011604
v 0.039350 -0.012959 0.010840
v 0.038700 -0.013634 0.011940
v 0.041284 0.025025 0.010874
v -0.059561 -0.024791 0.003872
v -0.059561 -0.024791 0.003872
v -0.059561 -0.024791 0.003872
v -0.059561 -0.024791 0.003872
v -0.059495 -0.032573 0.004513
v -0.059495 -0.032573 0.004513
v -0.059656 0.024235 0.006287
v -0.059656 0.024235 0.006287
v -0.059656 0.024235 0.006287
v -0.059649 0.032531 0.003082
v -0.059649 0.032531 0.003082
v -0.059649 0.032531 0.003082
v 0.040528 0.025612 0.010700
v 0.035762 0.025846 0.010935
v -0.051876 0.034893 0.010930
v -0.052280 0.034712 0.011439
v 0.043578 -0.015510 0.010864
v 0.041051 -0.014794 0.016749
v 0.044035 -0.015238 0.006674
v 0.041051 -0.014794 0.016749
v 0.040368 -0.012488 0.011552
v 0.040297 -0.011872 0.009588
v -0.049870 0.035090 0.010604
v -0.049657 0.034920 0.011215
v 0.041327 -0.011898 0.012368
v 0.041398 -0.010932 0.007641
v -0.050262 0.034980 0.010886
v -0.049657 0.034920 0.011215
v 0.041281 -0.011274 0.008833
v 0.041263 -0.012117 0.012009
v -0.051159 0.035029 0.010621
v -0.051768 0.034933 0.010826
v 0.040991 0.024980 0.009861
v 0.041266 0.025517 0.012013
v 0.040669 0.025276 0.009759
v 0.040950 0.025742 0.011710
v -0.050229 0.035083 0.010621
v -0.051229 0.034991 0.010721
v 0.039603 -0.036656 0.008401
v 0.038771 -0.036703 0.011716
v 0.041005 -0.041026 0.009779
v 0.041072 -0.012292 0.011890
v 0.041232 -0.011368 0.009149
v 0.041038 -0.011545 0.009235
v 0.040883 -0.012478 0.011823
v 0.037195 0.032557 0.005799
v 0.036085 0.028302 0.011457
v 0.035432 0.032613 0.012738
v 0.029399 0.036257 0.006477
v 0.035205 0.033050 0.012439
v 0.026514 0.036246 0.014398
v 0.035318 0.032838 0.012573
v 0.037195 0.032557 0.005799
v 0.037055 0.032792 0.005660
v 0.035205 0.033050 0.012439
v 0.037705 0.027283 0.011753
v 0.039255 0.027293 0.003789
v 0.037439 0.033381 0.011744
v 0.039255 0.027293 0.003789
v 0.038679 0.033625 0.005624
v 0.037439 0.033381 0.011744
v 0.038679 0.033625 0.005624
v 0.037326 0.033653 0.011620
v 0.039378 -0.012932 0.010253
v 0.039812 -0.012191 0.009212
v 0.040560 -0.011799 0.009490
v 0.040883 -0.012478 0.011823
v 0.038487 0.033856 0.005625
v 0.037212 0.033911 0.011532
v 0.026005 0.036275 -0.014189
v 0.025193 0.036277 -0.014562
v 0.025193 0.036277 -0.014562
v 0.029399 0.036257 0.006477
v 0.029399 0.036257 0.006477
v 0.026514 0.036246 0.014398
v 0.038305 0.034082 0.005598
v -0.036135 -0.053544 0.011476
v -0.039041 -0.053919 0.002053
v -0.027479 0.028736 0.006586
v -0.025935 0.028794 0.009263
v -0.051277 0.035047 0.010458
v -0.052022 0.035012 0.010588
v 0.036087 -0.017770 0.010678
v 0.036662 -0.011751 0.007698
v 0.036007 -0.012125 0.010448
v 0.039750 -0.012636 0.011232
v 0.040297 -0.011872 0.009588
v 0.036007 -0.012125 0.010448
v 0.036517 -0.017732 0.010547
v -0.051312 0.035063 0.010323
v -0.051976 0.035061 0.010342
v 0.040046 -0.012048 0.009458
v 0.039511 -0.012756 0.011084
v 0.037634 -0.017765 0.009450
v 0.036967 -0.017767 0.009889
v 0.036802 -0.017768 0.010407
v -0.037606 -0.053498 0.004815
v -0.036079 -0.053368 0.010444
v -0.049731 0.035190 0.010222
v -0.050229 0.035083 0.010621
v -0.052222 0.035088 0.010202
v -0.052022 0.035012 0.010588
v 0.035769 0.028922 0.005596
v 0.034955 0.030289 0.009251
v -0.050294 0.035157 0.010390
v -0.050726 0.035246 0.009833
v -0.050806 0.035126 0.010309
v -0.050229 0.035083 0.010621
v -0.049829 0.035210 0.010131
v -0.050239 0.035152 0.010409
v -0.053817 -0.034843 0.009251
v -0.053867 -0.033119 0.011856
v -0.036056 -0.047909 0.010735
v -0.037236 -0.053362 0.005288
v -0.036079 -0.053368 0.010444
v -0.051466 0.035107 0.010301
v -0.050967 0.035409 0.009552
v -0.054012 0.034884 0.004235
v -0.054094 0.033925 0.008933
v -0.051853 0.035126 0.010293
v -0.051312 0.035063 0.010323
v -0.020997 -0.052111 0.005221
v -0.018923 -0.051741 0.011670
v -0.031251 0.034252 0.005154
v -0.031979 0.033542 0.010361
v -0.031286 0.032970 0.010717
v -0.030247 0.033676 0.004503
v -0.024977 0.028325 0.008031
v -0.025918 0.032616 0.004714
v -0.023156 0.032615 0.012621
v -0.025918 0.032616 0.004714
v 0.036651 -0.012108 0.010110
v 0.036965 -0.017767 0.010414
v -0.050726 0.035246 0.009833
v -0.051229 0.035056 0.010425
v -0.050916 0.035416 0.009419
v -0.051827 0.035137 0.010384
v -0.050572 0.035512 0.008847
v -0.051827 0.035137 0.010384
v -0.050211 0.035642 0.008381
v -0.051456 0.035399 0.009315
v -0.050199 0.035199 0.010219
v -0.050726 0.035246 0.009833
v -0.043235 -0.034743 0.004964
v -0.039096 -0.033332 0.010880
v -0.041605 -0.032848 0.012307
v -0.074562 -0.024699 0.004601
v -0.059565 -0.022898 0.010153
v -0.074567 -0.021911 0.012370
v -0.074562 -0.024699 0.004601
v -0.059561 -0.024791 0.003872
v -0.059565 -0.022898 0.010153
v -0.059651 0.021871 0.012407
v -0.059656 0.024235 0.006287
v -0.074655 0.023805 0.007942
v -0.051505 0.035451 0.009096
v -0.051968 0.035135 0.010165
v -0.030142 0.033436 0.004947
v -0.030330 0.032030 0.011865
v -0.050050 -0.036375 0.005120
v -0.049059 -0.036287 0.008855
v -0.021147 -0.061572 0.006580
v -0.018285 -0.061153 0.011314
v -0.018254 -0.052064 0.011724
v -0.020447 -0.052455 0.005094
v -0.049746 0.035404 0.009420
v -0.049702 0.035207 0.010158
v -0.053792 -0.035290 0.009685
v -0.050050 -0.036375 0.005120
v -0.050087 -0.035283 0.010099
v 0.034760 0.028443 0.005129
v 0.033248 0.028435 0.010955
v 0.033513 0.032725 0.010796
v 0.034900 0.032733 0.005154
v 0.034760 0.028443 0.005129
v 0.033513 0.032725 0.010796
v -0.057399 -0.033858 0.008883
v -0.053862 -0.034382 0.007114
v -0.053867 -0.033119 0.011856
v 0.037331 -0.011889 0.009737
v 0.037302 -0.017709 0.009927
v -0.052207 0.035108 0.010111
v -0.052328 0.035351 0.009200
v -0.050854 0.035302 0.009746
v -0.051312 0.035063 0.010323
v -0.020441 -0.061139 0.006528
v -0.017864 -0.060787 0.010920
v -0.029830 0.032431 0.006540
v -0.030330 0.032030 0.011865
v -0.037593 -0.047903 0.000495
v -0.049609 0.035424 0.009374
v -0.049493 0.035177 0.010297
v -0.050540 0.035317 0.009636
v -0.049829 0.035210 0.010131
v -0.049860 0.035359 0.009580
v -0.050465 0.035450 0.009211
v 0.036662 -0.011751 0.007698
v 0.036835 -0.011956 0.009804
v 0.039495 -0.012977 0.008904
v 0.039312 -0.025033 0.009675
v 0.039068 -0.030986 0.010664
v 0.039082 -0.026680 0.010544
v 0.041032 -0.014762 0.010586
v 0.041925 -0.014826 0.005670
v 0.042520 -0.041507 0.010623
v -0.018644 -0.059962 0.008182
v -0.017864 -0.060787 0.010920
v -0.018365 -0.053373 0.008756
v -0.020447 -0.052455 0.005094
v 0.042551 -0.014866 0.005407
v 0.041032 -0.014762 0.010586
v -0.051884 0.035345 0.009373
v -0.052094 0.035118 0.010055
v 0.046550 -0.041500 0.007059
v 0.044547 -0.016190 0.007563
v 0.044632 -0.026518 0.010861
v -0.031931 0.034710 0.005306
v -0.039122 0.034132 0.008363
v -0.031979 0.033542 0.010361
v 0.019334 -0.053010 0.007133
v 0.017184 -0.053856 0.010457
v 0.036611 0.025209 0.007587
v 0.036532 0.028834 0.007873
v 0.035762 0.025846 0.010935
v 0.040669 0.025276 0.009759
v 0.036611 0.025209 0.007587
v 0.035762 0.025846 0.010935
v 0.040371 -0.013625 0.003361
v 0.039792 -0.012505 0.007604
v 0.039312 -0.025033 0.009675
v -0.028104 0.032731 0.006535
v -0.027090 0.032627 0.009901
v -0.039914 -0.036978 0.007626
v -0.041956 -0.041435 0.005565
v -0.041372 -0.041579 0.009564
v -0.039096 -0.033332 0.010880
v -0.040167 -0.034563 0.005820
v -0.039914 -0.036978 0.007626
v -0.050687 0.035466 0.009001
v -0.050871 0.035361 0.009604
v -0.033001 -0.034686 0.002902
v -0.030848 -0.034690 0.012148
v -0.031113 -0.051690 0.011342
v -0.033029 -0.051686 0.002044
v -0.033001 -0.034686 0.002902
v -0.031113 -0.051690 0.011342
v -0.021623 -0.051754 0.005223
v -0.021623 -0.051754 0.005223
v -0.033029 -0.051686 0.002044
v -0.033029 -0.051686 0.002044
v -0.033029 -0.051686 0.002044
v -0.031113 -0.051690 0.011342
v 0.032949 -0.051559 0.002888
v 0.032949 -0.051559 0.002888
v 0.032354 -0.034563 0.006776
v 0.032949 -0.051559 0.002888
v 0.031631 -0.051567 0.009460
v -0.033001 -0.034686 0.002902
v -0.052119 0.035329 0.009357
v -0.052094 0.035118 0.010055
v 0.019170 -0.053777 0.006067
v 0.018364 -0.059487 0.008331
v 0.017184 -0.053856 0.010457
v -0.050560 0.035449 0.009153
v -0.050726 0.035246 0.009833
v 0.039886 -0.025298 0.006841
v 0.039886 -0.025298 0.006841
v 0.039312 -0.025033 0.009675
v 0.039068 -0.030986 0.010664
v 0.039068 -0.030986 0.010664
v 0.040007 -0.028914 0.006121
v 0.029921 0.037730 0.004664
v 0.029225 0.037512 0.010274
v 0.038305 0.034082 0.005598
v 0.041271 0.024599 0.007237
v 0.041006 0.024933 0.009711
v 0.040988 0.024864 0.007321
v 0.040669 0.025276 0.009759
v 0.040558 0.025128 0.007290
v 0.040669 0.025276 0.009759
v 0.039603 -0.036656 0.008401
v 0.040007 -0.028914 0.006121
v 0.039068 -0.030986 0.010664
v -0.051505 0.035451 0.009096
v -0.052065 0.035348 0.009312
v 0.037751 0.028292 0.002430
v 0.036831 0.027705 0.010378
v 0.037195 0.032557 0.005799
v 0.037751 0.028292 0.002430
v 0.036085 0.028302 0.011457
v -0.040977 0.036166 0.007719
v -0.049357 0.035625 0.008522
v 0.040620 -0.011766 0.009349
v 0.040429 -0.011853 0.007599
v -0.051547 0.035481 0.008962
v -0.052328 0.035351 0.009200
v -0.049638 0.035440 0.009312
v -0.050104 0.035559 0.008857
v -0.050208 0.035497 0.009064
v -0.049746 0.035404 0.009420
v -0.050202 0.035576 0.008718
v -0.050104 0.035559 0.008857
v -0.050687 0.035466 0.009001
v -0.050527 0.035464 0.009105
v 0.037428 -0.011936 0.007112
v 0.037410 -0.013886 0.002534
v 0.037634 -0.017765 0.009450
v 0.037438 -0.014191 0.001737
v 0.037634 -0.017765 0.009450
v 0.037473 -0.014489 0.000118
v 0.037634 -0.017750 -0.009215
v 0.037634 -0.017765 0.009450
v 0.037331 -0.011889 0.009737
v 0.037428 -0.011936 0.007112
v 0.037634 -0.017765 0.009450
v 0.037520 -0.017756 -0.000747
v 0.037634 -0.017765 0.009450
v 0.037477 -0.017756 0.000105
v 0.037477 -0.017756 0.000105
v 0.036984 -0.011828 0.007554
v 0.037331 -0.011889 0.009737
v -0.092875 -0.037040 0.009338
v -0.093672 -0.037553 0.003744
v -0.093046 -0.037940 0.003772
v -0.092380 -0.037475 0.008913
v -0.076229 0.036833 0.009320
v -0.075718 0.037653 0.003621
v -0.076320 0.037960 0.003815
v -0.076838 0.037374 0.008975
v 0.035353 0.031061 0.009613
v 0.037343 0.031156 0.002586
v 0.036535 0.032238 0.005914
v 0.035672 0.031144 0.011490
v -0.041096 -0.034550 0.005838
v -0.039096 -0.033332 0.010880
v -0.028104 0.032731 0.006535
v -0.027301 0.032502 0.009611
v -0.028464 0.028320 0.006436
v -0.051771 0.035614 0.008480
v -0.052328 0.035351 0.009200
v -0.075994 -0.037331 0.007074
v -0.075034 -0.035857 0.010463
v -0.093156 0.037831 0.003928
v -0.092757 0.037265 0.009148
v -0.093817 0.037437 0.003677
v -0.093447 0.036590 0.009232
v -0.049402 0.035766 0.007846
v -0.049779 0.035540 0.008931
v 0.029399 0.036257 0.006477
v 0.036914 0.033040 0.005483
v 0.035205 0.033050 0.012439
v 0.040143 0.025220 0.008182
v 0.036611 0.025209 0.007587
v -0.094228 -0.035989 0.007777
v -0.093672 -0.037553 0.003744
v -0.075252 0.037018 0.003536
v -0.075173 0.035705 0.010809
v -0.050211 0.035642 0.008381
v -0.051508 0.035493 0.008925
v -0.057379 -0.034603 0.005232
v -0.053862 -0.034382 0.007114
v -0.057399 -0.033858 0.008883
v -0.049402 0.035766 0.007846
v -0.049861 0.035658 0.008374
v 0.039792 -0.012505 0.007604
v 0.039660 -0.012470 0.009277
v -0.051490 0.035546 0.008694
v -0.052328 0.035351 0.009200
v -0.050073 0.035644 0.008402
v -0.050104 0.035559 0.008857
v -0.094217 0.036789 0.003654
v -0.094344 0.035602 0.009863
v -0.028104 0.032731 0.006535
v -0.019818 0.036159 0.008442
v -0.026286 0.032941 0.011453
v -0.058182 -0.033725 0.007348
v -0.057379 -0.034603 0.005232
v -0.057638 0.034055 0.007484
v -0.058410 0.034387 0.003610
v -0.050776 0.035741 0.007870
v -0.051325 0.035595 0.008500
v -0.050613 0.035685 0.008146
v -0.051540 0.035526 0.008788
v -0.075033 -0.036925 0.005233
v -0.074930 -0.035418 0.010912
v -0.058410 0.034387 0.003610
v -0.059087 0.033065 0.007176
v 0.040038 -0.012045 0.009319
v 0.040429 -0.011853 0.007599
v -0.028684 0.028323 0.001936
v -0.028850 0.028326 -0.002119
v -0.028672 0.028323 0.002375
v -0.028168 0.028320 0.006812
v -0.027699 0.028592 0.007509
v -0.028684 0.028323 0.001936
v -0.028353 0.031022 0.004547
v -0.026991 0.030984 0.007421
v -0.027576 0.032017 0.006892
v -0.028353 0.031022 0.004547
v -0.059481 -0.031285 0.010481
v -0.058976 -0.033077 0.006534
v -0.074889 -0.036613 0.004167
v -0.074608 -0.033774 0.013672
v -0.094608 0.035969 -0.002625
v -0.094608 0.036182 0.003466
v -0.094638 0.033109 -0.014734
v -0.094638 0.033109 -0.014734
v -0.094628 0.032420 0.016434
v -0.051278 0.035612 0.008430
v -0.051975 0.035605 0.008388
v -0.051765 0.035616 0.008228
v -0.051278 0.035612 0.008430
v -0.051570 0.035626 0.008153
v -0.051278 0.035612 0.008430
v -0.026670 0.030394 0.006887
v -0.025587 0.030953 0.010352
v -0.026998 0.028772 0.005410
v -0.025887 0.029481 0.009381
v -0.045743 -0.054460 0.011232
v -0.047082 -0.054454 0.000249
v -0.046762 -0.061222 0.005448
v -0.046819 -0.054199 0.000429
v -0.045743 -0.054460 0.011232
v -0.045301 -0.054271 0.012164
v -0.046576 -0.053960 0.000571
v -0.051440 0.035652 0.008138
v -0.051278 0.035612 0.008430
v -0.051793 0.035625 0.008119
v -0.052041 0.035547 0.008350
v -0.051346 0.035667 0.008093
v -0.051278 0.035612 0.008430
v 0.041398 -0.010932 0.007641
v 0.041398 -0.010932 0.007641
v 0.041271 0.024599 0.007237
v 0.041301 0.024637 0.009807
v -0.052005 0.035591 0.008371
v -0.052431 0.035672 0.007916
v 0.040651 -0.011835 0.007443
v 0.040877 -0.011680 0.009271
v -0.049720 0.035798 0.007778
v -0.049954 0.035671 0.008294
v 0.041047 -0.011823 0.006860
v 0.041060 -0.011522 0.009184
v -0.051926 0.035598 0.008147
v -0.052154 0.035708 0.007622
v -0.035712 -0.053924 0.015980
v -0.035712 -0.053924 0.015980
v -0.046576 -0.053960 0.000571
v -0.046576 -0.053960 0.000571
v -0.046576 -0.053960 0.000571
v -0.044494 -0.053967 0.014299
v 0.041283 -0.011224 0.007550
v 0.041232 -0.011368 0.009149
v -0.051250 0.035669 0.008010
v -0.051278 0.035612 0.008430
v 0.039812 -0.012191 0.009212
v 0.040069 -0.012201 0.007710
v -0.049603 0.035777 0.007841
v -0.049851 0.035672 0.008307
v 0.041005 -0.041026 0.009779
v 0.040356 -0.036590 0.003389
v 0.039603 -0.036656 0.008401
v 0.040356 -0.036590 0.003389
v 0.040007 -0.028914 0.006121
v 0.039603 -0.036656 0.008401
v -0.050313 0.035721 0.008164
v -0.050776 0.035741 0.007870
v -0.050971 0.035745 0.007844
v -0.051278 0.035612 0.008430
v -0.049720 0.035798 0.007778
v -0.050246 0.035711 0.008194
v 0.041910 -0.041069 0.004391
v 0.041645 -0.041316 0.008633
v -0.052301 0.035675 0.007847
v -0.052041 0.035547 0.008350
v -0.051972 0.035731 0.008000
v -0.051670 0.035670 0.008139
v -0.051513 0.035664 0.008146
v -0.051972 0.035731 0.008000
v -0.051708 0.035647 0.008145
v -0.051521 0.035658 0.008146
v -0.051460 0.035703 0.008138
v -0.051972 0.035731 0.008000
v -0.051491 0.035676 0.008145
v -0.051390 0.035686 0.008116
v -0.051907 0.035718 0.008057
v -0.051708 0.035647 0.008145
v -0.051842 0.035649 0.008088
v -0.051708 0.035647 0.008145
v -0.043692 -0.041638 0.002846
v -0.043235 -0.034743 0.004964
v -0.042645 -0.041671 0.010327
v -0.041987 -0.041622 0.009850
v -0.043692 -0.041638 0.002846
v 0.041910 -0.041069 0.004391
v 0.040356 -0.036590 0.003389
v 0.041005 -0.041026 0.009779
v -0.051904 0.035709 0.008060
v -0.051838 0.035615 0.008085
v -0.051996 0.035739 0.007958
v -0.051390 0.035686 0.008116
v -0.051346 0.035714 0.008079
v -0.052042 0.035750 0.007899
v -0.051295 0.035689 0.008046
v -0.051390 0.035686 0.008116
v -0.051870 0.035670 0.008075
v -0.052154 0.035708 0.007622
v -0.051285 0.035697 0.008036
v -0.052042 0.035750 0.007899
v -0.051943 0.035725 0.008024
v -0.052154 0.035708 0.007622
v -0.051276 0.035703 0.008030
v -0.051107 0.035763 0.007761
v -0.049720 0.035798 0.007778
v -0.050393 0.035754 0.008010
v -0.051232 0.035755 0.007924
v -0.052042 0.035750 0.007899
v -0.052022 0.035743 0.007925
v -0.052154 0.035708 0.007622
v 0.039912 -0.024984 0.006655
v 0.039312 -0.025033 0.009675
v -0.092433 -0.038354 0.003601
v -0.076639 -0.037763 0.007525
v -0.092380 -0.037475 0.008913
v -0.076838 0.037374 0.008975
v -0.092581 0.038202 0.003968
v -0.092757 0.037265 0.009148
v -0.076849 0.038254 0.003845
v -0.092581 0.038202 0.003968
v -0.076838 0.037374 0.008975
v -0.051107 0.035763 0.007761
v -0.052070 0.035732 0.007776
v -0.037593 -0.047903 0.000495
v -0.037236 -0.053362 0.005288
v -0.036056 -0.047909 0.010735
v 0.036611 0.025209 0.007587
v 0.037197 0.026541 0.003553
v 0.036532 0.028834 0.007873
v 0.037197 0.026541 0.003553
v 0.037401 0.028841 0.000283
v 0.036532 0.028834 0.007873
v 0.037401 0.028841 0.000283
v 0.036076 0.028890 0.006193
v -0.050999 0.035819 0.007285
v -0.050999 0.035819 0.007285
v -0.051098 0.035796 0.007489
v -0.050984 0.035760 0.007757
v 0.037586 -0.061548 0.000534
v 0.037272 -0.047762 0.004755
v 0.036070 -0.061559 0.010656
v 0.037586 -0.061548 0.000534
v 0.037586 -0.061548 0.000534
v 0.037586 -0.061548 0.000534
v 0.019384 -0.061005 0.009076
v 0.020574 -0.060707 0.003817
v 0.021104 -0.061017 0.003534
v 0.019796 -0.061503 0.010172
v 0.020206 -0.052072 0.007752
v 0.019140 -0.051912 0.010328
v 0.039991 -0.024495 0.006167
v 0.040371 -0.013625 0.003361
v 0.039312 -0.025033 0.009675
v -0.049578 0.036144 0.006014
v -0.040977 0.036166 0.007719
v -0.049587 0.035985 0.006969
v -0.040977 0.036166 0.007719
v -0.049388 0.035856 0.007533
v -0.040977 0.036166 0.007719
v -0.050829 0.035829 0.007311
v -0.050776 0.035741 0.007870
v -0.050642 0.035796 0.007586
v -0.049720 0.035798 0.007778
v -0.050395 0.035897 0.007121
v -0.049720 0.035798 0.007778
v 0.044872 -0.015708 0.004060
v 0.044381 -0.015814 0.007565
v -0.053788 -0.036513 0.000325
v -0.050050 -0.036375 0.005120
v -0.053792 -0.035290 0.009685
v -0.053862 -0.034382 0.007114
v -0.053835 -0.034758 0.007845
v -0.053833 -0.035578 0.001400
v -0.053788 -0.036513 0.000325
v -0.052502 0.035745 0.007593
v -0.053928 0.035728 0.007673
v -0.053168 0.035794 0.007334
v -0.053930 0.036427 0.002681
v -0.053930 0.036427 0.002681
v -0.053928 0.035728 0.007673
v -0.052023 0.035860 0.007152
v -0.051626 0.035873 0.006965
v -0.052039 0.035780 0.007416
v -0.051107 0.035763 0.007761
v 0.044378 -0.015310 0.004263
v 0.044188 -0.015412 0.007670
v -0.052430 0.035825 0.007244
v -0.052264 0.035710 0.007669
v 0.040368 -0.012473 0.005902
v 0.040789 -0.011887 0.007020
v 0.018723 -0.060049 0.008373
v 0.019764 -0.059396 0.003696
v 0.020153 -0.060081 0.003867
v 0.019082 -0.060714 0.008630
v -0.018364 -0.053767 0.008336
v -0.020071 -0.053070 0.004714
v 0.040368 -0.012473 0.005902
v 0.040124 -0.012198 0.007499
v 0.037477 -0.017756 0.000105
v 0.037410 -0.013886 0.002534
v 0.036087 -0.017770 0.010678
v 0.037410 -0.013886 0.002534
v 0.036662 -0.011751 0.007698
v 0.036087 -0.017770 0.010678
v -0.019640 -0.060236 0.006006
v -0.018344 -0.059558 0.008351
v -0.039041 -0.053919 0.002053
v -0.039041 -0.053919 0.002053
v -0.052226 0.035821 0.007264
v -0.052154 0.035708 0.007622
v -0.049815 0.035932 0.007325
v -0.050242 0.035951 0.006911
v -0.049399 0.035945 0.007220
v -0.049549 0.035791 0.007778
v -0.029502 0.032184 0.007608
v -0.029664 0.028317 0.007499
v 0.041284 0.025841 0.003728
v 0.041271 0.024599 0.007237
v 0.041398 -0.010932 0.007641
v 0.041332 0.025860 -0.002608
v 0.041332 0.025860 -0.002608
v 0.041284 0.025841 0.003728
v -0.049925 0.035994 0.007071
v -0.050242 0.035951 0.006911
v -0.052115 0.035942 0.006714
v -0.052157 0.035860 0.007124
v -0.049799 0.035925 0.007193
v -0.049938 0.036007 0.007030
v -0.049720 0.035798 0.007778
v -0.049788 0.035930 0.007217
v -0.049622 0.035901 0.007248
v -0.049720 0.035798 0.007778
v -0.049902 0.035954 0.007051
v -0.049780 0.035971 0.007246
v -0.049802 0.035910 0.007181
v -0.049886 0.035915 0.007051
v -0.047838 -0.038675 0.000106
v -0.047857 -0.038104 0.007773
v 0.036488 0.031082 0.003282
v 0.035093 0.031011 0.008892
v -0.049676 0.035918 0.007136
v -0.049826 0.036030 0.006686
v -0.049826 0.036030 0.006686
v -0.049853 0.035907 0.007084
v -0.051538 0.035888 0.006824
v -0.052000 0.035899 0.006920
v 0.035775 0.029779 0.005237
v 0.035093 0.031011 0.008892
v -0.051520 0.035917 0.006735
v -0.050999 0.035819 0.007285
v -0.051239 0.035984 0.006486
v -0.050999 0.035819 0.007285
v -0.050748 0.035992 0.006613
v -0.050999 0.035819 0.007285
v -0.039887 0.035091 0.002280
v -0.039122 0.034132 0.008363
v -0.031931 0.034710 0.005306
v -0.050664 0.035993 0.006695
v -0.050793 0.035848 0.007233
v -0.029727 0.032491 0.006691
v -0.029090 0.033449 0.008970
v -0.030842 0.034086 0.004500
v -0.030738 0.034405 0.002012
v -0.048299 -0.038075 0.000194
v -0.048277 -0.036889 0.008661
v -0.051574 0.035932 0.006682
v -0.052115 0.035942 0.006714
v -0.028925 0.033682 0.008932
v -0.030057 0.033255 0.005253
v -0.057379 -0.034603 0.005232
v -0.053858 -0.035092 0.001781
v -0.053862 -0.034382 0.007114
v -0.054012 0.034884 0.004235
v -0.057205 0.034376 0.007197
v -0.054125 0.034089 0.008550
v -0.019764 -0.053850 0.003700
v -0.018364 -0.053767 0.008336
v -0.018344 -0.059558 0.008351
v -0.019463 -0.059540 0.005004
v -0.019764 -0.053850 0.003700
v -0.018344 -0.059558 0.008351
v 0.019170 -0.053777 0.006067
v 0.019764 -0.059396 0.003696
v 0.018364 -0.059487 0.008331
v -0.049923 0.035967 0.007036
v -0.050242 0.035951 0.006911
v -0.050478 0.035953 0.006874
v -0.050667 0.035852 0.007258
v -0.049826 0.036030 0.006686
v -0.049994 0.035946 0.006945
v -0.029829 0.033595 0.005325
v -0.028736 0.033936 0.008936
v -0.052307 0.036051 0.005931
v -0.052267 0.035891 0.006937
v -0.053930 0.036427 0.002681
v -0.053930 0.036427 0.002681
v -0.049826 0.036030 0.006686
v -0.050290 0.035969 0.006839
v -0.049502 -0.036590 0.005657
v -0.048739 -0.037520 0.000159
v -0.020853 0.037580 0.006930
v -0.029649 0.033889 0.005323
v -0.028736 0.033936 0.008936
v -0.049726 0.036164 0.005863
v -0.049826 0.036030 0.006686
v -0.049797 0.036153 0.005922
v -0.050724 0.036028 0.006400
v -0.051990 0.036061 0.006006
v -0.052115 0.035942 0.006714
v -0.049923 0.036062 0.006461
v -0.050664 0.035993 0.006695
v -0.020978 0.036171 -0.001312
v -0.051715 0.036003 0.006389
v -0.052115 0.035942 0.006714
v -0.041814 0.036637 0.004913
v -0.049446 0.036255 0.005337
v -0.040977 0.036166 0.007719
v -0.028464 0.028320 0.006436
v -0.028623 0.032749 0.003562
v -0.028104 0.032731 0.006535
v -0.050885 0.036045 0.006183
v -0.051567 0.036015 0.006325
v 0.040328 -0.029579 0.003297
v 0.040086 -0.028784 0.005399
v 0.039886 -0.025298 0.006841
v 0.040007 -0.028914 0.006121
v -0.039887 0.035091 0.002280
v -0.039462 0.034835 0.006190
v -0.021527 0.036171 -0.000445
v -0.021527 0.036171 -0.000445
v -0.019818 0.036159 0.008442
v -0.028104 0.032731 0.006535
v -0.028104 0.032731 0.006535
v -0.028623 0.032749 0.003562
v -0.021633 0.037639 0.001112
v -0.020387 0.037598 0.007344
v -0.026195 0.028330 -0.000219
v -0.025918 0.032616 0.004714
v -0.024977 0.028325 0.008031
v -0.059656 0.024235 0.006287
v -0.059658 0.025079 0.000520
v -0.074655 0.023805 0.007942
v -0.059658 0.025079 0.000520
v -0.074658 0.025050 -0.000218
v -0.074655 0.023805 0.007942
v -0.074658 0.025050 -0.000218
v -0.059658 0.025079 0.000520
v -0.059658 0.025079 0.000520
v -0.059658 0.025079 0.000520
v -0.051599 0.036079 0.005907
v -0.050885 0.036045 0.006183
v -0.050192 0.036158 0.005778
v -0.050968 0.036068 0.006048
v -0.027991 0.030997 0.004191
v -0.026673 0.030958 0.007042
v -0.050093 0.036151 0.005843
v -0.050885 0.036045 0.006183
v -0.027475 0.030940 0.001898
v -0.026919 0.029726 0.005720
v 0.040371 -0.013625 0.003361
v 0.040214 -0.012546 0.006217
v 0.045149 -0.016159 0.000280
v 0.044872 -0.015708 0.004060
v 0.046550 -0.041500 0.007059
v 0.047070 -0.041494 0.000731
v 0.045149 -0.016159 0.000280
v 0.046550 -0.041500 0.007059
v 0.044872 -0.015708 0.004060
v 0.044547 -0.016190 0.007563
v 0.046550 -0.041500 0.007059
v -0.051732 0.036078 0.005926
v -0.052360 0.036100 0.005601
v -0.043198 -0.041633 0.002404
v -0.043203 -0.041633 0.002166
v -0.043692 -0.041638 0.002846
v -0.041372 -0.041579 0.009564
v -0.042027 -0.041483 0.005197
v -0.041372 -0.041579 0.009564
v 0.037095 -0.011872 0.007328
v 0.037410 -0.013886 0.002534
v 0.040623 -0.012284 0.006141
v 0.041009 -0.013572 0.003061
v 0.040338 0.025185 0.007230
v 0.037197 0.026541 0.003553
v 0.036611 0.025209 0.007587
v 0.040614 0.026281 0.004061
v 0.037197 0.026541 0.003553
v 0.040338 0.025185 0.007230
v -0.050192 0.036158 0.005778
v -0.051527 0.036147 0.005536
v 0.040543 0.025136 0.007255
v 0.040614 0.026281 0.004061
v -0.042352 -0.041372 0.001770
v -0.041956 -0.041435 0.005565
v -0.039914 -0.036978 0.007626
v -0.042116 -0.041139 0.001804
v -0.041956 -0.041435 0.005565
v -0.040591 -0.036774 0.000091
v -0.042116 -0.041139 0.001804
v -0.039914 -0.036978 0.007626
v -0.049817 0.036215 0.005386
v -0.049970 0.036163 0.005790
v 0.040925 0.026061 0.003954
v 0.040760 0.025073 0.007309
v 0.041016 0.024846 0.007242
v 0.041284 0.025841 0.003728
v 0.041009 -0.013572 0.003061
v 0.041179 -0.011516 0.007092
v -0.051523 0.036090 0.005798
v -0.051995 0.036089 0.005575
v 0.043293 -0.041481 -0.001346
v 0.043093 -0.041478 -0.000575
v 0.042657 -0.041466 0.000172
v 0.042178 -0.041489 0.009021
v 0.042520 -0.041507 0.010623
v 0.041925 -0.014826 0.005670
v 0.043745 -0.041494 -0.001961
v 0.042520 -0.041507 0.010623
v -0.052136 0.036099 0.005525
v -0.052147 0.036232 0.004613
v -0.022073 -0.051740 -0.002709
v -0.022073 -0.051740 -0.002709
v -0.022073 -0.051740 -0.002709
v 0.041153 -0.013518 0.002630
v 0.041398 -0.010932 0.007641
v -0.076692 -0.038407 0.002181
v -0.076639 -0.037763 0.007525
v -0.092433 -0.038354 0.003601
v -0.052090 0.036291 0.004746
v -0.051857 0.036168 0.005542
v -0.049686 0.036224 0.005414
v -0.049797 0.036153 0.005922
v -0.076692 -0.038407 0.002181
v -0.075664 -0.037310 0.005647
v -0.052090 0.036291 0.004746
v -0.051956 0.036141 0.005522
v -0.051948 0.036132 0.005531
v -0.051523 0.036090 0.005798
v -0.051956 0.036140 0.005523
v -0.052147 0.036232 0.004613
v -0.076162 -0.038071 0.001735
v -0.075033 -0.036925 0.005233
v -0.094478 -0.035726 0.007308
v -0.093949 -0.037103 0.003277
v -0.050050 0.036186 0.005587
v -0.052090 0.036291 0.004746
v -0.052113 0.036266 0.004697
v -0.051973 0.036189 0.005514
v -0.058114 0.034516 0.003245
v -0.057205 0.034376 0.007197
v 0.041350 -0.013511 0.001886
v 0.041332 0.025860 -0.002608
v 0.041332 0.025860 -0.002608
v -0.075010 -0.037054 0.000037
v -0.075033 -0.036925 0.005233
v 0.022180 -0.051676 0.000114
v 0.020524 -0.051979 0.007452
v -0.058043 -0.034605 0.000213
v -0.057379 -0.034603 0.005232
v -0.057887 -0.034202 0.005669
v -0.058679 -0.034210 0.000164
v -0.021001 -0.060942 0.001380
v -0.020532 -0.061162 0.006350
v -0.021469 -0.061213 0.001271
v -0.021147 -0.061572 0.006580
v -0.058871 -0.033945 -0.000481
v -0.058681 -0.033503 0.007051
v -0.059213 -0.032914 0.005165
v -0.059213 -0.033514 -0.002036
v -0.058703 0.033961 0.004094
v -0.059343 0.033572 -0.001107
v 0.047008 -0.047742 0.003391
v 0.047070 -0.041494 0.000731
v 0.046550 -0.041500 0.007059
v -0.020853 0.037580 0.006930
v -0.021633 0.037639 0.001112
v -0.029649 0.033889 0.005323
v 0.040328 -0.029579 0.003297
v 0.039939 -0.024955 0.006493
v 0.021337 -0.052158 0.001015
v 0.019658 -0.052380 0.007576
v -0.059343 0.033572 -0.001107
v -0.059551 0.032701 0.003534
v 0.035133 0.028449 -0.001903
v 0.034760 0.028443 0.005129
v 0.034900 0.032733 0.005154
v 0.035211 0.032740 -0.002799
v 0.035133 0.028449 -0.001903
v 0.034900 0.032733 0.005154
v 0.035211 0.032740 -0.002799
v 0.035721 0.032744 -0.006333
v 0.036321 0.032740 -0.000462
v -0.057449 -0.034991 0.000066
v -0.053858 -0.035092 0.001781
v -0.057379 -0.034603 0.005232
v -0.054012 0.034884 0.004235
v -0.057497 0.035029 0.000177
v -0.057205 0.034376 0.007197
v -0.021001 -0.060942 0.001380
v -0.019709 -0.060081 0.005377
v 0.020854 -0.052458 0.001380
v 0.019414 -0.053194 0.006498
v -0.029934 0.033542 0.005178
v -0.030247 0.033676 0.004503
v 0.040328 -0.029579 0.003297
v 0.040371 -0.013625 0.003361
v 0.039991 -0.024495 0.006167
v -0.047240 -0.041679 0.002847
v -0.046990 -0.047918 -0.003565
v -0.046612 -0.047926 0.006506
v -0.052513 0.036224 0.004453
v -0.053930 0.036427 0.002681
v -0.020438 -0.060132 0.001523
v -0.019463 -0.059540 0.005004
v 0.020410 -0.053136 0.001469
v 0.019170 -0.053777 0.006067
v -0.052249 0.036233 0.004514
v -0.052360 0.036100 0.005601
v -0.042101 0.036739 0.003820
v -0.041814 0.036637 0.004913
v -0.049792 0.036323 0.004464
v -0.049583 0.036289 0.004920
v -0.049891 0.036271 0.004909
v -0.052090 0.036291 0.004746
v -0.049792 0.036323 0.004464
v -0.049640 0.036238 0.005327
v -0.020076 -0.059545 0.001356
v -0.019764 -0.053850 0.003700
v -0.019463 -0.059540 0.005004
v 0.020076 -0.053698 0.001360
v 0.019764 -0.059396 0.003696
v 0.019170 -0.053777 0.006067
v 0.040356 -0.036590 0.003389
v 0.020878 -0.034559 -0.025715
v 0.029845 -0.034548 -0.014464
v 0.032916 -0.034554 -0.002700
v 0.032949 -0.051559 0.002888
v 0.032354 -0.034563 0.006776
v -0.040977 0.036166 0.007719
v -0.041823 0.036657 0.004587
v -0.041986 0.036851 0.002158
v -0.040977 0.036166 0.007719
v 0.030898 0.037535 -0.001346
v 0.029921 0.037730 0.004664
v 0.038305 0.034082 0.005598
v 0.037910 0.027967 0.001606
v 0.037307 0.027285 0.009886
v 0.038726 0.027298 -0.004587
v 0.038394 0.027296 -0.001765
v 0.038581 0.027297 -0.002396
v 0.038394 0.027296 -0.001765
v -0.040193 0.035557 0.006392
v -0.039535 0.035044 0.005841
v -0.041880 0.036906 0.000508
v -0.041880 0.036906 0.000508
v -0.028685 0.028716 -0.001629
v -0.027392 0.028746 0.005959
v -0.027905 0.028768 -0.000380
v -0.026998 0.028772 0.005410
v -0.021633 0.037639 0.001112
v -0.029917 0.033796 0.004914
v -0.049792 0.036323 0.004464
v -0.052115 0.036262 0.004681
v -0.029019 0.028326 -0.002731
v -0.028675 0.032475 0.002722
v -0.028824 0.032734 0.000227
v -0.028464 0.028320 0.006436
v -0.028464 0.028320 0.006436
v -0.029019 0.028326 -0.002731
v 0.042292 -0.014843 -0.002351
v 0.043745 -0.041494 -0.001961
v 0.041925 -0.014826 0.005670
v 0.043956 -0.014957 0.004260
v 0.043083 -0.014901 0.004657
v 0.042292 -0.014843 -0.002351
v 0.042851 -0.014885 -0.003076
v 0.041910 -0.041069 0.004391
v 0.040465 -0.036589 -0.000036
v 0.040356 -0.036590 0.003389
v 0.035951 0.032742 -0.002684
v 0.037123 0.031732 0.002140
v 0.036352 0.032735 0.006444
v 0.040465 -0.036589 -0.000036
v 0.040328 -0.029579 0.003297
v 0.040328 -0.029579 0.003297
v 0.040356 -0.036590 0.003389
v -0.040591 -0.036774 0.000091
v -0.039914 -0.036978 0.007626
v -0.040167 -0.034563 0.005820
v -0.040585 -0.035994 -0.000258
v -0.040167 -0.034563 0.005820
v -0.043235 -0.034743 0.004964
v -0.040600 -0.035098 -0.001016
v -0.040167 -0.034563 0.005820
v 0.042147 -0.041073 0.000082
v 0.041939 -0.041151 0.004812
v 0.042404 -0.041272 0.000140
v 0.041958 -0.041479 0.008283
v 0.040651 -0.013585 0.003265
v 0.040368 -0.012473 0.005902
v 0.042147 -0.041073 0.000082
v 0.040465 -0.036589 -0.000036
v 0.041910 -0.041069 0.004391
v -0.027913 0.028710 0.006981
v -0.028638 0.028442 0.001368
v -0.027872 0.030971 0.001642
v -0.028353 0.031022 0.004547
v -0.028135 0.031468 0.004881
v -0.028694 0.031031 0.000233
v -0.049792 0.036323 0.004464
v -0.052248 0.036243 0.004415
v -0.028459 0.031631 -0.000422
v -0.027507 0.032612 0.006598
v -0.027181 0.032620 -0.002763
v -0.026859 0.032621 -0.003336
v -0.028134 0.032618 -0.002378
v -0.027450 0.030028 0.001546
v -0.026998 0.028772 0.005410
v 0.040468 -0.014551 0.000075
v 0.040371 -0.013625 0.003361
v 0.040400 -0.025642 0.002050
v 0.040468 -0.014551 0.000075
v -0.049530 0.036495 0.003214
v -0.050106 0.036394 0.003893
v -0.050400 0.036375 0.003972
v -0.052440 0.036254 0.004161
v -0.042086 0.036855 0.002724
v -0.049601 0.036417 0.003795
v -0.050555 0.036413 0.003693
v -0.051884 0.036338 0.003758
v -0.052081 0.036363 0.003507
v -0.052440 0.036254 0.004161
v -0.052524 0.036355 0.003420
v 0.040170 0.026517 0.002969
v 0.037197 0.026541 0.003553
v 0.040856 0.026660 0.001231
v 0.040614 0.026281 0.004061
v 0.040989 0.026047 0.003813
v 0.041148 0.026481 0.001166
v 0.044973 -0.015775 0.000262
v 0.044872 -0.015708 0.004060
v 0.044788 -0.015370 0.000143
v 0.044454 -0.015359 0.004068
v 0.030034 0.036266 -0.002626
v 0.036914 0.033040 0.005483
v 0.029399 0.036257 0.006477
v -0.047530 -0.040990 0.002388
v -0.047560 -0.038940 0.007454
v 0.039024 0.033615 -0.001670
v 0.038679 0.033625 0.005624
v 0.039255 0.027293 0.003789
v 0.037483 0.032863 0.000086
v 0.037751 0.028292 0.002430
v 0.037195 0.032557 0.005799
v 0.037048 0.032812 0.005614
v 0.037483 0.032863 0.000086
v -0.047531 -0.040133 0.000940
v -0.047560 -0.038940 0.007454
v 0.030034 0.036266 -0.002626
v 0.030034 0.036266 -0.002626
v 0.038840 0.033854 -0.001610
v 0.038679 0.033625 0.005624
v 0.038661 0.034088 -0.001576
v 0.038491 0.033855 0.005599
v 0.030034 0.036266 -0.002626
v 0.037483 0.032863 0.000086
v 0.036914 0.033040 0.005483
v -0.047692 -0.039282 -0.000005
v -0.047560 -0.038940 0.007454
v 0.038661 0.034088 -0.001576
v 0.030898 0.037535 -0.001346
v 0.038305 0.034082 0.005598
v -0.050561 0.036420 0.003549
v -0.051790 0.036365 0.003601
v 0.036597 0.028872 -0.001132
v 0.036917 0.028861 -0.000256
v 0.035769 0.028922 0.005596
v 0.036166 0.031091 -0.001664
v 0.036756 0.031106 0.002854
v -0.038423 -0.053698 0.001675
v -0.037236 -0.053362 0.005288
v 0.036166 0.031091 -0.001664
v 0.035921 0.030392 0.003928
v 0.036165 0.029928 -0.001531
v 0.035769 0.028922 0.005596
v -0.032008 0.035068 -0.001863
v -0.039887 0.035091 0.002280
v -0.031931 0.034710 0.005306
v -0.050531 0.036430 0.003394
v -0.051641 0.036382 0.003418
v -0.053961 0.035853 0.002919
v -0.053956 0.035950 -0.002017
v -0.054002 0.035123 0.000169
v -0.049530 0.036495 0.003214
v -0.050522 0.036424 0.003522
v -0.031115 0.034529 0.002443
v -0.032008 0.035068 -0.001863
v -0.054002 0.035123 0.000169
v -0.057497 0.035029 0.000177
v -0.054012 0.034884 0.004235
v -0.030580 0.034188 0.002426
v -0.030219 0.033919 -0.001797
v -0.049437 -0.037064 0.000236
v -0.050050 -0.036375 0.005120
v -0.021633 0.037639 0.001112
v -0.030219 0.033919 -0.001797
v -0.030247 0.033676 0.004503
v -0.051687 0.036378 0.003280
v -0.051790 0.036365 0.003601
v -0.052192 0.036405 0.003032
v -0.051790 0.036365 0.003601
v -0.051813 0.036370 0.003261
v -0.052064 0.036411 0.002916
v -0.049886 0.036455 0.003146
v -0.050531 0.036430 0.003394
v -0.051781 0.036415 0.003213
v -0.050531 0.036430 0.003394
v -0.051656 0.036421 0.003264
v -0.050531 0.036430 0.003394
v -0.028824 0.032734 0.000227
v -0.021527 0.036171 -0.000445
v -0.028623 0.032749 0.003562
v -0.051773 0.036412 0.003217
v -0.051585 0.036391 0.003294
v -0.049736 0.036553 0.002525
v -0.049774 0.036473 0.003083
v -0.049963 0.036441 0.003095
v -0.051782 0.036415 0.003213
v -0.049975 0.036490 0.003108
v -0.051784 0.036365 0.003207
v -0.050405 0.036462 0.003300
v -0.051784 0.036365 0.003207
v -0.051787 0.036413 0.003209
v -0.052064 0.036411 0.002916
v -0.049963 0.036441 0.003095
v -0.051881 0.036441 0.003089
v -0.049978 0.036491 0.003110
v -0.050531 0.036430 0.003394
v -0.049975 0.036490 0.003107
v -0.052064 0.036411 0.002916
v -0.049920 0.036542 0.002860
v -0.052064 0.036411 0.002916
v -0.049972 0.036489 0.003103
v -0.049736 0.036553 0.002525
v -0.021881 -0.061535 0.000468
v -0.021147 -0.061572 0.006580
v 0.021702 -0.061444 0.002113
v 0.019796 -0.061503 0.010172
v 0.021826 -0.061492 -0.003803
v 0.021826 -0.061492 -0.003803
v 0.021826 -0.061492 -0.003803
v -0.047082 -0.054454 0.000249
v -0.046723 -0.061213 -0.005616
v -0.046762 -0.061222 0.005448
v -0.046723 -0.061213 -0.005616
v -0.046687 -0.061541 0.002967
v -0.047370 -0.041658 -0.002621
v -0.047370 -0.041658 -0.002621
v -0.047240 -0.041679 0.002847
v -0.047370 -0.041658 -0.002621
v -0.046990 -0.047918 -0.003565
v -0.047240 -0.041679 0.002847
v -0.047368 -0.041666 0.002836
v -0.043692 -0.041638 0.002846
v -0.021438 -0.052122 -0.001646
v -0.021623 -0.051754 0.005223
v -0.043682 -0.040857 0.002237
v -0.043235 -0.034743 0.004964
v -0.049646 0.036542 0.002462
v -0.049530 0.036495 0.003214
v 0.041371 -0.013644 0.001009
v 0.041332 0.025860 -0.002608
v 0.021306 -0.061107 0.003175
v 0.020895 -0.060787 -0.002486
v -0.021020 -0.052117 0.005084
v -0.021014 -0.052385 -0.001161
v -0.037536 -0.053362 0.000210
v -0.037236 -0.053362 0.005288
v -0.037593 -0.047903 0.000495
v 0.037197 0.026541 0.003553
v 0.037360 0.027626 0.000574
v -0.049736 0.036553 0.002525
v -0.052046 0.036452 0.002628
v 0.037586 -0.061548 0.000534
v 0.037396 -0.047756 -0.002469
v 0.037272 -0.047762 0.004755
v -0.049417 0.036515 0.002570
v -0.049414 0.036529 0.001939
v -0.042146 0.036872 0.001666
v -0.042086 0.036855 0.002724
v -0.039871 0.035326 -0.001752
v -0.039814 0.035100 0.002681
v -0.039871 0.035326 -0.001752
v -0.053788 -0.036513 0.000325
v -0.050051 -0.036676 0.000092
v -0.050050 -0.036375 0.005120
v -0.050036 -0.036384 -0.004843
v -0.050051 -0.036676 0.000092
v -0.053788 -0.036513 0.000325
v -0.053108 0.036429 0.001962
v -0.053930 0.036431 -0.002361
v -0.052637 0.036417 0.002499
v -0.053930 0.036427 0.002681
v -0.053930 0.036431 -0.002361
v -0.053979 0.035545 0.000442
v 0.020417 -0.060019 -0.001551
v 0.020574 -0.060707 0.003817
v 0.020145 -0.060002 0.003640
v 0.020087 -0.059465 -0.001194
v -0.020559 -0.053052 -0.001069
v -0.020447 -0.052455 0.005094
v -0.020017 -0.053351 0.004038
v -0.020087 -0.053773 -0.001190
v 0.037454 -0.014596 0.000861
v 0.037477 -0.017756 0.000105
v -0.043685 -0.040103 0.001030
v -0.043235 -0.034743 0.004964
v -0.020087 -0.053773 -0.001190
v -0.019764 -0.053850 0.003700
v -0.020076 -0.059545 0.001356
v 0.020076 -0.053698 0.001360
v 0.020087 -0.059465 -0.001194
v 0.019764 -0.059396 0.003696
v -0.052216 0.036408 0.002972
v -0.052454 0.036430 0.001701
v 0.040465 -0.036589 -0.000036
v 0.040428 -0.024579 0.001623
v 0.040328 -0.029579 0.003297
v -0.047530 -0.040267 0.001504
v -0.047329 -0.041067 0.002269
v -0.043692 -0.041638 0.002846
v -0.043853 -0.040916 0.002158
v 0.040581 0.026843 0.001220
v 0.037352 0.026988 0.000433
v 0.037197 0.026541 0.003553
v -0.052116 0.036468 0.002428
v -0.052454 0.036430 0.001701
v -0.026195 0.028330 -0.000219
v -0.026038 0.032623 -0.003662
v -0.025918 0.032616 0.004714
v -0.026038 0.032623 -0.003662
v -0.074561 -0.024814 -0.003654
v -0.059561 -0.024791 0.003872
v -0.074562 -0.024699 0.004601
v -0.074561 -0.024814 -0.003654
v -0.074561 -0.024814 -0.003654
v -0.074561 -0.024814 -0.003654
v -0.059562 -0.024663 -0.004382
v -0.059562 -0.024663 -0.004382
v -0.059562 -0.024663 -0.004382
v -0.059495 -0.031588 -0.009147
v -0.059495 -0.031588 -0.009147
v -0.059495 -0.031588 -0.009147
v -0.074561 -0.024814 -0.003654
v -0.059562 -0.024663 -0.004382
v -0.059561 -0.024791 0.003872
v -0.074697 0.035272 -0.007944
v -0.074774 0.036396 0.003279
v -0.074658 0.025050 -0.000218
v -0.042375 -0.041392 0.001696
v -0.042251 -0.041413 -0.001730
v 0.041332 0.025860 -0.002608
v 0.041193 0.026283 0.001584
v -0.076638 -0.038318 -0.003405
v -0.076692 -0.038407 0.002181
v -0.092433 -0.038354 0.003601
v -0.092433 -0.038319 -0.003709
v -0.076638 -0.038318 -0.003405
v -0.092433 -0.038354 0.003601
v -0.076849 0.038254 0.003845
v -0.076849 0.038254 0.003845
v -0.092581 0.038237 -0.003342
v -0.092581 0.038237 -0.003342
v -0.092581 0.038202 0.003968
v -0.076786 0.038238 -0.003645
v -0.049639 0.036542 0.002273
v -0.052098 0.036491 0.002341
v -0.049414 0.036529 0.001939
v -0.052210 0.036465 0.002056
v -0.076278 0.037951 0.003675
v -0.076786 0.038238 -0.003645
v -0.093073 -0.037939 0.003599
v -0.094043 -0.037196 -0.003297
v -0.093237 -0.037759 -0.003366
v -0.092433 -0.038354 0.003601
v -0.076638 -0.038318 -0.003405
v -0.075855 -0.037939 0.000403
v -0.092581 0.038237 -0.003342
v -0.093204 0.037817 0.003745
v -0.075924 0.037640 -0.003290
v -0.075718 0.037653 0.003621
v -0.093206 0.037829 -0.003338
v -0.093817 0.037437 0.003677
v -0.075222 0.036995 0.003348
v -0.075175 0.037115 -0.003235
v -0.094244 -0.036747 0.001348
v -0.094043 -0.037196 -0.003297
v -0.093817 0.037431 -0.003484
v -0.094211 0.036811 0.003494
v -0.094201 0.036792 -0.003605
v -0.094608 0.036182 0.003466
v -0.057815 0.034800 0.000591
v -0.058811 0.034044 -0.003366
v -0.059141 0.033751 -0.001643
v -0.058410 0.034387 0.003610
v -0.075034 0.036631 -0.003884
v -0.074774 0.036396 0.003279
v -0.043696 -0.039921 0.000196
v -0.043413 -0.034998 -0.001511
v -0.043235 -0.034743 0.004964
v -0.043413 -0.034998 -0.001511
v -0.040600 -0.035098 -0.001016
v -0.043235 -0.034743 0.004964
v -0.059653 0.031107 -0.009767
v -0.059653 0.031107 -0.009767
v -0.059653 0.031107 -0.009767
v 0.040465 -0.036589 -0.000036
v 0.040406 -0.030997 -0.002142
v 0.040428 -0.024579 0.001623
v -0.041880 0.036906 0.000508
v -0.049476 0.036568 0.001390
v -0.049711 0.036571 0.001263
v -0.050822 0.036545 0.001225
v -0.050669 0.036531 0.001423
v -0.050822 0.036545 0.001225
v -0.051881 0.036496 0.001264
v -0.052454 0.036430 0.001701
v -0.052089 0.036487 0.001207
v -0.052450 0.036511 0.000350
v -0.052498 0.036482 0.000707
v -0.053930 0.036431 -0.002361
v 0.040709 -0.013607 0.003165
v 0.040468 -0.014551 0.000075
v 0.040468 -0.014551 0.000075
v 0.041200 -0.013579 0.002177
v 0.041063 -0.014054 0.000246
v 0.041350 -0.013511 0.001886
v -0.043830 -0.040171 0.000986
v -0.047530 -0.040267 0.001504
v -0.051005 0.036558 0.000918
v -0.050962 0.036551 0.001047
v -0.051809 0.036528 0.000909
v -0.051819 0.036513 0.001117
v -0.049886 0.036585 0.000771
v -0.050822 0.036545 0.001225
v -0.049997 0.036575 0.000707
v -0.050880 0.036552 0.001068
v -0.047345 -0.040100 0.000559
v -0.043696 -0.039921 0.000196
v -0.049997 0.036575 0.000707
v -0.051100 0.036557 0.000840
v -0.051962 0.036533 0.000709
v -0.052450 0.036511 0.000350
v -0.052005 0.036507 0.000528
v -0.052450 0.036511 0.000350
v -0.049941 0.036597 0.000398
v -0.051945 0.036543 0.000621
v -0.049737 0.036651 -0.000163
v -0.051945 0.036543 0.000621
v -0.052098 0.036498 0.000330
v -0.052450 0.036511 0.000350
v -0.049803 0.036666 -0.000232
v -0.051993 0.036564 0.000509
v -0.052024 0.036518 0.000468
v -0.051945 0.036543 0.000621
v -0.049803 0.036666 -0.000232
v -0.052036 0.036534 0.000439
v -0.052046 0.036546 0.000412
v -0.052090 0.036506 0.000217
v -0.049803 0.036666 -0.000232
v -0.052068 0.036545 0.000307
v -0.041880 0.036906 0.000508
v -0.041880 0.036906 0.000508
v -0.049611 0.036621 0.000378
v -0.049690 0.036641 -0.000337
v -0.049657 0.036635 -0.000091
v -0.049814 0.036591 0.000728
v 0.044970 -0.015924 -0.003605
v 0.044964 -0.015756 0.000161
v 0.044669 -0.015632 -0.003948
v 0.044788 -0.015370 0.000143
v 0.043889 -0.014964 -0.005765
v 0.044527 -0.015243 0.000797
v -0.042116 0.036855 -0.002527
v -0.049740 0.036647 -0.000593
v -0.041880 0.036906 0.000508
v 0.047070 -0.041494 0.000731
v 0.044970 -0.015924 -0.003605
v 0.045149 -0.016159 0.000280
v 0.040977 -0.014126 0.000000
v 0.041237 -0.013357 -0.002723
v -0.037243 -0.053353 -0.005067
v -0.038019 -0.053544 0.000629
v -0.037593 -0.047903 0.000495
v -0.037243 -0.053353 -0.005067
v -0.037536 -0.053362 0.000210
v -0.030738 0.034405 0.002012
v -0.031035 0.034453 -0.001575
v -0.027842 0.030996 -0.004159
v -0.028694 0.031031 0.000233
v -0.027128 0.030951 -0.004419
v -0.028200 0.030995 0.000689
v 0.046649 -0.041489 -0.006186
v 0.044970 -0.015924 -0.003605
v 0.047070 -0.041494 0.000731
v 0.032649 -0.051553 -0.004648
v 0.032649 -0.051553 -0.004648
v 0.022180 -0.051676 0.000114
v 0.022180 -0.051676 0.000114
v 0.022180 -0.051676 0.000114
v 0.022180 -0.051676 0.000114
v 0.021255 -0.051629 0.007525
v 0.032949 -0.051559 0.002888
v 0.032916 -0.034554 -0.002700
v 0.032649 -0.051553 -0.004648
v 0.032949 -0.051559 0.002888
v -0.050036 -0.036384 -0.004843
v -0.049453 -0.037054 0.000010
v -0.054016 0.034758 -0.004999
v -0.057497 0.035029 0.000177
v -0.054002 0.035123 0.000169
v -0.057449 -0.034991 0.000066
v -0.053867 -0.034724 -0.005090
v -0.053858 -0.035092 0.001781
v -0.028715 0.032511 -0.003106
v -0.028824 0.032734 0.000227
v -0.029019 0.028326 -0.002731
v -0.028175 0.032941 -0.004793
v -0.021527 0.036171 -0.000445
v -0.028824 0.032734 0.000227
v 0.037039 0.032842 -0.005304
v 0.037483 0.032863 0.000086
v -0.019753 -0.059467 -0.003534
v -0.020087 -0.053773 -0.001190
v -0.020076 -0.059545 0.001356
v -0.021838 0.037444 -0.003999
v -0.030219 0.033919 -0.001797
v -0.021633 0.037639 0.001112
v -0.028563 0.032645 -0.003452
v -0.028824 0.032734 0.000227
v 0.037436 -0.014172 -0.001594
v 0.037634 -0.017750 -0.009215
v 0.040428 -0.024579 0.001623
v 0.040406 -0.030997 -0.002142
v 0.040468 -0.014551 0.000075
v 0.040406 -0.030997 -0.002142
v 0.040385 -0.013830 -0.002429
v 0.040468 -0.014551 0.000075
v -0.053867 -0.034724 -0.005090
v -0.053818 -0.035904 0.000766
v -0.040591 -0.036774 0.000091
v -0.042251 -0.041413 -0.001730
v -0.042116 -0.041139 0.001804
v 0.041058 0.026323 -0.002125
v 0.041148 0.026481 0.001166
v 0.040872 0.026625 -0.001942
v 0.040870 0.026658 0.001157
v 0.040872 0.026625 -0.001942
v 0.037352 0.026988 0.000433
v 0.040581 0.026843 0.001220
v -0.027128 0.030951 -0.004419
v -0.027477 0.029696 0.000473
v 0.036835 0.031161 -0.006458
v 0.036462 0.031110 -0.001204
v -0.028257 0.031988 -0.002678
v -0.028694 0.031031 0.000233
v 0.036835 0.031161 -0.006458
v 0.037008 0.032137 0.000788
v 0.034082 0.032744 -0.010110
v 0.036540 0.031933 -0.006567
v 0.036828 0.032741 0.000157
v 0.021593 -0.052014 0.000439
v 0.020558 -0.052454 -0.003651
v 0.020558 -0.052454 -0.003651
v 0.020478 -0.053048 0.001269
v 0.020132 -0.053161 -0.003474
v 0.020076 -0.053698 0.001360
v 0.021283 -0.061079 -0.002898
v 0.021881 -0.061424 0.002902
v 0.019754 -0.053768 -0.003530
v 0.020087 -0.059465 -0.001194
v 0.020076 -0.053698 0.001360
v -0.020550 -0.060274 0.001237
v -0.020558 -0.060780 -0.003657
v -0.020132 -0.060074 -0.003479
v -0.020076 -0.059545 0.001356
v -0.021552 -0.061256 0.001110
v -0.021692 -0.061580 -0.004543
v -0.021029 -0.061109 -0.003909
v -0.021001 -0.060942 0.001380
v -0.027722 0.028335 -0.008287
v -0.028645 0.028587 -0.000872
v -0.027722 0.028335 -0.008287
v 0.036862 0.033068 -0.005401
v 0.037483 0.032863 0.000086
v 0.030034 0.036266 -0.002626
v 0.038935 0.027299 -0.005298
v 0.039024 0.033615 -0.001670
v 0.039255 0.027293 0.003789
v 0.037475 0.028295 -0.004415
v 0.037751 0.028292 0.002430
v 0.037483 0.032863 0.000086
v 0.037201 0.032631 -0.005242
v 0.037475 0.028295 -0.004415
v 0.037483 0.032863 0.000086
v 0.038105 0.027629 -0.002216
v 0.037751 0.028292 0.002430
v -0.032668 -0.051679 -0.004648
v -0.032668 -0.051679 -0.004648
v 0.041649 -0.041406 -0.007746
v -0.032439 -0.034677 -0.006574
v -0.033001 -0.034686 0.002902
v -0.033029 -0.051686 0.002044
v -0.032668 -0.051679 -0.004648
v -0.032439 -0.034677 -0.006574
v -0.033029 -0.051686 0.002044
v -0.032439 -0.034677 -0.006574
v -0.032439 -0.034677 -0.006574
v -0.054016 0.034758 -0.004999
v -0.039831 0.035189 -0.002197
v -0.039887 0.035091 0.002280
v -0.032008 0.035068 -0.001863
v -0.039729 0.034879 -0.003937
v -0.039887 0.035091 0.002280
v -0.052265 0.036508 0.000246
v -0.052448 0.036513 -0.000721
v -0.052505 0.036509 -0.000435
v -0.053930 0.036431 -0.002361
v -0.049740 0.036647 -0.000593
v -0.049752 0.036655 -0.000205
v -0.049803 0.036666 -0.000232
v -0.052151 0.036515 -0.000187
v -0.049784 0.036656 -0.000413
v -0.052448 0.036513 -0.000721
v 0.046649 -0.041489 -0.006186
v 0.047070 -0.041494 0.000731
v 0.047008 -0.047742 0.003391
v 0.046531 -0.047735 -0.006597
v 0.046649 -0.041489 -0.006186
v 0.047008 -0.047742 0.003391
v 0.040218 -0.036658 -0.004356
v 0.040465 -0.036589 -0.000036
v 0.042147 -0.041073 0.000082
v 0.042054 -0.041265 -0.003999
v 0.040218 -0.036658 -0.004356
v 0.042147 -0.041073 0.000082
v 0.042392 -0.041263 0.000100
v 0.042054 -0.041265 -0.003999
v 0.042021 -0.041309 -0.004417
v 0.042657 -0.041466 0.000172
v -0.043684 -0.040004 -0.000599
v -0.043413 -0.034998 -0.001511
v -0.047532 -0.039967 -0.000260
v -0.043850 -0.040114 -0.000551
v -0.047442 -0.040168 -0.000888
v -0.043685 -0.040337 -0.001389
v 0.040218 -0.036658 -0.004356
v 0.040406 -0.030997 -0.002142
v 0.040465 -0.036589 -0.000036
v -0.049672 0.036617 -0.000932
v -0.052448 0.036513 -0.000721
v -0.050596 0.036532 -0.001820
v -0.052448 0.036513 -0.000721
v -0.052909 0.036468 -0.002157
v -0.052448 0.036513 -0.000721
v -0.051953 0.036494 -0.002077
v -0.052448 0.036513 -0.000721
v -0.042116 0.036855 -0.002527
v -0.049566 0.036614 -0.001011
v -0.021838 0.037444 -0.003999
v -0.030108 0.033848 -0.003046
v 0.037477 -0.017756 0.000105
v 0.037453 -0.014608 -0.000639
v 0.041021 -0.013366 -0.003050
v 0.040468 -0.014551 0.000075
v 0.040469 -0.013720 -0.002695
v 0.040468 -0.014551 0.000075
v 0.037181 0.026523 -0.003366
v 0.037364 0.027739 0.000183
v 0.040872 0.026625 -0.001942
v 0.037181 0.026523 -0.003366
v 0.037352 0.026988 0.000433
v -0.027087 0.029862 -0.004531
v -0.027513 0.028797 0.000070
v -0.027372 0.028760 -0.004687
v -0.026997 0.028778 -0.005139
v -0.028207 0.028746 -0.001220
v -0.041965 0.036796 -0.002805
v -0.041880 0.036906 0.000508
v 0.030531 0.037594 -0.000423
v 0.028865 0.037716 -0.009377
v -0.059495 -0.031588 -0.009147
v -0.059295 -0.033160 -0.001278
v -0.059451 0.033154 -0.000102
v -0.059653 0.031107 -0.009767
v -0.029903 0.033802 -0.004672
v -0.021838 0.037444 -0.003999
v -0.057593 -0.034546 -0.005187
v -0.058033 -0.034614 0.000017
v -0.058958 -0.033781 -0.001580
v -0.057593 -0.034546 -0.005187
v -0.057497 0.035029 0.000177
v -0.058295 0.034294 -0.003736
v -0.074976 -0.036998 -0.000194
v -0.075033 -0.036868 -0.005369
v -0.057593 -0.034546 -0.005187
v -0.053867 -0.034724 -0.005090
v -0.057449 -0.034991 0.000066
v -0.054016 0.034758 -0.004999
v -0.057513 0.034621 -0.004972
v -0.057497 0.035029 0.000177
v -0.076069 -0.037847 -0.003662
v -0.075401 -0.037691 0.000034
v 0.041356 -0.011207 -0.007927
v 0.041392 -0.013819 0.000129
v 0.041342 -0.011333 -0.006830
v -0.040583 -0.035860 -0.000660
v -0.039906 -0.036966 -0.007462
v -0.042116 0.036855 -0.002527
v -0.049970 0.036556 -0.001727
v -0.043682 -0.040708 -0.001869
v -0.043413 -0.034998 -0.001511
v -0.047537 -0.040344 -0.001439
v -0.043869 -0.040891 -0.001936
v -0.041767 -0.041420 -0.007627
v -0.042251 -0.041413 -0.001730
v 0.041134 0.026135 -0.002526
v 0.040779 0.026252 -0.003776
v -0.042009 -0.041625 -0.007913
v -0.042344 -0.041482 -0.001041
v -0.042009 -0.041625 -0.007913
v -0.043319 -0.041620 -0.002046
v -0.043692 -0.041617 -0.002648
v -0.047370 -0.041658 -0.002621
v -0.042619 -0.041627 0.001665
v -0.047263 -0.041117 -0.002137
v -0.043692 -0.041617 -0.002648
v -0.059658 0.025079 0.000520
v -0.059655 0.023847 -0.007643
v -0.074658 0.025050 -0.000218
v -0.059655 0.023847 -0.007643
v -0.074656 0.024216 -0.005987
v -0.074658 0.025050 -0.000218
v -0.074656 0.024216 -0.005987
v -0.074656 0.024216 -0.005987
v -0.074697 0.035272 -0.007944
v -0.074697 0.035272 -0.007944
v -0.074658 0.025050 -0.000218
v -0.059655 0.023847 -0.007643
v -0.059655 0.023847 -0.007643
v -0.059655 0.023847 -0.007643
v -0.024741 0.028339 -0.008432
v -0.026038 0.032623 -0.003662
v -0.026195 0.028330 -0.000219
v -0.026196 0.032628 -0.010401
v -0.024270 0.032633 -0.011569
v -0.025170 0.032630 -0.010625
v 0.040613 0.026428 -0.002962
v 0.037181 0.026523 -0.003366
v -0.051058 0.036489 -0.002320
v -0.052447 0.036479 -0.002367
v -0.039906 -0.036966 -0.007462
v -0.041556 -0.041243 -0.007426
v -0.040591 -0.036774 0.000091
v -0.041556 -0.041243 -0.007426
v -0.042251 -0.041413 -0.001730
v -0.040591 -0.036774 0.000091
v 0.036706 -0.017753 -0.007193
v 0.037406 -0.013848 -0.002408
v 0.037477 -0.017756 0.000105
v 0.037391 -0.017750 -0.009448
v 0.037068 -0.017752 -0.007827
v 0.036706 -0.017753 -0.007193
v 0.036706 -0.017753 -0.007193
v 0.019474 -0.059457 -0.004843
v 0.020479 -0.060186 -0.002196
v -0.019474 -0.053776 -0.004838
v -0.020447 -0.053196 -0.001332
v -0.019721 -0.053237 -0.005212
v -0.021014 -0.052385 -0.001161
v -0.053790 -0.035696 -0.007414
v -0.050036 -0.036384 -0.004843
v -0.053788 -0.036513 0.000325
v -0.053838 -0.035111 -0.005697
v -0.053788 -0.036513 0.000325
v -0.051943 0.036173 -0.004919
v -0.053930 0.036431 -0.002361
v -0.053070 0.035965 -0.006138
v -0.053930 0.036431 -0.002361
v -0.052574 0.036419 -0.002739
v -0.053930 0.036431 -0.002361
v -0.052315 0.036320 -0.003518
v -0.053930 0.036431 -0.002361
v -0.053986 0.035149 -0.005374
v -0.053930 0.036431 -0.002361
v -0.019954 -0.052531 -0.006162
v -0.021581 -0.052018 -0.002275
v 0.022180 -0.051676 0.000114
v 0.020811 -0.052198 -0.004136
v -0.049934 0.036473 -0.002786
v -0.049425 0.036440 -0.003203
v -0.042116 0.036855 -0.002527
v -0.042116 0.036855 -0.002527
v 0.036316 -0.061542 -0.009621
v 0.037396 -0.047756 -0.002469
v 0.037586 -0.061548 0.000534
v 0.036316 -0.061542 -0.009621
v 0.036316 -0.061542 -0.009621
v 0.036316 -0.061542 -0.009621
v 0.035203 -0.047752 -0.013461
v 0.036316 -0.061542 -0.009621
v 0.036043 -0.047752 -0.010486
v 0.037396 -0.047756 -0.002469
v -0.051145 0.036475 -0.002402
v -0.052302 0.036426 -0.002725
v -0.050466 0.036424 -0.003063
v -0.051191 0.036248 -0.004483
v -0.051191 0.036248 -0.004483
v -0.051821 0.036363 -0.003238
v 0.040093 -0.029766 -0.005308
v 0.040093 -0.029766 -0.005308
v 0.040093 -0.029766 -0.005308
v 0.040279 -0.013762 -0.003502
v 0.040385 -0.013830 -0.002429
v 0.040406 -0.030997 -0.002142
v 0.040406 -0.030997 -0.002142
v -0.036277 -0.047892 -0.009775
v -0.037243 -0.053353 -0.005067
v -0.037593 -0.047903 0.000495
v -0.034892 -0.047885 -0.014811
v 0.037181 0.026523 -0.003366
v 0.036532 0.028847 -0.007566
v 0.037401 0.028841 0.000283
v 0.035109 0.028921 -0.008594
v 0.035941 0.028878 -0.007917
v 0.037401 0.028841 0.000283
v -0.047449 -0.041038 -0.002098
v -0.047529 -0.041652 -0.023980
v -0.049425 0.036440 -0.003203
v -0.050995 0.036493 -0.002301
v -0.043692 -0.041617 -0.002648
v -0.042751 -0.034196 -0.007612
v -0.043413 -0.034998 -0.001511
v -0.042751 -0.034196 -0.007612
v -0.040600 -0.035098 -0.001016
v -0.043413 -0.034998 -0.001511
v -0.042620 -0.041654 -0.010214
v -0.042751 -0.034196 -0.007612
v -0.043692 -0.041617 -0.002648
v -0.047529 -0.041652 -0.023980
v -0.046946 -0.041662 -0.005558
v -0.046665 -0.041664 -0.007016
v -0.046990 -0.047918 -0.003565
v -0.047370 -0.041658 -0.002621
v -0.042264 -0.041634 -0.008516
v -0.042351 -0.041643 -0.009519
v -0.043692 -0.041617 -0.002648
v -0.046380 -0.061326 -0.006299
v -0.046649 -0.061713 0.002137
v -0.044916 -0.061577 -0.013074
v -0.023172 -0.061641 -0.029443
v -0.046649 -0.061713 0.002137
v -0.044895 -0.053945 -0.012806
v -0.046832 -0.054211 0.000396
v -0.044895 -0.053945 -0.012806
v -0.044895 -0.053945 -0.012806
v -0.044895 -0.053945 -0.012806
v -0.047082 -0.054454 0.000249
v -0.045820 -0.054442 -0.010742
v -0.046723 -0.061213 -0.005616
v -0.045455 -0.054240 -0.011484
v -0.047082 -0.054454 0.000249
v 0.019628 -0.061502 -0.010556
v 0.019628 -0.061502 -0.010556
v -0.030815 -0.051670 -0.011959
v -0.019528 -0.051672 -0.011727
v -0.030815 -0.051670 -0.011959
v -0.022073 -0.051740 -0.002709
v -0.039871 0.035326 -0.001752
v -0.041446 0.036530 -0.005299
v -0.041880 0.036906 0.000508
v -0.027791 0.032510 -0.007854
v -0.028307 0.032800 -0.004468
v -0.049375 -0.036703 -0.005305
v -0.048739 -0.037520 0.000159
v -0.030288 0.033712 -0.003799
v -0.030694 0.033418 -0.008139
v -0.030694 0.033418 -0.008139
v -0.031070 0.034445 -0.001993
v -0.048274 -0.037162 -0.006926
v -0.048294 -0.038080 0.000060
v -0.031303 0.033719 -0.008263
v -0.032008 0.035068 -0.001863
v -0.019474 -0.053776 -0.004838
v -0.020087 -0.053773 -0.001190
v -0.019753 -0.059467 -0.003534
v 0.019754 -0.053768 -0.003530
v 0.019474 -0.059457 -0.004843
v 0.020087 -0.059465 -0.001194
v -0.041446 0.036530 -0.005299
v -0.037508 -0.053542 -0.005901
v -0.039041 -0.053919 0.002053
v 0.036200 0.031111 -0.006540
v 0.036166 0.031091 -0.001664
v -0.048274 -0.037162 -0.006926
v -0.047686 -0.039542 -0.000930
v -0.047563 -0.039932 -0.000507
v -0.047838 -0.038675 0.000106
v 0.038843 0.033849 -0.001640
v 0.038285 0.033848 -0.007072
v -0.039109 0.034682 -0.010177
v -0.039871 0.035326 -0.001752
v -0.039554 0.035002 -0.011867
v -0.040865 0.036082 -0.004550
v -0.039752 0.035016 -0.003360
v -0.038819 0.034471 -0.009446
v 0.041370 -0.011146 -0.009041
v 0.041315 0.024399 -0.007133
v 0.041315 0.024399 -0.007133
v 0.041332 0.025860 -0.002608
v 0.038935 0.027299 -0.005298
v 0.038285 0.033848 -0.007072
v 0.039024 0.033615 -0.001670
v 0.037428 -0.011877 -0.007010
v 0.037634 -0.017750 -0.009215
v 0.037406 -0.013848 -0.002408
v 0.044970 -0.015924 -0.003605
v 0.044104 -0.015216 -0.006086
v 0.041315 0.024399 -0.007133
v 0.041007 0.026056 -0.003401
v 0.040986 0.024971 -0.006649
v 0.040779 0.026252 -0.003776
v 0.040267 -0.013271 -0.004658
v 0.040385 -0.013830 -0.002429
v 0.040603 -0.013198 -0.004044
v 0.040385 -0.013830 -0.002429
v 0.041283 -0.013372 -0.002189
v 0.041342 -0.011333 -0.006830
v -0.050869 0.036238 -0.004537
v -0.049425 0.036440 -0.003203
v -0.041270 0.036187 -0.007550
v -0.049332 0.036334 -0.004317
v -0.050014 0.036257 -0.004705
v -0.049425 0.036440 -0.003203
v -0.041503 0.036379 -0.006245
v -0.049425 0.036440 -0.003203
v 0.041134 -0.011547 -0.006897
v 0.041237 -0.013357 -0.002723
v 0.038285 0.033848 -0.007072
v 0.030898 0.037535 -0.001346
v 0.038661 0.034088 -0.001576
v 0.040887 -0.013269 -0.003558
v 0.040924 -0.011746 -0.007002
v 0.037087 -0.011883 -0.007005
v 0.037406 -0.013848 -0.002408
v 0.036706 -0.017753 -0.007193
v 0.036732 -0.011871 -0.007045
v 0.037406 -0.013848 -0.002408
v 0.040484 0.025574 -0.005665
v 0.036550 0.025154 -0.007602
v 0.036550 0.025154 -0.007602
v 0.037181 0.026523 -0.003366
v 0.040779 0.026252 -0.003776
v -0.026991 0.031660 -0.008891
v -0.028134 0.032618 -0.002378
v -0.027383 0.031046 -0.008399
v -0.028253 0.031532 -0.003754
v -0.028685 0.028716 -0.001629
v -0.027413 0.028487 -0.008840
v -0.026776 0.028582 -0.010265
v -0.027722 0.028335 -0.008287
v -0.026847 0.028726 -0.010076
v -0.026891 0.031020 -0.008687
v -0.028373 0.031030 -0.004105
v -0.025608 0.030963 -0.009978
v -0.027654 0.030986 -0.004342
v 0.040647 -0.011873 -0.006878
v 0.040685 -0.013280 -0.003898
v 0.036550 0.025154 -0.007602
v 0.036532 0.028847 -0.007566
v 0.037181 0.026523 -0.003366
v 0.040482 -0.012814 -0.004878
v 0.040409 -0.011962 -0.006814
v 0.035459 0.031054 -0.006851
v 0.036144 0.030108 -0.001888
v 0.035360 0.030152 -0.007272
v 0.036180 0.028889 -0.001707
v 0.040218 -0.036658 -0.004356
v -0.039697 -0.034011 -0.008236
v -0.039906 -0.036966 -0.007462
v -0.040600 -0.035098 -0.001016
v -0.042751 -0.034196 -0.007612
v -0.039697 -0.034011 -0.008236
v -0.040600 -0.035098 -0.001016
v 0.040093 -0.029766 -0.005308
v 0.039648 -0.027440 -0.007995
v 0.040174 -0.013552 -0.004563
v 0.033442 0.032743 -0.010608
v 0.033442 0.032743 -0.010608
v 0.039836 -0.012580 -0.007049
v 0.040306 -0.013012 -0.004965
v 0.039618 -0.036672 -0.008169
v 0.039506 -0.032465 -0.008662
v 0.040218 -0.036658 -0.004356
v 0.039506 -0.032465 -0.008662
v 0.039506 -0.032465 -0.008662
v 0.040093 -0.029766 -0.005308
v 0.040093 -0.029766 -0.005308
v 0.040218 -0.036658 -0.004356
v -0.029019 0.028326 -0.002731
v -0.027791 0.032510 -0.007854
v -0.028715 0.032511 -0.003106
v -0.027722 0.028335 -0.008287
v -0.027791 0.032510 -0.007854
v -0.029019 0.028326 -0.002731
v 0.036200 0.028294 -0.010843
v 0.037475 0.028295 -0.004415
v 0.037201 0.032631 -0.005242
v -0.030155 0.033448 -0.004669
v -0.030694 0.033418 -0.008139
v -0.026981 0.029543 -0.005108
v -0.025924 0.028807 -0.009004
v 0.036539 0.027795 -0.010760
v 0.037475 0.028295 -0.004415
v 0.036854 0.027300 -0.010783
v 0.037750 0.027939 -0.003778
v 0.037663 0.027304 -0.014400
v 0.036896 0.027301 -0.011757
v 0.036303 0.027302 -0.014674
v 0.037410 0.027302 -0.012337
v 0.037697 0.027302 -0.011431
v 0.037697 0.027302 -0.011431
v 0.037697 0.027302 -0.011431
v 0.036854 0.027300 -0.010783
v -0.019546 0.037638 -0.009054
v -0.021598 0.037500 -0.003396
v -0.030815 -0.051670 -0.011959
v -0.032439 -0.034677 -0.006574
v -0.032668 -0.051679 -0.004648
v 0.031094 -0.051551 -0.011168
v 0.031094 -0.051551 -0.011168
v 0.032916 -0.034554 -0.002700
v 0.032916 -0.034554 -0.002700
v 0.031094 -0.051551 -0.011168
v 0.031094 -0.051551 -0.011168
v 0.032649 -0.051553 -0.004648
v -0.027892 -0.034651 -0.018082
v -0.019998 -0.034637 -0.026278
v -0.019998 -0.034637 -0.026278
v 0.030763 -0.034551 -0.011945
v -0.018355 -0.053754 -0.008185
v -0.019474 -0.053776 -0.004838
v -0.019753 -0.059467 -0.003534
v -0.018353 -0.059544 -0.008170
v -0.018355 -0.053754 -0.008185
v -0.019753 -0.059467 -0.003534
v 0.019754 -0.053768 -0.003530
v 0.018356 -0.059473 -0.008190
v 0.019474 -0.059457 -0.004843
v 0.018353 -0.053683 -0.008166
v 0.018356 -0.059473 -0.008190
v 0.019754 -0.053768 -0.003530
v -0.031922 0.034002 -0.008539
v -0.039729 0.034879 -0.003937
v -0.032008 0.035068 -0.001863
v -0.052523 0.036048 -0.005802
v -0.050998 0.036235 -0.004561
v -0.051740 0.035994 -0.006073
v -0.050671 0.036224 -0.004617
v -0.018753 -0.060156 -0.008231
v -0.019753 -0.059467 -0.003534
v -0.020147 -0.060162 -0.003705
v -0.019171 -0.060925 -0.008577
v 0.018356 -0.059473 -0.008190
v 0.019690 -0.059745 -0.004606
v -0.018355 -0.053754 -0.008185
v -0.019653 -0.053081 -0.005840
v 0.018753 -0.053070 -0.008225
v 0.019754 -0.053768 -0.003530
v 0.020147 -0.053073 -0.003700
v 0.019171 -0.052301 -0.008570
v -0.029956 0.033532 -0.004857
v -0.030284 0.033655 -0.004237
v -0.059343 0.033572 -0.001107
v -0.059514 0.031364 -0.010298
v 0.018942 -0.060293 -0.008276
v 0.020895 -0.060787 -0.002486
v 0.035211 0.032740 -0.002799
v 0.033308 0.028452 -0.010544
v 0.035133 0.028449 -0.001903
v -0.028175 0.032941 -0.004793
v -0.019525 0.036177 -0.008645
v -0.021527 0.036171 -0.000445
v 0.033442 0.032743 -0.010608
v 0.033308 0.028452 -0.010544
v 0.035211 0.032740 -0.002799
v -0.028308 0.033838 -0.010374
v -0.029628 0.033905 -0.005053
v -0.021838 0.037444 -0.003999
v -0.019335 -0.061133 -0.009107
v -0.020558 -0.060780 -0.003657
v -0.021154 -0.061222 -0.004236
v -0.019538 -0.061561 -0.010599
v 0.019556 -0.061240 -0.009213
v 0.019426 -0.061078 -0.008640
v 0.021826 -0.061492 -0.003803
v 0.021389 -0.061192 -0.003364
v 0.020582 -0.051896 -0.006778
v 0.020558 -0.052454 -0.003651
v -0.074595 -0.034454 -0.011667
v -0.074595 -0.034454 -0.011667
v -0.074595 -0.034454 -0.011667
v -0.059023 0.033825 -0.002629
v -0.059339 0.031662 -0.011099
v -0.094503 -0.033002 -0.015365
v -0.094211 -0.036821 -0.002014
v -0.074898 -0.036583 -0.004595
v -0.074595 -0.034454 -0.011667
v -0.058682 -0.032651 -0.010081
v -0.058126 -0.034126 -0.004622
v -0.059128 -0.032085 -0.009487
v -0.059213 -0.033514 -0.002036
v -0.058923 0.032397 -0.010359
v -0.058811 0.034044 -0.003366
v -0.020239 -0.052348 -0.005871
v -0.018668 -0.052169 -0.010155
v -0.094305 -0.034312 -0.013192
v -0.094043 -0.037196 -0.003297
v -0.074800 0.035329 -0.008485
v -0.075175 0.037115 -0.003235
v -0.058044 0.034348 -0.004506
v -0.058637 0.032868 -0.010012
v -0.057803 -0.033497 -0.008992
v -0.057593 -0.034546 -0.005187
v -0.058078 0.033147 -0.010135
v -0.057513 0.034621 -0.004972
v -0.049471 0.036225 -0.005370
v -0.050671 0.036224 -0.004617
v -0.050173 0.036165 -0.005381
v -0.051234 0.035879 -0.006725
v -0.075096 -0.035544 -0.010813
v -0.075033 -0.036868 -0.005369
v -0.094254 0.036687 -0.003839
v -0.094184 0.036106 -0.008787
v 0.042054 -0.041265 -0.003999
v 0.039618 -0.036672 -0.008169
v 0.040218 -0.036658 -0.004356
v -0.053880 -0.033114 -0.011580
v -0.053867 -0.034724 -0.005090
v -0.057593 -0.034546 -0.005187
v -0.057169 -0.033936 -0.008126
v -0.053880 -0.033114 -0.011580
v -0.054016 0.034758 -0.004999
v -0.057511 0.033397 -0.010411
v -0.057513 0.034621 -0.004972
v -0.093782 -0.035800 -0.011206
v -0.094043 -0.037196 -0.003297
v -0.075342 0.035687 -0.010965
v -0.075175 0.037115 -0.003235
v -0.093503 -0.036321 -0.010693
v -0.093229 -0.037741 -0.003636
v -0.076165 -0.036982 -0.009049
v -0.075033 -0.036868 -0.005369
v -0.075664 -0.037354 -0.005080
v -0.076694 -0.037430 -0.008715
v -0.093348 0.036774 -0.008531
v -0.093817 0.037431 -0.003484
v -0.093193 0.037821 -0.003512
v -0.092524 0.037358 -0.008653
v -0.075544 0.036141 -0.010390
v -0.075979 0.037652 -0.003574
v -0.019074 -0.051951 -0.010747
v -0.022073 -0.051740 -0.002709
v -0.092751 -0.037074 -0.009369
v -0.092433 -0.038319 -0.003709
v -0.076397 0.036953 -0.009241
v -0.076786 0.038238 -0.003645
v 0.041649 -0.041406 -0.007746
v 0.039618 -0.036672 -0.008169
v 0.042054 -0.041265 -0.003999
v -0.076694 -0.037430 -0.008715
v -0.076638 -0.038318 -0.003405
v -0.092433 -0.038319 -0.003709
v -0.092371 -0.037407 -0.008959
v -0.076694 -0.037430 -0.008715
v -0.092433 -0.038319 -0.003709
v -0.076786 0.038238 -0.003645
v -0.092524 0.037358 -0.008653
v -0.092581 0.038237 -0.003342
v -0.076847 0.037335 -0.008897
v -0.092524 0.037358 -0.008653
v -0.076786 0.038238 -0.003645
v 0.038285 0.033848 -0.007072
v 0.028865 0.037716 -0.009377
v 0.030898 0.037535 -0.001346
v 0.021104 -0.051662 -0.006599
v -0.041270 0.036187 -0.007550
v -0.049427 0.036219 -0.005448
v 0.041998 -0.041437 -0.008424
v 0.043745 -0.041494 -0.001961
v 0.042292 -0.014843 -0.002351
v 0.042490 -0.041490 -0.010362
v 0.043745 -0.041494 -0.001961
v 0.046649 -0.041489 -0.006186
v 0.044120 -0.025545 -0.012465
v 0.044970 -0.015924 -0.003605
v 0.044120 -0.025545 -0.012465
v 0.044369 -0.015610 -0.007523
v 0.044970 -0.015924 -0.003605
v -0.025843 0.029828 -0.009215
v -0.027128 0.030951 -0.004419
v 0.041072 -0.014749 -0.009994
v 0.042490 -0.041490 -0.010362
v 0.042292 -0.014843 -0.002351
v 0.043229 -0.014914 -0.005138
v 0.041072 -0.014749 -0.009994
v -0.074566 -0.022242 -0.011498
v -0.059562 -0.024663 -0.004382
v -0.074561 -0.024814 -0.003654
v -0.074566 -0.022242 -0.011498
v -0.074566 -0.022242 -0.011498
v -0.074566 -0.022242 -0.011498
v -0.059567 -0.021862 -0.012147
v -0.059567 -0.021862 -0.012147
v -0.059510 -0.029214 -0.014875
v -0.059510 -0.029214 -0.014875
v -0.059510 -0.029214 -0.014875
v -0.074566 -0.022242 -0.011498
v -0.059567 -0.021862 -0.012147
v -0.059562 -0.024663 -0.004382
v -0.059655 0.023847 -0.007643
v -0.074651 0.021862 -0.012111
v -0.074656 0.024216 -0.005987
v -0.074651 0.021862 -0.012111
v 0.040159 -0.012267 -0.006836
v 0.040417 -0.012721 -0.005061
v -0.051858 0.035843 -0.006897
v -0.052938 0.035774 -0.007225
v -0.052523 0.036048 -0.005802
v -0.052523 0.036048 -0.005802
v 0.039836 -0.012580 -0.007049
v 0.040174 -0.013552 -0.004563
v 0.039648 -0.027440 -0.007995
v 0.039243 -0.013035 -0.009810
v 0.039836 -0.012580 -0.007049
v 0.039648 -0.027440 -0.007995
v -0.023503 0.032634 -0.011645
v -0.026038 0.032623 -0.003662
v -0.024741 0.028339 -0.008432
v -0.022883 0.032638 -0.015185
v -0.023503 0.032634 -0.011645
v -0.041270 0.036187 -0.007550
v -0.049335 0.035998 -0.006628
v -0.049828 0.035837 -0.007268
v -0.049428 0.036192 -0.005698
v -0.049428 0.036192 -0.005698
v -0.050543 0.035876 -0.006913
v -0.039554 0.035002 -0.011867
v -0.041264 0.036251 -0.007008
v -0.026453 0.032976 -0.010671
v -0.019525 0.036177 -0.008645
v -0.028175 0.032941 -0.004793
v -0.029759 0.032435 -0.006210
v -0.028384 0.033208 -0.010947
v 0.040727 0.025156 -0.007156
v 0.036550 0.025154 -0.007602
v -0.027740 0.032635 -0.007533
v -0.026453 0.032976 -0.010671
v -0.028308 0.033838 -0.010374
v -0.029823 0.033620 -0.005006
v -0.038759 0.034100 -0.009705
v -0.039729 0.034879 -0.003937
v -0.031922 0.034002 -0.008539
v -0.038659 0.033590 -0.010172
v -0.039729 0.034879 -0.003937
v -0.028351 0.033548 -0.010608
v -0.030053 0.033302 -0.004904
v -0.029824 0.032386 -0.006154
v -0.030038 0.031075 -0.012933
v 0.039648 -0.027440 -0.007995
v -0.019546 0.037638 -0.009054
v -0.028308 0.033838 -0.010374
v -0.021838 0.037444 -0.003999
v -0.030038 0.031075 -0.012933
v -0.030481 0.033263 -0.007490
v -0.049487 -0.035546 -0.010244
v -0.050036 -0.036384 -0.004843
v -0.048279 -0.035925 -0.011828
v -0.048826 -0.036858 -0.006516
v -0.054016 0.033081 -0.011776
v -0.057511 0.033397 -0.010411
v -0.054016 0.034758 -0.004999
v -0.053794 -0.033327 -0.014960
v -0.053819 -0.035282 -0.006679
v -0.053854 -0.033239 -0.012340
v -0.053867 -0.034724 -0.005090
v -0.053961 0.035297 -0.006741
v -0.054016 0.033081 -0.011776
v -0.028384 0.033208 -0.010947
v -0.029663 0.028328 -0.007239
v -0.029683 0.031900 -0.006634
v 0.034194 0.031046 -0.011687
v 0.035148 0.029835 -0.008272
v -0.037241 -0.053683 -0.009072
v -0.037243 -0.053353 -0.005067
v 0.034194 0.031046 -0.011687
v 0.036007 0.031098 -0.006771
v -0.048223 -0.037108 -0.007641
v -0.047537 -0.040344 -0.001439
v -0.051062 0.035852 -0.006927
v -0.052365 0.035721 -0.007527
v -0.051796 0.035788 -0.007435
v -0.050222 0.035829 -0.007220
v 0.037139 0.034002 -0.011158
v 0.028865 0.037716 -0.009377
v 0.038285 0.033848 -0.007072
v -0.029763 0.028358 -0.016712
v -0.029683 0.031900 -0.006634
v -0.029663 0.028328 -0.007239
v 0.037313 0.033741 -0.011066
v 0.038285 0.033848 -0.007072
v 0.041043 0.024795 -0.007275
v 0.040810 0.025237 -0.006505
v 0.035539 0.032569 -0.012205
v 0.037024 0.032856 -0.005335
v 0.035351 0.032804 -0.012264
v 0.036862 0.033068 -0.005401
v -0.037884 -0.053908 -0.008870
v -0.037884 -0.053908 -0.008870
v 0.038935 0.027299 -0.005298
v 0.037697 0.027302 -0.011431
v 0.038285 0.033848 -0.007072
v 0.037697 0.027302 -0.011431
v 0.037461 0.033503 -0.011024
v 0.038285 0.033848 -0.007072
v 0.035539 0.032569 -0.012205
v 0.036200 0.028294 -0.010843
v 0.037201 0.032631 -0.005242
v 0.026660 0.036273 -0.013962
v 0.035144 0.033052 -0.012355
v 0.030034 0.036266 -0.002626
v 0.035144 0.033052 -0.012355
v 0.036862 0.033068 -0.005401
v 0.030034 0.036266 -0.002626
v 0.040083 -0.012291 -0.007037
v 0.039937 -0.012041 -0.008724
v 0.036706 -0.017753 -0.007193
v 0.035928 -0.017751 -0.010543
v 0.035928 -0.017751 -0.010543
v 0.036732 -0.011871 -0.007045
v 0.036732 -0.011871 -0.007045
v 0.035994 -0.012073 -0.010216
v 0.036575 -0.017751 -0.010198
v -0.018621 -0.053174 -0.008511
v -0.019954 -0.052531 -0.006162
v 0.040414 -0.011795 -0.008082
v 0.040669 -0.011844 -0.006977
v 0.043034 -0.015310 -0.012479
v 0.044164 -0.015372 -0.007022
v 0.043561 -0.015827 -0.011311
v 0.044369 -0.015610 -0.007523
v -0.053794 -0.033327 -0.014960
v -0.050045 -0.033676 -0.014517
v -0.053790 -0.035696 -0.007414
v -0.050045 -0.033676 -0.014517
v -0.050054 -0.035296 -0.009838
v -0.053790 -0.035696 -0.007414
v -0.050054 -0.035296 -0.009838
v -0.050036 -0.036384 -0.004843
v -0.053790 -0.035696 -0.007414
v -0.052410 0.035704 -0.007693
v -0.053928 0.035740 -0.007355
v -0.052563 0.035492 -0.008515
v -0.053928 0.035740 -0.007355
v -0.052910 0.035016 -0.010113
v -0.053928 0.035740 -0.007355
v -0.052435 0.035640 -0.008028
v -0.053928 0.035740 -0.007355
v -0.053969 0.033774 -0.011915
v -0.053928 0.035740 -0.007355
v 0.044120 -0.025545 -0.012465
v 0.043762 -0.016087 -0.010992
v 0.044369 -0.015610 -0.007523
v -0.049840 0.035735 -0.007946
v -0.050597 0.035482 -0.008917
v -0.049502 0.035790 -0.007654
v -0.050222 0.035829 -0.007220
v -0.050597 0.035482 -0.008917
v -0.050855 0.035777 -0.007524
v -0.052352 0.035675 -0.007643
v -0.051640 0.035815 -0.007407
v -0.050597 0.035482 -0.008917
v -0.051912 0.035744 -0.007677
v -0.052414 0.035637 -0.007860
v -0.051640 0.035815 -0.007407
v -0.026308 0.028775 -0.009326
v -0.026997 0.028778 -0.005139
v 0.017565 -0.051595 -0.014650
v 0.019755 -0.052067 -0.008121
v -0.028384 0.033208 -0.010947
v -0.027190 0.028339 -0.013979
v -0.029663 0.028328 -0.007239
v -0.027190 0.028339 -0.013979
v -0.029763 0.028358 -0.016712
v -0.029663 0.028328 -0.007239
v 0.039755 -0.012342 -0.008816
v 0.039836 -0.012580 -0.007049
v -0.036277 -0.047892 -0.009775
v -0.036146 -0.053351 -0.010034
v -0.037243 -0.053353 -0.005067
v 0.036550 0.025154 -0.007602
v 0.035457 0.026221 -0.011633
v 0.036532 0.028847 -0.007566
v 0.035457 0.026221 -0.011633
v 0.035118 0.028848 -0.012549
v 0.036532 0.028847 -0.007566
v 0.035118 0.028848 -0.012549
v 0.035615 0.028892 -0.008367
v 0.040281 -0.011874 -0.008185
v 0.040409 -0.011962 -0.006814
v -0.052415 0.035638 -0.007854
v -0.052365 0.035721 -0.007527
v -0.048890 0.034921 -0.011164
v -0.049410 0.035758 -0.007931
v -0.041270 0.036187 -0.007550
v -0.048890 0.034921 -0.011164
v -0.049441 0.035807 -0.007495
v 0.038203 -0.036436 -0.013253
v 0.039618 -0.036672 -0.008169
v 0.041649 -0.041406 -0.007746
v 0.040138 -0.041276 -0.013318
v 0.038203 -0.036436 -0.013253
v 0.041649 -0.041406 -0.007746
v -0.050597 0.035482 -0.008917
v -0.052398 0.035583 -0.008067
v -0.052414 0.035582 -0.008237
v -0.052416 0.035636 -0.007868
v -0.052415 0.035636 -0.007862
v -0.050597 0.035482 -0.008917
v 0.038010 -0.041470 -0.019451
v 0.040273 -0.041318 -0.012683
v 0.042088 -0.041456 -0.009449
v 0.038010 -0.041470 -0.019451
v -0.023172 -0.061641 -0.029443
v -0.019538 -0.061561 -0.010599
v -0.021692 -0.061580 -0.004543
v 0.032352 -0.061542 -0.019056
v 0.032352 -0.061542 -0.019056
v 0.017044 -0.061557 -0.015014
v 0.032352 -0.061542 -0.019056
v 0.019628 -0.061502 -0.010556
v 0.039937 -0.012041 -0.008724
v 0.040378 -0.011804 -0.008385
v 0.040414 -0.011775 -0.008370
v 0.040414 -0.011795 -0.008082
v 0.041109 -0.011563 -0.006959
v 0.040825 -0.011772 -0.009470
v 0.041159 -0.011393 -0.009131
v 0.041342 -0.011333 -0.006830
v 0.040567 -0.011782 -0.007939
v 0.040825 -0.011772 -0.009470
v 0.040425 -0.011784 -0.008380
v 0.040825 -0.011772 -0.009470
v 0.040619 0.025169 -0.008504
v 0.036550 0.025154 -0.007602
v 0.040937 0.025069 -0.009424
v 0.040819 0.025080 -0.007752
v 0.041013 0.024829 -0.007634
v 0.041233 0.024816 -0.009572
v 0.041370 -0.011146 -0.009041
v 0.041339 -0.004306 -0.012659
v 0.041315 0.024399 -0.007133
v 0.041323 -0.002012 -0.013068
v 0.041315 0.024399 -0.007133
v -0.045820 -0.054442 -0.010742
v -0.044916 -0.061577 -0.013074
v -0.046723 -0.061213 -0.005616
v -0.051823 0.035322 -0.009206
v -0.052414 0.035582 -0.008237
v 0.041397 -0.008883 -0.014039
v 0.041397 -0.008883 -0.014039
v 0.041339 -0.004306 -0.012659
v 0.041370 -0.011146 -0.009041
v 0.041389 -0.011367 -0.011204
v 0.036844 -0.011937 -0.009538
v 0.036732 -0.011871 -0.007045
v 0.037345 -0.011866 -0.009439
v 0.037091 -0.011874 -0.007075
v 0.037393 -0.012096 -0.008336
v 0.037634 -0.017750 -0.009215
v -0.094317 0.035913 -0.007988
v -0.094638 0.033109 -0.014734
v -0.049899 0.035363 -0.009238
v -0.049269 0.035176 -0.010140
v -0.049397 0.035738 -0.008174
v -0.049397 0.035738 -0.008174
v -0.026217 0.032039 -0.010709
v -0.027383 0.031046 -0.008399
v -0.050893 0.035431 -0.008983
v -0.052414 0.035582 -0.008237
v -0.024618 0.028345 -0.015415
v -0.026804 0.028337 -0.010286
v -0.025217 0.031028 -0.012626
v -0.027383 0.031046 -0.008399
v -0.023859 0.030979 -0.013497
v -0.026004 0.030986 -0.009723
v -0.050401 0.035421 -0.009000
v -0.049397 0.035738 -0.008174
v 0.040243 -0.011887 -0.008652
v 0.040825 -0.011772 -0.009470
v -0.058177 -0.032989 -0.009951
v -0.057428 -0.032753 -0.012091
v -0.094131 0.034267 -0.014054
v -0.094184 0.036106 -0.008787
v 0.032792 0.032748 -0.016896
v 0.032792 0.032748 -0.016896
v 0.032792 0.032748 -0.016896
v 0.036477 0.031986 -0.006807
v 0.034949 0.031165 -0.013061
v 0.034482 0.031674 -0.013630
v 0.036209 0.032746 -0.006911
v -0.076694 -0.037430 -0.008715
v -0.075899 -0.036334 -0.010894
v -0.092513 0.036274 -0.012416
v -0.093062 0.035790 -0.012699
v -0.093283 0.036715 -0.008958
v -0.094184 0.036106 -0.008787
v -0.024618 0.028345 -0.015415
v -0.026061 0.032449 -0.012330
v -0.027722 0.028335 -0.008287
v -0.026061 0.032449 -0.012330
v -0.027791 0.032510 -0.007854
v -0.027722 0.028335 -0.008287
v 0.034547 0.031097 -0.012179
v 0.036835 0.031161 -0.006458
v -0.076041 0.036506 -0.010110
v -0.076844 0.035701 -0.014110
v -0.093085 -0.036621 -0.010360
v -0.092222 -0.035711 -0.014349
v -0.076705 -0.036341 -0.012476
v -0.076694 -0.037430 -0.008715
v -0.092371 -0.037407 -0.008959
v -0.092222 -0.035711 -0.014349
v -0.076705 -0.036341 -0.012476
v -0.092371 -0.037407 -0.008959
v -0.076847 0.037335 -0.008897
v -0.092513 0.036274 -0.012416
v -0.092524 0.037358 -0.008653
v -0.076844 0.035701 -0.014110
v -0.092513 0.036274 -0.012416
v -0.076847 0.037335 -0.008897
v -0.050554 0.035443 -0.008975
v -0.051048 0.035392 -0.009051
v 0.035167 0.027300 -0.015609
v -0.048890 0.034921 -0.011164
v -0.051446 0.035266 -0.009458
v -0.049367 0.035149 -0.010214
v -0.051048 0.035392 -0.009051
v 0.041275 0.019472 -0.012864
v 0.041297 0.016924 -0.012679
v 0.041315 0.024399 -0.007133
v 0.041310 -0.000479 -0.013437
v 0.041344 0.014309 -0.013135
v 0.041315 0.024399 -0.007133
v -0.029209 -0.034664 -0.015500
v -0.032439 -0.034677 -0.006574
v -0.030815 -0.051670 -0.011959
v -0.038387 -0.036830 -0.012951
v -0.040244 -0.041413 -0.012943
v -0.039906 -0.036966 -0.007462
v -0.040244 -0.041413 -0.012943
v -0.041556 -0.041243 -0.007426
v -0.039906 -0.036966 -0.007462
v -0.026402 0.032803 -0.011018
v -0.027791 0.032510 -0.007854
v -0.040244 -0.041413 -0.012943
v -0.041789 -0.041446 -0.007710
v -0.018712 -0.060265 -0.008493
v -0.016465 -0.060764 -0.012787
v -0.016638 -0.059901 -0.011553
v -0.018353 -0.059544 -0.008170
v 0.016463 -0.059457 -0.011427
v 0.018678 -0.060113 -0.008550
v -0.016463 -0.053765 -0.011422
v -0.018289 -0.052909 -0.009636
v 0.018740 -0.052922 -0.008501
v 0.016951 -0.052043 -0.012848
v 0.016814 -0.053206 -0.011504
v 0.018353 -0.053683 -0.008166
v 0.040709 0.025270 -0.009424
v 0.035457 0.026221 -0.011633
v 0.036550 0.025154 -0.007602
v 0.039305 -0.012943 -0.010047
v 0.039937 -0.012041 -0.008724
v 0.046649 -0.041489 -0.006186
v 0.039039 -0.026152 -0.036523
v 0.044120 -0.025545 -0.012465
v -0.039554 0.035002 -0.011867
v -0.048890 0.034921 -0.011164
v -0.041270 0.036187 -0.007550
v -0.049390 0.035214 -0.009959
v -0.050439 0.035358 -0.009136
v 0.016565 -0.060018 -0.011891
v 0.019426 -0.061078 -0.008640
v 0.037345 -0.011866 -0.009439
v 0.037341 -0.017701 -0.009665
v 0.038203 -0.036436 -0.013253
v 0.038567 -0.032056 -0.012140
v 0.039618 -0.036672 -0.008169
v 0.038567 -0.032056 -0.012140
v 0.039506 -0.032465 -0.008662
v 0.039618 -0.036672 -0.008169
v -0.039697 -0.034011 -0.008236
v -0.039697 -0.034011 -0.008236
v -0.038387 -0.036830 -0.012951
v -0.038387 -0.036830 -0.012951
v -0.039906 -0.036966 -0.007462
v 0.039648 -0.027440 -0.007995
v 0.038567 -0.032056 -0.012140
v 0.039243 -0.013035 -0.009810
v 0.039691 -0.012624 -0.010686
v 0.039937 -0.012041 -0.008724
v 0.040000 -0.012411 -0.010815
v 0.040436 -0.011924 -0.009321
v -0.038715 -0.047874 -0.039463
v -0.046665 -0.041664 -0.007016
v -0.039988 -0.047876 -0.037482
v -0.046990 -0.047918 -0.003565
v 0.039041 -0.047723 -0.039013
v 0.040120 -0.041477 -0.037160
v 0.046649 -0.041489 -0.006186
v 0.046531 -0.047735 -0.006597
v 0.039919 -0.047722 -0.037482
v 0.040120 -0.041477 -0.037160
v 0.046531 -0.047735 -0.006597
v 0.040120 -0.041477 -0.037160
v 0.039039 -0.026152 -0.036523
v 0.046649 -0.041489 -0.006186
v -0.043135 -0.041644 -0.023980
v -0.039988 -0.047876 -0.037482
v -0.046665 -0.041664 -0.007016
v -0.047529 -0.041652 -0.023980
v -0.043135 -0.041644 -0.023980
v -0.046665 -0.041664 -0.007016
v -0.016548 0.037573 -0.014293
v -0.024746 0.033889 -0.017076
v -0.019546 0.037638 -0.009054
v -0.024746 0.033889 -0.017076
v -0.028308 0.033838 -0.010374
v -0.019546 0.037638 -0.009054
v -0.019241 -0.061294 -0.010007
v -0.016465 -0.060764 -0.012787
v -0.057428 -0.032753 -0.012091
v -0.053880 -0.033114 -0.011580
v -0.057406 -0.033811 -0.008787
v 0.041003 -0.012336 -0.011426
v 0.041024 -0.011572 -0.009391
v 0.036658 -0.012075 -0.009843
v 0.037044 -0.017750 -0.010125
v 0.041193 -0.012063 -0.011554
v 0.041370 -0.011146 -0.009041
v -0.016463 -0.053765 -0.011422
v -0.018355 -0.053754 -0.008185
v -0.018353 -0.059544 -0.008170
v -0.016590 -0.059521 -0.011227
v -0.016463 -0.053765 -0.011422
v -0.018353 -0.059544 -0.008170
v 0.018353 -0.053683 -0.008166
v 0.016463 -0.059457 -0.011427
v 0.018356 -0.059473 -0.008190
v 0.016590 -0.053701 -0.011222
v 0.016463 -0.059457 -0.011427
v 0.018353 -0.053683 -0.008166
v 0.016443 -0.060701 -0.012836
v 0.019417 -0.061315 -0.009968
v 0.017235 -0.051891 -0.013366
v 0.019171 -0.052301 -0.008570
v -0.050045 -0.033676 -0.014517
v -0.049057 -0.035510 -0.011357
v -0.059655 0.023847 -0.007643
v -0.059650 0.020945 -0.013526
v -0.074651 0.021862 -0.012111
v -0.074738 0.030776 -0.019255
v -0.074697 0.035272 -0.007944
v -0.074651 0.021862 -0.012111
v -0.059619 0.027567 -0.017716
v -0.059619 0.027567 -0.017716
v -0.059619 0.027567 -0.017716
v -0.059650 0.020945 -0.013526
v -0.059650 0.020945 -0.013526
v 0.040506 0.025679 -0.010502
v 0.035457 0.026221 -0.011633
v -0.031743 0.032214 -0.013650
v -0.031350 0.033703 -0.008435
v -0.030830 0.031674 -0.013080
v -0.030694 0.033418 -0.008139
v 0.040837 0.025864 -0.011453
v 0.040709 0.025270 -0.009424
v -0.022114 0.028349 -0.013702
v -0.023503 0.032634 -0.011645
v -0.024741 0.028339 -0.008432
v 0.040979 0.025053 -0.009547
v 0.041129 0.025734 -0.011806
v -0.023016 0.032639 -0.016038
v -0.016626 -0.052107 -0.013285
v -0.018985 -0.051905 -0.011179
v -0.038357 -0.032446 -0.013088
v -0.040618 -0.033982 -0.008310
v -0.038357 -0.032446 -0.013088
v -0.036277 -0.047892 -0.009775
v -0.034425 -0.053340 -0.015030
v -0.036146 -0.053351 -0.010034
v 0.040448 -0.012326 -0.010923
v 0.040825 -0.011772 -0.009470
v 0.041216 0.025551 -0.011978
v 0.041233 0.024816 -0.009572
v -0.031743 0.032214 -0.013650
v -0.038659 0.033590 -0.010172
v -0.031922 0.034002 -0.008539
v 0.039039 -0.026152 -0.036523
v 0.043449 -0.025460 -0.015153
v 0.039506 -0.032465 -0.008662
v 0.038567 -0.032056 -0.012140
v 0.039648 -0.027440 -0.007995
v 0.041257 0.024774 -0.009300
v 0.041330 0.025337 -0.012294
v 0.036472 -0.017690 -0.010336
v 0.035994 -0.012073 -0.010216
v 0.034037 0.030188 -0.012011
v 0.035109 0.028921 -0.008594
v -0.034601 -0.053892 -0.017974
v -0.036830 -0.053585 -0.009676
v -0.034554 -0.053498 -0.015638
v -0.036146 -0.053351 -0.010034
v 0.041276 0.020381 -0.013223
v 0.041330 0.025337 -0.012294
v 0.041315 0.024399 -0.007133
v -0.025648 0.029938 -0.009747
v -0.023429 0.028792 -0.014273
v 0.034541 0.028878 -0.012747
v 0.035109 0.028921 -0.008594
v -0.048063 -0.035836 -0.013095
v -0.047537 -0.040344 -0.001439
v 0.038736 -0.013681 -0.011542
v 0.039261 -0.012999 -0.010501
v -0.023429 0.028792 -0.014273
v -0.023556 0.028770 -0.014871
v -0.026373 0.028764 -0.009653
v -0.026847 0.028726 -0.010076
v -0.042620 -0.041654 -0.010214
v -0.041232 -0.032405 -0.013172
v -0.042751 -0.034196 -0.007612
v -0.041232 -0.032405 -0.013172
v -0.038357 -0.032446 -0.013088
v -0.042751 -0.034196 -0.007612
v -0.026125 -0.051654 -0.020213
v -0.026125 -0.051654 -0.020213
v -0.030815 -0.051670 -0.011959
v -0.019528 -0.051672 -0.011727
v -0.019528 -0.051672 -0.011727
v -0.019528 -0.051672 -0.011727
v 0.031094 -0.051551 -0.011168
v 0.017565 -0.051595 -0.014650
v 0.021104 -0.051662 -0.006599
v -0.047573 -0.034411 -0.019787
v -0.047529 -0.041652 -0.023980
v -0.047537 -0.040344 -0.001439
v 0.041026 -0.014844 -0.017123
v 0.042490 -0.041490 -0.010362
v 0.041072 -0.014749 -0.009994
v 0.041782 -0.014809 -0.009383
v 0.041026 -0.014844 -0.017123
v 0.042620 -0.015178 -0.013125
v 0.043889 -0.014964 -0.005765
v 0.038567 -0.032056 -0.012140
v 0.038978 -0.013420 -0.010716
v 0.042305 -0.041480 -0.018904
v 0.038010 -0.041470 -0.019451
v 0.038010 -0.041470 -0.019451
v 0.042490 -0.041490 -0.010362
v 0.041026 -0.014844 -0.017123
v 0.042305 -0.041480 -0.018904
v 0.042490 -0.041490 -0.010362
v 0.038915 -0.013281 -0.011629
v 0.039327 -0.012907 -0.010698
v 0.041321 0.022266 -0.013754
v 0.041330 0.025337 -0.012294
v -0.024433 0.032756 -0.015084
v -0.016981 0.036183 -0.012745
v -0.019525 0.036177 -0.008645
v -0.026453 0.032976 -0.010671
v -0.024433 0.032756 -0.015084
v -0.019525 0.036177 -0.008645
v 0.043196 -0.015553 -0.012241
v 0.042513 -0.015886 -0.015042
v 0.037589 0.033281 -0.011793
v 0.037366 0.033649 -0.011141
v 0.038999 -0.012981 -0.011905
v 0.039539 -0.012738 -0.010836
v -0.048890 0.034921 -0.011164
v -0.052852 0.034002 -0.013241
v -0.052380 0.035122 -0.009840
v -0.048853 0.033456 -0.014862
v -0.052852 0.034002 -0.013241
v -0.048890 0.034921 -0.011164
v 0.039508 -0.012690 -0.011804
v 0.040000 -0.012411 -0.010815
v -0.053443 0.034270 -0.012472
v -0.052380 0.035122 -0.009840
v 0.040030 -0.012535 -0.011844
v 0.040000 -0.012411 -0.010815
v 0.040796 -0.012398 -0.011631
v 0.040000 -0.012411 -0.010815
v -0.014230 -0.053741 -0.014155
v -0.016463 -0.053765 -0.011422
v -0.016590 -0.059521 -0.011227
v -0.014234 -0.059531 -0.014144
v -0.014230 -0.053741 -0.014155
v -0.016590 -0.059521 -0.011227
v 0.016590 -0.053701 -0.011222
v 0.014230 -0.059476 -0.014159
v 0.016463 -0.059457 -0.011427
v 0.014234 -0.053686 -0.014139
v 0.014230 -0.059476 -0.014159
v 0.016590 -0.053701 -0.011222
v 0.037528 0.033361 -0.011423
v 0.037697 0.027302 -0.011431
v 0.037452 0.033568 -0.011890
v 0.037139 0.034002 -0.011158
v 0.037682 -0.030928 -0.014625
v 0.038736 -0.013681 -0.011542
v 0.038567 -0.032056 -0.012140
v 0.037230 0.033894 -0.011592
v 0.037381 0.033752 -0.012090
v 0.028865 0.037716 -0.009377
v 0.028865 0.037716 -0.009377
v 0.034578 0.033866 -0.018589
v -0.016325 -0.060238 -0.012365
v -0.014234 -0.059531 -0.014144
v 0.014230 -0.059476 -0.014159
v 0.016275 -0.060151 -0.012427
v -0.014230 -0.053741 -0.014155
v -0.016779 -0.053402 -0.011359
v 0.014560 -0.053143 -0.014278
v 0.016590 -0.053701 -0.011222
v 0.016628 -0.052574 -0.012550
v 0.014794 -0.052456 -0.014672
v -0.059510 -0.029214 -0.014875
v -0.059080 -0.032089 -0.009725
v -0.059060 0.032092 -0.010782
v -0.058803 0.029907 -0.016505
v -0.016201 -0.052514 -0.013246
v -0.018668 -0.052169 -0.010155
v -0.059150 -0.029584 -0.015426
v -0.058682 -0.032651 -0.010081
v 0.041373 -0.011679 -0.013063
v 0.041272 -0.011959 -0.011752
v -0.058687 -0.029927 -0.016445
v -0.057924 -0.032616 -0.011522
v -0.058030 0.033124 -0.010299
v -0.057517 0.031508 -0.015086
v -0.058007 0.031002 -0.015389
v -0.058637 0.032868 -0.010012
v -0.016976 -0.060991 -0.012592
v -0.014004 -0.061381 -0.016774
v 0.040622 0.025846 -0.012863
v 0.040932 0.025824 -0.011707
v -0.057752 -0.031081 -0.015393
v -0.057428 -0.032753 -0.012091
v 0.040043 0.027311 -0.015991
v 0.039043 0.027307 -0.014940
v -0.074905 -0.035037 -0.011413
v -0.075040 -0.033089 -0.017119
v 0.044120 -0.025545 -0.012465
v 0.042513 -0.015886 -0.015042
v 0.043762 -0.016087 -0.010992
v -0.039203 0.034742 -0.011185
v -0.037048 0.033007 -0.016541
v -0.023821 0.030246 -0.013544
v -0.025608 0.030963 -0.009978
v -0.057393 -0.031407 -0.015261
v -0.053880 -0.033114 -0.011580
v -0.057428 -0.032753 -0.012091
v -0.054016 0.033081 -0.011776
v -0.057517 0.031508 -0.015086
v -0.057511 0.033397 -0.010411
v 0.037973 -0.012739 -0.013906
v 0.038863 -0.013260 -0.011812
v 0.037682 -0.030928 -0.014625
v 0.037973 -0.012739 -0.013906
v 0.038736 -0.013681 -0.011542
v 0.016259 -0.060854 -0.013279
v 0.019628 -0.061502 -0.010556
v -0.037026 -0.036824 -0.016420
v -0.038387 -0.036830 -0.012951
v -0.038357 -0.032446 -0.013088
v 0.039168 -0.012511 -0.012699
v 0.039310 -0.012747 -0.012015
v 0.040069 0.028402 -0.015770
v 0.037697 0.027302 -0.011431
v 0.040191 0.030045 -0.016175
v 0.037589 0.033281 -0.011793
v 0.037697 0.027302 -0.011431
v 0.040523 0.025920 -0.012059
v 0.035457 0.026221 -0.011633
v 0.040825 -0.012388 -0.011981
v 0.041373 -0.011679 -0.013063
v -0.093959 -0.035315 -0.012031
v -0.093522 -0.033809 -0.016957
v -0.076255 -0.036204 -0.011980
v -0.076646 -0.034261 -0.017383
v -0.075841 -0.033727 -0.017125
v -0.075404 -0.036139 -0.010574
v -0.093336 0.035271 -0.013667
v -0.092573 0.034203 -0.017326
v -0.075198 0.035183 -0.011971
v -0.075696 0.033751 -0.016901
v -0.076468 0.035305 -0.014393
v -0.075544 0.036141 -0.010390
v -0.053316 0.034122 -0.012879
v -0.053922 0.031454 -0.018687
v -0.053966 0.031143 -0.017399
v -0.053926 0.034368 -0.012206
v -0.053996 0.030805 -0.016759
v -0.053974 0.033648 -0.012048
v -0.026102 0.032616 -0.011971
v -0.024433 0.032756 -0.015084
v -0.092636 -0.035329 -0.014617
v -0.093503 -0.036321 -0.010693
v 0.032772 0.032867 -0.018066
v 0.035144 0.033052 -0.012355
v 0.026660 0.036273 -0.013962
v -0.037686 0.033252 -0.016265
v -0.039554 0.035002 -0.011867
v -0.025762 0.033618 -0.015699
v -0.028308 0.033838 -0.010374
v -0.023319 0.031872 -0.016031
v -0.026196 0.032628 -0.010401
v -0.023536 0.031054 -0.016213
v -0.025769 0.031509 -0.012055
v -0.036671 0.032722 -0.016741
v -0.038819 0.034471 -0.009446
v -0.038716 0.033972 -0.009889
v -0.036166 0.032339 -0.017094
v -0.029947 0.030464 -0.013444
v -0.029683 0.031900 -0.006634
v -0.026148 0.033472 -0.015264
v -0.028334 0.033493 -0.010720
v 0.040191 0.030045 -0.016175
v 0.037494 0.033502 -0.011948
v -0.036473 0.031702 -0.016490
v -0.038659 0.033590 -0.010172
v -0.031743 0.032214 -0.013650
v -0.036674 0.031137 -0.016143
v -0.038659 0.033590 -0.010172
v -0.022079 0.028352 -0.018186
v -0.024149 0.028346 -0.015761
v -0.022490 0.028351 -0.017751
v -0.026560 0.028338 -0.010793
v -0.026673 0.028511 -0.010501
v -0.023569 0.028738 -0.016113
v -0.023173 0.028601 -0.016631
v -0.026560 0.028338 -0.010793
v -0.023536 0.031054 -0.016213
v -0.024325 0.031004 -0.013448
v 0.032352 -0.061542 -0.019056
v 0.036043 -0.047752 -0.010486
v 0.036316 -0.061542 -0.009621
v 0.032352 -0.061542 -0.019056
v 0.033279 -0.047752 -0.017162
v 0.036043 -0.047752 -0.010486
v -0.024433 0.032756 -0.015084
v -0.022706 0.032778 -0.017541
v -0.016981 0.036183 -0.012745
v 0.041383 -0.011626 -0.012616
v 0.041397 -0.008883 -0.014039
v -0.026148 0.033472 -0.015264
v -0.027190 0.028339 -0.013979
v -0.028384 0.033208 -0.010947
v 0.037973 -0.012739 -0.013906
v 0.039048 -0.012685 -0.012487
v -0.032208 -0.047876 -0.019297
v -0.034425 -0.053340 -0.015030
v -0.036277 -0.047892 -0.009775
v 0.035166 0.026297 -0.012423
v 0.035118 0.028848 -0.012549
v 0.034660 0.025884 -0.013770
v 0.034406 0.026557 -0.014380
v 0.035118 0.028848 -0.012549
v 0.035118 0.028848 -0.012549
v 0.034415 0.027632 -0.014275
v 0.032701 0.028718 -0.017903
v 0.031954 0.028819 -0.017842
v 0.032166 0.028801 -0.017732
v 0.035118 0.028848 -0.012549
v 0.031492 0.028894 -0.017654
v 0.033899 0.028901 -0.013436
v 0.016349 -0.061394 -0.014933
v 0.019628 -0.061502 -0.010556
v 0.040108 0.030194 -0.016435
v 0.037381 0.033752 -0.012090
v 0.040657 -0.012500 -0.012192
v 0.040969 -0.011947 -0.013151
v 0.000313 0.036608 -0.012877
v 0.008210 0.036996 -0.012881
v 0.008207 0.036620 -0.012877
v 0.000302 0.036231 -0.012843
v 0.008240 0.036247 -0.012873
v 0.008447 0.036250 -0.016050
v 0.008447 0.036250 -0.016050
v 0.000302 0.036231 -0.012843
v 0.000302 0.036231 -0.012843
v 0.038203 -0.036436 -0.013253
v 0.038223 -0.031966 -0.013114
v 0.000289 0.036981 -0.012911
v 0.000289 0.036981 -0.012911
v 0.008292 0.037002 -0.018880
v 0.008292 0.037002 -0.018880
v 0.008292 0.037002 -0.018880
v 0.008210 0.036996 -0.012881
v 0.039678 -0.012553 -0.012129
v 0.040657 -0.012500 -0.012192
v 0.039168 -0.012511 -0.012699
v 0.040469 -0.012333 -0.012738
v -0.076646 -0.034261 -0.017383
v -0.076705 -0.036341 -0.012476
v -0.092222 -0.035711 -0.014349
v -0.076844 0.035701 -0.014110
v -0.092573 0.034203 -0.017326
v -0.092513 0.036274 -0.012416
v 0.041259 0.025453 -0.012179
v 0.041186 0.024889 -0.013715
v 0.041186 0.024889 -0.013715
v 0.040819 0.025720 -0.012652
v 0.040622 0.025846 -0.012863
v 0.035322 0.026008 -0.012463
v 0.040036 0.030331 -0.016732
v 0.034578 0.033866 -0.018589
v 0.037381 0.033752 -0.012090
v -0.042620 -0.041654 -0.010214
v -0.040427 -0.041644 -0.016778
v -0.040427 -0.041644 -0.016778
v -0.041232 -0.032405 -0.013172
v -0.041232 -0.032405 -0.013172
v -0.024618 0.028345 -0.015415
v -0.024433 0.032756 -0.015084
v -0.026061 0.032449 -0.012330
v -0.037026 -0.036824 -0.016420
v -0.039102 -0.041549 -0.016333
v -0.038387 -0.036830 -0.012951
v -0.039102 -0.041549 -0.016333
v -0.040244 -0.041413 -0.012943
v -0.038387 -0.036830 -0.012951
v 0.025991 -0.061548 -0.027072
v 0.025991 -0.061548 -0.027072
v 0.017044 -0.061557 -0.015014
v 0.017044 -0.061557 -0.015014
v 0.017044 -0.061557 -0.015014
v 0.031094 -0.051551 -0.011168
v 0.027666 -0.051552 -0.017886
v 0.027666 -0.051552 -0.017886
v 0.017565 -0.051595 -0.014650
v 0.017565 -0.051595 -0.014650
v 0.017565 -0.051595 -0.014650
v 0.034578 0.033866 -0.018589
v 0.026555 0.037700 -0.014509
v 0.028865 0.037716 -0.009377
v 0.041017 -0.007084 -0.013723
v 0.041339 -0.004306 -0.012659
v 0.040858 -0.006784 -0.013730
v 0.040953 -0.004826 -0.013109
v 0.029699 0.032742 -0.017887
v 0.034949 0.031165 -0.013061
v 0.032842 0.032025 -0.017182
v -0.040427 -0.041644 -0.016778
v 0.041071 -0.004412 -0.012966
v 0.040811 -0.003490 -0.013333
v 0.040933 0.014410 -0.013782
v 0.040993 0.017606 -0.013033
v 0.041143 0.014398 -0.013446
v 0.041271 0.017942 -0.012707
v 0.038410 -0.012263 -0.013820
v 0.039168 -0.012511 -0.012699
v 0.039015 -0.012043 -0.013582
v 0.039168 -0.012511 -0.012699
v -0.038105 0.033390 -0.016163
v -0.048853 0.033456 -0.014862
v -0.048890 0.034921 -0.011164
v -0.039554 0.035002 -0.011867
v -0.038105 0.033390 -0.016163
v -0.048890 0.034921 -0.011164
v -0.022706 0.032778 -0.017541
v -0.016978 0.035238 -0.016051
v -0.016981 0.036183 -0.012745
v -0.016978 0.035238 -0.016051
v -0.048284 -0.032770 -0.018897
v -0.049446 -0.034172 -0.014204
v -0.030921 0.029558 -0.017876
v -0.030921 0.031576 -0.013499
v -0.011356 0.037673 -0.018138
v -0.016694 0.037595 -0.013584
v 0.040879 0.019577 -0.013316
v 0.041271 0.017942 -0.012707
v 0.041020 -0.003708 -0.013087
v 0.041310 -0.000479 -0.013437
v 0.040940 -0.011853 -0.013396
v 0.040879 -0.011476 -0.014081
v 0.040643 0.019380 -0.013432
v 0.041041 0.017813 -0.012968
v 0.038717 0.025558 -0.013575
v 0.034792 0.025761 -0.013442
v -0.040058 -0.041459 -0.013506
v -0.042009 -0.041625 -0.007913
v 0.034606 0.031117 -0.012593
v 0.032740 0.031166 -0.017877
v -0.039771 -0.041596 -0.016501
v -0.039775 -0.041598 -0.016614
v -0.042009 -0.041625 -0.007913
v 0.040919 0.024948 -0.013865
v 0.040622 0.025846 -0.012863
v 0.033240 0.027846 -0.018373
v 0.036200 0.028294 -0.010843
v 0.033367 0.027308 -0.018851
v 0.036503 0.027808 -0.010852
v 0.035539 0.032569 -0.012205
v 0.033099 0.028294 -0.018056
v 0.036200 0.028294 -0.010843
v -0.031466 0.029809 -0.017933
v -0.031743 0.032214 -0.013650
v 0.041140 0.014349 -0.013456
v 0.041310 -0.000479 -0.013437
v 0.040355 0.025340 -0.013637
v 0.038356 0.025431 -0.013856
v 0.037881 -0.004106 -0.013395
v 0.040773 -0.004934 -0.013281
v 0.038007 -0.003981 -0.013395
v 0.040628 -0.004179 -0.013313
v 0.036090 0.017272 -0.013429
v 0.040801 0.017457 -0.013240
v 0.040949 -0.000621 -0.013682
v 0.040811 -0.003490 -0.013333
v 0.034818 0.017281 -0.013422
v 0.040579 0.018359 -0.013335
v 0.039270 -0.012253 -0.013183
v 0.040682 -0.012071 -0.013413
v -0.041581 -0.061430 -0.021447
v -0.044916 -0.061577 -0.013074
v -0.041267 -0.061682 -0.021491
v -0.023172 -0.061641 -0.029443
v -0.044916 -0.061577 -0.013074
v 0.037790 -0.003712 -0.013452
v 0.040811 -0.003490 -0.013333
v 0.037510 0.016478 -0.013574
v 0.040801 0.017457 -0.013240
v 0.037709 -0.004243 -0.013397
v 0.037885 -0.003948 -0.013411
v 0.034818 0.017281 -0.013422
v 0.034654 0.019845 -0.013825
v 0.040643 0.019380 -0.013432
v 0.040616 -0.005758 -0.013488
v 0.036728 -0.005249 -0.013511
v 0.037466 -0.004631 -0.013434
v 0.040773 -0.004934 -0.013281
v 0.037950 -0.003913 -0.013404
v 0.037797 -0.003858 -0.013429
v 0.037864 -0.003893 -0.013419
v 0.037254 -0.003303 -0.013549
v -0.053912 -0.030013 -0.018051
v -0.053825 -0.033026 -0.014295
v -0.014681 -0.059954 -0.013990
v -0.011970 -0.060838 -0.017223
v 0.037254 -0.003303 -0.013549
v 0.037743 -0.003965 -0.013423
v 0.037556 -0.004140 -0.013466
v 0.037709 -0.004243 -0.013397
v 0.037553 -0.003942 -0.013475
v 0.037254 -0.003303 -0.013549
v 0.037446 -0.004259 -0.013484
v 0.037709 -0.004243 -0.013397
v 0.037539 -0.004033 -0.013480
v 0.037709 -0.004243 -0.013397
v 0.037538 -0.004190 -0.013464
v 0.037709 -0.004243 -0.013397
v 0.037363 -0.004298 -0.013508
v 0.037465 -0.004230 -0.013480
v 0.037149 -0.003817 -0.013717
v 0.037538 -0.004109 -0.013476
v 0.037506 -0.004195 -0.013474
v 0.037149 -0.003817 -0.013717
v 0.040947 0.021690 -0.014376
v 0.041057 0.020164 -0.013369
v 0.037537 -0.004091 -0.013477
v 0.037520 -0.003882 -0.013498
v 0.036728 -0.005249 -0.013511
v 0.037418 -0.004345 -0.013481
v 0.037301 -0.003781 -0.013615
v 0.037254 -0.003303 -0.013549
v 0.037372 -0.004274 -0.013510
v 0.037149 -0.003817 -0.013717
v 0.037149 -0.003817 -0.013717
v 0.037509 -0.003956 -0.013500
v 0.041338 0.022676 -0.014150
v 0.041240 0.024878 -0.013311
v 0.037298 -0.004345 -0.013525
v 0.037189 -0.004400 -0.013567
v 0.036728 -0.005249 -0.013511
v 0.037169 -0.004418 -0.013574
v 0.037180 -0.004404 -0.013571
v 0.037290 -0.004355 -0.013526
v -0.042028 -0.054427 -0.021136
v -0.042028 -0.054427 -0.021136
v -0.041866 -0.061191 -0.021435
v -0.044916 -0.061577 -0.013074
v -0.044916 -0.061577 -0.013074
v -0.045820 -0.054442 -0.010742
v -0.045212 -0.054142 -0.012124
v -0.042028 -0.054427 -0.021136
v 0.037254 -0.003303 -0.013549
v 0.040319 -0.002447 -0.013569
v 0.040933 0.014410 -0.013782
v 0.037807 0.015882 -0.013693
v 0.040801 0.017457 -0.013240
v 0.036919 0.016595 -0.013651
v 0.036432 0.017000 -0.013581
v 0.037240 -0.004371 -0.013548
v 0.037149 -0.003817 -0.013717
v 0.034846 0.027302 -0.016077
v 0.036854 0.027300 -0.010783
v 0.036292 0.017038 -0.013583
v 0.034818 0.017281 -0.013422
v -0.074576 -0.017263 -0.018082
v -0.059567 -0.021862 -0.012147
v -0.074566 -0.022242 -0.011498
v -0.074608 -0.027603 -0.023618
v -0.074608 -0.027603 -0.023618
v -0.074608 -0.027603 -0.023618
v -0.074576 -0.017263 -0.018082
v -0.074576 -0.017263 -0.018082
v -0.074576 -0.017263 -0.018082
v -0.059577 -0.016691 -0.018582
v -0.074576 -0.017263 -0.018082
v -0.059577 -0.016691 -0.018582
v -0.059567 -0.021862 -0.012147
v -0.059650 0.020945 -0.013526
v -0.059643 0.017274 -0.018054
v -0.059643 0.017274 -0.018054
v -0.074651 0.021862 -0.012111
v -0.074651 0.021862 -0.012111
v -0.074642 0.016702 -0.018554
v -0.074642 0.016702 -0.018554
v -0.074642 0.016702 -0.018554
v -0.074642 0.016702 -0.018554
v -0.074738 0.030776 -0.019255
v -0.074738 0.030776 -0.019255
v -0.074651 0.021862 -0.012111
v -0.059643 0.017274 -0.018054
v 0.031647 0.031081 -0.017362
v 0.033551 0.029781 -0.013260
v 0.031670 0.029883 -0.017298
v 0.033415 0.028928 -0.013658
v 0.036234 -0.005476 -0.013547
v 0.040858 -0.006784 -0.013730
v 0.034654 0.019845 -0.013825
v 0.038920 0.019748 -0.013650
v 0.039166 0.020178 -0.013793
v 0.040643 0.019380 -0.013432
v 0.037084 -0.004447 -0.013614
v 0.037189 -0.004400 -0.013567
v 0.037144 -0.004415 -0.013588
v 0.037149 -0.003817 -0.013717
v 0.039199 0.025028 -0.014196
v 0.040580 0.024884 -0.014252
v 0.037037 -0.004457 -0.013643
v 0.036985 -0.004334 -0.013752
v 0.037082 -0.004346 -0.013664
v 0.037149 -0.003817 -0.013717
v 0.014776 -0.060341 -0.014468
v 0.016443 -0.060701 -0.012836
v -0.014731 -0.053117 -0.014227
v -0.013149 -0.052129 -0.016657
v 0.030306 0.028453 -0.017070
v 0.030554 0.028453 -0.016521
v 0.033442 0.032743 -0.010608
v 0.030554 0.028453 -0.016521
v 0.033308 0.028452 -0.010544
v 0.036728 -0.005249 -0.013511
v 0.037043 -0.004468 -0.013632
v 0.037524 0.016132 -0.013673
v 0.036541 0.017260 -0.013440
v 0.037044 -0.004326 -0.013708
v 0.037093 -0.004443 -0.013609
v 0.036305 -0.005246 -0.013631
v 0.034802 -0.005782 -0.013597
v 0.040020 0.020210 -0.013776
v 0.040947 0.021690 -0.014376
v 0.041269 -0.008755 -0.014263
v 0.040858 -0.006784 -0.013730
v 0.041091 0.021927 -0.014235
v 0.041276 0.020381 -0.013223
v 0.032200 0.031122 -0.017559
v 0.034194 0.031046 -0.011687
v 0.036958 -0.004403 -0.013733
v 0.037003 -0.004483 -0.013653
v 0.036994 0.016540 -0.013653
v 0.036541 0.017260 -0.013440
v 0.037354 0.016226 -0.013691
v 0.036541 0.017260 -0.013440
v 0.030550 0.032743 -0.016714
v 0.030554 0.028453 -0.016521
v 0.033442 0.032743 -0.010608
v 0.036728 -0.005249 -0.013511
v 0.036972 -0.004459 -0.013691
v 0.041049 -0.011405 -0.013838
v 0.041213 -0.010235 -0.014447
v 0.036983 -0.004352 -0.013743
v 0.037074 -0.004305 -0.013695
v 0.039142 -0.012074 -0.013534
v 0.040655 -0.011852 -0.013667
v 0.037295 0.016231 -0.013713
v 0.037412 0.016222 -0.013672
v 0.037216 0.016252 -0.013741
v 0.037086 0.016293 -0.013787
v 0.037141 0.016292 -0.013755
v 0.036919 0.016595 -0.013651
v -0.047951 -0.033587 -0.019203
v -0.048279 -0.035925 -0.011828
v 0.037376 0.016087 -0.013735
v 0.037807 0.015882 -0.013693
v 0.000075 0.036233 -0.016050
v 0.000293 0.036599 -0.012920
v 0.000075 0.036233 -0.016050
v 0.008228 0.036607 -0.012919
v 0.008447 0.036250 -0.016050
v 0.037667 0.015821 -0.013721
v 0.037227 0.015956 -0.013827
v -0.026125 -0.051654 -0.020213
v -0.029209 -0.034664 -0.015500
v -0.030815 -0.051670 -0.011959
v 0.030763 -0.034551 -0.011945
v 0.027666 -0.051552 -0.017886
v 0.031094 -0.051551 -0.011168
v 0.027634 -0.034552 -0.017872
v 0.027666 -0.051552 -0.017886
v 0.030763 -0.034551 -0.011945
v 0.036728 -0.005249 -0.013511
v 0.036867 -0.004426 -0.013830
v 0.040792 0.013532 -0.013874
v 0.041310 -0.000479 -0.013437
v 0.037035 -0.004313 -0.013721
v 0.037149 -0.003817 -0.013717
v 0.037346 0.016217 -0.013697
v 0.037227 0.015956 -0.013827
v 0.037227 0.015956 -0.013827
v 0.037254 0.016232 -0.013730
v 0.003457 0.036993 -0.020072
v 0.000142 0.036987 -0.019963
v 0.000531 0.036988 -0.020301
v 0.000128 0.036456 -0.015635
v 0.000142 0.036987 -0.019963
v 0.008395 0.036470 -0.016374
v 0.008210 0.036996 -0.012881
v 0.034670 0.017154 -0.013815
v 0.034654 0.019845 -0.013825
v 0.036716 0.016489 -0.013860
v 0.036919 0.016595 -0.013651
v 0.036950 0.016457 -0.013745
v 0.036611 0.016440 -0.013993
v -0.017950 0.028361 -0.018858
v -0.018574 0.032649 -0.018417
v -0.022114 0.028349 -0.013702
v -0.018574 0.032649 -0.018417
v -0.023503 0.032634 -0.011645
v -0.022114 0.028349 -0.013702
v 0.036495 -0.005168 -0.013623
v 0.036786 -0.004392 -0.013957
v 0.036971 0.015020 -0.013932
v 0.037574 0.015737 -0.013744
v 0.037690 0.015814 -0.013717
v 0.036971 0.015020 -0.013932
v 0.037555 0.015737 -0.013750
v 0.037428 0.015788 -0.013778
v 0.037572 0.015744 -0.013745
v 0.037227 0.015956 -0.013827
v 0.037379 0.015750 -0.013798
v 0.037227 0.015956 -0.013827
v 0.036967 -0.004367 -0.013746
v 0.037149 -0.003817 -0.013717
v 0.036882 -0.004387 -0.013830
v 0.037149 -0.003817 -0.013717
v 0.037453 0.015772 -0.013773
v 0.037227 0.015956 -0.013827
v 0.037022 -0.002909 -0.013653
v 0.040625 -0.000639 -0.013920
v 0.037337 0.015649 -0.013822
v 0.037455 0.015746 -0.013775
v 0.036714 0.016146 -0.014165
v 0.037130 0.016276 -0.013774
v 0.036971 0.015020 -0.013932
v 0.037410 0.015661 -0.013798
v 0.036702 0.016296 -0.014049
v 0.037086 0.016293 -0.013787
v 0.040933 0.014410 -0.013782
v 0.037541 0.015486 -0.013794
v 0.037130 -0.003657 -0.013722
v 0.036763 -0.003682 -0.014130
v 0.037188 0.016106 -0.013807
v 0.036714 0.016146 -0.014165
v 0.036604 0.016539 -0.013880
v 0.036702 0.016510 -0.013843
v 0.036919 0.016595 -0.013651
v 0.036919 0.016595 -0.013651
v 0.038356 0.025431 -0.013856
v 0.034699 0.025833 -0.013778
v -0.018623 0.032659 -0.019744
v -0.018726 0.032650 -0.019262
v -0.018750 0.032651 -0.020904
v 0.037254 -0.003303 -0.013549
v 0.036556 -0.002677 -0.013808
v 0.040971 -0.000545 -0.013676
v 0.040676 0.012897 -0.013951
v 0.036607 0.016599 -0.013814
v 0.036196 0.016864 -0.013695
v 0.039144 0.020293 -0.013851
v 0.038504 0.019892 -0.013727
v 0.036311 -0.001756 -0.013876
v 0.040625 -0.000639 -0.013920
v 0.036315 -0.002680 -0.013883
v 0.034687 -0.002337 -0.013864
v -0.013388 -0.061171 -0.016786
v -0.016465 -0.060764 -0.012787
v 0.015235 -0.052306 -0.014383
v 0.012296 -0.051695 -0.018349
v 0.036611 0.016440 -0.013993
v 0.036611 0.016440 -0.013993
v 0.036593 0.016531 -0.013897
v 0.036665 0.016510 -0.013869
v 0.036626 0.016530 -0.013874
v 0.036732 0.016496 -0.013835
v 0.040916 -0.008621 -0.014614
v 0.040858 -0.006784 -0.013730
v 0.036971 0.015020 -0.013932
v 0.037237 0.015589 -0.013862
v 0.034897 -0.001848 -0.013917
v 0.036694 -0.002558 -0.013753
v 0.040684 0.013745 -0.013864
v 0.036971 0.015020 -0.013932
v 0.039051 0.020276 -0.013881
v 0.039388 0.020433 -0.013871
v 0.038504 0.019892 -0.013727
v 0.039033 0.020273 -0.013887
v 0.036215 -0.000228 -0.014098
v 0.040625 -0.000639 -0.013920
v 0.034247 -0.008711 -0.014950
v 0.034680 -0.005481 -0.013898
v 0.034867 -0.005371 -0.013849
v 0.036149 -0.005220 -0.013696
v 0.036786 -0.004392 -0.013957
v 0.036935 -0.003839 -0.013926
v 0.039157 0.020387 -0.013917
v 0.039388 0.020433 -0.013871
v 0.037227 0.015956 -0.013827
v 0.037271 0.015637 -0.013847
v 0.034609 -0.002495 -0.014056
v 0.034584 -0.000486 -0.014101
v 0.036484 0.016559 -0.013950
v 0.036438 0.016551 -0.014004
v 0.036559 0.016548 -0.013902
v 0.038504 0.019892 -0.013727
v 0.038906 0.020270 -0.013962
v 0.039051 0.020284 -0.013887
v 0.039173 0.020407 -0.013920
v 0.036971 0.015020 -0.013932
v 0.037097 0.015578 -0.013938
v 0.039094 0.020360 -0.013925
v 0.039560 0.021901 -0.014829
v 0.037973 -0.012739 -0.013906
v 0.038281 -0.011822 -0.014175
v 0.038504 0.019892 -0.013727
v 0.038748 0.020205 -0.014002
v 0.034861 0.017022 -0.013783
v 0.036196 0.016864 -0.013695
v 0.037009 0.015574 -0.013992
v 0.037182 0.015569 -0.013886
v 0.036196 0.016864 -0.013695
v 0.036289 0.016604 -0.014036
v 0.036196 0.016864 -0.013695
v -0.031987 0.029989 -0.018104
v -0.036674 0.031137 -0.016143
v -0.031743 0.032214 -0.013650
v 0.039560 0.021901 -0.014829
v 0.039283 0.020426 -0.013899
v -0.022191 0.033814 -0.020287
v -0.024746 0.033889 -0.017076
v -0.016548 0.037573 -0.014293
v 0.037113 0.015615 -0.013929
v 0.037227 0.015956 -0.013827
v 0.038635 0.020150 -0.014016
v 0.038504 0.019892 -0.013727
v 0.036611 0.016440 -0.013993
v 0.036518 0.016538 -0.013949
v 0.038984 -0.011949 -0.013734
v 0.040879 -0.011476 -0.014081
v 0.038696 0.020183 -0.014018
v 0.038783 0.020244 -0.014029
v 0.038353 0.020122 -0.014295
v 0.038504 0.019892 -0.013727
v 0.036979 0.015536 -0.014004
v 0.036971 0.015020 -0.013932
v 0.038927 0.020282 -0.013962
v 0.039560 0.021901 -0.014829
v 0.036681 -0.003507 -0.014129
v 0.037254 -0.003303 -0.013549
v 0.040676 0.012897 -0.013951
v 0.036670 0.014678 -0.013974
v 0.038574 0.020131 -0.014071
v 0.038504 0.019892 -0.013727
v 0.038594 0.020133 -0.014024
v 0.038703 0.020192 -0.014023
v 0.036940 0.015494 -0.014024
v 0.037015 0.015622 -0.013994
v 0.036225 -0.004843 -0.014043
v 0.036786 -0.004392 -0.013957
v 0.034370 -0.002221 -0.014604
v 0.033071 -0.003083 -0.017477
v 0.034654 0.019845 -0.013825
v 0.038251 0.019983 -0.014064
v 0.037240 0.000415 -0.014081
v 0.040625 -0.000639 -0.013920
v 0.040625 -0.000639 -0.013920
v 0.037516 0.005803 -0.014072
v 0.040625 -0.000639 -0.013920
v 0.037723 0.005944 -0.014048
v 0.040676 0.012897 -0.013951
v 0.040625 -0.000639 -0.013920
v 0.037218 0.002874 -0.014094
v 0.037490 0.001366 -0.014069
v 0.040625 -0.000639 -0.013920
v 0.037505 0.000843 -0.014069
v 0.037629 0.000966 -0.014060
v 0.037673 0.001117 -0.014055
v 0.040625 -0.000639 -0.013920
v 0.036699 0.006934 -0.014132
v 0.040676 0.012897 -0.013951
v 0.037373 0.006175 -0.014108
v 0.040676 0.012897 -0.013951
v 0.037360 0.011509 -0.014066
v 0.040676 0.012897 -0.013951
v 0.035896 0.012317 -0.014120
v 0.040676 0.012897 -0.013951
v 0.037066 0.009599 -0.014101
v 0.040676 0.012897 -0.013951
v 0.037492 0.010664 -0.014069
v 0.040676 0.012897 -0.013951
v 0.034539 0.012423 -0.014146
v 0.035826 0.013581 -0.014064
v 0.035046 0.014037 -0.014072
v 0.040676 0.012897 -0.013951
v 0.036046 0.016638 -0.014126
v 0.036196 0.016864 -0.013695
v 0.041278 -0.009947 -0.014226
v 0.041373 -0.011679 -0.013063
v -0.020965 0.030995 -0.017677
v -0.023484 0.029875 -0.014117
v 0.036179 0.014316 -0.014026
v 0.036680 0.015047 -0.014107
v 0.036971 0.015020 -0.013932
v 0.036912 0.015466 -0.014040
v 0.036223 -0.002956 -0.014140
v 0.037254 -0.003303 -0.013549
v 0.035955 0.016727 -0.014002
v 0.034438 0.016635 -0.014438
v 0.034530 -0.004825 -0.014267
v 0.036069 -0.004953 -0.014012
v 0.036594 0.015488 -0.014402
v 0.036944 0.015593 -0.014051
v 0.036981 0.015613 -0.014021
v 0.037227 0.015956 -0.013827
v 0.034703 -0.002647 -0.014090
v 0.036167 -0.002767 -0.013960
v 0.036945 0.015550 -0.014037
v 0.037015 0.015622 -0.013994
v 0.036931 0.015587 -0.014060
v 0.036738 0.015508 -0.014213
v 0.036715 0.015509 -0.014251
v 0.037015 0.015622 -0.013994
v 0.036919 0.015494 -0.014043
v 0.036911 0.015579 -0.014075
v 0.032772 0.032867 -0.018066
v 0.035326 0.032822 -0.012298
v 0.038729 0.020213 -0.014035
v 0.038537 0.020216 -0.014352
v 0.040604 -0.007582 -0.014204
v 0.034802 -0.005782 -0.013597
v 0.039388 0.020433 -0.013871
v 0.040762 0.021858 -0.014531
v 0.038638 0.020158 -0.014029
v 0.038537 0.020216 -0.014352
v 0.036594 0.015488 -0.014402
v 0.036855 0.016006 -0.014092
v -0.034601 -0.053892 -0.017974
v -0.034601 -0.053892 -0.017974
v 0.037611 0.001140 -0.014061
v 0.037732 0.001091 -0.014052
v 0.037671 0.001133 -0.014055
v 0.036738 0.002087 -0.014116
v 0.037586 0.006068 -0.014060
v 0.037723 0.005944 -0.014048
v 0.037648 0.006047 -0.014053
v 0.037008 0.006362 -0.014169
v 0.037305 0.005679 -0.014095
v 0.037660 0.006008 -0.014052
v 0.037576 0.011008 -0.014056
v 0.037713 0.010884 -0.014044
v 0.037650 0.010976 -0.014047
v 0.036365 0.012238 -0.014115
v 0.037031 0.010236 -0.014114
v 0.037656 0.010953 -0.014047
v 0.036469 0.016524 -0.014009
v 0.036150 0.016606 -0.014142
v 0.037505 0.000843 -0.014069
v 0.037560 0.001114 -0.014069
v 0.037305 0.005679 -0.014095
v 0.037552 0.006060 -0.014065
v 0.037031 0.010236 -0.014114
v 0.037549 0.011006 -0.014060
v 0.037541 0.001125 -0.014073
v 0.037413 0.001179 -0.014092
v 0.037500 0.001180 -0.014077
v 0.036738 0.002087 -0.014116
v 0.037532 0.006065 -0.014069
v 0.037404 0.006119 -0.014088
v 0.037459 0.006122 -0.014080
v 0.037008 0.006362 -0.014169
v 0.037522 0.011005 -0.014065
v 0.037394 0.011059 -0.014084
v 0.037485 0.011057 -0.014068
v 0.036365 0.012238 -0.014115
v 0.036631 0.004697 -0.014102
v 0.036738 0.002087 -0.014116
v 0.036481 0.009519 -0.014100
v 0.036379 0.007360 -0.014102
v 0.037394 0.011059 -0.014084
v 0.036594 0.011792 -0.014188
v 0.036865 0.015589 -0.014128
v 0.037227 0.015956 -0.013827
v 0.037505 0.000843 -0.014069
v 0.037487 0.001115 -0.014081
v 0.037305 0.005679 -0.014095
v 0.037461 0.006067 -0.014080
v 0.037031 0.010236 -0.014114
v 0.037449 0.011015 -0.014076
v 0.037291 0.006157 -0.014121
v 0.037008 0.006362 -0.014169
v 0.037303 0.011088 -0.014111
v 0.036622 0.011671 -0.014226
v 0.037400 0.001152 -0.014100
v 0.037368 0.001148 -0.014108
v 0.037526 0.001101 -0.014076
v 0.037255 0.006162 -0.014133
v 0.037416 0.006106 -0.014088
v 0.037245 0.011102 -0.014129
v 0.037406 0.011046 -0.014084
v 0.040112 0.021910 -0.014678
v 0.039388 0.020433 -0.013871
v 0.036971 0.015020 -0.013932
v 0.036826 0.015457 -0.014115
v 0.036738 0.015508 -0.014213
v 0.036874 0.015506 -0.014084
v 0.036917 0.011236 -0.014249
v 0.036622 0.011671 -0.014226
v 0.037505 0.000843 -0.014069
v 0.037370 0.001134 -0.014108
v 0.037305 0.005679 -0.014095
v 0.037334 0.006126 -0.014108
v 0.036843 0.011222 -0.014294
v 0.037287 0.011090 -0.014117
v 0.037031 0.010236 -0.014114
v 0.037142 0.011048 -0.014170
v 0.039717 0.021870 -0.014746
v 0.039388 0.020433 -0.013871
v 0.036738 0.002087 -0.014116
v 0.037286 0.001061 -0.014148
v 0.037505 0.000843 -0.014069
v 0.038107 0.025542 -0.014184
v 0.034499 0.025928 -0.014170
v 0.038537 0.020216 -0.014352
v 0.038800 0.020252 -0.014027
v 0.036280 0.004747 -0.014228
v 0.037305 0.005679 -0.014095
v 0.036658 0.015303 -0.014207
v 0.036971 0.015020 -0.013932
v 0.035765 0.004260 -0.014122
v 0.036738 0.002087 -0.014116
v 0.034829 0.002869 -0.014187
v 0.036738 0.002087 -0.014116
v 0.035750 0.007677 -0.014118
v 0.036235 0.009361 -0.014093
v 0.032772 0.032867 -0.018066
v 0.033099 0.028294 -0.018056
v 0.035539 0.032569 -0.012205
v 0.037177 0.000748 -0.014163
v 0.037505 0.000843 -0.014069
v 0.037249 0.000874 -0.014155
v 0.037505 0.000843 -0.014069
v 0.037270 0.001073 -0.014154
v 0.036738 0.002087 -0.014116
v 0.037305 0.005679 -0.014095
v 0.037189 0.006189 -0.014141
v -0.023359 0.031031 -0.015736
v -0.020965 0.030995 -0.017677
v 0.036661 -0.000089 -0.014107
v 0.037197 0.000713 -0.014149
v 0.035086 0.009150 -0.014140
v 0.034547 0.007476 -0.014155
v 0.036286 0.007081 -0.014250
v 0.037008 0.006362 -0.014169
v 0.034276 0.011728 -0.014805
v 0.034459 0.012293 -0.014346
v 0.034465 0.014444 -0.014325
v 0.034563 0.014229 -0.014081
v 0.036421 0.002048 -0.014243
v 0.035937 0.001960 -0.014482
v 0.034534 0.002295 -0.014218
v 0.034534 0.002295 -0.014218
v 0.038710 0.020263 -0.014179
v 0.039560 0.021901 -0.014829
v 0.034584 -0.000486 -0.014101
v 0.036359 0.000020 -0.014283
v 0.041152 0.023285 -0.014406
v 0.041186 0.024889 -0.013715
v 0.036090 0.014643 -0.014195
v 0.036519 0.015178 -0.014261
v 0.037068 0.000687 -0.014193
v 0.037207 0.000765 -0.014154
v 0.036128 0.009634 -0.014221
v 0.037031 0.010236 -0.014114
v 0.036773 0.010482 -0.014337
v 0.036843 0.011222 -0.014294
v 0.037216 0.001024 -0.014185
v 0.036569 0.002017 -0.014202
v 0.036661 -0.000089 -0.014107
v 0.037031 0.000651 -0.014200
v 0.036530 0.000055 -0.014229
v 0.036999 0.000618 -0.014207
v 0.031723 0.033031 -0.018833
v 0.026660 0.036273 -0.013962
v 0.037164 0.000758 -0.014169
v 0.037216 0.001024 -0.014185
v 0.036988 0.001300 -0.014233
v 0.036271 0.002016 -0.014324
v 0.036198 0.007137 -0.014251
v 0.034547 0.007476 -0.014155
v 0.034539 0.009405 -0.014164
v 0.035941 0.009638 -0.014263
v 0.037052 0.000678 -0.014197
v 0.037216 0.001024 -0.014185
v 0.036199 0.004903 -0.014333
v 0.036970 0.005509 -0.014202
v 0.041213 -0.010235 -0.014447
v 0.041288 -0.008843 -0.014249
v 0.034563 0.014229 -0.014081
v 0.036029 0.014531 -0.014157
v 0.040658 -0.008617 -0.014790
v 0.034247 -0.008711 -0.014950
v 0.034802 -0.005782 -0.013597
v 0.036524 0.000692 -0.014687
v 0.037038 0.001173 -0.014246
v 0.036884 0.001420 -0.014261
v 0.036271 0.002016 -0.014324
v 0.036844 0.005460 -0.014254
v 0.037305 0.005679 -0.014095
v 0.036542 0.010371 -0.014459
v 0.037031 0.010236 -0.014114
v 0.033071 -0.003083 -0.017477
v 0.034457 -0.000203 -0.014409
v 0.034568 -0.000182 -0.014364
v 0.036215 0.000114 -0.014412
v 0.036215 0.000114 -0.014412
v 0.037038 0.000727 -0.014208
v 0.040958 -0.010319 -0.014584
v 0.040879 -0.011476 -0.014081
v -0.059480 0.031385 -0.010564
v -0.059619 0.027567 -0.017716
v 0.034582 0.014562 -0.014333
v 0.035976 0.014736 -0.014276
v 0.036820 0.005448 -0.014262
v 0.036199 0.004903 -0.014333
v 0.035896 0.016637 -0.014205
v 0.036150 0.016606 -0.014142
v 0.036841 0.005534 -0.014288
v 0.037305 0.005679 -0.014095
v 0.036127 -0.002964 -0.014201
v 0.034463 -0.003041 -0.014416
v 0.037715 -0.011890 -0.014625
v 0.037973 -0.012739 -0.013906
v 0.036853 0.001447 -0.014271
v 0.036262 0.001861 -0.014446
v 0.040947 0.021690 -0.014376
v 0.041230 0.022774 -0.014282
v 0.036772 0.005426 -0.014284
v 0.036878 0.005476 -0.014239
v 0.036519 0.015178 -0.014261
v 0.036644 0.015467 -0.014315
v 0.036727 0.005402 -0.014303
v 0.036199 0.004903 -0.014333
v 0.036524 0.000692 -0.014687
v 0.036890 0.001412 -0.014261
v 0.036872 0.001416 -0.014273
v 0.036814 0.001369 -0.014342
v 0.036456 0.011858 -0.014252
v 0.036111 0.011668 -0.014623
v 0.035889 0.016631 -0.014241
v 0.035893 0.016610 -0.014426
v 0.041046 0.023475 -0.014611
v 0.040866 0.024802 -0.014045
v 0.035886 0.016637 -0.014211
v 0.034438 0.016635 -0.014438
v 0.039290 0.024921 -0.014294
v 0.038289 0.025462 -0.014090
v 0.036826 0.001401 -0.014317
v 0.036519 0.001397 -0.014636
v 0.036478 0.001493 -0.014578
v 0.036853 0.001447 -0.014271
v 0.034547 0.007154 -0.014437
v 0.036125 0.006934 -0.014381
v 0.034541 0.012152 -0.014392
v 0.036365 0.012238 -0.014115
v 0.036142 0.011890 -0.014434
v 0.034276 0.011728 -0.014805
v 0.034557 0.004431 -0.014154
v 0.036224 0.004697 -0.014220
v 0.036698 0.005412 -0.014331
v 0.036781 0.005430 -0.014280
v 0.035886 0.016618 -0.014343
v 0.034438 0.016635 -0.014438
v 0.036524 0.000692 -0.014687
v 0.036830 0.001400 -0.014313
v 0.036755 0.005443 -0.014306
v 0.036859 0.005597 -0.014303
v 0.034746 -0.004432 -0.018159
v 0.036786 -0.004392 -0.013957
v 0.036782 0.005623 -0.014375
v 0.036500 0.006271 -0.014701
v 0.036500 0.006271 -0.014701
v 0.036987 0.005662 -0.014256
v 0.034459 0.007335 -0.014365
v 0.034539 0.009405 -0.014164
v 0.037989 -0.011377 -0.014516
v 0.038613 -0.011807 -0.013993
v 0.036130 0.010047 -0.014474
v 0.037031 0.010236 -0.014114
v 0.036694 0.005437 -0.014349
v 0.036774 0.005590 -0.014366
v 0.036721 0.005592 -0.014417
v 0.036859 0.005597 -0.014303
v 0.034438 0.016635 -0.014438
v 0.032353 0.019883 -0.018650
v 0.034654 0.019845 -0.013825
v 0.032353 0.019883 -0.018650
v 0.038110 0.020061 -0.014348
v 0.034654 0.019845 -0.013825
v 0.036570 0.000430 -0.014388
v 0.037216 0.001024 -0.014185
v 0.036916 0.006254 -0.014295
v 0.037305 0.005679 -0.014095
v 0.036616 0.006387 -0.014487
v 0.036125 0.006934 -0.014381
v 0.036642 0.011535 -0.014283
v 0.036111 0.011668 -0.014623
v 0.036691 0.005409 -0.014334
v 0.036199 0.004903 -0.014333
v 0.036407 -0.004589 -0.014153
v 0.034457 -0.004735 -0.018265
v 0.034807 -0.003389 -0.018201
v 0.036423 -0.003381 -0.014325
v 0.038519 -0.011468 -0.014231
v 0.040879 -0.011476 -0.014081
v 0.036006 0.014896 -0.014445
v 0.036519 0.015178 -0.014261
v 0.036150 0.016606 -0.014142
v 0.035905 0.016619 -0.014309
v 0.036679 0.005511 -0.014415
v 0.036731 0.005628 -0.014421
v 0.034879 -0.003759 -0.018274
v 0.036762 -0.004019 -0.014073
v 0.034930 -0.003976 -0.018184
v 0.036786 -0.004392 -0.013957
v 0.034546 0.004717 -0.014411
v 0.036199 0.004903 -0.014333
v 0.036524 0.000692 -0.014687
v 0.036637 0.001337 -0.014522
v 0.032924 0.001859 -0.017676
v 0.034412 0.004725 -0.014491
v 0.034402 0.002224 -0.014527
v 0.034557 0.004431 -0.014154
v 0.034106 0.002452 -0.015178
v 0.032924 0.001859 -0.017676
v 0.039412 0.021873 -0.014982
v 0.038537 0.020216 -0.014352
v 0.036199 0.004903 -0.014333
v 0.036676 0.005471 -0.014391
v 0.034846 -0.003573 -0.018230
v 0.036763 -0.003682 -0.014130
v 0.037954 -0.010869 -0.014677
v 0.040620 -0.010830 -0.014477
v 0.034273 0.006780 -0.014808
v 0.034408 0.009584 -0.014482
v 0.034557 0.009681 -0.014458
v 0.035854 0.009847 -0.014387
v 0.039214 0.024828 -0.014506
v 0.037971 0.025624 -0.014448
v 0.036168 0.001860 -0.014500
v 0.035802 0.001909 -0.014592
v 0.037798 0.025889 -0.014631
v 0.034499 0.025928 -0.014170
v 0.036612 0.000541 -0.014467
v 0.036551 0.000638 -0.014614
v 0.037216 0.001024 -0.014185
v 0.037216 0.001024 -0.014185
v -0.039539 -0.030074 -0.017882
v -0.039539 -0.030074 -0.017882
v -0.038357 -0.032446 -0.013088
v -0.041232 -0.032405 -0.013172
v -0.057393 -0.031407 -0.015261
v -0.053912 -0.030013 -0.018051
v -0.053880 -0.033114 -0.011580
v -0.053996 0.030805 -0.016759
v -0.057517 0.031508 -0.015086
v -0.054016 0.033081 -0.011776
v 0.036448 0.005502 -0.014707
v 0.036683 0.005561 -0.014439
v 0.039725 0.024522 -0.014482
v 0.040580 0.024884 -0.014252
v 0.036589 0.005619 -0.014568
v 0.036500 0.006271 -0.014701
v 0.036008 0.016608 -0.014304
v 0.034595 0.016562 -0.018254
v 0.034357 0.000125 -0.014654
v 0.036083 0.000165 -0.014567
v 0.037706 0.026121 -0.014800
v 0.034491 0.026380 -0.014398
v 0.028872 0.032879 -0.021271
v 0.030960 0.033033 -0.019802
v 0.026660 0.036273 -0.013962
v 0.034595 0.016562 -0.018254
v 0.035107 0.016621 -0.014559
v 0.036592 0.000523 -0.014470
v 0.036215 0.000114 -0.014412
v 0.036519 0.000521 -0.014551
v 0.036215 0.000114 -0.014412
v -0.019538 -0.061561 -0.010599
v -0.013368 -0.061450 -0.017454
v -0.013149 -0.052129 -0.016657
v -0.017145 -0.052000 -0.013095
v 0.017193 -0.051792 -0.013941
v 0.012296 -0.051695 -0.018349
v 0.036199 0.004903 -0.014333
v 0.036534 0.005481 -0.014566
v 0.036539 0.000534 -0.014541
v 0.036639 0.000491 -0.014397
v 0.035977 0.006801 -0.014674
v 0.034273 0.006780 -0.014808
v 0.034330 0.014949 -0.014663
v 0.035900 0.014888 -0.014506
v 0.036359 0.016529 -0.014086
v 0.034595 0.016562 -0.018254
v 0.040751 0.022031 -0.014610
v 0.041046 0.023475 -0.014611
v 0.038008 0.026827 -0.014562
v 0.036856 0.027303 -0.014489
v 0.036215 0.000114 -0.014412
v 0.036493 0.000536 -0.014587
v 0.040904 -0.014874 -0.017450
v 0.043034 -0.015310 -0.012479
v 0.036092 0.005099 -0.014594
v 0.036448 0.005502 -0.014707
v 0.036306 0.026455 -0.014742
v 0.037996 0.026441 -0.014693
v 0.036606 0.010494 -0.014477
v 0.036632 0.011091 -0.014535
v 0.036524 0.000692 -0.014687
v 0.036540 0.000561 -0.014563
v 0.040844 0.023487 -0.014703
v 0.040580 0.024884 -0.014252
v 0.034301 0.005060 -0.014753
v 0.035984 0.005041 -0.014592
v 0.036518 0.011242 -0.014613
v 0.036111 0.011668 -0.014623
v 0.036769 0.026901 -0.014578
v 0.037901 0.026452 -0.014463
v 0.039205 0.024676 -0.014745
v 0.038170 0.025648 -0.014702
v 0.036526 0.026401 -0.014750
v 0.034298 0.026913 -0.014637
v 0.032631 -0.004808 -0.018363
v 0.032631 -0.004808 -0.018363
v 0.034530 -0.004825 -0.014267
v 0.034064 -0.009139 -0.015365
v 0.034247 -0.008711 -0.014950
v 0.036661 0.016291 -0.014087
v 0.034595 0.016562 -0.018254
v 0.032518 0.027988 -0.018199
v 0.034298 0.026913 -0.014637
v 0.035104 0.026934 -0.014983
v 0.034840 0.026951 -0.016917
v 0.034486 0.026939 -0.016331
v 0.031898 0.026948 -0.019322
v 0.036109 0.026747 -0.014781
v 0.034298 0.026913 -0.014637
v 0.036500 0.006271 -0.014701
v 0.036084 0.006735 -0.014674
v 0.040660 -0.015199 -0.018571
v 0.043034 -0.015310 -0.012479
v 0.042592 -0.015706 -0.014455
v 0.040436 -0.015701 -0.019992
v 0.025233 0.035880 -0.015505
v 0.025954 0.036245 -0.014324
v 0.028872 0.032879 -0.021271
v 0.028872 0.032879 -0.021271
v 0.039809 0.023930 -0.014788
v 0.039268 0.024725 -0.014584
v 0.038364 0.020155 -0.014399
v 0.038555 0.020247 -0.015213
v 0.035727 0.010105 -0.015046
v 0.036005 0.010010 -0.014532
v -0.059118 -0.027232 -0.019789
v -0.059018 -0.029553 -0.015970
v -0.059098 0.029190 -0.016700
v -0.059339 0.031662 -0.011099
v 0.035237 -0.004785 -0.014404
v 0.034457 -0.004735 -0.018265
v 0.035931 0.011662 -0.014839
v 0.034276 0.011728 -0.014805
v 0.034229 0.010050 -0.014920
v 0.035709 0.009996 -0.014768
v 0.035067 0.016142 -0.017625
v 0.036714 0.016146 -0.014165
v 0.035167 0.027300 -0.015609
v 0.036175 0.027064 -0.014793
v 0.036211 0.026769 -0.014760
v 0.036856 0.027303 -0.014489
v 0.040208 0.023838 -0.014746
v 0.040580 0.024884 -0.014252
v 0.033693 -0.004770 -0.018130
v 0.033372 -0.004777 -0.018384
v 0.034530 -0.004825 -0.014267
v 0.040610 0.022139 -0.014754
v 0.040824 0.023420 -0.014724
v 0.037634 -0.011741 -0.014731
v 0.037206 -0.011232 -0.015074
v 0.037745 -0.012431 -0.014351
v 0.037682 -0.030928 -0.014625
v 0.041213 -0.010235 -0.014447
v 0.040952 -0.008713 -0.014611
v 0.035802 0.001909 -0.014592
v 0.034536 0.002089 -0.014566
v -0.035742 -0.029312 -0.019128
v -0.037026 -0.036824 -0.016420
v -0.038357 -0.032446 -0.013088
v -0.039539 -0.030074 -0.017882
v -0.035742 -0.029312 -0.019128
v -0.038357 -0.032446 -0.013088
v 0.040927 -0.010205 -0.014632
v 0.040658 -0.008617 -0.014790
v 0.036555 0.015341 -0.014343
v 0.035280 0.015896 -0.017391
v 0.038203 -0.036436 -0.013253
v 0.035139 -0.036618 -0.020014
v 0.037682 -0.030928 -0.014625
v 0.042207 -0.023234 -0.017473
v 0.042513 -0.015886 -0.015042
v 0.044120 -0.025545 -0.012465
v 0.035280 0.015896 -0.017391
v 0.036635 0.015794 -0.014325
v 0.038055 0.025737 -0.014684
v 0.037706 0.026121 -0.014800
v 0.037206 -0.011232 -0.015074
v 0.037848 -0.011200 -0.014657
v 0.039170 0.021714 -0.015260
v 0.038537 0.020216 -0.014352
v -0.012804 -0.051956 -0.017487
v -0.019528 -0.051672 -0.011727
v 0.037707 -0.010570 -0.014792
v 0.040685 -0.010282 -0.014790
v 0.038859 0.025041 -0.015044
v 0.038267 0.025727 -0.014902
v 0.039831 0.022832 -0.014907
v 0.040168 0.022104 -0.014741
v 0.035177 -0.009092 -0.015007
v 0.040658 -0.008617 -0.014790
v 0.037844 0.026232 -0.014878
v 0.036306 0.026455 -0.014742
v 0.035817 0.001849 -0.014844
v 0.034153 0.001820 -0.015107
v 0.038582 0.020322 -0.014904
v 0.039085 0.021607 -0.015377
v -0.074738 0.030776 -0.019255
v -0.074907 0.034776 -0.011421
v 0.039717 0.021913 -0.014762
v 0.039831 0.022832 -0.014907
v 0.035968 0.001835 -0.014649
v 0.035910 0.001789 -0.015092
v 0.033071 -0.003083 -0.017477
v 0.035008 -0.003079 -0.014557
v 0.039831 0.022832 -0.014907
v 0.040187 0.023521 -0.014822
v 0.040225 0.022926 -0.014854
v 0.040610 0.022139 -0.014754
v 0.040510 -0.009520 -0.014799
v 0.036867 -0.010044 -0.015008
v 0.036483 -0.009746 -0.015018
v 0.040658 -0.008617 -0.014790
v 0.032520 0.000158 -0.021546
v 0.035341 0.000440 -0.016828
v 0.034528 0.001560 -0.018703
v 0.036024 0.001775 -0.014890
v 0.034281 0.005162 -0.018596
v 0.036149 0.005304 -0.014758
v 0.036186 0.006506 -0.014830
v 0.034019 0.006722 -0.019187
v 0.034373 0.010271 -0.018724
v 0.036212 0.010141 -0.014548
v 0.038050 0.026017 -0.014889
v 0.038309 0.026423 -0.015048
v 0.034686 0.010395 -0.018446
v 0.036393 0.010309 -0.014529
v 0.036347 0.001581 -0.014620
v 0.034528 0.001560 -0.018703
v 0.035254 0.000558 -0.017403
v 0.036098 0.000166 -0.014574
v 0.032967 0.015006 -0.020758
v 0.036174 0.015089 -0.014518
v -0.048853 0.033456 -0.014862
v -0.048853 0.033456 -0.014862
v -0.053922 0.031454 -0.018687
v -0.053922 0.031454 -0.018687
v -0.052852 0.034002 -0.013241
v -0.038105 0.033390 -0.016163
v 0.039588 0.023879 -0.014935
v 0.039205 0.024676 -0.014745
v 0.034646 0.011314 -0.018581
v 0.035961 0.011660 -0.014844
v 0.035001 0.005460 -0.017679
v 0.036448 0.005502 -0.014707
v 0.036274 0.011411 -0.014715
v 0.034646 0.011314 -0.018581
v 0.035929 0.010120 -0.014850
v 0.033736 0.010067 -0.019432
v 0.037461 -0.010962 -0.014912
v 0.036867 -0.010044 -0.015008
v 0.034378 0.006383 -0.018876
v 0.036500 0.006271 -0.014701
v 0.035254 0.000558 -0.017403
v 0.036363 0.000421 -0.014594
v 0.039561 0.023285 -0.015102
v 0.039809 0.023930 -0.014788
v 0.034305 0.001454 -0.019144
v 0.036519 0.001397 -0.014636
v -0.037393 0.033108 -0.016496
v -0.036451 0.032123 -0.018885
v 0.035254 0.000558 -0.017403
v 0.036505 0.001021 -0.014698
v 0.036454 0.005869 -0.014747
v 0.035237 0.005591 -0.017446
v 0.034688 0.010850 -0.018467
v 0.036455 0.011156 -0.014763
v 0.036513 0.010841 -0.014656
v 0.034686 0.010395 -0.018446
v 0.035394 0.000792 -0.017059
v 0.033566 0.001230 -0.020619
v 0.035087 0.005787 -0.017742
v 0.036500 0.006271 -0.014701
v 0.035881 -0.010411 -0.015718
v 0.036827 -0.010464 -0.015132
v -0.057517 0.031508 -0.015086
v -0.058301 0.030036 -0.016852
v 0.037612 -0.041275 -0.019631
v 0.040138 -0.041276 -0.013318
v 0.039039 0.021293 -0.015566
v 0.038555 0.020247 -0.015213
v 0.001909 0.037586 -0.021419
v 0.026555 0.037700 -0.014509
v 0.035089 0.000162 -0.014753
v 0.032520 0.000158 -0.021546
v 0.038436 0.026943 -0.014746
v 0.039586 0.026459 -0.015963
v 0.039458 0.021928 -0.014961
v 0.039831 0.022832 -0.014907
v 0.038222 0.026433 -0.014893
v 0.039586 0.026459 -0.015963
v 0.038774 0.025752 -0.015427
v 0.038362 0.025963 -0.015034
v 0.037501 -0.012057 -0.014828
v 0.037100 -0.011289 -0.015196
v 0.034578 0.033866 -0.018589
v 0.032265 0.033581 -0.021609
v 0.026555 0.037700 -0.014509
v 0.035011 0.005097 -0.014905
v 0.034301 0.005060 -0.014753
v 0.033544 0.005124 -0.018648
v 0.034281 0.005162 -0.018596
v 0.039288 0.021881 -0.015142
v 0.039605 0.022913 -0.015068
v -0.010776 -0.061602 -0.020267
v -0.010776 -0.061602 -0.020267
v -0.010776 -0.061602 -0.020267
v -0.010776 -0.061602 -0.020267
v -0.019538 -0.061561 -0.010599
v -0.021441 -0.051641 -0.025006
v -0.021441 -0.051641 -0.025006
v -0.021441 -0.051641 -0.025006
v -0.011558 -0.051648 -0.019579
v -0.011558 -0.051648 -0.019579
v -0.011558 -0.051648 -0.019579
v 0.023525 -0.051556 -0.023156
v 0.023525 -0.051556 -0.023156
v 0.031332 0.011709 -0.023281
v 0.034996 0.011693 -0.014959
v 0.031306 0.006824 -0.020513
v 0.033377 0.006749 -0.019309
v 0.032011 0.006792 -0.020386
v 0.034951 0.006746 -0.014929
v 0.035945 0.006700 -0.014894
v 0.034903 0.010076 -0.015091
v 0.033736 0.010067 -0.019432
v -0.058189 -0.030285 -0.016369
v -0.057396 -0.029600 -0.018503
v 0.035614 -0.009346 -0.015049
v 0.034315 -0.009147 -0.015229
v -0.011818 -0.060058 -0.016626
v -0.014234 -0.059531 -0.014144
v 0.011313 -0.059463 -0.016515
v 0.014326 -0.060164 -0.014744
v -0.012590 -0.052908 -0.016324
v -0.014230 -0.053741 -0.014155
v 0.014446 -0.053047 -0.014478
v 0.010832 -0.052462 -0.017785
v 0.011431 -0.053326 -0.016694
v 0.014234 -0.053686 -0.014139
v 0.034642 0.001812 -0.015259
v 0.032924 0.001859 -0.017676
v 0.031306 0.006824 -0.020513
v 0.034229 0.010050 -0.014920
v 0.034273 0.006780 -0.014808
v 0.032924 0.001859 -0.017676
v 0.031737 0.005057 -0.019808
v 0.034301 0.005060 -0.014753
v 0.038702 0.025521 -0.015256
v 0.038267 0.025727 -0.014902
v -0.011313 -0.053751 -0.016510
v -0.014230 -0.053741 -0.014155
v -0.014234 -0.059531 -0.014144
v -0.011502 -0.059507 -0.016377
v -0.011313 -0.053751 -0.016510
v -0.014234 -0.059531 -0.014144
v 0.014234 -0.053686 -0.014139
v 0.011313 -0.059463 -0.016515
v 0.014230 -0.059476 -0.014159
v 0.011502 -0.053707 -0.016372
v 0.011313 -0.059463 -0.016515
v 0.014234 -0.053686 -0.014139
v -0.024618 0.028345 -0.015415
v -0.022706 0.032778 -0.017541
v -0.024433 0.032756 -0.015084
v 0.035510 -0.009560 -0.015228
v 0.036867 -0.010044 -0.015008
v -0.018066 0.033910 -0.023939
v -0.022191 0.033814 -0.020287
v -0.016548 0.037573 -0.014293
v 0.036792 -0.011139 -0.015473
v 0.035881 -0.010411 -0.015718
v 0.041760 -0.041482 -0.019436
v 0.038010 -0.041470 -0.019451
v 0.038010 -0.041470 -0.019451
v 0.040700 -0.041485 -0.019888
v 0.038010 -0.041470 -0.019451
v 0.039006 0.024830 -0.015048
v 0.039104 0.024243 -0.015790
v 0.034606 -0.009817 -0.015683
v 0.035614 -0.009346 -0.015049
v 0.039028 0.020118 -0.016942
v 0.038448 0.020188 -0.015041
v -0.094086 0.030911 -0.020518
v -0.094638 0.033109 -0.014734
v -0.094298 0.033757 -0.014558
v -0.093806 0.031607 -0.020262
v 0.035737 -0.010259 -0.015649
v 0.036867 -0.010044 -0.015008
v -0.057396 -0.029600 -0.018503
v -0.053912 -0.030013 -0.018051
v -0.057393 -0.031407 -0.015261
v -0.053996 0.030805 -0.016759
v -0.057508 0.029720 -0.018342
v -0.057517 0.031508 -0.015086
v 0.042833 -0.024677 -0.016700
v 0.044120 -0.025545 -0.012465
v -0.024950 0.033746 -0.016843
v -0.023248 0.033211 -0.019436
v 0.030776 0.033938 -0.021795
v 0.026555 0.037700 -0.014509
v 0.039689 0.027310 -0.016280
v 0.040118 0.027312 -0.017127
v 0.039574 0.026888 -0.016032
v 0.038613 0.027306 -0.014760
v 0.040138 -0.041276 -0.013318
v 0.035139 -0.036618 -0.020014
v 0.038203 -0.036436 -0.013253
v 0.035335 0.027190 -0.015544
v 0.034840 0.026951 -0.016917
v 0.011422 -0.060211 -0.017076
v 0.014893 -0.061113 -0.015198
v 0.034500 -0.012411 -0.020971
v 0.037501 -0.012057 -0.014828
v 0.037682 -0.030928 -0.014625
v 0.035139 -0.036618 -0.020014
v 0.034500 -0.012411 -0.020971
v 0.037682 -0.030928 -0.014625
v 0.040034 0.030147 -0.017207
v 0.034578 0.033866 -0.018589
v 0.038816 0.030581 -0.018672
v 0.034578 0.033866 -0.018589
v -0.094155 -0.033381 -0.015737
v -0.094209 -0.034908 -0.012399
v -0.075414 0.033138 -0.017086
v -0.075008 0.034833 -0.012387
v 0.039179 0.024008 -0.015505
v 0.039205 0.024676 -0.014745
v 0.039204 0.021791 -0.015242
v 0.039287 0.023395 -0.015343
v -0.092965 0.034121 -0.016824
v -0.093806 0.031607 -0.020262
v 0.039104 0.024243 -0.015790
v 0.038813 0.025236 -0.015291
v 0.038555 0.020247 -0.015213
v 0.039074 0.020821 -0.015881
v 0.011746 -0.052050 -0.017988
v 0.014794 -0.052456 -0.014672
v -0.020650 0.030093 -0.017942
v -0.023429 0.028792 -0.014273
v 0.029703 0.034097 -0.022209
v 0.003479 0.037497 -0.021596
v 0.026555 0.037700 -0.014509
v 0.032353 0.019883 -0.018650
v 0.039028 0.020118 -0.016942
v 0.038110 0.020061 -0.014348
v 0.038641 0.026040 -0.015362
v 0.039416 0.026460 -0.016703
v 0.039469 0.026458 -0.016196
v 0.038309 0.026423 -0.015048
v -0.093112 -0.033812 -0.017371
v -0.092222 -0.035711 -0.014349
v -0.076091 0.033749 -0.017316
v -0.076844 0.035701 -0.014110
v 0.039073 0.021473 -0.015502
v 0.039287 0.023395 -0.015343
v 0.039044 0.021171 -0.015707
v 0.039217 0.023614 -0.015507
v -0.019625 0.028749 -0.020772
v -0.023444 0.028759 -0.015479
v -0.019656 0.028790 -0.019689
v -0.023429 0.028792 -0.014273
v -0.092379 -0.033333 -0.019113
v -0.076646 -0.034261 -0.017383
v -0.092222 -0.035711 -0.014349
v -0.076840 0.033278 -0.019058
v -0.092573 0.034203 -0.017326
v -0.076844 0.035701 -0.014110
v 0.038945 0.025447 -0.015689
v 0.039416 0.026460 -0.016703
v 0.037065 -0.041027 -0.019962
v 0.035139 -0.036618 -0.020014
v 0.040138 -0.041276 -0.013318
v 0.038758 0.020120 -0.017538
v 0.032353 0.019883 -0.018650
v -0.029973 0.028394 -0.017278
v -0.030038 0.031075 -0.012933
v -0.030747 0.029081 -0.018260
v -0.030038 0.031075 -0.012933
v -0.021874 0.028355 -0.021300
v -0.027190 0.028339 -0.013979
v -0.026148 0.033472 -0.015264
v -0.023248 0.033211 -0.019436
v -0.021874 0.028355 -0.021300
v -0.026148 0.033472 -0.015264
v -0.035290 -0.036802 -0.019855
v -0.037026 -0.036824 -0.016420
v -0.035742 -0.029312 -0.019128
v -0.020287 0.031648 -0.019771
v -0.023016 0.032639 -0.016038
v -0.020759 0.031067 -0.019593
v -0.023196 0.031799 -0.016247
v 0.033071 -0.003083 -0.017477
v 0.031112 0.000107 -0.020867
v 0.034357 0.000125 -0.014654
v 0.031835 0.000132 -0.021121
v 0.031731 0.000130 -0.021231
v 0.034357 0.000125 -0.014654
v -0.000059 0.028407 -0.026091
v -0.011025 0.028378 -0.023506
v -0.016978 0.035238 -0.016051
v -0.013914 0.036198 -0.016055
v -0.013914 0.036198 -0.016055
v -0.016965 0.028360 -0.016056
v -0.016965 0.028360 -0.016056
v -0.016965 0.028360 -0.016056
v 0.000075 0.036233 -0.016050
v 0.000079 0.036235 -0.016050
v 0.025208 0.028442 -0.016056
v 0.025146 0.035871 -0.016050
v -0.022706 0.032778 -0.017541
v -0.020479 0.032776 -0.020051
v -0.016978 0.035238 -0.016051
v -0.020479 0.032776 -0.020051
v -0.016188 0.035422 -0.016239
v 0.020024 0.036266 -0.016050
v 0.028872 0.032879 -0.021271
v 0.025194 0.035661 -0.016051
v -0.020479 0.032776 -0.020051
v -0.016092 0.032845 -0.023645
v -0.013914 0.036198 -0.016055
v 0.002104 0.036274 -0.020767
v 0.005756 0.032848 -0.027877
v 0.020024 0.036266 -0.016050
v 0.005756 0.032848 -0.027877
v 0.028872 0.032879 -0.021271
v 0.020024 0.036266 -0.016050
v -0.013914 0.036198 -0.016055
v -0.006121 0.036218 -0.020342
v -0.006121 0.036218 -0.020342
v -0.006121 0.036218 -0.020342
v 0.000075 0.036233 -0.016050
v 0.000075 0.036233 -0.016050
v 0.000113 0.036237 -0.019951
v 0.000344 0.036237 -0.020237
v 0.000127 0.036601 -0.019922
v 0.000075 0.036233 -0.016050
v 0.008296 0.036252 -0.018933
v 0.020024 0.036266 -0.016050
v 0.008447 0.036250 -0.016050
v 0.008297 0.036615 -0.018860
v 0.008447 0.036250 -0.016050
v 0.007005 0.036259 -0.019340
v 0.020024 0.036266 -0.016050
v -0.049674 -0.031397 -0.019239
v -0.050045 -0.033676 -0.014517
v -0.026484 0.028285 -0.023539
v -0.029763 0.028358 -0.016712
v -0.027190 0.028339 -0.013979
v -0.021874 0.028355 -0.021300
v -0.021874 0.028355 -0.021300
v -0.026484 0.028285 -0.023539
v -0.026484 0.028285 -0.023539
v -0.027190 0.028339 -0.013979
v -0.018528 0.028363 -0.022290
v -0.018528 0.028363 -0.022290
v -0.017922 0.028364 -0.022512
v -0.022285 0.028470 -0.017848
v -0.019625 0.028749 -0.020772
v -0.021065 0.031020 -0.018149
v -0.023536 0.031054 -0.016213
v -0.048746 -0.032287 -0.018934
v -0.050045 -0.033676 -0.014517
v 0.039044 0.021171 -0.015707
v 0.039171 0.024532 -0.015992
v 0.032600 -0.010142 -0.021207
v 0.035261 -0.010133 -0.015778
v 0.039165 0.020913 -0.016019
v 0.039416 0.026460 -0.016703
v 0.038555 0.020247 -0.015213
v 0.039169 0.020350 -0.016533
v 0.011036 -0.061087 -0.018127
v 0.015464 -0.061257 -0.015237
v 0.042207 -0.023234 -0.017473
v 0.040255 -0.020634 -0.021187
v 0.042513 -0.015886 -0.015042
v -0.008256 -0.053726 -0.018273
v -0.011313 -0.053751 -0.016510
v -0.011502 -0.059507 -0.016377
v -0.008265 -0.059516 -0.018269
v -0.008256 -0.053726 -0.018273
v -0.011502 -0.059507 -0.016377
v 0.011502 -0.053707 -0.016372
v 0.008256 -0.059484 -0.018278
v 0.011313 -0.059463 -0.016515
v 0.008265 -0.053694 -0.018265
v 0.008256 -0.059484 -0.018278
v 0.011502 -0.053707 -0.016372
v 0.034591 -0.010949 -0.019335
v 0.035881 -0.010411 -0.015718
v -0.053998 0.028307 -0.020724
v -0.057508 0.029720 -0.018342
v -0.053996 0.030805 -0.016759
v 0.030092 -0.009763 -0.022267
v 0.032631 -0.004808 -0.018363
v 0.033903 -0.009750 -0.015737
v 0.039636 0.027312 -0.018126
v 0.039868 0.027312 -0.017879
v 0.040229 0.027570 -0.016687
v 0.040191 0.030045 -0.016175
v 0.036239 -0.010777 -0.015748
v 0.035075 -0.011293 -0.019215
v -0.053806 -0.028174 -0.023197
v -0.053878 -0.030608 -0.017758
v 0.040255 -0.020634 -0.021187
v 0.040436 -0.015701 -0.019992
v 0.042513 -0.015886 -0.015042
v -0.011571 -0.060092 -0.016829
v -0.008265 -0.059516 -0.018269
v 0.008256 -0.059484 -0.018278
v 0.010858 -0.060260 -0.017489
v -0.008256 -0.053726 -0.018273
v -0.011619 -0.053296 -0.016670
v 0.010851 -0.052988 -0.017341
v 0.008265 -0.053694 -0.018265
v 0.040096 0.029914 -0.017678
v 0.040086 0.030221 -0.016620
v 0.010666 -0.061253 -0.018847
v 0.017044 -0.061557 -0.015014
v 0.036954 -0.011499 -0.015419
v 0.035075 -0.011293 -0.019215
v -0.059487 -0.022771 -0.023706
v -0.059487 -0.022771 -0.023706
v -0.059510 -0.029214 -0.014875
v -0.059577 -0.016691 -0.018582
v -0.059577 -0.016691 -0.018582
v -0.059577 -0.016691 -0.018582
v -0.074714 0.023617 -0.027484
v -0.074714 0.023617 -0.027484
v -0.031016 -0.053309 -0.021080
v -0.034334 -0.053690 -0.017269
v 0.034953 -0.011701 -0.019681
v 0.037501 -0.012057 -0.014828
v 0.029940 0.009970 -0.022478
v 0.034229 0.010050 -0.014920
v 0.031306 0.006824 -0.020513
v 0.029956 0.014910 -0.022441
v 0.034330 0.014949 -0.014663
v 0.034276 0.011728 -0.014805
v 0.031248 0.012611 -0.020355
v 0.034276 0.011728 -0.014805
v 0.031547 0.011744 -0.020789
v 0.034276 0.011728 -0.014805
v -0.053806 -0.028174 -0.023197
v -0.050207 -0.031015 -0.019436
v -0.053794 -0.033327 -0.014960
v -0.050207 -0.031015 -0.019436
v -0.050045 -0.033676 -0.014517
v -0.053794 -0.033327 -0.014960
v -0.038105 0.033390 -0.016163
v -0.036451 0.032123 -0.018885
v -0.053922 0.031454 -0.018687
v -0.018528 0.028363 -0.022290
v -0.020479 0.032776 -0.020051
v -0.024618 0.028345 -0.015415
v -0.022148 0.032505 -0.018172
v -0.024618 0.028345 -0.015415
v -0.038492 -0.041633 -0.025573
v 0.039582 0.026461 -0.017609
v 0.039464 0.026461 -0.017379
v 0.039582 0.026461 -0.017609
v 0.039466 0.026460 -0.016608
v 0.039582 0.026461 -0.017609
v 0.039635 0.026869 -0.016238
v 0.035167 0.027300 -0.015609
v 0.034947 0.027062 -0.017057
v 0.034698 0.027304 -0.018004
v 0.033925 0.027307 -0.018638
v 0.035772 0.027305 -0.018600
v 0.039529 0.026855 -0.017704
v 0.039689 0.027310 -0.016280
v 0.039423 0.027311 -0.018126
v -0.008679 -0.052856 -0.018747
v -0.013149 -0.052129 -0.016657
v 0.030550 0.032743 -0.016714
v 0.029830 0.028775 -0.017291
v 0.040141 0.029800 -0.017127
v 0.040242 0.027313 -0.017853
v 0.039118 0.020261 -0.017024
v 0.039308 0.020504 -0.016388
v 0.029449 0.032436 -0.017802
v 0.028722 0.028451 -0.018434
v 0.029141 0.032742 -0.019391
v 0.029328 0.032743 -0.019241
v 0.029327 0.027329 -0.023022
v 0.029327 0.027329 -0.023022
v 0.039273 0.020534 -0.016914
v 0.039416 0.026460 -0.016703
v 0.017702 -0.061559 -0.033075
v 0.017702 -0.061559 -0.033075
v 0.017702 -0.061559 -0.033075
v 0.009103 -0.061564 -0.020836
v 0.009103 -0.061564 -0.020836
v -0.015228 -0.051625 -0.029282
v -0.015228 -0.051625 -0.029282
v 0.026889 -0.047757 -0.026370
v 0.032352 -0.061542 -0.019056
v 0.028844 -0.047755 -0.023977
v 0.033279 -0.047752 -0.017162
v -0.040427 -0.041644 -0.016778
v -0.038492 -0.041633 -0.025573
v -0.038492 -0.041633 -0.025573
v -0.039539 -0.030074 -0.017882
v -0.039539 -0.030074 -0.017882
v 0.032365 0.005087 -0.019769
v 0.031124 0.005086 -0.023433
v 0.032155 0.016123 -0.022700
v 0.034838 0.016290 -0.017966
v 0.032911 0.015250 -0.021165
v 0.036519 0.015178 -0.014261
v 0.032571 0.015790 -0.022087
v 0.035280 0.015896 -0.017391
v 0.032793 0.015564 -0.021773
v 0.035445 0.015697 -0.016862
v -0.032208 -0.047876 -0.019297
v -0.031016 -0.053309 -0.021080
v -0.034425 -0.053340 -0.015030
v 0.031483 0.016701 -0.020065
v 0.032353 0.019883 -0.018650
v 0.034438 0.016635 -0.014438
v 0.033840 0.016603 -0.018281
v 0.034438 0.016635 -0.014438
v 0.031809 0.027816 -0.019432
v 0.032701 0.028718 -0.017903
v 0.032967 0.015006 -0.020758
v 0.032089 0.014973 -0.020994
v 0.032967 0.015006 -0.020758
v 0.035028 0.014980 -0.014767
v 0.034330 0.014949 -0.014663
v 0.030112 0.014929 -0.022999
v 0.029940 0.009970 -0.022478
v 0.033486 0.010054 -0.018742
v -0.037662 -0.053919 -0.027543
v 0.034771 0.011424 -0.017923
v 0.031332 0.011709 -0.023281
v 0.042305 -0.041480 -0.018904
v 0.040862 -0.014885 -0.017558
v 0.032884 0.000278 -0.021208
v 0.035254 0.000558 -0.017403
v -0.035290 -0.036802 -0.019855
v -0.036319 -0.041369 -0.021622
v -0.037026 -0.036824 -0.016420
v -0.036319 -0.041369 -0.021622
v -0.039102 -0.041549 -0.016333
v -0.037026 -0.036824 -0.016420
v 0.034511 0.005307 -0.018374
v 0.033178 0.005595 -0.021140
v -0.011356 0.037673 -0.018138
v -0.018066 0.033910 -0.023939
v -0.016548 0.037573 -0.014293
v 0.033178 0.005595 -0.021140
v 0.034738 0.005947 -0.018436
v 0.033391 0.001047 -0.020859
v 0.035254 0.000558 -0.017403
v 0.033097 0.000561 -0.021152
v 0.035254 0.000558 -0.017403
v 0.033143 0.010878 -0.021169
v 0.034686 0.010395 -0.018446
v 0.033174 0.011094 -0.021126
v 0.034631 0.010890 -0.018577
v -0.059375 0.028088 -0.017637
v -0.059221 0.026116 -0.021246
v 0.038622 0.020125 -0.018021
v 0.039108 0.020317 -0.017330
v 0.039235 0.020469 -0.017456
v 0.038940 0.026276 -0.017644
v 0.038441 0.026459 -0.018785
v 0.038426 0.026459 -0.018633
v 0.038405 0.026459 -0.018842
v 0.003510 0.032700 -0.027105
v 0.031096 0.029166 -0.018026
v 0.031647 0.031081 -0.017362
v 0.030324 0.030373 -0.018770
v 0.031647 0.031081 -0.017362
v 0.038725 0.020382 -0.018084
v 0.039235 0.020469 -0.017456
v 0.029911 0.031027 -0.019155
v 0.031647 0.031081 -0.017362
v 0.038958 0.020644 -0.017937
v 0.038426 0.026459 -0.018633
v -0.024853 -0.034650 -0.021657
v -0.029209 -0.034664 -0.015500
v -0.026125 -0.051654 -0.020213
v 0.027634 -0.034552 -0.017872
v 0.023525 -0.051556 -0.023156
v 0.027666 -0.051552 -0.017886
v 0.022890 -0.034556 -0.023736
v 0.023525 -0.051556 -0.023156
v 0.027634 -0.034552 -0.017872
v 0.030441 0.031133 -0.019633
v 0.031647 0.031081 -0.017362
v 0.030986 0.031164 -0.019876
v 0.032121 0.031125 -0.017728
v -0.074899 -0.033131 -0.016069
v -0.074608 -0.027603 -0.023618
v -0.011970 -0.060838 -0.017223
v -0.008053 -0.060046 -0.018703
v 0.008710 -0.053222 -0.018345
v 0.006306 -0.052088 -0.020240
v -0.010955 -0.051822 -0.019223
v -0.013149 -0.052129 -0.016657
v -0.022977 0.033430 -0.019605
v -0.024746 0.033889 -0.017076
v -0.058251 -0.027621 -0.020292
v -0.059118 -0.027232 -0.019789
v -0.057396 -0.029600 -0.018503
v -0.057973 -0.029482 -0.017964
v -0.057873 0.029654 -0.017997
v -0.057544 0.027744 -0.021165
v -0.058288 0.027159 -0.021010
v -0.058803 0.029907 -0.016505
v 0.035119 0.026952 -0.017918
v 0.031898 0.026948 -0.019322
v 0.035191 0.027196 -0.017853
v 0.036039 0.026955 -0.018867
v 0.038423 0.026460 -0.019044
v 0.039408 0.026907 -0.017993
v 0.034302 -0.009819 -0.015756
v 0.030092 -0.009763 -0.022267
v -0.016092 0.032845 -0.023645
v -0.006121 0.036218 -0.020342
v -0.013914 0.036198 -0.016055
v 0.040424 -0.015407 -0.019486
v 0.038029 -0.014735 -0.023487
v 0.032626 0.031643 -0.017729
v 0.030986 0.031164 -0.019876
v 0.030577 0.031863 -0.019853
v 0.032792 0.032748 -0.016896
v 0.040242 0.027313 -0.017853
v 0.039830 0.029760 -0.018183
v -0.034085 0.027835 -0.021266
v -0.036674 0.031137 -0.016143
v -0.031987 0.029989 -0.018104
v 0.038029 -0.014735 -0.023487
v 0.040292 -0.014771 -0.018260
v 0.041324 -0.024048 -0.021448
v 0.040255 -0.020634 -0.021187
v 0.042207 -0.023234 -0.017473
v 0.008120 -0.060076 -0.018745
v 0.011036 -0.061087 -0.018127
v -0.034085 0.027835 -0.021266
v -0.036380 0.031692 -0.016698
v 0.038402 0.030729 -0.019203
v 0.034875 0.033087 -0.019689
v 0.039494 0.029979 -0.018611
v 0.038402 0.030729 -0.019203
v 0.037507 -0.014561 -0.023849
v 0.039993 -0.014662 -0.018421
v 0.037963 0.020350 -0.018710
v 0.038595 0.020428 -0.018254
v 0.029919 -0.009791 -0.023001
v 0.034782 -0.009897 -0.015732
v 0.032021 -0.010053 -0.021586
v 0.034782 -0.009897 -0.015732
v -0.094058 -0.029449 -0.022829
v -0.093955 -0.033387 -0.016367
v -0.075087 -0.028852 -0.023270
v -0.075040 -0.033089 -0.017119
v 0.032353 0.019883 -0.018650
v 0.038216 0.020248 -0.018406
v 0.038748 0.027310 -0.019164
v 0.039033 0.027311 -0.019366
v 0.031230 0.028446 -0.019948
v 0.032701 0.028718 -0.017903
v 0.030065 0.028637 -0.020615
v 0.032701 0.028718 -0.017903
v 0.029911 0.028847 -0.020708
v 0.042458 -0.024059 -0.017429
v 0.041324 -0.024048 -0.021448
v 0.038919 -0.014533 -0.018595
v 0.036098 -0.014179 -0.025282
v 0.039104 -0.014648 -0.018487
v 0.039566 -0.023715 -0.019003
v -0.014535 0.033858 -0.026218
v -0.018066 0.033910 -0.023939
v -0.011356 0.037673 -0.018138
v -0.041357 -0.054284 -0.021791
v -0.044895 -0.053945 -0.012806
v 0.032182 0.020032 -0.018947
v 0.037963 0.020350 -0.018710
v 0.031020 0.032807 -0.019926
v 0.032772 0.032867 -0.018066
v 0.011306 -0.052152 -0.018062
v 0.006306 -0.052088 -0.020240
v -0.075014 0.031287 -0.019133
v -0.075531 0.029641 -0.023078
v 0.032398 0.028622 -0.018846
v 0.031526 0.028419 -0.019879
v 0.031738 0.032336 -0.019321
v 0.032772 0.032867 -0.018066
v -0.026484 0.028285 -0.023539
v -0.030048 0.028101 -0.018772
v 0.028627 0.028907 -0.019962
v 0.030299 0.028978 -0.018778
v 0.039074 -0.022809 -0.018962
v 0.038144 -0.014441 -0.018546
v -0.003620 -0.053800 -0.019674
v -0.008256 -0.053726 -0.018273
v -0.008265 -0.059516 -0.018269
v -0.004918 -0.059492 -0.019388
v -0.003620 -0.053800 -0.019674
v -0.008265 -0.059516 -0.018269
v 0.008265 -0.053694 -0.018265
v 0.003620 -0.059408 -0.019678
v 0.008256 -0.059484 -0.018278
v 0.004918 -0.053717 -0.019383
v 0.003620 -0.059408 -0.019678
v 0.008265 -0.053694 -0.018265
v 0.039809 -0.041486 -0.020307
v 0.035184 0.027303 -0.018002
v 0.036173 0.027079 -0.018909
v 0.038367 0.020576 -0.018519
v 0.038426 0.026459 -0.018633
v 0.031526 0.028419 -0.019879
v 0.033118 0.027838 -0.018555
v 0.038435 -0.022329 -0.019133
v 0.038144 -0.014441 -0.018546
v 0.038351 0.026903 -0.019012
v 0.039423 0.027311 -0.018126
v 0.039579 0.027593 -0.018683
v 0.039456 0.029889 -0.018834
v 0.038628 0.030347 -0.019300
v 0.039456 0.029889 -0.018834
v 0.029403 0.028876 -0.020247
v 0.031492 0.028894 -0.017654
v -0.094058 -0.029449 -0.022829
v -0.092847 -0.033368 -0.018471
v -0.075873 -0.033602 -0.017410
v -0.076706 -0.031464 -0.021982
v -0.076182 -0.030863 -0.022222
v -0.075040 -0.033089 -0.017119
v -0.092573 0.034203 -0.017326
v -0.093295 0.031660 -0.020710
v -0.075531 0.029641 -0.023078
v -0.076396 0.033317 -0.018446
v 0.040699 -0.014909 -0.017990
v 0.041919 -0.041469 -0.019347
v 0.015955 -0.051566 -0.028883
v 0.012296 -0.051695 -0.018349
v 0.017565 -0.051595 -0.014650
v 0.015955 -0.051566 -0.028883
v -0.057422 -0.027560 -0.021392
v -0.053912 -0.030013 -0.018051
v -0.057396 -0.029600 -0.018503
v -0.053998 0.028307 -0.020724
v -0.057544 0.027744 -0.021165
v -0.057508 0.029720 -0.018342
v 0.030473 0.027342 -0.021482
v 0.031727 0.019338 -0.019621
v 0.032128 0.019997 -0.018986
v 0.031483 0.016701 -0.020065
v 0.037963 0.020350 -0.018710
v 0.037417 0.026281 -0.018795
v 0.036305 0.026455 -0.018973
v -0.016593 0.030990 -0.021710
v -0.019838 0.029715 -0.018801
v -0.020704 0.031038 -0.018951
v -0.016593 0.030990 -0.021710
v -0.042038 -0.032487 -0.018987
v -0.048284 -0.032770 -0.018897
v -0.012586 -0.061039 -0.017123
v -0.006306 -0.061119 -0.020247
v -0.016092 0.032845 -0.023645
v -0.011099 0.033018 -0.026082
v -0.006121 0.036218 -0.020342
v -0.092845 -0.030967 -0.022149
v -0.092379 -0.033333 -0.019113
v -0.076466 0.030943 -0.022229
v -0.076840 0.033278 -0.019058
v -0.042021 -0.032015 -0.019038
v -0.041855 -0.032921 -0.019010
v -0.005947 -0.060291 -0.019692
v -0.008265 -0.059516 -0.018269
v 0.003620 -0.059408 -0.019678
v 0.006524 -0.060440 -0.019631
v -0.003620 -0.053800 -0.019674
v -0.008306 -0.053040 -0.018770
v 0.005948 -0.052917 -0.019686
v 0.008265 -0.053694 -0.018265
v 0.040980 -0.041473 -0.019874
v 0.039993 -0.014662 -0.018421
v -0.048607 -0.032291 -0.019020
v -0.042148 -0.032085 -0.018966
v 0.037963 0.020350 -0.018710
v 0.031919 0.020202 -0.019296
v 0.036305 0.026455 -0.018973
v 0.031919 0.020202 -0.019296
v 0.031898 0.026948 -0.019322
v 0.036305 0.026455 -0.018973
v 0.031898 0.026948 -0.019322
v 0.036144 0.026722 -0.018918
v 0.036195 0.026815 -0.018935
v 0.036633 0.027306 -0.019159
v 0.039724 -0.021734 -0.018868
v 0.040428 -0.041486 -0.019957
v 0.035075 -0.011293 -0.019215
v 0.032766 -0.010543 -0.021689
v 0.028726 0.032741 -0.018527
v 0.004048 0.032699 -0.025626
v 0.028722 0.028451 -0.018434
v 0.004048 0.032699 -0.025626
v 0.003939 0.028409 -0.025499
v 0.028722 0.028451 -0.018434
v 0.039237 -0.023747 -0.019229
v 0.038742 -0.022297 -0.018940
v -0.047749 -0.033634 -0.019367
v -0.041855 -0.032921 -0.019010
v -0.042446 -0.041603 -0.023991
v -0.041855 -0.032921 -0.019010
v -0.043135 -0.041644 -0.023980
v -0.047573 -0.034411 -0.019787
v -0.041855 -0.032921 -0.019010
v -0.041810 -0.031702 -0.019181
v -0.041497 -0.032587 -0.019238
v -0.076706 -0.031464 -0.021982
v -0.076646 -0.034261 -0.017383
v -0.092379 -0.033333 -0.019113
v -0.092383 -0.031353 -0.022189
v -0.076706 -0.031464 -0.021982
v -0.092379 -0.033333 -0.019113
v -0.076840 0.033278 -0.019058
v -0.092513 0.031414 -0.021930
v -0.092573 0.034203 -0.017326
v -0.076836 0.031303 -0.022137
v -0.092513 0.031414 -0.021930
v -0.076840 0.033278 -0.019058
v 0.038425 -0.022421 -0.019179
v 0.038723 -0.023787 -0.019720
v 0.000030 0.032692 -0.026090
v 0.004048 0.032699 -0.025626
v 0.038807 -0.023874 -0.019636
v 0.038742 -0.022297 -0.018940
v 0.040350 -0.014794 -0.018204
v 0.041534 -0.041484 -0.019792
v 0.039033 0.027311 -0.019366
v 0.039092 0.029939 -0.019101
v -0.049214 -0.031667 -0.019183
v -0.041997 -0.031902 -0.019069
v 0.036575 0.026887 -0.019071
v 0.038423 0.026460 -0.019044
v 0.038611 -0.025084 -0.036276
v 0.043061 -0.025391 -0.016652
v 0.038114 0.027027 -0.019099
v 0.036633 0.027306 -0.019159
v 0.029327 0.027329 -0.023022
v 0.029327 0.027329 -0.023022
v 0.038510 0.027310 -0.019243
v 0.037205 0.027307 -0.019169
v -0.003791 -0.053091 -0.020080
v -0.008760 -0.052118 -0.019316
v 0.040008 -0.041471 -0.020280
v 0.039566 -0.023715 -0.019003
v 0.003950 0.036994 -0.020234
v 0.003950 0.036994 -0.020234
v 0.008265 0.036633 -0.018915
v -0.030567 0.028114 -0.019423
v -0.030546 0.026565 -0.021486
v -0.049597 -0.031382 -0.019296
v -0.042389 -0.031156 -0.019721
v 0.003490 0.036736 -0.020365
v 0.008296 0.036252 -0.018933
v 0.034660 -0.013925 -0.024181
v 0.038121 -0.022396 -0.019334
v 0.038144 -0.014441 -0.018546
v 0.035386 -0.014052 -0.024592
v 0.038144 -0.014441 -0.018546
v -0.041361 -0.031849 -0.019510
v -0.041088 -0.032561 -0.019456
v -0.041477 -0.032763 -0.019241
v -0.041769 -0.041641 -0.024047
v -0.001269 -0.059491 -0.020001
v -0.003620 -0.053800 -0.019674
v -0.004918 -0.059492 -0.019388
v 0.001270 -0.053717 -0.019996
v 0.003620 -0.059408 -0.019678
v 0.004918 -0.053717 -0.019383
v 0.029711 0.029244 -0.019246
v 0.030103 0.030994 -0.018995
v 0.028627 0.028907 -0.019962
v 0.029572 0.030953 -0.019449
v 0.039231 -0.023875 -0.019283
v 0.039588 -0.041487 -0.020606
v 0.034905 -0.003315 -0.017662
v 0.031977 -0.003115 -0.022299
v -0.010116 -0.061475 -0.019924
v -0.014004 -0.061381 -0.016774
v 0.008547 -0.061390 -0.020410
v 0.011036 -0.061087 -0.018127
v -0.057422 -0.027560 -0.021392
v -0.053891 -0.025958 -0.023516
v -0.053912 -0.030013 -0.018051
v 0.033539 0.001843 -0.017263
v 0.029461 0.001908 -0.023017
v 0.029461 0.001908 -0.023017
v 0.031737 0.005057 -0.019808
v 0.032924 0.001859 -0.017676
v 0.030975 0.027693 -0.020718
v 0.031919 0.020202 -0.019296
v 0.031751 0.027454 -0.019542
v 0.031919 0.020202 -0.019296
v -0.042153 -0.031410 -0.019470
v -0.049214 -0.031667 -0.019183
v -0.006855 0.037504 -0.020833
v -0.014535 0.033858 -0.026218
v -0.011356 0.037673 -0.018138
v -0.018631 0.032054 -0.021194
v -0.020759 0.031067 -0.019593
v -0.032411 0.025744 -0.023844
v -0.031467 0.029749 -0.018030
v -0.031089 0.026519 -0.021923
v -0.030921 0.029558 -0.017876
v 0.029407 0.016685 -0.025584
v 0.032260 0.016661 -0.019842
v -0.041331 -0.041604 -0.024477
v -0.041088 -0.032561 -0.019456
v 0.031775 -0.004615 -0.022962
v 0.034680 -0.004475 -0.018221
v -0.032522 0.029318 -0.023513
v -0.036529 0.032612 -0.016888
v 0.032003 -0.003289 -0.022537
v 0.034807 -0.003389 -0.018201
v 0.034530 -0.011991 -0.020610
v 0.032643 -0.011115 -0.022985
v 0.031847 -0.004391 -0.022990
v 0.034968 -0.004173 -0.018121
v 0.031971 -0.003824 -0.022926
v 0.034968 -0.004173 -0.018121
v 0.032009 -0.003494 -0.022859
v 0.034917 -0.003957 -0.018208
v -0.013787 0.028374 -0.025149
v -0.015335 0.028371 -0.024132
v -0.019982 0.028629 -0.020329
v -0.015592 0.028370 -0.023900
v -0.017143 0.031034 -0.022090
v -0.020759 0.031067 -0.019593
v -0.053842 -0.027391 -0.023154
v -0.053891 -0.025958 -0.023516
v -0.053858 -0.026687 -0.023529
v -0.053912 -0.030013 -0.018051
v -0.053953 0.031043 -0.018086
v -0.053998 0.028307 -0.020724
v 0.034840 -0.003575 -0.018243
v 0.032009 -0.003494 -0.022859
v 0.029352 0.031120 -0.020163
v 0.030986 0.031164 -0.019876
v -0.037942 0.028419 -0.023897
v -0.053922 0.031454 -0.018687
v -0.036451 0.032123 -0.018885
v 0.038121 -0.022396 -0.019334
v 0.038525 -0.023558 -0.019874
v -0.033484 0.027512 -0.021619
v -0.031987 0.029989 -0.018104
v 0.031706 0.016281 -0.023038
v 0.034595 0.016562 -0.018254
v -0.074589 -0.010416 -0.022693
v -0.059577 -0.016691 -0.018582
v -0.074576 -0.017263 -0.018082
v -0.074634 -0.012616 -0.033996
v -0.074634 -0.012616 -0.033996
v -0.074634 -0.012616 -0.033996
v -0.074634 -0.012616 -0.033996
v -0.074589 -0.010416 -0.022693
v -0.074589 -0.010416 -0.022693
v -0.059591 -0.009710 -0.022989
v -0.059591 -0.009710 -0.022989
v -0.059520 -0.012110 -0.030509
v -0.059520 -0.012110 -0.030509
v -0.059520 -0.012110 -0.030509
v -0.074589 -0.010416 -0.022693
v -0.059591 -0.009710 -0.022989
v -0.059577 -0.016691 -0.018582
v -0.059643 0.017274 -0.018054
v -0.059629 0.010434 -0.022676
v -0.074642 0.016702 -0.018554
v -0.059629 0.010434 -0.022676
v -0.074628 0.009729 -0.022973
v -0.074642 0.016702 -0.018554
v -0.074628 0.009729 -0.022973
v -0.074628 0.009729 -0.022973
v -0.074647 0.012460 -0.033710
v -0.074647 0.012460 -0.033710
v -0.074647 0.012460 -0.033710
v -0.074642 0.016702 -0.018554
v -0.074647 0.012460 -0.033710
v -0.059583 0.019878 -0.026142
v -0.059583 0.019878 -0.026142
v -0.059629 0.010434 -0.022676
v -0.059629 0.010434 -0.022676
v -0.059629 0.010434 -0.022676
v -0.059643 0.017274 -0.018054
v -0.059619 0.027567 -0.017716
v -0.042073 -0.029855 -0.021658
v -0.042174 -0.031311 -0.019587
v 0.029827 0.001872 -0.023774
v 0.029787 0.001860 -0.024356
v 0.035910 0.001789 -0.015092
v 0.034660 -0.013925 -0.024181
v 0.035950 -0.022085 -0.022976
v 0.038121 -0.022396 -0.019334
v -0.032863 0.029467 -0.023459
v -0.033157 0.029590 -0.023430
v -0.037048 0.033007 -0.016541
v -0.036552 0.032341 -0.018246
v -0.002202 -0.060251 -0.020388
v -0.004918 -0.059492 -0.019388
v -0.005189 -0.060221 -0.019838
v -0.002474 -0.060930 -0.020828
v 0.001401 -0.053177 -0.020315
v 0.004918 -0.053717 -0.019383
v 0.005218 -0.053040 -0.019783
v 0.001285 -0.052477 -0.020776
v -0.042073 -0.029855 -0.021658
v -0.041484 -0.031694 -0.019503
v 0.029327 0.027329 -0.023022
v 0.038664 0.030190 -0.019399
v 0.039033 0.027311 -0.019366
v 0.031977 -0.003115 -0.022299
v 0.033647 -0.003098 -0.017223
v 0.036058 -0.022508 -0.023085
v 0.038121 -0.022396 -0.019334
v -0.041782 -0.029796 -0.021987
v -0.041185 -0.031751 -0.019703
v -0.027254 0.027873 -0.023666
v -0.030479 0.027943 -0.019555
v 0.001270 -0.053717 -0.019996
v -0.003620 -0.053800 -0.019674
v -0.001269 -0.059491 -0.020001
v 0.001270 -0.053717 -0.019996
v -0.001269 -0.059491 -0.020001
v 0.003620 -0.059408 -0.019678
v 0.034767 0.001638 -0.017874
v 0.030163 0.001829 -0.024871
v -0.032178 -0.036590 -0.024570
v -0.035290 -0.036802 -0.019855
v -0.035742 -0.029312 -0.019128
v -0.041080 -0.032193 -0.019706
v -0.040815 -0.032350 -0.020309
v -0.034085 0.027835 -0.021266
v -0.032522 0.029318 -0.023513
v -0.036166 0.032339 -0.017094
v -0.053806 -0.028174 -0.023197
v -0.042389 -0.031156 -0.019721
v -0.050207 -0.031015 -0.019436
v 0.036124 -0.022981 -0.023303
v 0.038233 -0.022987 -0.019790
v 0.038816 -0.023899 -0.019635
v 0.039588 -0.041487 -0.020606
v -0.059487 -0.022771 -0.023706
v -0.059231 -0.027274 -0.019087
v -0.059359 0.026343 -0.020316
v -0.059583 0.019878 -0.026142
v 0.031577 0.010247 -0.023235
v 0.034040 0.010189 -0.019145
v -0.032178 -0.036590 -0.024570
v -0.036319 -0.041369 -0.021622
v -0.035290 -0.036802 -0.019855
v 0.031124 0.005086 -0.023433
v 0.033234 0.005463 -0.020805
v 0.034727 0.032731 -0.020603
v 0.038503 0.030495 -0.019298
v -0.053806 -0.028174 -0.023197
v -0.042335 -0.030465 -0.020741
v 0.030986 0.031164 -0.019876
v 0.029590 0.031917 -0.020520
v 0.033799 0.001356 -0.020088
v 0.030163 0.001829 -0.024871
v -0.030893 -0.053446 -0.021655
v -0.034601 -0.053892 -0.017974
v 0.029801 0.006791 -0.025151
v 0.031461 0.028043 -0.020162
v 0.033367 0.027308 -0.018851
v -0.043135 -0.041644 -0.023980
v -0.047529 -0.041652 -0.023980
v -0.047573 -0.034411 -0.019787
v 0.033005 0.005822 -0.021385
v 0.034609 0.006133 -0.018716
v -0.011025 0.028378 -0.023506
v -0.013241 0.032663 -0.022401
v -0.017950 0.028361 -0.018858
v -0.013241 0.032663 -0.022401
v -0.018574 0.032649 -0.018417
v -0.017950 0.028361 -0.018858
v 0.034236 0.006475 -0.019041
v 0.032380 0.006275 -0.022332
v 0.003295 -0.059920 -0.020020
v 0.006358 -0.061094 -0.020236
v -0.003517 -0.052178 -0.021003
v -0.008760 -0.052118 -0.019316
v 0.032961 0.011230 -0.021300
v 0.034646 0.011314 -0.018581
v 0.032863 0.010546 -0.021498
v 0.034686 0.010395 -0.018446
v -0.040948 -0.032471 -0.019902
v -0.040858 -0.041638 -0.024985
v -0.041236 -0.029215 -0.023270
v -0.041001 -0.032022 -0.020046
v -0.012112 0.032673 -0.024290
v -0.011492 0.032668 -0.024684
v -0.010327 0.032671 -0.025228
v 0.034227 0.032849 -0.020826
v 0.038664 0.030190 -0.019399
v -0.017723 0.032633 -0.022511
v -0.020479 0.032776 -0.020051
v 0.030233 0.027337 -0.021850
v 0.033367 0.027308 -0.018851
v 0.029327 0.027329 -0.023022
v 0.032265 0.033581 -0.021609
v 0.038664 0.030190 -0.019399
v -0.000536 0.037703 -0.021278
v -0.007373 0.037557 -0.020268
v -0.001469 -0.060095 -0.020355
v 0.001239 -0.060724 -0.020787
v 0.000924 -0.060285 -0.020476
v 0.003620 -0.059408 -0.019678
v 0.001270 -0.053717 -0.019996
v 0.001177 -0.053067 -0.020399
v -0.003566 -0.053193 -0.020052
v -0.003745 -0.052487 -0.020479
v -0.033858 0.029591 -0.023508
v -0.037942 0.028419 -0.023897
v -0.036451 0.032123 -0.018885
v -0.010759 0.033847 -0.028008
v -0.014535 0.033858 -0.026218
v -0.006855 0.037504 -0.020833
v -0.016322 0.030021 -0.021873
v -0.019583 0.028818 -0.019096
v 0.000676 0.036238 -0.020575
v 0.000194 0.036477 -0.020034
v -0.018528 0.028363 -0.022290
v -0.018048 0.032547 -0.022333
v -0.020479 0.032776 -0.020051
v -0.036022 -0.041439 -0.022216
v -0.039102 -0.041549 -0.016333
v -0.019079 -0.061630 -0.032199
v -0.019079 -0.061630 -0.032199
v 0.005328 0.031050 -0.026644
v 0.028893 0.029975 -0.019862
v 0.005310 0.029959 -0.026641
v 0.028627 0.028907 -0.019962
v 0.000637 0.036753 -0.020479
v 0.000142 0.036987 -0.019963
v 0.002371 -0.051987 -0.021426
v 0.006306 -0.052088 -0.020240
v -0.019619 0.033571 -0.022869
v -0.022191 0.033814 -0.020287
v -0.034528 -0.041609 -0.025147
v -0.038492 -0.041633 -0.025573
v -0.039102 -0.041549 -0.016333
v 0.028872 0.032879 -0.021271
v 0.030974 0.032782 -0.019984
v 0.000746 0.036634 -0.020555
v 0.003950 0.036994 -0.020234
v 0.001858 0.036310 -0.020685
v 0.003950 0.036994 -0.020234
v 0.033071 -0.003083 -0.017477
v 0.029958 -0.003038 -0.022331
v 0.031112 0.000107 -0.020867
v 0.030730 -0.003070 -0.022435
v 0.031188 -0.003082 -0.022147
v 0.029958 -0.003038 -0.022331
v 0.033071 -0.003083 -0.017477
v 0.034417 0.033176 -0.020084
v 0.032265 0.033581 -0.021609
v -0.015370 0.028813 -0.022584
v -0.015162 0.028795 -0.023147
v -0.019494 0.028779 -0.020140
v -0.019625 0.028749 -0.020772
v -0.002775 -0.051684 -0.021969
v -0.009500 -0.051949 -0.019486
v 0.012296 -0.051695 -0.018349
v 0.005684 -0.051961 -0.020580
v -0.094567 0.029978 -0.020094
v -0.094603 0.019266 -0.030587
v -0.019956 0.033427 -0.022708
v -0.022463 0.033604 -0.020088
v -0.019956 0.033427 -0.022708
v -0.021874 0.028355 -0.021300
v -0.023248 0.033211 -0.019436
v 0.029837 0.032430 -0.020780
v 0.029113 0.028454 -0.021458
v 0.029113 0.028454 -0.021458
v 0.031526 0.028419 -0.019879
v 0.031042 0.032544 -0.020120
v 0.029220 0.028878 -0.020325
v 0.005197 0.028868 -0.026664
v 0.005329 0.031075 -0.027238
v 0.029276 0.031092 -0.019726
v 0.005301 0.031101 -0.027859
v 0.029078 0.031127 -0.020449
v -0.006121 0.036218 -0.020342
v 0.001188 0.036252 -0.020650
v 0.030080 0.028452 -0.020677
v 0.031526 0.028419 -0.019879
v -0.011099 0.033018 -0.026082
v -0.006551 0.032801 -0.027775
v -0.006121 0.036218 -0.020342
v -0.059103 -0.023232 -0.024101
v -0.059118 -0.027232 -0.019789
v -0.037925 -0.025152 -0.024236
v -0.037925 -0.025152 -0.024236
v -0.035742 -0.029312 -0.019128
v -0.039539 -0.030074 -0.017882
v -0.002128 -0.061079 -0.021092
v -0.006306 -0.061119 -0.020247
v 0.000950 -0.061028 -0.021273
v 0.006358 -0.061094 -0.020236
v -0.094200 -0.028500 -0.023157
v -0.094503 -0.033002 -0.015365
v 0.000319 -0.061186 -0.021549
v -0.002474 -0.060930 -0.020828
v 0.001285 -0.052477 -0.020776
v -0.002999 -0.052042 -0.021317
v 0.001651 -0.052154 -0.021240
v -0.002775 -0.051684 -0.021969
v 0.032116 -0.036670 -0.024532
v 0.035139 -0.036618 -0.020014
v 0.037065 -0.041027 -0.019962
v -0.027775 0.027528 -0.023926
v -0.030346 0.027083 -0.021003
v -0.058700 -0.023592 -0.024646
v -0.058174 -0.027262 -0.020864
v -0.058357 0.026702 -0.021499
v -0.058079 0.024963 -0.023832
v -0.057511 0.025514 -0.023810
v -0.059221 0.026116 -0.021246
v 0.038159 -0.024028 -0.036162
v 0.041864 -0.024518 -0.020085
v -0.006551 0.032801 -0.027775
v -0.003578 0.032824 -0.028293
v -0.006121 0.036218 -0.020342
v 0.004252 0.032702 -0.027509
v 0.029238 0.031920 -0.020721
v 0.005301 0.031101 -0.027859
v 0.004828 0.031876 -0.027679
v 0.029646 0.032744 -0.020268
v 0.041324 -0.024048 -0.021448
v 0.038916 -0.022244 -0.026207
v 0.040255 -0.020634 -0.021187
v 0.000989 0.033008 -0.028265
v 0.005756 0.032848 -0.027877
v 0.002104 0.036274 -0.020767
v 0.038503 -0.041485 -0.024979
v 0.038945 -0.041480 -0.020321
v 0.038723 -0.023787 -0.019720
v 0.038503 -0.041485 -0.024979
v 0.039588 -0.041487 -0.020606
v -0.074956 0.025517 -0.026399
v -0.074738 0.030776 -0.019255
v -0.057763 -0.024970 -0.024029
v -0.057422 -0.027560 -0.021392
v -0.042126 -0.027705 -0.024341
v -0.042073 -0.029855 -0.021658
v -0.053806 -0.028174 -0.023197
v -0.037942 0.028419 -0.023897
v -0.053907 0.024606 -0.026923
v -0.053922 0.031454 -0.018687
v -0.053960 0.024816 -0.025520
v -0.053922 0.031454 -0.018687
v -0.053998 0.024817 -0.024690
v -0.053980 0.028857 -0.020472
v -0.033534 0.029599 -0.023455
v -0.036451 0.032123 -0.018885
v -0.003578 0.032824 -0.028293
v 0.002104 0.036274 -0.020767
v -0.006121 0.036218 -0.020342
v -0.007073 -0.061264 -0.020359
v 0.000112 -0.061511 -0.022125
v 0.000112 -0.061511 -0.022125
v 0.007070 -0.061262 -0.020494
v -0.003578 0.032824 -0.028293
v 0.000989 0.033008 -0.028265
v 0.002104 0.036274 -0.020767
v 0.030092 -0.009763 -0.022267
v 0.027151 -0.004886 -0.025707
v 0.032631 -0.004808 -0.018363
v 0.027151 -0.004886 -0.025707
v -0.057396 -0.025319 -0.024007
v -0.053891 -0.025958 -0.023516
v -0.057422 -0.027560 -0.021392
v -0.053998 0.028307 -0.020724
v -0.057511 0.025514 -0.023810
v -0.057544 0.027744 -0.021165
v -0.094268 0.030010 -0.021367
v -0.093640 0.027124 -0.026174
v -0.075099 0.026362 -0.026084
v -0.075326 0.029594 -0.022533
v -0.011614 -0.061613 -0.035659
v -0.011614 -0.061613 -0.035659
v 0.008101 -0.061574 -0.036619
v -0.008967 -0.051611 -0.031674
v -0.002775 -0.051684 -0.021969
v -0.008967 -0.051611 -0.031674
v -0.011558 -0.051648 -0.019579
v 0.015955 -0.051566 -0.028883
v 0.015955 -0.051566 -0.028883
v 0.002730 -0.051678 -0.021919
v 0.002730 -0.051678 -0.021919
v 0.002730 -0.051678 -0.021919
v 0.012296 -0.051695 -0.018349
v 0.032116 -0.036670 -0.024532
v 0.034500 -0.012411 -0.020971
v 0.035139 -0.036618 -0.020014
v 0.029703 0.034097 -0.022209
v 0.005264 0.034022 -0.029254
v 0.003479 0.037497 -0.021596
v 0.029599 0.028454 -0.021035
v 0.029113 0.028454 -0.021458
v 0.005306 0.028413 -0.028065
v 0.005604 0.028414 -0.027779
v 0.005365 0.028414 -0.028030
v 0.005604 0.028414 -0.027779
v 0.030040 0.028653 -0.020634
v 0.005399 0.028606 -0.027819
v 0.029911 0.028847 -0.020708
v 0.005202 0.028837 -0.027252
v 0.029911 0.028847 -0.020708
v 0.033002 -0.041010 -0.026108
v 0.032116 -0.036670 -0.024532
v 0.037065 -0.041027 -0.019962
v -0.032532 -0.025243 -0.024118
v -0.032178 -0.036590 -0.024570
v -0.035742 -0.029312 -0.019128
v -0.037925 -0.025152 -0.024236
v -0.032532 -0.025243 -0.024118
v -0.035742 -0.029312 -0.019128
v 0.025991 -0.061548 -0.027072
v 0.028844 -0.047755 -0.023977
v 0.032352 -0.061542 -0.019056
v 0.027103 0.011813 -0.025739
v 0.029956 0.014910 -0.022441
v 0.031467 0.011761 -0.020070
v 0.031100 0.011731 -0.022482
v 0.025710 0.011789 -0.028528
v 0.027103 0.011813 -0.025739
v 0.037931 -0.015033 -0.023894
v 0.040436 -0.015701 -0.019992
v 0.037455 -0.041220 -0.019773
v 0.033002 -0.041010 -0.026108
v 0.040255 -0.020634 -0.021187
v 0.037597 -0.015485 -0.024837
v 0.040436 -0.015701 -0.019992
v -0.042126 -0.027705 -0.024341
v -0.041526 -0.029209 -0.023001
v -0.019998 -0.034637 -0.026278
v -0.024853 -0.034650 -0.021657
v -0.026125 -0.051654 -0.020213
v -0.021441 -0.051641 -0.025006
v -0.019998 -0.034637 -0.026278
v -0.026125 -0.051654 -0.020213
v 0.027632 -0.004815 -0.027629
v 0.032009 -0.004655 -0.022351
v 0.037692 -0.024903 -0.024356
v 0.038503 -0.041485 -0.024979
v 0.038723 -0.023787 -0.019720
v 0.033161 -0.041234 -0.026324
v 0.038010 -0.041470 -0.019451
v 0.028336 0.016740 -0.024280
v 0.029218 0.026206 -0.023117
v 0.031483 0.016701 -0.020065
v 0.031483 0.016701 -0.020065
v 0.029936 0.027256 -0.022204
v 0.029274 0.026687 -0.023066
v 0.031483 0.016701 -0.020065
v 0.028791 0.016714 -0.024986
v 0.028870 0.016715 -0.024751
v 0.031483 0.016701 -0.020065
v -0.025834 -0.047858 -0.027178
v -0.031016 -0.053309 -0.021080
v -0.032208 -0.047876 -0.019297
v -0.023399 -0.047852 -0.029551
v 0.005104 0.028413 -0.028297
v 0.029113 0.028454 -0.021458
v 0.028872 0.032879 -0.021271
v 0.005756 0.032848 -0.027877
v 0.005104 0.028413 -0.028297
v 0.028872 0.032879 -0.021271
v -0.076706 -0.031464 -0.021982
v -0.075912 -0.029636 -0.023598
v -0.092499 0.029009 -0.025021
v -0.092942 0.028442 -0.025258
v -0.093806 0.031607 -0.020262
v -0.092920 0.031364 -0.021547
v -0.000536 0.037703 -0.021278
v -0.003864 0.033980 -0.029535
v -0.006855 0.037504 -0.020833
v -0.003864 0.033980 -0.029535
v -0.010759 0.033847 -0.028008
v -0.006855 0.037504 -0.020833
v -0.030271 0.025439 -0.022290
v -0.031048 0.023045 -0.025824
v -0.059600 -0.002808 -0.032371
v -0.059553 0.008192 -0.031790
v -0.059553 0.008192 -0.031790
v -0.059553 0.008192 -0.031790
v 0.029929 -0.003683 -0.025572
v 0.031934 -0.003847 -0.022980
v 0.038503 -0.041485 -0.024979
v 0.038503 -0.041485 -0.024979
v 0.035624 -0.041481 -0.027260
v 0.033310 -0.041468 -0.026576
v -0.093367 -0.030014 -0.022837
v -0.092453 -0.027761 -0.026538
v -0.076024 0.030087 -0.022947
v -0.076765 0.027718 -0.026493
v -0.031048 0.023045 -0.025824
v -0.031784 0.025696 -0.023415
v 0.029492 0.033915 -0.022431
v 0.032265 0.033581 -0.021609
v 0.032587 -0.011584 -0.023314
v 0.034500 -0.012411 -0.020971
v 0.029685 0.015158 -0.025429
v 0.032967 0.015006 -0.020758
v 0.038980 -0.022560 -0.026903
v 0.041324 -0.024048 -0.021448
v 0.032116 -0.036670 -0.024532
v 0.031979 -0.012376 -0.024614
v 0.034500 -0.012411 -0.020971
v -0.015516 0.029467 -0.022447
v -0.011778 0.028833 -0.024619
v 0.027423 -0.004853 -0.026501
v 0.034457 -0.004735 -0.018265
v -0.032411 0.025744 -0.023844
v -0.032522 0.029318 -0.023513
v -0.034085 0.027835 -0.021266
v 0.029809 0.015375 -0.025620
v 0.032829 0.015334 -0.021404
v 0.032341 0.015919 -0.022420
v 0.029754 0.016098 -0.025701
v 0.032735 0.000243 -0.021369
v 0.030795 0.000569 -0.024457
v 0.032486 0.006408 -0.021947
v 0.029801 0.006791 -0.025151
v 0.027441 0.009984 -0.027638
v 0.031834 0.010188 -0.022602
v 0.030997 0.005208 -0.023726
v 0.033178 0.005595 -0.021140
v 0.000112 -0.061511 -0.022125
v 0.008101 -0.061574 -0.036619
v 0.009103 -0.061564 -0.020836
v -0.001939 -0.051596 -0.032897
v -0.001939 -0.051596 -0.032897
v -0.008967 -0.051611 -0.031674
v -0.002775 -0.051684 -0.021969
v -0.002775 -0.051684 -0.021969
v -0.002775 -0.051684 -0.021969
v 0.006176 -0.051581 -0.032375
v 0.006176 -0.051581 -0.032375
v 0.006176 -0.051581 -0.032375
v -0.076719 -0.029054 -0.025069
v -0.076706 -0.031464 -0.021982
v -0.092383 -0.031353 -0.022189
v -0.092453 -0.027761 -0.026538
v -0.076719 -0.029054 -0.025069
v -0.092383 -0.031353 -0.022189
v -0.076836 0.031303 -0.022137
v -0.092499 0.029009 -0.025021
v -0.092513 0.031414 -0.021930
v -0.076765 0.027718 -0.026493
v -0.092499 0.029009 -0.025021
v -0.076836 0.031303 -0.022137
v -0.013180 0.031695 -0.024983
v -0.018750 0.032651 -0.020904
v -0.013833 0.031084 -0.024891
v -0.017684 0.031537 -0.022155
v 0.029662 0.005479 -0.025812
v 0.032607 0.006011 -0.021979
v 0.036415 -0.023143 -0.022969
v 0.034145 -0.023750 -0.027158
v 0.036439 -0.024179 -0.025026
v 0.038412 -0.023467 -0.020012
v 0.029327 0.027329 -0.023022
v 0.028716 0.033590 -0.022981
v 0.032265 0.033581 -0.021609
v 0.000971 0.033947 -0.029777
v -0.003864 0.033980 -0.029535
v -0.000536 0.037703 -0.021278
v 0.005264 0.034022 -0.029254
v 0.000971 0.033947 -0.029777
v 0.003479 0.037497 -0.021596
v 0.000971 0.033947 -0.029777
v -0.000536 0.037703 -0.021278
v 0.003479 0.037497 -0.021596
v 0.029791 0.006534 -0.025396
v 0.032380 0.006275 -0.022332
v 0.030795 0.000569 -0.024457
v 0.033076 0.000591 -0.021204
v 0.033249 0.000978 -0.021071
v 0.030194 0.001259 -0.025256
v 0.030610 0.000834 -0.024701
v 0.033064 0.000791 -0.021337
v 0.030191 0.001556 -0.025038
v 0.033566 0.001230 -0.020619
v -0.007852 0.032675 -0.024836
v -0.013241 0.032663 -0.022401
v -0.011025 0.028378 -0.023506
v 0.029500 0.010583 -0.026018
v 0.031808 0.010366 -0.022936
v 0.038557 -0.023623 -0.019888
v 0.037692 -0.024903 -0.024356
v 0.033127 0.010870 -0.021194
v 0.029965 0.011128 -0.025471
v 0.029782 0.010888 -0.025682
v 0.033094 0.010656 -0.021244
v 0.031209 0.011538 -0.023546
v 0.033174 0.011094 -0.021126
v -0.019625 0.028749 -0.020772
v -0.015135 0.028516 -0.024128
v -0.013289 0.031064 -0.024744
v -0.017503 0.031071 -0.022506
v -0.011648 0.031022 -0.024724
v -0.016959 0.031027 -0.022103
v -0.026686 -0.053302 -0.026326
v -0.030134 -0.053563 -0.022999
v -0.025834 -0.047858 -0.027178
v -0.026686 -0.053302 -0.026326
v -0.031016 -0.053309 -0.021080
v -0.040808 -0.027160 -0.029687
v -0.040575 -0.041634 -0.035755
v -0.040815 -0.032350 -0.020309
v -0.040575 -0.041634 -0.035755
v -0.040858 -0.041638 -0.024985
v -0.040815 -0.032350 -0.020309
v 0.037416 -0.024668 -0.024510
v 0.038412 -0.023467 -0.020012
v -0.007852 0.032675 -0.024836
v 0.026878 -0.003027 -0.026868
v 0.027105 -0.003066 -0.028118
v -0.011873 0.030005 -0.024575
v -0.016593 0.030990 -0.021710
v 0.030567 0.009992 -0.022221
v 0.027441 0.009984 -0.027638
v 0.036787 -0.018468 -0.026972
v 0.040255 -0.020634 -0.021187
v 0.027086 0.011795 -0.026420
v 0.031332 0.011709 -0.023281
v -0.001845 -0.061593 -0.037445
v 0.000112 -0.061511 -0.022125
v -0.010776 -0.061602 -0.020267
v -0.001845 -0.061593 -0.037445
v -0.001845 -0.061593 -0.037445
v 0.008101 -0.061574 -0.036619
v 0.000112 -0.061511 -0.022125
v -0.018347 0.033750 -0.023781
v -0.015824 0.033231 -0.025749
v -0.053998 0.024817 -0.024690
v -0.057511 0.025514 -0.023810
v -0.053998 0.028307 -0.020724
v 0.006534 0.033809 -0.029116
v 0.029703 0.034097 -0.022209
v 0.029165 0.033830 -0.022621
v 0.007501 0.033631 -0.029029
v -0.027818 0.026969 -0.024328
v -0.030546 0.026565 -0.021486
v -0.027424 0.026019 -0.025555
v -0.029857 0.024445 -0.022768
v 0.029277 0.026903 -0.023061
v 0.028716 0.033590 -0.022981
v 0.028549 0.027033 -0.023293
v 0.028716 0.033590 -0.022981
v -0.027424 0.026019 -0.025555
v -0.030156 0.025642 -0.022230
v -0.014461 0.028374 -0.026785
v -0.021874 0.028355 -0.021300
v -0.019956 0.033427 -0.022708
v -0.015824 0.033231 -0.025749
v -0.014461 0.028374 -0.026785
v -0.019956 0.033427 -0.022708
v -0.058994 0.023024 -0.024683
v -0.059221 0.026116 -0.021246
v -0.029583 -0.000371 -0.024033
v -0.029593 -0.003147 -0.023174
v -0.029616 0.004608 -0.023887
v -0.029601 0.001795 -0.023176
v -0.029602 0.009529 -0.024015
v -0.029612 0.006733 -0.023166
v -0.029652 0.016583 -0.027883
v -0.029749 0.023808 -0.022904
v -0.029638 0.016611 -0.023062
v -0.027424 0.026019 -0.025555
v -0.029638 0.016611 -0.023062
v -0.029749 0.023808 -0.022904
v -0.031725 -0.041128 -0.027704
v -0.036319 -0.041369 -0.021622
v -0.032178 -0.036590 -0.024570
v -0.023773 -0.053760 -0.030017
v -0.030600 -0.053738 -0.022768
v -0.018528 0.028363 -0.022290
v -0.017359 0.032413 -0.022811
v -0.029572 -0.009810 -0.023942
v -0.029591 -0.004971 -0.023167
v -0.014461 0.028374 -0.026785
v -0.014461 0.028374 -0.026785
v -0.013998 0.028363 -0.032199
v -0.013998 0.028363 -0.032199
v -0.013998 0.028363 -0.032199
v -0.021874 0.028355 -0.021300
v -0.013998 0.028363 -0.032199
v 0.027039 0.028101 -0.023693
v 0.025931 0.028324 -0.024000
v 0.028716 0.033590 -0.022981
v 0.028716 0.033590 -0.022981
v 0.007501 0.033631 -0.029029
v 0.036700 -0.017442 -0.026515
v 0.037597 -0.015485 -0.024837
v 0.040255 -0.020634 -0.021187
v 0.029707 0.005858 -0.025775
v 0.032380 0.006275 -0.022332
v -0.013287 0.028375 -0.025602
v -0.011243 0.032411 -0.026459
v -0.018528 0.028363 -0.022290
v -0.011243 0.032411 -0.026459
v -0.016092 0.032845 -0.023645
v -0.018528 0.028363 -0.022290
v -0.013287 0.028375 -0.025602
v -0.034147 -0.041494 -0.025324
v -0.036319 -0.041369 -0.021622
v 0.038916 -0.022244 -0.026207
v 0.036683 -0.019507 -0.027828
v 0.040255 -0.020634 -0.021187
v 0.032600 -0.010142 -0.021207
v 0.029259 -0.009938 -0.025005
v -0.041549 -0.061444 -0.021476
v -0.035688 -0.061171 -0.030613
v -0.035405 -0.061412 -0.030560
v -0.041267 -0.061682 -0.021491
v -0.035093 -0.061663 -0.030529
v -0.035093 -0.061663 -0.030529
v -0.041267 -0.061682 -0.021491
v 0.026973 0.004992 -0.025816
v 0.031737 0.005057 -0.019808
v 0.029461 0.001908 -0.023017
v 0.026973 0.004992 -0.025816
v 0.030966 0.005071 -0.022676
v -0.074605 -0.002442 -0.024830
v -0.059591 -0.009710 -0.022989
v -0.074589 -0.010416 -0.022693
v -0.074605 -0.002442 -0.024830
v -0.074605 -0.002442 -0.024830
v -0.074605 -0.002442 -0.024830
v -0.059606 -0.001677 -0.024891
v -0.059606 -0.001677 -0.024891
v -0.059600 -0.002808 -0.032371
v -0.059600 -0.002808 -0.032371
v -0.059591 -0.009710 -0.022989
v -0.074605 -0.002442 -0.024830
v -0.059606 -0.001677 -0.024891
v -0.059591 -0.009710 -0.022989
v -0.059629 0.010434 -0.022676
v -0.059617 0.004140 -0.024526
v -0.074628 0.009729 -0.022973
v -0.059617 0.004140 -0.024526
v -0.074617 0.004111 -0.024526
v -0.074628 0.009729 -0.022973
v -0.074617 0.004111 -0.024526
v -0.074617 0.004111 -0.024526
v -0.074617 0.004111 -0.024526
v -0.059617 0.004140 -0.024526
v -0.059617 0.004140 -0.024526
v 0.032812 -0.022050 -0.027229
v 0.035950 -0.022085 -0.022976
v 0.034660 -0.013925 -0.024181
v -0.057511 0.025514 -0.023810
v -0.058265 0.023592 -0.025068
v 0.026596 -0.003002 -0.026265
v 0.030049 -0.002126 -0.022192
v -0.035915 -0.054407 -0.030357
v -0.035688 -0.061171 -0.030613
v -0.041866 -0.061191 -0.021435
v -0.042028 -0.054427 -0.021136
v -0.035915 -0.054407 -0.030357
v -0.041866 -0.061191 -0.021435
v -0.037232 -0.054091 -0.028254
v -0.042028 -0.054427 -0.021136
v -0.037404 -0.041629 -0.026568
v -0.034528 -0.041609 -0.025147
v 0.026571 0.006878 -0.026264
v 0.029940 0.009970 -0.022478
v 0.031306 0.006824 -0.020513
v 0.029002 0.006818 -0.025144
v 0.025111 0.006858 -0.029060
v 0.031306 0.006824 -0.020513
v 0.024196 0.027361 -0.027512
v 0.026519 0.027987 -0.024013
v -0.058183 -0.023955 -0.024699
v -0.057405 -0.022821 -0.026379
v -0.030476 0.026991 -0.027427
v -0.033476 0.029580 -0.023482
v -0.094305 -0.024667 -0.027111
v -0.094058 -0.029449 -0.022829
v 0.032542 -0.010743 -0.022410
v 0.028886 -0.011024 -0.027547
v 0.028543 -0.010592 -0.027254
v 0.032600 -0.010142 -0.021207
v -0.038492 -0.041633 -0.025573
v -0.037776 -0.025258 -0.024712
v -0.029600 -0.004880 -0.025823
v -0.029600 -0.004880 -0.025823
v -0.029600 -0.004880 -0.025823
v -0.029600 -0.004880 -0.025823
v -0.029600 -0.004880 -0.025823
v -0.029601 -0.004193 -0.025842
v -0.029591 -0.004971 -0.023167
v -0.029583 -0.010000 -0.024799
v -0.029585 -0.010138 -0.025351
v 0.028499 0.026888 -0.023379
v 0.024788 0.026089 -0.027878
v 0.024547 0.026743 -0.027624
v 0.028075 0.027438 -0.023425
v -0.041271 -0.041639 -0.024595
v -0.042430 -0.041642 -0.024053
v -0.040575 -0.041634 -0.035755
v -0.040575 -0.041634 -0.035755
v -0.040575 -0.041634 -0.035755
v -0.039988 -0.047876 -0.037482
v -0.043135 -0.041644 -0.023980
v -0.008435 0.028776 -0.027200
v -0.014316 0.028780 -0.024089
v -0.012150 0.028824 -0.024470
v -0.008435 0.028776 -0.027200
v -0.030751 0.022506 -0.025835
v -0.030087 0.025009 -0.022492
v -0.029890 0.024255 -0.022782
v -0.030127 0.019986 -0.027117
v -0.053890 -0.020989 -0.028068
v -0.053891 -0.025958 -0.023516
v -0.057396 -0.025319 -0.024007
v -0.057113 -0.023314 -0.025907
v -0.053890 -0.020989 -0.028068
v -0.053998 0.024817 -0.024690
v -0.057491 0.022981 -0.026257
v -0.057511 0.025514 -0.023810
v -0.037465 -0.024812 -0.024594
v -0.032532 -0.025243 -0.024118
v -0.035153 -0.023948 -0.025412
v -0.034662 -0.023418 -0.025913
v -0.032532 -0.025243 -0.024118
v -0.032532 -0.025243 -0.024118
v 0.031984 -0.003314 -0.022605
v 0.027105 -0.003066 -0.028118
v -0.029611 0.011676 -0.023226
v -0.029628 0.014455 -0.024005
v -0.029605 -0.002053 -0.025907
v -0.029600 -0.002840 -0.024941
v -0.029609 0.000066 -0.025906
v -0.029605 0.002118 -0.024835
v -0.029618 0.005113 -0.025739
v -0.029619 0.004937 -0.025365
v -0.029623 0.007980 -0.025919
v -0.029618 0.007059 -0.024982
v -0.029628 0.009969 -0.025839
v -0.029629 0.010698 -0.025878
v -0.029624 0.011966 -0.024989
v -0.029644 0.015700 -0.026893
v -0.029637 0.014978 -0.025974
v -0.029643 0.016575 -0.025787
v -0.029638 0.016611 -0.023062
v -0.074901 -0.028185 -0.023625
v -0.075000 -0.024953 -0.027474
v -0.093866 0.026468 -0.026361
v -0.094535 0.029414 -0.021598
v 0.027541 0.001891 -0.027474
v -0.011191 0.032719 -0.026257
v -0.016092 0.032845 -0.023645
v -0.002986 0.028395 -0.025727
v -0.007852 0.032675 -0.024836
v -0.011025 0.028378 -0.023506
v 0.023573 -0.009600 -0.029054
v 0.027151 -0.004886 -0.025707
v 0.030092 -0.009763 -0.022267
v 0.027983 -0.004497 -0.027500
v 0.031775 -0.004615 -0.022962
v 0.028241 -0.004229 -0.027435
v 0.031835 -0.004393 -0.023005
v 0.030126 -0.003595 -0.025223
v 0.027105 -0.003066 -0.028118
v 0.029686 -0.003841 -0.025815
v 0.031908 -0.004170 -0.023034
v 0.036656 -0.014351 -0.024801
v 0.031651 -0.013393 -0.031063
v -0.001740 0.032689 -0.026646
v -0.002348 0.032688 -0.026889
v 0.032155 0.016123 -0.022700
v 0.029154 0.016582 -0.025962
v -0.041796 -0.025221 -0.027129
v -0.042126 -0.027705 -0.024341
v -0.041075 -0.024613 -0.028292
v -0.041784 -0.028148 -0.024076
v 0.026596 -0.003002 -0.026265
v 0.024920 0.000028 -0.027866
v 0.031112 0.000107 -0.020867
v 0.024920 0.000028 -0.027866
v 0.028336 0.016740 -0.024280
v 0.024788 0.026089 -0.027878
v 0.029218 0.026206 -0.023117
v -0.029465 0.004924 -0.024586
v -0.024746 0.004868 -0.028264
v -0.024746 0.004868 -0.028264
v -0.029601 0.001795 -0.023176
v -0.029617 0.004909 -0.023039
v 0.027088 0.000140 -0.028202
v 0.031043 0.000439 -0.023903
v 0.035268 -0.024158 -0.026667
v 0.037070 -0.024412 -0.024776
v 0.032084 -0.011880 -0.024165
v 0.028886 -0.011024 -0.027547
v 0.029444 0.016173 -0.025985
v 0.032155 0.016123 -0.022700
v 0.033448 -0.023027 -0.026979
v 0.033198 -0.022577 -0.027036
v 0.036014 -0.022563 -0.023189
v 0.035950 -0.022085 -0.022976
v 0.027447 0.011434 -0.027978
v 0.031332 0.011709 -0.023281
v 0.029799 0.015727 -0.025638
v 0.032793 0.015564 -0.021773
v 0.029056 -0.011652 -0.027692
v 0.031979 -0.012376 -0.024614
v 0.028572 -0.036660 -0.028607
v 0.029099 -0.012234 -0.027963
v 0.032116 -0.036670 -0.024532
v 0.029099 -0.012234 -0.027963
v 0.031979 -0.012376 -0.024614
v 0.032116 -0.036670 -0.024532
v 0.034356 -0.014348 -0.028632
v 0.038029 -0.014735 -0.023487
v -0.024561 0.016685 -0.028418
v -0.029638 0.016611 -0.023062
v -0.027424 0.026019 -0.025555
v 0.033002 -0.041010 -0.026108
v 0.028572 -0.036660 -0.028607
v 0.032116 -0.036670 -0.024532
v 0.027385 0.000452 -0.028092
v 0.030795 0.000569 -0.024457
v -0.074627 -0.001282 -0.035939
v -0.074627 -0.001282 -0.035939
v -0.074627 -0.001282 -0.035939
v -0.059617 0.004140 -0.024526
v -0.059606 -0.001677 -0.024891
v -0.074617 0.004111 -0.024526
v -0.059606 -0.001677 -0.024891
v -0.074605 -0.002442 -0.024830
v -0.074617 0.004111 -0.024526
v -0.059600 -0.002808 -0.032371
v -0.059617 0.004140 -0.024526
v 0.029165 0.010421 -0.026203
v 0.031577 0.010247 -0.023235
v 0.027594 0.000708 -0.028040
v 0.030375 0.000984 -0.025003
v -0.011279 0.032070 -0.025793
v -0.013833 0.031084 -0.024891
v -0.037526 -0.025013 -0.024918
v -0.037925 -0.025152 -0.024236
v 0.005190 0.028415 -0.029815
v 0.007501 0.033631 -0.029029
v 0.025931 0.028324 -0.024000
v 0.030081 0.011258 -0.025204
v 0.027985 0.011268 -0.027652
v -0.041075 -0.024613 -0.028292
v -0.041119 -0.029785 -0.022767
v 0.019920 0.028421 -0.028538
v 0.005190 0.028415 -0.029815
v 0.025931 0.028324 -0.024000
v -0.093101 -0.027102 -0.026467
v -0.094058 -0.029449 -0.022829
v -0.076269 -0.029111 -0.024558
v -0.076663 -0.025300 -0.028851
v -0.075715 -0.025218 -0.027949
v -0.075417 -0.029574 -0.023229
v -0.075973 0.027252 -0.026109
v -0.075531 0.029641 -0.023078
v -0.053982 0.021005 -0.028057
v -0.057491 0.022981 -0.026257
v -0.053998 0.024817 -0.024690
v 0.033838 -0.023395 -0.027023
v 0.036124 -0.022981 -0.023303
v -0.015507 0.033458 -0.025823
v -0.018066 0.033910 -0.023939
v 0.037693 -0.015188 -0.024421
v 0.034897 -0.014628 -0.028326
v -0.040981 -0.023865 -0.029186
v -0.040815 -0.032350 -0.020309
v -0.007693 0.028388 -0.027413
v -0.007274 0.028389 -0.027677
v -0.006884 0.028390 -0.027854
v -0.014511 0.028619 -0.024478
v -0.008435 0.028776 -0.027200
v -0.008118 0.028599 -0.027288
v -0.015592 0.028370 -0.023900
v -0.009844 0.031094 -0.026687
v -0.009844 0.031094 -0.026687
v -0.012039 0.031043 -0.024930
v -0.031048 0.023045 -0.025824
v -0.032300 0.026185 -0.023971
v -0.029587 -0.010714 -0.026419
v 0.029573 -0.009801 -0.023744
v 0.023573 -0.009600 -0.029054
v -0.092339 0.025285 -0.028826
v -0.093231 0.027517 -0.026042
v -0.022962 0.027645 -0.028423
v -0.027015 0.027934 -0.023785
v -0.028429 -0.036796 -0.028793
v -0.032178 -0.036590 -0.024570
v -0.032532 -0.025243 -0.024118
v -0.030630 -0.022774 -0.026461
v -0.028429 -0.036796 -0.028793
v -0.032532 -0.025243 -0.024118
v -0.030630 -0.022774 -0.026461
v -0.053848 -0.022026 -0.028193
v -0.053815 -0.022692 -0.028446
v -0.053942 0.024464 -0.026243
v -0.053982 0.021005 -0.028057
v -0.029561 -0.009859 -0.023244
v -0.029526 -0.009937 -0.024162
v -0.023260 -0.009742 -0.030371
v -0.024448 -0.009732 -0.028674
v -0.025066 0.001813 -0.029947
v -0.029434 0.001678 -0.025181
v -0.024561 0.016685 -0.028418
v -0.023310 0.016669 -0.030622
v -0.029468 0.016589 -0.024721
v -0.015228 -0.051625 -0.029282
v -0.019998 -0.034637 -0.026278
v -0.021441 -0.051641 -0.025006
v 0.022890 -0.034556 -0.023736
v 0.015955 -0.051566 -0.028883
v 0.023525 -0.051556 -0.023156
v 0.017567 -0.034563 -0.027808
v 0.015955 -0.051566 -0.028883
v 0.022890 -0.034556 -0.023736
v -0.042096 -0.025317 -0.026806
v -0.042126 -0.027705 -0.024341
v -0.053806 -0.028174 -0.023197
v -0.053815 -0.022692 -0.028446
v -0.042096 -0.025317 -0.026806
v -0.053806 -0.028174 -0.023197
v -0.037942 0.028419 -0.023897
v -0.036998 0.024490 -0.027900
v -0.053907 0.024606 -0.026923
v -0.032800 0.029431 -0.023493
v -0.030476 0.026991 -0.027427
v 0.036229 -0.041487 -0.027998
v 0.032447 -0.041493 -0.029762
v 0.033310 -0.041468 -0.026576
v 0.037272 -0.024611 -0.024677
v 0.036093 -0.024984 -0.026714
v -0.034613 -0.023654 -0.026353
v -0.037213 -0.024533 -0.024887
v -0.036620 -0.024581 -0.025843
v -0.034107 -0.023951 -0.027403
v 0.034897 -0.014628 -0.028326
v 0.036863 -0.016432 -0.026059
v -0.037325 -0.024868 -0.025112
v -0.036509 -0.024646 -0.026190
v 0.036093 -0.024984 -0.026714
v 0.038503 -0.041485 -0.024979
v 0.037692 -0.024903 -0.024356
v -0.040811 -0.021747 -0.031616
v -0.040808 -0.027160 -0.029687
v -0.040815 -0.032350 -0.020309
v 0.020350 0.028146 -0.029047
v 0.025931 0.028324 -0.024000
v 0.025691 0.001934 -0.027768
v 0.026765 0.001913 -0.027355
v 0.029461 0.001908 -0.023017
v 0.024995 0.001953 -0.027745
v 0.026973 0.004992 -0.025816
v 0.029461 0.001908 -0.023017
v -0.029591 -0.004971 -0.023167
v -0.025299 -0.005008 -0.027686
v -0.029561 -0.009859 -0.023244
v -0.025299 -0.005008 -0.027686
v -0.024825 -0.009721 -0.028054
v -0.029561 -0.009859 -0.023244
v -0.029361 -0.004918 -0.025018
v -0.029600 -0.004880 -0.025823
v -0.025299 -0.005008 -0.027686
v -0.025262 -0.004987 -0.028381
v -0.025283 -0.000068 -0.027708
v -0.029593 -0.003147 -0.023174
v -0.029566 -0.000032 -0.023189
v -0.029346 0.000025 -0.025083
v -0.025995 -0.000036 -0.027666
v -0.025283 -0.000068 -0.027708
v -0.025292 0.009811 -0.027709
v -0.029612 0.006733 -0.023166
v -0.029585 0.009848 -0.023181
v -0.025126 0.009823 -0.028432
v -0.029585 0.009848 -0.023181
v -0.029478 0.009921 -0.024962
v -0.024137 0.009848 -0.030780
v -0.025311 0.014752 -0.027697
v -0.029611 0.011676 -0.023226
v -0.029627 0.014788 -0.023141
v -0.025575 0.014771 -0.028303
v -0.029627 0.014788 -0.023141
v -0.029446 0.014910 -0.025247
v -0.025785 0.014796 -0.029294
v -0.001280 0.032689 -0.025890
v -0.007852 0.032675 -0.024836
v -0.002986 0.028395 -0.025727
v -0.007932 0.028807 -0.026597
v -0.008161 0.028803 -0.026628
v -0.011778 0.028833 -0.024619
v -0.033858 0.029591 -0.023508
v -0.036998 0.024490 -0.027900
v -0.037942 0.028419 -0.023897
v -0.059237 -0.017343 -0.028561
v -0.059101 -0.023117 -0.024213
v -0.058791 0.023555 -0.024694
v -0.059256 0.019916 -0.026723
v -0.022962 0.027645 -0.028423
v -0.027418 0.026678 -0.024996
v -0.029586 -0.011657 -0.027278
v 0.025991 -0.061548 -0.027072
v 0.023649 -0.047761 -0.028999
v 0.028844 -0.047755 -0.023977
v -0.029973 0.019235 -0.027107
v -0.029749 0.023808 -0.022904
v -0.009457 0.031071 -0.026375
v -0.011648 0.031022 -0.024724
v -0.024364 0.026516 -0.028068
v -0.027424 0.026019 -0.025555
v -0.029576 -0.017124 -0.030438
v -0.029576 -0.017124 -0.030438
v -0.029576 -0.017124 -0.030438
v -0.029576 -0.017124 -0.030438
v -0.029583 -0.013010 -0.028174
v -0.029576 -0.017124 -0.030438
v -0.029576 -0.017124 -0.030438
v -0.029576 -0.017124 -0.030438
v -0.029611 0.002874 -0.025759
v -0.029576 -0.017124 -0.030438
v -0.023773 -0.053760 -0.030017
v -0.027100 -0.053417 -0.026088
v -0.011497 0.029780 -0.024747
v -0.007696 0.028830 -0.026119
v -0.007766 0.030040 -0.026087
v -0.011648 0.031022 -0.024724
v -0.036998 0.024490 -0.027900
v -0.033858 0.029591 -0.023508
v -0.030476 0.026991 -0.027427
v 0.038629 -0.023334 -0.031098
v 0.041324 -0.024048 -0.021448
v -0.006447 0.028391 -0.028147
v -0.011243 0.032411 -0.026459
v -0.013287 0.028375 -0.025602
v -0.029633 0.012988 -0.025954
v 0.004048 0.032699 -0.025626
v -0.002986 0.028395 -0.025727
v 0.003939 0.028409 -0.025499
v -0.058875 -0.017744 -0.028835
v -0.058700 -0.023592 -0.024646
v 0.023166 0.016790 -0.029325
v 0.024788 0.026089 -0.027878
v 0.028336 0.016740 -0.024280
v 0.023166 0.016790 -0.029325
v -0.022824 -0.053357 -0.029678
v -0.026686 -0.053302 -0.026326
v -0.025834 -0.047858 -0.027178
v -0.037590 -0.047870 -0.039846
v -0.024718 0.026049 -0.028139
v -0.024561 0.016685 -0.028418
v -0.027424 0.026019 -0.025555
v -0.025253 0.001839 -0.028463
v -0.029601 0.001795 -0.023176
v -0.024746 0.004868 -0.028264
v -0.025208 0.001856 -0.027755
v -0.029601 0.001795 -0.023176
v -0.001280 0.032689 -0.025890
v -0.002986 0.028395 -0.025727
v 0.004048 0.032699 -0.025626
v -0.033872 -0.023618 -0.027211
v -0.034662 -0.023418 -0.025913
v 0.026243 0.000093 -0.027967
v 0.032520 0.000158 -0.021546
v -0.036610 -0.025033 -0.026350
v -0.037629 -0.025331 -0.025174
v 0.027103 0.011813 -0.025739
v 0.022987 0.014826 -0.029458
v 0.029956 0.014910 -0.022441
v 0.021325 0.014856 -0.032663
v 0.029602 0.014934 -0.024238
v 0.022574 0.014838 -0.030403
v 0.029956 0.014910 -0.022441
v 0.026571 0.006878 -0.026264
v 0.022945 0.009885 -0.029504
v 0.029940 0.009970 -0.022478
v 0.026615 0.009960 -0.027639
v 0.029940 0.009970 -0.022478
v 0.035884 -0.024655 -0.026613
v 0.037070 -0.024412 -0.024776
v -0.038492 -0.041633 -0.025573
v -0.037084 -0.025492 -0.026008
v 0.024212 0.027602 -0.027010
v 0.020694 0.027851 -0.029685
v -0.029584 -0.012333 -0.027610
v -0.058539 -0.018048 -0.029141
v -0.057921 -0.022960 -0.025820
v -0.057896 0.023016 -0.025882
v -0.057487 0.019980 -0.028596
v -0.058181 0.019823 -0.028166
v -0.058791 0.023555 -0.024694
v -0.094379 0.023178 -0.028259
v -0.094535 0.029414 -0.021598
v -0.029629 0.016459 -0.025892
v -0.029652 0.016583 -0.027883
v -0.027182 0.024866 -0.029706
v -0.032522 0.029318 -0.023513
v -0.031048 0.023045 -0.025824
v -0.030127 0.019986 -0.027117
v -0.027182 0.024866 -0.029706
v -0.031048 0.023045 -0.025824
v -0.029576 -0.017124 -0.030438
v -0.025283 -0.000068 -0.027708
v -0.025136 -0.003082 -0.027826
v -0.029593 -0.003147 -0.023174
v -0.025136 -0.003082 -0.027826
v -0.029370 -0.003194 -0.025010
v -0.025292 0.009811 -0.027709
v -0.025155 0.006798 -0.027818
v -0.029612 0.006733 -0.023166
v -0.026275 0.006755 -0.027975
v -0.029612 0.006733 -0.023166
v -0.027022 0.006721 -0.028317
v -0.029415 0.006661 -0.025437
v -0.023851 0.011715 -0.030945
v -0.029488 0.011607 -0.025013
v -0.007325 0.029818 -0.026209
v -0.003262 0.028832 -0.027064
v -0.076663 -0.025300 -0.028851
v -0.076719 -0.029054 -0.025069
v -0.092453 -0.027761 -0.026538
v -0.076765 0.027718 -0.026493
v -0.092339 0.025285 -0.028826
v -0.092499 0.029009 -0.025021
v -0.029480 -0.004172 -0.025965
v -0.027551 -0.004723 -0.028182
v -0.029576 -0.017124 -0.030438
v -0.029576 -0.017124 -0.030438
v -0.029607 0.000744 -0.025953
v -0.029487 0.000806 -0.026087
v -0.027793 0.000602 -0.028060
v -0.029619 0.005912 -0.026040
v -0.029524 0.010706 -0.025994
v -0.027282 0.010248 -0.028550
v -0.029652 0.016583 -0.027883
v -0.029629 0.015955 -0.026200
v -0.027280 -0.004295 -0.028449
v -0.029602 -0.003230 -0.025830
v -0.027540 0.010746 -0.028290
v -0.029630 0.011559 -0.025913
v -0.026576 0.016280 -0.029203
v -0.029556 0.015735 -0.026092
v -0.038492 -0.041633 -0.025573
v -0.037092 -0.041629 -0.027654
v -0.036533 -0.025531 -0.026839
v -0.057748 -0.019381 -0.028753
v -0.057405 -0.022821 -0.026379
v -0.003330 0.030043 -0.027034
v -0.007402 0.031027 -0.026207
v -0.028429 -0.036796 -0.028793
v -0.031725 -0.041128 -0.027704
v -0.032178 -0.036590 -0.024570
v 0.021325 0.014856 -0.032663
v 0.026343 0.015131 -0.028862
v -0.005079 0.031696 -0.027727
v -0.011483 0.032669 -0.025549
v -0.005738 0.031096 -0.027824
v -0.010110 0.031555 -0.026413
v 0.036229 -0.041487 -0.027998
v 0.038503 -0.041485 -0.024979
v 0.036093 -0.024984 -0.026714
v -0.003262 0.028832 -0.027064
v -0.023773 -0.053760 -0.030017
v -0.028763 -0.053887 -0.036191
v -0.034601 -0.053892 -0.017974
v -0.028763 -0.053887 -0.036191
v -0.037662 -0.053919 -0.027543
v -0.034601 -0.053892 -0.017974
v 0.025751 0.005177 -0.029536
v 0.029936 0.005351 -0.025261
v 0.026872 -0.003266 -0.028465
v 0.029929 -0.003683 -0.025572
v -0.031542 -0.041273 -0.028106
v -0.034528 -0.041609 -0.025147
v -0.010759 0.033847 -0.028008
v -0.014901 0.033638 -0.026094
v -0.005938 0.031073 -0.027337
v -0.002946 0.031038 -0.027097
v -0.007264 0.031049 -0.026625
v -0.030132 -0.022178 -0.027012
v -0.028429 -0.036796 -0.028793
v -0.033350 -0.022609 -0.026621
v -0.030630 -0.022774 -0.026461
v -0.033178 -0.022253 -0.026935
v -0.030566 -0.022293 -0.026854
v 0.026067 0.015212 -0.029388
v 0.029670 0.015167 -0.025462
v -0.010759 0.033847 -0.028008
v -0.014461 0.028374 -0.026785
v -0.015824 0.033231 -0.025749
v -0.057400 -0.019767 -0.028736
v -0.053890 -0.020989 -0.028068
v -0.057405 -0.022821 -0.026379
v -0.053982 0.021005 -0.028057
v -0.057487 0.019980 -0.028596
v -0.057491 0.022981 -0.026257
v 0.030163 0.001829 -0.024871
v 0.027392 0.001762 -0.027811
v -0.022208 0.027806 -0.028572
v -0.026484 0.028285 -0.023539
v -0.018056 0.028194 -0.030440
v -0.026484 0.028285 -0.023539
v -0.029975 0.026753 -0.027563
v -0.032522 0.029318 -0.023513
v -0.027973 0.000082 -0.027506
v -0.022085 -0.000044 -0.032268
v 0.026195 0.005970 -0.029337
v 0.029662 0.005479 -0.025812
v 0.026047 0.006352 -0.029475
v 0.029670 0.005849 -0.025818
v 0.026068 0.005439 -0.029362
v 0.029662 0.005479 -0.025812
v 0.025365 0.016141 -0.030050
v 0.028097 0.016317 -0.027388
v 0.026067 0.015212 -0.029388
v 0.029764 0.015736 -0.025678
v 0.027180 0.006855 -0.026334
v 0.025149 0.006841 -0.029811
v -0.059320 -0.016499 -0.028681
v -0.059487 -0.022771 -0.023706
v -0.027842 -0.004776 -0.027764
v -0.023969 -0.004962 -0.030903
v 0.029733 0.006481 -0.025512
v 0.025149 0.006841 -0.029811
v 0.030163 0.001528 -0.025092
v 0.026949 0.001529 -0.028601
v -0.036405 -0.025150 -0.026688
v -0.035529 -0.024933 -0.027472
v 0.027387 0.001044 -0.028210
v 0.030194 0.001259 -0.025256
v -0.029586 0.005154 -0.025840
v -0.027382 0.005215 -0.028377
v 0.025706 0.006554 -0.029582
v 0.029713 0.006211 -0.025787
v 0.027326 0.010189 -0.027922
v 0.029500 0.010583 -0.026018
v -0.025827 0.014963 -0.029540
v -0.029637 0.014978 -0.025974
v -0.026031 0.011490 -0.029447
v -0.029630 0.011559 -0.025913
v -0.025311 0.014752 -0.027697
v -0.023561 0.011759 -0.029167
v -0.029611 0.011676 -0.023226
v -0.023608 0.011737 -0.030182
v -0.023745 0.011739 -0.029878
v -0.029611 0.011676 -0.023226
v -0.027478 0.010159 -0.028204
v -0.024137 0.009848 -0.030780
v 0.026750 0.010566 -0.028817
v 0.029660 0.010806 -0.025825
v -0.022085 -0.000044 -0.032268
v -0.042085 -0.022888 -0.028904
v -0.041459 -0.024604 -0.027969
v -0.030958 -0.041597 -0.030009
v -0.031237 -0.041600 -0.029828
v -0.034528 -0.041609 -0.025147
v -0.031798 -0.041617 -0.030000
v -0.036116 -0.041625 -0.027985
v -0.035303 -0.041624 -0.028878
v -0.034528 -0.041609 -0.025147
v -0.034528 -0.041609 -0.025147
v -0.011145 0.032717 -0.026278
v -0.006551 0.032801 -0.027775
v 0.034758 -0.024785 -0.027812
v 0.035714 -0.024603 -0.026748
v 0.029434 -0.009831 -0.024501
v 0.023032 -0.009610 -0.029679
v -0.026837 0.006604 -0.028641
v -0.029620 0.006627 -0.025947
v -0.026229 -0.003405 -0.029344
v -0.029602 -0.003230 -0.025830
v 0.001667 0.029722 -0.027102
v 0.005197 0.028868 -0.026664
v 0.001413 0.031031 -0.027124
v 0.005021 0.030135 -0.026683
v -0.027658 0.000360 -0.028033
v -0.029609 0.000066 -0.025906
v -0.029558 0.005973 -0.026095
v -0.026225 0.006371 -0.029517
v -0.035614 -0.024752 -0.027146
v -0.034107 -0.023951 -0.027403
v -0.027550 0.000864 -0.028255
v -0.029605 0.001606 -0.025991
v -0.027380 0.011176 -0.028409
v -0.029630 0.011559 -0.025913
v 0.032239 -0.023087 -0.028101
v 0.032985 -0.022559 -0.027243
v -0.093640 0.027124 -0.026174
v -0.094092 0.023983 -0.028304
v -0.074867 0.024081 -0.027428
v -0.075516 0.021900 -0.030496
v -0.034662 -0.023418 -0.025913
v -0.033472 -0.022922 -0.027005
v 0.035455 -0.020714 -0.032202
v 0.036683 -0.019507 -0.027828
v 0.038916 -0.022244 -0.026207
v 0.034660 -0.013925 -0.024181
v 0.029678 -0.012842 -0.029881
v 0.032812 -0.022050 -0.027229
v -0.000456 0.031118 -0.028401
v 0.005254 0.031077 -0.027290
v 0.001065 0.031057 -0.027465
v 0.005328 0.031050 -0.026644
v -0.026102 -0.010382 -0.029522
v -0.029540 -0.010260 -0.025530
v -0.002746 0.028818 -0.027445
v -0.008435 0.028776 -0.027200
v 0.005098 0.028837 -0.027257
v 0.001418 0.028840 -0.027140
v 0.034229 -0.023967 -0.027403
v 0.035554 -0.024296 -0.026638
v 0.021647 0.004930 -0.030524
v 0.026973 0.004992 -0.025816
v 0.024995 0.001953 -0.027745
v -0.053815 -0.022692 -0.028446
v -0.042085 -0.022888 -0.028904
v -0.042096 -0.025317 -0.026806
v 0.001184 0.030112 -0.027129
v -0.002946 0.031038 -0.027097
v -0.002878 0.029834 -0.027083
v 0.001418 0.028840 -0.027140
v 0.022009 0.004985 -0.032108
v 0.027869 0.005017 -0.025470
v 0.021647 0.004930 -0.030524
v 0.021865 0.004955 -0.031160
v 0.026973 0.004992 -0.025816
v -0.053827 -0.016390 -0.032572
v -0.053858 -0.021627 -0.028294
v -0.053872 -0.016805 -0.031274
v -0.053890 -0.020989 -0.028068
v -0.035529 -0.024933 -0.027472
v -0.034194 -0.024202 -0.027682
v -0.006447 0.028391 -0.028147
v -0.006551 0.032801 -0.027775
v -0.011243 0.032411 -0.026459
v 0.035436 -0.024931 -0.027258
v 0.036229 -0.041487 -0.027998
v -0.093702 -0.021937 -0.030532
v -0.093637 -0.025708 -0.027268
v -0.075873 -0.024937 -0.028366
v -0.075432 -0.021796 -0.030607
v -0.075516 0.021900 -0.030496
v -0.075815 0.026822 -0.026370
v 0.034580 -0.024536 -0.027746
v 0.035554 -0.024296 -0.026638
v 0.033078 -0.023695 -0.027863
v 0.033663 -0.023406 -0.027179
v 0.032877 -0.023436 -0.027825
v 0.033448 -0.023027 -0.026979
v 0.028443 -0.004064 -0.027185
v 0.026038 -0.003632 -0.029515
v -0.002946 0.031038 -0.027097
v -0.000171 0.031088 -0.027945
v -0.000253 0.028808 -0.027946
v -0.003262 0.028832 -0.027064
v 0.005180 0.028805 -0.027862
v 0.001048 0.028824 -0.027541
v -0.005738 0.031096 -0.027824
v -0.002707 0.031060 -0.027436
v 0.025823 0.015611 -0.029615
v 0.029754 0.016098 -0.025701
v -0.000456 0.031118 -0.028401
v -0.003453 0.032146 -0.027869
v -0.036533 -0.025531 -0.026839
v -0.035517 -0.025491 -0.027520
v -0.035417 -0.025059 -0.027556
v -0.059097 0.019542 -0.027299
v -0.059144 0.014807 -0.030305
v 0.029245 -0.041268 -0.030414
v 0.028572 -0.036660 -0.028607
v 0.033002 -0.041010 -0.026108
v 0.027755 0.011071 -0.027852
v 0.029965 0.011128 -0.025471
v -0.032058 -0.023107 -0.028346
v -0.033251 -0.022833 -0.027176
v -0.035303 -0.041624 -0.028878
v -0.036207 -0.041555 -0.028254
v -0.036533 -0.025531 -0.026839
v 0.034644 -0.015376 -0.028823
v 0.036700 -0.017442 -0.026515
v -0.026339 0.015787 -0.029401
v -0.029637 0.014978 -0.025974
v -0.027182 0.005542 -0.028571
v -0.029618 0.005308 -0.026117
v -0.092848 -0.023286 -0.030134
v -0.092453 -0.027761 -0.026538
v -0.092753 0.025413 -0.028377
v -0.093616 0.022026 -0.030596
v -0.076370 0.023249 -0.030096
v -0.076765 0.027718 -0.026493
v 0.033143 -0.041244 -0.026364
v 0.029245 -0.041268 -0.030414
v -0.033699 -0.023627 -0.027369
v -0.032716 -0.024012 -0.028285
v -0.023376 -0.053571 -0.029818
v -0.026686 -0.053302 -0.026326
v -0.026102 -0.010382 -0.029522
v -0.029515 -0.010893 -0.026644
v -0.020064 -0.003073 -0.033593
v -0.026048 -0.003121 -0.027607
v -0.034082 -0.024158 -0.027705
v -0.032716 -0.024012 -0.028285
v 0.033078 -0.023695 -0.027863
v 0.034058 -0.023963 -0.027539
v 0.030774 -0.013141 -0.030332
v 0.034660 -0.013925 -0.024181
v 0.035342 -0.014045 -0.024840
v 0.031651 -0.013393 -0.031063
v -0.029828 0.019150 -0.027490
v -0.027182 0.024866 -0.029706
v -0.029520 -0.019560 -0.027682
v -0.028429 -0.036796 -0.028793
v -0.029568 -0.021316 -0.027637
v -0.033178 -0.022253 -0.026935
v -0.029576 -0.017124 -0.030438
v -0.029568 -0.021316 -0.027637
v 0.028368 -0.010073 -0.026456
v 0.024239 -0.010205 -0.030870
v 0.023253 -0.010010 -0.031098
v 0.029434 -0.009831 -0.024501
v 0.004545 0.031982 -0.027683
v -0.000456 0.031118 -0.028401
v -0.000981 0.031681 -0.028168
v 0.004252 0.032702 -0.027509
v -0.037112 0.021599 -0.030156
v -0.053907 0.024606 -0.026923
v -0.036998 0.024490 -0.027900
v -0.034483 -0.024888 -0.028014
v -0.035529 -0.024933 -0.027472
v 0.021118 -0.004954 -0.030872
v 0.027151 -0.004886 -0.025707
v 0.023573 -0.009600 -0.029054
v 0.019636 -0.004916 -0.033681
v 0.027344 -0.004848 -0.026814
v 0.020783 -0.004939 -0.031675
v 0.027151 -0.004886 -0.025707
v -0.092397 -0.023798 -0.030102
v -0.076663 -0.025300 -0.028851
v -0.092453 -0.027761 -0.026538
v -0.076821 0.023761 -0.030062
v -0.092339 0.025285 -0.028826
v -0.076765 0.027718 -0.026493
v -0.011429 -0.034616 -0.030993
v -0.019998 -0.034637 -0.026278
v -0.015228 -0.051625 -0.029282
v 0.010971 -0.034573 -0.031095
v 0.015955 -0.051566 -0.028883
v 0.017567 -0.034563 -0.027808
v -0.000063 0.028405 -0.028482
v -0.000063 0.028405 -0.028482
v -0.008003 0.028564 -0.027321
v -0.000565 0.028792 -0.028389
v -0.000344 0.028611 -0.028431
v -0.007693 0.028388 -0.027413
v -0.026579 -0.011119 -0.029774
v -0.029587 -0.011256 -0.027057
v 0.038572 -0.023019 -0.030063
v 0.035455 -0.020714 -0.032202
v 0.038916 -0.022244 -0.026207
v -0.032555 -0.023613 -0.028200
v -0.033503 -0.023292 -0.027199
v -0.007333 0.028390 -0.029395
v -0.014461 0.028374 -0.026785
v -0.010759 0.033847 -0.028008
v -0.009282 0.033323 -0.028615
v -0.007333 0.028390 -0.029395
v 0.036537 -0.018376 -0.027340
v 0.033288 -0.016208 -0.030811
v -0.006447 0.028391 -0.028147
v -0.003578 0.032824 -0.028293
v -0.006551 0.032801 -0.027775
v -0.028739 -0.061653 -0.036184
v 0.001099 0.032739 -0.028437
v 0.005756 0.032848 -0.027877
v -0.024400 0.016670 -0.029171
v -0.029641 0.016569 -0.025549
v -0.007333 0.028390 -0.029395
v -0.007333 0.028390 -0.029395
v -0.000063 0.028405 -0.028482
v 0.005361 0.028624 -0.027825
v -0.000274 0.028583 -0.028438
v 0.005180 0.028805 -0.027862
v -0.023439 0.026990 -0.028494
v -0.020434 0.026117 -0.031377
v -0.020064 -0.003073 -0.033593
v -0.026734 -0.003207 -0.028569
v -0.023182 0.016654 -0.031457
v -0.029624 0.016475 -0.025817
v -0.029576 -0.017124 -0.030438
v -0.027182 0.024866 -0.029706
v -0.029652 0.016583 -0.027883
v -0.026795 -0.011815 -0.030234
v -0.029525 -0.011847 -0.027423
v -0.027692 0.005127 -0.027806
v -0.022901 0.004908 -0.031720
v 0.032447 -0.041493 -0.029762
v 0.036229 -0.041487 -0.027998
v 0.034758 -0.024785 -0.027812
v 0.033906 -0.024822 -0.028184
v 0.032447 -0.041493 -0.029762
v -0.029576 -0.017124 -0.030438
v -0.032528 -0.022592 -0.027733
v 0.024934 0.005119 -0.029992
v 0.031124 0.005086 -0.023433
v 0.034315 -0.024444 -0.027857
v 0.033081 -0.024761 -0.028539
v -0.058052 0.019659 -0.028379
v -0.057522 0.017118 -0.030367
v -0.058109 0.016649 -0.030135
v -0.058777 0.019538 -0.027918
v -0.032650 -0.024235 -0.028429
v -0.034168 -0.024350 -0.027920
v 0.031431 -0.024409 -0.029205
v 0.033360 -0.023898 -0.027911
v -0.030476 0.026991 -0.027427
v -0.037112 0.021599 -0.030156
v -0.036998 0.024490 -0.027900
v 0.001160 0.032482 -0.028606
v 0.005104 0.028413 -0.028297
v 0.005756 0.032848 -0.027877
v -0.026795 -0.011815 -0.030234
v -0.028429 -0.036796 -0.028793
v -0.029584 -0.012333 -0.027610
v -0.026172 0.016362 -0.029375
v -0.029621 0.016387 -0.026053
v -0.024224 0.005209 -0.031011
v -0.027382 0.005215 -0.028377
v -0.074870 -0.016168 -0.032861
v -0.074608 -0.027603 -0.023618
v -0.074885 -0.025437 -0.026546
v -0.075009 -0.017631 -0.032622
v 0.028448 -0.010571 -0.027328
v 0.024239 -0.010205 -0.030870
v -0.020434 0.026117 -0.031377
v -0.024561 0.016685 -0.028418
v -0.024718 0.026049 -0.028139
v -0.025686 0.001569 -0.029748
v -0.029605 0.001606 -0.025991
v -0.027296 0.024643 -0.030087
v -0.030476 0.026991 -0.027427
v 0.032519 -0.023407 -0.028075
v 0.031431 -0.024409 -0.029205
v 0.031431 -0.024409 -0.029205
v 0.033220 -0.024603 -0.028415
v 0.020855 0.006928 -0.030998
v 0.022945 0.009885 -0.029504
v 0.026571 0.006878 -0.026264
v 0.020855 0.006928 -0.030998
v 0.020828 0.011868 -0.030999
v 0.022987 0.014826 -0.029458
v 0.027103 0.011813 -0.025739
v 0.020828 0.011868 -0.030999
v 0.020850 -0.002952 -0.031016
v 0.024920 0.000028 -0.027866
v 0.026596 -0.003002 -0.026265
v 0.026764 -0.003035 -0.027330
v 0.027105 -0.003066 -0.028118
v 0.020913 -0.002974 -0.031781
v 0.020850 -0.002952 -0.031016
v -0.025356 -0.010165 -0.029591
v -0.029583 -0.010000 -0.024799
v -0.034218 -0.024756 -0.028079
v -0.032164 -0.024683 -0.028852
v 0.029407 0.016685 -0.025584
v 0.023345 0.016762 -0.030062
v 0.023177 0.016759 -0.030358
v 0.001049 0.032756 -0.028428
v -0.003578 0.032824 -0.028293
v -0.027601 0.000333 -0.028071
v -0.024932 0.000366 -0.030573
v -0.035303 -0.041624 -0.028878
v -0.033394 -0.025079 -0.028510
v -0.059267 0.015192 -0.029628
v -0.059553 0.008192 -0.031790
v 0.023757 -0.004420 -0.031370
v 0.027882 -0.004550 -0.027564
v -0.026073 -0.003942 -0.029652
v -0.027551 -0.004723 -0.028182
v 0.027137 0.001679 -0.028185
v 0.022462 0.001917 -0.031924
v -0.000063 0.028405 -0.028482
v 0.001160 0.032482 -0.028606
v -0.006447 0.028391 -0.028147
v 0.001160 0.032482 -0.028606
v -0.003578 0.032824 -0.028293
v -0.006447 0.028391 -0.028147
v -0.042265 -0.020266 -0.030772
v -0.042085 -0.022888 -0.028904
v -0.053815 -0.022692 -0.028446
v -0.053827 -0.016390 -0.032572
v -0.042265 -0.020266 -0.030772
v -0.053815 -0.022692 -0.028446
v -0.037112 0.021599 -0.030156
v -0.053895 0.018622 -0.031272
v -0.053907 0.024606 -0.026923
v -0.053895 0.018622 -0.031272
v -0.053959 0.021528 -0.028118
v 0.028188 0.016502 -0.027121
v 0.023382 0.016730 -0.031137
v 0.025003 0.016307 -0.030188
v 0.027847 0.016403 -0.027654
v -0.025299 -0.005008 -0.027686
v -0.019640 -0.009572 -0.031926
v -0.024825 -0.009721 -0.028054
v -0.058115 -0.018465 -0.029121
v -0.057436 -0.015175 -0.031409
v 0.001160 0.032482 -0.028606
v -0.000063 0.028405 -0.028482
v 0.005104 0.028413 -0.028297
v -0.035303 -0.041624 -0.028878
v -0.031798 -0.041617 -0.030000
v -0.032164 -0.024683 -0.028852
v -0.027344 0.024262 -0.030694
v -0.037112 0.021599 -0.030156
v -0.030476 0.026991 -0.027427
v 0.023574 0.001521 -0.031365
v 0.026949 0.001529 -0.028601
v -0.094358 -0.024387 -0.027176
v -0.094136 -0.017940 -0.032485
v 0.024426 0.026731 -0.027740
v 0.019344 0.026196 -0.031853
v 0.020587 0.027382 -0.030101
v 0.024196 0.027361 -0.027512
v 0.029678 -0.012842 -0.029881
v 0.032529 -0.022489 -0.027650
v 0.023827 0.010224 -0.031196
v 0.026912 0.010355 -0.028471
v 0.023670 0.000555 -0.031444
v 0.027295 0.000398 -0.028149
v 0.023670 0.000555 -0.031444
v 0.027169 0.001173 -0.028409
v 0.025208 -0.011094 -0.030854
v 0.028886 -0.011024 -0.027547
v -0.003864 0.033980 -0.029535
v -0.009003 0.033525 -0.028678
v -0.031341 -0.024439 -0.029328
v -0.032298 -0.023644 -0.028405
v 0.020350 0.001992 -0.031345
v 0.020350 0.001992 -0.031345
v 0.021647 0.004930 -0.030524
v 0.024995 0.001953 -0.027745
v 0.025534 0.011613 -0.029592
v 0.027985 0.011268 -0.027652
v 0.023634 0.010363 -0.031372
v 0.026750 0.010566 -0.028817
v -0.003880 0.033726 -0.029701
v -0.008525 0.033352 -0.028928
v -0.032033 -0.024559 -0.028903
v -0.032716 -0.024012 -0.028285
v 0.032273 -0.024637 -0.028868
v 0.032447 -0.041493 -0.029762
v -0.026795 -0.011815 -0.030234
v -0.024082 -0.036755 -0.032530
v -0.028429 -0.036796 -0.028793
v -0.019640 -0.009572 -0.031926
v -0.023426 -0.009726 -0.029883
v -0.024614 0.005342 -0.030860
v -0.026371 0.005979 -0.029350
v -0.025872 0.001052 -0.029807
v -0.027793 0.000602 -0.028060
v -0.026494 0.011404 -0.029219
v -0.027379 0.010705 -0.028446
v -0.021025 0.001908 -0.031052
v -0.024916 0.001833 -0.029206
v -0.024746 0.004868 -0.028264
v -0.021025 0.001908 -0.031052
v -0.025208 0.001856 -0.027755
v -0.027551 -0.041374 -0.031997
v -0.031725 -0.041128 -0.027704
v -0.028429 -0.036796 -0.028793
v 0.028935 -0.011651 -0.027823
v 0.025647 -0.011721 -0.031057
v -0.029619 0.004937 -0.025365
v -0.024571 0.004882 -0.028973
v 0.037550 -0.023333 -0.035798
v 0.038572 -0.023019 -0.030063
v 0.023867 0.000986 -0.031293
v 0.026949 0.001529 -0.028601
v -0.025283 -0.000068 -0.027708
v -0.020736 -0.003029 -0.031216
v -0.025136 -0.003082 -0.027826
v -0.020657 -0.003045 -0.031894
v -0.025136 -0.003082 -0.027826
v -0.025292 0.009811 -0.027709
v -0.020729 0.006854 -0.031225
v -0.025155 0.006798 -0.027818
v -0.021006 0.006827 -0.031952
v -0.020729 0.006854 -0.031225
v -0.025771 0.006770 -0.028088
v -0.019269 -0.005050 -0.032169
v -0.019640 -0.009572 -0.031926
v -0.025299 -0.005008 -0.027686
v -0.024004 -0.004981 -0.030108
v -0.019269 -0.005050 -0.032169
v -0.020267 -0.000105 -0.031521
v -0.020736 -0.003029 -0.031216
v -0.025283 -0.000068 -0.027708
v -0.021394 -0.000071 -0.031828
v -0.025283 -0.000068 -0.027708
v -0.020274 0.009777 -0.031520
v -0.020729 0.006854 -0.031225
v -0.025292 0.009811 -0.027709
v -0.024089 0.009832 -0.030061
v -0.020274 0.009777 -0.031520
v -0.020284 0.014717 -0.031516
v -0.023561 0.011759 -0.029167
v -0.025311 0.014752 -0.027697
v -0.025467 0.014774 -0.028599
v -0.020284 0.014717 -0.031516
v -0.041840 -0.020336 -0.030918
v -0.042085 -0.022888 -0.028904
v -0.093824 -0.021457 -0.030617
v -0.094127 -0.025208 -0.027262
v -0.075311 -0.022034 -0.030182
v -0.075009 -0.017631 -0.032622
v -0.093927 0.021519 -0.030350
v -0.094282 0.024116 -0.027947
v -0.075097 0.016494 -0.033291
v -0.075262 0.022131 -0.029759
v 0.017702 -0.061559 -0.033075
v 0.023649 -0.047761 -0.028999
v 0.025991 -0.061548 -0.027072
v 0.016866 -0.047770 -0.033483
v 0.017702 -0.061559 -0.033075
v 0.016866 -0.047770 -0.033483
v 0.023649 -0.047761 -0.028999
v 0.002748 0.033506 -0.029947
v 0.005544 0.033898 -0.029260
v -0.041310 -0.020287 -0.031203
v -0.041741 -0.023272 -0.028839
v 0.019920 0.028421 -0.028538
v 0.007213 0.028369 -0.034451
v 0.007213 0.028369 -0.034451
v 0.005190 0.028415 -0.029815
v 0.005190 0.028415 -0.029815
v 0.002748 0.033506 -0.029947
v 0.007501 0.033631 -0.029029
v 0.005190 0.028415 -0.029815
v 0.027028 0.010810 -0.028545
v 0.023981 0.011210 -0.031167
v -0.027551 -0.041374 -0.031997
v -0.030611 -0.041452 -0.029361
v 0.025806 -0.003838 -0.029677
v 0.028241 -0.004229 -0.027435
v 0.023166 0.016790 -0.029325
v 0.019344 0.026196 -0.031853
v 0.024788 0.026089 -0.027878
v 0.020238 0.028139 -0.029144
v 0.014012 0.028156 -0.032850
v -0.019106 -0.047840 -0.032188
v -0.022824 -0.053357 -0.029678
v -0.025834 -0.047858 -0.027178
v -0.003857 0.033472 -0.029874
v -0.007333 0.028390 -0.029395
v -0.008525 0.033352 -0.028928
v 0.031756 -0.013727 -0.031339
v 0.034897 -0.014628 -0.028326
v -0.053924 0.018009 -0.030969
v -0.053982 0.021005 -0.028057
v -0.031140 -0.024393 -0.029484
v -0.032058 -0.023107 -0.028346
v 0.031212 -0.024326 -0.029354
v 0.032239 -0.023087 -0.028101
v 0.028572 -0.036660 -0.028607
v 0.025647 -0.011721 -0.031057
v 0.029099 -0.012234 -0.027963
v 0.034846 -0.019684 -0.031643
v 0.036683 -0.019507 -0.027828
v -0.053897 -0.016851 -0.030673
v -0.053890 -0.020989 -0.028068
v -0.057400 -0.019767 -0.028736
v -0.057436 -0.015175 -0.031409
v -0.053897 -0.016851 -0.030673
v -0.057400 -0.019767 -0.028736
v -0.053982 0.021005 -0.028057
v -0.053982 0.021005 -0.028057
v -0.057522 0.017118 -0.030367
v -0.057116 0.019345 -0.028999
v -0.053968 0.016481 -0.030864
v -0.029853 -0.024498 -0.030759
v -0.029576 -0.017124 -0.030438
v -0.032058 -0.023107 -0.028346
v -0.041020 -0.021234 -0.031361
v -0.041075 -0.024613 -0.028292
v -0.022941 -0.061375 -0.029636
v -0.019079 -0.061630 -0.032199
v -0.003857 0.033472 -0.029874
v -0.001578 0.028402 -0.030265
v -0.007333 0.028390 -0.029395
v -0.000989 0.028387 -0.034857
v -0.000989 0.028387 -0.034857
v -0.001578 0.028402 -0.030265
v -0.001578 0.028402 -0.030265
v 0.020328 0.000033 -0.033264
v 0.025709 0.000073 -0.028107
v -0.024587 0.000262 -0.030691
v -0.027464 0.000096 -0.028050
v 0.019939 0.009899 -0.033370
v 0.023523 0.009905 -0.029513
v 0.027466 -0.022251 -0.032627
v 0.029776 -0.024327 -0.030671
v 0.029678 -0.012842 -0.029881
v 0.029776 -0.024327 -0.030671
v 0.032239 -0.023087 -0.028101
v 0.029678 -0.012842 -0.029881
v -0.032164 -0.024683 -0.028852
v -0.031273 -0.024485 -0.029409
v -0.058722 -0.011909 -0.031945
v -0.058904 -0.017634 -0.028860
v -0.059177 -0.012122 -0.031081
v -0.059237 -0.017343 -0.028561
v -0.031798 -0.041617 -0.030000
v -0.031273 -0.024722 -0.029523
v -0.030594 -0.024585 -0.029995
v -0.032164 -0.024683 -0.028852
v -0.076663 -0.025300 -0.028851
v -0.075924 -0.021645 -0.031047
v 0.002445 0.033651 -0.029861
v 0.005264 0.034022 -0.029254
v 0.033834 -0.017719 -0.031091
v 0.036683 -0.019507 -0.027828
v 0.029993 -0.041496 -0.031846
v 0.032447 -0.041493 -0.029762
v 0.031431 -0.024409 -0.029205
v -0.022824 -0.053357 -0.029678
v -0.023476 -0.053927 -0.030080
v -0.029853 -0.024498 -0.030759
v -0.027316 -0.022301 -0.032855
v -0.027182 0.024866 -0.029706
v -0.029676 -0.019930 -0.030567
v -0.027182 0.024866 -0.029706
v 0.023756 0.010938 -0.031329
v 0.026750 0.010566 -0.028817
v -0.023955 0.010020 -0.031086
v -0.027282 0.010248 -0.028550
v -0.030635 -0.024574 -0.029955
v -0.031341 -0.024439 -0.029328
v -0.023274 -0.009952 -0.030876
v -0.026102 -0.010382 -0.029522
v -0.024143 -0.011766 -0.032402
v -0.024082 -0.036755 -0.032530
v -0.026795 -0.011815 -0.030234
v -0.018974 0.027897 -0.030599
v -0.022962 0.027645 -0.028423
v 0.032995 -0.015383 -0.030830
v 0.034897 -0.014628 -0.028326
v -0.025006 -0.004601 -0.030385
v -0.027551 -0.004723 -0.028182
v -0.029999 -0.041612 -0.032103
v -0.023082 -0.053887 -0.029987
v -0.022791 -0.061154 -0.029769
v -0.022824 -0.053357 -0.029678
v -0.019106 -0.047840 -0.032188
v -0.022791 -0.061154 -0.029769
v -0.019106 -0.047840 -0.032188
v -0.019079 -0.061630 -0.032199
v -0.022791 -0.061154 -0.029769
v 0.000971 0.033947 -0.029777
v -0.003841 0.033727 -0.029704
v -0.039069 -0.019595 -0.035318
v -0.040575 -0.041634 -0.035755
v -0.040808 -0.027160 -0.029687
v -0.093209 -0.022402 -0.030533
v -0.092470 -0.019125 -0.033263
v -0.092339 0.025285 -0.028826
v -0.093198 0.021811 -0.030990
v -0.076012 0.022265 -0.030574
v -0.076806 0.020563 -0.032322
v 0.030827 -0.024488 -0.029713
v 0.029993 -0.041496 -0.031846
v 0.019339 -0.000032 -0.031958
v 0.024920 0.000028 -0.027866
v 0.020850 -0.002952 -0.031016
v 0.022935 -0.036664 -0.033333
v 0.025647 -0.011721 -0.031057
v 0.028572 -0.036660 -0.028607
v -0.030457 -0.024600 -0.030109
v -0.030706 -0.024565 -0.029891
v -0.037057 0.018605 -0.032083
v -0.053895 0.018622 -0.031272
v -0.037112 0.021599 -0.030156
v 0.025173 -0.041015 -0.033700
v 0.025173 -0.041015 -0.033700
v 0.022935 -0.036664 -0.033333
v 0.028572 -0.036660 -0.028607
v 0.028572 -0.036660 -0.028607
v 0.029245 -0.041268 -0.030414
v -0.057522 0.017118 -0.030367
v -0.058352 0.014839 -0.030876
v 0.021729 0.001946 -0.031601
v 0.027541 0.001891 -0.027474
v 0.030068 -0.024413 -0.030374
v 0.032239 -0.023087 -0.028101
v -0.020342 0.001871 -0.032701
v -0.021014 0.001883 -0.031744
v -0.025066 0.001813 -0.029947
v -0.025785 0.014796 -0.029294
v -0.020627 0.014757 -0.032328
v -0.020813 0.014757 -0.032169
v -0.020284 0.014717 -0.031516
v -0.028414 -0.061401 -0.036299
v -0.023172 -0.061641 -0.029443
v -0.028125 -0.061156 -0.036440
v -0.022989 -0.061396 -0.029618
v -0.019903 0.026532 -0.031377
v -0.022962 0.027645 -0.028423
v 0.005190 0.028415 -0.029815
v -0.000989 0.028387 -0.034857
v -0.001578 0.028402 -0.030265
v 0.002748 0.033506 -0.029947
v 0.005190 0.028415 -0.029815
v 0.015324 0.027681 -0.032858
v 0.020694 0.027851 -0.029685
v -0.030186 -0.024547 -0.030395
v -0.032058 -0.023107 -0.028346
v -0.024082 -0.036755 -0.032530
v -0.027551 -0.041374 -0.031997
v -0.028429 -0.036796 -0.028793
v 0.001460 0.033785 -0.029838
v -0.003857 0.033472 -0.029874
v -0.008967 -0.051611 -0.031674
v -0.011429 -0.034616 -0.030993
v -0.015228 -0.051625 -0.029282
v 0.010971 -0.034573 -0.031095
v 0.006176 -0.051581 -0.032375
v 0.015955 -0.051566 -0.028883
v 0.002748 0.033506 -0.029947
v -0.001578 0.028402 -0.030265
v -0.003857 0.033472 -0.029874
v 0.023215 -0.004554 -0.031549
v 0.027632 -0.004815 -0.027629
v -0.023300 0.010771 -0.031831
v -0.026494 0.011404 -0.029219
v -0.023503 0.010286 -0.031700
v -0.026716 0.010919 -0.029028
v -0.022833 0.016314 -0.032169
v -0.026050 0.015634 -0.029657
v -0.022266 0.006337 -0.032583
v -0.024851 0.005676 -0.030645
v 0.022179 -0.003253 -0.032265
v 0.027105 -0.003066 -0.028118
v -0.076735 -0.020779 -0.032226
v -0.076663 -0.025300 -0.028851
v -0.092397 -0.023798 -0.030102
v -0.092470 -0.019125 -0.033263
v -0.076735 -0.020779 -0.032226
v -0.092397 -0.023798 -0.030102
v -0.076821 0.023761 -0.030062
v -0.092483 0.020746 -0.032192
v -0.092339 0.025285 -0.028826
v -0.076806 0.020563 -0.032322
v -0.092483 0.020746 -0.032192
v -0.076821 0.023761 -0.030062
v -0.057823 -0.014730 -0.031312
v -0.058539 -0.018048 -0.029141
v -0.094264 -0.016939 -0.032540
v -0.094547 -0.023814 -0.027035
v -0.074936 0.015393 -0.033241
v -0.074714 0.023617 -0.027484
v -0.031798 -0.041617 -0.030000
v -0.030114 -0.024565 -0.030474
v 0.030187 -0.024508 -0.030264
v 0.029993 -0.041496 -0.031846
v 0.029924 -0.024500 -0.030539
v 0.030150 -0.024512 -0.030305
v 0.029776 -0.024327 -0.030671
v 0.030164 -0.024507 -0.030289
v -0.020284 0.014717 -0.031516
v -0.017986 0.011822 -0.032915
v -0.023561 0.011759 -0.029167
v -0.017986 0.011822 -0.032915
v -0.020434 0.026117 -0.031377
v -0.017804 0.016764 -0.033021
v -0.024561 0.016685 -0.028418
v -0.017804 0.016764 -0.033021
v 0.026278 -0.003442 -0.029145
v 0.022758 -0.003398 -0.032055
v 0.019891 0.000000 -0.032532
v 0.019682 -0.000004 -0.032592
v 0.024920 0.000028 -0.027866
v -0.053827 -0.016390 -0.032572
v -0.042302 -0.017129 -0.032655
v -0.042265 -0.020266 -0.030772
v 0.021892 0.005220 -0.032405
v 0.025751 0.005177 -0.029536
v -0.028125 -0.061156 -0.036440
v -0.028241 -0.054402 -0.036522
v -0.022791 -0.061154 -0.029769
v -0.028241 -0.054402 -0.036522
v -0.023290 -0.054232 -0.030235
v -0.022791 -0.061154 -0.029769
v 0.023313 0.010138 -0.031361
v 0.027441 0.009984 -0.027638
v 0.029910 -0.024464 -0.030549
v 0.030130 -0.024519 -0.030331
v 0.023180 0.000409 -0.031610
v 0.027088 0.000140 -0.028202
v 0.029215 -0.041490 -0.031972
v 0.032041 -0.041491 -0.029875
v 0.033310 -0.041468 -0.026576
v 0.033310 -0.041468 -0.026576
v 0.029557 -0.024534 -0.031092
v 0.029993 -0.041496 -0.031846
v 0.030003 -0.024508 -0.030462
v 0.028979 -0.024443 -0.031852
v 0.021633 0.005542 -0.032885
v 0.025970 0.005389 -0.029427
v 0.021647 0.016176 -0.032846
v 0.023631 0.016561 -0.031068
v 0.025336 -0.041244 -0.033908
v 0.029245 -0.041268 -0.030414
v 0.019295 -0.009540 -0.032673
v 0.023573 -0.009600 -0.029054
v 0.020907 0.011587 -0.033127
v 0.025706 0.011771 -0.029354
v -0.024461 0.021804 -0.033222
v -0.037112 0.021599 -0.030156
v -0.027344 0.024262 -0.030694
v 0.025469 0.006639 -0.029712
v 0.021940 0.006427 -0.032634
v 0.021462 0.015051 -0.032758
v 0.026067 0.015212 -0.029388
v 0.021940 0.006427 -0.032634
v 0.026135 0.006027 -0.029391
v 0.021828 0.006008 -0.032727
v 0.026284 0.005648 -0.029258
v 0.013210 0.028221 -0.032779
v 0.019920 0.028421 -0.028538
v 0.021578 0.015239 -0.032862
v 0.025593 0.015745 -0.029823
v -0.040387 -0.021650 -0.032365
v -0.040808 -0.027160 -0.029687
v 0.024665 -0.010966 -0.031195
v 0.023439 -0.011582 -0.032746
v 0.020816 0.011844 -0.031760
v 0.025706 0.011771 -0.029354
v 0.024187 0.011352 -0.030885
v 0.021304 0.011421 -0.033042
v -0.053899 -0.011897 -0.032954
v -0.053897 -0.016851 -0.030673
v -0.057436 -0.015175 -0.031409
v -0.053968 0.016481 -0.030864
v -0.057480 0.014034 -0.031919
v -0.057522 0.017118 -0.030367
v 0.029834 -0.024403 -0.030622
v 0.028979 -0.024443 -0.031852
v -0.019377 -0.009587 -0.032313
v -0.023260 -0.009742 -0.030371
v 0.033310 -0.041468 -0.026576
v 0.028876 -0.041326 -0.030796
v 0.019412 0.026750 -0.031363
v 0.015926 0.027381 -0.032987
v -0.024461 0.021804 -0.033222
v -0.037057 0.018605 -0.032083
v -0.037112 0.021599 -0.030156
v -0.023122 0.004891 -0.030791
v -0.016549 0.004813 -0.033668
v -0.016549 0.004813 -0.033668
v -0.021025 0.001908 -0.031052
v -0.024746 0.004868 -0.028264
v -0.022705 -0.010286 -0.032184
v -0.026282 -0.010999 -0.029924
v 0.038572 -0.023019 -0.030063
v 0.035610 -0.021149 -0.032930
v -0.059159 0.008446 -0.032369
v -0.059144 0.014807 -0.030305
v -0.021441 0.006796 -0.032643
v -0.026475 0.006514 -0.029088
v 0.017638 -0.009450 -0.032962
v 0.021118 -0.004954 -0.030872
v 0.023573 -0.009600 -0.029054
v -0.023839 -0.011296 -0.032205
v -0.026795 -0.011815 -0.030234
v -0.025800 0.014982 -0.029595
v -0.021142 0.014794 -0.032926
v -0.021179 -0.003322 -0.033105
v -0.026172 -0.003209 -0.029208
v -0.023650 0.011603 -0.031244
v -0.026494 0.011404 -0.029219
v -0.053951 0.011929 -0.032957
v -0.057480 0.014034 -0.031919
v -0.053968 0.016481 -0.030864
v -0.020211 0.001846 -0.033522
v -0.025452 0.001636 -0.029856
v 0.021650 0.015726 -0.032826
v 0.025365 0.016141 -0.030050
v -0.023546 -0.053991 -0.030136
v -0.028763 -0.053887 -0.036191
v 0.023527 -0.004044 -0.031515
v 0.026038 -0.003632 -0.029515
v -0.029999 -0.041612 -0.032103
v -0.029853 -0.024498 -0.030759
v -0.031798 -0.041617 -0.030000
v -0.022054 0.000155 -0.032479
v -0.024932 0.000366 -0.030573
v -0.013882 0.028201 -0.032646
v -0.019193 0.028117 -0.030166
v -0.020311 0.001657 -0.033651
v -0.026065 0.001393 -0.029670
v -0.023020 0.021422 -0.033248
v -0.027234 0.024502 -0.030283
v -0.042208 -0.016771 -0.032830
v -0.042265 -0.020266 -0.030772
v -0.021942 0.006534 -0.032585
v -0.026225 0.006371 -0.029517
v -0.021702 -0.003475 -0.032926
v -0.026213 -0.003417 -0.029369
v -0.023067 0.016508 -0.031735
v -0.026576 0.016280 -0.029203
v -0.041997 -0.015586 -0.033451
v -0.041777 -0.020232 -0.031017
v -0.024290 -0.004782 -0.030798
v -0.021733 -0.004546 -0.032922
v -0.021531 0.015046 -0.032891
v -0.025843 0.015153 -0.029849
v -0.023977 0.021710 -0.033181
v -0.027344 0.024262 -0.030694
v -0.094264 0.019924 -0.030766
v -0.093922 0.015602 -0.033973
v 0.027492 -0.022640 -0.032781
v 0.029776 -0.024327 -0.030671
v -0.029999 -0.041612 -0.032103
v -0.029360 -0.024515 -0.031514
v -0.053899 -0.011897 -0.032954
v -0.053857 -0.016405 -0.031843
v -0.053943 0.017052 -0.031067
v -0.053951 0.011929 -0.032957
v 0.024333 -0.011287 -0.034295
v 0.027466 -0.022251 -0.032627
v 0.029678 -0.012842 -0.029881
v 0.030463 -0.013061 -0.030547
v 0.025422 -0.011658 -0.035764
v 0.024937 -0.011489 -0.034920
v 0.029678 -0.012842 -0.029881
v -0.028486 -0.054148 -0.036343
v -0.023290 -0.054232 -0.030235
v -0.041234 -0.017630 -0.032977
v -0.041310 -0.020287 -0.031203
v 0.033442 -0.017842 -0.031659
v 0.031868 -0.018336 -0.033564
v -0.013602 0.027989 -0.033295
v -0.017195 0.027553 -0.032130
v -0.028714 -0.024216 -0.032304
v -0.029853 -0.024498 -0.030759
v 0.027691 -0.023361 -0.033012
v 0.029776 -0.024327 -0.030671
v 0.027823 -0.023660 -0.033102
v 0.029089 -0.024361 -0.031657
v -0.042220 -0.016380 -0.033039
v -0.053827 -0.016390 -0.032572
v -0.037057 0.018605 -0.032083
v -0.053883 0.012268 -0.034337
v -0.053895 0.018622 -0.031272
v -0.053918 0.012162 -0.033608
v -0.053895 0.018622 -0.031272
v -0.021154 0.006824 -0.031875
v -0.027022 0.006721 -0.028317
v 0.016981 0.009824 -0.033251
v 0.022945 0.009885 -0.029504
v 0.020855 0.006928 -0.030998
v 0.016999 0.014764 -0.033234
v 0.022987 0.014826 -0.029458
v 0.020828 0.011868 -0.030999
v 0.017141 0.016835 -0.033182
v 0.019344 0.026196 -0.031853
v 0.023166 0.016790 -0.029325
v 0.017141 0.016835 -0.033182
v -0.025605 -0.004129 -0.030049
v -0.021733 -0.004546 -0.032922
v -0.022548 0.015884 -0.032362
v -0.025843 0.015153 -0.029849
v -0.025185 0.000696 -0.030365
v -0.021955 0.000395 -0.032779
v -0.021531 0.000799 -0.033041
v -0.026065 0.001393 -0.029670
v -0.021757 -0.004003 -0.032894
v -0.026270 -0.003616 -0.029509
v -0.021638 0.015601 -0.032996
v -0.022833 0.016314 -0.032169
v -0.023090 -0.041187 -0.035252
v -0.027551 -0.041374 -0.031997
v -0.024082 -0.036755 -0.032530
v -0.040979 -0.017960 -0.033044
v -0.041127 -0.020665 -0.031430
v -0.059265 -0.004597 -0.032915
v -0.059520 -0.012110 -0.030509
v -0.023969 -0.004962 -0.030903
v -0.019066 -0.005032 -0.032769
v -0.020861 -0.000080 -0.031942
v -0.017470 -0.000074 -0.034851
v -0.016840 -0.000093 -0.034574
v -0.017470 -0.000074 -0.034851
v -0.020267 -0.000105 -0.031521
v -0.057983 0.014045 -0.031514
v -0.057469 0.010474 -0.033255
v -0.058018 0.009890 -0.033058
v -0.059144 0.014807 -0.030305
v 0.019791 -0.009821 -0.033270
v 0.024239 -0.010205 -0.030870
v -0.039430 -0.019295 -0.034596
v -0.040811 -0.021747 -0.031616
v 0.013674 0.004852 -0.034837
v 0.021647 0.004930 -0.030524
v 0.020350 0.001992 -0.031345
v 0.016999 0.014764 -0.033234
v 0.021371 0.014841 -0.031906
v -0.001939 -0.051596 -0.032897
v -0.003842 -0.044354 -0.032699
v -0.008967 -0.051611 -0.031674
v -0.003842 -0.044354 -0.032699
v -0.006796 -0.041144 -0.032208
v -0.008967 -0.051611 -0.031674
v -0.007117 -0.040185 -0.032134
v -0.008967 -0.051611 -0.031674
v -0.007551 -0.038197 -0.032034
v -0.011429 -0.034616 -0.030993
v -0.008967 -0.051611 -0.031674
v 0.007088 -0.039961 -0.032126
v 0.006176 -0.051581 -0.032375
v 0.005999 -0.042282 -0.032343
v 0.006176 -0.051581 -0.032375
v 0.010971 -0.034573 -0.031095
v 0.007467 -0.038349 -0.032038
v 0.006176 -0.051581 -0.032375
v -0.007551 -0.038197 -0.032034
v -0.006965 -0.034751 -0.032165
v -0.011429 -0.034616 -0.030993
v 0.006875 -0.034685 -0.032167
v 0.007467 -0.038349 -0.032038
v 0.010971 -0.034573 -0.031095
v 0.019198 0.009875 -0.033116
v 0.022945 0.009885 -0.029504
v -0.093262 -0.018787 -0.032762
v -0.093702 -0.021937 -0.030532
v -0.076285 -0.020978 -0.031752
v -0.076681 -0.016112 -0.034797
v -0.075499 -0.017473 -0.033097
v -0.075432 -0.021796 -0.030607
v -0.092863 0.021024 -0.031742
v -0.092538 0.016082 -0.034771
v -0.093242 0.015919 -0.034319
v -0.093616 0.022026 -0.030596
v -0.075097 0.016494 -0.033291
v -0.076279 0.020784 -0.031765
v -0.058252 -0.011668 -0.032304
v -0.057436 -0.015175 -0.031409
v 0.023439 -0.011582 -0.032746
v 0.025647 -0.011721 -0.031057
v 0.022935 -0.036664 -0.033333
v -0.059271 0.000838 -0.033220
v -0.059553 0.008192 -0.031790
v -0.037174 0.015496 -0.033670
v -0.053883 0.012268 -0.034337
v -0.037057 0.018605 -0.032083
v 0.032111 -0.014975 -0.031624
v 0.029681 -0.016060 -0.034113
v -0.027316 -0.022301 -0.032855
v -0.023020 0.021422 -0.033248
v -0.027182 0.024866 -0.029706
v -0.018293 -0.004816 -0.034738
v -0.023969 -0.004962 -0.030903
v -0.059054 -0.005348 -0.033344
v -0.059085 -0.011910 -0.031319
v 0.020627 -0.003164 -0.033170
v 0.022758 -0.003398 -0.032055
v 0.019490 -0.004709 -0.033951
v 0.023757 -0.004420 -0.031370
v 0.006254 -0.047780 -0.046500
v 0.006254 -0.047780 -0.046500
v -0.075833 0.016460 -0.033866
v -0.076806 0.020563 -0.032322
v 0.021462 0.006570 -0.032778
v 0.025149 0.006841 -0.029811
v 0.028641 -0.024284 -0.032392
v 0.027823 -0.023660 -0.033102
v -0.023110 -0.041367 -0.035544
v -0.027551 -0.041374 -0.031997
v 0.020007 0.000112 -0.033546
v 0.023670 0.000555 -0.031444
v 0.019664 0.010023 -0.033707
v 0.023827 0.010224 -0.031196
v -0.023233 0.005048 -0.031595
v -0.020533 0.005363 -0.033692
v -0.028073 -0.023366 -0.032574
v -0.029853 -0.024498 -0.030759
v 0.021874 0.016349 -0.032524
v 0.018621 0.016751 -0.034326
v 0.006875 -0.034685 -0.032167
v 0.007391 -0.036714 -0.039734
v 0.007467 -0.038349 -0.032038
v 0.007406 -0.037804 -0.039948
v 0.007467 -0.038349 -0.032038
v -0.007480 -0.036544 -0.039710
v -0.006965 -0.034751 -0.032165
v -0.007551 -0.038197 -0.032034
v -0.007465 -0.039112 -0.040616
v -0.007480 -0.036544 -0.039710
v -0.007551 -0.038197 -0.032034
v 0.007421 -0.039080 -0.040611
v 0.006855 -0.040811 -0.032179
v 0.007467 -0.038349 -0.032038
v -0.006796 -0.041144 -0.032208
v -0.007465 -0.039112 -0.040616
v -0.007551 -0.038197 -0.032034
v 0.022869 0.001707 -0.031760
v 0.018997 0.001552 -0.034449
v -0.021928 -0.004642 -0.032669
v -0.018948 -0.004717 -0.034547
v 0.018103 0.016786 -0.033771
v 0.023382 0.016730 -0.031137
v -0.057420 -0.010262 -0.033317
v -0.053899 -0.011897 -0.032954
v -0.057436 -0.015175 -0.031409
v -0.053951 0.011929 -0.032957
v -0.057469 0.010474 -0.033255
v -0.057480 0.014034 -0.031919
v 0.007030 -0.035534 -0.039612
v 0.006875 -0.034685 -0.032167
v -0.023726 0.010098 -0.031337
v -0.018202 0.009830 -0.034638
v -0.035366 -0.061427 -0.030582
v -0.029398 -0.061150 -0.036524
v -0.029094 -0.061396 -0.036342
v -0.035093 -0.061663 -0.030529
v -0.028763 -0.053887 -0.036191
v -0.036361 -0.054225 -0.029509
v 0.031868 -0.018336 -0.033564
v 0.029681 -0.016060 -0.034113
v 0.033288 -0.016208 -0.030811
v -0.021985 0.006016 -0.032747
v -0.024614 0.005342 -0.030860
v 0.023527 -0.011026 -0.032153
v 0.019108 -0.010204 -0.034480
v -0.016826 0.026856 -0.032941
v -0.020434 0.026117 -0.031377
v -0.019788 0.010149 -0.033993
v -0.023503 0.010286 -0.031700
v 0.023785 0.000922 -0.031355
v 0.018997 0.001552 -0.034449
v 0.018534 0.000377 -0.034636
v 0.023670 0.000555 -0.031444
v -0.019106 -0.047840 -0.032188
v -0.012514 -0.047825 -0.035352
v -0.019079 -0.061630 -0.032199
v -0.012514 -0.047825 -0.035352
v -0.011614 -0.061613 -0.035659
v -0.019079 -0.061630 -0.032199
v -0.012514 -0.047825 -0.035352
v -0.012514 -0.047825 -0.035352
v -0.006601 -0.041440 -0.041791
v -0.007465 -0.039112 -0.040616
v -0.006796 -0.041144 -0.032208
v 0.007421 -0.039080 -0.040611
v 0.006524 -0.041446 -0.041866
v 0.006855 -0.040811 -0.032179
v -0.007480 -0.036544 -0.039710
v -0.006177 -0.033443 -0.039929
v -0.006965 -0.034751 -0.032165
v -0.018586 -0.010099 -0.034611
v -0.022777 -0.010088 -0.031616
v -0.018178 -0.009856 -0.034247
v -0.023260 -0.009742 -0.030371
v 0.018975 0.010222 -0.034414
v 0.023504 0.010408 -0.031481
v 0.034652 -0.020276 -0.032772
v 0.033918 -0.018634 -0.031662
v 0.033623 -0.019247 -0.032778
v 0.031868 -0.018336 -0.033564
v -0.023091 -0.041576 -0.035916
v -0.028090 -0.041438 -0.031605
v -0.019486 0.011228 -0.034336
v -0.023029 0.010951 -0.032024
v 0.023010 -0.003759 -0.031880
v 0.019595 -0.003568 -0.034151
v 0.023483 0.010823 -0.031532
v 0.021304 0.011421 -0.033042
v -0.040326 -0.018667 -0.033510
v -0.040811 -0.021747 -0.031616
v 0.006524 -0.041446 -0.041866
v 0.005444 -0.042960 -0.032448
v 0.006855 -0.040811 -0.032179
v 0.019456 -0.003981 -0.034220
v 0.023757 -0.004420 -0.031370
v 0.019344 0.026196 -0.031853
v 0.015703 0.026910 -0.033337
v -0.094166 0.014932 -0.033746
v -0.094603 0.019266 -0.030587
v -0.074782 0.012265 -0.034170
v -0.075097 0.016494 -0.033291
v 0.025162 -0.011665 -0.036227
v 0.031651 -0.013393 -0.031063
v -0.006378 -0.041761 -0.042817
v -0.006203 -0.042015 -0.046541
v -0.006796 -0.041144 -0.032208
v -0.003842 -0.044354 -0.032699
v -0.005802 -0.042589 -0.046687
v -0.006796 -0.041144 -0.032208
v 0.006089 -0.042038 -0.042879
v 0.005444 -0.042960 -0.032448
v -0.015722 0.026062 -0.033930
v -0.017804 0.016764 -0.033021
v -0.020434 0.026117 -0.031377
v -0.030056 -0.041603 -0.031678
v -0.028806 -0.041606 -0.035712
v -0.028806 -0.041606 -0.035712
v -0.028358 -0.024801 -0.034104
v -0.029999 -0.041612 -0.032103
v -0.028610 -0.024675 -0.033194
v -0.029999 -0.041612 -0.032103
v -0.023091 -0.041576 -0.035916
v -0.028806 -0.041606 -0.035712
v -0.030451 -0.041580 -0.029760
v 0.019600 -0.011087 -0.034788
v 0.023439 -0.011582 -0.032746
v -0.029535 -0.054396 -0.036453
v -0.029398 -0.061150 -0.036524
v -0.035688 -0.061171 -0.030613
v -0.035915 -0.054407 -0.030357
v -0.029535 -0.054396 -0.036453
v -0.035688 -0.061171 -0.030613
v -0.029186 -0.054154 -0.036311
v -0.035915 -0.054407 -0.030357
v 0.028721 -0.024359 -0.032327
v 0.028119 -0.025108 -0.034618
v 0.025149 0.006841 -0.029811
v 0.020766 0.006908 -0.031683
v -0.020000 0.010642 -0.034006
v -0.023503 0.010286 -0.031700
v -0.003811 -0.044325 -0.046850
v -0.005802 -0.042589 -0.046687
v -0.003842 -0.044354 -0.032699
v 0.004424 -0.043937 -0.032594
v 0.006176 -0.051581 -0.032375
v 0.005223 -0.043209 -0.046740
v 0.004500 -0.043687 -0.032683
v -0.017838 0.011802 -0.033677
v -0.023851 0.011715 -0.030945
v -0.017533 0.016751 -0.033733
v -0.023182 0.016654 -0.031457
v -0.053844 -0.007092 -0.035749
v -0.053879 -0.012551 -0.033075
v -0.053919 0.011992 -0.033634
v -0.053883 0.012268 -0.034337
v -0.053957 0.007334 -0.034201
v 0.015079 0.006970 -0.034170
v 0.016981 0.009824 -0.033251
v 0.020855 0.006928 -0.030998
v 0.019668 0.006899 -0.032917
v 0.015079 0.006970 -0.034170
v 0.015079 0.006970 -0.034170
v 0.015075 0.011910 -0.034164
v 0.016999 0.014764 -0.033234
v 0.020828 0.011868 -0.030999
v 0.020280 0.011836 -0.032478
v 0.015075 0.011910 -0.034164
v 0.015075 0.011910 -0.034164
v 0.014989 -0.002909 -0.034237
v 0.019339 -0.000032 -0.031958
v 0.020850 -0.002952 -0.031016
v 0.020662 -0.002977 -0.032152
v 0.014989 -0.002909 -0.034237
v 0.014989 -0.002909 -0.034237
v 0.014667 0.026122 -0.034256
v 0.019344 0.026196 -0.031853
v 0.017141 0.016835 -0.033182
v 0.000233 -0.045377 -0.032930
v -0.003842 -0.044354 -0.032699
v -0.001939 -0.051596 -0.032897
v 0.003562 -0.044408 -0.032717
v 0.000233 -0.045377 -0.032930
v 0.006176 -0.051581 -0.032375
v 0.000233 -0.045377 -0.032930
v -0.001939 -0.051596 -0.032897
v 0.006176 -0.051581 -0.032375
v 0.018975 0.010222 -0.034414
v 0.021558 0.011120 -0.032848
v 0.017638 -0.009450 -0.032962
v 0.013096 -0.005036 -0.035073
v 0.021118 -0.004954 -0.030872
v 0.013096 -0.005036 -0.035073
v 0.019889 -0.004933 -0.032781
v 0.026918 -0.023530 -0.034031
v 0.027584 -0.023333 -0.033122
v -0.014901 0.001957 -0.034946
v -0.021025 0.001908 -0.031052
v -0.014093 0.001932 -0.036391
v -0.016549 0.004813 -0.033668
v -0.015145 0.001973 -0.034246
v -0.021025 0.001908 -0.031052
v -0.059054 -0.005348 -0.033344
v -0.057954 -0.010644 -0.032828
v -0.057469 0.010474 -0.033255
v -0.058248 0.008398 -0.033343
v -0.013832 -0.002954 -0.034860
v -0.020736 -0.003029 -0.031216
v -0.020267 -0.000105 -0.031521
v -0.013573 -0.000146 -0.034970
v -0.013832 -0.002954 -0.034860
v -0.020267 -0.000105 -0.031521
v -0.013369 -0.000131 -0.035527
v -0.015278 0.008882 -0.034170
v -0.020274 0.009777 -0.031520
v -0.013853 0.006927 -0.034851
v -0.020729 0.006854 -0.031225
v -0.020274 0.009777 -0.031520
v -0.020205 0.009795 -0.032113
v -0.017567 0.009801 -0.034223
v -0.020274 0.009777 -0.031520
v -0.024137 0.009848 -0.030780
v -0.015513 0.014688 -0.034083
v -0.017986 0.011822 -0.032915
v -0.020284 0.014717 -0.031516
v -0.016803 0.014771 -0.035307
v -0.016304 0.014731 -0.034638
v 0.005223 -0.043209 -0.046740
v 0.002354 -0.044988 -0.046931
v 0.003562 -0.044408 -0.032717
v -0.013832 -0.002954 -0.034860
v -0.020142 -0.003052 -0.032709
v -0.014346 0.006891 -0.035520
v -0.013853 0.006927 -0.034851
v -0.021441 0.006796 -0.032643
v -0.028233 -0.023717 -0.032622
v -0.027395 -0.022979 -0.033121
v -0.059164 0.008290 -0.032401
v -0.059118 0.001605 -0.033676
v -0.076681 -0.016112 -0.034797
v -0.076735 -0.020779 -0.032226
v -0.092470 -0.019125 -0.033263
v -0.076806 0.020563 -0.032322
v -0.076806 0.020563 -0.032322
v -0.092538 0.016082 -0.034771
v -0.092538 0.016082 -0.034771
v -0.092483 0.020746 -0.032192
v -0.076742 0.015836 -0.034898
v -0.074978 -0.012583 -0.034581
v -0.075009 -0.017631 -0.032622
v 0.002354 -0.044988 -0.046931
v 0.000233 -0.045377 -0.032930
v 0.003562 -0.044408 -0.032717
v 0.018586 0.001171 -0.034677
v 0.023670 0.000555 -0.031444
v -0.059118 0.001605 -0.033676
v -0.059416 -0.003315 -0.032722
v -0.022901 0.004908 -0.031720
v -0.016076 0.004837 -0.034782
v -0.015920 0.004858 -0.035597
v -0.016415 0.004833 -0.034406
v 0.000233 -0.045377 -0.032930
v -0.000725 -0.045289 -0.046970
v -0.003842 -0.044354 -0.032699
v -0.000725 -0.045289 -0.046970
v -0.003811 -0.044325 -0.046850
v -0.003842 -0.044354 -0.032699
v -0.028362 -0.023931 -0.032608
v -0.027506 -0.023833 -0.033888
v -0.020308 -0.012134 -0.034996
v -0.024082 -0.036755 -0.032530
v -0.024143 -0.011766 -0.032402
v 0.022935 -0.036664 -0.033333
v 0.019734 -0.011789 -0.035193
v 0.023439 -0.011582 -0.032746
v 0.022462 0.001917 -0.031924
v 0.021113 0.001962 -0.031630
v 0.012253 0.002019 -0.036155
v 0.012330 0.002049 -0.035356
v 0.012330 0.002049 -0.035356
v 0.013674 0.004852 -0.034837
v 0.020350 0.001992 -0.031345
v 0.014989 -0.002909 -0.034237
v 0.014508 -0.000081 -0.034450
v 0.019339 -0.000032 -0.031958
v 0.014508 -0.000081 -0.034450
v -0.027447 -0.023518 -0.033525
v -0.028233 -0.023717 -0.032622
v 0.002354 -0.044988 -0.046931
v -0.000725 -0.045289 -0.046970
v 0.000233 -0.045377 -0.032930
v 0.036228 -0.022170 -0.035030
v 0.038572 -0.023019 -0.030063
v 0.031692 -0.013753 -0.031451
v 0.028990 -0.013394 -0.034251
v 0.022862 -0.022400 -0.036044
v 0.027466 -0.022251 -0.032627
v 0.024333 -0.011287 -0.034295
v 0.015279 0.004935 -0.035909
v 0.021775 0.004959 -0.031422
v 0.014630 0.004897 -0.035358
v 0.029627 -0.014675 -0.033894
v 0.031798 -0.014071 -0.031711
v -0.057934 -0.006640 -0.033864
v -0.057420 -0.010262 -0.033317
v 0.028054 -0.024671 -0.034347
v 0.028589 -0.024282 -0.032528
v -0.024461 0.021804 -0.033222
v -0.020382 0.018179 -0.036295
v -0.037057 0.018605 -0.032083
v -0.020382 0.018179 -0.036295
v -0.037174 0.015496 -0.033670
v -0.037057 0.018605 -0.032083
v -0.027316 -0.022301 -0.032855
v -0.023394 -0.022431 -0.035794
v -0.023020 0.021422 -0.033248
v -0.018335 0.006542 -0.034877
v -0.021740 0.006605 -0.032646
v -0.020244 0.005291 -0.033783
v -0.022901 0.004908 -0.031720
v 0.028766 -0.041495 -0.035675
v 0.029993 -0.041496 -0.031846
v 0.028979 -0.024443 -0.031852
v -0.017169 0.011775 -0.035105
v -0.023172 0.011520 -0.031714
v -0.016012 0.016737 -0.035677
v -0.022973 0.016471 -0.031852
v 0.014561 0.027858 -0.032973
v 0.009686 0.027371 -0.035345
v -0.094198 -0.012837 -0.034455
v -0.094136 -0.017940 -0.032485
v 0.027860 -0.023814 -0.033282
v 0.028589 -0.024282 -0.032528
v -0.013992 0.027797 -0.033333
v -0.010507 0.027333 -0.035207
v -0.018586 -0.010099 -0.034611
v -0.023083 -0.010813 -0.032345
v -0.021990 0.000197 -0.032564
v -0.018624 0.000271 -0.034724
v -0.019042 0.011382 -0.034428
v -0.022847 0.011386 -0.032153
v -0.016959 0.016531 -0.035427
v -0.022833 0.016314 -0.032169
v 0.029993 -0.041496 -0.031846
v 0.028766 -0.041495 -0.035675
v 0.028766 -0.041495 -0.035675
v 0.025467 -0.041480 -0.034155
v 0.025467 -0.041480 -0.034155
v 0.025467 -0.041480 -0.034155
v -0.018608 0.015264 -0.034778
v -0.021383 0.014990 -0.032937
v -0.020297 -0.003197 -0.033546
v -0.018385 -0.003523 -0.034888
v -0.012271 -0.009362 -0.035362
v -0.018019 -0.009574 -0.033373
v 0.013918 -0.004987 -0.035735
v 0.019636 -0.004916 -0.033681
v 0.034695 -0.020789 -0.033775
v 0.035455 -0.020714 -0.032202
v 0.015279 0.004935 -0.035909
v 0.021773 0.005287 -0.032548
v -0.017465 0.016400 -0.035327
v -0.021205 0.016163 -0.033251
v 0.014376 -0.000054 -0.035228
v 0.020328 0.000033 -0.033264
v -0.018925 -0.010635 -0.034923
v -0.024143 -0.011766 -0.032402
v 0.028119 -0.025108 -0.034618
v 0.028766 -0.041495 -0.035675
v 0.028979 -0.024443 -0.031852
v 0.016564 0.005243 -0.035543
v 0.021633 0.005542 -0.032885
v -0.027247 -0.022788 -0.033163
v -0.023394 -0.022431 -0.035794
v 0.022862 -0.022400 -0.036044
v 0.027443 -0.022616 -0.032822
v 0.011535 0.014740 -0.036298
v 0.011532 0.014780 -0.037303
v 0.017857 0.014790 -0.033305
v 0.016999 0.014764 -0.033234
v 0.019845 -0.003376 -0.033828
v 0.016261 -0.003252 -0.035793
v -0.028860 -0.024437 -0.032269
v -0.027668 -0.024024 -0.034032
v -0.041361 -0.015585 -0.033736
v -0.040979 -0.017960 -0.033044
v -0.093721 -0.012412 -0.035453
v -0.093420 -0.018300 -0.032891
v -0.076102 -0.016225 -0.034234
v -0.075450 -0.012254 -0.035496
v -0.019702 0.018790 -0.035472
v -0.023502 0.021518 -0.033279
v -0.057103 -0.007563 -0.033989
v -0.053925 -0.005228 -0.034607
v -0.053925 -0.005228 -0.034607
v -0.057420 -0.010262 -0.033317
v -0.053899 -0.011897 -0.032954
v -0.053951 0.011929 -0.032957
v -0.057124 0.009777 -0.033441
v -0.023394 -0.022431 -0.035794
v -0.019702 0.018790 -0.035472
v -0.023020 0.021422 -0.033248
v -0.053957 0.007334 -0.034201
v -0.057502 0.007211 -0.034089
v -0.053951 0.011929 -0.032957
v 0.033298 -0.020264 -0.034255
v 0.031868 -0.018336 -0.033564
v -0.011978 0.026433 -0.035192
v -0.010507 0.027333 -0.035207
v -0.015722 0.026062 -0.033930
v -0.016050 0.026564 -0.033476
v -0.057865 0.007410 -0.033805
v -0.057461 0.003805 -0.034647
v -0.058088 0.003318 -0.034233
v -0.058762 0.008550 -0.033003
v -0.013915 -0.002976 -0.035563
v -0.013749 -0.002977 -0.035744
v -0.020064 -0.003073 -0.033593
v -0.013832 -0.002954 -0.034860
v 0.021440 0.015044 -0.032766
v 0.016269 0.015193 -0.035786
v -0.019269 -0.005050 -0.032169
v -0.012271 -0.009362 -0.035362
v -0.019640 -0.009572 -0.031926
v -0.053844 -0.007092 -0.035749
v -0.040934 -0.010753 -0.035281
v -0.053827 -0.016390 -0.032572
v -0.040934 -0.010753 -0.035281
v -0.041997 -0.015586 -0.033451
v -0.053827 -0.016390 -0.032572
v -0.037174 0.015496 -0.033670
v -0.037102 0.012192 -0.035006
v -0.053883 0.012268 -0.034337
v -0.020308 -0.012134 -0.034996
v -0.017806 -0.036895 -0.036379
v -0.024082 -0.036755 -0.032530
v -0.018801 -0.004165 -0.034638
v -0.021702 -0.003475 -0.032926
v -0.018948 -0.004717 -0.034547
v -0.021649 -0.004060 -0.032965
v -0.018608 0.015264 -0.034778
v -0.021071 0.015772 -0.033363
v -0.018624 0.000271 -0.034724
v -0.020592 0.001089 -0.033641
v -0.018335 0.006542 -0.034877
v -0.020776 0.005701 -0.033518
v 0.019908 0.006747 -0.033592
v 0.016940 0.006456 -0.035509
v -0.019941 -0.011726 -0.035034
v -0.024143 -0.011766 -0.032402
v -0.027359 -0.023519 -0.033643
v -0.023394 -0.022431 -0.035794
v -0.017806 -0.036895 -0.036379
v -0.023090 -0.041187 -0.035252
v -0.024082 -0.036755 -0.032530
v 0.021647 0.016176 -0.032846
v 0.018325 0.016560 -0.034564
v 0.027819 -0.024217 -0.034170
v 0.028589 -0.024282 -0.032528
v 0.027379 -0.023795 -0.033979
v 0.027823 -0.023660 -0.033102
v -0.028148 -0.024546 -0.034095
v -0.028860 -0.024437 -0.032269
v 0.021742 0.005963 -0.032787
v 0.016940 0.006456 -0.035509
v 0.021577 0.015712 -0.032874
v 0.016994 0.016166 -0.035460
v 0.011661 0.016873 -0.035505
v 0.014667 0.026122 -0.034256
v 0.017141 0.016835 -0.033182
v 0.017633 0.016802 -0.033695
v 0.018621 0.016751 -0.034326
v 0.011661 0.016873 -0.035505
v 0.011291 0.016853 -0.036265
v 0.016735 0.015734 -0.035570
v 0.021578 0.015239 -0.032862
v -0.053877 -0.006519 -0.035228
v -0.053899 -0.011897 -0.032954
v -0.020075 0.018527 -0.035844
v -0.024461 0.021804 -0.033222
v -0.013741 0.028158 -0.032812
v -0.005940 0.027925 -0.035658
v 0.022862 -0.022400 -0.036044
v 0.027074 -0.023281 -0.033634
v 0.020633 0.011654 -0.033237
v 0.016314 0.011570 -0.035716
v -0.010706 -0.005102 -0.035942
v -0.012271 -0.009362 -0.035362
v -0.019269 -0.005050 -0.032169
v -0.016439 -0.005003 -0.035482
v -0.016740 -0.005022 -0.034673
v -0.010478 -0.005082 -0.036644
v -0.010706 -0.005102 -0.035942
v 0.020754 -0.002999 -0.032951
v 0.014598 -0.002925 -0.034867
v -0.092867 -0.013818 -0.035452
v -0.092470 -0.019125 -0.033263
v 0.016637 0.011380 -0.035602
v 0.021304 0.011421 -0.033042
v 0.018695 0.010559 -0.034549
v 0.021304 0.011421 -0.033042
v 0.019578 0.006878 -0.033693
v 0.010880 0.006977 -0.036297
v 0.014860 0.006951 -0.034823
v 0.020271 0.011811 -0.033318
v 0.014755 0.011895 -0.034751
v 0.014945 0.026556 -0.033876
v 0.009925 0.026186 -0.035944
v 0.009864 0.026795 -0.035613
v 0.015926 0.027381 -0.032987
v -0.058297 -0.005656 -0.033796
v -0.057437 -0.003500 -0.034682
v 0.017059 0.005902 -0.035448
v 0.021633 0.005542 -0.032885
v -0.014667 0.006859 -0.036205
v -0.018589 0.006619 -0.034576
v -0.040934 -0.010753 -0.035281
v -0.040989 -0.014935 -0.034121
v -0.017227 0.005069 -0.035245
v -0.022901 0.004908 -0.031720
v 0.031868 -0.018336 -0.033564
v 0.027012 -0.018749 -0.036787
v 0.029681 -0.016060 -0.034113
v 0.015075 0.011910 -0.034164
v 0.011362 0.014708 -0.035588
v 0.016999 0.014764 -0.033234
v -0.012323 0.026067 -0.035287
v -0.017804 0.016764 -0.033021
v -0.015722 0.026062 -0.033930
v 0.015079 0.006970 -0.034170
v 0.011309 0.009767 -0.035613
v 0.016981 0.009824 -0.033251
v 0.011479 0.009804 -0.036328
v 0.016981 0.009824 -0.033251
v 0.011470 0.009849 -0.037343
v 0.017810 0.009850 -0.033420
v -0.039297 -0.013673 -0.035458
v -0.040301 -0.018269 -0.033661
v -0.040066 -0.014627 -0.034695
v -0.040979 -0.017960 -0.033044
v -0.018232 0.000133 -0.034735
v -0.022085 -0.000044 -0.032268
v -0.059118 0.001605 -0.033676
v -0.058105 -0.003929 -0.034148
v -0.057461 0.003805 -0.034647
v -0.058354 0.001382 -0.034196
v -0.020382 0.018179 -0.036295
v -0.037102 0.012192 -0.035006
v -0.037174 0.015496 -0.033670
v 0.009753 -0.009259 -0.036138
v 0.013096 -0.005036 -0.035073
v 0.017638 -0.009450 -0.032962
v -0.092416 -0.014319 -0.035565
v -0.076681 -0.016112 -0.034797
v -0.092470 -0.019125 -0.033263
v 0.029512 -0.019478 -0.035761
v 0.031868 -0.018336 -0.033564
v -0.005940 0.027925 -0.035658
v -0.010886 0.027528 -0.034798
v 0.029307 -0.013271 -0.033699
v 0.024721 -0.011650 -0.036920
v -0.011857 -0.009391 -0.035837
v -0.017617 -0.009588 -0.033923
v -0.004890 0.028080 -0.035261
v -0.013998 0.028363 -0.032199
v -0.057437 -0.003500 -0.034682
v -0.053925 -0.005228 -0.034607
v -0.057474 -0.006863 -0.034157
v -0.053957 0.007334 -0.034201
v -0.057461 0.003805 -0.034647
v -0.057502 0.007211 -0.034089
v 0.025482 -0.024491 -0.036832
v 0.027221 -0.023771 -0.034122
v -0.027638 -0.024020 -0.034076
v -0.022613 -0.024002 -0.037588
v -0.057960 0.000356 -0.034489
v -0.057437 -0.003500 -0.034682
v -0.094330 -0.007179 -0.036048
v -0.094074 -0.012484 -0.034801
v -0.094353 0.013653 -0.033918
v -0.094132 0.008614 -0.036139
v -0.053944 0.001785 -0.034968
v -0.057461 0.003805 -0.034647
v -0.053957 0.007334 -0.034201
v -0.018241 0.015103 -0.034828
v -0.021142 0.014794 -0.032926
v 0.008101 -0.061574 -0.036619
v 0.016866 -0.047770 -0.033483
v 0.017702 -0.061559 -0.033075
v 0.007182 -0.047786 -0.036793
v 0.007182 -0.047786 -0.036793
v 0.008101 -0.061574 -0.036619
v 0.007182 -0.047786 -0.036793
v 0.016866 -0.047770 -0.033483
v 0.009098 0.027736 -0.034927
v 0.014012 0.028156 -0.032850
v 0.025173 -0.041015 -0.033700
v 0.018926 -0.041263 -0.037740
v 0.022935 -0.036664 -0.033333
v -0.028806 -0.041606 -0.035712
v -0.028091 -0.025047 -0.034706
v -0.015133 0.010153 -0.036403
v -0.018583 0.009965 -0.034523
v -0.040189 -0.010977 -0.035468
v -0.040352 -0.014841 -0.034459
v 0.008948 -0.009266 -0.036551
v 0.017638 -0.009450 -0.032962
v 0.018502 -0.009504 -0.032896
v 0.006613 -0.009264 -0.037676
v 0.026891 -0.024541 -0.035853
v 0.027782 -0.024221 -0.034238
v 0.026891 -0.024541 -0.035853
v 0.028003 -0.024765 -0.034515
v -0.074907 -0.005242 -0.036251
v -0.074634 -0.012616 -0.033996
v -0.094270 0.009299 -0.035535
v -0.094551 0.001309 -0.036226
v 0.032035 -0.019543 -0.034468
v 0.029944 -0.019897 -0.035780
v -0.026906 -0.024774 -0.035976
v -0.027796 -0.024210 -0.034249
v 0.035349 -0.021571 -0.034705
v 0.033819 -0.020526 -0.034172
v -0.027165 -0.024897 -0.035900
v -0.028006 -0.024485 -0.034254
v 0.011661 0.016873 -0.035505
v 0.009925 0.026186 -0.035944
v 0.014667 0.026122 -0.034256
v -0.006686 -0.047804 -0.046449
v -0.006686 -0.047804 -0.046449
v 0.014174 -0.009718 -0.036207
v 0.019275 -0.009963 -0.033880
v -0.053941 0.007901 -0.034289
v -0.053944 0.001785 -0.034968
v -0.015318 0.001437 -0.036346
v -0.018973 0.000693 -0.034533
v -0.018391 0.015666 -0.034871
v -0.020858 0.016088 -0.033513
v -0.018249 0.005909 -0.034920
v -0.020533 0.005363 -0.033692
v 0.015720 -0.003171 -0.035852
v 0.020754 -0.002999 -0.032951
v 0.019643 0.001674 -0.033870
v 0.012009 0.001985 -0.037173
v -0.015513 0.014688 -0.034083
v -0.011319 0.011893 -0.035669
v -0.017986 0.011822 -0.032915
v -0.011319 0.011893 -0.035669
v -0.011085 0.011872 -0.036560
v -0.011322 0.011872 -0.036394
v -0.017169 0.011775 -0.035105
v -0.017306 0.011797 -0.034275
v -0.012323 0.026067 -0.035287
v -0.011362 0.016833 -0.035659
v -0.017804 0.016764 -0.033021
v -0.011362 0.016833 -0.035659
v -0.016210 0.016751 -0.034912
v -0.010810 0.009718 -0.035843
v -0.013853 0.006927 -0.034851
v -0.015504 0.009748 -0.034087
v -0.016092 0.009771 -0.034328
v -0.018202 0.009830 -0.034638
v -0.010305 0.009734 -0.036556
v -0.010810 0.009718 -0.035843
v -0.010818 0.014659 -0.035839
v -0.011319 0.011893 -0.035669
v -0.015513 0.014688 -0.034083
v -0.010447 0.014669 -0.036240
v -0.015513 0.014688 -0.034083
v -0.016034 0.014726 -0.034681
v -0.007421 0.014696 -0.038338
v -0.039432 -0.010930 -0.035727
v -0.039602 -0.013825 -0.035195
v -0.019732 0.010808 -0.034169
v -0.015133 0.010153 -0.036403
v -0.027697 -0.025111 -0.035356
v -0.028358 -0.024801 -0.034104
v -0.057089 -0.000543 -0.034815
v -0.053944 0.001785 -0.034968
v -0.053944 0.001785 -0.034968
v -0.053925 -0.005228 -0.034607
v -0.057437 -0.003500 -0.034682
v -0.053944 0.001785 -0.034968
v -0.057488 0.000179 -0.034839
v -0.057461 0.003805 -0.034647
v 0.011470 0.009849 -0.037343
v 0.019331 0.010083 -0.033992
v 0.016636 -0.036666 -0.036843
v 0.019734 -0.011789 -0.035193
v 0.022935 -0.036664 -0.033333
v 0.017253 0.006584 -0.035191
v 0.013159 0.006921 -0.036704
v 0.013746 -0.000018 -0.036564
v 0.019348 0.000154 -0.034005
v 0.016678 0.011643 -0.035378
v 0.011636 0.011878 -0.037189
v -0.026317 -0.041599 -0.038104
v -0.028806 -0.041606 -0.035712
v -0.023091 -0.041576 -0.035916
v 0.025305 -0.041247 -0.033936
v 0.018926 -0.041263 -0.037740
v 0.010315 -0.002878 -0.035924
v 0.014508 -0.000081 -0.034450
v 0.014989 -0.002909 -0.034237
v 0.011126 -0.002915 -0.036587
v -0.037628 0.006865 -0.036441
v -0.053883 0.012268 -0.034337
v -0.037102 0.012192 -0.035006
v -0.000510 0.028053 -0.035632
v 0.007213 0.028369 -0.034451
v 0.010253 0.007002 -0.035933
v 0.011309 0.009767 -0.035613
v 0.015079 0.006970 -0.034170
v 0.012655 0.006946 -0.036235
v 0.010280 0.011942 -0.035914
v 0.011362 0.014708 -0.035588
v 0.015075 0.011910 -0.034164
v 0.011175 0.011907 -0.036533
v 0.015635 0.015079 -0.035876
v 0.021325 0.014856 -0.032663
v 0.012737 0.001649 -0.037121
v 0.018997 0.001552 -0.034449
v 0.014357 -0.004952 -0.036323
v 0.019369 -0.004656 -0.034070
v -0.020382 0.018179 -0.036295
v -0.016688 0.015391 -0.038343
v -0.037102 0.012192 -0.035006
v 0.014874 0.010166 -0.036267
v 0.018975 0.010222 -0.034414
v 0.018926 -0.041263 -0.037740
v 0.016636 -0.036666 -0.036843
v 0.022935 -0.036664 -0.033333
v -0.074829 0.011958 -0.034421
v -0.074882 0.003682 -0.036555
v -0.015779 0.004975 -0.035791
v -0.017823 0.005199 -0.035146
v 0.014243 -0.004705 -0.036515
v 0.019218 -0.004445 -0.034352
v -0.076681 -0.016112 -0.034797
v -0.075832 -0.011932 -0.035809
v -0.093339 0.009024 -0.036618
v -0.093922 0.015602 -0.033973
v -0.093221 0.015757 -0.034409
v -0.092525 0.009186 -0.037195
v -0.075482 0.011499 -0.035469
v -0.075097 0.016494 -0.033291
v -0.076545 0.010430 -0.036812
v -0.076113 0.015907 -0.034353
v 0.015921 -0.003637 -0.035932
v 0.019218 -0.004445 -0.034352
v 0.016261 -0.003252 -0.035793
v 0.019338 -0.004020 -0.034285
v 0.035349 -0.021571 -0.034705
v 0.033744 -0.021310 -0.035396
v -0.010395 0.004816 -0.037098
v -0.008280 0.004763 -0.036519
v -0.008876 0.004786 -0.036927
v -0.008280 0.004763 -0.036519
v -0.008429 0.002043 -0.036497
v -0.016549 0.004813 -0.033668
v -0.008429 0.002043 -0.036497
v -0.015405 0.003016 -0.034119
v -0.008429 0.002043 -0.036497
v -0.014300 0.001951 -0.035586
v 0.013746 -0.000018 -0.036564
v 0.018035 0.000459 -0.034935
v 0.017259 0.016328 -0.035234
v 0.014070 0.016323 -0.036741
v -0.015026 0.000339 -0.036446
v -0.017795 0.000056 -0.034854
v 0.029035 -0.014293 -0.034350
v 0.024782 -0.012419 -0.037375
v -0.053909 0.002023 -0.035567
v -0.053863 0.002508 -0.036356
v -0.053892 -0.005854 -0.035089
v -0.053925 -0.005228 -0.034607
v -0.053901 0.002224 -0.035690
v -0.014873 0.001644 -0.036333
v -0.020211 0.001846 -0.033522
v -0.015318 0.001437 -0.036346
v -0.020294 0.001658 -0.033660
v -0.014098 -0.003198 -0.036574
v -0.020064 -0.003073 -0.033593
v -0.010919 0.026861 -0.035310
v -0.007074 0.026152 -0.036688
v 0.016612 0.010892 -0.035619
v 0.018975 0.010222 -0.034414
v -0.038843 -0.014267 -0.035911
v -0.039634 -0.018960 -0.034199
v -0.038423 -0.014583 -0.036367
v -0.039341 -0.019182 -0.034775
v -0.000812 0.028103 -0.035513
v -0.005940 0.027925 -0.035658
v 0.014175 -0.010087 -0.036655
v 0.019108 -0.010204 -0.034480
v -0.014780 0.006618 -0.036356
v -0.018335 0.006542 -0.034877
v -0.037628 0.006865 -0.036441
v -0.053863 0.002508 -0.036356
v -0.053883 0.012268 -0.034337
v 0.007577 0.028038 -0.034848
v 0.004750 0.027562 -0.036157
v 0.014776 -0.009654 -0.035594
v 0.006613 -0.009264 -0.037676
v -0.014319 -0.003381 -0.036709
v -0.018751 -0.003380 -0.034558
v -0.014348 0.011438 -0.036697
v -0.017513 0.011625 -0.035036
v -0.010577 -0.009430 -0.036904
v -0.018010 -0.009818 -0.034254
v -0.015215 -0.010892 -0.037037
v -0.018764 -0.010590 -0.034974
v -0.014854 -0.010472 -0.036772
v -0.018586 -0.010099 -0.034611
v -0.026122 -0.024473 -0.036184
v -0.022613 -0.024002 -0.037588
v 0.026646 -0.024485 -0.035919
v 0.027617 -0.024016 -0.034132
v -0.015248 0.000893 -0.036360
v -0.018624 0.000271 -0.034724
v -0.017063 0.014918 -0.035280
v -0.014812 0.015240 -0.036542
v -0.093225 -0.012740 -0.035632
v -0.092432 -0.010612 -0.036827
v -0.094551 0.001309 -0.036226
v -0.094392 -0.008027 -0.035529
v -0.074797 0.002609 -0.036253
v -0.074647 0.012460 -0.033710
v -0.016219 -0.004884 -0.035665
v -0.018948 -0.004717 -0.034547
v 0.027500 -0.025294 -0.035491
v 0.028766 -0.041495 -0.035675
v 0.010315 -0.002878 -0.035924
v 0.007393 -0.000151 -0.036667
v 0.014508 -0.000081 -0.034450
v 0.007393 -0.000151 -0.036667
v 0.013896 -0.000047 -0.035699
v -0.023321 -0.023059 -0.036337
v -0.027506 -0.023833 -0.033888
v -0.018545 -0.004062 -0.034779
v -0.014628 -0.004562 -0.036612
v -0.017723 0.015953 -0.035200
v -0.014812 0.015240 -0.036542
v 0.005172 0.027798 -0.035689
v -0.000265 0.027749 -0.036349
v -0.007074 0.026152 -0.036688
v -0.011362 0.016833 -0.035659
v -0.012323 0.026067 -0.035287
v 0.013173 0.001405 -0.037124
v 0.018065 0.000972 -0.034966
v -0.075087 -0.012308 -0.034860
v -0.075036 -0.006072 -0.036569
v 0.035779 -0.022755 -0.036921
v 0.034720 -0.021753 -0.035477
v 0.036327 -0.022606 -0.036069
v 0.035349 -0.021571 -0.034705
v 0.018223 -0.041333 -0.038142
v 0.025467 -0.041480 -0.034155
v -0.016688 0.015391 -0.038343
v -0.013060 0.012185 -0.040300
v -0.037102 0.012192 -0.035006
v -0.013060 0.012185 -0.040300
v -0.037628 0.006865 -0.036441
v -0.037102 0.012192 -0.035006
v -0.013585 -0.009830 -0.036514
v -0.018586 -0.010099 -0.034611
v -0.014895 0.005862 -0.036486
v -0.018335 0.006542 -0.034877
v -0.014797 0.005238 -0.036519
v -0.017906 0.005711 -0.035094
v 0.026109 -0.041498 -0.038186
v 0.026109 -0.041498 -0.038186
v 0.014145 -0.041503 -0.040429
v -0.014556 -0.003989 -0.036624
v -0.018385 -0.003523 -0.034888
v -0.014890 0.010719 -0.036485
v -0.019486 0.011228 -0.034336
v -0.014506 0.015647 -0.036643
v -0.017465 0.016400 -0.035327
v 0.019277 -0.010935 -0.034870
v 0.014011 -0.010537 -0.037280
v 0.022600 -0.022842 -0.036505
v 0.026918 -0.023530 -0.034031
v -0.017983 -0.041348 -0.038177
v -0.023090 -0.041187 -0.035252
v -0.017806 -0.036895 -0.036379
v 0.026952 -0.024891 -0.035986
v 0.028119 -0.025108 -0.034618
v -0.076694 -0.009211 -0.037210
v -0.076681 -0.016112 -0.034797
v -0.092416 -0.014319 -0.035565
v -0.092432 -0.010612 -0.036827
v -0.076694 -0.009211 -0.037210
v -0.092416 -0.014319 -0.035565
v -0.076742 0.015836 -0.034898
v -0.076742 0.015836 -0.034898
v -0.092525 0.009186 -0.037195
v -0.092525 0.009186 -0.037195
v -0.092538 0.016082 -0.034771
v -0.076545 0.010430 -0.036812
v -0.011583 0.014784 -0.037314
v -0.016803 0.014771 -0.035307
v -0.008501 0.002008 -0.037263
v -0.008235 0.002004 -0.037482
v -0.014093 0.001932 -0.036391
v 0.016942 0.005968 -0.035504
v 0.013377 0.006320 -0.036998
v -0.074727 -0.001750 -0.036114
v -0.075330 -0.002301 -0.037220
v -0.074882 0.003682 -0.036555
v -0.074882 0.003682 -0.036555
v -0.015093 0.005095 -0.036221
v -0.010998 0.004838 -0.037474
v 0.014126 -0.011208 -0.037526
v 0.019734 -0.011789 -0.035193
v 0.018931 -0.009202 -0.037405
v 0.022862 -0.022400 -0.036044
v 0.024333 -0.011287 -0.034295
v 0.024726 -0.011416 -0.035014
v 0.018931 -0.009202 -0.037405
v -0.038577 -0.006008 -0.036502
v -0.040094 -0.010741 -0.035542
v 0.010156 0.004903 -0.037707
v 0.007625 0.004816 -0.037113
v 0.014184 0.004887 -0.035365
v 0.009539 0.004866 -0.037210
v 0.013674 0.004852 -0.034837
v 0.012330 0.002049 -0.035356
v 0.007134 0.004786 -0.036684
v 0.013674 0.004852 -0.034837
v 0.024781 -0.012044 -0.037127
v 0.028990 -0.013394 -0.034251
v -0.094108 -0.006731 -0.036410
v -0.093721 -0.012412 -0.035453
v -0.075239 0.004848 -0.036873
v -0.074971 0.011675 -0.034948
v -0.075484 0.005429 -0.037139
v -0.075934 0.010618 -0.036168
v 0.006869 -0.000125 -0.037326
v 0.013746 -0.000018 -0.036564
v -0.006871 0.026924 -0.036185
v -0.010507 0.027333 -0.035207
v -0.014985 -0.011275 -0.037279
v -0.019111 -0.011082 -0.035252
v -0.014342 -0.011912 -0.037805
v -0.019507 -0.011518 -0.035194
v -0.015333 0.000213 -0.036141
v -0.011389 -0.000106 -0.037341
v -0.005653 -0.002887 -0.037599
v -0.006375 -0.002904 -0.037771
v -0.007030 -0.002933 -0.038353
v -0.009395 0.006918 -0.037904
v -0.014151 0.006894 -0.035560
v -0.053844 -0.007092 -0.035749
v -0.038577 -0.006008 -0.036502
v -0.040934 -0.010753 -0.035281
v -0.023394 -0.022431 -0.035794
v -0.017107 -0.022335 -0.039155
v -0.019702 0.018790 -0.035472
v 0.021168 -0.023702 -0.038028
v 0.025566 -0.024170 -0.036148
v 0.026428 -0.018488 -0.037013
v 0.029681 -0.016060 -0.034113
v -0.026402 -0.025599 -0.036884
v -0.027303 -0.025035 -0.035789
v 0.009725 0.026758 -0.035671
v 0.004904 0.026107 -0.036970
v 0.004951 0.026876 -0.036516
v 0.009686 0.027371 -0.035345
v -0.016359 0.016619 -0.035622
v -0.013237 0.016363 -0.037131
v 0.029944 -0.019897 -0.035780
v 0.026065 -0.021690 -0.038632
v 0.027012 -0.018749 -0.036787
v -0.016695 0.016030 -0.037557
v -0.019702 0.018790 -0.035472
v -0.028806 -0.041606 -0.035712
v -0.027119 -0.025488 -0.036085
v 0.013497 0.016467 -0.036782
v 0.018621 0.016751 -0.034326
v 0.023950 -0.018479 -0.038438
v 0.024782 -0.012419 -0.037375
v 0.029681 -0.016060 -0.034113
v -0.014342 -0.011912 -0.037805
v -0.017806 -0.036895 -0.036379
v -0.020308 -0.012134 -0.034996
v 0.011635 0.005468 -0.037602
v 0.015714 0.005099 -0.035822
v -0.016688 0.015391 -0.038343
v -0.020016 0.018424 -0.035942
v 0.025482 -0.024491 -0.036832
v 0.026788 -0.024911 -0.036152
v -0.028684 -0.054106 -0.036324
v -0.029535 -0.054396 -0.036453
v -0.029398 -0.061150 -0.036524
v -0.028643 -0.061447 -0.036300
v -0.015040 0.015104 -0.036327
v -0.012086 0.014809 -0.037275
v 0.029108 -0.022759 -0.038444
v 0.030748 -0.020345 -0.035745
v 0.033261 -0.021137 -0.035422
v 0.029108 -0.022759 -0.038444
v 0.014090 -0.011866 -0.037836
v 0.019734 -0.011789 -0.035193
v 0.016636 -0.036666 -0.036843
v -0.038819 -0.017841 -0.035764
v -0.039637 -0.041630 -0.038057
v -0.039637 -0.041630 -0.038057
v -0.040575 -0.041634 -0.035755
v -0.039069 -0.019595 -0.035318
v -0.010706 -0.005102 -0.035942
v -0.005525 -0.009173 -0.036998
v -0.012271 -0.009362 -0.035362
v -0.039241 -0.011438 -0.035767
v -0.037301 -0.008405 -0.037190
v 0.013301 0.006609 -0.036845
v 0.016940 0.006456 -0.035509
v -0.037113 -0.000146 -0.037079
v -0.038577 -0.006008 -0.036502
v -0.053844 -0.007092 -0.035749
v -0.053863 0.002508 -0.036356
v -0.037113 -0.000146 -0.037079
v -0.053844 -0.007092 -0.035749
v -0.037628 0.006865 -0.036441
v -0.037113 -0.000146 -0.037079
v -0.053863 0.002508 -0.036356
v -0.012514 -0.047825 -0.035352
v -0.002666 -0.047804 -0.037386
v -0.011614 -0.061613 -0.035659
v -0.002666 -0.047804 -0.037386
v -0.001845 -0.061593 -0.037445
v -0.011614 -0.061613 -0.035659
v -0.002666 -0.047804 -0.037386
v -0.002666 -0.047804 -0.037386
v -0.093734 -0.005455 -0.037148
v -0.092926 -0.011017 -0.036370
v -0.076177 -0.008821 -0.036876
v -0.075450 -0.012254 -0.035496
v 0.012380 0.011547 -0.037179
v 0.016314 0.011570 -0.035716
v 0.039039 -0.026152 -0.036523
v 0.038359 -0.024899 -0.036764
v -0.005147 -0.002863 -0.037097
v -0.013832 -0.002954 -0.034860
v -0.013573 -0.000146 -0.034970
v -0.005270 -0.000193 -0.037076
v -0.005147 -0.002863 -0.037097
v -0.013573 -0.000146 -0.034970
v -0.011389 -0.000106 -0.037341
v -0.011821 -0.000123 -0.036563
v -0.005270 -0.000193 -0.037076
v -0.004732 -0.000182 -0.037669
v -0.004329 0.007034 -0.037225
v -0.013853 0.006927 -0.034851
v -0.010810 0.009718 -0.035843
v -0.005176 0.011957 -0.037085
v -0.011319 0.011893 -0.035669
v -0.010818 0.014659 -0.035839
v 0.011113 -0.003153 -0.037563
v 0.016261 -0.003252 -0.035793
v 0.012396 0.015123 -0.037198
v 0.016269 0.015193 -0.035786
v 0.013404 0.000118 -0.036785
v 0.017691 0.000605 -0.035194
v 0.003846 0.009674 -0.037239
v 0.004945 0.007927 -0.037049
v 0.011309 0.009767 -0.035613
v 0.010253 0.007002 -0.035933
v 0.010253 0.007002 -0.035933
v 0.003839 0.014615 -0.037240
v 0.011362 0.014708 -0.035588
v 0.010280 0.011942 -0.035914
v -0.005525 -0.009173 -0.036998
v -0.010971 -0.009398 -0.036391
v -0.008748 0.006943 -0.037473
v -0.013853 0.006927 -0.034851
v -0.005176 0.011957 -0.037085
v -0.007074 0.026152 -0.036688
v -0.004263 0.016924 -0.037211
v -0.011362 0.016833 -0.035659
v -0.006455 0.016847 -0.037881
v -0.004263 0.016924 -0.037211
v -0.012189 0.016813 -0.035746
v -0.016012 0.016737 -0.035677
v 0.036050 -0.023028 -0.037063
v 0.036954 -0.022719 -0.035720
v 0.037369 -0.023378 -0.036159
v 0.036293 -0.023665 -0.037775
v -0.094135 0.001592 -0.036875
v -0.094132 0.008614 -0.036139
v 0.016455 0.015622 -0.035701
v 0.014070 0.016323 -0.036741
v 0.011427 0.010126 -0.037495
v 0.015264 0.010242 -0.036211
v 0.012966 0.006013 -0.037130
v 0.017080 0.005400 -0.035441
v 0.013807 0.015941 -0.036817
v 0.016269 0.015193 -0.035786
v -0.037889 -0.007902 -0.036844
v -0.039432 -0.010930 -0.035727
v 0.009753 -0.009259 -0.036138
v 0.005050 -0.005114 -0.037076
v 0.013096 -0.005036 -0.035073
v 0.007908 -0.004979 -0.038337
v 0.007171 -0.005027 -0.037768
v 0.013558 -0.004998 -0.035688
v 0.013096 -0.005036 -0.035073
v -0.037301 -0.008405 -0.037190
v -0.038866 -0.014005 -0.035901
v 0.015550 0.010592 -0.036084
v 0.012727 0.011338 -0.037217
v 0.016527 0.011421 -0.035645
v 0.012727 0.011338 -0.037217
v 0.012428 0.010999 -0.037308
v 0.015264 0.010242 -0.036211
v -0.013060 0.012185 -0.040300
v -0.008831 0.008591 -0.042147
v -0.037628 0.006865 -0.036441
v -0.017983 -0.041348 -0.038177
v -0.023068 -0.041391 -0.035613
v 0.012063 0.002016 -0.036329
v 0.003671 0.002135 -0.037196
v 0.003671 0.002135 -0.037196
v 0.007134 0.004786 -0.036684
v 0.012330 0.002049 -0.035356
v 0.003839 0.014615 -0.037240
v 0.011353 0.014742 -0.036456
v 0.003910 0.009710 -0.037937
v 0.003834 0.009749 -0.038771
v 0.011303 0.009809 -0.036542
v 0.011309 0.009767 -0.035613
v -0.004708 0.011920 -0.038097
v -0.005052 0.011927 -0.037826
v -0.011088 0.011850 -0.037327
v -0.005027 0.008662 -0.037088
v -0.010810 0.009718 -0.035843
v -0.009075 0.009739 -0.037305
v -0.005069 0.009683 -0.037088
v -0.005110 0.014627 -0.037080
v -0.005176 0.011957 -0.037085
v -0.010818 0.014659 -0.035839
v -0.006891 0.014672 -0.037778
v -0.010818 0.014659 -0.035839
v 0.003740 0.004791 -0.038811
v 0.012977 0.000914 -0.037151
v 0.017691 0.000605 -0.035194
v 0.004414 0.016919 -0.037110
v 0.009925 0.026186 -0.035944
v 0.011661 0.016873 -0.035505
v 0.010507 0.016847 -0.036849
v 0.004414 0.016919 -0.037110
v 0.004414 0.016919 -0.037110
v 0.004904 0.026107 -0.036970
v 0.009925 0.026186 -0.035944
v 0.029108 -0.022759 -0.038444
v 0.026065 -0.021690 -0.038632
v 0.029944 -0.019897 -0.035780
v -0.093108 -0.005500 -0.037535
v -0.092432 -0.010612 -0.036827
v -0.076099 0.005480 -0.037520
v -0.076545 0.010430 -0.036812
v 0.004184 -0.002836 -0.037192
v 0.007393 -0.000151 -0.036667
v 0.010315 -0.002878 -0.035924
v 0.010712 -0.002906 -0.036525
v 0.011553 -0.002948 -0.037327
v 0.003413 -0.002843 -0.037614
v 0.004184 -0.002836 -0.037192
v -0.008831 0.008591 -0.042147
v -0.035419 0.003153 -0.037232
v -0.037628 0.006865 -0.036441
v 0.005959 0.006975 -0.038473
v 0.005675 0.007003 -0.037748
v 0.010253 0.007002 -0.035933
v 0.004191 0.013108 -0.037169
v 0.010280 0.011942 -0.035914
v 0.010722 0.011917 -0.036454
v 0.004051 0.011979 -0.037200
v -0.000265 0.027749 -0.036349
v -0.006195 0.027233 -0.036079
v -0.017107 -0.022335 -0.039155
v -0.016578 0.016329 -0.037136
v -0.019702 0.018790 -0.035472
v 0.004705 0.026793 -0.036596
v -0.000291 0.026093 -0.037355
v -0.000109 0.026998 -0.036795
v 0.004750 0.027562 -0.036157
v -0.028901 -0.054460 -0.036487
v -0.029398 -0.061150 -0.036524
v -0.026319 -0.025080 -0.036660
v -0.027165 -0.024897 -0.035900
v 0.025410 -0.024751 -0.037047
v 0.026882 -0.025339 -0.036347
v -0.028749 -0.061094 -0.036482
v -0.028241 -0.054402 -0.036522
v 0.016854 -0.022223 -0.039191
v 0.022862 -0.022400 -0.036044
v 0.018931 -0.009202 -0.037405
v 0.025422 -0.011658 -0.035764
v 0.019295 -0.009360 -0.038244
v -0.015744 0.010043 -0.035963
v -0.008819 0.009755 -0.037959
v 0.026109 -0.041498 -0.038186
v 0.028766 -0.041495 -0.035675
v 0.026882 -0.025339 -0.036347
v -0.004246 0.002041 -0.038644
v -0.011239 0.005076 -0.037599
v -0.014797 0.005238 -0.036519
v 0.006334 0.014711 -0.038044
v 0.011532 0.014780 -0.037303
v 0.011636 0.011878 -0.037189
v 0.006675 0.011900 -0.038019
v -0.011088 0.011850 -0.037327
v -0.014593 0.011540 -0.036449
v -0.000470 -0.009100 -0.038237
v -0.006026 -0.009215 -0.037090
v -0.028806 -0.041606 -0.035712
v -0.026317 -0.041599 -0.038104
v -0.026402 -0.025599 -0.036884
v 0.000584 -0.009022 -0.037412
v 0.005050 -0.005114 -0.037076
v 0.009753 -0.009259 -0.036138
v -0.010534 0.010015 -0.037800
v -0.015133 0.010153 -0.036403
v -0.014013 -0.003172 -0.036574
v -0.011004 -0.003332 -0.037821
v -0.010913 0.011715 -0.037567
v -0.014348 0.011438 -0.036697
v -0.014430 0.001750 -0.036416
v -0.011230 0.001534 -0.037767
v -0.036049 0.002652 -0.037121
v -0.037628 0.006865 -0.036441
v -0.015071 -0.004721 -0.036279
v -0.009742 -0.005057 -0.037785
v -0.010826 0.006541 -0.037755
v -0.014667 0.006859 -0.036205
v -0.015026 0.000339 -0.036446
v -0.011082 0.000019 -0.037561
v -0.094551 0.001309 -0.036226
v -0.093981 -0.005999 -0.036703
v 0.007659 -0.009665 -0.038164
v 0.014174 -0.009718 -0.036207
v -0.000409 0.026884 -0.036862
v -0.007074 0.026152 -0.036688
v -0.036899 -0.001808 -0.037137
v -0.038577 -0.006008 -0.036502
v -0.011258 0.006345 -0.037781
v -0.014736 0.006621 -0.036370
v -0.010688 -0.004783 -0.037769
v -0.014628 -0.004562 -0.036612
v 0.000164 -0.009057 -0.037768
v 0.009753 -0.009259 -0.036138
v 0.007309 -0.009256 -0.037227
v -0.000470 -0.009100 -0.038237
v 0.014479 -0.004038 -0.036554
v 0.009899 -0.003529 -0.038140
v 0.012009 0.001985 -0.037173
v 0.003842 0.002091 -0.037972
v -0.002035 -0.005153 -0.037358
v -0.005525 -0.009173 -0.036998
v -0.010706 -0.005102 -0.035942
v -0.010035 -0.005078 -0.036988
v -0.002035 -0.005153 -0.037358
v -0.000006 0.011966 -0.038873
v -0.003496 0.003552 -0.037210
v -0.003349 0.002714 -0.037230
v -0.008280 0.004763 -0.036519
v -0.008280 0.004763 -0.036519
v -0.008429 0.002043 -0.036497
v 0.025958 -0.025289 -0.036945
v 0.026109 -0.041498 -0.038186
v 0.038171 -0.024767 -0.036933
v 0.037381 -0.024916 -0.037996
v 0.037051 -0.024335 -0.037704
v 0.038159 -0.024028 -0.036162
v -0.094161 0.001412 -0.036838
v -0.093734 -0.005455 -0.037148
v -0.075471 -0.001722 -0.037498
v -0.075114 0.004197 -0.036789
v -0.040086 -0.041859 -0.036965
v -0.039988 -0.047876 -0.037482
v 0.034377 -0.022111 -0.036339
v 0.029108 -0.022759 -0.038444
v 0.003435 0.002755 -0.037203
v 0.007134 0.004786 -0.036684
v -0.036684 -0.002323 -0.037208
v -0.038069 -0.006481 -0.036755
v 0.038610 -0.025726 -0.036948
v 0.038173 -0.026476 -0.037953
v -0.011817 0.014926 -0.037432
v -0.014812 0.015240 -0.036542
v 0.003844 0.004739 -0.037838
v 0.007134 0.004786 -0.036684
v 0.003543 0.004169 -0.037184
v 0.007134 0.004786 -0.036684
v -0.004132 0.004735 -0.037835
v -0.008280 0.004763 -0.036519
v -0.003932 0.004778 -0.038822
v -0.003816 0.004490 -0.037182
v -0.008280 0.004763 -0.036519
v -0.039032 -0.041600 -0.038689
v -0.038423 -0.014583 -0.036367
v -0.004309 0.002054 -0.037801
v -0.008429 0.002043 -0.036497
v -0.003877 0.002328 -0.037177
v -0.008429 0.002043 -0.036497
v -0.016643 -0.041579 -0.040389
v -0.026317 -0.041599 -0.038104
v -0.023091 -0.041576 -0.035916
v -0.026055 -0.025072 -0.036839
v -0.024801 -0.025184 -0.037663
v -0.092496 -0.005349 -0.037957
v -0.076694 -0.009211 -0.037210
v -0.092432 -0.010612 -0.036827
v -0.076722 0.005325 -0.037948
v -0.092525 0.009186 -0.037195
v -0.076545 0.010430 -0.036812
v 0.018723 -0.023172 -0.038740
v 0.022862 -0.022400 -0.036044
v -0.018329 -0.022878 -0.038831
v -0.023394 -0.022431 -0.035794
v -0.010901 -0.010500 -0.038356
v -0.014456 -0.010332 -0.036805
v 0.014017 -0.010154 -0.036803
v 0.008184 -0.009942 -0.038566
v -0.000092 -0.005110 -0.038954
v 0.005660 -0.005073 -0.037549
v 0.011217 0.005257 -0.037593
v 0.015279 0.004935 -0.035909
v -0.037979 -0.012427 -0.036725
v -0.038425 -0.041626 -0.039330
v -0.076197 -0.003468 -0.037768
v -0.075036 -0.006072 -0.036569
v -0.076694 -0.009211 -0.037210
v -0.075690 -0.005807 -0.037063
v -0.092984 0.003304 -0.037807
v -0.094132 0.008614 -0.036139
v -0.093298 0.008732 -0.036716
v -0.092460 0.003879 -0.038102
v -0.011139 -0.003938 -0.037777
v -0.011064 -0.004640 -0.037804
v -0.014379 -0.003974 -0.036692
v -0.014319 -0.003381 -0.036709
v -0.010927 0.010803 -0.037831
v -0.014348 0.011438 -0.036697
v -0.011024 0.010122 -0.037812
v -0.014556 0.010864 -0.036615
v -0.010962 0.015131 -0.037841
v -0.013496 0.015952 -0.037023
v -0.010990 0.001032 -0.037822
v -0.015318 0.001437 -0.036346
v -0.010309 0.000217 -0.038012
v -0.015102 0.000834 -0.036419
v -0.014741 0.005767 -0.036547
v -0.011394 0.005274 -0.037718
v 0.012917 0.000204 -0.037030
v 0.008808 0.000332 -0.038361
v -0.011395 0.005823 -0.037725
v -0.014848 0.006385 -0.036519
v 0.039510 -0.041404 -0.038019
v 0.039039 -0.026152 -0.036523
v -0.000291 0.026093 -0.037355
v -0.004263 0.016924 -0.037211
v -0.007074 0.026152 -0.036688
v -0.001845 -0.061593 -0.037445
v 0.007182 -0.047786 -0.036793
v 0.008101 -0.061574 -0.036619
v -0.000097 -0.047792 -0.046926
v -0.000097 -0.047792 -0.046926
v -0.001845 -0.061593 -0.037445
v -0.002666 -0.047804 -0.037386
v 0.007182 -0.047786 -0.036793
v -0.005544 0.009700 -0.037433
v -0.001151 0.009704 -0.038892
v 0.004539 0.011951 -0.037625
v -0.000006 0.011966 -0.038873
v 0.004414 0.016919 -0.037110
v -0.000291 0.026093 -0.037355
v 0.004904 0.026107 -0.036970
v 0.010180 0.016826 -0.037652
v 0.003892 0.016905 -0.037696
v 0.013233 0.006628 -0.036859
v 0.009936 0.006572 -0.038046
v 0.007908 -0.004979 -0.038337
v 0.014179 -0.004671 -0.036561
v -0.008831 0.008591 -0.042147
v -0.009636 0.003235 -0.042718
v -0.035419 0.003153 -0.037232
v 0.011949 0.011671 -0.037231
v 0.008782 0.011351 -0.038368
v -0.022628 -0.023438 -0.037076
v -0.018853 -0.023217 -0.038758
v 0.020779 -0.023617 -0.038092
v 0.022862 -0.022400 -0.036044
v -0.003859 0.007000 -0.037773
v -0.009395 0.006918 -0.037904
v 0.004184 -0.002836 -0.037192
v 0.001055 -0.000219 -0.037378
v 0.007393 -0.000151 -0.036667
v 0.001055 -0.000219 -0.037378
v 0.005101 -0.000114 -0.038144
v -0.035419 0.003153 -0.037232
v -0.036902 -0.000603 -0.037124
v -0.003999 0.002107 -0.038687
v -0.004154 0.002065 -0.037153
v 0.008735 -0.004630 -0.038284
v 0.014060 -0.004419 -0.036761
v 0.009817 0.016614 -0.037862
v 0.014070 0.016323 -0.036741
v 0.038893 -0.041476 -0.038908
v 0.038594 -0.026366 -0.037265
v -0.012140 -0.036751 -0.038557
v -0.017806 -0.036895 -0.036379
v -0.014342 -0.011912 -0.037805
v -0.000103 -0.009069 -0.037879
v -0.005525 -0.009173 -0.036998
v -0.003932 0.004778 -0.038822
v -0.003768 0.004484 -0.037271
v 0.003657 0.002139 -0.038760
v 0.003671 0.002135 -0.037196
v 0.003548 0.004639 -0.038830
v 0.003651 0.004695 -0.037182
v -0.002035 -0.005153 -0.037358
v 0.000584 -0.009022 -0.037412
v -0.005525 -0.009173 -0.036998
v 0.009641 -0.003915 -0.038182
v 0.014060 -0.004419 -0.036761
v -0.003721 0.002391 -0.037321
v -0.003581 0.002219 -0.038953
v 0.011861 0.014981 -0.037297
v 0.008577 0.015350 -0.038401
v -0.010593 -0.009953 -0.037656
v -0.010932 -0.009946 -0.037543
v -0.014136 -0.009940 -0.036560
v -0.003506 0.002369 -0.038901
v -0.003349 0.002714 -0.037230
v -0.003669 0.004512 -0.038874
v -0.003435 0.004206 -0.037220
v 0.003373 0.004135 -0.037438
v 0.003302 0.004447 -0.038956
v 0.003421 0.002241 -0.038844
v 0.003404 0.002576 -0.037401
v -0.012140 -0.036751 -0.038557
v -0.014947 -0.041483 -0.039576
v -0.017806 -0.036895 -0.036379
v -0.014947 -0.041483 -0.039576
v -0.017983 -0.041348 -0.038177
v -0.017806 -0.036895 -0.036379
v 0.003211 0.004223 -0.039058
v 0.003031 0.003286 -0.037234
v 0.001889 0.016886 -0.038931
v -0.004965 0.016886 -0.037636
v 0.003289 0.002395 -0.038915
v 0.003031 0.003286 -0.037234
v -0.003385 0.002632 -0.038980
v -0.003349 0.002714 -0.037230
v 0.008577 0.015350 -0.038401
v 0.013100 0.015669 -0.037065
v -0.003375 0.003258 -0.037430
v -0.003435 0.004206 -0.037220
v -0.003306 0.002822 -0.039185
v -0.003368 0.003751 -0.038949
v 0.003093 0.003431 -0.039091
v 0.003031 0.003286 -0.037234
v -0.000155 -0.002842 -0.038750
v 0.003120 0.002715 -0.039100
v 0.003031 0.003286 -0.037234
v 0.009936 0.006572 -0.038046
v 0.011841 0.005775 -0.037515
v -0.007030 -0.002933 -0.038353
v -0.011370 -0.003228 -0.037543
v -0.007363 0.016806 -0.038358
v -0.013815 0.016491 -0.036753
v 0.024959 -0.011631 -0.036463
v 0.019457 -0.009442 -0.039191
v 0.008782 0.011351 -0.038368
v 0.011592 0.010756 -0.037586
v -0.002787 -0.000169 -0.038920
v 0.001457 -0.000186 -0.037830
v -0.010893 0.001656 -0.037729
v -0.014093 0.001932 -0.036391
v -0.000578 0.014657 -0.038988
v 0.004377 0.014652 -0.037671
v 0.005348 0.007006 -0.037739
v 0.002052 0.006988 -0.038363
v 0.001429 0.006964 -0.039015
v -0.009636 0.003235 -0.042718
v -0.009636 0.003235 -0.042718
v -0.036703 -0.041624 -0.040218
v -0.036703 -0.041624 -0.040218
v -0.035419 0.003153 -0.037232
v 0.035958 -0.023178 -0.037332
v 0.029108 -0.022759 -0.038444
v -0.036703 -0.041624 -0.040218
v -0.036136 -0.000123 -0.037232
v -0.025017 -0.024930 -0.037350
v -0.022613 -0.024002 -0.037588
v -0.009742 -0.005057 -0.037785
v -0.001454 -0.005135 -0.037971
v -0.005647 0.014651 -0.037574
v -0.000578 0.014657 -0.038988
v -0.004263 0.016924 -0.037211
v -0.000291 0.026093 -0.037355
v 0.004414 0.016919 -0.037110
v 0.002494 0.016899 -0.038248
v -0.004263 0.016924 -0.037211
v -0.004329 0.007034 -0.037225
v 0.003846 0.009674 -0.037239
v 0.005100 0.007034 -0.037040
v -0.004329 0.007034 -0.037225
v 0.001055 -0.000219 -0.037378
v -0.005147 -0.002863 -0.037097
v -0.005270 -0.000193 -0.037076
v -0.003177 -0.000179 -0.038291
v 0.001055 -0.000219 -0.037378
v 0.003846 0.009674 -0.037239
v -0.004329 0.007034 -0.037225
v -0.005069 0.009683 -0.037088
v -0.001684 0.009697 -0.038331
v 0.003846 0.009674 -0.037239
v 0.003839 0.014615 -0.037240
v -0.005176 0.011957 -0.037085
v -0.005110 0.014627 -0.037080
v -0.000096 0.014645 -0.038436
v -0.005110 0.014627 -0.037080
v -0.026317 -0.041599 -0.038104
v -0.025626 -0.025448 -0.037266
v 0.008808 0.000332 -0.038361
v 0.012755 0.000766 -0.037218
v 0.000584 -0.009022 -0.037412
v -0.002035 -0.005153 -0.037358
v 0.005050 -0.005114 -0.037076
v -0.000595 -0.005126 -0.038309
v 0.005050 -0.005114 -0.037076
v 0.038173 -0.026476 -0.037953
v 0.037900 -0.025168 -0.037566
v -0.001151 0.009704 -0.038892
v 0.003730 0.009713 -0.038065
v 0.001055 -0.000219 -0.037378
v 0.004184 -0.002836 -0.037192
v -0.005147 -0.002863 -0.037097
v 0.000379 -0.002842 -0.038266
v -0.005147 -0.002863 -0.037097
v -0.001143 0.006946 -0.039112
v -0.004329 0.007034 -0.037225
v 0.003839 0.014615 -0.037240
v 0.004051 0.011979 -0.037200
v -0.005176 0.011957 -0.037085
v 0.000568 0.011968 -0.038333
v -0.005176 0.011957 -0.037085
v 0.018930 -0.009257 -0.039539
v 0.024721 -0.011650 -0.036920
v -0.037053 -0.006119 -0.037212
v -0.038425 -0.041626 -0.039330
v 0.000341 0.006962 -0.039177
v -0.004329 0.007034 -0.037225
v -0.037564 -0.041601 -0.039772
v -0.036684 -0.002323 -0.037208
v -0.008556 0.016448 -0.038333
v -0.013237 0.016363 -0.037131
v 0.019255 -0.023695 -0.038762
v 0.025187 -0.024806 -0.037228
v -0.093748 0.001698 -0.037495
v -0.093123 -0.005327 -0.037551
v -0.076759 -0.003903 -0.038108
v -0.075969 -0.001483 -0.037790
v -0.092460 0.003879 -0.038102
v -0.093250 0.001459 -0.037788
v -0.075471 -0.001722 -0.037498
v -0.076095 0.005302 -0.037542
v 0.011382 -0.036694 -0.038762
v 0.014090 -0.011866 -0.037836
v 0.016636 -0.036666 -0.036843
v -0.024801 -0.025184 -0.037663
v -0.022359 -0.024137 -0.037801
v 0.008693 0.015814 -0.038372
v 0.014070 0.016323 -0.036741
v -0.010901 -0.010500 -0.038356
v -0.014572 -0.011462 -0.037520
v 0.020706 -0.023725 -0.038220
v 0.025482 -0.024491 -0.036832
v 0.018926 -0.041263 -0.037740
v 0.012069 -0.041257 -0.040429
v 0.016636 -0.036666 -0.036843
v 0.012069 -0.041257 -0.040429
v 0.011382 -0.036694 -0.038762
v 0.016636 -0.036666 -0.036843
v -0.010691 0.015521 -0.037906
v -0.013237 0.016363 -0.037131
v 0.022061 -0.021562 -0.040107
v 0.024517 -0.018831 -0.038193
v 0.026065 -0.021690 -0.038632
v 0.025938 -0.020891 -0.038279
v 0.022061 -0.021562 -0.040107
v 0.023222 -0.022687 -0.040229
v -0.092940 0.000539 -0.037995
v -0.092496 -0.005349 -0.037957
v -0.076279 -0.000562 -0.037996
v -0.076722 0.005325 -0.037948
v -0.076759 -0.003903 -0.038108
v -0.076694 -0.009211 -0.037210
v -0.092496 -0.005349 -0.037957
v -0.076722 0.005325 -0.037948
v -0.092460 0.003879 -0.038102
v -0.092525 0.009186 -0.037195
v 0.010293 0.006677 -0.037799
v 0.005959 0.006975 -0.038473
v -0.010687 0.011452 -0.039934
v -0.016578 0.016329 -0.037136
v -0.004961 -0.009562 -0.038516
v -0.010577 -0.009430 -0.036904
v 0.021512 -0.010828 -0.038976
v 0.015474 -0.007933 -0.041450
v 0.008227 0.000213 -0.038345
v 0.013746 -0.000018 -0.036564
v 0.039919 -0.047722 -0.037482
v 0.039539 -0.041647 -0.037988
v 0.006039 0.006772 -0.038682
v 0.009936 0.006572 -0.038046
v -0.005518 -0.009708 -0.038797
v 0.006586 0.010007 -0.038597
v 0.011470 0.009849 -0.037343
v 0.009667 -0.010960 -0.038787
v 0.014011 -0.010537 -0.037280
v -0.004624 0.011892 -0.038777
v -0.010759 0.011676 -0.037671
v -0.011154 0.005039 -0.037593
v -0.007593 0.005135 -0.038616
v 0.006422 0.005240 -0.038827
v 0.010552 0.005103 -0.037703
v -0.006564 0.010111 -0.038824
v -0.009074 0.009860 -0.038003
v -0.011278 0.015007 -0.037652
v -0.007421 0.014696 -0.038338
v -0.006833 -0.003130 -0.038570
v -0.011004 -0.003332 -0.037821
v -0.008091 0.001774 -0.038343
v -0.011230 0.001534 -0.037767
v 0.024716 -0.012021 -0.037168
v 0.020933 -0.010801 -0.039473
v 0.012400 0.001753 -0.037174
v 0.007405 0.001633 -0.038625
v 0.008423 0.011531 -0.038327
v 0.011636 0.011878 -0.037189
v 0.013944 -0.011245 -0.037613
v 0.010085 -0.011551 -0.039041
v -0.010173 -0.004897 -0.037809
v -0.004886 -0.004981 -0.038894
v -0.009732 0.006751 -0.037921
v -0.006499 0.006652 -0.038825
v -0.006019 -0.004742 -0.038851
v -0.011064 -0.004640 -0.037804
v 0.009010 0.016415 -0.038186
v 0.005815 0.016488 -0.038893
v 0.010366 -0.003311 -0.037869
v 0.004568 -0.003002 -0.038943
v -0.009055 0.009744 -0.041471
v -0.016597 0.015787 -0.037811
v 0.008213 0.015145 -0.038355
v 0.011532 0.014780 -0.037303
v 0.007100 0.010111 -0.038649
v 0.011366 0.010157 -0.037530
v 0.006074 0.006577 -0.038890
v 0.010290 0.006238 -0.037947
v 0.006343 0.005848 -0.038837
v 0.011635 0.005468 -0.037602
v -0.007151 0.014901 -0.038522
v -0.010962 0.015131 -0.037841
v 0.008430 0.000844 -0.038419
v 0.013173 0.001405 -0.037124
v 0.008526 0.010947 -0.038391
v 0.011321 0.010436 -0.037685
v 0.036720 -0.024813 -0.038264
v 0.036293 -0.023665 -0.037775
v -0.020463 -0.023948 -0.038474
v -0.022613 -0.024002 -0.037588
v -0.016950 -0.026625 -0.039447
v -0.016643 -0.041579 -0.040389
v -0.016578 0.016329 -0.037136
v -0.007336 0.005761 -0.038659
v -0.011258 0.006345 -0.037781
v -0.007593 0.005135 -0.038616
v -0.011257 0.005792 -0.037765
v -0.004777 0.000317 -0.039133
v -0.010591 0.000756 -0.037931
v -0.006964 0.001166 -0.038762
v -0.011230 0.001534 -0.037767
v -0.006482 -0.004611 -0.038863
v -0.010950 -0.004013 -0.037832
v -0.006548 -0.003969 -0.038854
v -0.011004 -0.003332 -0.037821
v -0.006564 0.010111 -0.038824
v -0.010655 0.010846 -0.037907
v -0.006658 0.010803 -0.038814
v -0.010544 0.011531 -0.037942
v -0.006520 0.015217 -0.038852
v -0.009262 0.015895 -0.038284
v 0.037492 -0.026157 -0.038343
v 0.037381 -0.024916 -0.037996
v 0.028441 -0.023059 -0.038880
v 0.036293 -0.023665 -0.037775
v -0.012579 0.011975 -0.040365
v -0.016688 0.015391 -0.038343
v -0.076731 -0.000151 -0.038289
v -0.076759 -0.003903 -0.038108
v -0.092496 -0.005349 -0.037957
v -0.092487 0.000128 -0.038289
v -0.076731 -0.000151 -0.038289
v -0.092496 -0.005349 -0.037957
v -0.076722 0.005325 -0.037948
v -0.092487 0.000128 -0.038289
v -0.092460 0.003879 -0.038102
v -0.076731 -0.000151 -0.038289
v -0.092487 0.000128 -0.038289
v -0.076722 0.005325 -0.037948
v -0.010722 0.000077 -0.037732
v -0.002787 -0.000169 -0.038920
v 0.016886 -0.041514 -0.040302
v 0.016886 -0.041514 -0.040302
v 0.025012 -0.025086 -0.037544
v 0.025012 -0.025086 -0.037544
v 0.019255 -0.023695 -0.038762
v -0.026317 -0.041599 -0.038104
v -0.016643 -0.041579 -0.040389
v -0.024801 -0.025184 -0.037663
v 0.026109 -0.041498 -0.038186
v -0.016643 -0.041579 -0.040389
v -0.016643 -0.041579 -0.040389
v -0.020654 -0.024154 -0.038506
v -0.020654 -0.024154 -0.038506
v -0.024801 -0.025184 -0.037663
v -0.005793 -0.010164 -0.039186
v -0.010901 -0.010500 -0.038356
v 0.011382 -0.036694 -0.038762
v 0.010085 -0.011551 -0.039041
v 0.014090 -0.011866 -0.037836
v 0.023950 -0.018479 -0.038438
v 0.020933 -0.010801 -0.039473
v 0.024782 -0.012419 -0.037375
v 0.038893 -0.041476 -0.038908
v 0.037489 -0.026483 -0.038445
v -0.010580 -0.010986 -0.038624
v -0.014342 -0.011912 -0.037805
v -0.016643 -0.041579 -0.040389
v -0.011099 0.011957 -0.039390
v -0.016578 0.016329 -0.037136
v 0.003576 0.004864 -0.038929
v 0.005978 0.005108 -0.038756
v 0.006422 0.005240 -0.038827
v 0.010156 0.004903 -0.037707
v 0.006861 0.001755 -0.038562
v 0.012009 0.001985 -0.037173
v 0.005337 0.016598 -0.038803
v 0.010180 0.016826 -0.037652
v 0.003575 0.001961 -0.038916
v 0.007405 0.001633 -0.038625
v 0.003886 -0.009948 -0.039303
v 0.006979 -0.009532 -0.038071
v 0.003585 0.009888 -0.038944
v 0.007100 0.010111 -0.038649
v -0.004212 0.000145 -0.039033
v -0.010309 0.000217 -0.038012
v 0.003752 -0.002958 -0.038804
v 0.011553 -0.002948 -0.037327
v -0.007906 0.005047 -0.038419
v -0.003932 0.004778 -0.038822
v -0.039087 -0.041740 -0.038631
v -0.039988 -0.047876 -0.037482
v -0.038425 -0.041626 -0.039330
v -0.037590 -0.047870 -0.039846
v -0.039988 -0.047876 -0.037482
v 0.037600 -0.047725 -0.039850
v 0.038893 -0.041476 -0.038908
v 0.039919 -0.047722 -0.037482
v -0.006126 0.011547 -0.038790
v -0.010544 0.011531 -0.037942
v -0.007208 0.016648 -0.038483
v -0.009004 0.016259 -0.038370
v 0.036151 -0.024419 -0.038290
v 0.023571 -0.023815 -0.040665
v 0.013099 -0.006331 -0.039660
v 0.016854 -0.022223 -0.039191
v 0.018931 -0.009202 -0.037405
v 0.019095 -0.009275 -0.038409
v 0.014429 -0.007065 -0.041071
v 0.013959 -0.006797 -0.040366
v 0.018931 -0.009202 -0.037405
v -0.017414 -0.041395 -0.038444
v -0.023091 -0.041576 -0.035916
v 0.004327 -0.009704 -0.038787
v -0.000470 -0.009100 -0.038237
v -0.004064 0.001963 -0.038816
v -0.008339 0.001972 -0.038165
v 0.036535 -0.025524 -0.038707
v 0.037381 -0.024916 -0.037996
v -0.007480 -0.036544 -0.039710
v -0.011281 -0.041331 -0.040652
v -0.012140 -0.036751 -0.038557
v -0.011281 -0.041331 -0.040652
v -0.014947 -0.041483 -0.039576
v -0.012140 -0.036751 -0.038557
v -0.009118 -0.011813 -0.039358
v -0.012140 -0.036751 -0.038557
v -0.014342 -0.011912 -0.037805
v -0.000401 -0.000037 -0.039141
v 0.004775 -0.000085 -0.038832
v 0.002913 0.001680 -0.039217
v 0.007405 0.001633 -0.038625
v 0.016013 -0.041510 -0.040316
v 0.026109 -0.041498 -0.038186
v -0.007110 0.009984 -0.038549
v -0.001151 0.009704 -0.038892
v -0.000363 -0.009453 -0.038824
v -0.005518 -0.009708 -0.038797
v 0.013543 -0.041411 -0.040361
v 0.018926 -0.041263 -0.037740
v -0.004403 -0.005012 -0.038808
v -0.009742 -0.005057 -0.037785
v 0.010085 -0.011551 -0.039041
v 0.008075 -0.010735 -0.039040
v 0.003414 0.015023 -0.039185
v 0.007230 0.014937 -0.038448
v 0.023571 -0.023815 -0.040665
v 0.026632 -0.022165 -0.038770
v -0.003691 0.004906 -0.038980
v -0.007593 0.005135 -0.038616
v 0.004354 0.000092 -0.038915
v 0.008808 0.000332 -0.038361
v -0.001775 0.009924 -0.039138
v -0.006564 0.010111 -0.038824
v -0.001378 0.014875 -0.039177
v -0.007421 0.014696 -0.038338
v -0.006657 -0.003196 -0.038664
v -0.002805 -0.003135 -0.039207
v -0.001516 0.006936 -0.039076
v -0.007027 0.006738 -0.038590
v 0.003159 -0.004114 -0.039250
v 0.009150 -0.004408 -0.038285
v 0.002953 -0.003464 -0.039285
v 0.009437 -0.004010 -0.038228
v 0.007477 0.011717 -0.038426
v 0.004443 0.011635 -0.039037
v 0.003226 -0.004690 -0.039238
v 0.008308 -0.004757 -0.038331
v 0.004076 -0.003180 -0.039053
v 0.009899 -0.003529 -0.038140
v 0.005545 0.016045 -0.038910
v 0.008577 0.015350 -0.038401
v 0.005815 0.016488 -0.038893
v 0.008596 0.015814 -0.038394
v 0.002454 0.001107 -0.039276
v 0.008808 0.000332 -0.038361
v 0.002860 0.001519 -0.039251
v 0.007753 0.001177 -0.038552
v 0.004179 0.011003 -0.039071
v 0.007100 0.010111 -0.038649
v 0.004443 0.011635 -0.039037
v 0.007426 0.010600 -0.038591
v -0.003782 0.001864 -0.039041
v -0.007640 0.001641 -0.038522
v 0.004930 0.011715 -0.038862
v -0.000006 0.011966 -0.038873
v -0.006405 0.015731 -0.038860
v -0.009004 0.016259 -0.038370
v -0.002319 -0.003046 -0.039040
v -0.007030 -0.002933 -0.038353
v 0.001889 0.016886 -0.038931
v -0.003421 0.016690 -0.038992
v 0.003886 -0.009948 -0.039303
v -0.000060 -0.009553 -0.038992
v 0.022381 -0.024323 -0.041192
v 0.036132 -0.025147 -0.038761
v -0.015993 -0.041538 -0.039984
v -0.023091 -0.041576 -0.035916
v -0.003743 0.002014 -0.038975
v -0.004246 0.002041 -0.038644
v -0.000578 0.014657 -0.038988
v 0.003805 0.014936 -0.039012
v -0.002056 -0.004700 -0.039336
v -0.005206 -0.004864 -0.038905
v -0.006826 0.015005 -0.038651
v -0.001815 0.015028 -0.039322
v -0.004442 0.011776 -0.038876
v -0.006572 0.011388 -0.038844
v -0.002958 0.016635 -0.039173
v -0.006307 0.016479 -0.038755
v -0.006753 0.005986 -0.038764
v -0.003247 0.005081 -0.039213
v 0.002695 -0.004811 -0.039114
v 0.007908 -0.004979 -0.038337
v 0.000434 0.011776 -0.039125
v 0.004443 0.011635 -0.039037
v -0.003458 0.001664 -0.039131
v -0.007356 0.001433 -0.038720
v 0.005997 0.006781 -0.038678
v 0.001429 0.006964 -0.039015
v 0.038045 -0.041411 -0.039470
v 0.036780 -0.026393 -0.038947
v 0.004568 -0.003002 -0.038943
v -0.000170 -0.002988 -0.039025
v -0.009118 -0.011813 -0.039358
v -0.006177 -0.033443 -0.039929
v -0.012140 -0.036751 -0.038557
v -0.007433 -0.035631 -0.039691
v -0.012140 -0.036751 -0.038557
v -0.005912 -0.010559 -0.039549
v -0.009403 -0.011344 -0.039082
v -0.000231 -0.003000 -0.039046
v -0.002805 -0.003135 -0.039207
v 0.002951 0.001835 -0.039185
v 0.003519 0.002155 -0.038842
v 0.007380 -0.035913 -0.039713
v 0.011382 -0.036694 -0.038762
v 0.006693 -0.034445 -0.039836
v 0.010085 -0.011551 -0.039041
v 0.011382 -0.036694 -0.038762
v -0.002056 -0.004700 -0.039336
v -0.006396 -0.004035 -0.038879
v -0.002102 0.010071 -0.039313
v -0.006483 0.010710 -0.038843
v -0.004478 0.000658 -0.039141
v -0.007356 0.001433 -0.038720
v 0.001383 0.006772 -0.039166
v 0.006074 0.006577 -0.038890
v -0.002990 0.005667 -0.039244
v -0.006499 0.006652 -0.038825
v 0.005647 -0.032964 -0.039989
v 0.010085 -0.011551 -0.039041
v 0.005815 0.016488 -0.038893
v 0.001515 0.016758 -0.039067
v 0.003126 0.005057 -0.039153
v 0.006422 0.005240 -0.038827
v 0.036427 -0.025754 -0.038856
v 0.013116 -0.025744 -0.043909
v -0.020654 -0.024154 -0.038506
v -0.018688 -0.023136 -0.038810
v 0.007686 -0.037603 -0.039995
v 0.011382 -0.036694 -0.038762
v 0.012069 -0.041257 -0.040429
v 0.007421 -0.039080 -0.040611
v 0.011382 -0.036694 -0.038762
v 0.000248 0.011828 -0.039057
v -0.004624 0.011892 -0.038777
v 0.000925 0.016665 -0.039184
v -0.002958 0.016635 -0.039173
v -0.003306 0.002822 -0.039185
v -0.003475 0.002435 -0.038922
v 0.002951 0.001835 -0.039185
v 0.003272 0.002335 -0.038950
v 0.001361 0.000373 -0.039290
v 0.004775 -0.000085 -0.038832
v 0.023950 -0.018479 -0.038438
v 0.018535 -0.023016 -0.041716
v 0.020933 -0.010801 -0.039473
v 0.000673 0.011643 -0.039308
v -0.003089 0.011639 -0.039128
v -0.003247 0.005081 -0.039213
v -0.003590 0.004619 -0.039009
v -0.002022 0.006607 -0.039217
v -0.006499 0.006652 -0.038825
v -0.002102 0.010071 -0.039313
v 0.003341 0.009948 -0.039034
v -0.001488 0.009854 -0.039062
v 0.003834 0.009749 -0.038771
v 0.003266 0.004563 -0.039017
v 0.003740 0.004791 -0.038811
v 0.000577 0.016549 -0.039319
v 0.003738 0.015531 -0.039126
v -0.004886 -0.004981 -0.038894
v -0.001745 -0.004819 -0.039214
v -0.003101 -0.000038 -0.038993
v 0.000121 0.000017 -0.039249
v 0.002853 0.005187 -0.039242
v 0.006121 0.005895 -0.038873
v 0.000673 0.011643 -0.039308
v 0.003293 0.010738 -0.039171
v -0.017107 -0.022335 -0.039155
v 0.004736 -0.031938 -0.040126
v 0.007164 -0.011533 -0.039701
v 0.010085 -0.011551 -0.039041
v -0.002678 -0.003728 -0.039241
v -0.006467 -0.003389 -0.038879
v -0.002609 0.010956 -0.039266
v -0.006572 0.011388 -0.038844
v -0.002800 0.016121 -0.039203
v -0.006008 0.016315 -0.038917
v -0.001815 0.015028 -0.039322
v -0.006169 0.015792 -0.038894
v 0.003268 0.004845 -0.039095
v 0.003740 0.004791 -0.038811
v 0.003087 0.004666 -0.039173
v 0.003740 0.004791 -0.038811
v 0.002526 0.005725 -0.039250
v 0.006074 0.006577 -0.038890
v 0.016854 -0.022223 -0.039191
v 0.016886 -0.041514 -0.040302
v 0.019255 -0.023695 -0.038762
v 0.003086 0.004658 -0.039173
v 0.003302 0.004447 -0.038956
v -0.000461 -0.004977 -0.039073
v 0.003226 -0.004690 -0.039238
v 0.003092 0.004676 -0.039171
v 0.003300 0.004955 -0.039089
v 0.003000 0.004543 -0.039243
v 0.003060 0.004630 -0.039193
v -0.003660 0.002016 -0.039007
v -0.002667 0.001336 -0.039309
v 0.003081 0.004668 -0.039176
v 0.002853 0.005187 -0.039242
v 0.002853 0.005187 -0.039242
v 0.003180 0.004864 -0.039132
v 0.003302 0.004447 -0.038956
v 0.003034 0.004584 -0.039213
v 0.003124 0.004024 -0.039221
v 0.003137 0.004382 -0.039143
v -0.000947 0.014799 -0.039113
v 0.003414 0.015023 -0.039185
v -0.003429 0.002399 -0.039059
v -0.002667 0.001336 -0.039309
v 0.003024 0.004485 -0.039237
v 0.003302 0.004447 -0.038956
v 0.037600 -0.047725 -0.039850
v 0.038020 -0.041631 -0.039494
v 0.003035 0.004437 -0.039241
v 0.003016 0.004550 -0.039232
v 0.002951 0.001835 -0.039185
v 0.003126 0.002605 -0.039096
v 0.003028 0.004590 -0.039217
v 0.002853 0.005187 -0.039242
v 0.003293 -0.003315 -0.039186
v -0.000228 -0.003140 -0.039311
v 0.022112 -0.021080 -0.039922
v 0.018535 -0.023016 -0.041716
v -0.000149 0.006959 -0.039344
v -0.001384 0.006820 -0.039202
v 0.001306 0.006570 -0.039326
v 0.001306 0.006570 -0.039326
v 0.003063 0.003677 -0.039227
v -0.001500 0.006583 -0.039341
v -0.003295 0.003858 -0.039141
v 0.001306 0.006570 -0.039326
v 0.003065 0.004269 -0.039233
v -0.003256 0.004817 -0.039178
v -0.001500 0.006583 -0.039341
v 0.001306 0.006570 -0.039326
v 0.003016 0.004493 -0.039242
v 0.001306 0.006570 -0.039326
v 0.002879 0.004972 -0.039244
v 0.007333 -0.010966 -0.039326
v 0.002737 -0.011336 -0.040242
v 0.003652 -0.010423 -0.039597
v 0.008184 -0.009942 -0.038566
v 0.003001 0.002537 -0.039214
v 0.001306 0.006570 -0.039326
v -0.001500 0.006583 -0.039341
v -0.003022 0.002382 -0.039235
v 0.037219 -0.041479 -0.040029
v 0.037219 -0.041479 -0.040029
v 0.013116 -0.025744 -0.043909
v 0.013116 -0.025744 -0.043909
v 0.036780 -0.026393 -0.038947
v -0.002087 0.006383 -0.039326
v -0.003247 0.005081 -0.039213
v -0.001363 0.006694 -0.039301
v -0.001516 0.006936 -0.039076
v -0.001450 0.006611 -0.039332
v -0.001516 0.006936 -0.039076
v 0.001323 0.006759 -0.039185
v -0.000149 0.006959 -0.039344
v -0.001550 0.006707 -0.039238
v -0.002297 0.006369 -0.039326
v 0.002906 0.001690 -0.039216
v 0.001306 0.006570 -0.039326
v 0.002342 0.001198 -0.039290
v -0.000149 0.006959 -0.039344
v -0.001358 0.006683 -0.039310
v -0.001421 0.006623 -0.039331
v -0.001326 0.006730 -0.039291
v -0.000488 0.000287 -0.039309
v -0.004777 0.000317 -0.039133
v -0.002419 0.001040 -0.039303
v -0.004777 0.000317 -0.039133
v 0.000255 0.016024 -0.039307
v 0.003414 0.015023 -0.039185
v -0.002168 -0.003882 -0.039280
v -0.000228 -0.003140 -0.039311
v -0.002015 0.015734 -0.039269
v 0.000577 0.016549 -0.039319
v -0.001446 0.006607 -0.039336
v -0.000149 0.006959 -0.039344
v 0.000005 -0.009859 -0.039522
v -0.005641 -0.010102 -0.039152
v -0.000565 0.000419 -0.039356
v 0.000121 0.000017 -0.039249
v 0.000086 0.000352 -0.039349
v 0.000230 0.000256 -0.039315
v 0.000121 0.000017 -0.039249
v 0.001711 0.000567 -0.039338
v 0.002964 -0.003948 -0.039267
v -0.000228 -0.003140 -0.039311
v 0.000673 0.011643 -0.039308
v -0.002225 0.010805 -0.039289
v -0.000588 -0.003735 -0.039314
v 0.003226 -0.004690 -0.039238
v -0.002102 0.010071 -0.039313
v 0.000992 0.011101 -0.039288
v -0.000110 0.000392 -0.039370
v 0.000595 0.006672 -0.039335
v 0.001015 0.000583 -0.039350
v 0.000079 0.000414 -0.039366
v 0.001306 0.006570 -0.039326
v 0.001306 0.006570 -0.039326
v -0.001728 0.001169 -0.039332
v -0.001500 0.006583 -0.039341
v -0.000839 0.006690 -0.039343
v -0.000110 0.000392 -0.039370
v -0.000299 0.000409 -0.039366
v -0.001500 0.006583 -0.039341
v -0.000186 0.000366 -0.039358
v 0.000121 0.000017 -0.039249
v -0.002667 0.001336 -0.039309
v -0.000671 0.000447 -0.039356
v -0.000481 0.000415 -0.039363
v -0.000661 0.000440 -0.039356
v 0.000021 0.000397 -0.039367
v 0.000260 0.000424 -0.039363
v -0.005610 -0.010925 -0.039737
v -0.009118 -0.011813 -0.039358
v 0.013099 -0.006331 -0.039660
v 0.016886 -0.041514 -0.040302
v 0.016854 -0.022223 -0.039191
v -0.008611 0.009541 -0.041342
v -0.011099 0.011957 -0.039390
v -0.007700 -0.038431 -0.040331
v -0.011281 -0.041331 -0.040652
v -0.037564 -0.041768 -0.039776
v -0.037590 -0.047870 -0.039846
v 0.002958 -0.010709 -0.039839
v 0.000005 -0.009859 -0.039522
v -0.004758 -0.011440 -0.040085
v -0.006177 -0.033443 -0.039929
v -0.009118 -0.011813 -0.039358
v -0.000683 -0.010693 -0.039977
v -0.005912 -0.010559 -0.039549
v -0.000921 -0.011312 -0.040334
v -0.005055 -0.011127 -0.039904
v 0.016372 -0.008785 -0.041347
v 0.020933 -0.010801 -0.039473
v 0.008116 -0.041529 -0.042890
v 0.016886 -0.041514 -0.040302
v 0.013099 -0.006331 -0.039660
v -0.009871 -0.041564 -0.042533
v -0.011099 0.011957 -0.039390
v -0.009871 -0.041564 -0.042533
v -0.006918 -0.034599 -0.042741
v -0.011099 0.011957 -0.039390
v -0.006918 -0.034599 -0.042741
v -0.003986 -0.031315 -0.042947
v -0.011099 0.011957 -0.039390
v 0.002737 -0.011336 -0.040242
v -0.000171 -0.010547 -0.039899
v -0.003986 -0.031315 -0.042947
v -0.000573 0.003305 -0.041322
v -0.011099 0.011957 -0.039390
v -0.000573 0.003305 -0.041322
v -0.007767 0.009175 -0.040886
v 0.015128 -0.007615 -0.041262
v 0.019457 -0.009442 -0.039191
v 0.004736 -0.031938 -0.040126
v 0.002737 -0.011336 -0.040242
v 0.007164 -0.011533 -0.039701
v -0.004758 -0.011440 -0.040085
v -0.000921 -0.011312 -0.040334
v -0.006177 -0.033443 -0.039929
v -0.000921 -0.011312 -0.040334
v -0.005105 -0.032332 -0.040069
v -0.009028 0.009322 -0.041723
v -0.013060 0.012185 -0.040300
v 0.007762 -0.003093 -0.040876
v 0.008116 -0.041529 -0.042890
v 0.013099 -0.006331 -0.039660
v 0.008190 -0.003415 -0.041729
v 0.013099 -0.006331 -0.039660
v 0.013548 -0.006576 -0.040323
v 0.008373 -0.003589 -0.042641
v 0.018535 -0.023016 -0.041716
v 0.016714 -0.009196 -0.041359
v 0.020933 -0.010801 -0.039473
v 0.001046 -0.030311 -0.040393
v 0.002737 -0.011336 -0.040242
v 0.004736 -0.031938 -0.040126
v -0.009871 -0.041564 -0.042533
v -0.015518 -0.041523 -0.039960
v -0.000921 -0.011312 -0.040334
v -0.003047 -0.030947 -0.040272
v -0.036703 -0.041624 -0.040218
v -0.006686 -0.047804 -0.046449
v -0.037590 -0.047870 -0.039846
v 0.006480 -0.041532 -0.046582
v 0.006480 -0.041532 -0.046582
v 0.037219 -0.041479 -0.040029
v 0.037600 -0.047725 -0.039850
v 0.037600 -0.047725 -0.039850
v 0.006254 -0.047780 -0.046500
v -0.008429 -0.041559 -0.046185
v -0.036703 -0.041624 -0.040218
v -0.009780 -0.041561 -0.045882
v 0.009151 -0.041524 -0.046000
v 0.001046 -0.030311 -0.040393
v -0.001995 -0.030541 -0.040351
v -0.000921 -0.011312 -0.040334
v 0.001046 -0.030311 -0.040393
v -0.000921 -0.011312 -0.040334
v 0.002737 -0.011336 -0.040242
v -0.006523 -0.041555 -0.046610
v -0.006686 -0.047804 -0.046449
v -0.036703 -0.041624 -0.040218
v 0.007997 -0.041528 -0.046252
v 0.037219 -0.041479 -0.040029
v 0.006524 -0.041446 -0.041866
v 0.007421 -0.039080 -0.040611
v 0.012069 -0.041257 -0.040429
v 0.022318 -0.022481 -0.040434
v 0.018535 -0.023016 -0.041716
v 0.007869 -0.003198 -0.041750
v 0.005165 -0.001290 -0.042694
v -0.000944 0.003604 -0.041873
v -0.001277 0.003873 -0.042054
v -0.007111 0.008615 -0.041410
v 0.003281 -0.030945 -0.042975
v 0.006111 -0.033437 -0.042786
v 0.007762 -0.003093 -0.040876
v 0.006621 -0.034465 -0.042762
v 0.007762 -0.003093 -0.040876
v 0.007589 -0.037952 -0.042790
v 0.007337 -0.041301 -0.043011
v 0.007762 -0.003093 -0.040876
v -0.003986 -0.031315 -0.042947
v -0.000416 -0.030268 -0.043059
v -0.000573 0.003305 -0.041322
v -0.007465 -0.039112 -0.040616
v -0.006601 -0.041440 -0.041791
v -0.011281 -0.041331 -0.040652
v 0.012658 -0.041346 -0.040462
v 0.006524 -0.041446 -0.041866
v 0.018535 -0.023016 -0.041716
v 0.013116 -0.025744 -0.043909
v 0.016714 -0.009196 -0.041359
v -0.000573 0.003305 -0.041322
v 0.003281 -0.030945 -0.042975
v 0.007762 -0.003093 -0.040876
v 0.005783 -0.001696 -0.042054
v -0.000573 0.003305 -0.041322
v -0.006601 -0.041440 -0.041791
v -0.011765 -0.041372 -0.040494
v -0.000416 -0.030268 -0.043059
v 0.003281 -0.030945 -0.042975
v -0.000573 0.003305 -0.041322
v 0.005165 -0.001290 -0.042694
v -0.009178 -0.041558 -0.042572
v -0.014947 -0.041483 -0.039576
v -0.006620 -0.041494 -0.042423
v -0.014947 -0.041483 -0.039576
v 0.014815 -0.007399 -0.041242
v 0.008373 -0.003589 -0.042641
v 0.008116 -0.041529 -0.042890
v 0.014866 -0.041507 -0.040459
v 0.007573 -0.041495 -0.042432
v 0.014145 -0.041503 -0.040429
v 0.013116 -0.025744 -0.043909
v 0.019297 -0.023409 -0.041638
v 0.013116 -0.025744 -0.043909
v 0.012014 -0.006814 -0.042780
v 0.016714 -0.009196 -0.041359
v -0.004205 0.005719 -0.042948
v -0.007582 0.008841 -0.041490
v 0.015758 -0.008304 -0.041466
v 0.012014 -0.006814 -0.042780
v -0.003725 0.005497 -0.042764
v -0.007111 0.008615 -0.041410
v 0.008116 -0.041529 -0.042890
v 0.006683 -0.041498 -0.042633
v -0.005802 -0.042589 -0.046687
v -0.006540 -0.041540 -0.042780
v 0.006466 -0.041532 -0.043170
v 0.006464 -0.041531 -0.042756
v 0.005223 -0.043209 -0.046740
v 0.006006 -0.042163 -0.046398
v -0.004859 0.005284 -0.043305
v -0.008869 0.009011 -0.041891
v -0.004556 0.005518 -0.043121
v -0.009055 0.009744 -0.041471
v -0.006534 -0.041555 -0.043169
v -0.007549 -0.038736 -0.042853
v -0.009871 -0.041564 -0.042533
v -0.007996 -0.039002 -0.042775
v -0.006918 -0.034599 -0.042741
v -0.008831 0.008591 -0.042147
v -0.004859 0.005284 -0.043305
v -0.009636 0.003235 -0.042718
v 0.007911 -0.003434 -0.042902
v 0.007487 -0.003224 -0.043045
v 0.015474 -0.007933 -0.041450
v -0.001485 0.003883 -0.042816
v -0.004205 0.005719 -0.042948
v 0.006841 -0.034987 -0.043105
v 0.006111 -0.033437 -0.042786
v 0.007233 -0.035808 -0.045930
v 0.006479 -0.034227 -0.045572
v 0.007576 -0.039395 -0.042873
v 0.007206 -0.035766 -0.042740
v 0.007233 -0.035808 -0.045930
v 0.007438 -0.039060 -0.042880
v 0.007206 -0.035766 -0.042740
v -0.007549 -0.038736 -0.042853
v -0.007443 -0.035956 -0.045919
v -0.006918 -0.034599 -0.042741
v -0.007443 -0.035956 -0.045919
v -0.005164 -0.032230 -0.045967
v -0.006918 -0.034599 -0.042741
v 0.007233 -0.035808 -0.045930
v 0.007438 -0.039015 -0.046128
v 0.007438 -0.039060 -0.042880
v -0.005164 -0.032230 -0.045967
v -0.003986 -0.031315 -0.042947
v -0.006918 -0.034599 -0.042741
v -0.007325 -0.039692 -0.046202
v -0.007443 -0.035956 -0.045919
v -0.007549 -0.038736 -0.042853
v 0.012537 -0.006903 -0.042521
v 0.007642 -0.004173 -0.043583
v 0.007463 -0.003726 -0.043434
v 0.015474 -0.007933 -0.041450
v 0.005500 -0.032851 -0.045576
v 0.006111 -0.033437 -0.042786
v 0.003281 -0.030945 -0.042975
v 0.004175 -0.031547 -0.046000
v 0.006111 -0.033437 -0.042786
v -0.005164 -0.032230 -0.045967
v -0.007443 -0.035956 -0.045919
v -0.009636 0.003235 -0.042718
v -0.007443 -0.035956 -0.045919
v -0.007443 -0.035956 -0.045919
v -0.009780 -0.041561 -0.045882
v -0.007954 -0.039841 -0.046097
v -0.009636 0.003235 -0.042718
v 0.007438 -0.039060 -0.042880
v 0.005763 -0.001860 -0.042900
v -0.001641 0.004165 -0.042597
v -0.005164 -0.032230 -0.045967
v -0.001244 -0.030311 -0.046105
v -0.003986 -0.031315 -0.042947
v 0.003133 -0.031054 -0.045661
v 0.003281 -0.030945 -0.042975
v 0.005165 -0.001290 -0.042694
v -0.006534 -0.041555 -0.043169
v -0.007325 -0.039692 -0.046202
v -0.007549 -0.038736 -0.042853
v -0.001244 -0.030311 -0.046105
v -0.000416 -0.030268 -0.043059
v -0.003986 -0.031315 -0.042947
v 0.007149 -0.039778 -0.045919
v 0.007438 -0.039060 -0.042880
v 0.006480 -0.041532 -0.046582
v 0.006782 -0.040731 -0.043415
v -0.000416 -0.030268 -0.043059
v 0.001897 -0.030524 -0.046087
v 0.003281 -0.030945 -0.042975
v -0.001244 -0.030311 -0.046105
v 0.001897 -0.030524 -0.046087
v -0.000416 -0.030268 -0.043059
v -0.004482 0.005470 -0.043131
v -0.002264 0.003321 -0.043679
v 0.007185 -0.003162 -0.043273
v -0.000649 0.003059 -0.043101
v -0.004859 0.005284 -0.043305
v -0.005164 -0.032230 -0.045967
v -0.009636 0.003235 -0.042718
v -0.006872 -0.040746 -0.046163
v -0.006534 -0.041555 -0.043169
v 0.013116 -0.025744 -0.043909
v 0.007642 -0.004173 -0.043583
v 0.012014 -0.006814 -0.042780
v -0.006534 -0.041555 -0.043169
v -0.001860 0.003262 -0.043567
v -0.004205 0.005719 -0.042948
v 0.007325 -0.003550 -0.043408
v 0.002987 -0.000771 -0.043891
v 0.002725 -0.000336 -0.043746
v 0.007185 -0.003162 -0.043273
v 0.006632 -0.034489 -0.045923
v 0.007642 -0.004173 -0.043583
v 0.005091 -0.032381 -0.045959
v 0.007642 -0.004173 -0.043583
v 0.008031 -0.037941 -0.045941
v 0.007642 -0.004173 -0.043583
v 0.013116 -0.025744 -0.043909
v 0.009151 -0.041524 -0.046000
v 0.007642 -0.004173 -0.043583
v -0.002264 0.003321 -0.043679
v -0.001244 -0.030311 -0.046105
v -0.004859 0.005284 -0.043305
v -0.001244 -0.030311 -0.046105
v -0.005164 -0.032230 -0.045967
v -0.004859 0.005284 -0.043305
v 0.002987 -0.000771 -0.043891
v -0.000692 0.002610 -0.043521
v 0.004175 -0.031547 -0.046000
v 0.002987 -0.000771 -0.043891
v 0.007642 -0.004173 -0.043583
v 0.002987 -0.000771 -0.043891
v -0.001244 -0.030311 -0.046105
v -0.002264 0.003321 -0.043679
v 0.002998 -0.030967 -0.046041
v 0.002987 -0.000771 -0.043891
v 0.001897 -0.030524 -0.046087
v -0.001244 -0.030311 -0.046105
v 0.002987 -0.000771 -0.043891
v -0.006110 -0.042224 -0.046652
v -0.006686 -0.047804 -0.046449
v 0.005696 -0.042785 -0.046677
v 0.006254 -0.047780 -0.046500
v -0.007217 -0.040649 -0.046344
v -0.009780 -0.041561 -0.045882
v 0.007765 -0.039233 -0.046084
v 0.007233 -0.035808 -0.045930
v 0.007317 -0.040611 -0.046310
v 0.009151 -0.041524 -0.046000
v -0.004789 -0.043875 -0.046759
v -0.006686 -0.047804 -0.046449
v -0.003811 -0.044325 -0.046850
v -0.000097 -0.047792 -0.046926
v -0.006686 -0.047804 -0.046449
v -0.000097 -0.047792 -0.046926
v 0.002354 -0.044988 -0.046931
v 0.006254 -0.047780 -0.046500
v 0.002354 -0.044988 -0.046931
v 0.005223 -0.043209 -0.046740
v 0.006254 -0.047780 -0.046500
v -0.003811 -0.044325 -0.046850
v -0.000819 -0.045869 -0.046948
v -0.000117 -0.046146 -0.046949
v 0.002354 -0.044988 -0.046931
vn 0.0940 0.9955 -0.0113
vn -0.0666 -0.0622 0.9958
vn -0.2460 0.9692 0.0123
vn -0.3021 0.9533 -0.0011
vn 0.2758 0.9611 0.0169
vn 0.0722 -0.0567 0.9958
vn 0.0019 -1.0000 -0.0008
vn 0.0020 -1.0000 -0.0008
vn 0.5223 0.8527 -0.0087
vn -0.0857 -0.0358 0.9957
vn -0.6601 0.7512 -0.0018
vn -0.7372 0.6755 0.0185
vn -0.0044 0.0786 0.9969
vn -0.0861 -0.9940 0.0674
vn 0.0581 0.0639 0.9963
vn -0.0401 0.0713 0.9966
vn -0.0698 0.0710 0.9950
vn 0.0631 0.0697 0.9956
vn -0.3875 -0.9209 -0.0418
vn 0.4019 -0.9154 0.0233
vn -0.2116 -0.0133 0.9773
vn -0.2074 -0.0346 0.9776
vn 0.2071 -0.0207 0.9781
vn 0.9982 -0.0606 0.0014
vn -0.9980 -0.0579 -0.0268
vn 0.1626 0.0667 0.9844
vn 0.9979 -0.0644 0.0053
vn -0.9863 -0.1529 0.0623
vn 0.1818 0.0696 0.9809
vn -0.7684 -0.6373 0.0589
vn -0.1821 0.0689 0.9809
vn -0.1628 0.0701 0.9842
vn 0.2334 0.0701 0.9699
vn 0.0019 -1.0000 -0.0007
vn 0.0018 -1.0000 -0.0006
vn 0.2089 -0.0299 0.9775
vn -0.2088 0.0684 0.9756
vn 0.2051 0.0764 0.9758
vn 0.2045 0.0774 0.9758
vn 0.2417 0.0718 0.9677
vn 0.3436 0.0734 0.9362
vn 0.3513 0.0706 0.9336
vn -0.1801 0.1099 0.9775
vn 0.2445 0.2132 0.9459
vn -0.1803 -0.0444 -0.9826
vn 0.0249 -0.0569 -0.9981
vn -0.0112 -0.0522 -0.9986
vn 0.0682 -0.0526 -0.9963
vn -0.1363 -0.0494 -0.9894
vn -0.0917 -0.0620 -0.9939
vn -0.1848 -0.0499 -0.9815
vn -0.1354 -0.0541 -0.9893
vn -0.2058 0.1198 0.9712
vn -0.2183 0.2158 0.9517
vn 0.1903 -0.0536 -0.9803
vn 0.3018 -0.0470 -0.9522
vn 0.8358 0.5489 0.0085
vn 0.3668 0.2560 0.8944
vn -0.2067 0.0671 0.9761
vn -0.3206 -0.0532 -0.9457
vn -0.3199 -0.0535 -0.9459
vn 0.4538 0.0726 0.8882
vn -0.1747 0.0941 0.9801
vn -0.1990 0.3458 0.9170
vn 0.3681 -0.0518 -0.9284
vn 0.3240 0.2840 0.9024
vn 0.4302 0.0845 0.8988
vn -0.9694 0.2451 0.0174
vn 0.9703 0.2417 -0.0031
vn 0.9871 0.1573 -0.0299
vn 0.2129 0.3722 0.9034
vn -0.2070 0.2638 0.9421
vn 0.0136 -0.0019 0.9999
vn -0.0696 -0.9976 -0.0028
vn 0.0754 -0.9972 0.0012
vn -0.0754 0.0032 0.9971
vn -0.0583 -0.0009 0.9983
vn 0.0754 -0.0009 0.9972
vn -0.4035 -0.9150 0.0009
vn -0.4102 -0.9120 0.0006
vn 0.4102 -0.9120 -0.0024
vn 0.4148 -0.9099 -0.0022
vn -0.2202 -0.0473 -0.9743
vn -0.6950 -0.7190 -0.0021
vn 0.2376 0.3237 0.9158
vn -0.9999 -0.0023 -0.0098
vn 0.6982 -0.7159 0.0010
vn -0.1787 0.0001 0.9839
vn 0.7920 -0.6105 -0.0024
vn 0.2077 -0.0003 0.9782
vn 0.2258 -0.0038 0.9742
vn -0.7883 -0.6152 0.0014
vn 0.2390 0.0258 0.9707
vn -0.9197 -0.3916 -0.0277
vn -0.2313 -0.0039 0.9729
vn 0.9573 -0.2886 -0.0141
vn -0.9837 -0.1778 0.0282
vn 0.9865 -0.1615 0.0255
vn 0.2071 -0.0568 -0.9767
vn 0.2190 -0.0536 -0.9742
vn 0.2291 -0.0480 -0.9722
vn -0.2089 -0.0531 -0.9765
vn 0.3488 0.3337 0.8758
vn -0.2032 0.3264 0.9231
vn -0.3460 -0.0650 -0.9360
vn -0.2305 0.3254 0.9171
vn -0.3209 0.3665 0.8733
vn -0.3470 0.3574 0.8671
vn -0.6865 0.0633 0.7244
vn 0.3774 0.4410 0.8143
vn 0.4307 0.2525 0.8665
vn -0.6630 0.0018 0.7486
vn 0.6991 -0.0364 0.7141
vn -0.7173 -0.0376 0.6958
vn 0.2936 0.0049 0.9559
vn -0.2691 0.0004 0.9631
vn -0.0131 0.9999 0.0053
vn -0.3458 -0.0024 0.9383
vn -0.2070 0.3587 0.9102
vn -0.0013 0.0605 0.9982
vn 0.0009 -0.0414 0.9991
vn -0.0010 -0.0501 0.9987
vn -0.0053 0.0481 0.9988
vn 0.4575 -0.0494 -0.8878
vn -0.4995 -0.0448 -0.8652
vn -0.4679 -0.0737 -0.8807
vn 0.5341 0.0737 0.8422
vn 0.5319 0.0754 0.8434
vn 0.3819 0.3817 0.8417
vn 0.3255 0.4778 0.8160
vn 0.0010 -0.1621 0.9868
vn -0.0010 -0.1683 0.9857
vn 0.0052 0.1668 0.9860
vn -0.3733 0.0012 0.9277
vn -0.0059 0.2101 0.9777
vn -0.2032 0.4070 0.8905
vn 0.0601 -0.0076 0.9982
vn 0.0016 -1.0000 -0.0052
vn 0.0828 0.0074 0.9965
vn -0.0477 -0.0297 0.9984
vn 0.0220 0.0273 0.9994
vn 0.0213 0.0776 0.9968
vn -0.0315 -0.0723 0.9969
vn 0.0182 0.1081 0.9940
vn -0.0598 -0.0253 0.9979
vn 0.0204 -0.0896 0.9958
vn -0.0272 -0.0157 0.9995
vn -0.0465 -0.0015 0.9989
vn 0.0741 0.0131 0.9972
vn -0.0777 0.0603 0.9952
vn -0.6432 -0.0564 -0.7636
vn -0.4430 0.3492 0.8257
vn -0.4080 0.3755 0.8322
vn 0.0996 0.0386 0.9943
vn -0.1443 0.0023 0.9895
vn 0.1521 -0.0215 0.9881
vn 0.1232 -0.0418 0.9915
vn 0.6107 0.0880 0.7869
vn 0.4154 -0.0003 0.9097
vn 0.4252 -0.0027 0.9051
vn -0.4516 -0.0047 0.8922
vn -0.1360 0.0340 0.9901
vn 0.0029 -1.0000 -0.0051
vn -0.1797 0.0058 0.9837
vn -0.2022 -0.0095 0.9793
vn 0.1941 -0.0019 0.9810
vn 0.1732 0.0204 0.9847
vn 0.1435 0.7741 0.6167
vn 0.7228 -0.0469 -0.6895
vn -0.0547 -0.0818 0.9951
vn -0.1952 0.0199 0.9806
vn -0.0319 0.0834 0.9960
vn 0.2018 -0.0334 0.9788
vn 0.1998 -0.0298 0.9794
vn 0.1915 -0.0626 0.9795
vn 0.0020 -0.3059 0.9521
vn -0.0007 -0.3136 0.9496
vn 0.0043 0.3220 0.9467
vn 0.0072 0.3301 0.9439
vn -0.0492 -0.0707 0.9963
vn 0.5450 -0.0572 -0.8365
vn 0.2033 -0.0087 0.9791
vn -0.2038 0.0612 0.9771
vn -0.1964 -0.0418 0.9796
vn -0.2192 0.0005 0.9757
vn -0.2070 0.0008 0.9783
vn -0.0590 0.1835 0.9812
vn -0.2530 -0.0502 0.9662
vn 0.2349 0.0285 0.9716
vn 0.2677 0.1018 0.9581
vn -0.2047 0.4616 0.8632
vn -0.2072 0.4507 0.8683
vn 0.2475 0.0554 0.9673
vn 0.4749 0.3434 0.8103
vn -0.6822 -0.0074 0.7311
vn -0.6774 0.0012 0.7356
vn -0.2869 0.0034 0.9580
vn 0.0022 1.0000 0.0082
vn 0.0010 -1.0000 -0.0066
vn -0.0298 -0.2301 0.9727
vn -0.5292 0.3422 0.7764
vn -0.3099 -0.0010 0.9508
vn -0.2792 -0.0184 0.9601
vn -0.9756 -0.0200 0.2187
vn 0.9776 -0.0060 0.2102
vn 0.4789 0.0048 0.8778
vn -0.9772 -0.0440 0.2079
vn 0.0015 -1.0000 -0.0009
vn 0.0021 -1.0000 -0.0010
vn 0.9783 -0.0469 0.2019
vn -0.9671 0.0724 0.2439
vn -0.9737 0.0594 0.2198
vn 0.9751 0.0716 0.2097
vn 0.9749 0.0726 0.2103
vn -0.4771 0.0001 0.8789
vn 0.3234 -0.0083 0.9462
vn -0.0028 -1.0000 -0.0026
vn 0.0014 -1.0000 -0.0025
vn 0.3186 -0.0118 0.9478
vn 0.7910 0.0014 0.6119
vn 0.7848 0.0120 0.6196
vn 0.5331 0.3420 0.7739
vn 0.5992 0.1014 0.7942
vn -0.2801 -0.0783 0.9568
vn -0.0080 0.9999 0.0066
vn 0.0019 -1.0000 -0.0020
vn -0.3252 -0.0129 0.9456
vn 0.3207 0.0496 0.9459
vn -0.0340 0.2553 0.9663
vn 0.3402 0.0168 0.9402
vn 0.3254 -0.0176 0.9454
vn 0.3476 0.0185 0.9375
vn -1.0000 -0.0019 -0.0005
vn -1.0000 -0.0015 -0.0005
vn -1.0000 0.0009 -0.0009
vn -1.0000 0.0035 0.0035
vn -1.0000 -0.0021 -0.0003
vn -1.0000 -0.0037 0.0008
vn -1.0000 -0.0033 0.0004
vn -1.0000 -0.0038 0.0008
vn -1.0000 -0.0042 -0.0010
vn 1.0000 0.0036 0.0051
vn 1.0000 0.0025 0.0056
vn -0.3779 0.0693 0.9232
vn -0.3785 0.0511 0.9242
vn -0.3503 -0.0031 0.9366
vn -0.3785 0.0512 0.9242
vn -0.3502 -0.0031 0.9367
vn -0.0480 -0.3285 0.9433
vn -0.0636 -0.3479 0.9354
vn 0.0015 -0.4322 0.9018
vn 0.0008 -0.4353 0.9003
vn -0.0063 0.4283 0.9036
vn 0.4463 0.4200 0.7902
vn 0.5071 -0.0499 -0.8605
vn -0.5931 -0.0420 -0.8041
vn 0.6005 0.7893 0.1282
vn -0.0341 0.3623 0.9314
vn -0.0643 -0.0535 0.9965
vn -0.0045 0.0539 0.9985
vn -0.4040 0.0135 0.9147
vn 0.6073 -0.0508 -0.7928
vn 0.3751 -0.0715 0.9242
vn 0.3763 -0.0162 0.9263
vn 0.3814 -0.0252 0.9241
vn 0.3633 -0.0449 0.9306
vn 1.0000 0.0012 0.0034
vn 1.0000 -0.0007 0.0046
vn 0.5119 0.3766 0.7721
vn 0.5729 0.3488 0.7417
vn 0.4173 0.0437 0.9077
vn 0.4075 0.0549 0.9116
vn -0.0140 -0.1402 0.9900
vn -0.0508 0.1531 0.9869
vn -0.0358 -0.1610 0.9863
vn 0.0042 -1.0000 -0.0056
vn -0.4206 0.0055 0.9072
vn -0.4327 -0.0016 0.9015
vn 0.4284 -0.0215 0.9033
vn -0.0020 1.0000 0.0091
vn -1.0000 -0.0024 0.0061
vn 0.4869 0.0167 0.8733
vn 0.5529 0.0027 0.8333
vn 0.5785 -0.0049 0.8157
vn -0.0410 -0.2686 0.9624
vn -0.0421 0.2168 0.9753
vn 0.0072 -0.4800 0.8773
vn 0.0058 0.4825 0.8759
vn 0.4689 0.0084 0.8832
vn -0.5448 0.3676 0.7537
vn 0.6884 0.1553 0.7085
vn -1.0000 -0.0012 -0.0022
vn -1.0000 -0.0012 0.0011
vn -0.0082 1.0000 0.0026
vn 0.4658 0.0351 0.8842
vn -0.5709 -0.0020 0.8210
vn -0.0585 0.4670 0.8823
vn 0.9498 -0.0552 -0.3079
vn -0.5760 -0.0030 0.8174
vn -0.0516 0.4554 0.8888
vn 0.0020 0.9999 0.0116
vn -0.4761 0.0545 0.8777
vn -0.0200 0.3476 0.9374
vn -0.4607 0.0024 0.8876
vn -0.1971 0.5607 0.8042
vn -0.4677 -0.0088 0.8838
vn -0.4746 -0.0742 0.8771
vn -0.4729 -0.0526 0.8796
vn -0.5075 0.0118 0.8616
vn -0.4660 -0.0049 0.8848
vn 0.6126 -0.0514 -0.7887
vn -0.0594 -0.3509 0.9345
vn -0.0186 0.3466 0.9378
vn -0.4731 -0.0530 0.8794
vn -0.9349 -0.0595 -0.3498
vn 0.5923 0.5141 0.6204
vn 0.6476 0.1935 0.7370
vn -0.6571 -0.0665 -0.7509
vn 0.0641 0.0298 -0.9975
vn -0.0014 1.0000 -0.0070
vn 0.5161 -0.0405 0.8556
vn -0.0296 -0.4889 0.8718
vn -0.0532 -0.0118 -0.9985
vn -1.0000 -0.0008 -0.0025
vn 1.0000 0.0025 0.0016
vn 0.0705 0.0238 -0.9972
vn 0.5240 -0.0548 0.8499
vn -0.0027 1.0000 -0.0043
vn -0.0062 1.0000 -0.0062
vn -0.1714 0.0191 -0.9850
vn 0.5223 -0.0747 0.8495
vn 0.5176 -0.0764 0.8522
vn 0.5119 0.0340 0.8584
vn 0.6032 0.3784 0.7021
vn -0.1781 0.0142 -0.9839
vn -0.0063 -0.5931 0.8051
vn 0.0079 -0.5677 0.8232
vn -0.0068 0.5594 0.8289
vn 0.0042 0.5982 0.8014
vn 0.6616 0.6840 0.3072
vn -0.0303 -0.9995 -0.0003
vn -0.0247 -0.9997 -0.0007
vn 0.0048 -1.0000 -0.0049
vn -0.5504 -0.0017 0.8349
vn -0.5436 0.0028 0.8393
vn -0.5884 0.0353 0.8078
vn -0.0085 0.9999 0.0118
vn -0.0043 1.0000 0.0079
vn 0.2530 -0.0045 -0.9674
vn 0.2609 0.0035 -0.9654
vn -0.9999 -0.0066 0.0098
vn 0.5666 -0.0241 0.8236
vn 0.0010 -1.0000 -0.0022
vn -1.0000 -0.0015 0.0041
vn 0.6526 0.0047 0.7577
vn 0.6684 -0.0009 0.7438
vn -0.0022 -0.4343 0.9008
vn -0.0563 0.4528 0.8898
vn 0.3361 0.0268 -0.9414
vn -0.0022 1.0000 -0.0075
vn 0.0011 1.0000 -0.0079
vn -0.0039 1.0000 -0.0043
vn -0.3569 0.0001 -0.9341
vn 0.0273 -0.9996 -0.0000
vn 0.0021 -1.0000 -0.0008
vn -0.3700 -0.0055 -0.9290
vn -0.5465 -0.0971 0.8318
vn -0.6859 -0.0522 -0.7258
vn 0.6757 -0.0502 -0.7355
vn 0.6974 -0.0338 -0.7158
vn -0.9999 -0.0094 0.0080
vn 1.0000 -0.0020 0.0036
vn 0.0029 0.9999 0.0096
vn -0.6342 0.0021 0.7732
vn -0.6667 -0.0010 0.7453
vn -0.0601 -0.5679 0.8209
vn -1.0000 0.0007 0.0088
vn 0.7593 0.4712 0.4488
vn -0.6301 0.3553 0.6904
vn 0.5593 0.0326 0.8283
vn -0.5816 -0.0079 0.8134
vn 0.6015 0.0142 0.7988
vn 0.6493 -0.0543 -0.7586
vn -0.5833 -0.0026 0.8123
vn -0.0060 0.4937 0.8696
vn 0.7315 0.2584 0.6310
vn -0.5574 0.0514 0.8287
vn -0.6013 -0.0312 0.7984
vn -0.5578 0.0356 0.8292
vn -0.5578 0.0355 0.8292
vn -0.2114 0.5916 0.7780
vn -0.0472 -0.5263 0.8490
vn -1.0000 -0.0030 0.0047
vn -1.0000 0.0005 0.0041
vn 0.6987 -0.0518 -0.7135
vn 1.0000 0.0024 0.0054
vn -0.5135 -0.0717 -0.8551
vn -0.0421 -0.5955 0.8023
vn -0.0102 0.0116 0.9999
vn 0.1441 0.0806 0.9863
vn -0.0163 0.0169 0.9997
vn -0.0312 0.5954 0.8028
vn 1.0000 -0.0024 -0.0032
vn 0.4460 -0.0111 -0.8950
vn 0.0077 1.0000 -0.0009
vn -0.6264 0.3481 0.6974
vn 0.0010 -0.9995 -0.0322
vn -0.0237 -0.9990 0.0373
vn 0.6106 0.0476 0.7905
vn -0.6150 -0.0627 0.7860
vn -0.6150 -0.0628 0.7860
vn -0.1957 0.6533 0.7314
vn -0.2128 0.0543 0.9756
vn 1.0000 -0.0013 0.0049
vn -1.0000 0.0001 0.0016
vn 1.0000 0.0031 0.0015
vn 1.0000 0.0065 0.0021
vn -0.0042 -0.6746 0.7382
vn -0.0073 0.6686 0.7436
vn 0.8070 0.1328 0.5754
vn -0.0052 0.9999 0.0108
vn 0.3155 -0.0540 -0.9474
vn 0.7115 -0.0613 -0.7001
vn 0.6679 0.3427 0.6607
vn -0.6336 0.0171 0.7735
vn 0.0074 0.9156 0.4020
vn 0.0294 0.9123 0.4085
vn -0.7537 -0.0670 -0.6538
vn -0.6181 0.0362 0.7852
vn 0.6221 0.0644 0.7803
vn -0.0257 0.9118 0.4099
vn 0.6252 0.0733 0.7770
vn 0.0130 -0.9999 -0.0040
vn 0.0048 -1.0000 -0.0061
vn 0.0037 -1.0000 -0.0069
vn 0.0521 0.9111 0.4090
vn -1.0000 -0.0042 0.0045
vn -1.0000 0.0001 0.0053
vn -0.3080 -0.0042 0.9514
vn -0.6993 0.0028 0.7148
vn -0.0257 -0.5636 0.8256
vn 0.7107 -0.0596 -0.7010
vn -0.0075 0.9999 0.0122
vn 0.0009 0.9999 -0.0114
vn 0.2713 0.0377 0.9618
vn 0.2687 0.0506 0.9619
vn -0.7042 0.3734 0.6039
vn -0.0008 -0.5825 0.8129
vn -0.0435 0.5980 0.8003
vn 0.0008 -1.0000 -0.0017
vn 0.6698 0.0163 0.7424
vn -0.4566 -0.0499 -0.8882
vn -0.6938 0.3490 0.6300
vn 0.0576 -0.0813 -0.9950
vn -0.0392 0.0162 -0.9991
vn 0.6533 -0.0265 0.7566
vn 0.6550 -0.0086 0.7556
vn -0.0385 -0.6142 0.7882
vn -0.0341 0.5931 0.8044
vn 0.6570 -0.0055 0.7538
vn -0.1364 -0.0704 -0.9881
vn -0.0610 0.7028 0.7088
vn -0.0457 0.6830 0.7289
vn 0.2201 -0.0894 -0.9714
vn 0.2669 0.0084 -0.9637
vn 0.1758 -0.0673 -0.9821
vn -0.6477 -0.0572 0.7597
vn 0.6685 -0.0341 0.7430
vn 0.1071 0.9149 0.3891
vn 0.1073 0.9148 0.3894
vn 0.6455 -0.0151 0.7636
vn -0.8331 -0.0067 0.5531
vn -0.8296 0.0035 0.5584
vn -0.1436 0.9103 0.3882
vn -0.1129 0.9181 0.3799
vn 0.6868 0.0054 0.7268
vn -0.7645 -0.0093 0.6446
vn -0.7479 0.0047 0.6638
vn 0.0329 -0.9088 -0.4160
vn 0.6802 -0.0297 0.7325
vn -0.0083 0.9999 0.0088
vn -0.0111 -0.9210 -0.3895
vn -0.4129 0.0754 0.9077
vn 0.6075 0.0111 -0.7942
vn 0.5785 -0.0074 -0.8157
vn -0.0001 1.0000 -0.0016
vn -0.0064 1.0000 -0.0055
vn -0.0024 1.0000 -0.0053
vn -0.5828 0.0060 -0.8126
vn -0.5784 0.0088 -0.8157
vn -0.2097 0.6779 0.7046
vn -0.0721 -0.9116 -0.4046
vn 0.0069 -0.7065 0.7077
vn 0.0046 0.7098 0.7044
vn 0.0807 -0.9049 -0.4179
vn -0.2732 -0.0369 -0.9612
vn 0.7296 -0.0477 -0.6822
vn -0.1509 0.9097 0.3868
vn -0.7020 0.0649 0.7092
vn -0.7009 0.0856 0.7081
vn -0.7009 0.0855 0.7081
vn -0.2753 -0.0499 -0.9601
vn -0.7034 -0.0473 0.7092
vn 0.6881 0.0470 0.7241
vn 0.7047 0.3844 0.5963
vn 0.7428 0.3485 0.5717
vn -0.0019 1.0000 0.0004
vn 0.4160 0.0241 -0.9090
vn 0.1078 -0.9061 -0.4091
vn 0.7691 -0.0040 0.6392
vn 0.7631 -0.0020 0.6462
vn -0.0074 0.9999 0.0088
vn -0.7210 -0.0066 0.6929
vn -0.0289 -0.7052 0.7084
vn -0.1106 -0.9123 -0.3943
vn -0.0020 1.0000 0.0005
vn 0.7266 0.0398 0.6859
vn -0.7214 0.0029 0.6925
vn 0.7064 0.0179 0.7076
vn 0.0358 -0.6866 0.7262
vn -0.0211 -0.6945 0.7192
vn -0.0218 -0.6949 0.7188
vn -0.7306 0.0040 0.6828
vn -0.8161 -0.0504 -0.5757
vn -0.7760 0.3260 0.5399
vn -1.0000 -0.0058 0.0052
vn -1.0000 0.0012 0.0045
vn -0.7274 -0.0030 0.6862
vn -0.7235 -0.0089 0.6903
vn 0.0184 -0.6894 0.7241
vn -0.8078 -0.0418 -0.5879
vn 0.0965 -0.0370 -0.9946
vn -0.0493 0.0781 -0.9957
vn -0.1668 0.7547 0.6345
vn -0.0023 1.0000 0.0015
vn 0.1580 0.0488 -0.9862
vn -0.7643 0.0629 0.6417
vn -1.0000 -0.0010 -0.0001
vn 0.4835 -0.0722 -0.8724
vn -0.5668 0.0088 0.8238
vn 0.7709 -0.0005 0.6369
vn 0.7580 -0.0137 0.6521
vn 1.0000 -0.0006 0.0052
vn -1.0000 -0.0067 0.0002
vn 0.7680 -0.0144 0.6403
vn 0.7945 0.0080 0.6072
vn 0.7663 -0.0638 0.6393
vn 0.7639 0.0127 0.6452
vn 0.7663 0.0038 0.6424
vn -0.7306 -0.0291 0.6822
vn 0.1503 -0.9196 -0.3631
vn 0.7686 -0.0233 0.6393
vn -0.6032 0.0583 0.7955
vn 0.0035 0.9999 0.0108
vn -0.0034 -0.7837 0.6211
vn 0.0002 -0.7771 0.6294
vn -0.0069 0.7710 0.6368
vn -0.0005 0.7884 0.6152
vn -0.0623 -0.7718 0.6328
vn 0.7249 0.0151 -0.6887
vn 0.0002 1.0000 -0.0013
vn -0.7249 -0.0139 -0.6887
vn -0.0053 0.9999 0.0103
vn 0.2133 -0.9073 -0.3622
vn -0.2679 -0.0230 -0.9632
vn 0.7825 -0.0656 0.6192
vn 0.0073 0.0671 0.9977
vn -0.0075 0.0964 0.9953
vn 0.9999 0.0148 0.0031
vn -0.0019 1.0000 0.0010
vn -0.0020 1.0000 0.0008
vn -0.2763 0.0289 -0.9606
vn 0.8053 -0.0720 -0.5884
vn -0.0155 0.7461 0.6657
vn -0.2127 0.9178 0.3351
vn -0.0033 1.0000 0.0006
vn -0.0069 -0.2321 0.9727
vn -0.0101 -0.2260 0.9741
vn -0.2491 0.9104 0.3303
vn 0.5773 -0.0768 -0.8129
vn 0.3974 0.0060 -0.9176
vn 0.9736 -0.0532 -0.2221
vn 0.9737 -0.0528 -0.2217
vn -1.0000 0.0004 0.0045
vn 0.4417 0.0750 -0.8940
vn 0.8227 0.0043 0.5685
vn -0.8366 -0.0041 0.5478
vn -0.0010 0.4996 0.8663
vn -0.9999 -0.0114 -0.0000
vn -1.0000 -0.0061 0.0009
vn 0.0020 -1.0000 -0.0006
vn -0.9819 0.0120 0.1890
vn -0.0096 0.4956 0.8685
vn 0.8527 0.0748 0.5170
vn -0.7611 -0.0327 0.6478
vn -0.7564 -0.0328 0.6532
vn -0.7565 -0.0330 0.6531
vn -0.0027 -0.7728 0.6346
vn -0.0621 -0.7887 0.6116
vn 0.2344 -0.9073 -0.3491
vn 0.2758 0.0455 0.9601
vn -0.8943 -0.0451 0.4451
vn 0.0156 -0.4360 0.8998
vn 0.0056 0.3668 0.9303
vn -0.0006 0.3816 0.9243
vn -0.0514 -0.7846 0.6179
vn -0.0104 0.9999 0.0053
vn -0.9708 -0.0579 -0.2330
vn -0.9749 -0.0532 -0.2164
vn 0.6624 0.0428 -0.7479
vn 0.7865 0.0439 0.6160
vn 1.0000 -0.0017 0.0029
vn 0.8034 0.0206 0.5950
vn -0.8362 -0.0037 0.5483
vn -0.2071 0.8032 0.5585
vn -0.7220 0.0040 0.6919
vn -0.0386 -0.7638 0.6443
vn -0.0431 0.7605 0.6480
vn 0.5859 -0.0206 -0.8101
vn 0.0076 -0.7986 0.6018
vn 0.0024 -0.8519 0.5237
vn 0.0003 -0.8552 0.5183
vn -0.0020 0.8409 0.5413
vn -0.0006 0.8443 0.5359
vn -0.7863 0.3602 0.5020
vn -1.0000 -0.0058 0.0042
vn 0.2548 -0.9159 -0.3103
vn -0.0211 -0.5352 0.8445
vn -0.0011 0.5636 0.8261
vn -0.0074 0.5768 0.8169
vn 0.8393 -0.0566 0.5407
vn 0.2284 0.9136 0.3363
vn -0.8523 -0.0653 -0.5190
vn -0.8606 -0.0557 -0.5062
vn -0.0078 0.7974 0.6034
vn -0.2902 0.9088 0.2998
vn 0.7775 -0.0111 -0.6288
vn -0.0013 1.0000 -0.0078
vn -0.0082 1.0000 -0.0039
vn -0.7894 0.0185 -0.6136
vn 0.0019 -1.0000 -0.0009
vn 0.8211 0.0756 0.5658
vn 0.8627 -0.0034 0.5058
vn -0.0355 0.8072 0.5893
vn -0.0326 -0.8192 0.5726
vn -0.0625 0.8155 0.5753
vn 0.3526 0.0345 0.9351
vn 0.3532 0.0323 0.9350
vn -0.1104 -0.9111 -0.3971
vn -0.0530 0.8365 0.5455
vn 0.8360 0.0512 0.5464
vn -0.7589 0.0617 0.6483
vn 0.8000 0.3649 0.4763
vn 0.8075 0.3576 0.4692
vn -0.0042 1.0000 -0.0036
vn 0.8965 0.0906 0.4338
vn 1.0000 0.0068 0.0026
vn 1.0000 0.0057 0.0031
vn 0.0462 -0.8663 0.4974
vn 0.7450 -0.0920 -0.6607
vn 0.3193 0.9140 0.2504
vn 0.0044 -1.0000 -0.0005
vn -0.0020 1.0000 0.0014
vn 0.6999 0.1036 -0.7067
vn -0.8352 0.3428 0.4300
vn 0.0661 0.0302 -0.9974
vn -0.0662 -0.0286 -0.9974
vn -0.8376 0.3575 0.4131
vn 0.3124 -0.9101 -0.2724
vn 0.9228 0.0510 0.3818
vn 0.9127 0.0841 0.3999
vn -0.7395 -0.0496 -0.6713
vn 0.0234 -0.6884 0.7249
vn -0.8610 -0.0431 0.5068
vn -0.8959 0.0009 0.4442
vn -0.9016 -0.0112 0.4325
vn 0.8985 0.0092 0.4390
vn 0.9026 0.0044 0.4305
vn 0.1657 -0.0111 -0.9861
vn -0.1657 0.0127 -0.9861
vn -0.0000 1.0000 0.0006
vn 0.0016 1.0000 0.0056
vn -0.0024 1.0000 -0.0008
vn -0.0034 1.0000 -0.0016
vn 0.8889 -0.0100 0.4580
vn -1.0000 -0.0000 0.0015
vn -0.0047 1.0000 0.0010
vn 0.0846 -0.0241 0.9961
vn 0.0690 -0.0131 0.9975
vn 0.0035 -1.0000 -0.0012
vn 0.3171 0.0259 -0.9481
vn 0.2893 0.0009 -0.9572
vn -0.3169 -0.0244 -0.9482
vn -0.2892 0.0006 -0.9573
vn 0.5677 0.7472 0.3456
vn 0.8808 0.0283 0.4726
vn -0.0115 -0.8777 0.4791
vn -0.0622 0.8479 0.5265
vn 0.8954 0.0149 0.4450
vn 0.8818 -0.0513 0.4688
vn -0.9360 0.0458 0.3489
vn -0.0498 -0.8754 0.4809
vn -0.3084 0.9164 0.2551
vn 0.8413 0.3783 0.3862
vn 0.0004 -1.0000 -0.0009
vn 0.8642 0.3593 0.3522
vn 0.0374 0.8622 0.5052
vn 0.3535 0.9189 0.1751
vn -0.3347 0.9124 0.2357
vn 0.8842 0.0113 -0.4670
vn 0.8818 0.0086 -0.4716
vn 0.0043 1.0000 -0.0025
vn -0.8667 -0.0137 -0.4986
vn 1.0000 -0.0032 0.0022
vn 1.0000 0.0068 0.0025
vn -0.0025 0.8971 0.4418
vn -0.0004 0.9000 0.4360
vn -0.9170 -0.0441 -0.3964
vn -0.9115 -0.0159 -0.4110
vn -0.9984 -0.0510 -0.0224
vn -0.9089 0.0656 0.4118
vn 0.5046 0.0021 -0.8633
vn 0.4997 -0.0016 -0.8662
vn -0.5046 -0.0006 -0.8634
vn -0.4996 0.0032 -0.8663
vn -0.3743 -0.9106 -0.1750
vn 0.7905 -0.0479 -0.6106
vn 0.9123 -0.0068 0.4095
vn 0.0034 -0.9999 -0.0115
vn -0.0033 -1.0000 -0.0032
vn 0.9102 -0.0102 0.4140
vn -0.0375 0.9125 0.4075
vn 0.0031 -1.0000 -0.0028
vn 0.9152 0.0011 0.4030
vn 0.8535 0.0038 -0.5211
vn 0.8242 -0.0583 -0.5633
vn -0.1364 -0.9107 0.3899
vn 0.8893 -0.0051 0.4573
vn 0.8894 -0.0020 0.4572
vn -1.0000 -0.0087 0.0017
vn 0.0011 1.0000 0.0022
vn -0.0206 -0.7804 0.6250
vn 0.0059 0.7795 0.6264
vn 0.0090 0.7756 0.6311
vn -0.0347 0.9147 0.4027
vn 0.8930 0.0121 0.4500
vn 0.8911 -0.0155 0.4536
vn 0.8883 -0.0070 0.4592
vn -0.0143 0.8902 0.4553
vn -0.8822 0.3390 0.3266
vn 0.3524 -0.9107 -0.2157
vn 0.0051 -0.9042 0.4270
vn -0.0149 0.9065 0.4219
vn 0.6329 0.0054 -0.7742
vn 0.6280 0.0013 -0.7782
vn -0.6327 -0.0040 -0.7744
vn -0.6283 -0.0002 -0.7779
vn 0.9029 0.0177 0.4295
vn -0.9069 0.0301 -0.4202
vn -0.9038 0.0400 -0.4260
vn 0.5869 0.7749 0.2345
vn 0.9470 -0.0401 -0.3188
vn 0.9445 -0.0436 -0.3257
vn -0.0020 1.0000 0.0007
vn -0.0271 -0.9061 0.4222
vn 0.0592 -0.9975 0.0396
vn 0.0031 -0.9189 0.3945
vn 0.0011 -0.9214 0.3886
vn -0.8777 0.0162 0.4789
vn 0.0021 1.0000 -0.0013
vn -0.8734 0.0043 0.4869
vn 0.8707 0.0476 -0.4894
vn 0.8739 0.0374 -0.4846
vn 0.3829 0.9114 0.1507
vn -0.9985 -0.0555 0.0028
vn 0.9998 0.0074 0.0172
vn 0.8750 0.3700 0.3122
vn 0.8994 0.3439 0.2699
vn 0.3527 -0.9106 -0.2155
vn -0.0016 1.0000 0.0009
vn -0.0014 1.0000 0.0008
vn -0.0020 1.0000 0.0012
vn -1.0000 -0.0019 -0.0000
vn -1.0000 -0.0020 -0.0000
vn -0.0000 -0.0009 1.0000
vn -0.0018 1.0000 0.0008
vn -0.0021 1.0000 0.0007
vn -0.0019 1.0000 0.0009
vn 0.0017 0.0027 1.0000
vn 1.0000 0.0031 -0.0000
vn -0.3548 0.9158 0.1880
vn 0.9523 0.0668 0.2976
vn 0.9422 -0.0043 0.3350
vn 0.9402 -0.0015 0.3407
vn -0.9477 0.0040 0.3191
vn 0.0165 0.4246 0.9052
vn -0.0434 -0.9214 0.3861
vn -0.0474 0.9196 0.3901
vn 1.0000 0.0019 0.0003
vn 0.0276 -0.9311 0.3636
vn 0.0517 0.0017 0.9987
vn 0.0470 -0.0004 0.9989
vn -0.9999 -0.0098 0.0044
vn 0.0447 -0.1854 0.9816
vn 0.0504 0.1717 0.9839
vn 0.8875 0.1036 -0.4490
vn 0.0043 1.0000 -0.0038
vn -0.0058 1.0000 -0.0008
vn -0.0084 1.0000 0.0014
vn -0.9241 0.0075 -0.3821
vn 0.0017 -1.0000 -0.0007
vn -0.9467 -0.0106 -0.3219
vn 0.0157 -0.8697 0.4934
vn -0.0165 0.8960 0.4437
vn -0.9720 -0.0500 0.2297
vn 0.9698 0.0100 0.2436
vn 0.0190 0.9332 0.3587
vn -0.0412 0.9549 0.2940
vn 0.9583 0.0764 0.2754
vn 1.0000 0.0073 -0.0026
vn 0.9775 -0.0706 -0.1988
vn 0.9309 0.0181 -0.3648
vn 0.9138 -0.0249 -0.4054
vn 0.9999 -0.0000 0.0130
vn -0.8932 0.3741 0.2495
vn -0.8821 0.3905 0.2634
vn -0.9575 -0.0400 0.2856
vn 0.7779 0.0023 -0.6283
vn 0.7744 -0.0014 -0.6327
vn -0.7781 -0.0015 -0.6282
vn -0.7939 -0.0183 -0.6078
vn -0.3773 0.9102 0.1709
vn -0.9442 -0.0136 0.3290
vn 0.9615 0.0319 0.2729
vn 0.0032 -0.9639 0.2664
vn 0.0068 -0.9610 0.2766
vn -0.0034 0.9548 0.2974
vn -0.0033 0.9550 0.2967
vn 0.0020 -1.0000 -0.0005
vn 0.9705 0.0182 0.2403
vn -0.0397 0.9511 0.3063
vn -0.0346 -0.9448 0.3259
vn -0.0095 0.9492 0.3144
vn 0.0025 -1.0000 -0.0006
vn 0.9537 -0.0029 0.3008
vn -0.0533 -0.9524 0.3001
vn -0.0404 0.9548 0.2946
vn -0.9498 0.0167 0.3123
vn -0.9311 0.0470 0.3617
vn 1.0000 -0.0033 0.0018
vn 1.0000 -0.0030 0.0021
vn 1.0000 0.0096 0.0005
vn -0.0027 1.0000 0.0002
vn -0.0044 1.0000 -0.0001
vn -0.0013 1.0000 -0.0004
vn -0.0581 0.9718 0.2286
vn 0.8663 0.0055 -0.4996
vn 0.8633 0.0017 -0.5046
vn -0.8662 0.0071 -0.4996
vn 0.9705 0.0806 0.2274
vn -0.9999 -0.0099 0.0024
vn -1.0000 -0.0081 0.0041
vn -1.0000 0.0004 0.0010
vn -1.0000 0.0011 0.0007
vn 0.9027 0.3627 0.2317
vn -0.9667 -0.0736 -0.2450
vn -0.3687 -0.9196 -0.1356
vn 0.9807 0.0431 0.1909
vn 0.9794 0.0312 0.1997
vn 0.0008 -1.0000 -0.0011
vn 0.3960 0.9129 0.0992
vn 0.9719 0.0230 0.2343
vn -0.9756 -0.0076 0.2193
vn 0.9430 -0.0478 -0.3294
vn -0.0395 -0.9654 0.2579
vn -0.0120 -0.9412 0.3377
vn 0.0082 -0.9574 0.2886
vn 0.0130 0.9328 0.3603
vn -0.0221 -0.9766 0.2140
vn -0.9667 0.0504 -0.2508
vn -0.9706 0.0331 -0.2386
vn -0.0144 -0.9662 0.2573
vn -0.9825 -0.0549 -0.1778
vn 0.9762 0.0732 0.2041
vn 0.0175 0.9741 0.2252
vn 0.9694 0.0018 0.2455
vn 0.0739 0.9830 -0.1680
vn 0.9902 -0.0149 0.1391
vn -0.9232 0.3547 0.1476
vn -0.9795 0.0444 0.1965
vn 0.9739 -0.0044 -0.2268
vn 0.9794 0.0086 -0.2018
vn 0.0062 1.0000 -0.0008
vn -0.0060 1.0000 -0.0000
vn -0.9804 0.0107 -0.1966
vn 0.0018 -1.0000 -0.0009
vn -0.9103 -0.0350 -0.4124
vn 0.9799 -0.0071 0.1991
vn 0.9799 -0.0069 0.1994
vn 0.3897 0.9171 0.0840
vn 0.9784 0.0098 0.2067
vn -0.9833 0.0152 -0.1815
vn -0.9995 -0.0288 0.0162
vn -0.9988 -0.0492 -0.0000
vn -0.9981 -0.0497 -0.0360
vn 0.9637 -0.0729 -0.2570
vn -0.4025 -0.9102 -0.0976
vn -0.0452 -0.9789 0.1995
vn 0.4014 -0.9093 -0.1096
vn -1.0000 0.0070 0.0005
vn -0.9916 0.0460 0.1209
vn 0.9999 0.0034 -0.0117
vn -0.0051 1.0000 0.0013
vn 0.9282 0.3432 0.1440
vn 0.9889 -0.0079 0.1485
vn 0.9901 -0.0230 -0.1387
vn 0.9227 0.3542 0.1522
vn -0.0037 -0.9866 0.1633
vn -0.0048 0.9841 0.1774
vn -0.0019 0.9856 0.1691
vn -0.9868 0.0655 0.1482
vn 0.9891 0.0100 0.1470
vn 0.9908 0.0735 0.1135
vn 0.9887 -0.0228 0.1481
vn -0.0034 -1.0000 -0.0016
vn 0.9812 0.0153 0.1923
vn -0.1288 -0.9833 0.1284
vn 0.9894 -0.0645 0.1300
vn 0.9883 -0.0195 0.1512
vn -0.0058 1.0000 0.0017
vn 1.0000 0.0036 0.0050
vn 1.0000 0.0039 0.0076
vn -0.0125 0.9875 0.1573
vn -0.0083 -0.9912 0.1320
vn 0.0119 0.9833 0.1815
vn 0.9573 0.0026 -0.2891
vn 0.9481 -0.0225 -0.3171
vn -0.9572 0.0206 -0.2887
vn -0.3992 0.9125 0.0890
vn -0.0394 0.9835 0.1768
vn 0.9822 -0.0763 -0.1719
vn 0.3963 -0.9148 -0.0774
vn 0.3984 -0.9141 -0.0751
vn 0.9840 0.1035 -0.1452
vn -0.0124 0.9894 0.1448
vn -0.0093 0.9885 0.1508
vn 1.0000 0.0099 0.0011
vn -1.0000 0.0010 0.0005
vn 0.9953 0.0721 0.0640
vn 0.9937 0.0768 0.0817
vn 0.9918 0.0764 0.1025
vn 0.0366 0.9473 0.3181
vn 0.0230 0.9442 0.3286
vn -0.9187 0.3887 0.0697
vn -0.9280 0.3608 0.0931
vn -0.9945 -0.0402 -0.0969
vn 0.0056 1.0000 0.0014
vn 0.0074 -0.9928 0.1196
vn 1.0000 -0.0005 -0.0081
vn 0.9963 0.0250 0.0819
vn -0.3958 0.9162 0.0624
vn -0.9981 0.0329 -0.0529
vn -0.9992 0.0100 -0.0391
vn -0.0641 -0.9951 0.0753
vn -0.0696 0.9930 0.0953
vn 0.9925 -0.0032 0.1221
vn -0.9962 -0.0783 0.0373
vn 0.9861 0.0142 -0.1657
vn -0.9816 -0.0239 -0.1893
vn 0.9937 0.0054 0.1117
vn 0.0018 -1.0000 -0.0008
vn 0.0028 -1.0000 -0.0012
vn -0.9980 -0.0214 -0.0592
vn 0.3955 0.9178 0.0345
vn 0.9982 -0.0036 -0.0604
vn -0.9974 -0.0550 -0.0455
vn 0.9422 0.3336 0.0301
vn 0.9995 0.0044 0.0318
vn -0.9954 -0.0382 0.0884
vn 0.0374 -0.9964 0.0756
vn 0.9346 0.3519 0.0511
vn 0.9995 -0.0028 0.0303
vn -0.3966 -0.9176 -0.0286
vn 0.9959 0.0770 0.0470
vn -0.9948 -0.0864 -0.0548
vn 0.0001 -1.0000 -0.0010
vn -0.4114 -0.9113 -0.0135
vn 0.4063 0.9135 0.0209
vn 0.0290 0.9984 0.0495
vn -0.0267 0.9979 0.0586
vn -0.4068 0.9129 0.0334
vn 0.4244 -0.9052 -0.0215
vn -0.0032 -1.0000 -0.0013
vn -0.9987 -0.0500 -0.0036
vn -0.0116 0.9999 0.0041
vn -0.9977 -0.0641 0.0235
vn -0.9982 -0.0135 0.0590
vn 0.9997 0.0175 0.0172
vn 0.6194 0.7851 0.0017
vn -0.0398 -0.9974 0.0597
vn -0.0472 -0.9971 -0.0591
vn 0.9974 -0.0273 -0.0663
vn -0.9974 0.0274 -0.0663
vn 0.9988 -0.0037 0.0487
vn 0.0101 0.9898 0.1423
vn 0.9987 -0.0480 -0.0143
vn -0.0055 -0.9999 0.0139
vn 1.0000 -0.0022 0.0002
vn -1.0000 -0.0097 -0.0000
vn -1.0000 -0.0085 -0.0006
vn 0.0093 -0.9998 -0.0155
vn 0.9999 0.0084 0.0060
vn -0.0048 -0.9999 -0.0160
vn 0.0002 -1.0000 -0.0048
vn -0.0033 1.0000 0.0048
vn -0.0001 1.0000 -0.0021
vn 0.9975 -0.0657 -0.0250
vn -0.0426 -0.9983 0.0405
vn -1.0000 0.0011 0.0002
vn 0.9999 0.0051 -0.0145
vn -0.0309 0.9994 -0.0144
vn 0.9963 0.0748 -0.0414
vn -0.9984 -0.0075 -0.0554
vn 0.9956 0.0715 -0.0605
vn -0.0112 0.9999 0.0012
vn -0.0089 0.9999 -0.0075
vn -0.9991 0.0111 0.0398
vn -0.0267 0.9972 -0.0701
vn -0.0025 -0.9986 -0.0535
vn 0.9969 -0.0691 0.0372
vn 0.4274 -0.9039 0.0180
vn 0.9973 0.0312 0.0664
vn -0.3919 0.9198 -0.0194
vn 1.0000 -0.0039 0.0011
vn 0.9995 0.0007 -0.0329
vn -0.9427 0.3334 0.0102
vn 0.0601 0.9962 -0.0631
vn -0.9973 -0.0312 0.0661
vn -0.4196 -0.9076 0.0136
vn 0.9994 0.0061 -0.0352
vn -0.9984 -0.0384 0.0404
vn -0.9971 -0.0525 0.0551
vn 0.0055 1.0000 0.0010
vn 0.9982 -0.0046 0.0592
vn 0.9985 -0.0073 0.0539
vn -0.0150 0.9993 -0.0347
vn 0.9975 -0.0358 -0.0607
vn 0.9987 -0.0157 -0.0477
vn 0.9352 0.3492 -0.0590
vn 0.9292 0.3674 -0.0389
vn 0.9983 -0.0109 -0.0569
vn 0.0198 0.9923 -0.1223
vn -0.0460 -0.9955 -0.0831
vn -0.0396 0.9961 -0.0788
vn 1.0000 0.0010 -0.0068
vn -0.0111 0.9999 0.0051
vn 0.0054 0.9888 -0.1492
vn 0.0084 0.9896 -0.1434
vn 1.0000 0.0037 -0.0002
vn -1.0000 0.0004 -0.0002
vn 0.9794 0.1033 0.1735
vn -0.9292 0.3577 -0.0934
vn -0.9233 0.3703 -0.1016
vn 0.9932 -0.0494 -0.1050
vn -0.1097 -0.9885 -0.1043
vn 0.9922 -0.0134 -0.1241
vn -0.0035 -1.0000 -0.0002
vn 0.9860 0.0091 -0.1664
vn 0.9951 -0.0004 -0.0985
vn -0.9897 0.0658 -0.1268
vn 0.9909 0.0786 -0.1096
vn 0.9932 -0.0590 0.1000
vn -0.0121 -0.9912 -0.1316
vn 0.9896 -0.0316 0.1404
vn -0.9868 -0.0357 -0.1581
vn -0.0106 -0.9999 -0.0101
vn -0.0055 1.0000 0.0004
vn -0.9924 0.0461 -0.1139
vn -0.0025 -1.0000 0.0023
vn 0.0053 1.0000 0.0026
vn -0.0000 1.0000 0.0075
vn 0.6146 0.7888 -0.0051
vn 0.9861 -0.0107 0.1657
vn -0.9861 0.0103 0.1657
vn -0.0447 0.9909 -0.1272
vn 1.0000 0.0015 -0.0039
vn 0.9892 0.0623 -0.1326
vn -0.9994 -0.0287 -0.0171
vn 0.4032 0.9126 -0.0674
vn 0.9896 -0.0007 -0.1442
vn 0.0359 0.9493 -0.3122
vn 0.9888 0.0063 -0.1493
vn 0.9953 0.0047 -0.0966
vn -0.9922 0.0392 -0.1182
vn 0.0303 -0.9890 -0.1451
vn 0.9869 0.0025 -0.1613
vn 0.9878 0.0081 -0.1555
vn 0.9857 -0.0054 -0.1682
vn 0.9801 -0.0541 0.1908
vn 0.9738 -0.0075 0.2273
vn -0.9806 -0.0249 0.1945
vn 0.9692 0.0148 0.2457
vn -0.0105 0.9999 0.0028
vn -0.9727 -0.0113 0.2320
vn -0.0012 -1.0000 -0.0028
vn 0.0020 -1.0000 -0.0007
vn -0.9739 -0.0086 0.2268
vn 0.9480 0.0262 0.3171
vn 0.9573 0.0011 0.2891
vn -0.9480 -0.0267 0.3171
vn -0.9573 -0.0017 0.2893
vn 0.0181 0.9874 -0.1574
vn -0.9766 0.0608 0.2063
vn 0.3851 -0.9182 0.0933
vn -0.9747 0.0337 0.2208
vn -0.3987 0.9104 -0.1104
vn 1.0000 -0.0026 -0.0011
vn 0.9228 0.3564 -0.1465
vn -0.0401 -0.9698 -0.2405
vn -0.0399 0.9748 -0.2194
vn 0.9167 0.3831 -0.1135
vn 0.0032 -0.9863 -0.1650
vn 0.0012 -0.9852 -0.1711
vn -0.0032 0.9866 -0.1633
vn -0.0012 0.9855 -0.1694
vn 0.3952 0.9152 -0.0794
vn -0.0095 0.9999 0.0036
vn -0.9877 -0.0517 0.1475
vn 0.9794 0.0829 -0.1840
vn 0.9878 0.0487 -0.1476
vn -0.9861 -0.0544 0.1567
vn -0.0056 -0.9502 -0.3116
vn 1.0000 -0.0024 -0.0014
vn -1.0000 -0.0070 -0.0019
vn -1.0000 -0.0089 -0.0011
vn 0.0091 -0.9406 -0.3393
vn -0.0166 0.9333 -0.3588
vn 1.0000 0.0036 -0.0006
vn 0.9907 -0.0039 -0.1362
vn 0.9777 0.0010 -0.2101
vn 0.9520 -0.0483 0.3022
vn 0.3905 -0.9141 0.1090
vn -0.0104 0.9789 -0.2042
vn 0.9858 -0.0055 -0.1681
vn -0.3769 0.9162 -0.1357
vn -0.0060 0.9707 -0.2402
vn -0.9601 0.0415 -0.2766
vn 0.3946 0.9157 -0.0762
vn 0.9999 0.0074 -0.0105
vn 0.9793 0.0437 -0.1977
vn 0.9768 0.0508 -0.2081
vn -0.9697 -0.0760 0.2321
vn -0.3712 -0.9220 0.1098
vn -0.3891 -0.9160 0.0982
vn 0.9741 0.0014 -0.2262
vn 0.9739 0.0017 -0.2268
vn -0.0534 -0.9527 -0.2991
vn -0.1106 -0.9391 -0.3254
vn -0.0334 -0.9766 -0.2126
vn 0.9814 0.0653 -0.1804
vn -0.9387 -0.0157 -0.3444
vn 0.0041 1.0000 0.0031
vn -0.9764 -0.0132 -0.2156
vn 0.9656 0.0072 -0.2599
vn 0.9616 0.0289 -0.2729
vn -0.0467 0.9694 -0.2411
vn 0.9009 0.3656 -0.2338
vn 0.9012 0.3635 -0.2359
vn 0.0135 -0.9999 0.0016
vn -0.0025 -1.0000 0.0010
vn 0.0037 -0.9999 0.0102
vn 1.0000 0.0018 -0.0051
vn -0.9713 -0.0469 -0.2331
vn 0.9999 0.0097 0.0098
vn 0.9166 0.0222 0.3992
vn 0.9324 -0.0220 0.3607
vn 0.0029 -0.9604 -0.2785
vn -0.0025 -0.9539 -0.3002
vn -0.0029 0.9609 -0.2768
vn 0.0026 0.9542 -0.2991
vn 1.0000 -0.0025 0.0090
vn 0.9402 -0.0180 0.3402
vn -0.8999 0.3642 -0.2400
vn -0.9093 0.3489 -0.2270
vn 0.0763 0.9688 0.2358
vn 0.9754 0.0729 -0.2079
vn -0.0291 0.9609 -0.2753
vn 0.9632 -0.0118 -0.2686
vn 0.9653 -0.0049 -0.2612
vn -0.9638 -0.0017 -0.2667
vn 0.9687 -0.0040 -0.2481
vn -0.9775 -0.0606 -0.2019
vn 0.9785 -0.0049 -0.2063
vn 0.9776 -0.0207 -0.2093
vn 0.9756 0.0774 -0.2056
vn -0.9776 -0.0533 -0.2035
vn -0.3417 0.9167 -0.2069
vn -0.3668 0.9111 -0.1880
vn -0.0528 -0.9513 -0.3038
vn 0.8633 0.0016 0.5046
vn 0.8663 -0.0022 0.4996
vn -0.8634 -0.0024 0.5045
vn -0.8662 0.0013 0.4997
vn 0.0131 0.8968 -0.4423
vn 1.0000 0.0052 -0.0057
vn -1.0000 -0.0009 -0.0039
vn -1.0000 0.0032 -0.0024
vn 0.8923 0.0757 0.4450
vn -0.9454 -0.0072 -0.3257
vn 0.0221 0.9439 -0.3294
vn 0.9999 -0.0111 0.0009
vn 0.9678 -0.0676 0.2426
vn -0.0046 -0.9515 -0.3077
vn 0.0001 1.0000 0.0020
vn -0.0061 0.9999 0.0110
vn -1.0000 -0.0061 -0.0000
vn -0.9986 -0.0530 0.0072
vn 0.0022 1.0000 0.0011
vn -0.9985 -0.0494 0.0216
vn 0.3510 -0.9110 0.2165
vn 0.3589 -0.9095 0.2096
vn -0.0608 0.9505 -0.3046
vn -0.0224 0.9294 -0.3684
vn 0.7744 0.0044 0.6327
vn 0.7779 0.0007 0.6283
vn -0.7742 -0.0055 0.6329
vn -0.7779 -0.0016 0.6283
vn 0.9424 0.0022 -0.3346
vn 0.3785 0.9138 -0.1472
vn 0.9536 0.0813 -0.2900
vn -0.0373 -0.9197 -0.3909
vn -0.0623 0.9255 -0.3735
vn 0.9513 -0.0030 -0.3082
vn -0.9309 -0.0050 -0.3652
vn 0.8732 0.0448 0.4853
vn -0.3794 -0.9061 0.1869
vn -0.0085 0.9240 -0.3824
vn 0.9221 -0.0062 -0.3869
vn 0.9239 -0.0096 -0.3825
vn 0.3446 -0.9091 0.2341
vn -0.8877 0.0661 -0.4557
vn -0.9176 0.0662 -0.3920
vn 0.0019 -1.0000 -0.0010
vn 0.0097 -0.9207 -0.3902
vn -0.0083 0.9214 -0.3885
vn 0.5838 0.7762 -0.2382
vn 0.9477 -0.0410 0.3166
vn 0.8621 -0.0738 0.5014
vn -0.8638 0.3733 -0.3383
vn -0.8808 0.3567 -0.3114
vn 0.0010 -1.0000 -0.0000
vn -0.0037 1.0000 0.0017
vn 0.3565 0.9199 -0.1633
vn -0.0022 1.0000 0.0010
vn -0.0389 0.9289 -0.3684
vn -0.0353 0.9317 -0.3615
vn 0.3230 -0.9099 0.2604
vn -1.0000 -0.0019 -0.0004
vn -0.9186 -0.0159 0.3949
vn 0.0096 -0.9998 0.0166
vn 0.0530 -0.1517 -0.9870
vn -0.9393 -0.0073 -0.3430
vn -0.9394 -0.0070 -0.3427
vn 0.0555 0.1772 -0.9826
vn -0.0059 -0.7976 -0.6032
vn 1.0000 -0.0023 -0.0024
vn 1.0000 -0.0016 -0.0027
vn -1.0000 -0.0064 -0.0036
vn 0.0088 -0.7795 -0.6264
vn -0.0119 0.7767 -0.6297
vn -0.0089 0.7805 -0.6251
vn 1.0000 0.0066 -0.0039
vn -1.0000 0.0024 -0.0035
vn -0.0020 1.0000 0.0011
vn -0.9077 0.0346 0.4182
vn -0.9036 0.0184 0.4280
vn 0.8692 0.0208 0.4940
vn -0.8907 0.0034 0.4545
vn -0.8843 -0.0020 0.4669
vn 0.0020 -1.0000 -0.0009
vn 0.7770 0.0485 0.6276
vn 0.8084 -0.0204 0.5883
vn 0.0314 0.8935 -0.4480
vn -0.3159 0.9088 -0.2726
vn 0.0386 -0.0024 -0.9993
vn -0.0052 1.0000 -0.0001
vn -0.9037 -0.0637 0.4234
vn 0.0166 0.4167 -0.9089
vn 0.9025 0.0214 -0.4302
vn 0.0571 -0.9978 -0.0351
vn 0.9467 -0.0422 0.3194
vn 0.0002 -0.8963 -0.4435
vn 0.0147 -0.9017 -0.4322
vn -0.0158 0.9095 -0.4155
vn -0.1900 -0.9112 0.3656
vn 0.9072 0.0079 -0.4206
vn -0.9207 0.0168 -0.3899
vn 0.0316 -0.8927 -0.4495
vn 0.9109 -0.0166 -0.4124
vn 0.9422 0.0693 -0.3279
vn -0.0447 0.9082 -0.4161
vn -0.0448 0.9082 -0.4160
vn 0.2818 0.9108 -0.3018
vn -0.0000 -1.0000 0.0042
vn -0.0003 1.0000 0.0024
vn -0.0006 1.0000 0.0024
vn -0.0036 1.0000 0.0021
vn 0.8872 -0.0039 -0.4614
vn 0.8914 0.0294 -0.4522
vn 0.6282 0.0010 0.7781
vn 0.6329 -0.0029 0.7743
vn -0.6280 -0.0021 0.7782
vn -0.6329 0.0015 0.7743
vn 0.8161 -0.0767 0.5728
vn -0.2870 0.9097 -0.3003
vn -0.0404 -0.8728 -0.4864
vn -0.0537 0.8752 -0.4808
vn 0.8512 0.3456 -0.3950
vn 0.8984 0.0039 -0.4391
vn 0.9016 0.0067 -0.4325
vn 0.1099 0.9168 -0.3840
vn 0.0374 -0.9993 -0.0087
vn -0.0037 -0.8948 -0.4465
vn 0.0044 0.8981 -0.4398
vn 0.8496 0.3668 -0.3789
vn -0.8091 0.0172 -0.5875
vn -0.8214 -0.0136 -0.5701
vn -0.8924 -0.0101 -0.4511
vn 0.8851 0.0521 -0.4624
vn -0.0019 1.0000 0.0014
vn -0.0018 1.0000 0.0010
vn -0.0026 1.0000 0.0004
vn -0.0015 0.0007 -1.0000
vn 0.0004 -0.0000 -1.0000
vn -0.0000 0.0008 -1.0000
vn -0.0000 0.0009 -1.0000
vn 0.3160 -0.9061 0.2811
vn -0.1060 -0.9066 0.4085
vn 0.2770 -0.9058 0.3207
vn -0.1027 -0.9157 0.3885
vn -0.1128 -0.9099 0.3991
vn 0.0025 -1.0000 -0.0001
vn 0.0031 -1.0000 -0.0010
vn 0.0014 -1.0000 -0.0008
vn 0.0124 0.9999 -0.0047
vn -0.0120 0.9999 -0.0065
vn 0.9074 0.0974 -0.4087
vn 0.4999 0.0038 0.8661
vn 0.5046 -0.0002 0.8633
vn -0.4996 -0.0051 0.8663
vn -0.5045 -0.0015 0.8634
vn -0.0211 0.8459 -0.5329
vn 0.8628 -0.0454 -0.5035
vn 0.9213 0.0593 -0.3843
vn -0.9999 -0.0078 -0.0083
vn 1.0000 0.0067 -0.0029
vn 0.8674 0.0687 -0.4929
vn 0.8716 0.0070 -0.4902
vn -0.1144 -0.8423 -0.5268
vn -0.0258 -0.8796 -0.4750
vn -0.0393 0.8965 -0.4412
vn 0.7485 -0.0055 0.6631
vn 0.0012 -1.0000 0.0002
vn 0.0008 -1.0000 0.0001
vn -0.0007 1.0000 0.0027
vn 0.8380 0.0186 -0.5454
vn 0.9752 -0.0544 0.2145
vn -0.8708 -0.0300 -0.4908
vn 0.8846 -0.0351 -0.4650
vn -0.0057 1.0000 -0.0010
vn -0.8366 0.3512 -0.4205
vn -0.8317 0.3573 -0.4250
vn -0.2471 0.9181 -0.3098
vn 0.8163 -0.0120 0.5775
vn -0.7863 -0.0020 0.6178
vn -0.7774 -0.0076 0.6289
vn 0.1944 -0.9167 0.3492
vn -0.0262 0.8342 -0.5509
vn 0.9140 0.3065 -0.2658
vn -0.2112 0.9133 -0.3481
vn 0.2893 0.0002 0.9572
vn 0.3171 -0.0247 0.9481
vn -0.2891 -0.0017 0.9573
vn -0.3169 0.0231 0.9482
vn -0.0222 0.9997 0.0045
vn -0.0031 1.0000 0.0024
vn -0.0220 -0.8168 -0.5765
vn -0.0588 0.8182 -0.5719
vn 0.1981 -0.9191 0.3406
vn 0.0969 -0.0166 -0.9952
vn 0.0785 -0.0036 -0.9969
vn -0.2764 0.0211 0.9608
vn -0.2740 0.0354 0.9611
vn -0.0114 0.4963 -0.8681
vn 0.0068 -0.8543 -0.5197
vn 0.0012 -0.8409 -0.5413
vn -0.0068 0.8552 -0.5182
vn -0.0012 0.8417 -0.5399
vn -0.8515 -0.0492 0.5220
vn 0.1657 0.0118 0.9861
vn -0.1657 -0.0133 0.9861
vn 0.0059 -0.8031 -0.5959
vn 0.8377 -0.0515 -0.5436
vn -0.1815 0.9149 -0.3606
vn -0.0376 0.8088 -0.5869
vn -0.0063 -0.5586 -0.8294
vn 1.0000 -0.0007 -0.0038
vn 1.0000 -0.0010 -0.0039
vn -1.0000 -0.0063 -0.0073
vn -0.9999 -0.0081 -0.0079
vn 0.0084 -0.5338 -0.8456
vn 0.0063 0.5599 -0.8285
vn -0.0084 0.5353 -0.8446
vn 1.0000 0.0027 -0.0011
vn 1.0000 0.0073 -0.0024
vn -1.0000 0.0024 -0.0066
vn -1.0000 0.0025 -0.0066
vn -0.8596 -0.0610 0.5072
vn 0.3523 0.0344 -0.9352
vn 0.0662 -0.0300 0.9974
vn -0.0664 0.0283 0.9974
vn -0.8347 0.0031 -0.5508
vn 0.8457 -0.0957 0.5251
vn -0.0358 -0.8136 -0.5803
vn -0.7830 0.3699 -0.5001
vn -0.0009 0.5011 -0.8654
vn 0.5557 0.0738 0.8281
vn 0.5985 0.0047 0.8011
vn 0.3486 0.0477 -0.9361
vn -0.1817 0.8157 -0.5491
vn -0.1731 0.9124 -0.3708
vn 0.6792 -0.0704 0.7306
vn 0.0029 -1.0000 0.0003
vn -0.0050 0.9999 -0.0094
vn 0.8401 -0.0572 -0.5393
vn -0.7055 0.0710 -0.7051
vn -0.5476 -0.0154 0.8366
vn 0.1094 -0.9055 0.4099
vn 0.9766 -0.0505 0.2089
vn -0.0458 -0.7841 -0.6190
vn 0.7813 0.3351 -0.5266
vn 0.0789 -0.9075 0.4126
vn 0.8913 0.3051 -0.3355
vn -0.0637 -0.9114 0.4065
vn -0.9689 -0.0594 0.2404
vn -0.0299 -0.7803 -0.6247
vn -0.0623 0.7674 -0.6382
vn 0.0269 -0.9162 0.3997
vn 0.0346 -0.9181 0.3948
vn 0.7997 0.0609 -0.5973
vn -0.0471 -0.7582 -0.6503
vn -0.0411 0.7636 -0.6443
vn 0.0025 -1.0000 0.0006
vn 0.0014 -1.0000 0.0005
vn -0.0012 1.0000 0.0028
vn 0.0052 1.0000 0.0042
vn -0.0025 0.9999 0.0114
vn 0.8313 -0.0001 -0.5558
vn 0.1095 0.9145 -0.3895
vn 0.7827 0.3473 -0.5165
vn -0.8393 -0.0045 -0.5436
vn 0.0007 -0.7752 -0.6317
vn 0.7831 -0.0225 -0.6214
vn 0.7896 -0.0793 -0.6085
vn 0.8611 0.0897 -0.5005
vn 0.6894 0.0099 0.7243
vn 0.7152 -0.0084 0.6989
vn -0.9717 -0.0561 0.2296
vn 0.8013 -0.0012 -0.5983
vn -0.7771 0.0357 -0.6284
vn -0.2734 -0.0555 0.9603
vn -0.2744 -0.0506 0.9603
vn -0.0565 0.9185 -0.3914
vn -0.1071 0.9082 -0.4046
vn -0.9999 -0.0099 -0.0063
vn -1.0000 0.0017 -0.0087
vn 0.0040 1.0000 -0.0024
vn 0.8223 0.0027 -0.5690
vn 0.8286 -0.0261 0.5592
vn -0.0060 -1.0000 0.0010
vn -0.0007 1.0000 0.0080
vn -0.0043 1.0000 0.0078
vn 0.0025 -0.7882 -0.6154
vn -0.0039 -0.7710 -0.6368
vn -0.0025 0.7892 -0.6141
vn 0.0039 0.7722 -0.6354
vn 0.3604 0.0413 -0.9319
vn -0.0141 0.9136 -0.4063
vn 0.0336 0.9130 -0.4065
vn 0.0151 0.9155 -0.4019
vn 0.4117 -0.0220 0.9111
vn -0.7711 0.0211 -0.6364
vn -0.9999 -0.0128 -0.0078
vn -0.9995 0.0178 -0.0263
vn 0.0091 -1.0000 0.0042
vn 0.0022 -1.0000 0.0006
vn 0.0015 -1.0000 0.0052
vn -0.0012 1.0000 0.0089
vn -0.0169 0.7506 -0.6605
vn -0.0024 1.0000 0.0079
vn -0.5948 0.0018 -0.8039
vn -0.5926 0.0055 -0.8055
vn 0.9999 0.0155 -0.0030
vn -0.7530 0.0028 -0.6580
vn -0.7636 0.3135 -0.5644
vn -0.0043 1.0000 -0.0024
vn -0.0115 0.9999 -0.0076
vn 0.2740 0.0410 -0.9609
vn 0.8475 0.0639 -0.5270
vn 0.5322 -0.0908 0.8418
vn 0.5012 -0.0108 0.8653
vn 0.8157 0.4510 -0.3622
vn 0.7814 0.0674 -0.6204
vn -0.0069 -0.2589 -0.9659
vn 1.0000 0.0009 -0.0042
vn -1.0000 -0.0020 -0.0005
vn 0.0078 -0.2304 -0.9731
vn 0.0057 0.2820 -0.9594
vn -0.0005 0.2664 -0.9639
vn 1.0000 0.0023 -0.0012
vn -1.0000 0.0006 -0.0085
vn -0.8042 -0.0396 0.5930
vn -0.8295 -0.0067 -0.5584
vn -0.8335 0.0045 -0.5525
vn 0.7702 -0.0620 -0.6347
vn 1.0000 0.0027 -0.0033
vn -0.9766 -0.0331 -0.2124
vn -0.0198 -0.6754 -0.7372
vn -0.0425 0.6942 -0.7185
vn 0.2647 0.1013 0.9590
vn 0.7195 -0.0545 -0.6924
vn 0.7471 0.0636 -0.6617
vn 0.7318 0.0155 -0.6813
vn -0.7311 0.0262 -0.6818
vn 0.7542 0.0010 -0.6566
vn 0.7582 0.0021 -0.6520
vn -0.7256 -0.0115 -0.6880
vn 0.7028 0.3648 -0.6107
vn 1.0000 -0.0010 -0.0021
vn -0.0001 0.0626 -0.9980
vn -0.0064 0.0463 -0.9989
vn 1.0000 0.0019 -0.0018
vn 1.0000 0.0017 -0.0017
vn -1.0000 0.0046 -0.0062
vn 0.2700 0.0254 -0.9625
vn -0.0027 0.9997 0.0252
vn -0.0117 0.6619 -0.7495
vn -0.7477 0.0031 -0.6640
vn -0.7688 -0.0144 -0.6393
vn 0.0129 -0.6935 -0.7203
vn 0.5669 0.0135 0.8237
vn -0.6033 0.0047 0.7975
vn -0.6076 0.0074 0.7942
vn -0.0393 -0.7174 -0.6955
vn -0.0538 -0.6906 -0.7212
vn -0.0358 0.7090 -0.7043
vn 0.0024 1.0000 -0.0085
vn -0.8251 -0.0615 0.5616
vn -1.0000 -0.0010 -0.0013
vn 0.7263 -0.0370 -0.6864
vn -0.7250 0.0064 -0.6887
vn -0.7122 -0.0168 -0.7018
vn -0.7258 0.0030 -0.6879
vn -0.7257 0.0030 -0.6880
vn -0.7258 0.0150 -0.6877
vn 0.1584 -0.0254 0.9871
vn -0.1309 0.6919 -0.7100
vn 0.6949 0.0176 -0.7189
vn -0.2246 0.7115 -0.6658
vn 0.3486 0.0224 0.9370
vn -0.0330 0.0304 0.9990
vn 0.6983 -0.0104 -0.7157
vn -0.6555 -0.0156 -0.7550
vn -0.6906 0.0100 -0.7231
vn -0.7216 -0.0063 -0.6923
vn -0.0495 0.0575 0.9971
vn 0.7056 0.0975 -0.7019
vn 0.7051 0.0927 -0.7031
vn 0.7251 -0.0816 0.6838
vn 0.7235 -0.0724 0.6865
vn -0.7220 -0.0081 -0.6918
vn -0.7219 -0.0083 -0.6919
vn 0.0074 -0.7098 -0.7044
vn -0.0068 0.7145 -0.6996
vn 0.8284 -0.0570 0.5572
vn -0.6873 0.3651 -0.6280
vn -0.7976 -0.0533 0.6008
vn -0.0185 0.9998 -0.0056
vn -0.0048 1.0000 -0.0013
vn -0.4139 0.0773 -0.9070
vn -0.0619 -0.6097 -0.7902
vn -0.0584 0.6136 -0.7874
vn -0.6990 -0.0587 -0.7127
vn -0.0031 1.0000 -0.0034
vn 0.8163 0.4558 -0.3549
vn -0.7577 -0.0710 0.6487
vn 0.6613 0.0448 -0.7487
vn -0.0404 -0.6530 -0.7563
vn 0.2750 -0.0744 0.9586
vn 0.6960 0.3480 -0.6281
vn 1.0000 0.0018 -0.0002
vn -0.0175 -0.5555 -0.8313
vn -0.0412 0.6157 -0.7869
vn 0.6494 0.0461 -0.7591
vn -0.0047 -0.6686 -0.7436
vn 0.0066 0.6697 -0.7426
vn 0.4820 -0.0195 0.8759
vn -0.4460 -0.0143 0.8949
vn 0.6682 0.7156 -0.2034
vn -0.3438 0.0228 -0.9388
vn 0.1717 -0.0788 0.9820
vn 0.0018 -1.0000 0.0003
vn -0.0031 1.0000 -0.0023
vn 0.7007 -0.0524 0.7115
vn -0.4222 -0.0473 0.9053
vn -0.1778 0.6097 -0.7724
vn -0.1507 -0.0712 0.9860
vn -0.6855 0.0028 -0.7281
vn -0.6031 0.0137 -0.7976
vn 0.6363 -0.0609 -0.7691
vn 0.6407 -0.0686 -0.7647
vn 0.6360 -0.0549 -0.7697
vn 0.0524 0.0147 0.9985
vn 0.0652 -0.0094 0.9978
vn -0.0414 -0.5816 -0.8124
vn -0.0533 -0.5470 -0.8354
vn -0.0504 0.5871 -0.8079
vn -0.5984 0.0024 -0.8012
vn -0.0358 0.0411 0.9985
vn 0.3045 -0.0579 0.9508
vn -0.2148 0.6384 -0.7391
vn 0.6116 -0.0493 -0.7896
vn -0.6519 -0.0011 -0.7583
vn -0.6183 -0.0378 -0.7850
vn -0.6649 0.3385 -0.6658
vn -0.6105 0.0008 -0.7920
vn -0.6100 0.0009 -0.7924
vn -0.5966 0.0058 -0.8025
vn -0.6050 0.0140 -0.7961
vn -0.6047 0.0138 -0.7963
vn -0.6043 0.0375 -0.7958
vn 0.5865 -0.0136 -0.8098
vn 0.5514 0.0088 -0.8342
vn 0.0004 1.0000 -0.0097
vn 0.1876 0.0646 -0.9801
vn 0.5898 0.0227 -0.8072
vn -0.5969 0.0376 -0.8014
vn -0.1995 0.0442 -0.9789
vn 0.6679 0.0052 -0.7443
vn -0.0244 -0.5326 -0.8460
vn -0.0586 -0.5026 -0.8626
vn -0.0243 0.5270 -0.8495
vn 0.7204 -0.0572 0.6912
vn -0.1495 0.0091 -0.9887
vn -0.0026 1.0000 -0.0035
vn -0.0026 1.0000 -0.0036
vn -0.6739 -0.0566 0.7366
vn -0.7076 -0.0545 0.7045
vn -0.6460 -0.0632 0.7607
vn 0.6623 -0.0518 0.7474
vn -0.6329 0.0024 -0.7742
vn -0.5668 0.0072 -0.8238
vn -0.5477 -0.0004 -0.8366
vn -0.9759 0.0708 -0.2063
vn 0.5904 0.0455 -0.8059
vn 0.6425 0.0001 -0.7663
vn -0.0399 0.5403 -0.8405
vn 0.5974 0.3674 -0.7128
vn 0.5979 0.3668 -0.7127
vn -0.0017 1.0000 -0.0035
vn 0.0026 1.0000 -0.0088
vn 0.0663 0.0059 -0.9978
vn -0.6065 0.3745 -0.7014
vn 0.3568 0.0143 0.9341
vn -0.3362 0.0239 0.9415
vn -0.0114 0.0718 -0.9974
vn 0.0066 -0.5981 -0.8014
vn -0.0043 -0.5603 -0.8283
vn -0.0055 0.5958 -0.8031
vn -0.0000 0.5771 -0.8167
vn -0.5571 -0.0414 -0.8294
vn -0.5628 -0.0130 -0.8265
vn -0.0392 -0.5146 -0.8565
vn 0.7810 0.0058 -0.6245
vn 0.7854 0.0150 -0.6189
vn -0.2011 0.5777 -0.7911
vn -0.0092 -0.4182 -0.9083
vn -0.0444 0.4486 -0.8926
vn -0.2083 0.5266 -0.8242
vn -0.5475 0.0949 -0.8314
vn 0.5489 -0.0367 -0.8351
vn -0.0181 0.4176 -0.9084
vn 0.7587 -0.0574 0.6489
vn -0.6472 -0.0694 0.7592
vn -0.0429 0.4340 -0.8999
vn 0.5309 0.0521 -0.8458
vn 0.5323 0.0517 -0.8450
vn 0.5391 -0.0073 -0.8422
vn -0.5642 0.3367 -0.7539
vn 0.4752 0.0359 -0.8791
vn 0.1714 0.0181 0.9850
vn 0.1780 0.0133 0.9839
vn 0.2581 -0.0013 0.9661
vn -0.2607 0.0009 0.9654
vn 0.2538 -0.0064 0.9672
vn -0.2530 -0.0068 0.9674
vn 0.6082 0.0064 -0.7938
vn -0.0525 0.4556 -0.8886
vn 0.6209 -0.0540 0.7820
vn -0.9868 -0.1603 -0.0243
vn 0.9853 -0.1686 -0.0272
vn 1.0000 0.0019 0.0096
vn -0.9701 0.2420 -0.0154
vn 0.9683 0.2491 -0.0169
vn -0.0717 -0.3609 -0.9299
vn -0.0658 0.3504 -0.9343
vn 0.6175 0.4354 -0.6551
vn -0.4327 -0.0001 -0.9015
vn -0.4205 -0.0072 -0.9073
vn 0.9389 0.3442 0.0085
vn -0.9364 0.3507 0.0091
vn 0.9223 -0.3855 0.0287
vn -0.8355 0.5495 -0.0075
vn 0.7344 0.6785 -0.0173
vn -0.4761 0.0207 -0.8792
vn 0.9480 -0.0553 0.3133
vn -0.0055 1.0000 -0.0059
vn -0.6848 -0.0062 -0.7287
vn -0.6908 0.0042 -0.7230
vn 0.6571 0.7538 0.0030
vn 0.4808 -0.0383 -0.8760
vn 0.4814 -0.0389 -0.8756
vn 0.4812 -0.0336 -0.8760
vn 0.4567 0.0188 -0.8894
vn 0.0533 -0.0133 0.9985
vn -0.0702 0.0220 0.9973
vn -0.0642 0.0277 0.9976
vn 0.4628 0.0531 -0.8849
vn -0.4761 -0.0567 -0.8776
vn -0.4666 -0.0174 -0.8843
vn -0.4580 0.0074 -0.8889
vn -0.4663 -0.0167 -0.8845
vn -0.4730 0.0496 -0.8797
vn -0.5274 0.8495 0.0102
vn 0.0070 -0.4826 -0.8758
vn -0.0016 0.4839 -0.8751
vn 0.0004 0.4785 -0.8781
vn -0.2785 0.9603 -0.0155
vn 0.2426 0.9701 -0.0105
vn 0.2985 0.9544 0.0028
vn -0.5601 0.0029 -0.8284
vn 0.5508 0.0085 -0.8346
vn 0.4465 -0.0487 -0.8935
vn 0.4583 0.0110 -0.8887
vn -0.0974 0.9952 0.0129
vn -0.5943 -0.0477 0.8028
vn -0.2014 0.4915 -0.8472
vn -0.2077 0.4509 -0.8681
vn 0.5978 -0.0515 0.8000
vn -0.9508 -0.0564 0.3047
vn 0.0044 1.0000 -0.0012
vn -0.9493 -0.0574 0.3090
vn -0.0114 -0.2404 -0.9706
vn 0.5262 -0.0538 0.8487
vn -0.0395 0.2612 -0.9645
vn -0.4222 -0.0141 -0.9064
vn -0.0573 -0.3229 -0.9447
vn -0.0462 -0.3448 -0.9375
vn -0.0353 0.3740 -0.9268
vn -0.5229 -0.0052 -0.8524
vn -0.4775 0.3798 -0.7923
vn 0.3903 -0.0025 -0.9207
vn -0.4030 0.0235 -0.9149
vn 0.5106 0.2959 -0.8073
vn 0.3847 0.0412 -0.9221
vn -0.3708 -0.0078 -0.9287
vn 0.3835 0.0415 -0.9226
vn -0.2003 0.3635 -0.9098
vn 0.3717 -0.0606 -0.9264
vn -0.0052 -0.4319 -0.9019
vn -0.0544 -0.1534 -0.9867
vn -0.0367 0.1611 -0.9862
vn -0.0118 0.1369 -0.9905
vn 0.3463 -0.0068 -0.9381
vn 0.3234 0.0096 -0.9462
vn 0.5041 0.3267 -0.7995
vn 0.3355 0.0181 -0.9419
vn -0.3809 -0.0476 -0.9234
vn -0.3789 -0.0022 -0.9254
vn -0.3497 0.0487 -0.9356
vn -0.3503 0.0059 -0.9366
vn -0.0040 -0.0514 -0.9987
vn -0.0604 0.0532 -0.9968
vn 0.4868 -0.0027 -0.8735
vn -0.0053 1.0000 -0.0026
vn 0.3394 -0.0131 -0.9406
vn -0.0372 0.2634 -0.9640
vn 0.3429 -0.0223 -0.9391
vn 0.3426 -0.0233 -0.9392
vn -0.2074 0.3856 -0.8990
vn 0.4498 0.3816 -0.8075
vn -0.3260 0.0099 -0.9453
vn -0.0594 0.2021 -0.9776
vn 0.2965 0.0579 -0.9533
vn -0.2580 0.0121 -0.9661
vn -0.2027 0.3328 -0.9210
vn -0.2068 0.2735 -0.9394
vn 0.0004 1.0000 -0.0044
vn 0.0027 1.0000 -0.0040
vn -0.4575 0.3485 -0.8180
vn 0.0085 -0.3300 -0.9439
vn 0.0056 -0.3222 -0.9466
vn -0.0024 0.3316 -0.9434
vn -0.0034 0.3336 -0.9427
vn -0.5168 -0.0659 0.8535
vn 0.2710 0.0481 -0.9614
vn -0.0313 -0.2345 -0.9716
vn 0.4715 -0.0491 0.8805
vn 0.4294 0.3767 -0.8208
vn 0.5845 0.0617 -0.8090
vn -0.4262 0.0075 -0.9046
vn 0.4240 0.0073 -0.9056
vn -0.9238 0.0706 -0.3763
vn -0.2342 -0.0462 -0.9711
vn -0.0429 -0.0873 -0.9953
vn -0.0530 -0.0631 -0.9966
vn -0.0290 0.0885 -0.9957
vn -0.2023 0.0086 -0.9793
vn -0.1798 -0.0065 -0.9837
vn -0.2493 -0.0149 -0.9683
vn -0.2459 -0.0037 -0.9693
vn -0.2402 -0.0819 -0.9673
vn -0.2244 -0.0192 -0.9743
vn 0.2124 0.0319 -0.9767
vn 0.2140 0.0314 -0.9763
vn -0.2134 -0.0097 -0.9769
vn 0.2407 0.0538 -0.9691
vn -0.2026 0.2481 -0.9473
vn 0.2064 -0.0813 -0.9751
vn -0.2124 0.0071 -0.9772
vn 0.2162 -0.0057 -0.9763
vn 0.2001 0.0043 -0.9798
vn 0.2621 0.6154 -0.7434
vn 0.2019 -0.0501 -0.9781
vn -0.1988 0.0897 -0.9759
vn 0.4367 -0.0529 0.8981
vn -0.4646 -0.0472 0.8843
vn -0.6860 -0.0498 0.7259
vn 0.6923 -0.0512 0.7198
vn 0.1355 -0.0699 -0.9883
vn -0.1607 0.0512 -0.9857
vn -0.1428 -0.0002 -0.9898
vn -0.0034 1.0000 -0.0055
vn -0.0051 -0.2100 -0.9777
vn 0.0065 0.2170 -0.9762
vn -0.0976 0.0267 -0.9949
vn 0.0828 -0.0071 -0.9965
vn 0.0601 0.0078 -0.9982
vn 0.0739 0.0113 -0.9972
vn -0.2066 0.1344 -0.9691
vn 0.1106 0.0618 -0.9919
vn -0.3587 -0.0035 -0.9334
vn -0.0668 -0.0313 -0.9973
vn -0.3395 0.3861 -0.8577
vn -0.3776 0.3596 -0.8533
vn -0.2078 0.0710 -0.9756
vn 0.0116 -0.0207 -0.9997
vn 0.0196 -0.0659 -0.9976
vn -0.0477 0.0057 -0.9988
vn -0.0169 0.0469 -0.9988
vn -0.0178 0.0020 -0.9998
vn 0.0395 0.0407 -0.9984
vn -0.0099 -0.0830 -0.9965
vn -0.0124 -0.0162 -0.9998
vn 0.3431 -0.0024 -0.9393
vn 0.3434 0.3417 -0.8748
vn 0.3174 0.3672 -0.8743
vn 0.0059 -0.1667 -0.9860
vn -0.0058 0.1684 -0.9857
vn -0.0052 -0.0481 -0.9988
vn -0.0011 -0.0605 -0.9982
vn 0.0052 0.0498 -0.9987
vn 0.0011 0.0621 -0.9981
vn -0.2194 -0.0550 0.9741
vn 0.2297 -0.0473 0.9721
vn -0.2232 -0.0530 0.9733
vn 0.2124 -0.0565 0.9756
vn 0.2884 0.0043 -0.9575
vn 0.5033 0.0818 -0.8602
vn 0.3434 -0.0531 0.9377
vn -0.7016 -0.0350 -0.7117
vn 0.7138 -0.0423 -0.6990
vn -0.3873 -0.0644 0.9197
vn -0.2388 0.3665 -0.8992
vn -0.2767 0.3563 -0.8924
vn -0.2856 0.0039 -0.9584
vn -0.2219 -0.0044 -0.9751
vn 0.2236 0.0007 -0.9747
vn 0.2056 0.3630 -0.9088
vn 0.4743 0.0681 -0.8777
vn 0.2085 -0.0576 0.9763
vn 0.2204 -0.0059 -0.9754
vn -0.2091 -0.0566 0.9763
vn 0.2066 0.0760 -0.9755
vn -0.3472 -0.0545 0.9362
vn -0.1648 0.0036 -0.9863
vn -0.2826 -0.0479 0.9580
vn 0.3016 -0.0490 0.9522
vn 0.1942 -0.0531 0.9795
vn 0.1356 -0.0590 0.9890
vn 0.1327 -0.0595 0.9894
vn 0.1216 0.0062 -0.9926
vn -0.0650 -0.0029 -0.9979
vn -0.2523 -0.0530 0.9662
vn 0.4320 0.0801 -0.8983
vn 0.0728 0.0014 -0.9973
vn -0.2088 -0.0286 -0.9775
vn 0.2085 -0.0153 -0.9779
vn 0.2075 -0.0203 -0.9780
vn -0.2055 0.0696 -0.9762
vn 0.2073 0.0771 -0.9752
vn -0.0139 0.0017 -0.9999
vn 0.0255 0.0057 -0.9997
vn -0.2071 -0.0198 -0.9781
vn 0.2183 0.3914 -0.8939
vn -0.1157 -0.0561 0.9917
vn 0.0464 -0.0514 0.9976
vn -0.2107 0.3770 -0.9019
vn 0.3440 0.0695 -0.9364
vn -0.0985 -0.0590 0.9934
vn -0.0322 -0.0518 0.9981
vn 0.3235 0.0749 -0.9432
vn 0.1872 -0.0426 0.9814
vn -0.1759 0.1305 -0.9757
vn -0.9975 -0.0699 -0.0075
vn 0.9840 -0.1474 -0.0996
vn 0.8507 -0.5193 0.0812
vn -0.9980 -0.0637 -0.0009
vn 0.7404 -0.6665 -0.0869
vn 0.9979 0.0270 0.0590
vn -0.6585 -0.7512 -0.0451
vn -0.1399 0.0728 -0.9875
vn -0.1831 0.0699 -0.9806
vn 0.4403 -0.8924 0.0986
vn 0.9390 0.3420 -0.0348
vn 0.2791 -0.9582 -0.0623
vn -0.1787 -0.9825 -0.0534
vn -0.0678 -0.9972 0.0325
vn -0.1517 0.0712 -0.9859
vn 0.2215 0.0709 -0.9726
vn 0.2263 0.0720 -0.9714
vn -0.0911 0.0689 -0.9935
vn -0.0699 0.0712 -0.9950
vn 0.1185 0.0724 -0.9903
vn 0.0162 0.0724 -0.9972
vn 0.0107 0.0732 -0.9973
vn -0.0720 -0.0553 -0.9959
vn 0.0669 -0.0603 -0.9959
vn 0.0866 -0.0324 -0.9957
s 0
f 1//1 2//1 3//1
f 6//2 7//2 8//2
f 11//3 12//3 13//3
f 14//4 15//4 16//4
f 17//5 18//5 19//5
f 20//6 21//6 22//6
f 26//7 29//7 25//7
f 24//8 27//8 23//8
f 30//9 31//9 32//9
f 33//10 34//10 35//10
f 38//11 39//11 40//11
f 49//12 50//12 51//12
f 80//13 81//13 82//13
f 83//14 84//14 85//14
f 86//15 87//15 88//15
f 89//16 90//16 91//16
f 98//17 99//17 100//17
f 101//18 102//18 103//18
f 104//19 105//19 106//19
f 107//20 97//20 95//20
f 108//21 109//21 110//21
f 111//22 112//22 113//22
f 118//23 119//23 120//23
f 121//24 122//24 123//24
f 132//25 133//25 134//25
f 135//26 136//26 137//26
f 148//27 149//27 150//27
f 151//28 152//28 153//28
f 129//29 154//29 130//29
f 155//30 156//30 157//30
f 158//31 159//31 160//31
f 169//32 170//32 171//32
f 174//33 175//33 176//33
f 177//34 178//34 23//34
f 178//35 24//35 23//35
f 27//7 179//7 28//7
f 180//36 181//36 182//36
f 183//37 186//37 187//37
f 188//38 189//38 190//38
f 191//39 192//39 193//39
f 194//40 195//40 196//40
f 213//41 214//41 215//41
f 226//42 227//42 228//42
f 229//43 230//43 231//43
f 232//44 233//44 234//44
f 235//45 236//45 237//45
f 238//46 239//46 240//46
f 241//47 242//47 243//47
f 250//48 251//48 252//48
f 253//49 254//49 256//49
f 257//50 258//50 259//50
f 260//51 261//51 262//51
f 255//52 269//52 270//52
f 283//53 284//53 285//53
f 286//54 287//54 288//54
f 295//55 296//55 297//55
f 298//56 299//56 300//56
f 309//57 310//57 311//57
f 314//58 315//58 316//58
f 326//59 185//59 184//59
f 338//60 340//60 342//60
f 343//61 339//61 341//61
f 360//62 361//62 362//62
f 363//63 364//63 365//63
f 366//64 367//64 368//64
f 371//65 372//65 373//65
f 376//66 377//66 378//66
f 379//67 380//67 381//67
f 382//68 383//68 384//68
f 385//69 386//69 387//69
f 388//70 389//70 390//70
f 395//71 396//71 397//71
f 398//72 399//72 400//72
f 401//73 402//73 403//73
f 404//74 405//74 406//74
f 407//75 408//75 409//75
f 410//76 411//76 412//76
f 413//77 414//77 415//77
f 416//78 417//78 419//78
f 428//79 429//79 430//79
f 431//80 432//80 433//80
f 434//81 436//81 438//81
f 27//7 439//7 179//7
f 442//82 437//82 435//82
f 449//83 450//83 451//83
f 460//84 461//84 462//84
f 465//85 466//85 467//85
f 468//86 469//86 470//86
f 475//87 476//87 477//87
f 478//88 479//88 480//88
f 481//89 482//89 483//89
f 486//90 487//90 488//90
f 492//91 493//91 494//91
f 495//92 496//92 497//92
f 500//93 501//93 502//93
f 505//94 506//94 507//94
f 516//95 517//95 518//95
f 519//96 520//96 521//96
f 528//97 529//97 530//97
f 531//98 532//98 533//98
f 534//99 535//99 536//99
f 537//100 538//100 539//100
f 540//101 541//101 542//101
f 543//102 544//102 545//102
f 550//103 551//103 552//103
f 555//104 556//104 557//104
f 560//105 561//105 562//105
f 563//106 564//106 565//106
f 588//107 589//107 590//107
f 591//108 592//108 593//108
f 656//109 657//109 658//109
f 661//110 662//110 663//110
f 750//111 751//111 752//111
f 809//112 810//112 811//112
f 816//113 817//113 818//113
f 885//114 886//114 887//114
f 1000//115 1001//115 1002//115
f 1015//116 1016//116 1017//116
f 1175//117 1176//117 1177//117
f 1246//118 1247//118 1248//118
f 1249//119 1250//119 1251//119
f 1275//120 1276//120 1277//120
f 1278//121 1279//121 1280//121
f 1281//122 1282//122 1283//122
f 1284//123 1285//123 1286//123
f 1287//124 1288//124 1289//124
f 1290//125 1291//125 1292//125
f 1293//126 1294//126 1295//126
f 1306//127 1307//127 1308//127
f 1309//128 1310//128 1311//128
f 1315//129 1316//129 1317//129
f 1377//130 1378//130 1379//130
f 1388//131 1389//131 1390//131
f 1391//132 1392//132 1393//132
f 1394//133 1395//133 1396//133
f 1475//134 1476//134 1477//134
f 1492//135 1493//135 1494//135
f 1547//136 1548//136 1549//136
f 1562//137 1563//137 1564//137
f 1565//138 1568//138 1569//138
f 1571//139 1572//139 1573//139
f 1574//140 1575//140 1576//140
f 1577//141 1578//141 1579//141
f 1580//142 1581//142 1582//142
f 1583//143 1584//143 1585//143
f 1586//144 1587//144 1588//144
f 1589//145 1590//145 1591//145
f 1592//146 1593//146 1594//146
f 1595//147 1596//147 1597//147
f 1598//148 1599//148 1600//148
f 1601//149 1602//149 1603//149
f 1612//150 1613//150 1614//150
f 1617//151 1618//151 1619//151
f 1624//152 1625//152 1626//152
f 1627//153 1628//153 1629//153
f 1635//154 1636//154 1637//154
f 1646//155 1643//155 1640//155
f 1649//156 1650//156 1651//156
f 1656//157 1657//157 1658//157
f 1665//158 1666//158 1667//158
f 1668//159 1669//159 1670//159
f 1671//160 1672//160 1673//160
f 1676//161 1677//161 1678//161
f 1687//162 1688//162 1689//162
f 1696//163 1567//163 1570//163
f 1699//164 1700//164 1701//164
f 1702//165 1703//165 1704//165
f 1717//166 1718//166 1719//166
f 1734//167 1735//167 1736//167
f 1769//168 1770//168 1771//168
f 1776//169 1777//169 1778//169
f 1779//7 178//7 177//7
f 1780//170 1781//170 1782//170
f 1785//171 1786//171 1787//171
f 1790//172 1791//172 1792//172
f 1805//173 1806//173 1807//173
f 1808//174 1809//174 1810//174
f 1811//175 1812//175 1813//175
f 1814//176 1816//176 1817//176
f 1819//177 1815//177 1818//177
f 1820//178 1821//178 1822//178
f 1823//179 1824//179 1825//179
f 1826//180 1827//180 1828//180
f 1834//181 1835//181 1836//181
f 1845//182 1846//182 1847//182
f 1858//183 1859//183 1860//183
f 1861//184 1862//184 1863//184
f 1866//185 1867//185 1868//185
f 1881//186 1882//186 1883//186
f 1902//187 1903//187 1904//187
f 1914//188 1915//188 1916//188
f 1919//189 1920//189 1921//189
f 1953//190 1954//190 1955//190
f 1958//191 1959//191 1960//191
f 1961//192 1962//192 1963//192
f 1970//193 1971//193 1972//193
f 1984//194 1985//194 1986//194
f 1991//195 1992//195 1993//195
f 1994//196 1995//196 1996//196
f 2007//197 2008//197 2009//197
f 2012//198 2013//198 2014//198
f 2044//199 1566//199 1697//199
f 2052//200 2053//200 2054//200
f 2060//201 2061//201 2062//201
f 2079//202 2080//202 2081//202
f 2082//203 2083//203 2084//203
f 2089//204 2090//204 2091//204
f 2099//205 2100//205 2101//205
f 2102//206 2103//206 2104//206
f 2109//7 1779//7 177//7
f 2110//207 2111//207 2112//207
f 2113//208 2114//208 179//208
f 439//209 2113//209 179//209
f 2115//210 2116//210 2117//210
f 2118//211 2119//211 2120//211
f 2121//212 2122//212 2123//212
f 2124//213 2125//213 2126//213
f 2127//214 2128//214 2129//214
f 2138//215 2139//215 2140//215
f 2145//216 2148//216 2149//216
f 2150//217 2152//217 2156//217
f 2151//218 2158//218 2155//218
f 2146//219 2159//219 2147//219
f 2162//220 2163//220 2164//220
f 2165//221 2166//221 2167//221
f 2172//222 2173//222 2174//222
f 2185//223 2186//223 2187//223
f 2198//224 2199//224 2200//224
f 2203//225 2205//225 2208//225
f 2241//226 2242//226 2246//226
f 2253//227 2254//227 2255//227
f 2256//228 2257//228 2258//228
f 2263//229 2264//229 2265//229
f 2276//230 2277//230 2278//230
f 2283//231 2284//231 2285//231
f 2286//232 2287//232 2288//232
f 2308//233 2309//233 2311//233
f 2310//234 2321//234 2319//234
f 2322//235 2323//235 2320//235
f 2325//236 2330//236 2314//236
f 2328//237 2332//237 2316//237
f 2333//238 2335//238 2312//238
f 2336//239 2338//239 2315//239
f 2324//240 2334//240 2317//240
f 2331//241 2307//241 2318//241
f 2341//242 2343//242 2344//242
f 2340//243 2377//243 2342//243
f 2382//244 2383//244 2384//244
f 2385//245 2386//245 2387//245
f 2388//246 2389//246 2390//246
f 2391//247 2392//247 2393//247
f 2394//248 2395//248 2396//248
f 2397//249 2398//249 2399//249
f 2400//250 2401//250 2402//250
f 2409//251 2410//251 2411//251
f 2412//252 2413//252 2414//252
f 2415//253 2416//253 2417//253
f 2428//254 2429//254 2430//254
f 2439//255 2440//255 2441//255
f 2448//256 2449//256 2450//256
f 2461//257 2462//257 2463//257
f 2464//258 2465//258 2466//258
f 2467//259 2468//259 2469//259
f 2472//260 2473//260 2474//260
f 2475//261 2476//261 2477//261
f 2491//262 2493//262 2494//262
f 2495//263 2496//263 2497//263
f 2498//264 2499//264 2500//264
f 2507//265 2508//265 2509//265
f 2510//266 2511//266 2512//266
f 2524//267 2527//267 2528//267
f 2530//268 2532//268 2535//268
f 2536//269 2537//269 2538//269
f 2539//270 2540//270 2541//270
f 2545//271 2546//271 2547//271
f 2548//272 2549//272 2550//272
f 2565//273 2566//273 2567//273
f 2568//274 2569//274 2570//274
f 2571//275 2572//275 2573//275
f 2582//276 2045//276 1698//276
f 2583//277 2584//277 2585//277
f 2586//278 2587//278 2588//278
f 2589//279 2590//279 2591//279
f 2616//280 2618//280 2621//280
f 2623//280 2616//280 2621//280
f 2630//281 2631//281 2632//281
f 2635//282 2636//282 2637//282
f 2638//283 2639//283 2640//283
f 2641//284 2642//284 2643//284
f 2644//285 2645//285 2646//285
f 2649//286 2650//286 2651//286
f 2674//287 2675//287 2676//287
f 2677//288 2678//288 2679//288
f 2680//289 2681//289 2682//289
f 2683//290 2684//290 2685//290
f 2690//291 2691//291 2692//291
f 2337//292 2696//292 2313//292
f 2698//293 2329//293 2326//293
f 1773//294 2715//294 1774//294
f 2716//295 2717//295 2718//295
f 2725//296 2726//296 2727//296
f 2762//297 2763//297 2764//297
f 2779//298 2780//298 2781//298
f 2784//299 2785//299 2786//299
f 2791//300 2792//300 2793//300
f 2807//301 2622//301 2620//301
f 2808//302 2809//302 2810//302
f 2827//303 2830//303 2831//303
f 2832//304 2833//304 2834//304
f 2835//305 2836//305 2837//305
f 2838//306 2839//306 2840//306
f 2843//307 2844//307 2845//307
f 2850//308 2851//308 2852//308
f 2853//309 2854//309 2855//309
f 2856//310 2857//310 2858//310
f 2861//311 2492//311 2490//311
f 2864//312 2865//312 2866//312
f 2828//313 2867//313 2829//313
f 2882//314 2883//314 2884//314
f 2887//315 2888//315 2889//315
f 2894//316 2895//316 2896//316
f 2949//317 2950//317 2951//317
f 2966//318 2967//318 2968//318
f 2969//319 2970//319 2971//319
f 2972//320 2976//320 2977//320
f 2978//321 2979//321 2980//321
f 2981//322 2982//322 2983//322
f 2984//323 2985//323 2986//323
f 2339//324 2987//324 2695//324
f 2531//325 2988//325 2533//325
f 2990//326 2991//326 2992//326
f 2995//327 2996//327 2997//327
f 3006//328 3008//328 3010//328
f 3011//329 3012//329 3013//329
f 3014//330 3015//330 3016//330
f 3029//331 3030//331 3031//331
f 3032//332 3033//332 3034//332
f 3035//333 3036//333 3037//333
f 3047//334 3048//334 3049//334
f 3052//335 3053//335 3054//335
f 3073//336 3074//336 3075//336
f 3076//337 3077//337 3078//337
f 3079//338 3080//338 3081//338
f 3082//339 3083//339 3084//339
f 3085//340 3086//340 3087//340
f 3092//341 3093//341 3094//341
f 3095//342 3096//342 3097//342
f 2243//343 3104//343 3105//343
f 3108//344 3109//344 3110//344
f 3111//345 3112//345 3113//345
f 3116//346 3117//346 3118//346
f 3126//347 3128//347 3130//347
f 2617//348 3131//348 2619//348
f 3166//349 3167//349 3168//349
f 3173//350 3174//350 3175//350
f 3208//351 3209//351 3210//351
f 3211//352 3212//352 3213//352
f 2154//353 3215//353 2157//353
f 3237//354 3239//354 3240//354
f 3242//355 3243//355 3244//355
f 3245//356 3246//356 3247//356
f 3248//357 3249//357 3250//357
f 3253//358 3254//358 3255//358
f 3283//359 3284//359 3285//359
f 2973//360 3287//360 2974//360
f 3286//361 3288//361 2975//361
f 3289//362 3009//362 3007//362
f 3290//363 3291//363 3292//363
f 3293//364 3294//364 3295//364
f 3296//365 3297//365 3298//365
f 3299//366 3300//366 3301//366
f 3305//367 3306//367 3307//367
f 3311//368 3312//368 3313//368
f 3316//369 3317//369 3318//369
f 3319//370 3320//370 3321//370
f 3326//371 3327//371 3328//371
f 3330//372 2526//372 2529//372
f 3335//373 2624//373 2806//373
f 3336//374 3337//374 3338//374
f 3339//375 3340//375 3341//375
f 3345//376 3346//376 3347//376
f 3354//377 3355//377 3356//377
f 3361//378 3362//378 3363//378
f 3372//379 3373//379 3374//379
f 3407//380 3408//380 3409//380
f 3428//381 3429//381 3430//381
f 3437//382 3438//382 3439//382
f 3453//383 3454//383 3455//383
f 3456//384 3457//384 3458//384
f 3459//385 3460//385 3461//385
f 3462//386 3463//386 3464//386
f 3465//387 3466//387 3467//387
f 3468//388 3469//388 3470//388
f 3471//389 3472//389 3473//389
f 3474//390 3475//390 3476//390
f 3483//391 3484//391 3485//391
f 3498//392 3499//392 3500//392
f 3238//393 3504//393 3506//393
f 3508//394 3236//394 3241//394
f 3514//395 3515//395 3516//395
f 3517//396 3520//396 3525//396
f 3546//397 3547//397 3548//397
f 3557//398 3558//398 3559//398
f 3560//399 3561//399 3562//399
f 3565//400 3566//400 3567//400
f 3584//401 3585//401 3586//401
f 3587//402 3588//402 3589//402
f 3590//403 3592//403 3593//403
f 3594//404 3595//404 3596//404
f 3597//405 3598//405 3599//405
f 3601//7 3603//7 3604//7
f 3605//406 3606//406 3607//406
f 3610//407 3611//407 3612//407
f 3613//408 3614//408 3615//408
f 3616//409 3617//409 3618//409
f 3619//410 3620//410 3621//410
f 3622//411 3623//411 3624//411
f 3636//412 3637//412 3638//412
f 3643//413 3644//413 3645//413
f 3649//414 2525//414 3329//414
f 3650//415 2327//415 2697//415
f 2989//416 3651//416 2534//416
f 3652//417 3655//417 3657//417
f 3661//418 3662//418 3663//418
f 3664//419 3665//419 3666//419
f 3667//7 3673//7 2244//7
f 3674//34 3668//34 2245//34
f 3677//420 3678//420 3679//420
f 3680//421 3681//421 3682//421
f 3683//422 3684//422 3685//422
f 3694//423 3696//423 3698//423
f 3715//424 3716//424 3717//424
f 3720//425 3721//425 3722//425
f 3723//426 3724//426 3725//426
f 3726//427 3727//427 3728//427
f 3729//428 3730//428 3731//428
f 3734//429 3735//429 3736//429
f 3737//430 3738//430 3739//430
f 3740//431 3741//431 3742//431
f 3743//432 3744//432 3745//432
f 3754//433 3755//433 3756//433
f 3757//434 3759//434 3760//434
f 3758//435 2043//435 3761//435
f 3766//436 3767//436 3768//436
f 3503//437 3773//437 3505//437
f 3774//438 3775//438 3776//438
f 3781//439 3782//439 3783//439
f 3784//440 3785//440 3786//440
f 3789//441 3790//441 3791//441
f 3695//442 3808//442 3697//442
f 3125//443 3817//443 3129//443
f 3820//444 3821//444 3822//444
f 3823//445 3824//445 3825//445
f 3826//446 3827//446 3828//446
f 3835//447 3836//447 3837//447
f 3838//448 3839//448 3840//448
f 3841//449 3842//449 3843//449
f 2153//450 3844//450 3214//450
f 3845//451 3846//451 3847//451
f 3855//452 3856//452 3857//452
f 3866//453 3867//453 3868//453
f 3869//454 3870//454 3871//454
f 3872//455 3873//455 3874//455
f 3878//456 3879//456 3880//456
f 3881//457 3882//457 3883//457
f 3892//458 3893//458 3894//458
f 3895//459 3896//459 3897//459
f 3908//460 3909//460 3910//460
f 3931//461 3932//461 3933//461
f 3956//462 3957//462 3958//462
f 3959//463 3960//463 3961//463
f 3964//464 3965//464 3966//464
f 3967//465 3968//465 3969//465
f 3970//466 3971//466 3972//466
f 3977//467 3978//467 3979//467
f 3984//468 3985//468 3986//468
f 4013//469 4014//469 4016//469
f 4015//470 4018//470 4017//470
f 4068//471 4069//471 4070//471
f 4083//472 4084//472 4085//472
f 4086//473 4087//473 4088//473
f 4097//474 4098//474 4099//474
f 4100//475 4101//475 4102//475
f 4108//476 4109//476 4110//476
f 4113//477 4114//477 4115//477
f 4116//478 4117//478 4118//478
f 4129//479 4130//479 4131//479
f 4157//480 4158//480 4159//480
f 2204//481 4173//481 2207//481
f 4174//482 4175//482 4176//482
f 4197//483 4198//483 4199//483
f 4215//484 4216//484 4217//484
f 4218//485 4219//485 4220//485
f 4221//486 4223//486 4225//486
f 4226//487 4227//487 4228//487
f 4229//488 4230//488 4231//488
f 4232//489 4233//489 4234//489
f 4235//490 4236//490 4237//490
f 4238//491 4239//491 4240//491
f 4247//492 4248//492 4249//492
f 4254//493 4255//493 4256//493
f 4257//494 4258//494 4259//494
f 4268//495 4269//495 4270//495
f 4271//496 4272//496 4273//496
f 4279//497 4280//497 4281//497
f 4284//498 4285//498 4286//498
f 4289//499 4290//499 4291//499
f 4292//500 4293//500 4294//500
f 4295//501 4296//501 4297//501
f 4298//502 4299//502 4300//502
f 4303//503 4304//503 4305//503
f 4325//504 4326//504 4327//504
f 4332//505 4333//505 4334//505
f 4335//506 4336//506 4337//506
f 4189//507 4339//507 4192//507
f 4342//508 4343//508 4344//508
f 4349//509 4350//509 4351//509
f 4363//510 4364//510 4365//510
f 4366//511 4367//511 4368//511
f 3127//512 4380//512 3818//512
f 4381//513 4384//513 4385//513
f 4396//514 4397//514 4398//514
f 4409//515 4410//515 4411//515
f 4432//516 4190//516 4187//516
f 4440//517 4441//517 4442//517
f 4443//518 4444//518 4445//518
f 4456//519 4457//519 4458//519
f 4467//520 4468//520 4469//520
f 4504//521 4505//521 4506//521
f 4508//522 4503//522 4507//522
f 4525//523 4526//523 4527//523
f 4529//524 4530//524 4531//524
f 4532//525 4533//525 4534//525
f 4543//526 4544//526 4545//526
f 4546//527 4549//527 3509//527
f 4570//528 4571//528 4572//528
f 4382//529 4573//529 4383//529
f 4583//530 4584//530 4585//530
f 4588//531 4589//531 4590//531
f 4591//532 4592//532 4593//532
f 4594//533 4595//533 4596//533
f 4597//534 4598//534 4599//534
f 4609//535 4610//535 4611//535
f 4612//536 4613//536 4614//536
f 4620//537 4621//537 4622//537
f 4623//538 4624//538 4625//538
f 4628//539 4629//539 4630//539
f 4631//540 4632//540 4633//540
f 4634//541 4635//541 4636//541
f 4637//542 4638//542 4639//542
f 4642//543 4643//543 4644//543
f 4645//544 4646//544 4647//544
f 4653//545 4654//545 4655//545
f 3844//450 4657//450 3214//450
f 4658//546 4659//546 4660//546
f 4661//547 4662//547 4663//547
f 4664//548 4665//548 4666//548
f 4667//549 4668//549 4669//549
f 4676//550 4677//550 4678//550
f 4681//551 4682//551 4683//551
f 4703//552 4704//552 4705//552
f 4706//553 4708//553 4709//553
f 4717//554 4718//554 4719//554
f 4720//555 4721//555 4722//555
f 4723//556 4724//556 4725//556
f 4726//557 4727//557 4728//557
f 4729//558 4730//558 4731//558
f 4732//559 4733//559 4734//559
f 4749//560 4750//560 4751//560
f 4222//561 4753//561 4224//561
f 3296//7 4754//7 3297//7
f 4755//562 4756//562 4757//562
f 4379//563 4758//563 3819//563
f 4759//564 4760//564 4761//564
f 4762//565 4763//565 4764//565
f 4765//566 4766//566 4767//566
f 4768//567 4769//567 4770//567
f 4771//568 4772//568 4773//568
f 4778//569 4779//569 4780//569
f 4789//570 4609//570 4611//570
f 4790//571 4789//571 4611//571
f 4791//572 4792//572 4793//572
f 4823//573 4824//573 4825//573
f 4826//574 4827//574 4828//574
f 4831//575 4832//575 4833//575
f 4338//576 4848//576 4341//576
f 4853//577 4855//577 4856//577
f 4852//578 4857//578 4854//578
f 4876//579 4877//579 4878//579
f 4911//580 4912//580 4913//580
f 4914//581 4915//581 4916//581
f 4919//582 4920//582 4923//582
f 4921//583 4924//583 4922//583
f 4927//584 4548//584 3507//584
f 4935//585 4936//585 4937//585
f 4940//586 4941//586 4942//586
f 4943//587 4944//587 4947//587
f 4954//588 4955//588 4956//588
f 4958//589 4959//589 4960//589
f 4962//590 4957//590 4961//590
f 4965//591 4966//591 4967//591
f 4968//592 4969//592 4970//592
f 4973//593 4974//593 4975//593
f 4978//594 4786//594 4784//594
f 4981//595 4982//595 4983//595
f 4984//596 4985//596 4986//596
f 4987//597 4988//597 4989//597
f 4992//598 4993//598 4994//598
f 4995//599 4996//599 4997//599
f 5013//600 5014//600 5015//600
f 5016//601 5017//601 5018//601
f 5019//602 5020//602 5021//602
f 5028//603 5029//603 5030//603
f 5031//604 5032//604 5033//604
f 5034//605 5035//605 5036//605
f 5039//606 5040//606 5041//606
f 4172//607 5044//607 2206//607
f 5045//608 5046//608 5047//608
f 5048//609 5049//609 5050//609
f 5059//610 5060//610 5061//610
f 5062//611 5063//611 5064//611
f 5070//612 3648//612 5072//612
f 5076//613 5077//613 5078//613
f 4945//614 5083//614 4946//614
f 5086//615 5087//615 5088//615
f 5089//616 5090//616 5091//616
f 5099//617 5100//617 5101//617
f 5102//618 5103//618 5104//618
f 5110//619 5111//619 5112//619
f 5162//620 5163//620 5164//620
f 5177//621 5178//621 5179//621
f 5180//622 5181//622 5182//622
f 5184//623 5185//623 5187//623
f 5188//624 5186//624 5183//624
f 5191//625 5192//625 5193//625
f 5218//626 5221//626 5222//626
f 5235//627 5236//627 5237//627
f 5240//628 5241//628 5242//628
f 5243//629 5244//629 5245//629
f 5246//630 5247//630 5248//630
f 5267//631 5268//631 5269//631
f 5274//632 5275//632 5276//632
f 5277//633 5278//633 5279//633
f 5280//634 5281//634 5282//634
f 5285//635 5286//635 5287//635
f 5288//636 5289//636 5290//636
f 5291//637 5292//637 5293//637
f 5294//638 5295//638 5296//638
f 5297//639 5301//639 5302//639
f 5303//640 5304//640 5305//640
f 5306//641 3602//641 3600//641
f 5324//642 5325//642 5326//642
f 5331//643 5332//643 5333//643
f 5344//644 5345//644 5346//644
f 5359//645 5360//645 5361//645
f 5362//646 5363//646 5364//646
f 5387//647 5388//647 5389//647
f 5390//648 5391//648 5392//648
f 5393//649 5394//649 5395//649
f 5396//650 5397//650 5398//650
f 5418//651 5419//651 5420//651
f 5423//652 5424//652 5425//652
f 5432//653 5433//653 5434//653
f 5435//654 5436//654 5437//654
f 5472//655 5473//655 5474//655
f 5475//656 5476//656 5477//656
f 5484//657 5487//657 3654//657
f 3653//658 5485//658 3656//658
f 5524//659 5525//659 5526//659
f 5529//660 5530//660 5531//660
f 5534//661 5535//661 5536//661
f 5542//662 5544//662 5546//662
f 4609//663 5565//663 4610//663
f 5566//664 5567//664 5568//664
f 5575//665 5576//665 5577//665
f 5596//666 5597//666 5598//666
f 5599//667 5600//667 5601//667
f 5520//641 5602//641 5523//641
f 5603//668 5604//668 5605//668
f 5606//669 5607//669 5608//669
f 5627//670 5628//670 5629//670
f 5630//671 5631//671 5632//671
f 5633//672 5634//672 5635//672
f 5652//673 5653//673 5654//673
f 5663//674 5664//674 5665//674
f 5666//675 5667//675 5668//675
f 5669//676 5670//676 5671//676
f 5672//677 5673//677 5674//677
f 5675//678 5676//678 5677//678
f 5678//679 5679//679 5680//679
f 5681//680 5682//680 5683//680
f 5685//681 5687//681 5690//681
f 5694//682 5695//682 5696//682
f 5697//683 5698//683 5692//683
f 5699//684 5684//684 5693//684
f 5700//685 5701//685 5702//685
f 5714//686 4547//686 4926//686
f 5686//687 5739//687 5691//687
f 5753//688 5754//688 5755//688
f 5756//689 5757//689 5758//689
f 5768//690 5543//690 5545//690
f 5769//691 5770//691 5771//691
f 5772//692 5773//692 5774//692
f 5775//693 5776//693 5777//693
f 5778//694 5779//694 5780//694
f 5805//695 5806//695 5807//695
f 5842//696 5843//696 5844//696
f 5853//697 5854//697 5855//697
f 5875//698 5876//698 5877//698
f 5880//699 5881//699 5882//699
f 5891//700 5892//700 5893//700
f 5896//701 5897//701 5898//701
f 5928//702 5929//702 5930//702
f 5931//703 5932//703 5933//703
f 5940//704 5941//704 5942//704
f 5945//705 5946//705 5947//705
f 5520//641 5950//641 5602//641
f 5953//706 5954//706 5955//706
f 5975//707 5976//707 5977//707
f 5978//708 5979//708 5980//708
f 5983//709 5984//709 5985//709
f 5998//710 6000//710 6001//710
f 6003//711 5999//711 6002//711
f 6005//712 6007//712 4752//712
f 6008//713 6009//713 6010//713
f 6028//714 5071//714 5073//714
f 5486//715 6029//715 5489//715
f 6040//716 6042//716 6044//716
f 6045//717 6043//717 6041//717
f 6058//718 6059//718 6060//718
f 6077//719 6078//719 6079//719
f 6086//720 6087//720 6088//720
f 6099//721 6100//721 6101//721
f 6153//722 6154//722 6155//722
f 6156//723 6157//723 6158//723
f 6159//724 6160//724 6161//724
f 6162//725 6163//725 6164//725
f 6167//726 6168//726 6169//726
f 6170//727 6171//727 6172//727
f 6175//728 6176//728 6178//728
f 6179//729 6180//729 6181//729
f 6183//730 6185//730 4656//730
f 6174//731 6187//731 6177//731
f 6192//732 6193//732 6194//732
f 6214//733 5541//733 5767//733
f 6233//734 6234//734 6235//734
f 6236//735 6237//735 6238//735
f 6239//736 6240//736 6241//736
f 6250//737 6251//737 6252//737
f 6273//738 6274//738 6275//738
f 6278//739 6279//739 6280//739
f 5219//740 6281//740 5223//740
f 5688//741 6289//741 5738//741
f 6293//742 6294//742 6295//742
f 6296//743 6298//743 6299//743
f 6297//744 6301//744 6300//744
f 6308//745 6309//745 6310//745
f 6339//746 6340//746 6341//746
f 6344//747 6345//747 6346//747
f 6347//748 6348//748 6349//748
f 6350//749 6351//749 6352//749
f 6355//750 6356//750 6357//750
f 6366//751 6368//751 6369//751
f 6371//752 6372//752 6373//752
f 6374//753 6375//753 6376//753
f 6377//754 6378//754 6379//754
f 6380//755 6381//755 6382//755
f 6383//756 6384//756 6385//756
f 6386//757 6387//757 6388//757
f 6395//758 6396//758 6397//758
f 6398//759 6399//759 6400//759
f 6401//760 6402//760 6403//760
f 6406//761 6407//761 6408//761
f 6415//762 6416//762 6417//762
f 6418//763 6419//763 6420//763
f 6426//764 4789//764 4790//764
f 6435//765 6436//765 6437//765
f 6444//766 6445//766 6446//766
f 6451//767 6453//767 6455//767
f 6456//768 6452//768 6454//768
f 6479//769 6480//769 6481//769
f 6483//770 5094//770 5093//770
f 6498//771 6499//771 6500//771
f 6519//772 6520//772 6521//772
f 6522//773 6523//773 6524//773
f 6544//774 6545//774 6546//774
f 6567//775 6568//775 6569//775
f 6591//776 6592//776 6593//776
f 6594//777 6595//777 6596//777
f 6617//778 6618//778 6619//778
f 6626//779 6367//779 6370//779
f 6657//780 6658//780 4609//780
f 6661//781 6657//781 4609//781
f 6658//782 5565//782 4609//782
f 6662//783 6666//783 6664//783
f 6665//784 6669//784 6663//784
f 6670//785 6672//785 6675//785
f 6672//785 6677//785 6675//785
f 6678//785 6680//785 6676//785
f 6682//786 6685//786 4789//786
f 6687//787 6689//787 4789//787
f 6688//571 6681//571 4788//571
f 6425//788 6686//788 4787//788
f 6690//789 6673//789 6671//789
f 6691//790 6695//790 6696//790
f 6731//791 6732//791 6733//791
f 6738//792 6739//792 6740//792
f 6749//793 6750//793 6752//793
f 6753//794 6751//794 6754//794
f 6769//795 6770//795 6771//795
f 6860//796 6861//796 6862//796
f 6899//797 6900//797 6901//797
f 6902//798 6903//798 6904//798
f 6692//799 6909//799 6694//799
f 7122//800 7123//800 7124//800
f 7137//801 7141//801 7142//801
f 7138//802 7151//802 7139//802
f 5220//803 7196//803 6283//803
f 7251//804 7252//804 7253//804
f 7254//805 7255//805 7256//805
f 7325//806 7326//806 7327//806
f 6004//807 7334//807 6006//807
f 7335//808 7337//808 5299//808
f 7338//809 5300//809 5298//809
f 7340//810 7341//810 7342//810
f 3296//811 7343//811 4754//811
f 7344//812 7345//812 7346//812
f 7395//813 7396//813 7397//813
f 7398//814 7399//814 7400//814
f 7409//815 7410//815 7411//815
f 7422//816 7423//816 7424//816
f 7437//817 7438//817 7439//817
f 7483//818 7484//818 7486//818
f 7499//819 7500//819 7501//819
f 7534//820 7535//820 7536//820
f 7547//821 7548//821 7549//821
f 7550//822 7551//822 7552//822
f 7553//823 7554//823 7555//823
f 7564//824 7566//824 7567//824
f 7572//825 7573//825 7574//825
f 7575//826 7576//826 7577//826
f 7582//827 7583//827 7584//827
f 7603//828 7604//828 7605//828
f 7606//829 7607//829 7608//829
f 7609//830 7610//830 7611//830
f 7612//831 7613//831 7614//831
f 7617//832 7618//832 7619//832
f 7624//833 7625//833 7626//833
f 7629//834 7630//834 7631//834
f 7648//835 7649//835 7650//835
f 7651//836 7652//836 7653//836
f 7655//837 7656//837 7658//837
f 7659//838 7657//838 7654//838
f 7664//839 2114//839 2113//839
f 7665//840 7666//840 7667//840
f 7684//841 7685//841 7686//841
f 7712//842 7713//842 7714//842
f 7717//843 7718//843 7719//843
f 7765//844 7768//844 7770//844
f 7784//845 7785//845 7786//845
f 7787//846 7788//846 7789//846
f 7482//847 7790//847 7485//847
f 7845//848 7846//848 7847//848
f 7848//849 7849//849 7850//849
f 7853//850 5069//850 6027//850
f 7856//851 7852//851 6026//851
f 6031//852 7857//852 5488//852
f 5689//853 7868//853 6291//853
f 7867//854 7869//854 6290//854
f 7870//855 7871//855 6292//855
f 7880//856 7881//856 7882//856
f 7885//857 7886//857 7887//857
f 7888//858 7889//858 7890//858
f 7891//859 7892//859 7893//859
f 7903//860 7904//860 7905//860
f 7197//861 7924//861 6282//861
f 7926//862 7927//862 6284//862
f 7929//863 5715//863 4925//863
f 7932//864 7930//864 4928//864
f 7961//865 7962//865 7963//865
f 7968//866 7969//866 7970//866
f 7971//867 7972//867 7973//867
f 7978//868 7979//868 7980//868
f 7981//869 7982//869 7983//869
f 7993//870 7996//870 7997//870
f 7998//871 7866//871 7864//871
f 8005//872 8006//872 8007//872
f 8035//873 8036//873 8037//873
f 8050//874 8051//874 8052//874
f 8066//875 8067//875 8068//875
f 8069//876 8070//876 8071//876
f 8072//877 8073//877 8074//877
f 8075//878 8076//878 8077//878
f 8090//879 8091//879 8092//879
f 8093//880 8094//880 8095//880
f 8096//881 8097//881 8098//881
f 8099//882 8100//882 8101//882
f 8112//7 1779//7 2109//7
f 8125//883 8126//883 8127//883
f 8136//884 8137//884 8138//884
f 8139//885 8140//885 8141//885
f 8144//886 8145//886 8146//886
f 8147//887 8148//887 8149//887
f 8150//888 8151//888 8152//888
f 8155//889 8156//889 8157//889
f 8158//890 8159//890 8160//890
f 8163//891 8164//891 8165//891
f 8166//892 8167//892 8168//892
f 8170//893 8173//893 8174//893
f 8176//894 7339//894 7336//894
f 8177//895 8178//895 8179//895
f 8180//896 3602//896 5306//896
f 8183//897 8184//897 8185//897
f 8189//898 8190//898 8191//898
f 8193//899 8188//899 8192//899
f 8194//900 8195//900 8196//900
f 8203//901 8204//901 8205//901
f 8210//902 8211//902 8212//902
f 8227//903 8228//903 8229//903
f 8232//904 8233//904 8234//904
f 8235//905 8236//905 8237//905
f 8258//906 8259//906 8260//906
f 8271//907 8272//907 8273//907
f 8282//908 8283//908 8284//908
f 8295//909 8296//909 8297//909
f 8327//910 8328//910 8330//910
f 8341//911 8342//911 8343//911
f 8355//912 8356//912 8357//912
f 8369//913 8371//913 8373//913
f 8382//914 8383//914 8384//914
f 8385//915 8386//915 8387//915
f 8412//916 8413//916 8414//916
f 8417//917 8418//917 8419//917
f 8444//918 8445//918 8446//918
f 8447//919 8448//919 8449//919
f 8450//920 8451//920 8452//920
f 8455//921 8456//921 8457//921
f 8458//922 8459//922 8460//922
f 8461//923 8462//923 8463//923
f 8470//924 8471//924 8472//924
f 6184//925 8474//925 6186//925
f 8482//926 8483//926 8484//926
f 8499//927 8500//927 8501//927
f 8530//928 8531//928 8532//928
f 8533//929 8534//929 8535//929
f 8538//930 8372//930 8368//930
f 8548//931 8549//931 8550//931
f 8552//932 8553//932 7565//932
f 8586//933 8587//933 8588//933
f 8601//934 8602//934 8603//934
f 8604//935 8605//935 8606//935
f 8607//936 8608//936 8609//936
f 8610//937 8611//937 8612//937
f 8613//938 8614//938 8615//938
f 8632//939 8633//939 8634//939
f 8646//940 8647//940 8648//940
f 8649//941 8650//941 8651//941
f 8660//942 8662//942 8664//942
f 8665//943 8661//943 8663//943
f 8668//944 8669//944 8670//944
f 8671//945 8672//945 8673//945
f 8674//946 8675//946 8676//946
f 8677//947 7858//947 6030//947
f 7933//948 8678//948 7931//948
f 8693//949 8694//949 8695//949
f 8696//950 8697//950 8698//950
f 8699//951 8700//951 8701//951
f 8714//952 8715//952 8716//952
f 8717//953 8718//953 8719//953
f 8726//954 8727//954 8728//954
f 8729//955 8730//955 8731//955
f 8747//956 8748//956 8749//956
f 8752//957 8172//957 8169//957
f 8757//958 8758//958 8759//958
f 8782//959 8784//959 8354//959
f 8803//960 8804//960 8805//960
f 8806//961 8807//961 8808//961
f 8815//962 8816//962 8817//962
f 8818//963 8819//963 8820//963
f 8824//964 8825//964 8826//964
f 8827//965 8828//965 8829//965
f 8836//966 8837//966 8838//966
f 8839//967 8840//967 8841//967
f 8858//968 8859//968 8860//968
f 8861//969 8862//969 8863//969
f 8654//970 8657//970 8864//970
f 3296//971 8865//971 7343//971
f 8865//972 8866//972 7343//972
f 8867//973 8868//973 8869//973
f 8874//974 8875//974 8876//974
f 8895//975 8897//975 8898//975
f 8901//976 8902//976 8903//976
f 8908//977 8909//977 8910//977
f 8914//978 8915//978 8917//978
f 8918//979 8919//979 8920//979
f 8923//980 8924//980 8925//980
f 8932//981 8933//981 8934//981
f 8950//982 8951//982 8916//982
f 8975//983 8976//983 8977//983
f 8980//984 8981//984 8982//984
f 8983//985 8984//985 8985//985
f 7994//986 8991//986 7995//986
f 8996//987 8997//987 8998//987
f 9001//988 9002//988 9003//988
f 9017//989 9018//989 9019//989
f 9029//990 9030//990 9031//990
f 9036//991 9037//991 9038//991
f 9051//992 9052//992 9053//992
f 9081//993 8473//993 6182//993
f 9083//994 9084//994 9085//994
f 8706//995 9088//995 9090//995
f 9091//996 9092//996 9093//996
f 9108//997 9109//997 9110//997
f 9115//998 9116//998 9117//998
f 9122//999 8886//999 8884//999
f 9125//1000 9126//1000 9127//1000
f 9128//1001 9129//1001 9130//1001
f 9149//1002 9150//1002 9151//1002
f 9152//1003 9153//1003 9154//1003
f 9157//1004 9158//1004 9159//1004
f 9164//1005 9165//1005 9166//1005
f 9169//1006 9170//1006 9171//1006
f 9173//1007 9174//1007 9175//1007
f 7855//1008 9178//1008 7851//1008
f 9179//1009 9182//1009 7923//1009
f 9184//1010 7928//1010 7925//1010
f 9185//1011 9186//1011 9187//1011
f 9188//1012 9189//1012 9190//1012
f 9195//1013 9196//1013 9197//1013
f 9198//1014 9199//1014 9200//1014
f 9201//1015 9203//1015 9205//1015
f 9206//1016 9204//1016 9202//1016
f 9239//1017 9240//1017 9241//1017
f 9242//1018 9243//1018 9244//1018
f 9246//1019 8679//1019 7934//1019
f 9248//1020 9249//1020 9250//1020
f 9315//1021 9316//1021 9317//1021
f 9318//1022 9319//1022 9320//1022
f 9325//1023 9326//1023 9327//1023
f 9334//1024 9335//1024 9336//1024
f 9337//1025 9339//1025 8175//1025
f 9342//1026 9343//1026 9344//1026
f 9345//1027 9346//1027 9347//1027
f 9350//1028 9351//1028 9352//1028
f 9353//1029 9354//1029 9355//1029
f 9356//1030 9357//1030 9358//1030
f 9359//1031 9360//1031 9361//1031
f 9364//1032 9365//1032 9366//1032
f 9367//1033 9368//1033 9369//1033
f 9374//1034 9375//1034 9376//1034
f 9377//1035 9378//1035 9379//1035
f 9382//1036 9383//1036 9384//1036
f 9389//1037 9390//1037 9391//1037
f 9411//1038 9412//1038 9413//1038
f 9425//1039 9426//1039 9427//1039
f 9428//1040 9429//1040 9430//1040
f 9431//1041 9432//1041 9433//1041
f 9434//1042 9435//1042 9436//1042
f 9439//1043 8171//1043 8753//1043
f 9442//1044 9443//1044 9444//1044
f 9445//1045 9446//1045 9447//1045
f 9448//7 3602//7 8180//7
f 9453//1046 9454//1046 9455//1046
f 9466//1047 9467//1047 9468//1047
f 9469//1048 9470//1048 9471//1048
f 9472//1049 9473//1049 9474//1049
f 9475//1050 9476//1050 9477//1050
f 9488//1051 9489//1051 9490//1051
f 9511//1052 9512//1052 9513//1052
f 9537//1053 9538//1053 9539//1053
f 9540//1054 9541//1054 9542//1054
f 9546//1055 9547//1055 8783//1055
f 9564//1056 9565//1056 9566//1056
f 9569//1057 9570//1057 9571//1057
f 9572//1058 9573//1058 9574//1058
f 9576//1059 9578//1059 9579//1059
f 9245//1060 9582//1060 8680//1060
f 9583//1061 9584//1061 9585//1061
f 9593//1062 9594//1062 9595//1062
f 9596//1063 9597//1063 9598//1063
f 9599//1064 9600//1064 9601//1064
f 9612//1065 9613//1065 9614//1065
f 9635//1066 9636//1066 9637//1066
f 9080//1067 9638//1067 8475//1067
f 9641//8 2114//8 7664//8
f 9642//1068 9643//1068 9644//1068
f 9651//1069 9655//1069 9657//1069
f 9658//1070 9659//1070 9660//1070
f 2109//7 9661//7 8112//7
f 9662//1071 9663//1071 9664//1071
f 9672//1072 9673//1072 9674//1072
f 9675//1073 9676//1073 9677//1073
f 9678//1074 9679//1074 9680//1074
f 9683//1075 9684//1075 9685//1075
f 9691//1076 9692//1076 9693//1076
f 8539//1077 9698//1077 8370//1077
f 9699//1078 9700//1078 9701//1078
f 9704//1079 9639//1079 9082//1079
f 9706//1080 9440//1080 8754//1080
f 9707//1081 9708//1081 9709//1081
f 9710//1082 9711//1082 9712//1082
f 9725//1083 9726//1083 9727//1083
f 9728//1084 9729//1084 9730//1084
f 9731//1085 9632//1085 9633//1085
f 9748//1086 9749//1086 9751//1086
f 9752//1087 9753//1087 9754//1087
f 9755//1088 9756//1088 9757//1088
f 9780//1089 9781//1089 9782//1089
f 9787//1090 9788//1090 9789//1090
f 9792//1091 9793//1091 9794//1091
f 9810//1092 9811//1092 9812//1092
f 9819//1093 9652//1093 9656//1093
f 9820//1094 9821//1094 9822//1094
f 9823//1095 9824//1095 9825//1095
f 9826//1096 9827//1096 9828//1096
f 9833//1097 9834//1097 9835//1097
f 9837//1098 9839//1098 9840//1098
f 9841//1099 9842//1099 9843//1099
f 9844//1100 9845//1100 9846//1100
f 9847//1101 9848//1101 9849//1101
f 9868//1102 9869//1102 9870//1102
f 9871//1103 9341//1103 9338//1103
f 9873//1104 9875//1104 9877//1104
f 9878//1105 9879//1105 9448//1105
f 9880//1106 3603//1106 9449//1106
f 9881//1107 9876//1107 9874//1107
f 9882//1108 9883//1108 9884//1108
f 9885//1109 9886//1109 9887//1109
f 9888//1110 9889//1110 9890//1110
f 9891//1111 9892//1111 9893//1111
f 9894//1112 9895//1112 9896//1112
f 9919//1113 9920//1113 9921//1113
f 9922//1114 9923//1114 9924//1114
f 9925//1115 9926//1115 9927//1115
f 9928//1116 9929//1116 9930//1116
f 9943//1117 9177//1117 7854//1117
f 9976//1118 9977//1118 9978//1118
f 9979//1119 9980//1119 9981//1119
f 9984//1120 9985//1120 9986//1120
f 10009//1121 10010//1121 10011//1121
f 10012//1122 10013//1122 10014//1122
f 10015//1123 10016//1123 10017//1123
f 10018//1124 10019//1124 10020//1124
f 10021//1125 10022//1125 10023//1125
f 10024//1126 10025//1126 10026//1126
f 9872//1127 10027//1127 9340//1127
f 10032//1128 10033//1128 10034//1128
f 10035//1129 10036//1129 10037//1129
f 10038//1130 10039//1130 10040//1130
f 10043//1131 10044//1131 10045//1131
f 10048//1132 10049//1132 10050//1132
f 9942//1133 10053//1133 9176//1133
f 10055//1134 10057//1134 9181//1134
f 10058//1135 9183//1135 9180//1135
f 10059//1136 10060//1136 10061//1136
f 10062//1137 10063//1137 10064//1137
f 10065//1138 9577//1138 9575//1138
f 10072//1139 10073//1139 10074//1139
f 10075//1140 10076//1140 10077//1140
f 10078//1141 10079//1141 10080//1141
f 10091//1142 10092//1142 10093//1142
f 10104//1143 10105//1143 10106//1143
f 9836//1144 10111//1144 9838//1144
f 10112//1145 10113//1145 10114//1145
f 10121//1146 10122//1146 10123//1146
f 10130//1147 10131//1147 10132//1147
f 10145//1148 10146//1148 10147//1148
f 10148//1149 10149//1149 10150//1149
f 10160//1077 9698//1077 8539//1077
f 10161//1150 10162//1150 10163//1150
f 10164//1151 10165//1151 10166//1151
f 10167//1152 10168//1152 10169//1152
f 10170//1153 10171//1153 10172//1153
f 10173//1154 10174//1154 10175//1154
f 10178//1155 10180//1155 10181//1155
f 10179//1156 10183//1156 10182//1156
f 10193//1157 10194//1157 10195//1157
f 10196//1158 10197//1158 10198//1158
f 10199//1159 10200//1159 10201//1159
f 10212//1160 10213//1160 10214//1160
f 10231//1161 10232//1161 10233//1161
f 10234//1162 10235//1162 10236//1162
f 10239//1163 10240//1163 10241//1163
f 10242//1164 10243//1164 10244//1164
f 10245//1165 10246//1165 10247//1165
f 10256//1166 10257//1166 10258//1166
f 10259//1167 10260//1167 10261//1167
f 10262//1168 10263//1168 10264//1168
f 10275//1169 10276//1169 10277//1169
f 10278//1170 9640//1170 9705//1170
f 10280//1171 10281//1171 10282//1171
f 10301//1172 10302//1172 10303//1172
f 10306//1173 10307//1173 10308//1173
f 10311//1174 10313//1174 10314//1174
f 10359//1175 10360//1175 10361//1175
f 10362//1176 10363//1176 10364//1176
f 10371//1177 10372//1177 10373//1177
f 10374//1178 10375//1178 10376//1178
f 10377//1179 10378//1179 10379//1179
f 10380//1180 10381//1180 10382//1180
f 10393//1181 10394//1181 10395//1181
f 10396//1182 10397//1182 10398//1182
f 10399//1183 10400//1183 10401//1183
f 10402//1184 10403//1184 10404//1184
f 10421//1185 10422//1185 10423//1185
f 10426//1186 10427//1186 10428//1186
f 10429//1187 10430//1187 10431//1187
f 10438//1188 10439//1188 10440//1188
f 10441//1189 10442//1189 10443//1189
f 10444//1190 10446//1190 10448//1190
f 10449//1191 10450//1191 10451//1191
f 10456//8 9661//8 2109//8
f 10457//1192 10458//1192 10459//1192
f 9641//8 10460//8 2114//8
f 10461//1193 10462//1193 10463//1193
f 10464//1194 10465//1194 10466//1194
f 10467//1195 10468//1195 10469//1195
f 10470//1196 10471//1196 10472//1196
f 10473//971 10474//971 10475//971
f 10476//1197 10477//1197 10478//1197
f 10479//1198 10480//1198 10481//1198
f 10484//1199 10485//1199 10486//1199
f 10493//1200 10494//1200 10495//1200
f 10496//1201 10497//1201 10498//1201
f 10499//1202 10500//1202 10501//1202
f 10502//1203 10503//1203 10504//1203
f 10511//1204 10512//1204 10513//1204
f 10514//1205 10515//1205 10516//1205
f 9247//1206 10517//1206 9581//1206
f 10518//1207 10520//1207 9580//1207
f 10530//1208 10531//1208 10532//1208
f 10538//1190 10447//1190 10445//1190
f 10541//1209 10542//1209 10543//1209
f 10548//1210 10549//1210 10550//1210
f 10553//1164 10554//1164 10555//1164
f 10566//1211 10567//1211 10568//1211
f 10581//1212 10582//1212 10583//1212
f 10584//1213 10585//1213 10586//1213
f 10588//1214 10589//1214 10591//1214
f 10593//1215 10594//1215 10595//1215
f 10596//1216 10597//1216 10598//1216
f 10599//1217 10600//1217 10601//1217
f 10608//1218 10609//1218 10611//1218
f 10612//1219 10613//1219 10614//1219
f 10619//1220 10620//1220 10621//1220
f 10622//1221 10623//1221 10624//1221
f 10631//1222 10632//1222 10633//1222
f 10634//1223 10635//1223 10636//1223
f 10645//1224 10646//1224 10647//1224
f 10648//1225 10649//1225 10650//1225
f 10651//1226 10652//1226 10653//1226
f 10654//1227 10655//1227 10656//1227
f 10661//1228 10662//1228 10663//1228
f 10665//1229 10668//1229 10667//1229
f 10705//1230 10706//1230 10707//1230
f 10712//1231 10713//1231 10714//1231
f 10715//1232 10716//1232 10717//1232
f 10720//1233 10721//1233 10722//1233
f 10725//1234 10726//1234 10727//1234
f 10732//1235 10733//1235 10734//1235
f 10761//1236 10762//1236 10763//1236
f 10784//1237 10785//1237 10786//1237
f 10797//1238 10798//1238 10799//1238
f 10800//1239 10801//1239 10802//1239
f 10803//1240 10804//1240 10805//1240
f 10808//1241 10809//1241 10810//1241
f 10813//1242 10814//1242 10815//1242
f 10839//571 10841//571 10843//571
f 10846//1243 10850//1243 10851//1243
f 10856//1244 10857//1244 10858//1244
f 10859//1245 10860//1245 10861//1245
f 10868//1246 10869//1246 10870//1246
f 10871//1247 10873//1247 10875//1247
f 10876//1248 10877//1248 10878//1248
f 10879//1249 10880//1249 10881//1249
f 10882//1250 10883//1250 10884//1250
f 10886//1251 10279//1251 10887//1251
f 10890//1252 10892//1252 10894//1252
f 10896//1253 10897//1253 10898//1253
f 10903//1254 9830//1254 10348//1254
f 10917//1255 10918//1255 10919//1255
f 10920//1256 10921//1256 10922//1256
f 10923//1257 10924//1257 10925//1257
f 10926//1258 6668//1258 6667//1258
f 10956//1259 10957//1259 10958//1259
f 10979//1260 10980//1260 10981//1260
f 10988//1261 10989//1261 10990//1261
f 11042//1262 11043//1262 11044//1262
f 11046//1263 11041//1263 11045//1263
f 11051//1264 11052//1264 11053//1264
f 11062//1265 11063//1265 11064//1265
f 9941//1266 11065//1266 10051//1266
f 11066//1267 11068//1267 10052//1267
f 11071//1268 10056//1268 10054//1268
f 11072//1269 11073//1269 11074//1269
f 11075//1270 11077//1270 11079//1270
f 11076//1271 11080//1271 11078//1271
f 11082//1272 11085//1272 11086//1272
f 10519//1273 11087//1273 10521//1273
f 11113//1274 6684//1274 6683//1274
f 11114//1275 11115//1275 11116//1275
f 11139//1276 11140//1276 11141//1276
f 10840//571 11162//571 10842//571
f 11167//1277 11168//1277 11169//1277
f 11170//1278 11171//1278 11172//1278
f 11173//1279 11174//1279 11175//1279
f 11187//1280 10849//1280 10847//1280
f 11199//1281 11200//1281 11201//1281
f 11202//1282 11203//1282 11204//1282
f 11318//1283 11319//1283 11320//1283
f 11323//1284 11324//1284 11325//1284
f 11363//1285 11364//1285 11365//1285
f 11431//1286 9697//1286 10159//1286
f 11529//1287 11530//1287 11531//1287
f 11594//1288 11595//1288 11596//1288
f 11687//1289 11688//1289 11689//1289
f 11690//1290 11691//1290 11692//1290
f 10872//1291 11751//1291 10874//1291
f 11752//1292 11753//1292 11754//1292
f 11755//1293 11756//1293 11757//1293
f 11758//1294 11759//1294 11760//1294
f 11773//1295 11774//1295 11775//1295
f 11827//1296 11828//1296 11830//1296
f 11888//1297 11889//1297 11890//1297
f 11891//1298 11892//1298 11893//1298
f 11898//1299 11899//1299 11900//1299
f 11901//1300 11902//1300 11903//1300
f 11964//1301 11967//1301 11968//1301
f 11969//1302 11966//1302 11965//1302
f 12026//1303 12027//1303 12028//1303
f 3672//1304 12037//1304 12039//1304
f 12042//1305 10587//1305 10592//1305
f 12045//1306 12041//1306 10590//1306
f 10891//1307 12046//1307 10893//1307
f 12073//1308 12074//1308 12075//1308
f 12076//1309 12077//1309 12078//1309
f 12081//1310 12082//1310 12083//1310
f 12084//1311 12085//1311 12086//1311
f 12087//1312 12088//1312 12089//1312
f 12090//1313 12091//1313 12092//1313
f 12093//1314 12094//1314 12095//1314
f 12098//1315 12099//1315 12100//1315
f 12120//1316 12121//1316 12122//1316
f 12123//1317 12124//1317 12125//1317
f 12136//1318 12137//1318 12138//1318
f 12143//1319 12144//1319 12145//1319
f 12146//1320 12147//1320 12148//1320
f 12171//1321 12172//1321 12173//1321
f 12174//1322 12175//1322 12176//1322
f 12193//1323 12194//1323 12195//1323
f 12196//1324 12197//1324 12198//1324
f 12201//1325 12202//1325 12203//1325
f 12210//1326 12211//1326 12212//1326
f 12213//1327 12214//1327 12215//1327
f 12216//1328 12217//1328 12218//1328
f 12223//1329 12224//1329 12225//1329
f 6685//1330 11112//1330 6659//1330
f 11112//1330 12229//1330 6659//1330
f 12230//1331 6661//1331 6659//1331
f 12229//1332 12230//1332 6659//1332
f 12231//1333 12233//1333 12236//1333
f 12232//1334 12237//1334 12234//1334
f 12238//1335 12239//1335 12235//1335
f 12238//1336 12240//1336 12239//1336
f 12241//1337 12242//1337 12243//1337
f 12246//1338 12247//1338 12248//1338
f 12249//1339 12250//1339 12251//1339
f 12252//1340 12253//1340 12254//1340
f 12255//1341 12256//1341 12257//1341
f 12258//1342 12260//1342 12262//1342
f 12259//1343 12264//1343 12263//1343
f 12268//1344 12269//1344 12270//1344
f 12277//1345 12278//1345 12279//1345
f 12281//1346 12282//1346 12284//1346
f 12304//1347 12305//1347 12306//1347
f 12307//1348 12308//1348 12309//1348
f 12310//1349 12311//1349 12312//1349
f 12313//1350 12314//1350 12315//1350
f 12316//1351 12317//1351 12318//1351
f 12321//1352 12322//1352 12323//1352
f 12324//1353 12325//1353 12326//1353
f 12335//1354 12336//1354 12337//1354
f 12352//1355 12354//1355 12355//1355
f 12359//1356 11084//1356 11083//1356
f 12364//1357 12365//1357 12366//1357
f 12367//1358 12368//1358 12369//1358
f 12374//1359 12375//1359 12376//1359
f 12377//1360 12378//1360 12379//1360
f 12380//1361 12381//1361 12382//1361
f 12383//1362 12384//1362 12385//1362
f 12421//1363 10885//1363 10888//1363
f 12422//1364 12419//1364 10889//1364
f 12424//1365 12040//1365 12043//1365
f 12426//7 10460//7 9641//7
f 12427//1366 12428//1366 12429//1366
f 12430//1367 12432//1367 12434//1367
f 12445//1368 12446//1368 12447//1368
f 12448//1369 12449//1369 12450//1369
f 12463//1370 9696//1370 11432//1370
f 12470//1371 12471//1371 12472//1371
f 12473//1372 12474//1372 12475//1372
f 12478//1373 12479//1373 12480//1373
f 12511//1374 12512//1374 12513//1374
f 12514//1375 12515//1375 12516//1375
f 12517//1376 12518//1376 12519//1376
f 12550//1377 12551//1377 12552//1377
f 12561//1378 12562//1378 12563//1378
f 12566//1379 12567//1379 12568//1379
f 12604//1380 12605//1380 12606//1380
f 12627//1381 12628//1381 12629//1381
f 12630//1382 12631//1382 12632//1382
f 12633//1383 12634//1383 12635//1383
f 12636//1384 12637//1384 12638//1384
f 12668//1385 12669//1385 12670//1385
f 12047//1386 12671//1386 10895//1386
f 12672//1387 12673//1387 12674//1387
f 12675//1388 12676//1388 12677//1388
f 12693//1389 12694//1389 12695//1389
f 12714//1390 12715//1390 12716//1390
f 12717//1391 12718//1391 12719//1391
f 12728//1392 12729//1392 12730//1392
f 12731//1393 12732//1393 12733//1393
f 12740//1394 12741//1394 12742//1394
f 12745//1395 12746//1395 12747//1395
f 12748//1396 12749//1396 12750//1396
f 12751//1397 12752//1397 12753//1397
f 12754//1398 12755//1398 12756//1398
f 12792//1399 12793//1399 12794//1399
f 12801//1400 12802//1400 12803//1400
f 12804//1401 12805//1401 12806//1401
f 12819//1402 12820//1402 12821//1402
f 12824//1403 12825//1403 12826//1403
f 12833//1404 12834//1404 12835//1404
f 12876//1405 12877//1405 12878//1405
f 12885//1406 12886//1406 12887//1406
f 12890//1407 12893//1407 11069//1407
f 11067//1408 12891//1408 11070//1408
f 12895//1409 12896//1409 12356//1409
f 12898//1410 12353//1410 12357//1410
f 12899//1411 12900//1411 12901//1411
f 12902//1412 12903//1412 12904//1412
f 12905//1413 12906//1413 12907//1413
f 12908//1414 12912//1414 12913//1414
f 12914//1415 12358//1415 11081//1415
f 12915//1416 12919//1416 12920//1416
f 12921//1417 12915//1417 12920//1417
f 12927//1418 12928//1418 12929//1418
f 12944//1419 12945//1419 12946//1419
f 12955//1420 12956//1420 12957//1420
f 12958//1421 12959//1421 12960//1421
f 12963//1422 12964//1422 12965//1422
f 12968//1423 12969//1423 12970//1423
f 12971//1424 12972//1424 12973//1424
f 12984//1425 12985//1425 12986//1425
f 13002//1426 13003//1426 13004//1426
f 13007//1427 13008//1427 13009//1427
f 13010//1428 13011//1428 13012//1428
f 13036//1429 13037//1429 13038//1429
f 13049//1430 13050//1430 13051//1430
f 13052//1431 13053//1431 13054//1431
f 13059//1432 13060//1432 13061//1432
f 3671//1433 13065//1433 12035//1433
f 13076//1434 13077//1434 13078//1434
f 13085//1435 13086//1435 13087//1435
f 13106//1436 13107//1436 13108//1436
f 13111//1437 13112//1437 13113//1437
f 13124//1438 13125//1438 13126//1438
f 12431//1439 13129//1439 12433//1439
f 13130//1440 13131//1440 13132//1440
f 13145//1441 13146//1441 13147//1441
f 13158//1442 13159//1442 13160//1442
f 13166//1443 13167//1443 13168//1443
f 13169//1444 13170//1444 13171//1444
f 13174//1445 13175//1445 13176//1445
f 13181//1446 13182//1446 13183//1446
f 13184//1447 13185//1447 13186//1447
f 13193//1448 13194//1448 13195//1448
f 13200//1449 13201//1449 13202//1449
f 13203//1450 13204//1450 13205//1450
f 13207//1451 13208//1451 13209//1451
f 13210//1452 13211//1452 13212//1452
f 13064//1453 13217//1453 12036//1453
f 13219//1454 12420//1454 12423//1454
f 13220//1455 12425//1455 12044//1455
f 13221//1456 13222//1456 13223//1456
f 13225//1457 13228//1457 13229//1457
f 13230//1458 13231//1458 13232//1458
f 13233//1459 13234//1459 13235//1459
f 13247//1460 13248//1460 13249//1460
f 13250//1461 13251//1461 13252//1461
f 13253//1462 13254//1462 13255//1462
f 13256//1463 13257//1463 13258//1463
f 13259//1464 13260//1464 13261//1464
f 13269//1465 13270//1465 13271//1465
f 13274//1466 13275//1466 13276//1466
f 13277//1467 13278//1467 13279//1467
f 13282//1468 13283//1468 13284//1468
f 13287//1469 13288//1469 13289//1469
f 13297//1470 13298//1470 13299//1470
f 10456//34 13300//34 9661//34
f 13301//1471 13302//1471 13303//1471
f 13304//1472 13305//1472 13306//1472
f 13313//1473 13314//1473 13315//1473
f 13316//1474 13317//1474 13318//1474
f 13321//1475 12897//1475 12894//1475
f 12916//1476 13324//1476 12918//1476
f 13327//1477 13330//1477 10610//1477
f 13345//1478 13346//1478 13347//1478
f 13352//1479 13353//1479 13354//1479
f 13367//1480 13368//1480 13369//1480
f 13370//1481 13372//1481 13375//1481
f 13224//1482 13378//1482 13227//1482
f 13379//1483 13380//1483 13381//1483
f 13382//1484 13383//1484 13384//1484
f 13385//1485 13386//1485 13387//1485
f 13388//1486 13389//1486 13390//1486
f 13401//1487 13402//1487 13403//1487
f 13404//1488 13405//1488 13406//1488
f 13407//1489 13408//1489 13409//1489
f 13410//1490 13411//1490 13412//1490
f 13423//1491 13424//1491 13425//1491
f 13444//1492 13445//1492 13446//1492
f 13447//1493 13448//1493 13449//1493
f 13450//1494 13451//1494 13452//1494
f 13466//1495 13467//1495 13468//1495
f 13218//1496 13469//1496 12038//1496
f 13470//1497 13471//1497 13472//1497
f 13376//1498 13373//1498 13226//1498
f 13475//1499 13476//1499 13477//1499
f 13377//1500 13371//1500 13374//1500
f 13492//1501 13493//1501 13494//1501
f 13495//1502 13496//1502 13497//1502
f 13506//1503 13507//1503 13508//1503
f 13509//1504 13510//1504 13511//1504
f 13512//1505 13513//1505 13514//1505
f 13522//1506 13525//1506 13526//1506
f 13527//1507 12283//1507 12280//1507
f 13529//1508 13532//1508 13531//1508
f 13533//1509 13534//1509 13535//1509
f 13538//1510 13539//1510 13540//1510
f 13541//1511 13542//1511 13543//1511
f 13547//1512 13548//1512 13549//1512
f 13557//7 3670//7 13558//7
f 13559//1513 13560//1513 13561//1513
f 13564//1514 13565//1514 13566//1514
f 12889//1515 13567//1515 12892//1515
f 13570//1516 13573//1516 13574//1516
f 13575//1517 13576//1517 13577//1517
f 13578//1518 13579//1518 13580//1518
f 13581//1519 13582//1519 13583//1519
f 13586//1520 12911//1520 12909//1520
f 13323//1521 13588//1521 12917//1521
f 13589//1522 13590//1522 13591//1522
f 13596//1523 13597//1523 13598//1523
f 13599//1524 13600//1524 13601//1524
f 13606//1525 13607//1525 13608//1525
f 13627//1526 13632//1526 13633//1526
f 13643//1527 13644//1527 13645//1527
f 13654//1528 13655//1528 13656//1528
f 13659//1529 13660//1529 13661//1529
f 13694//1530 13695//1530 13696//1530
f 13697//1531 13698//1531 13699//1531
f 13718//1532 13719//1532 13720//1532
f 13722//1533 13723//1533 13724//1533
f 13727//1534 13728//1534 13729//1534
f 13748//1535 13749//1535 13750//1535
f 13751//1536 13752//1536 13753//1536
f 13756//1537 13757//1537 13758//1537
f 13759//1538 13760//1538 13761//1538
f 12888//1539 13765//1539 13569//1539
f 13767//1540 13768//1540 13769//1540
f 13770//1541 13771//1541 13772//1541
f 13568//1542 13764//1542 13585//1542
f 13766//1543 12910//1543 13584//1543
f 13322//1544 13773//1544 13587//1544
f 13572//233 13571//233 13774//233
f 13783//1545 13784//1545 13785//1545
f 13790//1546 13791//1546 13792//1546
f 13801//1547 13802//1547 13803//1547
f 13831//1548 13832//1548 13833//1548
f 13834//1549 13835//1549 13836//1549
f 13665//1550 13837//1550 13666//1550
f 13851//1551 13852//1551 13853//1551
f 13854//1552 13855//1552 13856//1552
f 13857//1553 13858//1553 13859//1553
f 13860//1554 13861//1554 13862//1554
f 13863//1555 13864//1555 13865//1555
f 13866//1556 13867//1556 13868//1556
f 13871//1557 13872//1557 13873//1557
f 13884//1558 13885//1558 13886//1558
f 13887//1559 13888//1559 13889//1559
f 13895//1560 13896//1560 13897//1560
f 13898//1561 13899//1561 13900//1561
f 13901//1562 13902//1562 13903//1562
f 13908//1563 13909//1563 13910//1563
f 13914//1564 13915//1564 13916//1564
f 13921//1565 13922//1565 13923//1565
f 13928//1566 13929//1566 13930//1566
f 13934//1567 13935//1567 13936//1567
f 13944//1568 13945//1568 13946//1568
f 13969//1569 13970//1569 13971//1569
f 13974//1570 13975//1570 13976//1570
f 13978//1571 13979//1571 13980//1571
f 13983//1572 13984//1572 13985//1572
f 13987//1573 13988//1573 13989//1573
f 13991//1574 13992//1574 13993//1574
f 13996//1575 13997//1575 13998//1575
f 13999//1576 14000//1576 14001//1576
f 14008//1577 14009//1577 14010//1577
f 14015//1578 14016//1578 14017//1578
f 14037//1579 14038//1579 14039//1579
f 14040//1580 14041//1580 14042//1580
f 14044//1581 14045//1581 14046//1581
f 14049//1582 14050//1582 14051//1582
f 14060//1583 14061//1583 14062//1583
f 14063//1584 14064//1584 14065//1584
f 14084//1585 14085//1585 14086//1585
f 14091//1586 14092//1586 14093//1586
f 14100//1587 14101//1587 14102//1587
f 14104//1588 14105//1588 14106//1588
f 14107//1589 14108//1589 14109//1589
f 14129//1590 14130//1590 14131//1590
f 14132//1591 14133//1591 14134//1591
f 14135//1592 14136//1592 14137//1592
f 14182//1593 14183//1593 14184//1593
f 14198//1594 14200//1594 14201//1594
f 14235//1595 14236//1595 14237//1595
f 14238//1596 14239//1596 14240//1596
f 14253//1597 14254//1597 14255//1597
f 14256//1598 14257//1598 14258//1598
f 14274//1599 14275//1599 14276//1599
f 14310//1600 14311//1600 14312//1600
f 13956//1601 14026//1601 14354//1601
f 14355//1602 14356//1602 14357//1602
f 14366//1603 14367//1603 14368//1603
f 14371//1604 14372//1604 14373//1604
f 14378//1605 14379//1605 14380//1605
f 14381//1606 14382//1606 14383//1606
f 14384//1607 14385//1607 14386//1607
f 14387//1608 14388//1608 14389//1608
f 14398//1609 14399//1609 14400//1609
f 14403//1610 14404//1610 14405//1610
f 14410//1611 14411//1611 14412//1611
f 14413//1612 3669//1612 13556//1612
f 14419//1613 13524//1613 13521//1613
f 14430//1614 14431//1614 14432//1614
f 14437//1615 14438//1615 14439//1615
f 14456//1616 14457//1616 14458//1616
f 14459//1617 14460//1617 14461//1617
f 14462//1618 14463//1618 14464//1618
f 14475//1619 14476//1619 14477//1619
f 14486//1620 14487//1620 14488//1620
f 14490//1621 14491//1621 14492//1621
f 14494//1622 14495//1622 14496//1622
f 14522//1623 14523//1623 14524//1623
f 14525//1624 14526//1624 14527//1624
f 14528//1625 14529//1625 14530//1625
f 14531//1626 14532//1626 14533//1626
f 14534//1627 14535//1627 14536//1627
f 14543//1628 14544//1628 14545//1628
f 14548//1629 14549//1629 14550//1629
f 14551//1630 14552//1630 14553//1630
f 14554//1631 14555//1631 14556//1631
f 14580//1632 14581//1632 14582//1632
f 14593//1633 14594//1633 14595//1633
f 14606//1634 14607//1634 14608//1634
f 14609//1635 14610//1635 14611//1635
f 14620//1636 14621//1636 14622//1636
f 14625//1637 14626//1637 14627//1637
f 14631//1638 14632//1638 14633//1638
f 14636//1639 14637//1639 14638//1639
f 14641//1640 14642//1640 14643//1640
f 14646//1641 14647//1641 14648//1641
f 14661//1642 14662//1642 14663//1642
f 14664//7 10460//7 12426//7
f 14665//1643 14666//1643 14667//1643
f 14672//1644 14674//1644 14676//1644
f 14677//1645 14678//1645 14679//1645
f 14686//1646 14687//1646 14688//1646
f 14691//1647 14692//1647 14693//1647
f 14694//1648 14695//1648 14696//1648
f 14705//1649 14706//1649 14707//1649
f 14710//1650 14711//1650 14712//1650
f 14713//1651 14714//1651 14715//1651
f 14720//1652 14718//1652 14717//1652
f 14721//1653 14722//1653 14723//1653
f 14728//1654 14729//1654 14730//1654
f 14732//1655 13523//1655 14418//1655
f 14734//1656 14732//1656 14418//1656
f 14741//1657 14742//1657 14743//1657
f 14744//1658 14745//1658 14746//1658
f 14763//1659 14764//1659 14765//1659
f 14768//1660 14769//1660 14770//1660
f 14781//1661 14782//1661 14783//1661
f 14793//1662 14794//1662 14795//1662
f 14796//1663 14797//1663 14798//1663
f 14801//1664 14802//1664 14803//1664
f 14812//1665 14813//1665 14814//1665
f 14815//1666 14816//1666 14817//1666
f 14820//1667 14821//1667 14822//1667
f 14823//1668 14825//1668 14826//1668
f 14828//1669 14824//1669 14827//1669
f 14731//1670 14733//1670 14848//1670
f 14673//1671 14849//1671 14675//1671
f 14850//1672 14851//1672 14852//1672
f 14857//1673 14858//1673 14859//1673
f 14862//1674 14863//1674 14864//1674
f 14865//1675 14866//1675 14867//1675
f 14868//1676 14869//1676 14870//1676
f 14883//1677 14884//1677 14885//1677
f 14886//1678 14887//1678 14888//1678
f 14889//1679 14890//1679 14891//1679
f 14892//1680 14893//1680 14894//1680
f 14909//1681 14910//1681 14911//1681
f 14913//1682 14914//1682 14915//1682
f 14922//1683 14923//1683 14924//1683
f 14927//1684 14928//1684 14929//1684
f 14930//1685 14931//1685 14932//1685
f 14957//1686 14958//1686 14959//1686
f 14980//1687 14981//1687 14982//1687
f 14983//1688 14984//1688 14985//1688
f 14994//1689 14995//1689 14996//1689
f 14999//1690 15000//1690 15001//1690
f 15010//1691 15011//1691 15012//1691
f 15021//1692 15022//1692 15023//1692
f 15032//1693 15033//1693 15034//1693
f 15069//1694 15070//1694 15071//1694
f 15092//1695 15093//1695 15094//1695
f 15099//1696 15100//1696 15101//1696
f 15102//1697 15103//1697 15104//1697
f 15105//1698 15106//1698 15107//1698
f 15121//1699 15122//1699 15123//1699
f 15143//1700 15144//1700 15145//1700
f 15148//1701 15149//1701 15150//1701
f 15151//1702 15152//1702 15153//1702
f 15156//1703 15157//1703 15158//1703
f 15163//1704 15164//1704 15165//1704
f 15166//1705 15167//1705 15168//1705
f 15169//1706 15170//1706 15171//1706
f 15188//1707 15189//1707 15190//1707
f 15193//1708 15194//1708 15195//1708
f 15198//1709 15199//1709 15200//1709
f 15209//7 10460//7 14664//7
f 15229//1710 15230//1710 15231//1710
f 15234//1711 15235//1711 15236//1711
f 15237//1712 15238//1712 15239//1712
f 15240//1713 15241//1713 15242//1713
f 15243//1714 15244//1714 15245//1714
f 15252//1715 15253//1715 15254//1715
f 15255//1716 15256//1716 15257//1716
f 15268//1717 15269//1717 15270//1717
f 15283//1718 15284//1718 15285//1718
f 15286//1719 15287//1719 15288//1719
f 10456//1280 15289//1280 13300//1280
f 15291//1720 15292//1720 15293//1720
f 15294//1721 15295//1721 15296//1721
f 15297//1722 15298//1722 15299//1722
f 15320//1723 15321//1723 15322//1723
f 15336//1724 15337//1724 15338//1724
f 15341//1725 15342//1725 15343//1725
f 15346//1726 15347//1726 15348//1726
f 15351//1727 15352//1727 15353//1727
f 15356//1728 15357//1728 15358//1728
f 15359//1729 15360//1729 15361//1729
f 15370//1730 15371//1730 15372//1730
f 15386//1731 15387//1731 15388//1731
f 15392//1732 15393//1732 15394//1732
f 15398//1733 15399//1733 15400//1733
f 15404//1734 15405//1734 15406//1734
f 15407//1735 15408//1735 15409//1735
f 15410//1736 15411//1736 15412//1736
f 15413//1737 15414//1737 15415//1737
f 15418//1738 15419//1738 15420//1738
f 15428//1739 15429//1739 15430//1739
f 15435//1740 15436//1740 15437//1740
f 15438//1741 15439//1741 15440//1741
f 15444//1742 15445//1742 15446//1742
f 15451//1743 15452//1743 15453//1743
f 15456//1744 15457//1744 15458//1744
f 15468//1745 15469//1745 15470//1745
f 15472//1746 15474//1746 15475//1746
f 15476//1747 15473//1747 15471//1747
f 15479//1748 15480//1748 15481//1748
f 15490//1749 15491//1749 15492//1749
f 15493//1750 15494//1750 15495//1750
f 15498//1751 15499//1751 15500//1751
f 15501//1752 15502//1752 15503//1752
f 15508//1753 15509//1753 15510//1753
f 15511//1754 15512//1754 15513//1754
f 15517//1755 15518//1755 15519//1755
f 15524//1756 15525//1756 15526//1756
f 15536//1757 15537//1757 15538//1757
f 15539//1758 15540//1758 15541//1758
f 15542//1759 15543//1759 15544//1759
f 15549//1760 15550//1760 15551//1760
f 15572//1761 15574//1761 15575//1761
f 15596//1762 15597//1762 15598//1762
f 15623//1763 15625//1763 15624//1763
f 15628//1764 15629//1764 15630//1764
f 15631//1765 15632//1765 15633//1765
f 15650//1766 15651//1766 15652//1766
f 15653//1767 15654//1767 15655//1767
f 15656//1768 15657//1768 15658//1768
f 15659//1769 15660//1769 15661//1769
f 15662//1770 15663//1770 15664//1770
f 15681//1771 15682//1771 15683//1771
f 15696//1772 15697//1772 15698//1772
f 15715//1773 15716//1773 15717//1773
f 15749//1774 15750//1774 15751//1774
f 15752//1775 15753//1775 15754//1775
f 15755//1776 15756//1776 15757//1776
f 15758//1777 15759//1777 15760//1777
f 15775//1778 15776//1778 15777//1778
f 15778//1779 15779//1779 15780//1779
f 15781//1780 15782//1780 15783//1780
f 15794//1781 15795//1781 15796//1781
f 15797//1782 15798//1782 15799//1782
f 15810//1783 15811//1783 15812//1783
f 15815//1784 15816//1784 15817//1784
f 15818//7 15209//7 14664//7
f 15820//1785 15821//1785 15822//1785
f 15825//1786 15826//1786 15827//1786
f 15854//1787 15855//1787 15856//1787
f 13990//1280 15858//1280 15290//1280
f 15873//1788 15874//1788 15875//1788
f 15881//1789 15882//1789 15883//1789
f 15886//1790 15887//1790 15888//1790
f 15893//1791 15894//1791 15895//1791
f 15908//1792 15909//1792 15910//1792
f 15911//1793 15912//1793 15913//1793
f 15916//1794 15917//1794 15918//1794
f 15925//1795 15926//1795 15927//1795
f 15930//1796 15931//1796 15932//1796
f 15934//1797 15935//1797 15936//1797
f 15939//1798 15940//1798 15941//1798
f 15943//1799 15944//1799 15945//1799
f 15953//1800 15954//1800 15955//1800
f 15958//1801 15959//1801 15960//1801
f 15986//1802 15987//1802 15988//1802
f 16026//1803 16027//1803 16028//1803
f 16061//1804 16062//1804 16063//1804
f 16074//1805 16075//1805 16076//1805
f 16087//1806 16088//1806 16089//1806
f 16090//1807 16091//1807 16092//1807
f 16100//1808 16101//1808 15576//1808
f 15573//1809 16099//1809 15577//1809
f 16112//1810 16113//1810 16114//1810
f 16117//1811 16118//1811 16119//1811
f 16120//1812 16121//1812 16122//1812
f 16123//1813 16126//1813 16127//1813
f 16128//1814 16125//1814 16124//1814
f 16144//1815 16145//1815 16146//1815
f 16156//1816 16157//1816 16158//1816
f 16182//1817 16183//1817 16184//1817
f 16185//1818 16186//1818 16187//1818
f 16200//1819 16201//1819 16202//1819
f 16209//1820 16210//1820 16211//1820
f 16212//1821 16213//1821 16214//1821
f 16231//1822 16232//1822 16233//1822
f 16236//1823 16237//1823 16238//1823
f 16239//1824 16240//1824 16241//1824
f 16246//1825 16247//1825 16248//1825
f 16249//1826 16250//1826 16251//1826
f 16252//1827 16253//1827 16254//1827
f 16255//1828 16256//1828 16257//1828
f 16258//1829 16259//1829 16260//1829
f 15858//1280 16262//1280 15290//1280
f 16271//1830 16272//1830 16273//1830
f 16274//1831 16275//1831 16276//1831
f 16281//1832 16282//1832 16283//1832
f 16284//1833 16285//1833 16286//1833
f 16293//1834 16295//1834 16296//1834
f 16298//1835 16299//1835 16300//1835
f 16306//1836 16307//1836 16308//1836
f 16329//1837 16330//1837 16331//1837
f 16344//1838 16345//1838 16346//1838
f 16351//1839 16352//1839 16353//1839
f 16367//1840 16368//1840 16369//1840
f 16375//1841 16376//1841 16377//1841
f 16380//1842 16381//1842 16382//1842
f 16383//1843 16384//1843 16385//1843
f 16390//1844 16391//1844 16392//1844
f 16397//1845 16398//1845 16399//1845
f 16409//1846 16410//1846 16411//1846
f 16424//1847 16425//1847 16426//1847
f 16431//1848 16432//1848 16433//1848
f 16445//1849 16446//1849 16447//1849
f 16448//1850 16449//1850 16450//1850
f 16487//1851 16488//1851 16489//1851
f 16494//1852 16497//1852 16495//1852
f 16535//1853 16536//1853 16537//1853
f 16540//1854 16541//1854 16542//1854
f 16543//1855 16544//1855 16545//1855
f 16590//1856 16591//1856 16592//1856
f 16593//1857 16594//1857 16595//1857
f 16597//7 15210//7 15819//7
f 16261//7 16596//7 15818//7
f 16598//1858 16599//1858 16600//1858
f 16605//1859 16606//1859 16607//1859
f 15857//971 16596//971 16261//971
f 16614//1860 16615//1860 16616//1860
f 16625//1861 16626//1861 16627//1861
f 16640//1862 16641//1862 16642//1862
f 16651//1863 16652//1863 16653//1863
f 16671//1864 16672//1864 16673//1864
f 16674//1865 16675//1865 16676//1865
f 16715//1866 16717//1866 16719//1866
f 16730//1867 16731//1867 16732//1867
f 16735//1868 16736//1868 16737//1868
f 16739//1869 16740//1869 16741//1869
f 16744//1870 16745//1870 16746//1870
f 16749//1871 16750//1871 16751//1871
f 16758//1872 16759//1872 16760//1872
f 16767//1873 16768//1873 16769//1873
f 16774//1874 16775//1874 16776//1874
f 16799//1875 16800//1875 16801//1875
f 16810//1876 16811//1876 16812//1876
f 16813//1877 16814//1877 16815//1877
f 16828//1878 16829//1878 16830//1878
f 16831//1879 16832//1879 16833//1879
f 16932//1880 16933//1880 16934//1880
f 16935//1881 16936//1881 16937//1881
f 16938//1882 16939//1882 16940//1882
f 16941//1883 16942//1883 16943//1883
f 16946//1884 16948//1884 16950//1884
f 16951//1885 16952//1885 16953//1885
f 16947//1886 16954//1886 16949//1886
f 16955//1887 16957//1887 16959//1887
f 16962//1888 16963//1888 16964//1888
f 16965//1889 16966//1889 16967//1889
f 16972//1890 16973//1890 16974//1890
f 16997//1891 16998//1891 16999//1891
f 17000//1892 17001//1892 17002//1892
f 17009//1893 17010//1893 17011//1893
f 17024//1894 17025//1894 17026//1894
f 17027//1895 17028//1895 17029//1895
f 17030//1896 17031//1896 17032//1896
f 17129//1897 17130//1897 17131//1897
f 17142//1898 17143//1898 17144//1898
f 17167//1899 17168//1899 17169//1899
f 17180//1900 17181//1900 17182//1900
f 16956//1901 17205//1901 16958//1901
f 17206//1902 17207//1902 17208//1902
f 17223//1903 17224//1903 17225//1903
f 17286//1904 17287//1904 17289//1904
f 17357//1905 17358//1905 17359//1905
f 17368//1906 17369//1906 17370//1906
f 17377//1907 17378//1907 17379//1907
f 16906//1908 17380//1908 17381//1908
f 17382//1909 17383//1909 17384//1909
f 17385//1910 17386//1910 17387//1910
f 17390//1911 17391//1911 17392//1911
f 17397//1912 17398//1912 17399//1912
f 17400//1913 17401//1913 17402//1913
f 17407//1914 17408//1914 17409//1914
f 17414//1915 17415//1915 17416//1915
f 17417//1916 17418//1916 17419//1916
f 17424//1917 17425//1917 17426//1917
f 17427//1918 17429//1918 17430//1918
f 17432//1919 17428//1919 17431//1919
f 16716//1920 17435//1920 16718//1920
f 17436//1921 17288//1921 17285//1921
f 17437//1922 17438//1922 17439//1922
f 17440//1923 17441//1923 17442//1923
f 17443//1924 17444//1924 17445//1924
f 17448//1925 17449//1925 17450//1925
f 17458//1926 17459//1926 17460//1926
f 17466//1927 17467//1927 17468//1927
f 17469//1928 17470//1928 17471//1928
f 17474//1929 17475//1929 17476//1929
f 17477//1930 17478//1930 17479//1930
f 17484//1931 17485//1931 17486//1931
f 17500//1932 17501//1932 17502//1932
f 17521//1933 17522//1933 17523//1933
f 17526//1934 17527//1934 17528//1934
f 17540//1935 17541//1935 17542//1935
f 17543//1936 17544//1936 17545//1936
f 17546//1937 17547//1937 17548//1937
f 17549//1938 17550//1938 17551//1938
f 17552//1939 17553//1939 17554//1939
f 17555//1940 17556//1940 17557//1940
f 17564//1941 17565//1941 17566//1941
f 17567//1942 17568//1942 17569//1942
f 17570//1943 17572//1943 17574//1943
f 17578//1944 17579//1944 17580//1944
f 17584//1945 17585//1945 17586//1945
f 17587//1946 17588//1946 17589//1946
f 17594//1947 17595//1947 17596//1947
f 17597//1948 17598//1948 17599//1948
f 17604//1949 17605//1949 17606//1949
f 17609//1950 17610//1950 17611//1950
f 17625//1951 17626//1951 17627//1951
f 17628//1952 17629//1952 17630//1952
f 17631//1953 17632//1953 17633//1953
f 17636//1954 17637//1954 17638//1954
f 17639//1955 17640//1955 17641//1955
f 17644//1956 17645//1956 17646//1956
f 17659//1957 17660//1957 17661//1957
f 17662//1958 17663//1958 17664//1958
f 17665//1959 17666//1959 17667//1959
l 56 57
l 44 45
l 76 77
l 199 200
l 216 217
l 275 276
l 293 294
l 312 313
l 329 330
l 352 353
l 393 394
l 335 448
l 454 455
l 473 474
l 584 585
l 629 630
l 649 650
l 678 679
l 694 695
l 710 711
l 726 727
l 742 743
l 759 760
l 775 776
l 791 792
l 807 808
l 820 822
l 825 826
l 841 842
l 857 858
l 873 874
l 894 895
l 910 911
l 926 927
l 942 943
l 958 959
l 974 975
l 990 991
l 1007 1008
l 1024 1025
l 1040 1041
l 1056 1057
l 1072 1073
l 1088 1089
l 1110 1113
l 1126 1127
l 1147 1148
l 1163 1164
l 1180 1181
l 1196 1197
l 1212 1213
l 1228 1229
l 1244 1245
l 1335 1336
l 1351 1352
l 1373 1374
l 1409 1410
l 1425 1426
l 1446 1447
l 1462 1463
l 1268 1472
l 1473 1474
l 1484 1485
l 1116 1433
l 1501 1502
l 1517 1518
l 1560 1561
l 1606 1607
l 1638 1639
l 1644 1645
l 1694 1695
l 1713 1714
l 1730 1731
l 1763 1764
l 1783 1784
l 1801 1802
l 1843 1844
l 1879 1880
l 1896 1897
l 1926 1927
l 1942 1943
l 1496 1975
l 2003 2004
l 2021 2022
l 2037 2038
l 2055 2056
l 2077 2078
l 2097 2098
l 2132 2133
l 2190 2191
l 2209 2210
l 2225 2226
l 2261 2262
l 2279 2280
l 2297 2298
l 2347 2348
l 2363 2364
l 2407 2408
l 2426 2427
l 2444 2445
l 2482 2483
l 2559 2560
l 2602 2603
l 2658 2659
l 2709 2710
l 2738 2739
l 2760 2761
l 2777 2778
l 2796 2797
l 2819 2820
l 2846 2847
l 2872 2873
l 2890 2891
l 2907 2908
l 2923 2924
l 2933 2934
l 2954 2955
l 3027 3028
l 3059 3060
l 3098 3099
l 3123 3124
l 3136 3137
l 3152 3153
l 3169 3170
l 3186 3187
l 3202 3203
l 3226 3227
l 3264 3265
l 3275 3276
l 2750 3302
l 3343 3344
l 3379 3380
l 3395 3396
l 3412 3413
l 3446 3447
l 3451 3452
l 3512 3513
l 3578 3579
l 3633 3635
l 3639 3640
l 3675 3676
l 3701 3702
l 3718 3719
l 3787 3788
l 2703 3834
l 3850 3851
l 3888 3889
l 3906 3907
l 3923 3924
l 3940 3941
l 3995 3996
l 4011 4012
l 4029 4030
l 4045 4046
l 4055 4056
l 3805 4057
l 4066 4067
l 4121 4122
l 3591 4133
l 4153 4154
l 4202 4203
l 4266 4267
l 3875 4274
l 4317 4318
l 4040 4354
l 4355 4356
l 4361 4362
l 4392 4393
l 4426 4427
l 3519 4144
l 4454 4455
l 4472 4473
l 4497 4498
l 4539 4540
l 4552 4553
l 4568 4569
l 4575 4576
l 4178 4179
l 4694 4695
l 4804 4805
l 4821 4822
l 4834 4835
l 4850 4851
l 4868 4869
l 4885 4886
l 4901 4902
l 4933 4934
l 4979 4980
l 5011 5012
l 5108 5109
l 5119 5120
l 5140 5141
l 5156 5157
l 5173 5174
l 5194 5195
l 5210 5211
l 5233 5234
l 5253 5256
l 5265 5266
l 5319 5320
l 5355 5356
l 5373 5374
l 5414 5415
l 5444 5445
l 5460 5461
l 5478 5479
l 5496 5497
l 5518 5522
l 5537 5538
l 5555 5556
l 5621 5622
l 5640 5641
l 5657 5658
l 5708 5709
l 5512 5514
l 5718 5719
l 5765 5766
l 5791 5792
l 5808 5809
l 5824 5825
l 5840 5841
l 5858 5859
l 5228 5864
l 5869 5870
l 5899 5900
l 5802 5904
l 5916 5917
l 5934 5935
l 5969 5970
l 5988 5989
l 5992 5993
l 6011 6012
l 6048 6049
l 6065 6066
l 6082 6083
l 6093 6094
l 6110 6111
l 6126 6127
l 5905 6128
l 6143 6144
l 5259 5261
l 6227 6228
l 6246 6247
l 6258 6259
l 6315 6316
l 6331 6332
l 6362 6363
l 6391 6392
l 6411 6412
l 6471 6472
l 6494 6495
l 6511 6512
l 6529 6530
l 6211 6538
l 6547 6548
l 6570 6571
l 5095 6482
l 6607 6608
l 6624 6625
l 6635 6636
l 6581 6640
l 6653 6654
l 6705 6706
l 6721 6722
l 6757 6758
l 6767 6768
l 6784 6785
l 6800 6801
l 6816 6817
l 6832 6833
l 6848 6849
l 6865 6866
l 6881 6882
l 6897 6898
l 6921 6922
l 6937 6938
l 6953 6954
l 6975 6976
l 6991 6992
l 7007 7008
l 7023 7024
l 7033 7034
l 7049 7050
l 7065 7066
l 7081 7082
l 7097 7098
l 7108 7109
l 7125 7126
l 7148 7149
l 7164 7165
l 7180 7181
l 7202 7203
l 7213 7214
l 7229 7230
l 7245 7246
l 7263 7264
l 7279 7280
l 7295 7296
l 7311 7312
l 7328 7329
l 7359 7360
l 7375 7376
l 7391 7392
l 7427 7428
l 7444 7445
l 7460 7461
l 7476 7477
l 7516 7517
l 5959 7526
l 7527 7528
l 7532 7533
l 7599 7600
l 7620 7621
l 7633 7634
l 7638 7639
l 7670 7671
l 7687 7688
l 5746 7691
l 7704 7705
l 7722 7723
l 7738 7739
l 7755 7756
l 7773 7774
l 7791 7792
l 7802 7803
l 7813 7814
l 7829 7830
l 7916 7917
l 7941 7942
l 7951 7952
l 7988 7989
l 8001 8002
l 8023 8024
l 8040 8041
l 8056 8057
l 8121 8122
l 8161 8162
l 8221 8222
l 8252 8253
l 8269 8270
l 8287 8288
l 8298 8299
l 8337 8338
l 8366 8367
l 8402 8403
l 8420 8421
l 8436 8437
l 8476 8477
l 8493 8494
l 8522 8523
l 8540 8541
l 8558 8559
l 8574 8575
l 8622 8623
l 8628 8629
l 7767 7769
l 8734 8735
l 8774 8775
l 8791 8792
l 8809 8810
l 8877 8878
l 8956 8957
l 8962 8963
l 8978 8979
l 9004 9005
l 9009 9010
l 9039 9040
l 9056 9057
l 9072 9073
l 9139 9140
l 9217 9218
l 9233 9234
l 9263 9264
l 9279 9280
l 9295 9296
l 9330 9331
l 9380 9381
l 9398 9399
l 8821 8911
l 9414 9415
l 6641 8881
l 9464 9465
l 9505 9506
l 9517 9518
l 9527 9528
l 9556 9557
l 8241 9603
l 9610 9611
l 9627 9628
l 9647 9649
l 9668 9669
l 9694 9695
l 9653 9654
l 9738 9739
l 9768 9769
l 9785 9786
l 9815 9816
l 9856 9857
l 9899 9900
l 9915 9916
l 9958 9959
l 9974 9975
l 9993 9994
l 9935 9937
l 10003 10004
l 10109 10110
l 10139 10140
l 10151 10152
l 10215 10216
l 10252 10253
l 10271 10272
l 10295 10296
l 10320 10321
l 10336 10337
l 10353 10354
l 10415 10416
l 10434 10435
l 10505 10506
l 10524 10525
l 10560 10561
l 10577 10579
l 10606 10607
l 10639 10640
l 10659 10660
l 10677 10678
l 10693 10694
l 10710 10711
l 9863 10702
l 10735 10736
l 10751 10752
l 10768 10769
l 10795 10796
l 10831 10832
l 10931 10932
l 10947 10949
l 10952 10953
l 10969 10970
l 10986 10987
l 11003 11004
l 11019 11020
l 11035 11036
l 11054 11055
l 11100 11101
l 11123 11124
l 11156 11157
l 11205 11206
l 11221 11222
l 11237 11238
l 10081 11247
l 11258 11259
l 11280 11281
l 11301 11302
l 11311 11312
l 11296 11315
l 11340 11341
l 11356 11357
l 11379 11380
l 11401 11402
l 11417 11418
l 11449 11450
l 11465 11466
l 11496 11497
l 11523 11524
l 11540 11541
l 11562 11563
l 11578 11579
l 11611 11612
l 11627 11628
l 11643 11644
l 11659 11660
l 11675 11676
l 11693 11694
l 11719 11720
l 11735 11736
l 11765 11766
l 11782 11783
l 11798 11799
l 11814 11815
l 11837 11838
l 11848 11849
l 11859 11860
l 11875 11877
l 11880 11881
l 11916 11917
l 11936 11937
l 11952 11953
l 11970 11971
l 11986 11987
l 12002 12003
l 12018 12019
l 12051 12054
l 12071 12072
l 12030 12031
l 12116 12117
l 12141 12142
l 12159 12160
l 12177 12178
l 12288 12289
l 12344 12345
l 12370 12371
l 12391 12392
l 10385 12397
l 12405 12406
l 12443 12444
l 12456 12459
l 12481 12482
l 10347 12414
l 12542 12543
l 12559 12560
l 12571 12572
l 12587 12588
l 12593 12594
l 12621 12622
l 12646 12647
l 12650 12651
l 12666 12667
l 12680 12681
l 12691 12692
l 12708 12709
l 12726 12727
l 12771 12772
l 12811 12812
l 12829 12830
l 12846 12847
l 12862 12863
l 12879 12880
l 12940 12941
l 12978 12979
l 12995 12996
l 13025 13026
l 13030 13031
l 13089 13091
l 13094 13096
l 13100 13101
l 13118 13119
l 13148 13149
l 13172 13173
l 13191 13192
l 13241 13242
l 13262 13264
l 13343 13344
l 13361 13362
l 13421 13422
l 13432 13433
l 13486 13487
l 13504 13505
l 13594 13595
l 13618 13619
l 13637 13638
l 12227 13721
l 13732 13733
l 13777 13778
l 13795 13796
l 13829 13830
l 12868 13839
l 13848 13850
l 13876 13877
l 13939 13940
l 13947 13948
l 13965 13966
l 13960 13977
l 13294 13986
l 13630 13957
l 13842 13845
l 13683 14043
l 14078 14079
l 14096 14097
l 14110 14111
l 14150 14151
l 14166 14167
l 14188 14189
l 14193 14194
l 14215 14216
l 14231 14232
l 14249 14250
l 14279 14280
l 14295 14296
l 14306 14317
l 14328 14329
l 14344 14345
l 14374 14375
l 14401 14402
l 14414 14415
l 14420 14421
l 14454 14455
l 14473 14474
l 14514 14515
l 14571 14572
l 14583 14584
l 14600 14601
l 14618 14619
l 14651 14652
l 14689 14690
l 14701 14702
l 14735 14736
l 14753 14754
l 14771 14772
l 14788 14789
l 14844 14845
l 14871 14872
l 14907 14908
l 14933 14934
l 14955 14956
l 14498 14499
l 14966 14967
l 15002 15003
l 15013 15014
l 15030 15031
l 15047 15048
l 15063 15064
l 15080 15081
l 15097 15098
l 15111 15112
l 15128 15129
l 15146 15147
l 15184 15185
l 15203 15204
l 15225 15226
l 15246 15247
l 15264 15265
l 15281 15282
l 15308 15309
l 15325 15326
l 15375 15376
l 15447 15450
l 14839 15454
l 14920 15514
l 15520 15521
l 15545 15546
l 15562 15563
l 15580 15581
l 15619 15620
l 15644 15646
l 15665 15666
l 15699 15701
l 15705 15706
l 15728 15729
l 15767 15768
l 15786 15787
l 15804 15805
l 15830 15831
l 15846 15847
l 15869 15870
l 15900 15901
l 15919 15920
l 15956 15957
l 15973 15974
l 15991 15992
l 16002 16003
l 16012 16013
l 16029 16030
l 16045 16046
l 16083 16084
l 16106 16107
l 16167 16168
l 16203 16204
l 16221 16222
l 16327 16328
l 16357 16358
l 16386 16387
l 16427 16428
l 16439 16440
l 16457 16458
l 16483 16484
l 16512 16513
l 16558 16559
l 16569 16570
l 16574 16575
l 16610 16611
l 16628 16629
l 16645 16646
l 16667 16668
l 16685 16686
l 16691 16692
l 16702 16703
l 16712 16714
l 16724 16725
l 16756 16757
l 16791 16792
l 16808 16809
l 16821 16822
l 16834 16835
l 16871 16872
l 16887 16888
l 16903 16904
l 16914 16915
l 16930 16931
l 16960 16961
l 16985 16986
l 17003 17004
l 17020 17021
l 17039 17040
l 17055 17056
l 17071 17072
l 17087 17088
l 17103 17104
l 17119 17120
l 17136 17137
l 17147 17148
l 17163 17164
l 17197 17198
l 17209 17210
l 17226 17227
l 17242 17243
l 17258 17259
l 17269 17270
l 17292 17293
l 17313 17314
l 17324 17326
l 17329 17330
l 17345 17346
l 17373 17374
l 17420 17421
l 17498 17499
l 17581 17582
l 17613 17614
l 9 10
l 62 63
l 66 67
l 126 127
l 165 166
l 205 206
l 222 223
l 244 245
l 281 282
l 301 302
l 319 320
l 324 325
l 358 359
l 423 424
l 508 509
l 526 527
l 548 549
l 568 569
l 574 575
l 603 604
l 619 620
l 625 626
l 635 636
l 597 600
l 639 640
l 668 669
l 684 685
l 700 701
l 716 717
l 732 733
l 748 749
l 765 766
l 781 782
l 797 798
l 814 815
l 831 832
l 847 848
l 863 864
l 879 880
l 900 901
l 916 917
l 932 933
l 948 949
l 964 965
l 980 981
l 996 997
l 1013 1014
l 1030 1031
l 1046 1047
l 1062 1063
l 1078 1079
l 1094 1095
l 1100 1101
l 1137 1138
l 1153 1154
l 1169 1170
l 1186 1187
l 1202 1203
l 1218 1219
l 1234 1235
l 1252 1253
l 1273 1274
l 1296 1297
l 1341 1342
l 1357 1358
l 1363 1364
l 1380 1381
l 1399 1400
l 1415 1416
l 1431 1432
l 1436 1437
l 1452 1453
l 1468 1469
l 1480 1481
l 1490 1491
l 1507 1508
l 1523 1524
l 1539 1540
l 1550 1551
l 1632 1633
l 1663 1664
l 1683 1684
l 1720 1721
l 1737 1738
l 1111 1743
l 1753 1754
l 1850 1851
l 1869 1870
l 1886 1887
l 1932 1933
l 2010 2011
l 2027 2028
l 2067 2068
l 2085 2086
l 2105 2106
l 2160 2161
l 2179 2180
l 2196 2197
l 2215 2216
l 2231 2232
l 2249 2250
l 2268 2269
l 2303 2304
l 2353 2354
l 2369 2370
l 2380 2381
l 2433 2434
l 2451 2452
l 2470 2471
l 2488 2489
l 2515 2516
l 2520 2521
l 1831 2059
l 2578 2579
l 2592 2593
l 2608 2609
l 2627 2628
l 2647 2648
l 2670 2671
l 2728 2729
l 2744 2746
l 2767 2768
l 2802 2803
l 2825 2826
l 2878 2879
l 2897 2898
l 2913 2914
l 2939 2940
l 2960 2961
l 3002 3003
l 2542 3044
l 3065 3066
l 3142 3143
l 3158 3159
l 3176 3177
l 3192 3193
l 3216 3217
l 3232 3233
l 3281 3282
l 3324 3325
l 3331 3332
l 3350 3351
l 3368 3369
l 3385 3386
l 3401 3402
l 3418 3419
l 3435 3436
l 3481 3482
l 3532 3533
l 3549 3550
l 3568 3569
l 3646 3647
l 3707 3708
l 3762 3763
l 3794 3795
l 3811 3812
l 2704 3833
l 3862 3863
l 3876 3877
l 3913 3914
l 3929 3930
l 3946 3947
l 4001 4002
l 4019 4020
l 4035 4036
l 4073 4074
l 4091 4092
l 4103 4104
l 3304 4107
l 4127 4128
l 4160 4161
l 4166 4167
l 4208 4209
l 4301 4302
l 4323 4324
l 4191 4340
l 4369 4370
l 4399 4400
l 4416 4417
l 4461 4462
l 4478 4479
l 4482 4483
l 4487 4488
l 4515 4516
l 3542 4528
l 4558 4559
l 4581 4582
l 4602 4603
l 3634 4650
l 4684 4685
l 4711 4712
l 4774 4775
l 4794 4795
l 4811 4812
l 4840 4841
l 4858 4859
l 4874 4875
l 4891 4892
l 4907 4908
l 4952 4953
l 5053 5054
l 5114 5115
l 5130 5131
l 5146 5147
l 5152 5153
l 5200 5201
l 5216 5217
l 5229 5230
l 5260 5262
l 5272 5273
l 5309 5310
l 5379 5380
l 5404 5405
l 5421 5422
l 5450 5451
l 5466 5467
l 5502 5503
l 5513 5515
l 5519 5521
l 5338 5341
l 5561 5562
l 5573 5574
l 5590 5591
l 5611 5612
l 5646 5648
l 5703 5704
l 5724 5725
l 5781 5782
l 5797 5798
l 5803 5804
l 5814 5815
l 5830 5831
l 5847 5848
l 5887 5888
l 5906 5907
l 5922 5923
l 6017 6018
l 6036 6037
l 6054 6055
l 6071 6072
l 6089 6090
l 6116 6117
l 5254 5255
l 6207 6208
l 6217 6218
l 6264 6265
l 5399 6270
l 6276 6277
l 6304 6305
l 6321 6322
l 6337 6338
l 6442 6443
l 6461 6462
l 6477 6478
l 6484 6485
l 6501 6502
l 6517 6518
l 6535 6536
l 6553 6554
l 6576 6577
l 6585 6586
l 6597 6598
l 6613 6614
l 6711 6712
l 6727 6728
l 6745 6746
l 6774 6775
l 6790 6791
l 6806 6807
l 6822 6823
l 6838 6839
l 6854 6855
l 6871 6872
l 6887 6888
l 6905 6906
l 6911 6912
l 6927 6928
l 6943 6944
l 6959 6960
l 6965 6966
l 6981 6982
l 6997 6998
l 7013 7014
l 7039 7040
l 7055 7056
l 7071 7072
l 7087 7088
l 7103 7105
l 7114 7115
l 7131 7132
l 7154 7155
l 7170 7171
l 7186 7187
l 7219 7220
l 7235 7236
l 7269 7270
l 7285 7286
l 7301 7302
l 7317 7318
l 7349 7350
l 7365 7366
l 7381 7382
l 7416 7417
l 7433 7434
l 7450 7451
l 7466 7467
l 7489 7490
l 7506 7507
l 7522 7523
l 7539 7540
l 7570 7571
l 7589 7590
l 7627 7628
l 7644 7645
l 7676 7677
l 7694 7695
l 7710 7711
l 7728 7729
l 7779 7780
l 7819 7820
l 7835 7836
l 7861 7862
l 7874 7875
l 7894 7895
l 7563 7922
l 7957 7958
l 7976 7977
l 8008 8009
l 8029 8030
l 8046 8047
l 8062 8063
l 8082 8083
l 6196 7558
l 8106 8107
l 8128 8129
l 8242 8243
l 8276 8277
l 8304 8305
l 8320 8321
l 8344 8345
l 8374 8375
l 8392 8393
l 8408 8409
l 8426 8427
l 8442 8443
l 8464 8465
l 8506 8507
l 8528 8529
l 8546 8547
l 8564 8565
l 8580 8581
l 8591 8592
l 8635 8636
l 8644 8645
l 8685 8686
l 8704 8707
l 8722 8723
l 8740 8741
l 8764 8765
l 8780 8781
l 8797 8798
l 8830 8831
l 8842 8843
l 8883 8885
l 8889 8890
l 8921 8922
l 8939 8940
l 8967 8968
l 8986 8987
l 8992 8993
l 9015 9016
l 9027 9028
l 9045 9046
l 9062 9063
l 9078 9079
l 9098 9099
l 9145 9146
l 9207 9208
l 9223 9224
l 9253 9254
l 9269 9270
l 9275 9276
l 9285 9286
l 9301 9302
l 9307 9308
l 9387 9388
l 9403 9404
l 9420 9421
l 9478 9479
l 9495 9496
l 9533 9534
l 9562 9563
l 9591 9592
l 9617 9618
l 9648 9650
l 9702 9703
l 9715 9716
l 9744 9745
l 9758 9759
l 9774 9775
l 9804 9805
l 8822 9829
l 9905 9906
l 9936 9938
l 9948 9949
l 9964 9965
l 9982 9983
l 9999 10000
l 10046 10047
l 10068 10071
l 10087 10088
l 10098 10099
l 10128 10129
l 10157 10158
l 9605 10184
l 10185 10186
l 10204 10205
l 10221 10222
l 10285 10286
l 10342 10343
l 10386 10387
l 9750 10390
l 10391 10392
l 10405 10406
l 10491 10492
l 10536 10537
l 10627 10628
l 10683 10684
l 10699 10700
l 10718 10719
l 10741 10742
l 10757 10758
l 10774 10775
l 10791 10792
l 10578 10580
l 10816 10817
l 10837 10838
l 10844 10845
l 10864 10865
l 10901 10902
l 10907 10908
l 10937 10938
l 10959 10960
l 10975 10976
l 10993 10994
l 11009 11010
l 11025 11026
l 11060 11061
l 11090 11091
l 11106 11107
l 11129 11130
l 11146 11147
l 11176 11177
l 11193 11194
l 11211 11212
l 11227 11228
l 11243 11244
l 11248 11249
l 11270 11271
l 11286 11287
l 11297 11298
l 11264 11266
l 11330 11331
l 11346 11347
l 11391 11392
l 11407 11408
l 11423 11424
l 11439 11440
l 11455 11456
l 11471 11472
l 11385 11387
l 11481 11482
l 11502 11503
l 11513 11514
l 11546 11547
l 11568 11569
l 11584 11585
l 11601 11602
l 11617 11618
l 11633 11634
l 11649 11650
l 11665 11666
l 11681 11682
l 11699 11700
l 11709 11710
l 11725 11726
l 11741 11742
l 11761 11762
l 11771 11772
l 11788 11789
l 11804 11805
l 11820 11821
l 11843 11844
l 11865 11866
l 11886 11887
l 11906 11907
l 11922 11923
l 11926 11927
l 11942 11943
l 11958 11959
l 11976 11977
l 11992 11993
l 12008 12009
l 12024 12025
l 12061 12062
l 12106 12107
l 12149 12150
l 12165 12166
l 12183 12184
l 12221 12222
l 12294 12295
l 12333 12334
l 12350 12351
l 10948 12388
l 12411 12412
l 12417 12418
l 12451 12452
l 12468 12469
l 12487 12488
l 12503 12504
l 12522 12523
l 12548 12549
l 12577 12578
l 12327 12592
l 12611 12612
l 12656 12657
l 12698 12699
l 12734 12735
l 12761 12762
l 12799 12800
l 12817 12818
l 12836 12837
l 12852 12853
l 12924 12926
l 12930 12932
l 12947 12948
l 12966 12967
l 12052 12999
l 13015 13016
l 13055 13056
l 12261 12265
l 13066 13067
l 13083 13084
l 13137 13138
l 13179 13180
l 13198 13199
l 11876 13206
l 13213 13214
l 13295 13296
l 13333 13334
l 13350 13351
l 13391 13392
l 13095 13097
l 13438 13439
l 12457 12460
l 13462 13463
l 13545 13546
l 13624 13625
l 13650 13651
l 13662 13663
l 13668 13669
l 13673 13674
l 13689 13690
l 13702 13703
l 13738 13740
l 13819 13821
l 13843 13844
l 13882 13883
l 13972 13973
l 13678 13958
l 14031 14032
l 13631 13955
l 14068 14073
l 14116 14117
l 14121 14122
l 14140 14141
l 14156 14157
l 14172 14173
l 14199 14202
l 14205 14206
l 14221 14222
l 14268 14269
l 14285 14286
l 14301 14302
l 14318 14319
l 14334 14335
l 14350 14351
l 14362 14363
l 14408 14409
l 14426 14427
l 14444 14445
l 14480 14481
l 13263 14493
l 14520 14521
l 14541 14542
l 14561 14562
l 14577 14578
l 14589 14590
l 14639 14640
l 14657 14658
l 14670 14671
l 14708 14709
l 14759 14760
l 14777 14778
l 14808 14809
l 14829 14830
l 14877 14878
l 14897 14898
l 13849 14916
l 14945 14946
l 14972 14973
l 14990 14991
l 15008 15009
l 14939 14941
l 15019 15020
l 15037 15038
l 15053 15054
l 15086 15087
l 15117 15118
l 15135 15136
l 15154 15155
l 15174 15175
l 15191 15192
l 15215 15216
l 15232 15233
l 15271 15272
l 15314 15315
l 15331 15332
l 15344 15345
l 15364 15365
l 15381 15382
l 15401 15403
l 15416 15417
l 15448 15449
l 15466 15467
l 15486 15489
l 15527 15528
l 15532 15533
l 15552 15553
l 15568 15569
l 15586 15587
l 15603 15604
l 15609 15610
l 15626 15627
l 15671 15672
l 15688 15689
l 15711 15712
l 15733 15734
l 15743 15744
l 15773 15774
l 15792 15793
l 15836 15837
l 15852 15853
l 15859 15860
l 15876 15880
l 15906 15907
l 15963 15964
l 15979 15980
l 15997 15998
l 16018 16019
l 16035 16036
l 16051 16052
l 16068 16069
l 15700 15702
l 16173 16174
l 15645 16179
l 16192 16193
l 16227 16228
l 16287 16288
l 16317 16318
l 16373 16374
l 16393 16396
l 16416 16417
l 16463 16464
l 16473 16474
l 16490 16491
l 16502 16503
l 16518 16519
l 15985 16526
l 16529 16530
l 16548 16549
l 16564 16565
l 16580 16581
l 16617 16618
l 16634 16635
l 16713 16738
l 16763 16764
l 16781 16782
l 16797 16798
l 16816 16817
l 16840 16841
l 16851 16852
l 16861 16862
l 16877 16878
l 16893 16894
l 16920 16921
l 16968 16969
l 16991 16992
l 17045 17046
l 17061 17062
l 17077 17078
l 17093 17094
l 17109 17110
l 17125 17126
l 17153 17154
l 17170 17171
l 17187 17188
l 17203 17204
l 17215 17216
l 17232 17233
l 17248 17249
l 17275 17276
l 17298 17299
l 17264 17302
l 17303 17304
l 17319 17320
l 17335 17336
l 17351 17352
l 17362 17363
l 17388 17389
l 17461 17462
l 17455 17487
l 17488 17489
l 17505 17506
l 17529 17531
l 17534 17536
l 17602 17603
l 17619 17620
l 17651 17652
l 17670 17671
l 52 53
l 72 73
l 92 93
l 114 115
l 140 141
l 172 173
l 211 212
l 265 266
l 271 272
l 289 290
l 307 308
l 348 349
l 418 420
l 443 444
l 514 515
l 580 581
l 609 610
l 598 641
l 645 646
l 674 675
l 690 691
l 706 707
l 722 723
l 738 739
l 755 756
l 771 772
l 787 788
l 803 804
l 837 838
l 853 854
l 869 870
l 890 891
l 906 907
l 922 923
l 938 939
l 954 955
l 970 971
l 986 987
l 1003 1004
l 1020 1021
l 1036 1037
l 1052 1053
l 1068 1069
l 1084 1085
l 1106 1107
l 1122 1123
l 1143 1144
l 1159 1160
l 1192 1193
l 1208 1209
l 1224 1225
l 1240 1241
l 1258 1259
l 1302 1303
l 1331 1332
l 1347 1348
l 1369 1370
l 1386 1387
l 1405 1406
l 1421 1422
l 1442 1443
l 1458 1459
l 1513 1514
l 1529 1531
l 1545 1546
l 1556 1557
l 1620 1621
l 1652 1653
l 1690 1691
l 1709 1710
l 1726 1727
l 1759 1760
l 1797 1798
l 1839 1840
l 1856 1857
l 1875 1876
l 1892 1893
l 1922 1923
l 1938 1939
l 1949 1951
l 1956 1957
l 1980 1981
l 1999 2000
l 2017 2018
l 2033 2034
l 2050 2051
l 1326 1832
l 2073 2074
l 2168 2169
l 2221 2222
l 2237 2238
l 2274 2275
l 2293 2294
l 2359 2360
l 2375 2376
l 2403 2404
l 2422 2423
l 2457 2458
l 2478 2479
l 2503 2504
l 2543 2544
l 2555 2556
l 2598 2599
l 2614 2615
l 2092 2096
l 2633 2634
l 2654 2655
l 2665 2666
l 2734 2735
l 2756 2757
l 2773 2776
l 2815 2816
l 2841 2842
l 2868 2869
l 2885 2886
l 2903 2904
l 2919 2920
l 2745 2747
l 2929 2930
l 2945 2946
l 3017 3018
l 3023 3024
l 3042 3043
l 3055 3056
l 3071 3072
l 3119 3120
l 3132 3133
l 3148 3149
l 3164 3165
l 3182 3183
l 3198 3199
l 3222 3223
l 3260 3261
l 3271 3272
l 3357 3358
l 3375 3376
l 3391 3392
l 3424 3425
l 3442 3443
l 3494 3495
l 3488 3491
l 3538 3539
l 3555 3556
l 3574 3575
l 3608 3609
l 3629 3630
l 3690 3691
l 3713 3714
l 3769 3770
l 3884 3885
l 3902 3903
l 3919 3920
l 3936 3937
l 3952 3953
l 3973 3974
l 3991 3992
l 4007 4008
l 4025 4026
l 4051 4052
l 4062 4063
l 4079 4080
l 3521 4136
l 4134 4149
l 4185 4186
l 4243 4244
l 4262 4263
l 4287 4288
l 4308 4309
l 4313 4314
l 4330 4331
l 4375 4376
l 4388 4389
l 4405 4406
l 4422 4423
l 4438 4439
l 4450 4451
l 3800 3803
l 4493 4494
l 4511 4512
l 4521 4522
l 4535 4536
l 4564 4565
l 4672 4673
l 4739 4740
l 4745 4746
l 4781 4782
l 4800 4801
l 4817 4818
l 4829 4830
l 4846 4847
l 4864 4865
l 4881 4882
l 4897 4898
l 4929 4930
l 4690 4692
l 5001 5003
l 5007 5008
l 5026 5027
l 5065 5066
l 5097 5098
l 5136 5137
l 5169 5170
l 5189 5190
l 5206 5207
l 5224 5225
l 5249 5250
l 5315 5316
l 5327 5328
l 5339 5340
l 5351 5352
l 5369 5370
l 5385 5386
l 5400 5403
l 5410 5411
l 5428 5429
l 5440 5441
l 5456 5457
l 5492 5493
l 5508 5509
l 5532 5533
l 5551 5552
l 5580 5581
l 5617 5618
l 5636 5637
l 5730 5731
l 5736 5737
l 5742 5743
l 5761 5762
l 5787 5788
l 5647 5833
l 5836 5837
l 5865 5866
l 5883 5884
l 5894 5895
l 5912 5913
l 5948 5949
l 5965 5967
l 6024 6025
l 6061 6062
l 6106 6107
l 6122 6123
l 6133 6134
l 6139 6140
l 6149 6150
l 6190 6191
l 6212 6213
l 6223 6224
l 6242 6243
l 6254 6255
l 6311 6312
l 6327 6328
l 6358 6359
l 6431 6432
l 6449 6450
l 6467 6468
l 6490 6491
l 6507 6508
l 6525 6526
l 6542 6543
l 6559 6560
l 6565 6566
l 6603 6604
l 6620 6621
l 6631 6632
l 6643 6645
l 6649 6650
l 4608 6660
l 6701 6702
l 6717 6718
l 6734 6735
l 6763 6764
l 6780 6781
l 6796 6797
l 6812 6813
l 6828 6829
l 6844 6845
l 6877 6878
l 6893 6894
l 6917 6918
l 6933 6934
l 6949 6950
l 6971 6972
l 6987 6988
l 7003 7004
l 7019 7020
l 7029 7030
l 7045 7046
l 7061 7062
l 7077 7078
l 7093 7094
l 7120 7121
l 7104 7143
l 7144 7145
l 7160 7161
l 7176 7177
l 7192 7193
l 7198 7199
l 7209 7210
l 7225 7226
l 7241 7242
l 7259 7260
l 7275 7276
l 7291 7292
l 7307 7308
l 7323 7324
l 7355 7356
l 7371 7372
l 7387 7388
l 7405 7406
l 7440 7441
l 7456 7457
l 7472 7473
l 7495 7496
l 7512 7513
l 7545 7546
l 7578 7579
l 7595 7596
l 7615 7616
l 7682 7683
l 7700 7701
l 7734 7735
l 7745 7746
l 7751 7752
l 7798 7799
l 7809 7810
l 7825 7826
l 7841 7842
l 7906 7908
l 7912 7913
l 7937 7938
l 7947 7948
l 7964 7965
l 7984 7985
l 8014 8015
l 8019 8020
l 8088 8089
l 8117 8118
l 8134 8135
l 8199 8200
l 8217 8218
l 8248 8249
l 8265 8266
l 8293 8294
l 8310 8311
l 8333 8334
l 8350 8351
l 8362 8363
l 8380 8381
l 8398 8399
l 8415 8416
l 8432 8433
l 8489 8490
l 8518 8519
l 8524 8525
l 8554 8555
l 8570 8571
l 8597 8598
l 8618 8619
l 8652 8653
l 8658 8659
l 8691 8692
l 8710 8711
l 8770 8771
l 8787 8788
l 8326 8329
l 8848 8849
l 8854 8855
l 8872 8873
l 8928 8929
l 8952 8953
l 8973 8974
l 8999 9000
l 9022 9024
l 9034 9035
l 9068 9069
l 9086 9087
l 8705 9089
l 9104 9105
l 9135 9136
l 9193 9194
l 9213 9214
l 9229 9230
l 9259 9260
l 9291 9292
l 9313 9314
l 9394 9395
l 9409 9410
l 9460 9461
l 9484 9485
l 9501 9502
l 9523 9524
l 9552 9553
l 9606 9607
l 9623 9624
l 9689 9690
l 9721 9722
l 9734 9735
l 9764 9765
l 9799 9800
l 9852 9853
l 9911 9912
l 9931 9932
l 9954 9955
l 9970 9971
l 9989 9990
l 10069 10070
l 10094 10095
l 10117 10118
l 10135 10136
l 10191 10192
l 10210 10211
l 10227 10228
l 10248 10249
l 10267 10268
l 10291 10292
l 10309 10310
l 10316 10317
l 10332 10333
l 10349 10350
l 10367 10368
l 10411 10412
l 10556 10557
l 10573 10574
l 10602 10603
l 10615 10616
l 10673 10674
l 10689 10690
l 10730 10731
l 10747 10748
l 10764 10765
l 10780 10781
l 10822 10823
l 10827 10828
l 10852 10853
l 10913 10914
l 10927 10928
l 10943 10944
l 10965 10966
l 10982 10983
l 10999 11000
l 11015 11016
l 11031 11032
l 11049 11050
l 11096 11097
l 11119 11120
l 11135 11136
l 11152 11153
l 11163 11164
l 11182 11183
l 11217 11218
l 11233 11234
l 11254 11255
l 11265 11267
l 11276 11277
l 11292 11293
l 11307 11308
l 11336 11337
l 11352 11353
l 11375 11376
l 11386 11388
l 11397 11398
l 11413 11414
l 11429 11430
l 11435 11436
l 11369 11371
l 11445 11446
l 11461 11462
l 11487 11489
l 11492 11493
l 11508 11509
l 11519 11520
l 11536 11537
l 11552 11555
l 11558 11559
l 11574 11575
l 11590 11591
l 11607 11608
l 11623 11624
l 11639 11640
l 11655 11656
l 11671 11672
l 11705 11706
l 11715 11716
l 11731 11732
l 11747 11750
l 11778 11779
l 11794 11795
l 11810 11811
l 11833 11834
l 11855 11856
l 11871 11872
l 11894 11895
l 11912 11913
l 11932 11933
l 11948 11949
l 11982 11983
l 11998 11999
l 12014 12015
l 12057 12058
l 11826 11829
l 12067 12068
l 12079 12080
l 12101 12102
l 12112 12113
l 12130 12131
l 12155 12156
l 12189 12190
l 12208 12209
l 12275 12276
l 12300 12301
l 12340 12341
l 12386 12387
l 12439 12440
l 12476 12477
l 12493 12494
l 12509 12510
l 12528 12529
l 12532 12533
l 12538 12539
l 12555 12556
l 12583 12584
l 12600 12601
l 12617 12620
l 12642 12643
l 12662 12663
l 12499 12684
l 12687 12688
l 12704 12705
l 12722 12723
l 12767 12768
l 12788 12789
l 12807 12808
l 12842 12843
l 12858 12859
l 12874 12875
l 12931 12933
l 12936 12937
l 12953 12954
l 12974 12975
l 12991 12992
l 13021 13022
l 13043 13044
l 11188 12783
l 13072 13073
l 13114 13115
l 13143 13144
l 13187 13188
l 13236 13239
l 13290 13291
l 13309 13312
l 13339 13340
l 13357 13358
l 13397 13398
l 13417 13418
l 13428 13429
l 13458 13459
l 13482 13483
l 13500 13501
l 13519 13520
l 13552 13553
l 13090 13456
l 13602 13603
l 13614 13615
l 13657 13658
l 13679 13680
l 12925 13691
l 13708 13709
l 13714 13715
l 13739 13741
l 13744 13745
l 13808 13809
l 13825 13826
l 13890 13891
l 13961 13962
l 14004 14005
l 14022 14023
l 13161 13710
l 14056 14057
l 14069 14070
l 14074 14075
l 13820 14120
l 14127 14128
l 14146 14147
l 14162 14163
l 14178 14179
l 14211 14212
l 14227 14228
l 14245 14246
l 14263 14264
l 14291 14292
l 14313 14314
l 14324 14325
l 14340 14341
l 14369 14370
l 13814 14390
l 14396 14397
l 14433 14434
l 14450 14451
l 14469 14470
l 14505 14506
l 14510 14511
l 14567 14568
l 14596 14597
l 14614 14615
l 14684 14685
l 14697 14698
l 14716 14719
l 14749 14750
l 14766 14767
l 14784 14785
l 14903 14904
l 14940 14942
l 14951 14952
l 14962 14963
l 14978 14979
l 14997 14998
l 15026 15027
l 15043 15044
l 15059 15060
l 15076 15077
l 15124 15125
l 15141 15142
l 15161 15162
l 15180 15181
l 15221 15222
l 15260 15261
l 15277 15278
l 15304 15305
l 15395 15397
l 15423 15424
l 14835 15427
l 15442 15443
l 15515 15516
l 15558 15559
l 15592 15593
l 15615 15616
l 15634 15635
l 15640 15641
l 15677 15678
l 15694 15695
l 15724 15725
l 15461 15463
l 15739 15740
l 15763 15764
l 15800 15801
l 15842 15843
l 15865 15866
l 15884 15885
l 15718 15720
l 15889 15892
l 15896 15897
l 15914 15915
l 15402 15933
l 15951 15952
l 15969 15970
l 15487 15984
l 16008 16009
l 16024 16025
l 16041 16042
l 16057 16058
l 16079 16080
l 16097 16098
l 16102 16103
l 16151 16153
l 16163 16164
l 16180 16181
l 16198 16199
l 16217 16218
l 16234 16235
l 16267 16268
l 16301 16302
l 15877 16305
l 16323 16324
l 16340 16341
l 16405 16406
l 16422 16423
l 16435 16436
l 16453 16454
l 16479 16480
l 16508 16509
l 16524 16525
l 16554 16555
l 16586 16587
l 16623 16624
l 16658 16659
l 16663 16664
l 16681 16682
l 16698 16699
l 16394 16395
l 16708 16709
l 16720 16721
l 16752 16753
l 16770 16771
l 16787 16788
l 16804 16805
l 16846 16847
l 16857 16858
l 16867 16868
l 16883 16884
l 16899 16900
l 16910 16911
l 16926 16927
l 16981 16982
l 17016 17017
l 17035 17036
l 17051 17052
l 17067 17068
l 17083 17084
l 17099 17100
l 17115 17116
l 17132 17133
l 16975 16977
l 17159 17160
l 17176 17177
l 17193 17194
l 17221 17222
l 17238 17239
l 17254 17255
l 17265 17266
l 17281 17282
l 17309 17310
l 17341 17342
l 17395 17396
l 17456 17457
l 17482 17483
l 17494 17495
l 17511 17512
l 17517 17518
l 17535 17537
l 17562 17563
l 17576 17577
l 17530 17583
l 17590 17591
l 17647 17648
l 17657 17658
l 4 5
l 58 59
l 78 79
l 146 147
l 161 162
l 201 202
l 218 219
l 277 278
l 331 332
l 354 355
l 374 375
l 456 457
l 503 504
l 522 523
l 586 587
l 615 616
l 631 632
l 651 652
l 664 665
l 680 681
l 696 697
l 712 713
l 728 729
l 744 745
l 761 762
l 777 778
l 793 794
l 827 828
l 843 844
l 859 860
l 875 876
l 896 897
l 912 913
l 928 929
l 944 945
l 960 961
l 976 977
l 992 993
l 1009 1010
l 1026 1027
l 1042 1043
l 1058 1059
l 1074 1075
l 1090 1091
l 1128 1129
l 1133 1134
l 1149 1150
l 1165 1166
l 1182 1183
l 1198 1199
l 1214 1215
l 1230 1231
l 1264 1265
l 1269 1270
l 1321 1322
l 1337 1338
l 1353 1354
l 1375 1376
l 1411 1412
l 1427 1428
l 1448 1449
l 1464 1465
l 1486 1487
l 1503 1504
l 1519 1520
l 1535 1536
l 1608 1609
l 1659 1660
l 1679 1680
l 1715 1716
l 1732 1733
l 1749 1750
l 1765 1766
l 1803 1804
l 1864 1865
l 1898 1899
l 1910 1911
l 1928 1929
l 1944 1945
l 1987 1988
l 2005 2006
l 2023 2024
l 2039 2040
l 2057 2058
l 2063 2064
l 2093 2095
l 2134 2135
l 2175 2176
l 2192 2193
l 2211 2212
l 2227 2228
l 2281 2282
l 2299 2300
l 2349 2350
l 2365 2366
l 1950 1952
l 2446 2447
l 2484 2485
l 1530 2519
l 2561 2562
l 2574 2575
l 2604 2605
l 2660 2661
l 1744 2662
l 2686 2687
l 2699 2700
l 2711 2712
l 2723 2724
l 2740 2741
l 2774 2775
l 2798 2799
l 2821 2822
l 2848 2849
l 2862 2863
l 2874 2875
l 2892 2893
l 2909 2910
l 2925 2926
l 2935 2936
l 2956 2957
l 2998 2999
l 3061 3062
l 3100 3101
l 3106 3107
l 3138 3139
l 3154 3155
l 3171 3172
l 3188 3189
l 3204 3205
l 3228 3229
l 3266 3267
l 3277 3278
l 3364 3365
l 3381 3382
l 3397 3398
l 3414 3415
l 3431 3432
l 3477 3478
l 3489 3490
l 3501 3502
l 3528 3529
l 3544 3545
l 3563 3564
l 3580 3581
l 3641 3642
l 3448 3660
l 3703 3704
l 3750 3751
l 3801 3802
l 3852 3853
l 3858 3859
l 3890 3891
l 3925 3926
l 3942 3943
l 3980 3981
l 3997 3998
l 4031 4032
l 4111 4112
l 4123 4124
l 3522 4139
l 4145 4146
l 4135 4150
l 4155 4156
l 4204 4205
l 4250 4251
l 4275 4276
l 4319 4320
l 4345 4348
l 4357 4359
l 4394 4395
l 4412 4413
l 4428 4429
l 4474 4475
l 4499 4500
l 4541 4542
l 4554 4555
l 4616 4617
l 4651 4652
l 4679 4680
l 4691 4693
l 4696 4697
l 4836 4837
l 4870 4871
l 4887 4888
l 4903 4904
l 4948 4949
l 5079 5080
l 5002 5004
l 5084 5085
l 5105 5107
l 5121 5122
l 5126 5127
l 5142 5143
l 5158 5159
l 5175 5176
l 5196 5199
l 5212 5213
l 5334 5335
l 5357 5358
l 5375 5376
l 5416 5417
l 5446 5447
l 5462 5463
l 5480 5481
l 5498 5499
l 5539 5540
l 5557 5558
l 5569 5570
l 5586 5587
l 5623 5624
l 5642 5643
l 5659 5660
l 5720 5721
l 5749 5750
l 5793 5794
l 5810 5811
l 4433 5822
l 5826 5827
l 5860 5861
l 5871 5872
l 5901 5902
l 5918 5919
l 5936 5937
l 5966 5968
l 5971 5972
l 5990 5991
l 5994 5995
l 6013 6014
l 6050 6051
l 6067 6068
l 6084 6085
l 6095 6096
l 6112 6113
l 6145 6146
l 5821 6195
l 6198 6199
l 6203 6204
l 6229 6230
l 6248 6249
l 6260 6261
l 6271 6272
l 6285 6286
l 6317 6318
l 6333 6334
l 6364 6365
l 6393 6394
l 6413 6414
l 6438 6439
l 6457 6458
l 6473 6474
l 6496 6497
l 6513 6514
l 6531 6532
l 6549 6550
l 6572 6573
l 6609 6610
l 6637 6638
l 6655 6656
l 6674 6679
l 6697 6698
l 6707 6708
l 6723 6724
l 6741 6742
l 6759 6760
l 6644 6646
l 6786 6787
l 6802 6803
l 6818 6819
l 6834 6835
l 6850 6851
l 6867 6868
l 6883 6884
l 6923 6924
l 6939 6940
l 6955 6956
l 6977 6978
l 6993 6994
l 7009 7010
l 7035 7036
l 7051 7052
l 7067 7068
l 7083 7084
l 7099 7100
l 7110 7111
l 7127 7128
l 7166 7167
l 7182 7183
l 7204 7205
l 7215 7216
l 7231 7232
l 7247 7248
l 7265 7266
l 7281 7282
l 7297 7298
l 7313 7314
l 7330 7331
l 7361 7362
l 7377 7378
l 7393 7394
l 7412 7413
l 7429 7430
l 7446 7447
l 7462 7463
l 7478 7479
l 7502 7503
l 7518 7519
l 7585 7587
l 7601 7602
l 7622 7623
l 7640 7641
l 7660 7661
l 7672 7673
l 7706 7707
l 7724 7726
l 7757 7758
l 7763 7764
l 7775 7776
l 7793 7794
l 7815 7816
l 7831 7832
l 7918 7919
l 7953 7954
l 7990 7991
l 8003 8004
l 8025 8026
l 8042 8043
l 8058 8059
l 8078 8079
l 8102 8103
l 7907 7909
l 8123 8124
l 8142 8143
l 8186 8187
l 8206 8207
l 8230 8231
l 8254 8255
l 8289 8290
l 8223 8225
l 8300 8301
l 8316 8317
l 8339 8340
l 8388 8389
l 8404 8405
l 8422 8423
l 8438 8439
l 8478 8479
l 8495 8496
l 7740 8511
l 8536 8537
l 8542 8543
l 8560 8561
l 8576 8577
l 8630 8631
l 8624 8627
l 8641 8642
l 8666 8667
l 8681 8682
l 8736 8737
l 8760 8761
l 8776 8777
l 8793 8794
l 8896 8899
l 8935 8936
l 7689 8947
l 8958 8959
l 9011 9012
l 9041 9042
l 9058 9059
l 9074 9075
l 9094 9095
l 9111 9112
l 9123 9124
l 9141 9142
l 9160 9163
l 9219 9220
l 9235 9236
l 9265 9266
l 9281 9282
l 9297 9298
l 9332 9333
l 9362 9363
l 9416 9417
l 9023 9450
l 9491 9492
l 9507 9508
l 9529 9530
l 9558 9559
l 8946 9586
l 9629 9630
l 9006 9665
l 9670 9671
l 9740 9741
l 9770 9771
l 9817 9818
l 9831 9832
l 8879 9864
l 9901 9902
l 9917 9918
l 9944 9945
l 9960 9961
l 9995 9996
l 10005 10006
l 10041 10042
l 9172 9588
l 10124 10125
l 10141 10142
l 10153 10154
l 10217 10218
l 10254 10255
l 10273 10274
l 10297 10298
l 10322 10323
l 10338 10339
l 10355 10357
l 10417 10418
l 10436 10437
l 10487 10488
l 10507 10508
l 10526 10527
l 10544 10545
l 10562 10563
l 10641 10642
l 10679 10680
l 10695 10696
l 9858 9862
l 10737 10738
l 10753 10754
l 10770 10771
l 10811 10812
l 10833 10834
l 10933 10934
l 10954 10955
l 10971 10972
l 11005 11006
l 11021 11022
l 11037 11038
l 11056 11057
l 11102 11103
l 11125 11126
l 11142 11143
l 11158 11159
l 11189 11190
l 11207 11208
l 11223 11224
l 11239 11242
l 10082 11246
l 11260 11261
l 11282 11283
l 11313 11314
l 11326 11327
l 11342 11343
l 11358 11359
l 11370 11372
l 11381 11382
l 11403 11404
l 11419 11420
l 11451 11452
l 11467 11468
l 11477 11478
l 11498 11499
l 11488 11512
l 11525 11526
l 11542 11543
l 11564 11565
l 11580 11581
l 11597 11598
l 11613 11614
l 11629 11630
l 11645 11646
l 11661 11662
l 11677 11678
l 11695 11696
l 11553 11554
l 11721 11722
l 11737 11738
l 11748 11749
l 11767 11768
l 11784 11785
l 11800 11801
l 11816 11817
l 11839 11840
l 11861 11862
l 11882 11883
l 11918 11919
l 11938 11939
l 11954 11955
l 11972 11973
l 11988 11989
l 12004 12005
l 12020 12021
l 12118 12119
l 12161 12162
l 12179 12180
l 12290 12291
l 12329 12330
l 12346 12347
l 12372 12373
l 12407 12408
l 12398 12416
l 12464 12465
l 12483 12484
l 12544 12545
l 12573 12574
l 12589 12590
l 12595 12596
l 12607 12608
l 12618 12619
l 12623 12624
l 12652 12653
l 12682 12683
l 12710 12711
l 12773 12774
l 12795 12796
l 12813 12814
l 12831 12832
l 12848 12849
l 10787 12287
l 12864 12865
l 12881 12882
l 12942 12943
l 12961 12962
l 12980 12981
l 12997 12998
l 13032 13033
l 13062 13063
l 13079 13080
l 13102 13103
l 13120 13121
l 13133 13134
l 13150 13151
l 13243 13244
l 13310 13311
l 13237 13240
l 13363 13364
l 13434 13435
l 13453 13454
l 13488 13489
l 13609 13611
l 13620 13621
l 13646 13647
l 13639 13641
l 13685 13686
l 13734 13735
l 13779 13780
l 13797 13798
l 13815 13816
l 13328 13329
l 13878 13879
l 13904 13906
l 13911 13913
l 13917 13918
l 13941 13942
l 13949 13950
l 13967 13968
l 14011 14012
l 14027 14028
l 14080 14081
l 14098 14099
l 14112 14113
l 14152 14153
l 14168 14169
l 14190 14191
l 14217 14218
l 14233 14234
l 14251 14252
l 14281 14282
l 14297 14298
l 14330 14331
l 14346 14347
l 14358 14359
l 14376 14377
l 14416 14417
l 14422 14423
l 14440 14441
l 14516 14517
l 14537 14538
l 14557 14558
l 14573 14574
l 14585 14586
l 14602 14603
l 14634 14635
l 14653 14654
l 14703 14704
l 14724 14725
l 14737 14738
l 14755 14756
l 14773 14774
l 14195 14790
l 14804 14805
l 14836 14837
l 14846 14847
l 14853 14854
l 14873 14874
l 14185 14912
l 14935 14936
l 14968 14969
l 14986 14987
l 15004 15005
l 15015 15016
l 15049 15050
l 15065 15066
l 15082 15083
l 15113 15114
l 15130 15131
l 15186 15187
l 15205 15206
l 15211 15212
l 15227 15228
l 15248 15249
l 15266 15267
l 15310 15311
l 15327 15328
l 15339 15340
l 15377 15378
l 15389 15391
l 14841 15455
l 15482 15483
l 15522 15523
l 15547 15548
l 15564 15565
l 15582 15583
l 15599 15600
l 15621 15622
l 15667 15668
l 15684 15685
l 15707 15708
l 15719 15721
l 15769 15770
l 15788 15789
l 15806 15807
l 15832 15833
l 15848 15849
l 15871 15872
l 15902 15903
l 15921 15922
l 15396 15946
l 15975 15976
l 15993 15994
l 16014 16015
l 16031 16032
l 16047 16048
l 16064 16065
l 15878 15879
l 16085 16086
l 15890 15891
l 16108 16109
l 16129 16130
l 16134 16135
l 16140 16141
l 16169 16170
l 16188 16189
l 16205 16206
l 16223 16224
l 16242 16243
l 15488 15983
l 16313 16314
l 16347 16348
l 16363 16364
l 16152 16372
l 16388 16389
l 16294 16297
l 16412 16413
l 16429 16430
l 16441 16442
l 16459 16460
l 16469 16470
l 16485 16486
l 16498 16499
l 16514 16515
l 16560 16561
l 16576 16577
l 16612 16613
l 16630 16631
l 16647 16648
l 16669 16670
l 16687 16689
l 16704 16705
l 16726 16727
l 16777 16778
l 16793 16794
l 16836 16837
l 16873 16874
l 16889 16890
l 16905 16907
l 16916 16917
l 16976 16978
l 16987 16988
l 17005 17006
l 17022 17023
l 17041 17042
l 17057 17058
l 17073 17074
l 17089 17090
l 17105 17106
l 17121 17122
l 17138 17139
l 17149 17150
l 17165 17166
l 17183 17184
l 17199 17200
l 17211 17212
l 17228 17229
l 17244 17245
l 17260 17261
l 17271 17272
l 17294 17295
l 17315 17316
l 17331 17332
l 17347 17348
l 17375 17376
l 17403 17404
l 17422 17423
l 17451 17452
l 17524 17525
l 17615 17616
l 17634 17635
l 41 42
l 47 48
l 68 69
l 128 131
l 167 168
l 207 208
l 224 225
l 246 247
l 303 304
l 321 323
l 344 345
l 425 426
l 463 464
l 490 491
l 510 511
l 576 577
l 570 573
l 605 606
l 621 622
l 670 671
l 686 687
l 702 703
l 718 719
l 734 735
l 767 768
l 783 784
l 799 800
l 833 834
l 849 850
l 865 866
l 881 882
l 902 903
l 918 919
l 934 935
l 950 951
l 966 967
l 982 983
l 998 999
l 1032 1033
l 1048 1049
l 1064 1065
l 1080 1081
l 1096 1097
l 1102 1103
l 1139 1140
l 1155 1156
l 1171 1172
l 1188 1189
l 1204 1205
l 1220 1221
l 1236 1237
l 1254 1255
l 1298 1299
l 1327 1328
l 1343 1344
l 1365 1366
l 1382 1383
l 1401 1402
l 1417 1418
l 1438 1439
l 1454 1455
l 1470 1471
l 1482 1483
l 1509 1510
l 1525 1526
l 1541 1542
l 1552 1553
l 1615 1616
l 1641 1642
l 1647 1648
l 1685 1686
l 1705 1706
l 1722 1723
l 1739 1740
l 1112 1745
l 1119 1748
l 1755 1756
l 1772 1775
l 1793 1794
l 1852 1853
l 1871 1872
l 1888 1889
l 1905 1906
l 1917 1918
l 1934 1935
l 1965 1966
l 1498 1969
l 1976 1977
l 2029 2030
l 2046 2047
l 2069 2070
l 2087 2088
l 2107 2108
l 2141 2142
l 2181 2182
l 2217 2218
l 2233 2234
l 2251 2252
l 2270 2271
l 2289 2290
l 2305 2306
l 2355 2356
l 2371 2372
l 2418 2419
l 2435 2436
l 2453 2454
l 2517 2518
l 2522 2523
l 2551 2552
l 2580 2581
l 2594 2595
l 2610 2611
l 2094 2629
l 2672 2673
l 2693 2694
l 2730 2731
l 2752 2753
l 2769 2770
l 2787 2788
l 2804 2805
l 2811 2812
l 2880 2881
l 2899 2900
l 2915 2916
l 2941 2942
l 2962 2963
l 3004 3005
l 3038 3039
l 3050 3051
l 3067 3068
l 3088 3089
l 3114 3115
l 3144 3145
l 3160 3161
l 3178 3179
l 3194 3195
l 3218 3219
l 3234 3235
l 3256 3257
l 3333 3334
l 2667 3342
l 3352 3353
l 3370 3371
l 3387 3388
l 3403 3404
l 3420 3421
l 3449 3450
l 3534 3535
l 3551 3552
l 3570 3571
l 3625 3626
l 3686 3687
l 3709 3710
l 3764 3765
l 3777 3778
l 3796 3797
l 3813 3814
l 3864 3865
l 3898 3899
l 3915 3916
l 3948 3949
l 3987 3988
l 4003 4004
l 4021 4022
l 4037 4038
l 4042 4043
l 4047 4048
l 4058 4059
l 4075 4076
l 4093 4094
l 4105 4106
l 4141 4142
l 3523 4138
l 4162 4165
l 4168 4169
l 4181 4182
l 4193 4194
l 4210 4211
l 4282 4283
l 4352 4353
l 4371 4372
l 4401 4402
l 4418 4419
l 4434 4435
l 4446 4447
l 4463 4464
l 4480 4481
l 4489 4490
l 4358 4360
l 4517 4518
l 4560 4561
l 4604 4605
l 4686 4687
l 4701 4702
l 4707 4710
l 4713 4714
l 4735 4736
l 4776 4777
l 4796 4797
l 4346 4806
l 4813 4814
l 4842 4843
l 4860 4861
l 4893 4894
l 4909 4910
l 4976 4977
l 4990 4991
l 5022 5023
l 5042 5043
l 5055 5056
l 5092 5096
l 5106 5116
l 5132 5133
l 5148 5151
l 5165 5166
l 5202 5203
l 5311 5312
l 5322 5323
l 5347 5348
l 5365 5366
l 5381 5382
l 5401 5402
l 5406 5407
l 5452 5455
l 5468 5469
l 5504 5505
l 5527 5528
l 5547 5548
l 5563 5564
l 5592 5595
l 5613 5614
l 5710 5711
l 5726 5727
l 5783 5784
l 5799 5800
l 5816 5817
l 5849 5850
l 5878 5879
l 5889 5890
l 5908 5909
l 5924 5925
l 5943 5944
l 5956 5957
l 5961 5962
l 5649 6020
l 6032 6035
l 6038 6039
l 6056 6057
l 6073 6074
l 6091 6092
l 6102 6103
l 6118 6119
l 6129 6130
l 6165 6166
l 6209 6210
l 5832 6019
l 6219 6220
l 6266 6267
l 6306 6307
l 6323 6324
l 5197 6138
l 6353 6354
l 6421 6422
l 6427 6428
l 6463 6464
l 6486 6487
l 6503 6504
l 6555 6556
l 6578 6579
l 6587 6588
l 6599 6600
l 6615 6616
l 6627 6628
l 6713 6714
l 6729 6730
l 6747 6748
l 6776 6777
l 6792 6793
l 6808 6809
l 6824 6825
l 6537 6642
l 6840 6841
l 6856 6857
l 6873 6874
l 6889 6890
l 6907 6908
l 6913 6914
l 6929 6930
l 6945 6946
l 6967 6968
l 6983 6984
l 6999 7000
l 7015 7016
l 7025 7026
l 7041 7042
l 7057 7058
l 7073 7074
l 7089 7090
l 7116 7117
l 7133 7134
l 7156 7157
l 7172 7173
l 7188 7189
l 7221 7222
l 7237 7238
l 7271 7272
l 7287 7288
l 7303 7304
l 7319 7320
l 7351 7352
l 7367 7368
l 7383 7384
l 7401 7402
l 7418 7419
l 7435 7436
l 7452 7453
l 7468 7469
l 7491 7492
l 7508 7509
l 7524 7525
l 7541 7542
l 6961 6963
l 7586 7588
l 7591 7592
l 7646 7647
l 7678 7679
l 7696 7697
l 7730 7731
l 7741 7742
l 7781 7782
l 7805 7806
l 7821 7822
l 7837 7838
l 7863 7865
l 7876 7877
l 7896 7897
l 7901 7902
l 7943 7944
l 7959 7960
l 8010 8011
l 8031 8032
l 8048 8049
l 8064 8065
l 8084 8085
l 8108 8109
l 8113 8114
l 8130 8131
l 8213 8214
l 8224 8226
l 8238 8239
l 8244 8245
l 8261 8262
l 8278 8279
l 8306 8307
l 8322 8323
l 8346 8347
l 8358 8359
l 8376 8377
l 8394 8395
l 8410 8411
l 8428 8429
l 8485 8486
l 8508 8509
l 8514 8515
l 8466 8513
l 8566 8567
l 8582 8583
l 8502 8504
l 8593 8594
l 8625 8626
l 8637 8638
l 8687 8688
l 8724 8725
l 8766 8767
l 8799 8800
l 8811 8812
l 8832 8833
l 8844 8845
l 8891 8892
l 7559 8823
l 8941 8942
l 8969 8970
l 8988 8989
l 8994 8995
l 9007 9008
l 9047 9048
l 9064 9065
l 9100 9101
l 9131 9132
l 9147 9148
l 9161 9162
l 9167 9168
l 8053 8945
l 9209 9210
l 9225 9226
l 9255 9258
l 9277 9278
l 9271 9273
l 9287 9288
l 9303 9305
l 9309 9310
l 9321 9322
l 9348 9349
l 9370 9371
l 9405 9406
l 8742 9441
l 9456 9457
l 9480 9481
l 9497 9498
l 9514 9515
l 9519 9520
l 9535 9536
l 9548 9549
l 9619 9620
l 9717 9718
l 9746 9747
l 9760 9761
l 9776 9777
l 9795 9796
l 9806 9807
l 9907 9908
l 9950 9951
l 9966 9967
l 10001 10002
l 10028 10029
l 10083 10084
l 10089 10090
l 10100 10101
l 10187 10188
l 10206 10207
l 10223 10224
l 10287 10288
l 10304 10305
l 10328 10329
l 10344 10345
l 9400 10346
l 10356 10358
l 10383 10384
l 10388 10389
l 10407 10408
l 10424 10425
l 10452 10453
l 10522 10523
l 10533 10534
l 9587 10535
l 10551 10552
l 10569 10570
l 10629 10630
l 10669 10670
l 10685 10686
l 10743 10744
l 10759 10760
l 10776 10777
l 10788 10790
l 10793 10794
l 10818 10821
l 10866 10867
l 10909 10910
l 10939 10940
l 10961 10962
l 10977 10978
l 10995 10996
l 11011 11012
l 11027 11028
l 11092 11093
l 11108 11109
l 11131 11132
l 11148 11149
l 11178 11179
l 11195 11196
l 11213 11214
l 11229 11230
l 11240 11241
l 11250 11251
l 11272 11273
l 11288 11289
l 11303 11304
l 11332 11333
l 11348 11349
l 11393 11394
l 11409 11410
l 11425 11426
l 11441 11442
l 11457 11458
l 11473 11474
l 11483 11484
l 11504 11505
l 11515 11516
l 11532 11533
l 11548 11550
l 11570 11571
l 11586 11587
l 11603 11604
l 11619 11620
l 11635 11636
l 11651 11652
l 11667 11668
l 11683 11684
l 11701 11702
l 11711 11712
l 11727 11728
l 11743 11744
l 11763 11764
l 11790 11791
l 11806 11807
l 11822 11823
l 11845 11846
l 11851 11852
l 11867 11868
l 11908 11909
l 11928 11929
l 11944 11945
l 11960 11961
l 11978 11979
l 11994 11995
l 12010 12011
l 12033 12034
l 12048 12049
l 12063 12064
l 12096 12097
l 12108 12109
l 12126 12127
l 12151 12152
l 12167 12168
l 12185 12186
l 12204 12205
l 12271 12272
l 12296 12297
l 12360 12361
l 12393 12394
l 12435 12436
l 12453 12454
l 12489 12490
l 12505 12506
l 12524 12525
l 12579 12580
l 12613 12614
l 12648 12649
l 12402 12591
l 12658 12659
l 12700 12701
l 12736 12737
l 12757 12758
l 12413 12760
l 12763 12764
l 12779 12780
l 12784 12785
l 12838 12839
l 12854 12855
l 12870 12871
l 12949 12950
l 12987 12988
l 13017 13018
l 11245 13027
l 13039 13040
l 13068 13069
l 13109 13110
l 13127 13128
l 13139 13140
l 13156 13157
l 12500 12759
l 13162 13163
l 13215 13216
l 13265 13266
l 13285 13286
l 13335 13336
l 13393 13394
l 13413 13414
l 13440 13441
l 13028 13455
l 13464 13465
l 13478 13479
l 13515 13516
l 13528 13530
l 13640 13642
l 13652 13653
l 13664 13667
l 13670 13671
l 13704 13705
l 13786 13787
l 13804 13805
l 13924 13925
l 13626 13824
l 14018 14019
l 14033 14034
l 14052 14053
l 13681 13959
l 14087 14088
l 14118 14119
l 14123 14124
l 14142 14143
l 14158 14159
l 14174 14175
l 14186 14187
l 13905 13907
l 13912 14192
l 14196 14197
l 14207 14208
l 14223 14224
l 14241 14242
l 14259 14260
l 14270 14271
l 14287 14288
l 14303 14304
l 14308 14309
l 14320 14321
l 14336 14337
l 14352 14353
l 14364 14365
l 14392 14393
l 13238 14391
l 14428 14429
l 14446 14447
l 14465 14466
l 14482 14483
l 14501 14502
l 14563 14564
l 14591 14592
l 14659 14660
l 14680 14681
l 14761 14762
l 14779 14780
l 14791 14792
l 14810 14811
l 14831 14832
l 14860 14861
l 14879 14880
l 14899 14900
l 14917 14918
l 14947 14948
l 14974 14975
l 14992 14993
l 15039 15040
l 15055 15056
l 15072 15073
l 15088 15089
l 14507 15108
l 15119 15120
l 15137 15138
l 15176 15177
l 15182 15183
l 15217 15218
l 15273 15274
l 15300 15301
l 15316 15317
l 15333 15335
l 15366 15367
l 15383 15385
l 15431 15432
l 14628 15462
l 15534 15535
l 15554 15555
l 15570 15571
l 15588 15589
l 15611 15612
l 15673 15674
l 15690 15691
l 15713 15714
l 15735 15736
l 15745 15746
l 15605 15608
l 15813 15814
l 15838 15839
l 15861 15862
l 15928 15929
l 15390 15942
l 15947 15948
l 15965 15966
l 15981 15982
l 15999 16000
l 16020 16021
l 16037 16038
l 16053 16054
l 16070 16071
l 16093 16094
l 16115 16116
l 16147 16148
l 16159 16160
l 16175 16176
l 16194 16195
l 16229 16230
l 16263 16264
l 16289 16290
l 15647 16178
l 16319 16320
l 16336 16337
l 16354 16355
l 16370 16371
l 16401 16402
l 16418 16419
l 16465 16466
l 16475 16476
l 16504 16505
l 16520 16521
l 16531 16532
l 16550 16551
l 16566 16567
l 16582 16583
l 16601 16602
l 16619 16620
l 16636 16637
l 16654 16655
l 16677 16678
l 16694 16695
l 16733 16734
l 16747 16748
l 16765 16766
l 16783 16784
l 16818 16819
l 16824 16825
l 16842 16843
l 16853 16854
l 16688 16690
l 16863 16864
l 16879 16880
l 16895 16896
l 16922 16923
l 16970 16971
l 16993 16994
l 17012 17013
l 17047 17048
l 17063 17064
l 17079 17080
l 17095 17096
l 17111 17112
l 17127 17128
l 17155 17156
l 17172 17173
l 17189 17190
l 17217 17218
l 17234 17235
l 17250 17251
l 17277 17278
l 17300 17301
l 17305 17306
l 17321 17322
l 17337 17340
l 17353 17354
l 17364 17365
l 17410 17411
l 17463 17465
l 17490 17491
l 17507 17508
l 17558 17559
l 17621 17622
l 17642 17643
l 17571 17573
l 17653 17654
l 54 55
l 74 75
l 94 96
l 116 117
l 142 143
l 197 198
l 267 268
l 273 274
l 291 292
l 327 328
l 350 351
l 369 370
l 391 392
l 445 446
l 452 453
l 471 472
l 484 485
l 322 489
l 498 499
l 558 559
l 571 572
l 582 583
l 594 599
l 611 613
l 627 628
l 642 644
l 647 648
l 659 660
l 676 677
l 692 693
l 708 709
l 724 725
l 740 741
l 757 758
l 773 774
l 789 790
l 805 806
l 823 824
l 839 840
l 855 856
l 871 872
l 892 893
l 908 909
l 924 925
l 940 941
l 956 957
l 972 973
l 988 989
l 1005 1006
l 1022 1023
l 1038 1039
l 1054 1055
l 1070 1071
l 1086 1087
l 1108 1109
l 1120 1121
l 1124 1125
l 1145 1146
l 1161 1162
l 1178 1179
l 1194 1195
l 1210 1211
l 1226 1227
l 1242 1243
l 1260 1263
l 1304 1305
l 1333 1334
l 1349 1350
l 1371 1372
l 1407 1408
l 1423 1424
l 1444 1445
l 1460 1461
l 1499 1500
l 1515 1516
l 1558 1559
l 1604 1605
l 1622 1623
l 1654 1655
l 1674 1675
l 1692 1693
l 1711 1712
l 1728 1729
l 1761 1762
l 1799 1800
l 1841 1842
l 1877 1878
l 1894 1895
l 1924 1925
l 1940 1941
l 1982 1983
l 2001 2002
l 2019 2020
l 2035 2036
l 2075 2076
l 2130 2131
l 2170 2171
l 2188 2189
l 2223 2224
l 2239 2240
l 2259 2260
l 2295 2296
l 2345 2346
l 2361 2362
l 2405 2406
l 2424 2425
l 2442 2443
l 2459 2460
l 2480 2481
l 2505 2506
l 2557 2558
l 2600 2601
l 2656 2657
l 2707 2708
l 2719 2722
l 2736 2737
l 2758 2759
l 2794 2795
l 2817 2818
l 2870 2871
l 2905 2906
l 2921 2922
l 2931 2932
l 2947 2948
l 2952 2953
l 2993 2994
l 3019 3021
l 3025 3026
l 3057 3058
l 3121 3122
l 3134 3135
l 3150 3151
l 3184 3185
l 3200 3201
l 3224 3225
l 3262 3263
l 3273 3274
l 3314 3315
l 3359 3360
l 3377 3378
l 3393 3394
l 3410 3411
l 3426 3427
l 3444 3445
l 3496 3497
l 3510 3511
l 3576 3577
l 3631 3632
l 3692 3693
l 3699 3700
l 3771 3772
l 3308 3807
l 3848 3849
l 3540 3854
l 3886 3887
l 3904 3905
l 3921 3922
l 3938 3939
l 3954 3955
l 3975 3976
l 3993 3994
l 4009 4010
l 4027 4028
l 4053 4054
l 4064 4065
l 4081 4082
l 4119 4120
l 3524 4140
l 4151 4152
l 4200 4201
l 4245 4246
l 4264 4265
l 4310 4312
l 4315 4316
l 4377 4378
l 4390 4391
l 4407 4408
l 4424 4425
l 4452 4453
l 4470 4471
l 4495 4496
l 4523 4524
l 4537 4538
l 4550 4551
l 4566 4567
l 4674 4675
l 4163 4164
l 4137 4700
l 4741 4744
l 4747 4748
l 4783 4785
l 4802 4803
l 4819 4820
l 4866 4867
l 4883 4884
l 4899 4900
l 4917 4918
l 4931 4932
l 4963 4964
l 5009 5010
l 5067 5068
l 5074 5075
l 5117 5118
l 5138 5139
l 5149 5150
l 5154 5155
l 5171 5172
l 5208 5209
l 5226 5227
l 5231 5232
l 5251 5252
l 5257 5258
l 5263 5264
l 5283 5284
l 5317 5318
l 4998 5321
l 5329 5330
l 5353 5354
l 5371 5372
l 5412 5413
l 5442 5443
l 5458 5459
l 5494 5495
l 5510 5511
l 5516 5517
l 5553 5554
l 5582 5585
l 5619 5620
l 5638 5639
l 5655 5656
l 4808 5705
l 5706 5707
l 5593 5594
l 5716 5717
l 5732 5734
l 5744 5745
l 5763 5764
l 5789 5790
l 5838 5839
l 5856 5857
l 5867 5868
l 5885 5886
l 5914 5915
l 5986 5987
l 6046 6047
l 6063 6064
l 6080 6081
l 6033 6034
l 6108 6109
l 6124 6125
l 6135 6136
l 5198 6137
l 6141 6142
l 6151 6152
l 6225 6226
l 6244 6245
l 6256 6257
l 6313 6314
l 6329 6330
l 6360 6361
l 6389 6390
l 6409 6410
l 6469 6470
l 6492 6493
l 6509 6510
l 6527 6528
l 6561 6563
l 6605 6606
l 6622 6623
l 6633 6634
l 6651 6652
l 6703 6704
l 6719 6720
l 6736 6737
l 6755 6756
l 6765 6766
l 6782 6783
l 6798 6799
l 6814 6815
l 6830 6831
l 6846 6847
l 6863 6864
l 6879 6880
l 6895 6896
l 6919 6920
l 6935 6936
l 6951 6952
l 6962 6964
l 6973 6974
l 6989 6990
l 7005 7006
l 7021 7022
l 7031 7032
l 7047 7048
l 7063 7064
l 7079 7080
l 7095 7096
l 7106 7107
l 7146 7147
l 7140 7150
l 7162 7163
l 7178 7179
l 7194 7195
l 7200 7201
l 7211 7212
l 7227 7228
l 7243 7244
l 7261 7262
l 7277 7278
l 7293 7294
l 7309 7310
l 7357 7358
l 7373 7374
l 7389 7390
l 7407 7408
l 7425 7426
l 7442 7443
l 7458 7459
l 7474 7475
l 7497 7498
l 7514 7515
l 7530 7531
l 7580 7581
l 7597 7598
l 7636 7637
l 7668 7669
l 7702 7703
l 7720 7721
l 7725 7727
l 7736 7737
l 7747 7750
l 7753 7754
l 7771 7772
l 7800 7801
l 7811 7812
l 7827 7828
l 7843 7844
l 7883 7884
l 7795 7900
l 7914 7915
l 7939 7940
l 7949 7950
l 7966 7967
l 7986 7987
l 7999 8000
l 8016 8018
l 8021 8022
l 8038 8039
l 6173 7690
l 8054 8055
l 8119 8120
l 8181 8182
l 8201 8202
l 8219 8220
l 8250 8251
l 8267 8268
l 8285 8286
l 8312 8315
l 8335 8336
l 8352 8353
l 8364 8365
l 8400 8401
l 8434 8435
l 8453 8454
l 8467 8469
l 8491 8492
l 8503 8505
l 8520 8521
l 8556 8557
l 8572 8573
l 8589 8590
l 8599 8600
l 8620 8621
l 8712 8713
l 8732 8733
l 8743 8746
l 8755 8756
l 8772 8773
l 8789 8790
l 7560 8821
l 8856 8857
l 8850 8852
l 8930 8931
l 8948 8949
l 8954 8955
l 9054 9055
l 9070 9071
l 9106 9107
l 9118 9121
l 9137 9138
l 9155 9156
l 9215 9216
l 9231 9232
l 9256 9257
l 9261 9262
l 9272 9274
l 9293 9294
l 9304 9306
l 9328 9329
l 9396 9397
l 9423 9424
l 9462 9463
l 8904 8907
l 9486 9487
l 9503 9504
l 9525 9526
l 9543 9544
l 9554 9555
l 9608 9609
l 9625 9626
l 9645 9646
l 9666 9667
l 9686 9688
l 9723 9724
l 9736 9737
l 9766 9767
l 9783 9784
l 9801 9802
l 9813 9814
l 9854 9855
l 8880 9859
l 9866 9867
l 9897 9898
l 9913 9914
l 9933 9934
l 9939 9940
l 9956 9957
l 9972 9973
l 9991 9992
l 10107 10108
l 10119 10120
l 10137 10138
l 10176 10177
l 9602 9604
l 10229 10230
l 10250 10251
l 10269 10270
l 10293 10294
l 10318 10319
l 10334 10335
l 10351 10352
l 10369 10370
l 9860 9865
l 10413 10414
l 10432 10433
l 10482 10483
l 10539 10540
l 10558 10559
l 10575 10576
l 10604 10605
l 10617 10618
l 10637 10638
l 10657 10658
l 10675 10676
l 10691 10692
l 10708 10709
l 10728 10729
l 10749 10750
l 10766 10767
l 10782 10783
l 10806 10807
l 10829 10830
l 10854 10855
l 10904 10905
l 10915 10916
l 10929 10930
l 10945 10946
l 10950 10951
l 10967 10968
l 10984 10985
l 11001 11002
l 11017 11018
l 11033 11034
l 11098 11099
l 11121 11122
l 11137 11138
l 11154 11155
l 11165 11166
l 11184 11185
l 11219 11220
l 11235 11236
l 11256 11257
l 11278 11279
l 11294 11295
l 11299 11300
l 11309 11310
l 11321 11322
l 11338 11339
l 11354 11355
l 11377 11378
l 11399 11400
l 11415 11416
l 11447 11448
l 11463 11464
l 11494 11495
l 11510 11511
l 11521 11522
l 11538 11539
l 11549 11551
l 11560 11561
l 11576 11577
l 11592 11593
l 11609 11610
l 11625 11626
l 11641 11642
l 11657 11658
l 11673 11674
l 11707 11708
l 11717 11718
l 11733 11734
l 11780 11781
l 11796 11797
l 11812 11813
l 11835 11836
l 11857 11858
l 11873 11874
l 11878 11879
l 11896 11897
l 11914 11915
l 11934 11935
l 11950 11951
l 11984 11985
l 12000 12001
l 12016 12017
l 12069 12070
l 12103 12105
l 12114 12115
l 10701 12133
l 12139 12140
l 12157 12158
l 12191 12192
l 10789 12285
l 12302 12303
l 12342 12343
l 12132 12328
l 12403 12404
l 12441 12442
l 12495 12496
l 12530 12531
l 12540 12541
l 12557 12558
l 12534 12536
l 12569 12570
l 12585 12586
l 10824 12597
l 12602 12603
l 12644 12645
l 12399 12415
l 12664 12665
l 12678 12679
l 12689 12690
l 12706 12707
l 12724 12725
l 12743 12744
l 12769 12770
l 12790 12791
l 12809 12810
l 12827 12828
l 12844 12845
l 12938 12939
l 12976 12977
l 12993 12994
l 13005 13006
l 13023 13024
l 13045 13047
l 13057 13058
l 13074 13075
l 13092 13093
l 13098 13099
l 13116 13117
l 13189 13190
l 13272 13273
l 13292 13293
l 13341 13342
l 13359 13360
l 13399 13400
l 13419 13420
l 13430 13431
l 13484 13485
l 13502 13503
l 13536 13537
l 13554 13555
l 13592 13593
l 13604 13605
l 13616 13617
l 13635 13636
l 13675 13677
l 13692 13693
l 13716 13717
l 13730 13731
l 13746 13747
l 13775 13776
l 13793 13794
l 13810 13811
l 12860 13812
l 13822 13823
l 13827 13828
l 13840 13841
l 13846 13847
l 13874 13875
l 13937 13938
l 13963 13964
l 14006 14007
l 14024 14025
l 14058 14059
l 14071 14072
l 14076 14077
l 14094 14095
l 13931 14103
l 14148 14149
l 14164 14165
l 14180 14181
l 14213 14214
l 14229 14230
l 14247 14248
l 14277 14278
l 14293 14294
l 14315 14316
l 14326 14327
l 14342 14343
l 14435 14436
l 14452 14453
l 14471 14472
l 13610 14489
l 14512 14513
l 14569 14570
l 13892 14579
l 14598 14599
l 14616 14617
l 14629 14630
l 14649 14650
l 14699 14700
l 14751 14752
l 14786 14787
l 14799 14800
l 14818 14819
l 14842 14843
l 14905 14906
l 14953 14954
l 14964 14965
l 15028 15029
l 15045 15046
l 15061 15062
l 15078 15079
l 15095 15096
l 15109 15110
l 15126 15127
l 15201 15202
l 15223 15224
l 15262 15263
l 15279 15280
l 15306 15307
l 15323 15324
l 15354 15355
l 15373 15374
l 15425 15426
l 15132 15134
l 15477 15478
l 15496 15497
l 14265 15529
l 15560 15561
l 15578 15579
l 15594 15595
l 15606 15607
l 15617 15618
l 15642 15643
l 15679 15680
l 15703 15704
l 15726 15727
l 15636 15638
l 15730 15732
l 15741 15742
l 15765 15766
l 15784 15785
l 15802 15803
l 15828 15829
l 15844 15845
l 15867 15868
l 15898 15899
l 15971 15972
l 15989 15990
l 15384 16005
l 16010 16011
l 16043 16044
l 16059 16060
l 16077 16078
l 16081 16082
l 16104 16105
l 16165 16166
l 16219 16220
l 16269 16270
l 16325 16326
l 16342 16343
l 16407 16408
l 16437 16438
l 16455 16456
l 16481 16482
l 16360 16492
l 16493 16496
l 16510 16511
l 16538 16539
l 16556 16557
l 16572 16573
l 16588 16589
l 16608 16609
l 16643 16644
l 16665 16666
l 16683 16684
l 16700 16701
l 16710 16711
l 16722 16723
l 16754 16755
l 16772 16773
l 16789 16790
l 16806 16807
l 16660 16848
l 16869 16870
l 16885 16886
l 16901 16902
l 16912 16913
l 16928 16929
l 16983 16984
l 17018 17019
l 17037 17038
l 17053 17054
l 17069 17070
l 17085 17086
l 17101 17102
l 17117 17118
l 17134 17135
l 17145 17146
l 17161 17162
l 17178 17179
l 17195 17196
l 17240 17241
l 17256 17257
l 17267 17268
l 17283 17284
l 17290 17291
l 17311 17312
l 17327 17328
l 17343 17344
l 17371 17372
l 17446 17447
l 17496 17497
l 17519 17520
l 17592 17593
l 15334 17612
l 17513 17516
l 17649 17650
l 36 37
l 60 61
l 64 65
l 124 125
l 163 164
l 203 204
l 220 221
l 279 280
l 317 318
l 333 336
l 356 357
l 421 422
l 440 441
l 427 447
l 458 459
l 524 525
l 546 547
l 566 567
l 595 596
l 601 602
l 612 614
l 617 618
l 633 634
l 637 638
l 653 654
l 643 655
l 666 667
l 682 683
l 698 699
l 714 715
l 730 731
l 746 747
l 763 764
l 779 780
l 795 796
l 812 813
l 829 830
l 845 846
l 861 862
l 877 878
l 898 899
l 914 915
l 930 931
l 946 947
l 962 963
l 978 979
l 994 995
l 1011 1012
l 1028 1029
l 1044 1045
l 1060 1061
l 1076 1077
l 1092 1093
l 1114 1117
l 1135 1136
l 1151 1152
l 1167 1168
l 1184 1185
l 1200 1201
l 1216 1217
l 1232 1233
l 1266 1267
l 1271 1272
l 1318 1320
l 1323 1325
l 1339 1340
l 1355 1356
l 1261 1360
l 1361 1362
l 1397 1398
l 1413 1414
l 1429 1430
l 1434 1435
l 1450 1451
l 1466 1467
l 1478 1479
l 1488 1489
l 1505 1506
l 1521 1522
l 1537 1538
l 1610 1611
l 1630 1631
l 1130 1634
l 1661 1662
l 1681 1682
l 1751 1752
l 1767 1768
l 1788 1789
l 1829 1830
l 1848 1849
l 1884 1885
l 1900 1901
l 1912 1913
l 1930 1931
l 1312 1946
l 1532 1964
l 1989 1990
l 2025 2026
l 2041 2042
l 2065 2066
l 2136 2137
l 2177 2178
l 2194 2195
l 2213 2214
l 2219 2220
l 2229 2230
l 2247 2248
l 2266 2267
l 2301 2302
l 2351 2352
l 2367 2368
l 2378 2379
l 2431 2432
l 2486 2487
l 2513 2514
l 2563 2564
l 2576 2577
l 2606 2607
l 2625 2626
l 2668 2669
l 2688 2689
l 2701 2706
l 2713 2714
l 2720 2721
l 2742 2743
l 2765 2766
l 2782 2783
l 2800 2801
l 2823 2824
l 2876 2877
l 2911 2912
l 2937 2938
l 2958 2959
l 3000 3001
l 3045 3046
l 3063 3064
l 3102 3103
l 3140 3141
l 3156 3157
l 3190 3191
l 3206 3207
l 3230 3231
l 3251 3252
l 3279 3280
l 3309 3310
l 3322 3323
l 3348 3349
l 3366 3367
l 3383 3384
l 3399 3400
l 3416 3417
l 3433 3434
l 3479 3480
l 3530 3531
l 3541 3543
l 3582 3583
l 3020 3022
l 3658 3659
l 3705 3706
l 3752 3753
l 3792 3793
l 3809 3810
l 2748 3303
l 3860 3861
l 3911 3912
l 3927 3928
l 3944 3945
l 3962 3963
l 3982 3983
l 3999 4000
l 4033 4034
l 4049 4050
l 4071 4072
l 4089 4090
l 4095 4096
l 3829 3832
l 3746 3749
l 4125 4126
l 4147 4148
l 4206 4207
l 4252 4253
l 4277 4278
l 4321 4322
l 4414 4415
l 4188 4430
l 4459 4460
l 4476 4477
l 3268 4484
l 4485 4486
l 4501 4502
l 4513 4514
l 4556 4557
l 4579 4580
l 4600 4601
l 4311 4615
l 4618 4619
l 4640 4641
l 4809 4810
l 4742 4743
l 4838 4839
l 4872 4873
l 4889 4890
l 4905 4906
l 4950 4951
l 4971 4972
l 4999 5000
l 5037 5038
l 5051 5052
l 5081 5082
l 5123 5125
l 5128 5129
l 5144 5145
l 5160 5161
l 5214 5215
l 5238 5239
l 5270 5271
l 5307 5308
l 5336 5337
l 5342 5343
l 5377 5378
l 5430 5431
l 5448 5449
l 5453 5454
l 5464 5465
l 5482 5483
l 5500 5501
l 5559 5560
l 5571 5572
l 5583 5584
l 5588 5589
l 5609 5610
l 5625 5626
l 5644 5645
l 5661 5662
l 5722 5723
l 5751 5752
l 5795 5796
l 5812 5813
l 5828 5829
l 5845 5846
l 5862 5863
l 5873 5874
l 5733 5735
l 5920 5921
l 5938 5939
l 5951 5952
l 5973 5974
l 5996 5997
l 6015 6016
l 6052 6053
l 6069 6070
l 6097 6098
l 6114 6115
l 6147 6148
l 6205 6206
l 6215 6216
l 6231 6232
l 6262 6263
l 6287 6288
l 6302 6303
l 6319 6320
l 6335 6336
l 6021 6433
l 6440 6441
l 6459 6460
l 6475 6476
l 6515 6516
l 6533 6534
l 6551 6552
l 6574 6575
l 6200 6582
l 6583 6584
l 6611 6612
l 6699 6700
l 6709 6710
l 6725 6726
l 6743 6744
l 6761 6762
l 6772 6773
l 6788 6789
l 6804 6805
l 6820 6821
l 6434 6539
l 6836 6837
l 6852 6853
l 6869 6870
l 6885 6886
l 6925 6926
l 6941 6942
l 6957 6958
l 6979 6980
l 6995 6996
l 7011 7012
l 6562 6564
l 7037 7038
l 7053 7054
l 7069 7070
l 7085 7086
l 7101 7102
l 7112 7113
l 7129 7130
l 7152 7153
l 7168 7169
l 7184 7185
l 7217 7218
l 7233 7234
l 7249 7250
l 7267 7268
l 7283 7284
l 7299 7300
l 7315 7316
l 7332 7333
l 7347 7348
l 7363 7364
l 7379 7380
l 7414 7415
l 7431 7432
l 7448 7449
l 7464 7465
l 7480 7481
l 7487 7488
l 7504 7505
l 7520 7521
l 7206 7529
l 7537 7538
l 5823 6197
l 7561 7562
l 7568 7569
l 7642 7643
l 7662 7663
l 7674 7675
l 7692 7693
l 7708 7709
l 7759 7762
l 7748 7749
l 7777 7778
l 7817 7818
l 7833 7834
l 7859 7860
l 7872 7873
l 7920 7921
l 7955 7956
l 7974 7975
l 8027 8028
l 8044 8045
l 8060 8061
l 8080 8081
l 8104 8105
l 8208 8209
l 8017 8240
l 8256 8257
l 8274 8275
l 8302 8303
l 8318 8319
l 8390 8391
l 8406 8407
l 8424 8425
l 8440 8441
l 8480 8481
l 8497 8498
l 8468 8512
l 8526 8527
l 8544 8545
l 8562 8563
l 8578 8579
l 8655 8656
l 8683 8684
l 8702 8703
l 8720 8721
l 8738 8739
l 8744 8745
l 8762 8763
l 8778 8779
l 8795 8796
l 8851 8853
l 8887 8888
l 8905 8906
l 8937 8938
l 8960 8961
l 8510 8964
l 8965 8966
l 9013 9014
l 9025 9026
l 9043 9044
l 9060 9061
l 9076 9077
l 9096 9097
l 9113 9114
l 9143 9144
l 9221 9222
l 9237 9238
l 9119 9120
l 9251 9252
l 9267 9268
l 9283 9284
l 9299 9300
l 9385 9386
l 9401 9402
l 9418 9419
l 8313 9422
l 9437 9438
l 9451 9452
l 9493 9494
l 9509 9510
l 9531 9532
l 9560 9561
l 9589 9590
l 9615 9616
l 9631 9634
l 9713 9714
l 9742 9743
l 9772 9773
l 9790 9791
l 9903 9904
l 9946 9947
l 9962 9963
l 9997 9998
l 10007 10008
l 10066 10067
l 10085 10086
l 10096 10097
l 10126 10127
l 10143 10144
l 7992 8990
l 10155 10156
l 10202 10203
l 10219 10220
l 10237 10238
l 10283 10284
l 10299 10300
l 10324 10326
l 10340 10341
l 10419 10420
l 10489 10490
l 10509 10510
l 10312 10315
l 10528 10529
l 10546 10547
l 10564 10565
l 10625 10626
l 10643 10644
l 10664 10666
l 10681 10682
l 10697 10698
l 10739 10740
l 10755 10756
l 10772 10773
l 10819 10820
l 10825 10826
l 10835 10836
l 10862 10863
l 10899 10900
l 9687 10906
l 10935 10936
l 10973 10974
l 10991 10992
l 11007 11008
l 11023 11024
l 11039 11040
l 11058 11059
l 11088 11089
l 11104 11105
l 11127 11128
l 11144 11145
l 11160 11161
l 11191 11192
l 11209 11210
l 11225 11226
l 11262 11263
l 11268 11269
l 11284 11285
l 11328 11329
l 11344 11345
l 11360 11366
l 11383 11384
l 11389 11390
l 11405 11406
l 11421 11422
l 11437 11438
l 11453 11454
l 11469 11470
l 11479 11480
l 11500 11501
l 11527 11528
l 11544 11545
l 11566 11567
l 11582 11583
l 11599 11600
l 11615 11616
l 11631 11632
l 11647 11648
l 11663 11664
l 11679 11680
l 11697 11698
l 11723 11724
l 11739 11740
l 11769 11770
l 11786 11787
l 11802 11803
l 11818 11819
l 11841 11842
l 11863 11864
l 11884 11885
l 11904 11905
l 11920 11921
l 11924 11925
l 11940 11941
l 11956 11957
l 11974 11975
l 11990 11991
l 12006 12007
l 12022 12023
l 12059 12060
l 12163 12164
l 12181 12182
l 12199 12200
l 12219 12220
l 12266 12267
l 12292 12293
l 12331 12332
l 12348 12349
l 12409 12410
l 12466 12467
l 12485 12486
l 12501 12502
l 12520 12521
l 12389 12497
l 12535 12537
l 12546 12547
l 12564 12565
l 12575 12576
l 12609 12610
l 12625 12626
l 12654 12655
l 12696 12697
l 12712 12713
l 12775 12778
l 10848 11186
l 12797 12798
l 12815 12816
l 12850 12851
l 12866 12869
l 12883 12884
l 12922 12923
l 12982 12983
l 13013 13014
l 13034 13035
l 13046 13048
l 13081 13082
l 13104 13105
l 13122 13123
l 13135 13136
l 13152 13154
l 13177 13178
l 13196 13197
l 13245 13246
l 13280 13281
l 13319 13320
l 13331 13332
l 13348 13349
l 13365 13366
l 13436 13437
l 13460 13461
l 13473 13474
l 13490 13491
l 12286 12861
l 13562 13563
l 13622 13623
l 13648 13649
l 13687 13688
l 13700 13701
l 13029 13711
l 13736 13737
l 13754 13755
l 13781 13782
l 13799 13800
l 13817 13818
l 13869 13870
l 13880 13881
l 13893 13894
l 13919 13920
l 13932 13933
l 13951 13952
l 13676 13953
l 13544 13813
l 13994 13995
l 14013 14014
l 13628 13943
l 14029 14030
l 14047 14048
l 14066 14067
l 14082 14083
l 14114 14115
l 14138 14139
l 14154 14155
l 14170 14171
l 14203 14204
l 14219 14220
l 14266 14267
l 14283 14284
l 14299 14300
l 14332 14333
l 14348 14349
l 14360 14361
l 14406 14407
l 14424 14425
l 14442 14443
l 14478 14479
l 14518 14519
l 14539 14540
l 14559 14560
l 14575 14576
l 14587 14588
l 14604 14605
l 14623 14624
l 14655 14656
l 14668 14669
l 14726 14727
l 14739 14740
l 14757 14758
l 14775 14776
l 14806 14807
l 14855 14856
l 14875 14876
l 14895 14896
l 14937 14938
l 14943 14944
l 14960 14961
l 14970 14971
l 14988 14989
l 15006 15007
l 15017 15018
l 15035 15036
l 15051 15052
l 15067 15068
l 15084 15085
l 15115 15116
l 15172 15173
l 15207 15208
l 15213 15214
l 15250 15251
l 15312 15313
l 15329 15330
l 15362 15363
l 15379 15380
l 15464 15465
l 15484 15485
l 15530 15531
l 15566 15567
l 15584 15585
l 15601 15602
l 15637 15639
l 15648 15649
l 15669 15670
l 15686 15687
l 15709 15710
l 15504 15506
l 15771 15772
l 15790 15791
l 15808 15809
l 15834 15835
l 15850 15851
l 15133 15441
l 15904 15905
l 15923 15924
l 15961 15962
l 15977 15978
l 15995 15996
l 16016 16017
l 16033 16034
l 16049 16050
l 16066 16067
l 16110 16111
l 16131 16133
l 16136 16138
l 16142 16143
l 16154 16155
l 16171 16172
l 16190 16191
l 16207 16208
l 16225 16226
l 16244 16245
l 16315 16316
l 16332 16334
l 16349 16350
l 16361 16362
l 16309 16312
l 16365 16366
l 15731 16400
l 16414 16415
l 16443 16444
l 16461 16462
l 16471 16472
l 16500 16501
l 16516 16517
l 16527 16528
l 16546 16547
l 16562 16563
l 16578 16579
l 16277 16280
l 16632 16633
l 16649 16650
l 16661 16662
l 16706 16707
l 16728 16729
l 16742 16743
l 16761 16762
l 16779 16780
l 16795 16796
l 16838 16839
l 16849 16850
l 16859 16860
l 16875 16876
l 16891 16892
l 16918 16919
l 16989 16990
l 17007 17008
l 17043 17044
l 17059 17060
l 17075 17076
l 17091 17092
l 17107 17108
l 17123 17124
l 17151 17152
l 17185 17186
l 17201 17202
l 17213 17214
l 17230 17231
l 17246 17247
l 17262 17263
l 17273 17274
l 17296 17297
l 17317 17318
l 17333 17334
l 17338 17339
l 17349 17350
l 17360 17361
l 17405 17406
l 17453 17454
l 17472 17473
l 17503 17504
l 17514 17515
l 17532 17533
l 17538 17539
l 17464 17575
l 17600 17601
l 17617 17618
l 17668 17669
l 43 46
l 70 71
l 138 139
l 144 145
l 209 210
l 248 249
l 263 264
l 305 306
l 334 337
l 346 347
l 512 513
l 553 554
l 578 579
l 607 608
l 623 624
l 672 673
l 688 689
l 704 705
l 720 721
l 736 737
l 753 754
l 769 770
l 785 786
l 801 802
l 819 821
l 835 836
l 851 852
l 867 868
l 883 884
l 888 889
l 904 905
l 920 921
l 936 937
l 952 953
l 968 969
l 984 985
l 1018 1019
l 1034 1035
l 1050 1051
l 1066 1067
l 1082 1083
l 1098 1099
l 1104 1105
l 1131 1132
l 1141 1142
l 1157 1158
l 1173 1174
l 1190 1191
l 1206 1207
l 1222 1223
l 1238 1239
l 1256 1257
l 1300 1301
l 1313 1314
l 1329 1330
l 1345 1346
l 1367 1368
l 1384 1385
l 1403 1404
l 1419 1420
l 1115 1118
l 1440 1441
l 1456 1457
l 1262 1359
l 1495 1497
l 1511 1512
l 1527 1528
l 1533 1534
l 1543 1544
l 1554 1555
l 1707 1708
l 1724 1725
l 1741 1742
l 1746 1747
l 1757 1758
l 1795 1796
l 1324 1833
l 1837 1838
l 1854 1855
l 1873 1874
l 1890 1891
l 1907 1908
l 1319 1909
l 1936 1937
l 1947 1948
l 1967 1968
l 1973 1974
l 1978 1979
l 1997 1998
l 2015 2016
l 2031 2032
l 2048 2049
l 2071 2072
l 2143 2144
l 2183 2184
l 2201 2202
l 2235 2236
l 2272 2273
l 2291 2292
l 2357 2358
l 2373 2374
l 2420 2421
l 2437 2438
l 2455 2456
l 2501 2502
l 2553 2554
l 2596 2597
l 2612 2613
l 2652 2653
l 2663 2664
l 2732 2733
l 2749 2751
l 2754 2755
l 2771 2772
l 2789 2790
l 2813 2814
l 2859 2860
l 2901 2902
l 2917 2918
l 2927 2928
l 2943 2944
l 2702 2705
l 2964 2965
l 3040 3041
l 3069 3070
l 3090 3091
l 3146 3147
l 3162 3163
l 3180 3181
l 3196 3197
l 3220 3221
l 3258 3259
l 3269 3270
l 3389 3390
l 3405 3406
l 3422 3423
l 3440 3441
l 3486 3487
l 3492 3493
l 3526 3527
l 3536 3537
l 3553 3554
l 3572 3573
l 3627 3628
l 3688 3689
l 3711 3712
l 3732 3733
l 3747 3748
l 3779 3780
l 3798 3799
l 3804 3806
l 3815 3816
l 3830 3831
l 3900 3901
l 3917 3918
l 3934 3935
l 3950 3951
l 3989 3990
l 4005 4006
l 4023 4024
l 4039 4041
l 4060 4061
l 4077 4078
l 3518 4143
l 4170 4171
l 4177 4180
l 4183 4184
l 4195 4196
l 4212 4213
l 4044 4214
l 4241 4242
l 4260 4261
l 4306 4307
l 4328 4329
l 4373 4374
l 4386 4387
l 4403 4404
l 4420 4421
l 4436 4437
l 4448 4449
l 4465 4466
l 4491 4492
l 4509 4510
l 4519 4520
l 4562 4563
l 4132 4577
l 4586 4587
l 4606 4607
l 4626 4627
l 4648 4649
l 4670 4671
l 4688 4689
l 4698 4699
l 4574 4578
l 4715 4716
l 4737 4738
l 4798 4799
l 4815 4816
l 4844 4845
l 4862 4863
l 4879 4880
l 4895 4896
l 4938 4939
l 5005 5006
l 5024 5025
l 5057 5058
l 4347 4807
l 5134 5135
l 5167 5168
l 5204 5205
l 5313 5314
l 5349 5350
l 5367 5368
l 5383 5384
l 5408 5409
l 5426 5427
l 5438 5439
l 5470 5471
l 5490 5491
l 5506 5507
l 5549 5550
l 5578 5579
l 5615 5616
l 5650 5651
l 5712 5713
l 5728 5729
l 5740 5741
l 4849 5748
l 5759 5760
l 5785 5786
l 5818 5819
l 4431 5820
l 5834 5835
l 5851 5852
l 5910 5911
l 5926 5927
l 5958 5960
l 5963 5964
l 5981 5982
l 5801 5903
l 6022 6023
l 6075 6076
l 6104 6105
l 6120 6121
l 6131 6132
l 5113 5747
l 6188 6189
l 6201 6202
l 6221 6222
l 5124 6253
l 6268 6269
l 6325 6326
l 6342 6343
l 6404 6405
l 6423 6424
l 6429 6430
l 6447 6448
l 6465 6466
l 6488 6489
l 6505 6506
l 6540 6541
l 6557 6558
l 6589 6590
l 6601 6602
l 6629 6630
l 6647 6648
l 6715 6716
l 6778 6779
l 6794 6795
l 6810 6811
l 6826 6827
l 6842 6843
l 6858 6859
l 6875 6876
l 6891 6892
l 6915 6916
l 6931 6932
l 6947 6948
l 6969 6970
l 6985 6986
l 7001 7002
l 7017 7018
l 7027 7028
l 7043 7044
l 7059 7060
l 7075 7076
l 7091 7092
l 7118 7119
l 7135 7136
l 7158 7159
l 7174 7175
l 7190 7191
l 7207 7208
l 7223 7224
l 7239 7240
l 7257 7258
l 7273 7274
l 7289 7290
l 7305 7306
l 7321 7322
l 7353 7354
l 7369 7370
l 7385 7386
l 7403 7404
l 7420 7421
l 7454 7455
l 7470 7471
l 7493 7494
l 7510 7511
l 7543 7544
l 7556 7557
l 7593 7594
l 7632 7635
l 7680 7681
l 7698 7699
l 7715 7716
l 7732 7733
l 7743 7744
l 7796 7797
l 7783 7804
l 7807 7808
l 7823 7824
l 7839 7840
l 7878 7879
l 7898 7899
l 7910 7911
l 7935 7936
l 7760 7761
l 7945 7946
l 8012 8013
l 8033 8034
l 8086 8087
l 8110 8111
l 8115 8116
l 8132 8133
l 8153 8154
l 8197 8198
l 8215 8216
l 8246 8247
l 8263 8264
l 8280 8281
l 8291 8292
l 8308 8309
l 8324 8325
l 8331 8332
l 8348 8349
l 8360 8361
l 8378 8379
l 8396 8397
l 8430 8431
l 8487 8488
l 8516 8517
l 8568 8569
l 8584 8585
l 8595 8596
l 8616 8617
l 8639 8640
l 7766 8643
l 8689 8690
l 8708 8709
l 8750 8751
l 8768 8769
l 8785 8786
l 8801 8802
l 8813 8814
l 8834 8835
l 8846 8847
l 8870 8871
l 6580 6639
l 8893 8894
l 8314 8900
l 8912 8913
l 8926 8927
l 8943 8944
l 8971 8972
l 9020 9021
l 9032 9033
l 9049 9050
l 9066 9067
l 9102 9103
l 9133 9134
l 9191 9192
l 9211 9212
l 9227 9228
l 9289 9290
l 9311 9312
l 9323 9324
l 9372 9373
l 9392 9393
l 9407 9408
l 9458 9459
l 9482 9483
l 9499 9500
l 9521 9522
l 8551 9545
l 9550 9551
l 9567 9568
l 9621 9622
l 9681 9682
l 9719 9720
l 9732 9733
l 9762 9763
l 9778 9779
l 9797 9798
l 9516 9803
l 9808 9809
l 9850 9851
l 8882 9861
l 9909 9910
l 9952 9953
l 9968 9969
l 9987 9988
l 10030 10031
l 10102 10103
l 10115 10116
l 10133 10134
l 10189 10190
l 10208 10209
l 10225 10226
l 10265 10266
l 10289 10290
l 10325 10327
l 10330 10331
l 10365 10366
l 10409 10410
l 10454 10455
l 10571 10572
l 10671 10672
l 10687 10688
l 10703 10704
l 10723 10724
l 10745 10746
l 10778 10779
l 10911 10912
l 10941 10942
l 10963 10964
l 10997 10998
l 11013 11014
l 11029 11030
l 11047 11048
l 11094 11095
l 11110 11111
l 11117 11118
l 11133 11134
l 11150 11151
l 11180 11181
l 11197 11198
l 11215 11216
l 11231 11232
l 11252 11253
l 11274 11275
l 11290 11291
l 11305 11306
l 11316 11317
l 11334 11335
l 11350 11351
l 11361 11362
l 11367 11368
l 11373 11374
l 11395 11396
l 11411 11412
l 11427 11428
l 11433 11434
l 11443 11444
l 11459 11460
l 11475 11476
l 11485 11486
l 11490 11491
l 11506 11507
l 11517 11518
l 11534 11535
l 11556 11557
l 11572 11573
l 11588 11589
l 11605 11606
l 11621 11622
l 11637 11638
l 11653 11654
l 11669 11670
l 11685 11686
l 11703 11704
l 11713 11714
l 11729 11730
l 11745 11746
l 11776 11777
l 11792 11793
l 11808 11809
l 11824 11825
l 11831 11832
l 11853 11854
l 11869 11870
l 11910 11911
l 11847 11850
l 6693 6910
l 11930 11931
l 11946 11947
l 11962 11963
l 11980 11981
l 11996 11997
l 12012 12013
l 12029 12032
l 12050 12053
l 12055 12056
l 12065 12066
l 12110 12111
l 12128 12129
l 12134 12135
l 12153 12154
l 12169 12170
l 12187 12188
l 12206 12207
l 12226 12228
l 12244 12245
l 12273 12274
l 12298 12299
l 12319 12320
l 12338 12339
l 12362 12363
l 12395 12396
l 12400 12401
l 12437 12438
l 12455 12458
l 12461 12462
l 12491 12492
l 12390 12498
l 12507 12508
l 12526 12527
l 12553 12554
l 12581 12582
l 12598 12599
l 12615 12616
l 12104 12639
l 12640 12641
l 12660 12661
l 12685 12686
l 12702 12703
l 12720 12721
l 12738 12739
l 12765 12766
l 12776 12777
l 12781 12782
l 12786 12787
l 12822 12823
l 12840 12841
l 12856 12857
l 12872 12873
l 12934 12935
l 12951 12952
l 12989 12990
l 13000 13001
l 13019 13020
l 13041 13042
l 13070 13071
l 13141 13142
l 13153 13155
l 13164 13165
l 13267 13268
l 13307 13308
l 13325 13326
l 13337 13338
l 13355 13356
l 13395 13396
l 13415 13416
l 13426 13427
l 13442 13443
l 13088 13457
l 13480 13481
l 13498 13499
l 13517 13518
l 13550 13551
l 13612 13613
l 13682 13684
l 13706 13707
l 13712 13713
l 13725 13726
l 13742 13743
l 13762 13763
l 13788 13789
l 13806 13807
l 13629 13634
l 12867 13838
l 13926 13927
l 13672 13954
l 13981 13982
l 14002 14003
l 14020 14021
l 14035 14036
l 14054 14055
l 14089 14090
l 14125 14126
l 14144 14145
l 14160 14161
l 14176 14177
l 14209 14210
l 14225 14226
l 14243 14244
l 14261 14262
l 14272 14273
l 14289 14290
l 14305 14307
l 14322 14323
l 14338 14339
l 14394 14395
l 14448 14449
l 14467 14468
l 14484 14485
l 14497 14500
l 14503 14504
l 14508 14509
l 14546 14547
l 14565 14566
l 14612 14613
l 14644 14645
l 14682 14683
l 14747 14748
l 14833 14834
l 14838 14840
l 14881 14882
l 14901 14902
l 14919 14921
l 14925 14926
l 14949 14950
l 14976 14977
l 15024 15025
l 15041 15042
l 15057 15058
l 15074 15075
l 15090 15091
l 15139 15140
l 15159 15160
l 15178 15179
l 15196 15197
l 15219 15220
l 15258 15259
l 15275 15276
l 15302 15303
l 15318 15319
l 15349 15350
l 15368 15369
l 15421 15422
l 15433 15434
l 15459 15460
l 15505 15507
l 15556 15557
l 15590 15591
l 15613 15614
l 15675 15676
l 15692 15693
l 15722 15723
l 15737 15738
l 15747 15748
l 15761 15762
l 15823 15824
l 15840 15841
l 15863 15864
l 15937 15938
l 15949 15950
l 15967 15968
l 16001 16004
l 16006 16007
l 16022 16023
l 16039 16040
l 16055 16056
l 16072 16073
l 16095 16096
l 16149 16150
l 16161 16162
l 16196 16197
l 16215 16216
l 16265 16266
l 16278 16279
l 16291 16292
l 16303 16304
l 16310 16311
l 16321 16322
l 16333 16335
l 16338 16339
l 16356 16359
l 16378 16379
l 16403 16404
l 16420 16421
l 16132 16434
l 16451 16452
l 16467 16468
l 16137 16139
l 16477 16478
l 16506 16507
l 16522 16523
l 16533 16534
l 16552 16553
l 16568 16571
l 16584 16585
l 16603 16604
l 16621 16622
l 16638 16639
l 16656 16657
l 16679 16680
l 16177 16693
l 16696 16697
l 16785 16786
l 16802 16803
l 16826 16827
l 16844 16845
l 16855 16856
l 16865 16866
l 16881 16882
l 16897 16898
l 16908 16909
l 16924 16925
l 16944 16945
l 16979 16980
l 16995 16996
l 17014 17015
l 17033 17034
l 17049 17050
l 17065 17066
l 17081 17082
l 17097 17098
l 17113 17114
l 17140 17141
l 17157 17158
l 17174 17175
l 17191 17192
l 17219 17220
l 17236 17237
l 17252 17253
l 17279 17280
l 17307 17308
l 17323 17325
l 17355 17356
l 16820 16823
l 17366 17367
l 17393 17394
l 17412 17413
l 17433 17434
l 17480 17481
l 17492 17493
l 17509 17510
l 17560 17561
l 17607 17608
l 17623 17624
l 17655 17656
