# Blender 4.2.22 LTS
# www.blender.org
o rear_left_upper_leg_1
v 0.047491 0.041801 -0.318402
v 0.046998 0.031073 -0.315266
v 0.047432 0.031118 -0.322921
v 0.046831 0.040818 -0.325850
v 0.047491 0.041801 -0.318402
v 0.047432 0.031118 -0.322921
v 0.046549 0.041772 -0.313727
v 0.046998 0.031073 -0.315266
v 0.047491 0.041801 -0.318402
v 0.044692 0.031158 -0.331228
v 0.046831 0.040818 -0.325850
v 0.047432 0.031118 -0.322921
v 0.045184 0.031030 -0.310199
v 0.046998 0.031073 -0.315266
v 0.046549 0.041772 -0.313727
v 0.045163 0.041729 -0.310179
v 0.045184 0.031030 -0.310199
v 0.046549 0.041772 -0.313727
v 0.044120 0.036543 -0.332028
v 0.046831 0.040818 -0.325850
v 0.044692 0.031158 -0.331228
v 0.045163 0.041729 -0.310179
v 0.045163 0.041729 -0.310179
v 0.026887 0.031067 -0.278486
v 0.026887 0.031067 -0.278486
v 0.026887 0.031067 -0.278486
v 0.045184 0.031030 -0.310199
v 0.041053 0.033362 -0.335944
v 0.044120 0.036543 -0.332028
v 0.044692 0.031158 -0.331228
v 0.040835 0.032331 -0.336120
v 0.044692 0.031158 -0.331228
v 0.041053 0.033362 -0.335944
v 0.038771 0.031469 -0.338605
v 0.037912 0.031191 -0.338573
v 0.040275 0.031756 -0.336666
v 0.039381 0.039361 0.031011
v 0.039354 0.042704 -0.011432
v 0.037818 0.008024 0.059690
v 0.038452 0.011747 0.059234
v 0.038285 0.012414 0.058959
v 0.038576 0.017402 0.057547
v 0.038559 0.001458 0.060622
v 0.038112 0.008755 0.059667
v 0.038018 0.022698 0.054785
v 0.038375 0.027649 0.051298
v 0.038117 0.027257 0.051469
v 0.038149 0.031315 0.047006
v 0.038576 0.017402 0.057547
v 0.038018 0.020704 0.055905
v 0.038262 0.021565 0.055585
v 0.037663 0.023040 0.054407
v 0.037861 0.016438 0.057759
v 0.038025 0.012799 0.058710
v 0.038153 0.017088 0.057573
v 0.037681 0.020345 0.055936
v 0.037863 0.038610 0.026426
v 0.038015 0.040524 0.001473
v 0.037768 0.031747 0.046310
v 0.038280 0.035035 0.041334
v 0.037782 -0.000899 0.060970
v 0.038559 0.001458 0.060622
v 0.037658 0.037554 0.033188
v 0.038262 0.038602 0.027958
v 0.037452 0.037682 0.032662
v 0.038017 0.038561 0.027413
v 0.038185 0.000846 0.060682
v 0.037818 0.008024 0.059690
v 0.038128 0.031264 -0.339036
v 0.039242 0.031569 -0.338747
v 0.037805 0.035262 0.040507
v 0.038076 0.036991 0.035709
v 0.037976 0.026909 0.051689
v 0.037663 0.023040 0.054407
v 0.030165 0.041399 -0.284177
v 0.037498 0.031969 0.045944
v 0.037672 0.034096 0.042743
v 0.037450 0.033897 0.043040
v 0.037994 0.035055 0.041090
v 0.037495 0.035354 0.040128
v 0.037640 0.036632 0.036804
v 0.037808 0.042607 -0.049066
v 0.038078 0.041949 -0.025551
v 0.037743 0.026574 0.051846
v 0.037607 0.030125 0.048398
v 0.037361 0.029834 0.048783
v 0.037911 0.031440 0.046772
v 0.037657 0.040549 0.001689
v 0.038078 0.041949 -0.025551
v 0.037510 0.026425 0.052143
v 0.037361 0.029834 0.048783
v 0.037818 0.008024 0.059690
v 0.037878 0.013304 0.058556
v 0.037287 0.040574 0.001926
v 0.037679 0.041970 -0.025296
v 0.036367 -0.005632 0.062302
v 0.038103 -0.001839 0.061289
v 0.035434 -0.006487 0.062430
v 0.037844 -0.001404 0.061120
v 0.037559 0.042645 -0.051492
v 0.036023 0.043203 -0.090615
v 0.037856 0.036878 0.036027
v 0.037452 0.037682 0.032662
v 0.034355 0.002334 0.062179
v 0.037818 0.008024 0.059690
v 0.037565 -0.000647 0.060847
v 0.034355 0.002334 0.062179
v 0.031681 0.009734 0.062676
v 0.037818 0.008024 0.059690
v 0.037693 0.041970 -0.025320
v 0.037156 0.042677 -0.054114
v 0.037538 0.038606 0.025315
v 0.037644 0.040549 0.001712
v 0.031681 0.009734 0.062676
v 0.033487 0.014329 0.060836
v 0.037818 0.008024 0.059690
v 0.033487 0.014329 0.060836
v 0.037465 0.016147 0.057814
v 0.037818 0.008024 0.059690
v 0.037409 0.026232 0.052383
v 0.037663 0.023040 0.054407
v 0.033487 0.014329 0.060836
v 0.035590 0.016900 0.058808
v 0.036386 0.017355 0.058109
v 0.037681 0.020345 0.055936
v 0.034834 0.017895 0.059024
v 0.037514 0.020962 0.055683
v 0.034834 0.017895 0.059024
v 0.035932 0.022474 0.056115
v 0.036981 0.023296 0.054779
v 0.037179 0.026108 0.052674
v 0.037847 0.031219 -0.339450
v 0.035143 0.031168 -0.341387
v 0.033239 0.045748 -0.033294
v 0.037156 0.042677 -0.054114
v 0.037295 0.041991 -0.025066
v 0.035256 0.043106 -0.009779
v 0.033239 0.045748 -0.033294
v 0.037295 0.041991 -0.025066
v 0.037287 0.040574 0.001926
v 0.035256 0.043106 -0.009779
v 0.037295 0.041991 -0.025066
v 0.036757 0.041152 0.000172
v 0.035256 0.043106 -0.009779
v 0.034967 0.042039 0.010414
v 0.036934 0.040935 0.001114
v 0.037538 0.038606 0.025315
v 0.034967 0.042039 0.010414
v 0.037287 0.040574 0.001926
v 0.033239 0.045748 -0.033294
v 0.033227 0.045883 -0.056928
v 0.037156 0.042677 -0.054114
v 0.035484 0.043145 -0.092551
v 0.037156 0.042677 -0.054114
v 0.033227 0.045883 -0.056928
v 0.034778 0.043075 -0.095380
v 0.037156 0.042677 -0.054114
v 0.034929 -0.008294 0.063392
v 0.035704 -0.006371 0.062472
v 0.030969 0.031117 -0.342875
v 0.035375 0.031169 -0.340923
v 0.034959 -0.006395 0.062619
v 0.037565 -0.000647 0.060847
v 0.034374 -0.006381 0.062864
v 0.034355 0.002334 0.062179
v 0.037565 -0.000647 0.060847
v 0.035341 0.043133 -0.093311
v 0.032183 0.042780 -0.148799
v 0.037452 0.037682 0.032662
v 0.031811 0.042517 0.032287
v 0.037538 0.038606 0.025315
v 0.031576 0.044076 0.017978
v 0.034967 0.042039 0.010414
v 0.037538 0.038606 0.025315
v 0.031811 0.042517 0.032287
v 0.031576 0.044076 0.017978
v 0.037538 0.038606 0.025315
v 0.031741 0.040942 0.039196
v 0.031811 0.042517 0.032287
v 0.037452 0.037682 0.032662
v 0.037447 0.036539 0.037121
v 0.031741 0.040942 0.039196
v 0.037452 0.037682 0.032662
v 0.037307 0.035894 0.039112
v 0.031589 0.038117 0.045445
v 0.031589 0.038117 0.045445
v 0.031741 0.040942 0.039196
v 0.037447 0.036539 0.037121
v 0.032000 0.046050 -0.017664
v 0.033239 0.045748 -0.033294
v 0.035256 0.043106 -0.009779
v 0.037238 0.034694 0.041876
v 0.031589 0.038117 0.045445
v 0.037283 0.032751 0.045028
v 0.031518 0.033499 0.051597
v 0.031518 0.033499 0.051597
v 0.031589 0.038117 0.045445
v 0.037450 0.033897 0.043040
v 0.037361 0.029834 0.048783
v 0.031518 0.033499 0.051597
v 0.037498 0.031969 0.045944
v 0.037179 0.026108 0.052674
v 0.028617 0.031436 0.055903
v 0.037361 0.029834 0.048783
v 0.028617 0.031436 0.055903
v 0.031518 0.033499 0.051597
v 0.037361 0.029834 0.048783
v 0.033151 0.025276 0.056752
v 0.028617 0.031436 0.055903
v 0.037179 0.026108 0.052674
v 0.031681 0.009734 0.062676
v 0.032297 0.013937 0.061546
v 0.034414 0.024104 0.056405
v 0.037179 0.026108 0.052674
v 0.029420 0.046012 -0.109018
v 0.032183 0.042780 -0.148799
v 0.034778 0.043075 -0.095380
v 0.033227 0.045883 -0.056928
v 0.029420 0.046012 -0.109018
v 0.034778 0.043075 -0.095380
v 0.032064 -0.010911 0.064834
v 0.034929 -0.008294 0.063392
v 0.030726 -0.011467 0.064929
v 0.034997 -0.007741 0.063093
v 0.032056 0.042782 -0.155244
v 0.036023 0.043203 -0.090615
v 0.032000 0.046050 -0.017664
v 0.032340 0.046440 -0.033237
v 0.031721 0.026009 0.057332
v 0.028617 0.031436 0.055903
v 0.034907 0.044650 -0.128459
v 0.027191 0.043363 -0.265366
v 0.024369 -0.012824 0.067322
v 0.034846 -0.006442 0.062671
v 0.029872 -0.011288 0.065185
v 0.035434 -0.006487 0.062430
v 0.031681 0.009734 0.062676
v 0.027249 0.014599 0.063713
v 0.031529 0.014053 0.061934
v 0.028190 0.002327 0.064868
v 0.031681 0.009734 0.062676
v 0.034355 0.002334 0.062179
v 0.030751 -0.011649 0.065229
v 0.032525 -0.010806 0.064877
v 0.031440 0.047141 -0.033344
v 0.028258 0.048989 -0.059036
v 0.031283 0.047086 -0.059142
v 0.031534 0.042730 -0.168450
v 0.026203 0.041532 -0.265617
v 0.025778 0.041445 -0.267065
v 0.032183 0.042780 -0.148799
v 0.030805 0.042899 0.033612
v 0.031576 0.044076 0.017978
v 0.031741 0.040942 0.039196
v 0.028855 0.043509 0.037470
v 0.031811 0.042517 0.032287
v 0.028855 0.043509 0.037470
v 0.029862 0.044845 0.020841
v 0.030722 0.038389 0.045985
v 0.028770 0.038515 0.048246
v 0.031741 0.040942 0.039196
v 0.031741 0.040942 0.039196
v 0.028855 0.043509 0.037470
v 0.032000 0.046050 -0.017664
v 0.028828 0.048208 -0.022455
v 0.031440 0.047141 -0.033344
v 0.028828 0.048208 -0.022455
v 0.028827 0.048778 -0.040716
v 0.031440 0.047141 -0.033344
v 0.031518 0.033499 0.051597
v 0.028770 0.038515 0.048246
v 0.031589 0.038117 0.045445
v 0.029652 0.048256 -0.038899
v 0.028258 0.048989 -0.059036
v 0.028617 0.031436 0.055903
v 0.028770 0.038515 0.048246
v 0.031518 0.033499 0.051597
v 0.029677 0.026482 0.058381
v 0.028617 0.031436 0.055903
v 0.031681 0.009734 0.062676
v 0.026359 0.005949 0.065201
v 0.027249 0.014599 0.063713
v 0.027466 0.041108 -0.279471
v 0.026887 0.031067 -0.278486
v 0.030165 0.041399 -0.284177
v 0.028190 0.002327 0.064868
v 0.026359 0.005949 0.065201
v 0.031681 0.009734 0.062676
v 0.027249 0.014599 0.063713
v 0.028016 0.019958 0.062038
v 0.031529 0.014053 0.061934
v 0.026981 -0.013592 0.067099
v 0.030431 -0.011979 0.065592
v 0.029420 0.046012 -0.109018
v 0.025329 0.041353 -0.268632
v 0.032183 0.042780 -0.148799
v 0.027666 0.041256 -0.278904
v 0.030165 0.041399 -0.284177
v 0.025251 -0.013159 0.067066
v 0.030726 -0.011467 0.064929
v 0.026522 -0.013496 0.067004
v 0.030726 -0.011467 0.064929
v 0.026468 0.041343 -0.271911
v 0.027677 0.041344 -0.278234
v 0.025932 0.004814 0.065405
v 0.028190 0.002327 0.064868
v 0.023823 0.002795 0.066297
v 0.028190 0.002327 0.064868
v 0.025030 0.003707 0.065795
v 0.028190 0.002327 0.064868
v 0.026144 0.041339 -0.271131
v 0.027466 0.041108 -0.279471
v 0.029420 0.046012 -0.109018
v 0.017997 0.045100 -0.263131
v 0.025329 0.041353 -0.268632
v 0.025614 0.041390 -0.268277
v 0.026468 0.041343 -0.271911
v 0.017997 0.045100 -0.263131
v 0.027466 0.041108 -0.279471
v 0.025329 0.041353 -0.268632
v 0.026216 -0.013505 0.067022
v 0.018510 -0.014327 0.069054
v 0.018510 -0.014327 0.069054
v 0.024846 -0.013087 0.067190
v 0.018433 -0.013828 0.069013
v 0.024369 -0.012824 0.067322
v 0.018024 0.032120 -0.263142
v 0.018024 0.032120 -0.263142
v 0.027466 0.041108 -0.279471
v 0.027466 0.041108 -0.279471
v 0.017997 0.045100 -0.263131
v 0.017617 -0.014586 0.069397
v 0.026981 -0.013592 0.067099
v 0.013105 -0.015253 0.070566
v 0.018510 -0.014327 0.069054
v 0.008727 -0.013847 0.070679
v 0.008683 -0.014435 0.070745
v 0.018364 -0.013820 0.069027
v 0.018510 -0.014327 0.069054
v -0.000224 -0.016039 0.071940
v 0.009572 -0.015197 0.070838
v -0.002153 -0.014782 0.071175
v 0.008562 -0.015047 0.070826
v -0.001776 -0.014362 0.071165
v 0.008608 -0.014456 0.070755
v -0.001133 -0.015824 0.071644
v 0.008562 -0.015047 0.070826
v -0.003909 -0.015301 0.071102
v 0.008562 -0.015047 0.070826
v -0.008643 -0.015432 0.070958
v -0.000224 -0.016039 0.071940
v -0.014764 -0.015121 0.070302
v -0.007835 -0.015384 0.070945
v -0.002282 -0.014839 0.071175
v -0.015852 -0.012804 0.069592
v -0.006835 -0.015226 0.070944
v -0.015852 -0.012804 0.069592
v -0.007835 -0.015384 0.070945
v -0.016130 -0.013661 0.069567
v -0.022869 -0.013945 0.067880
v -0.016057 -0.014806 0.069823
v -0.016108 0.041634 -0.274674
v -0.016422 0.040892 -0.280407
v -0.013527 0.042955 -0.278740
v -0.017239 0.040567 -0.275428
v -0.016422 0.040892 -0.280407
v -0.023639 -0.014001 0.067942
v -0.014172 -0.015386 0.070668
v -0.018420 0.039522 -0.275368
v -0.022519 0.033581 -0.276666
v -0.016422 0.040892 -0.280407
v -0.022519 0.033581 -0.276666
v -0.020090 0.035989 -0.282524
v -0.016422 0.040892 -0.280407
v -0.024860 0.028320 -0.274121
v -0.020451 0.030780 -0.282721
v -0.020090 0.035989 -0.282524
v -0.023897 0.028848 -0.276561
v -0.020451 0.030780 -0.282721
v -0.023678 0.028965 -0.277265
v -0.020676 0.030559 -0.282829
v -0.022886 0.032877 -0.276354
v -0.020090 0.035989 -0.282524
v -0.024476 0.029713 -0.274418
v -0.020090 0.035989 -0.282524
v -0.016351 -0.013703 0.069521
v -0.026023 -0.011669 0.066654
v -0.023386 -0.013364 0.067636
v -0.016651 -0.014565 0.069504
v -0.024673 -0.013974 0.067841
v -0.027595 -0.013353 0.066504
v -0.023181 0.034851 -0.263630
v -0.023181 0.034851 -0.263630
v -0.024278 0.030612 -0.274482
v -0.024278 0.030612 -0.274482
v -0.022519 0.033581 -0.276666
v -0.025462 0.031284 -0.259570
v -0.025462 0.031284 -0.259570
v -0.026636 0.025840 -0.270485
v -0.024278 0.030612 -0.274482
v -0.026636 0.025840 -0.270485
v -0.025384 0.027609 -0.274363
v -0.028440 0.002283 0.064728
v -0.025787 0.002834 0.065561
v -0.026636 0.025840 -0.270485
v -0.024745 0.028959 -0.274088
v -0.027910 -0.012962 0.066250
v -0.022869 -0.013945 0.067880
v -0.027096 0.028104 -0.256617
v -0.028978 0.021005 -0.265280
v -0.025462 0.031284 -0.259570
v -0.026678 0.026220 -0.271672
v -0.025668 0.027480 -0.274099
v -0.028440 0.002283 0.064728
v -0.026524 0.004115 0.065240
v -0.027256 0.025684 -0.271073
v -0.026753 0.026351 -0.272114
v -0.028150 0.023418 -0.268032
v -0.026729 0.025920 -0.270929
v -0.028164 0.023196 -0.267750
v -0.026636 0.025840 -0.270485
v -0.028150 0.023418 -0.268032
v -0.027095 0.025864 -0.271355
v -0.025596 -0.012189 0.066820
v -0.031148 -0.011172 0.064666
v -0.028150 0.023418 -0.268032
v -0.027872 0.024714 -0.269777
v -0.028097 0.024487 -0.269525
v -0.027256 0.025684 -0.271073
v -0.028411 0.016583 0.062705
v -0.027468 0.011910 0.064021
v -0.027424 0.005047 0.064844
v -0.027468 0.011910 0.064021
v -0.028440 0.002283 0.064728
v -0.032593 0.009784 0.062166
v -0.027468 0.011910 0.064021
v -0.032593 0.009784 0.062166
v -0.028950 0.016414 0.062522
v -0.027468 0.011910 0.064021
v -0.029306 0.023045 -0.252585
v -0.028978 0.021005 -0.265280
v -0.027096 0.028104 -0.256617
v -0.032368 0.029959 0.054291
v -0.028728 0.032870 0.054411
v -0.028450 0.026168 0.059304
v -0.030910 0.026473 0.057574
v -0.032368 0.029959 0.054291
v -0.032891 0.034686 0.049081
v -0.028875 0.037465 0.049353
v -0.028728 0.032870 0.054411
v -0.032368 0.029959 0.054291
v -0.032891 0.034686 0.049081
v -0.028728 0.032870 0.054411
v -0.029182 0.021723 -0.266336
v -0.028150 0.023418 -0.268032
v -0.032899 0.037840 0.044431
v -0.028980 0.041814 0.041887
v -0.028875 0.037465 0.049353
v -0.032891 0.034686 0.049081
v -0.032899 0.037840 0.044431
v -0.028875 0.037465 0.049353
v -0.032899 0.037840 0.044431
v -0.031949 0.040586 0.040096
v -0.028980 0.041814 0.041887
v -0.030931 0.041070 0.040445
v -0.033121 0.041820 0.032148
v -0.033121 0.041820 0.032148
v -0.029001 0.043860 0.033945
v -0.028980 0.041814 0.041887
v -0.033121 0.041820 0.032148
v -0.028965 0.045190 0.022191
v -0.029001 0.043860 0.033945
v -0.033121 0.041820 0.032148
v -0.031900 0.043960 0.017707
v -0.028965 0.045190 0.022191
v -0.030180 -0.012198 0.065719
v -0.027595 -0.013353 0.066504
v -0.030442 0.047054 -0.020829
v -0.031203 0.047077 -0.034224
v -0.030819 0.047292 -0.035416
v -0.029490 0.047661 -0.021902
v -0.030720 0.016266 -0.261868
v -0.028978 0.021005 -0.265280
v -0.029306 0.023045 -0.252585
v -0.032051 0.015054 -0.247621
v -0.032152 0.011518 -0.258794
v -0.029306 0.023045 -0.252585
v -0.032152 0.011518 -0.258794
v -0.030720 0.016266 -0.261868
v -0.029306 0.023045 -0.252585
v -0.030720 0.016266 -0.261868
v -0.029156 0.021276 -0.265759
v -0.035048 0.002270 0.061844
v -0.032593 0.009784 0.062166
v -0.028440 0.002283 0.064728
v -0.032593 0.009784 0.062166
v -0.029690 0.017078 0.062016
v -0.030268 0.047690 -0.044639
v -0.030454 0.047118 -0.059162
v -0.031148 -0.011172 0.064666
v -0.035046 -0.004014 0.062348
v -0.026023 -0.011669 0.066654
v -0.032152 0.011518 -0.258794
v -0.031546 0.015177 -0.261403
v -0.032397 0.046136 -0.034096
v -0.032034 0.045996 -0.017859
v -0.033441 0.007799 -0.257235
v -0.032228 0.011803 -0.259127
v -0.037496 0.021154 0.055703
v -0.031783 0.026122 0.057274
v -0.031293 0.020684 0.060092
v -0.031127 0.019872 0.060464
v -0.037496 0.021154 0.055703
v -0.034495 -0.008709 0.063556
v -0.032336 -0.011027 0.065074
v -0.037496 0.021154 0.055703
v -0.032368 0.029959 0.054291
v -0.031783 0.026122 0.057274
v -0.033388 0.007430 -0.256910
v -0.032152 0.011518 -0.258794
v -0.034517 0.004422 -0.242748
v -0.033561 0.005285 -0.255474
v -0.032051 0.015054 -0.247621
v -0.033561 0.005285 -0.255474
v -0.032152 0.011518 -0.258794
v -0.032051 0.015054 -0.247621
v -0.032899 0.037840 0.044431
v -0.037244 0.036668 0.037890
v -0.031949 0.040586 0.040096
v -0.037244 0.036668 0.037890
v -0.033121 0.041820 0.032148
v -0.031949 0.040586 0.040096
v -0.033121 0.041820 0.032148
v -0.032779 0.043414 0.016302
v -0.037002 0.041328 -0.028347
v -0.033606 0.045190 -0.034248
v -0.032034 0.045996 -0.017859
v -0.034623 0.043636 -0.011974
v -0.037002 0.041328 -0.028347
v -0.032034 0.045996 -0.017859
v -0.035065 -0.000885 -0.253464
v -0.033574 0.005868 -0.255960
v -0.034751 -0.002010 -0.252152
v -0.034751 -0.002010 -0.252152
v -0.034751 -0.002010 -0.252152
v -0.033561 0.005285 -0.255474
v -0.034704 0.003440 -0.241918
v -0.034517 0.004422 -0.242748
v -0.034919 -0.001247 -0.252970
v -0.033561 0.005285 -0.255474
v -0.031148 -0.011172 0.064666
v -0.035750 -0.003930 0.062014
v -0.036870 -0.003597 0.061468
v -0.034079 -0.008375 0.063217
v -0.033479 0.041201 -0.095762
v -0.034166 0.039767 -0.098775
v -0.035027 0.043010 -0.057259
v -0.035027 0.043010 -0.057259
v -0.036075 0.002219 0.061343
v -0.032593 0.009784 0.062166
v -0.038114 0.001402 0.060434
v -0.037847 0.009373 0.059500
v -0.032593 0.009784 0.062166
v -0.037847 0.009373 0.059500
v -0.030533 0.018595 0.061276
v -0.032593 0.009784 0.062166
v -0.037847 0.009373 0.059500
v -0.037788 0.016283 0.057732
v -0.030533 0.018595 0.061276
v -0.037788 0.016283 0.057732
v -0.037496 0.021154 0.055703
v -0.030533 0.018595 0.061276
v -0.037841 0.024829 0.053170
v -0.032368 0.029959 0.054291
v -0.037496 0.021154 0.055703
v -0.037841 0.024829 0.053170
v -0.037277 0.027990 0.050961
v -0.032368 0.029959 0.054291
v -0.037277 0.027990 0.050961
v -0.032891 0.034686 0.049081
v -0.032368 0.029959 0.054291
v -0.037277 0.027990 0.050961
v -0.037573 0.030527 0.047955
v -0.032891 0.034686 0.049081
v -0.037494 0.033802 -0.089432
v -0.035786 0.035536 -0.104020
v -0.034166 0.039767 -0.098775
v -0.035030 0.002125 -0.239663
v -0.037517 0.032881 0.044887
v -0.032899 0.037840 0.044431
v -0.032891 0.034686 0.049081
v -0.037573 0.030527 0.047955
v -0.037517 0.032881 0.044887
v -0.032891 0.034686 0.049081
v -0.037664 0.034817 0.041409
v -0.037244 0.036668 0.037890
v -0.032899 0.037840 0.044431
v -0.037517 0.032881 0.044887
v -0.037664 0.034817 0.041409
v -0.032899 0.037840 0.044431
v -0.037350 0.037753 0.033351
v -0.033121 0.041820 0.032148
v -0.037244 0.036668 0.037890
v -0.037350 0.037753 0.033351
v -0.037243 0.038918 0.024687
v -0.033121 0.041820 0.032148
v -0.037243 0.038918 0.024687
v -0.034357 0.042552 0.012398
v -0.033121 0.041820 0.032148
v -0.034968 -0.002201 -0.252200
v -0.035065 -0.000885 -0.253464
v -0.037333 0.040847 -0.016474
v -0.037002 0.041328 -0.028347
v -0.034623 0.043636 -0.011974
v -0.036152 0.041844 -0.005891
v -0.037333 0.040847 -0.016474
v -0.034623 0.043636 -0.011974
v -0.037002 0.041328 -0.028347
v -0.036343 0.042227 -0.034286
v -0.033606 0.045190 -0.034248
v -0.035955 -0.003638 0.061896
v -0.035048 0.002270 0.061844
v -0.036870 -0.003597 0.061468
v -0.036826 0.001313 0.061066
v -0.034625 -0.008373 0.063295
v -0.036416 -0.006361 0.062818
v -0.037243 0.038918 0.024687
v -0.036575 0.040905 0.004093
v -0.034357 0.042552 0.012398
v -0.037163 0.040311 -0.052171
v -0.036911 0.038685 -0.068804
v -0.035027 0.043010 -0.057259
v -0.036911 0.038685 -0.068804
v -0.036230 -0.009478 -0.240737
v -0.035117 -0.004201 -0.250199
v -0.036343 0.042227 -0.034286
v -0.037163 0.040311 -0.052171
v -0.035027 0.043010 -0.057259
v -0.036911 0.038685 -0.068804
v -0.037011 0.036377 -0.082561
v -0.034166 0.039767 -0.098775
v -0.035182 0.001753 -0.238104
v -0.042178 0.002056 -0.125139
v -0.034751 -0.002010 -0.252152
v -0.037011 0.036377 -0.082561
v -0.037494 0.033802 -0.089432
v -0.034166 0.039767 -0.098775
v -0.036230 -0.009478 -0.240737
v -0.035860 -0.006782 -0.247665
v -0.037243 0.038918 0.024687
v -0.036935 0.040590 0.003036
v -0.036404 -0.008970 -0.243412
v -0.036118 -0.007398 -0.247181
v -0.037216 -0.003752 0.061701
v -0.034578 -0.008148 0.063013
v -0.036534 0.041945 -0.033554
v -0.036991 0.041077 -0.041276
v -0.042178 0.002056 -0.125139
v -0.036230 -0.009478 -0.240737
v -0.034751 -0.002010 -0.252152
v -0.036835 0.041328 -0.040085
v -0.037163 0.040311 -0.052171
v -0.036127 -0.006532 0.062786
v -0.037606 -0.003847 0.061919
v -0.037242 0.030626 -0.108150
v -0.035786 0.035536 -0.104020
v -0.037494 0.033802 -0.089432
v -0.036528 0.041381 -0.004748
v -0.037333 0.040847 -0.016474
v -0.037063 0.040499 0.002264
v -0.036152 0.041844 -0.005891
v -0.036492 -0.009610 -0.240461
v -0.036488 -0.008984 -0.243821
v -0.037243 0.038453 -0.069079
v -0.037011 0.036377 -0.082561
v -0.037163 0.040311 -0.052171
v -0.037220 0.038472 -0.069033
v -0.037807 0.034095 -0.088139
v -0.037011 0.036377 -0.082561
v -0.037002 0.041328 -0.028347
v -0.037538 0.040973 -0.038446
v -0.038706 0.028930 -0.095226
v -0.037242 0.030626 -0.108150
v -0.037494 0.033802 -0.089432
v -0.037333 0.040847 -0.016474
v -0.037213 0.041200 -0.029611
v -0.037289 0.041000 -0.040198
v -0.037163 0.040311 -0.052171
v -0.037350 0.037753 0.033351
v -0.037579 0.038817 0.024668
v -0.037550 0.038243 -0.069304
v -0.037429 0.036274 -0.082460
v -0.037429 0.036260 -0.082506
v -0.038015 0.034183 -0.087591
v -0.038392 0.000679 0.060715
v -0.036870 -0.003597 0.061468
v -0.037583 0.038819 0.024649
v -0.037384 0.040209 0.001510
v -0.037718 0.028011 0.050742
v -0.037573 0.030527 0.047955
v -0.037841 0.024829 0.053170
v -0.037683 0.027937 0.050828
v -0.037246 -0.003677 0.061681
v -0.038626 0.000316 0.060884
v -0.037664 0.034817 0.041409
v -0.037597 0.036484 0.037954
v -0.037565 0.036521 0.037892
v -0.037350 0.037753 0.033351
v -0.037842 0.039674 -0.058605
v -0.037550 0.038243 -0.069304
v -0.043333 -0.008937 -0.122237
v -0.043333 -0.008937 -0.122237
v -0.036230 -0.009478 -0.240737
v -0.042178 0.002056 -0.125139
v -0.042178 0.002056 -0.125139
v -0.037913 0.036347 0.037951
v -0.037823 0.037574 0.033885
v -0.037727 0.033560 -0.089506
v -0.038015 0.034183 -0.087591
v -0.037480 0.040364 -0.051358
v -0.038087 0.039607 -0.059641
v -0.037838 0.040905 -0.037478
v -0.037743 0.040477 -0.049761
v -0.037350 0.037753 0.033351
v -0.038017 0.038376 0.028562
v -0.037691 0.037650 0.033618
v -0.038124 0.038364 0.028986
v -0.037384 0.040209 0.001510
v -0.037956 0.040841 -0.010850
v -0.037921 0.038719 0.024621
v -0.037661 0.040361 -0.001038
v -0.037665 0.040862 -0.014439
v -0.037838 0.040905 -0.037478
v -0.038246 0.016545 0.057773
v -0.037496 0.021154 0.055703
v -0.038211 0.022362 0.055124
v -0.037841 0.024829 0.053170
v -0.037795 0.032702 0.045251
v -0.037664 0.034817 0.041409
v -0.038175 0.031641 0.046927
v -0.037517 0.032881 0.044887
v -0.038682 0.016706 0.057847
v -0.037914 0.021581 0.055525
v -0.037967 0.033055 -0.090105
v -0.038706 0.028930 -0.095226
v -0.038118 0.027964 0.050620
v -0.037875 0.030830 0.047725
v -0.038314 0.009383 0.059630
v -0.037788 0.016283 0.057732
v -0.038114 0.001402 0.060434
v -0.038331 0.009318 0.059648
v -0.038811 0.009325 0.059787
v -0.038219 0.016454 0.057796
v -0.038398 0.032754 -0.090342
v -0.038015 0.034183 -0.087591
v -0.038977 0.029648 -0.094227
v -0.038251 0.032677 -0.090411
v -0.038030 0.024511 0.053457
v -0.038118 0.027964 0.050620
v -0.040535 0.020135 -0.101818
v -0.037242 0.030626 -0.108150
v -0.038706 0.028930 -0.095226
v -0.038390 0.032741 -0.090359
v -0.039261 0.029911 -0.093857
v -0.039207 0.029912 -0.093849
v -0.038251 0.032677 -0.090411
v -0.040535 0.020135 -0.101818
v -0.038940 0.023634 -0.112490
v -0.037242 0.030626 -0.108150
v -0.038340 0.000976 0.060625
v -0.038811 0.009325 0.059787
v -0.039892 0.027193 -0.096366
v -0.038910 0.029067 -0.094940
v -0.039208 0.029911 -0.093851
v -0.039892 0.027193 -0.096366
v -0.040242 0.023432 -0.099196
v -0.038706 0.028930 -0.095226
v -0.039755 0.034283 -0.088651
v -0.039618 0.035837 -0.085583
v -0.039583 0.027517 -0.096166
v -0.040297 0.023952 -0.098743
v -0.039955 0.033496 -0.090074
v -0.039698 0.034452 -0.088352
v -0.040535 0.020135 -0.101818
v -0.040658 0.014948 -0.116683
v -0.038940 0.023634 -0.112490
v -0.040860 0.019809 -0.101688
v -0.040297 0.023952 -0.098743
v -0.040286 0.032350 -0.091726
v -0.039956 0.033494 -0.090075
v -0.043425 -0.009199 -0.122810
v -0.036230 -0.009478 -0.240737
v -0.043516 -0.009456 -0.123366
v -0.036635 -0.009722 -0.240089
v -0.043400 -0.002815 -0.112144
v -0.040948 0.019641 -0.101718
v -0.042107 0.010455 -0.106173
v -0.042107 0.010455 -0.106173
v -0.040658 0.014948 -0.116683
v -0.040535 0.020135 -0.101818
v -0.042578 0.010593 -0.105893
v -0.041297 0.019270 -0.101605
v -0.042107 0.010455 -0.106173
v -0.042114 0.003851 -0.121339
v -0.040658 0.014948 -0.116683
v -0.043442 -0.000986 -0.110839
v -0.042107 0.010455 -0.106173
v -0.043400 -0.002815 -0.112144
v -0.042114 0.003851 -0.121339
v -0.042107 0.010455 -0.106173
v -0.042114 0.003851 -0.121339
v -0.043400 -0.002815 -0.112144
v -0.042178 0.002056 -0.125139
v -0.042557 0.010537 -0.105930
v -0.043502 -0.000162 -0.110160
v -0.043487 -0.004585 -0.113876
v -0.043333 -0.008937 -0.122237
v -0.043564 0.002294 -0.109037
v -0.043028 0.010671 -0.105655
v -0.043720 0.002497 -0.108865
v -0.043028 0.010671 -0.105655
v -0.043672 -0.009599 -0.125289
v -0.037031 -0.009961 -0.239466
v -0.043898 -0.009737 -0.126174
v -0.037031 -0.009961 -0.239466
v -0.043409 -0.009106 -0.122564
v -0.043874 -0.008201 -0.118689
v -0.043539 -0.005339 -0.114442
v -0.043720 -0.008203 -0.119297
v -0.043619 0.003092 -0.108651
v -0.043690 -0.000322 -0.110192
v -0.043977 -0.000530 -0.110220
v -0.043619 0.003092 -0.108651
v -0.043745 -0.002926 -0.112034
v -0.043502 -0.000162 -0.110160
v -0.043729 -0.009469 -0.123234
v -0.043822 -0.009733 -0.127035
v -0.043874 -0.008201 -0.118689
v -0.043877 -0.009442 -0.122770
v -0.043745 -0.000414 -0.110227
v -0.044146 -0.003141 -0.111967
v -0.044040 -0.009474 -0.122808
v -0.043822 -0.009733 -0.127035
v -0.044205 -0.006481 -0.115728
v -0.043874 -0.008201 -0.118689
v -0.043975 -0.000534 -0.110223
v -0.044146 -0.003141 -0.111967
v -0.044121 -0.009463 -0.122469
v -0.043899 -0.009474 -0.123045
v -0.043775 -0.003016 -0.112090
v -0.043539 -0.005339 -0.114442
v 0.001112 0.024266 -0.270258
v 0.004965 0.029683 -0.268041
v 0.004953 0.024000 -0.268039
v 0.001727 0.024094 -0.269386
v 0.004953 0.024000 -0.268039
v 0.004965 0.029683 -0.268041
v 0.001617 0.029741 -0.269093
v 0.001617 0.029741 -0.269093
v 0.004953 0.024000 -0.268039
v 0.003073 0.024363 -0.268627
v 0.001414 0.024233 -0.269145
v 0.001218 0.029620 -0.270205
v 0.001537 0.029693 -0.269501
v 0.004965 0.029683 -0.268041
v 0.001244 0.029390 -0.269213
v 0.001871 0.024008 -0.269002
v 0.001274 0.024243 -0.269311
v 0.001112 0.024266 -0.270258
v 0.000923 0.029167 -0.269316
v 0.001223 0.029446 -0.269364
v 0.001218 0.029620 -0.270205
v 0.001061 0.029327 -0.269735
v 0.001112 0.024266 -0.270258
v 0.001072 0.024357 -0.269739
v 0.000923 0.029167 -0.269316
v 0.023385 0.018833 -0.190560
v 0.018523 0.013980 -0.256269
v 0.026056 0.014123 -0.161416
v 0.018523 0.013980 -0.256269
v 0.020316 0.010782 -0.255271
v 0.026056 0.014123 -0.161416
v 0.020316 0.010782 -0.255271
v 0.024587 0.008170 -0.210382
v 0.026056 0.014123 -0.161416
v 0.026056 0.014123 -0.161416
v 0.021557 0.015450 -0.254590
v 0.023385 0.018833 -0.190560
v 0.020316 0.010782 -0.255271
v 0.021891 0.006172 -0.254390
v 0.024587 0.008170 -0.210382
v 0.021891 0.006172 -0.254390
v 0.022363 0.002778 -0.254119
v 0.024587 0.008170 -0.210382
v 0.022363 0.002778 -0.254119
v 0.022288 0.008458 -0.254174
v 0.024587 0.008170 -0.210382
v 0.022288 0.008458 -0.254174
v 0.026056 0.014123 -0.161416
v 0.024587 0.008170 -0.210382
v 0.021317 0.022544 -0.218441
v 0.021317 0.022544 -0.218441
v 0.018523 0.013980 -0.256269
v 0.018523 0.013980 -0.256269
v 0.018523 0.013980 -0.256269
v 0.023385 0.018833 -0.190560
v 0.022288 0.008458 -0.254174
v 0.021557 0.015450 -0.254590
v 0.026056 0.014123 -0.161416
v 0.022068 0.004939 -0.254288
v 0.020205 0.022890 -0.255352
v 0.020205 0.022890 -0.255352
v 0.020205 0.022890 -0.255352
v 0.019374 0.022784 -0.255813
v 0.020205 0.022890 -0.255352
v 0.022261 0.006924 -0.254185
v 0.021586 0.014710 -0.254573
v 0.021714 0.021722 -0.214541
v 0.020205 0.022890 -0.255352
v 0.021557 0.015450 -0.254590
v 0.020205 0.022890 -0.255352
v 0.023385 0.018833 -0.190560
v 0.020316 0.010782 -0.255271
v 0.019120 0.013186 -0.255937
v 0.020835 0.009589 -0.254981
v 0.020128 0.023118 -0.258372
v 0.021317 0.022544 -0.218441
v 0.019908 0.023268 -0.264076
v 0.020205 0.022890 -0.255352
v 0.019976 0.023483 -0.264139
v 0.019136 0.028014 -0.247857
v 0.021317 0.022544 -0.218441
v 0.019136 0.028014 -0.247857
v 0.019136 0.028014 -0.247857
v 0.019130 0.027768 -0.263102
v 0.019136 0.028014 -0.247857
v 0.019976 0.023483 -0.264139
v 0.019678 0.023000 -0.263877
v 0.020205 0.022890 -0.255352
v 0.019421 0.023327 -0.264645
v 0.019872 0.023282 -0.264129
v 0.018515 0.022829 -0.256289
v 0.019695 0.023437 -0.264383
v 0.018543 0.027700 -0.263784
v 0.019202 0.022856 -0.256016
v 0.018012 0.022934 -0.263081
v 0.018402 0.022969 -0.263626
v 0.020205 0.022890 -0.255352
v 0.019160 0.022981 -0.264258
v 0.020205 0.022890 -0.255352
v 0.019464 0.022947 -0.263885
v 0.020205 0.022890 -0.255352
v 0.019506 0.022960 -0.263903
v 0.019842 0.023059 -0.264026
v 0.019471 0.022948 -0.263918
v 0.019523 0.022945 -0.263747
v 0.019294 0.023203 -0.264550
v 0.019842 0.023059 -0.264026
v 0.018847 0.027691 -0.263452
v 0.019976 0.023483 -0.264139
v 0.019499 0.022985 -0.264063
v 0.018883 0.023017 -0.264538
v 0.019161 0.023200 -0.264590
v 0.018543 0.027700 -0.263784
v 0.018515 0.022829 -0.256289
v 0.018057 0.028075 -0.263230
v 0.018515 0.022829 -0.256289
v 0.019136 0.028014 -0.247857
v 0.018458 0.023120 -0.263822
v 0.018543 0.027700 -0.263784
v 0.018600 0.027920 -0.263145
v 0.019136 0.028014 -0.247857
v 0.018462 0.027836 -0.263501
v 0.019130 0.027768 -0.263102
v 0.018012 0.022934 -0.263081
v 0.018515 0.022829 -0.256289
v 0.018057 0.028075 -0.263230
v 0.018012 0.022934 -0.263081
v 0.018312 0.027843 -0.263520
v -0.021238 0.032206 -0.034046
v -0.014073 0.036117 -0.033937
v -0.014005 0.032197 -0.033941
v -0.020820 0.032220 -0.030322
v -0.021238 0.032206 -0.034046
v -0.014005 0.032197 -0.033941
v -0.014073 0.036117 -0.033937
v -0.020820 0.032220 -0.030322
v -0.014005 0.032197 -0.033941
v -0.019044 0.033417 -0.031367
v -0.014073 0.036117 -0.033937
v -0.019055 0.033467 -0.032525
v -0.014073 0.036117 -0.033937
v -0.021238 0.032206 -0.034046
v -0.019950 0.032859 -0.031377
v 0.022351 -0.021656 0.028839
v 0.018476 -0.021617 0.031396
v 0.021832 -0.021614 0.036870
v 0.018476 -0.021617 0.031396
v 0.017051 -0.021617 0.032534
v 0.017385 -0.021605 0.036999
v 0.017385 -0.021605 0.036999
v 0.021832 -0.021614 0.036870
v 0.018692 -0.022690 0.036911
v 0.017708 -0.022368 0.036953
v 0.021832 -0.021614 0.036870
v 0.018978 -0.023498 0.036866
v 0.022351 -0.021656 0.028839
v 0.021832 -0.021614 0.036870
v 0.018366 -0.022447 0.031436
v 0.022351 -0.021656 0.028839
v 0.018978 -0.023498 0.036866
v 0.016567 -0.024985 0.032524
v 0.022351 -0.021656 0.028839
v 0.016567 -0.024985 0.032524
v 0.017053 -0.022003 0.032216
v 0.016150 -0.021618 0.032731
v 0.015030 -0.025392 0.036757
v 0.016567 -0.024985 0.032524
v 0.018978 -0.023498 0.036866
v 0.013297 -0.024211 0.036962
v 0.018978 -0.023498 0.036866
v 0.013521 -0.023274 0.037010
v 0.017257 -0.021609 0.037463
v 0.016150 -0.021618 0.032731
v 0.006865 -0.021617 0.035871
v 0.006865 -0.021617 0.035871
v 0.017247 -0.021618 0.040937
v 0.017247 -0.021618 0.040937
v 0.017247 -0.021618 0.040937
v -0.004622 -0.021627 0.036299
v -0.004622 -0.021627 0.036299
v -0.004622 -0.021627 0.036299
v -0.013445 -0.021624 0.040932
v -0.013445 -0.021624 0.040932
v -0.008158 -0.023183 0.040936
v 0.000728 -0.024513 0.040940
v 0.017247 -0.021618 0.040937
v 0.017247 -0.021618 0.040937
v 0.009585 -0.024008 0.040941
v 0.018978 -0.023498 0.036866
v 0.014588 -0.025469 0.036791
v 0.017247 -0.021618 0.040937
v 0.013521 -0.023274 0.037010
v 0.017385 -0.021605 0.036999
v 0.008749 -0.027186 0.035477
v 0.016567 -0.024985 0.032524
v 0.015030 -0.025392 0.036757
v 0.011016 -0.026578 0.036546
v 0.015030 -0.025392 0.036757
v 0.010267 -0.024124 0.040941
v 0.013521 -0.023274 0.037010
v 0.017247 -0.021618 0.040937
v 0.010267 -0.024124 0.040941
v 0.008161 -0.024639 0.037030
v 0.013521 -0.023274 0.037010
v 0.008749 -0.027186 0.035477
v 0.016150 -0.021618 0.032731
v 0.016567 -0.024985 0.032524
v 0.008749 -0.027186 0.035477
v 0.006865 -0.021617 0.035871
v 0.016150 -0.021618 0.032731
v 0.010717 -0.025544 0.036940
v 0.013521 -0.023274 0.037010
v 0.008008 -0.025713 0.036961
v 0.011353 -0.026499 0.036880
v 0.008433 -0.027138 0.035970
v 0.011353 -0.026499 0.036880
v 0.002459 -0.024861 0.040941
v 0.008161 -0.024639 0.037030
v 0.010267 -0.024124 0.040941
v 0.000001 -0.027371 0.036488
v 0.006865 -0.021617 0.035871
v 0.008749 -0.027186 0.035477
v 0.007214 -0.027224 0.036369
v 0.000001 -0.027371 0.036488
v -0.000676 -0.027321 0.036622
v 0.006637 -0.027240 0.036872
v 0.007046 -0.026200 0.036935
v 0.008161 -0.024639 0.037030
v -0.002447 -0.027233 0.036856
v -0.002447 -0.027233 0.036856
v -0.006084 -0.024185 0.037017
v -0.003294 -0.024511 0.037063
v 0.008161 -0.024639 0.037030
v 0.002459 -0.024861 0.040941
v -0.002235 -0.024680 0.037088
v 0.008161 -0.024639 0.037030
v 0.000001 -0.027371 0.036488
v -0.004622 -0.021627 0.036299
v 0.006865 -0.021617 0.035871
v -0.005947 -0.024136 0.040938
v -0.002235 -0.024680 0.037088
v 0.002459 -0.024861 0.040941
v -0.007299 -0.026542 0.035773
v -0.004622 -0.021627 0.036299
v 0.000001 -0.027371 0.036488
v -0.001882 -0.027249 0.036704
v -0.007299 -0.026542 0.035773
v -0.006444 -0.025342 0.036941
v -0.002447 -0.027233 0.036856
v -0.005947 -0.024136 0.040938
v -0.004921 -0.024325 0.037608
v -0.007315 -0.026473 0.036320
v -0.002447 -0.027233 0.036856
v -0.013703 -0.021632 0.037021
v -0.007662 -0.026621 0.035686
v -0.004622 -0.021627 0.036299
v -0.007981 -0.026638 0.035683
v -0.008682 -0.026087 0.036064
v -0.007535 -0.026417 0.036284
v -0.008682 -0.026087 0.036064
v -0.013445 -0.021624 0.040932
v -0.013445 -0.021624 0.040932
v -0.006084 -0.024185 0.037017
v -0.006084 -0.024185 0.037017
v -0.005947 -0.024136 0.040938
v -0.013703 -0.021632 0.037021
v -0.014530 -0.021851 0.036986
v -0.006084 -0.024185 0.037017
v -0.021155 -0.021639 0.036847
v -0.006911 -0.025314 0.036937
v -0.008159 -0.026787 0.035569
v -0.015185 -0.021641 0.033229
v -0.004622 -0.021627 0.036299
v -0.015185 -0.021641 0.033229
v -0.015185 -0.021641 0.033229
v -0.021155 -0.021639 0.036847
v -0.008159 -0.026209 0.036431
v -0.008485 -0.026389 0.035825
v -0.013305 -0.024631 0.033997
v -0.021155 -0.021639 0.036847
v -0.012356 -0.024903 0.034750
v -0.013548 -0.023920 0.033869
v -0.008159 -0.026787 0.035569
v -0.015714 -0.022382 0.032930
v -0.013305 -0.024631 0.033997
v -0.021155 -0.021639 0.036847
v -0.017861 -0.023023 0.031842
v -0.013305 -0.024631 0.033997
v -0.021155 -0.021639 0.036847
v -0.021155 -0.021639 0.036847
v -0.017370 -0.022564 0.032065
v -0.021923 -0.021663 0.029206
v -0.021923 -0.021663 0.029206
v -0.021155 -0.021639 0.036847
v -0.021923 -0.021663 0.029206
v -0.017861 -0.023023 0.031842
v 0.021921 0.026139 0.036604
v 0.016408 0.026125 0.032578
v 0.022250 0.026201 0.028774
v 0.017271 0.026136 0.036911
v 0.017271 0.026136 0.036911
v 0.017271 0.026136 0.036911
v 0.017271 0.026136 0.036911
v 0.016408 0.026125 0.032578
v 0.016408 0.026125 0.032578
v 0.021921 0.026139 0.036604
v 0.021793 0.026139 0.036702
v 0.021795 0.026142 0.036701
v 0.017951 0.028584 0.036767
v 0.021550 0.026174 0.036812
v 0.017271 0.026136 0.036911
v 0.021523 0.026155 0.036828
v 0.021687 0.026139 0.036789
v 0.017951 0.028584 0.036767
v 0.021551 0.026177 0.036812
v 0.017930 0.027248 0.036839
v 0.021436 0.026206 0.036832
v 0.022250 0.026201 0.028774
v 0.018527 0.028512 0.031272
v 0.021921 0.026139 0.036604
v 0.018527 0.028512 0.031272
v 0.017951 0.028584 0.036767
v 0.021921 0.026139 0.036604
v 0.018130 0.027581 0.031502
v 0.022250 0.026201 0.028774
v 0.012174 0.028264 0.036916
v 0.017334 0.027349 0.036846
v 0.007018 0.026124 0.035703
v 0.007018 0.026124 0.035703
v 0.007018 0.026124 0.035703
v 0.017002 0.026143 0.040841
v 0.017002 0.026143 0.040841
v -0.013485 0.026117 0.040836
v -0.013485 0.026117 0.040836
v -0.002954 0.026117 0.036372
v 0.006661 0.029190 0.040833
v 0.001040 0.029929 0.040820
v 0.017002 0.026143 0.040841
v 0.013360 0.027651 0.040837
v -0.013485 0.026117 0.040836
v 0.017271 0.026136 0.036911
v 0.012766 0.028011 0.040836
v 0.017002 0.026143 0.040841
v 0.018527 0.028512 0.031272
v 0.012641 0.030872 0.034132
v 0.017951 0.028584 0.036767
v 0.016408 0.026125 0.032578
v 0.012641 0.030872 0.034132
v 0.018527 0.028512 0.031272
v 0.012174 0.028264 0.036916
v 0.012766 0.028011 0.040836
v 0.017271 0.026136 0.036911
v 0.012779 0.030738 0.035517
v 0.017951 0.028584 0.036767
v 0.011889 0.030799 0.036657
v 0.017951 0.028584 0.036767
v 0.007446 0.031687 0.036784
v 0.012863 0.028663 0.036873
v 0.007018 0.026124 0.035703
v 0.012641 0.030872 0.034132
v 0.016408 0.026125 0.032578
v 0.012174 0.028264 0.036916
v 0.006661 0.029190 0.040833
v 0.012766 0.028011 0.040836
v 0.012317 0.030865 0.035598
v 0.007446 0.031687 0.036784
v 0.006525 0.029240 0.036932
v 0.006661 0.029190 0.040833
v 0.012174 0.028264 0.036916
v 0.006201 0.031838 0.035811
v 0.012641 0.030872 0.034132
v 0.007018 0.026124 0.035703
v 0.006995 0.031739 0.036327
v 0.012641 0.030872 0.034132
v 0.007230 0.030335 0.036862
v 0.012174 0.028264 0.036916
v -0.001770 0.031850 0.036407
v 0.006201 0.031838 0.035811
v 0.007018 0.026124 0.035703
v -0.002954 0.026117 0.036372
v -0.001770 0.031850 0.036407
v 0.007018 0.026124 0.035703
v -0.004433 0.029015 0.036978
v -0.004433 0.029015 0.036978
v -0.004833 0.028957 0.040831
v 0.006661 0.029190 0.040833
v 0.006661 0.029190 0.040833
v 0.006525 0.029240 0.036932
v -0.004780 0.029128 0.036916
v 0.006525 0.029240 0.036932
v 0.006807 0.030337 0.036865
v -0.005210 0.029257 0.036844
v -0.004380 0.030561 0.036801
v 0.007446 0.031687 0.036784
v -0.002523 0.031736 0.036552
v 0.007446 0.031687 0.036784
v 0.006664 0.031774 0.036230
v -0.001770 0.031850 0.036407
v -0.008030 0.030697 0.036771
v -0.007163 0.029985 0.036804
v -0.005120 0.030172 0.036811
v -0.008051 0.030796 0.035468
v -0.001770 0.031850 0.036407
v -0.002954 0.026117 0.036372
v -0.008051 0.030796 0.035468
v -0.003475 0.031618 0.036606
v -0.007946 0.030763 0.036164
v -0.003973 0.031562 0.036767
v -0.013188 0.026104 0.033997
v -0.008051 0.030796 0.035468
v -0.002954 0.026117 0.036372
v -0.013541 0.026108 0.036509
v -0.013188 0.026104 0.033997
v -0.013188 0.026104 0.033997
v -0.004433 0.029015 0.036978
v -0.013662 0.026109 0.036925
v -0.004833 0.028957 0.040831
v -0.013662 0.026109 0.036925
v -0.013485 0.026117 0.040836
v -0.004833 0.028957 0.040831
v -0.004866 0.029139 0.036906
v -0.013662 0.026109 0.036925
v -0.013662 0.026109 0.036925
v -0.013966 0.027123 0.033640
v -0.008051 0.030796 0.035468
v -0.014147 0.026107 0.036147
v -0.021192 0.026103 0.036747
v -0.013227 0.027047 0.036877
v -0.008083 0.030735 0.036068
v -0.015842 0.028166 0.032888
v -0.015842 0.028166 0.032888
v -0.021192 0.026103 0.036747
v -0.008030 0.030697 0.036771
v -0.021192 0.026103 0.036747
v -0.021589 0.026099 0.029456
v -0.015199 0.027387 0.033113
v -0.021589 0.026099 0.029456
v -0.021589 0.026099 0.029456
v -0.021192 0.026103 0.036747
v -0.015842 0.028166 0.032888
v 0.041217 -0.029351 -0.323779
v 0.041570 -0.028227 -0.320857
v 0.038306 -0.032612 -0.322165
v 0.041217 -0.029351 -0.323779
v 0.041596 -0.029340 -0.319182
v 0.040907 -0.027515 -0.314870
v 0.041565 -0.028612 -0.319613
v 0.037255 -0.027505 -0.314152
v 0.038289 -0.027460 -0.323131
v 0.040907 -0.027515 -0.314870
v 0.037814 -0.027507 -0.313983
v 0.041745 -0.027515 -0.315635
v 0.040907 -0.027515 -0.314870
v 0.040805 -0.028417 -0.314766
v 0.041596 -0.029340 -0.319182
v 0.038097 -0.032564 -0.317252
v 0.038306 -0.032612 -0.322165
v 0.041596 -0.029340 -0.319182
v 0.040625 -0.029346 -0.314276
v 0.038097 -0.032564 -0.317252
v 0.041596 -0.029340 -0.319182
v 0.041245 -0.028659 -0.323231
v 0.039498 -0.027439 -0.328478
v 0.039498 -0.027439 -0.328478
v 0.039498 -0.027439 -0.328478
v 0.039498 -0.027439 -0.328478
v 0.039611 -0.028588 -0.328033
v 0.041217 -0.029351 -0.323779
v 0.038306 -0.032612 -0.322165
v 0.038306 -0.032612 -0.322165
v 0.039583 -0.029358 -0.328005
v 0.039583 -0.029358 -0.328005
v 0.041217 -0.029351 -0.323779
v 0.037838 -0.032233 -0.315476
v 0.040625 -0.029346 -0.314276
v 0.038272 -0.031084 -0.313537
v 0.040625 -0.029346 -0.314276
v 0.025295 -0.027497 -0.299068
v 0.040907 -0.027515 -0.314870
v 0.025990 -0.027535 -0.298726
v 0.028459 -0.027556 -0.296687
v 0.028922 -0.027563 -0.295689
v 0.033391 -0.027511 -0.309498
v 0.034732 -0.027509 -0.310236
v 0.024522 -0.027456 -0.299385
v 0.037813 -0.031053 -0.327435
v 0.039583 -0.029358 -0.328005
v 0.036619 -0.032579 -0.326675
v 0.033917 -0.027407 -0.330156
v 0.033943 -0.027394 -0.332579
v 0.033917 -0.027407 -0.330156
v 0.033917 -0.027407 -0.330156
v 0.029383 -0.029306 -0.294479
v 0.040741 -0.028461 -0.314528
v 0.029395 -0.028437 -0.294489
v 0.040907 -0.027515 -0.314870
v 0.038284 -0.030732 -0.312874
v 0.040625 -0.029346 -0.314276
v 0.029383 -0.029306 -0.294479
v 0.038784 -0.030195 -0.312683
v 0.036975 -0.029388 -0.331557
v 0.039418 -0.028451 -0.328398
v 0.037403 -0.030233 -0.329573
v 0.039583 -0.029358 -0.328005
v 0.037772 -0.030735 -0.328076
v 0.039583 -0.029358 -0.328005
v 0.038306 -0.032612 -0.322165
v 0.038097 -0.032564 -0.317252
v 0.038464 -0.027477 -0.320310
v 0.038097 -0.032564 -0.317252
v 0.037003 -0.027503 -0.314050
v 0.038464 -0.027477 -0.320310
v 0.028965 -0.030337 -0.295759
v 0.037620 -0.030819 -0.311841
v 0.034424 -0.032938 -0.310458
v 0.036687 -0.031154 -0.312231
v 0.027822 -0.032052 -0.297533
v 0.037620 -0.030819 -0.311841
v 0.027049 -0.032882 -0.298216
v 0.035574 -0.032095 -0.310810
v 0.037258 -0.027445 -0.325437
v 0.038306 -0.032612 -0.322165
v 0.038464 -0.027477 -0.320310
v 0.036969 -0.031303 -0.314096
v 0.037003 -0.027503 -0.314050
v 0.037409 -0.032147 -0.315280
v 0.037003 -0.027503 -0.314050
v 0.037258 -0.027445 -0.325437
v 0.036619 -0.032579 -0.326675
v 0.038306 -0.032612 -0.322165
v 0.037984 -0.030821 -0.312949
v 0.036956 -0.030926 -0.314095
v 0.037161 -0.031374 -0.313986
v 0.038416 -0.030797 -0.313251
v 0.034796 -0.032272 -0.329486
v 0.036975 -0.029388 -0.331557
v 0.036756 -0.031140 -0.328977
v 0.036975 -0.029388 -0.331557
v 0.036740 -0.031073 -0.312609
v 0.036956 -0.030926 -0.314095
v 0.036619 -0.032579 -0.326675
v 0.036963 -0.031151 -0.326937
v 0.036600 -0.028715 -0.331806
v 0.039498 -0.027439 -0.328478
v 0.034487 -0.027390 -0.333746
v 0.036680 -0.030890 -0.313513
v 0.037003 -0.027503 -0.314050
v 0.036613 -0.031377 -0.326647
v 0.037258 -0.027445 -0.325437
v 0.033917 -0.027407 -0.330156
v 0.035690 -0.030956 -0.328042
v 0.037258 -0.027445 -0.325437
v 0.036261 -0.030830 -0.327166
v 0.037258 -0.027445 -0.325437
v 0.036840 -0.030931 -0.327131
v 0.035690 -0.030956 -0.328042
v 0.035690 -0.030956 -0.328042
v 0.037159 -0.030863 -0.328403
v 0.035876 -0.031409 -0.328175
v 0.037116 -0.030831 -0.328984
v 0.035887 -0.031341 -0.312236
v 0.037003 -0.027503 -0.314050
v 0.034245 -0.028311 -0.333832
v 0.036975 -0.029388 -0.331557
v 0.033392 -0.032605 -0.330448
v 0.033409 -0.029382 -0.334370
v 0.036975 -0.029388 -0.331557
v 0.033391 -0.027511 -0.309498
v 0.037003 -0.027503 -0.314050
v 0.034424 -0.032938 -0.310458
v 0.033917 -0.027407 -0.330156
v 0.035647 -0.031462 -0.328105
v 0.033917 -0.027407 -0.330156
v 0.034371 -0.032176 -0.329457
v 0.033392 -0.032605 -0.330448
v 0.030188 -0.032619 -0.332371
v 0.033409 -0.029382 -0.334370
v 0.029875 -0.032919 -0.307586
v 0.033391 -0.027511 -0.309498
v 0.034424 -0.032938 -0.310458
v 0.027049 -0.032882 -0.298216
v 0.027049 -0.032882 -0.298216
v 0.031130 -0.032923 -0.308030
v 0.029875 -0.032919 -0.307586
v 0.033917 -0.027407 -0.330156
v 0.032346 -0.032158 -0.331078
v 0.028442 -0.027353 -0.336391
v 0.033683 -0.028484 -0.334181
v 0.028462 -0.028416 -0.336326
v 0.033409 -0.029382 -0.334370
v 0.030188 -0.032619 -0.332371
v 0.028169 -0.029374 -0.336388
v 0.033409 -0.029382 -0.334370
v 0.028521 -0.027365 -0.334116
v 0.027907 -0.027361 -0.334391
v 0.028442 -0.027353 -0.336391
v 0.028442 -0.027353 -0.336391
v 0.027674 -0.027499 -0.306910
v 0.033391 -0.027511 -0.309498
v 0.029875 -0.032919 -0.307586
v 0.028129 -0.027368 -0.333055
v 0.030188 -0.032619 -0.332371
v 0.033917 -0.027407 -0.330156
v 0.028866 -0.027499 -0.307000
v 0.024522 -0.027456 -0.299385
v 0.025087 -0.032921 -0.306643
v 0.028926 -0.029025 -0.295582
v 0.028459 -0.027556 -0.296687
v 0.028507 -0.031202 -0.296645
v 0.029293 -0.028201 -0.294665
v 0.025087 -0.032921 -0.306643
v 0.027674 -0.027499 -0.306910
v 0.029875 -0.032919 -0.307586
v 0.028129 -0.027368 -0.333055
v 0.026677 -0.032615 -0.333272
v 0.030188 -0.032619 -0.332371
v 0.026677 -0.032615 -0.333272
v 0.028169 -0.029374 -0.336388
v 0.030188 -0.032619 -0.332371
v 0.026860 -0.031094 -0.334733
v 0.028169 -0.029374 -0.336388
v 0.028459 -0.027556 -0.296687
v 0.028113 -0.031379 -0.297068
v 0.027162 -0.027949 -0.297786
v 0.027049 -0.032882 -0.298216
v 0.025148 -0.031459 -0.306704
v 0.027674 -0.027499 -0.306910
v 0.025642 -0.032897 -0.299021
v 0.025087 -0.032921 -0.306643
v 0.028129 -0.027368 -0.333055
v 0.026699 -0.031410 -0.333261
v 0.026668 -0.031426 -0.333493
v 0.026743 -0.030881 -0.334937
v 0.028129 -0.027368 -0.333055
v 0.026067 -0.030854 -0.333296
v 0.026183 -0.030962 -0.333524
v 0.026743 -0.030881 -0.334937
v 0.021657 -0.027340 -0.333065
v 0.025026 -0.030975 -0.333362
v 0.028129 -0.027368 -0.333055
v 0.020861 -0.027330 -0.334573
v 0.021657 -0.027340 -0.333065
v 0.021657 -0.027340 -0.333065
v 0.021657 -0.027340 -0.333065
v 0.025990 -0.027535 -0.298726
v 0.025870 -0.032607 -0.298728
v 0.025026 -0.030975 -0.333362
v 0.025581 -0.030881 -0.334764
v 0.022523 -0.029403 -0.336451
v 0.028128 -0.028495 -0.336391
v 0.027061 -0.030213 -0.335585
v 0.022523 -0.029403 -0.336451
v 0.025541 -0.030811 -0.335044
v 0.022523 -0.029403 -0.336451
v 0.022063 -0.028527 -0.336338
v 0.028442 -0.027353 -0.336391
v 0.020760 -0.027322 -0.336164
v 0.018843 -0.027620 -0.276385
v 0.025277 -0.028531 -0.287409
v 0.022150 -0.032634 -0.333091
v 0.023798 -0.030554 -0.335293
v 0.024727 -0.032085 -0.333835
v 0.022150 -0.032634 -0.333091
v 0.025229 -0.027608 -0.299066
v 0.024638 -0.032907 -0.299258
v 0.024638 -0.032907 -0.299258
v 0.024987 -0.031730 -0.305418
v 0.025014 -0.031139 -0.306162
v 0.025087 -0.032921 -0.306643
v 0.025032 -0.031414 -0.333586
v 0.025127 -0.030859 -0.335014
v 0.023999 -0.030797 -0.306792
v 0.022099 -0.027477 -0.307027
v 0.022099 -0.027477 -0.307027
v 0.027674 -0.027499 -0.306910
v 0.025039 -0.030922 -0.306724
v 0.023332 -0.030880 -0.305199
v 0.023878 -0.030917 -0.306564
v 0.024446 -0.030867 -0.305292
v 0.025039 -0.030922 -0.306724
v 0.022099 -0.027477 -0.307027
v 0.022099 -0.027477 -0.307027
v 0.024522 -0.027456 -0.299385
v 0.023745 -0.027452 -0.299422
v 0.027674 -0.027499 -0.306910
v 0.022150 -0.032634 -0.333091
v 0.024823 -0.031969 -0.333343
v 0.021657 -0.027340 -0.333065
v 0.023494 -0.031330 -0.333220
v 0.023409 -0.027584 -0.287228
v 0.025060 -0.028177 -0.287448
v 0.024638 -0.032907 -0.299258
v 0.024522 -0.027456 -0.299385
v 0.024942 -0.030845 -0.304985
v 0.023409 -0.027584 -0.287228
v 0.024267 -0.027587 -0.287292
v 0.018843 -0.027620 -0.276385
v 0.018843 -0.027620 -0.276385
v 0.018843 -0.027620 -0.276385
v 0.018843 -0.027620 -0.276385
v 0.018843 -0.027620 -0.276385
v 0.023045 -0.027447 -0.299328
v 0.024115 -0.030815 -0.305013
v 0.023831 -0.027492 -0.299425
v 0.024942 -0.030845 -0.304985
v 0.019504 -0.028644 -0.277467
v 0.023556 -0.030170 -0.287126
v 0.022328 -0.030799 -0.287267
v 0.024095 -0.028889 -0.287317
v 0.023360 -0.031358 -0.306825
v 0.022099 -0.027477 -0.307027
v 0.022945 -0.032908 -0.299338
v 0.022945 -0.032908 -0.299338
v 0.022945 -0.032908 -0.299338
v 0.023399 -0.031976 -0.306686
v 0.023364 -0.030923 -0.305748
v 0.023332 -0.030880 -0.305199
v 0.020086 -0.032876 -0.305807
v 0.020004 -0.032871 -0.305330
v 0.023388 -0.032923 -0.306803
v 0.023388 -0.032923 -0.306803
v 0.022945 -0.032908 -0.299338
v 0.020636 -0.032870 -0.306614
v 0.023388 -0.032923 -0.306803
v 0.023045 -0.027447 -0.299328
v 0.018492 -0.032866 -0.303235
v 0.022945 -0.032908 -0.299338
v 0.017926 -0.032889 -0.304032
v 0.022945 -0.032908 -0.299338
v 0.019689 -0.032869 -0.305070
v 0.022945 -0.032908 -0.299338
v 0.018666 -0.032888 -0.304560
v 0.022945 -0.032908 -0.299338
v 0.018333 -0.032873 -0.302524
v 0.022945 -0.032908 -0.299338
v 0.017760 -0.032889 -0.301823
v 0.022945 -0.032908 -0.299338
v 0.022221 -0.032675 -0.307047
v 0.022099 -0.027477 -0.307027
v 0.020568 -0.032878 -0.298981
v 0.017664 -0.032893 -0.301508
v 0.023045 -0.027447 -0.299328
v 0.021749 -0.032529 -0.298978
v 0.022099 -0.027477 -0.307027
v 0.021846 -0.027476 -0.299198
v 0.021378 -0.027786 -0.298828
v 0.019941 -0.032862 -0.298440
v 0.020272 -0.027567 -0.288045
v 0.022328 -0.030799 -0.287267
v 0.022105 -0.028105 -0.287528
v 0.019237 -0.028195 -0.277033
v 0.025245 -0.029475 -0.287411
v 0.021008 -0.032877 -0.307085
v 0.023388 -0.032923 -0.306803
v 0.018604 -0.028521 -0.276626
v 0.022328 -0.030799 -0.287267
v 0.015246 -0.027646 -0.271800
v 0.021174 -0.030868 -0.287641
v 0.020967 -0.030563 -0.287809
v 0.020272 -0.027567 -0.288045
v 0.018104 -0.029404 -0.335112
v 0.021080 -0.028222 -0.336154
v 0.022150 -0.032634 -0.333091
v 0.018104 -0.029404 -0.335112
v 0.022523 -0.029403 -0.336451
v 0.015246 -0.027646 -0.271800
v 0.009654 -0.027604 -0.273701
v 0.020067 -0.030969 -0.288176
v 0.008414 -0.027496 -0.284810
v 0.018843 -0.027620 -0.276385
v 0.018553 -0.027518 -0.289706
v 0.008073 -0.027507 -0.285601
v 0.008073 -0.027507 -0.285601
v 0.008925 -0.027522 -0.283134
v 0.018843 -0.027620 -0.276385
v 0.019514 -0.027546 -0.288660
v 0.018843 -0.027620 -0.276385
v 0.008983 -0.027556 -0.280918
v 0.008673 -0.027561 -0.279779
v 0.008673 -0.027561 -0.279779
v 0.008673 -0.027561 -0.279779
v 0.005234 -0.027519 -0.287468
v 0.007328 -0.027511 -0.286290
v 0.022099 -0.027477 -0.307027
v 0.022099 -0.027477 -0.307027
v 0.008792 -0.027425 -0.304625
v 0.008627 -0.027431 -0.304889
v 0.008627 -0.027431 -0.304889
v 0.022099 -0.027477 -0.307027
v 0.019885 -0.027465 -0.307681
v 0.022099 -0.027477 -0.307027
v 0.022099 -0.027477 -0.307027
v 0.008073 -0.027507 -0.285601
v 0.008073 -0.027507 -0.285601
v 0.006115 -0.027445 -0.300269
v 0.004655 -0.027437 -0.299580
v 0.006115 -0.027445 -0.300269
v 0.003682 -0.027524 -0.287940
v 0.003682 -0.027524 -0.287940
v 0.019537 -0.027513 -0.297802
v 0.017556 -0.027519 -0.295161
v 0.020428 -0.032874 -0.307022
v 0.018674 -0.032876 -0.307802
v 0.018780 -0.032882 -0.308003
v 0.021104 -0.032887 -0.307285
v 0.020852 -0.032869 -0.306960
v 0.020209 -0.032866 -0.306816
v 0.019829 -0.032648 -0.307805
v 0.018865 -0.027459 -0.308176
v 0.018865 -0.027459 -0.308176
v 0.022099 -0.027477 -0.307027
v 0.021104 -0.032887 -0.307285
v 0.020289 -0.032875 -0.306469
v 0.020836 -0.032863 -0.306853
v 0.017322 -0.032849 -0.300389
v 0.019941 -0.032862 -0.298440
v 0.020297 -0.032870 -0.306681
v 0.020836 -0.032863 -0.306853
v 0.018865 -0.027459 -0.308176
v 0.021657 -0.027340 -0.333065
v 0.018032 -0.032609 -0.331412
v 0.022150 -0.032634 -0.333091
v 0.018032 -0.032609 -0.331412
v 0.018104 -0.029404 -0.335112
v 0.022150 -0.032634 -0.333091
v 0.020004 -0.032871 -0.305330
v 0.019900 -0.032875 -0.306175
v 0.020153 -0.032877 -0.306372
v 0.019241 -0.032877 -0.306907
v 0.018674 -0.032876 -0.307802
v 0.020247 -0.032870 -0.306700
v 0.017955 -0.032873 -0.306454
v 0.020004 -0.032871 -0.305330
v 0.018007 -0.032869 -0.306832
v 0.019685 -0.032872 -0.306002
v 0.019307 -0.032865 -0.305012
v 0.020004 -0.032871 -0.305330
v 0.019402 -0.032866 -0.305252
v 0.017833 -0.032877 -0.306168
v 0.020318 -0.032875 -0.306536
v 0.019220 -0.032877 -0.307062
v 0.009654 -0.027604 -0.273701
v 0.019296 -0.031041 -0.288832
v 0.019531 -0.030797 -0.288692
v 0.020272 -0.027567 -0.288045
v 0.019769 -0.032874 -0.306268
v 0.019241 -0.032877 -0.306907
v 0.017556 -0.027519 -0.295161
v 0.019941 -0.032862 -0.298440
v 0.020318 -0.027513 -0.298505
v 0.018325 -0.032874 -0.306935
v 0.016490 -0.032914 -0.308477
v 0.018553 -0.031139 -0.289622
v 0.019213 -0.027840 -0.289061
v 0.018007 -0.032869 -0.306832
v 0.019298 -0.032875 -0.306702
v 0.016490 -0.032914 -0.308477
v 0.018784 -0.032878 -0.307530
v 0.016171 -0.027334 -0.330068
v 0.018032 -0.032609 -0.331412
v 0.021657 -0.027340 -0.333065
v 0.014631 -0.027311 -0.333097
v 0.015509 -0.027328 -0.330611
v 0.012319 -0.027315 -0.330290
v 0.014631 -0.027311 -0.333097
v 0.016171 -0.027334 -0.330068
v 0.018026 -0.032701 -0.308716
v 0.018865 -0.027459 -0.308176
v 0.018736 -0.032882 -0.308002
v 0.016490 -0.032914 -0.308477
v 0.016866 -0.032907 -0.308918
v 0.018845 -0.032887 -0.308208
v 0.018667 -0.032622 -0.297723
v 0.017344 -0.031795 -0.293757
v 0.017272 -0.032321 -0.296715
v 0.016649 -0.032809 -0.299716
v 0.013558 -0.030582 -0.288706
v 0.016248 -0.032634 -0.299020
v 0.013558 -0.030582 -0.288706
v 0.013558 -0.030582 -0.288706
v 0.017765 -0.032875 -0.306042
v 0.019185 -0.032862 -0.305151
v 0.019245 -0.032864 -0.305036
v 0.017677 -0.032873 -0.305928
v 0.013617 -0.029029 -0.286931
v 0.018553 -0.027518 -0.289706
v 0.018553 -0.031139 -0.289622
v 0.018553 -0.031139 -0.289622
v 0.018506 -0.032858 -0.302829
v 0.018079 -0.032864 -0.303528
v 0.018104 -0.032866 -0.303619
v 0.018702 -0.032863 -0.302900
v 0.018078 -0.032890 -0.305372
v 0.019360 -0.032867 -0.304859
v 0.018081 -0.032901 -0.304908
v 0.019360 -0.032867 -0.304859
v 0.018449 -0.031995 -0.296482
v 0.017556 -0.027519 -0.295161
v 0.017214 -0.032867 -0.302666
v 0.018099 -0.032859 -0.303024
v 0.017823 -0.032884 -0.302171
v 0.018427 -0.032857 -0.302719
v 0.017784 -0.027512 -0.290998
v 0.018118 -0.027515 -0.290339
v 0.018548 -0.028648 -0.335234
v 0.014631 -0.027311 -0.333097
v 0.017308 -0.032859 -0.303154
v 0.018079 -0.032864 -0.303528
v 0.017657 -0.032913 -0.304381
v 0.017969 -0.032894 -0.305285
v 0.017787 -0.032875 -0.306108
v 0.018007 -0.032869 -0.306832
v 0.017897 -0.032873 -0.302376
v 0.017214 -0.032867 -0.302666
v 0.018080 -0.032866 -0.303631
v 0.017237 -0.032855 -0.303340
v 0.019047 -0.028022 -0.276739
v 0.015246 -0.027646 -0.271800
v 0.017952 -0.027575 -0.290408
v 0.015601 -0.028477 -0.289803
v 0.016803 -0.028362 -0.290469
v 0.016184 -0.029579 -0.290144
v 0.017768 -0.031338 -0.291056
v 0.011709 -0.029376 -0.287659
v 0.011825 -0.029422 -0.287722
v 0.017831 -0.032872 -0.306550
v 0.016490 -0.032914 -0.308477
v 0.017619 -0.032886 -0.305591
v 0.016490 -0.032914 -0.308477
v 0.013558 -0.030582 -0.288706
v 0.017431 -0.031441 -0.291767
v 0.017593 -0.031246 -0.291817
v 0.017784 -0.027512 -0.290998
v 0.017567 -0.031578 -0.294434
v 0.017556 -0.027519 -0.295161
v 0.017556 -0.027519 -0.295161
v 0.017303 -0.031669 -0.293073
v 0.017556 -0.027519 -0.295161
v 0.017784 -0.027512 -0.290998
v 0.017343 -0.032863 -0.303458
v 0.016111 -0.032914 -0.303577
v 0.016390 -0.032851 -0.300670
v 0.017664 -0.032893 -0.301508
v 0.016188 -0.032860 -0.302315
v 0.017683 -0.032887 -0.301867
v 0.016111 -0.032914 -0.303577
v 0.017785 -0.032895 -0.304101
v 0.016976 -0.032913 -0.304190
v 0.016490 -0.032914 -0.308477
v 0.016188 -0.032860 -0.302315
v 0.016096 -0.032869 -0.301887
v 0.017310 -0.032871 -0.302501
v 0.016507 -0.032820 -0.309708
v 0.018865 -0.027459 -0.308176
v 0.015827 -0.032879 -0.310193
v 0.015125 -0.027427 -0.311107
v 0.018865 -0.027459 -0.308176
v 0.015125 -0.027427 -0.311107
v 0.012903 -0.029423 -0.331523
v 0.018104 -0.029404 -0.335112
v 0.018032 -0.032609 -0.331412
v 0.015246 -0.027646 -0.271800
v 0.015246 -0.027646 -0.271800
v 0.017664 -0.032893 -0.301508
v 0.016171 -0.027334 -0.330068
v 0.015035 -0.032622 -0.328865
v 0.018032 -0.032609 -0.331412
v 0.015035 -0.032622 -0.328865
v 0.012903 -0.029423 -0.331523
v 0.018032 -0.032609 -0.331412
v 0.016353 -0.032880 -0.302541
v 0.017214 -0.032867 -0.302666
v 0.017157 -0.032863 -0.303107
v 0.016111 -0.032914 -0.303577
v 0.014353 -0.028132 -0.332756
v 0.018104 -0.029404 -0.335112
v 0.016588 -0.032888 -0.302759
v 0.016111 -0.032914 -0.303577
v 0.017000 -0.032903 -0.309354
v 0.016089 -0.032824 -0.309753
v 0.016490 -0.032914 -0.308477
v 0.016607 -0.032866 -0.309312
v 0.013617 -0.029029 -0.286931
v 0.016130 -0.028297 -0.289512
v 0.016310 -0.032882 -0.302570
v 0.016111 -0.032914 -0.303577
v 0.013558 -0.030582 -0.288706
v 0.015751 -0.032353 -0.297941
v 0.015603 -0.032237 -0.297514
v 0.015584 -0.032448 -0.298444
v 0.015717 -0.032823 -0.308789
v 0.015969 -0.032811 -0.309490
v 0.008898 -0.032927 -0.305089
v 0.015834 -0.032875 -0.302501
v 0.015827 -0.032870 -0.301821
v 0.008898 -0.032927 -0.305089
v 0.015852 -0.032879 -0.302593
v 0.016111 -0.032914 -0.303577
v 0.015834 -0.032904 -0.303303
v 0.014652 -0.032905 -0.305047
v 0.015468 -0.032806 -0.306658
v 0.016111 -0.032914 -0.303577
v 0.016100 -0.032837 -0.307395
v 0.016111 -0.032914 -0.303577
v 0.014892 -0.032879 -0.305348
v 0.016111 -0.032914 -0.303577
v 0.015871 -0.032843 -0.307666
v 0.016490 -0.032914 -0.308477
v 0.015780 -0.032853 -0.307810
v 0.016055 -0.032866 -0.308505
v 0.016013 -0.032848 -0.308801
v 0.016106 -0.032793 -0.309609
v 0.015100 -0.032811 -0.306479
v 0.015801 -0.032812 -0.307207
v 0.015739 -0.032499 -0.298602
v 0.015060 -0.032520 -0.299094
v 0.016649 -0.032809 -0.299716
v 0.016649 -0.032809 -0.299716
v 0.008898 -0.032927 -0.305089
v 0.015904 -0.032852 -0.300729
v 0.014799 -0.032662 -0.299979
v 0.013954 -0.032564 -0.299923
v 0.008898 -0.032927 -0.305089
v 0.008898 -0.032927 -0.305089
v 0.014423 -0.031373 -0.311994
v 0.015125 -0.027427 -0.311107
v 0.015126 -0.032687 -0.311093
v 0.015125 -0.027427 -0.311107
v 0.015472 -0.032243 -0.297770
v 0.015540 -0.032293 -0.298255
v 0.015449 -0.032330 -0.298299
v 0.015603 -0.032237 -0.297514
v 0.015703 -0.032829 -0.309027
v 0.014682 -0.032910 -0.308892
v 0.013558 -0.030582 -0.288706
v 0.015359 -0.032192 -0.297247
v 0.015004 -0.032807 -0.310057
v 0.015981 -0.032808 -0.309529
v 0.014682 -0.032910 -0.308892
v 0.015297 -0.032828 -0.309650
v 0.008898 -0.032927 -0.305089
v 0.014782 -0.032899 -0.304133
v 0.015004 -0.032807 -0.310057
v 0.015836 -0.032847 -0.310005
v 0.013558 -0.030582 -0.288706
v 0.014919 -0.032065 -0.296690
v 0.015594 -0.032831 -0.308421
v 0.014612 -0.032803 -0.308562
v 0.014677 -0.032860 -0.308741
v 0.015717 -0.032823 -0.308789
v 0.014221 -0.032158 -0.297746
v 0.015125 -0.032296 -0.298083
v 0.015027 -0.032144 -0.297281
v 0.015480 -0.032231 -0.297629
v 0.015431 -0.032284 -0.298121
v 0.015044 -0.032359 -0.298332
v 0.015089 -0.032178 -0.297505
v 0.014221 -0.032158 -0.297746
v 0.015107 -0.032154 -0.297180
v 0.015603 -0.032237 -0.297514
v 0.014935 -0.032823 -0.310127
v 0.015827 -0.032879 -0.310193
v 0.015183 -0.032830 -0.307093
v 0.013393 -0.032844 -0.307590
v 0.013393 -0.032844 -0.307590
v 0.014794 -0.032821 -0.308259
v 0.008898 -0.032927 -0.305089
v 0.012204 -0.032905 -0.305234
v 0.014639 -0.032832 -0.309252
v 0.015004 -0.032807 -0.310057
v 0.014410 -0.032941 -0.312011
v 0.015125 -0.032864 -0.310329
v 0.015172 -0.032390 -0.298434
v 0.015540 -0.032293 -0.298255
v 0.011401 -0.028898 -0.287479
v 0.013030 -0.028949 -0.287306
v 0.015601 -0.028477 -0.289803
v 0.013511 -0.027340 -0.326774
v 0.015035 -0.032622 -0.328865
v 0.016171 -0.027334 -0.330068
v 0.013511 -0.027340 -0.326774
v 0.015095 -0.032384 -0.298410
v 0.014126 -0.032207 -0.298148
v 0.013859 -0.032835 -0.308591
v 0.014607 -0.032848 -0.308697
v 0.013393 -0.032844 -0.307590
v 0.014059 -0.032826 -0.308510
v 0.008154 -0.032938 -0.307881
v 0.014501 -0.032891 -0.311016
v 0.014207 -0.032192 -0.297979
v 0.015044 -0.032359 -0.298332
v 0.015057 -0.032148 -0.297182
v 0.014246 -0.032090 -0.297272
v 0.014682 -0.032910 -0.308892
v 0.014497 -0.032821 -0.309334
v 0.014489 -0.032816 -0.309379
v 0.015004 -0.032807 -0.310057
v 0.014319 -0.032841 -0.309377
v 0.014873 -0.032827 -0.310128
v 0.014853 -0.032080 -0.296816
v 0.014246 -0.032090 -0.297272
v 0.014448 -0.031827 -0.295716
v 0.014585 -0.031957 -0.296274
v 0.013558 -0.030582 -0.288706
v 0.014572 -0.031898 -0.296017
v 0.013218 -0.032882 -0.307400
v 0.014652 -0.032905 -0.305047
v 0.013393 -0.032844 -0.307590
v 0.014816 -0.032843 -0.306128
v 0.013385 -0.032827 -0.306513
v 0.014652 -0.032905 -0.305047
v 0.013300 -0.032829 -0.305791
v 0.014652 -0.032905 -0.305047
v 0.012708 -0.032875 -0.305353
v 0.014652 -0.032905 -0.305047
v 0.014293 -0.032120 -0.297455
v 0.015027 -0.032144 -0.297281
v 0.013558 -0.030582 -0.288706
v 0.013809 -0.031585 -0.294484
v 0.013684 -0.031558 -0.294397
v 0.014448 -0.031827 -0.295716
v 0.013859 -0.032835 -0.308591
v 0.014440 -0.032872 -0.309070
v 0.014613 -0.031972 -0.296347
v 0.014729 -0.031993 -0.296428
v 0.014130 -0.032054 -0.297100
v 0.013974 -0.032026 -0.296994
v 0.014487 -0.032844 -0.309753
v 0.014033 -0.032838 -0.308939
v 0.008154 -0.032938 -0.307881
v 0.008154 -0.032938 -0.307881
v 0.013997 -0.032226 -0.298220
v 0.015217 -0.032430 -0.298543
v 0.008154 -0.032938 -0.307881
v 0.008154 -0.032938 -0.307881
v 0.014292 -0.031991 -0.311956
v 0.013439 -0.030935 -0.311418
v 0.014246 -0.032090 -0.297272
v 0.014203 -0.032163 -0.297792
v 0.013760 -0.031580 -0.294525
v 0.014048 -0.031751 -0.295426
v 0.014201 -0.031198 -0.327751
v 0.013511 -0.027340 -0.326774
v 0.005967 -0.027425 -0.307599
v 0.005967 -0.027425 -0.307599
v 0.005967 -0.027425 -0.307599
v 0.005026 -0.027424 -0.308481
v 0.007236 -0.027432 -0.305049
v 0.008627 -0.027431 -0.304889
v 0.015125 -0.027427 -0.311107
v 0.015125 -0.027427 -0.311107
v 0.014080 -0.032115 -0.327592
v 0.015035 -0.032622 -0.328865
v 0.014508 -0.032519 -0.328336
v 0.012903 -0.029423 -0.331523
v 0.013803 -0.030847 -0.312941
v 0.012399 -0.027399 -0.315545
v 0.012399 -0.027399 -0.315545
v 0.015125 -0.027427 -0.311107
v 0.014384 -0.030941 -0.312043
v 0.012897 -0.030893 -0.311637
v 0.012078 -0.030889 -0.312461
v 0.013568 -0.030936 -0.312867
v 0.014384 -0.030941 -0.312043
v 0.014526 -0.031948 -0.296237
v 0.014010 -0.032004 -0.296833
v 0.013622 -0.031768 -0.295696
v 0.014414 -0.031865 -0.295896
v 0.013622 -0.031768 -0.295696
v 0.014225 -0.031949 -0.296401
v 0.014146 -0.032072 -0.297204
v 0.014126 -0.032207 -0.298148
v 0.013093 -0.032163 -0.298106
v 0.014126 -0.032207 -0.298148
v 0.013856 -0.032110 -0.297595
v 0.012867 -0.032081 -0.297728
v 0.013671 -0.031749 -0.295564
v 0.013853 -0.031754 -0.295523
v 0.014448 -0.031827 -0.295716
v 0.013636 -0.031703 -0.295300
v 0.012399 -0.027399 -0.315545
v 0.012399 -0.027399 -0.315545
v 0.012399 -0.027399 -0.315545
v 0.005500 -0.029673 -0.287616
v 0.003747 -0.029566 -0.287979
v 0.013443 -0.032354 -0.298991
v 0.013867 -0.032412 -0.299110
v 0.003747 -0.029566 -0.287979
v 0.003747 -0.029566 -0.287979
v 0.015217 -0.032430 -0.298543
v 0.013511 -0.027340 -0.326774
v 0.013527 -0.030806 -0.326702
v 0.013496 -0.030958 -0.327105
v 0.012511 -0.030875 -0.328214
v 0.013541 -0.031172 -0.327624
v 0.013948 -0.032618 -0.327415
v 0.013186 -0.027343 -0.326159
v 0.011692 -0.027362 -0.322006
v 0.011838 -0.027354 -0.323716
v 0.014631 -0.027311 -0.333097
v 0.003715 -0.027424 -0.309200
v 0.003715 -0.027424 -0.309200
v 0.013760 -0.031580 -0.294525
v 0.013272 -0.031693 -0.295379
v 0.013624 -0.031557 -0.294428
v 0.013254 -0.031615 -0.295060
v 0.013278 -0.031641 -0.295152
v 0.013760 -0.031580 -0.294525
v 0.013558 -0.030582 -0.288706
v 0.011981 -0.031013 -0.292073
v 0.012546 -0.031072 -0.292104
v 0.013458 -0.031488 -0.294014
v 0.013550 -0.032841 -0.308043
v 0.008154 -0.032938 -0.307881
v 0.007889 -0.029547 -0.285543
v 0.007114 -0.029653 -0.286598
v 0.011867 -0.030550 -0.289355
v 0.011614 -0.030759 -0.290727
v 0.013558 -0.030582 -0.288706
v 0.008185 -0.028550 -0.285686
v 0.007889 -0.029547 -0.285543
v 0.013516 -0.031749 -0.295621
v 0.014015 -0.031993 -0.296756
v 0.013445 -0.031467 -0.313478
v 0.012399 -0.027399 -0.315545
v 0.012440 -0.031763 -0.312717
v 0.012078 -0.030889 -0.312461
v 0.013037 -0.031158 -0.313099
v 0.013461 -0.032945 -0.313414
v 0.013189 -0.032883 -0.307414
v 0.008154 -0.032938 -0.307881
v 0.007222 -0.032942 -0.309295
v 0.007222 -0.032942 -0.309295
v 0.009654 -0.027604 -0.273701
v 0.008263 -0.028407 -0.278876
v 0.008899 -0.028794 -0.280756
v 0.018553 -0.031139 -0.289622
v 0.018553 -0.031139 -0.289622
v 0.018553 -0.031139 -0.289622
v 0.008963 -0.029226 -0.283159
v 0.012910 -0.032862 -0.305394
v 0.013295 -0.032821 -0.306423
v 0.011865 -0.031610 -0.295671
v 0.013214 -0.031579 -0.294808
v 0.013162 -0.031451 -0.294019
v 0.011865 -0.031610 -0.295671
v 0.013987 -0.032009 -0.296872
v 0.012140 -0.031789 -0.296471
v 0.012938 -0.031414 -0.293913
v 0.013458 -0.031488 -0.294014
v 0.012972 -0.031716 -0.295694
v 0.014015 -0.031993 -0.296756
v 0.012092 -0.031737 -0.296250
v 0.014015 -0.031993 -0.296756
v 0.011793 -0.032955 -0.317954
v 0.012399 -0.027399 -0.315545
v 0.013461 -0.032945 -0.313414
v 0.007222 -0.032942 -0.309295
v 0.011793 -0.032955 -0.317954
v 0.013461 -0.032945 -0.313414
v 0.012100 -0.030868 -0.327169
v 0.013118 -0.030970 -0.325992
v 0.011900 -0.031040 -0.292275
v 0.013004 -0.031416 -0.293803
v 0.013511 -0.027340 -0.326774
v 0.011692 -0.027362 -0.322006
v 0.013118 -0.030970 -0.325992
v 0.011692 -0.027362 -0.322006
v 0.011692 -0.027362 -0.322006
v 0.013080 -0.031563 -0.325915
v 0.012461 -0.032566 -0.324329
v 0.012914 -0.031430 -0.326099
v 0.011612 -0.030839 -0.326863
v 0.012975 -0.032140 -0.298010
v 0.003747 -0.029566 -0.287979
v 0.013248 -0.031657 -0.295241
v 0.011919 -0.031649 -0.295904
v 0.013131 -0.032025 -0.297326
v 0.012140 -0.031789 -0.296471
v 0.012965 -0.031301 -0.328190
v 0.012903 -0.029423 -0.331523
v 0.012434 -0.031911 -0.297000
v 0.003747 -0.029566 -0.287979
v 0.011769 -0.032147 -0.324506
v 0.012067 -0.033003 -0.323317
v 0.012554 -0.032147 -0.325947
v 0.012204 -0.032888 -0.305330
v 0.008898 -0.032927 -0.305089
v 0.008898 -0.032927 -0.305089
v 0.012783 -0.032887 -0.306140
v 0.008919 -0.032931 -0.306483
v 0.013032 -0.032917 -0.307258
v 0.011733 -0.031080 -0.292502
v 0.012802 -0.031393 -0.293755
v 0.007293 -0.027367 -0.309213
v 0.012441 -0.030838 -0.311766
v 0.013223 -0.028593 -0.331728
v 0.011023 -0.027315 -0.328948
v 0.003715 -0.027424 -0.309200
v 0.011899 -0.031629 -0.295778
v 0.013254 -0.031615 -0.295060
v 0.012873 -0.031405 -0.293872
v 0.011217 -0.031398 -0.294798
v 0.011713 -0.031499 -0.295147
v 0.012964 -0.031418 -0.293983
v 0.006268 -0.032934 -0.310253
v 0.011793 -0.032955 -0.317954
v 0.005132 -0.032925 -0.310912
v 0.011370 -0.031414 -0.294837
v 0.012964 -0.031418 -0.293983
v 0.011437 -0.031120 -0.293007
v 0.012802 -0.031393 -0.293755
v 0.011665 -0.031284 -0.293801
v 0.012802 -0.031393 -0.293755
v 0.011843 -0.031045 -0.292300
v 0.012048 -0.030965 -0.291760
v 0.012018 -0.031714 -0.296168
v 0.003747 -0.029566 -0.287979
v 0.011793 -0.032955 -0.317954
v 0.011692 -0.027362 -0.322006
v 0.012399 -0.027399 -0.315545
v 0.011692 -0.027362 -0.322006
v 0.011793 -0.032955 -0.317954
v 0.012067 -0.033003 -0.323317
v 0.011566 -0.032968 -0.319250
v 0.005132 -0.032925 -0.310912
v 0.011653 -0.031365 -0.294223
v 0.012802 -0.031393 -0.293755
v 0.010992 -0.030629 -0.290244
v 0.011506 -0.030857 -0.291431
v 0.011308 -0.031459 -0.295478
v 0.011869 -0.031620 -0.295752
v 0.011738 -0.030933 -0.291731
v 0.011529 -0.031103 -0.292656
v 0.010400 -0.031060 -0.293312
v 0.011691 -0.031350 -0.294061
v 0.011316 -0.031176 -0.293479
v 0.009685 -0.030865 -0.292314
v 0.010424 -0.031074 -0.293486
v 0.011394 -0.031348 -0.294321
v 0.012226 -0.030815 -0.327876
v 0.012903 -0.029423 -0.331523
v 0.011478 -0.031426 -0.294878
v 0.011487 -0.031497 -0.295452
v 0.011358 -0.031415 -0.294868
v 0.011308 -0.031459 -0.295478
v 0.013132 -0.028931 -0.286665
v 0.018553 -0.031139 -0.289622
v 0.008707 -0.028485 -0.284220
v 0.011343 -0.031462 -0.295363
v 0.011919 -0.031649 -0.295904
v 0.011498 -0.031502 -0.295259
v 0.003747 -0.029566 -0.287979
v 0.010911 -0.030685 -0.290629
v 0.011325 -0.030833 -0.291404
v 0.010712 -0.031200 -0.293999
v 0.003747 -0.029566 -0.287979
v 0.009685 -0.030865 -0.292314
v 0.011325 -0.031100 -0.292953
v 0.011207 -0.030812 -0.291297
v 0.011529 -0.031103 -0.292656
v 0.008636 -0.027487 -0.284206
v 0.012059 -0.028880 -0.287137
v 0.003616 -0.031759 -0.311293
v 0.000734 -0.029376 -0.311040
v 0.011612 -0.030839 -0.326863
v 0.000734 -0.029376 -0.311040
v 0.011970 -0.030267 -0.328469
v 0.004405 -0.032343 -0.311150
v 0.011612 -0.030839 -0.326863
v 0.010390 -0.030726 -0.291144
v 0.009520 -0.030548 -0.290602
v 0.009689 -0.030809 -0.291997
v 0.011529 -0.031103 -0.292656
v 0.011529 -0.031103 -0.292656
v 0.009420 -0.030664 -0.291331
v 0.010864 -0.030671 -0.290562
v 0.009931 -0.030489 -0.290027
v 0.000734 -0.029376 -0.311040
v 0.011754 -0.028233 -0.329921
v 0.000903 -0.027439 -0.308832
v 0.002709 -0.027429 -0.309222
v 0.011023 -0.027315 -0.328948
v 0.011023 -0.027315 -0.328948
v -0.000473 -0.027433 -0.307582
v 0.011023 -0.027315 -0.328948
v -0.002880 -0.027410 -0.304045
v 0.011023 -0.027315 -0.328948
v 0.000736 -0.028408 -0.311067
v 0.011023 -0.027315 -0.328948
v -0.000379 -0.027444 -0.309138
v 0.011023 -0.027315 -0.328948
v -0.004847 -0.027424 -0.301407
v 0.011023 -0.027315 -0.328948
v 0.009654 -0.027604 -0.273701
v 0.008687 -0.027600 -0.273046
v 0.009654 -0.027604 -0.273701
v 0.010992 -0.030629 -0.290244
v 0.007889 -0.029547 -0.285543
v 0.008154 -0.032938 -0.307881
v 0.008182 -0.027427 -0.307946
v 0.012970 -0.030883 -0.311109
v 0.007820 -0.027442 -0.308589
v 0.012970 -0.030883 -0.311109
v 0.003747 -0.029566 -0.287979
v 0.007562 -0.032275 -0.302038
v 0.009949 -0.030942 -0.292770
v 0.003747 -0.029566 -0.287979
v 0.009273 -0.030433 -0.290080
v 0.008417 -0.027540 -0.285050
v 0.011401 -0.028898 -0.287479
v 0.007293 -0.027367 -0.309213
v 0.009507 -0.030747 -0.291748
v 0.006170 -0.027566 -0.276590
v 0.006170 -0.027566 -0.276590
v 0.006170 -0.027566 -0.276590
v 0.007784 -0.027601 -0.271156
v 0.009273 -0.030433 -0.290080
v 0.009155 -0.030590 -0.291012
v 0.006259 -0.029654 -0.287072
v 0.009127 -0.030485 -0.290431
v 0.008673 -0.027561 -0.279779
v 0.009051 -0.028231 -0.281897
v 0.009009 -0.030568 -0.290943
v 0.009186 -0.030610 -0.291114
v 0.003747 -0.029566 -0.287979
v 0.009049 -0.028424 -0.282255
v 0.008648 -0.029379 -0.284165
v 0.008177 -0.027645 -0.272284
v 0.003285 -0.028233 -0.273760
v 0.008700 -0.028055 -0.283922
v 0.009047 -0.027549 -0.282355
v 0.008540 -0.027952 -0.279539
v 0.009121 -0.029004 -0.281832
v 0.008462 -0.027784 -0.306154
v 0.008898 -0.032927 -0.305089
v 0.008473 -0.027585 -0.304045
v 0.008898 -0.032927 -0.305089
v 0.006274 -0.027431 -0.303550
v 0.006614 -0.027432 -0.304419
v 0.008627 -0.027431 -0.304889
v 0.008627 -0.027431 -0.304889
v 0.007790 -0.027431 -0.305105
v 0.006609 -0.027433 -0.304780
v 0.008182 -0.027427 -0.307946
v 0.006828 -0.027427 -0.307420
v 0.006322 -0.027425 -0.307810
v 0.008182 -0.027427 -0.307946
v 0.008463 -0.032620 -0.306730
v 0.006958 -0.032009 -0.300842
v 0.008271 -0.027440 -0.303013
v 0.008898 -0.032927 -0.305089
v 0.008352 -0.028065 -0.279143
v 0.006170 -0.027566 -0.276590
v 0.003715 -0.027424 -0.309200
v 0.003715 -0.027424 -0.309200
v 0.007493 -0.027391 -0.308756
v 0.005401 -0.028113 -0.275336
v 0.009654 -0.027604 -0.273701
v 0.007589 -0.027803 -0.285984
v 0.007889 -0.029547 -0.285543
v 0.007172 -0.028187 -0.277137
v 0.009654 -0.027604 -0.273701
v 0.001453 -0.027549 -0.276052
v 0.002471 -0.027559 -0.275079
v -0.000705 -0.027534 -0.277372
v -0.009703 -0.027489 -0.281254
v -0.009703 -0.027489 -0.281254
v -0.003895 -0.028083 -0.277905
v -0.002727 -0.028337 -0.277233
v 0.007784 -0.027601 -0.271156
v 0.003926 -0.028095 -0.273389
v 0.006958 -0.032009 -0.300842
v 0.007061 -0.027946 -0.301418
v 0.006038 -0.027838 -0.276563
v 0.008263 -0.028407 -0.278876
v 0.006607 -0.028930 -0.286780
v 0.007889 -0.029547 -0.285543
v 0.007293 -0.027367 -0.309213
v 0.006336 -0.032668 -0.309980
v 0.004274 -0.027448 -0.311175
v 0.005132 -0.032925 -0.310912
v 0.007293 -0.027367 -0.309213
v 0.004242 -0.027431 -0.310108
v 0.007293 -0.027367 -0.309213
v 0.006091 -0.028972 -0.287113
v 0.006549 -0.027515 -0.286905
v 0.003747 -0.029566 -0.287979
v 0.003950 -0.028295 -0.287867
v 0.003747 -0.029566 -0.287979
v 0.003574 -0.031361 -0.299217
v 0.006958 -0.032009 -0.300842
v 0.003574 -0.031361 -0.299217
v 0.006115 -0.027445 -0.300269
v 0.006958 -0.032009 -0.300842
v 0.004198 -0.032030 -0.311149
v 0.004274 -0.027448 -0.311175
v 0.003004 -0.028272 -0.274989
v 0.005841 -0.028133 -0.276483
v 0.003485 -0.027428 -0.299306
v 0.003574 -0.031361 -0.299217
v 0.004456 -0.027799 -0.299650
v 0.002087 -0.028344 -0.275931
v 0.005962 -0.027882 -0.276527
v 0.001864 -0.027989 -0.275992
v 0.006170 -0.027566 -0.276590
v 0.003485 -0.027428 -0.299306
v 0.002941 -0.027491 -0.287974
v 0.002867 -0.027530 -0.288037
v 0.002086 -0.028936 -0.291902
v 0.003592 -0.028994 -0.294820
v 0.003598 -0.029622 -0.295465
v 0.003747 -0.029566 -0.287979
v 0.003713 -0.028579 -0.288105
v 0.002606 -0.028850 -0.292404
v 0.003682 -0.027524 -0.287940
v 0.000668 -0.027429 -0.300430
v 0.000947 -0.027427 -0.299513
v 0.003304 -0.027429 -0.301323
v 0.002086 -0.028936 -0.291902
v 0.003049 -0.028836 -0.295123
v 0.003485 -0.027428 -0.299306
v 0.003574 -0.031361 -0.299217
v 0.003592 -0.028994 -0.294820
v 0.002538 -0.028211 -0.297464
v 0.003592 -0.028994 -0.294820
v 0.002691 -0.027429 -0.299274
v 0.001410 -0.027428 -0.299399
v -0.008493 -0.027486 -0.283358
v -0.008493 -0.027486 -0.283358
v -0.008801 -0.027488 -0.282402
v -0.008493 -0.027486 -0.283358
v 0.003485 -0.027428 -0.299306
v -0.000635 -0.027486 -0.286631
v 0.001322 -0.027471 -0.287718
v 0.003485 -0.027428 -0.299306
v -0.002168 -0.027487 -0.285148
v -0.002168 -0.027487 -0.285148
v 0.002002 -0.028378 -0.297204
v 0.002560 -0.027504 -0.299129
v 0.002587 -0.027425 -0.301273
v 0.003097 -0.027429 -0.301296
v 0.000947 -0.027427 -0.299513
v 0.002644 -0.027426 -0.301252
v 0.002504 -0.027424 -0.301269
v 0.002822 -0.027427 -0.301268
v 0.000947 -0.027427 -0.299513
v 0.000947 -0.027427 -0.299513
v 0.000925 -0.028249 -0.311035
v 0.004274 -0.027448 -0.311175
v 0.002429 -0.029972 -0.311160
v 0.004274 -0.027448 -0.311175
v 0.003736 -0.027437 -0.310236
v 0.000694 -0.027451 -0.311016
v 0.001603 -0.027438 -0.309598
v 0.000990 -0.027440 -0.309095
v 0.000694 -0.027451 -0.311016
v 0.003715 -0.027424 -0.309200
v 0.000947 -0.027427 -0.299513
v 0.002003 -0.027427 -0.301288
v 0.002157 -0.028507 -0.288124
v 0.002095 -0.029162 -0.291022
v 0.002086 -0.028936 -0.291902
v 0.002086 -0.028936 -0.291902
v 0.001905 -0.031165 -0.299193
v 0.001905 -0.031165 -0.299193
v 0.001978 -0.029270 -0.297479
v 0.001991 -0.028243 -0.298252
v 0.001026 -0.029225 -0.287653
v -0.000361 -0.028968 -0.286998
v 0.001905 -0.031165 -0.299193
v 0.001905 -0.031165 -0.299193
v -0.008493 -0.027486 -0.283358
v -0.012429 -0.027444 -0.285751
v -0.012429 -0.027444 -0.285751
v -0.008493 -0.027486 -0.283358
v 0.001996 -0.027429 -0.299290
v 0.001996 -0.027429 -0.299290
v -0.008493 -0.027486 -0.283358
v -0.010854 -0.028182 -0.290132
v -0.010854 -0.028182 -0.290132
v 0.001905 -0.031165 -0.299193
v 0.001905 -0.031165 -0.299193
v 0.000285 -0.027487 -0.287320
v 0.001902 -0.028036 -0.287831
v 0.001411 -0.027430 -0.301421
v 0.000853 -0.027431 -0.301568
v 0.000143 -0.028332 -0.287222
v 0.002143 -0.029391 -0.287925
v -0.008904 -0.027402 -0.294478
v -0.008904 -0.027402 -0.294478
v -0.001593 -0.028361 -0.277260
v -0.001003 -0.028381 -0.277387
v 0.003285 -0.028233 -0.273760
v 0.002183 -0.028319 -0.275481
v 0.001905 -0.031165 -0.299193
v 0.001498 -0.027501 -0.299394
v 0.000934 -0.027429 -0.300394
v -0.008904 -0.027402 -0.294478
v -0.008904 -0.027402 -0.294478
v -0.008904 -0.027402 -0.294478
v -0.008904 -0.027402 -0.294478
v 0.000599 -0.027430 -0.301832
v -0.000568 -0.027427 -0.302893
v -0.000545 -0.027434 -0.301405
v -0.001047 -0.027430 -0.300409
v 0.001905 -0.031165 -0.299193
v 0.001905 -0.031165 -0.299193
v -0.000902 -0.029860 -0.300422
v 0.000282 -0.027643 -0.299818
v -0.001003 -0.028381 -0.277387
v 0.001651 -0.027897 -0.276036
v -0.001567 -0.030974 -0.300760
v -0.000108 -0.027440 -0.308246
v 0.000694 -0.027451 -0.311016
v -0.001694 -0.027427 -0.306044
v 0.000694 -0.027451 -0.311016
v -0.001122 -0.028013 -0.277558
v 0.001453 -0.027549 -0.276052
v -0.002168 -0.027487 -0.285148
v -0.000204 -0.028245 -0.287015
v -0.001047 -0.027430 -0.300409
v -0.001932 -0.027430 -0.304223
v -0.001988 -0.027431 -0.303677
v -0.002244 -0.027891 -0.284943
v -0.000361 -0.028968 -0.286998
v -0.001263 -0.027420 -0.306434
v -0.001297 -0.027423 -0.304870
v -0.002065 -0.028478 -0.285267
v -0.008493 -0.027486 -0.283358
v -0.003074 -0.028198 -0.281067
v -0.001310 -0.027893 -0.277753
v -0.001994 -0.028350 -0.277468
v -0.003074 -0.028198 -0.281067
v -0.001526 -0.028694 -0.300993
v -0.003332 -0.027440 -0.303978
v -0.010854 -0.028182 -0.290132
v -0.006309 -0.029419 -0.297460
v -0.003051 -0.027859 -0.281137
v -0.001473 -0.027528 -0.277906
v -0.002875 -0.027511 -0.280131
v -0.009703 -0.027489 -0.281254
v -0.003199 -0.029012 -0.303650
v -0.001567 -0.030974 -0.300760
v -0.007264 -0.029076 -0.297280
v -0.003285 -0.029652 -0.303752
v -0.001567 -0.030974 -0.300760
v -0.003059 -0.027826 -0.281210
v -0.002168 -0.027487 -0.285148
v -0.003074 -0.028198 -0.281067
v -0.002347 -0.027974 -0.284744
v -0.003059 -0.027504 -0.281277
v -0.003059 -0.027504 -0.281277
v -0.002727 -0.028337 -0.277233
v -0.009703 -0.027489 -0.281254
v -0.003074 -0.028198 -0.281067
v -0.008493 -0.027486 -0.283358
v -0.002451 -0.028311 -0.284571
v -0.003074 -0.028198 -0.281067
v -0.008814 -0.027513 -0.282381
v -0.003074 -0.028198 -0.281067
v -0.003387 -0.028601 -0.303729
v -0.007264 -0.029076 -0.297280
v -0.007668 -0.028467 -0.296590
v -0.003332 -0.027440 -0.303978
v -0.012429 -0.027444 -0.285751
v -0.010854 -0.028182 -0.290132
v -0.008493 -0.027486 -0.283358
v -0.010854 -0.028182 -0.290132
v -0.008638 -0.027869 -0.294861
v -0.010976 -0.027972 -0.289695
v -0.008904 -0.027402 -0.294478
v 0.020580 0.032242 -0.032055
v 0.014798 0.032221 -0.033530
v 0.015152 0.035629 -0.033479
v 0.020643 0.032412 -0.032020
v 0.014798 0.032221 -0.033530
v 0.015152 0.035629 -0.033479
v 0.021073 0.032241 -0.033440
v 0.015152 0.035629 -0.033479
v 0.014798 0.032221 -0.033530
v 0.020764 0.032247 -0.030222
v 0.013764 0.034878 0.033631
v 0.013718 0.035138 0.034066
v 0.013719 0.035153 0.033679
v 0.013718 0.035138 0.034066
v 0.013718 0.035138 0.034066
v 0.013764 0.034878 0.033631
v -0.013955 0.032974 0.037939
v -0.013920 0.034074 0.033839
v -0.014165 0.033073 0.033493
v -0.013880 0.035433 0.033609
v -0.014177 0.033983 0.033790
v -0.013955 0.032974 0.037939
v -0.013955 0.032974 0.037939
v -0.014190 0.033025 0.033503
v -0.030491 0.047064 -0.061042
v -0.030479 0.047025 -0.061918
v -0.030479 0.047025 -0.061918
v -0.030491 0.047064 -0.061042
v 0.027028 0.047075 -0.060876
v 0.025639 0.047028 -0.083929
v 0.025639 0.047028 -0.083929
v 0.031292 0.047085 -0.060876
v 0.031292 0.047085 -0.060876
v 0.029732 0.047032 -0.083928
v 0.026494 0.048794 -0.083870
v 0.031292 0.047085 -0.060876
v 0.029732 0.047032 -0.083928
v 0.026327 0.047945 -0.083898
v 0.029732 0.047032 -0.083928
v 0.027814 0.048065 -0.060913
v 0.031292 0.047085 -0.060876
v 0.026494 0.048794 -0.083870
v 0.028001 0.048972 -0.060946
v 0.031292 0.047085 -0.060876
v 0.026074 0.047921 -0.083858
v 0.028001 0.048972 -0.060946
v 0.025639 0.047028 -0.083929
v 0.027509 0.048018 -0.060960
v 0.026166 0.047924 -0.085695
v 0.029927 0.047060 -0.085666
v 0.019942 0.046824 -0.185453
v 0.026297 0.048782 -0.085727
v 0.029927 0.047060 -0.085666
v 0.025597 0.047024 -0.085662
v 0.019942 0.046824 -0.185453
v 0.029927 0.047060 -0.085666
v 0.025946 0.047903 -0.085703
v 0.019942 0.046824 -0.185453
v 0.036414 -0.027801 -0.003695
v 0.036414 -0.027801 -0.003695
v 0.036414 -0.027801 -0.003695
v 0.050109 -0.027821 -0.031389
v 0.050100 -0.027744 0.021981
v 0.050100 -0.027744 0.021981
v 0.036022 -0.027783 0.005699
v 0.036022 -0.027783 0.005699
v 0.040242 -0.027789 0.012905
v 0.050100 -0.027744 0.021981
v 0.039751 -0.027796 0.016746
v 0.050100 -0.027744 0.021981
v 0.040401 -0.027775 0.015615
v 0.050100 -0.027744 0.021981
v 0.027275 -0.027513 0.024201
v 0.032157 -0.027813 0.017212
v 0.050100 -0.027744 0.021981
v 0.037970 -0.027826 0.017219
v 0.050100 -0.027744 0.021981
v 0.050109 -0.027821 -0.031389
v 0.050108 -0.026384 -0.033986
v 0.050105 -0.023061 -0.036897
v 0.050105 -0.023061 -0.036897
v 0.050105 -0.023061 -0.036897
v 0.050105 -0.023061 -0.036897
v 0.050099 -0.027267 0.023850
v 0.050100 -0.027744 0.021981
v 0.050100 -0.027744 0.021981
v 0.050093 -0.021588 0.028927
v 0.050093 -0.021588 0.028927
v 0.050095 -0.024148 0.027835
v 0.050093 -0.021588 0.028927
v 0.036414 -0.027801 -0.003695
v 0.039376 -0.027834 -0.018013
v 0.050109 -0.027821 -0.031389
v 0.039376 -0.027834 -0.018013
v 0.037518 -0.027928 -0.021155
v 0.050109 -0.027821 -0.031389
v 0.034696 -0.027912 -0.026404
v 0.034926 -0.027775 -0.031395
v 0.050109 -0.027821 -0.031389
v 0.037518 -0.027928 -0.021155
v 0.034696 -0.027912 -0.026404
v 0.050109 -0.027821 -0.031389
v 0.050016 -0.027493 0.023352
v 0.027275 -0.027513 0.024201
v 0.050098 -0.027244 0.024705
v 0.035952 -0.026535 -0.034252
v 0.050108 -0.026307 -0.034468
v 0.050109 -0.027821 -0.031389
v 0.034926 -0.027775 -0.031395
v 0.035952 -0.026535 -0.034252
v 0.050109 -0.027821 -0.031389
v 0.050095 -0.024657 0.027812
v 0.027275 -0.027513 0.024201
v 0.050098 -0.027244 0.024705
v 0.024388 -0.025356 0.027199
v 0.027275 -0.027513 0.024201
v 0.050095 -0.024657 0.027812
v 0.035952 -0.026535 -0.034252
v 0.050105 -0.023061 -0.036897
v 0.050108 -0.026307 -0.034468
v 0.028438 -0.021719 0.029002
v 0.024388 -0.025356 0.027199
v 0.050095 -0.024657 0.027812
v 0.037168 -0.025159 -0.035417
v 0.050105 -0.023061 -0.036897
v 0.050093 -0.021588 0.028927
v 0.028438 -0.021719 0.029002
v 0.050095 -0.024657 0.027812
v 0.029625 -0.021650 0.028938
v 0.050093 -0.021588 0.028927
v 0.037678 -0.024237 -0.036207
v 0.039872 -0.020937 -0.037111
v 0.050105 -0.023061 -0.036897
v 0.032079 -0.020963 0.028919
v 0.050093 -0.021588 0.028927
v 0.047010 0.000831 0.028972
v 0.050093 -0.021588 0.028927
v 0.050013 0.033154 0.028833
v 0.046949 0.005528 0.029094
v 0.050093 -0.021588 0.028927
v 0.034638 -0.017947 0.028933
v 0.034048 -0.019143 0.028938
v 0.050093 -0.021588 0.028927
v 0.050093 -0.021588 0.028927
v 0.050093 -0.021588 0.028927
v 0.050093 -0.021588 0.028927
v 0.034910 -0.012964 0.028927
v 0.034910 -0.012964 0.028927
v 0.046951 -0.001179 0.028903
v 0.038106 -0.001962 0.028899
v 0.038106 -0.001962 0.028899
v 0.050013 0.033154 0.028833
v 0.039872 -0.020937 -0.037111
v 0.044362 -0.009946 -0.037085
v 0.050105 -0.023061 -0.036897
v 0.044362 -0.009946 -0.037085
v 0.045792 -0.001914 -0.037328
v 0.050105 -0.023061 -0.036897
v 0.045872 0.000539 -0.037252
v 0.050105 -0.023061 -0.036897
v 0.045403 0.010166 -0.037124
v 0.049624 0.035104 -0.037171
v 0.050105 -0.023061 -0.036897
v 0.049624 0.035104 -0.037171
v 0.050013 0.033154 0.028833
v 0.050105 -0.023061 -0.036897
v 0.032676 0.025318 0.028845
v 0.034611 0.022524 0.028851
v 0.034611 0.022524 0.028851
v 0.050013 0.033154 0.028833
v 0.049553 0.034477 0.028825
v 0.046677 0.033125 0.028825
v 0.046948 0.032375 0.028834
v 0.035002 0.017226 0.028865
v 0.035002 0.017226 0.028865
v 0.046949 0.005528 0.029094
v 0.050013 0.033154 0.028833
v 0.045403 0.010166 -0.037124
v 0.040417 0.024269 -0.037165
v 0.040417 0.024269 -0.037165
v 0.049624 0.035104 -0.037171
v 0.049624 0.035104 -0.037171
v 0.040417 0.024269 -0.037165
v 0.047720 0.033020 -0.037168
v 0.049624 0.035104 -0.037171
v 0.049554 0.034479 0.028800
v 0.046987 0.032246 -0.037166
v 0.046831 0.033388 -0.037168
v 0.048407 -0.027596 -0.315721
v 0.048812 -0.027574 -0.319665
v 0.049093 -0.017564 -0.317189
v 0.048742 0.030814 -0.320828
v 0.048375 0.030754 -0.316025
v 0.049061 0.020719 -0.317267
v 0.048499 -0.017514 -0.326353
v 0.048499 -0.017514 -0.326353
v 0.036102 -0.017647 -0.290044
v 0.036102 -0.017647 -0.290044
v 0.036102 -0.017647 -0.290044
v 0.036102 -0.017647 -0.290044
v 0.036102 -0.017647 -0.290044
v 0.036102 -0.017647 -0.290044
v 0.036102 -0.017647 -0.290044
v 0.036102 -0.017647 -0.290044
v 0.047707 -0.017582 -0.312524
v 0.049093 -0.017564 -0.317189
v 0.048812 -0.027574 -0.319665
v 0.048499 -0.017514 -0.326353
v 0.049093 -0.017564 -0.317189
v 0.043475 0.020522 -0.335751
v 0.043475 0.020522 -0.335751
v 0.043475 0.020522 -0.335751
v 0.043475 0.020522 -0.335751
v 0.043475 0.020522 -0.335751
v 0.043475 0.020522 -0.335751
v 0.043475 0.020522 -0.335751
v 0.043475 0.020522 -0.335751
v 0.048883 0.020681 -0.321321
v 0.047293 0.020603 -0.328825
v 0.049061 0.020719 -0.317267
v 0.049016 0.020667 -0.322857
v 0.049016 0.020667 -0.322857
v 0.048742 0.030814 -0.320828
v 0.048759 0.029676 -0.322431
v 0.049061 0.020719 -0.317267
v 0.048812 -0.027574 -0.319665
v 0.048483 -0.027687 -0.323758
v 0.048499 -0.017514 -0.326353
v 0.047835 -0.008338 -0.037584
v 0.048841 -0.000963 -0.048155
v 0.049031 0.004556 -0.037610
v 0.048841 -0.000963 -0.048155
v 0.048768 0.005304 -0.048499
v 0.049031 0.004556 -0.037610
v 0.046136 0.011742 -0.037627
v 0.046448 0.012664 -0.037628
v 0.046302 0.015407 -0.037633
v 0.046891 -0.000435 -0.037600
v 0.047499 0.000377 -0.037602
v 0.048266 0.003690 -0.037608
v 0.049031 0.004556 -0.037610
v 0.047835 -0.008338 -0.037584
v 0.045555 -0.011822 -0.037579
v 0.046935 -0.009041 -0.037583
v 0.047835 -0.008338 -0.037584
v 0.048014 -0.007263 -0.048302
v 0.048841 -0.000963 -0.048155
v 0.048020 0.011506 -0.048182
v 0.049031 0.004556 -0.037610
v 0.048768 0.005304 -0.048499
v 0.048014 -0.007263 -0.048302
v 0.048473 -0.000555 -0.048709
v 0.048309 0.000110 -0.049003
v 0.048768 0.005304 -0.048499
v 0.047676 0.011306 -0.048778
v 0.048768 0.005304 -0.048499
v 0.047298 0.020596 -0.329577
v 0.047655 0.030835 -0.327260
v 0.049016 0.020667 -0.322857
v 0.047655 0.030835 -0.327260
v 0.048760 0.029287 -0.323532
v 0.049016 0.020667 -0.322857
v 0.048094 -0.027741 -0.319532
v 0.045882 -0.028241 -0.317353
v 0.046980 -0.028029 -0.323474
v 0.048483 -0.027687 -0.323758
v 0.047322 -0.027884 -0.316993
v 0.048812 -0.027574 -0.319665
v 0.048321 0.030906 -0.321278
v 0.048375 0.030754 -0.316025
v 0.047852 -0.026300 -0.327424
v 0.048499 -0.017514 -0.326353
v 0.048483 -0.027687 -0.323758
v 0.047655 0.030835 -0.327260
v 0.048673 0.029814 -0.323079
v 0.049093 -0.017564 -0.317189
v 0.047557 -0.026261 -0.311815
v 0.048407 -0.027596 -0.315721
v 0.047241 0.029183 -0.310946
v 0.049061 0.020719 -0.317267
v 0.048375 0.030754 -0.316025
v 0.048020 0.011506 -0.048182
v 0.046699 0.016810 -0.037635
v 0.049031 0.004556 -0.037610
v 0.046699 0.016810 -0.037635
v 0.047206 -0.017591 -0.310379
v 0.047557 -0.026261 -0.311815
v 0.049093 -0.017564 -0.317189
v 0.047130 0.020771 -0.310296
v 0.047130 0.020771 -0.310296
v 0.047130 0.020771 -0.310296
v 0.047241 0.029183 -0.310946
v 0.047130 0.020771 -0.310296
v 0.049061 0.020719 -0.317267
v 0.047432 0.031118 -0.322921
v 0.047748 0.030901 -0.315767
v 0.047655 0.030835 -0.327260
v 0.047827 0.031015 -0.322515
v 0.047038 0.029978 -0.310960
v 0.048375 0.030754 -0.316025
v 0.047452 -0.007147 -0.048959
v 0.047940 0.000473 -0.049576
v 0.048469 0.004646 -0.048811
v 0.047312 0.011261 -0.049369
v 0.047534 0.030940 -0.315454
v 0.046765 0.030763 -0.310737
v 0.046409 0.017535 -0.048352
v 0.046699 0.016810 -0.037635
v 0.048020 0.011506 -0.048182
v 0.047067 -0.027995 -0.323988
v 0.046325 -0.027753 -0.330608
v 0.047591 -0.026742 -0.327738
v 0.048483 -0.027687 -0.323758
v 0.047591 0.043323 -0.315414
v 0.047956 0.043370 -0.317613
v 0.047683 0.042864 -0.315920
v 0.046923 0.042825 -0.312731
v 0.044428 0.038432 0.028600
v 0.049095 0.035803 0.028827
v 0.042581 0.037408 0.028526
v 0.047155 0.034855 0.028809
v 0.049624 0.035104 -0.037171
v 0.045086 0.039387 0.028622
v 0.049095 0.035803 0.028827
v 0.047557 0.034890 -0.037157
v 0.045052 0.039292 -0.037002
v 0.041424 0.042340 -0.032200
v 0.045086 0.039387 0.028622
v 0.049624 0.035104 -0.037171
v 0.045714 0.038661 -0.036597
v 0.041424 0.042340 -0.032200
v 0.047661 0.011462 -0.048754
v 0.046409 0.017535 -0.048352
v 0.046445 -0.013248 -0.048303
v 0.048014 -0.007263 -0.048302
v 0.047835 -0.008338 -0.037584
v 0.043806 -0.020068 -0.037561
v 0.046445 -0.013248 -0.048303
v 0.047835 -0.008338 -0.037584
v 0.044829 -0.012459 -0.037578
v 0.043806 -0.020068 -0.037561
v 0.043806 -0.020068 -0.037561
v 0.043806 -0.020068 -0.037561
v 0.043375 -0.028157 -0.310105
v 0.047014 -0.027923 -0.316274
v 0.045016 -0.027817 -0.309827
v 0.048407 -0.027596 -0.315721
v 0.047272 -0.026680 -0.311446
v 0.048407 -0.027596 -0.315721
v 0.046445 -0.013248 -0.048303
v 0.047433 -0.007351 -0.048933
v 0.045937 0.016803 -0.049116
v 0.047312 0.011261 -0.049369
v 0.046955 -0.026544 -0.310647
v 0.047206 -0.017591 -0.310379
v 0.045134 0.029190 -0.333356
v 0.047655 0.030835 -0.327260
v 0.047298 0.020596 -0.329577
v 0.045834 -0.013701 -0.048781
v 0.046891 -0.007215 -0.049588
v 0.044692 0.031158 -0.331228
v 0.047351 0.030926 -0.326634
v 0.046808 0.012391 -0.049467
v 0.047940 0.000473 -0.049576
v 0.047311 -0.026536 -0.328561
v 0.048499 -0.017514 -0.326353
v 0.045289 0.030205 -0.332693
v 0.047655 0.030835 -0.327260
v 0.045668 0.043241 -0.309802
v 0.046539 0.043292 -0.311856
v 0.045801 -0.028300 -0.323716
v 0.042971 -0.028352 -0.330975
v 0.046325 -0.027753 -0.330608
v 0.045000 0.031040 -0.331680
v 0.047655 0.030835 -0.327260
v 0.046891 -0.007215 -0.049588
v 0.040081 -0.005035 -0.050069
v 0.040081 -0.005035 -0.050069
v 0.047940 0.000473 -0.049576
v 0.047940 0.000473 -0.049576
v 0.040208 0.004668 -0.050173
v 0.040208 0.004668 -0.050173
v 0.045525 0.016499 -0.049674
v 0.047940 0.000473 -0.049576
v 0.038407 -0.001709 0.028913
v 0.046951 -0.001179 0.028903
v 0.038208 -0.001859 0.028900
v 0.046951 -0.001179 0.028903
v 0.046949 0.005528 0.029094
v 0.046949 0.000813 0.029619
v 0.046748 0.000070 0.029453
v 0.038556 0.000247 0.029967
v 0.038665 -0.000727 0.029430
v 0.046951 -0.001179 0.028903
v 0.038527 0.001025 0.030169
v 0.046948 0.001274 0.029961
v 0.046949 0.005528 0.029094
v 0.038335 0.001832 0.030385
v 0.046948 0.001274 0.029961
v 0.038443 0.003124 0.030229
v 0.046949 0.005528 0.029094
v 0.038429 0.004566 0.029903
v 0.046949 0.005528 0.029094
v 0.038484 0.005578 0.029302
v 0.046949 0.005528 0.029094
v 0.035002 0.017226 0.028865
v 0.038004 0.006871 0.028884
v 0.038162 0.006560 0.028885
v 0.046949 0.005528 0.029094
v 0.046949 0.005528 0.029094
v 0.031234 0.025770 0.028834
v 0.046948 0.032375 0.028834
v 0.022680 0.032132 0.028837
v 0.028533 0.026208 0.028817
v 0.028470 0.032346 0.022576
v 0.028470 0.032346 0.022576
v 0.028470 0.032346 0.022576
v 0.022718 0.032366 0.028387
v 0.046948 0.032375 0.028834
v 0.046948 0.032375 0.028834
v 0.046948 0.032375 0.028834
v 0.022702 0.032249 0.028612
v 0.046948 0.032375 0.028834
v 0.040508 0.032389 0.016075
v 0.046948 0.032375 0.028834
v 0.046987 0.032246 -0.037166
v 0.046987 0.032246 -0.037166
v 0.046987 0.032246 -0.037166
v 0.040781 0.032377 0.014721
v 0.040220 0.032399 0.016988
v 0.034718 0.032231 -0.037168
v 0.034785 0.032231 -0.037165
v 0.034224 0.032279 -0.012906
v 0.034224 0.032279 -0.012906
v 0.036468 0.032303 -0.002312
v 0.036468 0.032303 -0.002312
v 0.036468 0.032303 -0.002312
v 0.040781 0.032377 0.014721
v 0.040781 0.032377 0.014721
v 0.046987 0.032246 -0.037166
v 0.046723 0.033189 0.028821
v 0.046987 0.032246 -0.037166
v 0.045836 0.008466 -0.038280
v 0.046891 -0.000435 -0.037600
v 0.045635 0.007561 -0.038615
v 0.046368 -0.000322 -0.038126
v 0.046385 -0.000427 -0.038103
v 0.044829 -0.012459 -0.037578
v 0.046679 0.033154 -0.037154
v 0.046498 0.034004 0.028830
v 0.044266 -0.017460 -0.334772
v 0.044266 -0.017460 -0.334772
v 0.044266 -0.017460 -0.334772
v 0.044266 -0.017460 -0.334772
v 0.046325 -0.027753 -0.330608
v 0.044266 -0.017460 -0.334772
v 0.048499 -0.017514 -0.326353
v 0.045238 0.038308 -0.332619
v 0.047278 0.041887 -0.328143
v 0.046409 0.017535 -0.048352
v 0.044035 0.023433 -0.048206
v 0.046699 0.016810 -0.037635
v 0.044035 0.023433 -0.048206
v 0.041376 0.028535 -0.037660
v 0.046699 0.016810 -0.037635
v 0.040809 0.027396 -0.037657
v 0.040251 0.026609 -0.037655
v 0.042711 0.041258 -0.034680
v 0.041424 0.042340 -0.032200
v 0.041726 0.042198 0.025305
v 0.045086 0.039387 0.028622
v 0.046372 0.034061 -0.037170
v 0.044089 0.037461 -0.037005
v 0.045052 0.039292 -0.037002
v 0.045642 0.012057 -0.037940
v 0.045635 0.007561 -0.038615
v 0.043806 -0.020068 -0.037561
v 0.044122 -0.018988 -0.048427
v 0.046445 -0.013248 -0.048303
v 0.046132 0.030880 -0.310646
v 0.046998 0.031073 -0.315266
v 0.043512 0.023602 -0.048762
v 0.046409 0.017535 -0.048352
v 0.037083 -0.014947 -0.050028
v 0.040081 -0.005035 -0.050069
v 0.046891 -0.007215 -0.049588
v 0.044536 -0.015405 -0.049584
v 0.037083 -0.014947 -0.050028
v 0.046891 -0.007215 -0.049588
v 0.044122 -0.018988 -0.048427
v 0.044975 -0.015177 -0.049166
v 0.045945 0.017144 -0.048985
v 0.042544 0.024224 -0.049630
v 0.045805 0.004966 -0.037634
v 0.045792 -0.001914 -0.037328
v 0.044236 -0.028065 -0.331368
v 0.043933 -0.027770 -0.334409
v 0.045888 -0.000336 -0.038611
v 0.045776 0.005601 -0.046040
v 0.045842 -0.000487 -0.046020
v 0.045635 0.007561 -0.038615
v 0.045776 0.005601 -0.046040
v 0.045888 -0.000336 -0.038611
v 0.042581 0.037408 0.028526
v 0.046372 0.034061 -0.037170
v 0.046498 0.034004 0.028830
v 0.042581 0.037408 0.028526
v 0.039501 0.039981 0.024409
v 0.046372 0.034061 -0.037170
v 0.039501 0.039981 0.024409
v 0.039403 0.039957 -0.032255
v 0.046372 0.034061 -0.037170
v 0.039403 0.039957 -0.032255
v 0.043799 0.036252 -0.036761
v 0.038480 -0.022968 -0.295004
v 0.046144 -0.027546 -0.309128
v 0.047206 -0.017591 -0.310379
v 0.036102 -0.017647 -0.290044
v 0.038480 -0.022968 -0.295004
v 0.047206 -0.017591 -0.310379
v 0.030360 0.020905 -0.284454
v 0.030360 0.020905 -0.284454
v 0.034422 0.020889 -0.288770
v 0.030360 0.020905 -0.284454
v 0.030360 0.020905 -0.284454
v 0.030360 0.020905 -0.284454
v 0.031288 0.020921 -0.283586
v 0.036179 0.020884 -0.290347
v 0.047241 0.029183 -0.310946
v 0.038777 0.026259 -0.295760
v 0.047130 0.020771 -0.310296
v 0.038777 0.026259 -0.295760
v 0.036179 0.020884 -0.290347
v 0.047130 0.020771 -0.310296
v 0.045915 0.004364 -0.037809
v 0.045792 -0.001914 -0.037328
v 0.045765 -0.000991 -0.040970
v 0.045626 0.006803 -0.040983
v 0.045915 0.004364 -0.037809
v 0.045765 -0.000991 -0.040970
v 0.043475 0.020522 -0.335751
v 0.045134 0.029190 -0.333356
v 0.047298 0.020596 -0.329577
v 0.045635 0.007561 -0.038615
v 0.044805 0.012071 -0.046058
v 0.045776 0.005601 -0.046040
v 0.045626 0.006803 -0.040983
v 0.044867 0.012580 -0.037823
v 0.045915 0.004364 -0.037809
v 0.045915 0.004364 -0.037809
v 0.045245 0.010767 -0.037371
v 0.038480 -0.022968 -0.295004
v 0.029836 -0.025806 -0.280241
v 0.046144 -0.027546 -0.309128
v 0.046991 0.029981 -0.310823
v 0.029809 0.029091 -0.280390
v 0.029809 0.029091 -0.280390
v 0.038777 0.026259 -0.295760
v 0.047241 0.029183 -0.310946
v 0.044362 -0.009946 -0.037085
v 0.044566 -0.008767 -0.040955
v 0.045792 -0.001914 -0.037328
v 0.044566 -0.008767 -0.040955
v 0.045765 -0.000991 -0.040970
v 0.045792 -0.001914 -0.037328
v 0.045888 -0.000336 -0.038611
v 0.044824 -0.009161 -0.038305
v 0.044134 0.014630 -0.040996
v 0.044867 0.012580 -0.037823
v 0.045626 0.006803 -0.040983
v 0.043933 -0.027770 -0.334409
v 0.044266 -0.017460 -0.334772
v 0.046325 -0.027753 -0.330608
v 0.045098 -0.006451 -0.046016
v 0.045888 -0.000336 -0.038611
v 0.045842 -0.000487 -0.046020
v 0.045098 -0.006451 -0.046016
v 0.044756 -0.008283 -0.038600
v 0.045888 -0.000336 -0.038611
v 0.044006 0.015265 -0.038655
v 0.044805 0.012071 -0.046058
v 0.045635 0.007561 -0.038615
v 0.028071 0.029840 -0.277661
v 0.024256 0.031063 -0.271496
v 0.029809 0.029091 -0.280390
v 0.046765 0.030763 -0.310737
v 0.036736 -0.001941 -0.046100
v 0.036736 -0.001941 -0.046100
v 0.036736 -0.001941 -0.046100
v 0.045098 -0.006451 -0.046016
v 0.045842 -0.000487 -0.046020
v 0.045842 -0.000487 -0.046020
v 0.045776 0.005601 -0.046040
v 0.037180 0.001823 -0.041107
v 0.037180 0.001823 -0.041107
v 0.037180 0.001823 -0.041107
v 0.045626 0.006803 -0.040983
v 0.045626 0.006803 -0.040983
v 0.045626 0.006803 -0.040983
v 0.045765 -0.000991 -0.040970
v 0.045765 -0.000991 -0.040970
v 0.045765 -0.000991 -0.040970
v 0.036136 -0.007180 -0.041089
v 0.036136 -0.007180 -0.041089
v 0.044566 -0.008767 -0.040955
v 0.035919 0.010878 -0.046125
v 0.035919 0.010878 -0.046125
v 0.035919 0.010878 -0.046125
v 0.036736 -0.001941 -0.046100
v 0.045776 0.005601 -0.046040
v 0.044805 0.012071 -0.046058
v 0.044805 0.012071 -0.046058
v 0.028141 -0.026549 -0.277573
v 0.046144 -0.027546 -0.309128
v 0.023965 -0.028172 -0.276528
v 0.044706 -0.027857 -0.309576
v 0.024193 -0.027995 -0.274330
v 0.046144 -0.027546 -0.309128
v 0.045945 0.030900 -0.310447
v 0.024256 0.031063 -0.271496
v 0.045882 -0.028241 -0.317353
v 0.045421 -0.027888 -0.321970
v 0.045547 -0.028127 -0.323429
v 0.044511 -0.027948 -0.325902
v 0.044656 -0.027953 -0.314334
v 0.045458 -0.027930 -0.317382
v 0.045444 -0.027903 -0.317532
v 0.045220 -0.027680 -0.321511
v 0.036063 0.011573 -0.041126
v 0.036063 0.011573 -0.041126
v 0.036063 0.011573 -0.041126
v 0.036063 0.011573 -0.041126
v 0.044134 0.014630 -0.040996
v 0.044134 0.014630 -0.040996
v 0.043576 -0.012367 -0.045997
v 0.044756 -0.008283 -0.038600
v 0.045098 -0.006451 -0.046016
v 0.045073 -0.027617 -0.317567
v 0.044069 -0.027627 -0.320262
v 0.043375 -0.028157 -0.310105
v 0.044861 -0.028033 -0.314769
v 0.043399 -0.027493 -0.325566
v 0.045220 -0.027680 -0.321511
v 0.044177 -0.027637 -0.321127
v 0.042369 -0.027550 -0.325329
v 0.042565 -0.027568 -0.315549
v 0.044162 -0.027604 -0.318004
v 0.040835 0.023969 -0.038284
v 0.046136 0.011742 -0.037627
v 0.041011 0.022807 -0.038673
v 0.044510 0.014535 -0.038354
v 0.044689 -0.029409 -0.323521
v 0.045057 -0.028700 -0.320202
v 0.045059 -0.028673 -0.319848
v 0.044691 -0.029395 -0.316584
v 0.042369 -0.027550 -0.325329
v 0.043958 -0.027639 -0.319822
v 0.043977 -0.027640 -0.320183
v 0.044851 -0.028070 -0.325413
v 0.042971 -0.028352 -0.330975
v 0.044400 -0.027701 -0.326015
v 0.045220 -0.027680 -0.321511
v 0.036736 -0.001941 -0.046100
v 0.043576 -0.012367 -0.045997
v 0.045098 -0.006451 -0.046016
v 0.044453 -0.027852 -0.314060
v 0.045073 -0.027617 -0.317567
v 0.043456 -0.027590 -0.311570
v 0.043332 -0.027583 -0.315763
v 0.038665 -0.035444 -0.323456
v 0.044689 -0.029409 -0.323521
v 0.044993 -0.029403 -0.320058
v 0.038835 -0.035431 -0.316716
v 0.038665 -0.035444 -0.323456
v 0.044993 -0.029403 -0.320058
v 0.044691 -0.029395 -0.316584
v 0.038835 -0.035431 -0.316716
v 0.044993 -0.029403 -0.320058
v 0.044698 -0.029036 -0.316968
v 0.043477 -0.029419 -0.312353
v 0.043698 -0.028976 -0.327103
v 0.044689 -0.029409 -0.323521
v 0.043179 -0.027670 -0.328716
v 0.044724 -0.028838 -0.322910
v 0.040208 0.004668 -0.050173
v 0.038012 0.017042 -0.050116
v 0.045525 0.016499 -0.049674
v 0.043111 0.017854 -0.046070
v 0.043111 0.017854 -0.046070
v 0.043111 0.017854 -0.046070
v 0.043024 -0.027619 -0.314908
v 0.045184 -0.027704 -0.319987
v 0.042565 -0.027568 -0.315549
v 0.043567 -0.028516 -0.312527
v 0.045184 -0.027704 -0.319987
v 0.042855 -0.027885 -0.330116
v 0.044511 -0.027948 -0.325902
v 0.042749 -0.027593 -0.326071
v 0.045184 -0.027704 -0.319987
v 0.044006 0.015265 -0.038655
v 0.043111 0.017854 -0.046070
v 0.044805 0.012071 -0.046058
v 0.045048 0.011694 -0.037532
v 0.040417 0.024269 -0.037165
v 0.025974 0.031065 -0.275918
v 0.045184 0.031030 -0.310199
v 0.043481 -0.027779 -0.311234
v 0.044656 -0.027953 -0.314334
v 0.042536 -0.015214 -0.038744
v 0.044362 -0.009946 -0.037085
v 0.042038 -0.016270 -0.040935
v 0.044566 -0.008767 -0.040955
v 0.044362 -0.009946 -0.037085
v 0.039872 -0.020937 -0.037111
v 0.042766 -0.014535 -0.037582
v 0.043477 -0.029419 -0.312353
v 0.038835 -0.035431 -0.316716
v 0.044691 -0.029395 -0.316584
v 0.038665 -0.035444 -0.323456
v 0.043788 -0.029419 -0.326877
v 0.044689 -0.029409 -0.323521
v 0.042038 -0.016270 -0.040935
v 0.042038 -0.016270 -0.040935
v 0.042038 -0.016270 -0.040935
v 0.036136 -0.007180 -0.041089
v 0.036136 -0.007180 -0.041089
v 0.044566 -0.008767 -0.040955
v 0.043576 -0.012367 -0.045997
v 0.042243 -0.015945 -0.038591
v 0.044756 -0.008283 -0.038600
v 0.042243 -0.015945 -0.038591
v 0.044560 -0.011920 -0.037893
v 0.041487 0.021774 -0.039611
v 0.044134 0.014630 -0.040996
v 0.041440 0.022102 -0.037846
v 0.044867 0.012580 -0.037823
v 0.044134 0.014630 -0.040996
v 0.041234 0.030875 -0.337480
v 0.045116 0.029988 -0.333050
v 0.043806 -0.020068 -0.037561
v 0.041048 -0.024575 -0.048108
v 0.044122 -0.018988 -0.048427
v 0.041011 0.022807 -0.038673
v 0.043111 0.017854 -0.046070
v 0.044006 0.015265 -0.038655
v 0.042881 0.041230 0.026859
v 0.043916 0.039001 0.028325
v 0.043401 0.037847 -0.036755
v 0.040885 0.038709 -0.035224
v 0.042447 0.040142 -0.035370
v 0.045052 0.039292 -0.037002
v 0.038012 0.017042 -0.050116
v 0.042544 0.024224 -0.049630
v 0.045525 0.016499 -0.049674
v 0.041345 0.021988 -0.041012
v 0.041345 0.021988 -0.041012
v 0.043047 0.024093 -0.049053
v 0.040891 0.028859 -0.048548
v 0.040462 -0.024802 -0.048619
v 0.044122 -0.018988 -0.048427
v 0.042985 -0.028443 -0.328894
v 0.043788 -0.029419 -0.326877
v 0.044365 -0.027657 -0.326085
v 0.042717 -0.027584 -0.329732
v 0.042565 -0.027568 -0.315549
v 0.042603 -0.027670 -0.312670
v 0.043398 -0.027481 -0.326051
v 0.042717 -0.027584 -0.329732
v 0.039129 -0.025692 -0.049525
v 0.044092 -0.018020 -0.048849
v 0.041266 -0.018049 -0.045986
v 0.042243 -0.015945 -0.038591
v 0.043576 -0.012367 -0.045997
v 0.039806 -0.027509 -0.330546
v 0.042585 -0.027620 -0.328005
v 0.044035 0.023433 -0.048206
v 0.040891 0.028859 -0.048548
v 0.041376 0.028535 -0.037660
v 0.035369 -0.035464 -0.329855
v 0.042704 -0.029604 -0.328748
v 0.038665 -0.035444 -0.323456
v 0.035369 -0.035464 -0.329855
v 0.043788 -0.029419 -0.326877
v 0.041234 0.030875 -0.337480
v 0.045134 0.029190 -0.333356
v 0.043475 0.020522 -0.335751
v 0.040807 0.031012 -0.337055
v 0.045302 0.030893 -0.332448
v 0.040278 0.031156 -0.336703
v 0.044968 0.031018 -0.331927
v 0.036061 -0.028402 -0.338175
v 0.041196 -0.027858 -0.336987
v 0.042971 -0.028352 -0.330975
v 0.036061 -0.028402 -0.338175
v 0.043933 -0.027770 -0.334409
v 0.032209 -0.017466 -0.322430
v 0.032424 -0.017474 -0.321124
v 0.031892 -0.017491 -0.317268
v 0.032492 -0.017484 -0.319215
v 0.037324 -0.017480 -0.339002
v 0.029498 -0.017436 -0.326269
v 0.044266 -0.017460 -0.334772
v 0.029498 -0.017436 -0.326269
v 0.040966 -0.027817 -0.337667
v 0.044266 -0.017460 -0.334772
v 0.043933 -0.027770 -0.334409
v 0.033202 -0.014155 -0.046074
v 0.041266 -0.018049 -0.045986
v 0.043576 -0.012367 -0.045997
v 0.033202 -0.014155 -0.046074
v 0.043576 -0.012367 -0.045997
v 0.041081 0.022835 -0.037580
v 0.044867 0.012580 -0.037823
v 0.037221 -0.026828 -0.037551
v 0.037221 -0.026828 -0.037551
v 0.036483 -0.029436 -0.037544
v 0.037123 -0.027929 -0.037548
v 0.043017 -0.014999 -0.038216
v 0.037221 -0.026828 -0.037551
v 0.042775 -0.028062 -0.330627
v 0.040914 -0.028014 -0.332765
v 0.041011 0.022807 -0.038673
v 0.040701 0.023342 -0.046067
v 0.043111 0.017854 -0.046070
v 0.042286 -0.027615 -0.312144
v 0.042565 -0.027568 -0.315549
v 0.033245 0.017934 -0.046140
v 0.033245 0.017934 -0.046140
v 0.033245 0.017934 -0.046140
v 0.040701 0.023342 -0.046067
v 0.040701 0.023342 -0.046067
v 0.042369 -0.027550 -0.325329
v 0.041708 -0.027556 -0.329659
v 0.038242 -0.017517 -0.339456
v 0.044266 -0.017460 -0.334772
v 0.040966 -0.027817 -0.337667
v 0.038869 -0.017550 -0.339958
v 0.044266 -0.017460 -0.334772
v 0.033400 0.020526 -0.330579
v 0.033400 0.020526 -0.330579
v 0.039999 0.020581 -0.339082
v 0.039999 0.020581 -0.339082
v 0.043475 0.020522 -0.335751
v 0.039999 0.020581 -0.339082
v 0.041234 0.030875 -0.337480
v 0.043475 0.020522 -0.335751
v 0.039403 0.039957 -0.032255
v 0.041188 0.038456 -0.035305
v 0.023965 -0.028172 -0.276528
v 0.043406 -0.027883 -0.310799
v 0.040951 0.041442 0.024473
v 0.042881 0.041230 0.026859
v 0.039501 0.039981 0.024409
v 0.042581 0.037408 0.028526
v 0.042881 0.041230 0.026859
v 0.041314 0.039687 -0.034795
v 0.039403 0.039957 -0.032255
v 0.040983 0.041461 -0.032595
v 0.042774 0.041205 -0.035074
v 0.023428 -0.027927 -0.276242
v 0.043456 -0.027590 -0.311570
v 0.022851 -0.027669 -0.275919
v 0.042346 -0.027616 -0.311813
v 0.043535 -0.028572 -0.312417
v 0.023763 -0.029454 -0.278033
v 0.040172 -0.028940 -0.333034
v 0.042303 -0.029430 -0.330049
v 0.039299 -0.027632 -0.334130
v 0.042524 -0.028695 -0.329694
v 0.022383 -0.028689 -0.275837
v 0.043612 -0.027713 -0.312514
v 0.042401 -0.027676 -0.312275
v 0.020164 -0.027658 -0.272258
v 0.023763 -0.029454 -0.278033
v 0.030869 -0.035408 -0.302339
v 0.043477 -0.029419 -0.312353
v 0.030869 -0.035408 -0.302339
v 0.038835 -0.035431 -0.316716
v 0.043477 -0.029419 -0.312353
v 0.035369 -0.035464 -0.329855
v 0.040318 -0.029432 -0.332882
v 0.042303 -0.029430 -0.330049
v 0.040663 -0.027808 -0.332936
v 0.042717 -0.027584 -0.329732
v 0.036875 0.029539 -0.038665
v 0.040129 0.025993 -0.037977
v 0.040268 -0.027516 -0.331231
v 0.042717 -0.027584 -0.329732
v 0.030859 -0.018882 -0.041066
v 0.030859 -0.018882 -0.041066
v 0.030859 -0.018882 -0.041066
v 0.038343 -0.023116 -0.040920
v 0.038343 -0.023116 -0.040920
v 0.039610 -0.027546 -0.330934
v 0.043179 -0.027670 -0.328716
v 0.038623 -0.027629 -0.333495
v 0.043179 -0.027670 -0.328716
v 0.038626 -0.022762 -0.039147
v 0.042617 -0.015175 -0.037779
v 0.038343 -0.023116 -0.040920
v 0.042126 -0.016099 -0.039721
v 0.039513 -0.021472 -0.037350
v 0.042617 -0.015175 -0.037779
v 0.041266 -0.018049 -0.045986
v 0.038602 -0.022857 -0.038558
v 0.042243 -0.015945 -0.038591
v 0.038368 -0.023683 -0.038274
v 0.042243 -0.015945 -0.038591
v 0.037342 0.028837 -0.039746
v 0.041345 0.021988 -0.041012
v 0.036947 0.029588 -0.037863
v 0.041263 0.022274 -0.039281
v 0.036335 -0.030731 -0.037541
v 0.041048 -0.024575 -0.048108
v 0.043806 -0.020068 -0.037561
v 0.041248 -0.028095 -0.332498
v 0.038161 -0.028000 -0.335547
v 0.037725 -0.028132 -0.336148
v 0.042971 -0.028352 -0.330975
v 0.039403 0.039957 -0.032255
v 0.039501 0.039981 0.024409
v 0.041400 0.042465 0.023884
v 0.041424 0.042340 -0.032200
v 0.039403 0.039957 -0.032255
v 0.041400 0.042465 0.023884
v 0.035800 0.032320 0.006569
v 0.035800 0.032320 0.006569
v 0.038003 -0.023695 -0.045975
v 0.038602 -0.022857 -0.038558
v 0.041266 -0.018049 -0.045986
v 0.033244 0.018752 -0.041141
v 0.033244 0.018752 -0.041141
v 0.037373 0.028731 -0.040994
v 0.037373 0.028731 -0.040994
v 0.041345 0.021988 -0.041012
v 0.033244 0.018752 -0.041141
v 0.031432 -0.023871 -0.050058
v 0.037083 -0.014947 -0.050028
v 0.044536 -0.015405 -0.049584
v 0.039129 -0.025692 -0.049525
v 0.031432 -0.023871 -0.050058
v 0.044536 -0.015405 -0.049584
v 0.036875 0.029539 -0.038665
v 0.037515 0.028561 -0.046073
v 0.041011 0.022807 -0.038673
v 0.037515 0.028561 -0.046073
v 0.040701 0.023342 -0.046067
v 0.041011 0.022807 -0.038673
v 0.036335 -0.030731 -0.037541
v 0.037191 -0.029664 -0.048413
v 0.041048 -0.024575 -0.048108
v 0.037260 0.033633 -0.048819
v 0.041376 0.028535 -0.037660
v 0.040891 0.028859 -0.048548
v 0.029905 -0.024344 -0.280276
v 0.038480 -0.022968 -0.295004
v 0.029923 0.027637 -0.280520
v 0.038777 0.026259 -0.295760
v 0.033202 -0.014155 -0.046074
v 0.033202 -0.014155 -0.046074
v 0.033202 -0.014155 -0.046074
v 0.038003 -0.023695 -0.045975
v 0.038003 -0.023695 -0.045975
v 0.041266 -0.018049 -0.045986
v 0.037191 -0.029664 -0.048413
v 0.039638 -0.025547 -0.049014
v 0.035800 0.032320 0.006569
v 0.040414 0.032368 0.014610
v 0.020440 -0.027650 -0.274503
v 0.041294 -0.027642 -0.312102
v 0.021757 -0.027657 -0.276107
v 0.021487 -0.027655 -0.275848
v 0.041294 -0.027642 -0.312102
v 0.040972 0.028217 -0.048804
v 0.037260 0.033633 -0.048819
v 0.038694 0.029500 -0.339819
v 0.041234 0.030875 -0.337480
v 0.039999 0.020581 -0.339082
v 0.034478 -0.027772 0.011863
v 0.040593 -0.027795 0.014299
v 0.040047 -0.027758 0.016634
v 0.040081 -0.028026 0.014524
v 0.037515 0.028561 -0.046073
v 0.033464 0.032332 0.014458
v 0.040098 0.032361 0.014532
v 0.037462 -0.026181 -0.340635
v 0.038869 -0.017550 -0.339958
v 0.040966 -0.027817 -0.337667
v 0.039972 -0.027790 0.016617
v 0.039645 -0.028250 0.014506
v 0.037859 -0.029441 -0.335338
v 0.039424 -0.028436 -0.333902
v 0.039830 0.032371 0.017083
v 0.028470 0.032346 0.022576
v 0.036169 0.034245 -0.049117
v 0.042544 0.024224 -0.049630
v 0.039829 -0.027855 0.016588
v 0.039645 -0.028250 0.014506
v 0.039407 -0.028093 0.016471
v 0.039645 -0.028250 0.014506
v 0.035369 -0.035464 -0.329855
v 0.037859 -0.029441 -0.335338
v 0.040318 -0.029432 -0.332882
v 0.032035 0.032339 0.017201
v 0.039501 0.032347 0.017159
v 0.039760 -0.027887 0.016576
v 0.039915 -0.027815 0.016609
v 0.039123 -0.003288 -0.050616
v 0.040208 0.004668 -0.050173
v 0.039411 -0.027838 0.016858
v 0.039951 -0.027796 0.016622
v 0.036947 0.029588 -0.037863
v 0.040675 0.023670 -0.037414
v 0.034940 0.020624 -0.342258
v 0.034940 0.020624 -0.342258
v 0.038694 0.029500 -0.339819
v 0.039999 0.020581 -0.339082
v 0.039411 -0.027838 0.016858
v 0.039807 -0.027860 0.016595
v 0.040008 -0.028055 0.014415
v 0.033618 -0.028077 0.014112
v 0.039021 0.002066 0.035291
v 0.039717 0.001464 0.040894
v 0.039508 -0.027893 0.016727
v 0.039036 -0.028286 0.016518
v 0.039036 -0.028286 0.016518
v 0.039181 -0.028599 0.014773
v 0.039103 0.004974 0.040887
v 0.039103 0.004974 0.040887
v 0.039618 0.002350 0.042029
v 0.039717 0.001464 0.040894
v 0.039059 0.003568 0.035045
v 0.040406 -0.027700 -0.333181
v 0.038161 -0.028000 -0.335547
v 0.037912 0.031191 -0.338573
v 0.040584 0.031042 -0.337088
v 0.037920 -0.027760 -0.335643
v 0.040184 -0.027500 -0.333343
v 0.039534 0.001573 0.042654
v 0.038231 -0.001502 0.043900
v 0.038571 0.009103 -0.050758
v 0.038012 0.017042 -0.050116
v 0.039336 0.002894 0.043892
v 0.038231 -0.001502 0.043900
v 0.038967 0.004865 0.042867
v 0.039695 0.002431 0.043893
v 0.038129 -0.001477 0.042135
v 0.037650 -0.002175 0.040896
v 0.038913 0.000718 0.034938
v 0.039717 0.001464 0.040894
v 0.039717 0.001464 0.040894
v 0.033240 0.025472 -0.050174
v 0.033232 0.036602 -0.049670
v 0.042544 0.024224 -0.049630
v 0.038012 0.017042 -0.050116
v 0.033240 0.025472 -0.050174
v 0.042544 0.024224 -0.049630
v 0.039433 -0.004536 -0.050385
v 0.037851 -0.009209 -0.050551
v 0.034077 -0.027823 -0.013072
v 0.039376 -0.027834 -0.018013
v 0.038493 -0.002622 -0.050967
v 0.039030 0.003508 -0.051018
v 0.036883 -0.027426 -0.335647
v 0.040184 -0.027500 -0.333343
v 0.039798 -0.027502 -0.332337
v 0.034482 -0.027472 -0.335619
v 0.037083 -0.014947 -0.050028
v 0.038289 -0.008709 -0.050405
v 0.039367 0.004325 -0.050755
v 0.038076 0.009803 -0.051019
v 0.038335 -0.000376 0.035218
v 0.037650 -0.002175 0.040896
v 0.038722 -0.028782 0.014590
v 0.039645 -0.028250 0.014506
v 0.038040 -0.028307 -0.018368
v 0.039376 -0.027834 -0.018013
v 0.037260 0.033633 -0.048819
v 0.033227 0.038076 -0.037680
v 0.041376 0.028535 -0.037660
v 0.033477 0.035417 -0.037913
v 0.041376 0.028535 -0.037660
v 0.033234 0.034115 -0.038070
v 0.040744 0.027689 -0.037663
v 0.038913 0.000718 0.034938
v 0.038913 0.000718 0.034938
v 0.038625 0.003037 0.034384
v 0.038215 0.001926 0.033773
v 0.038833 -0.028497 0.014420
v 0.033618 -0.028077 0.014112
v 0.037981 0.005336 0.034551
v 0.038613 0.003559 0.034493
v 0.038076 0.009803 -0.051019
v 0.037198 0.016936 -0.050437
v 0.037936 -0.027587 -0.332639
v 0.034482 -0.027472 -0.335619
v 0.038454 0.005727 0.041215
v 0.038659 0.005520 0.043886
v 0.037897 -0.029085 0.016815
v 0.039118 -0.028167 0.016642
v 0.038587 -0.028129 -0.018426
v 0.037518 -0.027928 -0.021155
v 0.038543 -0.023001 -0.037331
v 0.039872 -0.020937 -0.037111
v 0.038597 -0.028645 0.016443
v 0.038827 -0.028923 0.014754
v 0.038573 0.004407 0.034987
v 0.039103 0.004974 0.040887
v 0.038390 0.000578 0.034310
v 0.038134 0.001627 0.033653
v 0.033268 0.035080 0.014685
v 0.032936 0.035118 0.015760
v 0.040339 0.032446 0.015856
v 0.040220 0.032399 0.016988
v 0.040396 0.032374 0.014619
v 0.033268 0.035080 0.014685
v 0.037981 0.005336 0.034551
v 0.038351 0.005815 0.040695
v 0.032157 -0.027813 0.017212
v 0.038362 -0.028573 0.016840
v 0.035601 -0.028225 -0.337996
v 0.038161 -0.028000 -0.335547
v 0.038386 -0.001316 0.029209
v 0.038556 0.000247 0.029967
v 0.040966 -0.027817 -0.337667
v 0.036928 -0.026734 -0.340735
v 0.035285 0.030870 -0.341506
v 0.038934 0.029927 -0.339464
v 0.038314 -0.001199 0.029329
v 0.038423 -0.001661 0.028940
v 0.038239 -0.000858 0.029653
v 0.038556 0.000247 0.029967
v 0.038329 -0.001710 0.028927
v 0.038314 -0.001199 0.029329
v 0.038346 -0.001701 0.028929
v 0.038505 -0.001659 0.028925
v 0.037971 -0.028186 -0.018116
v 0.031828 -0.028133 -0.017884
v 0.033628 0.033520 0.014559
v 0.040098 0.032361 0.014532
v 0.036062 -0.028203 -0.339101
v 0.040966 -0.027817 -0.337667
v 0.035285 0.030870 -0.341506
v 0.038398 0.031097 -0.338587
v 0.037933 -0.001112 0.035157
v 0.038357 0.000219 0.034482
v 0.038335 0.001832 0.030385
v 0.038445 0.000073 0.029944
v 0.038178 -0.000780 0.029785
v 0.038309 -0.001252 0.029297
v 0.038313 -0.001737 0.028915
v 0.038106 -0.001962 0.028899
v 0.038248 -0.001776 0.028940
v 0.038178 -0.000780 0.029785
v 0.038297 0.002591 0.030580
v 0.038134 0.001627 0.033653
v 0.038171 0.002448 0.033587
v 0.038273 0.004177 0.030129
v 0.038120 0.001075 0.033667
v 0.038335 0.001832 0.030385
v 0.038122 0.003953 0.033725
v 0.038273 0.004177 0.030129
v 0.038427 0.004722 0.029822
v 0.038004 0.006871 0.028884
v 0.038076 0.000164 0.034037
v 0.038245 0.000586 0.030474
v 0.038196 0.006440 0.028908
v 0.038528 0.004918 0.029700
v 0.037897 -0.029085 0.016815
v 0.038240 -0.029187 0.015771
v 0.035596 -0.033634 0.014648
v 0.035184 -0.033567 0.015774
v 0.037274 -0.007325 -0.051599
v 0.038493 -0.002622 -0.050967
v 0.038157 0.005207 0.030021
v 0.037981 0.005336 0.034551
v 0.038024 -0.000353 0.034342
v 0.038178 -0.000780 0.029785
v 0.037957 -0.001135 0.034583
v 0.037650 -0.002175 0.040896
v 0.032131 0.035314 0.017000
v 0.039817 0.032377 0.017080
v 0.038659 0.005520 0.043886
v 0.035009 0.006920 0.044071
v 0.038231 -0.001502 0.043900
v 0.037613 0.006696 0.040883
v 0.037979 0.006215 0.043690
v 0.037662 0.006390 0.043888
v 0.035009 0.006920 0.044071
v 0.035369 -0.035464 -0.329855
v 0.035369 -0.035464 -0.329855
v 0.038410 -0.035443 -0.322670
v 0.038835 -0.035431 -0.316716
v 0.038835 -0.035431 -0.316716
v 0.038835 -0.035431 -0.316716
v 0.038835 -0.035431 -0.316716
v 0.037584 0.009581 -0.051798
v 0.038353 0.003207 -0.051532
v 0.037650 -0.002175 0.040896
v 0.038142 -0.001334 0.029419
v 0.033468 -0.029308 -0.040908
v 0.035596 -0.033634 0.014648
v 0.038620 -0.028808 0.014563
v 0.038493 -0.002622 -0.050967
v 0.038019 0.003071 -0.052259
v 0.032348 0.033684 0.017109
v 0.039501 0.032347 0.017159
v 0.034236 -0.028517 -0.045972
v 0.034236 -0.028517 -0.045972
v 0.034236 -0.028517 -0.045972
v 0.037955 0.005769 0.033915
v 0.037613 0.006696 0.040883
v 0.036461 0.030111 -0.037634
v 0.040417 0.024269 -0.037165
v 0.037839 -0.002213 -0.052220
v 0.037616 0.003177 -0.053148
v 0.036176 -0.008208 0.040757
v 0.034910 -0.012964 0.028927
v 0.038106 -0.001962 0.028899
v 0.037650 -0.002175 0.040896
v 0.036176 -0.008208 0.040757
v 0.038106 -0.001962 0.028899
v 0.035002 0.017226 0.028865
v 0.036211 0.012634 0.040570
v 0.038004 0.006871 0.028884
v 0.036211 0.012634 0.040570
v 0.037493 0.006698 0.043872
v 0.038004 0.006871 0.028884
v 0.037571 0.006699 0.041893
v 0.038004 0.006871 0.028884
v 0.034398 -0.027600 -0.337769
v 0.038164 -0.028719 -0.335057
v 0.034956 -0.028821 -0.337368
v 0.037859 -0.029441 -0.335338
v 0.038299 -0.023236 -0.039565
v 0.033468 -0.029308 -0.040908
v 0.036856 -0.006865 -0.052193
v 0.037850 -0.002747 -0.052059
v 0.037960 0.003308 -0.052361
v 0.037061 0.009616 -0.052588
v 0.033739 -0.029104 -0.038562
v 0.038602 -0.022857 -0.038558
v 0.038003 -0.023695 -0.045975
v 0.034236 -0.028517 -0.045972
v 0.033739 -0.029104 -0.038562
v 0.038003 -0.023695 -0.045975
v 0.033234 0.034115 -0.038070
v 0.037395 0.029186 -0.038392
v 0.036642 -0.026896 -0.037862
v 0.038602 -0.022857 -0.038558
v 0.037014 -0.028327 -0.020872
v 0.038200 -0.028314 -0.018480
v 0.035689 -0.011274 -0.051833
v 0.037284 -0.008785 -0.051195
v 0.035369 -0.035464 -0.329855
v 0.035000 -0.029459 -0.337330
v 0.037859 -0.029441 -0.335338
v 0.035995 0.016120 -0.051432
v 0.038076 0.009803 -0.051019
v 0.037841 -0.002211 0.043811
v 0.037650 -0.002175 0.040896
v 0.037412 -0.003055 0.044176
v 0.036176 -0.008208 0.040757
v 0.037650 -0.002175 0.040896
v 0.031383 -0.017496 -0.315903
v 0.027157 -0.017495 -0.312769
v 0.027157 -0.017495 -0.312769
v 0.023804 -0.017481 -0.312665
v 0.035009 0.006920 0.044071
v 0.035018 -0.002367 0.044145
v 0.038231 -0.001502 0.043900
v 0.035018 -0.002367 0.044145
v 0.037481 -0.002488 0.044083
v 0.036211 0.012634 0.040570
v 0.037454 0.007257 0.044011
v 0.037371 0.007161 0.044017
v 0.035009 0.006920 0.044071
v 0.037069 0.008650 -0.053299
v 0.037616 0.003177 -0.053148
v 0.014175 -0.017467 -0.306338
v 0.014175 -0.017467 -0.306338
v 0.014175 -0.017467 -0.306338
v 0.014175 -0.017467 -0.306338
v 0.014175 -0.017467 -0.306338
v 0.014175 -0.017467 -0.306338
v 0.014175 -0.017467 -0.306338
v 0.033435 0.033721 -0.039318
v 0.033231 0.033773 -0.041000
v 0.036947 0.029588 -0.037863
v 0.036920 0.029444 -0.039498
v 0.037601 -0.028445 -0.018323
v 0.037122 -0.029069 -0.018680
v 0.036875 0.029539 -0.038665
v 0.033233 0.033757 -0.046103
v 0.037515 0.028561 -0.046073
v 0.034482 -0.027472 -0.335619
v 0.038165 -0.027620 -0.333553
v 0.034621 -0.027528 -0.336407
v 0.039299 -0.027632 -0.334130
v 0.034900 0.025555 -0.287672
v 0.036179 0.020884 -0.290347
v 0.038777 0.026259 -0.295760
v 0.034315 0.025749 -0.287044
v 0.038777 0.026259 -0.295760
v 0.036626 -0.007221 -0.052737
v 0.037351 -0.002311 -0.053115
v 0.036102 -0.017647 -0.290044
v 0.036102 -0.017647 -0.290044
v 0.035254 -0.022385 -0.288269
v 0.035254 -0.022385 -0.288269
v 0.038480 -0.022968 -0.295004
v 0.035631 -0.022554 -0.289263
v 0.029854 -0.022922 -0.280106
v 0.036117 -0.008471 -0.053681
v 0.031376 -0.007019 -0.151576
v 0.037351 -0.002311 -0.053115
v 0.033229 0.037999 -0.048264
v 0.033227 0.038076 -0.037680
v 0.037260 0.033633 -0.048819
v 0.033231 0.033773 -0.041000
v 0.033233 0.033757 -0.046103
v 0.033245 0.017934 -0.046140
v 0.037515 0.028561 -0.046073
v 0.034139 -0.028687 -0.037745
v 0.034053 -0.028702 -0.038988
v 0.038638 -0.022891 -0.037757
v 0.037944 -0.023850 -0.036841
v 0.036343 -0.025989 -0.035245
v 0.034139 -0.028687 -0.037745
v 0.037444 -0.028799 -0.018722
v 0.036073 -0.028890 -0.020944
v 0.035083 -0.027443 -0.336032
v 0.033359 -0.027418 -0.337445
v 0.033349 -0.027380 -0.338410
v 0.036136 -0.007180 -0.041089
v 0.036736 -0.001941 -0.046100
v 0.037180 0.001823 -0.041107
v 0.036736 -0.001941 -0.046100
v 0.035919 0.010878 -0.046125
v 0.037180 0.001823 -0.041107
v 0.035919 0.010878 -0.046125
v 0.036063 0.011573 -0.041126
v 0.037180 0.001823 -0.041107
v 0.036277 -0.015189 -0.050303
v 0.037851 -0.009209 -0.050551
v 0.037515 0.009836 -0.051826
v 0.035685 0.015654 -0.051943
v 0.033356 0.037078 -0.049072
v 0.037260 0.033633 -0.048819
v 0.032157 -0.027813 0.017212
v 0.034375 -0.034011 0.017000
v 0.037897 -0.029085 0.016815
v 0.030869 -0.035408 -0.302339
v 0.030869 -0.035408 -0.302339
v 0.015484 -0.035479 -0.330576
v 0.015484 -0.035479 -0.330576
v 0.015484 -0.035479 -0.330576
v 0.021619 -0.035479 -0.333659
v 0.021619 -0.035479 -0.333659
v 0.027804 -0.035476 -0.333894
v 0.027804 -0.035476 -0.333894
v 0.031363 -0.017519 -0.341798
v 0.037869 -0.017510 -0.339442
v 0.033400 0.020526 -0.330579
v 0.030202 0.020528 -0.332506
v 0.030202 0.020528 -0.332506
v 0.030202 0.020528 -0.332506
v 0.034940 0.020624 -0.342258
v 0.035285 0.030870 -0.341506
v 0.038694 0.029500 -0.339819
v 0.034940 0.020624 -0.342258
v 0.033104 0.010916 -0.117855
v 0.033104 0.010916 -0.117855
v 0.035365 0.014867 -0.053648
v 0.037053 0.008252 -0.053752
v 0.032697 -0.033858 -0.048674
v 0.037191 -0.029664 -0.048413
v 0.033234 0.034115 -0.038070
v 0.033233 0.033757 -0.046103
v 0.036875 0.029539 -0.038665
v 0.033389 -0.018012 -0.051010
v 0.036330 -0.010818 -0.051378
v 0.032335 -0.033679 -0.049282
v 0.037365 -0.028924 -0.048749
v 0.034275 -0.027912 0.012964
v 0.040593 -0.027795 0.014299
v 0.035548 0.015079 -0.052875
v 0.037061 0.009616 -0.052588
v 0.030969 0.031117 -0.342875
v 0.035499 0.030960 -0.340984
v 0.037662 -0.027646 -0.335809
v 0.034581 -0.027962 -0.337964
v 0.034236 -0.027745 -0.338060
v 0.037415 -0.027400 -0.335924
v 0.036555 -0.028497 -0.021034
v 0.029624 -0.028185 -0.021348
v 0.031559 -0.017569 -0.342537
v 0.038869 -0.017550 -0.339958
v 0.037462 -0.026181 -0.340635
v 0.031611 -0.017623 -0.343392
v 0.038869 -0.017550 -0.339958
v 0.031247 0.030848 -0.343100
v 0.035285 0.030870 -0.341506
v 0.034940 0.020624 -0.342258
v 0.030016 0.025964 -0.279985
v 0.034900 0.025555 -0.287672
v 0.029734 -0.022680 -0.279227
v 0.035254 -0.022385 -0.288269
v 0.035689 -0.011274 -0.051833
v 0.036326 -0.008160 -0.053054
v 0.037024 0.009182 -0.053070
v 0.035365 0.014867 -0.053648
v 0.037412 -0.003055 0.044176
v 0.035013 -0.010978 0.044253
v 0.036176 -0.008208 0.040757
v 0.034992 0.015582 0.044197
v 0.037436 0.007658 0.044161
v 0.036211 0.012634 0.040570
v 0.033860 -0.033544 -0.018554
v 0.037122 -0.029069 -0.018680
v 0.036022 -0.027783 0.005699
v 0.036343 -0.044764 0.002070
v 0.036414 -0.027801 -0.003695
v 0.036343 -0.044764 0.002070
v 0.036301 -0.044509 -0.003311
v 0.036414 -0.027801 -0.003695
v 0.033956 -0.033412 -0.018769
v 0.036470 -0.029205 -0.019745
v 0.036480 0.041445 -0.000613
v 0.035800 0.032320 0.006569
v 0.036468 0.032303 -0.002312
v 0.036236 -0.002900 0.044163
v 0.035013 -0.010978 0.044253
v 0.034992 0.015582 0.044197
v 0.036247 0.007486 0.044120
v 0.036022 -0.027783 0.005699
v 0.035678 -0.044488 0.007440
v 0.036343 -0.044764 0.002070
v 0.037235 -0.028792 -0.018459
v 0.033728 -0.033724 -0.018305
v 0.034967 0.042039 0.010414
v 0.035800 0.032320 0.006569
v 0.036480 0.041445 -0.000613
v 0.034992 0.015582 0.044197
v 0.036211 0.012634 0.040570
v 0.035002 0.017226 0.028865
v 0.035350 -0.044994 -0.008604
v 0.036414 -0.027801 -0.003695
v 0.036301 -0.044509 -0.003311
v 0.032931 -0.034128 -0.048107
v 0.037191 -0.029664 -0.048413
v 0.036335 -0.030731 -0.037541
v 0.027070 -0.038873 -0.037527
v 0.032931 -0.034128 -0.048107
v 0.036335 -0.030731 -0.037541
v 0.027070 -0.038873 -0.037527
v 0.026210 -0.038281 -0.037529
v 0.025965 -0.038315 -0.037529
v 0.036468 0.032303 -0.002312
v 0.035256 0.043106 -0.009779
v 0.036480 0.041445 -0.000613
v 0.033311 -0.034223 -0.018188
v 0.037421 -0.028382 -0.018181
v 0.036136 -0.007180 -0.041089
v 0.033202 -0.014155 -0.046074
v 0.036736 -0.001941 -0.046100
v 0.035753 -0.045378 -0.002982
v 0.036343 -0.044764 0.002070
v 0.034224 0.032279 -0.012906
v 0.035256 0.043106 -0.009779
v 0.036468 0.032303 -0.002312
v 0.033846 -0.015722 -0.051830
v 0.035689 -0.011274 -0.051833
v 0.031828 -0.028133 -0.017884
v 0.032286 -0.035506 -0.017974
v 0.037421 -0.028382 -0.018181
v 0.035737 -0.045354 -0.003389
v 0.035350 -0.044994 -0.008604
v 0.030908 -0.014058 -0.121697
v 0.031376 -0.007019 -0.151576
v 0.036117 -0.008471 -0.053681
v 0.034478 -0.027772 0.011863
v 0.035678 -0.044488 0.007440
v 0.036022 -0.027783 0.005699
v 0.031303 -0.034072 -0.049365
v 0.039129 -0.025692 -0.049525
v 0.033489 -0.033107 -0.019923
v 0.036073 -0.028890 -0.020944
v 0.035013 -0.010978 0.044253
v 0.034910 -0.012964 0.028927
v 0.036176 -0.008208 0.040757
v 0.032015 0.020613 -0.317845
v 0.032413 0.020587 -0.321044
v 0.032243 0.020574 -0.322325
v 0.031232 0.020628 -0.315776
v 0.031232 0.020628 -0.315776
v 0.030515 0.020537 -0.325277
v 0.032960 0.020529 -0.329198
v 0.030515 0.020537 -0.325277
v 0.033400 0.020526 -0.330579
v 0.043475 0.020522 -0.335751
v 0.030075 0.025620 -0.279337
v 0.032818 0.025555 -0.283831
v 0.035449 -0.045743 0.001997
v 0.035136 -0.046330 -0.003053
v 0.034472 -0.046309 0.007428
v 0.035244 -0.045923 0.002625
v 0.035168 -0.045304 0.007242
v 0.036343 -0.044764 0.002070
v 0.034967 0.042039 0.010414
v 0.033464 0.032332 0.014458
v 0.035800 0.032320 0.006569
v 0.024387 -0.038935 -0.049597
v 0.031432 -0.023871 -0.050058
v 0.039129 -0.025692 -0.049525
v 0.035350 -0.044994 -0.008604
v 0.034077 -0.027823 -0.013072
v 0.036414 -0.027801 -0.003695
v 0.034478 -0.027772 0.011863
v 0.034181 -0.044474 0.012642
v 0.035678 -0.044488 0.007440
v 0.033104 0.010916 -0.117855
v 0.030440 0.015891 -0.146395
v 0.035365 0.014867 -0.053648
v 0.031432 -0.023871 -0.050058
v 0.034132 -0.017708 -0.050704
v 0.037068 0.017122 -0.050457
v 0.033240 0.025472 -0.050174
v 0.034516 -0.045685 -0.008825
v 0.035136 -0.046330 -0.003053
v 0.033811 -0.044908 -0.013554
v 0.034077 -0.027823 -0.013072
v 0.035350 -0.044994 -0.008604
v 0.035500 -0.027078 -0.033677
v 0.034139 -0.028687 -0.037745
v 0.034181 -0.044474 0.012642
v 0.035054 -0.045344 0.007633
v 0.034951 -0.028112 -0.338086
v 0.031680 -0.028170 -0.339392
v 0.033800 -0.014927 -0.052871
v 0.035689 -0.011274 -0.051833
v 0.033605 -0.014838 -0.053730
v 0.035647 -0.010763 -0.052502
v 0.032561 -0.021895 -0.282532
v 0.032282 -0.017682 -0.282331
v 0.032561 -0.021895 -0.282532
v 0.036102 -0.017647 -0.290044
v 0.032423 0.025124 -0.282348
v 0.032124 0.020943 -0.282082
v 0.036179 0.020884 -0.290347
v 0.034900 0.025555 -0.287672
v 0.032423 0.025124 -0.282348
v 0.036179 0.020884 -0.290347
v 0.032282 -0.017682 -0.282331
v 0.035168 0.022660 0.056681
v 0.035167 -0.017406 0.057526
v 0.034638 -0.017947 0.028933
v 0.034910 -0.012964 0.028927
v 0.035178 -0.017726 0.056976
v 0.034910 -0.012964 0.028927
v 0.035013 -0.010978 0.044253
v 0.035178 -0.017726 0.056976
v 0.035013 -0.010978 0.044253
v 0.035018 -0.002367 0.044145
v 0.035018 -0.002367 0.044145
v 0.035178 -0.017726 0.056976
v 0.035178 -0.017726 0.056976
v 0.035178 -0.017726 0.056976
v 0.035009 0.006920 0.044071
v 0.035009 0.006920 0.044071
v 0.035009 0.006920 0.044071
v 0.035168 0.022660 0.056681
v 0.035168 0.022660 0.056681
v 0.034992 0.015582 0.044197
v 0.034611 0.022524 0.028851
v 0.035168 0.022660 0.056681
v 0.034992 0.015582 0.044197
v 0.034981 0.019789 0.058002
v 0.035157 -0.017114 0.058060
v 0.033244 0.021590 -0.051433
v 0.035980 0.016585 -0.051264
v 0.034077 -0.027823 -0.013072
v 0.031828 -0.028133 -0.017884
v 0.039376 -0.027834 -0.018013
v 0.032449 -0.033805 -0.021025
v 0.036073 -0.028890 -0.020944
v 0.033457 0.022265 -0.051064
v 0.036321 0.017045 -0.050755
v 0.033587 -0.045467 0.012353
v 0.034472 -0.046309 0.007428
v 0.034065 -0.027283 -0.342048
v 0.037462 -0.026181 -0.340635
v 0.031616 -0.026124 -0.343160
v 0.031611 -0.017623 -0.343392
v 0.037462 -0.026181 -0.340635
v 0.031363 -0.017519 -0.341798
v 0.029498 -0.017436 -0.326269
v 0.037324 -0.017480 -0.339002
v 0.035919 0.010878 -0.046125
v 0.033245 0.017934 -0.046140
v 0.036063 0.011573 -0.041126
v 0.033245 0.017934 -0.046140
v 0.033244 0.018752 -0.041141
v 0.036063 0.011573 -0.041126
v 0.035341 -0.034223 0.014540
v 0.038429 -0.028666 0.014371
v 0.030981 -0.036227 -0.021142
v 0.029624 -0.028185 -0.021348
v 0.036073 -0.028890 -0.020944
v 0.035113 -0.017601 0.057474
v 0.034364 -0.019404 0.057932
v 0.034843 -0.017417 0.058672
v 0.034364 -0.019404 0.057932
v 0.034868 -0.017202 0.058810
v 0.034834 0.017895 0.059024
v 0.034696 -0.027912 -0.026404
v 0.031395 -0.031493 -0.029946
v 0.034926 -0.027775 -0.031395
v 0.031395 -0.031493 -0.029946
v 0.034139 -0.028687 -0.037745
v 0.034926 -0.027775 -0.031395
v 0.035002 0.017226 0.028865
v 0.034611 0.022524 0.028851
v 0.034992 0.015582 0.044197
v 0.031846 -0.029449 -0.338807
v 0.034458 -0.028561 -0.337660
v 0.030440 0.015891 -0.146395
v 0.033341 0.019456 -0.053768
v 0.035365 0.014867 -0.053648
v 0.033667 -0.036721 0.014093
v 0.033618 -0.028077 0.014112
v 0.038429 -0.028666 0.014371
v 0.033898 -0.036738 0.014196
v 0.038429 -0.028666 0.014371
v 0.030859 -0.018882 -0.041066
v 0.033202 -0.014155 -0.046074
v 0.036136 -0.007180 -0.041089
v 0.035452 0.015427 -0.052799
v 0.033341 0.019456 -0.053768
v 0.033477 0.019895 -0.052858
v 0.035685 0.015654 -0.051943
v 0.034911 -0.034172 0.015689
v 0.034375 -0.034011 0.017000
v 0.034145 -0.037299 0.014699
v 0.033618 -0.037153 0.015975
v 0.033605 -0.014838 -0.053730
v 0.030908 -0.014058 -0.121697
v 0.036117 -0.008471 -0.053681
v 0.034139 -0.036973 0.014474
v 0.035596 -0.033634 0.014648
v 0.027804 -0.035476 -0.333894
v 0.031846 -0.029449 -0.338807
v 0.035000 -0.029459 -0.337330
v 0.035369 -0.035464 -0.329855
v 0.027804 -0.035476 -0.333894
v 0.035000 -0.029459 -0.337330
v 0.034094 0.033023 -0.037374
v 0.034691 0.032247 -0.029206
v 0.033234 0.034115 -0.038070
v 0.033516 0.033571 -0.032907
v 0.033229 0.033866 -0.033270
v 0.030036 0.037022 -0.029300
v 0.034691 0.032247 -0.029206
v 0.036947 0.029588 -0.037863
v 0.034495 0.032526 -0.037438
v 0.034107 -0.018589 0.059404
v 0.034364 -0.019404 0.057932
v 0.033871 -0.019200 0.029017
v 0.035178 -0.017726 0.056976
v 0.034780 -0.018544 0.057403
v 0.033087 -0.020479 0.028945
v 0.027948 0.032224 -0.023617
v 0.034224 0.032279 -0.012906
v 0.034691 0.032247 -0.029206
v 0.033840 -0.045973 -0.010080
v 0.033811 -0.044908 -0.013554
v 0.030036 0.037022 -0.029300
v 0.029047 0.032256 -0.024928
v 0.034691 0.032247 -0.029206
v 0.028682 0.032243 -0.024464
v 0.034691 0.032247 -0.029206
v 0.034012 -0.028093 0.013083
v 0.033667 -0.036721 0.014093
v 0.033823 -0.037534 0.013691
v 0.034478 -0.027772 0.011863
v 0.034096 -0.040459 0.012948
v 0.034478 -0.027772 0.011863
v 0.031125 0.030976 -0.342989
v 0.035285 0.030870 -0.341506
v 0.025187 -0.037760 -0.037531
v 0.034782 -0.028489 -0.038183
v 0.025187 -0.037760 -0.037531
v 0.034058 -0.040793 0.013192
v 0.034181 -0.044474 0.012642
v 0.034340 -0.005229 0.059910
v 0.034576 -0.017330 0.059569
v 0.034449 0.004397 0.059699
v 0.034576 -0.017330 0.059569
v 0.033166 -0.007146 0.062270
v 0.032424 -0.007614 0.061712
v 0.033537 -0.006906 0.061892
v 0.034324 -0.006386 0.059940
v 0.034324 -0.006386 0.059940
v 0.034350 -0.006153 0.061464
v 0.034335 0.002190 0.060996
v 0.034355 0.002334 0.062179
v 0.033992 0.002330 0.061416
v 0.032105 0.002327 0.061858
v 0.032105 0.002327 0.061858
v 0.032725 0.002329 0.062074
v 0.028190 0.002327 0.064868
v 0.037518 -0.027928 -0.021155
v 0.027406 -0.027697 -0.024173
v 0.034696 -0.027912 -0.026404
v 0.033998 0.015365 0.060153
v 0.034317 0.002325 0.059922
v 0.033328 -0.007231 0.060867
v 0.034576 -0.017330 0.059569
v 0.033487 0.014329 0.060836
v 0.033220 0.002501 0.060885
v 0.034611 0.022524 0.028851
v 0.032676 0.025318 0.028845
v 0.035168 0.022660 0.056681
v 0.032880 -0.017555 0.061345
v 0.034017 -0.018115 0.059846
v 0.032424 -0.007614 0.061712
v 0.033690 -0.017300 0.060495
v 0.034967 0.042039 0.010414
v 0.033376 0.034196 0.014513
v 0.031576 0.044076 0.017978
v 0.033268 0.035080 0.014685
v 0.034967 0.042039 0.010414
v 0.026824 -0.028097 -0.025191
v 0.034696 -0.027912 -0.026404
v 0.032982 -0.046755 -0.010197
v 0.034854 -0.046445 -0.002210
v 0.032244 -0.041087 0.017134
v 0.032244 -0.041087 0.017134
v 0.031853 -0.044695 0.017648
v 0.033924 -0.042188 0.013429
v 0.034181 -0.044474 0.012642
v 0.025740 -0.024451 -0.046056
v 0.025740 -0.024451 -0.046056
v 0.025740 -0.024451 -0.046056
v 0.025740 -0.024451 -0.046056
v 0.029941 -0.032719 -0.045973
v 0.029941 -0.032719 -0.045973
v 0.034036 -0.038245 0.013887
v 0.034127 -0.037149 0.014503
v 0.032676 0.025318 0.028845
v 0.033151 0.025276 0.056752
v 0.035168 0.022660 0.056681
v 0.034073 -0.038014 0.014140
v 0.034058 -0.041175 0.013248
v 0.034038 -0.039029 0.013365
v 0.034058 -0.041175 0.013248
v 0.033811 -0.044908 -0.013554
v 0.032300 -0.038548 -0.017117
v 0.034077 -0.027823 -0.013072
v 0.032053 -0.037199 -0.017504
v 0.034077 -0.027823 -0.013072
v 0.031825 -0.036376 -0.017887
v 0.031828 -0.028133 -0.017884
v 0.034077 -0.027823 -0.013072
v 0.033264 -0.037847 0.016286
v 0.032244 -0.041087 0.017134
v 0.032244 -0.041087 0.017134
v 0.034058 -0.041175 0.013248
v 0.034145 -0.037299 0.014699
v 0.032446 -0.040466 -0.016824
v 0.033811 -0.044908 -0.013554
v 0.029379 -0.027473 -0.337631
v 0.032579 0.025380 -0.283051
v 0.034900 0.025555 -0.287672
v 0.031853 -0.044695 0.017648
v 0.033516 -0.045360 0.012752
v 0.034010 -0.038368 0.013723
v 0.033667 -0.036721 0.014093
v 0.032397 -0.022072 -0.282393
v 0.035254 -0.022385 -0.288269
v 0.034224 0.032279 -0.012906
v 0.032000 0.046050 -0.017664
v 0.035256 0.043106 -0.009779
v 0.033276 -0.017388 -0.051551
v 0.031034 -0.019491 -0.053161
v 0.034036 -0.038245 0.013887
v 0.033900 -0.036781 0.014189
v 0.032518 -0.020817 0.057975
v 0.034364 -0.019404 0.057932
v 0.033849 -0.019345 0.058959
v 0.031931 -0.020907 0.059201
v 0.033399 -0.020275 0.057444
v 0.033087 -0.020479 0.028945
v 0.031251 -0.044554 -0.018728
v 0.032434 -0.041136 -0.016880
v 0.033811 -0.044908 -0.013554
v 0.032723 -0.030000 -0.028848
v 0.034696 -0.027912 -0.026404
v 0.024909 -0.028784 -0.026738
v 0.033388 -0.028957 -0.027722
v 0.031034 -0.019491 -0.053161
v 0.033668 -0.015161 -0.052917
v 0.032980 -0.046300 0.012477
v 0.034360 -0.046384 0.006900
v 0.030902 -0.045437 -0.018196
v 0.033811 -0.044908 -0.013554
v 0.032388 -0.035799 -0.018055
v 0.033728 -0.033724 -0.018305
v 0.017461 -0.046814 -0.001814
v 0.017461 -0.046814 -0.001814
v 0.032982 -0.046755 -0.010197
v 0.034552 -0.046696 0.002518
v 0.034552 -0.046696 0.002518
v 0.034552 -0.046696 0.002518
v 0.016725 -0.046799 0.005663
v 0.016725 -0.046799 0.005663
v 0.016725 -0.046799 0.005663
v 0.032926 -0.038068 0.017011
v 0.034375 -0.034011 0.017000
v 0.033580 -0.027591 -0.338351
v 0.031680 -0.028170 -0.339392
v 0.031095 -0.045745 0.017055
v 0.032980 -0.046300 0.012477
v 0.027896 -0.027671 -0.339972
v 0.034298 -0.027548 -0.336909
v 0.032253 -0.028803 -0.338608
v 0.027896 -0.027671 -0.339972
v 0.033229 0.037999 -0.048264
v 0.033230 0.037365 -0.049019
v 0.033232 0.036602 -0.049670
v 0.033227 0.045883 -0.056928
v 0.033227 0.045883 -0.056928
v 0.033227 0.045883 -0.056928
v 0.033227 0.045883 -0.056928
v 0.033227 0.045883 -0.056928
v 0.033233 0.033757 -0.046103
v 0.033233 0.033757 -0.046103
v 0.033244 0.018752 -0.041141
v 0.033244 0.018752 -0.041141
v 0.033245 0.017934 -0.046140
v 0.033231 0.033773 -0.041000
v 0.033227 0.045883 -0.056928
v 0.033289 0.020689 -0.052540
v 0.033242 0.023983 -0.050759
v 0.033240 0.025472 -0.050174
v 0.033233 0.033757 -0.046103
v 0.033232 0.033866 -0.040431
v 0.033234 0.034115 -0.038070
v 0.033239 0.045748 -0.033294
v 0.033239 0.045748 -0.033294
v 0.033229 0.033866 -0.033270
v 0.033230 0.037058 -0.037662
v 0.033239 0.045748 -0.033294
v 0.033227 0.038076 -0.037680
v 0.033227 0.038076 -0.037680
v 0.024759 0.041000 -0.033405
v 0.033229 0.033866 -0.033270
v 0.033239 0.045748 -0.033294
v 0.031793 -0.022289 -0.281619
v 0.035254 -0.022385 -0.288269
v 0.021932 -0.028105 -0.041049
v 0.021932 -0.028105 -0.041049
v 0.030859 -0.018882 -0.041066
v 0.033468 -0.029308 -0.040908
v 0.033468 -0.029308 -0.040908
v 0.027615 -0.034569 -0.040898
v 0.032473 0.014081 0.061407
v 0.032105 0.002327 0.061858
v 0.032018 -0.020168 0.059985
v 0.033809 -0.019019 0.059683
v 0.033057 -0.018578 0.060531
v 0.031642 -0.019806 0.060752
v 0.031828 -0.028133 -0.017884
v 0.032080 -0.035863 -0.017935
v 0.032418 -0.036690 -0.018386
v 0.033728 -0.033724 -0.018305
v 0.032379 -0.036921 -0.018653
v 0.033821 -0.033606 -0.018515
v 0.032379 -0.036921 -0.018653
v 0.033330 -0.033654 -0.019646
v 0.024410 -0.029431 -0.027375
v 0.032959 -0.029721 -0.028731
v 0.032216 -0.046425 0.013402
v 0.034552 -0.046696 0.002518
v 0.030202 0.020528 -0.332506
v 0.030202 0.020528 -0.332506
v 0.028987 0.020657 -0.343979
v 0.028987 0.020657 -0.343979
v 0.034940 0.020624 -0.342258
v 0.028987 0.020657 -0.343979
v 0.027754 0.029349 -0.343996
v 0.034940 0.020624 -0.342258
v 0.027754 0.029349 -0.343996
v 0.031247 0.030848 -0.343100
v 0.034940 0.020624 -0.342258
v 0.033311 -0.045581 -0.012828
v 0.030348 -0.046364 -0.017983
v 0.027070 -0.038873 -0.037527
v 0.028083 -0.037961 -0.048391
v 0.032931 -0.034128 -0.048107
v 0.033712 -0.033278 0.017057
v 0.032244 -0.041087 0.017134
v 0.031669 -0.036098 -0.020281
v 0.032734 -0.033255 -0.020987
v 0.028180 -0.034338 -0.037736
v 0.033468 -0.029308 -0.040908
v 0.034139 -0.028687 -0.037745
v 0.028140 0.002566 -0.225094
v 0.037053 0.008252 -0.053752
v 0.037616 0.003177 -0.053148
v 0.037351 -0.002311 -0.053115
v 0.028140 0.002566 -0.225094
v 0.037616 0.003177 -0.053148
v 0.028180 -0.034338 -0.037736
v 0.027615 -0.034569 -0.040898
v 0.033468 -0.029308 -0.040908
v 0.024759 0.041000 -0.033405
v 0.030036 0.037022 -0.029300
v 0.033229 0.033866 -0.033270
v 0.028083 -0.037961 -0.048391
v 0.032571 -0.033952 -0.048699
v 0.032624 0.035377 0.015992
v 0.031576 0.044076 0.017978
v 0.030161 -0.046669 0.017031
v 0.030161 -0.046669 0.017031
v 0.030161 -0.046669 0.017031
v 0.029144 -0.028007 -0.022318
v 0.037518 -0.027928 -0.021155
v 0.034236 -0.028517 -0.045972
v 0.029941 -0.032719 -0.045973
v 0.033739 -0.029104 -0.038562
v 0.029941 -0.032719 -0.045973
v 0.027766 -0.034523 -0.038550
v 0.033739 -0.029104 -0.038562
v 0.027258 -0.035246 -0.038254
v 0.033739 -0.029104 -0.038562
v 0.030452 -0.023170 -0.050831
v 0.033389 -0.018012 -0.051010
v 0.027652 -0.007209 -0.224052
v 0.028140 0.002566 -0.225094
v 0.037351 -0.002311 -0.053115
v 0.030883 -0.006766 -0.162302
v 0.037351 -0.002311 -0.053115
v 0.028140 0.002566 -0.225094
v 0.033104 0.010916 -0.117855
v 0.037053 0.008252 -0.053752
v 0.032169 0.046413 -0.033322
v 0.024759 0.041000 -0.033405
v 0.027948 0.032224 -0.023617
v 0.032000 0.046050 -0.017664
v 0.034224 0.032279 -0.012906
v 0.031395 -0.031493 -0.029946
v 0.028180 -0.034338 -0.037736
v 0.034139 -0.028687 -0.037745
v 0.032335 -0.037430 -0.017911
v 0.032397 -0.036809 -0.018369
v 0.032243 0.020574 -0.322325
v 0.032449 0.020604 -0.319136
v 0.032492 -0.017484 -0.319215
v 0.032209 -0.017466 -0.322430
v 0.032243 0.020574 -0.322325
v 0.032492 -0.017484 -0.319215
v 0.032370 -0.038765 -0.017237
v 0.032434 -0.041136 -0.016880
v 0.031802 -0.021034 0.028985
v 0.032492 -0.021095 0.057103
v 0.032434 -0.041136 -0.016880
v 0.032402 -0.038672 -0.017449
v 0.027324 -0.037975 -0.048773
v 0.032335 -0.033679 -0.049282
v 0.032676 0.025318 0.028845
v 0.032117 0.025705 0.057186
v 0.032354 -0.037263 -0.018204
v 0.032434 -0.041136 -0.016880
v 0.031034 -0.019491 -0.053161
v 0.030908 -0.014058 -0.121697
v 0.033605 -0.014838 -0.053730
v 0.032449 0.020604 -0.319136
v 0.031383 -0.017496 -0.315903
v 0.032492 -0.017484 -0.319215
v 0.031232 0.020628 -0.315776
v 0.031383 -0.017496 -0.315903
v 0.032449 0.020604 -0.319136
v 0.032335 -0.037430 -0.017911
v 0.032352 -0.038673 -0.017225
v 0.032214 -0.037280 -0.017838
v 0.032300 -0.038548 -0.017117
v 0.032239 -0.036690 -0.018002
v 0.032335 -0.037430 -0.017911
v 0.032188 -0.036318 -0.018018
v 0.032286 -0.035506 -0.017974
v 0.014175 -0.017467 -0.306338
v 0.029801 -0.017414 -0.274358
v 0.032282 -0.017682 -0.282331
v 0.032052 -0.036418 -0.017929
v 0.032429 -0.036551 -0.018175
v 0.032076 -0.036607 -0.017907
v 0.032429 -0.036551 -0.018175
v 0.031576 0.044076 0.017978
v 0.032086 0.034440 0.017091
v 0.032032 -0.036430 -0.017914
v 0.032035 -0.036284 -0.017932
v 0.032033 -0.036494 -0.017906
v 0.032092 -0.036694 -0.017891
v 0.032157 -0.027813 0.017212
v 0.032096 -0.042254 0.017329
v 0.032105 0.002327 0.061858
v 0.027672 0.002333 0.064531
v 0.026954 0.002337 0.064545
v 0.028140 0.002566 -0.225094
v 0.027371 0.012951 -0.223948
v 0.033104 0.010916 -0.117855
v 0.027371 0.012951 -0.223948
v 0.030440 0.015891 -0.146395
v 0.032024 -0.036632 -0.017891
v 0.032335 -0.037430 -0.017911
v 0.031955 -0.036308 -0.017915
v 0.032286 -0.035506 -0.017974
v 0.024369 -0.012824 0.067322
v 0.024369 -0.012824 0.067322
v 0.032031 -0.036550 -0.017899
v 0.032022 -0.036455 -0.017909
v 0.031825 -0.036376 -0.017887
v 0.031825 -0.036376 -0.017887
v 0.031825 -0.036376 -0.017887
v 0.032016 -0.036358 -0.017920
v 0.028631 0.023080 -0.119609
v 0.033227 0.045883 -0.056928
v 0.033341 0.019456 -0.053768
v 0.030337 -0.022184 -0.276434
v 0.032361 -0.022097 -0.282344
v 0.029757 0.025195 -0.274003
v 0.032423 0.025124 -0.282348
v 0.032959 -0.029721 -0.028731
v 0.031160 -0.031540 -0.029788
v 0.032507 0.025313 -0.282794
v 0.029522 0.025455 -0.273592
v 0.032434 -0.041136 -0.016880
v 0.031962 -0.036974 -0.019291
v 0.027275 -0.027513 0.024201
v 0.031853 -0.044695 0.017648
v 0.032157 -0.027813 0.017212
v 0.027275 -0.027513 0.024201
v 0.028761 -0.044663 0.022352
v 0.031853 -0.044695 0.017648
v 0.030859 -0.018882 -0.041066
v 0.025740 -0.024451 -0.046056
v 0.033202 -0.014155 -0.046074
v 0.031576 0.044076 0.017978
v 0.028470 0.032346 0.022576
v 0.032035 0.032339 0.017201
v 0.028460 -0.028822 -0.339750
v 0.031846 -0.029449 -0.338807
v 0.029120 -0.027535 -0.338282
v 0.034482 -0.027472 -0.335619
v 0.032525 -0.028243 -0.339147
v 0.024081 -0.028384 -0.341290
v 0.031931 -0.020907 0.059201
v 0.031755 -0.021247 0.057387
v 0.031745 -0.018064 0.061532
v 0.031642 -0.019806 0.060752
v 0.023321 -0.030285 -0.028164
v 0.031388 -0.030890 -0.029240
v 0.028968 -0.022995 -0.051697
v 0.031482 -0.019405 -0.052455
v 0.027804 -0.035476 -0.333894
v 0.028494 -0.029455 -0.339702
v 0.031846 -0.029449 -0.338807
v 0.031283 0.047086 -0.059142
v 0.027300 0.047078 -0.059126
v 0.027300 0.047078 -0.059126
v 0.031440 0.047141 -0.033344
v 0.031440 0.047141 -0.033344
v 0.029514 -0.046504 -0.018558
v 0.032982 -0.046755 -0.010197
v 0.028710 -0.028065 -0.340057
v 0.024081 -0.028384 -0.341290
v 0.032424 -0.007614 0.061712
v 0.031920 -0.017612 0.061630
v 0.028631 0.023080 -0.119609
v 0.028631 0.023080 -0.119609
v 0.029420 0.046012 -0.109018
v 0.029420 0.046012 -0.109018
v 0.029420 0.046012 -0.109018
v 0.033227 0.045883 -0.056928
v 0.024030 -0.017405 -0.327613
v 0.029498 -0.017436 -0.326269
v 0.031363 -0.017519 -0.341798
v 0.031617 -0.021328 0.057088
v 0.030502 -0.021594 0.028885
v 0.031978 -0.027940 -0.339153
v 0.028258 -0.028001 -0.340138
v 0.032282 -0.017682 -0.282331
v 0.029917 -0.021706 -0.273796
v 0.032561 -0.021895 -0.282532
v 0.030263 -0.022020 -0.275746
v 0.032561 -0.021895 -0.282532
v 0.029824 -0.022254 -0.277093
v 0.032196 -0.022273 -0.282207
v 0.030597 0.025591 -0.279795
v 0.029522 0.025455 -0.273592
v 0.028544 -0.027655 -0.339962
v 0.033349 -0.027380 -0.338410
v 0.029939 0.024978 -0.274301
v 0.032124 0.020943 -0.282082
v 0.032423 0.025124 -0.282348
v 0.031034 -0.019491 -0.053161
v 0.026907 -0.020211 -0.154362
v 0.026907 -0.020211 -0.154362
v 0.030908 -0.014058 -0.121697
v 0.030908 -0.014058 -0.121697
v 0.030440 0.015891 -0.146395
v 0.028631 0.023080 -0.119609
v 0.033341 0.019456 -0.053768
v 0.030515 0.020537 -0.325277
v 0.032243 0.020574 -0.322325
v 0.032209 -0.017466 -0.322430
v 0.029498 -0.017436 -0.326269
v 0.030515 0.020537 -0.325277
v 0.032209 -0.017466 -0.322430
v 0.030515 0.020537 -0.325277
v 0.026782 0.020493 -0.327612
v 0.030202 0.020528 -0.332506
v 0.026101 -0.026224 -0.344118
v 0.031611 -0.017623 -0.343392
v 0.031616 -0.026124 -0.343160
v 0.028761 -0.044663 0.022352
v 0.030923 -0.045593 0.017608
v 0.032082 -0.026603 -0.342860
v 0.026101 -0.026224 -0.344118
v 0.022996 0.031107 -0.342823
v 0.031097 0.030987 -0.342983
v 0.029801 -0.017414 -0.274358
v 0.029917 -0.021706 -0.273796
v 0.032282 -0.017682 -0.282331
v 0.031251 -0.044554 -0.018728
v 0.029745 -0.041088 -0.021220
v 0.032434 -0.041136 -0.016880
v 0.029745 -0.041088 -0.021220
v 0.030981 -0.036227 -0.021142
v 0.032434 -0.041136 -0.016880
v 0.028020 0.047132 -0.033371
v 0.029089 0.046872 -0.033363
v 0.024759 0.041000 -0.033405
v 0.027579 -0.044988 -0.023771
v 0.029745 -0.041088 -0.021220
v 0.031251 -0.044554 -0.018728
v 0.029373 -0.027432 -0.338530
v 0.033349 -0.027380 -0.338410
v 0.032676 0.025318 0.028845
v 0.028533 0.026208 0.028817
v 0.031000 0.026170 0.057771
v 0.027829 -0.045550 0.022199
v 0.030161 -0.046669 0.017031
v 0.024081 -0.028384 -0.341290
v 0.034385 -0.027843 -0.341884
v 0.036061 -0.028402 -0.338175
v 0.018923 -0.034629 -0.049978
v 0.031432 -0.023871 -0.050058
v 0.024387 -0.038935 -0.049597
v 0.030732 -0.045404 -0.018522
v 0.027579 -0.044988 -0.023771
v 0.025143 -0.028071 -0.342698
v 0.034385 -0.027843 -0.341884
v 0.025925 -0.027014 -0.343947
v 0.034385 -0.027843 -0.341884
v 0.015098 -0.046831 -0.009182
v 0.015098 -0.046831 -0.009182
v 0.015098 -0.046831 -0.009182
v 0.026811 -0.046800 -0.021539
v 0.026811 -0.046800 -0.021539
v 0.026811 -0.046800 -0.021539
v 0.032982 -0.046755 -0.010197
v 0.032982 -0.046755 -0.010197
v 0.017461 -0.046814 -0.001814
v 0.026865 0.002343 0.063024
v 0.028831 0.045368 0.022064
v 0.028470 0.032346 0.022576
v 0.031576 0.044076 0.017978
v 0.029802 0.020696 -0.274488
v 0.029802 0.020696 -0.274488
v 0.031397 0.020922 -0.282779
v 0.030360 0.020905 -0.284454
v 0.029939 0.024978 -0.274301
v 0.029802 0.020696 -0.274488
v 0.032124 0.020943 -0.282082
v 0.027948 0.032224 -0.023617
v 0.028828 0.048208 -0.022455
v 0.032000 0.046050 -0.017664
v 0.029994 -0.021706 -0.243083
v 0.029994 -0.021706 -0.243083
v 0.029948 0.002463 -0.230107
v 0.029948 0.002463 -0.230107
v 0.030664 -0.021405 -0.230748
v 0.029948 0.002463 -0.230107
v 0.029963 0.025126 -0.242706
v 0.030623 0.024859 -0.230883
v 0.029759 -0.021850 -0.243015
v 0.030664 -0.021405 -0.230748
v 0.022431 -0.029602 -0.276310
v 0.030869 -0.035408 -0.302339
v 0.027293 -0.046143 -0.022100
v 0.026983 -0.045801 -0.023083
v 0.030348 -0.046364 -0.017983
v 0.029734 0.001765 -0.229262
v 0.030623 0.024859 -0.230883
v 0.029701 0.001512 -0.229131
v 0.030664 -0.021405 -0.230748
v 0.030541 -0.021542 -0.230573
v 0.029526 -0.021993 -0.242960
v 0.030386 0.025133 -0.231958
v 0.030520 0.024979 -0.230796
v 0.029963 0.025126 -0.242706
v 0.030492 0.025009 -0.231500
v 0.029862 -0.022630 -0.228437
v 0.030506 -0.021586 -0.230502
v 0.029479 0.000805 -0.228266
v 0.030279 -0.021908 -0.229641
v 0.030234 0.025387 -0.229743
v 0.029479 0.000805 -0.228266
v 0.030003 -0.021864 -0.274397
v 0.028777 -0.022077 -0.268386
v 0.030467 0.025043 -0.230658
v 0.029814 0.026131 -0.228506
v 0.029824 0.025216 -0.242395
v 0.030386 0.025133 -0.231958
v 0.030269 -0.063472 -0.002141
v 0.030315 -0.063916 0.002625
v 0.030355 -0.071638 0.002408
v 0.030315 -0.063916 0.002625
v 0.030315 -0.063916 0.002625
v 0.029551 -0.071628 0.007369
v 0.029551 -0.071628 0.007369
v 0.030355 -0.071638 0.002408
v 0.030199 -0.072188 -0.002611
v 0.030269 -0.063472 -0.002141
v 0.030355 -0.071638 0.002408
v 0.029523 -0.071649 -0.007430
v 0.029547 -0.063972 -0.007304
v 0.029547 -0.063972 -0.007304
v 0.030199 -0.072188 -0.002611
v 0.030199 -0.072188 -0.002611
v 0.030269 -0.063472 -0.002141
v 0.029514 -0.063951 0.007494
v 0.032424 -0.007614 0.061712
v 0.023942 -0.013030 0.062175
v 0.030859 -0.017905 0.061940
v 0.023942 -0.013030 0.062175
v -0.001471 -0.014406 0.062617
v 0.030859 -0.017905 0.061940
v -0.001471 -0.014406 0.062617
v -0.027981 -0.017533 0.062912
v 0.030859 -0.017905 0.061940
v 0.023942 -0.013030 0.062175
v 0.031529 0.014053 0.061934
v 0.026938 0.016956 0.062049
v 0.032105 0.002327 0.061858
v 0.026938 0.016956 0.062049
v 0.026690 0.002346 0.062108
v 0.032105 0.002327 0.061858
v -0.027914 -0.018402 0.062571
v 0.030859 -0.017905 0.061940
v -0.027876 -0.019269 0.062231
v 0.031221 -0.018843 0.061354
v 0.029713 0.025291 -0.242185
v 0.030386 0.025133 -0.231958
v -0.027769 -0.020027 0.061507
v 0.031642 -0.019806 0.060752
v -0.027700 -0.020781 0.060789
v 0.031770 -0.020354 0.059981
v 0.029698 0.025297 -0.242135
v 0.030377 0.025141 -0.231386
v -0.027474 -0.021547 0.058824
v 0.031301 -0.021240 0.058146
v -0.027568 -0.021165 0.059802
v 0.031931 -0.020907 0.059201
v 0.029249 0.007278 -0.227818
v 0.029814 0.026131 -0.228506
v 0.028533 0.026208 0.028817
v 0.027565 0.026176 0.045932
v 0.028419 0.026177 0.046578
v 0.031000 0.026170 0.057771
v 0.026724 0.026198 0.052683
v 0.031000 0.026170 0.057771
v 0.026682 0.026178 0.053306
v 0.029543 0.026182 0.058256
v 0.027129 0.026211 0.050534
v 0.031000 0.026170 0.057771
v 0.029714 -0.021593 0.033714
v 0.030747 -0.021559 0.057131
v 0.030747 -0.021559 0.057131
v 0.002752 -0.021584 0.054962
v 0.030747 -0.021559 0.057131
v 0.026765 -0.021571 0.053370
v 0.026829 -0.021570 0.052769
v 0.027213 -0.021572 0.050704
v 0.026726 -0.021568 0.051608
v 0.030747 -0.021559 0.057131
v 0.030747 -0.021559 0.057131
v 0.030747 -0.021559 0.057131
v 0.002031 -0.021589 0.056007
v -0.001081 -0.021576 0.056830
v 0.030747 -0.021559 0.057131
v 0.030747 -0.021559 0.057131
v 0.002996 -0.021578 0.054204
v 0.027593 -0.021593 0.046136
v 0.030747 -0.021559 0.057131
v 0.026815 -0.021581 0.047267
v 0.028585 -0.021604 0.036720
v 0.028707 -0.021603 0.034391
v 0.030747 -0.021559 0.057131
v 0.027891 -0.021604 0.043674
v 0.025552 -0.036269 -0.029977
v 0.031395 -0.031493 -0.029946
v 0.029638 0.025328 -0.242411
v 0.030372 0.025150 -0.230541
v 0.022587 -0.027941 -0.226677
v 0.024394 -0.022042 -0.238729
v 0.030413 -0.021686 -0.230377
v 0.022540 0.031418 -0.226790
v 0.029949 0.025794 -0.229331
v 0.024388 0.025453 -0.238808
v 0.022540 0.031418 -0.226790
v 0.030372 0.025150 -0.230541
v 0.026921 -0.022711 -0.107531
v 0.026907 -0.020211 -0.154362
v 0.031034 -0.019491 -0.053161
v 0.026894 -0.024543 -0.053758
v 0.026894 -0.024543 -0.053758
v 0.026921 -0.022711 -0.107531
v 0.026921 -0.022711 -0.107531
v 0.031034 -0.019491 -0.053161
v 0.024394 -0.022042 -0.238729
v 0.029526 -0.021993 -0.242960
v 0.030413 -0.021686 -0.230377
v 0.024523 0.025509 -0.249002
v 0.024388 0.025453 -0.238808
v 0.030372 0.025150 -0.230541
v 0.029571 0.025363 -0.242733
v 0.024523 0.025509 -0.249002
v 0.030372 0.025150 -0.230541
v 0.028536 -0.033422 -0.029729
v 0.031002 -0.031619 -0.029751
v 0.026835 -0.027333 -0.050447
v 0.029782 -0.023670 -0.050953
v 0.030577 -0.037132 -0.021174
v 0.029624 -0.028185 -0.021348
v 0.031383 -0.017571 -0.342568
v 0.025117 -0.017656 -0.342656
v 0.029610 0.021378 -0.273204
v 0.029939 0.024978 -0.274301
v 0.030003 -0.022300 -0.229229
v 0.022587 -0.027941 -0.226677
v 0.023026 -0.031395 -0.028606
v 0.030786 -0.031667 -0.029618
v 0.028086 0.048059 -0.059081
v 0.031283 0.047086 -0.059142
v 0.029066 -0.022444 -0.277270
v 0.029854 -0.022922 -0.280106
v 0.029551 -0.071628 0.007369
v 0.029655 -0.072494 0.002764
v 0.029737 -0.072457 0.002277
v 0.030199 -0.072188 -0.002611
v 0.028904 -0.072779 -0.006121
v 0.030199 -0.072188 -0.002611
v 0.030269 -0.063472 -0.002141
v 0.029505 -0.062816 0.001386
v 0.029594 -0.063022 0.002219
v 0.027803 -0.062272 0.009416
v 0.029064 -0.063463 0.007777
v 0.030315 -0.063916 0.002625
v 0.025116 -0.036362 -0.045961
v 0.027766 -0.034523 -0.038550
v 0.029941 -0.032719 -0.045973
v 0.028559 -0.023140 -0.052390
v 0.031034 -0.019491 -0.053161
v 0.029559 -0.021573 -0.250584
v 0.029948 0.002463 -0.230107
v 0.029537 0.025599 -0.249684
v 0.029963 0.025126 -0.242706
v 0.029589 -0.021826 -0.250093
v 0.029994 -0.021706 -0.243083
v 0.027612 0.017858 0.062038
v 0.031529 0.014053 0.061934
v 0.029537 0.025599 -0.249684
v 0.029865 0.025422 -0.243510
v 0.029880 -0.021969 -0.243432
v 0.029609 -0.022027 -0.249758
v 0.029576 -0.022118 -0.249731
v 0.029788 -0.022186 -0.243677
v 0.029473 0.025378 -0.250319
v 0.029948 0.002463 -0.230107
v 0.027888 0.002207 -0.264125
v 0.029406 0.025172 -0.250998
v 0.029948 0.002463 -0.230107
v 0.029559 -0.021573 -0.250584
v 0.027888 0.002207 -0.264125
v 0.029948 0.002463 -0.230107
v 0.029805 0.025619 -0.243939
v 0.029756 0.025263 -0.242757
v 0.024471 0.040153 -0.028504
v 0.023955 0.039542 -0.027679
v 0.025803 0.036104 -0.025912
v 0.030036 0.037022 -0.029300
v 0.030036 0.037022 -0.029300
v 0.025803 0.036104 -0.025912
v 0.029047 0.032256 -0.024928
v 0.030036 0.037022 -0.029300
v 0.029972 0.025870 -0.279690
v 0.028147 0.025954 -0.276189
v 0.026176 -0.016152 -0.222438
v 0.031376 -0.007019 -0.151576
v 0.030908 -0.014058 -0.121697
v 0.026176 -0.016152 -0.222438
v 0.029762 -0.021888 -0.243095
v 0.029788 -0.022186 -0.243677
v 0.031232 0.020628 -0.315776
v 0.031232 0.020628 -0.315776
v 0.027157 -0.017495 -0.312769
v 0.027157 -0.017495 -0.312769
v 0.031383 -0.017496 -0.315903
v 0.027564 0.020631 -0.313051
v 0.027564 0.020631 -0.313051
v 0.027564 0.020631 -0.313051
v 0.029718 0.025289 -0.242198
v 0.029963 0.025126 -0.242706
v 0.029755 0.025255 -0.242646
v 0.029729 0.025285 -0.242236
v 0.029118 -0.022753 -0.245256
v 0.029544 -0.022207 -0.249707
v 0.029537 0.025599 -0.249684
v 0.029136 0.026126 -0.245295
v 0.030502 -0.021594 0.028885
v 0.028312 -0.021608 0.033828
v 0.029313 -0.021661 0.029141
v 0.028777 -0.022077 -0.268386
v 0.024766 -0.022180 -0.267491
v 0.030337 -0.022184 -0.276434
v 0.024766 -0.022180 -0.267491
v 0.029831 -0.022245 -0.276896
v 0.025116 -0.036362 -0.045961
v 0.025116 -0.036362 -0.045961
v 0.025116 -0.036362 -0.045961
v 0.029715 0.025291 -0.242198
v 0.029571 0.025363 -0.242733
v 0.028688 -0.072706 0.007154
v 0.028941 -0.073473 0.002639
v 0.028955 -0.063155 -0.007081
v 0.030269 -0.063472 -0.002141
v 0.025626 -0.026997 -0.223969
v 0.022587 -0.027941 -0.226677
v 0.029862 -0.022630 -0.228437
v 0.022540 0.031418 -0.226790
v 0.025548 0.030495 -0.224016
v 0.029814 0.026131 -0.228506
v 0.027406 -0.027697 -0.024173
v 0.029624 -0.028185 -0.021348
v 0.029745 -0.041088 -0.021220
v 0.029519 0.025548 -0.243493
v 0.029571 0.025363 -0.242733
v 0.027579 -0.044988 -0.023771
v 0.027406 -0.027697 -0.024173
v 0.029745 -0.041088 -0.021220
v 0.029599 -0.022016 -0.249816
v 0.029559 -0.021573 -0.250584
v 0.029544 -0.022207 -0.249707
v 0.029575 -0.022099 -0.249785
v 0.025076 0.027039 -0.167550
v 0.022873 0.031109 -0.197386
v 0.025076 0.027039 -0.167550
v 0.017997 0.045100 -0.263131
v 0.017997 0.045100 -0.263131
v 0.017997 0.045100 -0.263131
v 0.029596 -0.022014 -0.249829
v 0.029546 -0.021923 -0.250150
v 0.029560 -0.021932 -0.250085
v 0.029559 -0.021573 -0.250584
v 0.029595 -0.022034 -0.249806
v 0.029564 -0.022117 -0.249812
v 0.029362 -0.021834 -0.250886
v 0.029578 -0.022059 -0.249839
v 0.029362 -0.021834 -0.250886
v 0.029556 -0.021949 -0.250073
v 0.025553 0.040826 -0.026206
v 0.028232 0.046128 -0.023233
v 0.027948 0.032224 -0.023617
v 0.028485 0.046934 -0.022903
v 0.027948 0.032224 -0.023617
v 0.028147 0.025954 -0.276189
v 0.025703 -0.022729 -0.271608
v 0.024281 -0.027782 -0.271330
v 0.029836 -0.025806 -0.280241
v 0.029546 -0.021923 -0.250150
v 0.029496 -0.021690 -0.250635
v 0.029514 -0.063951 0.007494
v 0.029514 -0.063951 0.007494
v 0.027941 -0.071620 0.012131
v 0.027941 -0.071620 0.012131
v 0.029551 -0.071628 0.007369
v 0.027892 -0.071660 -0.012185
v 0.027938 -0.063983 -0.012066
v 0.029523 -0.071649 -0.007430
v 0.027938 -0.063983 -0.012066
v 0.029547 -0.063972 -0.007304
v 0.029523 -0.071649 -0.007430
v 0.027881 -0.063943 0.012249
v 0.024394 -0.022042 -0.238729
v 0.024892 -0.022094 -0.248872
v 0.029526 -0.021993 -0.242960
v 0.029479 0.000805 -0.228266
v 0.028920 -0.013405 -0.227348
v 0.028757 0.026429 -0.245685
v 0.029618 0.025604 -0.243757
v 0.029537 -0.022157 -0.249817
v 0.029532 -0.022154 -0.249836
v 0.029544 -0.022207 -0.249707
v 0.029801 -0.017414 -0.274358
v 0.028820 -0.017630 -0.267476
v 0.029917 -0.021706 -0.273796
v 0.028348 -0.022661 -0.276308
v 0.029718 -0.023896 -0.279826
v 0.029751 0.027324 -0.280122
v 0.028147 0.025954 -0.276189
v 0.029350 -0.022360 -0.249877
v 0.029516 -0.022173 -0.249842
v 0.029362 -0.021834 -0.250886
v 0.029422 -0.022126 -0.250098
v 0.029524 -0.022160 -0.249845
v 0.029350 -0.022360 -0.249877
v 0.029466 -0.022167 -0.249940
v 0.029450 -0.022144 -0.250024
v 0.029362 -0.021834 -0.250886
v 0.026782 0.020493 -0.327612
v 0.030515 0.020537 -0.325277
v 0.029498 -0.017436 -0.326269
v 0.029350 -0.022360 -0.249877
v 0.029505 -0.022209 -0.249806
v 0.028759 -0.023072 -0.245668
v 0.028759 -0.023072 -0.245668
v 0.029339 -0.022393 -0.249837
v 0.029122 -0.022589 -0.250030
v 0.029122 -0.022589 -0.250030
v 0.029374 -0.022345 -0.249852
v 0.024831 0.025578 -0.249096
v 0.029571 0.025363 -0.242733
v 0.029129 0.000668 -0.227612
v 0.028572 -0.012070 -0.226918
v 0.028937 -0.021694 -0.260656
v 0.027888 0.002207 -0.264125
v 0.029559 -0.021573 -0.250584
v 0.027888 0.002207 -0.264125
v 0.028903 0.024975 -0.260897
v 0.029406 0.025172 -0.250998
v 0.029385 -0.022242 -0.249991
v 0.023802 -0.022592 -0.258049
v 0.023957 0.025692 -0.258350
v 0.029537 0.025599 -0.249684
v 0.029457 -0.021708 -0.250745
v 0.028937 -0.021694 -0.260656
v 0.030075 0.025620 -0.279337
v 0.028670 0.025490 -0.273355
v 0.028863 -0.021939 -0.267810
v 0.029917 -0.021706 -0.273796
v 0.024056 -0.022332 -0.258085
v 0.029422 -0.022126 -0.250098
v 0.026114 -0.027332 -0.050877
v 0.028968 -0.022995 -0.051697
v 0.028820 -0.017630 -0.267476
v 0.028946 -0.021698 -0.266288
v 0.029917 -0.021706 -0.273796
v 0.022066 -0.032818 -0.029106
v 0.029095 -0.032801 -0.029671
v 0.029474 0.025464 -0.243130
v 0.025111 0.025644 -0.249206
v 0.029705 0.025240 -0.273878
v 0.028964 0.024949 -0.267025
v 0.029115 0.009162 -0.227578
v 0.029145 0.000775 -0.227642
v 0.029667 -0.022130 -0.243444
v 0.028759 -0.023072 -0.245668
v 0.028964 0.024949 -0.267025
v 0.029204 0.021079 -0.270896
v 0.029939 0.024978 -0.274301
v 0.024285 -0.022084 -0.258140
v 0.029379 -0.021969 -0.250537
v 0.029572 -0.072685 -0.003120
v 0.028941 -0.073473 0.002639
v 0.028112 -0.062139 -0.007300
v 0.029700 -0.062940 -0.001523
v 0.028719 0.026127 -0.245141
v 0.029412 0.025548 -0.243436
v 0.029437 0.025360 -0.250460
v 0.024152 0.025392 -0.258597
v 0.028819 0.025114 -0.266408
v 0.029522 0.025455 -0.273592
v 0.029243 -0.022411 -0.250003
v 0.023802 -0.022592 -0.258049
v 0.011644 -0.046788 0.013268
v 0.011644 -0.046788 0.013268
v 0.011644 -0.046788 0.013268
v 0.011644 -0.046788 0.013268
v 0.026062 -0.046671 0.022845
v 0.026062 -0.046671 0.022845
v 0.028796 0.025113 -0.261942
v 0.029406 0.025172 -0.250998
v 0.028528 -0.017460 -0.269936
v 0.029801 -0.017414 -0.274358
v 0.025941 -0.035401 -0.296851
v 0.025941 -0.035401 -0.296851
v 0.025941 -0.035401 -0.296851
v 0.020215 -0.029661 -0.273022
v 0.025941 -0.035401 -0.296851
v 0.030869 -0.035408 -0.302339
v 0.025178 -0.022369 -0.249064
v 0.029526 -0.021993 -0.242960
v 0.028931 -0.021788 -0.261689
v 0.029362 -0.021834 -0.250886
v 0.025780 0.020519 -0.333546
v 0.025780 0.020519 -0.333546
v 0.025780 0.020519 -0.333546
v 0.028987 0.020657 -0.343979
v 0.028815 0.020919 -0.270862
v 0.029802 0.020696 -0.274488
v 0.026176 -0.016152 -0.222438
v 0.027652 -0.007209 -0.224052
v 0.031376 -0.007019 -0.151576
v 0.028870 0.025834 -0.244486
v 0.025111 0.025644 -0.249206
v 0.027941 -0.071620 0.012131
v 0.028628 -0.072577 0.007776
v 0.027472 -0.072428 -0.011742
v 0.029523 -0.071649 -0.007430
v 0.028847 -0.072568 -0.007027
v 0.026843 -0.073331 -0.011618
v 0.028266 -0.062910 0.009234
v 0.027881 -0.063943 0.012249
v 0.027938 -0.063983 -0.012066
v 0.028797 -0.063117 -0.007541
v 0.028520 -0.022950 -0.245613
v 0.029526 -0.021993 -0.242960
v 0.028900 -0.033238 -0.029780
v 0.025661 -0.036148 -0.029812
v 0.029125 -0.022518 -0.250097
v 0.028997 -0.022558 -0.250291
v 0.029350 -0.022360 -0.249877
v 0.029146 -0.022511 -0.250067
v 0.029069 -0.022510 -0.250207
v 0.023802 -0.022592 -0.258049
v 0.029099 -0.022512 -0.250151
v 0.028997 -0.022558 -0.250291
v 0.025419 -0.036413 -0.030158
v 0.028180 -0.034338 -0.037736
v 0.031395 -0.031493 -0.029946
v 0.025439 -0.022652 -0.249302
v 0.028430 -0.022612 -0.245124
v 0.028964 0.024949 -0.267025
v 0.028740 0.020832 -0.266538
v 0.029204 0.021079 -0.270896
v 0.028740 0.020832 -0.266538
v 0.028725 0.020894 -0.270728
v 0.026782 0.020493 -0.327612
v 0.026782 0.020493 -0.327612
v 0.025111 -0.027090 -0.223364
v 0.029862 -0.022630 -0.228437
v 0.028572 -0.012070 -0.226918
v 0.023878 -0.027547 -0.221951
v 0.029862 -0.022630 -0.228437
v 0.024066 0.030959 -0.222316
v 0.029115 0.009162 -0.227578
v 0.029814 0.026131 -0.228506
v 0.025071 0.030592 -0.223462
v 0.029814 0.026131 -0.228506
v 0.025744 0.025544 -0.270590
v 0.028531 0.025382 -0.264958
v 0.029522 0.025455 -0.273592
v 0.025088 0.029787 -0.249971
v 0.028757 0.026429 -0.245685
v 0.029537 0.025599 -0.249684
v 0.028903 0.024975 -0.260897
v 0.028740 0.020832 -0.266538
v 0.028964 0.024949 -0.267025
v 0.023129 -0.017681 -0.344251
v 0.024579 -0.017664 -0.343250
v 0.023698 -0.017672 -0.343547
v 0.031611 -0.017623 -0.343392
v 0.026101 -0.026224 -0.344118
v 0.023129 -0.017681 -0.344251
v 0.031611 -0.017623 -0.343392
v 0.025780 0.020519 -0.333546
v 0.025780 0.020519 -0.333546
v 0.025780 0.020519 -0.333546
v 0.023056 0.020684 -0.344320
v 0.023056 0.020684 -0.344320
v 0.023056 0.020684 -0.344320
v 0.024021 0.030795 -0.343888
v 0.028987 0.020657 -0.343979
v 0.026447 0.029545 -0.343956
v 0.028987 0.020657 -0.343979
v 0.029056 -0.022573 -0.250166
v 0.023802 -0.022592 -0.258049
v 0.027131 -0.023587 0.035824
v 0.029229 -0.021594 0.035770
v 0.027877 -0.023498 0.035319
v 0.025407 -0.033289 0.029177
v 0.024285 -0.022084 -0.258140
v 0.024285 -0.022084 -0.258140
v 0.028777 -0.022077 -0.268386
v 0.028777 -0.022077 -0.268386
v 0.029362 -0.021834 -0.250886
v 0.028531 0.025382 -0.264958
v 0.028531 0.025382 -0.264958
v 0.024152 0.025392 -0.258597
v 0.024152 0.025392 -0.258597
v 0.029406 0.025172 -0.250998
v 0.027559 0.040069 0.040393
v 0.028306 0.042526 0.036798
v 0.028946 -0.021698 -0.266288
v 0.028820 -0.017630 -0.267476
v 0.028937 -0.021694 -0.260656
v 0.028820 -0.017630 -0.267476
v 0.028681 -0.016414 -0.262417
v 0.028937 -0.021694 -0.260656
v 0.028762 -0.018056 -0.261796
v 0.027888 0.002207 -0.264125
v 0.027888 0.002207 -0.264125
v 0.028730 0.021219 -0.261883
v 0.028654 0.019606 -0.262387
v 0.028740 0.020832 -0.266538
v 0.028903 0.024975 -0.260897
v 0.028770 0.038515 0.048246
v 0.028011 0.041026 0.039911
v 0.028176 0.042494 0.035726
v 0.028831 0.045368 0.022064
v 0.027662 0.041677 0.034785
v 0.027662 0.041677 0.034785
v 0.027753 0.043026 0.023452
v 0.028203 0.043987 0.023027
v 0.028436 0.046953 -0.023237
v 0.028167 0.047135 -0.026248
v 0.028430 0.047570 -0.025003
v 0.028827 0.048778 -0.040716
v 0.027797 0.046466 -0.027053
v 0.028827 0.048778 -0.040716
v 0.027952 0.046963 -0.032587
v 0.028827 0.048778 -0.040716
v 0.028517 0.048185 -0.038786
v 0.027300 0.047078 -0.059126
v 0.027962 0.037580 0.046943
v 0.027559 0.040069 0.040393
v 0.027307 -0.072597 0.011793
v 0.027811 -0.073653 0.007562
v 0.027114 -0.062894 -0.011693
v 0.028112 -0.062139 -0.007300
v 0.027788 0.048047 -0.059019
v 0.028827 0.048778 -0.040716
v 0.028675 0.025237 -0.265404
v 0.028903 0.024975 -0.260897
v 0.013968 0.020574 -0.306562
v 0.028544 0.025844 -0.276755
v 0.025744 0.025544 -0.270590
v 0.027626 -0.022164 -0.036897
v -0.027613 -0.022354 -0.036921
v -0.028150 -0.021706 -0.036995
v 0.028780 -0.020875 -0.037062
v -0.028782 -0.020978 -0.037071
v 0.028780 -0.020875 -0.037062
v -0.015546 -0.031446 -0.037047
v -0.015546 -0.031446 -0.037047
v -0.007335 -0.034117 -0.037042
v -0.007335 -0.034117 -0.037042
v -0.007335 -0.034117 -0.037042
v -0.007172 -0.034449 -0.037041
v 0.028780 -0.020875 -0.037062
v 0.028780 -0.020875 -0.037062
v 0.028780 -0.020875 -0.037062
v 0.028780 -0.020875 -0.037062
v 0.001544 -0.035077 -0.037039
v 0.001877 -0.034748 -0.037039
v 0.006411 -0.033954 -0.037039
v -0.027951 -0.021952 -0.037019
v 0.028780 -0.020875 -0.037062
v -0.027252 -0.022828 -0.036970
v -0.021688 -0.027730 -0.037057
v 0.028780 -0.020875 -0.037062
v -0.021688 -0.027730 -0.037057
v 0.008666 -0.033794 -0.037038
v 0.027468 -0.022349 -0.036882
v 0.026463 0.029769 0.052010
v 0.027992 0.037375 0.047363
v 0.028889 -0.021826 -0.266859
v 0.028937 -0.021694 -0.260656
v 0.023689 -0.027558 -0.256706
v 0.023802 -0.022592 -0.258049
v 0.029122 -0.022589 -0.250030
v 0.023750 0.025984 -0.258139
v 0.023557 0.030943 -0.256961
v 0.029537 0.025599 -0.249684
v 0.028303 -0.017402 -0.270425
v 0.028499 -0.017331 -0.267624
v 0.028617 0.031436 0.055903
v 0.026463 0.029769 0.052010
v 0.028770 0.038515 0.048246
v 0.014175 -0.017467 -0.306338
v 0.022192 -0.017647 -0.274701
v 0.029801 -0.017414 -0.274358
v 0.021724 0.020867 -0.274040
v 0.023785 0.020842 -0.273104
v 0.013968 0.020574 -0.306562
v 0.029802 0.020696 -0.274488
v 0.028408 0.020443 -0.266713
v 0.028293 0.020728 -0.270684
v 0.028395 -0.023303 -0.276653
v 0.025703 -0.022729 -0.271608
v 0.025226 -0.026262 -0.249708
v 0.023689 -0.027558 -0.256706
v 0.029122 -0.022589 -0.250030
v 0.025226 -0.026262 -0.249708
v 0.023557 0.030943 -0.256961
v 0.025088 0.029787 -0.249971
v 0.029537 0.025599 -0.249684
v 0.028529 -0.017348 -0.267526
v 0.028681 -0.016414 -0.262417
v 0.024206 -0.028093 -0.051573
v 0.027355 -0.024306 -0.052962
v 0.026051 0.026660 0.053371
v 0.026514 0.028828 0.052843
v 0.028617 0.031436 0.055903
v 0.028617 0.031436 0.055903
v 0.028144 -0.016542 -0.266272
v 0.028681 -0.016414 -0.262417
v 0.028654 0.019606 -0.262387
v 0.028434 0.020454 -0.266590
v 0.028096 0.019495 -0.265679
v 0.028654 0.019606 -0.262387
v 0.028072 -0.016314 -0.265905
v 0.028357 -0.015390 -0.263831
v 0.027888 0.002207 -0.264125
v 0.028430 0.018450 -0.263304
v 0.028231 0.018462 -0.264315
v 0.028654 0.019606 -0.262387
v 0.025280 0.025957 -0.249295
v 0.028661 0.026009 -0.244966
v 0.027895 0.026605 -0.246174
v 0.028651 0.026332 -0.245537
v 0.028398 0.026194 0.059343
v 0.022192 -0.017647 -0.274701
v 0.028303 -0.017402 -0.270425
v 0.029801 -0.017414 -0.274358
v 0.028684 0.009978 -0.226972
v 0.028798 0.000617 -0.226992
v 0.027756 0.012979 -0.225687
v 0.028401 0.001927 -0.225873
v 0.028193 0.043801 0.022886
v 0.028470 0.032346 0.022576
v 0.027753 0.043026 0.023452
v 0.022718 0.032366 0.028387
v 0.028470 0.032346 0.022576
v 0.028164 -0.008921 -0.226122
v 0.028798 0.000617 -0.226992
v 0.021932 -0.028105 -0.041049
v 0.025740 -0.024451 -0.046056
v 0.030859 -0.018882 -0.041066
v 0.025166 -0.044916 0.026265
v 0.026804 -0.045837 0.023088
v 0.025028 -0.029459 -0.340004
v 0.027961 -0.028603 -0.339853
v 0.026382 0.026412 0.053361
v 0.028398 0.026194 0.059343
v 0.028519 0.001217 -0.226210
v 0.027934 -0.007980 -0.225694
v 0.028293 0.020728 -0.270684
v 0.023785 0.020842 -0.273104
v 0.029802 0.020696 -0.274488
v 0.028287 -0.021830 0.036704
v 0.026946 -0.023255 0.036217
v 0.024766 -0.022180 -0.267491
v 0.025744 0.025544 -0.270590
v 0.027084 -0.062137 0.010136
v 0.028824 -0.061960 0.001180
v 0.027804 -0.035476 -0.333894
v 0.025028 -0.029459 -0.340004
v 0.028494 -0.029455 -0.339702
v 0.028671 -0.022532 -0.276673
v 0.025703 -0.022729 -0.271608
v 0.028448 -0.015369 -0.263319
v 0.027888 0.002207 -0.264125
v 0.022192 -0.017647 -0.274701
v 0.028110 -0.017281 -0.269480
v 0.024216 -0.041023 0.027317
v 0.028761 -0.044663 0.022352
v 0.027275 -0.027513 0.024201
v 0.024353 -0.041594 0.027168
v 0.028761 -0.044663 0.022352
v 0.028761 -0.044663 0.022352
v 0.024427 -0.042091 0.027088
v 0.028761 -0.044663 0.022352
v 0.025105 -0.043925 0.026338
v 0.028232 0.046128 -0.023233
v 0.028163 0.046415 -0.026123
v 0.026654 0.022830 -0.179754
v 0.025076 0.027039 -0.167550
v 0.028631 0.023080 -0.119609
v 0.030440 0.015891 -0.146395
v 0.026654 0.022830 -0.179754
v 0.028631 0.023080 -0.119609
v 0.027859 0.020557 -0.269791
v 0.023785 0.020842 -0.273104
v 0.027371 0.012951 -0.223948
v 0.026654 0.022830 -0.179754
v 0.030440 0.015891 -0.146395
v 0.027568 0.012890 -0.224823
v 0.028140 0.002566 -0.225094
v 0.023744 -0.027319 -0.338110
v 0.028800 -0.027419 -0.338784
v 0.027470 0.045872 -0.027615
v 0.024671 0.040901 -0.029249
v 0.028020 0.047132 -0.033371
v 0.027104 0.016712 0.062412
v 0.028016 0.019958 0.062038
v 0.025166 0.029414 -0.249582
v 0.028757 0.026429 -0.245685
v 0.027470 0.045872 -0.027615
v 0.028069 0.046220 -0.026438
v 0.028140 0.002566 -0.225094
v 0.027786 -0.007486 -0.224817
v 0.027070 -0.038873 -0.037527
v 0.022706 -0.041244 -0.048383
v 0.028083 -0.037961 -0.048391
v 0.024291 -0.040146 0.027296
v 0.027275 -0.027513 0.024201
v 0.024710 -0.024334 0.040982
v 0.027269 -0.022343 0.037371
v 0.025191 0.029154 -0.249319
v 0.028226 0.026555 -0.246000
v 0.028099 0.026390 -0.245836
v 0.025419 0.026267 -0.249421
v 0.024218 -0.045452 -0.026489
v 0.027579 -0.044988 -0.023771
v 0.028032 0.045623 -0.025082
v 0.025553 0.040826 -0.026206
v 0.022534 -0.017320 -0.342525
v 0.024030 -0.017405 -0.327613
v 0.031363 -0.017519 -0.341798
v 0.024447 -0.017542 -0.342589
v 0.031363 -0.017519 -0.341798
v 0.027881 -0.063943 0.012249
v 0.025569 -0.071613 0.016562
v 0.027941 -0.071620 0.012131
v 0.025500 -0.071671 -0.016607
v 0.025568 -0.063994 -0.016499
v 0.025568 -0.063994 -0.016499
v 0.027892 -0.071660 -0.012185
v 0.027892 -0.071660 -0.012185
v 0.027938 -0.063983 -0.012066
v 0.025474 -0.063694 0.016618
v 0.025569 -0.071613 0.016562
v 0.027881 -0.063943 0.012249
v 0.028600 -0.073530 0.003574
v 0.028267 -0.073643 -0.005830
v 0.028533 0.026208 0.028817
v 0.023999 0.029238 0.046325
v 0.023999 0.029238 0.046325
v 0.027608 0.026176 0.044960
v 0.027452 0.026263 0.045839
v 0.022705 -0.005164 -0.270493
v 0.027888 0.002207 -0.264125
v 0.028264 -0.014667 -0.264045
v 0.027888 0.002207 -0.264125
v 0.022683 0.008406 -0.270518
v 0.028260 0.017712 -0.264016
v 0.024479 -0.028219 -0.340815
v 0.028258 -0.028001 -0.340138
v 0.028498 -0.022962 -0.245643
v 0.025226 -0.026262 -0.249708
v 0.020934 -0.032578 -0.050197
v 0.031432 -0.023871 -0.050058
v 0.027628 -0.021604 0.045106
v 0.024710 -0.024334 0.040982
v 0.028020 -0.021612 0.037444
v 0.025710 0.002335 0.065570
v 0.026038 0.002333 0.065497
v 0.022723 0.002332 0.066694
v 0.024929 0.041175 -0.027800
v 0.027731 0.045744 -0.027015
v 0.025320 0.041103 -0.026955
v 0.028153 0.045774 -0.026272
v 0.024781 -0.026042 -0.086161
v 0.024235 -0.039470 -0.049179
v 0.028083 -0.037961 -0.048391
v 0.025053 -0.026095 -0.249594
v 0.028258 -0.022842 -0.245602
v 0.026354 -0.073439 -0.012110
v 0.028267 -0.073643 -0.005830
v 0.024066 0.030959 -0.222316
v 0.028248 0.011682 -0.226392
v 0.024388 -0.025356 0.027199
v 0.028438 -0.021719 0.029002
v 0.028312 -0.021608 0.033828
v 0.025317 -0.036419 -0.029702
v 0.028536 -0.033422 -0.029729
v 0.021753 -0.031681 -0.050325
v 0.027396 -0.026951 -0.050357
v 0.027018 0.014246 0.063551
v 0.026938 0.016956 0.062049
v 0.025569 -0.071613 0.016562
v 0.027290 -0.072405 0.012188
v 0.025138 -0.072601 -0.015732
v 0.027892 -0.071660 -0.012185
v 0.027167 -0.072659 -0.012013
v 0.024376 -0.073702 -0.015315
v 0.027714 -0.063463 0.011725
v 0.025474 -0.063694 0.016618
v 0.025568 -0.063994 -0.016499
v 0.026958 -0.063034 -0.012306
v 0.024021 0.030795 -0.343888
v 0.028114 0.029807 -0.343797
v 0.024243 -0.043871 -0.027228
v 0.027579 -0.044988 -0.023771
v 0.023552 -0.042377 -0.027913
v 0.027406 -0.027697 -0.024173
v 0.027579 -0.044988 -0.023771
v 0.023645 0.030930 -0.343420
v 0.031247 0.030848 -0.343100
v 0.022705 -0.005164 -0.270493
v 0.022683 0.008406 -0.270518
v 0.027888 0.002207 -0.264125
v 0.022701 0.032253 0.028615
v 0.027662 0.041677 0.034785
v 0.022718 0.032366 0.028387
v 0.025495 -0.023793 -0.249042
v 0.028258 -0.022842 -0.245602
v 0.025566 0.027383 -0.249078
v 0.027895 0.026605 -0.246174
v 0.023713 -0.046386 -0.026123
v 0.022515 0.031522 0.035946
v 0.022680 0.032132 0.028837
v 0.027662 0.041677 0.034785
v 0.027559 0.040069 0.040393
v 0.022515 0.031522 0.035946
v 0.027662 0.041677 0.034785
v 0.025803 0.036104 -0.025912
v 0.028408 0.032347 -0.024301
v 0.024388 -0.025356 0.027199
v 0.028624 -0.021649 0.034509
v 0.025407 -0.033289 0.029177
v 0.024388 -0.025356 0.027199
v 0.029229 -0.021594 0.035770
v 0.027780 -0.007691 -0.224870
v 0.026176 -0.016152 -0.222438
v 0.022066 -0.032818 -0.029106
v 0.023780 -0.037721 -0.029409
v 0.028536 -0.033422 -0.029729
v 0.026210 0.019674 -0.223301
v 0.027531 0.013069 -0.224743
v 0.023186 0.031433 0.040186
v 0.022515 0.031522 0.035946
v 0.027559 0.040069 0.040393
v 0.020950 -0.038752 -0.040890
v 0.021932 -0.028105 -0.041049
v 0.027615 -0.034569 -0.040898
v 0.015314 -0.073856 -0.023303
v 0.015314 -0.073856 -0.023303
v 0.028267 -0.073643 -0.005830
v 0.024512 -0.073701 -0.013879
v 0.027811 -0.073653 0.007562
v 0.017521 -0.061813 -0.001240
v 0.017521 -0.061813 -0.001240
v 0.024707 -0.061810 0.014256
v 0.028824 -0.061960 0.001180
v 0.028824 -0.061960 0.001180
v 0.026176 -0.061944 -0.011943
v 0.027616 -0.062077 -0.008166
v 0.028824 -0.061960 0.001180
v 0.027403 0.036745 0.046418
v 0.023186 0.031433 0.040186
v 0.027559 0.040069 0.040393
v 0.024074 0.028751 0.046946
v 0.026889 0.026222 0.047006
v 0.026950 0.026168 0.047075
v 0.026614 0.026229 0.051537
v 0.024030 -0.017405 -0.327613
v 0.026782 0.020493 -0.327612
v 0.029498 -0.017436 -0.326269
v 0.025320 -0.020628 -0.222791
v 0.028240 -0.010904 -0.226351
v 0.025122 0.030742 0.047605
v 0.023186 0.031433 0.040186
v 0.027403 0.036745 0.046418
v 0.024066 0.028953 0.046660
v 0.027505 0.026176 0.046600
v 0.026463 0.029769 0.052010
v 0.025122 0.030742 0.047605
v 0.027403 0.036745 0.046418
v 0.024964 -0.072603 0.016092
v 0.026761 -0.073284 0.011881
v 0.025123 -0.062476 0.014820
v 0.027803 -0.062272 0.009416
v 0.024996 -0.063017 -0.016062
v 0.026176 -0.061944 -0.011943
v 0.022842 -0.027702 -0.338018
v 0.028212 -0.027596 -0.338970
v 0.002149 -0.023287 -0.036674
v -0.027613 -0.022354 -0.036921
v 0.025635 -0.022560 -0.270798
v 0.029329 -0.022311 -0.277490
v 0.025949 0.036709 -0.025762
v 0.027948 0.032224 -0.023617
v 0.024066 0.030959 -0.222316
v 0.026503 0.018509 -0.223874
v 0.026359 0.005949 0.065201
v 0.026814 0.013517 0.063600
v 0.024710 -0.024334 0.040982
v 0.027541 -0.021644 0.045704
v 0.024626 -0.024183 0.046613
v 0.024710 -0.024334 0.040982
v 0.027536 -0.021585 0.046811
v 0.024533 -0.033567 0.029675
v 0.027126 -0.024356 0.035237
v 0.024792 -0.023509 0.047043
v 0.027536 -0.021585 0.046811
v 0.027371 0.012951 -0.223948
v 0.026210 0.019674 -0.223301
v 0.026654 0.022830 -0.179754
v 0.026799 -0.023925 0.035551
v 0.026946 -0.023255 0.036217
v 0.026914 -0.023072 0.036464
v 0.028020 -0.021612 0.037444
v 0.026882 -0.022919 0.036707
v 0.028020 -0.021612 0.037444
v 0.026810 0.002834 0.062704
v 0.026938 0.016956 0.062049
v 0.026560 -0.021675 0.047241
v 0.024760 -0.023150 0.047350
v 0.026887 -0.022803 0.036991
v 0.028020 -0.021612 0.037444
v 0.024710 -0.024334 0.040982
v 0.026091 -0.023424 0.036702
v 0.026223 0.006329 0.064986
v 0.026533 0.012953 0.063490
v 0.018754 -0.029691 -0.271570
v 0.025941 -0.035401 -0.296851
v 0.028180 -0.034338 -0.037736
v 0.027618 -0.034619 -0.039582
v 0.020950 -0.038752 -0.040890
v 0.021177 -0.038676 -0.039172
v 0.024781 -0.026042 -0.086161
v 0.024213 -0.025531 -0.148479
v 0.026921 -0.022711 -0.107531
v 0.026845 -0.023012 0.036566
v 0.026946 -0.023255 0.036217
v 0.026891 -0.022879 0.036779
v 0.026857 -0.022985 0.036604
v 0.026808 0.002830 0.063683
v 0.026938 0.016956 0.062049
v 0.026672 0.013998 0.063030
v 0.026683 0.002341 0.064198
v 0.026824 0.002857 0.063377
v 0.026690 0.002346 0.062108
v 0.026805 -0.023070 0.036483
v 0.026946 -0.023255 0.036217
v 0.026815 -0.023265 0.036203
v 0.026704 -0.023176 0.036332
v 0.023397 -0.027483 -0.338068
v 0.029379 -0.027473 -0.337631
v 0.026832 -0.022980 0.036625
v 0.026891 -0.022879 0.036779
v 0.026857 -0.022767 0.037157
v 0.026852 -0.022910 0.036753
v 0.026808 -0.023014 0.036578
v 0.026866 -0.022973 0.036619
v 0.026772 -0.023312 0.036141
v 0.026946 -0.023255 0.036217
v 0.026805 -0.023033 0.036548
v 0.026783 -0.023089 0.036455
v 0.026790 -0.023079 0.036470
v 0.026704 -0.023176 0.036332
v 0.026752 -0.023148 0.036371
v 0.026946 -0.023255 0.036217
v 0.026895 -0.024124 0.035397
v 0.023497 -0.034076 0.030113
v 0.024891 -0.024563 0.033937
v 0.026788 -0.022917 0.036824
v 0.026741 -0.023364 0.036071
v 0.026946 -0.023255 0.036217
v 0.026687 -0.023391 0.036023
v 0.026754 -0.023346 0.036098
v 0.024891 -0.024563 0.033937
v 0.026724 -0.023104 0.036452
v 0.026704 -0.023176 0.036332
v 0.026796 -0.023028 0.036562
v 0.024759 0.041000 -0.033405
v 0.024671 0.040901 -0.029249
v 0.030036 0.037022 -0.029300
v 0.025986 -0.017185 -0.222673
v 0.027934 -0.007980 -0.225694
v 0.025116 -0.036362 -0.045961
v 0.021023 -0.038774 -0.038543
v 0.027766 -0.034523 -0.038550
v 0.021023 -0.038774 -0.038543
v 0.025319 -0.037178 -0.037846
v 0.026654 -0.023851 0.035581
v 0.026740 -0.023254 0.036222
v 0.026654 -0.023851 0.035581
v 0.026762 -0.023330 0.036120
v 0.026654 -0.023851 0.035581
v 0.026718 -0.023378 0.036049
v 0.024558 0.027854 0.047212
v 0.026561 0.026161 0.047293
v 0.026654 -0.023851 0.035581
v 0.026766 -0.023370 0.036063
v 0.021753 -0.031681 -0.050325
v 0.024824 -0.028095 -0.051164
v 0.017521 -0.061813 -0.001240
v 0.016894 -0.061801 0.004826
v 0.016894 -0.061801 0.004826
v 0.024707 -0.061810 0.014256
v 0.024707 -0.061810 0.014256
v 0.024707 -0.061810 0.014256
v 0.016036 -0.061826 -0.007155
v 0.016036 -0.061826 -0.007155
v 0.017521 -0.061813 -0.001240
v 0.026176 -0.061944 -0.011943
v 0.026176 -0.061944 -0.011943
v 0.026176 -0.061944 -0.011943
v 0.026533 0.012953 0.063490
v 0.026282 0.005868 0.064584
v 0.023259 -0.034215 0.029941
v 0.026654 -0.023851 0.035581
v 0.025734 0.027273 0.052208
v 0.026463 0.029769 0.052010
v 0.024213 -0.025531 -0.148479
v 0.026907 -0.020211 -0.154362
v 0.026921 -0.022711 -0.107531
v 0.026111 0.006598 0.064820
v 0.026194 0.002492 0.064881
v 0.022004 -0.024927 0.053505
v 0.026765 -0.021571 0.053370
v 0.002996 -0.021578 0.054204
v 0.017867 -0.027173 0.053662
v 0.026765 -0.021571 0.053370
v 0.023685 -0.024007 0.052525
v 0.026765 -0.021571 0.053370
v 0.024011 -0.023851 0.051947
v 0.026598 -0.021691 0.052396
v 0.026614 0.026229 0.051537
v 0.026409 0.026387 0.053257
v 0.026041 0.026684 0.051741
v 0.026051 0.026660 0.053371
v 0.024671 0.040901 -0.029249
v 0.024759 0.041000 -0.033405
v 0.028020 0.047132 -0.033371
v 0.023552 -0.042377 -0.027913
v 0.024909 -0.028784 -0.026738
v 0.027406 -0.027697 -0.024173
v 0.024256 0.031063 -0.271496
v 0.025331 0.026089 -0.270899
v 0.028147 0.025954 -0.276189
v 0.025544 0.025822 -0.270768
v 0.028147 0.025954 -0.276189
v 0.024306 -0.023367 0.051681
v 0.026726 -0.021568 0.051608
v 0.023792 0.020613 -0.312624
v 0.023792 0.020613 -0.312624
v 0.023792 0.020613 -0.312624
v 0.027157 -0.017495 -0.312769
v 0.027564 0.020631 -0.313051
v 0.024887 -0.027365 -0.339518
v 0.023744 -0.027319 -0.338110
v 0.024399 -0.027380 -0.340034
v 0.028718 -0.027381 -0.339839
v 0.024859 0.041136 -0.028434
v 0.027470 0.045872 -0.027615
v 0.023646 0.026572 0.047816
v 0.026463 0.029769 0.052010
v 0.023917 0.027958 0.047294
v 0.026463 0.029769 0.052010
v 0.025550 0.027839 0.051360
v 0.023659 0.026171 0.048133
v 0.008666 -0.033794 -0.037038
v 0.020694 -0.028073 -0.036982
v 0.024217 -0.073450 0.016093
v 0.026762 -0.073372 0.011357
v 0.024891 -0.024563 0.033937
v 0.026621 -0.023632 0.035801
v 0.006344 -0.024562 -0.035976
v 0.026652 -0.023357 -0.036745
v 0.024781 0.029926 0.047562
v 0.026463 0.029769 0.052010
v 0.024029 0.028595 -0.221400
v 0.026210 0.019674 -0.223301
v 0.025640 0.026177 0.047597
v 0.026614 0.026229 0.051537
v 0.024058 0.026180 0.047849
v 0.026614 0.026229 0.051537
v 0.023880 -0.021597 0.050589
v 0.026281 -0.021578 0.047428
v 0.025638 -0.021578 0.051176
v 0.026281 -0.021578 0.047428
v 0.019102 -0.009788 -0.255913
v 0.025657 -0.008464 -0.178204
v 0.025992 -0.012914 -0.145664
v 0.024080 -0.022941 0.051479
v 0.026726 -0.021568 0.051608
v 0.024233 -0.021908 0.051353
v 0.026726 -0.021568 0.051608
v 0.025356 0.026649 0.051410
v 0.026614 0.026229 0.051537
v 0.023659 0.026171 0.048133
v 0.025545 0.026192 0.051289
v 0.024753 -0.022206 0.047475
v 0.026281 -0.021578 0.047428
v 0.023262 -0.021606 0.050166
v 0.024839 -0.021610 0.047726
v 0.024247 0.026424 0.047437
v 0.026561 0.026161 0.047293
v 0.024346 0.027282 0.047358
v 0.026561 0.026161 0.047293
v 0.028258 -0.028001 -0.340138
v 0.024284 -0.027907 -0.340357
v 0.022233 -0.018833 -0.188691
v 0.025193 -0.017058 -0.122845
v 0.025992 -0.012914 -0.145664
v 0.025193 -0.017058 -0.122845
v 0.019102 -0.009788 -0.255913
v 0.025992 -0.012914 -0.145664
v 0.028404 -0.027726 -0.340011
v 0.025477 -0.027387 -0.340172
v 0.025303 -0.027390 -0.340174
v 0.028258 -0.028001 -0.340138
v 0.024666 -0.027436 -0.340146
v 0.028258 -0.028001 -0.340138
v 0.025299 -0.027387 -0.340173
v 0.028718 -0.027381 -0.339839
v 0.016303 -0.029791 -0.269738
v 0.025941 -0.035401 -0.296851
v 0.026111 0.006598 0.064820
v 0.025480 0.003960 0.065555
v 0.005915 -0.035453 -0.314513
v 0.005915 -0.035453 -0.314513
v 0.004884 -0.035442 -0.308148
v 0.025334 0.004265 0.065625
v 0.026239 0.006140 0.065073
v 0.021814 -0.016217 -0.272206
v 0.028050 -0.015638 -0.265245
v 0.025120 -0.020969 -0.222296
v 0.026176 -0.016152 -0.222438
v 0.023900 0.027685 -0.220783
v 0.026654 0.022830 -0.179754
v 0.026210 0.019674 -0.223301
v 0.026907 -0.020211 -0.154362
v 0.024203 -0.023493 -0.220821
v 0.026176 -0.016152 -0.222438
v 0.019102 -0.009788 -0.255913
v 0.021533 -0.004148 -0.254574
v 0.025657 -0.008464 -0.178204
v 0.024273 0.039826 -0.027394
v 0.025803 0.036104 -0.025912
v 0.025058 0.040423 -0.026671
v 0.025803 0.036104 -0.025912
v 0.023642 -0.028138 -0.052265
v 0.026894 -0.024543 -0.053758
v 0.013968 0.020574 -0.306562
v 0.011843 0.020518 -0.317071
v 0.030360 0.020905 -0.284454
v 0.011843 0.020518 -0.317071
v 0.011843 0.020518 -0.317071
v 0.019995 0.020574 -0.314462
v 0.019995 0.020574 -0.314462
v 0.030360 0.020905 -0.284454
v 0.019995 0.020574 -0.314462
v 0.024213 -0.025531 -0.148479
v 0.024203 -0.023493 -0.220821
v 0.026907 -0.020211 -0.154362
v 0.023900 0.027685 -0.220783
v 0.025076 0.027039 -0.167550
v 0.026654 0.022830 -0.179754
v 0.021442 -0.013064 -0.254609
v 0.025992 -0.012914 -0.145664
v 0.025657 -0.008464 -0.178204
v 0.028079 0.018575 -0.264871
v 0.022017 0.019917 -0.272446
v 0.024388 -0.025356 0.027199
v 0.024335 -0.039513 0.027297
v 0.027275 -0.027513 0.024201
v 0.025045 0.029023 -0.249422
v 0.025419 0.026267 -0.249421
v 0.025474 -0.063694 0.016618
v 0.022500 -0.071608 0.020543
v 0.025569 -0.071613 0.016562
v 0.022414 -0.071682 -0.020575
v 0.022501 -0.064004 -0.020481
v 0.025500 -0.071671 -0.016607
v 0.022501 -0.064004 -0.020481
v 0.025568 -0.063994 -0.016499
v 0.025500 -0.071671 -0.016607
v 0.022400 -0.063930 0.020637
v 0.022500 -0.071608 0.020543
v 0.025474 -0.063694 0.016618
v 0.025167 -0.021794 -0.222839
v 0.028572 -0.012070 -0.226918
v 0.021814 0.019124 -0.272134
v 0.028260 0.017712 -0.264016
v 0.024820 0.040660 -0.027259
v 0.025553 0.040826 -0.026206
v 0.024759 0.029164 -0.249631
v 0.025419 0.026267 -0.249421
v 0.024021 -0.027381 -0.340104
v 0.025148 -0.027386 -0.340173
v 0.022364 0.031643 0.028848
v 0.028533 0.026208 0.028817
v 0.021996 0.031216 0.028859
v 0.021930 0.030901 0.037460
v 0.028533 0.026208 0.028817
v 0.021930 0.030901 0.037460
v 0.023999 0.029238 0.046325
v 0.028533 0.026208 0.028817
v 0.024066 0.029052 0.046654
v 0.025122 0.030742 0.047605
v 0.022315 -0.017461 -0.273893
v 0.028227 -0.017068 -0.267644
v 0.024888 0.003378 0.065855
v 0.025710 0.002335 0.065570
v 0.023689 -0.034372 0.029905
v 0.025407 -0.033289 0.029177
v 0.025419 0.026267 -0.249421
v 0.025018 0.025924 -0.249401
v 0.021697 -0.015629 -0.272021
v 0.028264 -0.014667 -0.264045
v 0.022373 -0.028654 -0.053140
v 0.024781 -0.026042 -0.086161
v 0.026894 -0.024543 -0.053758
v 0.025139 -0.022716 -0.249404
v 0.024875 -0.025947 -0.249498
v 0.025149 0.026628 0.051316
v 0.023659 0.026171 0.048133
v 0.025534 0.025808 -0.270708
v 0.024153 0.025895 -0.266781
v 0.022520 -0.026641 0.029563
v 0.026654 -0.023851 0.035581
v 0.022500 -0.071608 0.020543
v 0.024784 -0.072470 0.016542
v 0.022157 -0.072520 -0.019884
v 0.025500 -0.071671 -0.016607
v 0.024705 -0.072774 -0.016158
v 0.021520 -0.073523 -0.019481
v 0.022138 -0.063140 0.020071
v 0.025474 -0.063694 0.016618
v 0.022501 -0.064004 -0.020481
v 0.024916 -0.063209 -0.016448
v 0.021060 -0.073600 0.019760
v 0.021060 -0.073600 0.019760
v 0.015314 -0.073856 -0.023303
v 0.015314 -0.073856 -0.023303
v 0.015314 -0.073856 -0.023303
v 0.015314 -0.073856 -0.023303
v 0.027811 -0.073653 0.007562
v 0.023434 -0.073502 0.016828
v 0.027811 -0.073653 0.007562
v 0.024866 0.029741 -0.249874
v 0.025191 0.029154 -0.249319
v 0.022561 0.030478 0.040839
v 0.023999 0.029238 0.046325
v 0.021539 -0.015066 -0.271896
v 0.021512 -0.006158 -0.271900
v 0.022177 -0.005694 -0.271116
v 0.028264 -0.014667 -0.264045
v 0.028264 -0.014667 -0.264045
v 0.022683 0.008406 -0.270518
v 0.021545 0.018394 -0.271938
v 0.028260 0.017712 -0.264016
v 0.025349 -0.024410 0.034298
v 0.022375 -0.026519 0.029670
v 0.024574 -0.026220 -0.249654
v 0.024864 -0.022721 -0.249497
v 0.022291 -0.038147 -0.032993
v 0.028180 -0.034338 -0.037736
v 0.025419 -0.036413 -0.030158
v 0.023975 -0.022353 0.047511
v 0.024760 -0.023150 0.047350
v 0.023686 -0.002224 -0.230415
v 0.022227 -0.005367 -0.254186
v 0.025657 -0.008464 -0.178204
v 0.021533 -0.004148 -0.254574
v 0.023686 -0.002224 -0.230415
v 0.025657 -0.008464 -0.178204
v 0.024634 0.025769 -0.267617
v 0.024152 0.025392 -0.258597
v 0.024967 0.029092 -0.249477
v 0.025191 0.029154 -0.249319
v 0.024953 0.029002 -0.249481
v 0.025191 0.029154 -0.249319
v 0.024539 -0.022362 -0.267175
v 0.025703 -0.022729 -0.271608
v 0.024418 0.029827 -0.249871
v 0.025035 0.029163 -0.249435
v 0.024418 0.029827 -0.249871
v 0.025102 0.026189 -0.249496
v 0.024121 -0.022636 -0.266463
v 0.024281 -0.027782 -0.271330
v 0.025703 -0.022729 -0.271608
v 0.019679 -0.039419 -0.045946
v 0.021023 -0.038774 -0.038543
v 0.025116 -0.036362 -0.045961
v 0.024256 0.031063 -0.271496
v 0.024153 0.025895 -0.266781
v 0.025331 0.026089 -0.270899
v 0.024704 -0.027286 -0.223414
v 0.022587 -0.027941 -0.226677
v 0.024367 -0.034885 0.029158
v 0.025407 -0.033289 0.029177
v 0.019803 -0.029131 -0.037057
v 0.022831 -0.026681 -0.034066
v 0.026652 -0.023357 -0.036745
v 0.022831 -0.026681 -0.034066
v 0.008349 -0.025176 -0.035632
v 0.026652 -0.023357 -0.036745
v 0.021619 -0.035479 -0.333659
v 0.025028 -0.029459 -0.340004
v 0.027804 -0.035476 -0.333894
v 0.021619 -0.035479 -0.333659
v 0.021562 -0.029461 -0.339700
v 0.025028 -0.029459 -0.340004
v 0.021332 -0.029002 -0.339643
v 0.025028 -0.029459 -0.340004
v 0.019826 -0.027736 -0.339409
v 0.025594 -0.028827 -0.339961
v 0.024124 -0.027388 -0.340115
v 0.022943 -0.027452 -0.340067
v 0.021015 -0.017465 -0.313615
v 0.023792 0.020613 -0.312624
v 0.022500 -0.017474 -0.312937
v 0.027157 -0.017495 -0.312769
v 0.024953 0.029147 -0.249497
v 0.024952 0.029024 -0.249482
v 0.019446 -0.035311 -0.298205
v 0.019446 -0.035311 -0.298205
v 0.021325 -0.035345 -0.297981
v 0.004884 -0.035442 -0.308148
v 0.024979 -0.022670 -0.249409
v 0.024302 -0.022333 -0.249089
v 0.024752 -0.022223 -0.248982
v 0.025439 -0.022652 -0.249302
v 0.021896 -0.072708 0.019876
v 0.024217 -0.073450 0.016093
v 0.024925 -0.062891 0.015945
v 0.021589 -0.062262 0.019759
v 0.021980 -0.063015 -0.019917
v 0.024444 -0.062331 -0.016059
v 0.024418 0.029827 -0.249871
v 0.024956 0.029098 -0.249486
v 0.024418 0.029827 -0.249871
v 0.024938 0.028987 -0.249492
v 0.022373 -0.028654 -0.053140
v 0.022378 -0.028317 -0.145285
v 0.024781 -0.026042 -0.086161
v 0.022378 -0.028317 -0.145285
v 0.024213 -0.025531 -0.148479
v 0.024781 -0.026042 -0.086161
v 0.020784 -0.045302 0.029236
v 0.025166 -0.044916 0.026265
v 0.022291 -0.038147 -0.032993
v 0.020951 -0.038874 -0.037728
v 0.028180 -0.034338 -0.037736
v 0.022233 -0.018833 -0.188691
v 0.022161 -0.021447 -0.145646
v 0.025193 -0.017058 -0.122845
v 0.018514 -0.029780 -0.046046
v 0.018514 -0.029780 -0.046046
v 0.018514 -0.029780 -0.046046
v 0.019679 -0.039419 -0.045946
v 0.019679 -0.039419 -0.045946
v 0.019679 -0.039419 -0.045946
v 0.024603 -0.022211 -0.248967
v 0.024394 -0.022042 -0.238729
v 0.024335 -0.039513 0.027297
v 0.024912 -0.035307 0.028501
v 0.022342 -0.017322 -0.273338
v 0.028094 -0.016751 -0.266971
v 0.023056 0.020410 -0.272699
v 0.028108 0.020081 -0.266758
v 0.023576 -0.027562 -0.250007
v 0.024864 -0.022721 -0.249497
v 0.024187 0.030138 -0.249979
v 0.024783 0.026046 -0.249569
v 0.024916 0.025750 -0.249289
v 0.024523 0.025509 -0.249002
v 0.025080 -0.034152 0.028589
v 0.024388 -0.025356 0.027199
v 0.023955 0.039542 -0.027679
v 0.024717 0.040880 -0.028335
v 0.024710 -0.024334 0.040982
v 0.021156 -0.026819 0.038102
v 0.021156 -0.026819 0.038102
v 0.024891 -0.024563 0.033937
v 0.024891 -0.024563 0.033937
v 0.024450 -0.026940 -0.250014
v 0.023689 -0.027558 -0.256706
v 0.022662 -0.026771 0.029444
v 0.022993 -0.034384 0.029743
v 0.026654 -0.023851 0.035581
v 0.020691 -0.027053 0.038358
v 0.019824 -0.027523 0.038610
v 0.021116 -0.026849 0.038050
v 0.024710 -0.024334 0.040982
v 0.024626 -0.024183 0.046613
v 0.019824 -0.027523 0.038610
v 0.024710 -0.024334 0.040982
v 0.020231 -0.046278 0.028874
v 0.025086 -0.045532 0.025433
v 0.021442 -0.013064 -0.254609
v 0.022233 -0.018833 -0.188691
v 0.025992 -0.012914 -0.145664
v 0.021373 0.020523 -0.333055
v 0.021373 0.020523 -0.333055
v 0.021373 0.020523 -0.333055
v 0.021373 0.020523 -0.333055
v 0.024783 0.026046 -0.249569
v 0.024356 0.025733 -0.249098
v 0.024420 -0.035537 0.028777
v 0.024335 -0.039513 0.027297
v 0.023826 -0.027487 -0.250045
v 0.025033 -0.026133 -0.249614
v 0.024458 0.040181 -0.027337
v 0.024929 0.041175 -0.027800
v 0.023948 -0.022907 0.047435
v -0.000034 -0.023136 0.048015
v 0.021956 -0.038545 -0.032296
v 0.025419 -0.036413 -0.030158
v 0.019627 -0.028592 -0.270599
v 0.023965 -0.028172 -0.276528
v 0.024281 -0.027782 -0.271330
v 0.024752 0.030743 -0.223489
v 0.022540 0.031418 -0.226790
v 0.022544 0.031248 -0.249698
v 0.024369 0.026019 -0.249316
v 0.023241 0.030992 -0.249968
v 0.024783 0.026046 -0.249569
v 0.023160 -0.036221 0.029431
v 0.024335 -0.039513 0.027297
v 0.024427 -0.042122 0.027088
v 0.024388 -0.042352 0.027125
v 0.024409 -0.042259 0.027105
v 0.025166 -0.044916 0.026265
v 0.022111 -0.016732 -0.272681
v 0.028072 -0.016314 -0.265905
v 0.028032 0.019693 -0.266199
v 0.022017 0.019917 -0.272446
v 0.024263 0.027533 0.047307
v 0.024074 0.028751 0.046946
v 0.024262 0.025713 -0.249023
v 0.024388 0.025453 -0.238808
v 0.023243 -0.042428 -0.028158
v 0.024360 -0.044594 -0.027124
v 0.001032 0.020714 -0.325213
v 0.001224 0.020734 -0.323979
v 0.013968 0.020574 -0.306562
v 0.023785 0.020842 -0.273104
v 0.021831 -0.043093 -0.029210
v 0.024360 -0.044594 -0.027124
v 0.020973 -0.044439 0.029780
v 0.024292 -0.041590 0.027224
v 0.023030 -0.021529 -0.103320
v 0.019102 -0.009788 -0.255913
v 0.025193 -0.017058 -0.122845
v 0.023748 0.030928 -0.250192
v 0.024618 0.029863 -0.249920
v 0.020973 -0.044439 0.029780
v 0.024427 -0.042091 0.027088
v 0.020973 -0.044439 0.029780
v 0.024407 -0.042254 0.027107
v 0.020973 -0.044439 0.029780
v 0.020973 -0.044439 0.029780
v 0.024465 -0.043531 0.026962
v 0.024591 -0.022565 -0.249308
v 0.023283 -0.027682 -0.249968
v 0.024118 -0.022507 -0.248959
v 0.024394 -0.022042 -0.238729
v 0.021905 0.020470 -0.327085
v 0.026782 0.020493 -0.327612
v 0.024030 -0.017405 -0.327613
v 0.021905 0.020470 -0.327085
v 0.023830 0.025859 -0.263665
v 0.024152 0.025392 -0.258597
v 0.022897 0.030877 0.040969
v 0.025122 0.030742 0.047605
v 0.024365 0.029834 0.046627
v 0.022628 0.030460 0.041406
v 0.022583 -0.038334 0.029152
v 0.024335 -0.039513 0.027297
v 0.022131 -0.039092 0.029343
v 0.024174 -0.040109 0.027409
v 0.020218 -0.026771 0.046666
v 0.024626 -0.024183 0.046613
v -0.000035 -0.023004 0.050829
v 0.023808 -0.022929 0.051456
v 0.024347 -0.022469 -0.266755
v 0.023734 -0.022551 -0.262740
v 0.019972 -0.045449 -0.029822
v 0.024360 -0.044594 -0.027124
v 0.023849 -0.045576 -0.026698
v 0.019562 -0.046396 -0.029363
v 0.023589 0.026940 0.047422
v 0.023937 0.026317 0.047744
v 0.010162 -0.029907 -0.272143
v 0.019446 -0.035311 -0.298205
v 0.025941 -0.035401 -0.296851
v 0.023933 -0.022427 -0.262267
v 0.024766 -0.022180 -0.267491
v 0.023552 -0.042377 -0.027913
v 0.024011 -0.029757 -0.027544
v 0.023314 -0.022409 0.051219
v 0.024388 -0.021589 0.051310
v 0.023557 0.030943 -0.256961
v 0.024360 0.030405 -0.250197
v 0.024623 -0.023767 0.046940
v 0.020170 -0.026528 0.047100
v 0.022638 -0.027859 -0.264685
v 0.024281 -0.027782 -0.271330
v 0.024121 -0.022636 -0.266463
v 0.022378 -0.028317 -0.145285
v 0.024203 -0.023493 -0.220821
v 0.024213 -0.025531 -0.148479
v 0.023900 0.027685 -0.220783
v 0.022373 0.031673 -0.204177
v 0.025076 0.027039 -0.167550
v 0.021804 -0.040196 0.029421
v 0.024216 -0.041023 0.027317
v 0.021723 -0.040252 0.029470
v 0.024216 -0.041023 0.027317
v 0.021684 -0.040346 0.029489
v 0.024216 -0.041023 0.027317
v 0.022434 -0.041066 0.028806
v 0.018276 -0.013334 0.068993
v 0.023942 -0.013030 0.062175
v 0.024369 -0.012824 0.067322
v 0.022044 -0.039713 0.029312
v 0.024216 -0.041023 0.027317
v 0.022514 -0.027895 -0.249248
v 0.023941 -0.022674 -0.248849
v 0.024394 -0.022042 -0.238729
v 0.022587 -0.027941 -0.226677
v 0.022514 -0.027895 -0.249248
v 0.024394 -0.022042 -0.238729
v 0.023996 0.025921 -0.249067
v 0.022540 0.031418 -0.226790
v 0.024388 0.025453 -0.238808
v 0.024059 0.002837 0.066203
v 0.025710 0.002335 0.065570
v 0.022933 -0.027734 -0.249624
v 0.024302 -0.022333 -0.249089
v 0.024104 -0.022529 -0.248961
v 0.022514 -0.027895 -0.249248
v 0.023490 0.030693 -0.221105
v 0.023900 0.027685 -0.220783
v 0.024044 -0.022337 -0.258121
v 0.023734 -0.022551 -0.262740
v 0.024256 0.031063 -0.271496
v 0.022543 0.031169 -0.264507
v 0.024153 0.025895 -0.266781
v 0.022066 -0.032818 -0.029106
v 0.023067 -0.038180 -0.029320
v 0.021905 0.020470 -0.327085
v 0.021905 0.020470 -0.327085
v 0.019826 -0.027736 -0.339409
v 0.020483 -0.027726 -0.338719
v 0.022237 -0.027710 -0.338533
v 0.027896 -0.027671 -0.339972
v 0.018276 -0.013334 0.068993
v 0.018276 -0.013334 0.068993
v -0.001471 -0.014406 0.062617
v -0.001471 -0.014406 0.062617
v -0.001471 -0.014406 0.062617
v 0.023942 -0.013030 0.062175
v 0.023262 -0.021606 0.050166
v 0.023466 -0.021663 0.048439
v 0.023400 -0.021931 0.050791
v 0.024388 -0.021589 0.051310
v 0.020125 -0.027970 -0.339817
v 0.023238 -0.027657 -0.340169
v 0.023744 -0.027319 -0.338110
v 0.023524 -0.027409 -0.339960
v 0.022544 0.031248 -0.249698
v 0.022540 0.031418 -0.226790
v 0.023996 0.025921 -0.249067
v 0.020125 -0.027970 -0.339817
v 0.024291 -0.028254 -0.340913
v 0.020992 -0.028740 -0.273552
v 0.023763 -0.029454 -0.278033
v 0.022373 0.031673 -0.204177
v 0.023652 -0.037964 -0.029585
v 0.025661 -0.036148 -0.029812
v 0.013308 -0.026449 -0.034212
v 0.022831 -0.026681 -0.034066
v 0.023696 0.025894 -0.263172
v 0.023966 0.025665 -0.258424
v 0.022378 -0.028317 -0.145285
v 0.022552 -0.027982 -0.219255
v 0.024203 -0.023493 -0.220821
v 0.023411 -0.027471 -0.220926
v 0.025320 -0.020628 -0.222791
v 0.024366 -0.023092 -0.221192
v 0.022552 -0.027982 -0.219255
v 0.021242 -0.062169 -0.019795
v 0.024526 -0.062240 -0.015542
v 0.015064 -0.014424 -0.258154
v 0.019102 -0.009788 -0.255913
v 0.023030 -0.021529 -0.103320
v 0.023558 -0.027583 -0.250020
v 0.023689 -0.027558 -0.256706
v 0.018024 0.032120 -0.263142
v 0.024510 0.031129 -0.272676
v 0.023642 -0.034532 0.029877
v 0.022743 -0.036706 0.029453
v 0.023734 -0.022551 -0.262740
v 0.022638 -0.027859 -0.264685
v 0.024121 -0.022636 -0.266463
v 0.019197 -0.026591 0.051998
v 0.024011 -0.023851 0.051947
v 0.022543 0.031169 -0.264507
v 0.023696 0.025894 -0.263172
v 0.024153 0.025895 -0.266781
v 0.025193 -0.017058 -0.122845
v 0.022161 -0.021447 -0.145646
v 0.023030 -0.021529 -0.103320
v 0.021932 -0.028105 -0.041049
v 0.018514 -0.029780 -0.046046
v 0.025740 -0.024451 -0.046056
v 0.022227 -0.005367 -0.254186
v 0.021442 -0.013064 -0.254609
v 0.025657 -0.008464 -0.178204
v 0.018105 -0.026965 0.051688
v 0.024163 -0.023541 0.051754
v -0.000034 -0.023136 0.048015
v 0.020170 -0.026528 0.047100
v 0.024760 -0.023150 0.047350
v 0.022569 0.031465 -0.219614
v 0.022373 0.031673 -0.204177
v 0.023900 0.027685 -0.220783
v 0.023696 0.025894 -0.263172
v 0.022513 0.031193 -0.258550
v 0.023750 0.025984 -0.258139
v 0.023802 -0.022592 -0.258049
v 0.022559 -0.027818 -0.258448
v 0.023734 -0.022551 -0.262740
v 0.022543 0.031169 -0.264507
v 0.022513 0.031193 -0.258550
v 0.023696 0.025894 -0.263172
v 0.025725 -0.027061 -0.343944
v 0.018557 -0.026172 -0.343230
v 0.022559 -0.027818 -0.258448
v 0.022638 -0.027859 -0.264685
v 0.023734 -0.022551 -0.262740
v 0.018557 -0.026172 -0.343230
v 0.023129 -0.017681 -0.344251
v 0.026101 -0.026224 -0.344118
v 0.018224 0.030131 -0.343045
v 0.024021 0.030795 -0.343888
v 0.023056 0.020684 -0.344320
v 0.017760 0.029242 -0.343129
v 0.024021 0.030795 -0.343888
v 0.021462 -0.027085 0.029827
v 0.024891 -0.024563 0.033937
v 0.022070 -0.026740 0.029623
v 0.024891 -0.024563 0.033937
v 0.021277 -0.027129 0.030109
v 0.022932 -0.038926 -0.029971
v 0.025517 -0.036305 -0.030001
v 0.021442 -0.013064 -0.254609
v 0.021188 -0.019235 -0.224167
v 0.022233 -0.018833 -0.188691
v 0.018105 -0.026965 0.051688
v -0.000035 -0.023004 0.050829
v -0.000035 -0.023004 0.050829
v 0.024406 -0.023129 0.051520
v 0.023434 -0.022076 0.047936
v 0.024341 -0.021626 0.047587
v 0.023158 0.031039 -0.257468
v 0.023748 0.030928 -0.250192
v 0.022540 0.031418 -0.226790
v 0.023544 0.031132 -0.221822
v 0.023425 -0.027694 -0.221434
v 0.022587 -0.027941 -0.226677
v 0.023175 -0.027489 -0.257557
v 0.023802 -0.022592 -0.258049
v 0.023084 0.030897 -0.257728
v 0.023750 0.025984 -0.258139
v 0.022513 0.031193 -0.258550
v 0.023170 0.031081 -0.250008
v 0.023009 -0.021600 0.049733
v 0.023183 -0.021684 0.048501
v 0.022762 -0.024597 0.052925
v 0.019668 -0.026465 0.052178
v 0.023253 -0.027659 -0.257244
v 0.023283 -0.027682 -0.249968
v 0.017236 -0.017693 -0.341844
v 0.016245 -0.017699 -0.341828
v 0.017941 -0.017686 -0.341533
v 0.017941 -0.017686 -0.341533
v 0.023067 -0.017431 -0.342519
v 0.023072 0.000433 -0.242893
v 0.023072 0.000433 -0.242893
v 0.022227 -0.005367 -0.254186
v 0.022227 -0.005367 -0.254186
v 0.023686 -0.002224 -0.230415
v 0.021533 -0.004148 -0.254574
v 0.023072 0.000433 -0.242893
v 0.023686 -0.002224 -0.230415
v 0.018024 0.032120 -0.263142
v 0.022543 0.031169 -0.264507
v 0.024256 0.031063 -0.271496
v 0.014542 -0.029391 -0.264950
v 0.020655 -0.028408 -0.270494
v 0.022638 -0.027859 -0.264685
v 0.014542 -0.029391 -0.264950
v 0.024281 -0.027782 -0.271330
v 0.022513 0.031193 -0.258550
v 0.018024 0.032120 -0.263142
v 0.018024 0.032120 -0.263142
v 0.022544 0.031248 -0.249698
v 0.022544 0.031248 -0.249698
v 0.022585 -0.038877 -0.030422
v 0.025419 -0.036413 -0.030158
v 0.023046 0.000627 -0.243407
v 0.022744 0.000670 -0.248897
v 0.022744 0.000670 -0.248897
v 0.022686 0.000632 -0.249500
v 0.023072 0.000433 -0.242893
v 0.021533 -0.004148 -0.254574
v 0.022336 0.000573 -0.254135
v 0.023072 0.000433 -0.242893
v 0.022882 -0.021594 0.049349
v 0.023183 -0.021684 0.048501
v 0.015234 -0.044459 -0.037517
v 0.022706 -0.041244 -0.048383
v 0.027070 -0.038873 -0.037527
v 0.015234 -0.044459 -0.037517
v 0.014483 -0.043590 -0.037519
v 0.014729 -0.043570 -0.037519
v 0.021751 -0.040544 -0.029351
v 0.022468 -0.040315 -0.028777
v 0.023552 -0.042377 -0.027913
v 0.022066 -0.032818 -0.029106
v 0.022578 -0.032012 -0.028720
v 0.023552 -0.042377 -0.027913
v 0.018387 0.030796 -0.342951
v 0.023298 0.030980 -0.343238
v 0.014230 -0.061792 0.010312
v 0.014230 -0.061792 0.010312
v 0.012617 -0.061839 -0.012205
v 0.012617 -0.061839 -0.012205
v 0.012617 -0.061839 -0.012205
v 0.013434 -0.061919 -0.025353
v 0.013434 -0.061919 -0.025353
v 0.013434 -0.061919 -0.025353
v 0.021488 -0.062103 -0.018783
v 0.013434 -0.061919 -0.025353
v 0.023192 -0.034301 0.029887
v 0.022743 -0.036706 0.029453
v 0.022897 -0.021582 0.049462
v 0.022872 -0.021591 0.049256
v 0.021054 -0.031365 -0.050831
v 0.024206 -0.028093 -0.051573
v 0.022897 -0.021582 0.049462
v 0.022872 -0.021591 0.049256
v 0.010684 -0.046845 -0.032607
v 0.020350 -0.046413 -0.028586
v 0.024461 -0.046541 -0.024693
v 0.010684 -0.046845 -0.032607
v 0.022787 -0.021597 0.049607
v 0.023262 -0.021606 0.050166
v 0.022757 -0.021602 0.049275
v 0.023183 -0.021684 0.048501
v 0.022446 -0.021613 0.049437
v 0.022815 -0.021594 0.049438
v 0.023118 -0.027391 -0.339190
v 0.017510 -0.027327 -0.338799
v 0.022080 -0.041769 -0.029111
v 0.023552 -0.042377 -0.027913
v 0.021930 0.030901 0.037460
v 0.022929 0.031070 0.040468
v 0.020875 -0.029387 -0.273626
v 0.023763 -0.029454 -0.278033
v 0.022559 -0.027818 -0.258448
v 0.014542 -0.029391 -0.264950
v 0.022638 -0.027859 -0.264685
v 0.022662 -0.026771 0.029444
v 0.022896 -0.035098 0.029632
v 0.022336 0.000573 -0.254135
v 0.022227 -0.005367 -0.254186
v 0.022744 0.000670 -0.248897
v 0.022927 -0.027780 -0.249668
v 0.022559 -0.027818 -0.258448
v 0.022573 -0.027955 -0.224478
v 0.022514 -0.027895 -0.249248
v 0.015234 -0.044459 -0.037517
v 0.016880 -0.043878 -0.048081
v 0.022706 -0.041244 -0.048383
v -0.000035 -0.023004 0.050829
v 0.023269 -0.022491 0.051243
v 0.023209 -0.022187 0.048006
v -0.000034 -0.023136 0.048015
v -0.000007 -0.022634 0.048656
v 0.023183 -0.021684 0.048501
v -0.000002 -0.022570 0.050065
v 0.023255 -0.022235 0.051089
v -0.000036 -0.022135 0.049295
v 0.023245 -0.021920 0.050626
v -0.000036 -0.022135 0.049295
v 0.022826 -0.021610 0.049788
v 0.022787 -0.021648 0.048985
v -0.000036 -0.022135 0.049295
v 0.022373 0.031673 -0.204177
v 0.022554 0.031457 -0.221307
v 0.019091 -0.031483 -0.051604
v 0.022837 -0.028603 -0.052528
v 0.019627 -0.028592 -0.270599
v 0.023285 -0.027888 -0.276121
v 0.018024 0.032120 -0.263142
v 0.022513 0.031193 -0.258550
v 0.022543 0.031169 -0.264507
v 0.022181 0.031126 0.037120
v 0.023186 0.031433 0.040186
v 0.022348 -0.004917 -0.270496
v 0.022683 0.008406 -0.270518
v 0.022012 -0.004711 -0.270499
v 0.022340 0.008023 -0.270486
v 0.022490 -0.026953 0.029392
v 0.022743 -0.036706 0.029453
v 0.022540 0.031418 -0.226790
v 0.016370 -0.043641 -0.048639
v 0.022706 -0.041244 -0.048383
v 0.018024 0.032120 -0.263142
v 0.022269 0.031520 -0.222656
v 0.022378 -0.028317 -0.145285
v 0.022535 -0.027963 -0.227076
v 0.023092 -0.038697 -0.029797
v 0.021413 -0.041041 -0.029623
v 0.014670 0.020707 -0.342102
v 0.023056 0.020684 -0.344320
v 0.021373 0.020523 -0.333055
v 0.019995 0.020574 -0.314462
v 0.022500 -0.017474 -0.312937
v 0.023792 0.020613 -0.312624
v 0.022534 -0.017320 -0.342525
v 0.015296 -0.017302 -0.340472
v 0.015296 -0.017302 -0.340472
v 0.015296 -0.017302 -0.340472
v 0.024030 -0.017405 -0.327613
v 0.024030 -0.017405 -0.327613
v 0.022400 -0.063930 0.020637
v 0.022400 -0.063930 0.020637
v 0.018818 -0.071604 0.023964
v 0.018818 -0.071604 0.023964
v 0.022500 -0.071608 0.020543
v 0.018716 -0.071692 -0.023980
v 0.018915 -0.063525 -0.023708
v 0.022414 -0.071682 -0.020575
v 0.018915 -0.063525 -0.023708
v 0.022501 -0.064004 -0.020481
v 0.022414 -0.071682 -0.020575
v 0.018701 -0.063927 0.024041
v 0.022481 0.020310 -0.272843
v 0.019936 0.020890 -0.274738
v 0.009844 -0.046846 -0.014552
v 0.009844 -0.046846 -0.014552
v 0.009844 -0.046846 -0.014552
v 0.010684 -0.046845 -0.032607
v 0.010684 -0.046845 -0.032607
v 0.010684 -0.046845 -0.032607
v 0.021305 -0.041086 -0.029809
v 0.022932 -0.038926 -0.029971
v 0.020171 -0.027100 0.046184
v 0.019824 -0.027523 0.038610
v 0.024626 -0.024183 0.046613
v 0.015207 -0.043427 -0.049503
v 0.023106 -0.040467 -0.048855
v 0.018947 -0.031112 -0.052753
v 0.022373 -0.028654 -0.053140
v 0.021389 -0.039956 -0.030750
v 0.022932 -0.038926 -0.029971
v 0.022289 -0.027122 0.029339
v 0.022662 -0.026771 0.029444
v 0.019335 -0.026554 0.052705
v 0.022485 -0.024760 0.053481
v 0.021870 -0.040024 -0.029328
v 0.023780 -0.037721 -0.029409
v 0.022275 -0.027129 0.029336
v 0.022743 -0.036706 0.029453
v 0.022373 -0.028654 -0.053140
v 0.018267 -0.031075 -0.053966
v 0.022378 -0.028317 -0.145285
v 0.022336 0.000573 -0.254135
v 0.021925 -0.004904 -0.254355
v 0.021533 -0.004148 -0.254574
v 0.021817 -0.004538 -0.254415
v 0.022221 -0.027145 0.029330
v 0.022500 -0.037505 0.029409
v 0.020070 -0.027968 -0.271823
v 0.022851 -0.027669 -0.275919
v 0.021999 0.008053 -0.270585
v 0.022683 0.008406 -0.270518
v 0.022056 -0.027084 0.029347
v 0.022241 -0.027132 0.029335
v 0.022338 0.031671 0.028893
v 0.022515 0.031522 0.035946
v 0.022662 -0.026771 0.029444
v 0.022161 -0.027113 0.029339
v 0.001224 0.020734 -0.323979
v 0.022101 -0.027104 0.029345
v 0.021634 -0.027057 0.029497
v 0.022233 -0.018833 -0.188691
v 0.019681 -0.024955 -0.173432
v 0.022161 -0.021447 -0.145646
v 0.021930 -0.027109 0.029413
v 0.022131 -0.039092 0.029343
v 0.022459 -0.026648 0.029569
v 0.021634 -0.027057 0.029497
v 0.021975 -0.027058 0.029394
v 0.022662 -0.026771 0.029444
v 0.020540 -0.017398 -0.326147
v 0.020540 -0.017398 -0.326147
v 0.020540 -0.017398 -0.326147
v 0.020540 -0.017398 -0.326147
v 0.021905 0.020470 -0.327085
v 0.024030 -0.017405 -0.327613
v 0.022274 0.031269 0.036468
v 0.021996 0.031216 0.028859
v 0.021442 -0.013064 -0.254609
v 0.021442 -0.013064 -0.254609
v 0.019995 -0.010405 -0.255417
v 0.021442 -0.013064 -0.254609
v 0.018818 -0.071604 0.023964
v 0.021620 -0.072518 0.020391
v 0.018179 -0.072181 -0.023930
v 0.022414 -0.071682 -0.020575
v 0.021815 -0.072650 -0.020117
v 0.016186 -0.073371 -0.024446
v 0.021791 -0.062971 0.020260
v 0.017996 -0.062086 0.022815
v 0.018560 -0.063089 0.023318
v 0.022400 -0.063930 0.020637
v 0.018915 -0.063525 -0.023708
v 0.021695 -0.063093 -0.020330
v 0.021805 -0.040192 0.029421
v 0.022131 -0.039092 0.029343
v 0.024420 -0.028152 -0.342312
v 0.017207 -0.027797 -0.342416
v 0.018142 -0.026876 -0.342906
v 0.025570 -0.027842 -0.343805
v 0.021990 0.008935 -0.271298
v 0.021545 0.018394 -0.271938
v 0.019803 -0.029131 -0.037057
v 0.021942 -0.027299 -0.033338
v 0.021526 -0.027301 -0.032568
v 0.014157 -0.026875 -0.033727
v 0.017510 -0.027327 -0.338799
v 0.020413 -0.027810 -0.339768
v 0.021350 -0.005817 -0.271772
v 0.022705 -0.005164 -0.270493
v 0.021103 -0.005531 -0.271734
v 0.022246 -0.004928 -0.270552
v 0.021816 -0.039958 0.029429
v 0.022131 -0.039092 0.029343
v 0.018356 -0.072655 0.023289
v 0.021060 -0.073600 0.019760
v 0.022084 0.008376 -0.270722
v 0.021428 0.009180 -0.271927
v 0.017930 -0.027315 -0.337714
v 0.017520 -0.027315 -0.337669
v 0.023744 -0.027319 -0.338110
v 0.023180 -0.027539 -0.338046
v 0.017970 -0.027304 -0.336718
v 0.021634 -0.027057 0.029497
v 0.021992 -0.039443 0.029379
v 0.021756 -0.040135 0.029455
v 0.021836 -0.039871 0.029419
v 0.021634 -0.027057 0.029497
v 0.021793 -0.040034 0.029438
v 0.021669 -0.040398 0.029496
v 0.021775 -0.040213 0.029440
v 0.020863 0.007769 -0.269962
v 0.022012 -0.004711 -0.270499
v 0.020713 -0.004632 -0.269905
v 0.019527 0.008139 -0.269394
v 0.019102 -0.009788 -0.255913
v 0.021103 -0.005531 -0.271734
v 0.021709 -0.005131 -0.270953
v 0.020164 -0.027658 -0.272258
v 0.020309 0.020578 -0.274071
v 0.022017 0.019917 -0.272446
v 0.019527 0.008139 -0.269394
v 0.021877 0.008010 -0.270576
v 0.021669 -0.040398 0.029496
v 0.021705 -0.040286 0.029480
v 0.021630 -0.005188 -0.270981
v 0.022012 -0.004711 -0.270499
v 0.021330 -0.041121 -0.029765
v 0.022178 -0.041971 -0.029043
v 0.022161 -0.021447 -0.145646
v 0.019787 -0.025155 -0.131324
v 0.023030 -0.021529 -0.103320
v 0.021634 -0.027057 0.029497
v 0.021723 -0.040252 0.029471
v 0.021586 -0.005134 -0.270906
v 0.022012 -0.004711 -0.270499
v 0.021634 -0.027057 0.029497
v 0.021684 -0.040345 0.029490
v 0.020892 -0.027855 -0.030836
v 0.014157 -0.026875 -0.033727
v 0.021188 -0.019235 -0.224167
v 0.019369 -0.024583 -0.233926
v 0.022233 -0.018833 -0.188691
v 0.019369 -0.024583 -0.233926
v 0.019681 -0.024955 -0.173432
v 0.022233 -0.018833 -0.188691
v 0.021578 -0.005057 -0.270770
v 0.022012 -0.004711 -0.270499
v 0.021678 -0.005220 -0.271013
v 0.021590 -0.005156 -0.270938
v 0.021730 -0.004886 -0.270599
v 0.019471 -0.004844 -0.269337
v 0.021554 -0.040372 0.029582
v 0.021634 -0.027057 0.029497
v 0.021631 -0.040377 0.029525
v 0.021634 -0.027057 0.029497
v 0.021584 -0.040367 0.029560
v 0.021669 -0.040398 0.029496
v 0.021564 -0.040378 0.029576
v 0.021355 -0.040015 0.029782
v 0.021441 -0.040249 0.029683
v 0.021669 -0.040398 0.029496
v 0.021504 -0.040365 0.029621
v 0.021669 -0.040398 0.029496
v 0.021591 -0.040395 0.029554
v 0.020973 -0.044439 0.029780
v 0.021103 -0.005531 -0.271734
v 0.021627 -0.005194 -0.270988
v 0.021584 -0.005125 -0.270887
v 0.021556 -0.005027 -0.270707
v 0.021619 -0.035479 -0.333659
v 0.018201 -0.029462 -0.338798
v 0.021562 -0.029461 -0.339700
v 0.014049 -0.042739 -0.037521
v 0.021937 -0.038650 -0.038203
v 0.014049 -0.042739 -0.037521
v 0.022342 -0.017322 -0.273338
v 0.021510 -0.016216 -0.272410
v 0.022017 0.019917 -0.272446
v 0.020505 0.019914 -0.273219
v 0.021375 -0.038950 -0.032208
v 0.016664 -0.040847 -0.033973
v 0.021634 -0.027057 0.029497
v 0.021432 -0.040192 0.029699
v 0.019606 -0.028475 -0.339275
v 0.021562 -0.029461 -0.339700
v 0.021103 -0.005531 -0.271734
v 0.021563 -0.005117 -0.270873
v 0.021475 -0.040344 0.029645
v 0.020973 -0.044439 0.029780
v 0.019803 -0.029131 -0.037057
v 0.017125 -0.030324 -0.032282
v 0.021128 -0.027784 -0.031390
v 0.021396 -0.040171 0.029728
v 0.020973 -0.044439 0.029780
v 0.021136 -0.026847 0.037997
v 0.021277 -0.027129 0.030109
v 0.022128 -0.017467 -0.274002
v 0.019102 -0.017104 -0.273716
v 0.019787 -0.025155 -0.131324
v 0.020068 -0.025110 -0.090936
v 0.023030 -0.021529 -0.103320
v 0.020068 -0.025110 -0.090936
v 0.015064 -0.014424 -0.258154
v 0.023030 -0.021529 -0.103320
v 0.020997 -0.027072 0.037453
v 0.021277 -0.027129 0.030109
v 0.021442 -0.027228 0.029723
v 0.021355 -0.040015 0.029782
v 0.021298 -0.027231 0.029964
v 0.021634 -0.027057 0.029497
v 0.021276 -0.027340 0.029915
v 0.021634 -0.027057 0.029497
v 0.020352 -0.043641 -0.030234
v 0.016382 -0.042508 -0.032695
v 0.019062 -0.063048 -0.022844
v 0.013434 -0.061919 -0.025353
v 0.021259 -0.027374 0.029938
v 0.021267 -0.038933 0.029998
v 0.021277 -0.027129 0.030109
v 0.021253 -0.027305 0.030005
v 0.021228 -0.027358 0.030053
v 0.021287 -0.027314 0.029900
v 0.021229 -0.027330 0.030050
v 0.021267 -0.027350 0.029932
v 0.019965 -0.017456 -0.314504
v 0.019995 0.020574 -0.314462
v 0.021226 -0.017407 -0.313724
v 0.021235 -0.027402 0.030017
v 0.021202 -0.038251 0.030158
v 0.021101 -0.039042 0.030093
v 0.018175 -0.039002 0.031890
v 0.021227 -0.027365 0.030050
v 0.021259 -0.027374 0.029938
v 0.017436 0.020504 -0.331227
v 0.017436 0.020504 -0.331227
v 0.021277 -0.027129 0.030109
v 0.021225 -0.027353 0.030067
v 0.016382 -0.042508 -0.032695
v 0.021473 -0.041514 -0.029685
v 0.021277 -0.027129 0.030109
v 0.021205 -0.027405 0.030171
v 0.021190 -0.027391 0.030222
v 0.021211 -0.027428 0.030095
v 0.018188 -0.041785 0.031637
v 0.020973 -0.044439 0.029780
v 0.021355 -0.040015 0.029782
v 0.018525 -0.040313 0.031553
v 0.021355 -0.040015 0.029782
v 0.020897 -0.027233 0.037135
v 0.021227 -0.027285 0.030209
v 0.020346 -0.015715 -0.272521
v 0.021488 -0.015623 -0.272107
v 0.021202 0.018571 -0.272174
v 0.022017 0.019917 -0.272446
v 0.020413 0.019189 -0.272764
v 0.022017 0.019917 -0.272446
v 0.021196 -0.027431 0.030195
v 0.021202 -0.038251 0.030158
v 0.020438 -0.006171 -0.272372
v 0.021212 -0.005865 -0.271869
v 0.019287 -0.016747 -0.273354
v 0.022342 -0.017322 -0.273338
v 0.020032 -0.016055 -0.272753
v 0.022342 -0.017322 -0.273338
v 0.021072 -0.034755 0.031454
v 0.021181 -0.027432 0.030294
v 0.020897 -0.027233 0.037135
v 0.021010 -0.034032 0.032078
v 0.021181 -0.027432 0.030294
v 0.021099 -0.026864 0.038020
v 0.020961 -0.026989 0.037810
v 0.020961 -0.026989 0.037810
v 0.021109 -0.026874 0.037933
v 0.021278 -0.005217 -0.271046
v 0.019471 -0.004844 -0.269337
v 0.016734 -0.041957 -0.032715
v 0.021146 -0.041180 -0.030029
v 0.017936 -0.043196 0.031681
v 0.020973 -0.044439 0.029780
v 0.021022 -0.026947 0.037834
v 0.020897 -0.027233 0.037135
v 0.019824 -0.027523 0.038610
v 0.021098 -0.026875 0.037952
v 0.021097 -0.026880 0.037935
v 0.020961 -0.026989 0.037810
v 0.020165 0.009483 -0.272454
v 0.020861 0.018340 -0.272245
v 0.020788 0.009388 -0.272194
v 0.021545 0.018394 -0.271938
v 0.020981 -0.006203 -0.272133
v 0.021539 -0.015066 -0.271896
v 0.017125 -0.030324 -0.032282
v 0.020872 -0.027904 -0.030827
v 0.020015 -0.027427 0.038407
v 0.017913 -0.028487 0.038221
v 0.017913 -0.028487 0.038221
v 0.021032 -0.026936 0.037853
v 0.019681 -0.024955 -0.173432
v 0.019787 -0.025155 -0.131324
v 0.022161 -0.021447 -0.145646
v 0.020909 -0.027040 0.037719
v 0.020897 -0.027233 0.037135
v 0.016888 -0.041180 -0.033297
v 0.021051 -0.039377 -0.031560
v 0.020894 -0.027056 0.037694
v 0.020857 -0.027150 0.037483
v 0.017913 -0.028487 0.038221
v 0.020916 -0.027030 0.037743
v 0.015812 -0.073612 -0.023828
v 0.021520 -0.073523 -0.019481
v 0.024707 -0.061810 0.014256
v 0.020942 -0.062191 0.020122
v 0.020976 -0.015311 -0.272190
v 0.020438 -0.006171 -0.272372
v 0.020864 -0.027131 0.037520
v 0.020897 -0.027233 0.037135
v 0.014548 -0.027760 -0.336142
v 0.016052 -0.027751 -0.336491
v 0.016714 -0.027744 -0.336159
v 0.017570 -0.027477 -0.336527
v 0.022842 -0.027702 -0.338018
v 0.020869 -0.040305 -0.030939
v 0.016930 -0.041527 -0.032785
v 0.019920 -0.035172 0.032177
v 0.021202 -0.038251 0.030158
v 0.018830 -0.037759 0.031865
v 0.021202 -0.038251 0.030158
v 0.016422 -0.044907 0.032452
v 0.020442 -0.045323 0.029460
v 0.020008 0.009396 -0.272341
v 0.021428 0.009180 -0.271927
v 0.017913 -0.028487 0.038221
v 0.020850 -0.027105 0.037629
v 0.020838 -0.027138 0.037563
v 0.020877 -0.027067 0.037679
v 0.021385 0.008889 -0.271549
v 0.019062 0.009223 -0.272161
v 0.017913 -0.028487 0.038221
v 0.020841 -0.027146 0.037533
v 0.017913 -0.028487 0.038221
v 0.020868 -0.027194 0.037317
v 0.018557 -0.026172 -0.343230
v 0.015064 -0.017709 -0.342168
v 0.023129 -0.017681 -0.344251
v 0.014670 0.020707 -0.342102
v 0.017760 0.029242 -0.343129
v 0.023056 0.020684 -0.344320
v 0.019099 -0.034402 0.033023
v 0.021010 -0.034032 0.032078
v 0.020228 -0.019529 -0.255271
v 0.021188 -0.019235 -0.224167
v 0.021442 -0.013064 -0.254609
v 0.015064 -0.014424 -0.258154
v 0.015064 -0.014424 -0.258154
v 0.020228 -0.019529 -0.255271
v 0.010053 -0.033903 -0.041041
v 0.021932 -0.028105 -0.041049
v 0.020950 -0.038752 -0.040890
v 0.013696 -0.041714 -0.040961
v 0.010053 -0.033903 -0.041041
v 0.020950 -0.038752 -0.040890
v 0.019747 -0.028267 0.036946
v 0.021010 -0.034032 0.032078
v 0.018776 -0.028806 0.037033
v 0.019495 -0.033311 0.033387
v 0.018592 -0.028603 0.037458
v 0.020897 -0.027233 0.037135
v 0.020228 -0.019529 -0.255271
v 0.019369 -0.024583 -0.233926
v 0.021188 -0.019235 -0.224167
v 0.018098 -0.029170 -0.269971
v 0.020513 -0.029492 -0.273252
v 0.021863 -0.073588 -0.018665
v 0.015314 -0.073856 -0.023303
v 0.019527 0.008139 -0.269394
v 0.020352 0.008358 -0.270333
v 0.019527 0.008139 -0.269394
v 0.018317 0.009016 -0.271275
v 0.019062 0.009223 -0.272161
v 0.019104 -0.005316 -0.270449
v 0.021103 -0.005531 -0.271734
v 0.015301 -0.027579 -0.097516
v 0.010226 -0.017637 -0.260824
v 0.020068 -0.025110 -0.090936
v 0.010226 -0.017637 -0.260824
v 0.013746 -0.015497 -0.258922
v 0.020068 -0.025110 -0.090936
v 0.014408 -0.014958 -0.258531
v 0.020068 -0.025110 -0.090936
v 0.017462 -0.017565 -0.341298
v 0.022534 -0.017320 -0.342525
v 0.015020 -0.029185 0.046547
v 0.020171 -0.027100 0.046184
v 0.020124 -0.026843 0.046629
v 0.014965 -0.029066 0.046867
v 0.015274 -0.045979 0.031699
v 0.015988 -0.045784 0.031585
v 0.020231 -0.046278 0.028874
v 0.014670 0.020707 -0.342102
v 0.017951 -0.028137 -0.269499
v 0.019574 -0.028336 -0.270856
v 0.018729 -0.017235 -0.273892
v 0.022192 -0.017647 -0.274701
v 0.019196 -0.024535 -0.255562
v 0.019369 -0.024583 -0.233926
v 0.020228 -0.019529 -0.255271
v 0.019966 -0.020003 -0.264236
v 0.019091 -0.024471 -0.263219
v 0.019091 -0.024471 -0.263219
v 0.020228 -0.019529 -0.255271
v 0.020228 -0.019529 -0.255271
v 0.019196 -0.024535 -0.255562
v 0.013516 -0.073594 0.025524
v 0.017951 -0.073485 0.022676
v 0.013516 -0.073594 0.025524
v 0.016271 -0.030615 -0.161182
v 0.022378 -0.028317 -0.145285
v 0.018267 -0.031075 -0.053966
v 0.019666 -0.006013 -0.272158
v 0.017674 -0.005853 -0.271351
v 0.020686 -0.038914 -0.039481
v 0.013696 -0.041714 -0.040961
v 0.015484 -0.035479 -0.330576
v 0.018201 -0.029462 -0.338798
v 0.021619 -0.035479 -0.333659
v 0.016271 -0.030615 -0.161182
v 0.022514 -0.027895 -0.249248
v 0.022378 -0.028317 -0.145285
v 0.014542 -0.029391 -0.264950
v 0.022559 -0.027818 -0.258448
v 0.022514 -0.027895 -0.249248
v 0.016271 -0.030615 -0.161182
v 0.014542 -0.029391 -0.264950
v 0.022514 -0.027895 -0.249248
v 0.016196 -0.032353 -0.052780
v 0.018238 -0.031412 -0.052963
v 0.008035 -0.017302 -0.335131
v 0.008035 -0.017302 -0.335131
v 0.008035 -0.017302 -0.335131
v 0.008035 -0.017302 -0.335131
v 0.008035 -0.017302 -0.335131
v 0.018086 -0.017403 -0.323190
v 0.018086 -0.017403 -0.323190
v 0.018086 -0.017403 -0.323190
v 0.018130 0.020481 -0.323446
v 0.020540 -0.017398 -0.326147
v 0.018130 0.020481 -0.323446
v 0.021905 0.020470 -0.327085
v 0.020540 -0.017398 -0.326147
v 0.018130 0.020481 -0.323446
v 0.018130 0.020481 -0.323446
v 0.018130 0.020481 -0.323446
v 0.017436 0.020504 -0.331227
v 0.021905 0.020470 -0.327085
v 0.018024 0.032120 -0.263142
v 0.019941 -0.006220 -0.272407
v 0.020346 -0.015715 -0.272521
v 0.014315 -0.029090 0.046962
v 0.020170 -0.026528 0.047100
v 0.016119 -0.029960 -0.270480
v 0.010162 -0.029907 -0.272143
v 0.025941 -0.035401 -0.296851
v 0.016125 -0.043494 -0.032742
v 0.020039 -0.044610 -0.030457
v 0.014392 -0.028321 -0.338286
v 0.020724 -0.028091 -0.340077
v 0.016036 -0.028073 -0.338488
v 0.020125 -0.027970 -0.339817
v 0.019364 -0.015851 -0.272713
v 0.020346 -0.015715 -0.272521
v 0.019679 -0.039419 -0.045946
v 0.013778 -0.041772 -0.038530
v 0.021023 -0.038774 -0.038543
v 0.013966 -0.042213 -0.038045
v 0.021023 -0.038774 -0.038543
v 0.019797 -0.019812 -0.264074
v 0.020228 -0.019529 -0.255271
v 0.020270 -0.006123 -0.272330
v 0.021103 -0.005531 -0.271734
v 0.014731 -0.014781 -0.258333
v 0.020228 -0.019529 -0.255271
v 0.015323 -0.045454 -0.032471
v 0.020039 -0.044610 -0.030457
v 0.019605 -0.045583 -0.029960
v 0.015005 -0.046377 -0.031969
v 0.014392 -0.028321 -0.338286
v 0.017207 -0.027797 -0.342416
v 0.024081 -0.028384 -0.341290
v -0.000034 -0.023136 0.048015
v 0.010670 -0.029899 0.047212
v 0.020170 -0.026528 0.047100
v 0.019787 -0.025155 -0.131324
v 0.015301 -0.027579 -0.097516
v 0.020068 -0.025110 -0.090936
v 0.015036 -0.029319 0.046231
v 0.018745 -0.028058 0.038518
v 0.020171 -0.027100 0.046184
v 0.015036 -0.029319 0.046231
v 0.019824 -0.027523 0.038610
v 0.019226 -0.046407 0.029057
v 0.026062 -0.046671 0.022845
v 0.019658 -0.019764 -0.264210
v 0.019966 -0.020003 -0.264236
v 0.014062 -0.015307 -0.258722
v 0.020228 -0.019529 -0.255271
v 0.013746 -0.015497 -0.258922
v 0.010226 -0.017637 -0.260824
v 0.020228 -0.019529 -0.255271
v 0.009509 -0.018508 -0.261236
v 0.020228 -0.019529 -0.255271
v 0.009280 -0.019692 -0.261657
v 0.020228 -0.019529 -0.255271
v 0.011973 -0.019678 -0.261202
v 0.020228 -0.019529 -0.255271
v 0.015901 -0.019613 -0.260967
v 0.020228 -0.019529 -0.255271
v 0.022291 -0.038147 -0.032993
v 0.016664 -0.040847 -0.033973
v 0.020951 -0.038874 -0.037728
v 0.007955 -0.035353 -0.305202
v 0.019446 -0.035311 -0.298205
v 0.014793 0.030279 0.047327
v 0.019060 0.027016 0.048067
v 0.019109 0.026824 0.048187
v -0.000077 0.027506 0.047950
v 0.019429 0.009695 -0.272421
v 0.020203 0.018404 -0.272541
v 0.018710 0.009779 -0.272387
v 0.019338 0.018475 -0.272476
v 0.019125 0.030888 -0.342681
v 0.013495 0.031043 -0.339696
v 0.017646 -0.019596 -0.262064
v 0.020228 -0.019529 -0.255271
v 0.018424 -0.019630 -0.263727
v 0.020228 -0.019529 -0.255271
v 0.019070 -0.019634 -0.263851
v 0.020228 -0.019529 -0.255271
v 0.013694 -0.041767 -0.045942
v 0.013778 -0.041772 -0.038530
v 0.019679 -0.039419 -0.045946
v 0.018446 0.018732 -0.272410
v 0.020094 0.018869 -0.272680
v 0.019316 -0.024575 -0.240038
v 0.019681 -0.024955 -0.173432
v 0.018616 0.019405 -0.272823
v 0.020323 0.019548 -0.272936
v 0.018356 0.019992 -0.273176
v 0.020181 0.019975 -0.273342
v 0.020314 -0.028234 -0.272562
v 0.018098 -0.029170 -0.269971
v 0.019619 -0.019838 -0.264375
v 0.019017 -0.019895 -0.264641
v 0.018139 0.007816 -0.268880
v 0.019471 -0.004844 -0.269337
v 0.017979 -0.004451 -0.268778
v 0.016708 0.007835 -0.268351
v 0.009753 -0.033547 -0.046041
v 0.009753 -0.033547 -0.046041
v 0.009753 -0.033547 -0.046041
v 0.009753 -0.033547 -0.046041
v 0.009753 -0.033547 -0.046041
v 0.013694 -0.041767 -0.045942
v 0.013694 -0.041767 -0.045942
v 0.015996 -0.026057 -0.191706
v 0.015301 -0.027579 -0.097516
v 0.019681 -0.024955 -0.173432
v 0.015301 -0.027579 -0.097516
v 0.019787 -0.025155 -0.131324
v 0.019681 -0.024955 -0.173432
v 0.019628 -0.015440 -0.272485
v 0.019443 -0.006217 -0.272441
v 0.016826 -0.004764 -0.268551
v 0.019471 -0.004844 -0.269337
v 0.019440 -0.019692 -0.264225
v 0.019638 -0.019633 -0.263941
v 0.017489 0.008599 -0.269781
v 0.016869 0.008120 -0.268637
v 0.019527 0.008139 -0.269394
v 0.013967 -0.028720 0.052140
v 0.018539 -0.026837 0.051867
v 0.014961 -0.046692 0.030973
v 0.014961 -0.046692 0.030973
v 0.014961 -0.046692 0.030973
v 0.020165 0.009483 -0.272454
v 0.019006 0.009439 -0.272261
v 0.016330 0.020539 -0.330024
v 0.018130 0.020481 -0.323446
v 0.017708 -0.029317 -0.269773
v 0.020215 -0.029661 -0.273022
v 0.017657 -0.017428 -0.318023
v 0.017657 -0.017428 -0.318023
v 0.017657 -0.017428 -0.318023
v 0.019995 0.020574 -0.314462
v 0.017657 -0.017428 -0.318023
v 0.019965 -0.017456 -0.314504
v 0.017674 -0.005853 -0.271351
v 0.018066 -0.005104 -0.269452
v 0.019222 -0.019649 -0.264197
v 0.019565 -0.019774 -0.264394
v 0.013068 0.020535 -0.326255
v 0.013068 0.020535 -0.326255
v 0.015425 0.020568 -0.329525
v 0.015425 0.020568 -0.329525
v 0.018130 0.020481 -0.323446
v 0.019638 -0.019633 -0.263941
v 0.019223 -0.019644 -0.264183
v 0.019017 -0.019895 -0.264641
v 0.019169 -0.019650 -0.264208
v 0.019092 -0.019660 -0.264198
v 0.019017 -0.019895 -0.264641
v 0.019084 -0.019642 -0.264195
v 0.019271 -0.019644 -0.264178
v 0.019196 -0.024535 -0.255562
v 0.015996 -0.026057 -0.191706
v 0.019681 -0.024955 -0.173432
v 0.019473 -0.020000 -0.264431
v 0.018316 -0.024608 -0.263588
v 0.018735 -0.024499 -0.263400
v 0.019966 -0.020003 -0.264236
v -0.000035 0.027105 0.048760
v 0.018923 0.026162 0.048893
v 0.019638 -0.019633 -0.263941
v 0.019044 -0.019641 -0.264180
v 0.019148 -0.019753 -0.264390
v 0.019565 -0.019774 -0.264394
v 0.018808 -0.006403 -0.272272
v 0.018978 -0.015295 -0.272452
v 0.018185 -0.006301 -0.271949
v 0.019443 -0.006217 -0.272441
v 0.014833 0.019187 -0.271104
v 0.020131 0.020664 -0.274260
v 0.018804 0.020098 -0.273288
v 0.014833 0.019187 -0.271104
v 0.019638 -0.019633 -0.263941
v 0.018878 -0.019638 -0.264136
v 0.018865 -0.019644 -0.264148
v 0.019017 -0.019895 -0.264641
v 0.018753 -0.019643 -0.264118
v 0.018938 -0.019636 -0.264145
v 0.015654 0.019978 -0.272535
v 0.019936 0.020890 -0.274738
v 0.018725 -0.024536 -0.263370
v 0.019196 -0.024535 -0.255562
v 0.017569 -0.024824 -0.262015
v 0.019196 -0.024535 -0.255562
v 0.014412 -0.046480 -0.031909
v 0.019562 -0.046396 -0.029363
v 0.019995 0.020574 -0.314462
v 0.017539 0.020523 -0.318485
v 0.017657 -0.017428 -0.318023
v 0.017539 0.020523 -0.318485
v 0.012340 -0.025810 -0.260595
v 0.015996 -0.026057 -0.191706
v 0.019196 -0.024535 -0.255562
v 0.017041 -0.024968 -0.261400
v 0.012340 -0.025810 -0.260595
v 0.019196 -0.024535 -0.255562
v 0.019638 -0.019633 -0.263941
v 0.018711 -0.019646 -0.264102
v 0.018711 -0.019650 -0.264111
v 0.019017 -0.019895 -0.264641
v 0.018701 -0.063927 0.024041
v 0.018701 -0.063927 0.024041
v 0.014623 -0.071602 0.026733
v 0.014623 -0.071602 0.026733
v 0.018818 -0.071604 0.023964
v 0.014508 -0.071701 -0.026731
v 0.014626 -0.064023 -0.026673
v 0.018716 -0.071692 -0.023980
v 0.014626 -0.064023 -0.026673
v 0.018915 -0.063525 -0.023708
v 0.018716 -0.071692 -0.023980
v 0.014492 -0.063925 0.026790
v 0.018630 -0.028882 0.036955
v 0.018776 -0.028806 0.037033
v 0.018665 -0.028894 0.036922
v 0.018413 -0.029202 0.036221
v 0.010053 -0.033903 -0.041041
v 0.018514 -0.029780 -0.046046
v 0.021932 -0.028105 -0.041049
v 0.017898 -0.024506 -0.262864
v 0.019017 -0.019895 -0.264641
v 0.018578 -0.019645 -0.263967
v 0.019638 -0.019633 -0.263941
v 0.018268 -0.027016 0.053098
v 0.013967 -0.028720 0.052140
v 0.018807 -0.019788 -0.264337
v 0.017041 -0.024968 -0.261400
v 0.018569 -0.029071 0.036542
v 0.018742 -0.033271 0.033806
v 0.018473 -0.019635 -0.263813
v 0.018621 -0.019652 -0.264070
v 0.013968 -0.035162 -0.050445
v 0.019198 -0.033976 -0.050097
v 0.018483 -0.028785 0.037030
v 0.018776 -0.028806 0.037033
v 0.018605 -0.028848 0.036991
v 0.018776 -0.028806 0.037033
v 0.018501 -0.028812 0.037007
v 0.018607 -0.028880 0.036955
v 0.018614 -0.028907 0.036920
v 0.018413 -0.029202 0.036221
v 0.016144 0.029197 0.047387
v -0.000077 0.027506 0.047950
v 0.018551 -0.019646 -0.263949
v 0.018423 -0.019632 -0.263728
v 0.017041 -0.024968 -0.261400
v 0.017041 -0.024968 -0.261400
v 0.017041 -0.024968 -0.261400
v 0.018475 -0.035554 0.032501
v 0.018742 -0.033271 0.033806
v 0.018563 -0.028843 0.036988
v 0.018413 -0.029202 0.036221
v 0.018417 -0.028767 0.037033
v 0.018413 -0.029202 0.036221
v 0.010053 -0.033903 -0.041041
v 0.009753 -0.033547 -0.046041
v 0.018514 -0.029780 -0.046046
v 0.018413 -0.029202 0.036221
v 0.018586 -0.033703 0.033505
v 0.014623 -0.071602 0.026733
v 0.018083 -0.072462 0.023690
v 0.016663 -0.072733 -0.024587
v 0.014508 -0.071701 -0.026731
v 0.018112 -0.062913 0.023503
v 0.014009 -0.062256 0.025697
v 0.014431 -0.063157 0.026182
v 0.018701 -0.063927 0.024041
v 0.017620 -0.019869 -0.262340
v 0.017913 -0.028487 0.038221
v 0.018471 -0.028728 0.037110
v 0.012945 -0.042086 -0.037723
v 0.013696 -0.041714 -0.040961
v 0.020951 -0.038874 -0.037728
v 0.017567 -0.015054 -0.271825
v 0.018978 -0.015295 -0.272452
v 0.018227 -0.014793 -0.272041
v 0.018204 -0.006486 -0.272110
v 0.018372 -0.029025 0.036444
v 0.018251 -0.029047 0.033838
v 0.017241 -0.027570 -0.338726
v 0.020125 -0.027970 -0.339817
v 0.014175 -0.017467 -0.306338
v 0.016717 -0.017488 -0.274158
v 0.022192 -0.017647 -0.274701
v 0.018246 -0.029362 0.033679
v 0.018413 -0.029202 0.036221
v 0.014619 -0.029196 -0.265359
v 0.019627 -0.028592 -0.270599
v 0.014269 -0.072702 0.025906
v 0.017693 -0.073441 0.023081
v 0.014390 -0.063205 -0.026088
v 0.018915 -0.063525 -0.023708
v 0.010162 -0.029907 -0.272143
v 0.007560 -0.030624 -0.277467
v 0.019446 -0.035311 -0.298205
v 0.018166 -0.030377 0.032232
v 0.018229 -0.035542 0.032296
v 0.018413 -0.029202 0.036221
v 0.017300 0.009307 -0.271092
v 0.019062 0.009223 -0.272161
v 0.015484 -0.035479 -0.330576
v 0.016359 -0.029645 -0.337727
v 0.017118 0.009606 -0.271194
v 0.018822 0.009530 -0.272256
v 0.018957 -0.015678 -0.272591
v 0.017229 -0.015603 -0.271841
v 0.017834 0.018402 -0.271954
v 0.018710 0.009779 -0.272387
v 0.011657 -0.044403 0.034533
v 0.016596 -0.043943 0.032363
v 0.018454 -0.035603 0.032469
v 0.018175 -0.039002 0.031890
v 0.018027 -0.028913 0.033826
v 0.018305 -0.028690 0.037101
v 0.013968 -0.035162 -0.050445
v 0.019827 -0.031688 -0.051116
v 0.017906 0.009806 -0.271788
v 0.017254 0.018229 -0.271526
v 0.014655 -0.029035 -0.265673
v 0.018429 -0.028316 -0.269768
v 0.014857 -0.028988 -0.337204
v 0.018201 -0.029462 -0.338798
v 0.013664 -0.027770 -0.336563
v 0.018622 -0.028763 -0.338936
v 0.018033 -0.028541 0.037707
v 0.018305 -0.028690 0.037101
v 0.018229 -0.035542 0.032296
v 0.018094 -0.037928 0.031989
v 0.018053 -0.037932 0.031980
v 0.018175 -0.039002 0.031890
v 0.017913 -0.028487 0.038221
v 0.017974 -0.028527 0.037812
v 0.018051 -0.037899 0.031984
v 0.018053 -0.037685 0.032005
v 0.019160 -0.016637 -0.273247
v 0.017229 -0.015603 -0.271841
v 0.017955 -0.028525 0.037851
v 0.018000 -0.028530 0.037723
v 0.011781 0.020540 -0.322389
v 0.011781 0.020540 -0.322389
v 0.011781 0.020540 -0.322389
v 0.013068 0.020535 -0.326255
v 0.011843 0.020518 -0.317071
v 0.011843 0.020518 -0.317071
v 0.013558 -0.062060 -0.025487
v 0.018915 -0.063525 -0.023708
v 0.018185 -0.028626 0.037307
v 0.017786 -0.028774 0.033768
v 0.018004 -0.028929 0.033763
v 0.017693 -0.029619 0.032499
v 0.017886 -0.029840 0.032490
v 0.018251 -0.029047 0.033838
v 0.017929 -0.037803 0.031965
v 0.018229 -0.035542 0.032296
v 0.012945 -0.042086 -0.037723
v 0.020951 -0.038874 -0.037728
v 0.016664 -0.040847 -0.033973
v 0.013667 -0.028738 0.052894
v 0.017867 -0.027173 0.053662
v 0.018282 -0.027990 -0.269967
v 0.014294 -0.027654 -0.265877
v 0.017955 -0.037984 0.031953
v 0.018053 -0.037685 0.032005
v 0.017919 -0.038046 0.031938
v 0.018175 -0.039002 0.031890
v 0.018166 -0.030377 0.032232
v 0.018083 -0.036098 0.032175
v 0.017995 -0.028532 0.037738
v 0.017786 -0.028774 0.033768
v 0.017540 -0.006023 -0.271296
v 0.018204 -0.006486 -0.272110
v 0.017936 -0.028508 0.038012
v 0.017786 -0.028774 0.033768
v 0.007560 -0.030624 -0.277467
v 0.007682 -0.034153 -0.277878
v 0.019446 -0.035311 -0.298205
v 0.014597 -0.028825 -0.265790
v 0.017951 -0.028137 -0.269499
v 0.017917 -0.030655 0.032071
v 0.017752 -0.038017 0.031903
v 0.013817 -0.034430 -0.051211
v 0.019091 -0.031483 -0.051604
v 0.002996 -0.021578 0.054204
v 0.002911 -0.027239 0.054115
v 0.017867 -0.027173 0.053662
v 0.017693 -0.029619 0.032499
v 0.017989 -0.030449 0.032169
v 0.016524 0.020534 -0.330614
v 0.014670 0.020707 -0.342102
v 0.017752 -0.038017 0.031903
v 0.017752 -0.038017 0.031903
v 0.011657 -0.044403 0.034533
v 0.011657 -0.044403 0.034533
v 0.018188 -0.041785 0.031637
v 0.018031 -0.038735 0.031888
v 0.018188 -0.041785 0.031637
v 0.017600 -0.014536 -0.271696
v 0.017620 -0.006471 -0.271522
v 0.017125 -0.030324 -0.032282
v 0.014157 -0.026875 -0.033727
v 0.020743 -0.027942 -0.030223
v 0.015036 -0.029319 0.046231
v 0.014752 -0.029838 0.035328
v 0.017913 -0.028487 0.038221
v 0.017254 0.018229 -0.271526
v 0.018302 0.018972 -0.272497
v 0.016503 -0.029191 0.035048
v 0.017913 -0.028487 0.038221
v 0.013419 -0.033896 -0.051902
v 0.016507 -0.032328 -0.052459
v 0.017539 0.020523 -0.318485
v 0.018130 0.020481 -0.323446
v 0.018086 -0.017403 -0.323190
v 0.017657 -0.017428 -0.318023
v 0.017539 0.020523 -0.318485
v 0.018086 -0.017403 -0.323190
v 0.017539 0.020523 -0.318485
v 0.011843 0.020518 -0.317071
v 0.018130 0.020481 -0.323446
v 0.013664 -0.027770 -0.336563
v 0.013117 -0.032749 0.034073
v 0.014752 -0.029838 0.035328
v 0.017632 -0.029167 0.033298
v 0.013487 -0.062166 0.025736
v 0.017996 -0.062086 0.022815
v 0.017701 -0.030863 0.031931
v 0.013117 -0.032749 0.034073
v 0.017752 -0.038017 0.031903
v 0.015507 -0.030420 0.033776
v 0.017693 -0.029619 0.032499
v -0.003055 -0.034169 -0.282757
v -0.003055 -0.034169 -0.282757
v 0.008834 -0.035312 -0.304155
v 0.007682 -0.034153 -0.277878
v 0.016725 -0.046799 0.005663
v 0.016725 -0.046799 0.005663
v 0.016894 -0.061801 0.004826
v 0.017521 -0.061813 -0.001240
v 0.017521 -0.061813 -0.001240
v 0.017461 -0.046814 -0.001814
v 0.015798 -0.030970 0.033065
v 0.013117 -0.032749 0.034073
v 0.017557 -0.030279 0.032284
v 0.015470 -0.030794 0.033331
v 0.014275 -0.028304 -0.265957
v 0.020164 -0.027658 -0.272258
v 0.014185 -0.028979 -0.265964
v 0.018464 -0.028745 -0.270392
v 0.016780 0.018691 -0.271625
v 0.018356 0.019992 -0.273176
v 0.017007 0.017258 -0.271026
v 0.017118 0.009606 -0.271194
v 0.011680 -0.033880 -0.053738
v 0.016271 -0.030615 -0.161182
v 0.018267 -0.031075 -0.053966
v 0.016608 -0.032040 -0.053181
v 0.011680 -0.033880 -0.053738
v 0.014448 -0.028157 -0.265916
v 0.017951 -0.028137 -0.269499
v 0.016036 -0.061826 -0.007155
v 0.017461 -0.046814 -0.001814
v 0.017521 -0.061813 -0.001240
v 0.016036 -0.061826 -0.007155
v 0.015098 -0.046831 -0.009182
v 0.017461 -0.046814 -0.001814
v 0.024707 -0.061810 0.014256
v 0.016747 -0.062020 0.023064
v 0.016767 -0.014130 -0.270766
v 0.017600 -0.014536 -0.271696
v 0.016834 0.016748 -0.270678
v 0.016709 0.017863 -0.270932
v 0.014185 -0.028979 -0.265964
v 0.016872 -0.029442 -0.269078
v 0.017185 -0.013820 -0.271091
v 0.017001 -0.006271 -0.270894
v 0.017327 -0.014985 -0.271644
v 0.016414 -0.014649 -0.270601
v 0.012935 -0.019689 -0.261234
v 0.016069 -0.019675 -0.261840
v 0.016366 -0.019757 -0.261775
v 0.016480 -0.024899 -0.261725
v 0.015855 -0.024997 -0.262086
v 0.017063 -0.019581 -0.261372
v 0.017279 -0.006061 -0.271025
v 0.016851 -0.005032 -0.268735
v 0.019102 -0.017104 -0.273716
v 0.016856 -0.015718 -0.271718
v 0.016126 -0.015103 -0.270839
v 0.017229 -0.015603 -0.271841
v 0.016590 0.018126 -0.271003
v 0.014833 0.019187 -0.271104
v 0.008895 -0.033708 -0.036258
v 0.009020 -0.033665 -0.035506
v 0.019803 -0.029131 -0.037057
v 0.019803 -0.029131 -0.037057
v 0.017125 -0.030324 -0.032282
v 0.016747 0.008406 -0.268651
v 0.017381 0.009046 -0.270954
v 0.009851 -0.061787 0.014556
v 0.009851 -0.061787 0.014556
v 0.009763 -0.061879 0.027083
v 0.009763 -0.061879 0.027083
v 0.024707 -0.061810 0.014256
v 0.009851 -0.061787 0.014556
v 0.007677 -0.061850 -0.015781
v 0.007677 -0.061850 -0.015781
v 0.016681 -0.005084 -0.268514
v 0.017001 -0.006271 -0.270894
v 0.016405 0.008470 -0.268155
v 0.017253 0.009290 -0.271031
v 0.011034 -0.045518 -0.048560
v 0.015648 -0.043676 -0.048947
v 0.016045 -0.013628 -0.266023
v 0.017001 -0.006271 -0.270894
v 0.016880 -0.013441 -0.270645
v 0.016829 0.009462 -0.269990
v 0.016834 0.016748 -0.270678
v 0.015840 0.017234 -0.264627
v 0.016603 0.017349 -0.270615
v 0.016228 -0.025005 -0.261787
v 0.012340 -0.025810 -0.260595
v 0.016045 -0.013628 -0.266023
v 0.016671 -0.005926 -0.269331
v 0.016638 0.008144 -0.268367
v 0.016916 0.008344 -0.268839
v 0.016388 -0.005098 -0.268016
v 0.016695 -0.004774 -0.268408
v 0.016636 -0.014037 -0.270537
v 0.016045 -0.013628 -0.266023
v 0.016546 -0.004733 -0.268162
v 0.016708 0.007835 -0.268351
v 0.013805 -0.027918 -0.337000
v 0.016752 -0.027752 -0.338552
v 0.015840 0.017234 -0.264627
v 0.016834 0.016748 -0.270678
v 0.016405 0.008470 -0.268155
v 0.014873 -0.015808 -0.271009
v 0.019102 -0.017104 -0.273716
v 0.016388 -0.005098 -0.268016
v 0.016564 0.008127 -0.268257
v 0.016045 -0.013628 -0.266023
v 0.016194 -0.004696 -0.267007
v 0.016192 0.008021 -0.267057
v 0.015840 0.017234 -0.264627
v 0.007263 0.020711 -0.336780
v 0.014670 0.020707 -0.342102
v 0.015425 0.020568 -0.329525
v 0.016725 -0.046799 0.005663
v 0.014230 -0.061792 0.010312
v 0.016894 -0.061801 0.004826
v 0.010955 0.027376 0.050943
v 0.014793 0.030279 0.047327
v 0.018923 0.026162 0.048893
v 0.015670 -0.014264 -0.265945
v 0.016414 -0.014649 -0.270601
v 0.014366 -0.028174 -0.337913
v 0.016477 -0.027974 -0.338489
v 0.017376 -0.017266 -0.273827
v 0.014426 -0.015968 -0.271177
v 0.016157 -0.004259 -0.266819
v 0.016405 0.008470 -0.268155
v 0.015956 -0.003787 -0.265779
v 0.016150 0.007567 -0.266855
v 0.015207 -0.043427 -0.049503
v 0.018923 -0.034629 -0.049978
v 0.024387 -0.038935 -0.049597
v 0.015926 0.007390 -0.265205
v 0.015840 0.017234 -0.264627
v 0.015764 -0.013331 -0.262335
v 0.015747 -0.004277 -0.262356
v 0.016045 -0.013628 -0.266023
v 0.015747 -0.004277 -0.262356
v 0.015956 -0.003787 -0.265779
v 0.016045 -0.013628 -0.266023
v 0.011497 -0.045219 0.034032
v 0.016422 -0.044907 0.032452
v 0.013752 -0.027997 -0.339489
v 0.017207 -0.027797 -0.342416
v 0.010829 -0.046276 0.033551
v 0.012200 -0.029460 -0.335329
v 0.015049 -0.029462 -0.337326
v 0.015484 -0.035479 -0.330576
v 0.013829 -0.027305 -0.335593
v 0.017970 -0.027304 -0.336718
v 0.013594 -0.027305 -0.336592
v 0.017088 -0.027578 -0.336307
v 0.013351 -0.027305 -0.333810
v 0.012560 -0.027692 -0.340285
v 0.017516 -0.027232 -0.342625
v 0.012782 0.030682 -0.340557
v 0.017953 0.029992 -0.342996
v 0.013815 -0.025323 -0.261291
v 0.015855 -0.024997 -0.262086
v 0.015095 0.006011 -0.264843
v 0.015556 0.006955 -0.264699
v 0.015840 0.017234 -0.264627
v 0.015108 0.017853 -0.264857
v 0.012560 -0.027692 -0.340285
v 0.015064 -0.017709 -0.342168
v 0.018557 -0.026172 -0.343230
v 0.014670 0.020707 -0.342102
v 0.012782 0.030682 -0.340557
v 0.017760 0.029242 -0.343129
v 0.015095 -0.026095 -0.201934
v 0.015301 -0.027579 -0.097516
v 0.015032 0.018106 -0.265132
v 0.016390 0.017947 -0.270681
v 0.009298 -0.017702 -0.337667
v 0.011250 -0.017693 -0.337982
v 0.015811 -0.017425 -0.340636
v 0.012812 -0.015834 -0.263963
v 0.014736 -0.013863 -0.262902
v 0.012812 -0.015834 -0.263963
v 0.015747 -0.004277 -0.262356
v 0.015438 -0.003692 -0.262529
v 0.013919 -0.029214 -0.266171
v 0.016489 -0.029594 -0.268873
v 0.015095 0.006011 -0.264843
v 0.015819 0.007165 -0.265180
v 0.014549 -0.020064 -0.261742
v 0.014916 -0.024924 -0.261742
v 0.015150 -0.019980 -0.261929
v 0.015855 -0.024997 -0.262086
v 0.012340 -0.025810 -0.260595
v 0.009493 -0.029371 -0.105624
v 0.015301 -0.027579 -0.097516
v 0.015431 -0.003559 -0.262717
v 0.015956 -0.003787 -0.265779
v 0.015804 -0.015139 -0.270597
v 0.015156 -0.015025 -0.265534
v 0.014130 0.018972 -0.265164
v 0.015562 0.018585 -0.270735
v 0.015770 -0.013479 -0.262803
v 0.015064 -0.014424 -0.258154
v 0.013746 -0.015497 -0.258922
v 0.012812 -0.015834 -0.263963
v 0.015764 -0.013331 -0.262335
v 0.014482 -0.014876 -0.258686
v 0.015764 -0.013331 -0.262335
v 0.017125 -0.030324 -0.032282
v 0.009020 -0.033665 -0.035506
v 0.014157 -0.026875 -0.033727
v 0.015470 -0.030794 0.033331
v 0.012844 -0.032319 0.034286
v -0.018120 0.020836 -0.290485
v 0.019936 0.020890 -0.274738
v 0.015751 0.020300 -0.273079
v 0.008727 -0.013847 0.070679
v 0.008727 -0.013847 0.070679
v 0.012148 -0.030609 0.036137
v 0.014709 -0.030167 0.034862
v 0.015562 -0.014378 -0.265666
v 0.015064 -0.014424 -0.258154
v 0.012366 -0.031318 0.035176
v 0.015470 -0.030794 0.033331
v 0.015956 -0.003787 -0.265779
v 0.015488 0.006444 -0.265315
v 0.011429 -0.027756 -0.332093
v 0.010234 -0.027768 -0.332127
v 0.010660 -0.027765 -0.332314
v 0.013024 -0.027446 -0.333484
v 0.016714 -0.027744 -0.336159
v 0.009893 -0.044018 -0.035186
v 0.015533 -0.043786 -0.033011
v 0.010526 -0.044682 -0.034826
v 0.015290 -0.044628 -0.033097
v 0.011034 -0.045518 -0.048560
v 0.016880 -0.043878 -0.048081
v 0.015234 -0.044459 -0.037517
v 0.006982 -0.046394 -0.037515
v 0.011034 -0.045518 -0.048560
v 0.015234 -0.044459 -0.037517
v 0.003074 -0.045480 -0.037519
v 0.006982 -0.046394 -0.037515
v 0.006009 -0.045798 -0.037517
v 0.002065 -0.016524 -0.278255
v 0.004742 -0.016822 -0.277828
v 0.014426 -0.015968 -0.271177
v 0.016717 -0.017488 -0.274158
v 0.004875 0.019930 -0.277400
v -0.018120 0.020836 -0.290485
v 0.013201 0.030868 -0.340138
v 0.018387 0.030796 -0.342951
v 0.014971 -0.045426 -0.032662
v 0.010790 -0.045133 -0.034643
v -0.000077 0.026710 0.049565
v 0.012121 0.027042 0.050363
v 0.015956 -0.003787 -0.265779
v 0.014919 0.002296 -0.264709
v 0.014829 -0.002609 -0.263997
v 0.015956 -0.003787 -0.265779
v 0.014946 -0.002472 -0.264846
v 0.014758 0.001655 -0.264559
v 0.016725 -0.046799 0.005663
v 0.011644 -0.046788 0.013268
v 0.014230 -0.061792 0.010312
v 0.012617 -0.061839 -0.012205
v 0.015098 -0.046831 -0.009182
v 0.016036 -0.061826 -0.007155
v 0.012935 -0.019689 -0.261234
v 0.014726 -0.019957 -0.261797
v 0.010320 -0.045518 -0.034501
v 0.015005 -0.046377 -0.031969
v 0.006398 0.001642 -0.267549
v 0.015095 0.006011 -0.264843
v 0.014758 0.001655 -0.264559
v 0.013284 0.001654 -0.264405
v 0.006398 0.001642 -0.267549
v 0.006398 0.001642 -0.267549
v 0.005273 0.019192 -0.268130
v 0.015095 0.006011 -0.264843
v 0.005273 0.019192 -0.268130
v 0.014130 0.018972 -0.265164
v 0.015095 0.006011 -0.264843
v 0.004799 -0.046787 0.016875
v 0.004799 -0.046787 0.016875
v 0.012200 -0.029460 -0.335329
v 0.013904 -0.028501 -0.336641
v 0.014677 -0.014789 -0.258405
v 0.015156 -0.015025 -0.265534
v 0.013454 -0.027349 -0.336503
v 0.017510 -0.027327 -0.338799
v 0.013625 -0.027696 -0.336766
v 0.017510 -0.027327 -0.338799
v 0.010477 -0.046555 -0.033168
v 0.015005 -0.046377 -0.031969
v 0.013153 -0.033761 -0.052505
v 0.016196 -0.032353 -0.052780
v 0.002911 -0.027239 0.054115
v 0.013784 -0.028358 0.053860
v 0.009493 -0.029371 -0.105624
v 0.010226 -0.017637 -0.260824
v 0.015301 -0.027579 -0.097516
v 0.013570 -0.029455 -0.266322
v 0.016249 -0.029725 -0.269380
v 0.014813 -0.015807 -0.270971
v 0.012812 -0.015834 -0.263963
v 0.012186 -0.042254 -0.037105
v 0.016664 -0.040847 -0.033973
v 0.008572 -0.029658 0.051842
v 0.013967 -0.028720 0.052140
v 0.008506 -0.029502 0.051602
v 0.014479 -0.028391 0.052001
v 0.009897 -0.032074 -0.170459
v 0.009897 -0.032074 -0.170459
v 0.016271 -0.030615 -0.161182
v 0.016271 -0.030615 -0.161182
v 0.011680 -0.033880 -0.053738
v 0.011680 -0.033880 -0.053738
v 0.011680 -0.033880 -0.053738
v 0.012812 -0.015834 -0.263963
v 0.014037 -0.002520 -0.263369
v 0.010383 -0.042837 -0.035842
v 0.016664 -0.040847 -0.033973
v 0.009894 -0.030576 0.046198
v 0.009566 -0.030894 0.038048
v 0.015036 -0.029319 0.046231
v 0.009566 -0.030894 0.038048
v 0.012148 -0.030609 0.036137
v 0.015036 -0.029319 0.046231
v 0.013436 -0.030220 0.035924
v 0.015036 -0.029319 0.046231
v 0.014542 -0.029391 -0.264950
v 0.014492 -0.063925 0.026790
v 0.010029 -0.071602 0.028773
v 0.014623 -0.071602 0.026733
v 0.009905 -0.071708 -0.028751
v 0.010186 -0.063542 -0.028562
v 0.014508 -0.071701 -0.026731
v 0.010186 -0.063542 -0.028562
v 0.014626 -0.064023 -0.026673
v 0.014508 -0.071701 -0.026731
v 0.009888 -0.063924 0.028809
v 0.010029 -0.071602 0.028773
v 0.014492 -0.063925 0.026790
v 0.015199 0.019743 -0.272135
v 0.002261 0.019720 -0.278155
v 0.007263 0.020711 -0.336780
v 0.014100 -0.002198 -0.264143
v 0.015088 -0.002882 -0.262724
v 0.015068 -0.015199 -0.266265
v 0.013746 -0.015497 -0.258922
v 0.014028 -0.015313 -0.258767
v 0.015156 -0.015025 -0.265534
v 0.013570 -0.029455 -0.266322
v 0.013570 -0.029455 -0.266322
v 0.010162 -0.029907 -0.272143
v 0.010162 -0.029907 -0.272143
v 0.016119 -0.029960 -0.270480
v 0.009897 -0.032074 -0.170459
v 0.010990 -0.029920 -0.264616
v 0.014542 -0.029391 -0.264950
v 0.008506 -0.029502 0.051602
v -0.000035 -0.023004 0.050829
v 0.018105 -0.026965 0.051688
v 0.012232 -0.027321 -0.334454
v 0.012572 -0.027317 -0.334885
v 0.013594 -0.027305 -0.336592
v 0.013351 -0.027305 -0.333810
v 0.016722 -0.041183 -0.033440
v 0.010730 -0.042838 -0.035399
v 0.010434 -0.043344 -0.035275
v 0.016382 -0.042508 -0.032695
v 0.009812 -0.072653 0.027984
v 0.010029 -0.071602 0.028773
v 0.013840 -0.072513 0.026303
v 0.013516 -0.073594 0.025524
v 0.010007 -0.072546 -0.028021
v 0.014508 -0.071701 -0.026731
v 0.014743 -0.072365 -0.026026
v 0.009638 -0.073549 -0.027363
v 0.014025 -0.062926 0.026206
v 0.009763 -0.061879 0.027083
v 0.010129 -0.062993 0.027892
v 0.014492 -0.063925 0.026790
v 0.010186 -0.063542 -0.028562
v 0.013913 -0.063112 -0.026269
v 0.010730 -0.042838 -0.035399
v 0.016589 -0.042066 -0.032755
v 0.009154 -0.029472 -0.332181
v 0.012200 -0.029460 -0.335329
v 0.015484 -0.035479 -0.330576
v 0.002681 -0.046858 -0.017478
v 0.002681 -0.046858 -0.017478
v 0.002681 -0.046858 -0.017478
v -0.018120 0.020836 -0.290485
v 0.001224 0.020734 -0.323979
v 0.019936 0.020890 -0.274738
v 0.014503 -0.029224 -0.265268
v 0.012998 -0.029113 -0.265134
v 0.002066 -0.045025 -0.037521
v 0.013873 -0.042265 -0.038024
v 0.002066 -0.045025 -0.037521
v 0.013810 -0.020024 -0.261505
v 0.013970 -0.025230 -0.261384
v 0.014563 -0.028840 -0.265766
v 0.012998 -0.029113 -0.265134
v 0.012879 -0.001811 -0.264082
v 0.013471 0.001375 -0.264340
v 0.013742 -0.001870 -0.264274
v 0.014758 0.001655 -0.264559
v 0.014274 -0.027995 -0.265839
v 0.012801 -0.027651 -0.265280
v 0.013122 -0.028513 -0.265284
v 0.014527 -0.028628 -0.265885
v 0.012829 -0.028904 -0.265436
v 0.014044 -0.028563 -0.265869
v 0.005273 0.019192 -0.268130
v 0.002261 0.019720 -0.278155
v 0.014833 0.019187 -0.271104
v 0.010186 -0.063542 -0.028562
v 0.013542 -0.062059 -0.025494
v 0.007571 -0.043246 -0.045940
v 0.007571 -0.043246 -0.045940
v 0.011727 -0.027329 -0.335160
v 0.013393 -0.027361 -0.336463
v 0.015669 -0.073619 -0.023899
v 0.009638 -0.073549 -0.027363
v 0.013455 -0.027312 -0.336508
v 0.013274 -0.027401 -0.336390
v 0.005243 -0.042743 -0.040969
v 0.013696 -0.041714 -0.040961
v 0.001218 -0.041259 -0.041026
v 0.001595 -0.035149 -0.041035
v 0.013696 -0.041714 -0.040961
v 0.001595 -0.035149 -0.041035
v 0.010053 -0.033903 -0.041041
v 0.013696 -0.041714 -0.040961
v 0.013748 -0.029217 -0.266101
v 0.012829 -0.028904 -0.265436
v 0.011644 -0.046788 0.013268
v 0.009851 -0.061787 0.014556
v 0.014230 -0.061792 0.010312
v 0.012617 -0.061839 -0.012205
v 0.009844 -0.046846 -0.014552
v 0.015098 -0.046831 -0.009182
v 0.013197 -0.015738 -0.263126
v 0.015202 -0.015651 -0.270825
v 0.010938 -0.017582 -0.337615
v 0.015296 -0.017302 -0.340472
v 0.014130 0.018972 -0.265164
v 0.005273 0.019192 -0.268130
v 0.014833 0.019187 -0.271104
v 0.009528 -0.030533 0.046495
v 0.015036 -0.029319 0.046231
v 0.014982 -0.029195 0.046553
v 0.008838 -0.030507 0.046930
v 0.011559 -0.027501 -0.335085
v 0.013274 -0.027401 -0.336390
v 0.010561 -0.028031 -0.334481
v 0.013441 -0.027616 -0.336601
v 0.004625 -0.015989 -0.268505
v 0.012812 -0.015834 -0.263963
v 0.014426 -0.015968 -0.271177
v 0.010224 -0.030066 0.047112
v 0.014965 -0.029066 0.046867
v 0.012974 -0.028096 -0.265401
v 0.014294 -0.027654 -0.265877
v -0.015659 -0.006024 -0.279795
v -0.015659 -0.006024 -0.279795
v -0.015659 -0.006024 -0.279795
v -0.015687 0.010511 -0.279918
v -0.015687 0.010511 -0.279918
v 0.012812 -0.015834 -0.263963
v 0.006398 0.001642 -0.267549
v 0.012879 -0.001811 -0.264082
v 0.012812 -0.015834 -0.263963
v -0.015687 0.010511 -0.279918
v 0.006398 0.001642 -0.267549
v 0.012812 -0.015834 -0.263963
v 0.012935 -0.019689 -0.261234
v 0.012037 -0.020027 -0.261309
v 0.010668 -0.019914 -0.261399
v 0.013970 -0.025230 -0.261384
v 0.010878 -0.020055 -0.261390
v 0.012832 -0.025241 -0.261257
v 0.012221 -0.025675 -0.260864
v 0.013970 -0.025230 -0.261384
v 0.004510 -0.073596 0.028526
v 0.015314 -0.073856 -0.023303
v 0.015314 -0.073856 -0.023303
v 0.015314 -0.073856 -0.023303
v 0.015314 -0.073856 -0.023303
v 0.015314 -0.073856 -0.023303
v 0.013516 -0.073594 0.025524
v 0.009629 -0.073482 0.027273
v 0.004510 -0.073596 0.028526
v 0.009643 -0.029369 -0.266794
v 0.015207 -0.043427 -0.049503
v 0.015207 -0.043427 -0.049503
v 0.002425 -0.039148 -0.049967
v 0.002425 -0.039148 -0.049967
v 0.018923 -0.034629 -0.049978
v 0.010561 -0.028031 -0.334481
v 0.013941 -0.028065 -0.337402
v 0.012945 -0.042086 -0.037723
v 0.006061 -0.043419 -0.040947
v 0.013696 -0.041714 -0.040961
v 0.011315 -0.027634 -0.331856
v 0.013351 -0.027305 -0.333810
v -0.000026 0.027187 0.050164
v 0.010955 0.027376 0.050943
v 0.005915 -0.035453 -0.314513
v 0.009154 -0.029472 -0.332181
v 0.015484 -0.035479 -0.330576
v -0.018390 -0.017428 -0.289937
v -0.018390 -0.017428 -0.289937
v 0.016717 -0.017488 -0.274158
v 0.014175 -0.017467 -0.306338
v 0.001224 0.020734 -0.323979
v 0.011843 0.020518 -0.317071
v 0.013968 0.020574 -0.306562
v 0.012801 -0.027651 -0.265280
v 0.012391 -0.028494 -0.265361
v 0.010033 -0.028101 -0.334167
v 0.014392 -0.028321 -0.338286
v 0.002425 -0.039148 -0.049967
v 0.015278 -0.035097 -0.050278
v 0.010990 -0.029920 -0.264616
v 0.013266 -0.029237 -0.265053
v 0.002594 -0.016432 -0.269630
v 0.004625 -0.015989 -0.268505
v 0.004625 -0.015989 -0.268505
v -0.015659 -0.006024 -0.279795
v 0.007571 -0.043246 -0.045940
v 0.013778 -0.041772 -0.038530
v 0.013694 -0.041767 -0.045942
v 0.007571 -0.043246 -0.045940
v 0.005959 -0.043499 -0.038530
v 0.013778 -0.041772 -0.038530
v 0.005161 -0.043868 -0.038239
v 0.013778 -0.041772 -0.038530
v 0.011053 -0.029263 -0.265820
v 0.012929 -0.029105 -0.265744
v 0.011093 -0.029557 -0.264936
v 0.012998 -0.029113 -0.265134
v 0.000875 0.020686 -0.326704
v 0.007263 0.020711 -0.336780
v 0.013068 0.020535 -0.326255
v 0.011781 0.020540 -0.322389
v 0.000875 0.020686 -0.326704
v 0.013068 0.020535 -0.326255
v 0.007560 -0.027712 -0.336128
v 0.013154 -0.027965 -0.339257
v 0.009655 0.030679 -0.338310
v 0.013042 0.030848 -0.340114
v 0.012560 -0.027692 -0.340285
v 0.008342 -0.017707 -0.337624
v 0.015064 -0.017709 -0.342168
v 0.007263 0.020711 -0.336780
v 0.009655 0.030679 -0.338310
v 0.009655 0.030679 -0.338310
v 0.014670 0.020707 -0.342102
v 0.014670 0.020707 -0.342102
v 0.012782 0.030682 -0.340557
v 0.010816 -0.029305 -0.266123
v 0.013570 -0.029455 -0.266322
v 0.007577 0.032408 0.047349
v -0.000077 0.027506 0.047950
v 0.014793 0.030279 0.047327
v 0.009238 -0.026308 -0.338119
v 0.008342 -0.017707 -0.337624
v 0.012560 -0.027692 -0.340285
v 0.011041 -0.029304 -0.265172
v 0.012729 -0.028609 -0.265190
v 0.008942 -0.035737 -0.051287
v 0.013968 -0.035162 -0.050445
v 0.009630 -0.027351 -0.331355
v 0.009443 -0.027353 -0.331103
v 0.008891 -0.027366 -0.332196
v 0.009020 -0.033665 -0.035506
v 0.008349 -0.025176 -0.035632
v 0.014157 -0.026875 -0.033727
v 0.009206 -0.035094 -0.051836
v 0.013464 -0.034479 -0.051289
v 0.009241 -0.028710 -0.332300
v 0.012200 -0.029460 -0.335329
v 0.009119 -0.027779 -0.332210
v 0.012542 -0.028802 -0.335591
v 0.013015 -0.028903 0.053142
v 0.008608 -0.029815 0.052075
v 0.011554 -0.028134 -0.265352
v 0.012801 -0.027651 -0.265280
v 0.008177 -0.029865 0.052367
v 0.012706 -0.028957 0.053931
v 0.009206 -0.035094 -0.051836
v 0.012025 -0.034001 -0.052944
v 0.011086 -0.028273 -0.265336
v 0.012801 -0.027651 -0.265280
v 0.001182 0.020711 -0.325069
v 0.011843 0.020518 -0.317071
v 0.011646 -0.028714 -0.265468
v 0.012829 -0.028904 -0.265436
v 0.008813 -0.034979 -0.052500
v 0.011680 -0.033880 -0.053738
v 0.006398 0.001642 -0.267549
v 0.012575 0.001654 -0.264211
v 0.012879 -0.001811 -0.264082
v 0.008891 -0.027366 -0.332196
v 0.010861 -0.027778 -0.334598
v 0.000875 0.020686 -0.326704
v 0.007045 -0.018906 -0.262584
v 0.010226 -0.017637 -0.260824
v 0.009493 -0.029371 -0.105624
v 0.006685 -0.035164 -0.053562
v 0.008713 -0.034315 -0.075043
v 0.009297 -0.034153 -0.075597
v 0.010614 -0.033916 -0.068552
v 0.009897 -0.032074 -0.170459
v 0.009536 -0.030914 0.037920
v 0.012148 -0.030609 0.036137
v 0.013117 -0.032749 0.034073
v 0.008513 -0.032998 0.035496
v 0.011657 -0.044403 0.034533
v 0.008513 -0.032998 0.035496
v 0.006451 -0.044439 0.035868
v 0.011657 -0.044403 0.034533
v 0.009379 -0.030984 0.037595
v 0.012148 -0.030609 0.036137
v 0.010314 0.030792 -0.338274
v 0.007317 0.031043 -0.334268
v 0.009297 -0.031056 0.037343
v 0.012148 -0.030609 0.036137
v 0.006451 -0.044439 0.035868
v 0.011028 -0.045316 0.034113
v 0.007677 -0.061850 -0.015781
v 0.009844 -0.046846 -0.014552
v 0.012617 -0.061839 -0.012205
v 0.009348 -0.031091 0.037230
v 0.012148 -0.030609 0.036137
v 0.008108 -0.027953 -0.334872
v 0.014392 -0.028321 -0.338286
v 0.006288 -0.045402 0.035250
v 0.010829 -0.046276 0.033551
v 0.009274 -0.031337 0.036749
v 0.012148 -0.030609 0.036137
v 0.009004 -0.026787 -0.337720
v 0.012560 -0.027692 -0.340285
v 0.009041 -0.031639 0.036304
v 0.011946 -0.031222 0.035530
v 0.008227 -0.026216 -0.262020
v 0.003690 -0.030154 -0.111681
v 0.012340 -0.025810 -0.260595
v 0.012478 -0.032247 0.034457
v 0.008513 -0.032998 0.035496
v 0.008962 -0.032233 0.035881
v 0.012214 -0.031878 0.034671
v 0.009927 -0.042909 -0.036134
v 0.006834 -0.043690 -0.036192
v 0.011682 -0.028428 -0.265314
v 0.010868 -0.028988 -0.265763
v 0.010656 -0.028097 -0.265573
v 0.011682 -0.028428 -0.265314
v 0.006784 -0.045005 -0.035775
v 0.010104 -0.044472 -0.035007
v 0.003690 -0.030154 -0.111681
v 0.009493 -0.029371 -0.105624
v 0.012340 -0.025810 -0.260595
v 0.006982 -0.046394 -0.037515
v 0.005791 -0.046422 -0.048586
v 0.011034 -0.045518 -0.048560
v 0.006834 -0.043690 -0.036192
v 0.010089 -0.043565 -0.035304
v 0.005791 -0.046422 -0.048586
v 0.011459 -0.045164 -0.048755
v 0.005712 -0.046278 0.034791
v 0.011211 -0.046359 0.033146
v 0.004681 -0.046038 -0.048931
v 0.015207 -0.043427 -0.049503
v 0.004585 -0.046415 0.034337
v 0.014961 -0.046692 0.030973
v 0.010955 0.027376 0.050943
v 0.007577 0.032408 0.047349
v 0.014793 0.030279 0.047327
v -0.002591 -0.046753 0.034066
v 0.010878 -0.020055 -0.261390
v 0.008227 -0.026216 -0.262020
v 0.011961 -0.025550 -0.261140
v 0.008686 -0.027587 -0.332032
v 0.010561 -0.028031 -0.334481
v 0.010396 -0.028944 -0.265935
v 0.009643 -0.029369 -0.266794
v 0.007723 -0.019320 -0.262230
v 0.010226 -0.017637 -0.260824
v -0.001131 -0.029946 -0.272078
v 0.010807 -0.028455 -0.265355
v 0.000372 -0.029262 -0.271274
v -0.015152 -0.027511 -0.280390
v 0.011005 -0.029607 -0.264905
v -0.001131 -0.029946 -0.272078
v 0.009643 -0.029369 -0.266794
v 0.004810 -0.030711 -0.275857
v 0.010162 -0.029907 -0.272143
v 0.005223 -0.032705 -0.171045
v 0.009897 -0.032074 -0.170459
v 0.009933 -0.033974 -0.076283
v -0.000046 -0.030265 -0.270906
v 0.010990 -0.029920 -0.264616
v 0.009888 -0.063924 0.028809
v 0.005162 -0.071603 0.030029
v 0.010029 -0.071602 0.028773
v 0.005032 -0.071715 -0.029987
v 0.005167 -0.064038 -0.029973
v 0.009905 -0.071708 -0.028751
v 0.005167 -0.064038 -0.029973
v 0.010186 -0.063542 -0.028562
v 0.009905 -0.071708 -0.028751
v 0.005015 -0.063926 0.030043
v 0.005162 -0.071603 0.030029
v 0.009888 -0.063924 0.028809
v 0.006548 -0.030618 -0.276460
v 0.010162 -0.029907 -0.272143
v 0.008255 -0.028107 -0.332413
v 0.010561 -0.028031 -0.334481
v 0.006858 -0.030012 -0.268879
v 0.004810 -0.030711 -0.275857
v 0.008227 -0.026216 -0.262020
v 0.012100 -0.025669 -0.260907
v 0.005162 -0.071603 0.030029
v 0.009424 -0.072460 0.028275
v 0.005309 -0.072605 -0.029191
v 0.009905 -0.071708 -0.028751
v 0.009516 -0.072782 -0.027999
v 0.005016 -0.073710 -0.028364
v 0.009515 -0.062810 0.027956
v 0.004977 -0.062085 0.028629
v 0.005234 -0.063088 0.029339
v 0.009888 -0.063924 0.028809
v 0.005097 -0.072703 0.029132
v 0.009254 -0.073439 0.027572
v 0.004875 -0.063305 -0.029410
v 0.010186 -0.063542 -0.028562
v 0.007985 -0.029760 0.053018
v 0.000236 -0.030011 0.053040
v 0.009185 -0.017697 -0.337482
v 0.006480 -0.017615 -0.332964
v 0.007788 -0.017405 -0.334703
v 0.011250 -0.017693 -0.337982
v 0.001307 -0.030150 0.051804
v 0.008545 -0.029657 0.051836
v 0.009460 -0.030933 0.037818
v 0.009458 -0.030927 0.037853
v 0.009566 -0.030894 0.038048
v 0.009894 -0.030576 0.046198
v 0.009492 -0.030909 0.037965
v 0.009225 -0.030954 0.037745
v 0.009425 -0.030922 0.037895
v 0.010243 -0.019799 -0.261449
v 0.008478 -0.019931 -0.262153
v 0.009761 -0.045666 -0.034568
v 0.006784 -0.045005 -0.035775
v 0.001196 -0.045558 -0.049568
v 0.003560 -0.062034 -0.028594
v 0.010621 -0.062984 -0.027671
v 0.000089 -0.028797 0.051348
v -0.000032 -0.027705 0.051246
v 0.008506 -0.029502 0.051602
v 0.008506 -0.029502 0.051602
v 0.008328 -0.019846 -0.262108
v 0.010052 -0.019667 -0.261431
v 0.007200 -0.037212 -0.050377
v 0.013968 -0.035162 -0.050445
v 0.009431 -0.030950 0.037721
v 0.009217 -0.031042 0.037396
v 0.009386 -0.030956 0.037693
v 0.009499 -0.030934 0.037804
v 0.009330 -0.034142 -0.075679
v 0.005223 -0.032705 -0.171045
v 0.009894 -0.030576 0.046198
v 0.009322 -0.030939 0.037813
v 0.009787 -0.029117 -0.266460
v 0.005841 -0.030225 -0.269117
v 0.009405 -0.030955 0.037693
v 0.009369 -0.030956 0.037694
v 0.009415 -0.030925 0.037875
v 0.009260 -0.030960 0.037699
v 0.009267 -0.030957 0.037715
v 0.009415 -0.030925 0.037875
v 0.009335 -0.030963 0.037666
v 0.009217 -0.031042 0.037396
v 0.009147 -0.031213 0.036988
v 0.009331 -0.031105 0.037195
v -0.011548 -0.027478 -0.292371
v -0.011548 -0.027478 -0.292371
v 0.010655 -0.027537 -0.331027
v -0.011548 -0.027478 -0.292371
v 0.009212 -0.031185 0.037038
v 0.009041 -0.031639 0.036304
v 0.010332 -0.042709 -0.036926
v 0.003936 -0.043772 -0.037710
v 0.008845 -0.031073 0.037133
v 0.009219 -0.031022 0.037456
v -0.013945 -0.027555 -0.282022
v 0.000023 -0.028641 -0.273915
v 0.009217 -0.031042 0.037396
v 0.009340 -0.031079 0.037270
v 0.007308 -0.027585 -0.335874
v 0.009238 -0.026308 -0.338119
v 0.005890 0.029914 -0.334547
v 0.009655 0.030679 -0.338310
v 0.009281 -0.031108 0.037198
v 0.009147 -0.031213 0.036988
v 0.008845 -0.031073 0.037133
v 0.009894 -0.030576 0.046198
v 0.009062 -0.030983 0.037603
v 0.008894 -0.031026 0.037373
v 0.009225 -0.030954 0.037745
v 0.009547 -0.020213 -0.261806
v 0.008227 -0.026216 -0.262020
v 0.005805 0.029161 -0.334727
v 0.009655 0.030679 -0.338310
v 0.007263 0.020711 -0.336780
v 0.005993 -0.027596 -0.334459
v 0.008342 -0.017707 -0.337624
v 0.009238 -0.026308 -0.338119
v 0.008834 -0.035312 -0.304155
v -0.003188 -0.030604 -0.283431
v 0.004884 -0.035442 -0.308148
v -0.003188 -0.030604 -0.283431
v -0.013330 -0.030038 -0.287483
v 0.004884 -0.035442 -0.308148
v 0.007931 -0.036249 -0.051032
v 0.004519 -0.036110 -0.051711
v 0.003936 -0.043772 -0.037710
v 0.006061 -0.043419 -0.040947
v 0.012945 -0.042086 -0.037723
v 0.009093 -0.031170 0.037062
v 0.009217 -0.031042 0.037396
v 0.015314 -0.073856 -0.023303
v 0.008793 -0.073608 -0.027381
v 0.009077 -0.031203 0.036988
v 0.009041 -0.031639 0.036304
v 0.009039 -0.031174 0.037036
v 0.009147 -0.031213 0.036988
v 0.008986 -0.031115 0.037127
v 0.009217 -0.031042 0.037396
v 0.008884 -0.031143 0.036991
v 0.009005 -0.031172 0.037024
v 0.008947 -0.031168 0.036992
v 0.009041 -0.031639 0.036304
v 0.008845 -0.031073 0.037133
v 0.009018 -0.031162 0.037053
v 0.008845 -0.031073 0.037133
v 0.008916 -0.031149 0.037006
v 0.009655 0.030679 -0.338310
v 0.006768 0.030889 -0.334326
v 0.009209 -0.030542 0.046622
v 0.003498 -0.031075 0.046297
v 0.006444 -0.035395 -0.052882
v 0.009206 -0.035094 -0.051836
v 0.008884 -0.031014 0.037436
v 0.008806 -0.031053 0.037199
v 0.008869 -0.031171 0.036929
v 0.009041 -0.031639 0.036304
v 0.008835 -0.031205 0.036834
v 0.009041 -0.031639 0.036304
v 0.002687 -0.061787 0.017479
v 0.000399 -0.061860 -0.017649
v 0.003560 -0.062034 -0.028594
v 0.000399 -0.061860 -0.017649
v 0.013434 -0.061919 -0.025353
v 0.008752 -0.031046 0.037212
v 0.008884 -0.031014 0.037436
v 0.003498 -0.031075 0.046297
v 0.008884 -0.031014 0.037436
v 0.009894 -0.030576 0.046198
v 0.003498 -0.031075 0.046297
v 0.008830 -0.031029 0.037332
v 0.002065 -0.016524 -0.278255
v 0.004625 -0.015989 -0.268505
v 0.014426 -0.015968 -0.271177
v 0.008806 -0.031212 0.036791
v 0.008856 -0.031188 0.036887
v 0.008780 -0.031217 0.036758
v 0.009041 -0.031639 0.036304
v -0.014508 -0.027533 -0.281197
v 0.009332 -0.027621 -0.268537
v 0.009856 -0.027624 -0.267193
v -0.015152 -0.027511 -0.280390
v -0.001703 -0.029059 -0.273809
v 0.009332 -0.027621 -0.268537
v -0.002262 -0.029075 -0.272992
v 0.009707 -0.027645 -0.267368
v 0.008845 -0.031073 0.037133
v 0.008875 -0.031150 0.036974
v 0.008845 -0.031073 0.037133
v 0.008842 -0.031194 0.036862
v 0.008666 -0.031199 0.036659
v 0.008750 -0.031213 0.036733
v 0.008849 -0.031590 0.036236
v 0.008513 -0.032998 0.035496
v 0.008603 -0.031067 0.037075
v 0.008797 -0.031058 0.037175
v 0.008845 -0.031073 0.037133
v 0.008787 -0.031212 0.036773
v 0.008743 -0.031214 0.036726
v 0.008828 -0.031529 0.036288
v 0.008701 -0.031208 0.036685
v 0.008668 -0.031498 0.036191
v 0.003498 -0.031075 0.046297
v 0.008616 -0.031065 0.037096
v 0.008584 -0.031070 0.037061
v 0.008777 -0.031044 0.037222
v 0.004799 -0.046787 0.016875
v 0.002687 -0.061787 0.017479
v 0.009851 -0.061787 0.014556
v 0.011644 -0.046788 0.013268
v 0.004799 -0.046787 0.016875
v 0.009851 -0.061787 0.014556
v 0.007677 -0.061850 -0.015781
v 0.002681 -0.046858 -0.017478
v 0.009844 -0.046846 -0.014552
v 0.008845 -0.031073 0.037133
v 0.008712 -0.031206 0.036703
v 0.008172 -0.031283 0.035556
v 0.008709 -0.031161 0.036778
v 0.008711 -0.031071 0.037093
v 0.008172 -0.031283 0.035556
v 0.008172 -0.031283 0.035556
v 0.008634 -0.031394 0.036289
v 0.008522 -0.031079 0.037008
v 0.008172 -0.031283 0.035556
v 0.008356 -0.032313 0.035524
v 0.006451 -0.044439 0.035868
v 0.009897 -0.032074 -0.170459
v 0.000528 -0.030493 -0.270194
v 0.010990 -0.029920 -0.264616
v 0.005223 -0.032705 -0.171045
v 0.000528 -0.030493 -0.270194
v 0.009897 -0.032074 -0.170459
v 0.003498 -0.031075 0.046297
v 0.008309 -0.031175 0.036373
v 0.008437 -0.031486 0.035868
v 0.008513 -0.032998 0.035496
v -0.001800 -0.029772 -0.272771
v 0.010675 -0.027629 -0.265479
v -0.001451 -0.030419 -0.272612
v 0.010385 -0.028190 -0.265681
v 0.008269 -0.019842 -0.262112
v 0.008227 -0.026216 -0.262020
v 0.003752 -0.045877 -0.035751
v 0.007018 -0.045300 -0.035498
v 0.001582 -0.035235 -0.075040
v 0.001582 -0.035235 -0.075040
v 0.005223 -0.032705 -0.171045
v 0.008713 -0.034315 -0.075043
v 0.008713 -0.034315 -0.075043
v 0.009736 -0.046356 -0.033732
v 0.003063 -0.046723 -0.034634
v 0.003536 -0.046256 -0.035232
v 0.009415 -0.046018 -0.034431
v 0.001124 -0.019810 -0.265866
v 0.001124 -0.019810 -0.265866
v 0.001124 -0.019810 -0.265866
v 0.000799 -0.026563 -0.266036
v 0.000799 -0.026563 -0.266036
v 0.008047 -0.019729 -0.262068
v 0.000799 -0.026563 -0.266036
v 0.008227 -0.026216 -0.262020
v 0.008047 -0.019729 -0.262068
v 0.005915 -0.035453 -0.314513
v -0.011442 -0.029445 -0.296757
v 0.009154 -0.029472 -0.332181
v 0.007418 -0.019263 -0.262394
v 0.001124 -0.019810 -0.265866
v 0.001745 -0.043826 -0.045951
v 0.001745 -0.043826 -0.045951
v 0.001745 -0.043826 -0.045951
v -0.012638 -0.027722 -0.294773
v 0.009128 -0.028625 -0.332181
v -0.011982 -0.028633 -0.295863
v 0.009154 -0.029472 -0.332181
v -0.012093 -0.027605 -0.293650
v 0.009119 -0.027779 -0.332210
v -0.008391 -0.027499 -0.302456
v 0.008553 -0.027647 -0.331891
v 0.002919 -0.030917 0.046617
v 0.008838 -0.030507 0.046930
v 0.009477 -0.030266 0.047046
v 0.000436 -0.030611 0.047335
v -0.000034 -0.023136 0.048015
v -0.000030 -0.027666 0.047629
v 0.010670 -0.029899 0.047212
v -0.002858 -0.034102 -0.283611
v 0.008834 -0.035312 -0.304155
v 0.007184 -0.043529 -0.036398
v 0.003936 -0.043772 -0.037710
v 0.010955 0.027376 0.050943
v -0.000070 0.029362 0.050893
v 0.007577 0.032408 0.047349
v -0.000070 0.029362 0.050893
v -0.000077 0.032470 0.047612
v 0.007577 0.032408 0.047349
v 0.003755 -0.043868 -0.037233
v 0.006834 -0.043690 -0.036192
v 0.006878 -0.033676 -0.277188
v 0.007560 -0.030624 -0.277467
v -0.009513 -0.027707 -0.300939
v 0.008238 -0.027915 -0.331613
v 0.007195 -0.043836 -0.035996
v 0.003246 -0.044645 -0.036414
v 0.003338 -0.044296 -0.036581
v 0.006834 -0.043690 -0.036192
v -0.002709 -0.034041 -0.284319
v -0.003188 -0.030604 -0.283431
v 0.008834 -0.035312 -0.304155
v -0.000008 0.028488 0.050819
v 0.010955 0.027376 0.050943
v 0.007740 -0.029921 0.052455
v 0.001307 -0.030150 0.051804
v -0.011142 -0.027975 -0.298671
v 0.008183 -0.028070 -0.332187
v -0.006982 -0.046406 -0.037517
v -0.006982 -0.046406 -0.037517
v -0.007805 -0.045527 -0.037520
v -0.001626 -0.046422 -0.048971
v -0.001626 -0.046422 -0.048971
v -0.001626 -0.046422 -0.048971
v 0.005791 -0.046422 -0.048586
v 0.006982 -0.046394 -0.037515
v 0.006982 -0.046394 -0.037515
v -0.006982 -0.046406 -0.037517
v -0.006982 -0.046406 -0.037517
v 0.007046 -0.027917 -0.333589
v 0.006800 -0.027713 -0.334848
v 0.008135 -0.028234 -0.332808
v -0.012231 -0.028028 -0.297109
v 0.008135 -0.028234 -0.332808
v -0.012103 -0.029609 -0.295013
v 0.005915 -0.035453 -0.314513
v 0.007111 -0.044775 -0.035710
v 0.003246 -0.044645 -0.036414
v 0.001595 -0.035149 -0.041035
v 0.000298 -0.034786 -0.046039
v 0.010053 -0.033903 -0.041041
v 0.000298 -0.034786 -0.046039
v 0.009753 -0.033547 -0.046041
v 0.010053 -0.033903 -0.041041
v 0.005416 -0.033930 -0.276285
v 0.007682 -0.034153 -0.277878
v 0.000298 -0.034786 -0.046039
v 0.000298 -0.034786 -0.046039
v 0.000298 -0.034786 -0.046039
v 0.009493 -0.029371 -0.105624
v 0.003690 -0.030154 -0.111681
v 0.007045 -0.018906 -0.262584
v 0.003690 -0.030154 -0.111681
v 0.001124 -0.019810 -0.265866
v 0.007045 -0.018906 -0.262584
v 0.005923 -0.031192 -0.276490
v 0.005727 -0.033877 -0.276279
v -0.014197 -0.027774 -0.297079
v 0.008135 -0.028234 -0.332808
v -0.014707 -0.027492 -0.298816
v 0.003533 -0.017629 -0.331248
v 0.008342 -0.017707 -0.337624
v 0.005993 -0.027596 -0.334459
v -0.015676 0.014911 -0.279810
v -0.010213 0.019842 -0.276787
v -0.010213 0.019842 -0.276787
v 0.006398 0.001642 -0.267549
v 0.006398 0.001642 -0.267549
v -0.015687 0.010511 -0.279918
v -0.015676 0.014911 -0.279810
v 0.006398 0.001642 -0.267549
v 0.001328 0.020020 -0.270389
v 0.001328 0.020020 -0.270389
v 0.005273 0.019192 -0.268130
v 0.006398 0.001642 -0.267549
v 0.003844 -0.034021 -0.275838
v -0.003055 -0.034169 -0.282757
v 0.007682 -0.034153 -0.277878
v 0.005811 -0.017624 -0.332794
v 0.008342 -0.017707 -0.337624
v 0.002214 -0.038327 -0.050236
v 0.007763 -0.036906 -0.050484
v 0.001166 -0.029471 0.053747
v 0.012706 -0.028957 0.053931
v 0.002483 -0.028069 0.054190
v 0.012706 -0.028957 0.053931
v -0.000356 -0.023385 -0.036625
v 0.008349 -0.025176 -0.035632
v 0.009020 -0.033665 -0.035506
v 0.001600 -0.034816 -0.036511
v 0.008751 -0.033745 -0.036318
v 0.001757 -0.034779 -0.036787
v 0.008666 -0.033794 -0.037038
v 0.004206 -0.036507 -0.051314
v 0.007763 -0.036906 -0.050484
v 0.001600 -0.034816 -0.036511
v -0.000356 -0.023385 -0.036625
v 0.009020 -0.033665 -0.035506
v 0.000790 -0.030806 -0.272279
v 0.004810 -0.030711 -0.275857
v 0.005841 -0.030225 -0.269117
v -0.002602 -0.031305 0.036426
v 0.000704 -0.044438 0.036437
v 0.006451 -0.044439 0.035868
v 0.008172 -0.031283 0.035556
v -0.002602 -0.031305 0.036426
v 0.006451 -0.044439 0.035868
v 0.000704 -0.044438 0.036437
v 0.005866 -0.045353 0.035354
v 0.000799 -0.026563 -0.266036
v 0.003690 -0.030154 -0.111681
v 0.008227 -0.026216 -0.262020
v 0.000781 -0.045448 0.035771
v 0.005712 -0.046278 0.034791
v 0.000399 -0.061860 -0.017649
v 0.002681 -0.046858 -0.017478
v 0.007677 -0.061850 -0.015781
v 0.000482 -0.035731 -0.053705
v 0.004927 -0.035780 -0.052445
v 0.000145 -0.030658 -0.272314
v 0.005841 -0.030225 -0.269117
v 0.000735 -0.042158 -0.040983
v 0.006061 -0.043419 -0.040947
v 0.006470 -0.029856 -0.268518
v -0.001451 -0.030419 -0.272612
v 0.000799 -0.026563 -0.266036
v -0.003311 -0.030177 -0.113303
v 0.003690 -0.030154 -0.111681
v -0.000078 -0.046408 0.034909
v 0.005712 -0.046278 0.034791
v -0.001268 -0.046790 0.017499
v -0.001268 -0.046790 0.017499
v 0.004799 -0.046787 0.016875
v -0.002591 -0.046753 0.034066
v -0.002591 -0.046753 0.034066
v -0.002591 -0.046753 0.034066
v -0.000077 0.032470 0.047612
v -0.000077 0.027506 0.047950
v 0.007577 0.032408 0.047349
v 0.006550 0.030857 -0.334220
v -0.018758 0.030766 -0.289431
v -0.018773 0.030917 -0.289409
v 0.007317 0.031043 -0.334268
v 0.007199 -0.017467 -0.333961
v -0.018390 -0.017428 -0.289937
v 0.003936 -0.043772 -0.037710
v -0.001845 -0.043805 -0.040896
v 0.006061 -0.043419 -0.040947
v 0.006685 -0.035164 -0.053562
v 0.000482 -0.035731 -0.053705
v 0.001582 -0.035235 -0.075040
v 0.006685 -0.035164 -0.053562
v 0.007571 -0.043246 -0.045940
v 0.001745 -0.043826 -0.045951
v 0.005959 -0.043499 -0.038530
v 0.001745 -0.043826 -0.045951
v -0.002049 -0.043842 -0.038533
v 0.005959 -0.043499 -0.038530
v -0.002049 -0.043842 -0.038533
v 0.002468 -0.044589 -0.037832
v 0.005015 -0.063926 0.030043
v 0.000098 -0.071641 0.030454
v 0.005162 -0.071603 0.030029
v -0.000069 -0.071764 -0.030384
v 0.000164 -0.063503 -0.030281
v 0.005032 -0.071715 -0.029987
v 0.000164 -0.063503 -0.030281
v 0.005167 -0.064038 -0.029973
v 0.005032 -0.071715 -0.029987
v -0.000149 -0.063381 0.030317
v 0.000098 -0.071641 0.030454
v 0.005015 -0.063926 0.030043
v -0.013953 -0.029706 -0.290353
v 0.005915 -0.035453 -0.314513
v 0.000098 -0.071641 0.030454
v 0.004562 -0.072522 0.029363
v 0.004731 -0.072839 -0.029104
v 0.000219 -0.073560 -0.029003
v 0.000301 -0.072597 -0.029724
v 0.005032 -0.071715 -0.029987
v 0.004768 -0.063079 0.029424
v -0.000149 -0.063381 0.030317
v 0.000164 -0.063503 -0.030281
v 0.003823 -0.062886 -0.029243
v 0.000171 -0.072675 0.029644
v 0.004510 -0.073596 0.028526
v -0.000706 -0.062884 0.029725
v 0.004977 -0.062085 0.028629
v 0.004884 -0.035442 -0.308148
v -0.015056 -0.029594 -0.287454
v 0.005915 -0.035453 -0.314513
v -0.014137 -0.029831 -0.287489
v 0.004884 -0.035442 -0.308148
v 0.004820 -0.033701 -0.276051
v 0.004810 -0.030711 -0.275857
v 0.005883 -0.062021 0.028205
v -0.003547 -0.061924 0.028624
v 0.001478 -0.016762 -0.270249
v -0.010764 -0.015911 -0.277038
v -0.012753 -0.014666 -0.278144
v -0.013768 -0.013444 -0.278708
v -0.015656 -0.011664 -0.279758
v 0.004625 -0.015989 -0.268505
v 0.002065 -0.016524 -0.278255
v 0.002673 -0.016465 -0.269912
v 0.001582 -0.035235 -0.075040
v -0.001595 -0.032895 -0.171046
v -0.001595 -0.032895 -0.171046
v 0.005223 -0.032705 -0.171045
v 0.005223 -0.032705 -0.171045
v 0.000528 -0.030493 -0.270194
v 0.000668 -0.045844 -0.049349
v 0.005791 -0.046422 -0.048586
v 0.000422 -0.029246 0.047467
v 0.010670 -0.029899 0.047212
v -0.005186 -0.073639 0.028361
v 0.004510 -0.073596 0.028526
v 0.000302 -0.073490 0.028910
v -0.005186 -0.073639 0.028361
v 0.002687 -0.061787 0.017479
v 0.002687 -0.061787 0.017479
v -0.003547 -0.061924 0.028624
v -0.003547 -0.061924 0.028624
v -0.003547 -0.061924 0.028624
v 0.009763 -0.061879 0.027083
v 0.000807 -0.030010 0.051652
v 0.008506 -0.029502 0.051602
v 0.000823 -0.030736 0.047037
v -0.003358 -0.030875 0.046507
v 0.003498 -0.031075 0.046297
v -0.002602 -0.031305 0.036426
v 0.008172 -0.031283 0.035556
v -0.007298 -0.046851 -0.033701
v -0.007298 -0.046851 -0.033701
v -0.007298 -0.046851 -0.033701
v -0.007298 -0.046851 -0.033701
v 0.004147 -0.046760 -0.034098
v -0.016091 0.030672 -0.295618
v 0.005818 0.030677 -0.334194
v -0.001776 -0.014362 0.071165
v 0.005804 0.029928 -0.334444
v -0.014813 0.030611 -0.298827
v -0.017857 -0.018909 -0.294092
v 0.003533 -0.017629 -0.331248
v 0.005993 -0.027596 -0.334459
v -0.014707 -0.027492 -0.298816
v -0.017857 -0.018909 -0.294092
v 0.005993 -0.027596 -0.334459
v 0.000875 0.020686 -0.326704
v -0.014813 0.030611 -0.298827
v 0.005805 0.029161 -0.334727
v 0.007263 0.020711 -0.336780
v 0.000875 0.020686 -0.326704
v 0.005805 0.029161 -0.334727
v 0.003682 -0.045328 -0.036026
v 0.006784 -0.045005 -0.035775
v 0.000790 -0.030806 -0.272279
v 0.002925 -0.030791 -0.275489
v 0.002978 -0.031123 -0.275735
v 0.002014 -0.033656 -0.275741
v 0.003178 -0.033685 -0.275801
v 0.004810 -0.030711 -0.275857
v 0.003526 -0.043898 -0.037156
v -0.000484 -0.043909 -0.037159
v -0.000773 -0.044639 -0.036520
v 0.003264 -0.044334 -0.036570
v -0.000555 -0.044241 -0.036863
v 0.003352 -0.043992 -0.036740
v 0.001328 0.020020 -0.270389
v 0.002261 0.019720 -0.278155
v 0.005273 0.019192 -0.268130
v 0.004799 -0.046787 0.016875
v -0.001268 -0.046790 0.017499
v 0.002687 -0.061787 0.017479
v 0.002927 -0.024084 0.054957
v 0.002911 -0.027239 0.054115
v 0.002071 -0.037030 -0.050945
v -0.001704 -0.036247 -0.051847
v 0.003690 -0.030154 -0.111681
v -0.003311 -0.030177 -0.113303
v 0.001124 -0.019810 -0.265866
v 0.000049 -0.035922 -0.052973
v 0.004519 -0.036110 -0.051711
v 0.002681 -0.025215 0.055540
v 0.002911 -0.027239 0.054115
v 0.002725 -0.021784 0.055031
v 0.002908 -0.024384 0.055300
v 0.002453 -0.021591 0.055739
v 0.002762 -0.024669 0.055489
v 0.002518 -0.025544 0.055822
v 0.002571 -0.027524 0.054331
v 0.001723 -0.027152 0.055590
v 0.001712 -0.029063 0.054287
v 0.003375 -0.045260 -0.036087
v -0.000666 -0.045299 -0.036179
v -0.000894 -0.046174 -0.035737
v 0.003246 -0.044645 -0.036414
v 0.000952 -0.030090 0.052334
v 0.007280 -0.029988 0.052728
v 0.003238 -0.046344 -0.035146
v -0.000894 -0.046174 -0.035737
v -0.007298 -0.046851 -0.033701
v -0.000121 -0.046364 -0.035320
v 0.002282 -0.033759 -0.275829
v -0.000162 -0.033905 -0.276635
v 0.001907 -0.025603 0.056102
v 0.001472 -0.027384 0.055706
v 0.001810 -0.022899 0.056308
v 0.002518 -0.025544 0.055822
v 0.001396 -0.023162 0.056654
v 0.001726 -0.025201 0.056288
v 0.001861 -0.021701 0.056125
v 0.001396 -0.023162 0.056654
v 0.004874 -0.017624 -0.331992
v -0.017857 -0.018909 -0.294092
v -0.017164 -0.018867 -0.293685
v 0.006480 -0.017615 -0.332964
v -0.017319 -0.018182 -0.291801
v 0.006480 -0.017615 -0.332964
v 0.000905 -0.033955 -0.276732
v -0.003055 -0.034169 -0.282757
v -0.004259 -0.043665 -0.045952
v -0.002049 -0.043842 -0.038533
v 0.001745 -0.043826 -0.045951
v -0.004259 -0.043665 -0.045952
v -0.004259 -0.043665 -0.045952
v -0.004259 -0.043665 -0.045952
v 0.001435 -0.035176 -0.040464
v 0.000298 -0.034786 -0.046039
v 0.000790 -0.030806 -0.272279
v 0.001094 -0.030845 -0.275619
v -0.000676 -0.030889 -0.276722
v 0.001786 -0.031769 -0.275839
v 0.001286 -0.035375 -0.037039
v 0.001683 -0.034849 -0.036796
v 0.001286 -0.035375 -0.037039
v 0.001271 -0.035454 -0.036828
v 0.001595 -0.035149 -0.041035
v 0.001248 -0.035559 -0.036516
v 0.001595 -0.035149 -0.041035
v 0.001218 -0.041259 -0.041026
v 0.001068 -0.041243 -0.036528
v 0.001248 -0.035559 -0.036516
v 0.001218 -0.041259 -0.041026
v 0.001301 -0.035402 -0.036748
v 0.001600 -0.034816 -0.036511
v 0.001432 -0.035152 -0.036513
v -0.000356 -0.023385 -0.036625
v 0.001139 -0.036912 -0.036523
v -0.000356 -0.023385 -0.036625
v -0.016593 0.022089 -0.294781
v 0.001224 0.020734 -0.323979
v -0.017275 0.022125 -0.295237
v -0.016823 0.021515 -0.292735
v 0.001224 0.020734 -0.323979
v -0.008412 -0.025967 -0.271144
v -0.008412 -0.025967 -0.271144
v -0.008412 -0.025967 -0.271144
v -0.008412 -0.025967 -0.271144
v -0.004274 -0.030797 -0.275010
v -0.000676 -0.030889 -0.276722
v 0.000790 -0.030806 -0.272279
v -0.017275 0.022125 -0.295237
v -0.014813 0.030611 -0.298827
v 0.000875 0.020686 -0.326704
v -0.000676 -0.030889 -0.276722
v 0.000514 -0.033521 -0.276345
v -0.005445 0.029646 0.050311
v -0.005224 0.032664 0.047394
v -0.000070 0.029362 0.050893
v -0.005224 0.032664 0.047394
v -0.000077 0.032470 0.047612
v -0.000070 0.029362 0.050893
v -0.000975 -0.030547 -0.272647
v -0.004274 -0.030797 -0.275010
v -0.002925 -0.032440 0.036390
v 0.000704 -0.044438 0.036437
v -0.003214 -0.033189 0.036361
v -0.004809 -0.044464 0.036121
v 0.000704 -0.044438 0.036437
v -0.004809 -0.044464 0.036121
v 0.000386 -0.045306 0.035868
v -0.004597 -0.045471 0.035476
v 0.000466 -0.046281 0.035254
v -0.002958 -0.046597 0.034377
v 0.000466 -0.046281 0.035254
v -0.001845 -0.043805 -0.040896
v -0.001285 -0.042838 -0.040945
v -0.006997 -0.041228 -0.041028
v -0.007620 -0.041903 -0.040992
v -0.006997 -0.041228 -0.041028
v -0.006830 -0.041226 -0.035888
v -0.006830 -0.041226 -0.035888
v 0.001218 -0.041259 -0.041026
v 0.001218 -0.041259 -0.041026
v 0.001068 -0.041243 -0.036528
v -0.008412 -0.025967 -0.271144
v -0.003311 -0.030177 -0.113303
v 0.000799 -0.026563 -0.266036
v -0.000373 -0.043865 -0.038260
v 0.003936 -0.043772 -0.037710
v -0.007049 -0.034751 -0.037041
v 0.000298 -0.034786 -0.046039
v 0.001286 -0.035375 -0.037039
v -0.006043 -0.034296 -0.046041
v -0.006043 -0.034296 -0.046041
v -0.006043 -0.034296 -0.046041
v -0.006043 -0.034296 -0.046041
v -0.007049 -0.034751 -0.037041
v -0.006043 -0.034296 -0.046041
v 0.000298 -0.034786 -0.046039
v -0.005610 -0.029569 0.051703
v 0.000407 -0.029948 0.051584
v -0.006830 -0.041226 -0.035888
v -0.006208 -0.024556 -0.036029
v 0.001068 -0.041243 -0.036528
v -0.006208 -0.024556 -0.036029
v -0.000356 -0.023385 -0.036625
v 0.001068 -0.041243 -0.036528
v -0.006411 -0.046863 -0.016482
v -0.006411 -0.046863 -0.016482
v -0.006411 -0.046863 -0.016482
v 0.000399 -0.061860 -0.017649
v -0.006411 -0.046863 -0.016482
v 0.002681 -0.046858 -0.017478
v -0.008663 -0.073785 -0.027193
v 0.005016 -0.073710 -0.028364
v 0.015314 -0.073856 -0.023303
v -0.010423 -0.073759 -0.026440
v 0.015314 -0.073856 -0.023303
v -0.023830 -0.073744 -0.016102
v -0.013484 -0.073720 -0.025446
v 0.015314 -0.073856 -0.023303
v -0.028638 -0.073721 -0.002807
v -0.028638 -0.073721 -0.002807
v -0.023830 -0.073744 -0.016102
v -0.021436 -0.073703 0.018927
v -0.026406 -0.073723 0.010938
v -0.026406 -0.073723 0.010938
v -0.017900 -0.073626 0.022639
v -0.021436 -0.073703 0.018927
v -0.005186 -0.073639 0.028361
v -0.017900 -0.073626 0.022639
v -0.008663 -0.073785 -0.027193
v 0.001247 -0.073613 -0.028742
v -0.005134 -0.073488 -0.028501
v 0.000219 -0.073560 -0.029003
v -0.004698 -0.073392 -0.028830
v -0.000152 -0.072736 -0.029622
v -0.004731 -0.072521 -0.029440
v -0.000069 -0.071764 -0.030384
v -0.000149 -0.063381 0.030317
v -0.005003 -0.071602 0.030057
v 0.000098 -0.071641 0.030454
v -0.005151 -0.063925 0.030012
v -0.005003 -0.071602 0.030057
v -0.000149 -0.063381 0.030317
v -0.000069 -0.071764 -0.030384
v -0.004999 -0.064055 -0.030004
v 0.000164 -0.063503 -0.030281
v -0.004754 -0.063206 -0.029388
v 0.000164 -0.063503 -0.030281
v -0.004964 -0.062209 -0.028598
v 0.000721 -0.063002 -0.029692
v -0.001268 -0.046790 0.017499
v -0.004805 -0.061795 0.016903
v 0.002687 -0.061787 0.017479
v -0.004792 -0.072708 0.029171
v -0.000187 -0.073444 0.029080
v -0.000271 -0.072477 0.029797
v -0.005003 -0.071602 0.030057
v -0.003808 -0.062774 0.029277
v -0.000149 -0.063381 0.030317
v -0.004805 -0.061795 0.016903
v -0.004805 -0.061795 0.016903
v -0.009750 -0.062005 -0.027052
v -0.009750 -0.062005 -0.027052
v -0.009750 -0.062005 -0.027052
v 0.000399 -0.061860 -0.017649
v 0.000399 -0.061860 -0.017649
v 0.003560 -0.062034 -0.028594
v -0.005870 -0.062145 -0.028174
v 0.003560 -0.062034 -0.028594
v -0.005134 -0.071732 -0.029960
v -0.004999 -0.064055 -0.030004
v -0.000069 -0.071764 -0.030384
v -0.004851 -0.029708 0.053290
v 0.000602 -0.029663 0.053494
v -0.005548 -0.029383 0.053637
v 0.001712 -0.029063 0.054287
v 0.001483 -0.028218 0.054999
v -0.009477 -0.028554 0.054441
v 0.001272 -0.026329 0.056106
v -0.009425 -0.026849 0.055695
v 0.001247 -0.024239 0.056580
v -0.009349 -0.024702 0.056377
v 0.001420 -0.022373 0.056471
v -0.009357 -0.021595 0.056100
v -0.000152 -0.029248 0.047462
v -0.004921 -0.030189 0.047249
v -0.005610 -0.029569 0.051703
v -0.000224 -0.028849 0.051360
v -0.009350 -0.027685 0.055084
v 0.001472 -0.027384 0.055706
v -0.005506 -0.029481 0.047316
v -0.000030 -0.027666 0.047629
v -0.009720 -0.027879 0.051502
v -0.009670 -0.027221 0.052262
v -0.000167 -0.026985 0.052103
v -0.000033 -0.026201 0.053024
v -0.000033 -0.026201 0.053024
v -0.000033 -0.026550 0.052207
v -0.000035 -0.023004 0.050829
v -0.000033 -0.022257 0.049954
v -0.000148 -0.026934 0.046771
v -0.009929 -0.026676 0.045854
v -0.009833 -0.027217 0.046533
v -0.000030 -0.027666 0.047629
v -0.000035 -0.022250 0.045335
v -0.000033 -0.023674 0.045099
v -0.000031 -0.026372 0.046282
v -0.000030 -0.027666 0.047629
v -0.009778 -0.025813 0.053441
v -0.000033 -0.026201 0.053024
v -0.009271 -0.025750 0.056048
v 0.001305 -0.025270 0.056513
v -0.000209 -0.024933 0.045516
v -0.009934 -0.024659 0.044878
v -0.009809 -0.025692 0.045382
v -0.000031 -0.026237 0.045968
v -0.009928 -0.024976 0.053928
v -0.000271 -0.024684 0.053384
v -0.000038 -0.021841 0.053480
v -0.009807 -0.023730 0.044913
v -0.000033 -0.023674 0.045099
v -0.000035 -0.022697 0.048319
v -0.000034 -0.023136 0.048015
v -0.009777 -0.023952 0.053932
v -0.000035 -0.023136 0.053720
v -0.009454 -0.024021 0.056354
v 0.001396 -0.023162 0.056654
v -0.000035 -0.021604 0.045748
v -0.000036 -0.021984 0.048922
v -0.000037 -0.021589 0.053112
v -0.000150 -0.022604 0.045431
v -0.009786 -0.021612 0.045434
v -0.009776 -0.022230 0.045186
v -0.000033 -0.023674 0.045099
v -0.009433 -0.022450 0.056215
v 0.001396 -0.023162 0.056654
v -0.009940 -0.021598 0.053524
v -0.000104 -0.022348 0.053413
v -0.009827 -0.022320 0.053736
v -0.000035 -0.023136 0.053720
v -0.027474 -0.021547 0.058824
v -0.007281 -0.021590 0.056282
v -0.000077 0.026551 0.049983
v -0.000077 0.026710 0.049565
v -0.000075 0.027087 0.046753
v -0.000077 0.027506 0.047950
v -0.000077 0.027196 0.047878
v -0.000075 0.026183 0.045522
v -0.000077 0.027268 0.050792
v -0.000077 0.026153 0.052950
v -0.000075 0.028083 0.050931
v -0.000078 0.030701 0.045745
v -0.009697 0.027059 0.045031
v -0.000075 0.026183 0.045522
v -0.000277 0.027638 0.045308
v -0.009918 0.028025 0.044766
v -0.000078 0.031539 0.046805
v -0.009844 0.028835 0.044851
v -0.000077 0.029035 0.045122
v -0.000220 0.030094 0.045627
v -0.009902 0.029633 0.044931
v -0.009799 0.030413 0.045383
v -0.000079 0.031205 0.046171
v -0.009822 0.031632 0.046370
v -0.000079 0.031205 0.046171
v -0.000170 0.031843 0.046895
v -0.009915 0.032139 0.046957
v -0.004851 -0.029708 0.053290
v 0.000547 -0.030058 0.052570
v -0.003778 -0.031109 0.038272
v 0.003498 -0.031075 0.046297
v -0.003053 -0.031210 0.037360
v 0.003498 -0.031075 0.046297
v -0.003358 -0.030875 0.046507
v -0.004038 -0.031088 0.038474
v 0.003498 -0.031075 0.046297
v -0.000077 0.026153 0.052950
v -0.005445 0.029646 0.050311
v -0.000070 0.029362 0.050893
v -0.009484 -0.028036 0.047377
v -0.000030 -0.027666 0.047629
v -0.005719 0.032545 0.047326
v -0.000077 0.032470 0.047612
v -0.009664 -0.027833 0.047270
v -0.000030 -0.027666 0.047629
v -0.003732 -0.030638 0.046784
v 0.000436 -0.030611 0.047335
v -0.001595 -0.032895 -0.171046
v -0.001595 -0.032895 -0.171046
v -0.008739 -0.032076 -0.170989
v -0.008739 -0.032076 -0.170989
v 0.000528 -0.030493 -0.270194
v -0.001313 -0.036020 -0.052561
v -0.005231 -0.035385 -0.053644
v -0.007392 -0.037865 -0.050060
v -0.001024 -0.036712 -0.051349
v 0.001933 -0.038249 -0.050265
v -0.007392 -0.037865 -0.050060
v -0.009862 -0.016664 -0.276535
v 0.001478 -0.016762 -0.270249
v 0.002065 -0.016524 -0.278255
v 0.001328 0.020020 -0.270389
v -0.010213 0.019842 -0.276787
v 0.002261 0.019720 -0.278155
v -0.009245 -0.027489 -0.299289
v 0.008891 -0.027366 -0.332196
v -0.001715 -0.033970 -0.278354
v -0.003055 -0.034169 -0.282757
v -0.000709 -0.044294 -0.036812
v -0.004101 -0.043941 -0.036598
v -0.004503 -0.043817 -0.036694
v -0.000484 -0.043909 -0.037159
v -0.005164 -0.034912 -0.075039
v -0.005164 -0.034912 -0.075039
v -0.001595 -0.032895 -0.171046
v 0.001582 -0.035235 -0.075040
v 0.001582 -0.035235 -0.075040
v -0.005119 -0.044531 -0.036204
v -0.000986 -0.045342 -0.036148
v -0.004910 -0.045285 -0.035856
v -0.000894 -0.046174 -0.035737
v -0.004395 -0.044176 -0.036451
v -0.000773 -0.044639 -0.036520
v -0.005527 -0.018916 -0.269556
v -0.005527 -0.018916 -0.269556
v -0.003311 -0.030177 -0.113303
v -0.005527 -0.018916 -0.269556
v 0.001124 -0.019810 -0.265866
v -0.000676 -0.030889 -0.276722
v -0.000894 -0.033504 -0.277293
v -0.002846 -0.031532 0.036391
v -0.003214 -0.033189 0.036361
v -0.015852 -0.012804 0.069592
v -0.015852 -0.012804 0.069592
v -0.026040 -0.011709 0.063058
v -0.001471 -0.014406 0.062617
v -0.001471 -0.014406 0.062617
v -0.001776 -0.014362 0.071165
v -0.026040 -0.011709 0.063058
v -0.027981 -0.017533 0.062912
v -0.001471 -0.014406 0.062617
v -0.012378 -0.044284 -0.049520
v 0.002425 -0.039148 -0.049967
v 0.001196 -0.045558 -0.049568
v -0.000689 -0.046056 -0.049210
v -0.012378 -0.044284 -0.049520
v -0.006163 -0.046236 -0.048560
v -0.012378 -0.044284 -0.049520
v -0.006436 -0.043466 -0.036852
v -0.001845 -0.043805 -0.040896
v -0.000484 -0.043909 -0.037159
v -0.004274 -0.030797 -0.275010
v -0.002995 -0.030757 -0.279941
v -0.000676 -0.030889 -0.276722
v -0.002269 -0.032128 -0.278847
v -0.000676 -0.030889 -0.276722
v 0.000482 -0.035731 -0.053705
v -0.010061 0.026145 0.051989
v -0.005445 0.029646 0.050311
v -0.000077 0.026153 0.052950
v -0.000075 0.026183 0.045522
v -0.010061 0.026145 0.051989
v -0.010061 0.026145 0.051989
v -0.000077 0.026153 0.052950
v -0.014432 -0.043737 -0.037525
v -0.014641 -0.043742 -0.037524
v -0.014059 -0.042941 -0.037527
v -0.000895 -0.044233 -0.038158
v -0.002049 -0.043842 -0.038533
v -0.014059 -0.042941 -0.037527
v -0.010722 -0.042913 -0.038241
v -0.005084 -0.029653 0.052554
v 0.001307 -0.030150 0.051804
v -0.006436 -0.043466 -0.036852
v -0.009555 -0.042866 -0.040939
v -0.001845 -0.043805 -0.040896
v -0.000655 -0.030143 -0.271455
v -0.008366 -0.029745 -0.275809
v -0.018390 -0.017428 -0.289937
v -0.019066 -0.017412 -0.290245
v 0.002065 -0.016524 -0.278255
v -0.018752 0.020912 -0.290884
v 0.002261 0.019720 -0.278155
v -0.003054 -0.033976 -0.281334
v -0.002199 -0.033977 -0.278630
v -0.003417 -0.031291 0.037515
v -0.002831 -0.031469 0.036435
v -0.004259 -0.043665 -0.045952
v -0.009859 -0.042842 -0.038525
v -0.002049 -0.043842 -0.038533
v -0.003451 -0.031331 0.037499
v -0.002990 -0.031623 0.036369
v -0.002995 -0.030757 -0.279941
v -0.002731 -0.033549 -0.279916
v -0.002894 -0.033939 -0.283543
v -0.003188 -0.030604 -0.283431
v -0.003481 -0.031422 0.037408
v -0.002990 -0.031623 0.036369
v -0.013300 -0.061902 0.025526
v -0.001268 -0.046790 0.017499
v -0.007182 -0.046798 0.016012
v -0.004805 -0.061795 0.016903
v -0.008486 -0.061863 -0.015479
v -0.008486 -0.061863 -0.015479
v -0.008486 -0.061863 -0.015479
v -0.006411 -0.046863 -0.016482
v 0.000399 -0.061860 -0.017649
v -0.007182 -0.046798 0.016012
v -0.007182 -0.046798 0.016012
v -0.007182 -0.046798 0.016012
v -0.008739 -0.032076 -0.170989
v -0.008366 -0.029745 -0.275809
v 0.000528 -0.030493 -0.270194
v -0.005231 -0.035385 -0.053644
v -0.005164 -0.034912 -0.075039
v 0.000482 -0.035731 -0.053705
v -0.001704 -0.036247 -0.051847
v -0.005713 -0.035352 -0.053291
v -0.003301 -0.031838 0.036714
v -0.003214 -0.033189 0.036361
v -0.007851 -0.035693 -0.051792
v -0.001704 -0.036247 -0.051847
v -0.003073 -0.031851 -0.280893
v -0.003188 -0.030604 -0.283431
v -0.007550 -0.037082 -0.050491
v -0.001704 -0.036247 -0.051847
v -0.003091 -0.033884 -0.282065
v -0.003188 -0.030604 -0.283431
v -0.027427 -0.022594 -0.036946
v -0.000356 -0.023385 -0.036625
v -0.004274 -0.030797 -0.275010
v -0.010110 -0.029966 -0.277784
v -0.010841 -0.029839 -0.278664
v -0.002995 -0.030757 -0.279941
v -0.002995 -0.030757 -0.279941
v -0.002995 -0.030757 -0.279941
v -0.013994 -0.029378 -0.280351
v -0.003188 -0.030604 -0.283431
v -0.003492 -0.031745 0.037062
v -0.002990 -0.031623 0.036369
v -0.002602 -0.031305 0.036426
v -0.003429 -0.031279 0.037557
v -0.003445 -0.031270 0.037599
v -0.003429 -0.031717 0.037052
v -0.002990 -0.031623 0.036369
v -0.003521 -0.031180 0.037906
v -0.002602 -0.031305 0.036426
v -0.003436 -0.031638 0.037115
v -0.002990 -0.031623 0.036369
v -0.003471 -0.031264 0.037647
v -0.002602 -0.031305 0.036426
v -0.003439 -0.031540 0.037210
v -0.002990 -0.031623 0.036369
v -0.003424 -0.031586 0.037141
v -0.003440 -0.031691 0.037083
v -0.003510 -0.031241 0.037743
v -0.002602 -0.031305 0.036426
v -0.003443 -0.031711 0.037069
v -0.003693 -0.031765 0.037211
v -0.003432 -0.031294 0.037536
v -0.003485 -0.031368 0.037488
v -0.003482 -0.031463 0.037354
v -0.003435 -0.031616 0.037133
v -0.003515 -0.031229 0.037777
v -0.003533 -0.031129 0.038056
v -0.006880 -0.032951 0.035834
v -0.004809 -0.044464 0.036121
v -0.003214 -0.033189 0.036361
v -0.003502 -0.031261 0.037693
v -0.003482 -0.031463 0.037354
v -0.003546 -0.031689 0.037172
v -0.004327 -0.024090 -0.036267
v -0.027252 -0.022828 -0.036970
v -0.004038 -0.031088 0.038474
v -0.003515 -0.031236 0.037758
v -0.003550 -0.031167 0.037969
v -0.004038 -0.031088 0.038474
v -0.003458 -0.031328 0.037513
v -0.003543 -0.031306 0.037658
v -0.012378 -0.044284 -0.049520
v -0.007392 -0.037865 -0.050060
v 0.002425 -0.039148 -0.049967
v -0.003520 -0.031285 0.037670
v -0.003417 -0.031291 0.037515
v -0.003521 -0.031218 0.037804
v -0.003516 -0.031273 0.037688
v -0.003543 -0.031306 0.037658
v -0.003551 -0.031390 0.037540
v -0.003637 -0.031459 0.037548
v -0.003503 -0.031409 0.037453
v -0.003559 -0.031485 0.037419
v -0.003693 -0.031765 0.037211
v -0.004038 -0.031088 0.038474
v -0.003535 -0.031255 0.037747
v -0.003543 -0.031306 0.037658
v -0.003657 -0.031420 0.037618
v -0.005225 -0.046116 -0.035132
v -0.000894 -0.046174 -0.035737
v -0.004038 -0.031088 0.038474
v -0.003628 -0.031360 0.037669
v -0.003358 -0.030875 0.046507
v -0.009667 -0.029604 0.046577
v -0.004038 -0.031088 0.038474
v -0.009667 -0.029604 0.046577
v -0.008735 -0.030226 0.037682
v -0.004038 -0.031088 0.038474
v -0.004038 -0.031088 0.038474
v -0.003755 -0.031393 0.037730
v -0.003793 -0.031381 0.037769
v -0.003695 -0.031420 0.037652
v -0.005164 -0.034912 -0.075039
v -0.004713 -0.033632 -0.129391
v -0.006853 -0.032387 0.036109
v -0.003214 -0.033189 0.036361
v -0.003661 -0.031447 0.037587
v -0.003693 -0.031765 0.037211
v -0.003737 -0.031405 0.037701
v -0.003693 -0.031765 0.037211
v -0.006833 -0.046402 -0.048325
v -0.004038 -0.031088 0.038474
v -0.003791 -0.031439 0.037706
v -0.003667 -0.032313 0.036843
v -0.007119 -0.031591 0.036443
v -0.003985 -0.031452 0.037752
v -0.007119 -0.031591 0.036443
v -0.006603 -0.043649 -0.036543
v -0.004101 -0.043941 -0.036598
v -0.004853 -0.044314 -0.036323
v -0.008040 -0.044061 -0.035637
v -0.010599 -0.042627 -0.045951
v -0.010599 -0.042627 -0.045951
v -0.004247 -0.046439 0.034611
v -0.009938 -0.046293 0.033830
v -0.010599 -0.042627 -0.045951
v -0.009859 -0.042842 -0.038525
v -0.004259 -0.043665 -0.045952
v -0.003749 -0.030653 -0.274464
v -0.010110 -0.029966 -0.277784
v -0.006243 -0.029012 0.051620
v -0.000032 -0.027705 0.051246
v -0.009927 -0.062161 0.027259
v -0.003547 -0.061924 0.028624
v -0.004996 -0.045314 0.035525
v -0.010176 -0.044506 0.034977
v -0.009855 -0.045496 0.034382
v -0.004789 -0.046286 0.034931
v -0.009553 -0.028515 0.047327
v -0.004921 -0.030189 0.047249
v -0.009786 -0.021612 0.045434
v -0.009786 -0.021612 0.045434
v -0.009786 -0.021612 0.045434
v -0.000035 -0.021604 0.045748
v -0.000037 -0.021589 0.053112
v -0.000037 -0.021589 0.053112
v -0.010006 -0.021595 0.054439
v -0.009940 -0.021598 0.053524
v -0.009940 -0.021598 0.053524
v -0.009670 0.026192 0.045264
v -0.010061 0.026145 0.051989
v -0.000075 0.026183 0.045522
v -0.001949 -0.029689 -0.272853
v -0.010110 -0.029966 -0.277784
v -0.009769 -0.028186 0.051679
v -0.005610 -0.029569 0.051703
v -0.009615 -0.029250 0.046921
v -0.004921 -0.030189 0.047249
v -0.009477 -0.028554 0.054441
v -0.005370 -0.029603 0.052549
v -0.005399 -0.072536 0.029200
v -0.009876 -0.071609 0.028821
v -0.009509 -0.072609 0.028174
v -0.005186 -0.073639 0.028361
v -0.010069 -0.071976 -0.028636
v -0.005117 -0.072475 -0.029413
v -0.008881 -0.073126 -0.027810
v -0.004698 -0.073392 -0.028830
v -0.009404 -0.062271 0.027711
v -0.004788 -0.063022 0.029311
v -0.009501 -0.062939 -0.027921
v -0.004964 -0.062209 -0.028598
v -0.005220 -0.063215 -0.029304
v -0.009872 -0.064057 -0.028770
v -0.009667 -0.029604 0.046577
v -0.004496 -0.030414 0.046971
v -0.013945 -0.027555 -0.282022
v -0.001824 -0.029061 -0.273874
v -0.012501 -0.016149 -0.284677
v -0.009862 -0.016664 -0.276535
v 0.002065 -0.016524 -0.278255
v -0.013791 -0.016505 -0.285976
v 0.002065 -0.016524 -0.278255
v -0.010213 0.019842 -0.276787
v -0.012565 0.019303 -0.284726
v 0.002261 0.019720 -0.278155
v -0.013734 0.019788 -0.286218
v 0.002261 0.019720 -0.278155
v -0.009535 -0.063147 0.028311
v -0.005151 -0.063925 0.030012
v -0.008412 -0.025967 -0.271144
v -0.009660 -0.029160 -0.107810
v -0.003311 -0.030177 -0.113303
v -0.005492 -0.033679 -0.124657
v -0.005151 -0.063925 0.030012
v -0.005151 -0.063925 0.030012
v -0.009876 -0.071609 0.028821
v -0.009876 -0.071609 0.028821
v -0.005003 -0.071602 0.030057
v -0.010069 -0.071976 -0.028636
v -0.009872 -0.064057 -0.028770
v -0.005134 -0.071732 -0.029960
v -0.009872 -0.064057 -0.028770
v -0.004999 -0.064055 -0.030004
v -0.005134 -0.071732 -0.029960
v -0.010017 -0.063932 0.028754
v -0.009915 0.032139 0.046957
v -0.005224 0.032664 0.047394
v -0.005445 0.029646 0.050311
v -0.010061 0.026145 0.051989
v -0.009915 0.032139 0.046957
v -0.005445 0.029646 0.050311
v -0.009705 -0.034034 -0.075774
v -0.009969 -0.031849 -0.169387
v -0.005492 -0.033679 -0.124657
v -0.009335 -0.031966 -0.170232
v -0.009372 -0.031960 -0.170140
v -0.005492 -0.033679 -0.124657
v -0.005164 -0.034912 -0.075039
v -0.009705 -0.034034 -0.075774
v -0.005492 -0.033679 -0.124657
v -0.006880 -0.032951 0.035834
v -0.010176 -0.044506 0.034977
v -0.004809 -0.044464 0.036121
v -0.014510 -0.027600 -0.281246
v -0.002262 -0.029075 -0.272992
v -0.010962 -0.029312 -0.278209
v -0.002262 -0.029075 -0.272992
v -0.010291 -0.061805 0.014239
v -0.010291 -0.061805 0.014239
v -0.010291 -0.061805 0.014239
v -0.013300 -0.061902 0.025526
v -0.013300 -0.061902 0.025526
v -0.004805 -0.061795 0.016903
v -0.007182 -0.046798 0.016012
v -0.010291 -0.061805 0.014239
v -0.004805 -0.061795 0.016903
v -0.021320 -0.046784 0.026702
v -0.021320 -0.046784 0.026702
v -0.021320 -0.046784 0.026702
v -0.021320 -0.046784 0.026702
v -0.017513 -0.046848 -0.029542
v -0.017513 -0.046848 -0.029542
v -0.017513 -0.046848 -0.029542
v -0.015341 -0.031646 -0.046049
v -0.015341 -0.031646 -0.046049
v -0.015341 -0.031646 -0.046049
v -0.016610 -0.040780 -0.045945
v -0.016610 -0.040780 -0.045945
v -0.016610 -0.040780 -0.045945
v -0.007112 -0.034572 -0.040474
v -0.006043 -0.034296 -0.046041
v -0.007236 -0.034541 -0.041038
v -0.015341 -0.031646 -0.046049
v -0.006043 -0.034296 -0.046041
v -0.025407 -0.024352 -0.036075
v -0.006208 -0.024556 -0.036029
v -0.008271 -0.034370 -0.075047
v -0.005164 -0.034912 -0.075039
v -0.005231 -0.035385 -0.053644
v -0.006631 -0.035202 -0.053319
v -0.008271 -0.034370 -0.075047
v -0.006963 -0.035320 -0.035874
v -0.006208 -0.024556 -0.036029
v -0.010800 -0.046002 -0.034108
v -0.007056 -0.046530 -0.034192
v -0.010800 -0.046002 -0.034108
v -0.005112 -0.045219 -0.035860
v -0.010826 -0.045260 -0.034481
v -0.005119 -0.044531 -0.036204
v -0.008574 -0.034291 -0.075264
v -0.005164 -0.034912 -0.075039
v -0.009660 -0.029160 -0.107810
v -0.005527 -0.018916 -0.269556
v -0.003311 -0.030177 -0.113303
v -0.006997 -0.041228 -0.041028
v -0.007236 -0.034541 -0.041038
v -0.007236 -0.034541 -0.041038
v -0.006830 -0.041226 -0.035888
v -0.006830 -0.041226 -0.035888
v -0.007074 -0.034251 -0.035856
v -0.015058 -0.044542 -0.037522
v -0.006833 -0.046402 -0.048325
v -0.006982 -0.046406 -0.037517
v -0.007236 -0.034541 -0.041038
v -0.007062 -0.034564 -0.036683
v -0.007190 -0.034406 -0.036957
v -0.007074 -0.034251 -0.035856
v -0.008818 -0.042199 -0.040973
v -0.017124 -0.040528 -0.040967
v -0.017124 -0.040528 -0.040967
v -0.007236 -0.034541 -0.041038
v -0.006997 -0.041228 -0.041028
v -0.004038 -0.031088 0.038474
v -0.007543 -0.031291 0.036501
v -0.008957 -0.030364 0.037117
v -0.004038 -0.031088 0.038474
v -0.007094 -0.032232 0.036120
v -0.012423 -0.031454 0.034342
v -0.009389 -0.028586 0.052924
v -0.005610 -0.029569 0.051703
v -0.007074 -0.034251 -0.035856
v -0.011485 -0.026176 -0.034723
v -0.006208 -0.024556 -0.036029
v -0.010171 -0.025628 -0.035169
v -0.024411 -0.025483 -0.035409
v -0.017124 -0.040528 -0.040967
v -0.015597 -0.031797 -0.041048
v -0.007236 -0.034541 -0.041038
v -0.015597 -0.031797 -0.041048
v -0.015341 -0.031646 -0.046049
v -0.007236 -0.034541 -0.041038
v -0.012423 -0.031454 0.034342
v -0.010176 -0.044506 0.034977
v -0.006880 -0.032951 0.035834
v -0.009828 -0.029560 0.045338
v -0.008735 -0.030226 0.037682
v -0.007241 -0.034172 -0.036425
v -0.014798 -0.031674 -0.033519
v -0.014798 -0.031674 -0.033519
v -0.011485 -0.026176 -0.034723
v -0.007074 -0.034251 -0.035856
v -0.012866 -0.044570 -0.048921
v -0.006833 -0.046402 -0.048325
v -0.015546 -0.031446 -0.037047
v -0.014798 -0.031674 -0.033519
v -0.007335 -0.034117 -0.037042
v -0.015058 -0.044542 -0.037522
v -0.013993 -0.044864 -0.048085
v -0.006833 -0.046402 -0.048325
v -0.012107 -0.043540 -0.034479
v -0.007693 -0.043856 -0.035972
v -0.009214 -0.030947 -0.217807
v -0.008366 -0.029745 -0.275809
v -0.011751 -0.042940 -0.035173
v -0.006436 -0.043466 -0.036852
v -0.007582 -0.044143 -0.035704
v -0.012107 -0.043540 -0.034479
v -0.010965 -0.027504 -0.298060
v -0.008391 -0.027499 -0.302456
v -0.011666 -0.042447 -0.035658
v -0.009555 -0.042866 -0.040939
v -0.006436 -0.043466 -0.036852
v -0.010781 -0.027531 -0.298451
v -0.010777 -0.027563 -0.298493
v -0.010784 -0.027606 -0.298529
v -0.010795 -0.027638 -0.298544
v -0.008391 -0.027499 -0.302456
v -0.008391 -0.027499 -0.302456
v -0.010970 -0.027824 -0.298621
v -0.008391 -0.027499 -0.302456
v -0.008100 -0.035015 -0.052761
v -0.011312 -0.034018 -0.053588
v -0.008271 -0.034370 -0.075047
v -0.011312 -0.034018 -0.053588
v -0.008973 -0.034206 -0.075371
v -0.007580 -0.029587 -0.275499
v -0.015152 -0.027511 -0.280390
v -0.010302 -0.016882 -0.272205
v -0.010302 -0.016882 -0.272205
v -0.010302 -0.016882 -0.272205
v -0.009660 -0.029160 -0.107810
v -0.015797 -0.027126 -0.100439
v -0.005527 -0.018916 -0.269556
v -0.015797 -0.027126 -0.100439
v -0.010302 -0.016882 -0.272205
v -0.005527 -0.018916 -0.269556
v -0.015309 -0.027929 -0.280282
v -0.008366 -0.029745 -0.275809
v -0.007182 -0.046798 0.016012
v -0.012231 -0.046809 0.012591
v -0.010291 -0.061805 0.014239
v -0.012231 -0.046809 0.012591
v -0.012231 -0.046809 0.012591
v -0.012612 -0.046860 -0.012240
v -0.012612 -0.046860 -0.012240
v -0.012612 -0.046860 -0.012240
v -0.008486 -0.061863 -0.015479
v -0.012612 -0.046860 -0.012240
v -0.006411 -0.046863 -0.016482
v -0.015949 -0.028376 -0.280327
v -0.008366 -0.029745 -0.275809
v -0.014782 -0.073517 0.024763
v -0.005186 -0.073639 0.028361
v -0.012269 -0.027436 -0.293660
v -0.008391 -0.027499 -0.302456
v -0.009056 -0.073369 0.027628
v -0.013985 -0.073462 0.025483
v -0.009439 -0.030804 -0.222740
v -0.016084 -0.029855 -0.187140
v -0.008366 -0.029745 -0.275809
v -0.009285 -0.030861 0.036045
v -0.012423 -0.031454 0.034342
v -0.011564 -0.034117 -0.053021
v -0.008100 -0.035015 -0.052761
v -0.008243 -0.035558 -0.051869
v -0.013660 -0.034032 -0.051550
v -0.016532 0.031648 -0.280429
v -0.010340 0.032896 -0.272836
v -0.009141 0.032948 -0.276076
v -0.010679 -0.046323 0.033394
v -0.002591 -0.046753 0.034066
v -0.015831 -0.046453 0.030722
v -0.002591 -0.046753 0.034066
v -0.009439 -0.030804 -0.222740
v -0.009781 -0.025858 0.055741
v -0.009349 -0.024702 0.056377
v -0.011195 0.037172 -0.277386
v -0.011195 0.037172 -0.277386
v -0.016532 0.031648 -0.280429
v -0.017432 0.031647 -0.280959
v -0.009141 0.032948 -0.276076
v -0.009969 -0.031849 -0.169387
v -0.009969 -0.031849 -0.169387
v -0.016084 -0.029855 -0.187140
v -0.016084 -0.029855 -0.187140
v -0.009439 -0.030804 -0.222740
v -0.009545 -0.028125 0.047374
v -0.009665 -0.028860 0.047272
v -0.013798 -0.034587 -0.051030
v -0.007985 -0.036292 -0.050884
v -0.027474 -0.021547 0.058824
v -0.009691 -0.021593 0.055804
v -0.009525 -0.027939 0.047361
v -0.009595 -0.027916 0.047348
v -0.009490 -0.028139 0.047385
v -0.009564 -0.028101 0.047369
v -0.011398 -0.044154 -0.034675
v -0.005119 -0.044531 -0.036204
v -0.009606 -0.027918 0.047343
v -0.009480 -0.027933 0.047368
v -0.009877 -0.027725 0.047164
v -0.009557 -0.027919 0.047352
v -0.009659 -0.027913 0.047324
v -0.009877 -0.027725 0.047164
v -0.009635 -0.027928 0.047335
v -0.009601 -0.028101 0.047363
v -0.007392 -0.037865 -0.050060
v -0.007852 -0.036926 -0.050533
v -0.014916 -0.035127 -0.050346
v -0.014134 -0.035110 -0.050492
v -0.013484 -0.073720 -0.025446
v -0.009659 -0.072913 -0.027768
v -0.009592 -0.026600 0.055614
v -0.009477 -0.028554 0.054441
v -0.009655 -0.023323 0.056327
v -0.009521 -0.024774 0.056212
v -0.009643 -0.021681 0.055862
v -0.009655 -0.023323 0.056327
v -0.009692 -0.027918 0.047315
v -0.009661 -0.028078 0.047339
v -0.009877 -0.027725 0.047164
v -0.009702 -0.027962 0.047312
v -0.009647 -0.028095 0.047345
v -0.009665 -0.028860 0.047272
v -0.009686 -0.028085 0.047329
v -0.009782 -0.028065 0.047276
v -0.016934 -0.024312 -0.275873
v -0.014769 -0.025745 -0.210168
v -0.008412 -0.025967 -0.271144
v -0.016934 -0.024312 -0.275873
v -0.017325 -0.021455 -0.276094
v -0.016934 -0.024312 -0.275873
v -0.009877 -0.027725 0.047164
v -0.009747 -0.028067 0.047295
v -0.009737 -0.028078 0.047302
v -0.009665 -0.028860 0.047272
v -0.009915 -0.072379 0.028214
v -0.014479 -0.071617 0.026801
v -0.013987 -0.072632 0.026177
v -0.009578 -0.073282 0.027670
v -0.013300 -0.061902 0.025526
v -0.009836 -0.062957 0.028055
v -0.014010 -0.063056 -0.026172
v -0.009750 -0.062005 -0.027052
v -0.010114 -0.063123 -0.027857
v -0.014476 -0.064057 -0.026751
v -0.009879 -0.029223 0.046796
v -0.009665 -0.028860 0.047272
v -0.009788 -0.028364 0.054088
v -0.009868 -0.028469 0.051852
v -0.009985 -0.025681 0.055653
v -0.009744 -0.028349 0.054213
v -0.009806 0.026161 0.045237
v -0.010061 0.026145 0.051989
v -0.009858 -0.027906 0.051636
v -0.009807 -0.026605 0.052983
v -0.009772 -0.028866 0.047138
v -0.009782 -0.028065 0.047276
v -0.009868 -0.028469 0.051852
v -0.009883 -0.027965 0.051662
v -0.009823 -0.027952 0.047223
v -0.010004 -0.029136 0.046797
v -0.018383 0.026128 0.049073
v -0.018383 0.026128 0.049073
v -0.018383 0.026128 0.049073
v -0.010002 0.026130 0.045081
v -0.009944 0.026130 0.045203
v -0.013793 -0.072671 -0.026223
v -0.010069 -0.071976 -0.028636
v -0.013691 -0.062990 0.026296
v -0.010017 -0.063932 0.028754
v -0.016084 -0.029855 -0.187140
v -0.016575 -0.028412 -0.280527
v -0.008366 -0.029745 -0.275809
v -0.014066 0.038440 -0.274032
v -0.009141 0.032948 -0.276076
v -0.010340 0.032896 -0.272836
v -0.016532 0.031648 -0.280429
v -0.020519 0.030846 -0.276010
v -0.010340 0.032896 -0.272836
v -0.009819 -0.029400 0.046629
v -0.009956 -0.029517 0.044715
v -0.009966 0.026596 0.044950
v -0.009831 0.026185 0.045213
v -0.009972 0.026629 0.044930
v -0.009670 0.026192 0.045264
v -0.009978 0.026722 0.044893
v -0.009670 0.026192 0.045264
v -0.009918 0.028025 0.044766
v -0.009886 0.026679 0.044984
v -0.014769 -0.025745 -0.210168
v -0.009660 -0.029160 -0.107810
v -0.008412 -0.025967 -0.271144
v -0.010281 0.019881 -0.275847
v -0.012565 0.019303 -0.284726
v -0.009975 0.026780 0.044882
v -0.009980 0.026673 0.044906
v -0.025774 -0.021627 0.044427
v -0.025774 -0.021627 0.044427
v -0.015159 -0.028239 -0.280520
v -0.010110 -0.029966 -0.277784
v -0.009930 -0.021718 0.045064
v -0.009850 -0.022821 0.044945
v -0.009973 0.026627 0.044930
v -0.009944 0.026130 0.045203
v -0.014390 -0.029153 -0.280389
v -0.010110 -0.029966 -0.277784
v -0.009918 0.028025 0.044766
v -0.009979 0.026736 0.044889
v -0.009762 -0.023074 0.056076
v -0.009985 -0.025681 0.055653
v -0.010014 0.026654 0.044847
v -0.009944 0.026130 0.045203
v -0.009918 0.028025 0.044766
v -0.010015 0.026663 0.044841
v -0.025774 -0.021627 0.044427
v -0.009938 -0.021625 0.045091
v -0.009848 0.031143 0.045801
v -0.010004 0.030029 0.044821
v -0.009915 0.032139 0.046957
v -0.009899 0.031058 0.045689
v -0.009965 0.029787 0.044838
v -0.009918 0.028025 0.044766
v -0.009910 -0.022622 0.044895
v -0.009934 -0.024659 0.044878
v -0.010088 0.030229 0.044669
v -0.009967 0.027800 0.044737
v -0.010053 0.026575 0.044784
v -0.009944 0.026130 0.045203
v -0.010056 0.026129 0.044957
v -0.010058 0.026532 0.044782
v -0.010019 0.026155 0.045028
v -0.009928 -0.024976 0.053928
v -0.009851 -0.026712 0.052833
v -0.009928 -0.024976 0.053928
v -0.009857 -0.022796 0.053840
v -0.010054 0.026569 0.044784
v -0.010056 0.026129 0.044957
v -0.010273 -0.045294 0.034397
v -0.014620 -0.044407 0.033399
v -0.014496 -0.045367 0.032771
v -0.009938 -0.046293 0.033830
v -0.010061 0.026498 0.044741
v -0.009918 0.028025 0.044766
v -0.010023 -0.025588 0.044848
v -0.009993 -0.026312 0.045344
v -0.009934 -0.024659 0.044878
v -0.009934 -0.024659 0.044878
v -0.010032 -0.025451 0.044766
v -0.009934 -0.024659 0.044878
v -0.024104 0.026117 0.045339
v -0.025311 0.026115 0.044788
v -0.023184 0.026119 0.046122
v -0.023184 0.026119 0.046122
v -0.010092 0.026133 0.044664
v -0.010055 0.026568 0.044780
v -0.010058 0.026532 0.044782
v -0.010073 0.026174 0.044801
v -0.010076 0.026131 0.044811
v -0.023184 0.026119 0.046122
v -0.009988 -0.028235 0.053955
v -0.009923 -0.028225 0.051829
v -0.010032 -0.025470 0.044767
v -0.010031 -0.026247 0.045115
v -0.010213 0.019842 -0.276787
v -0.013875 0.017367 -0.273909
v -0.010159 0.020033 -0.272753
v -0.010336 -0.034004 -0.068134
v -0.009969 -0.031849 -0.169387
v -0.009976 -0.026532 0.045497
v -0.009956 -0.029517 0.044715
v -0.010030 -0.025994 0.044971
v -0.009956 -0.029517 0.044715
v -0.009977 -0.028982 0.045904
v -0.009929 -0.026676 0.045854
v -0.009915 -0.027988 0.046939
v -0.009929 -0.026676 0.045854
v -0.009961 -0.025580 0.054772
v -0.009988 -0.028235 0.053955
v -0.009928 -0.024976 0.053928
v -0.009980 -0.027818 0.053072
v -0.022949 -0.024936 0.044500
v -0.009956 -0.029517 0.044715
v -0.010032 -0.025514 0.044766
v -0.010032 -0.025461 0.044765
v -0.022949 -0.024936 0.044500
v -0.009995 -0.025036 0.044821
v -0.022949 -0.024936 0.044500
v -0.010169 -0.023203 0.044817
v -0.022949 -0.024936 0.044500
v -0.009986 -0.021592 0.055521
v -0.009956 -0.025099 0.054757
v -0.025774 -0.021627 0.044427
v -0.022949 -0.024936 0.044500
v -0.010068 -0.021638 0.044762
v -0.009958 -0.021840 0.054392
v -0.009928 -0.024976 0.053928
v -0.027474 -0.021547 0.058824
v -0.025774 -0.021627 0.044427
v -0.009986 -0.021592 0.055521
v -0.024100 0.027100 0.044354
v -0.010092 0.026133 0.044664
v -0.018038 0.031015 0.044510
v -0.018038 0.031015 0.044510
v -0.023161 0.027809 0.044428
v -0.010092 0.026133 0.044664
v -0.010092 0.026133 0.044664
v -0.010092 0.026133 0.044664
v -0.010088 0.030229 0.044669
v -0.010659 0.033580 0.044630
v -0.010088 0.030229 0.044669
v -0.011229 0.033488 0.044628
v -0.018038 0.031015 0.044510
v -0.010088 0.030229 0.044669
v -0.009988 0.032422 0.045813
v -0.010088 0.030229 0.044669
v -0.012501 -0.016149 -0.284677
v -0.010097 -0.016710 -0.275547
v -0.010302 -0.016882 -0.272205
v -0.010663 -0.016164 -0.276510
v -0.014769 -0.025745 -0.210168
v -0.018879 -0.025181 -0.139128
v -0.009660 -0.029160 -0.107810
v -0.015797 -0.027126 -0.100439
v -0.012753 -0.014666 -0.278144
v -0.010302 -0.016882 -0.272205
v -0.016584 -0.040948 -0.037730
v -0.017124 -0.040528 -0.040967
v -0.009555 -0.042866 -0.040939
v -0.010017 -0.063932 0.028754
v -0.014479 -0.071617 0.026801
v -0.009876 -0.071609 0.028821
v -0.014594 -0.071734 -0.026663
v -0.014476 -0.064057 -0.026751
v -0.010069 -0.071976 -0.028636
v -0.014476 -0.064057 -0.026751
v -0.009872 -0.064057 -0.028770
v -0.010069 -0.071976 -0.028636
v -0.014610 -0.063940 0.026712
v -0.014479 -0.071617 0.026801
v -0.010017 -0.063932 0.028754
v -0.011666 -0.042447 -0.035658
v -0.016584 -0.040948 -0.037730
v -0.009555 -0.042866 -0.040939
v -0.011342 0.019866 -0.273223
v -0.012565 0.019303 -0.284726
v -0.013875 0.017367 -0.273909
v -0.011915 0.019619 -0.273295
v -0.010599 -0.042627 -0.045951
v -0.016610 -0.040780 -0.045945
v -0.009859 -0.042842 -0.038525
v -0.016610 -0.040780 -0.045945
v -0.017455 -0.040474 -0.038535
v -0.009859 -0.042842 -0.038525
v -0.014324 -0.042427 -0.037835
v -0.009859 -0.042842 -0.038525
v -0.011312 -0.034018 -0.053588
v -0.014066 0.038440 -0.274032
v -0.011195 0.037172 -0.277386
v -0.009141 0.032948 -0.276076
v -0.009915 0.032139 0.046957
v -0.010596 0.033634 0.044728
v -0.015991 0.030253 0.046424
v -0.009915 0.032139 0.046957
v -0.018038 0.031015 0.044510
v -0.010934 0.032859 0.045563
v -0.012926 -0.027402 -0.294407
v -0.010778 -0.027562 -0.298490
v -0.015797 -0.027126 -0.100439
v -0.022098 -0.021985 -0.108060
v -0.012753 -0.014666 -0.278144
v -0.010061 0.026145 0.051989
v -0.015582 0.029645 0.047372
v -0.009915 0.032139 0.046957
v -0.011142 -0.027975 -0.298671
v -0.010803 -0.027650 -0.298547
v -0.012926 -0.027402 -0.294407
v -0.010965 -0.027783 -0.298587
v -0.018383 0.026128 0.049073
v -0.015582 0.029645 0.047372
v -0.010061 0.026145 0.051989
v -0.013691 -0.029262 0.034752
v -0.009676 -0.030532 0.036107
v -0.012769 -0.031215 0.034230
v -0.009676 -0.030532 0.036107
v -0.013658 -0.030185 0.034147
v -0.009676 -0.030532 0.036107
v -0.013840 -0.028793 0.035563
v -0.009676 -0.030532 0.036107
v -0.009434 -0.030354 0.036728
v -0.014080 -0.028584 0.036084
v -0.020090 0.035989 -0.282524
v -0.020090 0.035989 -0.282524
v -0.020451 0.030780 -0.282721
v -0.011195 0.037172 -0.277386
v -0.011195 0.037172 -0.277386
v -0.022947 -0.025115 0.040937
v -0.014116 -0.028375 0.039693
v -0.009956 -0.029517 0.044715
v -0.014116 -0.028375 0.039693
v -0.008735 -0.030226 0.037682
v -0.009956 -0.029517 0.044715
v -0.022949 -0.024936 0.044500
v -0.022947 -0.025115 0.040937
v -0.009956 -0.029517 0.044715
v -0.014535 -0.061817 0.009860
v -0.014535 -0.061817 0.009860
v -0.023449 -0.061965 0.016778
v -0.023449 -0.061965 0.016778
v -0.023449 -0.061965 0.016778
v -0.012231 -0.046809 0.012591
v -0.014535 -0.061817 0.009860
v -0.010291 -0.061805 0.014239
v -0.024166 -0.061930 -0.015461
v -0.024166 -0.061930 -0.015461
v -0.024166 -0.061930 -0.015461
v -0.014218 -0.061857 -0.010282
v -0.014218 -0.061857 -0.010282
v -0.008486 -0.061863 -0.015479
v -0.014218 -0.061857 -0.010282
v -0.012612 -0.046860 -0.012240
v -0.008486 -0.061863 -0.015479
v -0.027079 -0.046842 -0.021223
v -0.027079 -0.046842 -0.021223
v -0.027079 -0.046842 -0.021223
v -0.014066 0.038440 -0.274032
v -0.013527 0.042955 -0.278740
v -0.011195 0.037172 -0.277386
v -0.013527 0.042955 -0.278740
v -0.020519 0.030846 -0.276010
v -0.014066 0.038440 -0.274032
v -0.010340 0.032896 -0.272836
v -0.017902 -0.046166 -0.030797
v -0.009911 -0.046283 -0.033861
v -0.017661 -0.046508 -0.030186
v -0.007298 -0.046851 -0.033701
v -0.015056 -0.042637 -0.033376
v -0.012085 -0.043090 -0.034864
v -0.014969 -0.041988 -0.034142
v -0.011666 -0.042447 -0.035658
v -0.015861 -0.029454 -0.282550
v -0.013330 -0.030038 -0.287483
v -0.003188 -0.030604 -0.283431
v -0.014651 -0.029428 -0.281348
v -0.003188 -0.030604 -0.283431
v -0.012423 -0.031454 0.034342
v -0.013824 -0.039478 0.033764
v -0.010176 -0.044506 0.034977
v -0.010176 -0.044506 0.034977
v -0.013872 -0.039831 0.033746
v -0.010176 -0.044506 0.034977
v -0.013985 -0.040888 0.033697
v -0.014026 -0.043173 0.033638
v -0.010176 -0.044506 0.034977
v -0.015217 -0.041368 -0.035662
v -0.011666 -0.042447 -0.035658
v -0.016518 -0.032050 -0.053196
v -0.016084 -0.029855 -0.187140
v -0.011312 -0.034018 -0.053588
v -0.016833 -0.045272 -0.031933
v -0.010800 -0.046002 -0.034108
v -0.018879 -0.025181 -0.139128
v -0.015797 -0.027126 -0.100439
v -0.009660 -0.029160 -0.107810
v -0.013247 -0.033839 -0.052301
v -0.016518 -0.032050 -0.053196
v -0.016528 -0.044690 -0.032497
v -0.011018 -0.045262 -0.034418
v -0.012026 -0.027576 -0.293187
v -0.014541 -0.027528 -0.283234
v -0.015153 -0.027614 -0.289156
v -0.012279 -0.027455 -0.293012
v -0.015500 -0.027516 -0.283710
v -0.011548 -0.027478 -0.292371
v -0.016596 -0.027505 -0.283980
v -0.014513 -0.027576 -0.289394
v -0.016716 -0.027470 -0.032540
v -0.011485 -0.026176 -0.034723
v -0.014798 -0.031674 -0.033519
v -0.016528 -0.044690 -0.032497
v -0.015190 -0.043283 -0.033236
v -0.011758 -0.043981 -0.034563
v -0.012107 -0.043540 -0.034479
v -0.022011 -0.038258 -0.045962
v -0.022011 -0.038258 -0.045962
v -0.012501 -0.016149 -0.284677
v -0.014064 -0.015494 -0.274296
v -0.010302 -0.016882 -0.272205
v -0.014064 -0.015494 -0.274296
v -0.014064 -0.015494 -0.274296
v -0.014064 -0.015494 -0.274296
v -0.014116 -0.028375 0.039693
v -0.014080 -0.028584 0.036084
v -0.008735 -0.030226 0.037682
v -0.013624 -0.029556 -0.291803
v -0.011442 -0.029445 -0.296757
v -0.015823 0.041206 -0.280062
v -0.020090 0.035989 -0.282524
v -0.017076 0.027527 -0.274927
v -0.017076 0.027527 -0.274927
v -0.012564 0.028519 -0.273529
v -0.012332 0.019733 -0.273422
v -0.012332 0.019733 -0.273422
v -0.013599 0.018224 -0.273821
v -0.018798 0.018231 -0.275448
v -0.018798 0.018231 -0.275448
v -0.014462 -0.029204 -0.290293
v -0.012353 -0.028345 -0.295171
v -0.012700 -0.027542 -0.294953
v -0.015153 -0.027614 -0.289156
v -0.012564 0.028519 -0.273529
v -0.017066 0.027494 -0.276026
v -0.017066 0.027494 -0.276026
v -0.012332 0.019733 -0.273422
v -0.019891 -0.017396 -0.290627
v -0.021519 -0.015122 -0.287876
v -0.012501 -0.016149 -0.284677
v -0.021550 0.018264 -0.287929
v -0.019528 0.021002 -0.291372
v -0.012565 0.019303 -0.284726
v -0.015676 0.014911 -0.279810
v -0.013875 0.017367 -0.273909
v -0.010213 0.019842 -0.276787
v -0.021530 -0.027616 -0.032322
v -0.024411 -0.025483 -0.035409
v -0.011485 -0.026176 -0.034723
v -0.015153 -0.027614 -0.289156
v -0.013221 -0.028033 -0.295404
v -0.016954 -0.062144 -0.022946
v -0.024166 -0.061930 -0.015461
v -0.017066 0.027494 -0.276026
v -0.015070 0.017637 -0.274905
v -0.012332 0.019733 -0.273422
v -0.015070 0.017637 -0.274905
v -0.012565 0.019303 -0.284726
v -0.012332 0.019733 -0.273422
v -0.017377 -0.027404 -0.032657
v -0.011485 -0.026176 -0.034723
v -0.013474 -0.062292 -0.025704
v -0.017983 -0.062208 -0.022784
v -0.012231 -0.046809 0.012591
v -0.016473 -0.046826 0.006390
v -0.014535 -0.061817 0.009860
v -0.016473 -0.046826 0.006390
v -0.016473 -0.046826 0.006390
v -0.016473 -0.046826 0.006390
v -0.016473 -0.046826 0.006390
v -0.016033 -0.046852 -0.007191
v -0.016033 -0.046852 -0.007191
v -0.016033 -0.046852 -0.007191
v -0.014218 -0.061857 -0.010282
v -0.016033 -0.046852 -0.007191
v -0.012612 -0.046860 -0.012240
v -0.020099 -0.027489 -0.285352
v -0.014245 -0.027852 -0.296168
v -0.013788 -0.039117 0.033780
v -0.012423 -0.031454 0.034342
v -0.017797 -0.020551 -0.276357
v -0.017797 -0.020551 -0.276357
v -0.013918 -0.038913 0.033812
v -0.012423 -0.031454 0.034342
v -0.013065 -0.031234 0.034091
v -0.014086 -0.039005 0.033833
v -0.015848 -0.011979 -0.275287
v -0.015656 -0.011664 -0.279758
v -0.012753 -0.014666 -0.278144
v -0.022098 -0.021985 -0.108060
v -0.015848 -0.011979 -0.275287
v -0.012753 -0.014666 -0.278144
v -0.012378 -0.044284 -0.049520
v -0.012378 -0.044284 -0.049520
v -0.020206 -0.034208 -0.049963
v -0.020206 -0.034208 -0.049963
v -0.007392 -0.037865 -0.050060
v -0.013823 -0.039419 0.033765
v -0.013933 -0.040115 0.033724
v -0.016108 0.041634 -0.274674
v -0.013527 0.042955 -0.278740
v -0.014066 0.038440 -0.274032
v -0.020525 -0.041923 -0.048757
v -0.012378 -0.044284 -0.049520
v -0.022947 -0.025115 0.040937
v -0.016279 -0.027680 0.039276
v -0.013940 -0.038981 0.033811
v -0.013824 -0.039478 0.033764
v -0.013893 -0.039422 0.033777
v -0.013933 -0.040115 0.033724
v -0.013998 -0.030640 0.033973
v -0.013735 -0.029571 0.034369
v -0.014020 -0.040817 0.033684
v -0.013933 -0.040115 0.033724
v -0.015056 -0.029594 -0.287454
v -0.014248 -0.029353 -0.290539
v -0.013510 -0.044585 -0.048649
v -0.019902 -0.042637 -0.048390
v -0.013988 -0.029150 0.035017
v -0.013735 -0.029571 0.034369
v -0.014086 -0.040125 0.033718
v -0.014007 -0.040759 0.033689
v -0.013968 -0.030722 0.033931
v -0.014086 -0.039005 0.033833
v -0.014097 -0.028727 -0.291061
v -0.016507 -0.027680 -0.283021
v -0.015450 -0.027601 -0.283212
v -0.012638 -0.027722 -0.294773
v -0.014086 -0.039005 0.033833
v -0.014163 -0.040006 0.033724
v -0.014080 -0.028584 0.036084
v -0.013984 -0.029046 0.035157
v -0.014363 -0.039993 0.033715
v -0.014059 -0.040858 0.033680
v -0.015413 -0.027527 -0.280902
v -0.013945 -0.027555 -0.282022
v -0.015965 -0.027540 -0.281280
v -0.014349 -0.027543 -0.282455
v -0.013936 -0.029581 0.034546
v -0.014188 -0.030589 0.034053
v -0.014156 -0.041833 0.033626
v -0.014620 -0.044407 0.033399
v -0.015346 -0.013192 -0.282696
v -0.014064 -0.015494 -0.274296
v -0.012501 -0.016149 -0.284677
v -0.021519 -0.015122 -0.287876
v -0.015346 -0.013192 -0.282696
v -0.012501 -0.016149 -0.284677
v -0.015070 0.017637 -0.274905
v -0.015385 0.016358 -0.282746
v -0.012565 0.019303 -0.284726
v -0.015385 0.016358 -0.282746
v -0.021550 0.018264 -0.287929
v -0.012565 0.019303 -0.284726
v -0.014346 -0.028622 0.038915
v -0.014080 -0.028584 0.036084
v -0.014169 -0.041686 0.033639
v -0.014169 -0.042046 0.033619
v -0.014866 -0.046301 0.031975
v -0.019717 -0.046437 0.028815
v -0.014188 -0.030589 0.034053
v -0.014224 -0.036469 0.034121
v -0.015861 -0.029454 -0.282550
v -0.014335 -0.029781 -0.287331
v -0.014458 -0.072458 0.026067
v -0.018687 -0.071626 0.024050
v -0.018002 -0.072752 0.023422
v -0.013985 -0.073462 0.025483
v -0.017661 -0.073563 -0.023004
v -0.014239 -0.072830 -0.025831
v -0.017679 -0.062116 0.023052
v -0.014191 -0.062853 0.025908
v -0.018098 -0.063038 -0.023468
v -0.013996 -0.062383 -0.025665
v -0.014417 -0.063287 -0.026146
v -0.018685 -0.064055 -0.024002
v -0.014363 -0.039993 0.033715
v -0.014141 -0.041554 0.033640
v -0.014245 -0.041795 0.033622
v -0.014620 -0.044407 0.033399
v -0.016507 -0.027680 -0.283021
v -0.014768 -0.027603 -0.281480
v -0.014363 -0.039993 0.033715
v -0.018097 -0.041936 0.031658
v -0.014620 -0.044407 0.033399
v -0.018392 -0.043029 0.031436
v -0.014620 -0.044407 0.033399
v -0.014299 -0.032394 0.035173
v -0.014281 -0.035880 0.034240
v -0.014229 -0.030260 0.034531
v -0.014351 -0.032720 0.035795
v -0.018863 0.017645 -0.277006
v -0.018863 0.017645 -0.277006
v -0.018863 0.017645 -0.277006
v -0.015070 0.017637 -0.274905
v -0.015070 0.017637 -0.274905
v -0.014479 -0.028752 0.038656
v -0.014159 -0.028816 0.035848
v -0.014479 -0.028752 0.038656
v -0.014327 -0.030240 0.035810
v -0.018052 -0.072587 -0.023617
v -0.014594 -0.071734 -0.026663
v -0.018069 -0.063093 0.023665
v -0.014610 -0.063940 0.026712
v -0.014497 -0.027548 -0.282835
v -0.016507 -0.027680 -0.283021
v -0.016137 -0.027510 -0.282051
v -0.014541 -0.027528 -0.283234
v -0.017221 -0.037747 0.032779
v -0.018097 -0.041936 0.031658
v -0.014363 -0.039993 0.033715
v -0.014498 -0.035916 0.034394
v -0.014086 -0.039005 0.033833
v -0.023719 -0.039678 -0.049511
v -0.016934 -0.024312 -0.275873
v -0.018391 -0.024769 -0.185125
v -0.014769 -0.025745 -0.210168
v -0.016322 -0.027498 -0.283197
v -0.014541 -0.027528 -0.283234
v -0.014116 -0.028375 0.039693
v -0.014662 -0.028729 0.038809
v -0.014351 -0.032720 0.035795
v -0.014512 -0.035872 0.034416
v -0.014275 -0.039436 0.033758
v -0.017221 -0.037747 0.032779
v -0.014668 -0.032767 0.035937
v -0.014734 -0.035905 0.034566
v -0.015443 -0.027743 -0.288637
v -0.013725 -0.028093 -0.294923
v -0.014678 -0.028753 0.038762
v -0.014351 -0.032720 0.035795
v -0.014894 -0.028735 0.038891
v -0.014690 -0.032712 0.035978
v -0.020519 0.030846 -0.276010
v -0.020519 0.030846 -0.276010
v -0.016108 0.041634 -0.274674
v -0.017638 0.040081 -0.275133
v -0.014066 0.038440 -0.274032
v -0.016084 -0.029855 -0.187140
v -0.020674 -0.027661 -0.243289
v -0.016575 -0.028412 -0.280527
v -0.015134 0.015981 -0.274711
v -0.015676 0.014911 -0.279810
v -0.017390 -0.025062 -0.190224
v -0.018879 -0.025181 -0.139128
v -0.017018 0.027524 -0.275408
v -0.012564 0.028519 -0.273529
v -0.016997 -0.027471 0.038981
v -0.014696 -0.028549 0.039191
v -0.014893 -0.037518 0.033951
v -0.017221 -0.037747 0.032779
v -0.015848 -0.011979 -0.275287
v -0.014064 -0.015494 -0.274296
v -0.015346 -0.013192 -0.282696
v -0.014965 -0.045392 0.032543
v -0.019836 -0.044494 0.030569
v -0.019451 -0.045471 0.030045
v -0.014866 -0.046301 0.031975
v -0.015765 -0.035385 0.034391
v -0.017221 -0.037747 0.032779
v -0.018110 -0.010984 -0.276545
v -0.015848 -0.011979 -0.275287
v -0.015848 -0.011979 -0.275287
v -0.014834 -0.029018 -0.280624
v -0.015861 -0.029454 -0.282550
v -0.013660 -0.034032 -0.051550
v -0.016936 -0.031936 -0.052854
v -0.015058 -0.044542 -0.037522
v -0.019902 -0.042637 -0.048390
v -0.013993 -0.044864 -0.048085
v -0.026159 -0.039512 -0.037535
v -0.019902 -0.042637 -0.048390
v -0.015058 -0.044542 -0.037522
v -0.028154 -0.036496 -0.037542
v -0.026159 -0.039512 -0.037535
v -0.026719 -0.038136 -0.037538
v -0.015889 -0.033461 0.035298
v -0.014734 -0.035905 0.034566
v -0.016997 -0.027471 0.038981
v -0.015866 -0.032882 0.035651
v -0.015648 -0.028466 0.038798
v -0.015001 -0.032746 0.036118
v -0.017458 -0.061834 0.002696
v -0.017458 -0.061834 0.002696
v -0.027774 -0.061950 0.007504
v -0.014535 -0.061817 0.009860
v -0.027774 -0.061950 0.007504
v -0.016473 -0.046826 0.006390
v -0.017458 -0.061834 0.002696
v -0.014535 -0.061817 0.009860
v -0.016882 -0.061848 -0.004796
v -0.016882 -0.061848 -0.004796
v -0.016033 -0.046852 -0.007191
v -0.014218 -0.061857 -0.010282
v -0.031926 -0.046778 0.012785
v -0.031926 -0.046778 0.012785
v -0.033314 -0.046837 -0.007703
v -0.033314 -0.046837 -0.007703
v -0.033314 -0.046837 -0.007703
v -0.021575 0.032782 -0.276358
v -0.021329 0.031687 -0.276275
v -0.018420 0.039522 -0.275368
v -0.018216 -0.041119 -0.032461
v -0.015056 -0.042637 -0.033376
v -0.018394 -0.040161 -0.033285
v -0.015313 -0.041835 -0.034061
v -0.020181 -0.031090 -0.051582
v -0.013660 -0.034032 -0.051550
v -0.014610 -0.063940 0.026712
v -0.018687 -0.071626 0.024050
v -0.014479 -0.071617 0.026801
v -0.018789 -0.071732 -0.023894
v -0.018685 -0.064055 -0.024002
v -0.018685 -0.064055 -0.024002
v -0.014594 -0.071734 -0.026663
v -0.014594 -0.071734 -0.026663
v -0.014476 -0.064057 -0.026751
v -0.018804 -0.063949 0.023942
v -0.018687 -0.071626 0.024050
v -0.014610 -0.063940 0.026712
v -0.016366 -0.028969 -0.283958
v -0.015010 -0.029462 -0.287866
v -0.016402 -0.028431 -0.283643
v -0.014462 -0.029204 -0.290293
v -0.022738 0.014387 -0.285356
v -0.021550 0.018264 -0.287929
v -0.015385 0.016358 -0.282746
v -0.021519 -0.015122 -0.287876
v -0.022831 -0.010721 -0.285019
v -0.015346 -0.013192 -0.282696
v -0.023195 -0.006414 -0.284037
v -0.023425 -0.001898 -0.284082
v -0.015659 -0.006024 -0.279795
v -0.023425 -0.001898 -0.284082
v -0.023425 -0.001898 -0.284082
v -0.023170 0.010265 -0.284105
v -0.015687 0.010511 -0.279918
v -0.013968 -0.034548 -0.051011
v -0.021507 -0.031430 -0.050523
v -0.015442 0.016474 -0.274983
v -0.015385 0.016358 -0.282746
v -0.018394 -0.040161 -0.033285
v -0.016071 -0.041076 -0.035447
v -0.015593 -0.012059 -0.280176
v -0.015848 -0.011979 -0.275287
v -0.015836 0.015256 -0.274678
v -0.015606 0.015319 -0.280319
v -0.021405 -0.027983 -0.169479
v -0.021405 -0.027983 -0.169479
v -0.020674 -0.027661 -0.243289
v -0.016084 -0.029855 -0.187140
v -0.016084 -0.029855 -0.187140
v -0.016146 -0.029161 -0.283564
v -0.015056 -0.029594 -0.287454
v -0.022831 -0.010721 -0.285019
v -0.015627 -0.009603 -0.280753
v -0.015346 -0.013192 -0.282696
v -0.015619 -0.011046 -0.280373
v -0.015346 -0.013192 -0.282696
v -0.015687 0.010511 -0.279918
v -0.022738 0.014387 -0.285356
v -0.015385 0.016358 -0.282746
v -0.015593 0.014975 -0.280667
v -0.015687 0.010511 -0.279918
v -0.022831 -0.010721 -0.285019
v -0.022831 -0.010721 -0.285019
v -0.015659 -0.006024 -0.279795
v -0.015659 -0.006024 -0.279795
v -0.015627 -0.009603 -0.280753
v -0.015659 -0.006024 -0.279795
v -0.015637 -0.009996 -0.280417
v -0.023170 0.010265 -0.284105
v -0.022738 0.014387 -0.285356
v -0.015687 0.010511 -0.279918
v -0.018383 0.026128 0.049073
v -0.018383 0.026128 0.049073
v -0.018038 0.031015 0.044510
v -0.018038 0.031015 0.044510
v -0.015582 0.029645 0.047372
v -0.023195 -0.006414 -0.284037
v -0.017841 0.012323 -0.276432
v -0.015736 0.015749 -0.274837
v -0.018331 0.011824 -0.276702
v -0.017841 0.012323 -0.276432
v -0.015373 -0.027823 -0.280416
v -0.015965 -0.027540 -0.281280
v -0.015207 -0.028759 -0.280563
v -0.016053 -0.029138 -0.282414
v -0.015385 0.016289 -0.274466
v -0.018798 0.018231 -0.275448
v -0.016171 -0.027801 -0.281311
v -0.015507 -0.028338 -0.280200
v -0.016890 -0.027779 -0.284084
v -0.015153 -0.027614 -0.289156
v -0.020385 -0.033295 -0.050178
v -0.014134 -0.035110 -0.050492
v -0.022098 -0.021985 -0.108060
v -0.024178 -0.016543 -0.139090
v -0.015848 -0.011979 -0.275287
v -0.016306 -0.028304 -0.282535
v -0.015196 -0.027634 -0.280521
v -0.016279 -0.028867 -0.282392
v -0.015263 -0.028318 -0.280649
v -0.016330 -0.028363 -0.280572
v -0.016725 -0.028134 -0.281666
v -0.016152 -0.043554 -0.032748
v -0.018573 -0.041782 -0.031520
v -0.016086 -0.029150 -0.282549
v -0.016366 -0.028969 -0.283958
v -0.019145 -0.011127 -0.277120
v -0.019590 -0.005392 -0.277374
v -0.024178 -0.016543 -0.139090
v -0.024056 -0.011684 -0.179684
v -0.015848 -0.011979 -0.275287
v -0.024056 -0.011684 -0.179684
v -0.019590 -0.005392 -0.277374
v -0.015848 -0.011979 -0.275287
v -0.016436 -0.027831 -0.281667
v -0.016498 -0.027484 -0.282464
v -0.021732 -0.028226 -0.122608
v -0.021156 -0.044868 -0.029663
v -0.017745 -0.045639 -0.031208
v -0.017214 -0.028062 -0.284128
v -0.020099 -0.027489 -0.285352
v -0.013725 -0.028093 -0.294923
v -0.016387 -0.028391 -0.282897
v -0.016366 -0.028969 -0.283958
v -0.017521 -0.046842 -0.001277
v -0.017521 -0.046842 -0.001277
v -0.017521 -0.046842 -0.001277
v -0.016882 -0.061848 -0.004796
v -0.017521 -0.046842 -0.001277
v -0.016033 -0.046852 -0.007191
v -0.020099 -0.027489 -0.285352
v -0.019503 -0.021020 -0.291161
v -0.014707 -0.027492 -0.298816
v -0.021156 -0.044868 -0.029663
v -0.018169 -0.043179 -0.031637
v -0.016518 -0.032050 -0.053196
v -0.021732 -0.028226 -0.122608
v -0.016084 -0.029855 -0.187140
v -0.019528 0.021002 -0.291372
v -0.016709 0.022058 -0.294675
v -0.018705 0.020951 -0.291016
v -0.015928 0.022055 -0.294289
v -0.016818 -0.027709 -0.283948
v -0.016498 -0.027484 -0.282464
v -0.016614 -0.027739 -0.282277
v -0.017214 -0.028062 -0.284128
v -0.017034 -0.034000 0.034308
v -0.016997 -0.027471 0.038981
v -0.016955 -0.027771 0.038694
v -0.017189 -0.035204 0.033296
v -0.015546 -0.031446 -0.037047
v -0.021530 -0.027616 -0.032322
v -0.014798 -0.031674 -0.033519
v -0.016963 -0.027749 0.038620
v -0.016997 -0.027471 0.038981
v -0.023830 -0.073744 -0.016102
v -0.016682 -0.073616 -0.023444
v -0.023449 -0.061965 0.016778
v -0.016754 -0.062050 0.023431
v -0.014707 -0.027492 -0.298816
v -0.019503 -0.021020 -0.291161
v -0.017857 -0.018909 -0.294092
v -0.019346 0.024669 -0.291577
v -0.014813 0.030611 -0.298827
v -0.017275 0.022125 -0.295237
v -0.016997 -0.027773 0.038455
v -0.016918 -0.028004 0.038465
v -0.016966 -0.027858 0.038453
v -0.017189 -0.035204 0.033296
v -0.021688 -0.027730 -0.037057
v -0.021530 -0.027616 -0.032322
v -0.015546 -0.031446 -0.037047
v -0.016988 -0.027712 0.038548
v -0.016918 -0.028004 0.038465
v -0.016994 -0.027773 0.038469
v -0.016918 -0.028004 0.038465
v -0.016999 -0.027730 0.038491
v -0.016973 -0.027699 0.038629
v -0.016992 -0.027796 0.038459
v -0.017011 -0.027704 0.038466
v -0.016997 -0.027471 0.038981
v -0.016986 -0.027694 0.038585
v -0.016997 -0.027471 0.038981
v -0.017012 -0.027699 0.038469
v -0.017009 -0.027596 0.038674
v -0.017290 -0.027526 0.032870
v -0.017290 -0.027526 0.032870
v -0.017189 -0.035204 0.033296
v -0.017017 -0.027700 0.038444
v -0.019664 0.008713 -0.275699
v -0.017606 0.012578 -0.276007
v -0.018816 0.018026 -0.276177
v -0.017066 0.027494 -0.276026
v -0.017077 0.027479 -0.275478
v -0.018798 0.018231 -0.275448
v -0.017139 -0.035046 0.033567
v -0.017221 -0.037747 0.032779
v -0.019346 0.024669 -0.291577
v -0.018758 0.030766 -0.289431
v -0.014813 0.030611 -0.298827
v -0.024234 -0.036944 -0.040899
v -0.015597 -0.031797 -0.041048
v -0.017124 -0.040528 -0.040967
v -0.017290 -0.027526 0.032870
v -0.017202 -0.035950 0.033104
v -0.016473 -0.046826 0.006390
v -0.017521 -0.046842 -0.001277
v -0.017458 -0.061834 0.002696
v -0.024166 -0.061930 -0.015461
v -0.028741 -0.062010 -0.002107
v -0.028741 -0.062010 -0.002107
v -0.016882 -0.061848 -0.004796
v -0.016882 -0.061848 -0.004796
v -0.017458 -0.061834 0.002696
v -0.017521 -0.046842 -0.001277
v -0.016882 -0.061848 -0.004796
v -0.034315 -0.046790 0.002678
v -0.034315 -0.046790 0.002678
v -0.034315 -0.046790 0.002678
v -0.019899 -0.040402 0.030713
v -0.018097 -0.041936 0.031658
v -0.017365 -0.038361 0.032599
v -0.018097 -0.041936 0.031658
v -0.017471 -0.038692 0.032483
v -0.018097 -0.041936 0.031658
v -0.017564 -0.038771 0.032415
v -0.018097 -0.041936 0.031658
v -0.018603 -0.039291 0.031734
v -0.018097 -0.041936 0.031658
v -0.016696 -0.028217 -0.281400
v -0.017214 -0.028062 -0.284128
v -0.022947 -0.025115 0.040937
v -0.017290 -0.027526 0.032870
v -0.016997 -0.027471 0.038981
v -0.017466 -0.038683 0.032488
v -0.017221 -0.037747 0.032779
v -0.017457 -0.027465 0.032664
v -0.017221 -0.037747 0.032779
v -0.019704 -0.025104 -0.094764
v -0.015797 -0.027126 -0.100439
v -0.018879 -0.025181 -0.139128
v -0.017495 -0.038715 0.032465
v -0.017620 -0.038807 0.032377
v -0.020071 -0.038900 0.030931
v -0.017541 -0.038736 0.032436
v -0.017951 -0.038443 0.032264
v -0.020071 -0.038900 0.030931
v -0.017475 -0.038690 0.032482
v -0.018165 -0.038304 0.032174
v -0.028741 -0.062010 -0.002107
v -0.027774 -0.061950 0.007504
v -0.017458 -0.061834 0.002696
v -0.017221 -0.037747 0.032779
v -0.017554 -0.038758 0.032423
v -0.017573 -0.038766 0.032411
v -0.018165 -0.038304 0.032174
v -0.021606 -0.073474 -0.019353
v -0.017661 -0.073563 -0.023004
v -0.019704 -0.025104 -0.094764
v -0.022098 -0.021985 -0.108060
v -0.015797 -0.027126 -0.100439
v -0.019842 -0.030442 -0.052578
v -0.016518 -0.032050 -0.053196
v -0.017929 -0.027434 0.032310
v -0.017221 -0.037747 0.032779
v -0.022947 -0.025115 0.040937
v -0.017462 -0.027455 0.032670
v -0.020183 -0.041264 0.030399
v -0.018097 -0.041936 0.031658
v -0.018097 -0.041936 0.031658
v -0.020395 -0.041758 0.030258
v -0.018097 -0.041936 0.031658
v -0.018097 -0.041936 0.031658
v -0.020404 -0.041986 0.030250
v -0.019887 -0.042931 0.030555
v -0.017221 -0.037747 0.032779
v -0.017822 -0.038493 0.032324
v -0.020674 -0.027661 -0.243289
v -0.020099 -0.027489 -0.285352
v -0.016575 -0.028412 -0.280527
v -0.017155 -0.018814 -0.293508
v -0.018390 -0.017428 -0.289937
v -0.022284 -0.028694 -0.053272
v -0.021732 -0.028226 -0.122608
v -0.016518 -0.032050 -0.053196
v -0.017673 -0.037976 0.032489
v -0.018229 -0.027461 0.032168
v -0.017862 -0.027954 -0.284096
v -0.016575 -0.028412 -0.280527
v -0.019664 0.008713 -0.275699
v -0.018798 0.018231 -0.275448
v -0.015836 0.015256 -0.274678
v -0.017154 -0.040574 -0.039627
v -0.024234 -0.036944 -0.040899
v -0.021556 -0.063095 -0.020504
v -0.024166 -0.061930 -0.015461
v -0.028519 -0.035507 -0.037545
v -0.034439 -0.031806 -0.037552
v -0.017455 -0.040474 -0.038535
v -0.016507 -0.041230 -0.038159
v -0.025405 -0.036590 -0.038257
v -0.028519 -0.035507 -0.037545
v -0.021129 -0.027850 -0.031215
v -0.014798 -0.031674 -0.033519
v -0.021011 -0.027913 -0.029961
v -0.016716 -0.027470 -0.032540
v -0.014798 -0.031674 -0.033519
v -0.025711 -0.024494 -0.046066
v -0.025711 -0.024494 -0.046066
v -0.027131 -0.035015 -0.045973
v -0.027131 -0.035015 -0.045973
v -0.015341 -0.031646 -0.046049
v -0.027131 -0.035015 -0.045973
v -0.023494 -0.026808 -0.041060
v -0.025711 -0.024494 -0.046066
v -0.015341 -0.031646 -0.046049
v -0.015597 -0.031797 -0.041048
v -0.023494 -0.026808 -0.041060
v -0.015341 -0.031646 -0.046049
v -0.019528 0.021002 -0.291372
v -0.019346 0.024669 -0.291577
v -0.017275 0.022125 -0.295237
v -0.022011 -0.038258 -0.045962
v -0.017455 -0.040474 -0.038535
v -0.016610 -0.040780 -0.045945
v -0.022011 -0.038258 -0.045962
v -0.024557 -0.036815 -0.038546
v -0.017455 -0.040474 -0.038535
v -0.021654 -0.072858 0.019920
v -0.017900 -0.073626 0.022639
v -0.022476 -0.062940 0.019469
v -0.017679 -0.062116 0.023052
v -0.017797 -0.020551 -0.276357
v -0.020748 -0.020057 -0.185774
v -0.016934 -0.024312 -0.275873
v -0.020748 -0.020057 -0.185774
v -0.018391 -0.024769 -0.185125
v -0.016934 -0.024312 -0.275873
v -0.018231 -0.027347 0.032279
v -0.017629 -0.027386 0.032452
v -0.024234 -0.036944 -0.040899
v -0.024234 -0.036944 -0.040899
v -0.023494 -0.026808 -0.041060
v -0.023494 -0.026808 -0.041060
v -0.015597 -0.031797 -0.041048
v -0.017629 -0.027386 0.032452
v -0.018270 -0.027112 0.032596
v -0.018387 -0.027062 0.032680
v -0.018226 -0.027133 0.032554
v -0.018505 -0.036667 0.032281
v -0.018229 -0.027461 0.032168
v -0.018338 -0.027094 0.032614
v -0.018571 -0.027121 0.032488
v -0.018303 -0.027140 0.032530
v -0.017629 -0.027386 0.032452
v -0.018374 -0.027190 0.032418
v -0.017629 -0.027386 0.032452
v -0.017857 -0.018909 -0.294092
v -0.019121 -0.017463 -0.290425
v -0.017629 -0.027386 0.032452
v -0.018424 -0.027049 0.032710
v -0.018360 -0.027253 0.032344
v -0.018229 -0.027461 0.032168
v -0.018545 -0.072553 0.023204
v -0.022380 -0.071878 0.020591
v -0.021435 -0.073388 -0.019848
v -0.018369 -0.072718 -0.023249
v -0.022547 -0.063471 0.020309
v -0.018476 -0.063133 0.023400
v -0.018531 -0.063155 -0.023253
v -0.022380 -0.063561 -0.020466
v -0.018451 -0.027050 0.032695
v -0.018571 -0.027121 0.032488
v -0.018405 -0.027257 0.032341
v -0.018572 -0.027276 0.032351
v -0.018571 -0.027121 0.032488
v -0.018379 -0.027239 0.032358
v -0.018460 -0.027279 0.032328
v -0.018229 -0.027461 0.032168
v -0.022714 -0.025312 0.038836
v -0.017629 -0.027386 0.032452
v -0.022803 -0.025334 0.037906
v -0.018153 -0.027168 0.032658
v -0.021019 -0.027742 -0.031269
v -0.016716 -0.027470 -0.032540
v -0.018571 -0.027121 0.032488
v -0.018520 -0.027259 0.032356
v -0.018962 -0.035763 0.032389
v -0.018165 -0.038304 0.032174
v -0.021836 -0.072512 -0.020313
v -0.018789 -0.071732 -0.023894
v -0.021504 -0.039687 -0.030220
v -0.018731 -0.040972 -0.032121
v -0.019462 -0.046310 0.029406
v -0.021799 -0.046628 0.026753
v -0.018459 -0.027492 0.032239
v -0.018719 -0.035908 0.032349
v -0.021531 -0.040455 -0.029854
v -0.018573 -0.041782 -0.031520
v -0.018797 -0.027265 0.032455
v -0.018602 -0.027213 0.032419
v -0.022803 -0.025334 0.037906
v -0.018548 -0.027065 0.032638
v -0.019145 -0.011127 -0.277120
v -0.020147 -0.016805 -0.232889
v -0.017797 -0.020551 -0.276357
v -0.021880 -0.039047 -0.030746
v -0.018394 -0.040161 -0.033285
v -0.018619 -0.027282 0.032372
v -0.018229 -0.027461 0.032168
v -0.018718 -0.027481 0.032335
v -0.018229 -0.027461 0.032168
v -0.020451 0.030780 -0.282721
v -0.020519 0.030846 -0.276010
v -0.016532 0.031648 -0.280429
v -0.019586 0.008592 -0.276441
v -0.017841 0.012323 -0.276432
v -0.021168 -0.034533 0.031590
v -0.019297 -0.038381 0.031517
v -0.019868 -0.035275 0.032198
v -0.018165 -0.038304 0.032174
v -0.018740 -0.027474 0.032347
v -0.018839 -0.027479 0.032418
v -0.018719 -0.035908 0.032349
v -0.018719 -0.035908 0.032349
v -0.020748 -0.020057 -0.185774
v -0.021767 -0.020659 -0.144147
v -0.018391 -0.024769 -0.185125
v -0.022603 -0.025594 0.037297
v -0.022564 -0.025640 0.037210
v -0.018687 -0.027193 0.032473
v -0.018571 -0.027121 0.032488
v -0.022712 -0.025450 0.037620
v -0.018571 -0.027121 0.032488
v -0.018807 -0.027466 0.032395
v -0.018685 -0.027510 0.032308
v -0.018785 -0.027360 0.032413
v -0.018229 -0.027461 0.032168
v -0.021767 -0.020659 -0.144147
v -0.018879 -0.025181 -0.139128
v -0.018391 -0.024769 -0.185125
v -0.018955 -0.027453 0.032517
v -0.018818 -0.027380 0.032428
v -0.019152 -0.034445 0.032705
v -0.019235 -0.035364 0.032470
v -0.022520 -0.025723 0.037084
v -0.018797 -0.027265 0.032455
v -0.022549 -0.025668 0.037167
v -0.018797 -0.027265 0.032455
v -0.018881 -0.027521 0.032448
v -0.018975 -0.034962 0.032559
v -0.022478 -0.025919 0.036901
v -0.018797 -0.027265 0.032455
v -0.018891 -0.027494 0.032460
v -0.018796 -0.027436 0.032387
v -0.021156 -0.044868 -0.029663
v -0.021892 -0.041171 -0.029256
v -0.018573 -0.041782 -0.031520
v -0.022461 -0.026068 0.036781
v -0.018879 -0.027360 0.032489
v -0.018918 -0.027488 0.032482
v -0.019152 -0.034445 0.032705
v -0.020147 -0.016805 -0.232889
v -0.020748 -0.020057 -0.185774
v -0.017797 -0.020551 -0.276357
v -0.022461 -0.026068 0.036781
v -0.019152 -0.034445 0.032705
v -0.018955 -0.027453 0.032517
v -0.022098 -0.021985 -0.108060
v -0.019704 -0.025104 -0.094764
v -0.018879 -0.025181 -0.139128
v -0.023326 -0.037636 -0.031155
v -0.018357 -0.040146 -0.034181
v -0.021526 -0.021236 -0.284216
v -0.019503 -0.021020 -0.291161
v -0.020099 -0.027489 -0.285352
v -0.019380 -0.019277 -0.291441
v -0.017857 -0.018909 -0.294092
v -0.024056 -0.011684 -0.179684
v -0.020147 -0.016805 -0.232889
v -0.019145 -0.011127 -0.277120
v -0.019590 -0.005392 -0.277374
v -0.024056 -0.011684 -0.179684
v -0.019145 -0.011127 -0.277120
v -0.018839 0.017849 -0.276264
v -0.019664 0.008713 -0.275699
v -0.019654 0.008492 -0.276518
v -0.018863 0.017645 -0.277006
v -0.021103 -0.034195 0.031910
v -0.019442 -0.035326 0.032473
v -0.019293 -0.034707 0.032645
v -0.020374 -0.032617 0.033490
v -0.018804 -0.063949 0.023942
v -0.022380 -0.071878 0.020591
v -0.018687 -0.071626 0.024050
v -0.022471 -0.071728 -0.020473
v -0.022380 -0.063561 -0.020466
v -0.018789 -0.071732 -0.023894
v -0.022380 -0.063561 -0.020466
v -0.018685 -0.064055 -0.024002
v -0.018789 -0.071732 -0.023894
v -0.022547 -0.063471 0.020309
v -0.022380 -0.071878 0.020591
v -0.018804 -0.063949 0.023942
v -0.019831 -0.045365 0.029881
v -0.023988 -0.044584 0.027397
v -0.023633 -0.045483 0.026897
v -0.019462 -0.046310 0.029406
v -0.024178 -0.016543 -0.139090
v -0.020748 -0.020057 -0.185774
v -0.020147 -0.016805 -0.232889
v -0.023011 0.027240 0.045100
v -0.018038 0.031015 0.044510
v -0.023184 0.026119 0.046122
v -0.024215 -0.039833 -0.048943
v -0.019902 -0.042637 -0.048390
v -0.024770 -0.046560 -0.024542
v -0.017513 -0.046848 -0.029542
v -0.020342 -0.043364 0.030239
v -0.023988 -0.044584 0.027397
v -0.019962 -0.017958 -0.290482
v -0.021519 -0.015122 -0.287876
v -0.021550 0.018264 -0.287929
v -0.019633 0.021756 -0.291165
v -0.020412 -0.041599 0.030244
v -0.020091 -0.040885 0.030465
v -0.020805 -0.033192 0.032832
v -0.019442 -0.035326 0.032473
v -0.024418 -0.046424 -0.025477
v -0.017752 -0.046522 -0.030102
v -0.021681 0.023478 -0.284389
v -0.018758 0.030766 -0.289431
v -0.019346 0.024669 -0.291577
v -0.021767 -0.020659 -0.144147
v -0.022098 -0.021985 -0.108060
v -0.018879 -0.025181 -0.139128
v -0.021168 -0.034533 0.031590
v -0.020112 -0.039389 0.030805
v -0.020868 -0.035389 0.031237
v -0.020397 -0.026515 0.030230
v -0.020397 -0.026515 0.030230
v -0.024082 -0.025241 0.027440
v -0.020091 -0.040885 0.030465
v -0.021168 -0.034533 0.031590
v -0.024735 -0.025006 0.036167
v -0.020397 -0.026515 0.030230
v -0.020409 -0.041635 0.030247
v -0.020390 -0.041856 0.030261
v -0.022034 0.021487 -0.283625
v -0.020519 0.030846 -0.276010
v -0.020451 0.030780 -0.282721
v -0.022670 -0.026015 0.036858
v -0.019152 -0.034445 0.032705
v -0.021119 -0.026599 -0.239122
v -0.020099 -0.027489 -0.285352
v -0.022003 -0.024591 -0.228438
v -0.021526 -0.021236 -0.284216
v -0.020099 -0.027489 -0.285352
v -0.020396 -0.041826 0.030257
v -0.020430 -0.042121 0.030232
v -0.025067 -0.024745 0.036425
v -0.020397 -0.026515 0.030230
v -0.020412 -0.041621 0.030245
v -0.020430 -0.042121 0.030232
v -0.024082 -0.025241 0.027440
v -0.020252 -0.041201 0.030352
v -0.024082 -0.025241 0.027440
v -0.023988 -0.044584 0.027397
v -0.020420 -0.041556 0.030235
v -0.024056 -0.011684 -0.179684
v -0.024178 -0.016543 -0.139090
v -0.020147 -0.016805 -0.232889
v -0.023988 -0.044584 0.027397
v -0.020435 -0.041862 0.030225
v -0.022896 -0.025948 0.036946
v -0.019962 -0.033186 0.033255
v -0.022378 -0.029057 -0.052408
v -0.019621 -0.030705 -0.052304
v -0.020542 0.030664 -0.282775
v -0.022034 0.021487 -0.283625
v -0.022034 0.021487 -0.283625
v -0.020758 0.030449 -0.282896
v -0.022034 0.021487 -0.283625
v -0.025577 -0.024370 0.036857
v -0.026461 -0.024063 0.036602
v -0.028153 -0.023533 0.034711
v -0.020397 -0.026515 0.030230
v -0.028153 -0.023533 0.034711
v -0.024082 -0.025241 0.027440
v -0.020397 -0.026515 0.030230
v -0.021550 0.018264 -0.287929
v -0.021681 0.023478 -0.284389
v -0.019346 0.024669 -0.291577
v -0.021526 -0.021236 -0.284216
v -0.021519 -0.015122 -0.287876
v -0.019503 -0.021020 -0.291161
v -0.027231 -0.035136 -0.037742
v -0.016584 -0.040948 -0.037730
v -0.023326 -0.037636 -0.031155
v -0.021681 0.023478 -0.284389
v -0.022092 0.030507 -0.283688
v -0.018758 0.030766 -0.289431
v -0.024418 -0.046424 -0.025477
v -0.020441 -0.045332 -0.029721
v -0.021137 -0.030895 -0.051191
v -0.022973 -0.029200 -0.051402
v -0.021405 -0.027983 -0.169479
v -0.022003 -0.024591 -0.228438
v -0.020674 -0.027661 -0.243289
v -0.028042 0.028012 0.034953
v -0.028042 0.028012 0.034953
v -0.028042 0.028012 0.034953
v -0.027033 0.028166 0.040829
v -0.021023 0.030430 0.037353
v -0.021023 0.030430 0.037353
v -0.021777 0.030431 0.029229
v -0.021197 0.030626 0.029595
v -0.027033 0.028166 0.040829
v -0.022960 0.029637 0.040030
v -0.020748 -0.020057 -0.185774
v -0.024178 -0.016543 -0.139090
v -0.024178 -0.016543 -0.139090
v -0.021767 -0.020659 -0.144147
v -0.021767 -0.020659 -0.144147
v -0.024750 -0.045475 -0.026007
v -0.021156 -0.044868 -0.029663
v -0.022245 0.030278 0.028827
v -0.023196 -0.023226 -0.204424
v -0.022003 -0.024591 -0.228438
v -0.021405 -0.027983 -0.169479
v -0.022003 -0.024591 -0.228438
v -0.023783 -0.021617 -0.206065
v -0.021526 -0.021236 -0.284216
v -0.025346 -0.044610 -0.026233
v -0.021892 -0.041171 -0.029256
v -0.021156 -0.044868 -0.029663
v -0.021866 0.030869 0.035952
v -0.021197 0.030626 0.029595
v -0.022604 0.029824 0.042307
v -0.021023 0.030430 0.037353
v -0.023003 0.029588 0.041259
v -0.021023 0.030430 0.037353
v -0.021486 0.030374 -0.283325
v -0.022380 -0.063561 -0.020466
v -0.024290 -0.062072 -0.015597
v -0.022100 0.030723 0.028931
v -0.021197 0.030626 0.029595
v -0.022402 0.031143 0.035438
v -0.021644 0.030877 0.029338
v -0.027231 -0.035136 -0.037742
v -0.024234 -0.036944 -0.040899
v -0.016584 -0.040948 -0.037730
v -0.024745 -0.023178 -0.152768
v -0.023196 -0.023226 -0.204424
v -0.021405 -0.027983 -0.169479
v -0.026023 -0.011669 0.066654
v -0.026040 -0.011709 0.063058
v -0.015852 -0.012804 0.069592
v -0.021666 0.030730 0.036955
v -0.023105 0.031163 0.039715
v -0.025167 -0.038310 -0.027075
v -0.021504 -0.039687 -0.030220
v -0.021833 -0.040452 -0.029588
v -0.025014 -0.039100 -0.026767
v -0.021999 -0.073002 0.019334
v -0.024527 -0.073318 0.015951
v -0.022098 -0.021985 -0.108060
v -0.021820 0.022856 -0.284091
v -0.022092 0.030507 -0.283688
v -0.024411 -0.025483 -0.035409
v -0.021530 -0.027616 -0.032322
v -0.021688 -0.027730 -0.037057
v -0.027252 -0.022828 -0.036970
v -0.024084 -0.025724 -0.035918
v -0.022427 0.020468 -0.276587
v -0.020519 0.030846 -0.276010
v -0.022034 0.021487 -0.283625
v -0.023783 -0.021617 -0.206065
v -0.023719 -0.017425 -0.242189
v -0.021526 -0.021236 -0.284216
v -0.021732 -0.028226 -0.122608
v -0.024745 -0.023178 -0.152768
v -0.021405 -0.027983 -0.169479
v -0.025729 -0.037093 -0.027196
v -0.022831 -0.038345 -0.030536
v -0.022633 0.030816 0.040121
v -0.021023 0.030430 0.037353
v -0.024780 -0.024957 0.036538
v -0.023633 -0.025643 0.036725
v -0.020870 -0.032896 0.032980
v -0.020374 -0.032617 0.033490
v -0.022738 0.014387 -0.285356
v -0.021681 0.023478 -0.284389
v -0.021550 0.018264 -0.287929
v -0.023719 -0.017425 -0.242189
v -0.022831 -0.010721 -0.285019
v -0.021526 -0.021236 -0.284216
v -0.022831 -0.010721 -0.285019
v -0.021519 -0.015122 -0.287876
v -0.021526 -0.021236 -0.284216
v -0.022738 0.014387 -0.285356
v -0.021911 0.022131 -0.283946
v -0.022427 0.020468 -0.276587
v -0.024756 -0.024985 0.036347
v -0.021372 -0.033342 0.032340
v -0.024928 -0.072409 0.016498
v -0.022380 -0.071878 0.020591
v -0.023830 -0.073744 -0.016102
v -0.021981 -0.072702 -0.019944
v -0.024857 -0.063211 -0.016410
v -0.022380 -0.063561 -0.020466
v -0.024735 -0.025006 0.036167
v -0.021299 -0.033818 0.032033
v -0.027131 -0.035015 -0.045973
v -0.024557 -0.036815 -0.038546
v -0.022011 -0.038258 -0.045962
v -0.022738 0.014387 -0.285356
v -0.022427 0.020468 -0.276587
v -0.022034 0.021487 -0.283625
v -0.024534 -0.072671 -0.016574
v -0.022471 -0.071728 -0.020473
v -0.024116 -0.062833 0.017038
v -0.022547 -0.063471 0.020309
v -0.023317 -0.022860 -0.205072
v -0.022003 -0.024591 -0.228438
v -0.023608 -0.022066 -0.205859
v -0.022003 -0.024591 -0.228438
v -0.029948 0.027538 0.028830
v -0.029948 0.027538 0.028830
v -0.029033 0.027713 0.033971
v -0.028488 0.027881 0.034434
v -0.022245 0.030278 0.028827
v -0.022228 0.030693 0.028853
v -0.029948 0.027538 0.028830
v -0.025346 -0.044610 -0.026233
v -0.025014 -0.039100 -0.026767
v -0.021892 -0.041171 -0.029256
v -0.023719 -0.039678 -0.049511
v -0.030448 -0.034993 -0.049554
v -0.020206 -0.034208 -0.049963
v -0.022284 -0.028694 -0.053272
v -0.025827 -0.025650 -0.053106
v -0.021732 -0.028226 -0.122608
v -0.022515 0.031635 0.028929
v -0.022402 0.031143 0.035438
v -0.022565 0.031635 0.028876
v -0.029948 0.027538 0.028830
v -0.022564 -0.025640 0.037210
v -0.022532 -0.025700 0.037118
v -0.022529 -0.025806 0.037009
v -0.022461 -0.026068 0.036781
v -0.022633 -0.025717 0.037150
v -0.022529 -0.025777 0.037034
v -0.022539 -0.025710 0.037108
v -0.022633 -0.025717 0.037150
v -0.022996 -0.046472 0.026222
v -0.027262 -0.046330 0.022374
v -0.022688 -0.025661 0.037233
v -0.022615 -0.025706 0.037152
v -0.022568 -0.025657 0.037188
v -0.022688 -0.025661 0.037233
v -0.022564 -0.025888 0.036960
v -0.022461 -0.026068 0.036781
v -0.022647 -0.025544 0.037392
v -0.022591 -0.025595 0.037288
v -0.022682 -0.025642 0.037255
v -0.022564 -0.025640 0.037210
v -0.022597 -0.025604 0.037276
v -0.022709 -0.025604 0.037315
v -0.023181 0.034851 -0.263630
v -0.022519 0.033581 -0.276666
v -0.022427 0.020468 -0.276587
v -0.023997 0.018088 -0.250052
v -0.023181 0.034851 -0.263630
v -0.022427 0.020468 -0.276587
v -0.022738 0.014387 -0.285356
v -0.023997 0.018088 -0.250052
v -0.022427 0.020468 -0.276587
v -0.022682 -0.025789 0.037088
v -0.022567 -0.025859 0.036983
v -0.022654 -0.025766 0.037104
v -0.022546 -0.025832 0.036994
v -0.022896 -0.025948 0.036946
v -0.022576 -0.025959 0.036901
v -0.022572 -0.025880 0.036966
v -0.022896 -0.025948 0.036946
v -0.022668 0.029848 0.042269
v -0.023105 0.031163 0.039715
v -0.022661 -0.025576 0.037343
v -0.022592 -0.025588 0.037298
v -0.022699 -0.025612 0.037303
v -0.022688 -0.025654 0.037243
v -0.022633 -0.025717 0.037150
v -0.022644 -0.025815 0.037044
v -0.022896 -0.025948 0.036946
v -0.022688 -0.025661 0.037233
v -0.022650 -0.025728 0.037144
v -0.023719 -0.017425 -0.242189
v -0.024465 -0.011821 -0.251475
v -0.022831 -0.010721 -0.285019
v -0.022647 -0.025544 0.037392
v -0.022720 -0.025718 0.037171
v -0.022682 -0.025789 0.037088
v -0.022711 -0.025767 0.037115
v -0.022896 -0.025948 0.036946
v -0.026159 -0.039512 -0.037535
v -0.025422 -0.039798 -0.048106
v -0.019902 -0.042637 -0.048390
v -0.022697 -0.025655 0.037243
v -0.022737 -0.025726 0.037163
v -0.022757 -0.028791 -0.052407
v -0.025827 -0.025650 -0.053106
v -0.022807 -0.025493 0.037483
v -0.022803 -0.025334 0.037906
v -0.022852 -0.025657 0.037238
v -0.022731 -0.025737 0.037150
v -0.022704 -0.025558 0.037382
v -0.022709 -0.025604 0.037315
v -0.022724 -0.025594 0.037333
v -0.022737 -0.025726 0.037163
v -0.022755 -0.025550 0.037402
v -0.022807 -0.025671 0.037227
v -0.022906 -0.025481 0.037489
v -0.022731 -0.025545 0.037403
v -0.022736 -0.025589 0.037340
v -0.022852 -0.025657 0.037238
v -0.022789 -0.025707 0.037184
v -0.022896 -0.025948 0.036946
v -0.022785 -0.025618 0.037295
v -0.022906 -0.025481 0.037489
v -0.029952 0.032310 0.028820
v -0.022906 0.032229 0.028613
v -0.029952 0.032310 0.028820
v -0.029948 0.027538 0.028830
v -0.022881 0.032121 0.028870
v -0.022750 -0.025562 0.037382
v -0.022906 -0.025481 0.037489
v -0.023170 0.010265 -0.284105
v -0.023997 0.018088 -0.250052
v -0.022738 0.014387 -0.285356
v -0.022868 -0.025635 0.037278
v -0.022896 -0.025948 0.036946
v -0.027637 0.040715 0.037329
v -0.022896 0.032231 0.028621
v -0.025774 -0.021627 0.044427
v -0.024953 -0.024403 0.044428
v -0.022402 0.031143 0.035438
v -0.027637 0.040715 0.037329
v -0.022881 0.032121 0.028870
v -0.024082 -0.025241 0.027440
v -0.027048 -0.027346 0.024500
v -0.023988 -0.044584 0.027397
v -0.026001 -0.026585 -0.051744
v -0.022973 -0.029200 -0.051402
v -0.023173 -0.025163 0.038546
v -0.025577 -0.024370 0.036857
v -0.023928 -0.024885 0.044070
v -0.022947 -0.025115 0.040937
v -0.022947 -0.025115 0.040937
v -0.026992 -0.023697 0.040933
v -0.025577 -0.024370 0.036857
v -0.022947 -0.025115 0.040937
v -0.025806 -0.024730 0.044103
v -0.022947 -0.025115 0.040937
v -0.025834 -0.024729 0.043878
v -0.030022 -0.024587 0.040921
v -0.027474 -0.024015 0.040930
v -0.022947 -0.025115 0.040937
v -0.025887 0.029169 0.044139
v -0.023186 0.029537 0.041833
v -0.030587 0.028810 0.043771
v -0.025697 0.029229 0.043356
v -0.030179 0.028962 0.042086
v -0.022992 0.029593 0.040827
v -0.027506 0.028477 0.040824
v -0.022992 0.029593 0.040827
v -0.025006 -0.024755 0.036700
v -0.022803 -0.025334 0.037906
v -0.029622 0.032284 0.021492
v -0.029952 0.032310 0.028820
v -0.022908 0.032336 0.028356
v -0.024780 -0.024957 0.036538
v -0.022879 -0.025412 0.037662
v -0.024780 -0.024957 0.036538
v -0.022951 -0.025694 0.037200
v -0.023105 0.031163 0.039715
v -0.023105 0.031163 0.039715
v -0.027637 0.040715 0.037329
v -0.027637 0.040715 0.037329
v -0.022402 0.031143 0.035438
v -0.023997 0.018088 -0.250052
v -0.023546 0.027602 -0.257269
v -0.024465 -0.011821 -0.251475
v -0.023195 -0.006414 -0.284037
v -0.022831 -0.010721 -0.285019
v -0.023536 0.029512 0.043477
v -0.028875 0.037465 0.049353
v -0.024232 0.029340 0.044027
v -0.023149 0.029525 0.042278
v -0.028875 0.037465 0.049353
v -0.023212 0.030396 0.041200
v -0.028875 0.037465 0.049353
v -0.023527 0.028736 0.044406
v -0.028728 0.032870 0.054411
v -0.028875 0.037465 0.049353
v -0.023161 0.027809 0.044428
v -0.023225 0.026988 0.045392
v -0.028728 0.032870 0.054411
v -0.028875 0.037465 0.049353
v -0.028980 0.041814 0.041887
v -0.023105 0.031163 0.039715
v -0.031997 0.026108 0.043832
v -0.031997 0.026108 0.043832
v -0.023776 0.028887 0.044350
v -0.025887 0.029169 0.044139
v -0.025347 0.027724 0.044234
v -0.023161 0.027809 0.044428
v -0.028980 0.041814 0.041887
v -0.024846 0.030714 -0.259327
v -0.023181 0.034851 -0.263630
v -0.024745 -0.023178 -0.152768
v -0.025854 -0.018964 -0.178521
v -0.023196 -0.023226 -0.204424
v -0.024465 -0.011821 -0.251475
v -0.027926 -0.004456 -0.206039
v -0.023195 -0.006414 -0.284037
v -0.025558 0.008707 -0.244804
v -0.023997 0.018088 -0.250052
v -0.023170 0.010265 -0.284105
v -0.031819 -0.031096 -0.045982
v -0.023494 -0.026808 -0.041060
v -0.029657 -0.020504 -0.041075
v -0.025711 -0.024494 -0.046066
v -0.027926 -0.004456 -0.206039
v -0.023425 -0.001898 -0.284082
v -0.023195 -0.006414 -0.284037
v -0.023425 -0.001898 -0.284082
v -0.025558 0.008707 -0.244804
v -0.023170 0.010265 -0.284105
v -0.022547 -0.063471 0.020309
v -0.025472 -0.071646 0.016676
v -0.022380 -0.071878 0.020591
v -0.025540 -0.071722 -0.016492
v -0.025472 -0.064045 -0.016631
v -0.022471 -0.071728 -0.020473
v -0.025472 -0.064045 -0.016631
v -0.022380 -0.063561 -0.020466
v -0.022471 -0.071728 -0.020473
v -0.025552 -0.063970 0.016538
v -0.025472 -0.071646 0.016676
v -0.022547 -0.063471 0.020309
v -0.025854 -0.018964 -0.178521
v -0.023310 -0.022887 -0.204981
v -0.022776 -0.029686 -0.051120
v -0.026664 -0.026903 -0.050685
v -0.027096 0.028104 -0.256617
v -0.025462 0.031284 -0.259570
v -0.023584 0.026903 -0.256517
v -0.028026 -0.003883 -0.205292
v -0.023425 -0.001898 -0.284082
v -0.028676 -0.003183 -0.195627
v -0.023425 -0.001898 -0.284082
v -0.031313 -0.003176 -0.152109
v -0.026286 0.000587 -0.237554
v -0.023425 -0.001898 -0.284082
v -0.026203 0.000961 -0.238971
v -0.023425 -0.001898 -0.284082
v -0.023961 -0.073435 0.016261
v -0.026406 -0.073723 0.010938
v -0.030541 -0.032243 -0.040910
v -0.029657 -0.020504 -0.041075
v -0.023494 -0.026808 -0.041060
v -0.030541 -0.032243 -0.040910
v -0.029306 0.023045 -0.252585
v -0.027096 0.028104 -0.256617
v -0.023584 0.026903 -0.256517
v -0.023997 0.018088 -0.250052
v -0.029306 0.023045 -0.252585
v -0.023584 0.026903 -0.256517
v -0.025854 -0.018964 -0.178521
v -0.023605 -0.022075 -0.205830
v -0.028450 0.026168 0.059304
v -0.028728 0.032870 0.054411
v -0.023184 0.026119 0.046122
v -0.028450 0.026168 0.059304
v -0.028546 -0.019931 -0.101948
v -0.025072 -0.022629 -0.151948
v -0.025045 -0.022670 -0.152069
v -0.021732 -0.028226 -0.122608
v -0.028546 -0.019931 -0.101948
v -0.024745 -0.023178 -0.152768
v -0.026765 -0.062208 0.011158
v -0.023449 -0.061965 0.016778
v -0.021262 -0.032168 -0.050350
v -0.026664 -0.026903 -0.050685
v -0.032051 0.015054 -0.247621
v -0.029306 0.023045 -0.252585
v -0.023997 0.018088 -0.250052
v -0.023979 -0.045408 0.026652
v -0.027400 -0.044397 0.024055
v -0.027110 -0.045327 0.023480
v -0.023625 -0.046320 0.026182
v -0.025854 -0.018964 -0.178521
v -0.027687 -0.026409 -0.050480
v -0.020206 -0.034208 -0.049963
v -0.027818 -0.063549 -0.012086
v -0.024297 -0.062069 -0.015580
v -0.027048 -0.027346 0.024500
v -0.027400 -0.044397 0.024055
v -0.023988 -0.044584 0.027397
v -0.024685 0.028320 -0.274655
v -0.026636 0.025840 -0.270485
v -0.026481 -0.013113 -0.206091
v -0.024465 -0.011821 -0.251475
v -0.023719 -0.017425 -0.242189
v -0.023783 -0.021617 -0.206065
v -0.026481 -0.013113 -0.206091
v -0.023719 -0.017425 -0.242189
v -0.026992 -0.072814 0.011849
v -0.024527 -0.073318 0.015951
v -0.026097 -0.036398 -0.027679
v -0.023326 -0.037636 -0.031155
v -0.027231 -0.035136 -0.037742
v -0.030541 -0.032243 -0.040910
v -0.024234 -0.036944 -0.040899
v -0.027609 -0.046023 -0.022036
v -0.024418 -0.046424 -0.025477
v -0.025346 -0.044610 -0.026233
v -0.028693 -0.045017 -0.022468
v -0.025014 -0.039100 -0.026767
v -0.026061 0.002258 -0.241268
v -0.023425 -0.001898 -0.284082
v -0.025999 0.003146 -0.242200
v -0.025558 0.008707 -0.244804
v -0.023425 -0.001898 -0.284082
v -0.025854 -0.018964 -0.178521
v -0.026481 -0.013113 -0.206091
v -0.023783 -0.021617 -0.206065
v -0.025558 0.008707 -0.244804
v -0.032051 0.015054 -0.247621
v -0.023997 0.018088 -0.250052
v -0.024783 -0.024961 0.036400
v -0.025577 -0.024370 0.036857
v -0.025326 0.039471 -0.028367
v -0.030611 0.036557 -0.029244
v -0.025121 -0.072439 0.016165
v -0.027841 -0.071900 0.012206
v -0.026498 -0.073548 -0.011813
v -0.024793 -0.072797 -0.016004
v -0.026743 -0.062318 0.011850
v -0.024792 -0.063065 0.016330
v -0.025082 -0.063145 -0.015972
v -0.027818 -0.063549 -0.012086
v -0.025788 0.027390 -0.273975
v -0.025022 0.028240 -0.275823
v -0.027131 -0.035015 -0.045973
v -0.030919 -0.031985 -0.038557
v -0.024557 -0.036815 -0.038546
v -0.030919 -0.031985 -0.038557
v -0.027934 -0.035428 -0.037854
v -0.028693 -0.045017 -0.022468
v -0.025070 -0.045437 -0.025740
v -0.028693 -0.045017 -0.022468
v -0.025160 -0.038705 -0.026560
v -0.025288 0.037709 -0.026602
v -0.029490 0.047661 -0.021902
v -0.030611 0.036557 -0.029244
v -0.025717 0.037146 -0.026693
v -0.028638 -0.073721 -0.002807
v -0.025823 -0.073612 -0.012660
v -0.028198 -0.062123 -0.005830
v -0.024166 -0.061930 -0.015461
v -0.027133 -0.072571 -0.012167
v -0.025540 -0.071722 -0.016492
v -0.027272 -0.063195 0.012159
v -0.025552 -0.063970 0.016538
v -0.025729 -0.037093 -0.027196
v -0.025241 -0.038408 -0.026540
v -0.030411 -0.035696 -0.048799
v -0.023719 -0.039678 -0.049511
v -0.024893 -0.039667 -0.048644
v -0.030559 -0.036223 -0.048098
v -0.028693 -0.045017 -0.022468
v -0.025428 -0.037213 -0.026222
v -0.025931 -0.035461 -0.026827
v -0.025293 -0.038229 -0.026366
v -0.025151 0.039717 -0.028227
v -0.029490 0.047661 -0.021902
v -0.034517 0.004422 -0.242748
v -0.032051 0.015054 -0.247621
v -0.025558 0.008707 -0.244804
v -0.032133 0.046041 -0.034232
v -0.033606 0.045190 -0.034248
v -0.033606 0.045190 -0.034248
v -0.025496 0.040416 -0.034123
v -0.025496 0.040416 -0.034123
v -0.029490 0.047661 -0.021902
v -0.029490 0.047661 -0.021902
v -0.029097 0.047083 -0.034250
v -0.025638 0.040650 -0.030736
v -0.025496 0.040416 -0.034123
v -0.030448 -0.034993 -0.049554
v -0.031484 -0.023853 -0.050067
v -0.020206 -0.034208 -0.049963
v -0.025496 0.040416 -0.034123
v -0.030611 0.036557 -0.029244
v -0.025512 0.040407 -0.029295
v -0.027637 0.040715 0.037329
v -0.028965 0.045190 0.022191
v -0.022908 0.032336 0.028356
v -0.028965 0.045190 0.022191
v -0.029622 0.032284 0.021492
v -0.022908 0.032336 0.028356
v -0.026159 -0.039512 -0.037535
v -0.030559 -0.036223 -0.048098
v -0.025422 -0.039798 -0.048106
v -0.026375 -0.035662 -0.027258
v -0.025698 -0.037196 -0.027032
v -0.027748 -0.026912 0.025314
v -0.024082 -0.025241 0.027440
v -0.025635 -0.027898 -0.026058
v -0.026761 -0.031152 -0.025910
v -0.029812 -0.027889 -0.021363
v -0.025635 -0.027898 -0.026058
v -0.025982 -0.031897 -0.025727
v -0.030356 -0.028117 -0.026032
v -0.027213 -0.029435 -0.026043
v -0.029812 -0.027889 -0.021363
v -0.030356 -0.028117 -0.026032
v -0.025635 -0.027898 -0.026058
v -0.025937 0.036044 -0.025955
v -0.030213 0.032430 -0.026094
v -0.025685 0.032202 -0.026179
v -0.030213 0.032430 -0.026094
v -0.029785 0.032207 -0.021520
v -0.025685 0.032202 -0.026179
v -0.029785 0.032207 -0.021520
v -0.025937 0.036044 -0.025955
v -0.025685 0.032202 -0.026179
v -0.027284 0.035196 -0.026109
v -0.030213 0.032430 -0.026094
v -0.029235 -0.022373 -0.052377
v -0.025827 -0.025650 -0.053106
v -0.025982 -0.031897 -0.025727
v -0.025895 -0.034643 -0.026717
v -0.026499 -0.035514 -0.027429
v -0.025394 -0.034715 -0.026280
v -0.028693 -0.045017 -0.022468
v -0.025675 -0.033714 -0.026007
v -0.031997 0.026108 0.043832
v -0.030419 0.026141 0.057875
v -0.027474 -0.021547 0.058824
v -0.027062 -0.021564 0.044307
v -0.025774 -0.021627 0.044427
v -0.025814 -0.024708 0.044141
v -0.026637 -0.021952 0.044201
v -0.025834 -0.024729 0.043878
v -0.028420 -0.021498 0.043929
v -0.032096 -0.023947 0.043908
v -0.025834 -0.024729 0.043878
v -0.026189 0.027410 0.044175
v -0.031997 0.026108 0.043832
v -0.030718 0.028014 0.043813
v -0.025887 0.029169 0.044139
v -0.030934 -0.024234 0.043826
v -0.025834 -0.024729 0.043878
v -0.029915 -0.024491 0.042599
v -0.025834 -0.024729 0.043878
v -0.028546 -0.019931 -0.101948
v -0.028553 -0.015137 -0.151087
v -0.025376 -0.022117 -0.151218
v -0.025999 0.003146 -0.242200
v -0.034517 0.004422 -0.242748
v -0.025558 0.008707 -0.244804
v -0.029785 0.032207 -0.021520
v -0.029490 0.047661 -0.021902
v -0.025937 0.036044 -0.025955
v -0.028553 -0.015137 -0.151087
v -0.026481 -0.013113 -0.206091
v -0.025854 -0.018964 -0.178521
v -0.025376 -0.022117 -0.151218
v -0.028553 -0.015137 -0.151087
v -0.025854 -0.018964 -0.178521
v -0.026506 -0.035636 -0.027464
v -0.025729 -0.037093 -0.027196
v -0.028735 -0.021032 -0.037071
v -0.027510 -0.022493 -0.036941
v -0.028693 -0.045017 -0.022468
v -0.029812 -0.027889 -0.021363
v -0.025982 -0.031897 -0.025727
v -0.026465 -0.025957 -0.051942
v -0.029163 -0.022831 -0.051670
v -0.027126 0.002314 0.064456
v -0.025648 0.002291 0.065619
v -0.026992 -0.023697 0.040933
v -0.026481 -0.013113 -0.206091
v -0.026481 -0.013113 -0.206091
v -0.027926 -0.004456 -0.206039
v -0.027926 -0.004456 -0.206039
v -0.024465 -0.011821 -0.251475
v -0.027629 -0.046361 0.021597
v -0.021320 -0.046784 0.026702
v -0.030535 -0.046498 0.016627
v -0.021320 -0.046784 0.026702
v -0.030611 0.036557 -0.029244
v -0.027132 0.035454 -0.026206
v -0.026256 0.002342 -0.241292
v -0.034517 0.004422 -0.242748
v -0.034511 0.003341 -0.241583
v -0.026134 0.001300 -0.240161
v -0.026892 -0.035348 -0.027917
v -0.027231 -0.035136 -0.037742
v -0.023326 -0.037636 -0.031155
v -0.025773 0.002774 0.065479
v -0.026831 0.002331 0.064145
v -0.028229 -0.073454 -0.006724
v -0.026498 -0.073548 -0.011813
v -0.026405 0.000949 -0.238799
v -0.035182 0.001753 -0.238104
v -0.034868 0.002107 -0.239421
v -0.026134 0.001300 -0.240161
v -0.026825 0.005955 0.064749
v -0.025722 0.003481 0.065566
v -0.026637 0.006696 0.064281
v -0.026199 0.003265 0.064948
v -0.030220 -0.020594 -0.053711
v -0.021732 -0.028226 -0.122608
v -0.025827 -0.025650 -0.053106
v -0.025552 -0.063970 0.016538
v -0.027841 -0.071900 0.012206
v -0.025472 -0.071646 0.016676
v -0.027912 -0.071715 -0.012061
v -0.027818 -0.063549 -0.012086
v -0.025540 -0.071722 -0.016492
v -0.027818 -0.063549 -0.012086
v -0.025472 -0.064045 -0.016631
v -0.025540 -0.071722 -0.016492
v -0.027922 -0.063980 0.012105
v -0.027841 -0.071900 0.012206
v -0.025552 -0.063970 0.016538
v -0.030107 -0.032696 -0.029074
v -0.026892 -0.035348 -0.027917
v -0.025982 -0.031897 -0.025727
v -0.027062 -0.063054 -0.012284
v -0.028194 -0.062185 -0.006926
v -0.027334 0.025575 -0.270952
v -0.026603 0.026651 -0.272636
v -0.027828 0.024997 -0.270136
v -0.026603 0.026651 -0.272636
v -0.026023 -0.011669 0.066654
v -0.026023 -0.011669 0.066654
v -0.026768 -0.011080 0.063416
v -0.027028 -0.011253 0.062941
v -0.027981 -0.017533 0.062912
v -0.026784 0.006350 0.064541
v -0.026912 0.012121 0.063040
v -0.028744 -0.073588 0.001184
v -0.026406 -0.073723 0.010938
v -0.027002 0.002315 0.063807
v -0.028440 0.002283 0.064728
v -0.026912 0.012121 0.063040
v -0.026700 0.006088 0.064164
v -0.026982 -0.031352 -0.026016
v -0.030107 -0.032696 -0.029074
v -0.026993 0.005705 0.064953
v -0.027206 0.011960 0.063572
v -0.029034 -0.023253 0.034010
v -0.024082 -0.025241 0.027440
v -0.029905 -0.023138 0.028552
v -0.029903 -0.026607 0.026150
v -0.024082 -0.025241 0.027440
v -0.029882 -0.023528 -0.050974
v -0.026664 -0.026903 -0.050685
v -0.026912 0.012121 0.063040
v -0.026908 0.002345 0.063588
v -0.027072 -0.073023 0.011141
v -0.028364 -0.073339 0.007120
v -0.027199 0.013190 0.062986
v -0.026985 0.002296 0.063037
v -0.028553 -0.015137 -0.151087
v -0.030445 -0.008743 -0.151100
v -0.026481 -0.013113 -0.206091
v -0.028000 -0.073434 0.007528
v -0.028943 -0.073522 0.002234
v -0.027184 0.012084 0.063497
v -0.027862 0.016910 0.062861
v -0.031819 -0.031096 -0.045982
v -0.030919 -0.031985 -0.038557
v -0.027131 -0.035015 -0.045973
v -0.027982 0.002286 0.063114
v -0.028440 0.002283 0.064728
v -0.028921 -0.072431 0.007507
v -0.027841 -0.071900 0.012206
v -0.028314 -0.073368 -0.007241
v -0.027236 -0.072702 -0.011693
v -0.027774 -0.061950 0.007504
v -0.027287 -0.063004 0.011765
v -0.028845 -0.063197 -0.007447
v -0.027818 -0.063549 -0.012086
v -0.029924 0.046972 -0.034237
v -0.025496 0.040416 -0.034123
v -0.027836 0.002338 0.062863
v -0.027862 0.016910 0.062861
v -0.030445 -0.008743 -0.151100
v -0.030445 -0.008743 -0.151100
v -0.028787 -0.062117 0.002106
v -0.027774 -0.061950 0.007504
v -0.028042 0.028012 0.034953
v -0.030327 0.029042 0.040809
v -0.027033 0.028166 0.040829
v -0.031194 0.035952 -0.034196
v -0.031194 0.035952 -0.034196
v -0.031194 0.035952 -0.034196
v -0.031194 0.035952 -0.034196
v -0.030611 0.036557 -0.029244
v -0.025496 0.040416 -0.034123
v -0.026892 -0.035348 -0.027917
v -0.030107 -0.032696 -0.029074
v -0.027231 -0.035136 -0.037742
v -0.027048 -0.027346 0.024500
v -0.029848 -0.027892 0.021153
v -0.027400 -0.044397 0.024055
v -0.029848 -0.027892 0.021153
v -0.028982 -0.041034 0.022121
v -0.029729 -0.040359 0.021184
v -0.027400 -0.044397 0.024055
v -0.029719 -0.040662 0.021179
v -0.027400 -0.044397 0.024055
v -0.029706 -0.040779 0.021197
v -0.027400 -0.044397 0.024055
v -0.029738 -0.040928 0.021190
v -0.027400 -0.044397 0.024055
v -0.030220 -0.020594 -0.053711
v -0.028546 -0.019931 -0.101948
v -0.021732 -0.028226 -0.122608
v -0.028434 -0.024092 0.040576
v -0.028153 -0.023533 0.034711
v -0.028888 -0.072492 -0.007459
v -0.027912 -0.071715 -0.012061
v -0.028604 -0.063039 0.007738
v -0.027922 -0.063980 0.012105
v -0.028426 -0.027130 0.024748
v -0.029848 -0.027892 0.021153
v -0.028980 0.041814 0.041887
v -0.028105 0.041568 0.037060
v -0.028546 -0.019931 -0.101948
v -0.033440 -0.015224 -0.053744
v -0.028553 -0.015137 -0.151087
v -0.027489 -0.045460 0.022910
v -0.031195 -0.044538 0.018848
v -0.030585 -0.045524 0.018586
v -0.027262 -0.046330 0.022374
v -0.028526 0.042805 0.034783
v -0.028965 0.045190 0.022191
v -0.031900 0.043960 0.017707
v -0.029622 0.032284 0.021492
v -0.028965 0.045190 0.022191
v -0.031594 -0.016989 -0.046081
v -0.031594 -0.016989 -0.046081
v -0.039765 -0.021026 -0.045990
v -0.039765 -0.021026 -0.045990
v -0.039765 -0.021026 -0.045990
v -0.025711 -0.024494 -0.046066
v -0.025711 -0.024494 -0.046066
v -0.025711 -0.024494 -0.046066
v -0.036218 -0.026234 -0.045987
v -0.036218 -0.026234 -0.045987
v -0.031819 -0.031096 -0.045982
v -0.029657 -0.020504 -0.041075
v -0.031594 -0.016989 -0.046081
v -0.025711 -0.024494 -0.046066
v -0.028426 0.016626 0.062685
v -0.028688 0.002278 0.062689
v -0.030832 -0.046413 -0.017162
v -0.028000 -0.046007 -0.021557
v -0.030445 -0.008743 -0.151100
v -0.028032 -0.003858 -0.205227
v -0.030541 -0.032243 -0.040910
v -0.035905 -0.026555 -0.040993
v -0.035905 -0.026555 -0.040993
v -0.029657 -0.020504 -0.041075
v -0.029657 -0.020504 -0.041075
v -0.029778 -0.041013 0.021170
v -0.031195 -0.044538 0.018848
v -0.027400 -0.044397 0.024055
v -0.031283 -0.022479 0.033235
v -0.030224 -0.022858 0.033513
v -0.029905 -0.023138 0.028552
v -0.029905 -0.023138 0.028552
v -0.024082 -0.025241 0.027440
v -0.027700 -0.020781 0.060789
v -0.028213 -0.021141 0.059289
v -0.029092 -0.020323 0.060199
v -0.027700 -0.020781 0.060789
v -0.028123 -0.019914 0.061436
v -0.029610 -0.019567 0.060960
v -0.029205 -0.023836 0.035116
v -0.030022 -0.024587 0.040921
v -0.028343 -0.021204 0.058934
v -0.028420 -0.021498 0.043929
v -0.030611 0.036557 -0.029244
v -0.030213 0.032430 -0.026094
v -0.027661 0.035018 -0.026175
v -0.028693 -0.045017 -0.022468
v -0.031944 -0.044580 -0.017616
v -0.029812 -0.027889 -0.021363
v -0.032034 0.045996 -0.017859
v -0.029490 0.047661 -0.021902
v -0.029785 0.032207 -0.021520
v -0.028868 0.027892 0.034377
v -0.030188 0.028432 0.034829
v -0.029212 0.028259 0.035067
v -0.030327 0.029042 0.040809
v -0.027922 -0.063980 0.012105
v -0.029494 -0.071668 0.007499
v -0.027841 -0.071900 0.012206
v -0.029522 -0.071707 -0.007299
v -0.029498 -0.064030 -0.007456
v -0.027912 -0.071715 -0.012061
v -0.029498 -0.064030 -0.007456
v -0.027818 -0.063549 -0.012086
v -0.027912 -0.071715 -0.012061
v -0.029531 -0.063991 0.007343
v -0.029494 -0.071668 0.007499
v -0.027922 -0.063980 0.012105
v -0.029163 -0.022831 -0.051670
v -0.030532 -0.020314 -0.053141
v -0.031300 -0.045476 -0.017561
v -0.028693 -0.045017 -0.022468
v -0.028189 -0.018160 0.062533
v -0.029918 -0.017598 0.061840
v -0.029918 -0.017598 0.061840
v -0.029082 -0.019141 0.061530
v -0.029006 -0.072437 0.007134
v -0.030320 -0.071679 0.002541
v -0.029527 -0.072693 0.002612
v -0.028364 -0.073339 0.007120
v -0.028638 -0.073721 -0.002807
v -0.028840 -0.072681 -0.007066
v -0.028920 -0.062166 0.002606
v -0.028658 -0.062903 0.007107
v -0.029393 -0.062891 -0.002573
v -0.028194 -0.062185 -0.006926
v -0.028944 -0.063189 -0.006974
v -0.030326 -0.064021 -0.002497
v -0.035942 -0.009045 -0.053712
v -0.030445 -0.008743 -0.151100
v -0.028553 -0.015137 -0.151087
v -0.033440 -0.015224 -0.053744
v -0.035942 -0.009045 -0.053712
v -0.028553 -0.015137 -0.151087
v -0.028919 -0.017418 0.062396
v -0.028567 -0.009549 0.062746
v -0.034006 -0.028899 -0.029117
v -0.030107 -0.032696 -0.029074
v -0.027474 -0.030910 -0.026036
v -0.029921 -0.028936 -0.026316
v -0.034006 -0.028899 -0.029117
v -0.029490 0.047661 -0.021902
v -0.029300 0.047294 -0.035418
v -0.029481 -0.072654 -0.002905
v -0.029522 -0.071707 -0.007299
v -0.029632 -0.063136 0.002755
v -0.029531 -0.063991 0.007343
v -0.029394 -0.023682 0.034757
v -0.030224 -0.022858 0.033513
v -0.032089 -0.018917 -0.051888
v -0.029163 -0.022831 -0.051670
v -0.026023 -0.011669 0.066654
v -0.028956 -0.009220 0.062540
v -0.031415 -0.007154 0.060259
v -0.029918 -0.017598 0.061840
v -0.028567 -0.009549 0.062746
v -0.031437 0.026909 0.033239
v -0.029793 0.027983 0.034314
v -0.031346 0.002274 0.060351
v -0.030449 0.002276 0.062245
v -0.030538 0.002274 0.061322
v -0.028799 0.002279 0.063027
v -0.029600 0.002368 0.062016
v -0.028950 0.016414 0.062522
v -0.029484 -0.020814 0.044032
v -0.029253 -0.020841 0.059176
v -0.029858 -0.020347 0.059107
v -0.030556 -0.020127 0.043926
v -0.030454 0.047118 -0.059162
v -0.030151 0.047080 -0.034281
v -0.029610 -0.019567 0.060960
v -0.029866 -0.020225 0.059354
v -0.033314 -0.046837 -0.007703
v -0.029866 -0.046556 -0.017894
v -0.029899 -0.020239 -0.040211
v -0.031594 -0.016989 -0.046081
v -0.029768 -0.021023 0.043926
v -0.032096 -0.023947 0.043908
v -0.031357 -0.043426 0.018622
v -0.029778 -0.041013 0.021170
v -0.031832 -0.034194 0.021006
v -0.029848 -0.027892 0.021153
v -0.030378 -0.038064 0.021054
v -0.029848 -0.027892 0.021153
v -0.031313 -0.003176 -0.152109
v -0.028131 -0.003287 -0.204490
v -0.035852 -0.031345 -0.037553
v -0.030559 -0.036223 -0.048098
v -0.026159 -0.039512 -0.037535
v -0.035852 -0.031345 -0.037553
v -0.029693 -0.072520 0.002153
v -0.030307 -0.071733 -0.002394
v -0.029425 -0.072793 -0.002303
v -0.028943 -0.073522 0.002234
v -0.028741 -0.062010 -0.002107
v -0.029510 -0.062932 0.002296
v -0.029619 -0.063122 -0.002020
v -0.030315 -0.063967 0.002437
v -0.029715 -0.040705 0.021184
v -0.029698 -0.040838 0.021208
v -0.029645 0.017220 0.061976
v -0.030538 0.002274 0.061322
v -0.029841 0.047692 -0.044633
v -0.030454 0.047118 -0.059162
v -0.035781 -0.018178 -0.041079
v -0.035781 -0.018178 -0.041079
v -0.035781 -0.018178 -0.041079
v -0.030116 -0.020273 -0.037082
v -0.030116 -0.020273 -0.037082
v -0.029657 -0.020504 -0.041075
v -0.029707 -0.040814 0.021199
v -0.029778 -0.041013 0.021170
v -0.029748 -0.040050 0.021180
v -0.029737 -0.040665 0.021173
v -0.035048 0.002270 0.061844
v -0.035048 0.002270 0.061844
v -0.035048 0.002270 0.061844
v -0.029719 -0.040686 0.021180
v -0.029778 -0.041013 0.021170
v -0.035781 -0.018178 -0.041079
v -0.035046 -0.004014 0.062348
v -0.035046 -0.004014 0.062348
v -0.035046 -0.004014 0.062348
v -0.031415 -0.007154 0.060259
v -0.031415 -0.007154 0.060259
v -0.030220 -0.020594 -0.053711
v -0.033440 -0.015224 -0.053744
v -0.028546 -0.019931 -0.101948
v -0.029860 -0.040992 0.021086
v -0.031628 -0.042789 0.018212
v -0.029931 -0.040930 0.021016
v -0.029778 -0.041013 0.021170
v -0.035995 -0.021322 0.020361
v -0.029904 -0.023487 0.020900
v -0.029897 -0.021953 -0.025910
v -0.030356 -0.028117 -0.026032
v -0.029812 -0.027889 -0.021363
v -0.029898 -0.021763 -0.021041
v -0.029897 -0.021953 -0.025910
v -0.029812 -0.027889 -0.021363
v -0.032122 -0.021759 -0.017348
v -0.029898 -0.021763 -0.021041
v -0.029812 -0.027889 -0.021363
v -0.031944 -0.044580 -0.017616
v -0.032122 -0.021759 -0.017348
v -0.029812 -0.027889 -0.021363
v -0.029897 -0.021953 -0.025910
v -0.034691 -0.023505 -0.026134
v -0.030356 -0.028117 -0.026032
v -0.029904 -0.023487 0.020900
v -0.029848 -0.027892 0.021153
v -0.029903 -0.026607 0.026150
v -0.029904 -0.023487 0.020900
v -0.038712 -0.025240 0.020725
v -0.029848 -0.027892 0.021153
v -0.038712 -0.025240 0.020725
v -0.032487 -0.033484 0.021005
v -0.029848 -0.027892 0.021153
v -0.029905 -0.023138 0.028552
v -0.029904 -0.023487 0.020900
v -0.029903 -0.026607 0.026150
v -0.035425 -0.021258 0.024893
v -0.035754 -0.021269 0.020518
v -0.029904 -0.023487 0.020900
v -0.033505 -0.021644 0.033913
v -0.035425 -0.021258 0.024893
v -0.029904 -0.023487 0.020900
v -0.030698 -0.022838 0.029102
v -0.029904 -0.023487 0.020900
v -0.033475 -0.021765 -0.025813
v -0.029897 -0.021953 -0.025910
v -0.035071 -0.023032 -0.026086
v -0.029897 -0.021953 -0.025910
v -0.030806 -0.021744 -0.020360
v -0.033160 -0.021546 -0.025737
v -0.031149 -0.021780 -0.025417
v -0.029898 -0.021763 -0.021041
v -0.033176 -0.018929 -0.026510
v -0.029899 -0.020090 -0.026564
v -0.030116 -0.020273 -0.037082
v -0.029916 0.001979 -0.035635
v -0.030116 -0.020273 -0.037082
v -0.029899 -0.020090 -0.026564
v -0.029916 0.002082 -0.034110
v -0.030116 -0.020273 -0.037082
v -0.029935 0.024407 -0.034155
v -0.029916 0.002082 -0.034110
v -0.029899 -0.020090 -0.026564
v -0.029936 0.024284 -0.026653
v -0.033176 -0.018929 -0.026510
v -0.033211 0.023118 -0.026594
v -0.029899 -0.020090 -0.026564
v -0.029936 0.024284 -0.026653
v -0.036236 0.002085 -0.035660
v -0.029926 0.002091 -0.035615
v -0.029935 0.024407 -0.034155
v -0.036083 0.022021 -0.034241
v -0.036083 0.022021 -0.034241
v -0.029916 0.002082 -0.034110
v -0.029916 0.002082 -0.034110
v -0.036310 0.002076 -0.034201
v -0.034990 -0.011492 -0.037093
v -0.034990 -0.011492 -0.037093
v -0.030116 -0.020273 -0.037082
v -0.029915 0.002076 -0.037119
v -0.029915 0.002076 -0.037119
v -0.036515 0.001018 -0.037118
v -0.037029 0.001373 -0.037120
v -0.032035 0.023534 -0.026882
v -0.036083 0.022021 -0.034241
v -0.036083 0.022021 -0.034241
v -0.029935 0.024407 -0.034155
v -0.029936 0.024284 -0.026653
v -0.029785 0.032207 -0.021520
v -0.030213 0.032430 -0.026094
v -0.029938 0.025979 -0.021137
v -0.030213 0.032430 -0.026094
v -0.029937 0.026051 -0.025975
v -0.029938 0.025979 -0.021137
v -0.029937 0.026051 -0.025975
v -0.030422 0.025986 -0.020775
v -0.032262 0.025985 -0.017386
v -0.029785 0.032207 -0.021520
v -0.029938 0.025979 -0.021137
v -0.033199 0.025687 -0.025801
v -0.032262 0.025985 -0.017386
v -0.029937 0.026051 -0.025975
v -0.035085 0.026212 -0.025985
v -0.033531 0.025920 -0.025888
v -0.029937 0.026051 -0.025975
v -0.029947 0.027768 0.020803
v -0.029947 0.027768 0.020803
v -0.035412 0.025685 0.024658
v -0.035412 0.025685 0.024658
v -0.035412 0.025685 0.024658
v -0.033792 0.025949 0.033916
v -0.029948 0.027538 0.028830
v -0.032118 0.026632 0.033234
v -0.029948 0.027538 0.028830
v -0.030335 0.027286 0.033254
v -0.029948 0.027538 0.028830
v -0.029952 0.032310 0.028820
v -0.029947 0.027768 0.020803
v -0.029948 0.027538 0.028830
v -0.032096 0.027124 0.017363
v -0.029952 0.032310 0.028820
v -0.029622 0.032284 0.021492
v -0.029947 0.027768 0.020803
v -0.029622 0.032284 0.021492
v -0.030481 0.028078 0.019965
v -0.030213 0.032430 -0.026094
v -0.035428 0.026542 -0.026109
v -0.029937 0.026051 -0.025975
v -0.031900 0.043960 0.017707
v -0.032096 0.027124 0.017363
v -0.029622 0.032284 0.021492
v -0.032262 0.025985 -0.017386
v -0.032034 0.045996 -0.017859
v -0.029785 0.032207 -0.021520
v -0.030027 -0.040572 0.020945
v -0.029976 -0.040814 0.020975
v -0.029778 -0.041013 0.021170
v -0.029985 -0.040742 0.020972
v -0.030008 -0.040680 0.020953
v -0.029960 -0.040879 0.020987
v -0.031758 -0.040452 0.018172
v -0.031758 -0.040452 0.018172
v -0.031529 -0.041461 0.018462
v -0.029932 -0.040970 0.021013
v -0.029748 -0.040050 0.021180
v -0.029930 -0.040638 0.021031
v -0.029531 -0.063991 0.007343
v -0.030320 -0.071679 0.002541
v -0.029494 -0.071668 0.007499
v -0.030307 -0.071733 -0.002394
v -0.030326 -0.064021 -0.002497
v -0.030326 -0.064021 -0.002497
v -0.029522 -0.071707 -0.007299
v -0.029522 -0.071707 -0.007299
v -0.029498 -0.064030 -0.007456
v -0.030315 -0.063967 0.002437
v -0.030320 -0.071679 0.002541
v -0.029531 -0.063991 0.007343
v -0.029878 -0.040248 0.021077
v -0.030767 -0.037203 0.020976
v -0.030707 -0.023582 0.034531
v -0.030224 -0.022858 0.033513
v -0.031001 0.027995 0.034363
v -0.031437 0.026909 0.033239
v -0.030564 -0.023111 -0.050815
v -0.033878 -0.017887 -0.050764
v -0.030767 -0.037203 0.020976
v -0.031643 -0.037703 0.019377
v -0.030697 -0.040041 0.020049
v -0.031758 -0.040452 0.018172
v -0.032915 -0.046495 -0.011812
v -0.030832 -0.046413 -0.017162
v -0.030646 -0.019378 0.059335
v -0.029610 -0.019567 0.060960
v -0.029932 -0.018716 0.061062
v -0.031275 -0.018527 0.059216
v -0.031047 -0.017544 0.060277
v -0.029918 -0.017598 0.061840
v -0.031415 -0.007154 0.060259
v -0.030584 -0.017271 0.061077
v -0.032785 -0.046015 0.012953
v -0.032651 -0.045916 0.013570
v -0.030292 -0.046342 0.018068
v -0.033176 -0.018929 -0.026510
v -0.033512 -0.018774 -0.024906
v -0.037284 -0.002397 -0.053403
v -0.033238 0.001041 -0.124231
v -0.031313 -0.003176 -0.152109
v -0.033238 0.001041 -0.124231
v -0.026286 0.000587 -0.237554
v -0.031313 -0.003176 -0.152109
v -0.034936 -0.031712 -0.048741
v -0.030448 -0.034993 -0.049554
v -0.030613 -0.035474 -0.048865
v -0.035246 -0.031961 -0.048115
v -0.030315 -0.063967 0.002437
v -0.030326 -0.064021 -0.002497
v -0.030326 -0.064021 -0.002497
v -0.030320 -0.071679 0.002541
v -0.030320 -0.071679 0.002541
v -0.030307 -0.071733 -0.002394
v -0.031252 -0.003882 -0.151633
v -0.030445 -0.008743 -0.151100
v -0.030107 -0.032696 -0.029074
v -0.035504 -0.027365 -0.037761
v -0.027231 -0.035136 -0.037742
v -0.030865 0.019422 0.060760
v -0.030538 0.002274 0.061322
v -0.035852 -0.031345 -0.037553
v -0.035246 -0.031961 -0.048115
v -0.030559 -0.036223 -0.048098
v -0.031175 -0.019136 0.044015
v -0.030450 -0.019862 0.059116
v -0.030866 -0.019190 0.059126
v -0.031817 -0.018115 0.043922
v -0.030846 -0.045428 0.018289
v -0.033664 -0.044992 0.013830
v -0.029982 -0.024037 0.035173
v -0.031426 -0.023551 0.034694
v -0.031112 0.028053 0.034472
v -0.032725 0.027659 0.034662
v -0.035942 -0.009045 -0.053712
v -0.031234 -0.004214 -0.151338
v -0.030445 -0.008743 -0.151100
v -0.035253 -0.020776 0.043879
v -0.035253 -0.020776 0.043879
v -0.032096 -0.023947 0.043908
v -0.031497 -0.019145 0.043921
v -0.030556 -0.020127 0.043926
v -0.032942 -0.023850 0.040894
v -0.030611 -0.024406 0.041845
v -0.031529 -0.024103 0.043695
v -0.032942 -0.023850 0.040894
v -0.031246 -0.024246 0.040581
v -0.029982 -0.024037 0.035173
v -0.030327 0.029042 0.040809
v -0.031314 0.028603 0.043407
v -0.035504 -0.027365 -0.037761
v -0.035905 -0.026555 -0.040993
v -0.030541 -0.032243 -0.040910
v -0.027231 -0.035136 -0.037742
v -0.035504 -0.027365 -0.037761
v -0.030541 -0.032243 -0.040910
v -0.033238 0.001041 -0.124231
v -0.042178 0.002056 -0.125139
v -0.026286 0.000587 -0.237554
v -0.033398 -0.034100 0.018935
v -0.031702 -0.037096 0.019597
v -0.032530 -0.022099 0.033661
v -0.030224 -0.022858 0.033513
v -0.031006 -0.023113 0.033991
v -0.032323 -0.022220 0.033574
v -0.031597 0.002275 0.059293
v -0.031597 0.002275 0.059293
v -0.031293 0.020684 0.060092
v -0.031069 0.002345 0.060305
v -0.037116 -0.003905 -0.053191
v -0.037284 -0.002397 -0.053403
v -0.031273 -0.003699 -0.151716
v -0.031234 -0.004214 -0.151338
v -0.035942 -0.009045 -0.053712
v -0.036950 -0.005426 -0.052928
v -0.031234 -0.004214 -0.151338
v -0.036343 0.042227 -0.034286
v -0.036343 0.042227 -0.034286
v -0.032942 -0.023850 0.040894
v -0.031457 -0.023693 0.035417
v -0.031619 0.028022 0.034987
v -0.033149 0.028179 0.040803
v -0.031520 0.028644 0.040500
v -0.030188 0.028432 0.034829
v -0.031819 -0.031096 -0.045982
v -0.036291 -0.026216 -0.038567
v -0.030919 -0.031985 -0.038557
v -0.037002 -0.025719 -0.038283
v -0.039595 -0.023604 -0.037571
v -0.030281 -0.033021 -0.038182
v -0.030919 -0.031985 -0.038557
v -0.032176 0.028724 0.017204
v -0.031900 0.043960 0.017707
v -0.031242 -0.019313 -0.052886
v -0.033440 -0.015224 -0.053744
v -0.035987 0.025587 0.017551
v -0.035412 0.025685 0.024658
v -0.032096 0.027124 0.017363
v -0.031530 -0.043307 0.018340
v -0.033495 -0.039847 0.014881
v -0.033495 -0.039847 0.014881
v -0.033664 -0.044992 0.013830
v -0.031195 -0.044538 0.018848
v -0.032751 0.028255 0.041638
v -0.030327 0.029042 0.040809
v -0.033738 -0.014894 -0.053202
v -0.031579 -0.018995 -0.052409
v -0.031473 -0.017826 0.058922
v -0.031817 -0.018115 0.043922
v -0.031155 -0.017151 0.060419
v -0.031426 -0.017726 0.059174
v -0.031415 -0.007154 0.060259
v -0.031403 -0.017082 0.059585
v -0.031293 0.020684 0.060092
v -0.031467 0.021993 0.059119
v -0.031666 0.006116 0.058767
v -0.031718 0.007509 0.058438
v -0.031916 -0.023318 0.034645
v -0.032323 -0.022220 0.033574
v -0.030448 -0.034993 -0.049554
v -0.040747 -0.023147 -0.049574
v -0.031484 -0.023853 -0.050067
v -0.031526 0.027597 0.034045
v -0.032725 0.027659 0.034662
v -0.033041 -0.046405 -0.012382
v -0.031414 -0.045594 -0.017180
v -0.034691 -0.023505 -0.026134
v -0.034006 -0.028899 -0.029117
v -0.030356 -0.028117 -0.026032
v -0.041899 -0.022049 -0.037573
v -0.039595 -0.023604 -0.037571
v -0.040828 -0.022935 -0.037572
v -0.043135 -0.021495 -0.037574
v -0.035701 -0.007756 -0.046099
v -0.035701 -0.007756 -0.046099
v -0.035701 -0.007756 -0.046099
v -0.035701 -0.007756 -0.046099
v -0.042364 -0.015767 -0.046019
v -0.042364 -0.015767 -0.046019
v -0.031594 -0.016989 -0.046081
v -0.042364 -0.015767 -0.046019
v -0.034990 -0.011492 -0.037093
v -0.035701 -0.007756 -0.046099
v -0.031594 -0.016989 -0.046081
v -0.030116 -0.020273 -0.037082
v -0.034990 -0.011492 -0.037093
v -0.031594 -0.016989 -0.046081
v -0.030611 0.036557 -0.029244
v -0.035439 0.031458 -0.029216
v -0.030213 0.032430 -0.026094
v -0.031668 -0.042139 0.018152
v -0.031758 -0.040452 0.018172
v -0.031679 -0.036852 0.018197
v -0.033321 -0.038283 0.014999
v -0.031677 -0.036845 0.018199
v -0.033302 -0.033852 0.018330
v -0.031664 -0.042230 0.018153
v -0.031866 -0.039124 0.017818
v -0.032353 -0.039860 0.016936
v -0.031628 -0.042789 0.018212
v -0.032640 -0.034773 0.018269
v -0.031804 -0.022876 0.017895
v -0.033258 -0.022418 0.015036
v -0.033321 -0.038283 0.014999
v -0.033321 -0.038283 0.014999
v -0.033321 -0.038283 0.014999
v -0.031639 -0.036765 0.018190
v -0.031804 -0.022876 0.017895
v -0.033258 -0.022418 0.015036
v -0.031639 -0.036765 0.018190
v -0.033302 -0.033852 0.018330
v -0.039030 -0.025380 0.018385
v -0.031804 -0.022876 0.017895
v -0.033321 -0.038283 0.014999
v -0.031679 -0.036995 0.018196
v -0.031647 -0.037073 0.018186
v -0.031716 -0.036934 0.018208
v -0.031643 -0.037108 0.018183
v -0.033321 -0.038283 0.014999
v -0.031651 -0.037227 0.018173
v -0.031758 -0.040452 0.018172
v -0.031691 -0.041694 0.018118
v -0.033321 -0.038283 0.014999
v -0.031686 -0.037344 0.018170
v -0.031684 -0.041673 0.018136
v -0.031680 -0.041970 0.018125
v -0.031710 -0.037557 0.018133
v -0.031714 -0.037395 0.018174
v -0.033321 -0.038283 0.014999
v -0.031704 -0.037471 0.018148
v -0.033321 -0.038283 0.014999
v -0.031727 -0.037604 0.018131
v -0.035200 -0.019730 0.043902
v -0.031817 -0.018115 0.043922
v -0.031690 -0.041734 0.018117
v -0.031866 -0.039124 0.017818
v -0.031718 0.007509 0.058438
v -0.031817 0.002256 0.053106
v -0.031597 0.002275 0.059293
v -0.031981 0.016589 0.044295
v -0.031817 0.002256 0.053106
v -0.031718 0.007509 0.058438
v -0.031838 0.016610 0.056068
v -0.031981 0.016589 0.044295
v -0.031718 0.007509 0.058438
v -0.033177 0.002256 0.053506
v -0.035211 0.002253 0.053164
v -0.031759 -0.015747 0.056991
v -0.031817 -0.018115 0.043922
v -0.031816 -0.014122 0.056274
v -0.031657 -0.017168 0.058718
v -0.031415 -0.007154 0.060259
v -0.031814 -0.012086 0.056056
v -0.031657 -0.017168 0.058718
v -0.031810 -0.006937 0.053124
v -0.031810 -0.006937 0.053124
v -0.031957 -0.012113 0.044352
v -0.031814 -0.012086 0.056056
v -0.031415 -0.007154 0.060259
v -0.031719 -0.007317 0.054391
v -0.031957 -0.012113 0.044352
v -0.031837 0.017449 0.056073
v -0.031718 0.007509 0.058438
v -0.031818 0.020510 0.056465
v -0.031718 0.007509 0.058438
v -0.031991 0.019134 0.043846
v -0.031840 0.019160 0.055993
v -0.031783 0.026122 0.057274
v -0.033321 -0.038283 0.014999
v -0.031744 -0.037718 0.018091
v -0.031997 0.026108 0.043832
v -0.031991 0.019134 0.043846
v -0.031783 0.026122 0.057274
v -0.031752 -0.040601 0.018133
v -0.031866 -0.039124 0.017818
v -0.032376 0.027397 0.043777
v -0.030587 0.028810 0.043771
v -0.031717 -0.037445 0.018166
v -0.031942 -0.037346 0.018388
v -0.031729 -0.037593 0.018139
v -0.031942 -0.037346 0.018388
v -0.031827 -0.037108 0.018291
v -0.033302 -0.033852 0.018330
v -0.031942 -0.037346 0.018388
v -0.031681 -0.037007 0.018200
v -0.031673 -0.037213 0.018190
v -0.031942 -0.037346 0.018388
v -0.031644 -0.037145 0.018182
v -0.031657 -0.037292 0.018167
v -0.037880 -0.014562 0.043898
v -0.037880 -0.014562 0.043898
v -0.037880 -0.014562 0.043898
v -0.031963 -0.014659 0.043914
v -0.031832 -0.014636 0.056120
v -0.031832 -0.014636 0.056120
v -0.031963 -0.014659 0.043914
v -0.031817 -0.018115 0.043922
v -0.031832 -0.014636 0.056120
v -0.049614 0.016881 0.043972
v -0.031981 0.016589 0.044295
v -0.031838 0.016610 0.056068
v -0.033321 -0.038283 0.014999
v -0.031741 -0.037881 0.018018
v -0.031697 -0.037351 0.018177
v -0.031942 -0.037346 0.018388
v -0.033593 -0.045327 -0.012792
v -0.031944 -0.044580 -0.017616
v -0.031769 -0.038119 0.017962
v -0.031750 -0.037987 0.017996
v -0.031754 -0.038011 0.017990
v -0.031772 -0.038142 0.017956
v -0.031728 -0.037769 0.018047
v -0.031728 -0.037769 0.018047
v -0.033321 -0.038283 0.014999
v -0.033321 -0.038283 0.014999
v -0.033321 -0.038283 0.014999
v -0.033321 -0.038283 0.014999
v -0.031777 -0.038169 0.017948
v -0.031759 -0.038048 0.017979
v -0.031787 -0.038239 0.017931
v -0.031767 -0.038108 0.017965
v -0.031799 -0.038280 0.017938
v -0.031979 -0.038661 0.018182
v -0.031979 -0.038661 0.018182
v -0.031780 -0.038183 0.017950
v -0.031794 -0.038286 0.017918
v -0.039030 -0.025380 0.018385
v -0.035060 -0.022267 0.017793
v -0.035205 -0.004031 0.053177
v -0.035211 0.002253 0.053164
v -0.031810 -0.006937 0.053124
v -0.031817 0.002256 0.053106
v -0.035205 -0.004031 0.053177
v -0.031981 0.016589 0.044295
v -0.031957 -0.012113 0.044352
v -0.031810 -0.006937 0.053124
v -0.031817 0.002256 0.053106
v -0.033321 -0.038283 0.014999
v -0.031892 -0.038491 0.018022
v -0.031751 -0.037696 0.018111
v -0.031942 -0.037346 0.018388
v -0.038940 0.023634 -0.112490
v -0.040658 0.014948 -0.116683
v -0.031677 0.015549 -0.115078
v -0.033321 -0.038283 0.014999
v -0.031908 -0.038651 0.017990
v -0.032076 0.028010 -0.108460
v -0.038940 0.023634 -0.112490
v -0.031677 0.015549 -0.115078
v -0.035211 0.015410 -0.053579
v -0.035211 0.015410 -0.053579
v -0.035211 0.015410 -0.053579
v -0.035291 0.016966 -0.052195
v -0.032076 0.028010 -0.108460
v -0.032076 0.028010 -0.108460
v -0.031677 0.015549 -0.115078
v -0.031979 -0.038661 0.018182
v -0.031789 -0.038163 0.017981
v -0.031851 -0.038788 0.017818
v -0.031838 -0.038644 0.017841
v -0.031845 -0.038709 0.017829
v -0.033324 -0.039034 0.015093
v -0.031866 -0.039124 0.017818
v -0.031853 -0.038825 0.017813
v -0.037880 -0.014562 0.043898
v -0.037880 -0.014562 0.043898
v -0.034476 -0.018393 0.043917
v -0.032298 -0.015992 0.043916
v -0.035662 -0.021465 0.017483
v -0.031804 -0.022876 0.017895
v -0.031903 -0.039004 0.017960
v -0.031758 -0.040452 0.018172
v -0.031866 -0.039124 0.017818
v -0.031854 -0.038851 0.017812
v -0.033321 -0.038283 0.014999
v -0.031863 -0.038997 0.017809
v -0.031847 -0.038702 0.017841
v -0.031979 -0.038661 0.018182
v -0.031868 -0.038859 0.017857
v -0.031979 -0.038661 0.018182
v -0.031980 -0.038495 0.018334
v -0.031758 -0.040452 0.018172
v -0.031979 -0.038661 0.018182
v -0.031810 -0.037691 0.018161
v -0.026286 0.000587 -0.237554
v -0.042178 0.002056 -0.125139
v -0.035182 0.001753 -0.238104
v -0.031981 0.016589 0.044295
v -0.031981 0.016589 0.044295
v -0.049581 -0.012436 0.044037
v -0.049581 -0.012436 0.044037
v -0.031957 -0.012113 0.044352
v -0.049581 -0.012436 0.044037
v -0.031814 -0.012086 0.056056
v -0.031957 -0.012113 0.044352
v -0.049614 0.016881 0.043972
v -0.032750 -0.033995 0.020140
v -0.030767 -0.037203 0.020976
v -0.037733 0.019029 0.043840
v -0.031840 0.019160 0.055993
v -0.031840 0.019160 0.055993
v -0.031991 0.019134 0.043846
v -0.035663 0.023628 0.043781
v -0.037733 0.019029 0.043840
v -0.031991 0.019134 0.043846
v -0.031997 0.026108 0.043832
v -0.035663 0.023628 0.043781
v -0.031991 0.019134 0.043846
v -0.032891 0.026946 0.043778
v -0.035056 0.025112 0.043762
v -0.035121 0.025741 0.043744
v -0.031997 0.026108 0.043832
v -0.032288 0.031527 -0.017344
v -0.032034 0.045996 -0.017859
v -0.031992 -0.037453 0.018588
v -0.031979 -0.038661 0.018182
v -0.037242 0.030626 -0.108150
v -0.038940 0.023634 -0.112490
v -0.032076 0.028010 -0.108460
v -0.034006 -0.028899 -0.029117
v -0.035504 -0.027365 -0.037761
v -0.030107 -0.032696 -0.029074
v -0.035022 0.026302 0.017314
v -0.032096 0.027124 0.017363
v -0.036218 -0.026234 -0.045987
v -0.036291 -0.026216 -0.038567
v -0.031819 -0.031096 -0.045982
v -0.034238 -0.044413 -0.012747
v -0.034238 -0.044413 -0.012747
v -0.032243 -0.040920 -0.017199
v -0.032243 -0.040920 -0.017199
v -0.031944 -0.044580 -0.017616
v -0.032119 -0.042275 -0.017371
v -0.032122 -0.021759 -0.017348
v -0.032568 -0.021757 -0.017328
v -0.033160 -0.021546 -0.025737
v -0.032218 0.020905 0.032179
v -0.032218 0.020905 0.032179
v -0.032181 -0.016527 0.032045
v -0.032028 -0.016064 0.036915
v -0.032028 -0.016064 0.036915
v -0.032112 0.020586 0.036835
v -0.033173 -0.017961 -0.051404
v -0.034842 -0.013316 -0.052171
v -0.031995 -0.037402 0.018592
v -0.033302 -0.033852 0.018330
v -0.032466 0.027774 0.017266
v -0.034805 0.026558 0.017206
v -0.033343 -0.034010 0.018652
v -0.032042 -0.037489 0.018812
v -0.032225 0.021690 0.031525
v -0.032218 0.020905 0.032179
v -0.032464 0.022710 0.016720
v -0.032464 0.022710 0.016720
v -0.032464 0.022710 0.016720
v -0.032181 -0.016527 0.032045
v -0.032191 -0.017294 0.031531
v -0.032181 -0.016527 0.032045
v -0.034851 0.017716 0.036771
v -0.033702 0.019922 0.036791
v -0.032430 -0.018315 0.016779
v -0.032430 -0.018315 0.016779
v -0.033482 -0.014729 0.036884
v -0.032112 0.020586 0.036835
v -0.034771 -0.013723 0.036857
v -0.033609 0.018904 0.036800
v -0.032430 -0.018315 0.016779
v -0.032292 -0.018174 0.025070
v -0.032343 0.033990 -0.103914
v -0.037242 0.030626 -0.108150
v -0.032076 0.028010 -0.108460
v -0.032343 0.033990 -0.103914
v -0.032343 0.033990 -0.103914
v -0.032343 0.033990 -0.103914
v -0.032545 0.022186 0.031422
v -0.034113 0.021863 0.024605
v -0.033765 -0.035297 -0.017141
v -0.032122 -0.021759 -0.017348
v -0.034524 -0.033934 -0.017101
v -0.032576 -0.021774 -0.017303
v -0.039574 0.027239 -0.017139
v -0.032315 0.032987 -0.017294
v -0.032262 0.025985 -0.017386
v -0.032730 0.025608 -0.017353
v -0.039574 0.027239 -0.017139
v -0.033199 0.025687 -0.025801
v -0.032659 0.025630 -0.017390
v -0.033250 -0.017788 0.024684
v -0.032199 -0.017960 0.031169
v -0.033566 0.022037 0.025435
v -0.032464 0.022710 0.016720
v -0.036808 0.009699 -0.053758
v -0.035211 0.015410 -0.053579
v -0.031677 0.015549 -0.115078
v -0.032452 -0.016550 0.036776
v -0.032181 -0.016527 0.032045
v -0.039574 0.027239 -0.017139
v -0.034184 0.031998 -0.017091
v -0.035786 0.035536 -0.104020
v -0.037242 0.030626 -0.108150
v -0.032343 0.033990 -0.103914
v -0.036311 -0.021371 0.020174
v -0.038712 -0.025240 0.020725
v -0.029904 -0.023487 0.020900
v -0.032218 0.020905 0.032179
v -0.032621 0.021968 0.031716
v -0.032496 -0.016437 0.036862
v -0.034771 -0.013723 0.036857
v -0.032504 0.021027 0.036702
v -0.032218 0.020905 0.032179
v -0.034118 0.019989 0.036778
v -0.032666 0.020978 0.036771
v -0.031900 0.043960 0.017707
v -0.034357 0.042552 0.012398
v -0.032237 0.029695 0.017084
v -0.040658 0.014948 -0.116683
v -0.033106 0.008608 -0.118182
v -0.031677 0.015549 -0.115078
v -0.033106 0.008608 -0.118182
v -0.036808 0.009699 -0.053758
v -0.031677 0.015549 -0.115078
v -0.034357 0.042552 0.012398
v -0.032846 0.029297 0.015833
v -0.035451 0.033926 -0.049704
v -0.035451 0.033926 -0.049704
v -0.035495 0.035185 -0.048986
v -0.035451 0.033926 -0.049704
v -0.035451 0.033926 -0.049704
v -0.032199 -0.017960 0.031169
v -0.032553 -0.017235 0.032039
v -0.035439 0.031458 -0.029216
v -0.035428 0.026542 -0.026109
v -0.030213 0.032430 -0.026094
v -0.034166 0.039767 -0.098775
v -0.035786 0.035536 -0.104020
v -0.032343 0.033990 -0.103914
v -0.033425 0.039533 -0.098446
v -0.032343 0.033990 -0.103914
v -0.032689 0.039421 -0.097981
v -0.032689 0.039421 -0.097981
v -0.034355 -0.040580 -0.012770
v -0.033797 0.032268 -0.016680
v -0.033933 0.032281 -0.013796
v -0.034623 0.043636 -0.011974
v -0.032034 0.045996 -0.017859
v -0.032315 0.032987 -0.017294
v -0.033933 0.032281 -0.013796
v -0.034623 0.043636 -0.011974
v -0.032315 0.032987 -0.017294
v -0.034273 -0.046365 0.008350
v -0.034237 -0.017357 0.024713
v -0.032524 -0.017761 0.031592
v -0.034355 -0.040580 -0.012770
v -0.032795 -0.039505 -0.016670
v -0.033116 -0.022415 0.016391
v -0.035515 -0.021410 0.017327
v -0.033015 -0.023425 0.043522
v -0.032942 -0.023850 0.040894
v -0.032569 -0.017050 0.032247
v -0.032874 -0.017025 0.036803
v -0.032897 0.021463 0.036716
v -0.032556 0.021429 0.032158
v -0.033792 0.025949 0.033916
v -0.032455 0.027140 0.034065
v -0.033774 -0.015907 0.036795
v -0.034771 -0.013723 0.036857
v -0.033014 -0.037940 -0.017057
v -0.034524 -0.033934 -0.017101
v -0.032934 0.042292 -0.093797
v -0.033331 0.039640 -0.098221
v -0.032934 0.042292 -0.093797
v -0.032934 0.042292 -0.093797
v -0.033780 -0.046488 0.008818
v -0.034315 -0.046790 0.002678
v -0.034839 0.026811 0.016742
v -0.033263 0.028673 0.015742
v -0.035005 -0.017232 0.010517
v -0.035005 -0.017232 0.010517
v -0.032430 -0.018315 0.016779
v -0.032464 0.022710 0.016720
v -0.032464 0.022710 0.016720
v -0.033314 0.027239 0.034915
v -0.033149 0.028179 0.040803
v -0.032516 -0.023404 0.035163
v -0.032785 -0.022107 0.033841
v -0.034237 -0.017357 0.024713
v -0.032959 -0.017375 0.033142
v -0.032967 0.021848 0.032788
v -0.034113 0.021863 0.024605
v -0.033026 0.023007 -0.015847
v -0.033037 -0.018926 -0.018760
v -0.033854 -0.018427 -0.013650
v -0.033050 0.023010 -0.017383
v -0.033068 0.024092 -0.018419
v -0.033073 0.023120 -0.018883
v -0.033073 0.023120 -0.018883
v -0.033111 -0.018935 -0.023089
v -0.033111 -0.018935 -0.023089
v -0.033111 -0.018935 -0.023089
v -0.033111 -0.018935 -0.023089
v -0.033111 -0.018935 -0.023089
v -0.033122 -0.020003 -0.023675
v -0.033026 0.023007 -0.015847
v -0.033033 -0.019462 -0.018474
v -0.033037 -0.018926 -0.018760
v -0.033801 -0.021808 0.034492
v -0.032516 -0.023404 0.035163
v -0.033017 -0.021058 -0.017397
v -0.033014 -0.021757 -0.017260
v -0.043488 -0.020696 -0.016941
v -0.033052 -0.021133 -0.017331
v -0.034524 -0.033934 -0.017101
v -0.043488 -0.020696 -0.016941
v -0.033014 -0.021757 -0.017260
v -0.038112 0.025827 -0.017207
v -0.033053 0.025273 -0.017327
v -0.038146 0.024736 -0.017362
v -0.033053 0.025273 -0.017327
v -0.039100 0.023806 -0.017777
v -0.033053 0.025273 -0.017327
v -0.043913 -0.019188 -0.018032
v -0.033125 -0.019711 -0.018088
v -0.043607 -0.019982 -0.017460
v -0.033017 -0.020518 -0.017405
v -0.033328 0.024147 -0.018119
v -0.039091 0.023681 -0.017967
v -0.033199 0.025687 -0.025801
v -0.033151 0.023728 -0.023396
v -0.039360 0.023299 -0.018582
v -0.033073 0.023120 -0.018883
v -0.033145 0.023148 -0.023150
v -0.035005 -0.017232 0.010517
v -0.033272 -0.017787 0.024439
v -0.032944 -0.018086 0.016137
v -0.032302 -0.018217 0.024329
v -0.033165 0.022403 0.015930
v -0.034113 0.021863 0.024605
v -0.033408 -0.018761 -0.019195
v -0.033854 -0.018427 -0.013650
v -0.043913 -0.019188 -0.018032
v -0.033609 -0.018712 -0.019524
v -0.031484 -0.023853 -0.050067
v -0.034418 -0.017510 -0.050571
v -0.034084 -0.046340 -0.007802
v -0.033041 -0.046405 -0.012382
v -0.035577 -0.021455 0.015957
v -0.033258 -0.022418 0.015036
v -0.034859 0.021213 0.024609
v -0.032897 0.021463 0.036716
v -0.033145 0.023148 -0.023150
v -0.033145 0.023148 -0.023150
v -0.033176 -0.018929 -0.026510
v -0.033176 -0.018929 -0.026510
v -0.033111 -0.018935 -0.023089
v -0.033211 0.023118 -0.026594
v -0.042114 0.003851 -0.121339
v -0.033485 0.003095 -0.120612
v -0.033106 0.008608 -0.118182
v -0.040658 0.014948 -0.116683
v -0.042114 0.003851 -0.121339
v -0.033106 0.008608 -0.118182
v -0.033485 0.003095 -0.120612
v -0.036808 0.009699 -0.053758
v -0.033106 0.008608 -0.118182
v -0.035136 -0.016485 0.024701
v -0.032874 -0.017025 0.036803
v -0.039837 0.023033 -0.022987
v -0.033145 0.023148 -0.023150
v -0.033199 0.025687 -0.025801
v -0.039891 0.023164 -0.023485
v -0.033145 0.023148 -0.023150
v -0.038721 -0.020262 -0.024911
v -0.033160 -0.021546 -0.025737
v -0.033111 -0.018935 -0.023089
v -0.038999 -0.019758 -0.024278
v -0.033111 -0.018935 -0.023089
v -0.038131 0.024664 -0.025018
v -0.033199 0.025687 -0.025801
v -0.037341 -0.021147 -0.025504
v -0.033160 -0.021546 -0.025737
v -0.037945 0.025162 -0.025555
v -0.036136 -0.022076 -0.025922
v -0.033160 -0.021546 -0.025737
v -0.033294 -0.018849 -0.022773
v -0.033176 -0.018929 -0.026510
v -0.033272 0.023096 -0.025682
v -0.036083 0.022021 -0.034241
v -0.034949 0.021666 0.010585
v -0.032942 -0.023850 0.040894
v -0.033319 -0.022698 0.035330
v -0.034797 -0.045667 0.008034
v -0.033664 -0.044992 0.013830
v -0.034011 0.022645 -0.013632
v -0.033464 0.022958 -0.019359
v -0.033558 0.022957 -0.022231
v -0.033252 0.022934 -0.015570
v -0.033073 0.023120 -0.018883
v -0.033791 0.022884 -0.019822
v -0.040005 0.022813 -0.019364
v -0.033529 0.020714 0.036676
v -0.035690 0.020511 0.024437
v -0.034063 -0.041055 0.013198
v -0.033664 -0.044992 0.013830
v -0.036279 -0.021230 0.014940
v -0.036279 -0.021230 0.014940
v -0.034639 -0.022074 0.014990
v -0.034895 -0.034717 0.014873
v -0.034895 -0.034717 0.014873
v -0.034278 -0.035819 0.014923
v -0.033258 -0.022418 0.015036
v -0.042114 0.003851 -0.121339
v -0.042178 0.002056 -0.125139
v -0.033238 0.001041 -0.124231
v -0.034811 0.026703 0.016965
v -0.032237 0.029695 0.017084
v -0.033485 0.003095 -0.120612
v -0.042114 0.003851 -0.121339
v -0.033238 0.001041 -0.124231
v -0.037284 -0.002397 -0.053403
v -0.033371 0.002116 -0.122268
v -0.034355 -0.040580 -0.012770
v -0.034080 -0.037618 -0.014888
v -0.043845 -0.018889 -0.018594
v -0.033973 -0.018518 -0.020212
v -0.033524 0.022788 -0.014727
v -0.033854 -0.018427 -0.013650
v -0.036333 0.030371 -0.034258
v -0.036333 0.030371 -0.034258
v -0.035439 0.031458 -0.029216
v -0.031194 0.035952 -0.034196
v -0.035439 0.031458 -0.029216
v -0.030611 0.036557 -0.029244
v -0.031194 0.035952 -0.034196
v -0.037284 -0.002397 -0.053403
v -0.037703 0.003024 -0.052817
v -0.033485 0.003095 -0.120612
v -0.039776 -0.018976 -0.022938
v -0.033111 -0.018935 -0.023089
v -0.037703 0.003024 -0.052817
v -0.036808 0.009699 -0.053758
v -0.033485 0.003095 -0.120612
v -0.036083 0.022021 -0.034241
v -0.039862 0.022900 -0.022487
v -0.033939 0.022906 -0.021753
v -0.039030 -0.025380 0.018385
v -0.042508 -0.021323 0.017730
v -0.035856 -0.021516 0.017657
v -0.034357 0.042552 0.012398
v -0.033520 0.027786 0.014449
v -0.036211 -0.015483 0.024380
v -0.033450 -0.016368 0.036741
v -0.034062 0.026767 0.014363
v -0.033450 0.028572 0.014601
v -0.036400 0.025439 0.014079
v -0.034848 0.026435 0.014383
v -0.035042 0.026660 0.014681
v -0.033450 0.028572 0.014601
v -0.034372 -0.021428 0.034822
v -0.033505 -0.021644 0.033913
v -0.033711 0.026678 0.034651
v -0.032725 0.027659 0.034662
v -0.034869 -0.046512 -0.001459
v -0.033314 -0.046837 -0.007703
v -0.033892 -0.018707 -0.021547
v -0.040178 -0.018697 -0.022144
v -0.034855 0.031733 -0.016988
v -0.035167 0.031574 -0.014519
v -0.033962 -0.018479 -0.018214
v -0.035781 -0.018178 -0.041079
v -0.036083 0.022021 -0.034241
v -0.034133 0.022664 -0.018999
v -0.033424 -0.038716 0.014955
v -0.034895 -0.034717 0.014873
v -0.033828 -0.036916 -0.015930
v -0.034524 -0.033934 -0.017101
v -0.035272 -0.045646 -0.007384
v -0.033702 -0.045432 -0.012340
v -0.040735 -0.018659 -0.021161
v -0.033973 -0.018518 -0.020212
v -0.039570 0.022847 -0.020888
v -0.034079 0.022709 -0.020549
v -0.034957 -0.037645 0.012419
v -0.034218 -0.039943 0.013146
v -0.036382 -0.020612 0.025213
v -0.033505 -0.021644 0.033913
v -0.034555 -0.021046 0.034740
v -0.033505 -0.021644 0.033913
v -0.034119 -0.022454 0.043835
v -0.032096 -0.023947 0.043908
v -0.034179 0.026999 0.040447
v -0.033878 0.026815 0.034990
v -0.036624 0.030537 -0.014088
v -0.033933 0.032281 -0.013796
v -0.034077 -0.021301 0.034265
v -0.037562 -0.019850 0.025229
v -0.039848 -0.025045 0.018735
v -0.033029 -0.033707 0.019929
v -0.039149 -0.025244 0.019843
v -0.032487 -0.033484 0.021005
v -0.034691 -0.023505 -0.026134
v -0.037400 -0.024703 -0.029102
v -0.034006 -0.028899 -0.029117
v -0.035073 -0.034633 0.014758
v -0.033495 -0.039847 0.014881
v -0.033982 -0.031495 -0.013419
v -0.034225 -0.036837 -0.013477
v -0.035301 -0.032103 -0.013560
v -0.034382 -0.036610 -0.013587
v -0.033854 -0.018427 -0.013650
v -0.041336 -0.025050 -0.013754
v -0.034021 -0.025421 -0.013345
v -0.034184 0.027207 -0.013147
v -0.033854 -0.018427 -0.013650
v -0.033931 -0.021368 -0.013509
v -0.034623 0.043636 -0.011974
v -0.033933 0.032281 -0.013796
v -0.037236 0.029749 -0.013781
v -0.034011 0.022645 -0.013632
v -0.034623 0.043636 -0.011974
v -0.034001 0.031074 -0.013625
v -0.035280 -0.034516 0.014629
v -0.034589 -0.037874 0.013378
v -0.036447 0.024976 0.025061
v -0.033792 0.025949 0.033916
v -0.034149 -0.031154 -0.012981
v -0.034036 -0.037164 -0.013343
v -0.034562 -0.041083 0.011840
v -0.035827 -0.044568 0.006768
v -0.033664 -0.044992 0.013830
v -0.036989 -0.031615 -0.013520
v -0.033982 -0.031495 -0.013419
v -0.037400 -0.024703 -0.029102
v -0.035504 -0.027365 -0.037761
v -0.034006 -0.028899 -0.029117
v -0.035027 0.043010 -0.057259
v -0.035027 0.043010 -0.057259
v -0.033810 -0.032050 -0.049382
v -0.040747 -0.023147 -0.049574
v -0.035229 -0.021364 0.040916
v -0.033839 -0.022913 0.042067
v -0.033434 0.027811 0.041734
v -0.035282 0.025809 0.040847
v -0.034901 0.026069 0.042897
v -0.033149 0.028017 0.043737
v -0.035218 -0.046386 -0.002109
v -0.034430 -0.046187 -0.007307
v -0.034433 -0.036769 -0.013663
v -0.034036 -0.037164 -0.013343
v -0.036207 0.019434 0.025139
v -0.034118 0.019989 0.036778
v -0.035229 -0.021364 0.040916
v -0.034348 -0.021716 0.035016
v -0.032942 -0.023850 0.040894
v -0.034814 0.026969 0.015481
v -0.033450 0.028572 0.014601
v -0.034247 -0.037125 -0.013508
v -0.034367 -0.038658 -0.013140
v -0.034141 -0.037753 -0.013050
v -0.034394 -0.030429 -0.012334
v -0.035114 -0.035331 -0.014548
v -0.034524 -0.033934 -0.017101
v -0.034331 -0.038735 -0.012955
v -0.034036 -0.037164 -0.013343
v -0.034868 0.025992 0.010850
v -0.036208 0.025445 0.011486
v -0.036400 0.025439 0.014079
v -0.035011 0.026019 0.013683
v -0.034357 0.042552 0.012398
v -0.034868 0.025992 0.010850
v -0.033602 0.026638 0.014274
v -0.040833 -0.025812 -0.013303
v -0.034021 -0.025421 -0.013345
v -0.035142 -0.046063 0.002635
v -0.035237 -0.045926 0.003269
v -0.034273 -0.046365 0.008350
v -0.034359 -0.030913 -0.012844
v -0.037854 -0.030877 -0.013200
v -0.035498 -0.044809 -0.007184
v -0.034238 -0.044413 -0.012747
v -0.033958 0.026223 0.034509
v -0.034960 0.025141 0.035177
v -0.035781 -0.018178 -0.041079
v -0.034824 -0.017848 -0.013689
v -0.034950 -0.017917 -0.013644
v -0.041336 -0.025050 -0.013754
v -0.040250 -0.026903 -0.012191
v -0.034021 -0.025421 -0.013345
v -0.040123 -0.027406 -0.011409
v -0.034819 -0.026640 -0.011967
v -0.034395 -0.026320 -0.012276
v -0.034623 0.043636 -0.011974
v -0.033878 -0.017887 -0.050764
v -0.035383 -0.013028 -0.051656
v -0.036211 -0.015483 0.024380
v -0.034383 -0.014749 0.036729
v -0.034355 -0.040580 -0.012770
v -0.034326 -0.038909 -0.012824
v -0.034397 -0.038533 -0.013319
v -0.034355 -0.040580 -0.012770
v -0.044264 -0.010306 -0.046029
v -0.044264 -0.010306 -0.046029
v -0.034990 -0.011492 -0.037093
v -0.037362 -0.002674 -0.037111
v -0.035701 -0.007756 -0.046099
v -0.034478 0.025920 0.035250
v -0.035282 0.025809 0.040847
v -0.037683 0.024165 0.025113
v -0.034366 0.025560 0.034422
v -0.034238 -0.044413 -0.012747
v -0.034333 -0.040173 -0.012720
v -0.034287 -0.039949 -0.012636
v -0.034394 -0.030429 -0.012334
v -0.034537 -0.037040 -0.014001
v -0.034367 -0.038658 -0.013140
v -0.038131 -0.030643 -0.012940
v -0.034394 -0.030429 -0.012334
v -0.035516 -0.035057 0.012020
v -0.034557 -0.022108 0.011863
v -0.034557 -0.022108 0.011863
v -0.035827 -0.044568 0.006768
v -0.034613 -0.037542 0.011966
v -0.035912 -0.042492 -0.006556
v -0.034238 -0.044413 -0.012747
v -0.036097 -0.039693 -0.005893
v -0.034238 -0.044413 -0.012747
v -0.036075 -0.038288 -0.005728
v -0.034238 -0.044413 -0.012747
v -0.035985 -0.030894 -0.006237
v -0.034238 -0.044413 -0.012747
v -0.035875 -0.030345 -0.006896
v -0.034394 -0.030429 -0.012334
v -0.034238 -0.044413 -0.012747
v -0.036123 -0.037394 -0.005453
v -0.036101 -0.031341 -0.005564
v -0.034238 -0.044413 -0.012747
v -0.035724 -0.034569 0.013496
v -0.034957 -0.037645 0.012419
v -0.035439 0.031458 -0.029216
v -0.038213 0.027708 -0.029012
v -0.035428 0.026542 -0.026109
v -0.035827 -0.044568 0.006768
v -0.034602 -0.037800 0.011907
v -0.034470 -0.013663 -0.052748
v -0.035942 -0.009045 -0.053712
v -0.034567 -0.038121 0.011809
v -0.034623 -0.038282 0.011830
v -0.035827 -0.044568 0.006768
v -0.034569 -0.038081 0.011822
v -0.034616 -0.038749 0.011723
v -0.034548 -0.038137 0.011784
v -0.034714 -0.039099 0.011862
v -0.034593 -0.038230 0.011811
v -0.035827 -0.044568 0.006768
v -0.034572 -0.038443 0.011716
v -0.036152 0.041844 -0.005891
v -0.034623 0.043636 -0.011974
v -0.034789 -0.027336 -0.011148
v -0.034515 0.018827 0.036655
v -0.036702 0.018479 0.025516
v -0.035511 0.035722 -0.048688
v -0.036566 -0.014111 0.025220
v -0.034771 -0.013723 0.036857
v -0.034957 -0.037645 0.012419
v -0.034646 -0.037708 0.011985
v -0.034576 -0.038067 0.011833
v -0.034957 -0.037645 0.012419
v -0.039398 -0.025242 0.018547
v -0.033302 -0.033852 0.018330
v -0.034588 -0.038202 0.011812
v -0.034957 -0.037645 0.012419
v -0.035827 -0.044568 0.006768
v -0.034601 -0.038912 0.011629
v -0.036251 -0.021192 0.011660
v -0.034637 -0.021968 0.011648
v -0.034606 -0.021995 0.011669
v -0.035827 -0.044568 0.006768
v -0.035827 -0.044568 0.006768
v -0.034619 -0.039269 0.011584
v -0.034610 -0.039100 0.011600
v -0.035827 -0.044568 0.006768
v -0.034615 -0.039178 0.011586
v -0.034470 -0.036729 -0.013692
v -0.035541 -0.034645 -0.014221
v -0.034562 -0.041083 0.011840
v -0.034621 -0.039308 0.011592
v -0.034609 -0.040378 0.011636
v -0.034662 -0.039262 0.011719
v -0.034562 -0.041083 0.011840
v -0.034788 -0.021603 0.043524
v -0.035229 -0.021364 0.040916
v -0.034649 -0.039062 0.011710
v -0.034590 -0.038697 0.011668
v -0.034619 -0.039158 0.011605
v -0.034714 -0.039099 0.011862
v -0.035005 -0.017232 0.010517
v -0.035235 -0.016415 0.024413
v -0.034909 0.021184 0.024443
v -0.034949 0.021666 0.010585
v -0.034623 -0.039294 0.011595
v -0.034714 -0.039099 0.011862
v -0.035840 -0.021364 0.011495
v -0.034655 -0.021876 0.011473
v -0.035462 -0.021538 0.011453
v -0.034655 -0.021876 0.011473
v -0.034675 -0.038415 0.011892
v -0.034957 -0.037645 0.012419
v -0.034758 -0.038911 0.011986
v -0.034562 -0.041083 0.011840
v -0.035933 -0.026129 -0.006507
v -0.034789 -0.027336 -0.011148
v -0.036115 -0.024845 -0.005518
v -0.036152 0.041844 -0.005891
v -0.034789 -0.027336 -0.011148
v -0.037930 -0.020028 0.011813
v -0.036069 -0.021268 0.011712
v -0.034357 0.042552 0.012398
v -0.036575 0.040905 0.004093
v -0.034868 0.025992 0.010850
v -0.035728 -0.021410 0.011422
v -0.034834 -0.021697 0.011183
v -0.034747 -0.021743 0.011197
v -0.035827 -0.044568 0.006768
v -0.042581 -0.023507 0.014709
v -0.042581 -0.023507 0.014709
v -0.039387 -0.026366 -0.048776
v -0.034776 -0.031387 -0.049298
v -0.035541 -0.034645 -0.014221
v -0.034550 -0.036980 -0.013999
v -0.034493 -0.021263 0.034877
v -0.035005 -0.020632 0.035387
v -0.035130 -0.019857 0.010932
v -0.039025 -0.018320 0.010890
v -0.038964 0.022704 0.010788
v -0.034868 0.025992 0.010850
v -0.034949 0.021666 0.010585
v -0.033355 -0.033966 0.018629
v -0.039848 -0.025045 0.018735
v -0.035024 -0.020609 0.035483
v -0.034500 -0.021112 0.034736
v -0.035091 -0.020536 0.035700
v -0.034580 -0.021022 0.034754
v -0.035423 -0.020387 0.039888
v -0.034348 -0.021716 0.035016
v -0.035473 0.024720 0.039533
v -0.034960 0.025141 0.035177
v -0.036575 0.040905 0.004093
v -0.034923 0.024508 0.010655
v -0.034873 -0.018656 0.010835
v -0.034839 -0.021599 0.010919
v -0.034915 -0.019958 0.010722
v -0.035827 -0.044568 0.006768
v -0.040747 -0.023147 -0.049574
v -0.037907 -0.012983 -0.050079
v -0.031484 -0.023853 -0.050067
v -0.036901 -0.013000 0.025612
v -0.036921 -0.000806 0.025276
v -0.034771 -0.013723 0.036857
v -0.036921 -0.000806 0.025276
v -0.036921 -0.000806 0.025276
v -0.034851 0.017716 0.036771
v -0.034851 0.017716 0.036771
v -0.034771 -0.013723 0.036857
v -0.036918 0.005017 0.025298
v -0.036702 0.018479 0.025516
v -0.034851 0.017716 0.036771
v -0.036918 0.005017 0.025298
v -0.039025 -0.018320 0.010890
v -0.035091 -0.018084 0.010735
v -0.035455 -0.045079 0.006886
v -0.036235 -0.045043 0.003283
v -0.034348 -0.021716 0.035016
v -0.035032 -0.020607 0.035512
v -0.034816 -0.020801 0.035041
v -0.037562 -0.019850 0.025229
v -0.035022 -0.020610 0.035470
v -0.034636 -0.020957 0.034755
v -0.034792 -0.037573 0.012192
v -0.036088 -0.033970 0.012058
v -0.034949 0.021666 0.010585
v -0.036575 0.040905 0.004093
v -0.035005 -0.017232 0.010517
v -0.036575 0.040905 0.004093
v -0.035827 -0.044568 0.006768
v -0.035005 -0.017232 0.010517
v -0.035048 -0.020585 0.035537
v -0.037562 -0.019850 0.025229
v -0.035048 0.002270 0.061844
v -0.035211 0.002253 0.053164
v -0.035046 -0.004014 0.062348
v -0.035211 0.002253 0.053164
v -0.035205 -0.004031 0.053177
v -0.035046 -0.004014 0.062348
v -0.035062 -0.031617 -0.048707
v -0.039298 -0.027124 -0.048425
v -0.035639 -0.027202 -0.007995
v -0.034789 -0.027336 -0.011148
v -0.035649 -0.019563 0.039498
v -0.034837 -0.020936 0.035558
v -0.036194 -0.034026 0.012311
v -0.034957 -0.037645 0.012419
v -0.035345 -0.020179 0.036784
v -0.037562 -0.019850 0.025229
v -0.037683 0.024165 0.025113
v -0.035261 0.024756 0.036273
v -0.035218 -0.046386 -0.002109
v -0.034846 0.026638 0.017026
v -0.035987 0.025587 0.017551
v -0.036561 0.020690 -0.013666
v -0.036083 0.022021 -0.034241
v -0.034011 0.022645 -0.013632
v -0.037236 0.029749 -0.013781
v -0.035168 0.022091 -0.013651
v -0.038135 0.029020 -0.016913
v -0.034855 0.031733 -0.016988
v -0.036511 0.012348 -0.052325
v -0.035390 0.015667 -0.052855
v -0.039187 -0.017497 0.010548
v -0.035005 -0.017232 0.010517
v -0.039138 0.021902 0.010501
v -0.034949 0.021666 0.010585
v -0.036343 0.042227 -0.034286
v -0.036343 0.042227 -0.034286
v -0.036343 0.042227 -0.034286
v -0.035875 -0.030345 -0.006896
v -0.040095 -0.030266 -0.006798
v -0.034394 -0.030429 -0.012334
v -0.040095 -0.030266 -0.006798
v -0.038762 -0.030308 -0.012591
v -0.034394 -0.030429 -0.012334
v -0.041110 -0.027617 -0.008389
v -0.035584 -0.027380 -0.009357
v -0.040137 -0.027476 -0.010332
v -0.034789 -0.027336 -0.011148
v -0.037105 0.012016 -0.051744
v -0.035346 0.017832 -0.051224
v -0.036698 0.030490 -0.015628
v -0.034855 0.031733 -0.016988
v -0.035668 -0.016499 0.010157
v -0.036211 -0.015483 0.024380
v -0.035690 0.020831 0.010155
v -0.035690 0.020511 0.024437
v -0.035396 0.021596 -0.050446
v -0.035451 0.033926 -0.049704
v -0.039162 0.013358 -0.050142
v -0.035687 0.018620 -0.050870
v -0.037317 -0.012438 -0.050399
v -0.033878 -0.017887 -0.050764
v -0.037880 -0.014562 0.043898
v -0.035984 -0.018395 0.043907
v -0.036789 -0.032020 -0.013699
v -0.035369 -0.034900 -0.014039
v -0.040090 0.027809 -0.049729
v -0.035451 0.033926 -0.049704
v -0.035417 0.022781 -0.050113
v -0.039266 0.031260 -0.048710
v -0.035612 0.034521 -0.049277
v -0.039183 0.030581 -0.049048
v -0.035451 0.033926 -0.049704
v -0.035348 -0.020812 0.040766
v -0.035253 -0.020776 0.043879
v -0.035483 -0.019901 0.043649
v -0.035649 -0.019563 0.039498
v -0.035282 0.025809 0.040847
v -0.035325 0.025016 0.043473
v -0.036333 0.030371 -0.034258
v -0.038213 0.027708 -0.029012
v -0.035439 0.031458 -0.029216
v -0.036155 -0.018201 0.043903
v -0.036950 -0.016987 0.043887
v -0.035546 -0.019139 0.043822
v -0.035253 -0.020776 0.043879
v -0.036086 -0.008552 -0.053417
v -0.034842 -0.013316 -0.052171
v -0.036469 0.011977 -0.052780
v -0.035211 0.015410 -0.053579
v -0.036251 -0.018116 0.043901
v -0.035564 -0.019108 0.043820
v -0.035757 -0.045550 -0.002242
v -0.035272 -0.045646 -0.007384
v -0.035136 0.026645 0.015245
v -0.036400 0.025439 0.014079
v -0.035434 0.025024 0.040481
v -0.035663 0.023628 0.043781
v -0.036351 0.020457 0.009791
v -0.040322 0.020532 0.009976
v -0.036879 -0.032056 -0.014013
v -0.035541 -0.034645 -0.014221
v -0.040339 -0.016144 0.009970
v -0.036155 -0.016223 0.009900
v -0.036194 -0.018262 0.043849
v -0.037186 -0.017005 0.043701
v -0.038469 -0.018754 0.025326
v -0.035649 -0.019563 0.039498
v -0.039587 0.021836 0.025195
v -0.036193 0.023228 0.039908
v -0.038571 0.023051 0.025303
v -0.035622 0.024091 0.039204
v -0.041214 -0.016444 -0.013765
v -0.043822 -0.020720 -0.013909
v -0.035789 -0.017270 -0.013635
v -0.043822 -0.020720 -0.013909
v -0.041336 -0.025050 -0.013754
v -0.035789 -0.017270 -0.013635
v -0.041727 0.024439 -0.013926
v -0.041806 0.022321 -0.013909
v -0.041727 0.024439 -0.013926
v -0.041187 0.020815 -0.013868
v -0.036561 0.020690 -0.013666
v -0.037236 0.029749 -0.013781
v -0.035930 0.022060 -0.041160
v -0.035930 0.022060 -0.041160
v -0.035655 0.031098 -0.046109
v -0.035655 0.031098 -0.046109
v -0.035712 0.011442 -0.046141
v -0.035655 0.031098 -0.046109
v -0.039387 0.025800 -0.046093
v -0.039387 0.025800 -0.046093
v -0.035712 0.011442 -0.046141
v -0.035712 0.011442 -0.046141
v -0.035712 0.011442 -0.046141
v -0.035712 0.011442 -0.046141
v -0.035712 0.011442 -0.046141
v -0.042331 0.020069 -0.046075
v -0.042331 0.020069 -0.046075
v -0.044276 0.014478 -0.046079
v -0.044276 0.014478 -0.046079
v -0.035084 0.026585 0.014619
v -0.036400 0.025439 0.014079
v -0.035946 0.030764 -0.041000
v -0.035905 -0.026555 -0.040993
v -0.040266 -0.020015 -0.041012
v -0.036980 -0.016021 -0.041092
v -0.036396 -0.044613 -0.001978
v -0.035687 -0.044486 -0.006610
v -0.036364 -0.018495 0.040019
v -0.039520 -0.017543 0.025119
v -0.041110 -0.027617 -0.008389
v -0.035875 -0.027074 -0.007536
v -0.036088 -0.033970 0.012058
v -0.037930 -0.020028 0.011813
v -0.034557 -0.022108 0.011863
v -0.036368 -0.021030 0.011485
v -0.034839 -0.021599 0.010919
v -0.035671 -0.019164 0.043729
v -0.036381 -0.018384 0.040744
v -0.035828 -0.021360 0.011463
v -0.034839 -0.021599 0.010919
v -0.036269 -0.020717 0.024731
v -0.035754 -0.021269 0.020518
v -0.035987 0.025587 0.017551
v -0.036420 0.025020 0.024623
v -0.037409 -0.005285 -0.052191
v -0.034842 -0.013316 -0.052171
v -0.035515 -0.021410 0.017327
v -0.036673 -0.020870 0.015232
v -0.036575 0.040905 0.004093
v -0.036235 -0.045043 0.003283
v -0.035827 -0.044568 0.006768
v -0.041227 -0.027424 -0.007821
v -0.035910 -0.026734 -0.006735
v -0.036141 0.035232 -0.037687
v -0.036141 0.035232 -0.037687
v -0.036141 0.035232 -0.037687
v -0.039266 0.031260 -0.048710
v -0.036141 0.035232 -0.037687
v -0.035511 0.035722 -0.048688
v -0.038213 0.027708 -0.029012
v -0.036475 0.026248 -0.026765
v -0.035861 -0.045425 -0.001844
v -0.036235 -0.045043 0.003283
v -0.035850 -0.033735 -0.014663
v -0.034524 -0.033934 -0.017101
v -0.035852 -0.031345 -0.037553
v -0.039298 -0.027124 -0.048425
v -0.035246 -0.031961 -0.048115
v -0.039387 0.025800 -0.046093
v -0.035655 0.031098 -0.046109
v -0.035946 0.030764 -0.041000
v -0.036093 0.030671 -0.040050
v -0.039387 0.025800 -0.046093
v -0.035622 0.024091 0.039204
v -0.036291 0.022771 0.043372
v -0.043135 -0.021495 -0.037574
v -0.039298 -0.027124 -0.048425
v -0.035852 -0.031345 -0.037553
v -0.036694 -0.017733 0.043319
v -0.037107 -0.017308 0.040911
v -0.036340 0.011849 -0.037143
v -0.035930 0.022060 -0.041160
v -0.035712 0.011442 -0.046141
v -0.043076 -0.021690 -0.016800
v -0.034524 -0.033934 -0.017101
v -0.039729 0.025144 -0.041100
v -0.035946 0.030764 -0.041000
v -0.035930 0.022060 -0.041160
v -0.036455 0.021677 -0.041158
v -0.036866 0.021173 -0.041159
v -0.039729 0.025144 -0.041100
v -0.039729 0.025144 -0.041100
v -0.036796 0.022218 0.041359
v -0.035622 0.024091 0.039204
v -0.039729 0.025144 -0.041100
v -0.036167 0.030578 -0.039745
v -0.036163 0.019568 0.024839
v -0.036561 0.019855 0.009380
v -0.036369 0.021695 -0.036261
v -0.036561 0.020690 -0.013666
v -0.036158 -0.030885 -0.006155
v -0.039989 -0.030836 -0.005770
v -0.039964 -0.030542 -0.006304
v -0.035875 -0.030345 -0.006896
v -0.041783 -0.026761 -0.006680
v -0.035910 -0.026734 -0.006735
v -0.039209 0.026126 -0.038997
v -0.036110 0.030845 -0.038137
v -0.036396 -0.044613 -0.001978
v -0.036707 -0.039732 -0.001518
v -0.036707 -0.039732 -0.001518
v -0.036131 -0.041242 -0.005630
v -0.035908 -0.043697 -0.006462
v -0.036400 0.025439 0.014079
v -0.035462 0.026167 0.016924
v -0.039265 0.026126 -0.038670
v -0.039387 0.025800 -0.046093
v -0.036110 0.030845 -0.038137
v -0.039761 0.025755 -0.038395
v -0.036110 0.030845 -0.038137
v -0.042701 -0.026042 -0.005802
v -0.036195 -0.025771 -0.006101
v -0.037007 -0.032027 -0.014332
v -0.042807 -0.022393 -0.016687
v -0.034524 -0.033934 -0.017101
v -0.035580 -0.022733 -0.026133
v -0.038374 -0.021334 -0.027917
v -0.036227 -0.039054 -0.005680
v -0.036059 -0.038902 -0.005857
v -0.036170 -0.038964 -0.005740
v -0.036123 -0.037394 -0.005453
v -0.036174 0.028762 -0.005535
v -0.036152 0.041844 -0.005891
v -0.036115 -0.024845 -0.005518
v -0.036150 0.025921 -0.005673
v -0.036118 -0.019545 -0.005520
v -0.036151 0.020921 -0.005578
v -0.039169 -0.031547 -0.005514
v -0.036101 -0.031341 -0.005564
v -0.036333 0.030371 -0.034258
v -0.036333 0.030371 -0.034258
v -0.036110 0.030845 -0.038137
v -0.036329 0.032050 -0.037971
v -0.042227 0.023255 -0.037662
v -0.039266 0.031260 -0.048710
v -0.042841 0.026208 -0.037670
v -0.036141 0.035232 -0.037687
v -0.042494 0.025142 -0.037667
v -0.042841 0.026208 -0.037670
v -0.042519 0.024370 -0.037665
v -0.036141 0.035232 -0.037687
v -0.036340 0.011849 -0.037143
v -0.036083 0.022021 -0.034241
v -0.035930 0.022060 -0.041160
v -0.036083 0.022021 -0.034241
v -0.036389 0.021626 -0.041101
v -0.036547 -0.015863 -0.000482
v -0.036570 0.021520 -0.001229
v -0.036634 0.019987 -0.000472
v -0.036634 0.019987 -0.000472
v -0.036120 -0.016629 -0.005521
v -0.036120 -0.016629 -0.005521
v -0.036151 0.020921 -0.005578
v -0.042964 -0.025858 -0.005589
v -0.036115 -0.024845 -0.005518
v -0.036145 -0.011925 -0.051272
v -0.038053 -0.004859 -0.051287
v -0.036225 0.002278 -0.035752
v -0.036340 0.011849 -0.037143
v -0.036340 0.011849 -0.037143
v -0.036310 0.002076 -0.034201
v -0.036083 0.022021 -0.034241
v -0.036340 0.011849 -0.037143
v -0.040551 0.021366 -0.005474
v -0.036151 0.020921 -0.005578
v -0.036123 -0.037394 -0.005453
v -0.037436 -0.031960 -0.005466
v -0.040908 -0.016495 -0.005426
v -0.040908 -0.016495 -0.005426
v -0.036120 -0.016629 -0.005521
v -0.036115 -0.024845 -0.005518
v -0.036115 -0.024845 -0.005518
v -0.043332 -0.025651 -0.005339
v -0.040309 0.026452 -0.005365
v -0.040309 0.026452 -0.005365
v -0.036183 0.030027 -0.005488
v -0.036151 0.020921 -0.005578
v -0.036151 0.020921 -0.005578
v -0.042315 0.023719 -0.005327
v -0.040710 0.022165 -0.005429
v -0.036151 0.020921 -0.005578
v -0.040492 0.021532 -0.005463
v -0.036151 0.020921 -0.005578
v -0.036253 -0.039065 -0.005655
v -0.036123 -0.037394 -0.005453
v -0.036204 -0.039049 -0.005699
v -0.036351 -0.037899 -0.005439
v -0.036610 0.026029 -0.026548
v -0.037945 0.025162 -0.025555
v -0.036152 -0.040301 -0.005840
v -0.036139 -0.038996 -0.005770
v -0.036712 -0.021820 -0.025980
v -0.038374 -0.021334 -0.027917
v -0.036898 0.001142 -0.046118
v -0.036898 0.001142 -0.046118
v -0.036898 0.001142 -0.046118
v -0.036898 0.001142 -0.046118
v -0.045568 -0.004057 -0.046033
v -0.045568 -0.004057 -0.046033
v -0.045568 -0.004057 -0.046033
v -0.037362 -0.002674 -0.037111
v -0.036898 0.001142 -0.046118
v -0.035701 -0.007756 -0.046099
v -0.039242 0.026186 -0.037869
v -0.036333 0.030371 -0.034258
v -0.036110 0.030845 -0.038137
v -0.037880 -0.014562 0.043898
v -0.036780 -0.017226 0.043892
v -0.037103 0.030005 -0.013949
v -0.039229 0.028338 -0.014341
v -0.037057 0.029436 -0.005024
v -0.036526 0.029922 -0.001998
v -0.036526 0.029922 -0.001998
v -0.036152 0.041844 -0.005891
v -0.036183 0.030027 -0.005488
v -0.036152 -0.040301 -0.005840
v -0.036254 -0.039073 -0.005654
v -0.036493 -0.016088 -0.005628
v -0.036547 -0.015863 -0.000482
v -0.040908 -0.016495 -0.005426
v -0.036694 -0.015980 -0.005767
v -0.036634 0.019987 -0.000472
v -0.036522 0.020377 -0.005684
v -0.040718 0.020856 -0.005548
v -0.036151 0.020921 -0.005578
v -0.036720 0.020253 -0.005823
v -0.041088 0.020288 -0.005635
v -0.036255 -0.039064 -0.005653
v -0.036463 -0.038015 -0.005409
v -0.037087 0.021392 0.043725
v -0.035663 0.023628 0.043781
v -0.035904 -0.026640 -0.039703
v -0.040266 -0.020015 -0.041012
v -0.039242 0.026186 -0.037869
v -0.038213 0.027708 -0.029012
v -0.036333 0.030371 -0.034258
v -0.037047 -0.017008 0.043804
v -0.036251 -0.018116 0.043901
v -0.038374 -0.021334 -0.027917
v -0.037400 -0.024703 -0.029102
v -0.034691 -0.023505 -0.026134
v -0.036324 -0.038968 -0.005587
v -0.036152 -0.040301 -0.005840
v -0.036609 -0.037801 -0.005309
v -0.036152 -0.040301 -0.005840
v -0.036707 -0.039732 -0.001518
v -0.037076 -0.036760 -0.004946
v -0.036152 -0.040301 -0.005840
v -0.036822 0.010043 -0.053259
v -0.037628 0.007010 -0.052155
v -0.037529 -0.020139 0.016240
v -0.035515 -0.021410 0.017327
v -0.038848 0.012547 -0.050334
v -0.035346 0.017832 -0.051224
v -0.036396 -0.044613 -0.001978
v -0.036576 -0.040581 -0.001359
v -0.035711 -0.021453 0.017494
v -0.037747 -0.019962 0.016826
v -0.036634 0.019987 -0.000472
v -0.036486 -0.019551 0.000330
v -0.036575 0.040905 0.004093
v -0.036634 0.019987 -0.000472
v -0.036235 -0.045043 0.003283
v -0.036547 -0.015863 -0.000482
v -0.036505 -0.040942 -0.001246
v -0.036235 -0.045043 0.003283
v -0.036505 -0.040942 -0.001246
v -0.036396 -0.044613 -0.001978
v -0.036235 -0.045043 0.003283
v -0.036526 0.029922 -0.001998
v -0.036575 0.040905 0.004093
v -0.036152 0.041844 -0.005891
v -0.038631 0.028276 -0.003593
v -0.036526 0.029922 -0.001998
v -0.036924 -0.015469 -0.005968
v -0.036791 -0.015360 -0.000103
v -0.038863 0.027930 -0.002072
v -0.036526 0.029922 -0.001998
v -0.035781 -0.018178 -0.041079
v -0.035781 -0.018178 -0.041079
v -0.036407 -0.016432 -0.013459
v -0.037053 -0.015552 -0.013188
v -0.036789 -0.016215 -0.013377
v -0.041214 -0.016444 -0.013765
v -0.039765 -0.021026 -0.045990
v -0.036291 -0.026216 -0.038567
v -0.036218 -0.026234 -0.045987
v -0.036634 0.019987 -0.000472
v -0.036575 0.040905 0.004093
v -0.036526 0.029922 -0.001998
v -0.036498 -0.018040 -0.001628
v -0.036852 -0.036317 -0.001519
v -0.037958 -0.034299 -0.001714
v -0.036498 -0.018040 -0.001628
v -0.038706 -0.018607 -0.001706
v -0.043611 -0.024493 -0.001833
v -0.043611 -0.024493 -0.001833
v -0.038546 -0.033207 -0.001765
v -0.036498 -0.018040 -0.001628
v -0.037743 0.028536 -0.001922
v -0.036534 0.022175 -0.001656
v -0.038609 0.028054 -0.001890
v -0.038426 0.022923 -0.001765
v -0.036526 0.029922 -0.001998
v -0.045512 0.008569 -0.046067
v -0.045512 0.008569 -0.046067
v -0.045512 0.008569 -0.046067
v -0.036898 0.001142 -0.046118
v -0.036340 0.011849 -0.037143
v -0.035712 0.011442 -0.046141
v -0.039765 -0.021026 -0.045990
v -0.040635 -0.019532 -0.038580
v -0.036291 -0.026216 -0.038567
v -0.039471 -0.023038 -0.037879
v -0.036291 -0.026216 -0.038567
v -0.036520 -0.017150 -0.001120
v -0.036538 -0.036421 -0.001393
v -0.039698 -0.017928 -0.001556
v -0.036498 -0.018040 -0.001628
v -0.039745 0.022655 -0.001786
v -0.036534 0.022175 -0.001656
v -0.039724 0.022416 -0.001711
v -0.036534 0.022175 -0.001656
v -0.039915 0.021784 -0.001517
v -0.036534 0.022175 -0.001656
v -0.036525 -0.038024 -0.001326
v -0.036547 -0.015863 -0.000482
v -0.040229 -0.015491 0.009270
v -0.036400 -0.015694 0.009567
v -0.040411 0.021028 -0.001263
v -0.036918 0.021060 -0.001073
v -0.036845 -0.016917 -0.001058
v -0.040438 -0.016786 -0.001228
v -0.040376 0.020281 -0.000663
v -0.036634 0.019987 -0.000472
v -0.037122 -0.015094 0.000308
v -0.040837 -0.014963 0.000300
v -0.040318 -0.015950 -0.000529
v -0.036547 -0.015863 -0.000482
v -0.041695 -0.021403 0.019943
v -0.038712 -0.025240 0.020725
v -0.036311 -0.021371 0.020174
v -0.037690 -0.015620 -0.041085
v -0.037531 -0.019976 0.011106
v -0.034839 -0.021599 0.010919
v -0.038712 -0.004916 -0.050799
v -0.036774 -0.011526 -0.050766
v -0.036634 -0.040064 -0.001422
v -0.036538 -0.036421 -0.001393
v -0.038357 -0.019347 0.019846
v -0.036095 -0.021304 0.020318
v -0.038964 0.022704 0.010788
v -0.036597 0.025165 0.011175
v -0.049906 -0.013360 0.043768
v -0.031832 -0.014636 0.056120
v -0.031885 -0.013350 0.056046
v -0.049581 -0.012436 0.044037
v -0.050349 -0.014355 0.043415
v -0.050349 -0.014355 0.043415
v -0.050041 0.017770 0.043587
v -0.031838 0.016610 0.056068
v -0.031897 0.017896 0.055990
v -0.050635 0.018791 0.043074
v -0.037865 0.019027 0.043726
v -0.031840 0.019160 0.055993
v -0.038006 0.019024 0.043601
v -0.038006 0.019024 0.043601
v -0.045885 0.018873 0.041586
v -0.050635 0.018791 0.043074
v -0.036715 -0.015006 0.008720
v -0.036211 -0.015483 0.024380
v -0.040765 -0.014545 0.008241
v -0.037261 -0.014690 0.008183
v -0.036828 -0.036366 -0.001510
v -0.036707 -0.039732 -0.001518
v -0.037076 -0.036760 -0.004946
v -0.036317 -0.037598 -0.005404
v -0.037522 -0.020240 0.011429
v -0.036251 -0.021192 0.011660
v -0.040943 0.020863 -0.013799
v -0.036561 0.020690 -0.013666
v -0.040911 -0.015842 -0.005704
v -0.036924 -0.015469 -0.005968
v -0.037148 -0.014072 0.007282
v -0.036537 -0.014322 0.024842
v -0.036887 0.017818 0.024860
v -0.037201 0.018299 0.006833
v -0.036834 0.019182 0.008418
v -0.036702 0.018479 0.025516
v -0.036999 -0.038320 -0.002008
v -0.037076 -0.036760 -0.004946
v -0.036918 0.005017 0.025298
v -0.036892 0.017740 0.024884
v -0.040101 0.019784 0.009104
v -0.036561 0.019855 0.009380
v -0.037393 0.018868 0.007801
v -0.040833 0.018637 0.007709
v -0.041105 -0.015869 -0.013487
v -0.037053 -0.015552 -0.013188
v -0.040987 0.020166 -0.013552
v -0.036561 0.020690 -0.013666
v -0.037046 0.021167 0.043823
v -0.035663 0.023628 0.043781
v -0.040554 -0.000430 0.025393
v -0.036918 0.005017 0.025298
v -0.036921 -0.000806 0.025276
v -0.040554 -0.000430 0.025393
v -0.040540 0.005127 0.025322
v -0.036918 0.005017 0.025298
v -0.042581 -0.023507 0.014709
v -0.035096 -0.034610 0.014748
v -0.045991 0.002341 -0.046041
v -0.045991 0.002341 -0.046041
v -0.037362 -0.002674 -0.037111
v -0.036340 0.011849 -0.037143
v -0.036898 0.001142 -0.046118
v -0.037490 0.020105 0.043819
v -0.036933 0.021428 0.043830
v -0.040523 -0.000974 0.025174
v -0.036921 -0.000806 0.025276
v -0.037562 -0.019850 0.025229
v -0.037050 -0.020305 0.020634
v -0.039108 -0.018982 0.014865
v -0.037434 -0.020289 0.015134
v -0.038368 -0.020919 -0.027147
v -0.037038 -0.021517 -0.025755
v -0.045636 0.016744 -0.049652
v -0.040090 0.027809 -0.049729
v -0.035417 0.022781 -0.050113
v -0.037880 -0.014562 0.043898
v -0.037073 -0.016988 0.043793
v -0.037009 -0.001971 0.024382
v -0.036901 -0.013000 0.025612
v -0.040540 0.005127 0.025322
v -0.037291 0.005786 0.024753
v -0.037018 0.006255 0.024491
v -0.037049 0.017233 0.024358
v -0.040898 0.019633 -0.006091
v -0.036938 0.019777 -0.006006
v -0.037160 0.021322 0.043695
v -0.037491 0.020238 0.043812
v -0.037319 -0.001688 0.024536
v -0.040705 -0.001597 0.024921
v -0.042581 -0.023507 0.014709
v -0.035884 -0.034176 0.013544
v -0.037196 -0.013987 0.005821
v -0.036901 -0.013000 0.025612
v -0.037199 -0.013623 0.008032
v -0.038156 -0.013819 -0.041088
v -0.037520 0.018307 -0.009419
v -0.037049 0.017233 0.024358
v -0.037353 0.018234 -0.000072
v -0.037049 0.017233 0.024358
v -0.037239 0.018271 0.005331
v -0.037049 0.017233 0.024358
v -0.037659 0.018237 -0.015551
v -0.037049 0.017233 0.024358
v -0.040424 0.006066 0.024632
v -0.037088 0.006928 0.023921
v -0.037442 -0.004907 -0.052286
v -0.037284 -0.002397 -0.053403
v -0.040502 -0.002238 0.024046
v -0.037077 -0.002626 0.023689
v -0.037376 -0.002561 0.005842
v -0.037077 -0.002626 0.023689
v -0.036901 -0.013000 0.025612
v -0.038156 -0.013819 -0.041088
v -0.037376 -0.002561 0.005842
v -0.036901 -0.013000 0.025612
v -0.037088 0.006928 0.023921
v -0.037388 0.006371 0.005544
v -0.037371 0.007086 0.006580
v -0.037371 0.007086 0.006580
v -0.037049 0.017233 0.024358
v -0.037049 0.017233 0.024358
v -0.038178 0.018206 -0.041153
v -0.038178 0.018206 -0.041153
v -0.038178 0.018206 -0.041153
v -0.037854 -0.030877 -0.013200
v -0.036921 -0.031982 -0.013954
v -0.037628 0.007010 -0.052155
v -0.037993 0.010339 -0.051261
v -0.040543 0.006928 0.023520
v -0.037088 0.006928 0.023921
v -0.040993 -0.002840 0.006842
v -0.040745 -0.002745 0.023334
v -0.037077 -0.002626 0.023689
v -0.037376 -0.002561 0.005842
v -0.040993 -0.002840 0.006842
v -0.037077 -0.002626 0.023689
v -0.040658 0.007178 0.022782
v -0.037371 0.007086 0.006580
v -0.037088 0.006928 0.023921
v -0.037703 0.003024 -0.052817
v -0.037436 0.007350 -0.052592
v -0.037378 -0.036824 -0.002065
v -0.036707 -0.039732 -0.001518
v -0.037180 -0.037597 -0.001993
v -0.036707 -0.039732 -0.001518
v -0.037316 -0.037042 -0.002106
v -0.037133 -0.037792 -0.001952
v -0.038178 0.018206 -0.041153
v -0.038178 0.018206 -0.041153
v -0.036866 0.021173 -0.041159
v -0.036561 0.020690 -0.013666
v -0.037035 0.019586 -0.012864
v -0.036840 0.019487 0.000036
v -0.036938 0.019777 -0.006006
v -0.040822 0.019477 -0.000012
v -0.037465 0.019198 0.000764
v -0.036173 0.025494 0.016675
v -0.037683 0.024165 0.025113
v -0.037355 -0.036165 -0.001826
v -0.036707 -0.039732 -0.001518
v -0.040846 0.018381 0.007015
v -0.037201 0.018299 0.006833
v -0.037140 -0.014895 -0.006483
v -0.037164 -0.014565 0.000865
v -0.037220 -0.037408 -0.002072
v -0.037327 -0.036969 -0.002133
v -0.037076 -0.036760 -0.004946
v -0.037076 -0.036760 -0.004946
v -0.040759 0.018893 0.000947
v -0.037304 0.018261 0.002339
v -0.037304 0.018261 0.002339
v -0.037168 0.019144 -0.006590
v -0.037548 0.018957 -0.006938
v -0.040998 0.018976 -0.006547
v -0.041156 -0.015183 -0.005979
v -0.037475 -0.014775 -0.006776
v -0.041114 0.019654 -0.013341
v -0.037587 0.019397 -0.012680
v -0.040153 0.023183 -0.023931
v -0.037743 0.025299 -0.025864
v -0.037417 -0.036651 -0.002196
v -0.037076 -0.036760 -0.004946
v -0.037527 -0.036272 -0.002154
v -0.037076 -0.036760 -0.004946
v -0.037616 -0.035883 -0.002852
v -0.038945 -0.033125 -0.002295
v -0.040630 -0.014208 0.007333
v -0.037148 -0.014072 0.007282
v -0.037545 0.019864 0.043822
v -0.035663 0.023628 0.043781
v -0.036088 -0.033970 0.012058
v -0.038657 -0.019406 0.011881
v -0.040550 -0.014513 0.001256
v -0.037164 -0.014565 0.000865
v -0.040989 -0.013856 0.006338
v -0.037275 -0.013885 0.003112
v -0.037148 -0.014072 0.007282
v -0.040752 0.018117 0.005254
v -0.037201 0.018299 0.006833
v -0.037304 0.018261 0.002339
v -0.041298 0.018099 0.002451
v -0.037201 0.018299 0.006833
v -0.039587 0.021836 0.025195
v -0.038152 0.018993 0.040849
v -0.036808 0.022226 0.041023
v -0.038152 0.018993 0.040849
v -0.037186 0.021431 0.042062
v -0.037300 -0.012044 -0.050465
v -0.039549 -0.004743 -0.050232
v -0.037473 -0.014025 -0.007696
v -0.037211 -0.014298 0.001599
v -0.037529 -0.014166 0.002151
v -0.040918 -0.013947 0.002516
v -0.041082 0.018315 0.001980
v -0.037304 0.018261 0.002339
v -0.037415 -0.013971 -0.004466
v -0.038156 -0.013819 -0.041088
v -0.040989 -0.013856 0.006338
v -0.039761 -0.013914 0.003278
v -0.040747 -0.023147 -0.049574
v -0.045624 -0.012750 -0.049595
v -0.045624 -0.012750 -0.049595
v -0.037907 -0.012983 -0.050079
v -0.037907 -0.012983 -0.050079
v -0.036645 0.025295 0.013144
v -0.037683 0.024165 0.025113
v -0.037495 -0.036396 -0.002162
v -0.037295 -0.037107 -0.002097
v -0.037690 -0.015620 -0.041085
v -0.037286 -0.014838 -0.012408
v -0.037583 -0.014856 -0.012403
v -0.041165 -0.015353 -0.013243
v -0.037477 -0.036465 -0.002210
v -0.037351 -0.036881 -0.002143
v -0.041039 -0.014734 -0.006543
v -0.037473 -0.014025 -0.007696
v -0.043221 -0.023147 0.012283
v -0.036088 -0.033970 0.012058
v -0.040658 0.007178 0.022782
v -0.041044 0.007116 0.006550
v -0.037371 0.007086 0.006580
v -0.038604 -0.019277 0.019650
v -0.036311 -0.021371 0.020174
v -0.038818 -0.021182 -0.028282
v -0.037400 -0.024703 -0.029102
v -0.040810 -0.002529 0.006143
v -0.037376 -0.002561 0.005842
v -0.040977 0.006918 0.006143
v -0.037371 0.007086 0.006580
v -0.037403 0.005687 0.004629
v -0.037403 0.005687 0.004629
v -0.041026 0.006703 0.005697
v -0.037710 0.006436 0.005643
v -0.040872 0.006148 0.005164
v -0.037403 0.005687 0.004629
v -0.040709 -0.001684 0.005135
v -0.037376 -0.002561 0.005842
v -0.038156 -0.013819 -0.041088
v -0.038156 -0.013819 -0.041088
v -0.038156 -0.013819 -0.041088
v -0.037402 -0.000550 0.004433
v -0.037390 -0.001546 0.005095
v -0.037715 -0.001326 0.004966
v -0.040887 -0.000789 0.004480
v -0.040938 0.005242 0.004574
v -0.037403 0.005687 0.004629
v -0.041099 0.004663 0.004357
v -0.040887 -0.000789 0.004480
v -0.037402 -0.000550 0.004433
v -0.037403 0.005687 0.004629
v -0.041099 0.004663 0.004357
v -0.037402 -0.000550 0.004433
v -0.041072 0.019042 -0.012706
v -0.037562 0.018347 -0.011772
v -0.041030 -0.014156 -0.007544
v -0.037473 -0.014025 -0.007696
v -0.041081 -0.014725 -0.012542
v -0.037548 -0.014026 -0.011420
v -0.037851 0.019050 0.043732
v -0.037491 0.020238 0.043812
v -0.038546 -0.033207 -0.001765
v -0.037411 -0.036094 -0.001865
v -0.040849 0.018539 -0.007475
v -0.037489 0.018282 -0.007766
v -0.037923 -0.014718 -0.041057
v -0.037548 -0.014026 -0.011420
v -0.040845 -0.019129 -0.029058
v -0.040866 -0.019160 -0.037779
v -0.037400 -0.024703 -0.029102
v -0.040866 -0.019160 -0.037779
v -0.035504 -0.027365 -0.037761
v -0.037400 -0.024703 -0.029102
v -0.037489 0.020381 0.043748
v -0.038006 0.019024 0.043601
v -0.037517 -0.014025 -0.009886
v -0.038156 -0.013819 -0.041088
v -0.041187 -0.013903 -0.008151
v -0.038070 -0.014006 -0.008929
v -0.040937 0.018146 -0.009138
v -0.037489 0.018282 -0.007766
v -0.037562 0.018347 -0.011772
v -0.041355 0.018105 -0.010903
v -0.037489 0.018282 -0.007766
v -0.041197 0.018348 -0.011600
v -0.037562 0.018347 -0.011772
v -0.036205 -0.034002 0.012311
v -0.043003 -0.023912 0.012407
v -0.041172 -0.014073 -0.011431
v -0.037548 -0.014026 -0.011420
v -0.038180 0.029232 -0.015511
v -0.036470 0.030835 -0.014259
v -0.040961 -0.013890 -0.009915
v -0.037548 -0.014026 -0.011420
v -0.039587 0.021836 0.025195
v -0.040742 0.018692 0.026211
v -0.038152 0.018993 0.040849
v -0.043095 0.017998 -0.041098
v -0.037686 -0.015332 0.043487
v -0.038144 -0.014378 0.040911
v -0.038144 -0.014378 0.040911
v -0.037273 -0.016812 0.041834
v -0.040708 -0.014311 0.026320
v -0.039520 -0.017543 0.025119
v -0.037107 -0.017308 0.040911
v -0.037675 -0.015778 0.040758
v -0.040708 -0.014311 0.026320
v -0.038365 -0.020603 -0.025913
v -0.037038 -0.021517 -0.025755
v -0.039569 -0.020009 0.019581
v -0.036311 -0.021371 0.020174
v -0.037952 -0.019765 0.016830
v -0.035856 -0.021516 0.017657
v -0.038152 0.018993 0.040849
v -0.037801 0.019742 0.043271
v -0.036712 -0.036965 -0.005155
v -0.039336 -0.031940 -0.005120
v -0.039137 -0.031957 -0.005248
v -0.036123 -0.037394 -0.005453
v -0.042737 -0.023810 0.013521
v -0.036313 -0.034044 0.012562
v -0.038718 -0.033202 -0.002012
v -0.037594 -0.036035 -0.002047
v -0.037505 0.026391 -0.027447
v -0.040153 0.023183 -0.023931
v -0.038103 0.019109 -0.041151
v -0.043095 0.017998 -0.041098
v -0.039162 0.013358 -0.050142
v -0.045636 0.016744 -0.049652
v -0.035417 0.022781 -0.050113
v -0.037537 -0.002831 -0.052738
v -0.037703 0.003024 -0.052817
v -0.038951 -0.032935 -0.003696
v -0.037076 -0.036760 -0.004946
v -0.039126 -0.018795 0.015026
v -0.037585 -0.020159 0.015221
v -0.040266 -0.020015 -0.041012
v -0.043474 -0.012801 -0.040986
v -0.043474 -0.012801 -0.040986
v -0.037690 -0.015620 -0.041085
v -0.038094 -0.014524 -0.041084
v -0.038034 -0.030800 -0.013112
v -0.037007 -0.032027 -0.014332
v -0.038117 -0.030862 -0.013389
v -0.042807 -0.022393 -0.016687
v -0.045078 -0.014447 0.040911
v -0.038308 -0.014459 0.042178
v -0.045078 -0.014447 0.040911
v -0.038329 0.019003 0.042053
v -0.045064 0.018886 0.040823
v -0.039242 0.022519 0.010887
v -0.036987 0.025111 0.011331
v -0.037782 -0.020068 0.011568
v -0.039144 -0.018681 0.011374
v -0.038228 0.003040 -0.052053
v -0.037628 0.007010 -0.052155
v -0.040309 0.026452 -0.005365
v -0.038075 0.028657 -0.005324
v -0.044861 0.017684 0.040816
v -0.038152 0.018993 0.040849
v -0.039108 -0.018982 0.014865
v -0.045396 -0.005148 -0.040965
v -0.045396 -0.005148 -0.040965
v -0.038178 0.018206 -0.041153
v -0.038178 0.018206 -0.041153
v -0.038156 -0.013819 -0.041088
v -0.038156 -0.013819 -0.041088
v -0.043474 -0.012801 -0.040986
v -0.045195 0.010562 -0.040966
v -0.043095 0.017998 -0.041098
v -0.038178 0.018206 -0.041153
v -0.046039 0.002058 -0.040922
v -0.045195 0.010562 -0.040966
v -0.045396 -0.005148 -0.040965
v -0.046039 0.002058 -0.040922
v -0.038178 0.018206 -0.041153
v -0.039339 -0.007026 0.035553
v -0.039491 -0.009774 0.033707
v -0.038144 -0.014378 0.040911
v -0.038152 0.018993 0.040849
v -0.039307 -0.003689 0.034765
v -0.038144 -0.014378 0.040911
v -0.039299 -0.006050 0.035410
v -0.038144 -0.014378 0.040911
v -0.039658 -0.010188 0.032742
v -0.038144 -0.014378 0.040911
v -0.040055 -0.010574 0.030500
v -0.040708 -0.014311 0.026320
v -0.038144 -0.014378 0.040911
v -0.044901 -0.013214 0.040909
v -0.046682 -0.011528 0.040905
v -0.045247 -0.011629 0.040906
v -0.038144 -0.014378 0.040911
v -0.038144 -0.014378 0.040911
v -0.038144 -0.014378 0.040911
v -0.045146 0.016146 0.040804
v -0.045146 0.016146 0.040804
v -0.038152 0.018993 0.040849
v -0.040742 0.018692 0.026211
v -0.040742 0.018692 0.026211
v -0.039797 -0.001817 0.031992
v -0.039797 -0.001817 0.031992
v -0.038152 0.018993 0.040849
v -0.039797 -0.001817 0.031992
v -0.039307 -0.003689 0.034765
v -0.038152 0.018993 0.040849
v -0.038491 -0.018785 0.024811
v -0.038357 -0.019347 0.019846
v -0.036987 0.025111 0.011331
v -0.039931 0.021976 0.011036
v -0.037683 0.024165 0.025113
v -0.039931 0.021976 0.011036
v -0.038666 0.022968 0.025000
v -0.038617 0.002195 -0.051560
v -0.038053 -0.004859 -0.051287
v -0.038631 0.024701 -0.017215
v -0.037803 0.025184 -0.017230
v -0.037824 -0.019890 0.016092
v -0.039329 -0.018275 0.016023
v -0.039244 -0.018403 0.015587
v -0.037585 -0.020159 0.015221
v -0.040974 -0.026653 -0.013552
v -0.038762 -0.030308 -0.012591
v -0.041982 -0.024521 -0.014936
v -0.038762 -0.030308 -0.012591
v -0.042508 -0.021323 0.017730
v -0.042508 -0.021323 0.017730
v -0.039230 -0.018617 0.016589
v -0.039230 -0.018617 0.016589
v -0.035856 -0.021516 0.017657
v -0.039356 0.002028 -0.050613
v -0.038068 0.007600 -0.051594
v -0.039411 0.027451 -0.004847
v -0.039640 0.027457 -0.002450
v -0.041922 0.021095 -0.028923
v -0.039242 0.026186 -0.037869
v -0.041804 0.021340 -0.028634
v -0.038213 0.027708 -0.029012
v -0.039242 0.026186 -0.037869
v -0.038838 -0.004681 -0.050738
v -0.039356 0.002028 -0.050613
v -0.040014 0.023185 -0.023724
v -0.037945 0.025162 -0.025555
v -0.038689 0.024497 -0.017331
v -0.037803 0.025184 -0.017230
v -0.038581 0.024678 -0.017245
v -0.037803 0.025184 -0.017230
v -0.039281 -0.018624 0.011610
v -0.037930 -0.020028 0.011813
v -0.038667 0.024585 -0.017263
v -0.038541 0.024729 -0.017234
v -0.038747 0.028588 -0.014158
v -0.041727 0.024439 -0.013926
v -0.038638 0.024634 -0.017248
v -0.038899 0.024594 -0.017174
v -0.036088 -0.033970 0.012058
v -0.043616 -0.021961 0.012119
v -0.043616 -0.021961 0.012119
v -0.039629 -0.018400 0.011967
v -0.039629 -0.018400 0.011967
v -0.039237 -0.018511 0.016370
v -0.037747 -0.019962 0.016826
v -0.039329 0.027596 -0.002240
v -0.041639 0.024771 -0.002000
v -0.040866 -0.019160 -0.037779
v -0.040266 -0.020015 -0.041012
v -0.035504 -0.027365 -0.037761
v -0.040619 0.027709 -0.049394
v -0.039266 0.031260 -0.048710
v -0.039063 -0.018541 0.011151
v -0.037401 -0.020278 0.011192
v -0.038728 0.024520 -0.017275
v -0.039124 0.023925 -0.017591
v -0.038850 0.031640 -0.091863
v -0.039154 0.029912 -0.093843
v -0.038409 0.025008 -0.017199
v -0.039574 0.027239 -0.017139
v -0.038747 0.024531 -0.017261
v -0.038899 0.024594 -0.017174
v -0.039124 0.023925 -0.017591
v -0.038832 0.024520 -0.017238
v -0.040187 -0.018834 -0.027475
v -0.040187 -0.018834 -0.027475
v -0.038772 -0.020287 -0.026271
v -0.039159 -0.019766 -0.024574
v -0.040433 -0.028159 -0.011975
v -0.038762 -0.030308 -0.012591
v -0.041277 -0.022989 -0.049109
v -0.039298 -0.027124 -0.048425
v -0.040240 -0.017980 -0.001731
v -0.043611 -0.024493 -0.001833
v -0.040322 0.020532 0.009976
v -0.039671 0.022095 0.010891
v -0.040311 -0.019089 -0.028346
v -0.038567 -0.020816 -0.027378
v -0.040478 0.022565 -0.017130
v -0.039085 0.024123 -0.017427
v -0.039764 0.027055 -0.017020
v -0.037922 0.029403 -0.016827
v -0.040096 -0.016998 0.018639
v -0.038946 -0.019053 0.019441
v -0.041241 0.025386 -0.016671
v -0.038934 0.028459 -0.015458
v -0.039183 -0.031924 -0.005244
v -0.039989 -0.030836 -0.005770
v -0.039438 -0.004485 0.035190
v -0.039339 -0.007026 0.035553
v -0.040497 -0.019147 -0.028633
v -0.038374 -0.021334 -0.027917
v -0.039318 0.024403 -0.017161
v -0.039574 0.027239 -0.017139
v -0.039134 -0.018283 0.019687
v -0.039520 -0.017543 0.025119
v -0.040040 -0.030505 -0.006415
v -0.038762 -0.030308 -0.012591
v -0.039230 -0.018617 0.016589
v -0.039345 -0.018343 0.016187
v -0.038609 0.028054 -0.001890
v -0.040757 0.024240 -0.001929
v -0.039613 -0.009308 0.034042
v -0.039339 -0.007026 0.035553
v -0.039989 -0.030836 -0.005770
v -0.039847 -0.029262 -0.011334
v -0.039379 -0.018385 0.016303
v -0.039230 -0.018617 0.016589
v -0.039573 -0.006096 0.034720
v -0.039541 -0.006276 0.034890
v -0.039616 -0.006180 0.034469
v -0.039510 -0.007721 0.034981
v -0.039584 -0.007489 0.034575
v -0.039685 -0.004959 0.034179
v -0.039595 -0.004882 0.034632
v -0.039475 -0.006186 0.035267
v -0.039872 -0.002283 0.033292
v -0.039390 -0.003917 0.034871
v -0.039230 -0.018617 0.016589
v -0.039432 -0.018416 0.016375
v -0.039409 -0.018399 0.016342
v -0.039360 -0.018358 0.016238
v -0.039203 -0.018699 0.015064
v -0.044193 -0.018607 0.014784
v -0.039573 -0.007666 0.034641
v -0.039692 -0.009113 0.034187
v -0.043446 -0.025471 -0.002033
v -0.038546 -0.033207 -0.001765
v -0.039370 -0.018367 0.016261
v -0.039329 -0.018275 0.016023
v -0.039424 -0.018406 0.016357
v -0.039329 -0.018275 0.016023
v -0.042331 0.020069 -0.046075
v -0.039387 0.025800 -0.046093
v -0.039265 0.026126 -0.038670
v -0.042819 0.019001 -0.038658
v -0.042331 0.020069 -0.046075
v -0.039265 0.026126 -0.038670
v -0.041658 0.023445 -0.037973
v -0.042819 0.019001 -0.038658
v -0.039578 -0.009581 0.033811
v -0.040067 -0.010529 0.032163
v -0.039820 -0.002239 0.033031
v -0.039307 -0.003689 0.034765
v -0.039760 -0.003832 0.033621
v -0.039635 -0.004749 0.034411
v -0.039711 -0.003643 0.033931
v -0.039528 -0.004634 0.034961
v -0.044357 -0.018238 0.016540
v -0.039365 -0.018517 0.016491
v -0.044194 -0.018438 0.014926
v -0.039248 -0.018430 0.015256
v -0.039439 -0.006342 0.035350
v -0.039389 -0.006911 0.035425
v -0.039505 -0.004701 0.035366
v -0.039515 -0.004696 0.035178
v -0.039475 -0.006186 0.035267
v -0.042082 -0.021115 0.019719
v -0.038712 -0.025240 0.020725
v -0.039510 -0.007721 0.034981
v -0.044357 -0.018238 0.016540
v -0.039413 -0.018353 0.016219
v -0.044243 -0.018239 0.015096
v -0.039248 -0.018430 0.015256
v -0.044227 -0.018182 0.015180
v -0.039248 -0.018430 0.015256
v -0.040530 -0.005323 0.028393
v -0.039641 -0.006469 0.033843
v -0.039709 -0.007695 0.033913
v -0.039587 -0.006000 0.034353
v -0.039616 -0.006180 0.034469
v -0.039568 -0.005310 0.034190
v -0.039628 -0.007467 0.034328
v -0.039726 -0.008662 0.033862
v -0.044210 -0.018120 0.015296
v -0.039248 -0.018430 0.015256
v -0.044314 -0.018121 0.016206
v -0.039329 -0.018275 0.016023
v -0.039320 -0.018350 0.015641
v -0.044238 -0.018085 0.015361
v -0.039736 -0.008891 0.033830
v -0.039890 -0.009936 0.032805
v -0.040192 -0.018996 -0.027832
v -0.038552 -0.020556 -0.026826
v -0.044176 -0.018025 0.015661
v -0.039329 -0.018275 0.016023
v -0.044241 -0.018013 0.015794
v -0.039329 -0.018275 0.016023
v -0.038945 -0.033125 -0.002295
v -0.039537 -0.031619 -0.005233
v -0.040530 -0.005323 0.028393
v -0.039815 -0.008255 0.033213
v -0.039780 -0.004246 0.032929
v -0.040530 -0.005323 0.028393
v -0.039613 -0.005133 0.034162
v -0.039876 -0.003417 0.032583
v -0.039471 -0.007590 0.035104
v -0.039692 -0.009113 0.034187
v -0.039683 -0.003375 0.034122
v -0.039521 -0.004642 0.035112
v -0.043098 -0.020230 0.019207
v -0.039488 -0.024972 0.019562
v -0.039090 -0.018448 0.011084
v -0.040339 -0.016144 0.009970
v -0.043391 -0.026084 -0.002183
v -0.038760 -0.033154 -0.002039
v -0.039921 -0.009488 0.032705
v -0.039759 -0.008534 0.033605
v -0.039759 -0.008534 0.033605
v -0.039942 -0.003101 0.032537
v -0.039740 -0.003623 0.033755
v -0.039911 -0.002807 0.032732
v -0.039683 -0.003375 0.034122
v -0.039715 -0.003212 0.034014
v -0.039505 -0.004701 0.035366
v -0.039839 0.022231 -0.001670
v -0.039670 0.022573 -0.001747
v -0.039730 0.022600 -0.001766
v -0.039802 0.022249 -0.001673
v -0.041804 0.021340 -0.028634
v -0.041403 0.022958 -0.024417
v -0.038213 0.027708 -0.029012
v -0.040014 -0.010473 0.031954
v -0.039491 -0.009774 0.033707
v -0.040005 0.022813 -0.019364
v -0.039115 0.023769 -0.017832
v -0.039616 -0.006180 0.034469
v -0.039659 -0.007520 0.034174
v -0.043241 0.017779 -0.039892
v -0.043834 0.016672 -0.037851
v -0.039729 0.025144 -0.041100
v -0.043834 0.016672 -0.037851
v -0.039242 0.026186 -0.037869
v -0.039729 0.025144 -0.041100
v -0.041669 0.024900 -0.014242
v -0.039229 0.028338 -0.014341
v -0.047455 0.008461 -0.049634
v -0.045636 0.016744 -0.049652
v -0.039162 0.013358 -0.050142
v -0.039162 0.013358 -0.050142
v -0.039878 -0.002391 0.033115
v -0.039683 -0.003375 0.034122
v -0.039686 -0.007662 0.034027
v -0.041316 0.025484 -0.015422
v -0.039229 0.028338 -0.014341
v -0.039935 -0.009646 0.032618
v -0.040172 -0.010230 0.031301
v -0.039779 -0.003839 0.033441
v -0.039685 -0.004959 0.034179
v -0.039948 0.022104 -0.001642
v -0.040411 0.021028 -0.001263
v -0.040089 -0.009721 0.031468
v -0.039957 -0.009286 0.032557
v -0.039841 0.022749 -0.001830
v -0.039874 0.022212 -0.001669
v -0.039758 -0.008361 0.033621
v -0.039957 -0.009286 0.032557
v -0.039901 -0.003294 0.032582
v -0.039760 -0.003832 0.033621
v -0.039932 -0.010069 0.032682
v -0.039692 -0.009113 0.034187
v -0.040530 -0.005323 0.028393
v -0.040073 -0.009006 0.031721
v -0.041957 -0.020206 0.019544
v -0.039192 -0.019014 0.019272
v -0.040482 0.022339 -0.017262
v -0.039124 0.023925 -0.017591
v -0.040689 -0.015863 0.010868
v -0.039144 -0.018681 0.011374
v -0.039907 -0.008991 0.032715
v -0.039709 -0.007695 0.033913
v -0.040189 -0.002967 0.031272
v -0.039940 -0.002862 0.032568
v -0.040167 -0.002543 0.031369
v -0.039901 -0.002467 0.032801
v -0.039522 -0.025155 0.018577
v -0.042508 -0.021323 0.017730
v -0.040498 -0.016074 0.010093
v -0.039144 -0.018681 0.011374
v -0.040482 -0.002060 0.029831
v -0.039853 -0.001960 0.032245
v -0.044067 0.018471 -0.018958
v -0.040079 0.023715 -0.024554
v -0.039438 -0.018479 0.011707
v -0.040837 -0.015466 0.011594
v -0.039932 -0.009111 0.032612
v -0.040190 -0.009294 0.031113
v -0.039916 -0.003241 0.032540
v -0.040189 -0.002967 0.031272
v -0.039356 0.002028 -0.050613
v -0.038900 0.010992 -0.050438
v -0.039825 -0.019023 -0.023217
v -0.040187 -0.018834 -0.027475
v -0.039896 -0.002393 0.032950
v -0.040179 -0.002160 0.031285
v -0.040408 -0.009132 0.029962
v -0.040366 -0.008819 0.030100
v -0.040190 -0.009294 0.031113
v -0.040530 -0.005323 0.028393
v -0.040585 -0.007396 0.028724
v -0.040530 -0.005323 0.028393
v -0.039876 -0.003417 0.032583
v -0.040127 -0.003132 0.031491
v -0.040484 -0.003694 0.029446
v -0.040464 -0.004175 0.029300
v -0.040269 -0.017357 -0.001458
v -0.039645 -0.018591 -0.001741
v -0.040203 -0.009759 0.031077
v -0.040428 -0.009939 0.029793
v -0.040399 -0.009515 0.030012
v -0.040190 -0.009294 0.031113
v -0.043046 -0.016439 0.017893
v -0.041007 -0.016004 0.017766
v -0.043439 -0.018937 0.019070
v -0.043439 -0.018937 0.019070
v -0.039192 -0.019014 0.019272
v -0.040067 -0.010529 0.032163
v -0.040169 -0.010445 0.030373
v -0.040363 -0.002621 0.028784
v -0.040703 -0.001244 0.026823
v -0.040418 -0.002220 0.029604
v -0.039797 -0.001817 0.031992
v -0.039875 0.022992 -0.022782
v -0.040005 0.022813 -0.019364
v -0.039990 -0.016323 0.025189
v -0.040096 -0.016998 0.018639
v -0.039931 0.021976 0.011036
v -0.040742 0.018692 0.026211
v -0.039587 0.021836 0.025195
v -0.040172 -0.010230 0.031301
v -0.040038 -0.010360 0.032217
v -0.040004 0.022158 -0.001661
v -0.040411 0.021028 -0.001263
v -0.040231 -0.002144 0.031070
v -0.039872 -0.002283 0.033292
v -0.039821 0.022985 -0.018565
v -0.041100 0.020863 -0.017564
v -0.040106 -0.009420 0.031341
v -0.039957 -0.009286 0.032557
v -0.040293 -0.017490 -0.001566
v -0.039645 -0.018591 -0.001741
v -0.040179 -0.002160 0.031285
v -0.040201 -0.002686 0.031186
v -0.040407 -0.003107 0.030027
v -0.040413 -0.002745 0.029962
v -0.040284 -0.017603 -0.001624
v -0.039645 -0.018591 -0.001741
v -0.040296 -0.017383 -0.001498
v -0.040438 -0.016786 -0.001228
v -0.041639 0.024771 -0.002000
v -0.040134 0.022455 -0.001824
v -0.038945 -0.033125 -0.002295
v -0.043391 -0.026084 -0.002183
v -0.039989 -0.030836 -0.005770
v -0.040272 -0.017631 -0.001628
v -0.039645 -0.018591 -0.001741
v -0.040307 0.021760 -0.001621
v -0.039841 0.022749 -0.001830
v -0.040268 -0.016873 0.018460
v -0.039192 -0.019014 0.019272
v -0.040394 -0.017480 -0.001650
v -0.039645 -0.018591 -0.001741
v -0.043222 -0.020372 0.018574
v -0.039848 -0.025045 0.018735
v -0.040742 0.018692 0.026211
v -0.040725 0.003699 0.026597
v -0.040312 0.021971 -0.001744
v -0.039841 0.022749 -0.001830
v -0.040113 -0.009466 0.031312
v -0.040172 -0.010230 0.031301
v -0.040313 -0.017347 -0.001490
v -0.040379 -0.017171 -0.001436
v -0.040415 -0.003259 0.029941
v -0.040189 -0.002967 0.031272
v -0.040458 -0.002245 0.029826
v -0.040179 -0.002160 0.031285
v -0.041289 0.020629 -0.020858
v -0.040628 0.021722 -0.018967
v -0.039549 -0.004743 -0.050232
v -0.040304 -0.017566 -0.001618
v -0.040252 -0.017674 -0.001635
v -0.040306 0.022037 -0.001773
v -0.040299 0.021936 -0.001717
v -0.040371 0.021870 -0.001745
v -0.040411 0.021028 -0.001263
v -0.039891 0.023164 -0.023485
v -0.040590 0.021836 -0.020546
v -0.040463 -0.017356 -0.001639
v -0.040862 -0.016919 -0.001713
v -0.040438 -0.016786 -0.001228
v -0.040361 -0.017214 -0.001447
v -0.040280 -0.017616 -0.001627
v -0.040862 -0.016919 -0.001713
v -0.040315 -0.017376 -0.001512
v -0.040487 -0.017302 -0.001633
v -0.040487 -0.017302 -0.001633
v -0.040317 -0.017478 -0.001581
v -0.040590 -0.008805 0.028866
v -0.040405 -0.009301 0.030021
v -0.040671 -0.009083 0.028529
v -0.040428 -0.009592 0.029844
v -0.040428 -0.002903 0.029872
v -0.040567 -0.003847 0.028966
v -0.040332 -0.017509 -0.001611
v -0.040286 -0.017605 -0.001626
v -0.040487 -0.017302 -0.001633
v -0.040487 -0.017302 -0.001633
v -0.044574 -0.015115 0.012080
v -0.040370 0.021897 -0.001759
v -0.040306 0.022037 -0.001773
v -0.042608 0.026081 -0.048718
v -0.042841 0.026208 -0.037670
v -0.039266 0.031260 -0.048710
v -0.040731 -0.008691 0.027773
v -0.040708 -0.014311 0.026320
v -0.040055 -0.010574 0.030500
v -0.040468 -0.010040 0.029439
v -0.040731 -0.008691 0.027773
v -0.039841 0.022749 -0.001830
v -0.040347 0.021987 -0.001786
v -0.039398 0.000755 -0.050488
v -0.039162 0.013358 -0.050142
v -0.040363 -0.017269 -0.001486
v -0.040487 -0.017302 -0.001633
v -0.041076 0.018929 0.008604
v -0.040292 0.020728 0.010106
v -0.040156 -0.010297 0.031464
v -0.040428 -0.009939 0.029793
v -0.040485 -0.009966 0.029599
v -0.040067 -0.010529 0.032163
v -0.040414 -0.017190 -0.001483
v -0.040438 -0.016786 -0.001228
v -0.040299 -0.027452 -0.011532
v -0.040651 -0.027827 -0.010859
v -0.040019 0.023162 -0.023683
v -0.041289 0.020629 -0.020858
v -0.041041 0.023451 -0.024795
v -0.044067 0.018471 -0.018958
v -0.042152 -0.027338 -0.006557
v -0.040594 -0.028372 -0.011007
v -0.039989 -0.030836 -0.005770
v -0.040869 0.005107 0.025750
v -0.040842 -0.004299 0.027407
v -0.040419 -0.002526 0.029035
v -0.043169 -0.026126 -0.004027
v -0.039989 -0.030836 -0.005770
v -0.040605 -0.003549 0.028766
v -0.040608 -0.003720 0.028742
v -0.040441 -0.002452 0.029768
v -0.040616 -0.026458 -0.012926
v -0.040394 -0.027373 -0.011833
v -0.040997 0.021284 -0.005446
v -0.042315 0.023719 -0.005327
v -0.040507 0.021513 -0.005464
v -0.041634 0.020120 -0.005454
v -0.040547 0.021403 -0.005471
v -0.040440 0.021631 -0.005458
v -0.042399 -0.027004 -0.006154
v -0.039989 -0.030836 -0.005770
v -0.042315 0.023719 -0.005327
v -0.042315 0.023719 -0.005327
v -0.041191 0.025356 -0.002517
v -0.040359 0.026407 -0.004631
v -0.040730 -0.007629 0.028041
v -0.040758 -0.007541 0.027891
v -0.040552 -0.008557 0.028982
v -0.040807 -0.007733 0.027606
v -0.040620 -0.008769 0.028707
v -0.040503 -0.003705 0.029345
v -0.040407 -0.003107 0.030027
v -0.040939 -0.015793 0.017711
v -0.040096 -0.016998 0.018639
v -0.042043 0.020845 -0.029180
v -0.039242 0.026186 -0.037869
v -0.040462 -0.027664 -0.011011
v -0.041110 -0.027617 -0.008389
v -0.040874 -0.001022 0.025846
v -0.040612 -0.003184 0.027934
v -0.040682 -0.004923 0.028248
v -0.040463 0.021139 -0.001366
v -0.041024 0.020032 -0.001048
v -0.040392 -0.018916 -0.028005
v -0.041069 -0.018574 -0.028114
v -0.040484 -0.003694 0.029446
v -0.040593 -0.005534 0.028348
v -0.040967 0.018880 0.008339
v -0.040322 0.020532 0.009976
v -0.039629 -0.018400 0.011967
v -0.040997 -0.015288 0.011749
v -0.041135 -0.015031 0.011816
v -0.041281 -0.013898 0.011468
v -0.040438 -0.016786 -0.001228
v -0.040544 -0.016864 -0.001411
v -0.040620 -0.016808 -0.001467
v -0.040487 -0.017302 -0.001633
v -0.040553 0.021361 -0.005474
v -0.041634 0.020120 -0.005454
v -0.040685 -0.006100 0.028212
v -0.040629 -0.007274 0.028507
v -0.040658 -0.003360 0.028480
v -0.040745 -0.004725 0.027958
v -0.040897 -0.018638 -0.026093
v -0.040178 -0.018697 -0.022144
v -0.040470 -0.008761 0.029530
v -0.040405 -0.009301 0.030021
v -0.040787 -0.006306 0.027837
v -0.040696 -0.007476 0.028242
v -0.040875 -0.006204 0.027319
v -0.040697 -0.016927 -0.001591
v -0.040487 -0.017302 -0.001633
v -0.040866 -0.019160 -0.037779
v -0.043474 -0.012801 -0.040986
v -0.040266 -0.020015 -0.041012
v -0.040735 -0.004893 0.028011
v -0.040743 -0.006218 0.028116
v -0.041243 0.020277 -0.005569
v -0.040551 0.021302 -0.005479
v -0.040645 -0.016711 -0.001429
v -0.040438 -0.016786 -0.001228
v -0.040658 -0.003360 0.028480
v -0.040461 -0.002303 0.029777
v -0.040816 -0.004661 0.027624
v -0.040812 -0.006118 0.027698
v -0.040671 -0.009083 0.028529
v -0.040533 -0.009934 0.029400
v -0.040668 -0.016647 -0.001410
v -0.040635 -0.016776 -0.001464
v -0.041069 -0.018574 -0.028114
v -0.040617 -0.019023 -0.028560
v -0.040629 -0.007274 0.028507
v -0.040523 -0.008568 0.029179
v -0.040628 -0.016814 -0.001479
v -0.040862 -0.016919 -0.001713
v -0.041119 0.019834 -0.001305
v -0.040417 0.021898 -0.001804
v -0.040621 -0.028035 -0.010973
v -0.040522 -0.027420 -0.011981
v -0.040784 -0.008125 0.027483
v -0.040708 -0.014311 0.026320
v -0.040554 -0.000430 0.025393
v -0.040704 0.005104 0.025536
v -0.040802 -0.027004 -0.013315
v -0.040562 -0.027572 -0.011909
v -0.040862 0.020195 -0.000980
v -0.040822 0.019477 -0.000012
v -0.040708 -0.014311 0.026320
v -0.040494 -0.016048 0.018237
v -0.040693 -0.026758 -0.013044
v -0.040522 -0.027420 -0.011981
v -0.041980 -0.015330 0.011996
v -0.039629 -0.018400 0.011967
v -0.041076 0.018929 0.008604
v -0.040742 0.018692 0.026211
v -0.039931 0.021976 0.011036
v -0.041830 0.018813 -0.017136
v -0.041021 0.021076 -0.017436
v -0.040874 -0.001022 0.025846
v -0.040853 -0.004739 0.027221
v -0.040588 -0.016679 -0.001335
v -0.040979 -0.015880 -0.001207
v -0.040680 -0.009048 0.028394
v -0.040582 -0.009990 0.029241
v -0.040482 -0.002060 0.029831
v -0.040688 -0.003487 0.028326
v -0.040662 -0.007397 0.028379
v -0.040552 -0.008557 0.028982
v -0.040865 -0.005987 0.026733
v -0.040708 -0.014311 0.026320
v -0.040907 -0.014385 0.008104
v -0.040339 -0.016144 0.009970
v -0.040923 -0.013584 0.024617
v -0.040968 -0.014978 0.017354
v -0.040683 -0.005157 0.028300
v -0.040484 -0.003694 0.029446
v -0.040541 -0.003822 0.029115
v -0.040682 -0.004923 0.028248
v -0.042364 -0.015767 -0.046019
v -0.040635 -0.019532 -0.038580
v -0.039765 -0.021026 -0.045990
v -0.040979 -0.015880 -0.001207
v -0.040740 -0.016801 -0.001556
v -0.040658 -0.016693 -0.001431
v -0.040979 -0.015880 -0.001207
v -0.041846 0.021354 -0.027253
v -0.041403 0.022958 -0.024417
v -0.040837 -0.014963 0.000300
v -0.040792 -0.016125 -0.001126
v -0.040812 0.006869 0.024115
v -0.040540 0.005127 0.025322
v -0.040743 -0.006218 0.028116
v -0.040660 -0.007341 0.028384
v -0.041304 -0.018537 -0.025717
v -0.040611 -0.018711 -0.027634
v -0.040827 -0.004443 0.027525
v -0.040658 -0.003360 0.028480
v -0.042364 -0.015767 -0.046019
v -0.043756 -0.012218 -0.038593
v -0.040635 -0.019532 -0.038580
v -0.044260 -0.011503 -0.038308
v -0.045972 -0.008648 -0.037602
v -0.040388 -0.020719 -0.038204
v -0.040635 -0.019532 -0.038580
v -0.040993 -0.002840 0.006842
v -0.040891 -0.002896 0.023271
v -0.040699 -0.000669 0.025598
v -0.040869 0.005107 0.025750
v -0.040705 -0.001597 0.024921
v -0.040733 -0.000854 0.025575
v -0.040807 -0.007733 0.027606
v -0.040724 -0.008697 0.027937
v -0.040520 -0.016044 0.010082
v -0.041209 -0.013968 0.007723
v -0.041163 -0.025669 -0.013600
v -0.040616 -0.026458 -0.012926
v -0.040631 -0.028068 -0.010897
v -0.041110 -0.027617 -0.008389
v -0.040694 0.005138 0.025503
v -0.041035 0.007332 0.023900
v -0.041151 -0.002901 0.006466
v -0.041035 -0.003044 0.023214
v -0.040834 0.007250 0.023283
v -0.041044 0.007116 0.006550
v -0.040886 0.007089 0.023916
v -0.040658 0.007178 0.022782
v -0.043852 -0.018608 -0.019116
v -0.040822 -0.018644 -0.022893
v -0.040978 0.020786 -0.013788
v -0.040933 0.021115 -0.013860
v -0.040797 -0.007853 0.027596
v -0.040878 -0.006780 0.027061
v -0.040827 -0.004539 0.027533
v -0.040875 -0.006204 0.027319
v -0.041071 0.020409 -0.013684
v -0.040990 0.020632 -0.013745
v -0.041035 0.020819 -0.013819
v -0.040933 0.021115 -0.013860
v -0.041038 0.020475 -0.013700
v -0.041114 0.019654 -0.013341
v -0.041172 -0.016033 -0.001717
v -0.043611 -0.024493 -0.001833
v -0.041142 0.022645 -0.001882
v -0.044026 0.019662 -0.001951
v -0.042223 0.019447 -0.001846
v -0.040417 0.021898 -0.001804
v -0.041154 -0.025817 -0.013611
v -0.040731 -0.026617 -0.013131
v -0.040873 -0.006648 0.027171
v -0.040807 -0.007733 0.027606
v -0.041035 -0.003044 0.023214
v -0.040904 -0.013459 0.024935
v -0.040960 -0.002373 0.024395
v -0.040708 -0.014311 0.026320
v -0.040947 0.017267 0.024888
v -0.041035 0.007332 0.023900
v -0.040962 0.006554 0.024699
v -0.040742 0.018692 0.026211
v -0.041543 -0.013633 -0.001714
v -0.040963 -0.016126 -0.001389
v -0.041200 0.007273 0.006390
v -0.041035 0.007332 0.023900
v -0.040842 -0.004299 0.027407
v -0.040875 -0.006374 0.027228
v -0.043135 -0.021495 -0.037574
v -0.042688 -0.021935 -0.048301
v -0.039298 -0.027124 -0.048425
v -0.041044 0.020770 -0.013808
v -0.040983 0.020610 -0.013738
v -0.047707 -0.002189 -0.049624
v -0.047455 0.008461 -0.049634
v -0.039162 0.013358 -0.050142
v -0.039549 -0.004743 -0.050232
v -0.047707 -0.002189 -0.049624
v -0.040868 -0.002860 0.023300
v -0.040705 -0.001597 0.024921
v -0.041126 -0.013831 0.002366
v -0.040837 -0.014963 0.000300
v -0.041157 0.020764 -0.013848
v -0.041024 0.020573 -0.013735
v -0.041035 -0.003044 0.023214
v -0.040769 -0.001474 0.025141
v -0.040974 -0.014957 0.010413
v -0.041209 -0.013968 0.007723
v -0.040846 -0.015430 0.011210
v -0.041281 -0.013898 0.011468
v -0.041100 -0.013963 0.016904
v -0.041046 -0.013100 0.023950
v -0.041204 0.018089 0.006222
v -0.040930 0.017572 0.024904
v -0.041130 0.018563 0.007647
v -0.040742 0.018692 0.026211
v -0.040919 0.018691 0.007884
v -0.041204 0.018089 0.006222
v -0.041115 -0.000985 0.004408
v -0.040895 -0.002251 0.005544
v -0.041061 -0.014136 0.007795
v -0.040989 -0.013856 0.006338
v -0.041112 -0.013828 0.002421
v -0.040989 -0.013856 0.006338
v -0.041035 -0.003044 0.023214
v -0.041326 -0.002967 0.006026
v -0.041046 -0.013100 0.023950
v -0.041326 -0.002967 0.006026
v -0.041309 -0.012494 0.015478
v -0.041046 -0.013100 0.023950
v -0.041514 0.017421 -0.001475
v -0.041514 0.017421 -0.001475
v -0.041362 0.007436 0.006214
v -0.041374 0.006639 0.005193
v -0.041077 0.016669 0.024063
v -0.041362 0.007436 0.006214
v -0.041035 0.007332 0.023900
v -0.041077 0.016669 0.024063
v -0.041299 0.017833 0.004296
v -0.041077 0.016669 0.024063
v -0.041334 -0.013691 0.002273
v -0.040903 -0.015098 0.000071
v -0.040885 0.019568 -0.000195
v -0.041014 0.018512 0.001541
v -0.040945 -0.018882 -0.028669
v -0.040866 -0.019160 -0.037779
v -0.041344 -0.001104 0.004278
v -0.041049 -0.002419 0.005634
v -0.041183 -0.002848 0.006195
v -0.040895 -0.002251 0.005544
v -0.045624 -0.012750 -0.049595
v -0.047707 -0.002189 -0.049624
v -0.039549 -0.004743 -0.050232
v -0.041099 0.020490 -0.013722
v -0.041114 0.019654 -0.013341
v -0.041560 0.020124 -0.013878
v -0.041111 0.020836 -0.013853
v -0.043332 -0.025651 -0.005339
v -0.041094 -0.016271 -0.005414
v -0.041232 0.019681 -0.013431
v -0.041440 0.019337 -0.013400
v -0.041394 0.020252 -0.013808
v -0.041114 0.019654 -0.013341
v -0.041228 0.019341 -0.005998
v -0.041088 0.020288 -0.005635
v -0.041026 0.006703 0.005697
v -0.041095 0.005691 0.004630
v -0.041207 0.005485 0.004424
v -0.041099 0.004663 0.004357
v -0.041173 -0.015622 -0.005660
v -0.040908 -0.016495 -0.005426
v -0.041131 0.019059 -0.006361
v -0.041571 0.017870 -0.007951
v -0.041099 0.004663 0.004357
v -0.041103 -0.000922 0.004385
v -0.041205 -0.015550 -0.005646
v -0.041156 -0.015183 -0.005979
v -0.041235 -0.015452 -0.005657
v -0.041156 -0.015183 -0.005979
v -0.041225 -0.015481 -0.005653
v -0.041207 -0.015691 -0.005568
v -0.041469 0.018669 -0.001650
v -0.041024 0.020032 -0.001048
v -0.041243 -0.015934 -0.005456
v -0.040908 -0.016495 -0.005426
v -0.041855 -0.025023 -0.014356
v -0.041151 -0.025974 -0.013623
v -0.041291 -0.016008 -0.005401
v -0.041211 -0.015653 -0.005587
v -0.040698 0.022116 -0.017132
v -0.039574 0.027239 -0.017139
v -0.041368 0.018028 -0.008093
v -0.040998 0.018976 -0.006547
v -0.041024 0.020032 -0.001048
v -0.041114 0.018399 0.001807
v -0.041294 0.019458 -0.013347
v -0.041289 0.018575 -0.012237
v -0.041560 0.020124 -0.013878
v -0.041277 0.019775 -0.013507
v -0.041248 -0.015664 -0.005560
v -0.041680 -0.013678 -0.005451
v -0.041680 -0.013678 -0.005451
v -0.041236 -0.015455 -0.005653
v -0.041377 -0.002073 0.004877
v -0.041309 -0.012494 0.015478
v -0.041223 0.004995 0.004302
v -0.041344 -0.001104 0.004278
v -0.041680 -0.013678 -0.005451
v -0.041212 -0.015268 -0.005817
v -0.041262 -0.014281 -0.012070
v -0.041327 -0.015148 -0.013283
v -0.041355 0.018105 -0.010903
v -0.041339 0.018031 -0.008205
v -0.041187 0.007229 0.006329
v -0.041026 0.006703 0.005697
v -0.041386 0.019956 -0.013687
v -0.041560 0.020124 -0.013878
v -0.041334 -0.013691 0.002273
v -0.041275 -0.014639 -0.001175
v -0.041397 0.019892 -0.013679
v -0.041319 0.019797 -0.013545
v -0.041413 0.019860 -0.013683
v -0.041349 0.019809 -0.013582
v -0.041194 -0.014326 -0.006999
v -0.041156 -0.015183 -0.005979
v -0.041073 -0.013892 0.006740
v -0.041334 -0.013691 0.002273
v -0.041610 -0.003608 -0.001690
v -0.041543 -0.013633 -0.001714
v -0.041281 -0.013898 0.011468
v -0.041611 -0.003351 -0.001085
v -0.041281 -0.013898 0.011468
v -0.041399 -0.013679 0.001282
v -0.041281 -0.013898 0.011468
v -0.041334 -0.013691 0.002273
v -0.041234 -0.013935 0.008327
v -0.041384 0.005502 0.004231
v -0.041145 0.006887 0.005803
v -0.041372 -0.013825 -0.007764
v -0.041098 -0.014415 -0.006933
v -0.041679 0.003391 -0.001639
v -0.041309 -0.012494 0.015478
v -0.041385 0.019982 -0.013706
v -0.041397 0.019861 -0.013663
v -0.041326 -0.013820 -0.007970
v -0.041315 -0.013862 -0.010776
v -0.041382 0.019827 -0.013629
v -0.041440 0.019337 -0.013400
v -0.041440 0.019337 -0.013400
v -0.041338 0.019802 -0.013567
v -0.042745 -0.014949 -0.027219
v -0.040866 -0.019160 -0.037779
v -0.041069 -0.018574 -0.028114
v -0.041338 0.019344 -0.005838
v -0.041380 0.020121 -0.005564
v -0.041298 0.018039 0.002839
v -0.041514 0.017421 -0.001475
v -0.043038 -0.014144 -0.028298
v -0.040866 -0.019160 -0.037779
v -0.043347 -0.013317 -0.029024
v -0.043396 -0.013398 -0.037791
v -0.040866 -0.019160 -0.037779
v -0.041596 -0.013624 -0.005660
v -0.041156 -0.015183 -0.005979
v -0.041273 0.018658 -0.000885
v -0.041298 0.018099 0.002451
v -0.041308 -0.018272 -0.026954
v -0.042745 -0.014949 -0.027219
v -0.041560 0.020124 -0.013878
v -0.041402 0.019942 -0.013704
v -0.041284 -0.015254 -0.013309
v -0.041214 -0.016444 -0.013765
v -0.041311 0.020329 -0.020556
v -0.040153 0.023183 -0.023931
v -0.041069 -0.015515 0.017566
v -0.044585 -0.015807 0.017530
v -0.041289 0.020629 -0.020858
v -0.041410 0.019792 -0.018299
v -0.041482 0.019962 -0.013771
v -0.041898 0.018043 -0.013859
v -0.041363 -0.014150 -0.011985
v -0.041475 -0.015005 -0.013376
v -0.041516 0.018853 -0.013156
v -0.041289 0.018575 -0.012237
v -0.041342 -0.001663 0.004772
v -0.041550 0.003562 -0.001583
v -0.041514 0.017421 -0.001475
v -0.041550 0.003562 -0.001583
v -0.041384 0.005502 0.004231
v -0.041898 0.018043 -0.013859
v -0.041444 0.019485 -0.013515
v -0.041384 0.005502 0.004231
v -0.041550 0.003562 -0.001583
v -0.041344 -0.001104 0.004278
v -0.041450 0.020709 -0.028079
v -0.041378 0.020718 -0.027665
v -0.041456 0.020783 -0.028002
v -0.041378 0.020718 -0.027665
v -0.041407 -0.014074 -0.006174
v -0.041530 -0.013698 -0.007614
v -0.041316 -0.027604 -0.008143
v -0.040594 -0.028372 -0.011007
v -0.041522 0.020245 -0.028111
v -0.041990 0.018082 -0.027936
v -0.041471 0.020610 -0.028218
v -0.041378 0.020718 -0.027665
v -0.041435 -0.015212 -0.013489
v -0.041789 -0.013059 -0.013698
v -0.041898 0.018043 -0.013859
v -0.041568 0.018801 -0.013289
v -0.041455 0.020759 -0.028040
v -0.041479 0.020750 -0.028148
v -0.041470 0.020722 -0.028144
v -0.041447 0.020739 -0.028044
v -0.041479 0.020750 -0.028148
v -0.041472 0.020661 -0.028202
v -0.041486 0.020636 -0.028253
v -0.041491 0.020536 -0.028305
v -0.041510 0.020417 -0.028287
v -0.041378 0.020718 -0.027665
v -0.041458 0.020782 -0.028014
v -0.041804 0.021340 -0.028634
v -0.041804 0.021340 -0.028634
v -0.041466 0.020747 -0.028103
v -0.041804 0.021340 -0.028634
v -0.041472 0.020706 -0.028166
v -0.041497 0.020646 -0.028276
v -0.041503 0.020540 -0.028324
v -0.041804 0.021340 -0.028634
v -0.041481 0.020651 -0.028233
v -0.041444 0.020798 -0.027889
v -0.041804 0.021340 -0.028634
v -0.041585 0.021025 -0.027736
v -0.041804 0.021340 -0.028634
v -0.041518 0.020513 -0.028356
v -0.041579 0.020099 -0.028391
v -0.041804 0.021340 -0.028634
v -0.041496 0.020599 -0.028291
v -0.043296 -0.013465 -0.039026
v -0.040866 -0.019160 -0.037779
v -0.041745 0.019054 -0.025662
v -0.041497 0.020616 -0.027141
v -0.041804 0.021340 -0.028634
v -0.041516 0.020523 -0.028352
v -0.041540 0.017727 -0.006634
v -0.041338 0.019344 -0.005838
v -0.041777 0.018963 -0.026921
v -0.041378 0.020718 -0.027665
v -0.042747 -0.015287 -0.026297
v -0.041304 -0.018537 -0.025717
v -0.041816 0.019031 -0.025424
v -0.041556 0.020627 -0.026901
v -0.041669 -0.003258 -0.001361
v -0.041612 -0.003081 -0.000554
v -0.041860 0.021028 -0.028814
v -0.041538 0.020505 -0.028396
v -0.042043 0.020845 -0.029180
v -0.041571 0.020354 -0.028421
v -0.041441 -0.025135 -0.013883
v -0.041154 -0.025817 -0.013611
v -0.044357 -0.018238 0.016540
v -0.041517 0.018028 -0.001618
v -0.041550 0.003562 -0.001583
v -0.045509 -0.003466 -0.001899
v -0.045509 -0.003466 -0.001899
v -0.043611 -0.024493 -0.001833
v -0.041543 -0.013633 -0.001714
v -0.041543 -0.013633 -0.001714
v -0.041367 0.018567 -0.012391
v -0.041355 0.018105 -0.010903
v -0.041475 -0.013664 -0.011054
v -0.041262 -0.014281 -0.012070
v -0.046754 -0.009067 -0.037600
v -0.046771 -0.009232 -0.037600
v -0.045972 -0.008648 -0.037602
v -0.047599 -0.009699 -0.037598
v -0.041464 -0.013658 -0.010918
v -0.041530 -0.013698 -0.007614
v -0.044492 -0.014555 0.011869
v -0.041268 -0.014941 0.011966
v -0.044656 -0.013874 0.011616
v -0.041366 -0.014377 0.011701
v -0.044193 -0.018607 0.014784
v -0.042581 -0.023507 0.014709
v -0.039108 -0.018982 0.014865
v -0.041421 0.018212 -0.011205
v -0.041571 0.017870 -0.007951
v -0.041545 -0.013092 0.015892
v -0.044894 -0.011721 0.014481
v -0.044894 -0.011721 0.014481
v -0.040968 -0.014978 0.017354
v -0.044585 -0.015807 0.017530
v -0.041651 0.001617 -0.005775
v -0.041789 -0.013059 -0.013698
v -0.041525 -0.013504 -0.005868
v -0.041690 -0.013298 -0.011758
v -0.041525 -0.013504 -0.005868
v -0.041653 -0.013397 -0.011179
v -0.041533 -0.013629 -0.007218
v -0.041594 0.016951 -0.005815
v -0.041796 0.013917 -0.013501
v -0.041654 0.008468 -0.005624
v -0.041584 0.018655 -0.013164
v -0.041796 0.013917 -0.013501
v -0.041594 0.016951 -0.005815
v -0.041579 0.017602 -0.007433
v -0.041584 0.018655 -0.013164
v -0.041796 0.013917 -0.013501
v -0.041650 0.008163 -0.006179
v -0.041602 -0.013586 -0.005662
v -0.041651 0.001617 -0.005775
v -0.041713 0.007524 -0.013415
v -0.041789 -0.013059 -0.013698
v -0.041651 0.001617 -0.005775
v -0.041785 0.018716 -0.017557
v -0.041100 0.020863 -0.017564
v -0.041556 0.020627 -0.026901
v -0.041507 0.020878 -0.027603
v -0.041615 -0.027292 -0.007176
v -0.041110 -0.027617 -0.008389
v -0.041594 0.016951 -0.005815
v -0.041449 0.019557 -0.005702
v -0.041653 -0.013397 -0.011179
v -0.041644 -0.013893 -0.013251
v -0.041734 0.001296 -0.005612
v -0.041680 -0.013678 -0.005451
v -0.041679 0.008189 -0.005807
v -0.041645 0.007840 -0.006632
v -0.041694 0.008017 -0.005918
v -0.041645 0.007840 -0.006632
v -0.043332 -0.025651 -0.005339
v -0.041468 -0.015197 -0.005420
v -0.045890 0.014502 -0.005238
v -0.042039 0.021036 -0.005404
v -0.041822 0.007649 -0.012915
v -0.041651 0.001617 -0.005775
v -0.042860 0.018450 -0.018711
v -0.040153 0.023183 -0.023931
v -0.041609 0.017820 -0.005688
v -0.041654 0.008468 -0.005624
v -0.041822 0.018216 -0.018238
v -0.041757 0.018533 -0.017626
v -0.041747 0.008059 -0.005785
v -0.041654 0.008468 -0.005624
v -0.041711 0.007962 -0.005958
v -0.041693 0.008078 -0.005838
v -0.041707 0.008040 -0.005864
v -0.041827 0.007998 -0.005729
v -0.041645 0.007840 -0.006632
v -0.041731 0.007923 -0.005984
v -0.041759 0.007777 -0.006353
v -0.041765 0.007874 -0.005993
v -0.041773 0.007764 -0.006383
v -0.041645 0.007840 -0.006632
v -0.041770 0.018494 -0.017569
v -0.041830 0.018813 -0.017136
v -0.041761 0.018434 -0.017711
v -0.041822 0.018216 -0.018238
v -0.041754 0.018462 -0.017676
v -0.041794 0.018478 -0.017516
v -0.041731 0.007936 -0.005962
v -0.041827 0.007998 -0.005729
v -0.041744 0.021207 -0.027592
v -0.041804 0.021340 -0.028634
v -0.041763 0.018255 -0.013558
v -0.041796 0.013917 -0.013501
v -0.041755 0.008479 -0.005546
v -0.041634 0.020120 -0.005454
v -0.041717 0.007819 -0.006570
v -0.041767 0.007773 -0.006407
v -0.041763 0.007800 -0.006575
v -0.041767 0.007773 -0.006407
v -0.041722 0.007817 -0.006594
v -0.041817 0.007771 -0.006655
v -0.041898 0.018043 -0.013859
v -0.041891 0.014295 -0.013693
v -0.041807 0.003224 -0.001698
v -0.045798 0.002804 -0.001567
v -0.041309 -0.012494 0.015478
v -0.045798 0.002804 -0.001567
v -0.044894 -0.011721 0.014481
v -0.041309 -0.012494 0.015478
v -0.041742 0.020997 -0.026980
v -0.041691 0.021183 -0.027687
v -0.045636 0.016744 -0.049652
v -0.041712 0.026549 -0.049121
v -0.041731 -0.014015 -0.018696
v -0.041732 -0.014133 -0.018968
v -0.041767 -0.013762 -0.018359
v -0.041917 -0.013939 -0.027125
v -0.041762 -0.014119 -0.018684
v -0.041911 -0.014508 -0.018534
v -0.041802 -0.014141 -0.018458
v -0.041814 -0.013202 -0.017183
v -0.041814 -0.013202 -0.017183
v -0.041734 -0.014001 -0.018616
v -0.041958 -0.014172 -0.026897
v -0.041732 -0.014133 -0.018968
v -0.041995 -0.014383 -0.026713
v -0.041817 -0.014311 -0.018774
v -0.041821 0.007880 -0.005907
v -0.041827 0.007998 -0.005729
v -0.041854 0.007844 -0.005925
v -0.041765 0.007874 -0.005993
v -0.041792 0.007743 -0.006323
v -0.041815 0.007816 -0.006038
v -0.041855 0.007803 -0.006004
v -0.041765 0.007874 -0.005993
v -0.041739 0.007816 -0.006563
v -0.041773 0.007767 -0.006391
v -0.041968 0.018270 -0.017540
v -0.041784 0.018472 -0.017572
v -0.041770 0.018427 -0.017699
v -0.041968 0.018270 -0.017540
v -0.041810 0.007763 -0.006542
v -0.041792 0.007743 -0.006323
v -0.041807 0.007774 -0.006621
v -0.041901 0.007705 -0.006581
v -0.041521 0.018848 -0.001792
v -0.041676 0.003400 -0.001639
v -0.041727 0.024439 -0.013926
v -0.041668 0.019651 -0.013874
v -0.041921 0.007792 -0.012503
v -0.041843 0.007722 -0.013239
v -0.041743 0.020232 -0.028614
v -0.041990 0.018082 -0.027936
v -0.041891 0.008571 -0.005450
v -0.041634 0.020120 -0.005454
v -0.041803 0.011580 -0.017368
v -0.041803 0.011580 -0.017368
v -0.041803 0.011580 -0.017368
v -0.041985 0.002407 -0.024979
v -0.041985 0.002407 -0.024979
v -0.041985 0.002407 -0.024979
v -0.041814 -0.013202 -0.017183
v -0.041814 -0.013202 -0.017183
v -0.042004 -0.006918 -0.026018
v -0.041977 0.009192 -0.025561
v -0.041977 0.009192 -0.025561
v -0.042004 -0.006918 -0.026018
v -0.041988 -0.013266 -0.027659
v -0.041814 -0.013202 -0.017183
v -0.041950 -0.013618 -0.027361
v -0.041814 -0.013202 -0.017183
v -0.041990 0.018082 -0.027936
v -0.041979 0.018385 -0.025937
v -0.041803 0.011580 -0.017368
v -0.041873 0.008148 -0.005615
v -0.041654 0.008468 -0.005624
v -0.041848 0.007784 -0.006047
v -0.041876 0.007816 -0.005948
v -0.041873 0.007751 -0.006106
v -0.041792 0.007743 -0.006323
v -0.041911 0.007711 -0.006186
v -0.041792 0.007743 -0.006323
v -0.044452 0.018366 -0.016741
v -0.040703 0.025917 -0.016841
v -0.044231 0.018524 -0.016865
v -0.039574 0.027239 -0.017139
v -0.045456 -0.002793 -0.000669
v -0.041612 -0.003081 -0.000554
v -0.041281 -0.013898 0.011468
v -0.044656 -0.013874 0.011616
v -0.045456 -0.002793 -0.000669
v -0.041281 -0.013898 0.011468
v -0.041817 0.007771 -0.006655
v -0.041910 0.007714 -0.006624
v -0.041800 0.007778 -0.006657
v -0.041981 0.007705 -0.006719
v -0.041956 0.007709 -0.006687
v -0.041817 0.007771 -0.006655
v -0.041869 0.007463 -0.013604
v -0.041789 -0.013059 -0.013698
v -0.041822 0.018216 -0.018238
v -0.041849 0.018340 -0.017686
v -0.041990 0.018082 -0.027936
v -0.041836 0.018947 -0.025408
v -0.041854 0.018425 -0.017506
v -0.041830 0.018813 -0.017136
v -0.041899 0.008131 -0.005595
v -0.041827 0.007998 -0.005729
v -0.041923 0.008061 -0.005636
v -0.041827 0.007998 -0.005729
v -0.041910 0.008160 -0.005574
v -0.041654 0.008468 -0.005624
v -0.041921 0.008215 -0.005551
v -0.041654 0.008468 -0.005624
v -0.041859 0.007856 -0.005899
v -0.041827 0.007998 -0.005729
v -0.041862 0.008431 -0.005493
v -0.041654 0.008468 -0.005624
v -0.041893 0.007732 -0.006127
v -0.041862 0.007783 -0.006035
v -0.041949 0.007684 -0.006260
v -0.041792 0.007743 -0.006323
v -0.042773 0.018864 -0.017066
v -0.039574 0.027239 -0.017139
v -0.041922 0.007691 -0.006523
v -0.041792 0.007743 -0.006323
v -0.041941 0.007682 -0.006378
v -0.041792 0.007743 -0.006323
v -0.041927 0.011764 -0.017272
v -0.041977 0.018825 -0.024820
v -0.041980 -0.013811 -0.017493
v -0.041911 -0.014508 -0.018534
v -0.041988 0.008066 -0.005608
v -0.042027 0.008097 -0.005575
v -0.041929 0.008148 -0.005573
v -0.041890 0.008117 -0.005607
v -0.041932 0.008184 -0.005550
v -0.041983 0.008272 -0.005491
v -0.041951 0.007828 -0.005886
v -0.041827 0.007998 -0.005729
v -0.041961 0.008249 -0.005510
v -0.041855 0.008487 -0.005469
v -0.041980 0.008331 -0.005478
v -0.041855 0.008487 -0.005469
v -0.041987 0.008434 -0.005441
v -0.041855 0.008487 -0.005469
v -0.041939 0.007692 -0.006214
v -0.041889 0.007738 -0.006120
v -0.041960 0.008591 -0.005428
v -0.041855 0.008487 -0.005469
v -0.041987 0.008488 -0.005431
v -0.041855 0.008487 -0.005469
v -0.042033 0.007654 -0.006403
v -0.041941 0.007682 -0.006507
v -0.041916 0.007703 -0.006591
v -0.041945 0.007677 -0.006494
v -0.041965 0.007751 -0.006788
v -0.041645 0.007840 -0.006632
v -0.041973 -0.027231 -0.006735
v -0.042701 -0.026042 -0.005802
v -0.042016 0.007824 -0.006951
v -0.041645 0.007840 -0.006632
v -0.042011 0.007660 -0.006385
v -0.041945 0.007677 -0.006494
v -0.042009 0.008532 -0.005421
v -0.041926 0.008651 -0.005431
v -0.041800 0.007600 -0.013392
v -0.042023 0.007408 -0.013791
v -0.041988 0.007990 -0.005669
v -0.041827 0.007998 -0.005729
v -0.042042 0.007858 -0.005804
v -0.041827 0.007998 -0.005729
v -0.042032 0.007925 -0.005725
v -0.041827 0.007998 -0.005729
v -0.042005 0.008085 -0.005590
v -0.041936 0.008190 -0.005543
v -0.041981 0.008023 -0.005639
v -0.041992 0.008176 -0.005541
v -0.041955 0.007780 -0.005963
v -0.042026 0.007822 -0.005849
v -0.041884 0.007789 -0.005999
v -0.042014 0.007726 -0.006028
v -0.041979 0.008265 -0.005497
v -0.042030 0.008361 -0.005450
v -0.042072 0.008195 -0.005513
v -0.041979 0.008231 -0.005513
v -0.041939 0.007692 -0.006214
v -0.041935 0.007744 -0.006064
v -0.041983 0.008272 -0.005491
v -0.042015 0.008372 -0.005451
v -0.041957 0.007685 -0.006235
v -0.042014 0.007726 -0.006028
v -0.042067 0.019643 -0.025583
v -0.041556 0.020627 -0.026901
v -0.041948 0.007709 -0.006670
v -0.041992 0.007673 -0.006511
v -0.042040 0.007658 -0.006453
v -0.041945 0.007677 -0.006494
v -0.041930 0.007704 -0.006614
v -0.042078 0.007656 -0.006494
v -0.041814 -0.013202 -0.017183
v -0.041924 0.011754 -0.017270
v -0.042064 0.007874 -0.007028
v -0.041645 0.007840 -0.006632
v -0.041796 0.013917 -0.013501
v -0.041879 0.007882 -0.006870
v -0.043332 -0.025651 -0.005339
v -0.045189 -0.011605 -0.005188
v -0.045189 -0.011605 -0.005188
v -0.041680 -0.013678 -0.005451
v -0.041680 -0.013678 -0.005451
v -0.045456 -0.002793 -0.000669
v -0.041694 -0.003109 -0.000940
v -0.045106 -0.015155 -0.019751
v -0.042418 -0.016486 -0.025320
v -0.043852 -0.018608 -0.019116
v -0.045106 -0.015155 -0.019751
v -0.041304 -0.018537 -0.025717
v -0.042026 0.007822 -0.005849
v -0.042056 0.007888 -0.005763
v -0.045551 -0.002756 -0.000925
v -0.041698 -0.003143 -0.001326
v -0.042021 0.008089 -0.005583
v -0.042072 0.008195 -0.005513
v -0.041995 0.008014 -0.005645
v -0.042027 0.008097 -0.005575
v -0.042027 0.008097 -0.005575
v -0.042045 0.008203 -0.005515
v -0.042072 0.008195 -0.005513
v -0.042005 0.008287 -0.005482
v -0.042037 0.007665 -0.006265
v -0.042014 0.007726 -0.006028
v -0.045703 -0.002711 -0.001204
v -0.041677 -0.003361 -0.001498
v -0.042033 0.007654 -0.006403
v -0.042017 0.007663 -0.006303
v -0.042000 0.008446 -0.005435
v -0.042033 0.008553 -0.005412
v -0.045534 -0.003125 -0.001580
v -0.041610 -0.003608 -0.001690
v -0.043937 0.020398 -0.002234
v -0.041639 0.024771 -0.002000
v -0.043102 -0.019960 0.019216
v -0.041695 -0.021403 0.019943
v -0.041955 0.007708 -0.006679
v -0.041901 0.007705 -0.006581
v -0.041949 0.007700 -0.006620
v -0.042078 0.007656 -0.006494
v -0.041988 -0.013266 -0.027659
v -0.042012 -0.013821 -0.027375
v -0.045698 0.003185 -0.001740
v -0.041807 0.003224 -0.001698
v -0.042045 0.007780 -0.006887
v -0.041981 0.007705 -0.006719
v -0.042025 0.007812 -0.006937
v -0.042087 0.007768 -0.006878
v -0.041610 -0.003608 -0.001690
v -0.045900 0.014522 -0.002080
v -0.045684 0.003542 -0.001904
v -0.041807 0.003224 -0.001698
v -0.041521 0.018848 -0.001792
v -0.045900 0.014522 -0.002080
v -0.041807 0.003224 -0.001698
v -0.043067 0.019070 -0.001891
v -0.045900 0.014522 -0.002080
v -0.041979 0.008603 -0.005422
v -0.041634 0.020120 -0.005454
v -0.044093 0.015330 -0.029226
v -0.042186 0.018557 -0.028369
v -0.042038 0.007655 -0.006412
v -0.041986 0.007666 -0.006306
v -0.045712 0.008252 -0.005318
v -0.041634 0.020120 -0.005454
v -0.042033 0.008553 -0.005412
v -0.042094 0.007906 -0.007073
v -0.042043 0.007847 -0.006992
v -0.045997 0.003852 -0.029197
v -0.045876 -0.001521 -0.029156
v -0.041985 0.002407 -0.024979
v -0.045876 -0.001521 -0.029156
v -0.042004 -0.006918 -0.026018
v -0.041985 0.002407 -0.024979
v -0.045803 0.007565 -0.005742
v -0.042049 0.007912 -0.005734
v -0.042049 0.007851 -0.005809
v -0.045803 0.007565 -0.005742
v -0.042023 0.007774 -0.005938
v -0.045803 0.007565 -0.005742
v -0.045424 0.009555 -0.029188
v -0.045997 0.003852 -0.029197
v -0.041985 0.002407 -0.024979
v -0.045803 0.007565 -0.005742
v -0.042029 0.008020 -0.005637
v -0.045803 0.007565 -0.005742
v -0.042051 0.008146 -0.005544
v -0.042048 0.007693 -0.006140
v -0.045803 0.007565 -0.005742
v -0.045803 0.007565 -0.005742
v -0.042054 0.008276 -0.005482
v -0.045713 0.007930 -0.005519
v -0.042030 0.008361 -0.005450
v -0.041977 0.009192 -0.025561
v -0.045424 0.009555 -0.029188
v -0.041985 0.002407 -0.024979
v -0.045653 0.007554 -0.006255
v -0.042074 0.007661 -0.006251
v -0.042032 0.007663 -0.006278
v -0.045641 0.007540 -0.006725
v -0.045712 0.008252 -0.005318
v -0.042009 0.008408 -0.005442
v -0.042036 0.007661 -0.006403
v -0.045641 0.007540 -0.006725
v -0.045712 0.008252 -0.005318
v -0.042010 0.008505 -0.005423
v -0.042091 -0.013805 -0.027507
v -0.041988 -0.013266 -0.027659
v -0.041811 0.001015 -0.005461
v -0.045189 -0.011605 -0.005188
v -0.045650 0.001426 -0.005394
v -0.041811 0.001015 -0.005461
v -0.045484 0.013616 -0.005274
v -0.041634 0.020120 -0.005454
v -0.045650 0.001426 -0.005394
v -0.041765 0.001305 -0.005610
v -0.042035 0.007680 -0.006604
v -0.045641 0.007540 -0.006725
v -0.042081 -0.013814 -0.027490
v -0.041917 -0.013939 -0.027125
v -0.045876 -0.001521 -0.029156
v -0.045002 -0.007544 -0.029156
v -0.042004 -0.006918 -0.026018
v -0.042337 -0.014547 -0.025966
v -0.041911 -0.014508 -0.018534
v -0.042038 0.007737 -0.006801
v -0.045641 0.007540 -0.006725
v -0.043417 -0.022576 -0.014281
v -0.041656 -0.024995 -0.014094
v -0.042045 0.007786 -0.006899
v -0.045641 0.007540 -0.006725
v -0.045650 0.001426 -0.005394
v -0.041921 0.007792 -0.012503
v -0.041651 0.001617 -0.005775
v -0.042051 0.007856 -0.006998
v -0.045641 0.007540 -0.006725
v -0.045002 -0.007544 -0.029156
v -0.043347 -0.013317 -0.029024
v -0.042004 -0.006918 -0.026018
v -0.045750 0.014110 -0.013960
v -0.045641 0.007540 -0.006725
v -0.042094 0.007906 -0.007073
v -0.041796 0.013917 -0.013501
v -0.045750 0.014110 -0.013960
v -0.042094 0.007906 -0.007073
v -0.041532 -0.015807 -0.013756
v -0.043822 -0.020720 -0.013909
v -0.042593 -0.013167 -0.028235
v -0.042004 -0.006918 -0.026018
v -0.041995 -0.014383 -0.026713
v -0.041972 -0.013939 -0.027195
v -0.044093 0.015330 -0.029226
v -0.045424 0.009555 -0.029188
v -0.041977 0.009192 -0.025561
v -0.041990 0.018082 -0.027936
v -0.044093 0.015330 -0.029226
v -0.041977 0.009192 -0.025561
v -0.041952 0.018539 -0.017333
v -0.044037 0.018655 -0.016978
v -0.042088 -0.013812 -0.027498
v -0.041995 -0.014383 -0.026713
v -0.043347 -0.013317 -0.029024
v -0.042637 -0.013774 -0.028011
v -0.044059 0.018353 -0.017289
v -0.041968 0.018270 -0.017540
v -0.042820 -0.021029 0.017814
v -0.039848 -0.025045 0.018735
v -0.042839 -0.014152 -0.027984
v -0.042122 -0.013650 -0.027607
v -0.042839 -0.014152 -0.027984
v -0.042095 -0.013810 -0.027508
v -0.042839 -0.014152 -0.027984
v -0.042134 -0.014005 -0.027330
v -0.041952 0.018241 -0.017853
v -0.044279 0.018016 -0.017621
v -0.044204 0.018012 -0.018105
v -0.041822 0.018216 -0.018238
v -0.043981 0.018100 -0.018497
v -0.041822 0.018216 -0.018238
v -0.043823 0.018192 -0.018501
v -0.041822 0.018216 -0.018238
v -0.043896 0.018323 -0.018712
v -0.041822 0.018216 -0.018238
v -0.041717 0.020840 -0.026836
v -0.042153 0.019800 -0.025684
v -0.045728 0.008074 -0.013500
v -0.041999 0.007615 -0.013506
v -0.045688 0.008070 -0.013049
v -0.041905 0.007821 -0.013211
v -0.041945 0.007808 -0.012849
v -0.045757 0.008073 -0.012576
v -0.045679 0.007715 -0.013770
v -0.042023 0.007408 -0.013791
v -0.045650 0.001426 -0.005394
v -0.045757 0.008073 -0.012576
v -0.041921 0.007792 -0.012503
v -0.042055 0.019229 -0.025172
v -0.042048 0.011937 -0.017169
v -0.042839 -0.014152 -0.027984
v -0.042267 -0.014505 -0.026676
v -0.045731 0.007376 -0.014031
v -0.042588 -0.015187 -0.013779
v -0.042023 0.007408 -0.013791
v -0.045731 0.007376 -0.014031
v -0.041789 -0.013059 -0.013698
v -0.042403 0.015471 -0.013854
v -0.042765 0.017685 -0.013888
v -0.045750 0.014110 -0.013960
v -0.045750 0.014110 -0.013960
v -0.041912 0.014229 -0.013675
v -0.044258 0.019245 -0.015487
v -0.041241 0.025386 -0.016671
v -0.044279 0.019592 -0.014409
v -0.041562 0.025105 -0.015415
v -0.045276 0.019832 -0.048834
v -0.042608 0.026081 -0.048718
v -0.043834 0.016672 -0.037851
v -0.044093 0.015330 -0.029226
v -0.042043 0.020845 -0.029180
v -0.044643 -0.014405 -0.018068
v -0.041911 -0.014508 -0.018534
v -0.044753 -0.014170 -0.017535
v -0.042099 -0.014208 -0.017944
v -0.044689 -0.014624 -0.018956
v -0.041911 -0.014508 -0.018534
v -0.043931 0.020788 -0.002429
v -0.042251 0.023764 -0.003558
v -0.043814 0.020946 -0.004113
v -0.042315 0.023719 -0.005327
v -0.044700 -0.013735 -0.017247
v -0.042052 -0.013972 -0.017503
v -0.044903 -0.013165 -0.016861
v -0.041994 -0.013588 -0.017337
v -0.043450 -0.013022 -0.017012
v -0.045918 0.000966 -0.016746
v -0.045918 0.000966 -0.016746
v -0.042048 0.011937 -0.017169
v -0.041814 -0.013202 -0.017183
v -0.045918 0.000966 -0.016746
v -0.045751 0.011926 -0.016972
v -0.042048 0.011937 -0.017169
v -0.045751 0.011926 -0.016972
v -0.042153 0.019800 -0.025684
v -0.042048 0.011937 -0.017169
v -0.045314 -0.015368 -0.048773
v -0.040747 -0.023147 -0.049574
v -0.042099 -0.022183 -0.048742
v -0.045402 -0.016326 -0.048293
v -0.042594 -0.014668 -0.025519
v -0.043478 -0.014597 -0.019424
v -0.041719 0.024733 -0.014170
v -0.044279 0.019592 -0.014409
v -0.042337 -0.014565 -0.026537
v -0.042594 -0.014668 -0.025519
v -0.041403 0.022958 -0.024417
v -0.044168 0.018260 -0.018788
v -0.044264 -0.010306 -0.046029
v -0.043756 -0.012218 -0.038593
v -0.042364 -0.015767 -0.046019
v -0.041700 0.022074 -0.025292
v -0.044297 0.017993 -0.018567
v -0.043429 -0.022169 -0.014148
v -0.041336 -0.025050 -0.013754
v -0.044341 0.016657 -0.021685
v -0.042107 0.020247 -0.026020
v -0.043005 -0.022970 0.014291
v -0.043003 -0.023912 0.012407
v -0.042605 -0.014794 -0.026687
v -0.042857 -0.015296 -0.025648
v -0.043014 -0.022819 -0.015109
v -0.041855 -0.025023 -0.014356
v -0.045350 0.020540 -0.048522
v -0.042841 0.026208 -0.037670
v -0.042608 0.026081 -0.048718
v -0.042152 -0.027338 -0.006557
v -0.042863 -0.025984 -0.005699
v -0.042839 -0.014152 -0.027984
v -0.042678 -0.014798 -0.027067
v -0.043135 -0.021495 -0.037574
v -0.045402 -0.016326 -0.048293
v -0.042688 -0.021935 -0.048301
v -0.042691 -0.014919 -0.025664
v -0.042504 -0.014657 -0.026538
v -0.042819 0.019001 -0.038658
v -0.044276 0.014478 -0.046079
v -0.042331 0.020069 -0.046075
v -0.042853 -0.014276 -0.027881
v -0.043347 -0.013317 -0.029024
v -0.045094 0.011366 -0.038642
v -0.044276 0.014478 -0.046079
v -0.042819 0.019001 -0.038658
v -0.045545 0.010657 -0.038321
v -0.042819 0.019001 -0.038658
v -0.042718 0.020173 -0.038294
v -0.046729 0.008395 -0.037636
v -0.045195 0.010562 -0.040966
v -0.043834 0.016672 -0.037851
v -0.043095 0.017998 -0.041098
v -0.044979 -0.014911 -0.019666
v -0.042594 -0.014668 -0.025519
v -0.043614 -0.020533 -0.016986
v -0.042807 -0.022393 -0.016687
v -0.045890 0.014502 -0.005238
v -0.043607 0.021188 -0.005106
v -0.043128 -0.022157 -0.016025
v -0.044019 -0.019893 -0.017132
v -0.042733 -0.014982 -0.025566
v -0.045106 -0.015155 -0.019751
v -0.044227 0.017336 -0.020732
v -0.041899 0.021236 -0.026857
v -0.043893 -0.021625 0.013340
v -0.043003 -0.023912 0.012407
v -0.044193 -0.018607 0.014784
v -0.043511 -0.021834 0.014511
v -0.043767 -0.021811 0.012289
v -0.043003 -0.023912 0.012407
v -0.043649 -0.024915 -0.004882
v -0.043391 -0.026084 -0.002183
v -0.043814 -0.020923 -0.014011
v -0.044643 -0.018872 -0.014235
v -0.044354 -0.020088 -0.014363
v -0.043417 -0.022576 -0.014281
v -0.044021 -0.020954 -0.014676
v -0.044019 -0.019893 -0.017132
v -0.044093 -0.023928 -0.003023
v -0.043391 -0.026084 -0.002183
v -0.044254 -0.018088 0.018266
v -0.043443 -0.019128 0.019024
v -0.043509 -0.012779 -0.039656
v -0.045396 -0.005148 -0.040965
v -0.043833 0.001630 -0.109202
v -0.043926 -0.000568 -0.110253
v -0.044254 -0.018088 0.018266
v -0.043342 -0.020170 0.018508
v -0.044500 -0.017700 -0.018599
v -0.045106 -0.015155 -0.019751
v -0.043756 -0.024366 -0.001981
v -0.043391 -0.026084 -0.002183
v -0.045569 -0.004470 -0.038609
v -0.043756 -0.012218 -0.038593
v -0.044264 -0.010306 -0.046029
v -0.046962 0.013490 -0.037645
v -0.046729 0.008395 -0.037636
v -0.047260 0.007849 -0.037635
v -0.046729 0.008395 -0.037636
v -0.043172 -0.020614 0.017800
v -0.044357 -0.018238 0.016540
v -0.043881 -0.020025 -0.017165
v -0.043913 -0.019188 -0.018032
v -0.045664 -0.008159 -0.037909
v -0.043756 -0.012218 -0.038593
v -0.043835 0.018183 -0.018489
v -0.043986 0.018134 -0.018449
v -0.043945 0.018140 -0.018456
v -0.044297 0.017993 -0.018567
v -0.044067 0.018471 -0.018958
v -0.043826 0.018198 -0.018511
v -0.043979 -0.009481 -0.123033
v -0.043943 -0.009721 -0.125510
v -0.044067 0.018471 -0.018958
v -0.043910 0.018156 -0.018462
v -0.044126 0.018098 -0.018538
v -0.044067 0.018471 -0.018958
v -0.044388 -0.018477 0.014705
v -0.043764 -0.021576 0.014416
v -0.044585 -0.015807 0.017530
v -0.044036 -0.018218 0.018461
v -0.043970 -0.021458 0.012423
v -0.044716 -0.018492 0.012402
v -0.043924 0.020028 -0.014277
v -0.045750 0.014110 -0.013960
v -0.043928 -0.019276 -0.017949
v -0.043852 -0.018608 -0.019116
v -0.045751 0.011926 -0.016972
v -0.043964 0.017004 -0.022221
v -0.045667 -0.003373 -0.002039
v -0.043611 -0.024493 -0.001833
v -0.044593 -0.018118 0.012313
v -0.043616 -0.021961 0.012119
v -0.045829 -0.003273 -0.002183
v -0.043934 -0.024003 -0.002082
v -0.045002 -0.007544 -0.029156
v -0.045379 -0.005999 -0.037807
v -0.043347 -0.013317 -0.029024
v -0.045379 -0.005999 -0.037807
v -0.043396 -0.013398 -0.037791
v -0.043347 -0.013317 -0.029024
v -0.044905 -0.016200 0.017180
v -0.044385 -0.017909 0.017351
v -0.044214 -0.018381 0.017527
v -0.043440 -0.020395 0.017913
v -0.045882 0.014198 -0.014234
v -0.044279 0.019592 -0.014409
v -0.044317 -0.020356 -0.014418
v -0.044228 -0.019400 -0.017065
v -0.044019 -0.019893 -0.017132
v -0.044231 -0.018308 -0.018550
v -0.043828 -0.024343 -0.005098
v -0.045189 -0.011605 -0.005188
v -0.044185 -0.018155 0.015233
v -0.044248 -0.018224 0.015115
v -0.044252 -0.018022 0.015570
v -0.039329 -0.018275 0.016023
v -0.044281 -0.018051 0.015443
v -0.039329 -0.018275 0.016023
v -0.044357 -0.018238 0.016540
v -0.044306 -0.018034 0.016023
v -0.044262 -0.018009 0.015805
v -0.044172 -0.018020 0.015711
v -0.044256 -0.018009 0.015794
v -0.044181 -0.018021 0.015694
v -0.044246 -0.018171 0.015189
v -0.044380 -0.018090 0.015262
v -0.044314 -0.018027 0.015494
v -0.044281 -0.018053 0.015435
v -0.044330 -0.018015 0.015527
v -0.044181 -0.018029 0.015611
v -0.044302 -0.018029 0.015499
v -0.044239 -0.018110 0.015302
v -0.044380 -0.018090 0.015262
v -0.044330 -0.018085 0.016253
v -0.044357 -0.018238 0.016540
v -0.045313 -0.005928 -0.039074
v -0.043396 -0.013398 -0.037791
v -0.044238 -0.018248 0.015087
v -0.044193 -0.018607 0.014784
v -0.044315 -0.017995 0.015707
v -0.044189 -0.018021 0.015672
v -0.044265 -0.018006 0.015753
v -0.044172 -0.018020 0.015711
v -0.044339 -0.018086 0.016286
v -0.044317 -0.018058 0.016170
v -0.044260 -0.018013 0.015632
v -0.044330 -0.018015 0.015527
v -0.044380 -0.018090 0.015262
v -0.044322 -0.018155 0.015185
v -0.044238 -0.018085 0.015361
v -0.044349 -0.018113 0.015241
v -0.044242 0.018475 -0.016923
v -0.044279 0.018016 -0.017621
v -0.044746 -0.016051 0.017360
v -0.044254 -0.018088 0.018266
v -0.044356 -0.017992 0.015606
v -0.044315 -0.017995 0.015707
v -0.044309 -0.017997 0.015715
v -0.044371 -0.017984 0.015617
v -0.044295 -0.018187 0.015150
v -0.044193 -0.018607 0.014784
v -0.044658 -0.017738 0.015845
v -0.044356 -0.018123 0.016353
v -0.045094 0.011366 -0.038642
v -0.045512 0.008569 -0.046067
v -0.044276 0.014478 -0.046079
v -0.046021 0.014251 -0.014499
v -0.044473 0.018628 -0.015652
v -0.044266 -0.018071 0.015386
v -0.044380 -0.018090 0.015262
v -0.044658 -0.017738 0.015845
v -0.044325 -0.018048 0.016150
v -0.044656 -0.018243 0.014608
v -0.043994 -0.021223 0.013631
v -0.044658 -0.017738 0.015845
v -0.044324 -0.018008 0.015956
v -0.044284 -0.018007 0.015817
v -0.044371 -0.017984 0.015617
v -0.045189 -0.011605 -0.005188
v -0.044206 -0.023442 -0.003672
v -0.045829 -0.003273 -0.002183
v -0.045189 -0.011605 -0.005188
v -0.044225 -0.023589 -0.002309
v -0.045898 0.012348 -0.016987
v -0.044341 0.016657 -0.021685
v -0.044328 -0.018149 0.015191
v -0.044393 -0.018386 0.014791
v -0.044319 -0.018006 0.015881
v -0.044355 -0.017996 0.015592
v -0.044354 -0.018122 0.015220
v -0.044656 -0.018243 0.014608
v -0.044658 -0.017738 0.015845
v -0.044363 -0.017978 0.015753
v -0.044658 -0.017738 0.015845
v -0.044658 -0.017738 0.015845
v -0.044333 -0.018059 0.015376
v -0.044658 -0.017738 0.015845
v -0.044466 -0.018086 0.015185
v -0.044298 0.018044 -0.017720
v -0.044452 0.018366 -0.016741
v -0.045568 -0.004057 -0.046033
v -0.045569 -0.004470 -0.038609
v -0.044264 -0.010306 -0.046029
v -0.045731 0.007376 -0.014031
v -0.044263 -0.019694 -0.014083
v -0.045350 0.020540 -0.048522
v -0.047332 0.014927 -0.037648
v -0.042841 0.026208 -0.037670
v -0.047332 0.014927 -0.037648
v -0.044341 0.016657 -0.021685
v -0.046039 0.012688 -0.016966
v -0.044297 0.017993 -0.018567
v -0.044638 -0.018694 0.013166
v -0.044155 -0.021266 0.012608
v -0.046039 0.012688 -0.016966
v -0.044415 0.018040 -0.017651
v -0.045923 0.013926 -0.015598
v -0.044452 0.018366 -0.016741
v -0.045894 0.002203 -0.014311
v -0.044643 -0.018872 -0.014235
v -0.044509 -0.019461 -0.014424
v -0.044802 -0.017466 -0.018176
v -0.044905 -0.016200 0.017180
v -0.044535 -0.017893 0.016211
v -0.043834 0.016672 -0.037851
v -0.045424 0.009555 -0.029188
v -0.044093 0.015330 -0.029226
v -0.044716 -0.018492 0.012402
v -0.044759 -0.014837 0.012144
v -0.044007 0.020066 -0.002146
v -0.045900 0.014522 -0.002080
v -0.044643 -0.018872 -0.014235
v -0.044884 -0.016672 -0.017843
v -0.049170 0.002513 -0.037623
v -0.049170 0.002513 -0.037623
v -0.044659 -0.018119 0.014834
v -0.044716 -0.018492 0.012402
v -0.044733 -0.017327 0.016064
v -0.044716 -0.018492 0.012402
v -0.044029 0.020472 -0.003585
v -0.045900 0.014522 -0.002080
v -0.045639 -0.002735 -0.000510
v -0.044656 -0.013874 0.011616
v -0.045088 -0.012113 0.014525
v -0.044585 -0.015807 0.017530
v -0.046027 0.000235 -0.014463
v -0.045044 -0.014448 -0.015674
v -0.045116 -0.014080 -0.016738
v -0.044643 -0.018872 -0.014235
v -0.045157 -0.013529 -0.016513
v -0.044643 -0.018872 -0.014235
v -0.045080 -0.014628 -0.017374
v -0.044643 -0.018872 -0.014235
v -0.044859 -0.014663 -0.019555
v -0.044825 -0.014688 -0.018411
v -0.044871 -0.014207 0.012013
v -0.044574 -0.015115 0.012080
v -0.044901 -0.014702 -0.018116
v -0.044753 -0.014170 -0.017535
v -0.045250 -0.012390 0.014527
v -0.044745 -0.015985 0.017345
v -0.044905 -0.016200 0.017180
v -0.045054 -0.014231 0.012234
v -0.044716 -0.018492 0.012402
v -0.044848 -0.014039 0.011905
v -0.045820 -0.002672 -0.000358
v -0.047599 -0.009699 -0.037598
v -0.045402 -0.016326 -0.048293
v -0.043135 -0.021495 -0.037574
v -0.045402 -0.016326 -0.048293
v -0.046030 -0.012480 -0.049171
v -0.044840 -0.014279 -0.017595
v -0.044903 -0.013165 -0.016861
v -0.045794 0.014832 -0.003869
v -0.043994 0.020576 -0.005006
v -0.045144 -0.013428 0.013825
v -0.044905 -0.016200 0.017180
v -0.044972 -0.014883 -0.019595
v -0.045071 -0.014897 -0.017967
v -0.045876 -0.001521 -0.029156
v -0.045379 -0.005999 -0.037807
v -0.045002 -0.007544 -0.029156
v -0.050529 -0.014366 0.042333
v -0.045078 -0.014447 0.040911
v -0.045078 -0.014447 0.040911
v -0.045385 -0.011745 0.040441
v -0.048303 0.018441 0.038663
v -0.050160 0.018605 0.039781
v -0.045064 0.018886 0.040823
v -0.045064 0.018886 0.040823
v -0.045064 0.018886 0.040823
v -0.050659 0.018790 0.041937
v -0.045064 0.018886 0.040823
v -0.045059 -0.015260 -0.018725
v -0.044802 -0.017466 -0.018176
v -0.045049 -0.014056 -0.016987
v -0.045071 -0.014897 -0.017967
v -0.045100 -0.014261 -0.016890
v -0.045028 -0.013165 -0.016694
v -0.046069 0.016472 -0.049224
v -0.045350 0.020540 -0.048522
v -0.046016 0.003407 -0.038625
v -0.045512 0.008569 -0.046067
v -0.045094 0.011366 -0.038642
v -0.046238 0.008882 -0.037974
v -0.046016 0.003407 -0.038625
v -0.045128 -0.013930 -0.016661
v -0.045190 -0.013048 -0.016448
v -0.045105 -0.014224 -0.016835
v -0.045135 -0.013862 -0.016584
v -0.051143 -0.014372 0.041270
v -0.045373 -0.014338 0.040315
v -0.045344 -0.014196 0.040221
v -0.045562 -0.011682 0.039886
v -0.045048 -0.013101 -0.016653
v -0.045918 0.000966 -0.016746
v -0.045720 0.007737 -0.037820
v -0.045424 0.009555 -0.029188
v -0.043834 0.016672 -0.037851
v -0.045720 0.007737 -0.037820
v -0.043834 0.016672 -0.037851
v -0.045195 0.010562 -0.040966
v -0.046025 0.001630 -0.005090
v -0.045189 -0.011605 -0.005188
v -0.045829 -0.003273 -0.002183
v -0.049757 -0.014132 0.039613
v -0.045519 -0.014237 0.039745
v -0.045798 0.002804 -0.001567
v -0.045068 -0.012044 0.014499
v -0.045153 -0.013271 0.013239
v -0.045820 -0.002672 -0.000358
v -0.046039 0.002058 -0.040922
v -0.045720 0.007737 -0.037820
v -0.045195 0.010562 -0.040966
v -0.045834 0.001521 -0.005245
v -0.045189 -0.011605 -0.005188
v -0.045927 0.002758 -0.001874
v -0.045250 -0.012390 0.014527
v -0.046397 0.018543 0.039044
v -0.045477 0.018449 0.040136
v -0.045146 0.016146 0.040804
v -0.045720 0.007737 -0.037820
v -0.045997 0.003852 -0.029197
v -0.045424 0.009555 -0.029188
v -0.047363 0.014597 -0.048362
v -0.047332 0.014927 -0.037648
v -0.045350 0.020540 -0.048522
v -0.045766 0.016386 0.039746
v -0.046112 0.018548 0.039046
v -0.047599 -0.009699 -0.037598
v -0.047411 -0.010257 -0.048312
v -0.045402 -0.016326 -0.048293
v -0.045415 -0.005193 -0.039718
v -0.046039 0.002058 -0.040922
v -0.046624 0.015998 0.040827
v -0.045247 -0.011629 0.040906
v -0.045969 0.000482 -0.015563
v -0.045190 -0.013048 -0.016448
v -0.045588 -0.002749 -0.000632
v -0.045703 -0.002711 -0.001204
v -0.045991 0.002341 -0.046041
v -0.046016 0.003407 -0.038625
v -0.045569 -0.004470 -0.038609
v -0.045568 -0.004057 -0.046033
v -0.045991 0.002341 -0.046041
v -0.045569 -0.004470 -0.038609
v -0.046016 0.003407 -0.038625
v -0.045703 -0.005327 -0.038322
v -0.048111 0.016008 0.040850
v -0.046016 0.003407 -0.038625
v -0.045991 0.002341 -0.046041
v -0.045512 0.008569 -0.046067
v -0.045728 0.008074 -0.013500
v -0.045842 0.007450 -0.014116
v -0.045506 -0.011654 0.040394
v -0.048088 -0.011573 0.040905
v -0.045805 0.007403 -0.006695
v -0.045803 0.007565 -0.005742
v -0.045703 -0.002711 -0.001204
v -0.045658 -0.003348 -0.001993
v -0.048111 0.016008 0.040850
v -0.045902 0.016142 0.040011
v -0.046039 0.002058 -0.040922
v -0.045379 -0.005999 -0.037807
v -0.045876 -0.001521 -0.029156
v -0.045519 -0.014237 0.039745
v -0.046004 -0.011949 0.039411
v -0.045900 -0.000833 -0.000763
v -0.045250 -0.012390 0.014527
v -0.045750 0.014110 -0.013960
v -0.045821 0.007384 -0.006754
v -0.045858 0.008082 -0.005196
v -0.045890 0.014502 -0.005238
v -0.045836 0.001532 -0.005249
v -0.045757 0.008073 -0.012576
v -0.045880 0.002869 -0.001845
v -0.045684 0.003542 -0.001904
v -0.045770 -0.002954 -0.001737
v -0.046025 0.001630 -0.005090
v -0.045757 -0.002672 -0.000841
v -0.046025 0.001630 -0.005090
v -0.045757 0.008073 -0.012576
v -0.045840 0.008175 -0.013525
v -0.045877 0.008175 -0.013613
v -0.046006 0.007488 -0.014297
v -0.046032 0.001937 -0.003289
v -0.045820 -0.002672 -0.000358
v -0.045997 0.003852 -0.029197
v -0.046039 0.002058 -0.040922
v -0.045876 -0.001521 -0.029156
v -0.045900 0.014522 -0.002080
v -0.045859 0.003179 -0.002042
v -0.046025 0.001630 -0.005090
v -0.045893 0.008285 -0.012566
v -0.045867 0.007426 -0.014162
v -0.046027 0.000235 -0.014463
v -0.045866 0.007996 -0.005244
v -0.045803 0.007565 -0.005742
v -0.046039 0.002058 -0.040922
v -0.045997 0.003852 -0.029197
v -0.045720 0.007737 -0.037820
v -0.045879 0.014171 -0.014210
v -0.046009 0.007213 -0.006775
v -0.045918 0.000966 -0.016746
v -0.045885 0.012267 -0.016969
v -0.045908 0.008306 -0.012626
v -0.046025 0.008345 -0.013671
v -0.046246 0.004675 -0.038274
v -0.045972 -0.008648 -0.037602
v -0.046009 0.007213 -0.006775
v -0.045871 0.007618 -0.005634
v -0.046040 0.002425 -0.003961
v -0.046009 0.007213 -0.006775
v -0.046039 0.012688 -0.016966
v -0.045969 0.000745 -0.015708
v -0.046015 0.008136 -0.014917
v -0.046027 0.000235 -0.014463
v -0.046019 0.004458 -0.005952
v -0.046031 0.011425 -0.013555
v -0.046017 0.007461 -0.005764
v -0.046062 0.002717 -0.002201
v -0.045900 0.014522 -0.002080
v -0.045890 0.014502 -0.005238
v -0.046062 0.002717 -0.002201
v -0.045890 0.014502 -0.005238
v -0.046020 0.007329 -0.004472
v -0.046016 0.007988 -0.013988
v -0.046039 0.012688 -0.016966
v -0.046030 0.008462 -0.013212
v -0.046039 0.012688 -0.016966
v -0.046030 0.013199 -0.015556
v -0.046036 0.008518 -0.012566
v -0.049595 -0.013993 0.038733
v -0.046879 -0.014062 0.038871
v -0.046494 -0.013800 0.038992
v -0.046615 -0.011857 0.038787
v -0.046466 0.016317 0.038966
v -0.046112 0.018548 0.039046
v -0.046837 -0.011788 0.038887
v -0.045562 -0.011682 0.039886
v -0.046911 0.016271 0.038667
v -0.046983 0.018191 0.038688
v -0.047455 0.008461 -0.049634
v -0.046781 0.015080 -0.048850
v -0.048182 -0.003446 -0.048882
v -0.045624 -0.012750 -0.049595
v -0.046923 -0.010747 -0.048699
v -0.048600 -0.004118 -0.048318
v -0.048001 0.008505 -0.048990
v -0.047363 0.014597 -0.048362
v -0.046801 0.016232 0.038811
v -0.048235 0.016098 0.038706
v -0.047835 0.016077 0.039554
v -0.046070 0.016164 0.039245
v -0.047363 0.014597 -0.048362
v -0.048594 0.008319 -0.048343
v -0.047332 0.014927 -0.037648
v -0.048594 0.008319 -0.048343
v -0.049170 0.002513 -0.037623
v -0.047332 0.014927 -0.037648
v -0.047724 0.016512 0.038525
v -0.047787 0.018398 0.038371
v -0.047498 -0.011630 0.039748
v -0.045562 -0.011682 0.039886
v -0.046911 0.016271 0.038667
v -0.048294 0.016190 0.038590
v -0.047074 -0.014006 0.038571
v -0.047379 -0.012176 0.038651
v -0.047599 -0.009699 -0.037598
v -0.048600 -0.004118 -0.048318
v -0.047411 -0.010257 -0.048312
v -0.048285 -0.011808 0.038607
v -0.046615 -0.011857 0.038787
v -0.049170 0.002513 -0.037623
v -0.048600 -0.004118 -0.048318
v -0.047599 -0.009699 -0.037598
v -0.048189 -0.011701 0.038741
v -0.046615 -0.011857 0.038787
v -0.047756 -0.011667 0.038856
v -0.046615 -0.011857 0.038787
v -0.048165 -0.011646 0.038924
v -0.047734 -0.011649 0.038924
v -0.048177 -0.011656 0.038871
v -0.047637 -0.011655 0.038880
v -0.047916 -0.011649 0.038937
v -0.048088 -0.011573 0.040905
v -0.048506 0.001368 -0.048979
v -0.047455 0.008461 -0.049634
v -0.048691 -0.013143 0.038610
v -0.047074 -0.014006 0.038571
v -0.048909 0.002090 -0.048671
v -0.048071 0.008274 -0.048947
v -0.048126 -0.011574 0.039921
v -0.048111 0.016008 0.040850
v -0.048165 -0.011646 0.038924
v -0.048173 0.016011 0.039778
v -0.048062 -0.002613 -0.049145
v -0.048909 0.002090 -0.048671
v -0.048185 -0.011657 0.038867
v -0.048235 0.016098 0.038706
v -0.048229 -0.011720 0.038700
v -0.048205 -0.011668 0.038809
v -0.048493 -0.011917 0.038503
v -0.048240 -0.011729 0.038685
v -0.048241 -0.011694 0.038754
v -0.048235 0.016098 0.038706
v -0.048229 -0.011726 0.038687
v -0.048235 0.016098 0.038706
v -0.048334 0.016201 0.038571
v -0.048180 -0.011732 0.038675
v -0.048229 -0.011726 0.038687
v -0.048434 0.016309 0.038433
v -0.048385 -0.011817 0.038601
v -0.048434 0.016309 0.038433
v -0.048434 0.016309 0.038433
v -0.048610 0.018071 0.038555
v -0.048909 0.002090 -0.048671
v -0.049170 0.002513 -0.037623
v -0.048594 0.008319 -0.048343
v -0.049004 -0.012833 0.038609
v -0.048434 0.016309 0.038433
v -0.049595 -0.013993 0.038733
v -0.049104 0.017253 0.038640
v -0.049170 0.002513 -0.037623
v -0.048909 0.002090 -0.048671
v -0.048600 -0.004118 -0.048318
v -0.049940 -0.013296 0.043746
v -0.049614 0.016881 0.043972
v -0.050095 0.017737 0.043549
v -0.050349 -0.014355 0.043415
v -0.050356 -0.014111 0.039980
v -0.049870 0.018450 0.038877
v -0.051143 -0.014372 0.041270
v -0.050467 0.018573 0.039873
v -0.050745 -0.014324 0.042346
v -0.050635 0.018791 0.043074
v -0.050853 0.018749 0.041974
v -0.051143 -0.014372 0.041270
vn 0.9980 -0.0294 0.0564
vn 0.9951 0.0337 -0.0926
vn 0.9802 0.0127 0.1976
vn 0.9490 -0.0358 -0.3132
vn 0.9415 -0.0090 0.3370
vn 0.9314 0.0011 0.3639
vn 0.9064 0.0337 -0.4211
vn 0.8662 0.0008 0.4997
vn 0.7901 -0.0071 -0.6130
vn 0.8662 0.0004 0.4996
vn -0.4621 -0.1040 -0.8807
vn -0.4589 -0.1066 -0.8821
vn -0.4681 -0.1637 -0.8684
vn -0.5275 -0.2129 -0.8224
vn -0.6635 -0.7480 -0.0145
vn -0.6453 -0.7633 -0.0304
vn -0.6854 -0.7272 -0.0384
vn -0.6695 -0.7408 -0.0551
vn -0.6304 -0.7762 -0.0041
vn -0.6447 -0.7639 0.0298
vn -0.4381 -0.0714 -0.8961
vn -0.6434 -0.7586 -0.1029
vn -0.6254 -0.7770 -0.0711
vn -0.6227 -0.7789 -0.0746
vn -0.6335 -0.7530 -0.1781
vn -0.6423 -0.7423 -0.1910
vn -0.6490 -0.6872 -0.3265
vn -0.6233 -0.7812 -0.0343
vn -0.6350 -0.6143 -0.4684
vn -0.6202 -0.6123 -0.4904
vn -0.5769 -0.5763 -0.5788
vn -0.6058 -0.4770 -0.6367
vn -0.5611 -0.5032 -0.6573
vn -0.5397 -0.8413 0.0309
vn -0.5537 -0.8318 0.0384
vn -0.3966 -0.1690 -0.9023
vn -0.3984 -0.0826 -0.9135
vn -0.5324 -0.8465 0.0050
vn -0.5889 -0.7867 -0.1853
vn -0.4832 -0.7929 -0.3713
vn -0.5188 -0.8539 -0.0410
vn -0.4739 -0.8801 -0.0274
vn -0.5811 -0.6476 -0.4928
vn -0.4450 -0.6531 -0.6127
vn -0.3524 -0.1233 -0.9277
vn 0.8675 -0.0012 0.4975
vn -0.3672 -0.1006 -0.9247
vn -0.3982 -0.2212 -0.8902
vn -0.4799 -0.8765 0.0379
vn -0.4324 -0.9009 0.0374
vn -0.5001 -0.8624 -0.0791
vn 0.8659 -0.0009 0.5002
vn 0.8654 0.0014 0.5011
vn 0.5485 -0.8325 0.0777
vn 0.7965 -0.5839 0.1571
vn 0.7838 -0.6169 0.0716
vn 0.8961 -0.0786 0.4369
vn 0.8844 -0.4581 0.0895
vn 0.8827 -0.4610 0.0909
vn 0.9208 -0.3794 0.0902
vn 0.9212 -0.3743 0.1066
vn 0.3769 -0.1056 -0.9202
vn 0.3969 -0.1696 -0.9021
vn 0.9352 -0.3451 0.0796
vn 0.4385 -0.5180 -0.7344
vn 0.4838 -0.6408 -0.5962
vn 0.5090 -0.6115 -0.6059
vn 0.4768 -0.7566 -0.4474
vn 0.5210 -0.7060 -0.4797
vn 0.5353 -0.7617 -0.3652
vn 0.5074 -0.8342 -0.2162
vn 0.4751 -0.8745 -0.0975
vn 0.4944 -0.8649 -0.0864
vn 0.9519 -0.2977 0.0724
vn 0.9569 -0.2792 0.0797
vn 0.9641 -0.2620 0.0445
vn 0.3985 -0.0911 -0.9126
vn 0.3501 -0.1106 -0.9302
vn 0.5219 -0.3549 -0.7756
vn 0.5758 -0.4453 -0.6857
vn 0.9781 -0.1994 0.0600
vn 0.9797 -0.1936 0.0524
vn 0.6452 -0.7014 -0.3029
vn 0.6365 -0.7424 -0.2091
vn 0.7230 -0.6899 -0.0354
vn 0.6795 -0.7337 0.0047
vn 0.9891 -0.1316 0.0654
vn 0.4567 -0.1186 -0.8817
vn 0.4559 -0.1943 -0.8685
vn 0.4840 -0.2208 -0.8468
vn 0.4995 -0.3585 -0.7887
vn 0.5543 -0.4365 -0.7087
vn 0.6121 -0.5237 -0.5925
vn 0.6075 -0.5569 -0.5663
vn 0.6288 -0.5626 -0.5367
vn 0.9070 -0.4174 0.0566
vn 0.6398 -0.6355 -0.4322
vn 0.6500 -0.6086 -0.4551
vn 0.6387 -0.7098 -0.2971
vn 0.6565 -0.6470 -0.3879
vn 0.6517 -0.7341 -0.1907
vn 0.6770 -0.7305 -0.0899
vn 0.6546 -0.7528 -0.0689
vn 0.7234 -0.6904 -0.0078
vn 0.7309 -0.6823 -0.0173
vn 0.7345 -0.6782 -0.0212
vn 0.7007 -0.7119 -0.0460
vn 0.8389 -0.5404 0.0655
vn 0.8483 -0.5262 0.0587
vn 0.8073 -0.5896 0.0261
vn 0.8978 -0.4353 0.0665
vn 0.9912 -0.1168 0.0617
vn 0.9187 -0.3867 0.0803
vn 0.9928 -0.1029 0.0613
vn 0.9389 -0.3372 0.0698
vn 0.9471 -0.3142 0.0661
vn 0.9943 -0.0886 0.0600
vn 0.9635 -0.2569 0.0754
vn 0.9617 -0.2682 0.0558
vn 0.9714 -0.2264 0.0710
vn 0.9942 -0.0885 0.0603
vn 0.9812 -0.1847 0.0563
vn 0.9851 -0.1579 0.0683
vn 0.9914 -0.1199 0.0517
vn 0.9906 -0.1296 0.0446
vn 0.5002 -0.0014 -0.8659
vn -0.2998 0.0010 0.9540
vn 0.5001 -0.0013 -0.8660
vn -0.9941 -0.0745 0.0791
vn -0.8793 -0.4710 0.0705
vn -0.9379 -0.3399 0.0695
vn 0.9585 0.2820 -0.0423
vn -0.9480 -0.3101 0.0722
vn -0.9890 -0.1322 0.0666
vn 0.9985 0.0127 -0.0523
vn 0.9837 0.1727 -0.0505
vn -0.9973 -0.0009 0.0739
vn 0.9938 0.1011 -0.0465
vn 0.9838 0.1754 -0.0372
vn 0.9650 0.2614 -0.0229
vn -0.9973 -0.0007 0.0738
vn 0.9809 0.1945 -0.0035
vn -0.9973 -0.0007 0.0739
vn -0.9975 0.0059 0.0699
vn -0.9972 0.0109 0.0740
vn 0.0145 0.0013 -0.9999
vn -0.0013 -1.0000 0.0039
vn 0.4690 0.0072 0.8832
vn 0.0069 1.0000 -0.0048
vn 0.0020 1.0000 -0.0018
vn 0.5504 -0.8339 0.0399
vn 0.5057 -0.8626 0.0146
vn 0.4299 -0.9002 0.0696
vn 0.0001 1.0000 -0.0000
vn -0.0008 1.0000 0.0018
vn -0.0002 1.0000 -0.0010
vn 0.3965 -0.9180 0.0109
vn 0.2734 -0.9619 0.0068
vn 0.3370 -0.9384 0.0760
vn 0.2468 -0.9691 -0.0053
vn -0.3566 0.0133 -0.9342
vn -0.3201 -0.0413 -0.9465
vn 0.0937 -0.9924 0.0802
vn -0.1154 0.0312 -0.9928
vn -0.0027 -0.0560 0.9984
vn 0.0037 -0.9987 -0.0514
vn -0.0371 -0.0627 -0.9973
vn -0.0858 -0.9946 0.0578
vn 0.1030 0.0502 -0.9934
vn -0.0007 1.0000 -0.0020
vn -0.3175 -0.9480 0.0233
vn -0.3176 -0.9479 0.0229
vn 0.2787 -0.0554 -0.9588
vn -0.0007 1.0000 -0.0021
vn -0.3459 -0.9377 0.0316
vn -0.0009 1.0000 -0.0020
vn -0.0015 1.0000 -0.0030
vn -0.3388 -0.9401 0.0370
vn 0.0081 -0.9999 -0.0076
vn 0.0008 -1.0000 0.0024
vn 0.5413 0.8403 0.0294
vn 0.5252 0.8498 0.0439
vn 0.0010 -1.0000 0.0018
vn 0.0009 -1.0000 0.0020
vn 0.0008 -1.0000 0.0021
vn -0.0002 0.0045 1.0000
vn 0.4036 0.9146 0.0262
vn 0.0009 -1.0000 0.0024
vn 0.3838 0.9230 0.0281
vn -0.4601 -0.0755 -0.8846
vn 0.3853 0.9228 0.0014
vn -0.3152 0.0599 -0.9471
vn 0.1895 0.9813 0.0347
vn 0.1703 0.9854 0.0067
vn -0.2548 -0.0182 -0.9668
vn -0.0745 0.0082 -0.9972
vn -0.0669 0.0199 -0.9976
vn -0.0203 0.9997 0.0129
vn -0.0205 0.9997 0.0135
vn 0.1520 -0.0254 -0.9881
vn 0.2256 0.0579 -0.9725
vn 0.0008 -1.0000 0.0019
vn -0.3002 0.9537 -0.0168
vn -0.3118 0.9501 0.0122
vn -0.3292 0.9430 0.0477
vn 0.0003 -1.0000 0.0005
vn -0.3481 0.9373 0.0184
vn 0.7301 -0.6808 -0.0586
vn 0.6879 -0.7249 0.0363
vn 0.7116 -0.6885 0.1400
vn 0.0040 1.0000 0.0052
vn 0.6563 -0.7109 -0.2526
vn 0.0042 1.0000 0.0052
vn 0.6583 -0.7096 -0.2514
vn 0.0043 1.0000 0.0049
vn -0.9980 0.0462 -0.0429
vn -0.9716 -0.0664 -0.2270
vn -0.9722 -0.0526 0.2283
vn -0.9361 0.0320 0.3504
vn 0.0041 1.0000 0.0054
vn -0.8147 -0.0637 0.5763
vn 0.4461 -0.6924 -0.5671
vn -0.7827 -0.0391 -0.6211
vn 0.3583 -0.7220 -0.5918
vn -0.5331 0.0479 -0.8447
vn 0.2619 -0.6822 -0.6827
vn -0.4119 -0.0538 -0.9096
vn -0.4474 -0.0592 0.8924
vn 0.0013 -1.0000 0.0043
vn -0.1934 0.0437 -0.9802
vn -0.2484 0.0287 0.9682
vn 0.1710 -0.7226 -0.6697
vn -0.0019 -0.0832 0.9965
vn 0.0042 1.0000 0.0046
vn 0.0207 -0.0701 -0.9973
vn 0.0040 1.0000 -0.0040
vn -0.9979 -0.0227 -0.0611
vn -0.0149 -0.9999 0.0011
vn 0.9981 -0.0184 0.0595
vn 0.0041 1.0000 0.0050
vn -0.2089 -0.6932 -0.6898
vn -0.0682 -0.9815 0.1791
vn 0.0040 1.0000 0.0076
vn 0.0054 1.0000 0.0080
vn 0.0051 1.0000 0.0074
vn 0.0079 0.9999 0.0066
vn 0.3346 -0.0166 -0.9422
vn 0.3777 0.0311 0.9254
vn -0.2631 -0.7267 -0.6346
vn 0.7702 -0.0466 0.6361
vn 0.4787 -0.0544 0.8763
vn 0.0041 1.0000 0.0055
vn -0.4852 -0.0203 -0.8741
vn -0.0004 1.0000 -0.0017
vn 0.9946 -0.0880 -0.0543
vn 0.6157 -0.0525 -0.7862
vn 0.0044 1.0000 0.0053
vn -0.4123 -0.6846 -0.6011
vn 0.0036 1.0000 0.0081
vn 0.6471 0.0342 0.7616
vn -0.4415 -0.7289 -0.5232
vn 0.7778 -0.0242 0.6281
vn 0.0008 1.0000 0.0015
vn 0.8513 -0.0402 -0.5232
vn 0.0021 1.0000 0.0050
vn -0.0968 -0.9817 0.1637
vn -0.0793 -0.9816 0.1736
vn 0.9376 0.0471 -0.3446
vn 0.9341 -0.0244 0.3562
vn 0.9922 -0.0610 -0.1089
vn 0.0012 1.0000 0.0056
vn 0.9972 0.0546 0.0505
vn -0.6137 -0.7043 -0.3568
vn 0.0054 1.0000 0.0062
vn -0.5547 -0.0070 -0.8320
vn 0.5518 -0.0198 0.8337
vn 0.0058 1.0000 0.0061
vn -0.9033 0.0576 -0.4251
vn -0.5435 -0.0449 0.8382
vn -0.1118 -0.9810 0.1584
vn -0.4275 0.0345 -0.9033
vn -0.9996 -0.0223 0.0161
vn 0.0015 1.0000 0.0048
vn -0.1088 -0.9816 0.1566
vn 0.0061 1.0000 0.0076
vn -0.1265 -0.9813 0.1449
vn 0.0058 1.0000 0.0073
vn -0.1221 -0.9810 0.1510
vn -0.4020 -0.9003 -0.1670
vn 0.0015 1.0000 0.0047
vn -0.1056 -0.9941 -0.0265
vn -0.1337 -0.9910 0.0082
vn -0.0911 -0.9869 0.1333
vn 0.0143 0.0135 -0.9998
vn -0.4847 0.0373 0.8739
vn 0.0023 -1.0000 0.0019
vn 0.0010 -1.0000 0.0022
vn 0.4772 0.8781 -0.0343
vn 0.4977 0.8665 -0.0394
vn 0.4288 0.9023 -0.0450
vn 0.0083 -1.0000 0.0015
vn 0.0015 -1.0000 0.0014
vn 0.0005 -1.0000 0.0019
vn -0.0064 -0.9992 0.0384
vn 1.0000 0.0010 0.0002
vn 0.0051 -1.0000 0.0033
vn 0.0222 -0.9996 0.0168
vn -0.0030 -0.9996 -0.0276
vn 0.0042 -1.0000 -0.0053
vn 0.0077 -0.8974 -0.4412
vn -0.0026 -0.9170 -0.3989
vn -0.0051 -0.7685 0.6399
vn 0.0079 -0.8081 0.5890
vn -0.0026 -0.5991 -0.8006
vn -0.0096 -0.4355 0.9001
vn 0.0053 -0.3415 0.9399
vn -0.0306 -0.2451 -0.9690
vn 0.0686 0.0018 0.9976
vn 0.0007 0.0012 1.0000
vn -0.0005 0.0011 1.0000
vn 0.0012 0.0022 1.0000
vn 1.0000 0.0015 0.0001
vn 0.0197 -0.0057 -0.9998
vn -0.0258 -0.0256 -0.9993
vn 0.0156 -0.0046 -0.9999
vn 1.0000 0.0082 -0.0056
vn -0.0000 0.0022 1.0000
vn -0.0079 0.0168 0.9998
vn -0.0006 0.0026 1.0000
vn -0.0089 0.0104 0.9999
vn 0.0020 -0.0022 -1.0000
vn 0.9934 -0.0530 0.1017
vn 0.9953 0.0585 0.0768
vn 0.0044 1.0000 0.0052
vn 0.9978 -0.0120 -0.0647
vn 0.9996 0.0287 -0.0083
vn 0.9966 -0.0218 -0.0795
vn 0.9953 -0.0923 0.0304
vn 0.9997 0.0104 -0.0234
vn 0.9915 -0.1302 0.0035
vn 0.9926 0.1205 -0.0157
vn 0.9685 0.0223 -0.2478
vn 0.9595 0.0064 -0.2817
vn 0.9810 -0.0494 -0.1875
vn 0.9741 -0.0339 0.2236
vn 0.9727 0.0382 0.2290
vn 0.9819 0.1869 0.0290
vn 0.9637 -0.0052 0.2670
vn 0.0052 -0.9999 0.0090
vn 0.9637 0.0079 0.2669
vn 0.9661 0.2579 -0.0087
vn 0.6663 0.7457 -0.0026
vn 0.6605 0.7508 -0.0033
vn 0.9673 -0.2536 -0.0093
vn 0.9455 -0.3247 0.0261
vn 0.9170 0.0573 -0.3947
vn 0.1822 -0.9812 -0.0640
vn 0.0680 -0.0077 -0.9977
vn 0.0707 -0.0116 -0.9974
vn 0.0802 0.0060 -0.9968
vn 0.0611 0.1993 0.9780
vn -0.0242 -0.0052 0.9997
vn 0.0002 -0.0032 1.0000
vn -0.0003 1.0000 -0.0037
vn 0.0048 1.0000 -0.0020
vn -0.0028 1.0000 0.0036
vn 0.0002 -0.0003 -1.0000
vn -0.0012 1.0000 -0.0020
vn -0.0049 1.0000 -0.0031
vn 0.0033 1.0000 0.0048
vn 0.8934 -0.0030 -0.4492
vn 0.9277 0.3734 0.0002
vn 0.9101 0.4133 0.0295
vn 0.6426 0.7662 -0.0015
vn 0.9270 -0.3749 -0.0103
vn 0.0630 -0.0232 -0.9977
vn 0.0584 -0.0173 -0.9981
vn -0.9999 -0.0108 0.0064
vn -0.9994 -0.0320 -0.0105
vn -0.6560 -0.7548 0.0006
vn -0.6426 -0.7662 0.0019
vn -0.6453 -0.7639 0.0014
vn 0.8741 -0.0323 0.4848
vn 0.8764 -0.0543 0.4784
vn 0.0058 -0.9999 0.0089
vn 0.8710 0.0264 0.4905
vn 0.8751 0.0605 0.4801
vn 0.9997 -0.0207 -0.0123
vn 0.9969 0.0176 -0.0772
vn 0.8502 -0.0173 -0.5262
vn -0.9887 -0.1483 0.0204
vn 0.9919 0.1265 0.0069
vn 0.8667 -0.0720 0.4936
vn 0.8669 0.0601 0.4948
vn 0.9845 -0.1753 -0.0015
vn 0.9873 -0.1523 -0.0459
vn 0.9769 0.1860 -0.1055
vn 0.8456 -0.0460 -0.5319
vn -0.9923 0.1238 0.0036
vn -0.9900 0.1410 -0.0108
vn -0.9782 -0.2069 -0.0163
vn -0.0091 0.0018 1.0000
vn -0.0093 0.0032 1.0000
vn 0.0155 -0.0014 -0.9999
vn 0.0147 -0.0037 -0.9999
vn 0.0151 -0.0043 -0.9999
vn -0.0078 0.0014 1.0000
vn -0.0078 0.0016 1.0000
vn 0.0156 0.0013 -0.9999
vn 0.0148 -0.0003 -0.9999
vn -0.9683 0.2492 0.0169
vn -0.0073 0.0051 1.0000
vn 0.7061 -0.7055 -0.0608
vn 0.6949 -0.7189 -0.0161
vn 0.7156 -0.6956 0.0638
vn 0.0598 0.0152 -0.9981
vn -0.0075 -0.0001 1.0000
vn -0.9595 -0.2810 0.0177
vn 0.9466 -0.3191 -0.0473
vn 0.7014 -0.6848 0.1974
vn 0.6946 -0.6953 -0.1847
vn 0.0145 -0.0075 -0.9999
vn -0.9500 0.3116 -0.0205
vn 0.9409 0.3387 0.0017
vn 0.8754 -0.4829 -0.0225
vn -0.9293 -0.3691 -0.0167
vn 0.0608 0.0291 -0.9977
vn 0.0148 0.0034 -0.9999
vn -0.9263 0.3766 0.0152
vn 0.8656 0.5001 -0.0237
vn 0.6246 -0.7126 -0.3195
vn 0.7351 0.0462 -0.6763
vn 0.1397 -0.9820 -0.1273
vn -0.0006 1.0000 -0.0038
vn 0.0044 1.0000 0.0047
vn 0.0046 1.0000 0.0050
vn 0.7389 -0.0475 -0.6722
vn -0.0083 0.0053 1.0000
vn -0.0085 0.0045 1.0000
vn -0.0009 0.0024 1.0000
vn -0.9156 -0.4021 0.0093
vn -0.0071 -0.0006 1.0000
vn -0.0071 -0.0037 1.0000
vn 0.6929 -0.0193 -0.7208
vn -0.0062 -0.9999 -0.0113
vn 0.6918 0.0293 -0.7215
vn -0.6311 0.3512 0.6916
vn 0.6150 -0.7053 0.3526
vn 0.6096 -0.7166 0.3389
vn 0.5910 -0.6925 -0.4136
vn 0.0136 -0.0081 -0.9999
vn 0.0140 -0.0097 -0.9999
vn -0.8847 0.4659 -0.0157
vn 0.8186 -0.5735 0.0310
vn -0.7943 0.6075 0.0011
vn -0.7626 0.6468 -0.0018
vn -0.0074 1.0000 -0.0025
vn -0.8657 0.5004 0.0134
vn 0.0120 0.0098 -0.9999
vn 0.0145 0.0036 -0.9999
vn 0.0574 -0.0330 -0.9978
vn 0.0602 -0.0374 -0.9975
vn -0.8520 -0.5235 -0.0045
vn -0.8535 -0.5210 -0.0019
vn 0.7969 -0.6042 0.0034
vn 0.7963 0.6047 -0.0175
vn -0.0078 0.0065 0.9999
vn 0.6664 0.0360 -0.7448
vn -0.0041 -1.0000 0.0008
vn -0.0070 -0.0035 1.0000
vn -0.0043 1.0000 -0.0028
vn 0.6340 -0.0428 -0.7721
vn 0.5173 -0.6831 -0.5155
vn -0.0011 1.0000 -0.0020
vn -0.0030 -1.0000 -0.0088
vn 0.5317 0.0078 -0.8469
vn 0.9839 0.1720 -0.0488
vn 0.8682 -0.4932 -0.0554
vn 0.0644 0.0452 -0.9969
vn 0.0621 0.0283 -0.9977
vn 0.0001 -1.0000 0.0023
vn 0.7603 0.6494 0.0162
vn 0.0499 -0.0011 0.9988
vn 0.0127 -0.0120 -0.9998
vn -0.0079 0.0066 0.9999
vn 0.9603 -0.2789 0.0094
vn 0.9707 -0.2379 0.0327
vn 0.9604 0.2784 0.0100
vn 0.9725 0.2300 0.0358
vn -0.7891 0.6143 -0.0057
vn -0.7879 0.6157 -0.0038
vn 0.4108 -0.7008 -0.5832
vn 0.9714 -0.2375 0.0068
vn 0.0040 1.0000 0.0051
vn 0.0739 0.0080 0.9972
vn 0.0046 1.0000 0.0049
vn -0.7717 -0.6358 0.0173
vn 0.9018 -0.0006 0.4322
vn 0.9019 0.0004 0.4320
vn 0.9802 -0.1917 -0.0503
vn 0.7344 0.6787 -0.0048
vn 0.0129 0.0094 -0.9999
vn -0.0099 -0.0023 0.9999
vn 0.9933 -0.1152 -0.0015
vn 0.9888 0.0628 -0.1352
vn 0.9925 0.1136 -0.0444
vn 0.0667 -0.0102 0.9977
vn 0.0009 -1.0000 0.0019
vn 0.0006 -1.0000 0.0023
vn 0.0003 -1.0000 0.0024
vn 0.0038 -1.0000 -0.0077
vn 0.4589 0.0497 -0.8871
vn 0.9676 0.2477 -0.0493
vn -0.7804 -0.6246 0.0279
vn 0.4277 0.0012 -0.9039
vn 0.3664 0.0558 -0.9288
vn 0.9535 -0.2878 0.0891
vn 0.9525 0.2934 0.0816
vn 0.9991 0.0100 0.0417
vn 0.9999 -0.0070 -0.0081
vn 0.9971 -0.0153 0.0750
vn 0.9923 -0.0076 0.1233
vn 0.9904 0.0315 0.1343
vn 0.9388 0.3423 0.0373
vn 0.9844 -0.0107 -0.1759
vn 0.7230 -0.6907 -0.0109
vn 0.6599 -0.7508 0.0288
vn 0.9915 0.0225 -0.1283
vn 0.9460 -0.2741 -0.1733
vn 0.9778 -0.0334 -0.2070
vn 0.0526 -0.0089 0.9986
vn 0.9591 -0.2785 -0.0506
vn 0.9700 0.0053 0.2430
vn 0.9379 -0.3449 0.0383
vn 0.0061 -0.9999 0.0090
vn 0.0060 -0.9999 0.0090
vn 0.9584 -0.0301 0.2838
vn 0.0557 -0.0565 -0.9968
vn 0.9703 0.0090 -0.2418
vn 0.9611 -0.0042 0.2762
vn 0.9698 0.2390 -0.0489
vn 0.9549 -0.0065 -0.2970
vn 0.9051 -0.0027 0.4251
vn 0.8954 0.0381 0.4436
vn 0.8971 -0.0361 0.4404
vn 0.9065 0.0064 0.4223
vn 0.0035 1.0000 0.0063
vn 0.9983 -0.0545 -0.0188
vn 0.9999 0.0095 -0.0079
vn 0.9999 -0.0007 -0.0134
vn 0.9999 0.0009 -0.0114
vn 0.9999 0.0002 -0.0128
vn 0.9997 0.0105 -0.0201
vn 0.9999 0.0022 -0.0153
vn 0.0403 -0.9982 0.0455
vn 0.3962 -0.0248 -0.9178
vn -0.0038 1.0000 -0.0058
vn 0.9325 0.3530 -0.0762
vn 0.9292 0.3647 -0.0595
vn 0.0608 -0.0153 -0.9980
vn 0.7279 -0.6855 0.0147
vn 0.7267 -0.6869 0.0086
vn 0.9972 0.0736 0.0085
vn 0.9145 0.4022 -0.0441
vn 0.0541 0.0025 -0.9985
vn 0.9110 -0.4106 0.0382
vn 0.9295 -0.3664 -0.0411
vn 0.2948 -0.7147 -0.6343
vn 0.3228 -0.7300 -0.6024
vn 0.7157 0.6981 0.0206
vn -0.0052 1.0000 -0.0021
vn 0.5173 0.5177 0.6814
vn -0.0261 -0.9996 0.0110
vn 0.8220 0.5692 -0.0192
vn 0.9147 0.0243 0.4035
vn 0.9067 -0.0384 0.4200
vn -0.0067 0.0066 1.0000
vn 0.7917 0.6108 -0.0126
vn 0.9186 -0.0032 -0.3952
vn 0.9059 -0.0002 -0.4234
vn 0.8902 -0.1774 0.4196
vn 0.9267 0.0200 -0.3752
vn 0.8924 -0.0676 -0.4462
vn 0.0059 -1.0000 0.0039
vn 0.0062 -1.0000 0.0026
vn 1.0000 0.0008 0.0001
vn 1.0000 0.0009 0.0009
vn 1.0000 0.0007 0.0002
vn 1.0000 -0.0008 0.0010
vn 1.0000 -0.0013 -0.0005
vn 1.0000 0.0005 0.0002
vn -0.0142 0.0020 0.9999
vn 0.0109 -0.0124 -0.9999
vn 0.0108 -0.0139 -0.9998
vn -0.0014 -1.0000 0.0013
vn -0.0024 -0.9999 -0.0110
vn 0.2777 0.0375 -0.9599
vn 0.2450 0.0086 -0.9695
vn 0.6205 -0.7842 -0.0080
vn 0.6881 -0.7256 -0.0035
vn 0.9931 0.1036 -0.0551
vn 0.9973 -0.0485 -0.0548
vn 0.6670 -0.7422 -0.0650
vn 0.6425 0.7612 -0.0883
vn 0.0065 -1.0000 0.0038
vn -0.6993 0.7148 0.0097
vn -0.6718 0.7405 -0.0169
vn 0.9969 -0.0556 -0.0550
vn 0.9903 0.1270 -0.0557
vn 0.8623 -0.0352 -0.5051
vn 0.6880 -0.7255 -0.0190
vn 0.9979 0.0013 -0.0641
vn 0.9961 -0.0006 -0.0877
vn 0.8725 -0.4870 -0.0402
vn 0.9483 0.0004 0.3175
vn 0.9402 0.0026 0.3405
vn 0.0399 0.9990 -0.0212
vn 0.9955 0.0795 -0.0523
vn 0.9683 0.2453 -0.0476
vn 0.9974 -0.0043 -0.0716
vn 0.8198 -0.0000 0.5727
vn 0.8356 0.0132 0.5492
vn 0.7974 -0.5782 -0.1727
vn 0.8334 -0.0040 0.5527
vn 0.1871 -0.6930 -0.6962
vn -0.0020 1.0000 -0.0021
vn 0.9973 -0.0006 -0.0729
vn 0.0068 1.0000 -0.0045
vn 0.9562 0.0496 0.2883
vn 0.9546 -0.0496 0.2938
vn 0.9111 -0.4107 -0.0342
vn 0.9178 0.3946 -0.0439
vn 0.8630 0.0006 -0.5052
vn 0.8168 -0.0068 -0.5769
vn 0.0113 -0.9999 0.0008
vn 0.1714 -0.0271 -0.9848
vn 0.9535 0.0643 0.2945
vn 0.8500 -0.0094 -0.5267
vn 0.8313 -0.2031 -0.5173
vn -0.0031 1.0000 -0.0020
vn 0.8093 -0.0678 -0.5835
vn 0.2098 0.9776 -0.0166
vn 0.0419 -0.9850 -0.1672
vn 0.0333 -0.0461 -0.9984
vn 0.0043 -1.0000 0.0016
vn 0.0043 -1.0000 0.0009
vn 0.8299 -0.0011 0.5579
vn 0.9558 -0.0433 0.2908
vn 0.8326 -0.0056 -0.5538
vn 0.9980 0.0314 -0.0550
vn 0.9979 -0.0320 -0.0564
vn 0.9999 0.0054 -0.0091
vn 0.9871 0.0006 0.1600
vn 0.9995 -0.0064 -0.0304
vn 0.9903 -0.0008 -0.1390
vn 0.9904 -0.0005 -0.1384
vn 0.9867 0.0021 0.1623
vn 0.0447 0.0153 0.9989
vn 0.0186 -0.0218 0.9996
vn 0.0162 -0.0433 0.9989
vn 0.5377 -0.8431 -0.0109
vn 0.0216 -0.0054 0.9998
vn 0.0461 0.0033 0.9989
vn 0.0004 -1.0000 0.0028
vn 0.4938 -0.8080 -0.3214
vn 0.4908 0.8081 -0.3256
vn 0.8307 -0.5559 -0.0299
vn 0.7745 -0.6322 -0.0211
vn 0.0280 -0.9994 0.0224
vn 0.0422 0.9991 0.0060
vn 0.0079 0.9998 0.0169
vn -0.6022 0.7982 0.0176
vn 0.9978 0.0327 -0.0573
vn 0.9973 -0.0359 -0.0633
vn 0.9977 -0.0315 -0.0602
vn 0.9975 0.0355 -0.0607
vn 0.4262 0.5841 0.6908
vn 0.4436 0.5541 0.7044
vn 0.9706 -0.2371 -0.0407
vn 0.9112 -0.4106 -0.0343
vn 0.5957 -0.0003 0.8032
vn 0.0059 -0.9999 0.0090
vn 0.5964 -0.0004 0.8027
vn 0.0299 -0.9994 0.0191
vn -0.0037 0.0082 1.0000
vn 0.5149 -0.8039 -0.2976
vn 0.5163 0.8051 -0.2920
vn 0.7866 0.0013 -0.6174
vn 0.7677 -0.0072 -0.6408
vn 0.9973 -0.0002 -0.0740
vn 0.9973 -0.0003 -0.0739
vn 0.7398 0.0035 -0.6728
vn 0.8503 0.2008 0.4864
vn 0.8497 -0.2126 0.4825
vn 0.9473 -0.0006 0.3203
vn 0.9459 -0.0006 -0.3245
vn 0.9474 0.0023 -0.3201
vn 0.9458 0.0024 0.3248
vn 0.0144 -0.9999 0.0058
vn 0.9888 0.0454 0.1424
vn 0.5302 0.0079 -0.8478
vn 0.9975 0.0348 -0.0620
vn 0.9980 -0.0374 -0.0500
vn 0.9895 0.0680 0.1279
vn 0.9887 -0.0709 0.1322
vn 0.0054 -1.0000 0.0051
vn 0.0057 -1.0000 0.0037
vn 0.3271 -0.8978 0.2949
vn 0.0048 -0.9999 -0.0118
vn 0.9839 -0.1714 -0.0501
vn 0.6351 -0.7722 0.0199
vn 0.9938 -0.0418 0.1034
vn 0.0032 -1.0000 -0.0049
vn 0.7376 -0.0070 0.6752
vn 0.7354 0.0068 0.6776
vn 0.0333 0.9994 0.0123
vn 0.6859 0.7275 -0.0172
vn 0.9985 -0.0531 0.0102
vn 0.1006 0.0195 -0.9947
vn -0.0037 -0.9999 -0.0144
vn 0.0575 0.0371 -0.9977
vn 0.0309 -0.9994 0.0128
vn 0.0221 0.9997 0.0137
vn 0.9995 0.0314 0.0016
vn 0.9985 0.0533 0.0146
vn 0.9988 -0.0481 0.0065
vn 0.0450 -0.9988 -0.0184
vn -0.0001 0.0017 1.0000
vn -0.0002 0.0020 1.0000
vn 0.0022 -0.0153 0.9999
vn -0.0002 0.0023 1.0000
vn 0.8217 -0.1661 -0.5451
vn 0.8177 0.1633 -0.5520
vn 0.8711 -0.3692 -0.3239
vn -0.0312 0.9994 0.0136
vn -0.0210 -0.9997 0.0142
vn 0.6852 -0.7282 -0.0156
vn 0.6847 -0.7284 -0.0237
vn 0.6863 0.7267 -0.0305
vn 0.8859 -0.2798 -0.3700
vn -0.0300 0.9994 -0.0145
vn 0.7107 -0.0100 0.7035
vn 0.7180 -0.6949 0.0390
vn -0.0246 -0.9997 -0.0013
vn 0.0283 -0.9995 0.0117
vn 0.0256 0.9995 0.0161
vn 0.0631 -0.6966 -0.7147
vn 0.7341 -0.0096 0.6790
vn 0.9025 0.4295 -0.0315
vn 0.9343 0.3550 -0.0322
vn 0.9565 0.2875 -0.0488
vn 0.8743 -0.4849 -0.0226
vn 0.5209 -0.8533 -0.0231
vn 0.0222 0.9997 0.0035
vn 0.8816 -0.0004 0.4720
vn 0.8796 -0.0011 -0.4758
vn 0.8819 0.0020 -0.4715
vn 0.8760 0.0071 0.4822
vn 0.6550 0.7546 0.0390
vn 0.7675 0.0141 -0.6409
vn 0.7687 -0.0139 -0.6394
vn 0.6565 -0.7535 0.0348
vn 0.7738 -0.6330 -0.0212
vn 0.6592 -0.7512 0.0345
vn 0.7141 -0.0091 -0.7000
vn 0.7755 0.0001 -0.6313
vn 0.8949 -0.4438 -0.0456
vn 0.8910 -0.4537 -0.0182
vn 0.8806 -0.4595 -0.1156
vn 0.8725 -0.0097 -0.4885
vn 0.0931 -0.0289 0.9952
vn 0.8836 -0.4439 -0.1492
vn 0.0087 -0.0157 -0.9998
vn 0.0167 -0.9999 -0.0002
vn 0.0145 0.9999 -0.0069
vn 0.0133 0.9999 -0.0015
vn 0.8727 -0.4367 -0.2183
vn 0.2386 -0.0173 -0.9710
vn 0.8823 -0.3879 -0.2664
vn 0.8523 -0.3923 -0.3461
vn 0.6646 -0.7466 0.0299
vn 0.9848 0.1722 -0.0225
vn 0.8038 -0.5947 -0.0122
vn 0.5857 0.8099 0.0320
vn -0.5332 0.8458 -0.0192
vn 0.0031 1.0000 -0.0017
vn 0.0095 0.9999 -0.0046
vn 0.8802 -0.4740 -0.0256
vn 0.0351 -0.0036 0.9994
vn 0.8829 -0.4696 0.0075
vn 0.7190 -0.0117 -0.6949
vn 0.8595 0.2399 0.4514
vn 0.0058 -0.9999 0.0090
vn 0.1124 0.0061 0.9936
vn 0.8989 -0.4328 -0.0684
vn -0.9332 0.3578 0.0323
vn 0.8418 -0.5356 -0.0678
vn 0.9578 0.2858 -0.0305
vn 0.9639 -0.2648 -0.0261
vn 0.9220 -0.3805 -0.0713
vn 0.0179 -0.9998 0.0017
vn 0.0038 -0.9999 0.0097
vn 0.8861 -0.4633 -0.0132
vn 0.9205 0.3903 -0.0156
vn -0.9742 0.2219 0.0404
vn 0.7211 0.0021 0.6929
vn 0.7920 0.0052 0.6105
vn 0.7894 -0.0014 -0.6139
vn 0.7922 0.0016 -0.6102
vn 0.7942 0.0029 0.6076
vn 0.6079 0.7933 0.0337
vn 0.5909 0.8067 0.0134
vn 0.6720 -0.7405 -0.0096
vn 0.0019 -1.0000 0.0055
vn 0.7594 0.0020 -0.6506
vn 0.7626 -0.0051 -0.6468
vn 0.5160 -0.8553 -0.0462
vn -0.9944 0.0933 0.0487
vn 0.9662 -0.2492 -0.0663
vn 0.9256 -0.2446 0.2890
vn -0.4900 0.8716 0.0130
vn 0.9316 0.2347 0.2776
vn -0.6452 0.7635 0.0278
vn 0.0167 -0.6390 -0.7690
vn -0.0261 -0.7182 -0.6954
vn -0.0614 -0.7074 -0.7041
vn -0.0361 -0.0070 0.9993
vn 0.7195 -0.6945 -0.0025
vn 0.8286 -0.5597 -0.0121
vn 0.5314 -0.8469 -0.0204
vn -0.8826 0.4693 0.0270
vn -0.0029 0.0100 0.9999
vn -0.0047 0.0082 1.0000
vn 0.5499 -0.8342 0.0412
vn -0.8350 -0.0147 0.5501
vn 0.5358 -0.8438 0.0306
vn -0.9475 0.3173 0.0391
vn -0.0025 -0.9999 -0.0147
vn 0.1807 -0.9815 0.0627
vn -0.0392 -0.9990 0.0195
vn 0.7422 -0.6664 -0.0704
vn -0.1075 0.0078 -0.9942
vn 0.0042 -1.0000 -0.0051
vn -0.0521 -0.9814 0.1849
vn 0.9534 -0.1912 0.2335
vn 0.8265 -0.5627 -0.0160
vn 0.9111 0.4119 -0.0151
vn 0.0921 -0.9952 0.0322
vn 0.9648 -0.2616 -0.0268
vn 0.9540 -0.2998 -0.0037
vn 0.9424 0.3338 -0.0208
vn 0.9539 0.1916 0.2309
vn -0.0019 -1.0000 -0.0087
vn 0.0541 -0.9985 0.0004
vn 0.9649 0.2628 -0.0018
vn 0.9386 -0.3450 0.0006
vn 0.7685 -0.6361 -0.0687
vn 0.9655 -0.2381 0.1058
vn 0.9628 0.2413 0.1220
vn -0.8655 0.5006 0.0187
vn 0.5880 -0.7976 -0.1348
vn -0.9939 0.0987 0.0489
vn 0.0266 -0.1097 0.9936
vn 0.9439 0.3300 0.0075
vn 0.9731 0.2299 -0.0146
vn 0.9730 -0.2302 -0.0161
vn 0.9767 0.2145 0.0041
vn 0.9782 -0.2070 0.0138
vn -0.1171 -0.0562 -0.9915
vn -0.1336 0.0550 -0.9895
vn 0.5494 -0.8345 0.0407
vn -0.9844 0.1738 0.0270
vn 0.0277 -0.0891 -0.9956
vn -0.9978 0.0352 0.0566
vn 0.9879 -0.1348 -0.0773
vn 0.2169 0.9754 0.0384
vn 0.1847 -0.9822 0.0343
vn 0.2089 0.9779 -0.0068
vn -0.9978 0.0364 0.0559
vn 0.9847 -0.1613 -0.0665
vn 0.4267 -0.9040 0.0259
vn 0.0020 1.0000 -0.0007
vn 0.0079 0.9999 -0.0079
vn 0.0079 1.0000 -0.0056
vn 0.1856 -0.9826 0.0088
vn -0.9969 0.0176 0.0773
vn 0.4125 -0.9108 0.0142
vn 0.2051 0.9787 -0.0029
vn 0.2101 0.9777 -0.0072
vn -0.0068 -0.9999 -0.0153
vn -0.4357 0.0074 0.9000
vn 0.0040 1.0000 0.0053
vn 0.6807 -0.0001 0.7326
vn 0.6773 0.0080 -0.7356
vn 0.6690 0.0015 -0.7432
vn 0.6772 0.0029 0.7358
vn 0.0027 -1.0000 0.0001
vn 0.0028 -1.0000 0.0001
vn 0.5462 -0.8374 0.0217
vn 0.5084 -0.8611 -0.0031
vn -0.8990 0.4372 0.0250
vn -0.3873 -0.0089 -0.9219
vn -0.8095 0.5869 0.0178
vn -0.9595 0.2806 0.0251
vn -0.9165 0.4000 0.0072
vn -0.1857 -0.6970 -0.6926
vn -0.5213 0.8496 -0.0801
vn -0.7627 0.6467 0.0046
vn 0.6404 -0.7650 -0.0681
vn 0.0007 -1.0000 -0.0089
vn 0.5237 -0.0456 0.8507
vn 0.9990 -0.0142 0.0419
vn -0.8336 0.5523 0.0047
vn -0.2501 0.0183 -0.9680
vn -0.2557 -0.0237 -0.9665
vn -0.9829 0.1816 0.0286
vn -0.4859 0.0008 0.8740
vn -0.4861 0.0018 0.8739
vn 0.0069 -0.0156 -0.9999
vn 0.0117 -0.0048 -0.9999
vn -0.9604 0.2773 0.0270
vn 0.5312 -0.8445 -0.0679
vn 0.5450 -0.8357 -0.0683
vn -0.0034 -0.9998 -0.0178
vn -0.9795 0.2014 0.0083
vn -0.9804 0.1962 0.0183
vn -0.9795 0.2010 0.0151
vn 0.0034 -1.0000 0.0055
vn 0.3771 -0.9261 -0.0110
vn -0.3146 -0.7135 -0.6261
vn 0.3597 -0.9331 -0.0033
vn 0.1982 -0.9801 -0.0072
vn 0.2130 -0.9769 -0.0151
vn 0.0039 1.0000 0.0053
vn -0.7698 -0.0034 -0.6383
vn -0.6940 0.0072 -0.7199
vn -0.0053 -1.0000 -0.0025
vn 0.9973 0.0021 -0.0735
vn -0.0591 -0.9818 0.1805
vn -0.3824 0.9239 -0.0111
vn -0.0572 -0.9848 -0.1640
vn 0.0344 -0.0639 0.9974
vn -0.4623 0.8867 0.0022
vn 0.3967 -0.9173 0.0331
vn -0.4830 0.0163 0.8755
vn 0.4302 -0.9026 0.0168
vn -0.3652 0.9309 0.0048
vn -0.0037 0.0099 0.9999
vn -0.0034 0.0104 0.9999
vn -0.3435 0.9391 0.0126
vn -0.4437 0.8961 0.0054
vn 0.0052 -1.0000 0.0045
vn 0.0048 1.0000 0.0048
vn -0.8362 0.0001 0.5484
vn -0.0036 -0.9999 -0.0127
vn -0.3170 0.9484 0.0067
vn -0.8535 0.0037 0.5210
vn 0.0035 -0.9999 0.0105
vn -0.1929 0.9811 0.0137
vn -0.1775 0.9841 -0.0075
vn 0.5509 -0.0000 0.8346
vn 0.5472 -0.0021 -0.8370
vn 0.5675 0.0136 -0.8232
vn 0.5470 0.0028 0.8371
vn 0.4386 -0.8987 0.0012
vn 0.3934 -0.9151 -0.0888
vn 0.3723 -0.9279 -0.0203
vn 0.0289 0.9996 -0.0016
vn -0.0844 -0.9812 0.1734
vn -0.9978 -0.0114 0.0651
vn -0.0096 -1.0000 -0.0019
vn -0.0100 -0.9999 -0.0040
vn 0.3716 -0.9263 -0.0625
vn 0.8644 -0.0286 0.5019
vn 0.0303 -0.0162 0.9994
vn 0.4109 -0.0168 0.9115
vn 0.4743 0.0397 -0.8794
vn 0.3657 -0.9301 0.0347
vn 0.0047 1.0000 0.0047
vn 0.0039 1.0000 0.0052
vn -0.9930 0.0004 -0.1183
vn -0.9965 -0.0041 -0.0831
vn 0.0031 -1.0000 0.0088
vn 0.4096 -0.0153 0.9121
vn 0.4235 -0.0005 0.9059
vn -0.0227 -0.9989 0.0407
vn -0.0193 -0.9988 0.0457
vn 0.9947 0.0055 0.1028
vn 0.9952 0.0077 0.0979
vn 0.3914 -0.9201 -0.0112
vn 0.9698 -0.0053 -0.2438
vn 0.9521 0.0183 -0.3054
vn -0.3858 0.9225 0.0141
vn 0.0017 1.0000 0.0074
vn 0.0016 1.0000 0.0004
vn 0.0021 1.0000 -0.0060
vn -0.9841 0.0104 -0.1774
vn -0.9868 0.0017 -0.1622
vn -0.0081 -0.9999 -0.0106
vn 0.8994 -0.0142 0.4368
vn -0.2849 -0.5769 -0.7655
vn 0.0204 -0.0625 -0.9978
vn -0.9971 -0.0020 -0.0758
vn -0.9980 -0.0075 -0.0620
vn -0.4144 -0.6925 -0.5906
vn -0.4270 -0.0630 -0.9021
vn -0.4460 0.0540 -0.8934
vn -0.3151 0.9489 0.0160
vn 0.6685 -0.7400 -0.0744
vn 0.3876 -0.0521 -0.9204
vn 0.0715 -0.9829 -0.1696
vn 0.0538 -0.9985 0.0011
vn 0.2709 -0.9625 -0.0107
vn 0.2283 -0.9736 0.0065
vn 0.1584 0.9236 -0.3492
vn 0.8310 0.0339 0.5552
vn 0.8279 -0.0240 -0.5604
vn 0.3356 -0.0871 -0.9380
vn 0.3026 -0.0122 -0.9530
vn 0.3175 0.0002 -0.9482
vn 0.0025 -1.0000 0.0050
vn 0.3796 -0.9227 -0.0680
vn 0.2490 -0.9683 -0.0188
vn 0.2372 -0.9710 0.0283
vn 0.1663 -0.9830 0.0781
vn 0.2445 -0.9695 -0.0155
vn 0.4058 0.0001 0.9139
vn 0.4018 0.0074 -0.9157
vn 0.3916 0.0009 -0.9201
vn 0.4016 0.0031 0.9158
vn -0.0052 -0.9999 -0.0138
vn -0.0363 -0.9945 0.0985
vn 0.1453 -0.9892 -0.0209
vn 0.0299 -0.0793 -0.9964
vn -0.5219 -0.6856 -0.5076
vn 0.0017 -1.0000 -0.0000
vn 0.0001 -1.0000 0.0031
vn -0.0154 -0.9987 -0.0480
vn -0.0023 0.0109 0.9999
vn 0.0051 -0.0018 -1.0000
vn 0.0007 -0.0099 -1.0000
vn 0.6958 -0.0215 0.7179
vn 0.7146 0.0227 -0.6992
vn -0.0122 -0.9992 -0.0376
vn -0.0078 0.9998 -0.0206
vn 0.4845 -0.0057 -0.8748
vn 0.4676 -0.0097 -0.8839
vn 0.4888 0.0004 -0.8724
vn 0.0020 -1.0000 0.0054
vn -0.0334 -0.9947 0.0968
vn 0.0159 -0.0606 -0.9980
vn 0.2174 -0.9741 -0.0615
vn -0.5952 -0.7217 -0.3534
vn 0.0037 1.0000 0.0049
vn 0.0015 1.0000 0.0005
vn -0.0274 -0.9996 0.0109
vn 0.4852 -0.0031 -0.8744
vn -0.2346 0.9721 0.0031
vn -0.2157 0.9764 -0.0136
vn -0.0120 -0.9999 -0.0101
vn -0.0123 -0.9999 -0.0028
vn -0.5600 -0.0158 -0.8284
vn -0.5834 0.0154 -0.8120
vn -0.5835 0.0153 -0.8120
vn 0.0268 0.0804 0.9964
vn -0.5488 -0.0091 -0.8359
vn 0.3145 0.0108 -0.9492
vn 0.4754 0.0090 -0.8797
vn -0.0118 -0.9999 -0.0040
vn 0.4015 -0.9134 -0.0672
vn 0.2484 -0.9685 -0.0148
vn 0.2953 0.0007 0.9554
vn 0.2485 -0.0133 0.9686
vn 0.5863 -0.0183 -0.8099
vn -0.1060 0.9941 0.0228
vn -0.1540 0.9879 0.0199
vn 0.1700 -0.9853 -0.0158
vn -0.1950 -0.6534 -0.7315
vn 0.0041 -1.0000 0.0038
vn -0.2292 -0.0009 0.9734
vn 0.0747 -0.9915 0.1070
vn 0.1362 -0.9905 -0.0200
vn 0.2499 -0.0000 0.9683
vn 0.2459 -0.0026 -0.9693
vn 0.2694 0.0130 -0.9629
vn 0.2455 0.0029 0.9694
vn 0.0145 -0.0649 -0.9978
vn 0.0229 -0.0883 -0.9958
vn -0.6919 0.0555 -0.7199
vn -0.7409 -0.0386 -0.6705
vn -0.1216 -0.9808 0.1523
vn -0.1163 -0.9812 0.1541
vn 0.1840 -0.9828 0.0136
vn 0.0030 1.0000 0.0074
vn 0.0004 1.0000 -0.0070
vn -0.0059 0.9998 -0.0176
vn 0.0783 -0.9961 0.0408
vn -0.0159 0.9986 -0.0506
vn 0.3777 -0.0159 0.9258
vn 0.4661 0.0202 0.8845
vn 0.3780 0.0212 -0.9255
vn 0.0664 -0.9975 -0.0220
vn 0.1373 -0.9901 -0.0286
vn 0.1279 -0.9916 -0.0213
vn -0.4810 0.0011 0.8767
vn -0.4753 -0.0067 0.8798
vn -0.6070 -0.7123 -0.3524
vn -0.0030 0.0111 0.9999
vn 0.0211 -0.0849 0.9962
vn -0.1091 -0.6252 -0.7728
vn -0.0295 -0.7257 -0.6874
vn -0.8640 0.0097 -0.5034
vn -0.0001 -1.0000 0.0025
vn 0.0009 -1.0000 0.0018
vn 0.1448 -0.9835 -0.1089
vn 0.1295 -0.9885 -0.0782
vn -0.0010 0.0096 1.0000
vn 0.2031 -0.9768 -0.0683
vn 0.1878 -0.9798 -0.0689
vn -0.7984 -0.0031 -0.6021
vn 0.4850 -0.0012 -0.8745
vn 0.4947 0.0201 -0.8688
vn 0.4849 -0.0014 -0.8746
vn 0.4974 0.0032 -0.8675
vn -0.0150 -0.9992 0.0364
vn 0.1121 -0.0059 -0.9937
vn 0.1323 0.0127 -0.9911
vn 0.0769 -0.9952 0.0600
vn 0.0985 0.0256 0.9948
vn 0.0805 0.0131 0.9967
vn -0.0598 0.9979 0.0243
vn 0.2486 -0.0268 -0.9682
vn -0.0087 0.9997 0.0234
vn 0.0007 -1.0000 0.0023
vn 0.0348 0.0679 0.9971
vn 0.0481 -0.9959 -0.0770
vn 0.1282 -0.9914 -0.0271
vn 0.0911 -0.9957 -0.0184
vn -0.0991 0.9950 0.0124
vn -0.0428 0.9989 -0.0197
vn 0.0836 -0.0002 0.9965
vn 0.0775 0.0102 -0.9969
vn 0.0615 0.0007 -0.9981
vn 0.0549 0.0182 0.9983
vn -0.3302 -0.9425 -0.0519
vn 0.4843 -0.0055 -0.8749
vn 0.0279 -0.9993 -0.0253
vn 0.0279 -0.9993 -0.0236
vn 0.0043 -1.0000 0.0059
vn -0.0021 0.9999 0.0111
vn 0.0037 -0.9998 0.0210
vn 0.0004 -1.0000 -0.0007
vn 0.0493 -0.9988 0.0069
vn -0.8647 -0.0525 -0.4996
vn -0.8641 -0.0410 -0.5017
vn -0.8662 0.0317 -0.4987
vn -0.8445 -0.0156 -0.5354
vn -0.2121 -0.9772 0.0123
vn 0.1023 0.0256 0.9944
vn 0.0189 -0.9976 -0.0672
vn 0.0268 0.9995 0.0159
vn 0.0001 0.0097 1.0000
vn -0.9956 0.0613 -0.0709
vn -0.9989 0.0317 -0.0334
vn -0.4849 0.0013 0.8746
vn -0.0144 -0.9996 0.0234
vn -0.8648 0.0391 -0.5006
vn 0.0409 -0.6959 -0.7169
vn 0.0018 -0.7260 -0.6877
vn -0.0572 -0.0132 0.9983
vn 0.0038 1.0000 -0.0005
vn 0.0019 1.0000 -0.0035
vn 0.0507 0.9984 0.0250
vn -0.0745 -0.9956 -0.0570
vn 0.0004 0.0096 1.0000
vn -0.0769 -0.9953 -0.0589
vn -0.0808 -0.0054 -0.9967
vn -0.0987 -0.0133 -0.9950
vn 0.0005 -1.0000 -0.0007
vn -0.1089 0.0279 -0.9937
vn 0.0026 -0.9994 -0.0340
vn -0.0042 -1.0000 -0.0072
vn -0.0027 -1.0000 0.0007
vn -0.0007 -1.0000 0.0030
vn -0.0029 -1.0000 0.0003
vn 0.0094 -0.9999 0.0118
vn -0.0025 -1.0000 0.0032
vn -0.0775 0.0142 0.9969
vn -0.0614 0.0047 0.9981
vn -0.0551 0.0140 -0.9984
vn -0.0766 -0.0215 0.9968
vn -0.0019 0.9999 0.0112
vn 0.0003 0.9999 -0.0158
vn -0.0834 -0.0042 -0.9965
vn -1.0000 -0.0010 -0.0013
vn -1.0000 -0.0009 -0.0000
vn -0.0283 -0.9992 0.0289
vn 0.0625 -0.5387 -0.8402
vn -0.1141 -0.9931 -0.0265
vn -0.0075 0.9995 0.0292
vn -0.0056 -0.9993 0.0379
vn -0.0478 -0.9986 -0.0228
vn -0.4850 0.0015 0.8745
vn -0.0945 -0.9930 -0.0702
vn -0.1091 -0.9940 0.0035
vn -0.1101 -0.9939 0.0012
vn 0.0147 -0.0299 0.9994
vn -0.0092 -0.0604 -0.9981
vn -0.0743 -0.9972 -0.0007
vn -0.0337 -0.9993 -0.0165
vn -0.0478 -0.9985 -0.0257
vn 0.0824 -0.5170 -0.8520
vn -0.0012 1.0000 0.0040
vn -0.1204 -0.9913 -0.0536
vn 0.1273 0.9918 -0.0140
vn -0.0013 0.9999 0.0111
vn -0.2438 0.0190 0.9696
vn -0.0032 0.9999 -0.0119
vn -0.2371 -0.0321 -0.9709
vn 0.0008 -1.0000 0.0023
vn -0.0697 -0.9973 -0.0224
vn -0.0607 -0.9979 -0.0223
vn -0.1223 -0.9917 -0.0398
vn -0.1230 -0.9917 -0.0367
vn -0.1421 -0.0011 0.9899
vn -0.0014 -0.0828 -0.9966
vn -0.1969 -0.9795 0.0426
vn -0.1883 -0.9809 0.0489
vn -0.0039 -1.0000 -0.0004
vn 0.0018 0.0098 1.0000
vn 0.1616 0.9868 0.0125
vn 0.0008 -1.0000 0.0020
vn 0.0010 -1.0000 0.0017
vn 0.0007 1.0000 0.0070
vn -0.0025 0.9980 0.0639
vn -0.0023 -0.9977 0.0684
vn 0.1755 0.9843 0.0206
vn -0.1141 -0.9931 -0.0264
vn -0.2459 0.0009 0.9693
vn -0.2587 -0.0099 -0.9659
vn -0.2455 -0.0012 -0.9694
vn -0.2503 0.0039 0.9682
vn 0.1434 -0.6932 -0.7063
vn 0.2078 -0.6319 -0.7467
vn -0.1777 -0.9838 -0.0225
vn -0.1862 -0.9822 -0.0232
vn -0.2084 -0.0131 0.9780
vn -0.0053 1.0000 0.0072
vn -0.4367 -0.0158 0.8994
vn -0.0006 -1.0000 -0.0007
vn 0.0023 0.0111 0.9999
vn 0.0037 0.0088 1.0000
vn -0.2723 -0.9557 -0.1117
vn -0.1718 -0.9849 -0.0223
vn -0.2142 -0.9745 -0.0672
vn 0.9988 0.0357 -0.0325
vn 0.9988 0.0351 -0.0332
vn -0.2249 -0.9744 -0.0035
vn -0.0061 -0.0017 -1.0000
vn -0.2415 0.0043 -0.9704
vn -0.0017 -0.0090 -1.0000
vn -0.3115 -0.9492 -0.0446
vn -0.2593 0.0023 0.9658
vn -0.2984 -0.0291 -0.9540
vn 0.3093 0.9509 -0.0041
vn -0.2097 -0.9777 0.0087
vn -0.1909 -0.9816 0.0016
vn -0.2904 -0.9566 -0.0255
vn -0.4847 0.0013 0.8747
vn -0.3866 -0.9197 -0.0681
vn -0.3593 -0.9308 -0.0670
vn -0.5609 0.0184 0.8277
vn 0.0007 -1.0000 0.0022
vn -0.0008 -1.0000 -0.0005
vn -0.5645 0.0229 -0.8251
vn -0.2696 -0.9627 -0.0247
vn -0.1503 0.9878 -0.0398
vn -0.5098 0.0188 0.8601
vn -0.2531 -0.9672 -0.0215
vn 0.1824 0.9831 0.0154
vn -0.4850 0.0012 0.8745
vn -0.0013 1.0000 -0.0022
vn -0.1522 -0.9883 -0.0145
vn -0.7635 -0.5761 -0.2918
vn -0.1974 0.9803 -0.0002
vn 0.2333 0.9722 0.0208
vn 0.0008 -1.0000 0.0017
vn -0.0009 1.0000 -0.0016
vn -0.5766 0.8164 -0.0308
vn -0.0212 -0.0131 0.9997
vn -0.0213 0.0039 0.9998
vn -0.0016 -1.0000 0.0054
vn -0.0177 0.0027 0.9998
vn -0.0201 -0.0012 0.9998
vn -0.0194 0.0058 0.9998
vn 0.3578 0.9337 0.0133
vn -0.5749 -0.8155 -0.0670
vn -0.2941 -0.9529 -0.0746
vn -0.4019 0.0006 0.9157
vn -0.3997 -0.0046 -0.9166
vn -0.4016 -0.0055 -0.9158
vn -0.4063 0.0037 0.9138
vn -0.2779 -0.9600 -0.0349
vn 0.2937 0.9559 -0.0016
vn 0.2976 0.9547 -0.0055
vn -0.2545 -0.9668 -0.0212
vn -0.7423 -0.4995 -0.4466
vn -0.5810 -0.8112 -0.0668
vn 0.2228 -0.6300 -0.7440
vn 0.2693 -0.5846 -0.7653
vn -0.5004 0.0019 0.8658
vn -0.3374 -0.9391 0.0659
vn -0.3110 -0.9495 0.0417
vn -0.3328 -0.9418 0.0471
vn -0.0107 0.9999 0.0076
vn -0.0111 0.9999 0.0056
vn -0.7180 -0.0164 0.6959
vn -0.0043 0.9999 -0.0118
vn -0.0043 1.0000 -0.0059
vn -0.6715 -0.0248 -0.7406
vn -0.0010 -1.0000 -0.0004
vn -0.7613 -0.4222 -0.4921
vn -0.5003 0.0010 0.8659
vn 0.2986 -0.0052 -0.9544
vn -0.0850 -0.9936 0.0740
vn -0.3287 -0.0106 0.9444
vn -0.3546 -0.9349 -0.0165
vn 0.3366 0.9414 0.0205
vn -0.3923 0.0351 -0.9192
vn 0.0020 0.0111 0.9999
vn 0.3493 0.9370 -0.0065
vn -0.4854 0.0016 0.8743
vn -0.3074 -0.9502 0.0520
vn 0.2967 -0.0038 -0.9550
vn 0.2994 -0.0020 -0.9541
vn -0.4847 -0.0021 0.8747
vn 0.2741 0.8146 -0.5112
vn 0.2721 -0.8246 -0.4959
vn -0.6235 0.7708 -0.1305
vn -0.0148 -0.8290 -0.5590
vn -0.4781 0.0031 0.8783
vn 0.6016 -0.7986 0.0180
vn -0.8251 0.0240 0.5644
vn -0.0016 -1.0000 0.0005
vn -0.8278 0.0154 -0.5609
vn -0.6946 -0.7149 -0.0802
vn -0.6895 -0.7210 -0.0689
vn -0.0258 -0.0639 -0.9976
vn -0.6343 -0.5204 -0.5717
vn 0.7418 0.6670 0.0696
vn 0.3047 0.7148 -0.6294
vn 0.7457 -0.6617 0.0780
vn 0.3065 -0.7155 -0.6277
vn -0.4678 -0.0360 0.8831
vn -0.4846 0.0014 0.8748
vn -0.4141 -0.1534 0.8972
vn -0.0272 -0.0650 -0.9975
vn 0.3238 0.9461 0.0100
vn 0.2960 -0.0027 -0.9552
vn -0.2951 -0.9554 -0.0132
vn 0.8933 0.4492 -0.0131
vn -0.4843 0.0009 0.8749
vn -0.3521 -0.9359 -0.0072
vn -0.4126 -0.9106 0.0243
vn -0.0104 0.9999 0.0019
vn -0.0113 0.9999 0.0069
vn -0.9254 -0.0322 0.3776
vn -0.0052 1.0000 -0.0042
vn -0.8994 -0.0188 -0.4367
vn -0.0025 -1.0000 0.0015
vn -0.0009 -1.0000 -0.0000
vn -0.5472 0.0004 0.8370
vn -0.5509 -0.0043 -0.8346
vn -0.5468 -0.0012 -0.8372
vn -0.5511 0.0033 0.8344
vn 0.4059 -0.5885 -0.6992
vn 0.4099 0.5795 -0.7044
vn 0.4898 0.0163 -0.8717
vn 0.4809 -0.0057 -0.8767
vn 0.4886 -0.0119 -0.8725
vn -0.3542 -0.9351 -0.0076
vn 0.3982 0.4606 -0.7932
vn 0.4012 -0.4156 -0.8163
vn 0.4686 0.2323 -0.8523
vn 0.4732 -0.3009 -0.8280
vn 0.4053 -0.6390 -0.6537
vn 0.4677 0.2339 -0.8524
vn -0.4845 0.0013 0.8748
vn -0.7403 -0.6689 -0.0677
vn -0.4857 0.0013 0.8741
vn -0.8269 -0.5580 -0.0693
vn -0.8573 -0.5098 -0.0720
vn -0.3534 -0.9354 -0.0073
vn -0.1728 -0.9835 -0.0530
vn -0.0009 -1.0000 0.0015
vn -0.9696 0.0159 -0.2440
vn -0.9010 -0.2410 -0.3608
vn -0.4428 -0.8965 -0.0161
vn 0.5087 0.8593 -0.0523
vn -0.8602 -0.0357 -0.5088
vn -0.8596 0.0337 -0.5098
vn 0.5173 0.8550 -0.0378
vn -0.9988 -0.0104 0.0486
vn -0.8980 0.2206 -0.3807
vn -0.0131 -0.0070 -0.9999
vn -0.9903 0.0317 0.1353
vn -0.0133 0.9999 0.0014
vn -0.0143 0.9999 -0.0030
vn -0.9968 -0.0245 -0.0766
vn -0.0025 -1.0000 0.0024
vn -0.0024 -1.0000 0.0018
vn -0.0021 -1.0000 0.0043
vn -0.3607 -0.9323 0.0257
vn 0.4675 0.8840 0.0072
vn -0.0135 0.9999 -0.0049
vn -0.5601 -0.8233 -0.0923
vn -0.2440 -0.9697 -0.0073
vn -0.5029 -0.8643 -0.0098
vn 0.2539 0.0024 -0.9672
vn -0.5119 -0.0337 -0.8584
vn 0.0041 0.0083 1.0000
vn 0.0036 0.0097 0.9999
vn -0.5629 -0.8165 -0.1281
vn -0.5333 -0.8443 -0.0528
vn -0.8657 0.0150 -0.5003
vn 0.4230 0.9060 0.0108
vn 0.4580 0.8888 -0.0157
vn 0.9734 0.2273 0.0305
vn 0.8933 0.4491 0.0166
vn -0.0081 -0.0153 -0.9999
vn 0.9886 0.1447 0.0410
vn -0.2097 0.9777 -0.0117
vn 0.8924 0.4503 0.0284
vn 0.8357 0.5490 0.0138
vn -0.5661 -0.0220 -0.8240
vn 0.9659 0.2571 0.0301
vn 0.7717 -0.0046 0.6360
vn 0.7654 0.6434 0.0131
vn -0.9456 -0.1648 -0.2806
vn 0.9741 0.2204 0.0504
vn 0.9955 0.0795 0.0506
vn -0.6836 -0.0002 0.7299
vn -0.6806 0.0082 -0.7326
vn -0.6914 -0.0008 -0.7224
vn -0.6958 0.0103 0.7182
vn 0.9210 0.3876 0.0385
vn 0.4034 -0.6395 -0.6544
vn -0.9429 0.1878 -0.2752
vn 0.8280 0.5601 0.0282
vn -0.6036 0.0002 0.7973
vn -0.8098 -0.0216 -0.5862
vn -0.9856 0.1686 -0.0115
vn -0.9755 -0.2187 -0.0215
vn -0.6200 -0.0048 0.7846
vn 0.9499 0.3100 0.0400
vn -0.3385 -0.9401 0.0397
vn -0.3450 -0.9382 0.0272
vn -0.9456 0.1661 -0.2797
vn -0.9452 -0.1668 -0.2805
vn -0.4785 -0.8767 -0.0491
vn -0.8648 -0.0005 -0.5021
vn -0.9356 -0.3528 -0.0108
vn -0.3356 0.9414 0.0330
vn -0.3351 0.9417 0.0313
vn 0.8773 0.4790 0.0284
vn -0.8860 -0.4634 -0.0177
vn -0.9382 -0.3450 -0.0288
vn -0.6344 -0.0413 -0.7719
vn -0.4786 -0.8767 0.0477
vn -0.8600 -0.5097 -0.0253
vn -0.1142 -0.9934 0.0116
vn 0.8760 0.4815 0.0257
vn 0.6216 0.7823 -0.0396
vn -0.9828 0.1823 -0.0285
vn -0.9711 -0.2368 -0.0292
vn -0.8350 -0.5502 -0.0087
vn -0.9617 0.1371 -0.2375
vn -0.9912 -0.1261 -0.0403
vn -0.9632 -0.1372 -0.2310
vn 0.5350 0.8447 0.0193
vn -0.9933 0.1082 -0.0398
vn -0.3350 0.9418 0.0276
vn -0.6374 -0.0365 -0.7696
vn -0.0353 -0.0598 -0.9976
vn -0.6519 -0.7582 -0.0103
vn -0.9987 -0.0073 -0.0500
vn -0.9983 0.0008 -0.0590
vn -0.9916 0.1198 -0.0479
vn -0.9739 -0.2202 -0.0547
vn -0.4577 -0.8891 -0.0079
vn -0.0070 0.0021 1.0000
vn -0.9949 0.0906 -0.0450
vn -0.8779 -0.4787 -0.0073
vn -0.7022 -0.0050 0.7120
vn -0.3306 -0.9429 0.0409
vn -0.0744 -0.9956 0.0576
vn -0.0039 1.0000 -0.0037
vn -0.8800 -0.4531 -0.1425
vn -0.9961 -0.0726 -0.0509
vn -0.8796 -0.3646 -0.3057
vn -0.8701 -0.4312 -0.2389
vn -0.8784 -0.4541 -0.1493
vn -0.9137 -0.4056 -0.0270
vn -0.9920 -0.1124 -0.0573
vn -0.9895 0.1340 -0.0548
vn 0.0049 0.0082 1.0000
vn -0.7150 -0.6991 -0.0065
vn -0.9969 -0.0514 -0.0592
vn -0.9980 0.0208 -0.0598
vn -0.7846 0.0052 0.6200
vn -0.7920 -0.0040 -0.6105
vn -0.7790 0.0092 -0.6269
vn -0.7823 0.0030 0.6230
vn -0.1884 -0.6146 -0.7660
vn -0.9978 -0.0272 -0.0599
vn -0.0111 -0.0132 -0.9999
vn -0.0096 -0.0152 -0.9998
vn -0.1711 -0.5673 -0.8056
vn -0.1591 -0.5790 -0.7996
vn -0.8877 -0.2949 -0.3535
vn -0.0003 1.0000 -0.0038
vn -0.7978 -0.6026 -0.0212
vn -0.0668 -0.5098 -0.8577
vn -0.6999 -0.0042 0.7143
vn -0.9761 -0.2118 -0.0494
vn -0.9525 -0.3023 -0.0368
vn -0.5940 -0.7972 -0.1074
vn -0.7462 -0.0195 -0.6655
vn -0.9966 0.0477 -0.0670
vn -0.9523 -0.3023 -0.0425
vn -0.0851 -0.4756 -0.8755
vn 0.6046 0.7963 -0.0165
vn -0.0105 -0.4146 -0.9099
vn -0.8798 -0.4753 -0.0058
vn -0.0361 -0.0493 -0.9981
vn -0.6026 0.7981 -0.0005
vn -0.8931 -0.4466 -0.0537
vn -0.7149 -0.0015 0.6993
vn -0.5711 -0.8207 -0.0176
vn -0.7471 0.0098 -0.6647
vn 0.0465 -0.9980 0.0433
vn 0.0157 -0.0575 0.9982
vn 0.0511 0.9977 0.0439
vn -0.7507 -0.0107 -0.6606
vn 0.0031 -0.0133 0.9999
vn -0.9097 -0.4133 -0.0402
vn -0.0055 -0.4236 -0.9058
vn -0.7545 -0.0018 -0.6562
vn -0.9444 -0.3252 -0.0475
vn -0.9099 -0.4136 -0.0318
vn -0.7547 -0.0070 -0.6560
vn -0.9852 -0.1642 -0.0484
vn -0.5397 -0.8418 0.0005
vn -0.7535 -0.6571 -0.0200
vn -0.8836 -0.0008 0.4683
vn -0.8816 0.0087 -0.4719
vn -0.8886 -0.0004 -0.4586
vn -0.8819 -0.0030 0.4715
vn -0.5527 -0.3377 0.7619
vn -0.0485 -0.5686 0.8212
vn -0.9578 -0.2835 -0.0465
vn 0.6413 0.7672 0.0138
vn -0.9848 -0.1640 -0.0580
vn 0.2568 0.9640 -0.0694
vn -0.0143 0.0019 0.9999
vn -0.6164 0.7871 -0.0236
vn -0.6375 -0.7705 0.0054
vn -0.7669 -0.0009 0.6417
vn -0.8146 -0.5789 -0.0362
vn -0.8860 -0.4615 -0.0449
vn -0.8383 0.0132 0.5451
vn 0.0073 0.0077 0.9999
vn 0.0067 0.0051 1.0000
vn 0.0064 0.0068 1.0000
vn -0.7804 -0.6120 -0.1278
vn 0.0005 -0.0141 -0.9999
vn -0.8057 -0.0641 0.5889
vn -0.3342 -0.9420 0.0317
vn -0.4849 0.5006 0.7171
vn -0.8314 -0.0185 -0.5554
vn -0.8467 0.0029 -0.5321
vn -0.9436 -0.0054 0.3311
vn -0.9473 -0.0036 -0.3203
vn -0.9403 0.0098 -0.3402
vn -0.9474 0.0019 0.3201
vn -0.9574 -0.2834 -0.0549
vn -0.9260 -0.3747 -0.0468
vn -0.4906 -0.4957 0.7166
vn -0.6467 0.0227 0.7624
vn -0.9846 -0.1643 -0.0595
vn -0.6441 -0.7644 0.0303
vn 0.3550 0.9348 -0.0133
vn -0.0032 -0.0102 -0.9999
vn -0.6502 -0.7597 0.0118
vn -0.8570 -0.5141 -0.0368
vn -0.9911 0.0716 0.1120
vn -0.9999 -0.0141 0.0003
vn -0.8565 0.0151 -0.5158
vn -0.8674 -0.0009 -0.4976
vn -0.0413 -0.0167 0.9990
vn -0.9999 -0.0131 -0.0076
vn -0.0312 0.0569 0.9979
vn -0.0492 -0.0032 0.9988
vn -1.0000 -0.0005 -0.0001
vn -0.3562 -0.9340 0.0288
vn -0.3523 -0.9352 0.0350
vn 0.3332 0.9426 -0.0233
vn -0.9998 0.0062 0.0205
vn -1.0000 -0.0009 -0.0002
vn -1.0000 -0.0008 -0.0001
vn -0.0172 -0.0020 -0.9999
vn -0.0173 -0.0020 -0.9998
vn -0.0148 0.0020 0.9999
vn -0.0142 0.0022 0.9999
vn 0.0007 0.0016 1.0000
vn -0.0003 0.0020 1.0000
vn 0.3619 -0.9321 -0.0152
vn -0.9951 0.0303 0.0946
vn -0.9991 -0.0432 -0.0009
vn -0.8500 -0.0115 -0.5266
vn -0.1121 0.9934 -0.0227
vn -0.3393 0.9403 0.0266
vn -0.3438 0.9385 0.0334
vn -0.9959 0.0786 -0.0451
vn -0.0228 0.0177 0.9996
vn -0.8575 -0.0005 0.5145
vn -0.8562 -0.0025 -0.5167
vn -0.9864 -0.0014 0.1643
vn -0.9874 -0.0045 -0.1581
vn -0.9863 -0.0003 -0.1647
vn -0.9875 0.0028 0.1578
vn 0.3565 0.9342 -0.0156
vn -0.9964 -0.0595 -0.0598
vn -0.9968 -0.0526 -0.0608
vn -1.0000 0.0007 0.0022
vn -1.0000 -0.0025 -0.0026
vn -0.6845 -0.7287 -0.0220
vn -0.6728 -0.7398 0.0045
vn -0.9831 -0.1742 -0.0560
vn -0.0099 -0.0007 1.0000
vn -0.7245 -0.6844 -0.0816
vn -0.6839 -0.7279 0.0498
vn -0.1125 -0.9936 -0.0029
vn -0.9649 -0.2559 -0.0592
vn -0.0156 0.0016 0.9999
vn 0.7318 0.6815 -0.0071
vn -0.3666 0.9302 0.0168
vn -0.8933 -0.0616 0.4451
vn -0.0570 -0.0512 -0.9971
vn -0.5114 -0.4647 0.7229
vn 0.0063 0.0047 1.0000
vn 0.0068 0.0089 0.9999
vn -0.9094 -0.4047 -0.0961
vn -0.8738 -0.4851 -0.0335
vn -0.5126 0.4892 0.7057
vn -0.8851 0.0024 0.4654
vn -0.8914 -0.0010 0.4532
vn -0.0566 -0.0318 -0.9979
vn -0.9992 -0.0173 0.0356
vn -0.9998 -0.0000 0.0186
vn -0.9999 -0.0100 0.0122
vn -0.0029 1.0000 -0.0019
vn -0.9966 0.0116 0.0810
vn -0.6498 -0.7600 0.0129
vn -0.9974 0.0704 0.0120
vn -0.9999 0.0059 0.0124
vn -0.9999 -0.0008 0.0159
vn -0.0164 -0.9999 0.0021
vn -0.9991 -0.0422 0.0108
vn -0.0166 -0.9999 0.0020
vn -0.0174 -0.0021 -0.9998
vn -0.0171 -0.0020 -0.9999
vn -0.6501 -0.7597 0.0127
vn -0.9999 -0.0008 0.0172
vn -0.9999 -0.0009 0.0171
vn -0.1339 -0.4092 0.9026
vn -0.2096 -0.4639 0.8607
vn -0.9984 -0.0015 -0.0574
vn -0.1296 -0.9915 -0.0054
vn -0.0179 0.0020 0.9998
vn -0.0183 0.9998 -0.0021
vn -0.0183 0.0022 0.9998
vn -0.0183 0.9998 -0.0019
vn -0.0013 0.0134 0.9999
vn -0.0153 0.0020 0.9999
vn -0.1934 -0.4831 0.8539
vn -0.6976 -0.7164 -0.0062
vn 0.7415 0.6709 0.0057
vn -0.9047 -0.0254 -0.4254
vn -0.9995 -0.0011 0.0315
vn -0.9997 -0.0022 0.0226
vn -0.9999 -0.0010 0.0158
vn -0.9999 -0.0008 0.0164
vn -0.2542 -0.5925 0.7644
vn -0.9984 -0.0010 -0.0573
vn -0.0315 0.0129 -0.9994
vn -0.9612 0.2705 -0.0546
vn -0.2790 -0.5683 0.7740
vn -0.0541 0.1736 0.9833
vn -0.9078 0.0031 0.4193
vn -0.1380 -0.3805 0.9144
vn -0.9721 0.2268 -0.0597
vn -0.9984 -0.0010 -0.0572
vn -0.5174 0.4564 0.7239
vn -0.3270 -0.6836 0.6525
vn -0.9984 -0.0011 -0.0572
vn -0.9031 -0.0301 -0.4283
vn -0.9157 0.0023 -0.4019
vn -0.9085 0.0118 -0.4178
vn -0.9984 -0.0017 -0.0573
vn -0.9249 -0.0002 0.3803
vn -0.9872 0.0113 -0.1589
vn -0.9998 -0.0009 0.0174
vn -0.0314 -0.0092 -0.9995
vn -0.9999 -0.0008 0.0169
vn -0.9998 -0.0008 0.0190
vn -0.9998 -0.0008 0.0192
vn -0.1114 -0.3944 0.9122
vn -0.1275 -0.3695 0.9205
vn -0.9938 0.0942 -0.0587
vn -0.0326 0.7215 0.6917
vn -0.0598 -0.7102 0.7014
vn -0.9269 0.0007 0.3753
vn -0.1446 -0.8938 0.4246
vn -0.1168 -0.8671 0.4842
vn -0.0146 0.0023 0.9999
vn -0.7355 0.6774 -0.0156
vn -0.7261 0.6876 0.0015
vn -0.9956 -0.0707 -0.0620
vn -0.9904 0.1241 -0.0615
vn -0.0158 -0.1726 -0.9849
vn -0.5589 -0.4545 0.6936
vn -0.0535 0.0448 0.9976
vn -0.0086 0.0171 0.9998
vn -0.9548 -0.0727 0.2881
vn -0.7772 -0.6288 0.0231
vn -0.9984 -0.0007 -0.0572
vn -0.7345 -0.6751 -0.0694
vn -0.9377 -0.0035 0.3474
vn 0.0069 0.0042 1.0000
vn -0.9652 -0.2597 -0.0315
vn -0.9753 0.0050 0.2210
vn -0.9649 -0.0030 -0.2627
vn -0.9684 -0.0011 -0.2493
vn -0.5500 0.4453 0.7065
vn -0.9698 -0.0006 -0.2439
vn -0.9735 -0.0018 -0.2285
vn -0.9664 0.0058 0.2569
vn -0.0336 -0.0084 0.9994
vn -0.0345 0.0617 -0.9975
vn -0.0557 -0.0340 -0.9979
vn 0.9825 -0.0035 -0.1863
vn 0.9836 0.0020 -0.1804
vn 0.9865 -0.0132 -0.1631
vn 0.9841 0.0002 -0.1775
vn -0.9694 0.0010 0.2457
vn -0.9745 -0.0015 0.2246
vn -0.9998 0.0012 0.0188
vn -0.9998 -0.0009 0.0173
vn 0.6083 -0.7928 -0.0372
vn -0.9984 -0.0015 -0.0571
vn -0.0185 -0.9998 0.0104
vn -0.0277 -0.9996 0.0009
vn -0.0428 0.0365 -0.9984
vn -0.8035 0.5951 0.0142
vn -0.0266 -0.0174 0.9995
vn -0.0397 0.0130 0.9991
vn -0.0434 0.0094 0.9990
vn -0.9987 0.0030 -0.0501
vn 0.0066 -0.0016 1.0000
vn 0.0084 -0.0012 1.0000
vn 0.0062 -0.0029 1.0000
vn -0.9984 -0.0008 -0.0569
vn -0.0115 -0.0106 -0.9999
vn 0.0043 -0.0170 -0.9998
vn -0.9931 -0.0050 0.1170
vn -0.9984 -0.0011 -0.0570
vn -0.7650 0.6439 -0.0151
vn -0.7663 -0.6424 -0.0065
vn 0.8175 -0.5758 0.0089
vn -0.8039 -0.5943 0.0241
vn -0.9975 0.0124 -0.0702
vn -0.0009 0.0184 -0.9998
vn -0.9916 -0.0520 -0.1185
vn 0.8309 -0.5564 0.0106
vn -0.7751 -0.5448 -0.3198
vn -0.9983 -0.0012 -0.0575
vn -0.8028 0.5961 0.0128
vn -0.9993 0.0315 -0.0219
vn -0.9965 -0.0024 -0.0841
vn -0.9955 -0.0010 -0.0943
vn -0.9988 0.0115 0.0483
vn -0.0198 -0.0004 -0.9998
vn -0.0245 -0.0030 -0.9997
vn -0.0382 0.0097 -0.9992
vn -0.0353 0.0120 -0.9993
vn 0.0079 0.0032 1.0000
vn 0.0078 0.0018 1.0000
vn -0.9854 -0.1328 -0.1070
vn -0.8292 0.5586 0.0206
vn -0.9952 -0.0007 -0.0978
vn -0.8198 0.5726 -0.0031
vn -0.5827 -0.4144 0.6991
vn -0.9688 -0.2290 -0.0943
vn -0.9995 -0.0043 0.0324
vn -0.9984 -0.0034 0.0564
vn -0.9990 -0.0352 0.0277
vn -0.9990 0.0181 -0.0406
vn 0.8265 0.5629 0.0068
vn -0.9997 0.0075 -0.0216
vn -0.0235 -0.0059 0.9997
vn 0.0074 0.0005 1.0000
vn 0.0071 0.0014 1.0000
vn -0.9908 0.1137 -0.0741
vn 0.8384 0.5449 -0.0114
vn -0.0433 0.1671 0.9850
vn 0.8011 0.5982 -0.0197
vn -0.0167 -0.9999 0.0022
vn -0.0184 0.9998 -0.0018
vn -0.0318 0.0038 -0.9995
vn -0.0070 -0.0128 -0.9999
vn 0.0089 0.0035 1.0000
vn 0.0087 0.0018 1.0000
vn -0.9973 0.0701 -0.0217
vn -0.0581 0.0222 -0.9981
vn 0.9998 0.0139 -0.0167
vn 0.9998 0.0096 -0.0189
vn 0.9999 -0.0031 -0.0163
vn 0.9998 -0.0015 -0.0173
vn -0.0319 0.9995 -0.0053
vn -0.0756 0.9971 0.0049
vn -0.0673 -0.9977 -0.0080
vn 0.9143 -0.4047 -0.0174
vn -0.0455 -0.9980 -0.0434
vn -0.0407 0.9991 -0.0075
vn -0.9156 0.3725 0.1516
vn -0.0635 -0.0318 -0.9975
vn -0.0082 -1.0000 0.0040
vn 0.9999 0.0007 -0.0168
vn 0.0119 0.0230 0.9997
vn -0.0647 -0.0314 0.9974
vn 0.9999 0.0007 -0.0167
vn -0.8506 -0.5258 0.0039
vn -0.8370 -0.5470 -0.0151
vn -0.0597 0.9981 0.0173
vn -0.9105 0.3840 0.1532
vn -0.0127 0.0057 -0.9999
vn -0.9102 -0.3880 0.1448
vn -0.0612 0.0274 -0.9978
vn -0.0196 -0.0051 -0.9998
vn -0.0167 -0.9999 0.0020
vn -0.0335 -0.0088 0.9994
vn -0.0194 -0.0020 -0.9998
vn -0.0196 -0.0022 -0.9998
vn -0.0106 -0.0148 -0.9998
vn -0.0238 -0.0026 -0.9997
vn -0.0347 0.0028 -0.9994
vn -0.9870 -0.0487 0.1532
vn -0.9825 0.0001 0.1861
vn -0.9847 -0.0214 0.1729
vn 0.0072 -0.0019 -1.0000
vn -0.0007 -0.0037 -1.0000
vn -0.9847 0.0037 0.1742
vn -0.9844 0.0029 0.1759
vn -0.7294 0.6840 0.0101
vn -0.0209 -0.3669 -0.9300
vn -0.8705 0.4919 0.0166
vn -0.0273 -0.0121 -0.9996
vn -0.8370 -0.5470 -0.0107
vn 0.8897 -0.4565 0.0053
vn 0.8948 -0.4464 -0.0054
vn -0.8690 0.4839 -0.1030
vn -0.9006 0.4347 -0.0044
vn -0.0687 0.0129 -0.9976
vn -0.0351 0.4302 0.9021
vn -0.9849 0.0034 0.1729
vn -0.9356 0.3522 0.0262
vn -0.8423 -0.5303 -0.0963
vn -0.0635 -0.0312 -0.9975
vn -0.0294 -0.0098 -0.9995
vn -0.8400 0.5421 -0.0239
vn -0.9775 -0.0569 0.2031
vn -0.8227 -0.5450 -0.1614
vn -0.9004 0.4345 -0.0231
vn -0.9120 -0.4054 -0.0621
vn -0.9416 0.3360 0.0224
vn 0.8963 0.4431 0.0159
vn 0.9197 0.3924 -0.0151
vn -0.8372 -0.5467 -0.0125
vn -0.0614 0.0005 -0.9981
vn -0.0723 0.0065 -0.9974
vn -0.9999 0.0023 0.0169
vn -0.9990 0.0312 0.0332
vn -0.9999 -0.0021 0.0170
vn -0.9998 -0.0048 0.0185
vn -0.0801 -0.0185 -0.9966
vn -0.9998 -0.0067 0.0197
vn -0.9071 -0.4210 0.0065
vn -0.9156 -0.4020 0.0088
vn -0.9996 0.0024 0.0277
vn -0.9995 -0.0058 0.0305
vn -0.0184 -0.3694 -0.9291
vn -0.0498 -0.0014 0.9988
vn -0.0175 -0.0210 0.9996
vn -0.0964 0.5906 0.8012
vn -0.9994 -0.0085 0.0332
vn -0.9997 0.0076 0.0233
vn -0.9990 0.0441 0.0089
vn -0.9999 0.0035 0.0109
vn -0.0553 0.7358 0.6749
vn -0.0271 0.7404 0.6716
vn -0.9997 0.0006 0.0232
vn -0.9998 -0.0003 0.0213
vn -0.9998 0.0029 0.0204
vn -0.9998 -0.0068 0.0166
vn -0.9998 0.0039 0.0201
vn -0.0357 -0.7434 -0.6679
vn -0.0346 -0.7432 -0.6681
vn -0.0742 0.0009 -0.9972
vn -0.8632 -0.3758 -0.3372
vn -0.0536 -0.0027 0.9986
vn -0.0518 0.0150 0.9985
vn -0.0728 0.0073 0.9973
vn -0.0253 -0.0028 -0.9997
vn -0.7264 -0.0111 0.6871
vn -0.6915 -0.0786 0.7181
vn -0.7105 0.0705 0.7002
vn -0.7205 0.0601 0.6908
vn -0.0755 -0.0014 -0.9971
vn -0.0192 -0.0165 -0.9997
vn -0.7089 -0.1029 0.6978
vn -0.0291 -0.7370 -0.6753
vn -0.6925 -0.1826 0.6980
vn -0.0104 0.7402 0.6723
vn -0.0434 0.7307 0.6813
vn -0.7062 0.1673 0.6879
vn -0.6807 0.1886 0.7079
vn -0.0408 -0.7336 -0.6783
vn -0.0646 0.0038 0.9979
vn -0.9372 0.3479 0.0262
vn -0.1071 -0.0003 -0.9942
vn -0.0531 -0.0198 -0.9984
vn -0.0339 -0.7345 -0.6778
vn 0.9443 0.3286 0.0200
vn -0.8963 0.4427 -0.0240
vn -0.9000 -0.4355 -0.0196
vn 0.9444 -0.3285 0.0148
vn 0.9583 -0.2856 -0.0141
vn -0.9572 0.2684 -0.1082
vn 0.9737 0.2278 -0.0079
vn -0.9612 -0.2757 -0.0074
vn -0.9659 -0.2589 0.0078
vn 0.9786 -0.2046 0.0220
vn -0.9969 -0.0787 0.0060
vn 0.9788 0.2043 0.0115
vn -0.9289 0.3698 0.0216
vn -0.9538 0.2809 -0.1069
vn -0.9744 0.2246 0.0057
vn -0.9969 -0.0791 -0.0015
vn -0.9349 -0.3538 0.0271
vn -0.9895 -0.1436 0.0175
vn 0.9933 -0.1151 -0.0126
vn -0.9784 0.2065 -0.0099
vn -0.9782 0.2066 0.0222
vn -0.9973 -0.0627 -0.0385
vn -0.9922 0.0981 -0.0775
vn -0.9949 0.0999 0.0131
vn -0.9473 0.3203 -0.0071
vn -0.9493 -0.3143 -0.0003
vn 0.9984 0.0566 -0.0048
vn 0.9978 0.0660 0.0038
vn 0.9970 -0.0766 0.0144
vn -0.9962 -0.0864 -0.0125
vn -0.9997 -0.0225 0.0070
vn -0.9982 0.0591 -0.0055
vn -0.9999 0.0138 -0.0033
vn 0.0005 0.0020 1.0000
vn -0.9813 0.1924 -0.0031
vn -0.9889 0.1465 0.0262
vn -0.9817 -0.1901 -0.0073
vn -0.9915 -0.1275 0.0262
vn -0.9983 0.0518 -0.0256
vn -0.9985 -0.0509 -0.0216
s 0
f 1//1 2//1 3//1
f 4//2 5//2 6//2
f 7//3 8//3 9//3
f 10//4 11//4 12//4
f 13//5 14//5 15//5
f 16//6 17//6 18//6
f 19//7 20//7 21//7
f 22//8 26//8 27//8
f 28//9 29//9 30//9
f 75//10 24//10 23//10
f 104//11 105//11 106//11
f 107//12 108//12 109//12
f 114//13 115//13 116//13
f 117//14 118//14 119//14
f 134//15 135//15 136//15
f 137//16 138//16 139//16
f 140//17 141//17 142//17
f 147//18 148//18 149//18
f 150//19 151//19 152//19
f 155//20 156//20 157//20
f 164//21 165//21 166//21
f 169//22 170//22 171//22
f 172//23 173//23 174//23
f 175//24 176//24 177//24
f 178//25 179//25 180//25
f 181//26 182//26 183//26
f 186//27 187//27 188//27
f 189//28 190//28 191//28
f 196//29 197//29 198//29
f 199//30 200//30 201//30
f 202//31 203//31 204//31
f 205//32 206//32 207//32
f 208//33 209//33 210//33
f 215//34 216//34 217//34
f 218//35 219//35 220//35
f 237//36 238//36 239//36
f 240//37 241//37 242//37
f 245//38 246//38 247//38
f 254//39 255//39 256//39
f 260//40 263//40 261//40
f 264//41 265//41 266//41
f 267//42 268//42 269//42
f 270//43 271//43 272//43
f 275//44 276//44 277//44
f 280//45 281//45 282//45
f 283//46 284//46 285//46
f 286//47 287//47 288//47
f 289//48 290//48 291//48
f 294//49 295//49 296//49
f 313//50 314//50 315//50
f 318//51 319//51 320//51
f 328//52 25//52 329//52
f 331//53 327//53 330//53
f 362//54 363//54 364//54
f 369//55 370//55 371//55
f 372//56 373//56 374//56
f 375//57 376//57 377//57
f 392//58 395//58 396//58
f 397//59 394//59 393//59
f 398//60 399//60 400//60
f 409//61 410//61 411//61
f 434//62 435//62 436//62
f 437//63 438//63 439//63
f 440//64 441//64 442//64
f 443//65 444//65 445//65
f 448//66 449//66 450//66
f 451//67 452//67 453//67
f 456//68 457//68 458//68
f 459//69 460//69 461//69
f 462//70 463//70 464//70
f 467//71 468//71 469//71
f 470//72 471//72 472//72
f 473//73 474//73 475//73
f 482//74 483//74 484//74
f 485//75 486//75 487//75
f 488//76 489//76 490//76
f 493//77 494//77 495//77
f 500//78 501//78 502//78
f 509//79 510//79 511//79
f 516//80 517//80 518//80
f 521//81 522//81 523//81
f 524//82 525//82 526//82
f 527//83 528//83 529//83
f 530//84 531//84 532//84
f 535//85 536//85 537//85
f 538//86 539//86 540//86
f 544//87 546//87 548//87
f 561//88 562//88 563//88
f 564//89 565//89 566//89
f 567//90 568//90 569//90
f 570//91 571//91 572//91
f 573//92 574//92 575//92
f 576//93 577//93 578//93
f 579//94 580//94 581//94
f 582//95 583//95 584//95
f 585//96 586//96 587//96
f 589//97 590//97 591//97
f 592//98 593//98 594//98
f 595//99 596//99 597//99
f 598//100 599//100 600//100
f 601//101 602//101 603//101
f 604//102 605//102 606//102
f 607//103 608//103 609//103
f 612//104 613//104 614//104
f 615//105 616//105 617//105
f 618//106 619//106 620//106
f 627//107 628//107 629//107
f 630//108 631//108 632//108
f 633//109 556//109 557//109
f 636//110 637//110 638//110
f 639//111 640//111 641//111
f 642//112 643//112 644//112
f 645//113 646//113 647//113
f 658//114 659//114 660//114
f 665//115 666//115 667//115
f 682//116 683//116 684//116
f 712//117 713//117 714//117
f 760//118 761//118 762//118
f 767//119 768//119 769//119
f 784//120 785//120 786//120
f 795//121 711//121 715//121
f 798//122 799//122 800//122
f 803//123 804//123 805//123
f 808//124 809//124 810//124
f 811//125 812//125 813//125
f 852//126 853//126 854//126
f 857//127 859//127 860//127
f 852//128 863//128 853//128
f 877//129 878//129 879//129
f 880//130 881//130 882//130
f 883//131 884//131 885//131
f 886//132 887//132 888//132
f 889//133 890//133 891//133
f 892//134 893//134 894//134
f 895//135 896//135 897//135
f 898//136 899//136 900//136
f 902//137 905//137 906//137
f 907//138 908//138 909//138
f 920//139 921//139 922//139
f 930//140 931//140 932//140
f 934//141 904//141 901//141
f 935//142 936//142 937//142
f 965//143 903//143 933//143
f 966//144 967//144 968//144
f 975//145 976//145 977//145
f 980//146 981//146 982//146
f 983//147 984//147 985//147
f 986//148 987//148 988//148
f 995//149 996//149 997//149
f 998//150 1001//150 1002//150
f 1006//151 1007//151 1008//151
f 1011//152 1012//152 1013//152
f 1017//153 1018//153 1019//153
f 1016//154 1026//154 1028//154
f 1025//155 1032//155 1029//155
f 1031//156 1034//156 1027//156
f 1042//157 1043//157 1044//157
f 1045//158 1046//158 1047//158
f 1050//159 1051//159 1052//159
f 1053//160 1054//160 1055//160
f 1056//161 1057//161 1058//161
f 1059//162 1060//162 1061//162
f 1068//163 1069//163 1070//163
f 1071//164 1072//164 1073//164
f 1082//165 1081//165 1079//165
f 1085//166 1086//166 1087//166
f 1088//167 1089//167 1090//167
f 1091//168 1092//168 1093//168
f 1094//169 1095//169 1096//169
f 1105//170 1033//170 1030//170
f 1112//171 1114//171 1116//171
f 1113//172 1117//172 1115//172
f 1122//173 1123//173 1124//173
f 1125//174 1105//174 1030//174
f 1137//175 1138//175 1139//175
f 1125//176 1140//176 1105//176
f 1144//177 1141//177 1126//177
f 1145//178 1146//178 1147//178
f 1148//179 1149//179 1150//179
f 1153//180 1156//180 1157//180
f 1169//181 1170//181 1171//181
f 1172//182 1173//182 1174//182
f 1180//183 1152//183 1182//183
f 1184//184 1186//184 1183//184
f 1186//185 1181//185 1183//185
f 1188//186 1191//186 1189//186
f 1192//187 1193//187 1194//187
f 1179//188 1155//188 1151//188
f 1195//189 1196//189 1197//189
f 1198//190 1199//190 1200//190
f 1201//191 1202//191 1203//191
f 1210//192 1211//192 1212//192
f 1213//193 1214//193 1215//193
f 1218//194 1219//194 1220//194
f 1221//195 1222//195 1223//195
f 1228//196 1229//196 1230//196
f 1231//197 1232//197 1233//197
f 1234//198 1236//198 1237//198
f 1239//199 1235//199 1238//199
f 1253//200 1254//200 1255//200
f 1260//201 1261//201 1262//201
f 1184//202 1265//202 1186//202
f 1266//203 1267//203 1268//203
f 1269//204 1270//204 1271//204
f 1282//205 1283//205 1284//205
f 1285//206 1288//206 1264//206
f 1289//207 1290//207 1291//207
f 1294//208 1295//208 1296//208
f 1307//209 1308//209 1309//209
f 1310//210 1311//210 1312//210
f 1315//211 1299//211 1303//211
f 1320//212 1322//212 1324//212
f 1331//213 1332//213 1304//213
f 1321//214 1339//214 1323//214
f 1343//215 1300//215 1316//215
f 1358//216 1359//216 1360//216
f 1361//217 1362//217 1363//217
f 1372//218 1373//218 1374//218
f 1379//219 1380//219 1381//219
f 1396//220 1340//220 1317//220
f 1401//221 1402//221 1403//221
f 1416//222 1417//222 1418//222
f 1419//223 1420//223 1421//223
f 1426//224 1427//224 1428//224
f 1429//225 1430//225 1431//225
f 1442//226 1443//226 1444//226
f 1449//227 1450//227 1451//227
f 1452//228 1453//228 1454//228
f 1457//229 1435//229 1433//229
f 1462//230 1463//230 1464//230
f 1465//231 1466//231 1467//231
f 1468//232 1469//232 1470//232
f 1489//233 1490//233 1491//233
f 1508//234 1494//234 1447//234
f 1525//235 1526//235 1527//235
f 1532//236 1534//236 1536//236
f 1543//237 1544//237 1545//237
f 1573//238 1570//238 1572//238
f 1576//239 1565//239 1568//239
f 1599//240 1549//240 1546//240
f 1614//241 1615//241 1616//241
f 1617//242 1618//242 1619//242
f 1622//243 1623//243 1551//243
f 1637//244 1648//244 1642//244
f 1646//245 1650//245 1640//245
f 1624//246 1652//246 1643//246
f 1661//247 1662//247 1663//247
f 1671//248 1672//248 1673//248
f 1674//249 1675//249 1676//249
f 1699//250 1700//250 1701//250
f 1710//251 1711//251 1712//251
f 1716//252 1717//252 1493//252
f 1736//253 1737//253 1738//253
f 1787//254 1644//254 1754//254
f 1788//255 1789//255 1790//255
f 1806//256 1807//256 1808//256
f 1809//257 1639//257 1670//257
f 1810//258 1811//258 1812//258
f 1631//259 1813//259 1550//259
f 1816//260 1817//260 1818//260
f 1819//261 1820//261 1821//261
f 1929//262 1930//262 1931//262
f 1996//263 2000//263 2001//263
f 2009//264 2010//264 2011//264
f 2034//265 1997//265 2002//265
f 2036//266 1875//266 1873//266
f 2085//267 2086//267 2088//267
f 2106//268 2107//268 2108//268
f 2109//202 2110//202 2111//202
f 2116//269 2117//269 2118//269
f 2170//270 2171//270 2172//270
f 2049//271 2052//271 2033//271
f 2173//272 2174//272 2175//272
f 2215//273 2216//273 2217//273
f 1632//274 2246//274 1814//274
f 2251//275 2252//275 2253//275
f 2263//276 2083//276 2078//276
f 1630//277 2266//277 2248//277
f 2301//278 2302//278 2303//278
f 2267//213 2315//213 2268//213
f 2332//279 2333//279 2334//279
f 2341//280 2342//280 2343//280
f 2344//281 2345//281 2346//281
f 2373//282 2374//282 2375//282
f 2380//283 2388//283 2384//283
f 2421//284 2424//284 2423//284
f 2426//285 2427//285 2429//285
f 2430//286 2432//286 2434//286
f 2442//287 2425//287 2428//287
f 2431//288 2464//288 2433//288
f 2496//289 2497//289 2498//289
f 2383//290 2504//290 2389//290
f 2505//291 2506//291 2507//291
f 2508//292 2509//292 2510//292
f 2517//293 2518//293 2519//293
f 2528//294 2529//294 2530//294
f 2531//295 2532//295 2533//295
f 2552//296 2553//296 2556//296
f 2554//297 2557//297 2555//297
f 2558//298 2559//298 2560//298
f 2565//299 2566//299 2567//299
f 2574//300 2575//300 2576//300
f 2577//301 2578//301 2579//301
f 2582//302 2585//302 2586//302
f 2588//303 2583//303 2587//303
f 2596//304 2597//304 2598//304
f 2601//305 2604//305 2608//305
f 2606//305 2611//305 2609//305
f 2614//306 2615//306 2616//306
f 2617//307 2618//307 2619//307
f 2620//308 2621//308 2622//308
f 2623//309 2624//309 2625//309
f 2629//310 2630//310 2631//310
f 2632//311 2633//311 2634//311
f 2635//312 2636//312 2637//312
f 2638//313 2639//313 2640//313
f 2641//314 2642//314 2643//314
f 2644//315 2645//315 2646//315
f 2649//316 2650//316 2651//316
f 2654//317 2655//317 2656//317
f 2661//318 2662//318 2663//318
f 2670//319 2664//319 2667//319
f 2672//320 2673//320 2669//320
f 2674//321 2671//321 2666//321
f 2605//322 2675//322 2610//322
f 2676//323 2677//323 2678//323
f 2679//324 2680//324 2681//324
f 2684//325 2685//325 2686//325
f 2687//326 2688//326 2689//326
f 2690//327 2691//327 2694//327
f 2695//328 2690//328 2694//328
f 2692//329 2697//329 2693//329
f 2698//330 2699//330 2700//330
f 2701//331 2703//331 2705//331
f 2712//332 2713//332 2714//332
f 2715//333 2716//333 2717//333
f 2718//334 2723//334 2729//334
f 2730//335 2731//335 2732//335
f 2744//336 2746//336 2748//336
f 2749//337 2750//337 2751//337
f 2752//338 2753//338 2754//338
f 2755//339 2756//339 2757//339
f 2768//340 2769//340 2770//340
f 2771//341 2772//341 2773//341
f 2780//342 2781//342 2782//342
f 2783//343 2784//343 2785//343
f 2794//344 2795//344 2796//344
f 2799//345 2800//345 2801//345
f 2802//346 2803//346 2804//346
f 2805//347 2806//347 2807//347
f 2809//348 2810//348 2811//348
f 2813//349 2739//349 2743//349
f 2815//350 2816//350 2817//350
f 2830//351 2831//351 2832//351
f 2845//352 2846//352 2847//352
f 2850//353 2851//353 2852//353
f 2857//354 2858//354 2859//354
f 2860//355 2861//355 2862//355
f 2879//356 2880//356 2881//356
f 2894//357 2895//357 2896//357
f 2899//358 2901//358 2902//358
f 2900//359 2904//359 2903//359
f 2905//360 2906//360 2907//360
f 2920//361 2921//361 2922//361
f 2929//362 2930//362 2932//362
f 2936//363 2937//363 2696//363
f 2938//364 2941//364 2942//364
f 2951//365 2952//365 2944//365
f 2953//366 2939//366 2943//366
f 2702//367 2954//367 2710//367
f 2956//368 2958//368 2950//368
f 2959//369 2961//369 2963//369
f 2955//368 2957//368 2949//368
f 2974//370 2722//370 2719//370
f 2978//371 2979//371 2980//371
f 2983//372 2984//372 2985//372
f 2986//373 2987//373 2988//373
f 2992//374 2993//374 2994//374
f 3000//375 3001//375 3002//375
f 3007//376 3008//376 3009//376
f 3010//377 3011//377 3012//377
f 3021//378 3022//378 3023//378
f 3024//379 3025//379 3026//379
f 3027//380 3028//380 3029//380
f 3030//381 3031//381 3032//381
f 3033//382 3034//382 3035//382
f 3038//383 3039//383 3040//383
f 3041//384 3042//384 3043//384
f 3049//385 2734//385 2812//385
f 3052//386 3053//386 3054//386
f 3055//387 3056//387 3057//387
f 3058//388 3059//388 3060//388
f 3061//389 3062//389 3063//389
f 3064//390 3065//390 3066//390
f 3067//391 3068//391 3069//391
f 3070//392 3071//392 3072//392
f 3075//393 3076//393 3077//393
f 3080//394 3081//394 3082//394
f 3083//395 3084//395 3085//395
f 3086//396 3087//396 3088//396
f 3091//397 3092//397 3093//397
f 3094//398 3095//398 3096//398
f 3097//399 3098//399 3099//399
f 3100//400 3101//400 3102//400
f 3103//401 3104//401 3105//401
f 3112//402 3113//402 3115//402
f 3116//403 3111//403 3114//403
f 3119//404 3122//404 3123//404
f 3126//405 3118//405 3124//405
f 3128//406 3127//406 3125//406
f 3131//407 3132//407 3133//407
f 3135//408 3131//408 3133//408
f 3153//409 3156//409 3121//409
f 3117//410 3155//410 3120//410
f 3158//411 3159//411 3160//411
f 3186//412 3187//412 3188//412
f 3193//413 3194//413 3195//413
f 3196//414 3197//414 3198//414
f 3199//415 3200//415 3201//415
f 3208//416 3209//416 3210//416
f 3213//417 3130//417 3134//417
f 3223//418 3224//418 3225//418
f 3234//419 3235//419 3236//419
f 3239//420 3240//420 3241//420
f 3242//421 3243//421 3244//421
f 3246//422 3248//422 3250//422
f 3251//423 3252//423 3253//423
f 3258//424 3259//424 3260//424
f 3263//425 3264//425 3265//425
f 3266//426 3267//426 3268//426
f 3275//427 3276//427 3277//427
f 3152//428 3278//428 3157//428
f 3294//429 3295//429 3296//429
f 3299//430 3300//430 3301//430
f 3304//431 3305//431 3306//431
f 3307//432 3308//432 3309//432
f 3316//433 3317//433 3318//433
f 3323//434 3324//434 3325//434
f 3326//435 3319//435 2976//435
f 3322//436 2726//436 2975//436
f 3327//437 3328//437 3329//437
f 3330//438 3331//438 3332//438
f 3110//439 3333//439 3334//439
f 3337//440 2864//440 2863//440
f 3345//441 3346//441 3347//441
f 3351//442 3129//442 3211//442
f 3353//443 3352//443 3212//443
f 3359//444 3360//444 3361//444
f 3362//445 3365//445 3366//445
f 3367//446 3368//446 3369//446
f 3376//447 3377//447 3378//447
f 3397//448 3398//448 3399//448
f 3400//449 3401//449 3402//449
f 3403//450 3404//450 3405//450
f 3413//451 3249//451 3245//451
f 3416//452 3414//452 3247//452
f 3427//453 3428//453 3429//453
f 3436//454 3437//454 3438//454
f 3443//455 3444//455 3445//455
f 3446//456 3447//456 3448//456
f 2960//457 3450//457 2962//457
f 3451//458 3452//458 3453//458
f 3454//459 3457//459 3458//459
f 3154//460 3459//460 3279//460
f 3460//461 3461//461 3462//461
f 3463//462 3464//462 3465//462
f 3466//463 3467//463 3468//463
f 3469//464 3470//464 3471//464
f 3472//465 3473//465 3474//465
f 3475//466 3476//466 3477//466
f 3483//467 3486//467 3487//467
f 3499//468 3500//468 3501//468
f 3502//469 2589//469 3503//469
f 3506//470 3350//470 3354//470
f 3449//471 3507//471 3508//471
f 3509//472 3510//472 3511//472
f 3524//473 3525//473 3526//473
f 3527//474 2940//474 3528//474
f 3363//475 3537//475 3364//475
f 3538//476 3539//476 3540//476
f 3555//477 3552//477 3554//477
f 3571//478 3572//478 3573//478
f 3575//479 3576//479 3577//479
f 3578//480 3579//480 3580//480
f 2584//481 3583//481 3584//481
f 3601//482 3602//482 3603//482
f 3706//483 3707//483 3708//483
f 3724//484 3412//484 3415//484
f 3482//485 3731//485 3485//485
f 3740//486 3741//486 3742//486
f 3743//487 3744//487 3745//487
f 3746//488 3747//488 3748//488
f 3749//489 3750//489 3751//489
f 3764//490 3765//490 3766//490
f 3767//491 3768//491 3769//491
f 3778//492 3779//492 3780//492
f 3785//493 3786//493 3787//493
f 3788//494 3789//494 2725//494
f 3792//495 3793//495 3794//495
f 3790//496 3807//496 2724//496
f 3816//497 3817//497 3818//497
f 3823//498 3824//498 3825//498
f 3830//499 3833//499 3834//499
f 3837//500 3838//500 3839//500
f 3840//501 3841//501 3842//501
f 3455//502 3843//502 3456//502
f 3844//503 3845//503 3846//503
f 3858//504 3859//504 3860//504
f 3861//505 3862//505 3863//505
f 3864//506 3865//506 3866//506
f 3873//507 3874//507 3875//507
f 3876//185 3878//185 3718//185
f 3879//508 3882//508 3719//508
f 3881//509 3883//509 3716//509
f 3884//510 3713//510 3717//510
f 3887//511 3890//511 3891//511
f 3892//512 3893//512 3894//512
f 3896//513 3897//513 3898//513
f 3901//514 3902//514 3903//514
f 3922//515 3923//515 3924//515
f 3925//516 3926//516 3927//516
f 3936//517 3937//517 3938//517
f 3939//518 3940//518 3941//518
f 3944//519 3945//519 3946//519
f 3947//520 3948//520 3949//520
f 3952//521 3953//521 3954//521
f 3959//522 3960//522 3961//522
f 3964//523 3965//523 3966//523
f 3967//524 3968//524 3969//524
f 3970//525 3971//525 3972//525
f 3973//526 3974//526 3975//526
f 3976//527 3977//527 3978//527
f 3982//528 3983//528 3984//528
f 3987//529 3988//529 3989//529
f 3992//530 3993//530 3994//530
f 3997//531 3998//531 3999//531
f 4002//532 4003//532 4004//532
f 4005//533 4006//533 4007//533
f 4012//534 4013//534 4014//534
f 4017//535 4020//535 2737//535
f 3045//536 4019//536 2738//536
f 4033//537 4034//537 4035//537
f 4036//538 4037//538 4038//538
f 4039//539 4040//539 4041//539
f 4042//540 4043//540 4044//540
f 4045//541 4046//541 4047//541
f 4054//542 4055//542 4056//542
f 4067//543 3832//543 3831//543
f 4068//544 4069//544 4070//544
f 4071//545 4072//545 4073//545
f 4074//546 4075//546 4076//546
f 3804//547 4077//547 2721//547
f 4080//548 4081//548 4082//548
f 4083//549 4084//549 4085//549
f 4086//550 4087//550 4089//550
f 4088//551 4094//551 4091//551
f 4093//552 4095//552 4090//552
f 4097//553 4098//553 4099//553
f 4092//554 4100//554 4096//554
f 4105//555 4106//555 4107//555
f 4116//556 4117//556 4118//556
f 4119//557 4120//557 4121//557
f 4122//558 4123//558 4124//558
f 4125//559 4126//559 4127//559
f 4130//560 4131//560 4132//560
f 4139//561 4140//561 4141//561
f 4142//562 4143//562 4144//562
f 4145//563 4146//563 4147//563
f 4150//564 4151//564 4152//564
f 4153//565 4154//565 4155//565
f 4158//566 4159//566 4160//566
f 4169//567 4170//567 4171//567
f 4174//568 4175//568 4176//568
f 4177//569 4178//569 4179//569
f 4184//570 4185//570 4186//570
f 4195//571 4196//571 4197//571
f 4200//572 4201//572 4202//572
f 4235//573 4236//573 4237//573
f 4244//574 4245//574 4246//574
f 4253//575 4254//575 4255//575
f 4260//576 4262//576 4264//576
f 4266//577 4270//577 3733//577
f 3484//577 4267//577 3732//577
f 4273//578 4274//578 4275//578
f 4280//579 4281//579 4282//579
f 4285//580 4286//580 4287//580
f 4290//581 4291//581 4292//581
f 4304//582 4305//582 4306//582
f 4317//583 4318//583 4319//583
f 4333//584 4334//584 4335//584
f 4338//585 4332//585 4336//585
f 4359//586 4361//586 4363//586
f 4360//587 4364//587 4362//587
f 4357//588 4353//588 4368//588
f 4371//589 4373//589 4374//589
f 4355//590 4372//590 4377//590
f 4351//591 4358//591 4378//591
f 4379//592 4380//592 4381//592
f 4384//593 4386//593 4387//593
f 4389//594 4385//594 4388//594
f 4022//595 4408//595 4023//595
f 4409//596 4410//596 4412//596
f 4413//597 4414//597 4415//597
f 4416//598 4417//598 4418//598
f 4421//599 4422//599 4423//599
f 4428//600 4429//600 4430//600
f 4431//601 4432//601 4433//601
f 4434//602 4435//602 4436//602
f 4437//603 4438//603 4439//603
f 4440//604 4441//604 4442//604
f 4447//605 4339//605 4337//605
f 4452//606 4453//606 4454//606
f 4455//607 4456//607 4457//607
f 4462//608 4463//608 4464//608
f 4467//609 4468//609 4469//609
f 4472//610 4473//610 4474//610
f 4475//611 4476//611 4477//611
f 4480//612 4481//612 4482//612
f 4483//613 4484//613 4485//613
f 4498//614 4499//614 4500//614
f 4501//615 4502//615 4503//615
f 4504//616 4505//616 4506//616
f 4515//617 4516//617 4517//617
f 4533//618 4534//618 4535//618
f 4536//619 4537//619 3895//619
f 4550//620 4551//620 4552//620
f 4563//621 4564//621 4565//621
f 4566//622 4567//622 4568//622
f 4569//623 4570//623 4571//623
f 4572//624 4573//624 4574//624
f 4589//625 4590//625 4591//625
f 4592//626 4593//626 4595//626
f 4604//627 4607//627 4608//627
f 4609//628 4610//628 4611//628
f 4616//629 4617//629 4618//629
f 4627//630 4628//630 4629//630
f 4630//631 4631//631 4634//631
f 4635//632 4636//632 4637//632
f 4638//633 4639//633 4640//633
f 4641//634 4642//634 4643//634
f 4644//635 4645//635 4646//635
f 4647//636 4648//636 4649//636
f 4656//637 4657//637 4658//637
f 4659//638 4660//638 4661//638
f 4662//639 4663//639 4664//639
f 4594//640 4665//640 4596//640
f 4668//641 4669//641 4670//641
f 4673//642 4674//642 4675//642
f 4678//643 4679//643 4680//643
f 4681//644 4682//644 4683//644
f 4691//645 4693//645 4697//645
f 4698//646 4690//646 4696//646
f 4700//647 4701//647 4702//647
f 4707//648 4708//648 4709//648
f 4710//649 4711//649 4712//649
f 4714//650 4715//650 4717//650
f 4718//651 4719//651 4720//651
f 4750//652 4751//652 4752//652
f 4754//653 4756//653 4757//653
f 4758//654 4759//654 4760//654
f 4761//655 4763//655 4765//655
f 4762//656 4766//656 4764//656
f 4767//657 4755//657 4753//657
f 4768//658 4769//658 4770//658
f 4771//659 4772//659 4773//659
f 4774//660 4775//660 4776//660
f 4543//661 4777//661 4223//661
f 4778//662 4779//662 4780//662
f 4781//663 4782//663 4783//663
f 4828//664 4817//664 4822//664
f 4840//665 4841//665 4842//665
f 4845//666 4846//666 4847//666
f 4848//667 4849//667 4850//667
f 4852//668 4853//668 4855//668
f 4856//669 4857//669 4858//669
f 4859//670 4860//670 4861//670
f 4862//671 4863//671 4864//671
f 4895//672 4896//672 4897//672
f 4900//673 4716//673 4713//673
f 4901//674 4902//674 4903//674
f 4916//675 4917//675 4918//675
f 4919//676 4920//676 4921//676
f 4925//677 4926//677 4928//677
f 4929//678 4930//678 4931//678
f 4934//679 4935//679 4936//679
f 4632//680 4937//680 4633//680
f 4941//681 4943//681 4944//681
f 3044//682 4946//682 4018//682
f 4947//683 4942//683 4940//683
f 4959//684 4960//684 4961//684
f 4265//685 4966//685 4269//685
f 4973//686 4974//686 4975//686
f 4976//687 4977//687 4978//687
f 4979//688 4980//688 4981//688
f 4984//689 4985//689 4986//689
f 4603//690 4991//690 4606//690
f 4993//691 4996//691 4605//691
f 5007//692 5008//692 5009//692
f 3107//693 5012//693 3108//693
f 5013//694 5014//694 5015//694
f 5019//695 5020//695 5022//695
f 5023//696 5024//696 5025//696
f 5026//697 5027//697 5028//697
f 5029//698 5021//698 5018//698
f 5030//699 5031//699 5032//699
f 5040//700 5041//700 5042//700
f 5056//701 5057//701 5058//701
f 5071//702 5072//702 5073//702
f 5074//703 5075//703 5076//703
f 5091//704 5092//704 5093//704
f 5104//705 5105//705 5106//705
f 5124//706 4340//706 4449//706
f 5125//707 5122//707 4448//707
f 5133//184 3880//184 3877//184
f 5134//708 5135//708 5136//708
f 3889//709 5142//709 5144//709
f 5147//710 5148//710 5149//710
f 5174//711 5175//711 5176//711
f 5179//712 5180//712 5181//712
f 5184//713 5141//713 3888//713
f 5188//714 5189//714 5190//714
f 5191//715 5192//715 5193//715
f 5196//716 5197//716 5198//716
f 5199//717 5200//717 5201//717
f 5202//718 5203//718 5204//718
f 5209//719 5210//719 5211//719
f 5214//720 5216//720 4411//720
f 5217//721 5218//721 5219//721
f 5229//722 5230//722 5232//722
f 5233//723 5236//723 5237//723
f 5240//724 5241//724 5242//724
f 5243//725 5244//725 5245//725
f 5250//726 5251//726 5252//726
f 5281//727 4706//727 4703//727
f 5291//728 5293//728 5299//728
f 5294//729 5301//729 5298//729
f 5305//730 5306//730 5307//730
f 5308//731 5290//731 5296//731
f 5315//732 5316//732 5317//732
f 5318//733 5319//733 5320//733
f 5323//734 5324//734 5325//734
f 5326//735 5327//735 5328//735
f 5330//736 5331//736 5332//736
f 5337//737 5338//737 5339//737
f 5061//738 5340//738 5064//738
f 5341//739 5342//739 5343//739
f 5368//740 5348//740 5351//740
f 5369//741 5370//741 5371//741
f 5378//742 5379//742 5380//742
f 5383//743 5384//743 5385//743
f 5394//744 5395//744 5396//744
f 5228//745 5399//745 5231//745
f 5400//746 5235//746 5234//746
f 5403//747 5404//747 5405//747
f 5412//748 5413//748 5414//748
f 5423//749 5424//749 5425//749
f 5426//750 5427//750 5428//750
f 5431//751 5432//751 5433//751
f 5438//752 5439//752 5440//752
f 5449//753 5450//753 5451//753
f 5464//754 5465//754 5466//754
f 5469//755 5470//755 5471//755
f 5472//756 5474//756 5475//756
f 5473//757 5477//757 5476//757
f 5478//758 5479//758 5480//758
f 5483//759 5485//759 5486//759
f 5488//760 5489//760 5490//760
f 5491//761 5492//761 5493//761
f 5500//762 5501//762 5502//762
f 4851//763 5510//763 4854//763
f 5519//764 5520//764 5521//764
f 5542//765 5543//765 5544//765
f 5547//766 5548//766 5549//766
f 5552//767 5259//767 5257//767
f 5558//768 5559//768 5560//768
f 5561//769 5562//769 5563//769
f 5568//770 5569//770 5570//770
f 5573//771 5574//771 5575//771
f 5578//772 5579//772 5580//772
f 5581//773 5582//773 5583//773
f 5584//774 5586//774 5588//774
f 5590//775 5591//775 5592//775
f 5594//776 5589//776 5593//776
f 5597//777 5598//777 5599//777
f 5604//778 5605//778 5606//778
f 5609//779 5610//779 5611//779
f 5614//780 5615//780 5616//780
f 5637//781 5638//781 5639//781
f 5644//782 5645//782 5646//782
f 5669//783 5670//783 5671//783
f 5714//784 5715//784 5716//784
f 5719//785 5720//785 5721//785
f 5736//786 5738//786 5741//786
f 5742//787 5744//787 5747//787
f 5754//788 5755//788 5756//788
f 5761//789 5762//789 5763//789
f 5772//790 5773//790 5774//790
f 5775//791 5776//791 5777//791
f 5778//792 5779//792 5780//792
f 3048//793 5786//793 4945//793
f 5787//794 5788//794 5789//794
f 5822//795 5823//795 5824//795
f 5843//796 5844//796 5845//796
f 5846//797 5847//797 5848//797
f 5861//185 3878//185 5131//185
f 5863//508 5862//508 5132//508
f 5870//798 5871//798 5872//798
f 5873//799 5874//799 5875//799
f 5876//800 5877//800 5878//800
f 5885//801 5886//801 5887//801
f 5888//802 5891//802 5892//802
f 5893//682 5785//682 3047//682
f 5894//803 5895//803 5896//803
f 5897//804 5898//804 5899//804
f 5900//805 5901//805 5902//805
f 5905//806 5906//806 5907//806
f 5910//807 5911//807 5912//807
f 5913//808 5914//808 5915//808
f 5916//809 5917//809 5918//809
f 5919//810 5920//810 5921//810
f 5934//811 5935//811 5936//811
f 5937//812 5938//812 5939//812
f 5952//813 5953//813 5954//813
f 5973//814 5975//814 5979//814
f 5986//815 5987//815 5989//815
f 5991//816 5992//816 5993//816
f 5998//817 5999//817 6000//817
f 6003//818 6004//818 6005//818
f 6006//819 6007//819 6008//819
f 6021//820 6022//820 6023//820
f 6024//821 6025//821 6026//821
f 6027//822 6028//822 6029//822
f 6034//823 6035//823 6036//823
f 6037//824 6038//824 6039//824
f 6040//825 6041//825 6042//825
f 6043//826 6044//826 6045//826
f 6053//827 6054//827 6055//827
f 6076//828 6077//828 6078//828
f 6079//829 6080//829 6081//829
f 6084//830 6085//830 6086//830
f 6087//831 6088//831 6089//831
f 6091//832 6095//832 4964//832
f 4268//833 6092//833 4965//833
f 6114//834 6116//834 6118//834
f 6121//835 6122//835 6123//835
f 6128//836 6129//836 6130//836
f 6133//837 6134//837 6135//837
f 6139//838 5215//838 5212//838
f 6152//839 6153//839 6154//839
f 6178//840 6179//840 6180//840
f 6185//841 6186//841 6187//841
f 6201//842 6202//842 6203//842
f 6204//843 5143//843 5185//843
f 6227//844 6228//844 6229//844
f 6240//845 6241//845 6242//845
f 6243//846 6244//846 6245//846
f 6246//847 6247//847 6248//847
f 6256//848 6257//848 6258//848
f 6261//849 6262//849 6263//849
f 6264//850 6265//850 6266//850
f 6267//851 6268//851 6269//851
f 6280//852 6281//852 6282//852
f 6285//853 6137//853 5213//853
f 6292//854 6293//854 6296//854
f 6305//855 6306//855 6307//855
f 6319//856 6320//856 6321//856
f 6328//857 6329//857 6330//857
f 6337//858 6338//858 6339//858
f 6342//859 6343//859 6344//859
f 6345//860 6346//860 6347//860
f 6348//861 6349//861 6350//861
f 6351//862 6352//862 6353//862
f 6356//863 6357//863 6358//863
f 6359//864 6360//864 6361//864
f 6362//865 6363//865 6364//865
f 6365//866 6366//866 6367//866
f 6368//867 6369//867 6370//867
f 6373//868 6374//868 6375//868
f 6376//869 6377//869 6378//869
f 6381//870 6382//870 6383//870
f 6115//871 6388//871 6117//871
f 6391//872 6392//872 6393//872
f 6394//873 6396//873 6397//873
f 6423//874 6425//874 6427//874
f 6428//875 6429//875 6430//875
f 6431//876 6432//876 6433//876
f 6436//877 6437//877 6438//877
f 6439//878 6440//878 6443//878
f 6448//879 6426//879 6424//879
f 6451//880 6452//880 6453//880
f 6456//881 6457//881 6458//881
f 5737//882 6471//882 5739//882
f 6474//883 5743//883 5746//883
f 6477//884 6473//884 5745//884
f 6506//885 6507//885 6508//885
f 6511//886 6512//886 6513//886
f 6518//887 6519//887 6520//887
f 6541//888 6542//888 6543//888
f 6441//889 6552//889 6442//889
f 6561//890 6562//890 6563//890
f 6564//891 6565//891 6566//891
f 6567//892 6570//892 6571//892
f 6574//893 6576//893 6577//893
f 6578//894 6579//894 6580//894
f 6581//895 6582//895 6583//895
f 6584//896 6575//896 6573//896
f 6589//897 6591//897 4694//897
f 4692//898 6587//898 4695//898
f 6595//899 6596//899 6597//899
f 6612//900 6613//900 6614//900
f 6634//901 6635//901 6636//901
f 6568//213 6645//213 6572//213
f 6646//902 6647//902 6648//902
f 6722//903 6723//903 6724//903
f 6733//904 6734//904 6735//904
f 6736//905 6737//905 6738//905
f 6763//906 6764//906 6765//906
f 6783//907 6784//907 6785//907
f 6792//908 6793//908 6794//908
f 6795//909 6796//909 6797//909
f 6828//910 6138//910 6286//910
f 6837//911 6838//911 6839//911
f 6860//912 6861//912 6862//912
f 6891//913 6892//913 6893//913
f 6935//914 6936//914 6937//914
f 6938//915 6939//915 6940//915
f 6943//916 6944//916 6945//916
f 6708//917 6947//917 6652//917
f 6946//918 6948//918 6651//918
f 6949//919 6950//919 6951//919
f 6952//920 6953//920 6954//920
f 6961//921 6962//921 6963//921
f 6975//922 6976//922 6977//922
f 6978//923 6979//923 6980//923
f 6827//924 6992//924 6136//924
f 6997//925 6998//925 6999//925
f 7000//926 7002//926 7003//926
f 7001//927 7005//927 7004//927
f 7006//928 5978//928 5974//928
f 7009//929 7010//929 7011//929
f 7016//930 7017//930 7018//930
f 7019//931 7020//931 7021//931
f 7022//932 7023//932 7024//932
f 7025//933 7026//933 7027//933
f 7034//494 7035//494 6644//494
f 6569//934 7031//934 6643//934
f 7037//935 7038//935 7039//935
f 7040//936 7041//936 7042//936
f 7044//937 7046//937 7047//937
f 7048//938 4995//938 6312//938
f 7053//939 7054//939 7055//939
f 7064//940 7065//940 7066//940
f 7079//941 7080//941 7081//941
f 7082//942 7083//942 7084//942
f 7085//943 7086//943 7087//943
f 7090//944 7091//944 7092//944
f 7099//945 7100//945 7101//945
f 7110//946 7111//946 7112//946
f 7131//947 7132//947 7133//947
f 6090//948 7153//948 6093//948
f 7154//949 7155//949 6094//949
f 7157//950 7158//950 7159//950
f 7160//951 7161//951 7162//951
f 7176//952 5123//952 5126//952
f 7184//953 3805//953 6818//953
f 7186//954 7187//954 7188//954
f 7193//955 7195//955 7197//955
f 7206//956 7207//956 7208//956
f 7241//957 7242//957 7243//957
f 5889//958 7244//958 5890//958
f 7245//959 7246//959 7247//959
f 7248//960 7249//960 7250//960
f 7255//961 7257//961 7259//961
f 7260//962 7261//962 7262//962
f 7263//963 7264//963 7265//963
f 7266//964 7258//964 7256//964
f 7271//965 7272//965 7273//965
f 7309//966 7310//966 7311//966
f 7325//967 7326//967 7327//967
f 7336//968 7337//968 7338//968
f 7347//969 7348//969 7349//969
f 7350//970 7351//970 7352//970
f 7395//971 7396//971 7043//971
f 7398//972 7393//972 7045//972
f 7409//973 7410//973 7411//973
f 7428//974 7429//974 7430//974
f 7437//975 7438//975 7439//975
f 7445//976 7446//976 7448//976
f 7453//977 7454//977 7455//977
f 7456//978 7457//978 7458//978
f 7033//979 3808//979 7183//979
f 7032//980 7185//980 7036//980
f 7465//981 7466//981 7467//981
f 7468//982 7469//982 7470//982
f 7471//983 7472//983 7473//983
f 7475//984 7447//984 7444//984
f 7480//985 7481//985 7482//985
f 7485//986 7487//986 6059//986
f 7488//987 7486//987 6058//987
f 7490//988 7491//988 7492//988
f 7494//989 7489//989 7493//989
f 7507//990 7508//990 7509//990
f 7514//991 7515//991 7516//991
f 7517//992 7518//992 7519//992
f 7547//993 7550//993 7549//993
f 7553//994 7556//994 7557//994
f 6470//995 7558//995 5740//995
f 7559//996 6472//996 6476//996
f 7567//997 7568//997 7569//997
f 7588//998 7589//998 7590//998
f 7599//999 7600//999 7601//999
f 7602//1000 7603//1000 7604//1000
f 7605//1001 7606//1001 7607//1001
f 7618//1002 7619//1002 7620//1002
f 7623//1003 7624//1003 7625//1003
f 7626//1004 7627//1004 7628//1004
f 7634//1005 7635//1005 7636//1005
f 7652//1006 7653//1006 7654//1006
f 7655//1007 7656//1007 7657//1007
f 7678//1008 7679//1008 7680//1008
f 7689//1009 7690//1009 7691//1009
f 7694//1010 7695//1010 7696//1010
f 7699//1011 7700//1011 7701//1011
f 7703//1012 6294//1012 6291//1012
f 7721//1013 7722//1013 7723//1013
f 7724//1014 7725//1014 7726//1014
f 7730//1015 7732//1015 7733//1015
f 7748//1016 7749//1016 7750//1016
f 7751//1017 7752//1017 7753//1017
f 7758//1018 7759//1018 7760//1018
f 7763//1019 7764//1019 7765//1019
f 7766//1020 7767//1020 7768//1020
f 7769//1021 5121//1021 7174//1021
f 7785//1022 7786//1022 7787//1022
f 7799//1023 7800//1023 7802//1023
f 7809//1024 7810//1024 7811//1024
f 7812//1025 7813//1025 7814//1025
f 7798//1026 7817//1026 7801//1026
f 7818//1027 7819//1027 7820//1027
f 7821//1028 7822//1028 7823//1028
f 7824//1029 7825//1029 7826//1029
f 7827//1030 7828//1030 7829//1030
f 7194//1031 7832//1031 7196//1031
f 7840//1032 7841//1032 7843//1032
f 7844//1033 7845//1033 7846//1033
f 7847//1034 7848//1034 7849//1034
f 7874//1035 7875//1035 7876//1035
f 6588//1036 7878//1036 6592//1036
f 7880//1037 7881//1037 7882//1037
f 7902//1038 7903//1038 7904//1038
f 7152//1039 7908//1039 7156//1039
f 7917//1040 7918//1040 7919//1040
f 7920//1041 7921//1041 7922//1041
f 7925//1042 7926//1042 7927//1042
f 7928//1043 7929//1043 7930//1043
f 7935//1044 7936//1044 7937//1044
f 7946//1045 7947//1045 7948//1045
f 7955//1046 7956//1046 7958//1046
f 7959//1047 7960//1047 7961//1047
f 7962//1048 7963//1048 7964//1048
f 7973//1049 7974//1049 7979//1049
f 7982//1050 7842//1050 7839//1050
f 7984//1051 7986//1051 7987//1051
f 7990//1052 7991//1052 7992//1052
f 7997//1053 7998//1053 7999//1053
f 7030//1054 8000//1054 3803//1054
f 8001//1055 8002//1055 8003//1055
f 8004//1056 8005//1056 8006//1056
f 8016//1057 8018//1057 7667//1057
f 8019//1058 8020//1058 8021//1058
f 8022//1059 8023//1059 8024//1059
f 8031//1060 8032//1060 8033//1060
f 8034//1061 8035//1061 8036//1061
f 8041//1062 8042//1062 8043//1062
f 8044//1063 8045//1063 8048//1063
f 8046//1064 8049//1064 8047//1064
f 8052//1065 8053//1065 8054//1065
f 8055//1066 8056//1066 8057//1066
f 8065//1067 8066//1067 8067//1067
f 8090//1068 8091//1068 8092//1068
f 7397//1069 8095//1069 7394//1069
f 8096//1070 8097//1070 8098//1070
f 8099//1071 8100//1071 7803//1071
f 8106//1072 8107//1072 8108//1072
f 8109//1073 8110//1073 8111//1073
f 8120//1074 8121//1074 8122//1074
f 8135//1075 8136//1075 8137//1075
f 8150//1076 8151//1076 8152//1076
f 8153//1077 8154//1077 8155//1077
f 8166//1078 8167//1078 8168//1078
f 8169//1079 7770//1079 7175//1079
f 8170//1080 8171//1080 8172//1080
f 8185//1081 8186//1081 8187//1081
f 8188//1082 8189//1082 8190//1082
f 8193//1083 8194//1083 8195//1083
f 8196//1084 8197//1084 8198//1084
f 8199//1085 8200//1085 8201//1085
f 8202//1086 8203//1086 8204//1086
f 8246//1087 7985//1087 7983//1087
f 8250//1088 6395//1088 8252//1088
f 8304//1089 8305//1089 8306//1089
f 8307//1090 8308//1090 8309//1090
f 8310//1091 8311//1091 8312//1091
f 8313//1092 8314//1092 8315//1092
f 8318//1093 8319//1093 8320//1093
f 7554//1094 8351//1094 7555//1094
f 8352//1095 7560//1095 6475//1095
f 8353//1096 8354//1096 8355//1096
f 8358//1097 8359//1097 8360//1097
f 8363//1098 8364//1098 8365//1098
f 8398//1099 8399//1099 8400//1099
f 8401//1100 8402//1100 8403//1100
f 8404//1101 8405//1101 8406//1101
f 8419//1102 8420//1102 8421//1102
f 8422//1103 8423//1103 8424//1103
f 8437//1104 8439//1104 8440//1104
f 8448//1105 8449//1105 8451//1105
f 8452//1106 8453//1106 8454//1106
f 8455//1107 8456//1107 8457//1107
f 7151//1108 8461//1108 7907//1108
f 8475//1109 8476//1109 8477//1109
f 8482//1110 8483//1110 8484//1110
f 8485//1111 8486//1111 8487//1111
f 8498//1112 8499//1112 8500//1112
f 8511//1113 8513//1113 8515//1113
f 8517//1114 8512//1114 8514//1114
f 8527//1115 8528//1115 8529//1115
f 8530//1116 8531//1116 8532//1116
f 8537//1117 8462//1117 7150//1117
f 8538//1118 8539//1118 8540//1118
f 8541//1119 8542//1119 8543//1119
f 8549//1120 8550//1120 8551//1120
f 8552//1121 8554//1121 8556//1121
f 8557//1122 8558//1122 8559//1122
f 8553//1123 8560//1123 8555//1123
f 8561//1124 8562//1124 8563//1124
f 8564//1125 8565//1125 8566//1125
f 8575//1126 8576//1126 8577//1126
f 8584//1127 8585//1127 8586//1127
f 8587//1128 8588//1128 8589//1128
f 8590//1129 8591//1129 8592//1129
f 8593//1130 8594//1130 8595//1130
f 8598//1131 8599//1131 8600//1131
f 8603//1132 8604//1132 8605//1132
f 8614//1133 8615//1133 8616//1133
f 8619//1134 8621//1134 8622//1134
f 8625//1135 8626//1135 8627//1135
f 8634//1136 8635//1136 8636//1136
f 8637//1137 8438//1137 8441//1137
f 8638//1138 8639//1138 8640//1138
f 8641//1139 8642//1139 8643//1139
f 8644//1140 8645//1140 8646//1140
f 8649//1141 8650//1141 8651//1141
f 8652//1142 8653//1142 8654//1142
f 8655//1143 8656//1143 8657//1143
f 8658//1144 8659//1144 8660//1144
f 8677//1145 8678//1145 8679//1145
f 8690//1146 7953//1146 8691//1146
f 8694//1147 8695//1147 8697//1147
f 8696//1148 8699//1148 8698//1148
f 8704//1149 5976//1149 8705//1149
f 8708//1150 8712//1150 8713//1150
f 8718//1151 8719//1151 8720//1151
f 7877//1152 8723//1152 6590//1152
f 8728//1153 6295//1153 7702//1153
f 8731//1154 8732//1154 8733//1154
f 8734//1155 8735//1155 8736//1155
f 8737//1156 8738//1156 8739//1156
f 8740//1157 8741//1157 8742//1157
f 8757//1158 8758//1158 8759//1158
f 8760//1159 8761//1159 8762//1159
f 8767//1160 8768//1160 8769//1160
f 8810//1161 8811//1161 8812//1161
f 8536//1162 8813//1162 8460//1162
f 8827//1163 8828//1163 8829//1163
f 8830//1164 8831//1164 8832//1164
f 8446//1165 8847//1165 8450//1165
f 8848//1166 8849//1166 8850//1166
f 8851//1167 8852//1167 8853//1167
f 8856//1168 8857//1168 8858//1168
f 8859//1169 8860//1169 8861//1169
f 8866//1170 8867//1170 8868//1170
f 8879//1171 8881//1171 8882//1171
f 8880//1172 8884//1172 8883//1172
f 8885//1173 8886//1173 8887//1173
f 8890//1174 8891//1174 8892//1174
f 8894//1175 8815//1175 8535//1175
f 8897//1176 8898//1176 8899//1176
f 8902//1177 8903//1177 8904//1177
f 8905//1178 8906//1178 8907//1178
f 8909//1179 8722//1179 7879//1179
f 8911//1180 8912//1180 8913//1180
f 8914//1181 8915//1181 8916//1181
f 8919//1182 8920//1182 8921//1182
f 8922//1183 8924//1183 7978//1183
f 8925//1184 8926//1184 7977//1184
f 8927//1185 8923//1185 7976//1185
f 8928//1186 8929//1186 5977//1186
f 8930//1187 8931//1187 7975//1187
f 8940//1188 8941//1188 8942//1188
f 8943//1189 8944//1189 8945//1189
f 8946//1190 8947//1190 8948//1190
f 8953//1191 8954//1191 8955//1191
f 8962//1192 8711//1192 8709//1192
f 8965//1193 8967//1193 8969//1193
f 8972//1194 8973//1194 8974//1194
f 9021//1195 9002//1195 8999//1195
f 9007//1196 9010//1196 9025//1196
f 9076//1197 9077//1197 9078//1197
f 9079//1198 9080//1198 9081//1198
f 9091//1199 9093//1199 9094//1199
f 9101//1200 9102//1200 9103//1200
f 9104//1201 9105//1201 9106//1201
f 9116//1202 9117//1202 9119//1202
f 9127//1203 8845//1203 8447//1203
f 9128//1204 9129//1204 9130//1204
f 9136//1205 9137//1205 9139//1205
f 9140//1206 9135//1206 9138//1206
f 9141//1207 9142//1207 9143//1207
f 9144//1208 9145//1208 9146//1208
f 9151//1209 9152//1209 9153//1209
f 9154//1210 9155//1210 9156//1210
f 9159//1211 9115//1211 9118//1211
f 9160//1212 9161//1212 9162//1212
f 9163//1213 9165//1213 9166//1213
f 9176//1214 9177//1214 9178//1214
f 9190//1215 9191//1215 9192//1215
f 9201//1216 8710//1216 8963//1216
f 9202//1217 9203//1217 9204//1217
f 8966//1218 9206//1218 8968//1218
f 9207//1219 9208//1219 9209//1219
f 8624//1220 9211//1220 8620//1220
f 9213//1221 9214//1221 9215//1221
f 9216//1222 9217//1222 9218//1222
f 9233//1223 9234//1223 9237//1223
f 9239//1224 9240//1224 9236//1224
f 9268//1225 9269//1225 9270//1225
f 9282//1226 9283//1226 9284//1226
f 9303//1227 9304//1227 9305//1227
f 9306//1228 9307//1228 9308//1228
f 8516//1229 9321//1229 8510//1229
f 8893//1230 9332//1230 8814//1230
f 9336//1231 9337//1231 9338//1231
f 9352//1232 9354//1232 9355//1232
f 9359//1233 9353//1233 9356//1233
f 9360//1234 9361//1234 9362//1234
f 9389//1235 9390//1235 9391//1235
f 9394//1236 9395//1236 9396//1236
f 9401//1237 9402//1237 9403//1237
f 9404//1238 9092//1238 9090//1238
f 9406//1239 9407//1239 9409//1239
f 9410//1240 9411//1240 9412//1240
f 9413//1241 9414//1241 9415//1241
f 9416//1242 9408//1242 9405//1242
f 9417//1243 9418//1243 9419//1243
f 9420//1244 9421//1244 9422//1244
f 9423//1245 9424//1245 9425//1245
f 9429//1246 9430//1246 9431//1246
f 9432//1247 9433//1247 9434//1247
f 9441//1248 9442//1248 9444//1248
f 9445//1249 9446//1249 9447//1249
f 8623//1220 9451//1220 9210//1220
f 9452//1250 8721//1250 8910//1250
f 9455//1251 9460//1251 8896//1251
f 9459//1252 9333//1252 8895//1252
f 9463//1253 9464//1253 9465//1253
f 9468//1254 9469//1254 9470//1254
f 9483//1255 9484//1255 9485//1255
f 9486//1256 9487//1256 9490//1256
f 9488//1257 9491//1257 9489//1257
f 9492//1258 9493//1258 9494//1258
f 9501//1259 9502//1259 9503//1259
f 9512//1260 9513//1260 9514//1260
f 9517//1261 9518//1261 9519//1261
f 9520//1262 9521//1262 9522//1262
f 9523//1263 9524//1263 9525//1263
f 9530//1264 9531//1264 9532//1264
f 9535//1265 9536//1265 9537//1265
f 9538//1266 9539//1266 9540//1266
f 9551//1267 9552//1267 9553//1267
f 9562//1268 9563//1268 9564//1268
f 9571//1269 8844//1269 9126//1269
f 9572//1270 9573//1270 9574//1270
f 9575//1271 9576//1271 9577//1271
f 9580//1272 9581//1272 9582//1272
f 9448//1273 9583//1273 9212//1273
f 9585//1274 9454//1274 8908//1274
f 9588//1275 9589//1275 9590//1275
f 9599//1276 9600//1276 9601//1276
f 9608//1277 9609//1277 9610//1277
f 9619//1278 9620//1278 9622//1278
f 9623//1279 9625//1279 9627//1279
f 9668//1280 9669//1280 9670//1280
f 9569//1281 9673//1281 8846//1281
f 9704//1282 9164//1282 9708//1282
f 9713//1283 9714//1283 9715//1283
f 9716//1284 9717//1284 9718//1284
f 9719//1285 9720//1285 9721//1285
f 9732//1286 9733//1286 9734//1286
f 9358//1287 9740//1287 9351//1287
f 9795//1288 9706//1288 9771//1288
f 9806//1289 9807//1289 9808//1289
f 9823//1290 9824//1290 9825//1290
f 9834//1291 9835//1291 9836//1291
f 9839//1292 9840//1292 9841//1292
f 9844//1293 9846//1293 9847//1293
f 9850//1294 9845//1294 9848//1294
f 9853//1295 9854//1295 9855//1295
f 9862//1296 9863//1296 9864//1296
f 9865//1297 9866//1297 9867//1297
f 9868//1298 9869//1298 9870//1298
f 9871//1299 9872//1299 9873//1299
f 9874//1300 9875//1300 9876//1300
f 9877//1301 9878//1301 9879//1301
f 9880//1302 9881//1302 9882//1302
f 9883//1303 9884//1303 9885//1303
f 9890//1304 9891//1304 9892//1304
f 9893//1305 9894//1305 9895//1305
f 9898//1306 9626//1306 9624//1306
f 9899//1307 9900//1307 9901//1307
f 9910//1308 9911//1308 9912//1308
f 9913//1309 9914//1309 9915//1309
f 9920//1310 9921//1310 9922//1310
f 9934//1311 9935//1311 9937//1311
f 9938//1312 9939//1312 9940//1312
f 9941//1313 9942//1313 9943//1313
f 9944//1314 9945//1314 9946//1314
f 9947//1315 9949//1315 9439//1315
f 9951//1316 9443//1316 9440//1316
f 9952//1317 9953//1317 9954//1317
f 8964//1318 9955//1318 9205//1318
f 9957//1319 9959//1319 9960//1319
f 9961//1320 9962//1320 9963//1320
f 9964//1321 9453//1321 9587//1321
f 9967//1322 9968//1322 9969//1322
f 9970//1323 9933//1323 9936//1323
f 9971//1324 9972//1324 9973//1324
f 9982//1325 9983//1325 9984//1325
f 9987//1326 9988//1326 9990//1326
f 9998//1327 9999//1327 10000//1327
f 10003//1328 10004//1328 10005//1328
f 10018//1329 10019//1329 10020//1329
f 10026//1330 9458//1330 9456//1330
f 10027//1331 10028//1331 10029//1331
f 10030//1332 9671//1332 9570//1332
f 10033//1333 10034//1333 10035//1333
f 10041//1334 10042//1334 10043//1334
f 10046//1335 10040//1335 10044//1335
f 10052//1336 10053//1336 10055//1336
f 10056//1337 10057//1337 10058//1337
f 10059//1338 10060//1338 10061//1338
f 10062//1339 10063//1339 10064//1339
f 10065//1340 10066//1340 10067//1340
f 10072//1341 10073//1341 10074//1341
f 10075//1342 10076//1342 10077//1342
f 10082//1343 10083//1343 10084//1343
f 9449//1273 10086//1273 9584//1273
f 10091//1344 9965//1344 9586//1344
f 10092//1345 10093//1345 10094//1345
f 10105//1346 10106//1346 10107//1346
f 10108//1347 10109//1347 10110//1347
f 10112//1348 10113//1348 10115//1348
f 10118//1349 10119//1349 10120//1349
f 10161//1350 10162//1350 10163//1350
f 10164//1351 10165//1351 10166//1351
f 10167//1352 10168//1352 10169//1352
f 10170//1353 10171//1353 10172//1353
f 10201//1354 10202//1354 10203//1354
f 10054//1355 10210//1355 10213//1355
f 10227//1356 10228//1356 10229//1356
f 10232//1357 10114//1357 10111//1357
f 10233//1358 10234//1358 10235//1358
f 10252//1359 10254//1359 10256//1359
f 10257//1360 10258//1360 10259//1360
f 10270//1361 10271//1361 10272//1361
f 10281//1362 10099//1362 10032//1362
f 10286//1363 10287//1363 10288//1363
f 10289//1364 10290//1364 10291//1364
f 10302//1365 10303//1365 10304//1365
f 10305//1366 9950//1366 9948//1366
f 10306//1367 10307//1367 10308//1367
f 9956//1368 10309//1368 9958//1368
f 10310//1369 10311//1369 10312//1369
f 9450//1370 10314//1370 10085//1370
f 10316//1371 9966//1371 10090//1371
f 10327//1372 10328//1372 10329//1372
f 10330//1373 10331//1373 10333//1373
f 10332//1374 10335//1374 10334//1374
f 10336//1375 10337//1375 10338//1375
f 10343//1376 10344//1376 10345//1376
f 10346//1377 10347//1377 10348//1377
f 10349//1378 10350//1378 10351//1378
f 10352//1379 7957//1379 7954//1379
f 10353//1380 10354//1380 10355//1380
f 10366//1381 10368//1381 10370//1381
f 10373//1382 10374//1382 10375//1382
f 10378//1383 10379//1383 10380//1383
f 10384//1384 10385//1384 10387//1384
f 10390//1385 10391//1385 10392//1385
f 10393//1386 10396//1386 10397//1386
f 10383//1387 10398//1387 10386//1387
f 10211//1388 10402//1388 10214//1388
f 10415//1389 10416//1389 10417//1389
f 10428//1390 10100//1390 10280//1390
f 10430//1391 10431//1391 10432//1391
f 10433//1392 10434//1392 10435//1392
f 10438//1393 10367//1393 10369//1393
f 10441//1394 10442//1394 10443//1394
f 10448//1395 10317//1395 10089//1395
f 10449//1396 10450//1396 10451//1396
f 10452//1397 10453//1397 10454//1397
f 10457//1398 10458//1398 10459//1398
f 10472//1399 10473//1399 10474//1399
f 10481//1400 10482//1400 10483//1400
f 10484//1401 10485//1401 10486//1401
f 10491//1402 10492//1402 10493//1402
f 10508//1403 10509//1403 10510//1403
f 10519//1404 10520//1404 10521//1404
f 10522//1405 10523//1405 10524//1405
f 10527//1406 10528//1406 10529//1406
f 10530//1407 10531//1407 10533//1407
f 10532//1408 10301//1408 10534//1408
f 10535//1409 10536//1409 10537//1409
f 10540//1410 10446//1410 10088//1410
f 10313//1411 10538//1411 10087//1411
f 10539//1412 10315//1412 10447//1412
f 10553//1413 10554//1413 10555//1413
f 10560//1414 10561//1414 10562//1414
f 10571//1415 10572//1415 10573//1415
f 10580//1416 10581//1416 10582//1416
f 10599//1417 10600//1417 10601//1417
f 10604//1418 10605//1418 10606//1418
f 10611//1419 10612//1419 10613//1419
f 10626//1420 10627//1420 10628//1420
f 10629//1421 10632//1421 10633//1421
f 10634//1422 10025//1422 9457//1422
f 10635//1423 10636//1423 10637//1423
f 10638//1424 10639//1424 10640//1424
f 10641//1425 10642//1425 10643//1425
f 10644//1426 10645//1426 10646//1426
f 10647//1427 10648//1427 10649//1427
f 10654//1428 10655//1428 10656//1428
f 10657//1429 10658//1429 10659//1429
f 10662//1430 10664//1430 10666//1430
f 10725//1431 10726//1431 10727//1431
f 10734//1432 10735//1432 10736//1432
f 10747//1433 10748//1433 10749//1433
f 10760//1434 10761//1434 10762//1434
f 10777//1435 10778//1435 10779//1435
f 10784//1436 10785//1436 10786//1436
f 10787//1437 10788//1437 10789//1437
f 10790//1438 10791//1438 10792//1438
f 10795//1439 10796//1439 10797//1439
f 10800//1440 10801//1440 10802//1440
f 10803//1441 10804//1441 10805//1441
f 10814//1442 10815//1442 10816//1442
f 10817//1443 10818//1443 10819//1443
f 10820//1444 10821//1444 10822//1444
f 10823//1445 10824//1445 10825//1445
f 10830//1446 10831//1446 10832//1446
f 10394//1447 10835//1447 10395//1447
f 10852//1448 10853//1448 10854//1448
f 10855//1449 10856//1449 10857//1449
f 10862//1450 10863//1450 10864//1450
f 10865//1451 10866//1451 10867//1451
f 10870//1452 10871//1452 10872//1452
f 10877//1453 10878//1453 10879//1453
f 10888//1454 10889//1454 10890//1454
f 10891//1455 10892//1455 10893//1455
f 10905//1456 10907//1456 10908//1456
f 10909//1457 10910//1457 10911//1457
f 10912//1458 10913//1458 10914//1458
f 10915//1459 10916//1459 10917//1459
f 10918//1460 10919//1460 10920//1460
f 10921//1461 10922//1461 10923//1461
f 10928//1462 10929//1462 10930//1462
f 10931//1463 10934//1463 10935//1463
f 10938//1464 10932//1464 10936//1464
f 10941//1465 10943//1465 10945//1465
f 10949//1466 10950//1466 10951//1466
f 10952//1467 10953//1467 10954//1467
f 10955//1468 10956//1468 10957//1468
f 10971//1469 10972//1469 10973//1469
f 10974//1470 10975//1470 10976//1470
f 10977//1471 10978//1471 10979//1471
f 10942//1472 10988//1472 10944//1472
f 10991//1473 10992//1473 10993//1473
f 10996//1474 10997//1474 10998//1474
f 10999//1475 11000//1475 11001//1475
f 11002//1476 11003//1476 11004//1476
f 11013//1477 11014//1477 11015//1477
f 11016//1478 11017//1478 11018//1478
f 11019//1479 11020//1479 11021//1479
f 11035//1480 11036//1480 11037//1480
f 11038//1481 11039//1481 11040//1481
f 11049//1482 11051//1482 10948//1482
f 11056//1483 11057//1483 11058//1483
f 11059//1484 11060//1484 11061//1484
f 11062//1485 11063//1485 11064//1485
f 11091//1486 11092//1486 11093//1486
f 11094//1487 11095//1487 11096//1487
f 11097//1488 11098//1488 11099//1488
f 11119//1489 11120//1489 11121//1489
f 11127//1490 11128//1490 11129//1490
f 11154//1491 11155//1491 11156//1491
f 11159//1492 11160//1492 11161//1492
f 11168//1493 11169//1493 11170//1493
f 11171//1494 11172//1494 11173//1494
f 11181//1495 11182//1495 11183//1495
f 11186//1496 11187//1496 11179//1496
f 11200//1497 11201//1497 11202//1497
f 11208//1498 11209//1498 11211//1498
f 11214//1499 11215//1499 11216//1499
f 11225//1500 11226//1500 11227//1500
f 11230//1501 11231//1501 11232//1501
f 11239//1502 11210//1502 11207//1502
f 11242//1503 11243//1503 11244//1503
f 11245//1504 11246//1504 11247//1504
f 11248//1505 11249//1505 11250//1505
f 11251//1506 10631//1506 10630//1506
f 11252//1507 11253//1507 11254//1507
f 11255//1508 11256//1508 11257//1508
f 11258//1509 11259//1509 11260//1509
f 11261//1510 11262//1510 11263//1510
f 11264//1511 11265//1511 11266//1511
f 11267//1512 11268//1512 11269//1512
f 11270//1513 11271//1513 11272//1513
f 11277//1514 11278//1514 11279//1514
f 11284//1515 11285//1515 11286//1515
f 11291//1516 11292//1516 11293//1516
f 10663//1517 11294//1517 10665//1517
f 11295//1518 11296//1518 11297//1518
f 11298//1519 11299//1519 11300//1519
f 11303//1520 11304//1520 11305//1520
f 11233//1521 11306//1521 9794//1521
f 11310//1522 11311//1522 11312//1522
f 11317//1523 11318//1523 11319//1523
f 11329//1524 11330//1524 11331//1524
f 11334//1525 11335//1525 11336//1525
f 11337//1526 11338//1526 11339//1526
f 11344//1527 11345//1527 11346//1527
f 11349//1528 11350//1528 11351//1528
f 11354//1529 11355//1529 11356//1529
f 11357//1530 11358//1530 11359//1530
f 11360//1531 11361//1531 11362//1531
f 11377//1532 11378//1532 11379//1532
f 11410//1533 11411//1533 11412//1533
f 11419//1534 11420//1534 11422//1534
f 11423//1535 11424//1535 11425//1535
f 11426//1536 11427//1536 11428//1536
f 11429//1537 11430//1537 11431//1537
f 11432//1538 11433//1538 11434//1538
f 11435//1539 11436//1539 11437//1539
f 11444//1540 11445//1540 11446//1540
f 11449//1541 11450//1541 11451//1541
f 11452//1542 11453//1542 11454//1542
f 11455//1543 11456//1543 11457//1543
f 11458//1544 11459//1544 11460//1544
f 11479//1545 11480//1545 11481//1545
f 11490//1546 11491//1546 11492//1546
f 11493//1547 11494//1547 11495//1547
f 11496//1548 11497//1548 11498//1548
f 11499//1549 11500//1549 11501//1549
f 11502//1550 11503//1550 11504//1550
f 11509//1551 11510//1551 11511//1551
f 11518//1552 11519//1552 11521//1552
f 11532//1553 11533//1553 11534//1553
f 11547//1554 11548//1554 11549//1554
f 11550//1555 11551//1555 11552//1555
f 11553//1556 11554//1556 11555//1556
f 11556//1557 11557//1557 11558//1557
f 11559//1558 11560//1558 11561//1558
f 11562//1559 11563//1559 11564//1559
f 11590//1560 11591//1560 11592//1560
f 11601//1561 11602//1561 11603//1561
f 11608//1562 11609//1562 11610//1562
f 11626//1563 11520//1563 11517//1563
f 11629//1564 11630//1564 11631//1564
f 11414//1565 11632//1565 11416//1565
f 11635//1566 11636//1566 11637//1566
f 11638//1567 11639//1567 11640//1567
f 11641//1568 11642//1568 11643//1568
f 11654//1569 11655//1569 11656//1569
f 11667//1570 11668//1570 11669//1570
f 11676//1571 11677//1571 11678//1571
f 11680//1572 11681//1572 11685//1572
f 11682//1573 11687//1573 11686//1573
f 11688//1574 11689//1574 11684//1574
f 11690//1575 11691//1575 11692//1575
f 11699//1576 11700//1576 11703//1576
f 11704//1577 11705//1577 11706//1577
f 11708//1578 11710//1578 11711//1578
f 11722//1579 11723//1579 11724//1579
f 11725//1580 11726//1580 11727//1580
f 11728//1581 11729//1581 11730//1581
f 11735//1582 11736//1582 11737//1582
f 11738//1583 11739//1583 11740//1583
f 11741//1584 11742//1584 11743//1584
f 11744//1585 11745//1585 11746//1585
f 11767//1586 11768//1586 11769//1586
f 11770//1587 11771//1587 11772//1587
f 11775//1588 11776//1588 11777//1588
f 11792//1589 11793//1589 11794//1589
f 11625//1590 11823//1590 11824//1590
f 11825//1591 11826//1591 11827//1591
f 11843//1592 11846//1592 11848//1592
f 11701//1593 11858//1593 11702//1593
f 11572//1594 11861//1594 11863//1594
f 11864//1595 11865//1595 11866//1595
f 11873//1596 11874//1596 11875//1596
f 11876//1597 11877//1597 11878//1597
f 11879//1598 11880//1598 11881//1598
f 11882//1599 11883//1599 11884//1599
f 11885//1600 11886//1600 11887//1600
f 11888//1601 11889//1601 11890//1601
f 11891//1602 11892//1602 11893//1602
f 11894//1603 11895//1603 11896//1603
f 11897//1604 11898//1604 11899//1604
f 11900//1605 11901//1605 11902//1605
f 11903//1606 11904//1606 11905//1606
f 11916//1607 11917//1607 11918//1607
f 11921//1608 11922//1608 11923//1608
f 11924//1609 11925//1609 11926//1609
f 11927//1610 11924//1610 11926//1610
f 11928//1611 11929//1611 11930//1611
f 11929//1612 11931//1612 11930//1612
f 11934//1613 11935//1613 11937//1613
f 11936//1614 11939//1614 11938//1614
f 11940//1615 11942//1615 11944//1615
f 11946//1616 11941//1616 11943//1616
f 11949//1617 11950//1617 11951//1617
f 11952//1618 11953//1618 11954//1618
f 11955//1619 11956//1619 11957//1619
f 11960//1620 11961//1620 11962//1620
f 11963//1621 11964//1621 11965//1621
f 11970//1622 11972//1622 11050//1622
f 11973//1623 11974//1623 11975//1623
f 11980//1610 11981//1610 11982//1610
f 11983//1463 11971//1463 11969//1463
f 11984//1624 11985//1624 11986//1624
f 11989//1625 11990//1625 11991//1625
f 11992//1626 11993//1626 11994//1626
f 11995//1627 11996//1627 11997//1627
f 12010//1628 12011//1628 12012//1628
f 12013//1629 12014//1629 12017//1629
f 12015//1630 12018//1630 12016//1630
f 12019//1631 12020//1631 12021//1631
f 11845//1632 12047//1632 11847//1632
f 12049//1633 12050//1633 12051//1633
f 12052//1634 12053//1634 12054//1634
f 12059//1635 12060//1635 12063//1635
f 12061//1636 12064//1636 12062//1636
f 12067//1637 12068//1637 12069//1637
f 12072//1638 12073//1638 12074//1638
f 12085//1639 12086//1639 12087//1639
f 12089//1640 12090//1640 12092//1640
f 12101//1641 12102//1641 12103//1641
f 12104//1642 12105//1642 12106//1642
f 12107//1643 12108//1643 12109//1643
f 12124//1644 12125//1644 12126//1644
f 11415//1645 12127//1645 11633//1645
f 12135//1646 12136//1646 12137//1646
f 12146//1647 12147//1647 12148//1647
f 12151//1648 12152//1648 12153//1648
f 12170//1649 12171//1649 12172//1649
f 12177//1650 12178//1650 12179//1650
f 12186//1651 12189//1651 12190//1651
f 12191//1652 11683//1652 11679//1652
f 12192//1653 12193//1653 12194//1653
f 12195//1654 12196//1654 12197//1654
f 12198//1655 12199//1655 12200//1655
f 12213//1656 12216//1656 12217//1656
f 12218//1657 12219//1657 12220//1657
f 12221//1658 12222//1658 12223//1658
f 12247//1659 12248//1659 12249//1659
f 12250//1660 12251//1660 12252//1660
f 12253//1661 12254//1661 12255//1661
f 12257//1662 11854//1662 12116//1662
f 12262//1663 12263//1663 12264//1663
f 11859//1664 12265//1664 11862//1664
f 12267//1665 12268//1665 12269//1665
f 12276//1666 12277//1666 12278//1666
f 12281//1667 12282//1667 12283//1667
f 12302//1668 12303//1668 12304//1668
f 12306//1669 12307//1669 12308//1669
f 12309//1670 12310//1670 12311//1670
f 12339//1671 12340//1671 12341//1671
f 12340//1672 12342//1672 12341//1672
f 11860//1673 12343//1673 12266//1673
f 12344//1674 12345//1674 12346//1674
f 12347//1675 12344//1675 12346//1675
f 12352//1676 12353//1676 12354//1676
f 12357//1677 12358//1677 12359//1677
f 12360//1678 12365//1678 12366//1678
f 12395//1679 12396//1679 12397//1679
f 12398//1680 12401//1680 12402//1680
f 12403//1681 12404//1681 12405//1681
f 12406//1682 12400//1682 12399//1682
f 12409//1683 12410//1683 12412//1683
f 12413//1684 12414//1684 12415//1684
f 12416//1685 12417//1685 12418//1685
f 12427//1686 12428//1686 12429//1686
f 12430//1687 12431//1687 12432//1687
f 12435//1688 12436//1688 12437//1688
f 12439//1689 12441//1689 12442//1689
f 12447//1690 12449//1690 12451//1690
f 12452//1691 12448//1691 12450//1691
f 12462//1692 12464//1692 12466//1692
f 12463//1693 12471//1693 12468//1693
f 12479//1694 12480//1694 12481//1694
f 12362//1695 12484//1695 12364//1695
f 12491//1696 12492//1696 12493//1696
f 12502//1697 12503//1697 12504//1697
f 12509//1698 12510//1698 12511//1698
f 12512//1699 12513//1699 12514//1699
f 12523//1700 12524//1700 12525//1700
f 12526//1701 12527//1701 12528//1701
f 12529//1702 12530//1702 12531//1702
f 12361//1703 12537//1703 12483//1703
f 12541//1704 12542//1704 12543//1704
f 12544//1705 12545//1705 12546//1705
f 12538//1706 12549//1706 12482//1706
f 12438//1707 12551//1707 12440//1707
f 12554//1708 12555//1708 12556//1708
f 12557//1709 12558//1709 12559//1709
f 12534//1710 12582//1710 12550//1710
f 12588//1711 12589//1711 12590//1711
f 12600//1712 12601//1712 12602//1712
f 12610//1713 12615//1713 12613//1713
f 12622//1714 12623//1714 12624//1714
f 12641//1715 12607//1715 12605//1715
f 12660//1716 12662//1716 12664//1716
f 12665//1717 12663//1717 12661//1717
f 12666//1718 12667//1718 12668//1718
f 12669//1719 12670//1719 12671//1719
f 12672//1720 12673//1720 12674//1720
f 12679//1721 12680//1721 12681//1721
f 12682//1722 12683//1722 12684//1722
f 12698//1723 12587//1723 12591//1723
f 12721//1724 12722//1724 12723//1724
f 12726//1725 12727//1725 12728//1725
f 12128//1726 12737//1726 11634//1726
f 12738//1727 12739//1727 12740//1727
f 12741//1728 12742//1728 12743//1728
f 12744//1729 12745//1729 12746//1729
f 12749//1730 12750//1730 12751//1730
f 12755//1731 12756//1731 12757//1731
f 12810//1732 12811//1732 12812//1732
f 12819//1733 12820//1733 12821//1733
f 12826//1734 12827//1734 12828//1734
f 12837//1735 12838//1735 12839//1735
f 12842//1736 12843//1736 12844//1736
f 12536//1737 12846//1737 12581//1737
f 12861//1738 12862//1738 12863//1738
f 12878//1739 12879//1739 12880//1739
f 12911//1740 12188//1740 12187//1740
f 12912//1741 12913//1741 12914//1741
f 12929//1742 12930//1742 12931//1742
f 12940//1743 12941//1743 12942//1743
f 12943//1744 12944//1744 12945//1744
f 12948//1745 12949//1745 12950//1745
f 12965//1746 12966//1746 12967//1746
f 13021//1747 13022//1747 13023//1747
f 13026//1748 13027//1748 13028//1748
f 13034//1749 12717//1749 12714//1749
f 13043//1750 13044//1750 13045//1750
f 13062//1751 13063//1751 13064//1751
f 13065//1752 13066//1752 13067//1752
f 13069//1753 13070//1753 13072//1753
f 13073//1754 13074//1754 13075//1754
f 13068//1755 13076//1755 13071//1755
f 13089//1756 13090//1756 13091//1756
f 13092//1757 13093//1757 13094//1757
f 13097//1758 13098//1758 13099//1758
f 13100//1759 13101//1759 13102//1759
f 13118//1760 13119//1760 13120//1760
f 12970//1761 13132//1761 12845//1761
f 13134//1762 13135//1762 13136//1762
f 13137//1763 13138//1763 13139//1763
f 13162//1764 13163//1764 13164//1764
f 13175//1765 13176//1765 13177//1765
f 13208//1766 13209//1766 13210//1766
f 13211//1767 13212//1767 13213//1767
f 13219//1768 13215//1768 13218//1768
f 13221//1769 13223//1769 13224//1769
f 13225//1770 13227//1770 13228//1770
f 13226//1771 13234//1771 13231//1771
f 13233//1772 13236//1772 13229//1772
f 13220//1773 13239//1773 13222//1773
f 13240//1774 13241//1774 13242//1774
f 13249//1775 13250//1775 13251//1775
f 13266//1776 13267//1776 13268//1776
f 13272//1777 13131//1777 12536//1777
f 13274//1778 13275//1778 13276//1778
f 13283//1779 13284//1779 13285//1779
f 13286//1780 13287//1780 13288//1780
f 13293//1781 13294//1781 13295//1781
f 13298//1782 13299//1782 13300//1782
f 13303//1783 13304//1783 13305//1783
f 13326//1784 13328//1784 13330//1784
f 13333//1785 13334//1785 13335//1785
f 13340//1786 13341//1786 13342//1786
f 13357//1787 13273//1787 13359//1787
f 13358//1695 13133//1695 13271//1695
f 13362//1788 13363//1788 13364//1788
f 13369//1789 13370//1789 13371//1789
f 13374//1790 13377//1790 13379//1790
f 13376//1791 13380//1791 13378//1791
f 13388//1792 13389//1792 13390//1792
f 13396//1793 13397//1793 13399//1793
f 13400//1794 13395//1794 13398//1794
f 13401//1795 13403//1795 13404//1795
f 13406//1796 13402//1796 13405//1796
f 13423//1797 13427//1797 12184//1797
f 13425//1798 12910//1798 12185//1798
f 13428//1799 13429//1799 13430//1799
f 13431//1800 13432//1800 13433//1800
f 13440//1801 13441//1801 13442//1801
f 13461//1802 13462//1802 13463//1802
f 13466//1803 13467//1803 13468//1803
f 13473//1804 13474//1804 13475//1804
f 13488//1805 13489//1805 13490//1805
f 13491//1806 13492//1806 13493//1806
f 13494//1807 13495//1807 13496//1807
f 13497//1808 13498//1808 13499//1808
f 13512//1809 13513//1809 13514//1809
f 13515//1810 13516//1810 13517//1810
f 13524//1811 13525//1811 13526//1811
f 13235//1812 13533//1812 13232//1812
f 13532//1813 13424//1813 13230//1813
f 13535//1814 13536//1814 13537//1814
f 13538//1815 13539//1815 13540//1815
f 13567//1816 13568//1816 13569//1816
f 13506//1817 13570//1817 13509//1817
f 13586//1818 12300//1818 12305//1818
f 13594//1819 13596//1819 12411//1819
f 13631//1820 13632//1820 13633//1820
f 13634//1821 13635//1821 13636//1821
f 13534//1822 13640//1822 13421//1822
f 13639//1823 13426//1823 13422//1823
f 13641//1824 13642//1824 13643//1824
f 13654//1825 13655//1825 13656//1825
f 13691//1826 13692//1826 13693//1826
f 13694//1827 13695//1827 13696//1827
f 13697//1828 13700//1828 13702//1828
f 13699//1829 13704//1829 13701//1829
f 13712//1830 13713//1830 13714//1830
f 13715//1831 13716//1831 13717//1831
f 13718//1832 13719//1832 13720//1832
f 13729//1833 13731//1833 13732//1833
f 13776//1834 13777//1834 13778//1834
f 13781//1835 13782//1835 13783//1835
f 13784//1836 13785//1836 13786//1836
f 13801//1837 13802//1837 13805//1837
f 13820//1838 13821//1838 13822//1838
f 13840//1839 13831//1839 13842//1839
f 13848//1840 13849//1840 13850//1840
f 13851//1841 13852//1841 13853//1841
f 13839//1842 13703//1842 13832//1842
f 13868//1843 13869//1843 13870//1843
f 13871//1844 13872//1844 13873//1844
f 13882//1845 13883//1845 13884//1845
f 13895//1846 13896//1846 13897//1846
f 13898//1847 13308//1847 13307//1847
f 13903//1848 13904//1848 13905//1848
f 13928//1849 13929//1849 13930//1849
f 13937//1850 13938//1850 13940//1850
f 13585//1851 13948//1851 12301//1851
f 13961//1852 13033//1852 12715//1852
f 13962//1853 13965//1853 13967//1853
f 13968//1854 13963//1854 13966//1854
f 13969//1855 13970//1855 13971//1855
f 13972//1856 13973//1856 13964//1856
f 13974//1857 13975//1857 13976//1857
f 13977//1858 13978//1858 13979//1858
f 13980//1859 13981//1859 13982//1859
f 13987//1860 13988//1860 13989//1860
f 13997//1861 13998//1861 13993//1861
f 13992//1862 13996//1862 13995//1862
f 14000//1863 14002//1863 14003//1863
f 14004//1864 14005//1864 14006//1864
f 14009//1865 14010//1865 14011//1865
f 14027//1866 14028//1866 14030//1866
f 14037//1867 14038//1867 14039//1867
f 14056//1868 14057//1868 14059//1868
f 14065//1869 14066//1869 14067//1869
f 14150//1870 14151//1870 14152//1870
f 14153//1871 14154//1871 14155//1871
f 14237//1872 14238//1872 14239//1872
f 14249//1873 14250//1873 14251//1873
f 14254//1874 14255//1874 14257//1874
f 14330//1875 14332//1875 14333//1875
f 13999//1876 14336//1876 14001//1876
f 14344//1877 14345//1877 14346//1877
f 14369//1878 14370//1878 14371//1878
f 13803//1879 14396//1879 13804//1879
f 14058//1880 14425//1880 14060//1880
f 14428//1881 14429//1881 14430//1881
f 14431//1882 14432//1882 14433//1882
f 14456//1883 14457//1883 14458//1883
f 14247//1884 14490//1884 14491//1884
f 14528//1885 14529//1885 14530//1885
f 14569//1886 14570//1886 14571//1886
f 14594//1887 14595//1887 14596//1887
f 14613//1888 14614//1888 14615//1888
f 14680//1889 14681//1889 14682//1889
f 14685//1890 14686//1890 14687//1890
f 14688//1891 14689//1891 14256//1891
f 14716//1892 14717//1892 14718//1892
f 14719//1893 14720//1893 14721//1893
f 14723//1894 14724//1894 14726//1894
f 14727//1895 14728//1895 14729//1895
f 14742//1896 14743//1896 14744//1896
f 14819//1897 14820//1897 14821//1897
f 14842//1898 14843//1898 14844//1898
f 14851//1899 14852//1899 14853//1899
f 14878//1900 14879//1900 14880//1900
f 14883//1901 14884//1901 14885//1901
f 14026//1902 14952//1902 14029//1902
f 14956//1903 14957//1903 14959//1903
f 14974//1904 14975//1904 14976//1904
f 14981//1905 14983//1905 14982//1905
f 14984//1906 14985//1906 14986//1906
f 14991//1907 14992//1907 14993//1907
f 14994//1908 14995//1908 14996//1908
f 15003//1909 15004//1909 15005//1909
f 15068//1910 15069//1910 15070//1910
f 15071//1911 15072//1911 15073//1911
f 15120//1912 15123//1912 15127//1912
f 15124//1913 15128//1913 15126//1913
f 15130//1914 15125//1914 15122//1914
f 15131//1915 15132//1915 15133//1915
f 15136//1916 15129//1916 15121//1916
f 15151//1917 15152//1917 15153//1917
f 15154//1918 15155//1918 15156//1918
f 15271//1919 15272//1919 15274//1919
f 15280//1920 15281//1920 15282//1920
f 15321//1921 14955//1921 14958//1921
f 15322//1922 15323//1922 15324//1922
f 15325//1923 15326//1923 15327//1923
f 15336//1924 15337//1924 15338//1924
f 15341//1925 15342//1925 15343//1925
f 15344//1926 15345//1926 15346//1926
f 15353//1927 15354//1927 15355//1927
f 15366//1928 15367//1928 15368//1928
f 15273//1929 15381//1929 15275//1929
f 15382//1930 15383//1930 15384//1930
f 15393//1931 15394//1931 15395//1931
f 15404//1932 15405//1932 15406//1932
f 15409//1933 15410//1933 15411//1933
f 15412//1934 15413//1934 15414//1934
f 15415//1935 15416//1935 15417//1935
f 15424//1936 15425//1936 15426//1936
f 15427//1937 15428//1937 15429//1937
f 15466//1938 15467//1938 15468//1938
f 15475//1939 15476//1939 15477//1939
f 15489//1940 15490//1940 15491//1940
f 15508//1941 15509//1941 15510//1941
f 15511//1942 15512//1942 15513//1942
f 15514//1943 15515//1943 15516//1943
f 15529//1944 15530//1944 15531//1944
f 15544//1945 15545//1945 15546//1945
f 15551//1946 15552//1946 15553//1946
f 15556//1947 15557//1947 15558//1947
f 15561//1948 15562//1948 15563//1948
f 15568//1949 15569//1949 15570//1949
f 15611//1950 15612//1950 15613//1950
f 15654//1951 15655//1951 15656//1951
f 15657//1952 15658//1952 15659//1952
f 15723//1953 15724//1953 15725//1953
f 15740//1954 15741//1954 15742//1954
f 15760//1955 15761//1955 15762//1955
f 15765//1956 15766//1956 15767//1956
f 15769//1957 15770//1957 15771//1957
f 15784//1958 15785//1958 15786//1958
f 15821//1959 15822//1959 15823//1959
f 15826//1960 15827//1960 15828//1960
f 15839//1961 15840//1961 15841//1961
f 15861//1962 15862//1962 15863//1962
f 15876//1963 15877//1963 15878//1963
f 15879//1964 15880//1964 15881//1964
f 15882//1965 15883//1965 15884//1965
f 15891//1966 15892//1966 15893//1966
f 15901//1967 15902//1967 15903//1967
f 15904//1968 15905//1968 15906//1968
f 15909//1969 15910//1969 15911//1969
f 15920//1970 15921//1970 15922//1970
f 15923//1971 15924//1971 15925//1971
f 15929//1972 15930//1972 15931//1972
f 15942//1973 15943//1973 15944//1973
f 15967//1974 15968//1974 15969//1974
f 15978//1975 15979//1975 15980//1975
f 16001//1976 16002//1976 16003//1976
f 15615//1977 15793//1977 14966//1977
f 16034//1978 16035//1978 16036//1978
f 16037//1979 16038//1979 16039//1979
f 16048//1980 16049//1980 16050//1980
f 16053//1981 16054//1981 16055//1981
f 16096//1982 16097//1982 16098//1982
f 16103//1983 16104//1983 16105//1983
l 43 44
l 59 60
l 86 87
l 102 103
l 122 123
l 160 161
l 223 224
l 259 262
l 301 302
l 337 339
l 342 343
l 358 359
l 378 379
l 414 415
l 430 431
l 512 513
l 533 534
l 553 554
l 559 560
l 676 677
l 693 694
l 709 710
l 716 717
l 732 733
l 748 749
l 765 766
l 782 783
l 814 815
l 830 831
l 846 847
l 858 861
l 875 876
l 913 917
l 949 950
l 971 972
l 991 992
l 1023 1024
l 1037 1039
l 1064 1065
l 1083 1084
l 1103 1104
l 1161 1162
l 1187 1190
l 1242 1243
l 1335 1336
l 1352 1353
l 1370 1371
l 1388 1389
l 1410 1411
l 1436 1437
l 1341 1448
l 1455 1456
l 1485 1486
l 1498 1499
l 1519 1520
l 1561 1562
l 1579 1580
l 1595 1596
l 1606 1607
l 1625 1626
l 1668 1669
l 1691 1692
l 1708 1709
l 1726 1730
l 1732 1733
l 1744 1745
l 1760 1761
l 1793 1794
l 1804 1805
l 1830 1831
l 1846 1847
l 1862 1863
l 1890 1891
l 1906 1907
l 1916 1917
l 1943 1944
l 1959 1960
l 1975 1978
l 1991 1992
l 2016 2017
l 2073 2074
l 2079 2080
l 2096 2097
l 2061 2063
l 2131 2132
l 2120 2122
l 2136 2137
l 2146 2147
l 1715 2150
l 2151 2152
l 2162 2163
l 2180 2181
l 2196 2197
l 2201 2202
l 2218 2219
l 2240 2241
l 2223 2249
l 2067 2260
l 2273 2274
l 2278 2279
l 2294 2296
l 2316 2318
l 2347 2348
l 2362 2365
l 2386 2387
l 2392 2393
l 2415 2418
l 2420 2422
l 2439 2440
l 2368 2457
l 2480 2481
l 2515 2516
l 2534 2535
l 2550 2551
l 2570 2571
l 2647 2648
l 2682 2683
l 2740 2741
l 2762 2765
l 2848 2849
l 2867 2868
l 2884 2885
l 2972 2973
l 3005 3006
l 3148 3149
l 3167 3168
l 3189 3190
l 3221 3222
l 3261 3262
l 3273 3274
l 3280 3281
l 3297 3298
l 3372 3373
l 3389 3390
l 3408 3409
l 3432 3433
l 3488 3489
l 3518 3519
l 3585 3586
l 3570 3574
l 3595 3596
l 3618 3619
l 3628 3629
l 3650 3651
l 3666 3667
l 3682 3683
l 3698 3699
l 3722 3723
l 3734 3735
l 3754 3755
l 3772 3773
l 3797 3798
l 3869 3870
l 3910 3911
l 3692 3695
l 3932 3933
l 3995 3996
l 4021 4024
l 4027 4028
l 4048 4049
l 4065 4066
l 4108 4109
l 4128 4129
l 4148 4149
l 4193 4194
l 4211 4212
l 3338 3980
l 4226 4228
l 4238 4239
l 4249 4250
l 4261 4263
l 4288 4289
l 3856 4295
l 3810 3812
l 4311 4312
l 4328 4329
l 4347 4348
l 4404 4405
l 4492 4493
l 4511 4512
l 4528 4529
l 4540 4541
l 4547 4549
l 4583 4584
l 4671 4672
l 4736 4737
l 4790 4791
l 4824 4826
l 4869 4870
l 4885 4886
l 4914 4915
l 4967 4968
l 4987 4988
l 5005 5006
l 5045 5046
l 5081 5082
l 5098 5099
l 5115 5116
l 5164 5165
l 5182 5183
l 5273 5274
l 5284 5285
l 5297 5302
l 5356 5357
l 5386 5387
l 5410 5411
l 5429 5430
l 5458 5459
l 5511 5512
l 5528 5529
l 5545 5546
l 4726 5557
l 5571 5572
l 5600 5601
l 5619 5620
l 5635 5636
l 5647 5648
l 5657 5658
l 5680 5681
l 5696 5697
l 5712 5713
l 5730 5731
l 5585 5587
l 5781 5782
l 5794 5795
l 5810 5811
l 5827 5828
l 5881 5882
l 5903 5904
l 5924 5925
l 5942 5943
l 5969 5970
l 5982 5983
l 5988 5990
l 6001 6002
l 6019 6020
l 6064 6065
l 6082 6083
l 6102 6103
l 6146 6147
l 6163 6164
l 6192 6193
l 6215 6216
l 6232 6233
l 6251 6252
l 6276 6277
l 6289 6290
l 6301 6302
l 6324 6325
l 6386 6387
l 6410 6411
l 6444 6445
l 3981 6459
l 6482 6483
l 6498 6499
l 6516 6517
l 6533 6534
l 6550 6551
l 6585 6586
l 6604 6605
l 6621 6622
l 6616 6654
l 6657 6658
l 6673 6674
l 6689 6690
l 6694 6695
l 6727 6728
l 6745 6746
l 6761 6762
l 6777 6778
l 6812 6813
l 6840 6841
l 6856 6857
l 6867 6868
l 6883 6884
l 6900 6901
l 6917 6918
l 6933 6934
l 6959 6960
l 6990 6991
l 6995 6996
l 7102 7103
l 7119 7120
l 7136 7137
l 7167 7168
l 7209 7210
l 7225 7226
l 7276 7277
l 7292 7293
l 7343 7344
l 7361 7362
l 7377 7378
l 7412 7413
l 7499 7500
l 7534 7536
l 7551 7552
l 7576 7577
l 7593 7594
l 7612 7613
l 7631 7632
l 7649 7650
l 7685 7686
l 7710 7711
l 7736 7737
l 7754 7755
l 7773 7774
l 7790 7791
l 7851 7852
l 7856 7857
l 7862 7863
l 6766 7729
l 7890 7891
l 7913 7914
l 7933 7934
l 7951 7952
l 7966 7968
l 7993 7994
l 8007 8008
l 8039 8040
l 8076 8077
l 8104 8105
l 8116 8117
l 8133 8134
l 8181 8182
l 8219 8220
l 8240 8241
l 8263 8264
l 8235 8267
l 8285 8286
l 8316 8317
l 8333 8334
l 8349 8350
l 8356 8357
l 8374 8375
l 8390 8391
l 8409 8410
l 8427 8428
l 8471 8472
l 8490 8491
l 8521 8522
l 8596 8597
l 8669 8670
l 8692 8693
l 8745 8746
l 8763 8764
l 8780 8781
l 8786 8787
l 8802 8803
l 8820 8821
l 8825 8826
l 8837 8838
l 8842 8843
l 8869 8870
l 8989 8990
l 9017 9018
l 9037 9038
l 9068 9069
l 9086 9087
l 9111 9112
l 9157 9158
l 9170 9172
l 9188 9189
l 9199 9200
l 9221 9222
l 9260 9261
l 9245 9271
l 9272 9273
l 9289 9290
l 9313 9314
l 9341 9342
l 9377 9378
l 9437 9438
l 9473 9474
l 8507 9167
l 9497 9498
l 9515 9516
l 9658 9659
l 9676 9677
l 9692 9693
l 9728 9729
l 9751 9752
l 9767 9768
l 9772 9773
l 9800 9801
l 9817 9818
l 9896 9897
l 9554 9556
l 9908 9909
l 9927 9928
l 10008 10009
l 10101 10102
l 10127 10128
l 10143 10144
l 10159 10160
l 10179 10180
l 10195 10196
l 10219 10220
l 10248 10249
l 10273 10274
l 10339 10340
l 10411 10412
l 10462 10463
l 10479 10480
l 10498 10499
l 10515 10516
l 10543 10544
l 10578 10579
l 10614 10615
l 10673 10674
l 10689 10690
l 10705 10706
l 10721 10722
l 10751 10752
l 10744 10746
l 10767 10768
l 10806 10807
l 10826 10827
l 10838 10839
l 10875 10876
l 10894 10895
l 10980 10981
l 11025 11026
l 11043 11044
l 11079 11080
l 11132 11133
l 11148 11149
l 11166 11167
l 11203 11204
l 11228 11229
l 11235 11236
l 11369 11370
l 11386 11387
l 11402 11403
l 11442 11443
l 11463 11464
l 11537 11538
l 11586 11587
l 11604 11605
l 11621 11622
l 11627 11628
l 11648 11649
l 11665 11666
l 11693 11694
l 11747 11748
l 11763 11764
l 11782 11783
l 11815 11816
l 10292 11828
l 11919 11920
l 12022 12023
l 12038 12039
l 12081 12082
l 12099 12100
l 12118 12119
l 12131 12132
l 12160 12161
l 10618 12182
l 12205 12206
l 12235 12236
l 12279 12280
l 12296 12297
l 12316 12317
l 12334 12335
l 12393 12394
l 12467 12472
l 12485 12486
l 12521 12522
l 12563 12564
l 12579 12580
l 12585 12586
l 12592 12593
l 12612 12619
l 12604 12637
l 12639 12640
l 12644 12645
l 12694 12695
l 12699 12700
l 12710 12711
l 12716 12718
l 12729 12730
l 12705 12752
l 12766 12767
l 12782 12783
l 12798 12799
l 12815 12816
l 12833 12834
l 12857 12858
l 12874 12877
l 12881 12882
l 12886 12887
l 12902 12903
l 12925 12926
l 12961 12962
l 12977 12978
l 12988 12989
l 13009 13010
l 13050 13051
l 13087 13088
l 13107 13108
l 13129 13130
l 13148 13149
l 13165 13166
l 13182 13183
l 13198 13199
l 13252 13253
l 13269 13270
l 13289 13290
l 13314 13315
l 13338 13339
l 13355 13356
l 13419 13420
l 13445 13446
l 13480 13481
l 13500 13501
l 13549 13550
l 13565 13566
l 13577 13578
l 13611 13612
l 13627 13628
l 13652 13653
l 13669 13670
l 13685 13686
l 13706 13707
l 13742 13743
l 13730 13733
l 13758 13759
l 13768 13769
l 13787 13788
l 13810 13811
l 13827 13828
l 13698 13705
l 13844 13845
l 13862 13863
l 13880 13881
l 13910 13911
l 13926 13927
l 13949 13950
l 13983 13984
l 14022 14023
l 14046 14047
l 14070 14071
l 14092 14093
l 14102 14103
l 14118 14119
l 14134 14135
l 14168 14169
l 14173 14174
l 14184 14185
l 14200 14201
l 14216 14217
l 14227 14228
l 14244 14245
l 14273 14274
l 14289 14290
l 14305 14306
l 14327 14328
l 14334 14335
l 14340 14341
l 14357 14358
l 14363 14364
l 14374 14375
l 14390 14391
l 14401 14402
l 14417 14418
l 14440 14441
l 14462 14463
l 14467 14468
l 14478 14480
l 14533 14534
l 14549 14550
l 14565 14566
l 14582 14583
l 14599 14600
l 14609 14610
l 14626 14627
l 14642 14643
l 14658 14659
l 14674 14675
l 14708 14709
l 14734 14735
l 14751 14752
l 14767 14768
l 14783 14784
l 14799 14800
l 14815 14816
l 14832 14833
l 14849 14850
l 14866 14867
l 14876 14877
l 14894 14895
l 14910 14911
l 14926 14927
l 14942 14943
l 14953 14954
l 14960 14961
l 14977 14978
l 14997 14998
l 15014 15015
l 15030 15031
l 15046 15047
l 15062 15063
l 15080 15081
l 15096 15097
l 15112 15113
l 15149 15150
l 15167 15168
l 15183 15184
l 15215 15216
l 15231 15232
l 15247 15248
l 15263 15264
l 15287 15288
l 15303 15304
l 15319 15320
l 15332 15333
l 15351 15352
l 15369 15370
l 15398 15399
l 15418 15419
l 15436 15437
l 15452 15453
l 15469 15470
l 15492 15493
l 15527 15528
l 15564 15565
l 15581 15582
l 15597 15598
l 15626 15627
l 15642 15643
l 15660 15661
l 15676 15677
l 15687 15688
l 15697 15698
l 15713 15714
l 15730 15731
l 15747 15748
l 15758 15759
l 15782 15783
l 15799 15800
l 15815 15816
l 15833 15834
l 15851 15852
l 15868 15869
l 15887 15888
l 15947 15948
l 15963 15964
l 15981 15982
l 15997 15998
l 16008 16009
l 16024 16025
l 16042 16043
l 16060 16061
l 16076 16077
l 16092 16093
l 16110 16111
l 33 34
l 49 50
l 65 66
l 76 77
l 92 93
l 110 111
l 128 129
l 167 168
l 211 212
l 229 230
l 248 249
l 307 308
l 325 326
l 332 333
l 348 349
l 365 366
l 384 385
l 403 404
l 420 421
l 480 481
l 519 520
l 541 542
l 621 622
l 648 649
l 699 700
l 722 723
l 738 739
l 754 755
l 772 773
l 789 790
l 801 802
l 820 821
l 836 837
l 926 927
l 914 923
l 955 956
l 978 979
l 1129 1130
l 1167 1168
l 1208 1209
l 1248 1249
l 1292 1293
l 1305 1306
l 1329 1330
l 1377 1378
l 1394 1395
l 1399 1400
l 1342 1445
l 1475 1476
l 1504 1505
l 1509 1510
l 1574 1575
l 1585 1586
l 1612 1613
l 1657 1658
l 1638 1641
l 1681 1682
l 1697 1698
l 1492 1713
l 1750 1751
l 1645 1755
l 1766 1767
l 1777 1778
l 1799 1800
l 1836 1837
l 1852 1853
l 1880 1881
l 1896 1897
l 1912 1913
l 1922 1923
l 1933 1934
l 1949 1950
l 1965 1966
l 1976 1977
l 2005 2006
l 2022 2023
l 2056 2057
l 2102 2103
l 2114 2115
l 2157 2158
l 1998 2032
l 2168 2169
l 2186 2187
l 1739 2200
l 2207 2208
l 2224 2226
l 2230 2231
l 2258 2259
l 2284 2285
l 2299 2300
l 2311 2312
l 2328 2329
l 2352 2353
l 2369 2370
l 2363 2364
l 2435 2436
l 2369 2437
l 2462 2463
l 2467 2468
l 2317 2319
l 2451 2455
l 2486 2487
l 2511 2512
l 2522 2523
l 2540 2541
l 2612 2628
l 2706 2707
l 2776 2777
l 2733 2742
l 2820 2821
l 2837 2838
l 2855 2856
l 2873 2874
l 2890 2891
l 2910 2911
l 2927 2928
l 2947 2948
l 3013 3014
l 2814 3046
l 3078 3079
l 3138 3139
l 3173 3174
l 3228 3229
l 3269 3270
l 3286 3287
l 3379 3380
l 3395 3396
l 3421 3422
l 3494 3496
l 3531 3532
l 3543 3544
l 3560 3561
l 3624 3625
l 3634 3636
l 3640 3641
l 3656 3657
l 3672 3673
l 3688 3689
l 3693 3694
l 3704 3705
l 3760 3761
l 3811 3813
l 3851 3852
l 3899 3900
l 3920 3921
l 3339 3979
l 4114 4115
l 4135 4136
l 4156 4157
l 4182 4183
l 4216 4217
l 4227 4229
l 4233 4234
l 4256 4257
l 4276 4277
l 4300 4301
l 4394 4395
l 4419 4420
l 4460 4461
l 4518 4519
l 4553 4554
l 4597 4598
l 4721 4722
l 4742 4743
l 4796 4797
l 4812 4814
l 4818 4821
l 4825 4827
l 4875 4876
l 4891 4892
l 4904 4905
l 4922 4923
l 4950 4951
l 5069 5070
l 5087 5088
l 5154 5155
l 5170 5171
l 5224 5225
l 5238 5239
l 5263 5264
l 5279 5280
l 5311 5312
l 5362 5363
l 5374 5375
l 5392 5393
l 5417 5420
l 5436 5437
l 5447 5448
l 5494 5495
l 5506 5507
l 5517 5518
l 5534 5535
l 5607 5608
l 5625 5626
l 5653 5654
l 5663 5664
l 5686 5687
l 5702 5703
l 5750 5751
l 5768 5769
l 5800 5801
l 5816 5817
l 5833 5834
l 5851 5852
l 5868 5869
l 5930 5931
l 5959 5960
l 6009 6010
l 3791 3806
l 6070 6071
l 6108 6109
l 6169 6170
l 6181 6182
l 6205 6206
l 6221 6222
l 6238 6239
l 6283 6284
l 6308 6309
l 6313 6314
l 6331 6332
l 6400 6401
l 6416 6417
l 6488 6489
l 6504 6505
l 6523 6524
l 6539 6540
l 6593 6594
l 6610 6611
l 6627 6628
l 6632 6633
l 6663 6664
l 6679 6680
l 6700 6701
l 6617 6653
l 6716 6717
l 6751 6752
l 6767 6768
l 6802 6803
l 6823 6824
l 6829 6830
l 6846 6847
l 6873 6874
l 6889 6890
l 6906 6907
l 6923 6924
l 6966 6967
l 6985 6986
l 7071 7072
l 7108 7109
l 7125 7126
l 7142 7143
l 7172 7173
l 7191 7192
l 7198 7199
l 7215 7216
l 7231 7232
l 7282 7283
l 7298 7302
l 7316 7317
l 7332 7333
l 7367 7368
l 7383 7384
l 7401 7402
l 7418 7419
l 7435 7436
l 7461 7462
l 7505 7506
l 7524 7525
l 7535 7537
l 7540 7541
l 7565 7566
l 7582 7583
l 7644 7645
l 7663 7664
l 7674 7675
l 7692 7693
l 7717 7718
l 7742 7743
l 7779 7780
l 7796 7797
l 7837 7838
l 7868 7869
l 7896 7897
l 7940 7941
l 7980 7981
l 8013 8014
l 8027 8028
l 8060 8061
l 8082 8083
l 7474 7714
l 8123 8124
l 8140 8141
l 8158 8159
l 8209 8210
l 8225 8226
l 8236 8237
l 8253 8254
l 8291 8292
l 8302 8303
l 8323 8324
l 8339 8340
l 8380 8381
l 8396 8397
l 8415 8416
l 8433 8434
l 8478 8479
l 8496 8497
l 8582 8583
l 8675 8676
l 8700 8701
l 8706 8707
l 8751 8752
l 8770 8771
l 8792 8793
l 8808 8809
l 8934 8935
l 8979 8980
l 8995 8997
l 9043 9044
l 9074 9075
l 9099 9100
l 8686 8687
l 8875 8878
l 7731 9181
l 9171 9173
l 9227 9228
l 9250 9251
l 9266 9267
l 9278 9279
l 9295 9296
l 9324 9325
l 9347 9348
l 9367 9368
l 9383 9384
l 9461 9462
l 9479 9480
l 9504 9505
l 9543 9544
l 9555 9558
l 9560 9561
l 9606 9607
l 9632 9633
l 9642 9643
l 9664 9665
l 9682 9683
l 9698 9699
l 9735 9736
l 9741 9742
l 9757 9758
l 9778 9779
l 9842 9843
l 9860 9861
l 9916 9917
l 9618 9621
l 9978 9979
l 9991 9992
l 9996 9997
l 10014 10015
l 10048 10049
l 10116 10117
l 10133 10134
l 10149 10150
l 10185 10186
l 10225 10226
l 10238 10239
l 10262 10263
l 10299 10300
l 10325 10326
l 10360 10361
l 10418 10419
l 10279 10429
l 10436 10437
l 10468 10469
l 10487 10488
l 10504 10505
l 10549 10550
l 10567 10568
l 10585 10586
l 10602 10603
l 10679 10680
l 10695 10696
l 10711 10712
l 10728 10729
l 10739 10740
l 10763 10764
l 10773 10774
l 10793 10794
l 10812 10813
l 10833 10834
l 10844 10845
l 10882 10883
l 10900 10902
l 10962 10963
l 10967 10968
l 10986 10987
l 11031 11032
l 11069 11070
l 11085 11086
l 11104 11105
l 11138 11139
l 11174 11175
l 11192 11193
l 11217 11218
l 11273 11274
l 11375 11376
l 11392 11393
l 11408 11409
l 11469 11470
l 11486 11487
l 11507 11508
l 10906 11516
l 11526 11527
l 11543 11544
l 11565 11566
l 11576 11577
l 11593 11594
l 11611 11612
l 11672 11673
l 11714 11715
l 11733 11734
l 11753 11754
l 11788 11789
l 11805 11806
l 11821 11822
l 11833 11834
l 11851 11852
l 11871 11872
l 11707 11709
l 11908 11909
l 11947 11948
l 12008 12009
l 12002 12005
l 12070 12071
l 12088 12091
l 12138 12141
l 12149 12150
l 12173 12174
l 10619 12183
l 12211 12212
l 12241 12242
l 12260 12261
l 12286 12287
l 12367 12368
l 12372 12373
l 12383 12384
l 12455 12456
l 12473 12474
l 12044 12560
l 12569 12570
l 12598 12599
l 12629 12630
l 12650 12651
l 12689 12690
l 11844 12048
l 12735 12736
l 12772 12773
l 12788 12789
l 12804 12805
l 12822 12823
l 12840 12841
l 12847 12848
l 12864 12865
l 12892 12893
l 12908 12909
l 12915 12916
l 12932 12933
l 12951 12952
l 12968 12969
l 12973 12974
l 12875 12876
l 12983 12984
l 12994 12995
l 12999 13000
l 13015 13016
l 13039 13040
l 13056 13057
l 13077 13078
l 13095 13096
l 13113 13114
l 13154 13155
l 13171 13172
l 13188 13189
l 13204 13205
l 13258 13259
l 13277 13278
l 13296 13297
l 13320 13321
l 13345 13346
l 13409 13410
l 13434 13435
l 13451 13452
l 13469 13470
l 13486 13487
l 13375 13531
l 13555 13556
l 13583 13584
l 13589 13590
l 13601 13602
l 13617 13618
l 13659 13660
l 13675 13676
l 13725 13726
l 13754 13755
l 13774 13775
l 13793 13794
l 13816 13817
l 13833 13834
l 13887 13888
l 13899 13900
l 13916 13917
l 13933 13934
l 13939 13941
l 13944 13945
l 13955 13956
l 13990 13994
l 14012 14013
l 14035 14036
l 14052 14053
l 14076 14077
l 14108 14109
l 14124 14125
l 14140 14141
l 14158 14159
l 14190 14191
l 14206 14207
l 14222 14223
l 14233 14234
l 14258 14259
l 14263 14264
l 14279 14280
l 14295 14296
l 14311 14312
l 14317 14318
l 14347 14348
l 14380 14381
l 14407 14408
l 14446 14447
l 14473 14474
l 14484 14485
l 14501 14502
l 14517 14518
l 14539 14540
l 14555 14556
l 14572 14573
l 14588 14589
l 14616 14619
l 14632 14633
l 14648 14649
l 14664 14665
l 14698 14699
l 14714 14715
l 14740 14741
l 14757 14758
l 14773 14774
l 14789 14790
l 14805 14806
l 14822 14823
l 14838 14839
l 14856 14857
l 14900 14901
l 14916 14917
l 14932 14933
l 14948 14949
l 15020 15021
l 15036 15037
l 15052 15053
l 15086 15087
l 15102 15103
l 15118 15119
l 15139 15140
l 15157 15158
l 15173 15174
l 15189 15190
l 15205 15206
l 15221 15222
l 15237 15238
l 15253 15254
l 15269 15270
l 15276 15277
l 15293 15294
l 15309 15310
l 15339 15340
l 15358 15359
l 15375 15376
l 15387 15388
l 15442 15443
l 15458 15459
l 15481 15482
l 15498 15499
l 15517 15518
l 15534 15535
l 15571 15572
l 15587 15588
l 15603 15604
l 15632 15633
l 15648 15649
l 15666 15667
l 15682 15683
l 15703 15704
l 15719 15720
l 15736 15737
l 15772 15773
l 15789 15790
l 15805 15806
l 15857 15858
l 15874 15875
l 15894 15895
l 15912 15913
l 15936 15937
l 15953 15954
l 15970 15971
l 15987 15988
l 16004 16005
l 16014 16015
l 16030 16031
l 16066 16067
l 16082 16083
l 16099 16100
l 16116 16117
l 39 40
l 55 56
l 71 72
l 82 83
l 98 99
l 235 236
l 297 298
l 354 355
l 390 391
l 426 427
l 446 447
l 507 508
l 549 550
l 634 635
l 654 655
l 672 673
l 689 690
l 705 706
l 728 729
l 744 745
l 778 779
l 826 827
l 842 843
l 866 867
l 871 872
l 915 925
l 940 941
l 945 946
l 961 962
l 999 1000
l 1078 1080
l 1099 1100
l 1110 1111
l 1135 1136
l 1142 1143
l 1175 1176
l 1216 1217
l 1275 1276
l 1280 1281
l 1286 1287
l 1313 1314
l 1348 1349
l 1366 1367
l 1384 1385
l 1406 1407
l 1424 1425
l 1481 1482
l 1515 1516
l 1539 1540
l 1557 1558
l 1591 1592
l 1602 1603
l 1620 1621
l 1664 1665
l 1687 1688
l 1704 1705
l 1722 1723
l 1740 1741
l 1756 1757
l 1772 1774
l 1783 1784
l 1826 1827
l 1842 1843
l 1858 1859
l 1886 1887
l 1902 1903
l 1927 1928
l 1939 1940
l 1955 1956
l 1971 1972
l 1983 1984
l 2012 2015
l 2046 2047
l 2028 2055
l 2069 2070
l 2092 2093
l 2127 2128
l 2142 2143
l 2176 2177
l 2192 2193
l 2213 2214
l 2236 2237
l 2247 2265
l 2269 2270
l 2335 2336
l 2358 2359
l 2404 2405
l 2410 2411
l 2471 2472
l 2476 2477
l 2492 2493
l 2382 2503
l 2546 2547
l 2592 2593
l 2826 2827
l 2843 2844
l 2897 2898
l 2916 2917
l 2934 2935
l 2968 2969
l 2981 2982
l 2808 2989
l 2995 2996
l 3019 3020
l 3144 3145
l 3163 3164
l 3179 3181
l 3184 3185
l 3204 3205
l 3217 3218
l 3256 3257
l 3292 3293
l 3312 3313
l 3385 3386
l 3514 3515
l 3549 3550
l 3566 3567
l 3591 3592
l 3614 3615
l 3608 3611
l 3646 3647
l 3662 3663
l 3678 3679
l 3635 3637
l 3711 3712
l 3729 3730
l 3885 3886
l 3906 3907
l 3928 3929
l 3990 3991
l 4010 4011
l 4061 4062
l 4103 4104
l 4163 4164
l 4189 4190
l 4207 4208
l 4283 4284
l 4296 4297
l 4307 4308
l 4324 4325
l 4343 4344
l 4375 4376
l 4382 4383
l 4400 4401
l 4426 4427
l 4488 4489
l 4507 4508
l 4524 4525
l 4222 4542
l 4559 4560
l 4579 4580
l 4623 4624
l 4652 4653
l 4666 4667
l 4686 4687
l 4732 4733
l 4748 4749
l 4786 4787
l 4802 4804
l 4808 4809
l 4819 4823
l 4836 4837
l 4865 4866
l 4881 4882
l 4898 4899
l 4910 4911
l 4962 4963
l 4982 4983
l 5001 5002
l 5035 5036
l 5052 5053
l 5077 5078
l 5094 5095
l 5111 5112
l 5129 5130
l 5160 5161
l 5177 5178
l 5246 5247
l 5258 5260
l 5269 5270
l 5333 5334
l 5346 5347
l 5352 5353
l 5381 5382
l 5406 5407
l 5418 5419
l 5454 5455
l 5524 5525
l 5540 5541
l 5553 5554
l 5566 5567
l 5595 5596
l 5631 5632
l 5642 5643
l 5676 5677
l 5692 5693
l 5708 5709
l 5726 5727
l 5757 5758
l 5806 5807
l 5839 5840
l 5857 5858
l 5948 5949
l 5965 5966
l 5996 5997
l 6015 6016
l 6048 6049
l 6060 6061
l 6098 6099
l 6142 6143
l 6159 6160
l 6175 6176
l 6188 6189
l 6199 6200
l 6211 6212
l 6272 6273
l 6297 6298
l 6406 6407
l 6478 6479
l 6494 6495
l 6529 6530
l 6546 6547
l 6557 6558
l 6600 6601
l 6639 6640
l 6669 6670
l 6685 6686
l 6706 6707
l 3495 6711
l 6741 6742
l 6757 6758
l 6773 6774
l 6790 6791
l 6808 6809
l 6835 6836
l 6852 6853
l 6863 6864
l 6879 6880
l 6896 6897
l 6913 6914
l 6929 6930
l 5205 6418
l 6955 6956
l 6973 6974
l 7060 7061
l 7077 7078
l 7097 7098
l 7115 7116
l 7148 7149
l 7163 7164
l 7179 7180
l 7204 7205
l 7221 7222
l 7237 7238
l 7251 7252
l 7288 7289
l 7305 7306
l 7299 7301
l 7328 7329
l 7339 7340
l 7357 7358
l 7373 7374
l 7389 7390
l 7407 7408
l 7424 7425
l 7442 7443
l 7449 7450
l 7495 7496
l 7512 7513
l 7530 7531
l 7546 7548
l 7572 7573
l 7608 7609
l 7658 7659
l 7681 7682
l 7706 7707
l 7761 7762
l 7886 7887
l 7909 7910
l 7988 7989
l 8072 8073
l 8088 8089
l 8093 8094
l 7804 8101
l 8112 8113
l 8129 8130
l 8146 8147
l 8164 8165
l 8177 8178
l 8215 8216
l 8231 8232
l 8247 8248
l 8259 8260
l 8275 8276
l 8281 8282
l 8270 8297
l 8329 8330
l 8345 8346
l 8370 8371
l 8386 8387
l 8467 8468
l 8503 8504
l 8571 8572
l 8610 8611
l 8630 8631
l 8665 8666
l 8682 8683
l 8726 8727
l 8776 8777
l 8798 8799
l 8816 8817
l 8833 8834
l 8864 8865
l 8876 8877
l 8960 8961
l 8985 8986
l 9008 9009
l 8996 8998
l 9013 9014
l 9024 9030
l 9033 9034
l 9055 9056
l 9064 9065
l 9082 9083
l 9107 9108
l 9124 9125
l 9131 9132
l 9184 9185
l 9195 9196
l 9256 9257
l 9285 9286
l 9301 9302
l 9319 9320
l 9330 9331
l 9373 9374
l 9510 9511
l 9549 9550
l 9567 9568
l 9595 9596
l 9613 9614
l 9426 9615
l 9654 9655
l 9688 9689
l 9711 9712
l 9648 9650
l 9724 9725
l 9747 9748
l 9763 9764
l 9784 9785
l 9796 9797
l 9813 9814
l 9830 9831
l 9904 9905
l 9923 9924
l 9985 9986
l 10021 10023
l 10036 10037
l 10070 10071
l 10097 10098
l 10123 10124
l 10139 10140
l 10155 10156
l 10175 10176
l 10191 10192
l 10208 10209
l 10215 10216
l 10244 10245
l 10268 10269
l 10407 10408
l 10424 10425
l 10475 10476
l 10494 10495
l 10511 10512
l 10556 10557
l 10574 10575
l 10591 10595
l 10609 10610
l 10620 10622
l 10669 10670
l 10685 10686
l 10701 10702
l 10717 10718
l 10758 10759
l 10780 10781
l 10850 10851
l 10901 10964
l 11007 11008
l 11075 11076
l 11110 11111
l 11115 11116
l 11144 11145
l 11162 11163
l 11198 11199
l 11223 11224
l 11280 11281
l 11307 11308
l 11313 11314
l 11325 11326
l 11365 11366
l 11382 11383
l 11398 11399
l 11438 11439
l 11475 11476
l 11514 11515
l 11571 11573
l 11582 11583
l 11599 11600
l 11617 11618
l 11644 11645
l 11661 11662
l 11720 11721
l 11759 11760
l 11778 11779
l 11795 11796
l 11811 11812
l 11839 11840
l 11914 11915
l 11976 11977
l 12003 12004
l 12028 12029
l 12034 12035
l 12045 12046
l 12057 12058
l 12077 12078
l 12095 12096
l 12114 12115
l 12139 12140
l 12156 12157
l 12201 12202
l 12226 12227
l 12231 12232
l 12274 12275
l 12292 12293
l 12312 12313
l 12330 12331
l 12348 12349
l 12389 12390
l 12443 12444
l 12461 12465
l 12498 12499
l 12517 12518
l 12575 12576
l 12635 12636
l 12606 12638
l 12656 12657
l 12677 12678
l 12706 12707
l 12724 12725
l 12762 12763
l 12778 12779
l 12794 12795
l 12829 12830
l 12853 12854
l 12870 12871
l 12898 12899
l 12921 12922
l 12938 12939
l 12957 12958
l 13005 13006
l 13046 13047
l 13083 13084
l 13103 13104
l 13125 13126
l 13144 13145
l 13160 13161
l 13178 13179
l 13194 13195
l 13247 13248
l 13264 13265
l 13310 13311
l 13351 13352
l 13383 13384
l 13415 13416
l 13457 13458
l 13476 13477
l 13507 13508
l 13520 13521
l 13545 13546
l 13561 13562
l 13573 13574
l 13607 13608
l 13623 13624
l 13648 13649
l 13665 13666
l 13681 13682
l 13738 13739
l 13764 13765
l 13799 13800
l 13806 13807
l 13823 13824
l 13858 13859
l 13876 13877
l 13893 13894
l 13906 13907
l 13922 13923
l 14018 14019
l 14042 14043
l 14082 14084
l 14088 14089
l 14098 14099
l 14114 14115
l 14146 14147
l 14164 14165
l 14180 14181
l 14196 14197
l 14212 14213
l 14240 14241
l 14252 14253
l 14269 14270
l 14285 14286
l 14301 14302
l 14323 14324
l 14353 14354
l 14386 14387
l 14397 14398
l 14413 14414
l 14436 14437
l 14452 14453
l 14507 14508
l 14523 14524
l 14545 14546
l 14561 14562
l 14578 14579
l 14605 14606
l 14617 14618
l 14622 14623
l 14638 14639
l 14654 14655
l 14670 14671
l 14694 14695
l 14704 14705
l 14730 14731
l 14747 14748
l 14763 14764
l 14779 14780
l 14795 14796
l 14811 14812
l 14828 14829
l 14845 14846
l 14862 14863
l 14722 14725
l 14872 14873
l 14890 14891
l 14906 14907
l 14922 14923
l 14938 14939
l 14972 14973
l 15010 15011
l 15026 15027
l 15042 15043
l 15058 15059
l 15076 15077
l 15092 15093
l 15108 15109
l 15134 15135
l 15145 15146
l 15163 15164
l 15179 15180
l 15195 15196
l 15211 15212
l 15227 15228
l 15243 15244
l 15259 15260
l 15283 15284
l 15299 15300
l 15315 15316
l 15328 15329
l 15347 15348
l 15364 15365
l 15432 15433
l 15448 15449
l 15464 15465
l 15487 15488
l 15504 15505
l 15523 15524
l 15540 15541
l 15559 15560
l 15577 15578
l 15593 15594
l 15609 15610
l 15622 15623
l 15638 15639
l 15672 15673
l 15693 15694
l 15709 15710
l 15726 15727
l 15743 15744
l 15754 15755
l 15778 15779
l 15795 15796
l 15811 15812
l 15829 15830
l 15864 15865
l 15846 15849
l 15899 15900
l 15918 15919
l 15959 15960
l 15976 15977
l 15993 15994
l 16020 16021
l 15616 15768
l 16056 16057
l 16072 16073
l 16088 16089
l 16106 16107
l 45 46
l 61 62
l 88 89
l 124 125
l 143 144
l 162 163
l 184 185
l 225 226
l 243 244
l 303 304
l 321 322
l 344 345
l 360 361
l 380 381
l 416 417
l 432 433
l 454 455
l 476 477
l 496 497
l 514 515
l 555 558
l 661 662
l 678 679
l 695 696
l 718 719
l 734 735
l 750 751
l 796 797
l 816 817
l 832 833
l 848 849
l 951 952
l 973 974
l 993 994
l 1066 1067
l 1118 1119
l 1163 1164
l 1204 1205
l 1224 1225
l 1244 1245
l 1318 1319
l 1325 1326
l 1337 1338
l 1354 1355
l 1390 1391
l 1412 1413
l 1432 1434
l 1438 1439
l 1471 1472
l 1487 1488
l 1500 1501
l 1521 1522
l 1553 1554
l 1533 1535
l 1563 1566
l 1569 1571
l 1581 1582
l 1597 1598
l 1608 1609
l 1627 1628
l 1633 1635
l 1653 1654
l 1677 1678
l 1693 1694
l 1728 1729
l 1734 1735
l 1746 1747
l 1762 1763
l 1795 1796
l 1832 1833
l 1848 1849
l 1864 1865
l 1870 1871
l 1876 1877
l 1892 1893
l 1908 1909
l 1918 1919
l 1945 1946
l 1961 1962
l 1993 1994
l 2013 2014
l 2018 2019
l 2029 2030
l 2075 2076
l 2087 2089
l 2098 2099
l 2133 2134
l 2148 2149
l 2153 2154
l 2164 2165
l 2182 2183
l 2198 2199
l 2203 2204
l 2220 2221
l 2242 2243
l 2254 2255
l 2035 2275
l 2280 2281
l 2290 2293
l 2295 2297
l 2307 2308
l 2324 2325
l 2376 2377
l 2394 2395
l 2416 2419
l 2447 2448
l 2453 2454
l 2441 2479
l 2482 2483
l 2499 2500
l 2536 2537
l 2572 2573
l 2599 2600
l 2790 2791
l 2833 2834
l 2869 2870
l 2886 2887
l 2923 2924
l 3073 3074
l 3150 3151
l 3169 3170
l 3191 3192
l 3180 3216
l 3282 3283
l 3341 3342
l 3374 3375
l 3391 3392
l 3410 3411
l 3417 3418
l 3434 3435
l 3439 3440
l 3490 3491
l 3520 3521
l 3556 3557
l 3581 3582
l 3587 3588
l 3597 3598
l 3609 3610
l 3620 3621
l 3630 3631
l 3652 3653
l 3668 3669
l 3684 3685
l 3700 3701
l 3736 3737
l 3756 3757
l 3774 3775
l 2727 3321
l 3799 3800
l 3819 3820
l 3871 3872
l 3916 3917
l 3934 3935
l 3955 3956
l 2735 4016
l 4029 4030
l 4050 4051
l 3050 3051
l 4110 4111
l 4240 4241
l 4251 4252
l 4271 4272
l 4313 4314
l 4330 4331
l 4349 4350
l 4369 4370
l 4390 4391
l 4406 4407
l 4494 4495
l 4513 4514
l 4530 4531
l 4585 4586
l 4612 4613
l 4738 4739
l 4792 4793
l 4803 4805
l 4832 4834
l 4813 4835
l 4843 4844
l 4871 4872
l 4887 4888
l 4938 4939
l 4969 4970
l 4989 4990
l 5047 5048
l 5059 5060
l 5065 5066
l 5083 5084
l 5100 5101
l 5117 5118
l 5137 5138
l 5150 5151
l 5166 5167
l 5206 5208
l 5220 5221
l 5253 5254
l 5275 5276
l 5286 5287
l 5358 5359
l 5388 5389
l 5443 5444
l 5460 5461
l 5481 5482
l 5513 5514
l 5530 5531
l 5602 5603
l 5621 5622
l 5649 5650
l 5659 5660
l 5682 5683
l 5698 5699
l 5732 5733
l 5764 5765
l 5783 5784
l 5790 5793
l 5796 5797
l 5812 5813
l 5829 5830
l 5864 5865
l 5883 5884
l 5926 5927
l 5944 5945
l 5955 5956
l 5971 5972
l 5984 5985
l 6066 6067
l 6104 6105
l 6148 6149
l 6165 6166
l 6217 6218
l 6234 6235
l 6253 6254
l 6194 6255
l 6259 6260
l 6278 6279
l 6303 6304
l 6326 6327
l 6412 6413
l 6446 6447
l 6484 6485
l 6500 6501
l 6535 6536
l 6606 6607
l 6623 6624
l 6659 6660
l 6675 6676
l 6691 6693
l 6696 6697
l 6712 6713
l 6729 6730
l 6747 6748
l 6779 6780
l 6798 6799
l 6814 6815
l 6819 6820
l 6842 6843
l 6858 6859
l 6869 6870
l 6885 6886
l 6902 6903
l 6919 6920
l 6941 6942
l 6981 6982
l 7012 7013
l 7049 7050
l 7067 7068
l 7104 7105
l 7121 7122
l 7138 7139
l 7211 7212
l 7227 7228
l 7278 7279
l 7294 7295
l 7312 7313
l 7300 7322
l 7345 7346
l 7363 7364
l 7379 7380
l 7414 7415
l 7431 7432
l 7501 7502
l 7520 7521
l 7561 7562
l 7578 7579
l 7595 7596
l 7614 7615
l 7640 7641
l 7670 7671
l 7687 7688
l 7738 7739
l 7756 7757
l 7775 7776
l 7792 7793
l 7805 7806
l 7833 7834
l 7864 7865
l 7858 7861
l 7892 7893
l 7915 7916
l 7995 7996
l 8009 8010
l 7853 8062
l 8078 8079
l 8118 8119
l 8183 8184
l 8205 8206
l 8221 8222
l 8242 8243
l 8265 8266
l 8271 8272
l 8287 8288
l 8298 8299
l 8335 8336
l 8376 8377
l 8392 8393
l 8411 8412
l 8429 8430
l 8473 8474
l 8492 8493
l 8523 8524
l 8544 8545
l 8518 8548
l 8578 8579
l 8617 8618
l 8671 8672
l 8714 8715
l 8747 8748
l 8765 8766
l 8782 8784
l 8788 8789
l 8804 8805
l 8822 8823
l 5292 5300
l 8839 8840
l 8871 8872
l 8949 8950
l 8975 8976
l 8991 8992
l 9003 9004
l 9019 9020
l 9039 9040
l 9070 9071
l 9088 9089
l 9095 9096
l 9113 9114
l 9179 9180
l 9223 9224
l 9241 9242
l 9246 9247
l 9262 9263
l 9274 9275
l 9291 9292
l 9309 9310
l 9343 9344
l 9363 9364
l 9379 9380
l 9397 9398
l 9427 9428
l 9475 9476
l 9499 9500
l 9602 9603
l 9628 9629
l 9638 9639
l 9649 9651
l 9660 9661
l 9678 9679
l 9694 9695
l 9730 9731
l 9753 9754
l 9769 9770
l 9705 9707
l 9774 9775
l 9790 9791
l 9802 9803
l 9819 9820
l 9837 9838
l 9856 9857
l 9929 9930
l 9974 9975
l 10010 10011
l 10078 10079
l 10022 10024
l 9672 10031
l 10103 10104
l 10129 10130
l 10145 10146
l 10181 10182
l 10197 10198
l 10221 10222
l 10250 10251
l 10275 10276
l 10295 10296
l 10321 10322
l 10341 10342
l 10356 10357
l 10381 10382
l 10388 10389
l 10413 10414
l 10444 10445
l 10464 10465
l 10500 10501
l 10517 10518
l 10545 10546
l 10563 10564
l 10592 10594
l 10597 10598
l 10616 10617
l 10621 10623
l 10650 10651
l 10675 10676
l 10691 10692
l 10707 10708
l 10723 10724
l 10769 10770
l 10808 10809
l 10828 10829
l 10840 10841
l 10858 10859
l 10896 10897
l 10958 10959
l 10982 10983
l 10994 10995
l 11027 11028
l 11045 11046
l 11065 11066
l 11081 11082
l 11100 11101
l 11134 11135
l 11150 11151
l 11188 11189
l 11205 11206
l 11212 11213
l 11237 11238
l 11287 11288
l 11301 11302
l 11320 11321
l 11332 11333
l 11352 11353
l 11371 11372
l 11388 11389
l 11404 11405
l 11465 11466
l 11482 11483
l 11522 11523
l 11539 11540
l 11588 11589
l 11606 11607
l 11623 11624
l 11650 11651
l 11695 11696
l 11749 11750
l 11765 11766
l 11784 11785
l 11801 11802
l 11817 11818
l 11829 11830
l 11867 11868
l 11998 11999
l 12024 12025
l 12040 12041
l 12065 12066
l 12083 12084
l 12120 12123
l 12133 12134
l 12144 12145
l 12162 12163
l 12168 12169
l 12207 12208
l 12237 12238
l 12298 12299
l 12318 12319
l 12324 12329
l 12379 12380
l 12423 12424
l 12469 12470
l 12487 12488
l 12505 12506
l 12552 12553
l 12565 12566
l 12594 12595
l 12620 12621
l 12625 12626
l 12646 12647
l 12685 12686
l 12701 12702
l 12712 12713
l 12731 12732
l 12768 12769
l 12784 12785
l 12800 12801
l 12817 12818
l 12835 12836
l 12859 12860
l 12888 12889
l 12904 12905
l 12927 12928
l 12946 12947
l 12963 12964
l 12979 12980
l 12990 12991
l 13011 13012
l 13029 13030
l 13035 13036
l 13052 13053
l 13109 13110
l 12883 13115
l 13121 13122
l 13150 13151
l 13167 13168
l 13184 13185
l 13200 13201
l 13254 13255
l 13291 13292
l 13316 13317
l 13327 13329
l 13447 13448
l 13464 13465
l 13482 13483
l 13502 13503
l 13527 13528
l 13551 13552
l 13579 13580
l 13597 13598
l 13613 13614
l 13629 13630
l 13671 13672
l 13687 13688
l 13708 13709
l 13721 13722
l 13744 13745
l 13750 13751
l 13760 13761
l 13770 13771
l 13789 13790
l 13812 13813
l 13829 13830
l 13846 13847
l 13864 13865
l 13912 13913
l 13951 13952
l 13985 13986
l 14007 14008
l 14024 14025
l 14031 14032
l 14048 14049
l 14072 14073
l 14083 14085
l 14104 14105
l 14120 14121
l 14136 14137
l 14170 14172
l 14175 14176
l 14186 14187
l 14202 14203
l 14218 14219
l 14229 14230
l 14246 14248
l 14275 14276
l 14291 14292
l 14307 14308
l 14342 14343
l 14365 14366
l 14359 14362
l 14376 14377
l 14392 14393
l 14403 14404
l 14419 14420
l 14442 14443
l 14464 14466
l 14469 14470
l 14497 14498
l 14513 14514
l 14535 14536
l 14551 14552
l 14567 14568
l 14584 14585
l 14329 14331
l 14611 14612
l 14628 14629
l 14644 14645
l 14660 14661
l 14676 14677
l 14710 14711
l 14736 14737
l 14753 14754
l 14769 14770
l 14785 14786
l 14801 14802
l 14817 14818
l 14834 14835
l 14896 14897
l 14912 14913
l 14928 14929
l 14944 14945
l 14962 14963
l 12180 14967
l 14979 14980
l 14999 15000
l 15016 15017
l 15032 15033
l 15048 15049
l 15064 15065
l 15082 15083
l 15098 15099
l 15114 15115
l 15169 15170
l 15185 15186
l 15201 15202
l 15217 15218
l 15233 15234
l 15249 15250
l 15265 15266
l 15289 15290
l 15305 15306
l 15334 15335
l 15371 15372
l 15400 15401
l 15420 15421
l 15438 15439
l 15454 15455
l 15471 15472
l 15494 15495
l 15547 15548
l 15566 15567
l 15583 15584
l 15599 15600
l 15628 15629
l 15644 15645
l 15662 15663
l 15678 15679
l 15699 15700
l 15715 15716
l 15732 15733
l 15749 15750
l 15801 15802
l 15817 15818
l 15835 15836
l 15847 15850
l 15853 15854
l 15870 15871
l 15889 15890
l 15907 15908
l 15926 15927
l 13991 15928
l 15932 15933
l 15949 15950
l 15965 15966
l 15983 15984
l 15999 16000
l 16010 16011
l 16026 16027
l 16044 16045
l 16062 16063
l 16078 16079
l 16094 16095
l 16112 16113
l 35 36
l 51 52
l 67 68
l 78 79
l 94 95
l 112 113
l 130 131
l 192 193
l 213 214
l 231 232
l 250 251
l 292 293
l 309 310
l 334 335
l 350 351
l 367 368
l 386 387
l 405 406
l 422 423
l 503 504
l 623 624
l 543 588
l 650 651
l 668 669
l 685 686
l 701 702
l 724 725
l 740 741
l 756 757
l 774 775
l 791 792
l 822 823
l 838 839
l 855 856
l 862 870
l 910 911
l 928 929
l 957 958
l 1014 1015
l 1020 1021
l 1040 1041
l 1074 1075
l 1106 1107
l 1131 1132
l 1250 1252
l 1256 1257
l 1301 1333
l 1344 1345
l 1458 1460
l 1477 1478
l 1506 1507
l 1511 1512
l 1528 1529
l 1547 1552
l 1564 1567
l 1587 1588
l 1634 1636
l 1659 1660
l 1683 1684
l 1718 1719
l 1742 1743
l 1752 1753
l 1768 1769
l 1773 1776
l 1779 1780
l 1801 1803
l 1822 1823
l 1838 1839
l 1854 1855
l 1882 1883
l 1898 1899
l 1924 1925
l 1935 1936
l 1951 1952
l 1967 1968
l 2007 2008
l 2024 2025
l 2042 2043
l 2058 2059
l 2064 2065
l 2081 2082
l 2104 2105
l 2123 2124
l 2138 2139
l 2188 2189
l 2209 2210
l 2232 2235
l 2286 2287
l 2313 2314
l 2330 2331
l 2349 2350
l 1647 1649
l 2354 2355
l 2400 2401
l 2458 2461
l 2469 2470
l 2488 2489
l 2524 2525
l 2542 2543
l 2561 2562
l 2580 2581
l 2607 2613
l 2657 2658
l 2758 2763
l 2778 2779
l 2797 2798
l 2720 2728
l 2822 2823
l 2839 2840
l 2875 2876
l 2892 2893
l 2912 2913
l 2964 2965
l 3015 3016
l 3036 3037
l 3140 3141
l 3175 3176
l 3230 3231
l 3288 3289
l 3335 3336
l 3348 3349
l 3355 3356
l 3381 3382
l 3423 3424
l 3478 3479
l 3533 3534
l 3545 3546
l 3562 3563
l 3604 3605
l 3642 3643
l 3658 3659
l 3674 3675
l 3725 3726
l 3762 3763
l 3781 3782
l 3826 3827
l 3847 3850
l 3853 3854
l 3912 3913
l 3942 3943
l 3962 3963
l 3985 3986
l 2736 4015
l 4057 4058
l 4137 4138
l 4203 4204
l 4218 4219
l 4224 4225
l 4258 4259
l 4278 4279
l 4302 4303
l 4320 4321
l 4356 4367
l 4396 4397
l 4443 4444
l 4520 4521
l 4555 4556
l 4575 4576
l 4599 4600
l 4619 4620
l 4723 4724
l 4728 4729
l 4744 4745
l 4798 4799
l 4877 4878
l 4893 4894
l 4906 4907
l 4932 4933
l 4952 4953
l 4833 4956
l 4957 4958
l 4997 4998
l 5089 5090
l 5107 5108
l 5156 5157
l 5172 5173
l 5226 5227
l 5265 5266
l 5313 5314
l 5364 5365
l 5376 5377
l 5401 5402
l 4924 4927
l 5467 5468
l 5496 5497
l 5508 5509
l 5536 5537
l 5627 5628
l 5655 5656
l 4820 4831
l 5672 5673
l 5688 5689
l 5704 5705
l 5722 5723
l 5752 5753
l 5770 5771
l 5802 5803
l 5818 5819
l 5835 5836
l 5853 5854
l 5932 5933
l 5665 5668
l 5961 5962
l 6011 6012
l 6030 6031
l 5791 5792
l 6072 6073
l 6110 6111
l 6155 6156
l 6171 6172
l 6183 6184
l 6195 6196
l 6207 6208
l 6223 6224
l 6310 6311
l 6315 6316
l 6333 6334
l 6354 6355
l 6389 6390
l 6402 6403
l 5207 6420
l 6466 6467
l 6490 6491
l 6525 6526
l 6553 6554
l 6629 6630
l 6665 6666
l 6681 6682
l 6702 6703
l 6718 6719
l 6753 6754
l 4213 6461
l 6769 6770
l 6786 6787
l 6804 6805
l 6825 6826
l 6831 6832
l 6848 6849
l 6875 6876
l 6908 6909
l 6925 6926
l 6987 6988
l 7056 7057
l 7073 7074
l 7093 7094
l 7127 7128
l 7144 7145
l 6968 7169
l 7200 7201
l 7217 7218
l 7233 7234
l 7267 7268
l 7284 7285
l 7318 7319
l 7323 7324
l 7334 7335
l 7353 7354
l 7369 7370
l 7385 7386
l 7403 7404
l 7420 7421
l 7463 7464
l 7476 7477
l 7526 7527
l 7542 7543
l 7584 7585
l 7621 7622
l 6692 7639
l 7646 7647
l 7665 7669
l 7676 7677
l 7719 7720
l 6460 7728
l 7744 7745
l 7781 7782
l 7859 7860
l 7870 7871
l 7883 7884
l 7898 7899
l 7923 7924
l 7942 7943
l 7969 7970
l 8029 8030
l 8068 8069
l 8084 8085
l 8125 8126
l 8142 8143
l 8160 8161
l 8173 8174
l 8191 8192
l 8211 8212
l 8227 8228
l 8255 8256
l 7713 8277
l 8293 8294
l 8325 8326
l 8341 8342
l 8366 8367
l 8382 8383
l 8417 8418
l 8435 8436
l 8442 8443
l 8463 8464
l 8480 8481
l 8519 8520
l 8567 8568
l 8606 8607
l 8661 8662
l 8015 8688
l 8702 8703
l 8753 8754
l 8772 8773
l 8794 8795
l 8783 8785
l 8900 8901
l 8936 8937
l 8956 8957
l 8981 8982
l 9026 9027
l 9031 9032
l 9045 9050
l 9060 9061
l 9120 9121
l 9147 9148
l 9229 9230
l 9235 9238
l 9252 9253
l 9280 9281
l 9297 9298
l 9315 9316
l 9326 9327
l 9349 9350
l 9369 9370
l 9385 9386
l 9481 9482
l 9506 9507
l 9526 9527
l 9545 9546
l 9557 9559
l 9591 9592
l 9644 9645
l 9666 9667
l 9684 9685
l 9700 9701
l 9737 9738
l 9743 9744
l 9759 9760
l 9780 9781
l 9809 9810
l 9826 9827
l 9886 9887
l 9918 9919
l 9980 9981
l 10016 10017
l 10050 10051
l 10135 10136
l 10151 10152
l 10187 10188
l 10204 10205
l 10240 10241
l 10264 10265
l 10282 10283
l 10362 10363
l 10403 10404
l 10420 10421
l 10470 10471
l 10489 10490
l 10506 10507
l 10525 10526
l 10551 10552
l 10569 10570
l 10587 10588
l 10681 10682
l 10697 10698
l 10713 10714
l 10730 10731
l 10741 10742
l 10754 10755
l 10775 10776
l 10846 10847
l 10884 10885
l 10924 10925
l 10969 10970
l 11022 11023
l 11033 11034
l 11052 11053
l 11071 11072
l 11087 11088
l 11106 11107
l 11123 11124
l 11140 11141
l 11157 11158
l 11176 11177
l 11194 11195
l 11219 11220
l 11275 11276
l 11309 11324
l 11340 11341
l 11394 11395
l 11471 11472
l 11488 11489
l 11528 11529
l 11545 11546
l 11567 11568
l 11578 11579
l 11595 11596
l 11613 11614
l 11657 11658
l 11674 11675
l 11716 11717
l 11755 11756
l 11773 11774
l 11790 11791
l 11807 11808
l 11835 11836
l 11910 11911
l 12110 12111
l 12121 12122
l 12175 12176
l 12243 12244
l 12270 12271
l 12288 12289
l 12355 12356
l 12369 12370
l 12325 12371
l 12385 12386
l 12457 12458
l 12475 12476
l 12494 12495
l 12532 12533
l 12539 12540
l 12571 12572
l 12631 12632
l 12652 12653
l 12696 12697
l 12719 12720
l 12758 12759
l 12774 12775
l 12790 12791
l 12806 12807
l 12824 12825
l 12849 12850
l 12866 12867
l 12884 12885
l 12894 12895
l 12917 12918
l 12934 12935
l 12953 12954
l 12975 12976
l 12985 12987
l 13001 13002
l 13017 13018
l 13041 13042
l 13058 13059
l 13079 13080
l 13140 13141
l 13156 13157
l 13173 13174
l 13190 13191
l 13206 13207
l 13243 13244
l 13260 13261
l 13279 13280
l 13322 13323
l 13347 13348
l 13365 13368
l 11945 13387
l 13391 13392
l 13411 13412
l 13436 13437
l 13453 13454
l 13471 13472
l 13541 13542
l 13557 13558
l 13591 13592
l 13603 13604
l 13619 13620
l 13637 13638
l 13644 13645
l 13661 13662
l 13677 13678
l 13727 13728
l 13734 13735
l 13756 13757
l 13795 13796
l 13818 13819
l 13835 13836
l 13841 13843
l 13854 13855
l 13889 13890
l 13901 13902
l 13918 13919
l 13935 13936
l 13946 13947
l 13957 13958
l 14014 14015
l 14054 14055
l 14061 14062
l 14078 14079
l 14094 14095
l 14110 14111
l 14126 14131
l 14142 14143
l 14160 14161
l 14171 14177
l 14192 14193
l 14208 14209
l 14224 14226
l 14235 14236
l 14265 14266
l 14281 14282
l 14297 14298
l 14319 14322
l 14349 14350
l 14360 14361
l 14382 14383
l 14409 14410
l 14426 14427
l 14313 14315
l 14448 14449
l 14337 14459
l 14475 14476
l 14481 14483
l 14486 14487
l 14492 14493
l 14465 14496
l 14503 14504
l 14519 14520
l 14541 14542
l 14557 14558
l 14574 14575
l 14590 14591
l 14601 14602
l 14634 14635
l 14650 14651
l 14666 14667
l 14683 14684
l 14690 14691
l 14700 14701
l 14759 14760
l 14775 14776
l 14791 14792
l 14807 14808
l 14824 14825
l 14840 14841
l 14858 14859
l 14868 14869
l 14886 14887
l 14902 14903
l 14918 14919
l 14934 14935
l 14950 14951
l 12181 14965
l 14968 14969
l 14987 14988
l 15006 15007
l 15022 15023
l 15038 15039
l 15054 15055
l 15088 15089
l 15104 15105
l 15141 15142
l 15159 15160
l 15175 15176
l 15191 15192
l 15207 15208
l 15223 15224
l 15239 15240
l 15255 15256
l 15278 15279
l 15295 15296
l 15311 15312
l 15360 15361
l 15377 15378
l 15389 15390
l 15407 15408
l 15444 15445
l 15460 15461
l 15478 15480
l 15483 15484
l 15500 15501
l 15519 15520
l 15536 15537
l 15554 15555
l 15573 15574
l 15589 15590
l 15605 15606
l 15618 15619
l 15634 15635
l 15650 15651
l 15668 15669
l 15684 15685
l 15689 15690
l 15705 15706
l 15721 15722
l 15738 15739
l 15774 15775
l 15791 15792
l 15807 15808
l 15824 15825
l 15842 15843
l 15859 15860
l 15896 15897
l 15914 15915
l 15938 15939
l 15955 15956
l 15972 15973
l 15989 15990
l 16016 16017
l 16032 16033
l 16051 16052
l 16068 16069
l 16084 16085
l 16101 16102
l 41 42
l 57 58
l 73 74
l 84 85
l 100 101
l 120 121
l 158 159
l 221 222
l 257 258
l 278 279
l 299 300
l 316 317
l 340 341
l 356 357
l 412 413
l 428 429
l 491 492
l 551 552
l 610 611
l 656 657
l 674 675
l 691 692
l 707 708
l 730 731
l 746 747
l 763 764
l 780 781
l 828 829
l 844 845
l 868 869
l 873 874
l 947 948
l 969 970
l 989 990
l 1035 1037
l 1062 1063
l 1101 1102
l 1159 1160
l 1177 1178
l 1240 1241
l 1251 1274
l 1302 1334
l 1350 1351
l 1368 1369
l 1386 1387
l 1408 1409
l 1459 1461
l 1483 1484
l 1446 1495
l 1496 1497
l 1517 1518
l 1541 1542
l 1559 1560
l 1577 1578
l 1593 1594
l 1604 1605
l 1548 1629
l 1666 1667
l 1689 1690
l 1706 1707
l 1724 1727
l 1758 1759
l 1785 1786
l 1791 1792
l 1802 1815
l 1828 1829
l 1844 1845
l 1860 1861
l 1888 1889
l 1904 1905
l 1914 1915
l 1941 1942
l 1957 1958
l 1973 1974
l 1979 1982
l 1989 1990
l 2037 2040
l 2048 2051
l 2094 2095
l 2129 2130
l 2144 2145
l 2160 2161
l 2178 2179
l 2194 2195
l 2227 2228
l 2233 2234
l 2238 2239
l 2271 2272
l 2276 2277
l 2291 2292
l 2320 2322
l 2337 2339
l 2360 2361
l 2366 2367
l 2371 2372
l 2390 2391
l 2406 2409
l 2412 2414
l 2443 2445
l 2438 2456
l 2459 2460
l 2473 2475
l 2494 2495
l 2513 2514
l 2548 2549
l 2568 2569
l 2594 2595
l 2759 2764
l 2828 2829
l 2882 2883
l 2918 2919
l 2970 2971
l 3003 3004
l 3089 3090
l 3146 3147
l 3165 3166
l 3206 3207
l 3219 3220
l 3237 3238
l 3271 3272
l 3314 3315
l 3370 3371
l 3387 3388
l 3406 3407
l 3430 3431
l 3516 3517
l 3551 3553
l 3568 3569
l 3593 3594
l 3616 3617
l 3626 3627
l 3648 3649
l 3664 3665
l 3680 3681
l 3690 3691
l 3696 3697
l 3720 3721
l 3752 3753
l 3770 3771
l 3795 3796
l 3814 3815
l 3867 3868
l 3908 3909
l 3848 3849
l 3930 3931
l 3950 3951
l 4025 4026
l 4063 4064
l 4165 4167
l 4172 4173
l 4191 4192
l 4209 4210
l 4247 4248
l 4309 4310
l 4326 4327
l 4345 4346
l 4365 4366
l 4402 4403
l 4450 4451
l 4470 4471
l 4490 4491
l 4509 4510
l 4526 4527
l 4538 4539
l 4544 4548
l 4561 4562
l 4581 4582
l 4625 4626
l 4654 4655
l 4688 4689
l 4734 4735
l 4788 4789
l 4810 4811
l 4815 4816
l 4838 4839
l 4867 4868
l 4883 4884
l 4912 4913
l 5003 5004
l 5016 5017
l 5037 5039
l 5043 5044
l 5054 5055
l 5079 5080
l 5096 5097
l 5113 5114
l 5145 5146
l 5162 5163
l 5186 5187
l 5248 5249
l 5271 5272
l 5282 5283
l 5321 5322
l 5335 5336
l 5354 5355
l 5408 5409
l 5456 5457
l 4532 5503
l 5526 5527
l 5555 5556
l 5617 5618
l 5633 5634
l 5666 5667
l 5678 5679
l 5684 5685
l 5694 5695
l 5710 5711
l 5728 5729
l 5759 5760
l 5808 5809
l 5825 5826
l 5841 5842
l 5859 5860
l 5879 5880
l 5922 5923
l 5940 5941
l 5950 5951
l 5967 5968
l 5980 5981
l 6017 6018
l 6050 6051
l 6056 6057
l 6062 6063
l 6100 6101
l 6124 6127
l 6131 6132
l 6144 6145
l 6161 6162
l 6190 6191
l 6213 6214
l 6230 6231
l 6249 6250
l 6274 6275
l 6299 6300
l 6322 6323
l 6340 6341
l 6384 6385
l 6408 6409
l 6434 6435
l 6454 6455
l 6480 6481
l 6496 6497
l 6514 6515
l 6531 6532
l 6548 6549
l 6559 6560
l 6602 6603
l 6619 6620
l 6641 6642
l 6655 6656
l 6671 6672
l 6687 6688
l 6725 6726
l 6743 6744
l 6759 6760
l 6775 6776
l 6810 6811
l 6854 6855
l 6865 6866
l 6881 6882
l 6898 6899
l 6915 6916
l 6931 6932
l 6957 6958
l 6969 6972
l 6993 6994
l 7007 7008
l 7028 7029
l 7062 7063
l 7117 7118
l 7134 7135
l 7165 7166
l 7181 7182
l 7223 7224
l 7239 7240
l 7253 7254
l 7274 7275
l 7290 7291
l 7307 7308
l 7330 7331
l 7341 7342
l 7359 7360
l 7375 7376
l 7391 7392
l 7426 7427
l 7451 7452
l 7483 7484
l 7497 7498
l 7532 7533
l 7574 7575
l 7591 7592
l 7610 7611
l 7629 7630
l 7660 7661
l 6419 7662
l 7666 7668
l 7683 7684
l 7708 7709
l 7734 7735
l 7771 7772
l 7788 7789
l 7854 7855
l 7888 7889
l 7905 7906
l 7911 7912
l 7931 7932
l 7949 7950
l 8037 8038
l 8050 8051
l 8074 8075
l 8102 8103
l 8114 8115
l 8131 8132
l 8148 8149
l 8179 8180
l 8217 8218
l 8233 8234
l 8238 8239
l 8261 8262
l 8063 8280
l 8283 8284
l 8331 8332
l 8347 8348
l 8372 8373
l 8388 8389
l 8407 8408
l 8425 8426
l 8469 8470
l 8488 8489
l 8505 8506
l 7727 8508
l 8573 8574
l 8612 8613
l 8632 8633
l 8647 8648
l 8667 8668
l 8684 8685
l 8249 8251
l 8743 8744
l 8778 8779
l 8800 8801
l 8818 8819
l 8835 8836
l 6177 8841
l 8854 8855
l 8970 8971
l 8987 8988
l 9015 9016
l 9035 9036
l 9046 9049
l 9046 9051
l 9057 9058
l 9066 9067
l 9084 9085
l 9109 9110
l 9133 9134
l 9174 9175
l 9186 9187
l 9197 9198
l 9219 9220
l 9258 9259
l 9287 9288
l 9311 9312
l 9339 9340
l 9375 9376
l 9392 9393
l 9435 9436
l 9471 9472
l 9495 9496
l 9533 9534
l 9597 9598
l 9634 9636
l 9656 9657
l 9674 9675
l 9690 9691
l 9726 9727
l 9749 9750
l 9765 9766
l 9786 9788
l 9798 9799
l 9815 9816
l 9832 9833
l 9357 9739
l 9851 9852
l 9906 9907
l 9925 9926
l 10006 10007
l 10038 10039
l 10045 10047
l 10125 10126
l 10141 10142
l 10157 10158
l 10177 10178
l 10193 10194
l 10217 10218
l 10246 10247
l 10318 10320
l 10376 10377
l 10409 10410
l 10426 10427
l 10439 10440
l 10460 10461
l 10477 10478
l 10496 10497
l 10513 10514
l 10541 10542
l 10558 10559
l 10576 10577
l 10593 10596
l 10671 10672
l 10687 10688
l 10703 10704
l 10719 10720
l 10737 10738
l 10765 10766
l 10782 10783
l 10836 10837
l 10873 10874
l 10903 10904
l 10939 10940
l 10946 10947
l 10989 10990
l 11009 11011
l 11041 11042
l 11077 11078
l 11117 11118
l 11112 11122
l 11130 11131
l 11146 11147
l 11164 11165
l 11282 11283
l 11315 11316
l 11327 11328
l 11347 11348
l 11367 11368
l 11384 11385
l 11400 11401
l 11418 11421
l 11440 11441
l 11461 11462
l 11477 11478
l 11535 11536
l 11584 11585
l 11619 11620
l 11646 11647
l 11663 11664
l 11761 11762
l 11780 11781
l 11813 11814
l 11841 11842
l 11906 11907
l 11958 11959
l 11978 11979
l 12030 12032
l 12036 12037
l 12079 12080
l 12097 12098
l 11797 11853
l 12129 12130
l 12158 12159
l 12203 12204
l 12233 12234
l 12294 12295
l 12314 12315
l 12332 12333
l 12337 12338
l 12326 12336
l 12350 12351
l 12214 12374
l 12391 12392
l 12419 12421
l 12445 12446
l 12500 12501
l 12519 12520
l 12547 12548
l 12561 12562
l 12577 12578
l 12583 12584
l 12616 12617
l 12609 12614
l 12642 12643
l 12658 12659
l 12692 12693
l 12708 12709
l 12764 12765
l 12780 12781
l 12796 12797
l 12813 12814
l 12831 12832
l 12855 12856
l 12872 12873
l 12900 12901
l 12923 12924
l 12959 12960
l 12986 12996
l 13007 13008
l 13024 13025
l 13048 13049
l 13085 13086
l 13105 13106
l 13116 13117
l 12363 12535
l 13127 13128
l 13146 13147
l 13180 13181
l 13196 13197
l 13237 13238
l 13306 13309
l 13312 13313
l 13336 13337
l 13353 13354
l 13372 13373
l 13385 13386
l 13417 13418
l 13443 13444
l 13459 13460
l 13478 13479
l 13522 13523
l 13547 13548
l 13563 13564
l 13575 13576
l 13609 13610
l 13625 13626
l 13650 13651
l 13667 13668
l 13683 13684
l 13740 13741
l 13766 13767
l 13808 13809
l 13825 13826
l 13860 13861
l 13878 13879
l 13908 13909
l 13924 13925
l 13942 13943
l 14020 14021
l 14044 14045
l 14068 14069
l 14090 14091
l 14100 14101
l 14116 14117
l 14127 14129
l 14132 14133
l 14148 14149
l 14166 14167
l 14182 14183
l 14198 14199
l 14214 14215
l 14242 14243
l 14271 14272
l 14287 14288
l 14303 14304
l 14314 14316
l 14320 14321
l 14325 14326
l 14338 14339
l 14355 14356
l 14372 14373
l 14388 14389
l 14399 14400
l 14415 14416
l 14434 14435
l 14438 14439
l 14454 14455
l 14460 14461
l 14482 14525
l 14509 14511
l 14531 14532
l 14547 14548
l 14563 14564
l 14580 14581
l 14597 14598
l 14607 14608
l 14624 14625
l 14640 14641
l 14656 14657
l 14672 14673
l 14696 14697
l 14706 14707
l 14732 14733
l 14749 14750
l 14765 14766
l 14781 14782
l 14797 14798
l 14813 14814
l 14830 14831
l 14847 14848
l 14864 14865
l 14874 14875
l 14892 14893
l 14908 14909
l 14924 14925
l 14940 14941
l 15012 15013
l 15028 15029
l 15044 15045
l 15060 15061
l 15078 15079
l 15094 15095
l 15110 15111
l 15147 15148
l 15165 15166
l 15181 15182
l 15197 15200
l 15213 15214
l 15229 15230
l 15245 15246
l 15261 15262
l 15285 15286
l 15301 15302
l 15317 15318
l 15330 15331
l 15349 15350
l 15396 15397
l 15434 15435
l 15450 15451
l 13214 15479
l 15506 15507
l 15525 15526
l 15542 15543
l 15579 15580
l 15595 15596
l 15624 15625
l 15640 15641
l 15674 15675
l 15695 15696
l 15711 15712
l 15728 15729
l 15745 15746
l 15756 15757
l 13366 15614
l 15780 15781
l 15797 15798
l 15813 15814
l 15831 15832
l 15866 15867
l 15885 15886
l 15848 15898
l 15945 15946
l 15961 15962
l 15995 15996
l 16006 16007
l 16022 16023
l 16040 16041
l 16058 16059
l 16074 16075
l 16090 16091
l 16108 16109
l 31 32
l 47 48
l 63 64
l 90 91
l 126 127
l 145 146
l 227 228
l 305 306
l 323 324
l 346 347
l 382 383
l 401 402
l 418 419
l 478 479
l 498 499
l 545 547
l 663 664
l 680 681
l 697 698
l 720 721
l 736 737
l 752 753
l 770 771
l 787 788
l 818 819
l 834 835
l 850 851
l 918 919
l 953 954
l 924 942
l 963 964
l 1003 1005
l 1009 1010
l 1036 1038
l 1048 1049
l 1120 1121
l 1127 1128
l 1165 1166
l 1206 1207
l 1226 1227
l 1246 1247
l 1272 1273
l 1185 1263
l 1327 1328
l 1356 1357
l 1375 1376
l 1392 1393
l 1397 1398
l 1414 1415
l 1440 1441
l 1473 1474
l 1502 1503
l 1523 1524
l 1555 1556
l 1583 1584
l 1610 1611
l 1642 1651
l 1655 1656
l 1679 1680
l 1695 1696
l 1748 1749
l 1764 1765
l 1797 1798
l 1834 1835
l 1850 1851
l 1866 1869
l 1872 1874
l 1878 1879
l 1894 1895
l 1910 1911
l 1920 1921
l 1947 1948
l 1963 1964
l 1985 1987
l 1980 1981
l 2003 2004
l 2020 2021
l 2038 2041
l 2077 2084
l 2090 2091
l 2100 2101
l 2112 2113
l 2155 2156
l 2166 2167
l 2184 2185
l 2205 2206
l 2222 2225
l 2244 2245
l 2256 2257
l 2261 2262
l 2282 2283
l 1995 1999
l 2298 2306
l 2309 2310
l 2326 2327
l 2338 2340
l 2378 2381
l 2396 2398
l 2413 2417
l 2444 2446
l 2407 2408
l 2465 2466
l 2474 2478
l 2484 2485
l 2501 2502
l 2520 2521
l 2538 2539
l 2652 2653
l 2665 2668
l 2708 2709
l 2745 2747
l 2774 2775
l 2786 2789
l 2792 2793
l 2818 2819
l 2835 2836
l 2853 2854
l 2766 2866
l 2871 2872
l 2888 2889
l 2908 2909
l 2925 2926
l 2931 2933
l 2945 2946
l 2760 2990
l 2991 2997
l 3136 3137
l 3171 3172
l 3214 3215
l 3226 3227
l 3284 3285
l 3302 3303
l 2977 3320
l 3343 3344
l 3393 3394
l 3419 3420
l 2865 3340
l 3441 3442
l 3492 3493
l 3497 3498
l 3504 3505
l 3522 3523
l 3529 3530
l 3541 3542
l 3558 3559
l 3589 3590
l 3599 3600
l 3622 3623
l 3632 3633
l 3638 3639
l 3654 3655
l 3670 3671
l 3686 3687
l 3702 3703
l 3714 3715
l 3738 3739
l 3758 3759
l 3776 3777
l 3801 3802
l 3821 3822
l 3918 3919
l 3957 3958
l 4000 4001
l 4031 4032
l 4052 4053
l 4112 4113
l 4133 4134
l 4180 4181
l 4198 4199
l 4214 4215
l 4230 4232
l 4242 4243
l 4166 4168
l 4293 4294
l 4298 4299
l 4315 4316
l 4392 4393
l 4458 4459
l 4478 4479
l 4496 4497
l 4545 4546
l 4587 4588
l 4614 4615
l 4676 4677
l 4740 4741
l 4794 4795
l 4829 4830
l 4873 4874
l 4889 4890
l 4948 4949
l 4971 4972
l 5010 5011
l 5038 5049
l 5067 5068
l 5085 5086
l 5102 5103
l 5119 5120
l 5139 5140
l 5152 5153
l 5168 5169
l 5194 5195
l 5222 5223
l 5255 5256
l 5261 5262
l 5277 5278
l 5288 5289
l 5309 5310
l 5349 5350
l 5360 5361
l 5372 5373
l 5390 5391
l 5415 5416
l 5434 5435
l 5445 5446
l 5462 5463
l 5504 5505
l 5515 5516
l 5532 5533
l 5550 5551
l 5576 5577
l 5623 5624
l 5651 5652
l 5661 5662
l 5700 5701
l 5717 5718
l 5734 5735
l 5748 5749
l 5766 5767
l 5798 5799
l 5814 5815
l 5831 5832
l 5849 5850
l 5866 5867
l 5908 5909
l 5928 5929
l 5946 5947
l 5957 5958
l 6068 6069
l 6106 6107
l 6150 6151
l 6167 6168
l 6219 6220
l 6236 6237
l 6371 6372
l 6398 6399
l 6414 6415
l 6462 6464
l 6486 6487
l 6502 6503
l 6521 6522
l 6537 6538
l 6608 6609
l 6625 6626
l 5329 6631
l 6649 6650
l 6661 6662
l 6677 6678
l 6698 6699
l 6714 6715
l 6731 6732
l 6749 6750
l 6781 6782
l 6800 6801
l 6816 6817
l 6821 6822
l 6844 6845
l 6125 6126
l 6871 6872
l 6887 6888
l 6904 6905
l 6921 6922
l 6964 6965
l 6983 6984
l 7014 7015
l 7051 7052
l 7069 7070
l 7088 7089
l 7106 7107
l 7123 7124
l 7140 7141
l 6970 6971
l 7170 7171
l 7189 7190
l 7213 7214
l 7229 7230
l 7280 7281
l 7296 7297
l 7314 7315
l 7365 7366
l 7381 7382
l 7399 7400
l 7416 7417
l 7433 7434
l 7459 7460
l 6287 6911
l 7503 7504
l 7522 7523
l 7538 7539
l 7563 7564
l 7580 7581
l 7597 7598
l 7616 7617
l 7642 7643
l 7672 7673
l 7715 7716
l 7740 7741
l 7777 7778
l 7794 7795
l 7807 7808
l 7835 7836
l 7866 7867
l 7894 7895
l 7938 7939
l 8011 8012
l 8025 8026
l 8058 8059
l 8080 8081
l 8138 8139
l 8156 8157
l 8207 8208
l 8223 8224
l 8244 8245
l 8278 8279
l 8289 8290
l 8300 8301
l 8321 8322
l 8337 8338
l 8361 8362
l 8378 8379
l 8394 8395
l 8413 8414
l 8431 8432
l 8458 8459
l 8494 8495
l 8525 8526
l 8546 8547
l 8580 8581
l 8601 8602
l 8673 8674
l 8017 8689
l 8716 8717
l 8729 8730
l 8749 8750
l 8790 8791
l 8806 8807
l 5295 8824
l 8873 8874
l 8917 8918
l 8932 8933
l 8951 8952
l 8977 8978
l 8993 8994
l 9005 9006
l 9041 9042
l 9047 9054
l 9052 9053
l 9072 9073
l 9097 9098
l 9225 9226
l 9243 9244
l 9248 9249
l 9264 9265
l 9276 9277
l 9293 9294
l 9322 9323
l 9345 9346
l 9365 9366
l 9381 9382
l 9399 9400
l 9477 9478
l 9541 9542
l 9578 9579
l 9604 9605
l 9616 9617
l 9630 9631
l 9635 9637
l 9640 9641
l 9662 9663
l 9680 9681
l 9696 9697
l 9755 9756
l 9776 9777
l 9787 9789
l 9804 9805
l 9821 9822
l 9792 9849
l 9858 9859
l 9931 9932
l 9976 9977
l 9994 9995
l 10012 10013
l 10131 10132
l 10147 10148
l 10183 10184
l 10199 10200
l 10223 10224
l 10236 10237
l 10260 10261
l 10277 10278
l 9168 10293
l 10297 10298
l 10323 10324
l 10358 10359
l 10466 10467
l 10502 10503
l 10547 10548
l 10565 10566
l 10583 10584
l 10652 10653
l 10677 10678
l 10693 10694
l 10709 10710
l 10771 10772
l 10810 10811
l 10842 10843
l 10860 10861
l 10880 10881
l 10898 10899
l 10960 10961
l 10965 10966
l 10984 10985
l 11010 11012
l 10319 11024
l 11029 11030
l 11047 11048
l 11067 11068
l 11083 11084
l 11102 11103
l 11113 11114
l 11136 11137
l 11152 11153
l 11184 11185
l 11190 11191
l 11289 11290
l 11322 11323
l 11373 11374
l 11390 11391
l 11406 11407
l 11447 11448
l 11467 11468
l 11484 11485
l 11505 11506
l 11524 11525
l 11541 11542
l 11574 11575
l 11652 11653
l 11670 11671
l 11697 11698
l 11712 11713
l 11731 11732
l 11751 11752
l 11786 11787
l 11803 11804
l 11819 11820
l 11831 11832
l 11849 11850
l 11798 11855
l 11869 11870
l 11932 11933
l 12000 12001
l 12006 12007
l 12042 12043
l 12031 12033
l 12164 12166
l 12209 12210
l 12215 12228
l 12239 12240
l 12258 12259
l 12284 12285
l 12320 12323
l 12327 12328
l 12375 12377
l 12381 12382
l 12420 12422
l 12425 12426
l 12453 12454
l 12489 12490
l 12507 12508
l 12567 12568
l 12596 12597
l 12627 12628
l 12648 12649
l 12687 12688
l 11966 12691
l 12703 12704
l 12733 12734
l 12747 12748
l 12753 12754
l 12770 12771
l 12786 12787
l 12802 12803
l 12890 12891
l 12906 12907
l 12971 12972
l 12981 12982
l 12992 12993
l 12997 12998
l 13013 13014
l 13031 13032
l 13037 13038
l 13054 13055
l 13111 13112
l 13123 13124
l 13152 13153
l 13169 13170
l 13186 13187
l 13202 13203
l 13256 13257
l 13318 13319
l 13343 13344
l 13360 13361
l 13407 13408
l 13449 13450
l 13484 13485
l 13504 13505
l 13510 13511
l 13529 13530
l 13553 13554
l 13581 13582
l 13587 13588
l 13599 13600
l 13615 13616
l 13657 13658
l 13673 13674
l 13689 13690
l 13710 13711
l 13723 13724
l 13746 13748
l 13752 13753
l 13772 13773
l 13791 13792
l 13814 13815
l 13866 13867
l 13885 13886
l 13914 13915
l 13931 13932
l 13953 13954
l 14033 14034
l 14050 14051
l 14074 14075
l 14106 14107
l 14122 14123
l 14128 14130
l 14138 14139
l 14156 14157
l 14188 14189
l 14204 14205
l 14220 14221
l 14231 14232
l 14225 14260
l 14261 14262
l 14277 14278
l 14293 14294
l 14309 14310
l 14367 14368
l 14378 14379
l 14394 14395
l 14405 14406
l 14421 14423
l 14444 14445
l 14471 14472
l 14499 14500
l 14510 14512
l 14515 14516
l 14526 14527
l 14537 14538
l 14553 14554
l 14586 14587
l 14630 14631
l 14646 14647
l 14662 14663
l 14678 14679
l 14712 14713
l 14738 14739
l 14755 14756
l 14771 14772
l 14787 14788
l 14803 14804
l 14836 14837
l 14854 14855
l 14881 14882
l 14898 14899
l 14914 14915
l 14930 14931
l 14946 14947
l 15001 15002
l 15018 15019
l 15034 15035
l 15050 15051
l 15066 15067
l 15084 15085
l 15100 15101
l 15116 15117
l 15137 15138
l 15171 15172
l 15187 15188
l 15198 15199
l 15203 15204
l 15219 15220
l 15235 15236
l 15251 15252
l 15267 15268
l 15291 15292
l 15307 15308
l 15356 15357
l 15373 15374
l 15385 15386
l 15402 15403
l 15422 15423
l 15440 15441
l 15456 15457
l 15473 15474
l 15496 15497
l 15532 15533
l 15549 15550
l 15585 15586
l 15601 15602
l 13367 15617
l 15630 15631
l 15646 15647
l 15664 15665
l 15680 15681
l 15701 15702
l 15717 15718
l 15734 15735
l 15763 15764
l 15787 15788
l 14964 15794
l 15803 15804
l 15819 15820
l 15837 15838
l 15855 15856
l 15872 15873
l 15934 15935
l 15951 15952
l 15985 15986
l 16012 16013
l 16028 16029
l 16046 16047
l 16064 16065
l 16080 16081
l 16114 16115
l 37 38
l 53 54
l 69 70
l 80 81
l 96 97
l 132 133
l 153 154
l 194 195
l 233 234
l 252 253
l 273 274
l 311 312
l 336 338
l 352 353
l 388 389
l 407 408
l 424 425
l 465 466
l 505 506
l 625 626
l 652 653
l 670 671
l 687 688
l 703 704
l 726 727
l 742 743
l 758 759
l 776 777
l 793 794
l 806 807
l 824 825
l 840 841
l 864 865
l 912 916
l 938 939
l 943 944
l 959 960
l 1004 1022
l 1076 1077
l 1097 1098
l 1108 1109
l 1133 1134
l 1154 1158
l 1258 1259
l 1278 1279
l 1265 1277
l 1297 1298
l 1346 1347
l 1364 1365
l 1382 1383
l 1404 1405
l 1422 1423
l 1479 1480
l 1513 1514
l 1530 1531
l 1537 1538
l 1589 1590
l 1600 1601
l 1685 1686
l 1702 1703
l 1720 1721
l 1770 1771
l 1781 1782
l 1725 1731
l 1824 1825
l 1840 1841
l 1856 1857
l 1884 1885
l 1900 1901
l 1867 1868
l 1714 1932
l 1937 1938
l 1953 1954
l 1969 1970
l 1986 1988
l 2026 2027
l 2044 2045
l 2050 2053
l 2031 2054
l 2060 2062
l 2066 2068
l 1775 2072
l 2119 2121
l 2125 2126
l 2140 2141
l 2135 2159
l 2190 2191
l 2211 2212
l 2229 2250
l 1926 2071
l 2039 2264
l 2288 2289
l 2304 2305
l 2321 2323
l 2356 2357
l 2351 2385
l 2397 2399
l 2402 2403
l 2379 2450
l 2449 2452
l 2490 2491
l 2526 2527
l 2544 2545
l 2563 2564
l 2590 2591
l 2626 2627
l 2602 2603
l 2659 2660
l 2704 2711
l 2787 2788
l 2824 2825
l 2841 2842
l 2761 2767
l 2877 2878
l 2914 2915
l 2966 2967
l 2998 2999
l 3017 3018
l 3106 3109
l 3142 3143
l 3161 3162
l 3177 3178
l 3182 3183
l 3202 3203
l 3232 3233
l 3254 3255
l 3290 3291
l 3310 3311
l 3357 3358
l 3383 3384
l 3425 3426
l 3480 3481
l 3512 3513
l 3535 3536
l 3547 3548
l 3564 3565
l 3606 3607
l 3612 3613
l 3644 3645
l 3660 3661
l 3676 3677
l 3709 3710
l 3727 3728
l 3783 3784
l 3828 3829
l 3835 3836
l 3855 3857
l 3904 3905
l 3914 3915
l 4008 4009
l 4059 4060
l 4078 4079
l 4101 4102
l 4161 4162
l 4187 4188
l 4205 4206
l 4220 4221
l 4322 4323
l 4341 4342
l 4352 4354
l 4398 4399
l 4424 4425
l 4445 4446
l 4465 4466
l 4486 4487
l 4522 4523
l 4557 4558
l 4577 4578
l 4601 4602
l 4621 4622
l 4650 4651
l 4684 4685
l 4231 4699
l 4704 4705
l 4725 4727
l 4730 4731
l 4746 4747
l 4784 4785
l 4800 4801
l 4806 4807
l 4879 4880
l 4908 4909
l 4954 4955
l 4999 5000
l 5033 5034
l 5050 5051
l 5062 5063
l 5109 5110
l 5127 5128
l 5158 5159
l 5267 5268
l 5303 5304
l 5344 5345
l 5366 5367
l 5397 5398
l 5421 5422
l 5441 5442
l 5452 5453
l 5498 5499
l 5522 5523
l 5538 5539
l 5564 5565
l 5612 5613
l 5629 5630
l 5484 5487
l 5640 5641
l 5674 5675
l 5690 5691
l 5706 5707
l 5724 5725
l 5804 5805
l 5820 5821
l 5837 5838
l 5855 5856
l 5963 5964
l 5994 5995
l 6013 6014
l 6032 6033
l 6046 6047
l 6074 6075
l 6096 6097
l 6112 6113
l 6119 6120
l 6140 6141
l 6157 6158
l 6173 6174
l 6197 6198
l 6209 6210
l 6225 6226
l 6270 6271
l 4992 4994
l 6317 6318
l 6335 6336
l 6379 6380
l 6404 6405
l 6421 6422
l 6449 6450
l 6463 6465
l 6468 6469
l 6492 6493
l 6509 6510
l 6527 6528
l 6544 6545
l 6555 6556
l 6598 6599
l 6615 6618
l 6637 6638
l 6667 6668
l 6683 6684
l 6704 6705
l 6709 6710
l 6720 6721
l 6739 6740
l 6755 6756
l 6771 6772
l 6788 6789
l 6806 6807
l 3809 6052
l 6833 6834
l 6850 6851
l 6877 6878
l 6894 6895
l 6288 6912
l 6927 6928
l 7058 7059
l 7075 7076
l 7095 7096
l 7113 7114
l 7129 7130
l 7146 7147
l 7177 7178
l 7202 7203
l 7219 7220
l 7235 7236
l 7269 7270
l 7286 7287
l 7303 7304
l 7320 7321
l 7355 7356
l 7371 7372
l 7387 7388
l 7405 7406
l 7422 7423
l 7440 7441
l 7478 7479
l 7510 7511
l 7528 7529
l 7544 7545
l 7570 7571
l 7586 7587
l 6989 7633
l 7637 7638
l 7697 7698
l 7704 7705
l 6910 7712
l 7746 7747
l 7648 7651
l 7783 7784
l 7815 7816
l 7830 7831
l 7872 7873
l 7900 7901
l 7944 7945
l 7971 7972
l 7850 8064
l 8070 8071
l 8086 8087
l 7965 7967
l 8127 8128
l 8144 8145
l 8162 8163
l 8175 8176
l 8213 8214
l 8229 8230
l 8257 8258
l 8268 8269
l 8273 8274
l 8295 8296
l 8327 8328
l 8343 8344
l 8368 8369
l 8384 8385
l 8444 8445
l 8465 8466
l 8501 8502
l 8533 8534
l 8569 8570
l 8608 8609
l 8628 8629
l 8663 8664
l 8680 8681
l 8724 8725
l 8755 8756
l 8774 8775
l 8796 8797
l 8862 8863
l 8888 8889
l 8938 8939
l 8958 8959
l 8983 8984
l 9000 9001
l 9011 9012
l 9022 9023
l 9028 9029
l 9048 9059
l 9062 9063
l 9122 9123
l 9149 9150
l 7885 8509
l 9182 9183
l 9193 9194
l 9231 9232
l 9254 9255
l 9299 9300
l 9317 9318
l 9328 9329
l 9334 9335
l 9371 9372
l 9387 9388
l 9466 9467
l 9508 9509
l 9528 9529
l 9547 9548
l 9565 9566
l 9593 9594
l 9611 9612
l 9646 9647
l 9652 9653
l 9686 9687
l 9702 9703
l 9709 9710
l 9722 9723
l 9745 9746
l 9761 9762
l 9782 9783
l 9811 9812
l 9828 9829
l 9888 9889
l 9902 9903
l 9989 9993
l 10001 10002
l 10068 10069
l 10080 10081
l 10095 10096
l 10121 10122
l 10137 10138
l 10153 10154
l 10173 10174
l 10189 10190
l 10206 10207
l 10230 10231
l 10242 10243
l 10266 10267
l 10284 10285
l 10253 10255
l 10364 10365
l 10371 10372
l 10399 10400
l 10405 10406
l 10422 10423
l 10455 10456
l 10589 10590
l 10607 10608
l 9169 10294
l 10624 10625
l 10660 10661
l 10667 10668
l 10683 10684
l 10699 10700
l 10715 10716
l 10732 10733
l 10212 10401
l 10743 10745
l 10750 10753
l 10756 10757
l 10798 10799
l 10848 10849
l 10868 10869
l 10886 10887
l 10926 10927
l 10933 10937
l 11005 11006
l 11054 11055
l 11073 11074
l 11089 11090
l 11108 11109
l 11125 11126
l 11142 11143
l 11178 11180
l 11196 11197
l 11221 11222
l 9793 11234
l 11240 11241
l 11342 11343
l 11363 11364
l 11380 11381
l 11396 11397
l 11413 11417
l 11473 11474
l 11512 11513
l 11530 11531
l 11569 11570
l 11580 11581
l 11597 11598
l 11615 11616
l 11659 11660
l 11718 11719
l 11757 11758
l 11799 11800
l 11809 11810
l 11837 11838
l 11856 11857
l 11912 11913
l 11967 11968
l 11987 11988
l 12026 12027
l 12055 12056
l 12075 12076
l 12093 12094
l 12112 12113
l 12142 12143
l 12154 12155
l 12165 12167
l 12224 12225
l 12229 12230
l 12245 12246
l 12117 12256
l 12272 12273
l 12290 12291
l 12321 12322
l 12387 12388
l 12407 12408
l 12376 12378
l 12433 12434
l 12459 12460
l 12477 12478
l 12496 12497
l 12515 12516
l 12573 12574
l 12603 12608
l 12611 12618
l 12633 12634
l 12654 12655
l 12675 12676
l 12760 12761
l 12776 12777
l 12792 12793
l 12808 12809
l 12851 12852
l 12868 12869
l 12896 12897
l 12919 12920
l 12936 12937
l 12955 12956
l 13003 13004
l 13019 13020
l 13060 13061
l 13081 13082
l 13142 13143
l 13158 13159
l 13192 13193
l 13245 13246
l 13262 13263
l 13281 13282
l 13301 13302
l 13324 13325
l 13331 13332
l 13349 13350
l 13381 13382
l 13393 13394
l 13413 13414
l 13438 13439
l 13455 13456
l 13518 13519
l 13543 13544
l 13559 13560
l 13571 13572
l 13605 13606
l 13621 13622
l 13646 13647
l 13663 13664
l 13679 13680
l 13736 13737
l 13747 13749
l 13762 13763
l 13779 13780
l 13797 13798
l 13837 13838
l 13856 13857
l 13874 13875
l 13891 13892
l 13920 13921
l 13593 13595
l 13959 13960
l 14016 14017
l 14040 14041
l 14063 14064
l 14080 14081
l 14086 14087
l 14096 14097
l 14112 14113
l 14144 14145
l 14162 14163
l 14178 14179
l 14194 14195
l 14210 14211
l 14267 14268
l 14283 14284
l 14299 14300
l 14351 14352
l 14384 14385
l 14411 14412
l 14422 14424
l 14450 14451
l 14488 14489
l 14494 14495
l 14505 14506
l 14477 14479
l 14521 14522
l 14543 14544
l 14559 14560
l 14576 14577
l 14592 14593
l 14603 14604
l 14620 14621
l 14636 14637
l 14652 14653
l 14668 14669
l 14692 14693
l 13216 13217
l 14702 14703
l 14745 14746
l 14761 14762
l 14777 14778
l 14793 14794
l 14809 14810
l 14826 14827
l 14860 14861
l 14870 14871
l 14888 14889
l 14904 14905
l 14920 14921
l 14936 14937
l 14970 14971
l 14989 14990
l 15008 15009
l 15024 15025
l 15040 15041
l 15056 15057
l 15074 15075
l 15090 15091
l 15106 15107
l 15143 15144
l 15161 15162
l 15177 15178
l 15193 15194
l 15209 15210
l 15225 15226
l 15241 15242
l 15257 15258
l 15297 15298
l 15313 15314
l 15362 15363
l 15379 15380
l 15391 15392
l 15430 15431
l 15446 15447
l 15462 15463
l 15485 15486
l 15502 15503
l 15521 15522
l 15538 15539
l 15575 15576
l 15591 15592
l 15607 15608
l 15620 15621
l 15636 15637
l 15652 15653
l 15670 15671
l 15691 15692
l 15707 15708
l 15686 15751
l 15752 15753
l 15776 15777
l 15809 15810
l 15844 15845
l 15916 15917
l 15940 15941
l 15957 15958
l 15974 15975
l 15991 15992
l 16018 16019
l 16070 16071
l 16086 16087
