# Blender 4.0.2
# www.blender.org
o fenders_red
v 0.064458 -0.070440 0.074300
v 0.064210 -0.075400 0.074300
v 0.064400 -0.070000 0.074300
v 0.064400 -0.070000 0.074300
v 0.064210 -0.075400 0.074300
v 0.063364 -0.075104 0.074300
v 0.064400 -0.070000 0.074300
v 0.063364 -0.075104 0.074300
v 0.062606 -0.074627 0.074300
v 0.064458 -0.070440 0.074300
v 0.064628 -0.070850 0.074300
v 0.064210 -0.075400 0.074300
v 0.064210 -0.075400 0.074300
v 0.064628 -0.070850 0.074300
v 0.065100 -0.075500 0.074300
v 0.065100 -0.075500 0.074300
v 0.064628 -0.070850 0.074300
v 0.064898 -0.071202 0.074300
v 0.065100 -0.075500 0.074300
v 0.064898 -0.071202 0.074300
v 0.065250 -0.071472 0.074300
v 0.065250 -0.071472 0.074300
v 0.065660 -0.071642 0.074300
v 0.065100 -0.075500 0.074300
v 0.065100 -0.075500 0.074300
v 0.065660 -0.071642 0.074300
v 0.066100 -0.071700 0.074300
v 0.065100 -0.075500 0.074300
v 0.066100 -0.071700 0.074300
v 0.066540 -0.071642 0.074300
v 0.066540 -0.071642 0.074300
v 0.066950 -0.071472 0.074300
v 0.065100 -0.075500 0.074300
v 0.065100 -0.075500 0.074300
v 0.066950 -0.071472 0.074300
v 0.067302 -0.071202 0.074300
v 0.065100 -0.075500 0.074300
v 0.067302 -0.071202 0.074300
v 0.067572 -0.070850 0.074300
v 0.065100 -0.075500 0.074300
v 0.067572 -0.070850 0.074300
v 0.076969 -0.075500 0.074300
v 0.076969 -0.075500 0.074300
v 0.067572 -0.070850 0.074300
v 0.067742 -0.070440 0.074300
v 0.076969 -0.075500 0.074300
v 0.067742 -0.070440 0.074300
v 0.067800 -0.070000 0.074300
v 0.067742 -0.069560 0.074300
v 0.075766 -0.025660 0.074300
v 0.067800 -0.070000 0.074300
v 0.067800 -0.070000 0.074300
v 0.075766 -0.025660 0.074300
v 0.075783 -0.026024 0.074300
v 0.067800 -0.070000 0.074300
v 0.075783 -0.026024 0.074300
v 0.076969 -0.075500 0.074300
v 0.076969 -0.075500 0.074300
v 0.075783 -0.026024 0.074300
v 0.075885 -0.026374 0.074300
v 0.076969 -0.075500 0.074300
v 0.075885 -0.026374 0.074300
v 0.076067 -0.026690 0.074300
v 0.067742 -0.069560 0.074300
v 0.067572 -0.069150 0.074300
v 0.075766 -0.025660 0.074300
v 0.075766 -0.025660 0.074300
v 0.067572 -0.069150 0.074300
v 0.067572 0.069150 0.074300
v 0.075766 -0.025660 0.074300
v 0.067572 0.069150 0.074300
v 0.075766 0.025660 0.074300
v 0.075766 0.025660 0.074300
v 0.067572 0.069150 0.074300
v 0.067742 0.069560 0.074300
v 0.075766 0.025660 0.074300
v 0.067742 0.069560 0.074300
v 0.067800 0.070000 0.074300
v 0.067572 0.069150 0.074300
v 0.067572 -0.069150 0.074300
v 0.067302 0.068798 0.074300
v 0.067302 0.068798 0.074300
v 0.067572 -0.069150 0.074300
v 0.067302 -0.068798 0.074300
v 0.067302 0.068798 0.074300
v 0.067302 -0.068798 0.074300
v 0.066950 0.068528 0.074300
v 0.066950 0.068528 0.074300
v 0.067302 -0.068798 0.074300
v 0.066950 -0.068528 0.074300
v 0.066950 0.068528 0.074300
v 0.066950 -0.068528 0.074300
v 0.066540 0.068358 0.074300
v 0.066540 0.068358 0.074300
v 0.066950 -0.068528 0.074300
v 0.066540 -0.068358 0.074300
v 0.066540 0.068358 0.074300
v 0.066540 -0.068358 0.074300
v 0.066100 0.068300 0.074300
v 0.066100 0.068300 0.074300
v 0.066540 -0.068358 0.074300
v 0.066100 -0.068300 0.074300
v 0.066100 0.068300 0.074300
v 0.066100 -0.068300 0.074300
v 0.065660 0.068358 0.074300
v 0.065660 0.068358 0.074300
v 0.066100 -0.068300 0.074300
v 0.065660 -0.068358 0.074300
v 0.065660 0.068358 0.074300
v 0.065660 -0.068358 0.074300
v 0.065250 0.068528 0.074300
v 0.065250 0.068528 0.074300
v 0.065660 -0.068358 0.074300
v 0.065250 -0.068528 0.074300
v 0.065250 0.068528 0.074300
v 0.065250 -0.068528 0.074300
v 0.064898 0.068798 0.074300
v 0.064898 0.068798 0.074300
v 0.065250 -0.068528 0.074300
v 0.064898 -0.068798 0.074300
v 0.064898 0.068798 0.074300
v 0.064898 -0.068798 0.074300
v 0.064628 0.069150 0.074300
v 0.064628 0.069150 0.074300
v 0.064898 -0.068798 0.074300
v 0.064628 -0.069150 0.074300
v 0.064628 0.069150 0.074300
v 0.064628 -0.069150 0.074300
v 0.064458 0.069560 0.074300
v 0.064458 0.069560 0.074300
v 0.064628 -0.069150 0.074300
v 0.064458 -0.069560 0.074300
v 0.064458 0.069560 0.074300
v 0.064458 -0.069560 0.074300
v 0.061100 0.071500 0.074300
v 0.061100 0.071500 0.074300
v 0.064458 -0.069560 0.074300
v 0.061100 -0.071500 0.074300
v 0.061100 -0.071500 0.074300
v 0.064458 -0.069560 0.074300
v 0.061973 -0.073994 0.074300
v 0.061100 -0.071500 0.074300
v 0.061973 -0.073994 0.074300
v 0.061496 -0.073236 0.074300
v 0.061973 -0.073994 0.074300
v 0.064458 -0.069560 0.074300
v 0.062606 -0.074627 0.074300
v 0.062606 -0.074627 0.074300
v 0.064458 -0.069560 0.074300
v 0.064400 -0.070000 0.074300
v 0.064458 0.069560 0.074300
v 0.062606 0.074627 0.074300
v 0.064400 0.070000 0.074300
v 0.064400 0.070000 0.074300
v 0.062606 0.074627 0.074300
v 0.063364 0.075104 0.074300
v 0.064400 0.070000 0.074300
v 0.063364 0.075104 0.074300
v 0.064210 0.075400 0.074300
v 0.067742 0.070440 0.074300
v 0.076969 0.075500 0.074300
v 0.067800 0.070000 0.074300
v 0.067800 0.070000 0.074300
v 0.076969 0.075500 0.074300
v 0.075783 0.026024 0.074300
v 0.067800 0.070000 0.074300
v 0.075783 0.026024 0.074300
v 0.075766 0.025660 0.074300
v 0.067742 0.070440 0.074300
v 0.067572 0.070850 0.074300
v 0.076969 0.075500 0.074300
v 0.076969 0.075500 0.074300
v 0.067572 0.070850 0.074300
v 0.065100 0.075500 0.074300
v 0.065100 0.075500 0.074300
v 0.067572 0.070850 0.074300
v 0.067302 0.071202 0.074300
v 0.065100 0.075500 0.074300
v 0.067302 0.071202 0.074300
v 0.066950 0.071472 0.074300
v 0.066950 0.071472 0.074300
v 0.066540 0.071642 0.074300
v 0.065100 0.075500 0.074300
v 0.065100 0.075500 0.074300
v 0.066540 0.071642 0.074300
v 0.066100 0.071700 0.074300
v 0.065100 0.075500 0.074300
v 0.066100 0.071700 0.074300
v 0.065660 0.071642 0.074300
v 0.065660 0.071642 0.074300
v 0.065250 0.071472 0.074300
v 0.065100 0.075500 0.074300
v 0.065100 0.075500 0.074300
v 0.065250 0.071472 0.074300
v 0.064898 0.071202 0.074300
v 0.065100 0.075500 0.074300
v 0.064898 0.071202 0.074300
v 0.064628 0.070850 0.074300
v 0.065100 0.075500 0.074300
v 0.064628 0.070850 0.074300
v 0.064210 0.075400 0.074300
v 0.064210 0.075400 0.074300
v 0.064628 0.070850 0.074300
v 0.064458 0.070440 0.074300
v 0.064210 0.075400 0.074300
v 0.064458 0.070440 0.074300
v 0.064400 0.070000 0.074300
v 0.076214 -0.024685 0.074300
v 0.076214 0.024685 0.074300
v 0.076501 -0.024460 0.074300
v 0.076501 -0.024460 0.074300
v 0.076214 0.024685 0.074300
v 0.076501 0.024460 0.074300
v 0.076501 -0.024460 0.074300
v 0.076501 0.024460 0.074300
v 0.076554 -0.024428 0.074300
v 0.076554 -0.024428 0.074300
v 0.076501 0.024460 0.074300
v 0.076554 0.024428 0.074300
v 0.076214 0.024685 0.074300
v 0.076214 -0.024685 0.074300
v 0.075988 0.024971 0.074300
v 0.075988 0.024971 0.074300
v 0.076214 -0.024685 0.074300
v 0.075988 -0.024971 0.074300
v 0.075988 0.024971 0.074300
v 0.075988 -0.024971 0.074300
v 0.075836 0.025302 0.074300
v 0.075836 0.025302 0.074300
v 0.075988 -0.024971 0.074300
v 0.075836 -0.025302 0.074300
v 0.075836 0.025302 0.074300
v 0.075836 -0.025302 0.074300
v 0.075766 0.025660 0.074300
v 0.075766 0.025660 0.074300
v 0.075836 -0.025302 0.074300
v 0.075766 -0.025660 0.074300
v 0.076067 -0.026690 0.074300
v 0.076318 -0.026954 0.074300
v 0.076969 -0.075500 0.074300
v 0.076969 -0.075500 0.074300
v 0.076318 -0.026954 0.074300
v 0.076624 -0.027152 0.074300
v 0.076969 -0.075500 0.074300
v 0.076624 -0.027152 0.074300
v 0.076969 -0.027271 0.074300
v 0.061496 -0.073236 0.074300
v 0.061200 -0.072390 0.074300
v 0.061100 -0.071500 0.074300
v 0.061200 0.072390 0.074300
v 0.061496 0.073236 0.074300
v 0.061100 0.071500 0.074300
v 0.061100 0.071500 0.074300
v 0.061496 0.073236 0.074300
v 0.061973 0.073994 0.074300
v 0.061100 0.071500 0.074300
v 0.061973 0.073994 0.074300
v 0.064458 0.069560 0.074300
v 0.064458 0.069560 0.074300
v 0.061973 0.073994 0.074300
v 0.062606 0.074627 0.074300
v 0.076969 0.027271 0.074300
v 0.076624 0.027152 0.074300
v 0.076969 0.075500 0.074300
v 0.076969 0.075500 0.074300
v 0.076624 0.027152 0.074300
v 0.076318 0.026954 0.074300
v 0.076969 0.075500 0.074300
v 0.076318 0.026954 0.074300
v 0.076067 0.026690 0.074300
v 0.076067 0.026690 0.074300
v 0.075885 0.026374 0.074300
v 0.076969 0.075500 0.074300
v 0.076969 0.075500 0.074300
v 0.075885 0.026374 0.074300
v 0.075783 0.026024 0.074300
v 0.077229 0.027307 0.074277
v 0.077294 0.027307 0.074647
v 0.077099 0.027298 0.074294
v 0.077099 0.027298 0.074294
v 0.077294 0.027307 0.074647
v 0.077164 0.027298 0.075042
v 0.077099 0.027298 0.074294
v 0.077164 0.027298 0.075042
v 0.076969 0.027271 0.074675
v 0.076969 0.027271 0.074675
v 0.077164 0.027298 0.075042
v 0.076969 0.027271 0.075238
v 0.076969 0.027271 0.075238
v 0.077164 0.027298 0.075042
v 0.076969 0.027271 0.075800
v 0.076969 0.027271 0.075800
v 0.077164 0.027298 0.075042
v 0.077490 0.027307 0.075754
v 0.077490 0.027307 0.075754
v 0.077164 0.027298 0.075042
v 0.077359 0.027307 0.075016
v 0.077359 0.027307 0.075016
v 0.077164 0.027298 0.075042
v 0.077294 0.027307 0.074647
v 0.076969 0.027271 0.074675
v 0.076969 0.027271 0.074300
v 0.077099 0.027298 0.074294
v 0.077490 0.075500 0.075754
v 0.077229 0.075500 0.074277
v 0.077317 0.075500 0.075780
v 0.077317 0.075500 0.075780
v 0.077229 0.075500 0.074277
v 0.077143 0.075500 0.075795
v 0.077143 0.075500 0.075795
v 0.077229 0.075500 0.074277
v 0.077143 0.075500 0.074290
v 0.077143 0.075500 0.075795
v 0.077143 0.075500 0.074290
v 0.077056 0.075500 0.074297
v 0.076969 0.075500 0.074300
v 0.076969 0.075500 0.075800
v 0.077056 0.075500 0.074297
v 0.077056 0.075500 0.074297
v 0.076969 0.075500 0.075800
v 0.077143 0.075500 0.075795
v 0.076969 0.075500 0.074300
v 0.065100 0.075500 0.074300
v 0.076969 0.075500 0.075800
v 0.076969 0.075500 0.075800
v 0.065100 0.075500 0.074300
v 0.065100 0.075500 0.075800
v 0.076969 0.027271 0.074300
v 0.076969 0.027271 0.074675
v 0.076624 0.027152 0.074300
v 0.076624 0.027152 0.074300
v 0.076969 0.027271 0.074675
v 0.076969 0.027271 0.075238
v 0.076624 0.027152 0.074300
v 0.076969 0.027271 0.075238
v 0.076624 0.027152 0.075800
v 0.076624 0.027152 0.075800
v 0.076969 0.027271 0.075238
v 0.076969 0.027271 0.075800
v 0.076624 0.027152 0.075800
v 0.076318 0.026954 0.075800
v 0.076624 0.027152 0.074300
v 0.076624 0.027152 0.074300
v 0.076318 0.026954 0.075800
v 0.076318 0.026954 0.074300
v 0.076318 0.026954 0.074300
v 0.076318 0.026954 0.075800
v 0.076067 0.026690 0.075800
v 0.076318 0.026954 0.074300
v 0.076067 0.026690 0.075800
v 0.076067 0.026690 0.074300
v 0.076067 0.026690 0.074300
v 0.076067 0.026690 0.075800
v 0.075885 0.026374 0.075800
v 0.076067 0.026690 0.074300
v 0.075885 0.026374 0.075800
v 0.075885 0.026374 0.074300
v 0.075885 0.026374 0.074300
v 0.075885 0.026374 0.075800
v 0.075783 0.026024 0.075800
v 0.075885 0.026374 0.074300
v 0.075783 0.026024 0.075800
v 0.075783 0.026024 0.074300
v 0.075783 0.026024 0.074300
v 0.075783 0.026024 0.075800
v 0.075766 0.025660 0.075800
v 0.075783 0.026024 0.074300
v 0.075766 0.025660 0.075800
v 0.075766 0.025660 0.074300
v 0.075766 0.025660 0.074300
v 0.075766 0.025660 0.075800
v 0.075836 0.025302 0.075800
v 0.075766 0.025660 0.074300
v 0.075836 0.025302 0.075800
v 0.075836 0.025302 0.074300
v 0.075836 0.025302 0.074300
v 0.075836 0.025302 0.075800
v 0.075988 0.024971 0.075800
v 0.075836 0.025302 0.074300
v 0.075988 0.024971 0.075800
v 0.075988 0.024971 0.074300
v 0.075988 0.024971 0.074300
v 0.075988 0.024971 0.075800
v 0.076214 0.024685 0.075800
v 0.075988 0.024971 0.074300
v 0.076214 0.024685 0.075800
v 0.076214 0.024685 0.074300
v 0.076214 0.024685 0.074300
v 0.076214 0.024685 0.075800
v 0.076501 0.024460 0.074300
v 0.076501 0.024460 0.074300
v 0.076214 0.024685 0.075800
v 0.076501 0.024460 0.075800
v 0.078915 0.026427 0.073928
v 0.079287 0.026189 0.073710
v 0.079155 0.026239 0.073999
v 0.079155 0.026239 0.073999
v 0.079287 0.026189 0.073710
v 0.079406 0.026013 0.074019
v 0.079155 0.026239 0.073999
v 0.079406 0.026013 0.074019
v 0.079210 0.026172 0.074165
v 0.079210 0.026172 0.074165
v 0.079406 0.026013 0.074019
v 0.079264 0.026105 0.074332
v 0.079210 0.026172 0.074165
v 0.079264 0.026105 0.074332
v 0.079051 0.026298 0.074458
v 0.079051 0.026298 0.074458
v 0.079264 0.026105 0.074332
v 0.079098 0.026253 0.074634
v 0.079051 0.026298 0.074458
v 0.079098 0.026253 0.074634
v 0.078583 0.026690 0.074419
v 0.078583 0.026690 0.074419
v 0.079098 0.026253 0.074634
v 0.079193 0.026164 0.074985
v 0.078583 0.026690 0.074419
v 0.079193 0.026164 0.074985
v 0.078778 0.026690 0.075527
v 0.078778 0.026690 0.075527
v 0.079193 0.026164 0.074985
v 0.079298 0.026063 0.075332
v 0.079298 0.026063 0.075332
v 0.079193 0.026164 0.074985
v 0.079426 0.025904 0.074832
v 0.079298 0.026063 0.075332
v 0.079426 0.025904 0.074832
v 0.079765 0.025484 0.074945
v 0.079765 0.025484 0.074945
v 0.079426 0.025904 0.074832
v 0.079318 0.026038 0.074498
v 0.079765 0.025484 0.074945
v 0.079318 0.026038 0.074498
v 0.079406 0.026013 0.074019
v 0.079406 0.026013 0.074019
v 0.079318 0.026038 0.074498
v 0.079264 0.026105 0.074332
v 0.078518 0.026690 0.074050
v 0.078956 0.026387 0.074107
v 0.078583 0.026690 0.074419
v 0.078583 0.026690 0.074419
v 0.078956 0.026387 0.074107
v 0.079003 0.026343 0.074282
v 0.078583 0.026690 0.074419
v 0.079003 0.026343 0.074282
v 0.079051 0.026298 0.074458
v 0.079051 0.026298 0.074458
v 0.079003 0.026343 0.074282
v 0.079210 0.026172 0.074165
v 0.078518 0.026690 0.074050
v 0.078915 0.026427 0.073928
v 0.078956 0.026387 0.074107
v 0.078956 0.026387 0.074107
v 0.078915 0.026427 0.073928
v 0.079155 0.026239 0.073999
v 0.078956 0.026387 0.074107
v 0.079155 0.026239 0.073999
v 0.079003 0.026343 0.074282
v 0.079003 0.026343 0.074282
v 0.079155 0.026239 0.073999
v 0.079210 0.026172 0.074165
v 0.079318 0.026038 0.074498
v 0.079426 0.025904 0.074832
v 0.079193 0.026164 0.074985
v 0.079264 0.026105 0.074332
v 0.079318 0.026038 0.074498
v 0.079098 0.026253 0.074634
v 0.079098 0.026253 0.074634
v 0.079318 0.026038 0.074498
v 0.079193 0.026164 0.074985
v 0.106968 0.036283 0.070451
v 0.106960 0.035535 0.070150
v 0.106757 0.036180 0.069661
v 0.106757 0.036180 0.069661
v 0.106960 0.035535 0.070150
v 0.106602 0.036064 0.069224
v 0.106757 0.036180 0.069661
v 0.106602 0.036064 0.069224
v 0.106482 0.036240 0.068915
v 0.106482 0.036240 0.068915
v 0.106585 0.036651 0.069048
v 0.106757 0.036180 0.069661
v 0.106757 0.036180 0.069661
v 0.106585 0.036651 0.069048
v 0.106777 0.036488 0.069755
v 0.106757 0.036180 0.069661
v 0.106777 0.036488 0.069755
v 0.106968 0.036283 0.070451
v 0.106968 0.036283 0.070451
v 0.106777 0.036488 0.069755
v 0.106781 0.036784 0.069809
v 0.106968 0.036283 0.070451
v 0.106781 0.036784 0.069809
v 0.106904 0.037085 0.070568
v 0.106904 0.037085 0.070568
v 0.106781 0.036784 0.069809
v 0.106709 0.037085 0.069460
v 0.106709 0.037085 0.069460
v 0.106781 0.036784 0.069809
v 0.106777 0.036488 0.069755
v 0.106709 0.037085 0.069460
v 0.106777 0.036488 0.069755
v 0.106585 0.036651 0.069048
v 0.106585 0.036651 0.069048
v 0.106643 0.037085 0.069091
v 0.106709 0.037085 0.069460
v 0.078518 0.026690 0.074050
v 0.078583 0.026690 0.074419
v 0.078176 0.026969 0.074110
v 0.078176 0.026969 0.074110
v 0.078583 0.026690 0.074419
v 0.078436 0.026969 0.075588
v 0.078436 0.026969 0.075588
v 0.078583 0.026690 0.074419
v 0.078778 0.026690 0.075527
v 0.106904 0.037085 0.070568
v 0.106709 0.037085 0.069460
v 0.106904 0.037138 0.070568
v 0.106904 0.037138 0.070568
v 0.106709 0.037085 0.069460
v 0.106644 0.037138 0.069091
v 0.106904 0.037138 0.070568
v 0.106644 0.037138 0.069091
v 0.106905 0.037191 0.070568
v 0.106905 0.037191 0.070568
v 0.106644 0.037138 0.069091
v 0.106644 0.037191 0.069091
v 0.106905 0.037191 0.070568
v 0.106644 0.037191 0.069091
v 0.106905 0.037245 0.070568
v 0.106905 0.037245 0.070568
v 0.106644 0.037191 0.069091
v 0.106644 0.037245 0.069091
v 0.106709 0.037085 0.069460
v 0.106643 0.037085 0.069091
v 0.106644 0.037138 0.069091
v 0.078054 0.023832 0.075398
v 0.078482 0.023634 0.075098
v 0.077879 0.023826 0.075065
v 0.077879 0.023826 0.075065
v 0.078482 0.023634 0.075098
v 0.077759 0.023634 0.074236
v 0.077879 0.023826 0.075065
v 0.077759 0.023634 0.074236
v 0.077690 0.023826 0.074741
v 0.077690 0.023826 0.074741
v 0.077759 0.023634 0.074236
v 0.077595 0.023826 0.074580
v 0.077690 0.023826 0.074741
v 0.077595 0.023826 0.074580
v 0.077281 0.024018 0.074729
v 0.077281 0.024018 0.074729
v 0.077595 0.023826 0.074580
v 0.077215 0.024018 0.074553
v 0.077281 0.024018 0.074729
v 0.077215 0.024018 0.074553
v 0.076890 0.024223 0.074644
v 0.076890 0.024223 0.074644
v 0.077215 0.024018 0.074553
v 0.076873 0.024223 0.074552
v 0.076890 0.024223 0.074644
v 0.076873 0.024223 0.074552
v 0.076554 0.024428 0.074675
v 0.076554 0.024428 0.074675
v 0.076873 0.024223 0.074552
v 0.076856 0.024223 0.074460
v 0.076554 0.024428 0.074675
v 0.076856 0.024223 0.074460
v 0.076554 0.024428 0.074300
v 0.076554 0.024428 0.074300
v 0.076856 0.024223 0.074460
v 0.076840 0.024223 0.074367
v 0.076554 0.024428 0.074300
v 0.076840 0.024223 0.074367
v 0.076815 0.024229 0.074277
v 0.076815 0.024229 0.074277
v 0.076840 0.024223 0.074367
v 0.077067 0.024031 0.074210
v 0.077067 0.024031 0.074210
v 0.076840 0.024223 0.074367
v 0.077116 0.024018 0.074290
v 0.077067 0.024031 0.074210
v 0.077116 0.024018 0.074290
v 0.077304 0.023832 0.074099
v 0.077304 0.023832 0.074099
v 0.077116 0.024018 0.074290
v 0.077359 0.023826 0.074175
v 0.077304 0.023832 0.074099
v 0.077359 0.023826 0.074175
v 0.077518 0.023634 0.073949
v 0.077518 0.023634 0.073949
v 0.077359 0.023826 0.074175
v 0.077406 0.023826 0.074256
v 0.077518 0.023634 0.073949
v 0.077406 0.023826 0.074256
v 0.077759 0.023634 0.074236
v 0.077759 0.023634 0.074236
v 0.077406 0.023826 0.074256
v 0.077453 0.023826 0.074337
v 0.077759 0.023634 0.074236
v 0.077453 0.023826 0.074337
v 0.077501 0.023826 0.074418
v 0.077501 0.023826 0.074418
v 0.077453 0.023826 0.074337
v 0.077182 0.024018 0.074466
v 0.077501 0.023826 0.074418
v 0.077182 0.024018 0.074466
v 0.077215 0.024018 0.074553
v 0.077215 0.024018 0.074553
v 0.077182 0.024018 0.074466
v 0.076873 0.024223 0.074552
v 0.076890 0.024223 0.074644
v 0.076554 0.024428 0.074675
v 0.076923 0.024223 0.074828
v 0.076923 0.024223 0.074828
v 0.076554 0.024428 0.074675
v 0.076554 0.024428 0.075800
v 0.076923 0.024223 0.074828
v 0.076554 0.024428 0.075800
v 0.077075 0.024229 0.075754
v 0.077580 0.024031 0.075619
v 0.077024 0.024223 0.075382
v 0.077075 0.024229 0.075754
v 0.077075 0.024229 0.075754
v 0.077024 0.024223 0.075382
v 0.076957 0.024223 0.075013
v 0.077075 0.024229 0.075754
v 0.076957 0.024223 0.075013
v 0.076923 0.024223 0.074828
v 0.076923 0.024223 0.074828
v 0.076957 0.024223 0.075013
v 0.077347 0.024018 0.074904
v 0.076923 0.024223 0.074828
v 0.077347 0.024018 0.074904
v 0.077281 0.024018 0.074729
v 0.077281 0.024018 0.074729
v 0.077347 0.024018 0.074904
v 0.077690 0.023826 0.074741
v 0.077024 0.024223 0.075382
v 0.077580 0.024031 0.075619
v 0.077479 0.024018 0.075255
v 0.077479 0.024018 0.075255
v 0.077580 0.024031 0.075619
v 0.078054 0.023832 0.075398
v 0.077479 0.024018 0.075255
v 0.078054 0.023832 0.075398
v 0.077879 0.023826 0.075065
v 0.077215 0.024018 0.074553
v 0.077595 0.023826 0.074580
v 0.077501 0.023826 0.074418
v 0.077501 0.023826 0.074418
v 0.077595 0.023826 0.074580
v 0.077759 0.023634 0.074236
v 0.076957 0.024223 0.075013
v 0.077024 0.024223 0.075382
v 0.077479 0.024018 0.075255
v 0.077690 0.023826 0.074741
v 0.077347 0.024018 0.074904
v 0.077879 0.023826 0.075065
v 0.077879 0.023826 0.075065
v 0.077347 0.024018 0.074904
v 0.077479 0.024018 0.075255
v 0.077347 0.024018 0.074904
v 0.076957 0.024223 0.075013
v 0.077479 0.024018 0.075255
v 0.076856 0.024223 0.074460
v 0.076873 0.024223 0.074552
v 0.077182 0.024018 0.074466
v 0.077182 0.024018 0.074466
v 0.077453 0.023826 0.074337
v 0.077149 0.024018 0.074378
v 0.077149 0.024018 0.074378
v 0.077453 0.023826 0.074337
v 0.077406 0.023826 0.074256
v 0.077149 0.024018 0.074378
v 0.077406 0.023826 0.074256
v 0.077116 0.024018 0.074290
v 0.077116 0.024018 0.074290
v 0.077406 0.023826 0.074256
v 0.077359 0.023826 0.074175
v 0.077281 0.024018 0.074729
v 0.076890 0.024223 0.074644
v 0.076923 0.024223 0.074828
v 0.077149 0.024018 0.074378
v 0.077116 0.024018 0.074290
v 0.076840 0.024223 0.074367
v 0.077182 0.024018 0.074466
v 0.077149 0.024018 0.074378
v 0.076856 0.024223 0.074460
v 0.076856 0.024223 0.074460
v 0.077149 0.024018 0.074378
v 0.076840 0.024223 0.074367
v 0.076554 0.024428 0.075800
v 0.076554 0.024428 0.074675
v 0.076501 0.024460 0.075800
v 0.076501 0.024460 0.075800
v 0.076554 0.024428 0.074675
v 0.076501 0.024460 0.074300
v 0.076501 0.024460 0.074300
v 0.076554 0.024428 0.074675
v 0.076554 0.024428 0.074300
v 0.077871 0.077775 0.075136
v 0.077918 0.087581 0.068156
v 0.077711 0.077130 0.074229
v 0.077711 0.077130 0.074229
v 0.077918 0.087581 0.068156
v 0.077704 0.086721 0.066946
v 0.077711 0.077130 0.074229
v 0.077704 0.086721 0.066946
v 0.077657 0.076914 0.073926
v 0.106391 0.076914 0.068860
v 0.106444 0.077130 0.069162
v 0.106492 0.076722 0.068957
v 0.106492 0.076722 0.068957
v 0.106444 0.077130 0.069162
v 0.106614 0.077038 0.069626
v 0.106492 0.076722 0.068957
v 0.106614 0.077038 0.069626
v 0.106569 0.076510 0.069031
v 0.106569 0.076510 0.069031
v 0.106614 0.077038 0.069626
v 0.106700 0.076701 0.069744
v 0.106569 0.076510 0.069031
v 0.106700 0.076701 0.069744
v 0.106619 0.076286 0.069076
v 0.106619 0.076286 0.069076
v 0.106700 0.076701 0.069744
v 0.106750 0.076382 0.069808
v 0.106619 0.076286 0.069076
v 0.106750 0.076382 0.069808
v 0.106642 0.076054 0.069091
v 0.106642 0.076054 0.069091
v 0.106750 0.076382 0.069808
v 0.106772 0.076054 0.069830
v 0.106772 0.076054 0.069830
v 0.106750 0.076382 0.069808
v 0.106903 0.076054 0.070568
v 0.106903 0.076054 0.070568
v 0.106750 0.076382 0.069808
v 0.106876 0.076518 0.070535
v 0.106876 0.076518 0.070535
v 0.106750 0.076382 0.069808
v 0.106700 0.076701 0.069744
v 0.106876 0.076518 0.070535
v 0.106700 0.076701 0.069744
v 0.106817 0.076967 0.070437
v 0.106817 0.076967 0.070437
v 0.106700 0.076701 0.069744
v 0.106614 0.077038 0.069626
v 0.106817 0.076967 0.070437
v 0.106614 0.077038 0.069626
v 0.106725 0.077390 0.070280
v 0.106725 0.077390 0.070280
v 0.106614 0.077038 0.069626
v 0.106604 0.077775 0.070070
v 0.106604 0.077775 0.070070
v 0.106614 0.077038 0.069626
v 0.106444 0.077130 0.069162
v 0.077882 0.077381 0.075371
v 0.077871 0.077775 0.075136
v 0.077765 0.077059 0.074703
v 0.077765 0.077059 0.074703
v 0.077871 0.077775 0.075136
v 0.077711 0.077130 0.074229
v 0.077765 0.077059 0.074703
v 0.077711 0.077130 0.074229
v 0.077648 0.076718 0.074046
v 0.077648 0.076718 0.074046
v 0.077711 0.077130 0.074229
v 0.077657 0.076914 0.073926
v 0.077765 0.077059 0.074703
v 0.077648 0.076718 0.074046
v 0.077758 0.076752 0.074832
v 0.077758 0.076752 0.074832
v 0.077648 0.076718 0.074046
v 0.077633 0.076505 0.074135
v 0.077758 0.076752 0.074832
v 0.077633 0.076505 0.074135
v 0.077742 0.076407 0.074920
v 0.077742 0.076407 0.074920
v 0.077633 0.076505 0.074135
v 0.077613 0.076282 0.074192
v 0.077742 0.076407 0.074920
v 0.077613 0.076282 0.074192
v 0.077651 0.076054 0.074584
v 0.077651 0.076054 0.074584
v 0.077613 0.076282 0.074192
v 0.077586 0.076054 0.074214
v 0.077651 0.076054 0.074584
v 0.077846 0.076054 0.075692
v 0.077742 0.076407 0.074920
v 0.077742 0.076407 0.074920
v 0.077846 0.076054 0.075692
v 0.077870 0.076510 0.075652
v 0.077742 0.076407 0.074920
v 0.077870 0.076510 0.075652
v 0.077882 0.076956 0.075544
v 0.077742 0.076407 0.074920
v 0.077882 0.076956 0.075544
v 0.077758 0.076752 0.074832
v 0.077758 0.076752 0.074832
v 0.077882 0.076956 0.075544
v 0.077882 0.077381 0.075371
v 0.077758 0.076752 0.074832
v 0.077882 0.077381 0.075371
v 0.077765 0.077059 0.074703
v 0.106642 0.076054 0.069091
v 0.106772 0.076054 0.069830
v 0.106643 0.076010 0.069091
v 0.106643 0.076010 0.069091
v 0.106772 0.076054 0.069830
v 0.106904 0.076010 0.070568
v 0.106643 0.076010 0.069091
v 0.106904 0.076010 0.070568
v 0.106644 0.075966 0.069091
v 0.106644 0.075966 0.069091
v 0.106904 0.076010 0.070568
v 0.106904 0.075966 0.070568
v 0.106644 0.075966 0.069091
v 0.106904 0.075966 0.070568
v 0.106644 0.075921 0.069091
v 0.106644 0.075921 0.069091
v 0.106904 0.075966 0.070568
v 0.106905 0.075921 0.070568
v 0.106772 0.076054 0.069830
v 0.106903 0.076054 0.070568
v 0.106904 0.076010 0.070568
v 0.094124 0.015662 0.061955
v 0.094603 0.014957 0.063190
v 0.093642 0.015541 0.062074
v 0.093642 0.015541 0.062074
v 0.094603 0.014957 0.063190
v 0.094120 0.014837 0.063308
v 0.093642 0.015541 0.062074
v 0.094120 0.014837 0.063308
v 0.093164 0.015535 0.062255
v 0.093164 0.015535 0.062255
v 0.094120 0.014837 0.063308
v 0.093642 0.014831 0.063490
v 0.093164 0.015535 0.062255
v 0.093642 0.014831 0.063490
v 0.092722 0.015644 0.062488
v 0.092722 0.015644 0.062488
v 0.093642 0.014831 0.063490
v 0.093200 0.014939 0.063723
v 0.092722 0.015644 0.062488
v 0.093200 0.014939 0.063723
v 0.092345 0.015860 0.062758
v 0.092345 0.015860 0.062758
v 0.093200 0.014939 0.063723
v 0.092823 0.015155 0.063992
v 0.079287 0.026189 0.073710
v 0.092345 0.015860 0.062758
v 0.079406 0.026013 0.074019
v 0.079406 0.026013 0.074019
v 0.092345 0.015860 0.062758
v 0.092823 0.015155 0.063992
v 0.079406 0.026013 0.074019
v 0.092823 0.015155 0.063992
v 0.079765 0.025484 0.074945
v 0.093642 0.015541 0.062074
v 0.093164 0.015535 0.062255
v 0.094124 0.015662 0.061955
v 0.094124 0.015662 0.061955
v 0.093164 0.015535 0.062255
v 0.092722 0.015644 0.062488
v 0.094124 0.015662 0.061955
v 0.092722 0.015644 0.062488
v 0.092345 0.015860 0.062758
v 0.079287 0.026189 0.073710
v 0.102861 0.020933 0.061581
v 0.092345 0.015860 0.062758
v 0.092345 0.015860 0.062758
v 0.102861 0.020933 0.061581
v 0.099982 0.017827 0.060922
v 0.092345 0.015860 0.062758
v 0.099982 0.017827 0.060922
v 0.094124 0.015662 0.061955
v 0.106482 0.036240 0.068915
v 0.106473 0.036199 0.068895
v 0.079287 0.026189 0.073710
v 0.079287 0.026189 0.073710
v 0.106473 0.036199 0.068895
v 0.106463 0.036159 0.068876
v 0.079287 0.026189 0.073710
v 0.106463 0.036159 0.068876
v 0.106454 0.036118 0.068856
v 0.106454 0.036118 0.068856
v 0.102861 0.020933 0.061581
v 0.079287 0.026189 0.073710
v 0.102861 0.020933 0.061581
v 0.102579 0.020146 0.061240
v 0.099982 0.017827 0.060922
v 0.099982 0.017827 0.060922
v 0.102579 0.020146 0.061240
v 0.102124 0.019406 0.060995
v 0.099982 0.017827 0.060922
v 0.102124 0.019406 0.060995
v 0.101518 0.018752 0.060856
v 0.101518 0.018752 0.060856
v 0.100791 0.018216 0.060831
v 0.099982 0.017827 0.060922
v 0.090570 0.013295 0.062998
v 0.091534 0.013295 0.064147
v 0.090876 0.012976 0.062741
v 0.090876 0.012976 0.062741
v 0.091534 0.013295 0.064147
v 0.091840 0.012976 0.063890
v 0.090876 0.012976 0.062741
v 0.091840 0.012976 0.063890
v 0.091110 0.012566 0.062544
v 0.091110 0.012566 0.062544
v 0.091840 0.012976 0.063890
v 0.092074 0.012566 0.063693
v 0.091110 0.012566 0.062544
v 0.092074 0.012566 0.063693
v 0.091257 0.012092 0.062421
v 0.091257 0.012092 0.062421
v 0.092074 0.012566 0.063693
v 0.092221 0.012092 0.063570
v 0.091257 0.012092 0.062421
v 0.092221 0.012092 0.063570
v 0.091307 0.011585 0.062379
v 0.091307 0.011585 0.062379
v 0.092221 0.012092 0.063570
v 0.092271 0.011585 0.063528
v 0.078482 0.023634 0.075098
v 0.091534 0.013295 0.064147
v 0.077759 0.023634 0.074236
v 0.077759 0.023634 0.074236
v 0.091534 0.013295 0.064147
v 0.090570 0.013295 0.062998
v 0.077759 0.023634 0.074236
v 0.090570 0.013295 0.062998
v 0.077518 0.023634 0.073949
v 0.106391 0.076914 0.068860
v 0.106378 0.076939 0.068845
v 0.106444 0.077130 0.069162
v 0.106444 0.077130 0.069162
v 0.106378 0.076939 0.068845
v 0.106591 0.077800 0.070055
v 0.106444 0.077130 0.069162
v 0.106591 0.077800 0.070055
v 0.106604 0.077775 0.070070
v 0.106591 0.077800 0.070055
v 0.106378 0.076939 0.068845
v 0.106578 0.077824 0.070040
v 0.106578 0.077824 0.070040
v 0.106378 0.076939 0.068845
v 0.106364 0.076964 0.068829
v 0.106578 0.077824 0.070040
v 0.106364 0.076964 0.068829
v 0.106564 0.077849 0.070024
v 0.106564 0.077849 0.070024
v 0.106364 0.076964 0.068829
v 0.106351 0.076988 0.068814
v 0.106904 0.075966 0.070568
v 0.106904 0.076010 0.070568
v 0.106905 0.075921 0.070568
v 0.106905 0.075921 0.070568
v 0.106904 0.076010 0.070568
v 0.106903 0.076054 0.070568
v 0.106905 0.075921 0.070568
v 0.106903 0.076054 0.070568
v 0.077846 0.076054 0.075692
v 0.077846 0.076054 0.075692
v 0.077789 0.075500 0.075702
v 0.106905 0.075921 0.070568
v 0.106905 0.075921 0.070568
v 0.077789 0.075500 0.075702
v 0.106905 0.037245 0.070568
v 0.106905 0.037245 0.070568
v 0.077789 0.075500 0.075702
v 0.078778 0.026690 0.075527
v 0.106905 0.037245 0.070568
v 0.078778 0.026690 0.075527
v 0.106904 0.037085 0.070568
v 0.077490 0.075500 0.075754
v 0.077490 0.027307 0.075754
v 0.077789 0.075500 0.075702
v 0.077789 0.075500 0.075702
v 0.077490 0.027307 0.075754
v 0.077828 0.027268 0.075695
v 0.077789 0.075500 0.075702
v 0.077828 0.027268 0.075695
v 0.078149 0.027154 0.075638
v 0.078149 0.027154 0.075638
v 0.078436 0.026969 0.075588
v 0.077789 0.075500 0.075702
v 0.077789 0.075500 0.075702
v 0.078436 0.026969 0.075588
v 0.078778 0.026690 0.075527
v 0.106904 0.037085 0.070568
v 0.106904 0.037138 0.070568
v 0.106905 0.037245 0.070568
v 0.106905 0.037245 0.070568
v 0.106904 0.037138 0.070568
v 0.106905 0.037191 0.070568
v 0.106644 0.075921 0.069091
v 0.106905 0.075921 0.070568
v 0.106644 0.037245 0.069091
v 0.106644 0.037245 0.069091
v 0.106905 0.075921 0.070568
v 0.106905 0.037245 0.070568
v 0.077586 0.076054 0.074214
v 0.106642 0.076054 0.069091
v 0.106644 0.075921 0.069091
v 0.106644 0.075921 0.069091
v 0.106642 0.076054 0.069091
v 0.106643 0.076010 0.069091
v 0.106644 0.075921 0.069091
v 0.106643 0.076010 0.069091
v 0.106644 0.075966 0.069091
v 0.077586 0.076054 0.074214
v 0.106644 0.075921 0.069091
v 0.077529 0.075500 0.074224
v 0.077529 0.075500 0.074224
v 0.106644 0.075921 0.069091
v 0.106644 0.037245 0.069091
v 0.077529 0.075500 0.074224
v 0.106644 0.037245 0.069091
v 0.078518 0.026690 0.074050
v 0.078518 0.026690 0.074050
v 0.106644 0.037245 0.069091
v 0.106643 0.037085 0.069091
v 0.106643 0.037085 0.069091
v 0.106644 0.037245 0.069091
v 0.106644 0.037138 0.069091
v 0.106644 0.037138 0.069091
v 0.106644 0.037245 0.069091
v 0.106644 0.037191 0.069091
v 0.078518 0.026690 0.074050
v 0.078176 0.026969 0.074110
v 0.077529 0.075500 0.074224
v 0.077529 0.075500 0.074224
v 0.078176 0.026969 0.074110
v 0.077888 0.027154 0.074161
v 0.077529 0.075500 0.074224
v 0.077888 0.027154 0.074161
v 0.077567 0.027268 0.074218
v 0.077567 0.027268 0.074218
v 0.077229 0.027307 0.074277
v 0.077529 0.075500 0.074224
v 0.077529 0.075500 0.074224
v 0.077229 0.027307 0.074277
v 0.077229 0.075500 0.074277
v 0.106492 0.076722 0.068957
v 0.100810 0.076648 0.069995
v 0.106391 0.076914 0.068860
v 0.106391 0.076914 0.068860
v 0.100810 0.076648 0.069995
v 0.094998 0.076648 0.071019
v 0.106391 0.076914 0.068860
v 0.094998 0.076648 0.071019
v 0.089187 0.076648 0.072044
v 0.089187 0.076648 0.072044
v 0.094998 0.076648 0.071019
v 0.089203 0.076357 0.072134
v 0.089187 0.076648 0.072044
v 0.089203 0.076357 0.072134
v 0.083392 0.076357 0.073159
v 0.083392 0.076357 0.073159
v 0.089203 0.076357 0.072134
v 0.077586 0.076054 0.074214
v 0.083392 0.076357 0.073159
v 0.077586 0.076054 0.074214
v 0.077613 0.076282 0.074192
v 0.106492 0.076722 0.068957
v 0.106569 0.076510 0.069031
v 0.100810 0.076648 0.069995
v 0.100810 0.076648 0.069995
v 0.106569 0.076510 0.069031
v 0.100825 0.076357 0.070085
v 0.100810 0.076648 0.069995
v 0.100825 0.076357 0.070085
v 0.095014 0.076357 0.071110
v 0.095014 0.076357 0.071110
v 0.100825 0.076357 0.070085
v 0.106619 0.076286 0.069076
v 0.095014 0.076357 0.071110
v 0.106619 0.076286 0.069076
v 0.077586 0.076054 0.074214
v 0.077586 0.076054 0.074214
v 0.106619 0.076286 0.069076
v 0.106642 0.076054 0.069091
v 0.106569 0.076510 0.069031
v 0.106619 0.076286 0.069076
v 0.100825 0.076357 0.070085
v 0.077613 0.076282 0.074192
v 0.077633 0.076505 0.074135
v 0.083392 0.076357 0.073159
v 0.083392 0.076357 0.073159
v 0.077633 0.076505 0.074135
v 0.083376 0.076648 0.073069
v 0.083392 0.076357 0.073159
v 0.083376 0.076648 0.073069
v 0.089187 0.076648 0.072044
v 0.089187 0.076648 0.072044
v 0.083376 0.076648 0.073069
v 0.077648 0.076718 0.074046
v 0.089187 0.076648 0.072044
v 0.077648 0.076718 0.074046
v 0.106391 0.076914 0.068860
v 0.106391 0.076914 0.068860
v 0.077648 0.076718 0.074046
v 0.077657 0.076914 0.073926
v 0.077633 0.076505 0.074135
v 0.077648 0.076718 0.074046
v 0.083376 0.076648 0.073069
v 0.089203 0.076357 0.072134
v 0.094998 0.076648 0.071019
v 0.095014 0.076357 0.071110
v 0.095014 0.076357 0.071110
v 0.094998 0.076648 0.071019
v 0.100810 0.076648 0.069995
v 0.077586 0.076054 0.074214
v 0.089203 0.076357 0.072134
v 0.095014 0.076357 0.071110
v 0.077704 0.086721 0.066946
v 0.077918 0.087581 0.068156
v 0.077798 0.087404 0.066443
v 0.077798 0.087404 0.066443
v 0.077918 0.087581 0.068156
v 0.078011 0.088265 0.067653
v 0.077798 0.087404 0.066443
v 0.078011 0.088265 0.067653
v 0.078067 0.088041 0.065943
v 0.078067 0.088041 0.065943
v 0.078011 0.088265 0.067653
v 0.078280 0.088902 0.067153
v 0.078067 0.088041 0.065943
v 0.078280 0.088902 0.067153
v 0.078500 0.088603 0.065467
v 0.078500 0.088603 0.065467
v 0.078280 0.088902 0.067153
v 0.078714 0.089463 0.066677
v 0.078500 0.088603 0.065467
v 0.078714 0.089463 0.066677
v 0.079078 0.089062 0.065039
v 0.079078 0.089062 0.065039
v 0.078714 0.089463 0.066677
v 0.079291 0.089923 0.066249
v 0.077871 0.077775 0.075136
v 0.106604 0.077775 0.070070
v 0.106564 0.077849 0.070024
v 0.106564 0.077849 0.070024
v 0.106604 0.077775 0.070070
v 0.106591 0.077800 0.070055
v 0.106564 0.077849 0.070024
v 0.106591 0.077800 0.070055
v 0.106578 0.077824 0.070040
v 0.077871 0.077775 0.075136
v 0.106564 0.077849 0.070024
v 0.077918 0.087581 0.068156
v 0.077918 0.087581 0.068156
v 0.106564 0.077849 0.070024
v 0.097825 0.093477 0.060454
v 0.077918 0.087581 0.068156
v 0.097825 0.093477 0.060454
v 0.079291 0.089923 0.066249
v 0.079291 0.089923 0.066249
v 0.097825 0.093477 0.060454
v 0.087455 0.095040 0.061170
v 0.087455 0.095040 0.061170
v 0.097825 0.093477 0.060454
v 0.089643 0.095633 0.060363
v 0.087455 0.095040 0.061170
v 0.089643 0.095633 0.060363
v 0.088115 0.095365 0.060823
v 0.088115 0.095365 0.060823
v 0.089643 0.095633 0.060363
v 0.088854 0.095565 0.060551
v 0.089643 0.095633 0.060363
v 0.097825 0.093477 0.060454
v 0.093861 0.095633 0.059620
v 0.093861 0.095633 0.059620
v 0.097825 0.093477 0.060454
v 0.097403 0.094076 0.060102
v 0.093861 0.095633 0.059620
v 0.097403 0.094076 0.060102
v 0.096852 0.094605 0.059823
v 0.096852 0.094605 0.059823
v 0.096193 0.095040 0.059630
v 0.093861 0.095633 0.059620
v 0.093861 0.095633 0.059620
v 0.096193 0.095040 0.059630
v 0.095454 0.095365 0.059529
v 0.093861 0.095633 0.059620
v 0.095454 0.095365 0.059529
v 0.094666 0.095565 0.059526
v 0.078714 0.089463 0.066677
v 0.078280 0.088902 0.067153
v 0.079291 0.089923 0.066249
v 0.079291 0.089923 0.066249
v 0.078280 0.088902 0.067153
v 0.078011 0.088265 0.067653
v 0.079291 0.089923 0.066249
v 0.078011 0.088265 0.067653
v 0.077918 0.087581 0.068156
v 0.079291 0.089923 0.066249
v 0.087455 0.095040 0.061170
v 0.079078 0.089062 0.065039
v 0.079078 0.089062 0.065039
v 0.087455 0.095040 0.061170
v 0.087242 0.094180 0.059960
v 0.087242 0.094180 0.059960
v 0.087455 0.095040 0.061170
v 0.087902 0.094504 0.059613
v 0.087902 0.094504 0.059613
v 0.087455 0.095040 0.061170
v 0.088115 0.095365 0.060823
v 0.087902 0.094504 0.059613
v 0.088115 0.095365 0.060823
v 0.088641 0.094705 0.059341
v 0.088641 0.094705 0.059341
v 0.088115 0.095365 0.060823
v 0.088854 0.095565 0.060551
v 0.088641 0.094705 0.059341
v 0.088854 0.095565 0.060551
v 0.089429 0.094772 0.059153
v 0.089429 0.094772 0.059153
v 0.088854 0.095565 0.060551
v 0.089643 0.095633 0.060363
v 0.093648 0.094772 0.058410
v 0.093861 0.095633 0.059620
v 0.094453 0.094705 0.058316
v 0.094453 0.094705 0.058316
v 0.093861 0.095633 0.059620
v 0.094666 0.095565 0.059526
v 0.094453 0.094705 0.058316
v 0.094666 0.095565 0.059526
v 0.095241 0.094504 0.058319
v 0.095241 0.094504 0.058319
v 0.094666 0.095565 0.059526
v 0.095454 0.095365 0.059529
v 0.095241 0.094504 0.058319
v 0.095454 0.095365 0.059529
v 0.095980 0.094180 0.058420
v 0.095980 0.094180 0.058420
v 0.095454 0.095365 0.059529
v 0.096193 0.095040 0.059630
v 0.095980 0.094180 0.058420
v 0.096193 0.095040 0.059630
v 0.096638 0.093744 0.058613
v 0.096638 0.093744 0.058613
v 0.096193 0.095040 0.059630
v 0.096852 0.094605 0.059823
v 0.096638 0.093744 0.058613
v 0.096852 0.094605 0.059823
v 0.097190 0.093216 0.058892
v 0.097190 0.093216 0.058892
v 0.096852 0.094605 0.059823
v 0.097403 0.094076 0.060102
v 0.097190 0.093216 0.058892
v 0.097403 0.094076 0.060102
v 0.097612 0.092616 0.059243
v 0.097612 0.092616 0.059243
v 0.097403 0.094076 0.060102
v 0.097825 0.093477 0.060454
v 0.106351 0.076988 0.068814
v 0.097612 0.092616 0.059243
v 0.106564 0.077849 0.070024
v 0.106564 0.077849 0.070024
v 0.097612 0.092616 0.059243
v 0.097825 0.093477 0.060454
v 0.061100 0.071500 0.074300
v 0.061100 0.071500 0.075800
v 0.061200 0.072390 0.074300
v 0.061200 0.072390 0.074300
v 0.061100 0.071500 0.075800
v 0.061200 0.072390 0.075800
v 0.061200 0.072390 0.074300
v 0.061200 0.072390 0.075800
v 0.061496 0.073236 0.074300
v 0.061496 0.073236 0.074300
v 0.061200 0.072390 0.075800
v 0.061496 0.073236 0.075800
v 0.061496 0.073236 0.074300
v 0.061496 0.073236 0.075800
v 0.061973 0.073994 0.074300
v 0.061973 0.073994 0.074300
v 0.061496 0.073236 0.075800
v 0.061973 0.073994 0.075800
v 0.061973 0.073994 0.074300
v 0.061973 0.073994 0.075800
v 0.062606 0.074627 0.074300
v 0.062606 0.074627 0.074300
v 0.061973 0.073994 0.075800
v 0.062606 0.074627 0.075800
v 0.062606 0.074627 0.074300
v 0.062606 0.074627 0.075800
v 0.063364 0.075104 0.074300
v 0.063364 0.075104 0.074300
v 0.062606 0.074627 0.075800
v 0.063364 0.075104 0.075800
v 0.063364 0.075104 0.074300
v 0.063364 0.075104 0.075800
v 0.064210 0.075400 0.074300
v 0.064210 0.075400 0.074300
v 0.063364 0.075104 0.075800
v 0.064210 0.075400 0.075800
v 0.064210 0.075400 0.074300
v 0.064210 0.075400 0.075800
v 0.065100 0.075500 0.074300
v 0.065100 0.075500 0.074300
v 0.064210 0.075400 0.075800
v 0.065100 0.075500 0.075800
v 0.077490 0.075500 0.075754
v 0.077789 0.075500 0.075702
v 0.077229 0.075500 0.074277
v 0.077229 0.075500 0.074277
v 0.077789 0.075500 0.075702
v 0.077529 0.075500 0.074224
v 0.102861 0.020933 0.061581
v 0.103339 0.020229 0.062816
v 0.102579 0.020146 0.061240
v 0.102579 0.020146 0.061240
v 0.103339 0.020229 0.062816
v 0.103057 0.019441 0.062475
v 0.102579 0.020146 0.061240
v 0.103057 0.019441 0.062475
v 0.102124 0.019406 0.060995
v 0.102124 0.019406 0.060995
v 0.103057 0.019441 0.062475
v 0.102602 0.018702 0.062229
v 0.102124 0.019406 0.060995
v 0.102602 0.018702 0.062229
v 0.101518 0.018752 0.060856
v 0.101518 0.018752 0.060856
v 0.102602 0.018702 0.062229
v 0.101996 0.018047 0.062091
v 0.101518 0.018752 0.060856
v 0.101996 0.018047 0.062091
v 0.100791 0.018216 0.060831
v 0.100791 0.018216 0.060831
v 0.101996 0.018047 0.062091
v 0.101269 0.017511 0.062066
v 0.100791 0.018216 0.060831
v 0.101269 0.017511 0.062066
v 0.099982 0.017827 0.060922
v 0.099982 0.017827 0.060922
v 0.101269 0.017511 0.062066
v 0.100460 0.017122 0.062157
v 0.102861 0.020933 0.061581
v 0.106454 0.036118 0.068856
v 0.103339 0.020229 0.062816
v 0.103339 0.020229 0.062816
v 0.106454 0.036118 0.068856
v 0.106932 0.035413 0.070091
v 0.093200 0.014939 0.063723
v 0.094603 0.014957 0.063190
v 0.092823 0.015155 0.063992
v 0.092823 0.015155 0.063992
v 0.094603 0.014957 0.063190
v 0.100460 0.017122 0.062157
v 0.092823 0.015155 0.063992
v 0.100460 0.017122 0.062157
v 0.103339 0.020229 0.062816
v 0.103339 0.020229 0.062816
v 0.100460 0.017122 0.062157
v 0.103057 0.019441 0.062475
v 0.103057 0.019441 0.062475
v 0.100460 0.017122 0.062157
v 0.102602 0.018702 0.062229
v 0.102602 0.018702 0.062229
v 0.100460 0.017122 0.062157
v 0.101996 0.018047 0.062091
v 0.101996 0.018047 0.062091
v 0.100460 0.017122 0.062157
v 0.101269 0.017511 0.062066
v 0.093200 0.014939 0.063723
v 0.093642 0.014831 0.063490
v 0.094603 0.014957 0.063190
v 0.094603 0.014957 0.063190
v 0.093642 0.014831 0.063490
v 0.094120 0.014837 0.063308
v 0.092823 0.015155 0.063992
v 0.103339 0.020229 0.062816
v 0.079765 0.025484 0.074945
v 0.079765 0.025484 0.074945
v 0.103339 0.020229 0.062816
v 0.106932 0.035413 0.070091
v 0.079765 0.025484 0.074945
v 0.106932 0.035413 0.070091
v 0.106942 0.035454 0.070111
v 0.106942 0.035454 0.070111
v 0.106951 0.035495 0.070130
v 0.079765 0.025484 0.074945
v 0.079765 0.025484 0.074945
v 0.106951 0.035495 0.070130
v 0.106960 0.035535 0.070150
v 0.106960 0.035535 0.070150
v 0.106951 0.035495 0.070130
v 0.106602 0.036064 0.069224
v 0.106602 0.036064 0.069224
v 0.106951 0.035495 0.070130
v 0.106473 0.036199 0.068895
v 0.106602 0.036064 0.069224
v 0.106473 0.036199 0.068895
v 0.106482 0.036240 0.068915
v 0.106473 0.036199 0.068895
v 0.106951 0.035495 0.070130
v 0.106463 0.036159 0.068876
v 0.106463 0.036159 0.068876
v 0.106951 0.035495 0.070130
v 0.106942 0.035454 0.070111
v 0.106463 0.036159 0.068876
v 0.106942 0.035454 0.070111
v 0.106454 0.036118 0.068856
v 0.106454 0.036118 0.068856
v 0.106942 0.035454 0.070111
v 0.106932 0.035413 0.070091
v 0.106585 0.036651 0.069048
v 0.099734 0.034120 0.070256
v 0.106643 0.037085 0.069091
v 0.106643 0.037085 0.069091
v 0.099734 0.034120 0.070256
v 0.092703 0.031522 0.071497
v 0.106643 0.037085 0.069091
v 0.092703 0.031522 0.071497
v 0.085671 0.028924 0.072737
v 0.085671 0.028924 0.072737
v 0.092703 0.031522 0.071497
v 0.079287 0.026189 0.073710
v 0.085671 0.028924 0.072737
v 0.079287 0.026189 0.073710
v 0.078915 0.026427 0.073928
v 0.106585 0.036651 0.069048
v 0.106482 0.036240 0.068915
v 0.099734 0.034120 0.070256
v 0.099734 0.034120 0.070256
v 0.106482 0.036240 0.068915
v 0.079287 0.026189 0.073710
v 0.099734 0.034120 0.070256
v 0.079287 0.026189 0.073710
v 0.092703 0.031522 0.071497
v 0.078518 0.026690 0.074050
v 0.106643 0.037085 0.069091
v 0.078915 0.026427 0.073928
v 0.078915 0.026427 0.073928
v 0.106643 0.037085 0.069091
v 0.085671 0.028924 0.072737
v 0.094124 0.015662 0.061955
v 0.099982 0.017827 0.060922
v 0.094603 0.014957 0.063190
v 0.094603 0.014957 0.063190
v 0.099982 0.017827 0.060922
v 0.100460 0.017122 0.062157
v 0.077490 0.027307 0.075754
v 0.077359 0.027307 0.075016
v 0.077828 0.027268 0.075695
v 0.077828 0.027268 0.075695
v 0.077359 0.027307 0.075016
v 0.077567 0.027268 0.074218
v 0.077828 0.027268 0.075695
v 0.077567 0.027268 0.074218
v 0.078149 0.027154 0.075638
v 0.078149 0.027154 0.075638
v 0.077567 0.027268 0.074218
v 0.077888 0.027154 0.074161
v 0.078149 0.027154 0.075638
v 0.077888 0.027154 0.074161
v 0.078436 0.026969 0.075588
v 0.078436 0.026969 0.075588
v 0.077888 0.027154 0.074161
v 0.078176 0.026969 0.074110
v 0.077359 0.027307 0.075016
v 0.077294 0.027307 0.074647
v 0.077567 0.027268 0.074218
v 0.077567 0.027268 0.074218
v 0.077294 0.027307 0.074647
v 0.077229 0.027307 0.074277
v 0.077846 0.076054 0.075692
v 0.077651 0.076054 0.074584
v 0.077789 0.075500 0.075702
v 0.077789 0.075500 0.075702
v 0.077651 0.076054 0.074584
v 0.077529 0.075500 0.074224
v 0.077529 0.075500 0.074224
v 0.077651 0.076054 0.074584
v 0.077586 0.076054 0.074214
v 0.089643 0.095633 0.060363
v 0.093861 0.095633 0.059620
v 0.089429 0.094772 0.059153
v 0.089429 0.094772 0.059153
v 0.093861 0.095633 0.059620
v 0.093648 0.094772 0.058410
v 0.078054 0.023832 0.075398
v 0.077900 0.012214 0.075481
v 0.078482 0.023634 0.075098
v 0.078482 0.023634 0.075098
v 0.077900 0.012214 0.075481
v 0.077900 0.000000 0.075481
v 0.078482 0.023634 0.075098
v 0.077900 0.000000 0.075481
v 0.077900 -0.012214 0.075481
v 0.077900 -0.012214 0.075481
v 0.077900 0.000000 0.075481
v 0.077246 -0.012214 0.075719
v 0.077900 -0.012214 0.075481
v 0.077246 -0.012214 0.075719
v 0.077580 -0.024031 0.075619
v 0.077580 -0.024031 0.075619
v 0.077246 -0.012214 0.075719
v 0.077075 -0.024229 0.075754
v 0.077075 -0.024229 0.075754
v 0.077246 -0.012214 0.075719
v 0.076554 -0.024428 0.075800
v 0.076554 -0.024428 0.075800
v 0.077246 -0.012214 0.075719
v 0.077246 0.000000 0.075719
v 0.076554 -0.024428 0.075800
v 0.077246 0.000000 0.075719
v 0.077246 0.012214 0.075719
v 0.077246 0.012214 0.075719
v 0.077246 0.000000 0.075719
v 0.077900 0.012214 0.075481
v 0.077246 0.012214 0.075719
v 0.077900 0.012214 0.075481
v 0.077580 0.024031 0.075619
v 0.077580 0.024031 0.075619
v 0.077900 0.012214 0.075481
v 0.078054 0.023832 0.075398
v 0.077580 0.024031 0.075619
v 0.077075 0.024229 0.075754
v 0.077246 0.012214 0.075719
v 0.077246 0.012214 0.075719
v 0.077075 0.024229 0.075754
v 0.076554 -0.024428 0.075800
v 0.077075 0.024229 0.075754
v 0.076554 0.024428 0.075800
v 0.076554 -0.024428 0.075800
v 0.077580 -0.024031 0.075619
v 0.078055 -0.023832 0.075398
v 0.077900 -0.012214 0.075481
v 0.077900 -0.012214 0.075481
v 0.078055 -0.023832 0.075398
v 0.078482 0.023634 0.075098
v 0.078055 -0.023832 0.075398
v 0.078482 -0.023634 0.075098
v 0.078482 0.023634 0.075098
v 0.077246 -0.012214 0.075719
v 0.077900 0.000000 0.075481
v 0.077246 0.000000 0.075719
v 0.077246 0.000000 0.075719
v 0.077900 0.000000 0.075481
v 0.077900 0.012214 0.075481
v 0.079765 0.025484 0.074945
v 0.106960 0.035535 0.070150
v 0.093086 0.031155 0.072900
v 0.093086 0.031155 0.072900
v 0.106960 0.035535 0.070150
v 0.106968 0.036283 0.070451
v 0.093086 0.031155 0.072900
v 0.106968 0.036283 0.070451
v 0.106904 0.037085 0.070568
v 0.106904 0.037085 0.070568
v 0.078778 0.026690 0.075527
v 0.093086 0.031155 0.072900
v 0.093086 0.031155 0.072900
v 0.078778 0.026690 0.075527
v 0.079298 0.026063 0.075332
v 0.093086 0.031155 0.072900
v 0.079298 0.026063 0.075332
v 0.079765 0.025484 0.074945
v 0.076815 0.024229 0.074277
v 0.076900 0.017448 0.074260
v 0.076554 0.024428 0.074300
v 0.076554 0.024428 0.074300
v 0.076900 0.017448 0.074260
v 0.076900 0.010469 0.074260
v 0.076554 0.024428 0.074300
v 0.076900 0.010469 0.074260
v 0.076900 0.003490 0.074260
v 0.076900 0.003490 0.074260
v 0.076900 0.010469 0.074260
v 0.077227 0.003490 0.074140
v 0.076900 0.003490 0.074260
v 0.077227 0.003490 0.074140
v 0.077227 -0.003490 0.074140
v 0.077227 -0.003490 0.074140
v 0.077227 0.003490 0.074140
v 0.077518 -0.023634 0.073949
v 0.077227 -0.003490 0.074140
v 0.077518 -0.023634 0.073949
v 0.077227 -0.010469 0.074140
v 0.077227 -0.010469 0.074140
v 0.077518 -0.023634 0.073949
v 0.077227 -0.017448 0.074140
v 0.077227 -0.010469 0.074140
v 0.077227 -0.017448 0.074140
v 0.076900 -0.010469 0.074260
v 0.076900 -0.010469 0.074260
v 0.077227 -0.017448 0.074140
v 0.076900 -0.017448 0.074260
v 0.076900 -0.010469 0.074260
v 0.076900 -0.017448 0.074260
v 0.076814 -0.024230 0.074277
v 0.076814 -0.024230 0.074277
v 0.076900 -0.017448 0.074260
v 0.077067 -0.024031 0.074210
v 0.077067 -0.024031 0.074210
v 0.076900 -0.017448 0.074260
v 0.077227 -0.017448 0.074140
v 0.077067 -0.024031 0.074210
v 0.077227 -0.017448 0.074140
v 0.077304 -0.023832 0.074099
v 0.077304 -0.023832 0.074099
v 0.077227 -0.017448 0.074140
v 0.077518 -0.023634 0.073949
v 0.076815 0.024229 0.074277
v 0.077067 0.024031 0.074210
v 0.076900 0.017448 0.074260
v 0.076900 0.017448 0.074260
v 0.077067 0.024031 0.074210
v 0.077227 0.017448 0.074140
v 0.076900 0.017448 0.074260
v 0.077227 0.017448 0.074140
v 0.077227 0.010469 0.074140
v 0.077227 0.010469 0.074140
v 0.077227 0.017448 0.074140
v 0.077304 0.023832 0.074099
v 0.077227 0.010469 0.074140
v 0.077304 0.023832 0.074099
v 0.077518 -0.023634 0.073949
v 0.077518 -0.023634 0.073949
v 0.077304 0.023832 0.074099
v 0.077518 0.023634 0.073949
v 0.077067 0.024031 0.074210
v 0.077304 0.023832 0.074099
v 0.077227 0.017448 0.074140
v 0.076554 -0.024428 0.074300
v 0.076554 0.024428 0.074300
v 0.076814 -0.024230 0.074277
v 0.076814 -0.024230 0.074277
v 0.076554 0.024428 0.074300
v 0.076900 -0.010469 0.074260
v 0.077227 0.003490 0.074140
v 0.076900 0.010469 0.074260
v 0.077227 0.010469 0.074140
v 0.077227 0.010469 0.074140
v 0.076900 0.010469 0.074260
v 0.076900 0.017448 0.074260
v 0.076900 -0.010469 0.074260
v 0.076554 0.024428 0.074300
v 0.076900 -0.003490 0.074260
v 0.076900 -0.003490 0.074260
v 0.076554 0.024428 0.074300
v 0.076900 0.003490 0.074260
v 0.076900 -0.003490 0.074260
v 0.076900 0.003490 0.074260
v 0.077227 -0.003490 0.074140
v 0.077227 -0.010469 0.074140
v 0.076900 -0.010469 0.074260
v 0.076900 -0.003490 0.074260
v 0.077227 -0.010469 0.074140
v 0.076900 -0.003490 0.074260
v 0.077227 -0.003490 0.074140
v 0.077518 -0.023634 0.073949
v 0.077227 0.003490 0.074140
v 0.077227 0.010469 0.074140
v 0.106876 0.076518 0.070535
v 0.097206 0.076661 0.072215
v 0.106903 0.076054 0.070568
v 0.106903 0.076054 0.070568
v 0.097206 0.076661 0.072215
v 0.087521 0.076661 0.073923
v 0.106903 0.076054 0.070568
v 0.087521 0.076661 0.073923
v 0.077870 0.076510 0.075652
v 0.077870 0.076510 0.075652
v 0.087521 0.076661 0.073923
v 0.077882 0.076956 0.075544
v 0.077882 0.076956 0.075544
v 0.087521 0.076661 0.073923
v 0.087489 0.077242 0.073742
v 0.077882 0.076956 0.075544
v 0.087489 0.077242 0.073742
v 0.077882 0.077381 0.075371
v 0.077882 0.077381 0.075371
v 0.087489 0.077242 0.073742
v 0.077871 0.077775 0.075136
v 0.077871 0.077775 0.075136
v 0.087489 0.077242 0.073742
v 0.097175 0.077242 0.072034
v 0.077871 0.077775 0.075136
v 0.097175 0.077242 0.072034
v 0.106725 0.077390 0.070280
v 0.106725 0.077390 0.070280
v 0.097175 0.077242 0.072034
v 0.106817 0.076967 0.070437
v 0.106817 0.076967 0.070437
v 0.097175 0.077242 0.072034
v 0.097206 0.076661 0.072215
v 0.106817 0.076967 0.070437
v 0.097206 0.076661 0.072215
v 0.106876 0.076518 0.070535
v 0.106725 0.077390 0.070280
v 0.106604 0.077775 0.070070
v 0.077871 0.077775 0.075136
v 0.077870 0.076510 0.075652
v 0.077846 0.076054 0.075692
v 0.106903 0.076054 0.070568
v 0.087489 0.077242 0.073742
v 0.087521 0.076661 0.073923
v 0.097206 0.076661 0.072215
v 0.097175 0.077242 0.072034
v 0.087489 0.077242 0.073742
v 0.097206 0.076661 0.072215
v 0.106364 0.076964 0.068829
v 0.106378 0.076939 0.068845
v 0.106351 0.076988 0.068814
v 0.106351 0.076988 0.068814
v 0.106378 0.076939 0.068845
v 0.106391 0.076914 0.068860
v 0.106351 0.076988 0.068814
v 0.106391 0.076914 0.068860
v 0.077657 0.076914 0.073926
v 0.077657 0.076914 0.073926
v 0.077704 0.086721 0.066946
v 0.106351 0.076988 0.068814
v 0.106351 0.076988 0.068814
v 0.077704 0.086721 0.066946
v 0.097612 0.092616 0.059243
v 0.097612 0.092616 0.059243
v 0.077704 0.086721 0.066946
v 0.079078 0.089062 0.065039
v 0.097612 0.092616 0.059243
v 0.079078 0.089062 0.065039
v 0.087242 0.094180 0.059960
v 0.077704 0.086721 0.066946
v 0.077798 0.087404 0.066443
v 0.079078 0.089062 0.065039
v 0.079078 0.089062 0.065039
v 0.077798 0.087404 0.066443
v 0.078067 0.088041 0.065943
v 0.079078 0.089062 0.065039
v 0.078067 0.088041 0.065943
v 0.078500 0.088603 0.065467
v 0.097612 0.092616 0.059243
v 0.087242 0.094180 0.059960
v 0.089429 0.094772 0.059153
v 0.089429 0.094772 0.059153
v 0.087242 0.094180 0.059960
v 0.087902 0.094504 0.059613
v 0.089429 0.094772 0.059153
v 0.087902 0.094504 0.059613
v 0.088641 0.094705 0.059341
v 0.089429 0.094772 0.059153
v 0.093648 0.094772 0.058410
v 0.097612 0.092616 0.059243
v 0.097612 0.092616 0.059243
v 0.093648 0.094772 0.058410
v 0.097190 0.093216 0.058892
v 0.097190 0.093216 0.058892
v 0.093648 0.094772 0.058410
v 0.096638 0.093744 0.058613
v 0.096638 0.093744 0.058613
v 0.093648 0.094772 0.058410
v 0.095980 0.094180 0.058420
v 0.095980 0.094180 0.058420
v 0.093648 0.094772 0.058410
v 0.095241 0.094504 0.058319
v 0.095241 0.094504 0.058319
v 0.093648 0.094772 0.058410
v 0.094453 0.094705 0.058316
v 0.076969 0.075500 0.075800
v 0.076969 0.027271 0.075800
v 0.077143 0.075500 0.075795
v 0.077143 0.075500 0.075795
v 0.076969 0.027271 0.075800
v 0.077490 0.027307 0.075754
v 0.077143 0.075500 0.075795
v 0.077490 0.027307 0.075754
v 0.077317 0.075500 0.075780
v 0.077317 0.075500 0.075780
v 0.077490 0.027307 0.075754
v 0.077490 0.075500 0.075754
v 0.077229 0.075500 0.074277
v 0.077229 0.027307 0.074277
v 0.077143 0.075500 0.074290
v 0.077143 0.075500 0.074290
v 0.077229 0.027307 0.074277
v 0.077099 0.027298 0.074294
v 0.077143 0.075500 0.074290
v 0.077099 0.027298 0.074294
v 0.077056 0.075500 0.074297
v 0.077056 0.075500 0.074297
v 0.077099 0.027298 0.074294
v 0.076969 0.027271 0.074300
v 0.077056 0.075500 0.074297
v 0.076969 0.027271 0.074300
v 0.076969 0.075500 0.074300
v 0.064458 0.069560 0.075800
v 0.064458 0.069560 0.074300
v 0.064400 0.070000 0.075800
v 0.064400 0.070000 0.075800
v 0.064458 0.069560 0.074300
v 0.064400 0.070000 0.074300
v 0.064400 0.070000 0.075800
v 0.064400 0.070000 0.074300
v 0.064458 0.070440 0.075800
v 0.064458 0.070440 0.075800
v 0.064400 0.070000 0.074300
v 0.064458 0.070440 0.074300
v 0.064458 0.070440 0.075800
v 0.064458 0.070440 0.074300
v 0.064628 0.070850 0.075800
v 0.064628 0.070850 0.075800
v 0.064458 0.070440 0.074300
v 0.064628 0.070850 0.074300
v 0.064628 0.070850 0.075800
v 0.064628 0.070850 0.074300
v 0.064898 0.071202 0.075800
v 0.064898 0.071202 0.075800
v 0.064628 0.070850 0.074300
v 0.064898 0.071202 0.074300
v 0.064898 0.071202 0.075800
v 0.064898 0.071202 0.074300
v 0.065250 0.071472 0.075800
v 0.065250 0.071472 0.075800
v 0.064898 0.071202 0.074300
v 0.065250 0.071472 0.074300
v 0.065250 0.071472 0.075800
v 0.065250 0.071472 0.074300
v 0.065660 0.071642 0.075800
v 0.065660 0.071642 0.075800
v 0.065250 0.071472 0.074300
v 0.065660 0.071642 0.074300
v 0.065660 0.071642 0.075800
v 0.065660 0.071642 0.074300
v 0.066100 0.071700 0.075800
v 0.066100 0.071700 0.075800
v 0.065660 0.071642 0.074300
v 0.066100 0.071700 0.074300
v 0.066100 0.071700 0.075800
v 0.066100 0.071700 0.074300
v 0.066540 0.071642 0.075800
v 0.066540 0.071642 0.075800
v 0.066100 0.071700 0.074300
v 0.066540 0.071642 0.074300
v 0.066540 0.071642 0.075800
v 0.066540 0.071642 0.074300
v 0.066950 0.071472 0.075800
v 0.066950 0.071472 0.075800
v 0.066540 0.071642 0.074300
v 0.066950 0.071472 0.074300
v 0.066950 0.071472 0.075800
v 0.066950 0.071472 0.074300
v 0.067302 0.071202 0.075800
v 0.067302 0.071202 0.075800
v 0.066950 0.071472 0.074300
v 0.067302 0.071202 0.074300
v 0.067302 0.071202 0.075800
v 0.067302 0.071202 0.074300
v 0.067572 0.070850 0.075800
v 0.067572 0.070850 0.075800
v 0.067302 0.071202 0.074300
v 0.067572 0.070850 0.074300
v 0.067572 0.070850 0.075800
v 0.067572 0.070850 0.074300
v 0.067742 0.070440 0.075800
v 0.067742 0.070440 0.075800
v 0.067572 0.070850 0.074300
v 0.067742 0.070440 0.074300
v 0.067742 0.070440 0.075800
v 0.067742 0.070440 0.074300
v 0.067800 0.070000 0.075800
v 0.067800 0.070000 0.075800
v 0.067742 0.070440 0.074300
v 0.067800 0.070000 0.074300
v 0.067800 0.070000 0.075800
v 0.067800 0.070000 0.074300
v 0.067742 0.069560 0.075800
v 0.067742 0.069560 0.075800
v 0.067800 0.070000 0.074300
v 0.067742 0.069560 0.074300
v 0.067742 0.069560 0.075800
v 0.067742 0.069560 0.074300
v 0.067572 0.069150 0.075800
v 0.067572 0.069150 0.075800
v 0.067742 0.069560 0.074300
v 0.067572 0.069150 0.074300
v 0.067572 0.069150 0.075800
v 0.067572 0.069150 0.074300
v 0.067302 0.068798 0.075800
v 0.067302 0.068798 0.075800
v 0.067572 0.069150 0.074300
v 0.067302 0.068798 0.074300
v 0.067302 0.068798 0.075800
v 0.067302 0.068798 0.074300
v 0.066950 0.068528 0.075800
v 0.066950 0.068528 0.075800
v 0.067302 0.068798 0.074300
v 0.066950 0.068528 0.074300
v 0.066950 0.068528 0.075800
v 0.066950 0.068528 0.074300
v 0.066540 0.068358 0.075800
v 0.066540 0.068358 0.075800
v 0.066950 0.068528 0.074300
v 0.066540 0.068358 0.074300
v 0.066540 0.068358 0.075800
v 0.066540 0.068358 0.074300
v 0.066100 0.068300 0.075800
v 0.066100 0.068300 0.075800
v 0.066540 0.068358 0.074300
v 0.066100 0.068300 0.074300
v 0.066100 0.068300 0.075800
v 0.066100 0.068300 0.074300
v 0.065660 0.068358 0.075800
v 0.065660 0.068358 0.075800
v 0.066100 0.068300 0.074300
v 0.065660 0.068358 0.074300
v 0.065660 0.068358 0.075800
v 0.065660 0.068358 0.074300
v 0.065250 0.068528 0.075800
v 0.065250 0.068528 0.075800
v 0.065660 0.068358 0.074300
v 0.065250 0.068528 0.074300
v 0.065250 0.068528 0.075800
v 0.065250 0.068528 0.074300
v 0.064898 0.068798 0.075800
v 0.064898 0.068798 0.075800
v 0.065250 0.068528 0.074300
v 0.064898 0.068798 0.074300
v 0.064898 0.068798 0.075800
v 0.064898 0.068798 0.074300
v 0.064628 0.069150 0.075800
v 0.064628 0.069150 0.075800
v 0.064898 0.068798 0.074300
v 0.064628 0.069150 0.074300
v 0.064628 0.069150 0.075800
v 0.064628 0.069150 0.074300
v 0.064458 0.069560 0.075800
v 0.064458 0.069560 0.075800
v 0.064628 0.069150 0.074300
v 0.064458 0.069560 0.074300
v 0.076969 -0.027271 0.075800
v 0.077490 -0.027307 0.075754
v 0.077164 -0.027298 0.075042
v 0.077164 -0.027298 0.075042
v 0.077490 -0.027307 0.075754
v 0.077359 -0.027307 0.075016
v 0.077164 -0.027298 0.075042
v 0.077359 -0.027307 0.075016
v 0.077294 -0.027307 0.074647
v 0.077294 -0.027307 0.074647
v 0.077229 -0.027307 0.074277
v 0.077164 -0.027298 0.075042
v 0.077164 -0.027298 0.075042
v 0.077229 -0.027307 0.074277
v 0.077099 -0.027298 0.074294
v 0.077164 -0.027298 0.075042
v 0.077099 -0.027298 0.074294
v 0.076969 -0.027271 0.074675
v 0.076969 -0.027271 0.074675
v 0.077099 -0.027298 0.074294
v 0.076969 -0.027271 0.074300
v 0.076969 -0.027271 0.074675
v 0.076969 -0.027271 0.075238
v 0.077164 -0.027298 0.075042
v 0.077164 -0.027298 0.075042
v 0.076969 -0.027271 0.075238
v 0.076969 -0.027271 0.075800
v 0.077490 -0.075500 0.075754
v 0.077317 -0.075500 0.075780
v 0.077229 -0.075500 0.074277
v 0.077229 -0.075500 0.074277
v 0.077317 -0.075500 0.075780
v 0.077143 -0.075500 0.075795
v 0.077229 -0.075500 0.074277
v 0.077143 -0.075500 0.075795
v 0.077143 -0.075500 0.074290
v 0.077143 -0.075500 0.074290
v 0.077143 -0.075500 0.075795
v 0.077056 -0.075500 0.074297
v 0.077056 -0.075500 0.074297
v 0.077143 -0.075500 0.075795
v 0.076969 -0.075500 0.075800
v 0.077056 -0.075500 0.074297
v 0.076969 -0.075500 0.075800
v 0.076969 -0.075500 0.074300
v 0.076969 -0.075500 0.075800
v 0.065100 -0.075500 0.075800
v 0.076969 -0.075500 0.074300
v 0.076969 -0.075500 0.074300
v 0.065100 -0.075500 0.075800
v 0.065100 -0.075500 0.074300
v 0.076969 -0.027271 0.074300
v 0.076624 -0.027152 0.074300
v 0.076969 -0.027271 0.074675
v 0.076969 -0.027271 0.074675
v 0.076624 -0.027152 0.074300
v 0.076969 -0.027271 0.075238
v 0.076969 -0.027271 0.075238
v 0.076624 -0.027152 0.074300
v 0.076624 -0.027152 0.075800
v 0.076969 -0.027271 0.075238
v 0.076624 -0.027152 0.075800
v 0.076969 -0.027271 0.075800
v 0.076624 -0.027152 0.074300
v 0.076318 -0.026954 0.074300
v 0.076624 -0.027152 0.075800
v 0.076624 -0.027152 0.075800
v 0.076318 -0.026954 0.074300
v 0.076318 -0.026954 0.075800
v 0.076318 -0.026954 0.075800
v 0.076318 -0.026954 0.074300
v 0.076067 -0.026690 0.074300
v 0.076318 -0.026954 0.075800
v 0.076067 -0.026690 0.074300
v 0.076067 -0.026690 0.075800
v 0.076067 -0.026690 0.075800
v 0.076067 -0.026690 0.074300
v 0.075885 -0.026374 0.074300
v 0.076067 -0.026690 0.075800
v 0.075885 -0.026374 0.074300
v 0.075885 -0.026374 0.075800
v 0.075885 -0.026374 0.075800
v 0.075885 -0.026374 0.074300
v 0.075783 -0.026024 0.074300
v 0.075885 -0.026374 0.075800
v 0.075783 -0.026024 0.074300
v 0.075783 -0.026024 0.075800
v 0.075783 -0.026024 0.075800
v 0.075783 -0.026024 0.074300
v 0.075766 -0.025660 0.074300
v 0.075783 -0.026024 0.075800
v 0.075766 -0.025660 0.074300
v 0.075766 -0.025660 0.075800
v 0.075766 -0.025660 0.075800
v 0.075766 -0.025660 0.074300
v 0.075836 -0.025302 0.074300
v 0.075766 -0.025660 0.075800
v 0.075836 -0.025302 0.074300
v 0.075836 -0.025302 0.075800
v 0.075836 -0.025302 0.075800
v 0.075836 -0.025302 0.074300
v 0.075988 -0.024971 0.074300
v 0.075836 -0.025302 0.075800
v 0.075988 -0.024971 0.074300
v 0.075988 -0.024971 0.075800
v 0.075988 -0.024971 0.075800
v 0.075988 -0.024971 0.074300
v 0.076214 -0.024685 0.074300
v 0.075988 -0.024971 0.075800
v 0.076214 -0.024685 0.074300
v 0.076214 -0.024685 0.075800
v 0.076214 -0.024685 0.075800
v 0.076214 -0.024685 0.074300
v 0.076501 -0.024460 0.075800
v 0.076501 -0.024460 0.075800
v 0.076214 -0.024685 0.074300
v 0.076501 -0.024460 0.074300
v 0.079287 -0.026189 0.073710
v 0.079155 -0.026239 0.073999
v 0.079406 -0.026013 0.074019
v 0.079406 -0.026013 0.074019
v 0.079155 -0.026239 0.073999
v 0.079210 -0.026172 0.074165
v 0.079406 -0.026013 0.074019
v 0.079210 -0.026172 0.074165
v 0.079264 -0.026105 0.074332
v 0.079264 -0.026105 0.074332
v 0.079210 -0.026172 0.074165
v 0.079003 -0.026343 0.074282
v 0.079264 -0.026105 0.074332
v 0.079003 -0.026343 0.074282
v 0.079051 -0.026298 0.074458
v 0.079051 -0.026298 0.074458
v 0.079003 -0.026343 0.074282
v 0.078583 -0.026690 0.074419
v 0.079051 -0.026298 0.074458
v 0.078583 -0.026690 0.074419
v 0.079098 -0.026253 0.074634
v 0.079098 -0.026253 0.074634
v 0.078583 -0.026690 0.074419
v 0.078778 -0.026690 0.075527
v 0.079098 -0.026253 0.074634
v 0.078778 -0.026690 0.075527
v 0.079193 -0.026164 0.074985
v 0.079193 -0.026164 0.074985
v 0.078778 -0.026690 0.075527
v 0.079298 -0.026063 0.075332
v 0.079193 -0.026164 0.074985
v 0.079298 -0.026063 0.075332
v 0.079426 -0.025904 0.074832
v 0.079426 -0.025904 0.074832
v 0.079298 -0.026063 0.075332
v 0.079765 -0.025484 0.074945
v 0.079426 -0.025904 0.074832
v 0.079765 -0.025484 0.074945
v 0.079406 -0.026013 0.074019
v 0.079287 -0.026189 0.073710
v 0.078915 -0.026427 0.073928
v 0.079155 -0.026239 0.073999
v 0.079155 -0.026239 0.073999
v 0.078915 -0.026427 0.073928
v 0.078956 -0.026387 0.074107
v 0.079155 -0.026239 0.073999
v 0.078956 -0.026387 0.074107
v 0.079210 -0.026172 0.074165
v 0.079210 -0.026172 0.074165
v 0.078956 -0.026387 0.074107
v 0.079003 -0.026343 0.074282
v 0.078915 -0.026427 0.073928
v 0.078518 -0.026690 0.074050
v 0.078956 -0.026387 0.074107
v 0.078956 -0.026387 0.074107
v 0.078518 -0.026690 0.074050
v 0.078583 -0.026690 0.074419
v 0.078956 -0.026387 0.074107
v 0.078583 -0.026690 0.074419
v 0.079003 -0.026343 0.074282
v 0.079406 -0.026013 0.074019
v 0.079264 -0.026105 0.074332
v 0.079318 -0.026038 0.074498
v 0.079318 -0.026038 0.074498
v 0.079264 -0.026105 0.074332
v 0.079051 -0.026298 0.074458
v 0.079318 -0.026038 0.074498
v 0.079051 -0.026298 0.074458
v 0.079098 -0.026253 0.074634
v 0.079406 -0.026013 0.074019
v 0.079318 -0.026038 0.074498
v 0.079426 -0.025904 0.074832
v 0.079426 -0.025904 0.074832
v 0.079318 -0.026038 0.074498
v 0.079098 -0.026253 0.074634
v 0.079426 -0.025904 0.074832
v 0.079098 -0.026253 0.074634
v 0.079193 -0.026164 0.074985
v 0.106960 -0.035535 0.070150
v 0.106757 -0.036180 0.069661
v 0.106602 -0.036064 0.069224
v 0.106602 -0.036064 0.069224
v 0.106757 -0.036180 0.069661
v 0.106585 -0.036651 0.069048
v 0.106602 -0.036064 0.069224
v 0.106585 -0.036651 0.069048
v 0.106482 -0.036240 0.068915
v 0.106960 -0.035535 0.070150
v 0.106968 -0.036283 0.070451
v 0.106757 -0.036180 0.069661
v 0.106757 -0.036180 0.069661
v 0.106968 -0.036283 0.070451
v 0.106777 -0.036488 0.069755
v 0.106757 -0.036180 0.069661
v 0.106777 -0.036488 0.069755
v 0.106585 -0.036651 0.069048
v 0.106585 -0.036651 0.069048
v 0.106777 -0.036488 0.069755
v 0.106781 -0.036784 0.069809
v 0.106585 -0.036651 0.069048
v 0.106781 -0.036784 0.069809
v 0.106643 -0.037085 0.069091
v 0.106643 -0.037085 0.069091
v 0.106781 -0.036784 0.069809
v 0.106709 -0.037085 0.069460
v 0.106709 -0.037085 0.069460
v 0.106781 -0.036784 0.069809
v 0.106904 -0.037085 0.070568
v 0.106904 -0.037085 0.070568
v 0.106781 -0.036784 0.069809
v 0.106968 -0.036283 0.070451
v 0.106968 -0.036283 0.070451
v 0.106781 -0.036784 0.069809
v 0.106777 -0.036488 0.069755
v 0.078518 -0.026690 0.074050
v 0.078176 -0.026969 0.074110
v 0.078583 -0.026690 0.074419
v 0.078583 -0.026690 0.074419
v 0.078176 -0.026969 0.074110
v 0.078436 -0.026969 0.075588
v 0.078583 -0.026690 0.074419
v 0.078436 -0.026969 0.075588
v 0.078778 -0.026690 0.075527
v 0.106904 -0.037085 0.070568
v 0.106904 -0.037138 0.070568
v 0.106709 -0.037085 0.069460
v 0.106709 -0.037085 0.069460
v 0.106904 -0.037138 0.070568
v 0.106644 -0.037138 0.069091
v 0.106709 -0.037085 0.069460
v 0.106644 -0.037138 0.069091
v 0.106643 -0.037085 0.069091
v 0.106644 -0.037138 0.069091
v 0.106904 -0.037138 0.070568
v 0.106644 -0.037191 0.069091
v 0.106644 -0.037191 0.069091
v 0.106904 -0.037138 0.070568
v 0.106905 -0.037191 0.070568
v 0.106644 -0.037191 0.069091
v 0.106905 -0.037191 0.070568
v 0.106644 -0.037245 0.069091
v 0.106644 -0.037245 0.069091
v 0.106905 -0.037191 0.070568
v 0.106905 -0.037245 0.070568
v 0.076554 -0.024428 0.074675
v 0.076554 -0.024428 0.074300
v 0.076847 -0.024229 0.074461
v 0.076847 -0.024229 0.074461
v 0.076554 -0.024428 0.074300
v 0.076814 -0.024230 0.074277
v 0.076847 -0.024229 0.074461
v 0.076814 -0.024230 0.074277
v 0.077067 -0.024031 0.074210
v 0.077304 -0.023832 0.074099
v 0.077398 -0.023832 0.074262
v 0.077067 -0.024031 0.074210
v 0.077067 -0.024031 0.074210
v 0.077398 -0.023832 0.074262
v 0.077131 -0.024031 0.074385
v 0.077067 -0.024031 0.074210
v 0.077131 -0.024031 0.074385
v 0.076847 -0.024229 0.074461
v 0.076847 -0.024229 0.074461
v 0.077131 -0.024031 0.074385
v 0.077195 -0.024031 0.074561
v 0.076847 -0.024229 0.074461
v 0.077195 -0.024031 0.074561
v 0.076879 -0.024229 0.074646
v 0.076879 -0.024229 0.074646
v 0.077195 -0.024031 0.074561
v 0.077324 -0.024031 0.074914
v 0.076879 -0.024229 0.074646
v 0.077324 -0.024031 0.074914
v 0.076945 -0.024229 0.075015
v 0.076945 -0.024229 0.075015
v 0.077324 -0.024031 0.074914
v 0.077010 -0.024229 0.075385
v 0.076945 -0.024229 0.075015
v 0.077010 -0.024229 0.075385
v 0.076554 -0.024428 0.075800
v 0.076554 -0.024428 0.075800
v 0.077010 -0.024229 0.075385
v 0.077075 -0.024229 0.075754
v 0.077075 -0.024229 0.075754
v 0.077010 -0.024229 0.075385
v 0.077580 -0.024031 0.075619
v 0.077580 -0.024031 0.075619
v 0.077010 -0.024229 0.075385
v 0.077452 -0.024031 0.075267
v 0.077580 -0.024031 0.075619
v 0.077452 -0.024031 0.075267
v 0.078055 -0.023832 0.075398
v 0.078055 -0.023832 0.075398
v 0.077452 -0.024031 0.075267
v 0.077867 -0.023832 0.075074
v 0.078055 -0.023832 0.075398
v 0.077867 -0.023832 0.075074
v 0.078482 -0.023634 0.075098
v 0.078482 -0.023634 0.075098
v 0.077867 -0.023832 0.075074
v 0.077680 -0.023832 0.074749
v 0.078482 -0.023634 0.075098
v 0.077680 -0.023832 0.074749
v 0.077759 -0.023634 0.074236
v 0.077759 -0.023634 0.074236
v 0.077680 -0.023832 0.074749
v 0.077492 -0.023832 0.074424
v 0.077759 -0.023634 0.074236
v 0.077492 -0.023832 0.074424
v 0.077398 -0.023832 0.074262
v 0.077398 -0.023832 0.074262
v 0.077492 -0.023832 0.074424
v 0.077131 -0.024031 0.074385
v 0.077304 -0.023832 0.074099
v 0.077518 -0.023634 0.073949
v 0.077398 -0.023832 0.074262
v 0.077398 -0.023832 0.074262
v 0.077518 -0.023634 0.073949
v 0.077759 -0.023634 0.074236
v 0.076554 -0.024428 0.075800
v 0.076554 -0.024428 0.074675
v 0.076945 -0.024229 0.075015
v 0.076945 -0.024229 0.075015
v 0.076554 -0.024428 0.074675
v 0.076879 -0.024229 0.074646
v 0.076879 -0.024229 0.074646
v 0.076554 -0.024428 0.074675
v 0.076847 -0.024229 0.074461
v 0.077195 -0.024031 0.074561
v 0.077131 -0.024031 0.074385
v 0.077492 -0.023832 0.074424
v 0.077195 -0.024031 0.074561
v 0.077492 -0.023832 0.074424
v 0.077324 -0.024031 0.074914
v 0.077324 -0.024031 0.074914
v 0.077492 -0.023832 0.074424
v 0.077680 -0.023832 0.074749
v 0.077324 -0.024031 0.074914
v 0.077680 -0.023832 0.074749
v 0.077452 -0.024031 0.075267
v 0.077452 -0.024031 0.075267
v 0.077680 -0.023832 0.074749
v 0.077867 -0.023832 0.075074
v 0.077010 -0.024229 0.075385
v 0.077324 -0.024031 0.074914
v 0.077452 -0.024031 0.075267
v 0.076554 -0.024428 0.075800
v 0.076501 -0.024460 0.075800
v 0.076554 -0.024428 0.074675
v 0.076554 -0.024428 0.074675
v 0.076501 -0.024460 0.075800
v 0.076501 -0.024460 0.074300
v 0.076554 -0.024428 0.074675
v 0.076501 -0.024460 0.074300
v 0.076554 -0.024428 0.074300
v 0.077871 -0.077775 0.075136
v 0.077711 -0.077130 0.074229
v 0.077918 -0.087581 0.068156
v 0.077918 -0.087581 0.068156
v 0.077711 -0.077130 0.074229
v 0.077704 -0.086721 0.066946
v 0.077704 -0.086721 0.066946
v 0.077711 -0.077130 0.074229
v 0.077657 -0.076914 0.073926
v 0.106391 -0.076914 0.068860
v 0.106492 -0.076722 0.068957
v 0.106444 -0.077130 0.069162
v 0.106444 -0.077130 0.069162
v 0.106492 -0.076722 0.068957
v 0.106614 -0.077038 0.069626
v 0.106444 -0.077130 0.069162
v 0.106614 -0.077038 0.069626
v 0.106604 -0.077775 0.070070
v 0.106604 -0.077775 0.070070
v 0.106614 -0.077038 0.069626
v 0.106725 -0.077390 0.070280
v 0.106725 -0.077390 0.070280
v 0.106614 -0.077038 0.069626
v 0.106817 -0.076967 0.070437
v 0.106817 -0.076967 0.070437
v 0.106614 -0.077038 0.069626
v 0.106700 -0.076701 0.069744
v 0.106817 -0.076967 0.070437
v 0.106700 -0.076701 0.069744
v 0.106876 -0.076518 0.070535
v 0.106876 -0.076518 0.070535
v 0.106700 -0.076701 0.069744
v 0.106750 -0.076382 0.069808
v 0.106876 -0.076518 0.070535
v 0.106750 -0.076382 0.069808
v 0.106903 -0.076054 0.070568
v 0.106903 -0.076054 0.070568
v 0.106750 -0.076382 0.069808
v 0.106772 -0.076054 0.069830
v 0.106772 -0.076054 0.069830
v 0.106750 -0.076382 0.069808
v 0.106642 -0.076054 0.069091
v 0.106642 -0.076054 0.069091
v 0.106750 -0.076382 0.069808
v 0.106619 -0.076286 0.069076
v 0.106619 -0.076286 0.069076
v 0.106750 -0.076382 0.069808
v 0.106700 -0.076701 0.069744
v 0.106619 -0.076286 0.069076
v 0.106700 -0.076701 0.069744
v 0.106569 -0.076510 0.069031
v 0.106569 -0.076510 0.069031
v 0.106700 -0.076701 0.069744
v 0.106614 -0.077038 0.069626
v 0.106569 -0.076510 0.069031
v 0.106614 -0.077038 0.069626
v 0.106492 -0.076722 0.068957
v 0.077871 -0.077775 0.075136
v 0.077765 -0.077059 0.074703
v 0.077711 -0.077130 0.074229
v 0.077711 -0.077130 0.074229
v 0.077765 -0.077059 0.074703
v 0.077648 -0.076718 0.074046
v 0.077711 -0.077130 0.074229
v 0.077648 -0.076718 0.074046
v 0.077657 -0.076914 0.073926
v 0.077871 -0.077775 0.075136
v 0.077882 -0.077381 0.075371
v 0.077765 -0.077059 0.074703
v 0.077765 -0.077059 0.074703
v 0.077882 -0.077381 0.075371
v 0.077758 -0.076752 0.074832
v 0.077765 -0.077059 0.074703
v 0.077758 -0.076752 0.074832
v 0.077648 -0.076718 0.074046
v 0.077648 -0.076718 0.074046
v 0.077758 -0.076752 0.074832
v 0.077633 -0.076505 0.074135
v 0.077633 -0.076505 0.074135
v 0.077758 -0.076752 0.074832
v 0.077742 -0.076407 0.074920
v 0.077633 -0.076505 0.074135
v 0.077742 -0.076407 0.074920
v 0.077613 -0.076282 0.074192
v 0.077613 -0.076282 0.074192
v 0.077742 -0.076407 0.074920
v 0.077651 -0.076054 0.074584
v 0.077613 -0.076282 0.074192
v 0.077651 -0.076054 0.074584
v 0.077586 -0.076054 0.074214
v 0.077882 -0.077381 0.075371
v 0.077882 -0.076956 0.075544
v 0.077758 -0.076752 0.074832
v 0.077758 -0.076752 0.074832
v 0.077882 -0.076956 0.075544
v 0.077742 -0.076407 0.074920
v 0.077882 -0.076956 0.075544
v 0.077870 -0.076510 0.075652
v 0.077742 -0.076407 0.074920
v 0.077742 -0.076407 0.074920
v 0.077870 -0.076510 0.075652
v 0.077846 -0.076054 0.075692
v 0.077742 -0.076407 0.074920
v 0.077846 -0.076054 0.075692
v 0.077651 -0.076054 0.074584
v 0.106903 -0.076054 0.070568
v 0.106772 -0.076054 0.069830
v 0.106904 -0.076010 0.070568
v 0.106904 -0.076010 0.070568
v 0.106772 -0.076054 0.069830
v 0.106643 -0.076010 0.069091
v 0.106904 -0.076010 0.070568
v 0.106643 -0.076010 0.069091
v 0.106904 -0.075966 0.070568
v 0.106904 -0.075966 0.070568
v 0.106643 -0.076010 0.069091
v 0.106644 -0.075966 0.069091
v 0.106904 -0.075966 0.070568
v 0.106644 -0.075966 0.069091
v 0.106905 -0.075921 0.070568
v 0.106905 -0.075921 0.070568
v 0.106644 -0.075966 0.069091
v 0.106644 -0.075921 0.069091
v 0.106772 -0.076054 0.069830
v 0.106642 -0.076054 0.069091
v 0.106643 -0.076010 0.069091
v 0.092345 -0.015860 0.062758
v 0.092823 -0.015155 0.063992
v 0.092722 -0.015644 0.062488
v 0.092722 -0.015644 0.062488
v 0.092823 -0.015155 0.063992
v 0.093200 -0.014939 0.063723
v 0.092722 -0.015644 0.062488
v 0.093200 -0.014939 0.063723
v 0.093164 -0.015535 0.062255
v 0.093164 -0.015535 0.062255
v 0.093200 -0.014939 0.063723
v 0.093642 -0.014831 0.063490
v 0.093164 -0.015535 0.062255
v 0.093642 -0.014831 0.063490
v 0.093642 -0.015541 0.062074
v 0.093642 -0.015541 0.062074
v 0.093642 -0.014831 0.063490
v 0.094120 -0.014837 0.063308
v 0.093642 -0.015541 0.062074
v 0.094120 -0.014837 0.063308
v 0.094124 -0.015662 0.061955
v 0.094124 -0.015662 0.061955
v 0.094120 -0.014837 0.063308
v 0.094603 -0.014957 0.063190
v 0.079287 -0.026189 0.073710
v 0.079406 -0.026013 0.074019
v 0.092345 -0.015860 0.062758
v 0.092345 -0.015860 0.062758
v 0.079406 -0.026013 0.074019
v 0.092823 -0.015155 0.063992
v 0.092823 -0.015155 0.063992
v 0.079406 -0.026013 0.074019
v 0.079765 -0.025484 0.074945
v 0.092722 -0.015644 0.062488
v 0.094124 -0.015662 0.061955
v 0.092345 -0.015860 0.062758
v 0.092345 -0.015860 0.062758
v 0.094124 -0.015662 0.061955
v 0.099982 -0.017827 0.060922
v 0.092345 -0.015860 0.062758
v 0.099982 -0.017827 0.060922
v 0.102861 -0.020933 0.061581
v 0.102861 -0.020933 0.061581
v 0.099982 -0.017827 0.060922
v 0.102579 -0.020146 0.061240
v 0.102579 -0.020146 0.061240
v 0.099982 -0.017827 0.060922
v 0.102124 -0.019406 0.060995
v 0.102124 -0.019406 0.060995
v 0.099982 -0.017827 0.060922
v 0.101518 -0.018752 0.060856
v 0.101518 -0.018752 0.060856
v 0.099982 -0.017827 0.060922
v 0.100791 -0.018216 0.060831
v 0.092722 -0.015644 0.062488
v 0.093164 -0.015535 0.062255
v 0.094124 -0.015662 0.061955
v 0.094124 -0.015662 0.061955
v 0.093164 -0.015535 0.062255
v 0.093642 -0.015541 0.062074
v 0.092345 -0.015860 0.062758
v 0.102861 -0.020933 0.061581
v 0.079287 -0.026189 0.073710
v 0.079287 -0.026189 0.073710
v 0.102861 -0.020933 0.061581
v 0.106454 -0.036118 0.068856
v 0.079287 -0.026189 0.073710
v 0.106454 -0.036118 0.068856
v 0.106463 -0.036159 0.068876
v 0.106463 -0.036159 0.068876
v 0.106473 -0.036199 0.068895
v 0.079287 -0.026189 0.073710
v 0.079287 -0.026189 0.073710
v 0.106473 -0.036199 0.068895
v 0.106482 -0.036240 0.068915
v 0.091307 -0.011585 0.062379
v 0.092271 -0.011585 0.063528
v 0.091257 -0.012092 0.062421
v 0.091257 -0.012092 0.062421
v 0.092271 -0.011585 0.063528
v 0.092221 -0.012092 0.063570
v 0.091257 -0.012092 0.062421
v 0.092221 -0.012092 0.063570
v 0.091110 -0.012566 0.062544
v 0.091110 -0.012566 0.062544
v 0.092221 -0.012092 0.063570
v 0.092074 -0.012566 0.063693
v 0.091110 -0.012566 0.062544
v 0.092074 -0.012566 0.063693
v 0.090876 -0.012976 0.062741
v 0.090876 -0.012976 0.062741
v 0.092074 -0.012566 0.063693
v 0.091840 -0.012976 0.063890
v 0.090876 -0.012976 0.062741
v 0.091840 -0.012976 0.063890
v 0.090570 -0.013295 0.062998
v 0.090570 -0.013295 0.062998
v 0.091840 -0.012976 0.063890
v 0.091534 -0.013295 0.064147
v 0.077518 -0.023634 0.073949
v 0.077518 0.023634 0.073949
v 0.090570 -0.013295 0.062998
v 0.090570 -0.013295 0.062998
v 0.077518 0.023634 0.073949
v 0.090570 0.013295 0.062998
v 0.090570 -0.013295 0.062998
v 0.090570 0.013295 0.062998
v 0.091307 -0.011585 0.062379
v 0.091307 -0.011585 0.062379
v 0.090570 0.013295 0.062998
v 0.091307 0.011585 0.062379
v 0.091307 0.011585 0.062379
v 0.090570 0.013295 0.062998
v 0.090876 0.012976 0.062741
v 0.091307 0.011585 0.062379
v 0.090876 0.012976 0.062741
v 0.091110 0.012566 0.062544
v 0.091110 0.012566 0.062544
v 0.091257 0.012092 0.062421
v 0.091307 0.011585 0.062379
v 0.091257 -0.012092 0.062421
v 0.091110 -0.012566 0.062544
v 0.091307 -0.011585 0.062379
v 0.091307 -0.011585 0.062379
v 0.091110 -0.012566 0.062544
v 0.090876 -0.012976 0.062741
v 0.091307 -0.011585 0.062379
v 0.090876 -0.012976 0.062741
v 0.090570 -0.013295 0.062998
v 0.077518 -0.023634 0.073949
v 0.090570 -0.013295 0.062998
v 0.077759 -0.023634 0.074236
v 0.077759 -0.023634 0.074236
v 0.090570 -0.013295 0.062998
v 0.091534 -0.013295 0.064147
v 0.077759 -0.023634 0.074236
v 0.091534 -0.013295 0.064147
v 0.078482 -0.023634 0.075098
v 0.106391 -0.076914 0.068860
v 0.106444 -0.077130 0.069162
v 0.106378 -0.076939 0.068845
v 0.106378 -0.076939 0.068845
v 0.106444 -0.077130 0.069162
v 0.106591 -0.077800 0.070055
v 0.106378 -0.076939 0.068845
v 0.106591 -0.077800 0.070055
v 0.106364 -0.076964 0.068829
v 0.106364 -0.076964 0.068829
v 0.106591 -0.077800 0.070055
v 0.106578 -0.077824 0.070040
v 0.106364 -0.076964 0.068829
v 0.106578 -0.077824 0.070040
v 0.106351 -0.076988 0.068814
v 0.106351 -0.076988 0.068814
v 0.106578 -0.077824 0.070040
v 0.106564 -0.077849 0.070024
v 0.106444 -0.077130 0.069162
v 0.106604 -0.077775 0.070070
v 0.106591 -0.077800 0.070055
v 0.077846 -0.076054 0.075692
v 0.106903 -0.076054 0.070568
v 0.106905 -0.075921 0.070568
v 0.106905 -0.075921 0.070568
v 0.106903 -0.076054 0.070568
v 0.106904 -0.076010 0.070568
v 0.106905 -0.075921 0.070568
v 0.106904 -0.076010 0.070568
v 0.106904 -0.075966 0.070568
v 0.077846 -0.076054 0.075692
v 0.106905 -0.075921 0.070568
v 0.077789 -0.075500 0.075702
v 0.077789 -0.075500 0.075702
v 0.106905 -0.075921 0.070568
v 0.106905 -0.037245 0.070568
v 0.077789 -0.075500 0.075702
v 0.106905 -0.037245 0.070568
v 0.078778 -0.026690 0.075527
v 0.078778 -0.026690 0.075527
v 0.106905 -0.037245 0.070568
v 0.106904 -0.037085 0.070568
v 0.106904 -0.037085 0.070568
v 0.106905 -0.037245 0.070568
v 0.106904 -0.037138 0.070568
v 0.106904 -0.037138 0.070568
v 0.106905 -0.037245 0.070568
v 0.106905 -0.037191 0.070568
v 0.078778 -0.026690 0.075527
v 0.078436 -0.026969 0.075588
v 0.077789 -0.075500 0.075702
v 0.077789 -0.075500 0.075702
v 0.078436 -0.026969 0.075588
v 0.078149 -0.027154 0.075638
v 0.077789 -0.075500 0.075702
v 0.078149 -0.027154 0.075638
v 0.077828 -0.027268 0.075695
v 0.077828 -0.027268 0.075695
v 0.077490 -0.027307 0.075754
v 0.077789 -0.075500 0.075702
v 0.077789 -0.075500 0.075702
v 0.077490 -0.027307 0.075754
v 0.077490 -0.075500 0.075754
v 0.106905 -0.075921 0.070568
v 0.106644 -0.075921 0.069091
v 0.106905 -0.037245 0.070568
v 0.106905 -0.037245 0.070568
v 0.106644 -0.075921 0.069091
v 0.106644 -0.037245 0.069091
v 0.106644 -0.075966 0.069091
v 0.106643 -0.076010 0.069091
v 0.106644 -0.075921 0.069091
v 0.106644 -0.075921 0.069091
v 0.106643 -0.076010 0.069091
v 0.106642 -0.076054 0.069091
v 0.106644 -0.075921 0.069091
v 0.106642 -0.076054 0.069091
v 0.077586 -0.076054 0.074214
v 0.077586 -0.076054 0.074214
v 0.077529 -0.075500 0.074224
v 0.106644 -0.075921 0.069091
v 0.106644 -0.075921 0.069091
v 0.077529 -0.075500 0.074224
v 0.106644 -0.037245 0.069091
v 0.106644 -0.037245 0.069091
v 0.077529 -0.075500 0.074224
v 0.078518 -0.026690 0.074050
v 0.106644 -0.037245 0.069091
v 0.078518 -0.026690 0.074050
v 0.106643 -0.037085 0.069091
v 0.077229 -0.075500 0.074277
v 0.077229 -0.027307 0.074277
v 0.077529 -0.075500 0.074224
v 0.077529 -0.075500 0.074224
v 0.077229 -0.027307 0.074277
v 0.077567 -0.027268 0.074218
v 0.077529 -0.075500 0.074224
v 0.077567 -0.027268 0.074218
v 0.077888 -0.027154 0.074161
v 0.077888 -0.027154 0.074161
v 0.078176 -0.026969 0.074110
v 0.077529 -0.075500 0.074224
v 0.077529 -0.075500 0.074224
v 0.078176 -0.026969 0.074110
v 0.078518 -0.026690 0.074050
v 0.106643 -0.037085 0.069091
v 0.106644 -0.037138 0.069091
v 0.106644 -0.037245 0.069091
v 0.106644 -0.037245 0.069091
v 0.106644 -0.037138 0.069091
v 0.106644 -0.037191 0.069091
v 0.106619 -0.076286 0.069076
v 0.100825 -0.076357 0.070085
v 0.106642 -0.076054 0.069091
v 0.106642 -0.076054 0.069091
v 0.100825 -0.076357 0.070085
v 0.095014 -0.076357 0.071110
v 0.106642 -0.076054 0.069091
v 0.095014 -0.076357 0.071110
v 0.089203 -0.076357 0.072134
v 0.089203 -0.076357 0.072134
v 0.095014 -0.076357 0.071110
v 0.089187 -0.076648 0.072044
v 0.089203 -0.076357 0.072134
v 0.089187 -0.076648 0.072044
v 0.083376 -0.076648 0.073069
v 0.083376 -0.076648 0.073069
v 0.089187 -0.076648 0.072044
v 0.077657 -0.076914 0.073926
v 0.083376 -0.076648 0.073069
v 0.077657 -0.076914 0.073926
v 0.077648 -0.076718 0.074046
v 0.106619 -0.076286 0.069076
v 0.106569 -0.076510 0.069031
v 0.100825 -0.076357 0.070085
v 0.100825 -0.076357 0.070085
v 0.106569 -0.076510 0.069031
v 0.100810 -0.076648 0.069995
v 0.100825 -0.076357 0.070085
v 0.100810 -0.076648 0.069995
v 0.094998 -0.076648 0.071019
v 0.094998 -0.076648 0.071019
v 0.100810 -0.076648 0.069995
v 0.106492 -0.076722 0.068957
v 0.094998 -0.076648 0.071019
v 0.106492 -0.076722 0.068957
v 0.077657 -0.076914 0.073926
v 0.077657 -0.076914 0.073926
v 0.106492 -0.076722 0.068957
v 0.106391 -0.076914 0.068860
v 0.106569 -0.076510 0.069031
v 0.106492 -0.076722 0.068957
v 0.100810 -0.076648 0.069995
v 0.077648 -0.076718 0.074046
v 0.077633 -0.076505 0.074135
v 0.083376 -0.076648 0.073069
v 0.083376 -0.076648 0.073069
v 0.077633 -0.076505 0.074135
v 0.083392 -0.076357 0.073159
v 0.083376 -0.076648 0.073069
v 0.083392 -0.076357 0.073159
v 0.089203 -0.076357 0.072134
v 0.089203 -0.076357 0.072134
v 0.083392 -0.076357 0.073159
v 0.077613 -0.076282 0.074192
v 0.089203 -0.076357 0.072134
v 0.077613 -0.076282 0.074192
v 0.106642 -0.076054 0.069091
v 0.106642 -0.076054 0.069091
v 0.077613 -0.076282 0.074192
v 0.077586 -0.076054 0.074214
v 0.077633 -0.076505 0.074135
v 0.077613 -0.076282 0.074192
v 0.083392 -0.076357 0.073159
v 0.089187 -0.076648 0.072044
v 0.095014 -0.076357 0.071110
v 0.094998 -0.076648 0.071019
v 0.094998 -0.076648 0.071019
v 0.095014 -0.076357 0.071110
v 0.100825 -0.076357 0.070085
v 0.077657 -0.076914 0.073926
v 0.089187 -0.076648 0.072044
v 0.094998 -0.076648 0.071019
v 0.079078 -0.089062 0.065039
v 0.079291 -0.089923 0.066249
v 0.078500 -0.088603 0.065467
v 0.078500 -0.088603 0.065467
v 0.079291 -0.089923 0.066249
v 0.078714 -0.089463 0.066677
v 0.078500 -0.088603 0.065467
v 0.078714 -0.089463 0.066677
v 0.078067 -0.088041 0.065943
v 0.078067 -0.088041 0.065943
v 0.078714 -0.089463 0.066677
v 0.078280 -0.088902 0.067153
v 0.078067 -0.088041 0.065943
v 0.078280 -0.088902 0.067153
v 0.077798 -0.087404 0.066443
v 0.077798 -0.087404 0.066443
v 0.078280 -0.088902 0.067153
v 0.078011 -0.088265 0.067653
v 0.077798 -0.087404 0.066443
v 0.078011 -0.088265 0.067653
v 0.077704 -0.086721 0.066946
v 0.077704 -0.086721 0.066946
v 0.078011 -0.088265 0.067653
v 0.077918 -0.087581 0.068156
v 0.106578 -0.077824 0.070040
v 0.106591 -0.077800 0.070055
v 0.106564 -0.077849 0.070024
v 0.106564 -0.077849 0.070024
v 0.106591 -0.077800 0.070055
v 0.106604 -0.077775 0.070070
v 0.106564 -0.077849 0.070024
v 0.106604 -0.077775 0.070070
v 0.077871 -0.077775 0.075136
v 0.077871 -0.077775 0.075136
v 0.077918 -0.087581 0.068156
v 0.106564 -0.077849 0.070024
v 0.106564 -0.077849 0.070024
v 0.077918 -0.087581 0.068156
v 0.097825 -0.093477 0.060454
v 0.097825 -0.093477 0.060454
v 0.077918 -0.087581 0.068156
v 0.079291 -0.089923 0.066249
v 0.097825 -0.093477 0.060454
v 0.079291 -0.089923 0.066249
v 0.087455 -0.095040 0.061170
v 0.077918 -0.087581 0.068156
v 0.078011 -0.088265 0.067653
v 0.079291 -0.089923 0.066249
v 0.079291 -0.089923 0.066249
v 0.078011 -0.088265 0.067653
v 0.078280 -0.088902 0.067153
v 0.079291 -0.089923 0.066249
v 0.078280 -0.088902 0.067153
v 0.078714 -0.089463 0.066677
v 0.097825 -0.093477 0.060454
v 0.087455 -0.095040 0.061170
v 0.089643 -0.095633 0.060363
v 0.089643 -0.095633 0.060363
v 0.087455 -0.095040 0.061170
v 0.088115 -0.095365 0.060823
v 0.089643 -0.095633 0.060363
v 0.088115 -0.095365 0.060823
v 0.088854 -0.095565 0.060551
v 0.089643 -0.095633 0.060363
v 0.093861 -0.095633 0.059620
v 0.097825 -0.093477 0.060454
v 0.097825 -0.093477 0.060454
v 0.093861 -0.095633 0.059620
v 0.097403 -0.094076 0.060102
v 0.097403 -0.094076 0.060102
v 0.093861 -0.095633 0.059620
v 0.096852 -0.094605 0.059823
v 0.096852 -0.094605 0.059823
v 0.093861 -0.095633 0.059620
v 0.096193 -0.095040 0.059630
v 0.096193 -0.095040 0.059630
v 0.093861 -0.095633 0.059620
v 0.095454 -0.095365 0.059529
v 0.095454 -0.095365 0.059529
v 0.093861 -0.095633 0.059620
v 0.094666 -0.095565 0.059526
v 0.079078 -0.089062 0.065039
v 0.087242 -0.094180 0.059960
v 0.079291 -0.089923 0.066249
v 0.079291 -0.089923 0.066249
v 0.087242 -0.094180 0.059960
v 0.087455 -0.095040 0.061170
v 0.089429 -0.094772 0.059153
v 0.089643 -0.095633 0.060363
v 0.088641 -0.094705 0.059341
v 0.088641 -0.094705 0.059341
v 0.089643 -0.095633 0.060363
v 0.088854 -0.095565 0.060551
v 0.088641 -0.094705 0.059341
v 0.088854 -0.095565 0.060551
v 0.087902 -0.094504 0.059613
v 0.087902 -0.094504 0.059613
v 0.088854 -0.095565 0.060551
v 0.088115 -0.095365 0.060823
v 0.087902 -0.094504 0.059613
v 0.088115 -0.095365 0.060823
v 0.087242 -0.094180 0.059960
v 0.087242 -0.094180 0.059960
v 0.088115 -0.095365 0.060823
v 0.087455 -0.095040 0.061170
v 0.097612 -0.092616 0.059243
v 0.097825 -0.093477 0.060454
v 0.097190 -0.093216 0.058892
v 0.097190 -0.093216 0.058892
v 0.097825 -0.093477 0.060454
v 0.097403 -0.094076 0.060102
v 0.097190 -0.093216 0.058892
v 0.097403 -0.094076 0.060102
v 0.096638 -0.093744 0.058613
v 0.096638 -0.093744 0.058613
v 0.097403 -0.094076 0.060102
v 0.096852 -0.094605 0.059823
v 0.096638 -0.093744 0.058613
v 0.096852 -0.094605 0.059823
v 0.095980 -0.094180 0.058420
v 0.095980 -0.094180 0.058420
v 0.096852 -0.094605 0.059823
v 0.096193 -0.095040 0.059630
v 0.095980 -0.094180 0.058420
v 0.096193 -0.095040 0.059630
v 0.095241 -0.094504 0.058319
v 0.095241 -0.094504 0.058319
v 0.096193 -0.095040 0.059630
v 0.095454 -0.095365 0.059529
v 0.095241 -0.094504 0.058319
v 0.095454 -0.095365 0.059529
v 0.094453 -0.094705 0.058316
v 0.094453 -0.094705 0.058316
v 0.095454 -0.095365 0.059529
v 0.094666 -0.095565 0.059526
v 0.094453 -0.094705 0.058316
v 0.094666 -0.095565 0.059526
v 0.093648 -0.094772 0.058410
v 0.093648 -0.094772 0.058410
v 0.094666 -0.095565 0.059526
v 0.093861 -0.095633 0.059620
v 0.106564 -0.077849 0.070024
v 0.097825 -0.093477 0.060454
v 0.106351 -0.076988 0.068814
v 0.106351 -0.076988 0.068814
v 0.097825 -0.093477 0.060454
v 0.097612 -0.092616 0.059243
v 0.065100 -0.075500 0.074300
v 0.065100 -0.075500 0.075800
v 0.064210 -0.075400 0.074300
v 0.064210 -0.075400 0.074300
v 0.065100 -0.075500 0.075800
v 0.064210 -0.075400 0.075800
v 0.064210 -0.075400 0.074300
v 0.064210 -0.075400 0.075800
v 0.063364 -0.075104 0.074300
v 0.063364 -0.075104 0.074300
v 0.064210 -0.075400 0.075800
v 0.063364 -0.075104 0.075800
v 0.063364 -0.075104 0.074300
v 0.063364 -0.075104 0.075800
v 0.062606 -0.074627 0.074300
v 0.062606 -0.074627 0.074300
v 0.063364 -0.075104 0.075800
v 0.062606 -0.074627 0.075800
v 0.062606 -0.074627 0.074300
v 0.062606 -0.074627 0.075800
v 0.061973 -0.073994 0.074300
v 0.061973 -0.073994 0.074300
v 0.062606 -0.074627 0.075800
v 0.061973 -0.073994 0.075800
v 0.061973 -0.073994 0.074300
v 0.061973 -0.073994 0.075800
v 0.061496 -0.073236 0.074300
v 0.061496 -0.073236 0.074300
v 0.061973 -0.073994 0.075800
v 0.061496 -0.073236 0.075800
v 0.061496 -0.073236 0.074300
v 0.061496 -0.073236 0.075800
v 0.061200 -0.072390 0.074300
v 0.061200 -0.072390 0.074300
v 0.061496 -0.073236 0.075800
v 0.061200 -0.072390 0.075800
v 0.061200 -0.072390 0.074300
v 0.061200 -0.072390 0.075800
v 0.061100 -0.071500 0.074300
v 0.061100 -0.071500 0.074300
v 0.061200 -0.072390 0.075800
v 0.061100 -0.071500 0.075800
v 0.065100 0.075500 0.075800
v 0.067572 0.070850 0.075800
v 0.076969 0.075500 0.075800
v 0.076969 0.075500 0.075800
v 0.067572 0.070850 0.075800
v 0.067742 0.070440 0.075800
v 0.076969 0.075500 0.075800
v 0.067742 0.070440 0.075800
v 0.067800 0.070000 0.075800
v 0.064210 0.075400 0.075800
v 0.064628 0.070850 0.075800
v 0.065100 0.075500 0.075800
v 0.065100 0.075500 0.075800
v 0.064628 0.070850 0.075800
v 0.064898 0.071202 0.075800
v 0.065100 0.075500 0.075800
v 0.064898 0.071202 0.075800
v 0.065250 0.071472 0.075800
v 0.063364 0.075104 0.075800
v 0.064400 0.070000 0.075800
v 0.064210 0.075400 0.075800
v 0.064210 0.075400 0.075800
v 0.064400 0.070000 0.075800
v 0.064458 0.070440 0.075800
v 0.064210 0.075400 0.075800
v 0.064458 0.070440 0.075800
v 0.064628 0.070850 0.075800
v 0.063364 0.075104 0.075800
v 0.062606 0.074627 0.075800
v 0.064400 0.070000 0.075800
v 0.064400 0.070000 0.075800
v 0.062606 0.074627 0.075800
v 0.064458 0.069560 0.075800
v 0.064458 0.069560 0.075800
v 0.062606 0.074627 0.075800
v 0.061973 0.073994 0.075800
v 0.064458 0.069560 0.075800
v 0.061973 0.073994 0.075800
v 0.061100 0.071500 0.075800
v 0.061100 0.071500 0.075800
v 0.061973 0.073994 0.075800
v 0.061496 0.073236 0.075800
v 0.061100 0.071500 0.075800
v 0.061496 0.073236 0.075800
v 0.061200 0.072390 0.075800
v 0.064458 0.069560 0.075800
v 0.061100 0.071500 0.075800
v 0.064458 -0.069560 0.075800
v 0.064458 -0.069560 0.075800
v 0.061100 0.071500 0.075800
v 0.061100 -0.071500 0.075800
v 0.064458 -0.069560 0.075800
v 0.061100 -0.071500 0.075800
v 0.061973 -0.073994 0.075800
v 0.061973 -0.073994 0.075800
v 0.061100 -0.071500 0.075800
v 0.061496 -0.073236 0.075800
v 0.061496 -0.073236 0.075800
v 0.061100 -0.071500 0.075800
v 0.061200 -0.072390 0.075800
v 0.061973 -0.073994 0.075800
v 0.062606 -0.074627 0.075800
v 0.064458 -0.069560 0.075800
v 0.064458 -0.069560 0.075800
v 0.062606 -0.074627 0.075800
v 0.064400 -0.070000 0.075800
v 0.064400 -0.070000 0.075800
v 0.062606 -0.074627 0.075800
v 0.063364 -0.075104 0.075800
v 0.064400 -0.070000 0.075800
v 0.063364 -0.075104 0.075800
v 0.064210 -0.075400 0.075800
v 0.065100 -0.075500 0.075800
v 0.064628 -0.070850 0.075800
v 0.064210 -0.075400 0.075800
v 0.064210 -0.075400 0.075800
v 0.064628 -0.070850 0.075800
v 0.064458 -0.070440 0.075800
v 0.064210 -0.075400 0.075800
v 0.064458 -0.070440 0.075800
v 0.064400 -0.070000 0.075800
v 0.076969 -0.075500 0.075800
v 0.067572 -0.070850 0.075800
v 0.065100 -0.075500 0.075800
v 0.065100 -0.075500 0.075800
v 0.067572 -0.070850 0.075800
v 0.067302 -0.071202 0.075800
v 0.065100 -0.075500 0.075800
v 0.067302 -0.071202 0.075800
v 0.066950 -0.071472 0.075800
v 0.076969 -0.027271 0.075800
v 0.076624 -0.027152 0.075800
v 0.076969 -0.075500 0.075800
v 0.076969 -0.075500 0.075800
v 0.076624 -0.027152 0.075800
v 0.076318 -0.026954 0.075800
v 0.076969 -0.075500 0.075800
v 0.076318 -0.026954 0.075800
v 0.076067 -0.026690 0.075800
v 0.076067 -0.026690 0.075800
v 0.075885 -0.026374 0.075800
v 0.076969 -0.075500 0.075800
v 0.076969 -0.075500 0.075800
v 0.075885 -0.026374 0.075800
v 0.075783 -0.026024 0.075800
v 0.076969 -0.075500 0.075800
v 0.075783 -0.026024 0.075800
v 0.067800 -0.070000 0.075800
v 0.067800 -0.070000 0.075800
v 0.075783 -0.026024 0.075800
v 0.075766 -0.025660 0.075800
v 0.067800 -0.070000 0.075800
v 0.075766 -0.025660 0.075800
v 0.067742 -0.069560 0.075800
v 0.067742 -0.069560 0.075800
v 0.075766 -0.025660 0.075800
v 0.067572 -0.069150 0.075800
v 0.067572 -0.069150 0.075800
v 0.075766 -0.025660 0.075800
v 0.075766 0.025660 0.075800
v 0.067572 -0.069150 0.075800
v 0.075766 0.025660 0.075800
v 0.067572 0.069150 0.075800
v 0.067572 0.069150 0.075800
v 0.075766 0.025660 0.075800
v 0.067742 0.069560 0.075800
v 0.067742 0.069560 0.075800
v 0.075766 0.025660 0.075800
v 0.067800 0.070000 0.075800
v 0.067800 0.070000 0.075800
v 0.075766 0.025660 0.075800
v 0.075783 0.026024 0.075800
v 0.067800 0.070000 0.075800
v 0.075783 0.026024 0.075800
v 0.076969 0.075500 0.075800
v 0.076969 0.075500 0.075800
v 0.075783 0.026024 0.075800
v 0.075885 0.026374 0.075800
v 0.076969 0.075500 0.075800
v 0.075885 0.026374 0.075800
v 0.076067 0.026690 0.075800
v 0.075766 0.025660 0.075800
v 0.075766 -0.025660 0.075800
v 0.075836 0.025302 0.075800
v 0.075836 0.025302 0.075800
v 0.075766 -0.025660 0.075800
v 0.075836 -0.025302 0.075800
v 0.075836 0.025302 0.075800
v 0.075836 -0.025302 0.075800
v 0.075988 -0.024971 0.075800
v 0.075836 0.025302 0.075800
v 0.075988 -0.024971 0.075800
v 0.075988 0.024971 0.075800
v 0.075988 0.024971 0.075800
v 0.075988 -0.024971 0.075800
v 0.076214 -0.024685 0.075800
v 0.075988 0.024971 0.075800
v 0.076214 -0.024685 0.075800
v 0.076214 0.024685 0.075800
v 0.076214 0.024685 0.075800
v 0.076214 -0.024685 0.075800
v 0.076501 -0.024460 0.075800
v 0.076214 0.024685 0.075800
v 0.076501 -0.024460 0.075800
v 0.076501 0.024460 0.075800
v 0.076501 0.024460 0.075800
v 0.076501 -0.024460 0.075800
v 0.076554 -0.024428 0.075800
v 0.076501 0.024460 0.075800
v 0.076554 -0.024428 0.075800
v 0.076554 0.024428 0.075800
v 0.076067 0.026690 0.075800
v 0.076318 0.026954 0.075800
v 0.076969 0.075500 0.075800
v 0.076969 0.075500 0.075800
v 0.076318 0.026954 0.075800
v 0.076624 0.027152 0.075800
v 0.076969 0.075500 0.075800
v 0.076624 0.027152 0.075800
v 0.076969 0.027271 0.075800
v 0.065250 0.071472 0.075800
v 0.065660 0.071642 0.075800
v 0.065100 0.075500 0.075800
v 0.065100 0.075500 0.075800
v 0.065660 0.071642 0.075800
v 0.066100 0.071700 0.075800
v 0.065100 0.075500 0.075800
v 0.066100 0.071700 0.075800
v 0.066540 0.071642 0.075800
v 0.066540 0.071642 0.075800
v 0.066950 0.071472 0.075800
v 0.065100 0.075500 0.075800
v 0.065100 0.075500 0.075800
v 0.066950 0.071472 0.075800
v 0.067302 0.071202 0.075800
v 0.065100 0.075500 0.075800
v 0.067302 0.071202 0.075800
v 0.067572 0.070850 0.075800
v 0.067572 -0.069150 0.075800
v 0.067572 0.069150 0.075800
v 0.067302 -0.068798 0.075800
v 0.067302 -0.068798 0.075800
v 0.067572 0.069150 0.075800
v 0.067302 0.068798 0.075800
v 0.067302 -0.068798 0.075800
v 0.067302 0.068798 0.075800
v 0.066950 -0.068528 0.075800
v 0.066950 -0.068528 0.075800
v 0.067302 0.068798 0.075800
v 0.066950 0.068528 0.075800
v 0.066950 -0.068528 0.075800
v 0.066950 0.068528 0.075800
v 0.066540 -0.068358 0.075800
v 0.066540 -0.068358 0.075800
v 0.066950 0.068528 0.075800
v 0.066540 0.068358 0.075800
v 0.066540 -0.068358 0.075800
v 0.066540 0.068358 0.075800
v 0.066100 -0.068300 0.075800
v 0.066100 -0.068300 0.075800
v 0.066540 0.068358 0.075800
v 0.066100 0.068300 0.075800
v 0.066100 -0.068300 0.075800
v 0.066100 0.068300 0.075800
v 0.065660 0.068358 0.075800
v 0.066100 -0.068300 0.075800
v 0.065660 0.068358 0.075800
v 0.065660 -0.068358 0.075800
v 0.065660 -0.068358 0.075800
v 0.065660 0.068358 0.075800
v 0.065250 0.068528 0.075800
v 0.065660 -0.068358 0.075800
v 0.065250 0.068528 0.075800
v 0.065250 -0.068528 0.075800
v 0.065250 -0.068528 0.075800
v 0.065250 0.068528 0.075800
v 0.064898 -0.068798 0.075800
v 0.064898 -0.068798 0.075800
v 0.065250 0.068528 0.075800
v 0.064898 0.068798 0.075800
v 0.064898 -0.068798 0.075800
v 0.064898 0.068798 0.075800
v 0.064628 -0.069150 0.075800
v 0.064628 -0.069150 0.075800
v 0.064898 0.068798 0.075800
v 0.064628 0.069150 0.075800
v 0.064628 -0.069150 0.075800
v 0.064628 0.069150 0.075800
v 0.064458 -0.069560 0.075800
v 0.064458 -0.069560 0.075800
v 0.064628 0.069150 0.075800
v 0.064458 0.069560 0.075800
v 0.067800 -0.070000 0.075800
v 0.067742 -0.070440 0.075800
v 0.076969 -0.075500 0.075800
v 0.076969 -0.075500 0.075800
v 0.067742 -0.070440 0.075800
v 0.067572 -0.070850 0.075800
v 0.066950 -0.071472 0.075800
v 0.066540 -0.071642 0.075800
v 0.065100 -0.075500 0.075800
v 0.065100 -0.075500 0.075800
v 0.066540 -0.071642 0.075800
v 0.066100 -0.071700 0.075800
v 0.065100 -0.075500 0.075800
v 0.066100 -0.071700 0.075800
v 0.065660 -0.071642 0.075800
v 0.065660 -0.071642 0.075800
v 0.065250 -0.071472 0.075800
v 0.065100 -0.075500 0.075800
v 0.065100 -0.075500 0.075800
v 0.065250 -0.071472 0.075800
v 0.064898 -0.071202 0.075800
v 0.065100 -0.075500 0.075800
v 0.064898 -0.071202 0.075800
v 0.064628 -0.070850 0.075800
v 0.077229 -0.075500 0.074277
v 0.077529 -0.075500 0.074224
v 0.077490 -0.075500 0.075754
v 0.077490 -0.075500 0.075754
v 0.077529 -0.075500 0.074224
v 0.077789 -0.075500 0.075702
v 0.099982 -0.017827 0.060922
v 0.100460 -0.017122 0.062157
v 0.100791 -0.018216 0.060831
v 0.100791 -0.018216 0.060831
v 0.100460 -0.017122 0.062157
v 0.101269 -0.017511 0.062066
v 0.100791 -0.018216 0.060831
v 0.101269 -0.017511 0.062066
v 0.101518 -0.018752 0.060856
v 0.101518 -0.018752 0.060856
v 0.101269 -0.017511 0.062066
v 0.101996 -0.018047 0.062091
v 0.101518 -0.018752 0.060856
v 0.101996 -0.018047 0.062091
v 0.102124 -0.019406 0.060995
v 0.102124 -0.019406 0.060995
v 0.101996 -0.018047 0.062091
v 0.102602 -0.018702 0.062229
v 0.102124 -0.019406 0.060995
v 0.102602 -0.018702 0.062229
v 0.102579 -0.020146 0.061240
v 0.102579 -0.020146 0.061240
v 0.102602 -0.018702 0.062229
v 0.103057 -0.019441 0.062475
v 0.102579 -0.020146 0.061240
v 0.103057 -0.019441 0.062475
v 0.102861 -0.020933 0.061581
v 0.102861 -0.020933 0.061581
v 0.103057 -0.019441 0.062475
v 0.103339 -0.020229 0.062816
v 0.103339 -0.020229 0.062816
v 0.106932 -0.035413 0.070091
v 0.102861 -0.020933 0.061581
v 0.102861 -0.020933 0.061581
v 0.106932 -0.035413 0.070091
v 0.106454 -0.036118 0.068856
v 0.094120 -0.014837 0.063308
v 0.093642 -0.014831 0.063490
v 0.094603 -0.014957 0.063190
v 0.094603 -0.014957 0.063190
v 0.093642 -0.014831 0.063490
v 0.093200 -0.014939 0.063723
v 0.094603 -0.014957 0.063190
v 0.093200 -0.014939 0.063723
v 0.092823 -0.015155 0.063992
v 0.079765 -0.025484 0.074945
v 0.103339 -0.020229 0.062816
v 0.092823 -0.015155 0.063992
v 0.092823 -0.015155 0.063992
v 0.103339 -0.020229 0.062816
v 0.100460 -0.017122 0.062157
v 0.092823 -0.015155 0.063992
v 0.100460 -0.017122 0.062157
v 0.094603 -0.014957 0.063190
v 0.106960 -0.035535 0.070150
v 0.106951 -0.035495 0.070130
v 0.079765 -0.025484 0.074945
v 0.079765 -0.025484 0.074945
v 0.106951 -0.035495 0.070130
v 0.106942 -0.035454 0.070111
v 0.079765 -0.025484 0.074945
v 0.106942 -0.035454 0.070111
v 0.106932 -0.035413 0.070091
v 0.106932 -0.035413 0.070091
v 0.103339 -0.020229 0.062816
v 0.079765 -0.025484 0.074945
v 0.103339 -0.020229 0.062816
v 0.103057 -0.019441 0.062475
v 0.100460 -0.017122 0.062157
v 0.100460 -0.017122 0.062157
v 0.103057 -0.019441 0.062475
v 0.102602 -0.018702 0.062229
v 0.100460 -0.017122 0.062157
v 0.102602 -0.018702 0.062229
v 0.101996 -0.018047 0.062091
v 0.101996 -0.018047 0.062091
v 0.101269 -0.017511 0.062066
v 0.100460 -0.017122 0.062157
v 0.106960 -0.035535 0.070150
v 0.106602 -0.036064 0.069224
v 0.106951 -0.035495 0.070130
v 0.106951 -0.035495 0.070130
v 0.106602 -0.036064 0.069224
v 0.106473 -0.036199 0.068895
v 0.106951 -0.035495 0.070130
v 0.106473 -0.036199 0.068895
v 0.106942 -0.035454 0.070111
v 0.106942 -0.035454 0.070111
v 0.106473 -0.036199 0.068895
v 0.106463 -0.036159 0.068876
v 0.106942 -0.035454 0.070111
v 0.106463 -0.036159 0.068876
v 0.106932 -0.035413 0.070091
v 0.106932 -0.035413 0.070091
v 0.106463 -0.036159 0.068876
v 0.106454 -0.036118 0.068856
v 0.106602 -0.036064 0.069224
v 0.106482 -0.036240 0.068915
v 0.106473 -0.036199 0.068895
v 0.106585 -0.036651 0.069048
v 0.099734 -0.034120 0.070256
v 0.106482 -0.036240 0.068915
v 0.106482 -0.036240 0.068915
v 0.099734 -0.034120 0.070256
v 0.092703 -0.031522 0.071497
v 0.106482 -0.036240 0.068915
v 0.092703 -0.031522 0.071497
v 0.079287 -0.026189 0.073710
v 0.079287 -0.026189 0.073710
v 0.092703 -0.031522 0.071497
v 0.085671 -0.028924 0.072737
v 0.079287 -0.026189 0.073710
v 0.085671 -0.028924 0.072737
v 0.078915 -0.026427 0.073928
v 0.078915 -0.026427 0.073928
v 0.085671 -0.028924 0.072737
v 0.078518 -0.026690 0.074050
v 0.078518 -0.026690 0.074050
v 0.085671 -0.028924 0.072737
v 0.092703 -0.031522 0.071497
v 0.078518 -0.026690 0.074050
v 0.092703 -0.031522 0.071497
v 0.106643 -0.037085 0.069091
v 0.106643 -0.037085 0.069091
v 0.092703 -0.031522 0.071497
v 0.099734 -0.034120 0.070256
v 0.106643 -0.037085 0.069091
v 0.099734 -0.034120 0.070256
v 0.106585 -0.036651 0.069048
v 0.091307 -0.011585 0.062379
v 0.091307 0.011585 0.062379
v 0.092271 -0.011585 0.063528
v 0.092271 -0.011585 0.063528
v 0.091307 0.011585 0.062379
v 0.092271 0.011585 0.063528
v 0.094603 -0.014957 0.063190
v 0.100460 -0.017122 0.062157
v 0.094124 -0.015662 0.061955
v 0.094124 -0.015662 0.061955
v 0.100460 -0.017122 0.062157
v 0.099982 -0.017827 0.060922
v 0.077229 -0.027307 0.074277
v 0.077294 -0.027307 0.074647
v 0.077567 -0.027268 0.074218
v 0.077567 -0.027268 0.074218
v 0.077294 -0.027307 0.074647
v 0.077359 -0.027307 0.075016
v 0.077567 -0.027268 0.074218
v 0.077359 -0.027307 0.075016
v 0.077828 -0.027268 0.075695
v 0.077828 -0.027268 0.075695
v 0.077359 -0.027307 0.075016
v 0.077490 -0.027307 0.075754
v 0.077567 -0.027268 0.074218
v 0.077828 -0.027268 0.075695
v 0.077888 -0.027154 0.074161
v 0.077888 -0.027154 0.074161
v 0.077828 -0.027268 0.075695
v 0.078149 -0.027154 0.075638
v 0.077888 -0.027154 0.074161
v 0.078149 -0.027154 0.075638
v 0.078176 -0.026969 0.074110
v 0.078176 -0.026969 0.074110
v 0.078149 -0.027154 0.075638
v 0.078436 -0.026969 0.075588
v 0.077846 -0.076054 0.075692
v 0.077789 -0.075500 0.075702
v 0.077651 -0.076054 0.074584
v 0.077651 -0.076054 0.074584
v 0.077789 -0.075500 0.075702
v 0.077529 -0.075500 0.074224
v 0.077651 -0.076054 0.074584
v 0.077529 -0.075500 0.074224
v 0.077586 -0.076054 0.074214
v 0.089429 -0.094772 0.059153
v 0.093648 -0.094772 0.058410
v 0.089643 -0.095633 0.060363
v 0.089643 -0.095633 0.060363
v 0.093648 -0.094772 0.058410
v 0.093861 -0.095633 0.059620
v 0.091840 -0.012976 0.063890
v 0.092271 -0.011585 0.063528
v 0.091534 -0.013295 0.064147
v 0.091534 -0.013295 0.064147
v 0.092271 -0.011585 0.063528
v 0.092271 0.011585 0.063528
v 0.091534 -0.013295 0.064147
v 0.092271 0.011585 0.063528
v 0.091534 0.013295 0.064147
v 0.091534 0.013295 0.064147
v 0.092271 0.011585 0.063528
v 0.091840 0.012976 0.063890
v 0.091840 0.012976 0.063890
v 0.092271 0.011585 0.063528
v 0.092074 0.012566 0.063693
v 0.092074 0.012566 0.063693
v 0.092271 0.011585 0.063528
v 0.092221 0.012092 0.063570
v 0.091840 -0.012976 0.063890
v 0.092074 -0.012566 0.063693
v 0.092271 -0.011585 0.063528
v 0.092271 -0.011585 0.063528
v 0.092074 -0.012566 0.063693
v 0.092221 -0.012092 0.063570
v 0.091534 0.013295 0.064147
v 0.078482 0.023634 0.075098
v 0.091534 -0.013295 0.064147
v 0.091534 -0.013295 0.064147
v 0.078482 0.023634 0.075098
v 0.078482 -0.023634 0.075098
v 0.106968 -0.036283 0.070451
v 0.093086 -0.031155 0.072900
v 0.106904 -0.037085 0.070568
v 0.106904 -0.037085 0.070568
v 0.093086 -0.031155 0.072900
v 0.079298 -0.026063 0.075332
v 0.106904 -0.037085 0.070568
v 0.079298 -0.026063 0.075332
v 0.078778 -0.026690 0.075527
v 0.106960 -0.035535 0.070150
v 0.079765 -0.025484 0.074945
v 0.106968 -0.036283 0.070451
v 0.106968 -0.036283 0.070451
v 0.079765 -0.025484 0.074945
v 0.093086 -0.031155 0.072900
v 0.079765 -0.025484 0.074945
v 0.079298 -0.026063 0.075332
v 0.093086 -0.031155 0.072900
v 0.061100 -0.071500 0.074300
v 0.061100 -0.071500 0.075800
v 0.061100 0.071500 0.074300
v 0.061100 0.071500 0.074300
v 0.061100 -0.071500 0.075800
v 0.061100 0.071500 0.075800
v 0.106725 -0.077390 0.070280
v 0.097175 -0.077242 0.072034
v 0.106604 -0.077775 0.070070
v 0.106604 -0.077775 0.070070
v 0.097175 -0.077242 0.072034
v 0.087489 -0.077242 0.073742
v 0.106604 -0.077775 0.070070
v 0.087489 -0.077242 0.073742
v 0.077882 -0.077381 0.075371
v 0.077882 -0.077381 0.075371
v 0.087489 -0.077242 0.073742
v 0.077882 -0.076956 0.075544
v 0.077882 -0.076956 0.075544
v 0.087489 -0.077242 0.073742
v 0.087521 -0.076661 0.073923
v 0.077882 -0.076956 0.075544
v 0.087521 -0.076661 0.073923
v 0.077870 -0.076510 0.075652
v 0.077870 -0.076510 0.075652
v 0.087521 -0.076661 0.073923
v 0.077846 -0.076054 0.075692
v 0.077846 -0.076054 0.075692
v 0.087521 -0.076661 0.073923
v 0.097206 -0.076661 0.072215
v 0.077846 -0.076054 0.075692
v 0.097206 -0.076661 0.072215
v 0.106876 -0.076518 0.070535
v 0.106876 -0.076518 0.070535
v 0.097206 -0.076661 0.072215
v 0.106817 -0.076967 0.070437
v 0.106817 -0.076967 0.070437
v 0.097206 -0.076661 0.072215
v 0.097175 -0.077242 0.072034
v 0.106817 -0.076967 0.070437
v 0.097175 -0.077242 0.072034
v 0.106725 -0.077390 0.070280
v 0.106876 -0.076518 0.070535
v 0.106903 -0.076054 0.070568
v 0.077846 -0.076054 0.075692
v 0.077882 -0.077381 0.075371
v 0.077871 -0.077775 0.075136
v 0.106604 -0.077775 0.070070
v 0.087521 -0.076661 0.073923
v 0.087489 -0.077242 0.073742
v 0.097175 -0.077242 0.072034
v 0.097206 -0.076661 0.072215
v 0.087521 -0.076661 0.073923
v 0.097175 -0.077242 0.072034
v 0.077657 -0.076914 0.073926
v 0.106391 -0.076914 0.068860
v 0.106351 -0.076988 0.068814
v 0.106351 -0.076988 0.068814
v 0.106391 -0.076914 0.068860
v 0.106378 -0.076939 0.068845
v 0.106351 -0.076988 0.068814
v 0.106378 -0.076939 0.068845
v 0.106364 -0.076964 0.068829
v 0.077657 -0.076914 0.073926
v 0.106351 -0.076988 0.068814
v 0.077704 -0.086721 0.066946
v 0.077704 -0.086721 0.066946
v 0.106351 -0.076988 0.068814
v 0.097612 -0.092616 0.059243
v 0.077704 -0.086721 0.066946
v 0.097612 -0.092616 0.059243
v 0.079078 -0.089062 0.065039
v 0.079078 -0.089062 0.065039
v 0.097612 -0.092616 0.059243
v 0.087242 -0.094180 0.059960
v 0.087242 -0.094180 0.059960
v 0.097612 -0.092616 0.059243
v 0.089429 -0.094772 0.059153
v 0.087242 -0.094180 0.059960
v 0.089429 -0.094772 0.059153
v 0.087902 -0.094504 0.059613
v 0.087902 -0.094504 0.059613
v 0.089429 -0.094772 0.059153
v 0.088641 -0.094705 0.059341
v 0.089429 -0.094772 0.059153
v 0.097612 -0.092616 0.059243
v 0.093648 -0.094772 0.058410
v 0.093648 -0.094772 0.058410
v 0.097612 -0.092616 0.059243
v 0.097190 -0.093216 0.058892
v 0.093648 -0.094772 0.058410
v 0.097190 -0.093216 0.058892
v 0.096638 -0.093744 0.058613
v 0.096638 -0.093744 0.058613
v 0.095980 -0.094180 0.058420
v 0.093648 -0.094772 0.058410
v 0.093648 -0.094772 0.058410
v 0.095980 -0.094180 0.058420
v 0.095241 -0.094504 0.058319
v 0.093648 -0.094772 0.058410
v 0.095241 -0.094504 0.058319
v 0.094453 -0.094705 0.058316
v 0.078500 -0.088603 0.065467
v 0.078067 -0.088041 0.065943
v 0.079078 -0.089062 0.065039
v 0.079078 -0.089062 0.065039
v 0.078067 -0.088041 0.065943
v 0.077798 -0.087404 0.066443
v 0.079078 -0.089062 0.065039
v 0.077798 -0.087404 0.066443
v 0.077704 -0.086721 0.066946
v 0.076969 -0.027271 0.075800
v 0.077143 -0.075500 0.075795
v 0.077490 -0.027307 0.075754
v 0.077490 -0.027307 0.075754
v 0.077143 -0.075500 0.075795
v 0.077317 -0.075500 0.075780
v 0.077490 -0.027307 0.075754
v 0.077317 -0.075500 0.075780
v 0.077490 -0.075500 0.075754
v 0.076969 -0.027271 0.075800
v 0.076969 -0.075500 0.075800
v 0.077143 -0.075500 0.075795
v 0.076969 -0.075500 0.074300
v 0.076969 -0.027271 0.074300
v 0.077056 -0.075500 0.074297
v 0.077056 -0.075500 0.074297
v 0.076969 -0.027271 0.074300
v 0.077099 -0.027298 0.074294
v 0.077056 -0.075500 0.074297
v 0.077099 -0.027298 0.074294
v 0.077143 -0.075500 0.074290
v 0.077143 -0.075500 0.074290
v 0.077099 -0.027298 0.074294
v 0.077229 -0.027307 0.074277
v 0.077143 -0.075500 0.074290
v 0.077229 -0.027307 0.074277
v 0.077229 -0.075500 0.074277
v 0.064458 -0.070440 0.075800
v 0.064458 -0.070440 0.074300
v 0.064400 -0.070000 0.075800
v 0.064400 -0.070000 0.075800
v 0.064458 -0.070440 0.074300
v 0.064400 -0.070000 0.074300
v 0.064400 -0.070000 0.075800
v 0.064400 -0.070000 0.074300
v 0.064458 -0.069560 0.075800
v 0.064458 -0.069560 0.075800
v 0.064400 -0.070000 0.074300
v 0.064458 -0.069560 0.074300
v 0.064458 -0.069560 0.075800
v 0.064458 -0.069560 0.074300
v 0.064628 -0.069150 0.075800
v 0.064628 -0.069150 0.075800
v 0.064458 -0.069560 0.074300
v 0.064628 -0.069150 0.074300
v 0.064628 -0.069150 0.075800
v 0.064628 -0.069150 0.074300
v 0.064898 -0.068798 0.075800
v 0.064898 -0.068798 0.075800
v 0.064628 -0.069150 0.074300
v 0.064898 -0.068798 0.074300
v 0.064898 -0.068798 0.075800
v 0.064898 -0.068798 0.074300
v 0.065250 -0.068528 0.075800
v 0.065250 -0.068528 0.075800
v 0.064898 -0.068798 0.074300
v 0.065250 -0.068528 0.074300
v 0.065250 -0.068528 0.075800
v 0.065250 -0.068528 0.074300
v 0.065660 -0.068358 0.075800
v 0.065660 -0.068358 0.075800
v 0.065250 -0.068528 0.074300
v 0.065660 -0.068358 0.074300
v 0.065660 -0.068358 0.075800
v 0.065660 -0.068358 0.074300
v 0.066100 -0.068300 0.075800
v 0.066100 -0.068300 0.075800
v 0.065660 -0.068358 0.074300
v 0.066100 -0.068300 0.074300
v 0.066100 -0.068300 0.075800
v 0.066100 -0.068300 0.074300
v 0.066540 -0.068358 0.075800
v 0.066540 -0.068358 0.075800
v 0.066100 -0.068300 0.074300
v 0.066540 -0.068358 0.074300
v 0.066540 -0.068358 0.075800
v 0.066540 -0.068358 0.074300
v 0.066950 -0.068528 0.075800
v 0.066950 -0.068528 0.075800
v 0.066540 -0.068358 0.074300
v 0.066950 -0.068528 0.074300
v 0.066950 -0.068528 0.075800
v 0.066950 -0.068528 0.074300
v 0.067302 -0.068798 0.075800
v 0.067302 -0.068798 0.075800
v 0.066950 -0.068528 0.074300
v 0.067302 -0.068798 0.074300
v 0.067302 -0.068798 0.075800
v 0.067302 -0.068798 0.074300
v 0.067572 -0.069150 0.075800
v 0.067572 -0.069150 0.075800
v 0.067302 -0.068798 0.074300
v 0.067572 -0.069150 0.074300
v 0.067572 -0.069150 0.075800
v 0.067572 -0.069150 0.074300
v 0.067742 -0.069560 0.075800
v 0.067742 -0.069560 0.075800
v 0.067572 -0.069150 0.074300
v 0.067742 -0.069560 0.074300
v 0.067742 -0.069560 0.075800
v 0.067742 -0.069560 0.074300
v 0.067800 -0.070000 0.075800
v 0.067800 -0.070000 0.075800
v 0.067742 -0.069560 0.074300
v 0.067800 -0.070000 0.074300
v 0.067800 -0.070000 0.075800
v 0.067800 -0.070000 0.074300
v 0.067742 -0.070440 0.075800
v 0.067742 -0.070440 0.075800
v 0.067800 -0.070000 0.074300
v 0.067742 -0.070440 0.074300
v 0.067742 -0.070440 0.075800
v 0.067742 -0.070440 0.074300
v 0.067572 -0.070850 0.075800
v 0.067572 -0.070850 0.075800
v 0.067742 -0.070440 0.074300
v 0.067572 -0.070850 0.074300
v 0.067572 -0.070850 0.075800
v 0.067572 -0.070850 0.074300
v 0.067302 -0.071202 0.075800
v 0.067302 -0.071202 0.075800
v 0.067572 -0.070850 0.074300
v 0.067302 -0.071202 0.074300
v 0.067302 -0.071202 0.075800
v 0.067302 -0.071202 0.074300
v 0.066950 -0.071472 0.075800
v 0.066950 -0.071472 0.075800
v 0.067302 -0.071202 0.074300
v 0.066950 -0.071472 0.074300
v 0.066950 -0.071472 0.075800
v 0.066950 -0.071472 0.074300
v 0.066540 -0.071642 0.075800
v 0.066540 -0.071642 0.075800
v 0.066950 -0.071472 0.074300
v 0.066540 -0.071642 0.074300
v 0.066540 -0.071642 0.075800
v 0.066540 -0.071642 0.074300
v 0.066100 -0.071700 0.075800
v 0.066100 -0.071700 0.075800
v 0.066540 -0.071642 0.074300
v 0.066100 -0.071700 0.074300
v 0.066100 -0.071700 0.075800
v 0.066100 -0.071700 0.074300
v 0.065660 -0.071642 0.075800
v 0.065660 -0.071642 0.075800
v 0.066100 -0.071700 0.074300
v 0.065660 -0.071642 0.074300
v 0.065660 -0.071642 0.075800
v 0.065660 -0.071642 0.074300
v 0.065250 -0.071472 0.075800
v 0.065250 -0.071472 0.075800
v 0.065660 -0.071642 0.074300
v 0.065250 -0.071472 0.074300
v 0.065250 -0.071472 0.075800
v 0.065250 -0.071472 0.074300
v 0.064898 -0.071202 0.075800
v 0.064898 -0.071202 0.075800
v 0.065250 -0.071472 0.074300
v 0.064898 -0.071202 0.074300
v 0.064898 -0.071202 0.075800
v 0.064898 -0.071202 0.074300
v 0.064628 -0.070850 0.075800
v 0.064628 -0.070850 0.075800
v 0.064898 -0.071202 0.074300
v 0.064628 -0.070850 0.074300
v 0.064628 -0.070850 0.075800
v 0.064628 -0.070850 0.074300
v 0.064458 -0.070440 0.075800
v 0.064458 -0.070440 0.075800
v 0.064628 -0.070850 0.074300
v 0.064458 -0.070440 0.074300
v -0.064258 0.070440 0.074300
v -0.064010 0.075400 0.074300
v -0.064200 0.070000 0.074300
v -0.064200 0.070000 0.074300
v -0.064010 0.075400 0.074300
v -0.063164 0.075104 0.074300
v -0.064200 0.070000 0.074300
v -0.063164 0.075104 0.074300
v -0.062406 0.074627 0.074300
v -0.064258 0.070440 0.074300
v -0.064428 0.070850 0.074300
v -0.064010 0.075400 0.074300
v -0.064010 0.075400 0.074300
v -0.064428 0.070850 0.074300
v -0.064900 0.075500 0.074300
v -0.064900 0.075500 0.074300
v -0.064428 0.070850 0.074300
v -0.064698 0.071202 0.074300
v -0.064900 0.075500 0.074300
v -0.064698 0.071202 0.074300
v -0.065050 0.071472 0.074300
v -0.065050 0.071472 0.074300
v -0.065460 0.071642 0.074300
v -0.064900 0.075500 0.074300
v -0.064900 0.075500 0.074300
v -0.065460 0.071642 0.074300
v -0.065900 0.071700 0.074300
v -0.064900 0.075500 0.074300
v -0.065900 0.071700 0.074300
v -0.066340 0.071642 0.074300
v -0.066340 0.071642 0.074300
v -0.066750 0.071472 0.074300
v -0.064900 0.075500 0.074300
v -0.064900 0.075500 0.074300
v -0.066750 0.071472 0.074300
v -0.067102 0.071202 0.074300
v -0.064900 0.075500 0.074300
v -0.067102 0.071202 0.074300
v -0.067372 0.070850 0.074300
v -0.064900 0.075500 0.074300
v -0.067372 0.070850 0.074300
v -0.076769 0.075500 0.074300
v -0.076769 0.075500 0.074300
v -0.067372 0.070850 0.074300
v -0.067542 0.070440 0.074300
v -0.076769 0.075500 0.074300
v -0.067542 0.070440 0.074300
v -0.067600 0.070000 0.074300
v -0.067542 0.069560 0.074300
v -0.075566 0.025660 0.074300
v -0.067600 0.070000 0.074300
v -0.067600 0.070000 0.074300
v -0.075566 0.025660 0.074300
v -0.075583 0.026024 0.074300
v -0.067600 0.070000 0.074300
v -0.075583 0.026024 0.074300
v -0.076769 0.075500 0.074300
v -0.076769 0.075500 0.074300
v -0.075583 0.026024 0.074300
v -0.075685 0.026374 0.074300
v -0.076769 0.075500 0.074300
v -0.075685 0.026374 0.074300
v -0.075867 0.026690 0.074300
v -0.067542 0.069560 0.074300
v -0.067372 0.069150 0.074300
v -0.075566 0.025660 0.074300
v -0.075566 0.025660 0.074300
v -0.067372 0.069150 0.074300
v -0.067372 -0.069150 0.074300
v -0.075566 0.025660 0.074300
v -0.067372 -0.069150 0.074300
v -0.075566 -0.025660 0.074300
v -0.075566 -0.025660 0.074300
v -0.067372 -0.069150 0.074300
v -0.067542 -0.069560 0.074300
v -0.075566 -0.025660 0.074300
v -0.067542 -0.069560 0.074300
v -0.067600 -0.070000 0.074300
v -0.067372 -0.069150 0.074300
v -0.067372 0.069150 0.074300
v -0.067102 -0.068798 0.074300
v -0.067102 -0.068798 0.074300
v -0.067372 0.069150 0.074300
v -0.067102 0.068798 0.074300
v -0.067102 -0.068798 0.074300
v -0.067102 0.068798 0.074300
v -0.066750 -0.068528 0.074300
v -0.066750 -0.068528 0.074300
v -0.067102 0.068798 0.074300
v -0.066750 0.068528 0.074300
v -0.066750 -0.068528 0.074300
v -0.066750 0.068528 0.074300
v -0.066340 -0.068358 0.074300
v -0.066340 -0.068358 0.074300
v -0.066750 0.068528 0.074300
v -0.066340 0.068358 0.074300
v -0.066340 -0.068358 0.074300
v -0.066340 0.068358 0.074300
v -0.065900 -0.068300 0.074300
v -0.065900 -0.068300 0.074300
v -0.066340 0.068358 0.074300
v -0.065900 0.068300 0.074300
v -0.065900 -0.068300 0.074300
v -0.065900 0.068300 0.074300
v -0.065460 -0.068358 0.074300
v -0.065460 -0.068358 0.074300
v -0.065900 0.068300 0.074300
v -0.065460 0.068358 0.074300
v -0.065460 -0.068358 0.074300
v -0.065460 0.068358 0.074300
v -0.065050 -0.068528 0.074300
v -0.065050 -0.068528 0.074300
v -0.065460 0.068358 0.074300
v -0.065050 0.068528 0.074300
v -0.065050 -0.068528 0.074300
v -0.065050 0.068528 0.074300
v -0.064698 -0.068798 0.074300
v -0.064698 -0.068798 0.074300
v -0.065050 0.068528 0.074300
v -0.064698 0.068798 0.074300
v -0.064698 -0.068798 0.074300
v -0.064698 0.068798 0.074300
v -0.064428 -0.069150 0.074300
v -0.064428 -0.069150 0.074300
v -0.064698 0.068798 0.074300
v -0.064428 0.069150 0.074300
v -0.064428 -0.069150 0.074300
v -0.064428 0.069150 0.074300
v -0.064258 -0.069560 0.074300
v -0.064258 -0.069560 0.074300
v -0.064428 0.069150 0.074300
v -0.064258 0.069560 0.074300
v -0.064258 -0.069560 0.074300
v -0.064258 0.069560 0.074300
v -0.060900 -0.071500 0.074300
v -0.060900 -0.071500 0.074300
v -0.064258 0.069560 0.074300
v -0.060900 0.071500 0.074300
v -0.060900 0.071500 0.074300
v -0.064258 0.069560 0.074300
v -0.061773 0.073994 0.074300
v -0.060900 0.071500 0.074300
v -0.061773 0.073994 0.074300
v -0.061296 0.073236 0.074300
v -0.061773 0.073994 0.074300
v -0.064258 0.069560 0.074300
v -0.062406 0.074627 0.074300
v -0.062406 0.074627 0.074300
v -0.064258 0.069560 0.074300
v -0.064200 0.070000 0.074300
v -0.064258 -0.069560 0.074300
v -0.062406 -0.074627 0.074300
v -0.064200 -0.070000 0.074300
v -0.064200 -0.070000 0.074300
v -0.062406 -0.074627 0.074300
v -0.063164 -0.075104 0.074300
v -0.064200 -0.070000 0.074300
v -0.063164 -0.075104 0.074300
v -0.064010 -0.075400 0.074300
v -0.067542 -0.070440 0.074300
v -0.076769 -0.075500 0.074300
v -0.067600 -0.070000 0.074300
v -0.067600 -0.070000 0.074300
v -0.076769 -0.075500 0.074300
v -0.075583 -0.026024 0.074300
v -0.067600 -0.070000 0.074300
v -0.075583 -0.026024 0.074300
v -0.075566 -0.025660 0.074300
v -0.067542 -0.070440 0.074300
v -0.067372 -0.070850 0.074300
v -0.076769 -0.075500 0.074300
v -0.076769 -0.075500 0.074300
v -0.067372 -0.070850 0.074300
v -0.064900 -0.075500 0.074300
v -0.064900 -0.075500 0.074300
v -0.067372 -0.070850 0.074300
v -0.067102 -0.071202 0.074300
v -0.064900 -0.075500 0.074300
v -0.067102 -0.071202 0.074300
v -0.066750 -0.071472 0.074300
v -0.066750 -0.071472 0.074300
v -0.066340 -0.071642 0.074300
v -0.064900 -0.075500 0.074300
v -0.064900 -0.075500 0.074300
v -0.066340 -0.071642 0.074300
v -0.065900 -0.071700 0.074300
v -0.064900 -0.075500 0.074300
v -0.065900 -0.071700 0.074300
v -0.065460 -0.071642 0.074300
v -0.065460 -0.071642 0.074300
v -0.065050 -0.071472 0.074300
v -0.064900 -0.075500 0.074300
v -0.064900 -0.075500 0.074300
v -0.065050 -0.071472 0.074300
v -0.064698 -0.071202 0.074300
v -0.064900 -0.075500 0.074300
v -0.064698 -0.071202 0.074300
v -0.064428 -0.070850 0.074300
v -0.064900 -0.075500 0.074300
v -0.064428 -0.070850 0.074300
v -0.064010 -0.075400 0.074300
v -0.064010 -0.075400 0.074300
v -0.064428 -0.070850 0.074300
v -0.064258 -0.070440 0.074300
v -0.064010 -0.075400 0.074300
v -0.064258 -0.070440 0.074300
v -0.064200 -0.070000 0.074300
v -0.076014 0.024685 0.074300
v -0.076014 -0.024685 0.074300
v -0.076301 0.024460 0.074300
v -0.076301 0.024460 0.074300
v -0.076014 -0.024685 0.074300
v -0.076301 -0.024460 0.074300
v -0.076301 0.024460 0.074300
v -0.076301 -0.024460 0.074300
v -0.076354 0.024428 0.074300
v -0.076354 0.024428 0.074300
v -0.076301 -0.024460 0.074300
v -0.076354 -0.024428 0.074300
v -0.076014 -0.024685 0.074300
v -0.076014 0.024685 0.074300
v -0.075788 -0.024971 0.074300
v -0.075788 -0.024971 0.074300
v -0.076014 0.024685 0.074300
v -0.075788 0.024971 0.074300
v -0.075788 -0.024971 0.074300
v -0.075788 0.024971 0.074300
v -0.075636 -0.025302 0.074300
v -0.075636 -0.025302 0.074300
v -0.075788 0.024971 0.074300
v -0.075636 0.025302 0.074300
v -0.075636 -0.025302 0.074300
v -0.075636 0.025302 0.074300
v -0.075566 -0.025660 0.074300
v -0.075566 -0.025660 0.074300
v -0.075636 0.025302 0.074300
v -0.075566 0.025660 0.074300
v -0.075867 0.026690 0.074300
v -0.076118 0.026954 0.074300
v -0.076769 0.075500 0.074300
v -0.076769 0.075500 0.074300
v -0.076118 0.026954 0.074300
v -0.076424 0.027152 0.074300
v -0.076769 0.075500 0.074300
v -0.076424 0.027152 0.074300
v -0.076769 0.027271 0.074300
v -0.061296 0.073236 0.074300
v -0.061000 0.072390 0.074300
v -0.060900 0.071500 0.074300
v -0.061000 -0.072390 0.074300
v -0.061296 -0.073236 0.074300
v -0.060900 -0.071500 0.074300
v -0.060900 -0.071500 0.074300
v -0.061296 -0.073236 0.074300
v -0.061773 -0.073994 0.074300
v -0.060900 -0.071500 0.074300
v -0.061773 -0.073994 0.074300
v -0.064258 -0.069560 0.074300
v -0.064258 -0.069560 0.074300
v -0.061773 -0.073994 0.074300
v -0.062406 -0.074627 0.074300
v -0.076769 -0.027271 0.074300
v -0.076424 -0.027152 0.074300
v -0.076769 -0.075500 0.074300
v -0.076769 -0.075500 0.074300
v -0.076424 -0.027152 0.074300
v -0.076118 -0.026954 0.074300
v -0.076769 -0.075500 0.074300
v -0.076118 -0.026954 0.074300
v -0.075867 -0.026690 0.074300
v -0.075867 -0.026690 0.074300
v -0.075685 -0.026374 0.074300
v -0.076769 -0.075500 0.074300
v -0.076769 -0.075500 0.074300
v -0.075685 -0.026374 0.074300
v -0.075583 -0.026024 0.074300
v -0.077029 -0.027307 0.074277
v -0.077094 -0.027307 0.074647
v -0.076899 -0.027298 0.074294
v -0.076899 -0.027298 0.074294
v -0.077094 -0.027307 0.074647
v -0.076964 -0.027298 0.075042
v -0.076899 -0.027298 0.074294
v -0.076964 -0.027298 0.075042
v -0.076769 -0.027271 0.074675
v -0.076769 -0.027271 0.074675
v -0.076964 -0.027298 0.075042
v -0.076769 -0.027271 0.075238
v -0.076769 -0.027271 0.075238
v -0.076964 -0.027298 0.075042
v -0.076769 -0.027271 0.075800
v -0.076769 -0.027271 0.075800
v -0.076964 -0.027298 0.075042
v -0.077290 -0.027307 0.075754
v -0.077290 -0.027307 0.075754
v -0.076964 -0.027298 0.075042
v -0.077159 -0.027307 0.075016
v -0.077159 -0.027307 0.075016
v -0.076964 -0.027298 0.075042
v -0.077094 -0.027307 0.074647
v -0.076769 -0.027271 0.074675
v -0.076769 -0.027271 0.074300
v -0.076899 -0.027298 0.074294
v -0.077290 -0.075500 0.075754
v -0.077029 -0.075500 0.074277
v -0.077117 -0.075500 0.075780
v -0.077117 -0.075500 0.075780
v -0.077029 -0.075500 0.074277
v -0.076943 -0.075500 0.075795
v -0.076943 -0.075500 0.075795
v -0.077029 -0.075500 0.074277
v -0.076943 -0.075500 0.074290
v -0.076943 -0.075500 0.075795
v -0.076943 -0.075500 0.074290
v -0.076856 -0.075500 0.074297
v -0.076769 -0.075500 0.074300
v -0.076769 -0.075500 0.075800
v -0.076856 -0.075500 0.074297
v -0.076856 -0.075500 0.074297
v -0.076769 -0.075500 0.075800
v -0.076943 -0.075500 0.075795
v -0.076769 -0.075500 0.074300
v -0.064900 -0.075500 0.074300
v -0.076769 -0.075500 0.075800
v -0.076769 -0.075500 0.075800
v -0.064900 -0.075500 0.074300
v -0.064900 -0.075500 0.075800
v -0.076769 -0.027271 0.074300
v -0.076769 -0.027271 0.074675
v -0.076424 -0.027152 0.074300
v -0.076424 -0.027152 0.074300
v -0.076769 -0.027271 0.074675
v -0.076769 -0.027271 0.075238
v -0.076424 -0.027152 0.074300
v -0.076769 -0.027271 0.075238
v -0.076424 -0.027152 0.075800
v -0.076424 -0.027152 0.075800
v -0.076769 -0.027271 0.075238
v -0.076769 -0.027271 0.075800
v -0.076424 -0.027152 0.075800
v -0.076118 -0.026954 0.075800
v -0.076424 -0.027152 0.074300
v -0.076424 -0.027152 0.074300
v -0.076118 -0.026954 0.075800
v -0.076118 -0.026954 0.074300
v -0.076118 -0.026954 0.074300
v -0.076118 -0.026954 0.075800
v -0.075867 -0.026690 0.075800
v -0.076118 -0.026954 0.074300
v -0.075867 -0.026690 0.075800
v -0.075867 -0.026690 0.074300
v -0.075867 -0.026690 0.074300
v -0.075867 -0.026690 0.075800
v -0.075685 -0.026374 0.075800
v -0.075867 -0.026690 0.074300
v -0.075685 -0.026374 0.075800
v -0.075685 -0.026374 0.074300
v -0.075685 -0.026374 0.074300
v -0.075685 -0.026374 0.075800
v -0.075583 -0.026024 0.075800
v -0.075685 -0.026374 0.074300
v -0.075583 -0.026024 0.075800
v -0.075583 -0.026024 0.074300
v -0.075583 -0.026024 0.074300
v -0.075583 -0.026024 0.075800
v -0.075566 -0.025660 0.075800
v -0.075583 -0.026024 0.074300
v -0.075566 -0.025660 0.075800
v -0.075566 -0.025660 0.074300
v -0.075566 -0.025660 0.074300
v -0.075566 -0.025660 0.075800
v -0.075636 -0.025302 0.075800
v -0.075566 -0.025660 0.074300
v -0.075636 -0.025302 0.075800
v -0.075636 -0.025302 0.074300
v -0.075636 -0.025302 0.074300
v -0.075636 -0.025302 0.075800
v -0.075788 -0.024971 0.075800
v -0.075636 -0.025302 0.074300
v -0.075788 -0.024971 0.075800
v -0.075788 -0.024971 0.074300
v -0.075788 -0.024971 0.074300
v -0.075788 -0.024971 0.075800
v -0.076014 -0.024685 0.075800
v -0.075788 -0.024971 0.074300
v -0.076014 -0.024685 0.075800
v -0.076014 -0.024685 0.074300
v -0.076014 -0.024685 0.074300
v -0.076014 -0.024685 0.075800
v -0.076301 -0.024460 0.074300
v -0.076301 -0.024460 0.074300
v -0.076014 -0.024685 0.075800
v -0.076301 -0.024460 0.075800
v -0.078715 -0.026427 0.073928
v -0.079087 -0.026189 0.073710
v -0.078955 -0.026239 0.073999
v -0.078955 -0.026239 0.073999
v -0.079087 -0.026189 0.073710
v -0.079206 -0.026013 0.074019
v -0.078955 -0.026239 0.073999
v -0.079206 -0.026013 0.074019
v -0.079010 -0.026172 0.074165
v -0.079010 -0.026172 0.074165
v -0.079206 -0.026013 0.074019
v -0.079064 -0.026105 0.074332
v -0.079010 -0.026172 0.074165
v -0.079064 -0.026105 0.074332
v -0.078851 -0.026298 0.074458
v -0.078851 -0.026298 0.074458
v -0.079064 -0.026105 0.074332
v -0.078898 -0.026253 0.074634
v -0.078851 -0.026298 0.074458
v -0.078898 -0.026253 0.074634
v -0.078383 -0.026690 0.074419
v -0.078383 -0.026690 0.074419
v -0.078898 -0.026253 0.074634
v -0.078993 -0.026164 0.074985
v -0.078383 -0.026690 0.074419
v -0.078993 -0.026164 0.074985
v -0.078578 -0.026690 0.075527
v -0.078578 -0.026690 0.075527
v -0.078993 -0.026164 0.074985
v -0.079098 -0.026063 0.075332
v -0.079098 -0.026063 0.075332
v -0.078993 -0.026164 0.074985
v -0.079226 -0.025904 0.074832
v -0.079098 -0.026063 0.075332
v -0.079226 -0.025904 0.074832
v -0.079565 -0.025484 0.074945
v -0.079565 -0.025484 0.074945
v -0.079226 -0.025904 0.074832
v -0.079118 -0.026038 0.074498
v -0.079565 -0.025484 0.074945
v -0.079118 -0.026038 0.074498
v -0.079206 -0.026013 0.074019
v -0.079206 -0.026013 0.074019
v -0.079118 -0.026038 0.074498
v -0.079064 -0.026105 0.074332
v -0.078318 -0.026690 0.074050
v -0.078756 -0.026387 0.074107
v -0.078383 -0.026690 0.074419
v -0.078383 -0.026690 0.074419
v -0.078756 -0.026387 0.074107
v -0.078803 -0.026343 0.074282
v -0.078383 -0.026690 0.074419
v -0.078803 -0.026343 0.074282
v -0.078851 -0.026298 0.074458
v -0.078851 -0.026298 0.074458
v -0.078803 -0.026343 0.074282
v -0.079010 -0.026172 0.074165
v -0.078318 -0.026690 0.074050
v -0.078715 -0.026427 0.073928
v -0.078756 -0.026387 0.074107
v -0.078756 -0.026387 0.074107
v -0.078715 -0.026427 0.073928
v -0.078955 -0.026239 0.073999
v -0.078756 -0.026387 0.074107
v -0.078955 -0.026239 0.073999
v -0.078803 -0.026343 0.074282
v -0.078803 -0.026343 0.074282
v -0.078955 -0.026239 0.073999
v -0.079010 -0.026172 0.074165
v -0.079118 -0.026038 0.074498
v -0.079226 -0.025904 0.074832
v -0.078993 -0.026164 0.074985
v -0.079064 -0.026105 0.074332
v -0.079118 -0.026038 0.074498
v -0.078898 -0.026253 0.074634
v -0.078898 -0.026253 0.074634
v -0.079118 -0.026038 0.074498
v -0.078993 -0.026164 0.074985
v -0.106768 -0.036283 0.070451
v -0.106760 -0.035535 0.070150
v -0.106557 -0.036180 0.069661
v -0.106557 -0.036180 0.069661
v -0.106760 -0.035535 0.070150
v -0.106402 -0.036064 0.069224
v -0.106557 -0.036180 0.069661
v -0.106402 -0.036064 0.069224
v -0.106282 -0.036240 0.068915
v -0.106282 -0.036240 0.068915
v -0.106385 -0.036651 0.069048
v -0.106557 -0.036180 0.069661
v -0.106557 -0.036180 0.069661
v -0.106385 -0.036651 0.069048
v -0.106577 -0.036488 0.069755
v -0.106557 -0.036180 0.069661
v -0.106577 -0.036488 0.069755
v -0.106768 -0.036283 0.070451
v -0.106768 -0.036283 0.070451
v -0.106577 -0.036488 0.069755
v -0.106581 -0.036784 0.069809
v -0.106768 -0.036283 0.070451
v -0.106581 -0.036784 0.069809
v -0.106704 -0.037085 0.070568
v -0.106704 -0.037085 0.070568
v -0.106581 -0.036784 0.069809
v -0.106509 -0.037085 0.069460
v -0.106509 -0.037085 0.069460
v -0.106581 -0.036784 0.069809
v -0.106577 -0.036488 0.069755
v -0.106509 -0.037085 0.069460
v -0.106577 -0.036488 0.069755
v -0.106385 -0.036651 0.069048
v -0.106385 -0.036651 0.069048
v -0.106443 -0.037085 0.069091
v -0.106509 -0.037085 0.069460
v -0.078318 -0.026690 0.074050
v -0.078383 -0.026690 0.074419
v -0.077976 -0.026969 0.074110
v -0.077976 -0.026969 0.074110
v -0.078383 -0.026690 0.074419
v -0.078236 -0.026969 0.075588
v -0.078236 -0.026969 0.075588
v -0.078383 -0.026690 0.074419
v -0.078578 -0.026690 0.075527
v -0.106704 -0.037085 0.070568
v -0.106509 -0.037085 0.069460
v -0.106704 -0.037138 0.070568
v -0.106704 -0.037138 0.070568
v -0.106509 -0.037085 0.069460
v -0.106444 -0.037138 0.069091
v -0.106704 -0.037138 0.070568
v -0.106444 -0.037138 0.069091
v -0.106705 -0.037191 0.070568
v -0.106705 -0.037191 0.070568
v -0.106444 -0.037138 0.069091
v -0.106444 -0.037191 0.069091
v -0.106705 -0.037191 0.070568
v -0.106444 -0.037191 0.069091
v -0.106705 -0.037245 0.070568
v -0.106705 -0.037245 0.070568
v -0.106444 -0.037191 0.069091
v -0.106444 -0.037245 0.069091
v -0.106509 -0.037085 0.069460
v -0.106443 -0.037085 0.069091
v -0.106444 -0.037138 0.069091
v -0.077854 -0.023832 0.075398
v -0.078282 -0.023634 0.075098
v -0.077679 -0.023826 0.075065
v -0.077679 -0.023826 0.075065
v -0.078282 -0.023634 0.075098
v -0.077559 -0.023634 0.074236
v -0.077679 -0.023826 0.075065
v -0.077559 -0.023634 0.074236
v -0.077490 -0.023826 0.074741
v -0.077490 -0.023826 0.074741
v -0.077559 -0.023634 0.074236
v -0.077395 -0.023826 0.074580
v -0.077490 -0.023826 0.074741
v -0.077395 -0.023826 0.074580
v -0.077081 -0.024018 0.074729
v -0.077081 -0.024018 0.074729
v -0.077395 -0.023826 0.074580
v -0.077015 -0.024018 0.074553
v -0.077081 -0.024018 0.074729
v -0.077015 -0.024018 0.074553
v -0.076690 -0.024223 0.074644
v -0.076690 -0.024223 0.074644
v -0.077015 -0.024018 0.074553
v -0.076673 -0.024223 0.074552
v -0.076690 -0.024223 0.074644
v -0.076673 -0.024223 0.074552
v -0.076354 -0.024428 0.074675
v -0.076354 -0.024428 0.074675
v -0.076673 -0.024223 0.074552
v -0.076656 -0.024223 0.074460
v -0.076354 -0.024428 0.074675
v -0.076656 -0.024223 0.074460
v -0.076354 -0.024428 0.074300
v -0.076354 -0.024428 0.074300
v -0.076656 -0.024223 0.074460
v -0.076640 -0.024223 0.074367
v -0.076354 -0.024428 0.074300
v -0.076640 -0.024223 0.074367
v -0.076615 -0.024229 0.074277
v -0.076615 -0.024229 0.074277
v -0.076640 -0.024223 0.074367
v -0.076867 -0.024031 0.074210
v -0.076867 -0.024031 0.074210
v -0.076640 -0.024223 0.074367
v -0.076916 -0.024018 0.074290
v -0.076867 -0.024031 0.074210
v -0.076916 -0.024018 0.074290
v -0.077104 -0.023832 0.074099
v -0.077104 -0.023832 0.074099
v -0.076916 -0.024018 0.074290
v -0.077159 -0.023826 0.074175
v -0.077104 -0.023832 0.074099
v -0.077159 -0.023826 0.074175
v -0.077318 -0.023634 0.073949
v -0.077318 -0.023634 0.073949
v -0.077159 -0.023826 0.074175
v -0.077206 -0.023826 0.074256
v -0.077318 -0.023634 0.073949
v -0.077206 -0.023826 0.074256
v -0.077559 -0.023634 0.074236
v -0.077559 -0.023634 0.074236
v -0.077206 -0.023826 0.074256
v -0.077253 -0.023826 0.074337
v -0.077559 -0.023634 0.074236
v -0.077253 -0.023826 0.074337
v -0.077301 -0.023826 0.074418
v -0.077301 -0.023826 0.074418
v -0.077253 -0.023826 0.074337
v -0.076982 -0.024018 0.074466
v -0.077301 -0.023826 0.074418
v -0.076982 -0.024018 0.074466
v -0.077015 -0.024018 0.074553
v -0.077015 -0.024018 0.074553
v -0.076982 -0.024018 0.074466
v -0.076673 -0.024223 0.074552
v -0.076690 -0.024223 0.074644
v -0.076354 -0.024428 0.074675
v -0.076724 -0.024223 0.074828
v -0.076724 -0.024223 0.074828
v -0.076354 -0.024428 0.074675
v -0.076354 -0.024428 0.075800
v -0.076724 -0.024223 0.074828
v -0.076354 -0.024428 0.075800
v -0.076875 -0.024229 0.075754
v -0.077380 -0.024031 0.075619
v -0.076824 -0.024223 0.075382
v -0.076875 -0.024229 0.075754
v -0.076875 -0.024229 0.075754
v -0.076824 -0.024223 0.075382
v -0.076757 -0.024223 0.075013
v -0.076875 -0.024229 0.075754
v -0.076757 -0.024223 0.075013
v -0.076724 -0.024223 0.074828
v -0.076724 -0.024223 0.074828
v -0.076757 -0.024223 0.075013
v -0.077147 -0.024018 0.074904
v -0.076724 -0.024223 0.074828
v -0.077147 -0.024018 0.074904
v -0.077081 -0.024018 0.074729
v -0.077081 -0.024018 0.074729
v -0.077147 -0.024018 0.074904
v -0.077490 -0.023826 0.074741
v -0.076824 -0.024223 0.075382
v -0.077380 -0.024031 0.075619
v -0.077279 -0.024018 0.075255
v -0.077279 -0.024018 0.075255
v -0.077380 -0.024031 0.075619
v -0.077854 -0.023832 0.075398
v -0.077279 -0.024018 0.075255
v -0.077854 -0.023832 0.075398
v -0.077679 -0.023826 0.075065
v -0.077015 -0.024018 0.074553
v -0.077395 -0.023826 0.074580
v -0.077301 -0.023826 0.074418
v -0.077301 -0.023826 0.074418
v -0.077395 -0.023826 0.074580
v -0.077559 -0.023634 0.074236
v -0.076757 -0.024223 0.075013
v -0.076824 -0.024223 0.075382
v -0.077279 -0.024018 0.075255
v -0.077490 -0.023826 0.074741
v -0.077147 -0.024018 0.074904
v -0.077679 -0.023826 0.075065
v -0.077679 -0.023826 0.075065
v -0.077147 -0.024018 0.074904
v -0.077279 -0.024018 0.075255
v -0.077147 -0.024018 0.074904
v -0.076757 -0.024223 0.075013
v -0.077279 -0.024018 0.075255
v -0.076656 -0.024223 0.074460
v -0.076673 -0.024223 0.074552
v -0.076982 -0.024018 0.074466
v -0.076982 -0.024018 0.074466
v -0.077253 -0.023826 0.074337
v -0.076949 -0.024018 0.074378
v -0.076949 -0.024018 0.074378
v -0.077253 -0.023826 0.074337
v -0.077206 -0.023826 0.074256
v -0.076949 -0.024018 0.074378
v -0.077206 -0.023826 0.074256
v -0.076916 -0.024018 0.074290
v -0.076916 -0.024018 0.074290
v -0.077206 -0.023826 0.074256
v -0.077159 -0.023826 0.074175
v -0.077081 -0.024018 0.074729
v -0.076690 -0.024223 0.074644
v -0.076724 -0.024223 0.074828
v -0.076949 -0.024018 0.074378
v -0.076916 -0.024018 0.074290
v -0.076640 -0.024223 0.074367
v -0.076982 -0.024018 0.074466
v -0.076949 -0.024018 0.074378
v -0.076656 -0.024223 0.074460
v -0.076656 -0.024223 0.074460
v -0.076949 -0.024018 0.074378
v -0.076640 -0.024223 0.074367
v -0.076354 -0.024428 0.075800
v -0.076354 -0.024428 0.074675
v -0.076301 -0.024460 0.075800
v -0.076301 -0.024460 0.075800
v -0.076354 -0.024428 0.074675
v -0.076301 -0.024460 0.074300
v -0.076301 -0.024460 0.074300
v -0.076354 -0.024428 0.074675
v -0.076354 -0.024428 0.074300
v -0.077671 -0.077775 0.075136
v -0.077718 -0.087581 0.068156
v -0.077511 -0.077130 0.074229
v -0.077511 -0.077130 0.074229
v -0.077718 -0.087581 0.068156
v -0.077504 -0.086721 0.066946
v -0.077511 -0.077130 0.074229
v -0.077504 -0.086721 0.066946
v -0.077457 -0.076914 0.073926
v -0.106191 -0.076914 0.068860
v -0.106244 -0.077130 0.069162
v -0.106292 -0.076722 0.068957
v -0.106292 -0.076722 0.068957
v -0.106244 -0.077130 0.069162
v -0.106414 -0.077038 0.069626
v -0.106292 -0.076722 0.068957
v -0.106414 -0.077038 0.069626
v -0.106369 -0.076510 0.069031
v -0.106369 -0.076510 0.069031
v -0.106414 -0.077038 0.069626
v -0.106500 -0.076701 0.069744
v -0.106369 -0.076510 0.069031
v -0.106500 -0.076701 0.069744
v -0.106419 -0.076286 0.069076
v -0.106419 -0.076286 0.069076
v -0.106500 -0.076701 0.069744
v -0.106550 -0.076382 0.069808
v -0.106419 -0.076286 0.069076
v -0.106550 -0.076382 0.069808
v -0.106442 -0.076054 0.069091
v -0.106442 -0.076054 0.069091
v -0.106550 -0.076382 0.069808
v -0.106572 -0.076054 0.069830
v -0.106572 -0.076054 0.069830
v -0.106550 -0.076382 0.069808
v -0.106703 -0.076054 0.070568
v -0.106703 -0.076054 0.070568
v -0.106550 -0.076382 0.069808
v -0.106676 -0.076518 0.070535
v -0.106676 -0.076518 0.070535
v -0.106550 -0.076382 0.069808
v -0.106500 -0.076701 0.069744
v -0.106676 -0.076518 0.070535
v -0.106500 -0.076701 0.069744
v -0.106617 -0.076967 0.070437
v -0.106617 -0.076967 0.070437
v -0.106500 -0.076701 0.069744
v -0.106414 -0.077038 0.069626
v -0.106617 -0.076967 0.070437
v -0.106414 -0.077038 0.069626
v -0.106525 -0.077390 0.070280
v -0.106525 -0.077390 0.070280
v -0.106414 -0.077038 0.069626
v -0.106404 -0.077775 0.070070
v -0.106404 -0.077775 0.070070
v -0.106414 -0.077038 0.069626
v -0.106244 -0.077130 0.069162
v -0.077682 -0.077381 0.075371
v -0.077671 -0.077775 0.075136
v -0.077565 -0.077059 0.074703
v -0.077565 -0.077059 0.074703
v -0.077671 -0.077775 0.075136
v -0.077511 -0.077130 0.074229
v -0.077565 -0.077059 0.074703
v -0.077511 -0.077130 0.074229
v -0.077448 -0.076718 0.074046
v -0.077448 -0.076718 0.074046
v -0.077511 -0.077130 0.074229
v -0.077457 -0.076914 0.073926
v -0.077565 -0.077059 0.074703
v -0.077448 -0.076718 0.074046
v -0.077558 -0.076752 0.074832
v -0.077558 -0.076752 0.074832
v -0.077448 -0.076718 0.074046
v -0.077433 -0.076505 0.074135
v -0.077558 -0.076752 0.074832
v -0.077433 -0.076505 0.074135
v -0.077542 -0.076407 0.074920
v -0.077542 -0.076407 0.074920
v -0.077433 -0.076505 0.074135
v -0.077413 -0.076282 0.074192
v -0.077542 -0.076407 0.074920
v -0.077413 -0.076282 0.074192
v -0.077451 -0.076054 0.074584
v -0.077451 -0.076054 0.074584
v -0.077413 -0.076282 0.074192
v -0.077386 -0.076054 0.074214
v -0.077451 -0.076054 0.074584
v -0.077646 -0.076054 0.075692
v -0.077542 -0.076407 0.074920
v -0.077542 -0.076407 0.074920
v -0.077646 -0.076054 0.075692
v -0.077670 -0.076510 0.075652
v -0.077542 -0.076407 0.074920
v -0.077670 -0.076510 0.075652
v -0.077682 -0.076956 0.075544
v -0.077542 -0.076407 0.074920
v -0.077682 -0.076956 0.075544
v -0.077558 -0.076752 0.074832
v -0.077558 -0.076752 0.074832
v -0.077682 -0.076956 0.075544
v -0.077682 -0.077381 0.075371
v -0.077558 -0.076752 0.074832
v -0.077682 -0.077381 0.075371
v -0.077565 -0.077059 0.074703
v -0.106442 -0.076054 0.069091
v -0.106572 -0.076054 0.069830
v -0.106443 -0.076010 0.069091
v -0.106443 -0.076010 0.069091
v -0.106572 -0.076054 0.069830
v -0.106704 -0.076010 0.070568
v -0.106443 -0.076010 0.069091
v -0.106704 -0.076010 0.070568
v -0.106444 -0.075966 0.069091
v -0.106444 -0.075966 0.069091
v -0.106704 -0.076010 0.070568
v -0.106704 -0.075966 0.070568
v -0.106444 -0.075966 0.069091
v -0.106704 -0.075966 0.070568
v -0.106444 -0.075921 0.069091
v -0.106444 -0.075921 0.069091
v -0.106704 -0.075966 0.070568
v -0.106705 -0.075921 0.070568
v -0.106572 -0.076054 0.069830
v -0.106703 -0.076054 0.070568
v -0.106704 -0.076010 0.070568
v -0.093924 -0.015662 0.061955
v -0.094403 -0.014957 0.063190
v -0.093442 -0.015541 0.062074
v -0.093442 -0.015541 0.062074
v -0.094403 -0.014957 0.063190
v -0.093920 -0.014837 0.063308
v -0.093442 -0.015541 0.062074
v -0.093920 -0.014837 0.063308
v -0.092964 -0.015535 0.062255
v -0.092964 -0.015535 0.062255
v -0.093920 -0.014837 0.063308
v -0.093442 -0.014831 0.063490
v -0.092964 -0.015535 0.062255
v -0.093442 -0.014831 0.063490
v -0.092522 -0.015644 0.062488
v -0.092522 -0.015644 0.062488
v -0.093442 -0.014831 0.063490
v -0.093000 -0.014939 0.063723
v -0.092522 -0.015644 0.062488
v -0.093000 -0.014939 0.063723
v -0.092145 -0.015860 0.062758
v -0.092145 -0.015860 0.062758
v -0.093000 -0.014939 0.063723
v -0.092623 -0.015155 0.063992
v -0.079087 -0.026189 0.073710
v -0.092145 -0.015860 0.062758
v -0.079206 -0.026013 0.074019
v -0.079206 -0.026013 0.074019
v -0.092145 -0.015860 0.062758
v -0.092623 -0.015155 0.063992
v -0.079206 -0.026013 0.074019
v -0.092623 -0.015155 0.063992
v -0.079565 -0.025484 0.074945
v -0.093442 -0.015541 0.062074
v -0.092964 -0.015535 0.062255
v -0.093924 -0.015662 0.061955
v -0.093924 -0.015662 0.061955
v -0.092964 -0.015535 0.062255
v -0.092522 -0.015644 0.062488
v -0.093924 -0.015662 0.061955
v -0.092522 -0.015644 0.062488
v -0.092145 -0.015860 0.062758
v -0.079087 -0.026189 0.073710
v -0.102661 -0.020933 0.061581
v -0.092145 -0.015860 0.062758
v -0.092145 -0.015860 0.062758
v -0.102661 -0.020933 0.061581
v -0.099782 -0.017827 0.060922
v -0.092145 -0.015860 0.062758
v -0.099782 -0.017827 0.060922
v -0.093924 -0.015662 0.061955
v -0.106282 -0.036240 0.068915
v -0.106273 -0.036199 0.068895
v -0.079087 -0.026189 0.073710
v -0.079087 -0.026189 0.073710
v -0.106273 -0.036199 0.068895
v -0.106263 -0.036159 0.068876
v -0.079087 -0.026189 0.073710
v -0.106263 -0.036159 0.068876
v -0.106254 -0.036118 0.068856
v -0.106254 -0.036118 0.068856
v -0.102661 -0.020933 0.061581
v -0.079087 -0.026189 0.073710
v -0.102661 -0.020933 0.061581
v -0.102379 -0.020146 0.061240
v -0.099782 -0.017827 0.060922
v -0.099782 -0.017827 0.060922
v -0.102379 -0.020146 0.061240
v -0.101924 -0.019406 0.060995
v -0.099782 -0.017827 0.060922
v -0.101924 -0.019406 0.060995
v -0.101318 -0.018752 0.060856
v -0.101318 -0.018752 0.060856
v -0.100591 -0.018216 0.060831
v -0.099782 -0.017827 0.060922
v -0.090370 -0.013295 0.062998
v -0.091334 -0.013295 0.064147
v -0.090676 -0.012976 0.062741
v -0.090676 -0.012976 0.062741
v -0.091334 -0.013295 0.064147
v -0.091640 -0.012976 0.063890
v -0.090676 -0.012976 0.062741
v -0.091640 -0.012976 0.063890
v -0.090910 -0.012566 0.062544
v -0.090910 -0.012566 0.062544
v -0.091640 -0.012976 0.063890
v -0.091874 -0.012566 0.063693
v -0.090910 -0.012566 0.062544
v -0.091874 -0.012566 0.063693
v -0.091057 -0.012092 0.062421
v -0.091057 -0.012092 0.062421
v -0.091874 -0.012566 0.063693
v -0.092021 -0.012092 0.063570
v -0.091057 -0.012092 0.062421
v -0.092021 -0.012092 0.063570
v -0.091107 -0.011585 0.062379
v -0.091107 -0.011585 0.062379
v -0.092021 -0.012092 0.063570
v -0.092071 -0.011585 0.063528
v -0.078282 -0.023634 0.075098
v -0.091334 -0.013295 0.064147
v -0.077559 -0.023634 0.074236
v -0.077559 -0.023634 0.074236
v -0.091334 -0.013295 0.064147
v -0.090370 -0.013295 0.062998
v -0.077559 -0.023634 0.074236
v -0.090370 -0.013295 0.062998
v -0.077318 -0.023634 0.073949
v -0.106191 -0.076914 0.068860
v -0.106178 -0.076939 0.068845
v -0.106244 -0.077130 0.069162
v -0.106244 -0.077130 0.069162
v -0.106178 -0.076939 0.068845
v -0.106391 -0.077800 0.070055
v -0.106244 -0.077130 0.069162
v -0.106391 -0.077800 0.070055
v -0.106404 -0.077775 0.070070
v -0.106391 -0.077800 0.070055
v -0.106178 -0.076939 0.068845
v -0.106378 -0.077824 0.070040
v -0.106378 -0.077824 0.070040
v -0.106178 -0.076939 0.068845
v -0.106164 -0.076964 0.068829
v -0.106378 -0.077824 0.070040
v -0.106164 -0.076964 0.068829
v -0.106364 -0.077849 0.070024
v -0.106364 -0.077849 0.070024
v -0.106164 -0.076964 0.068829
v -0.106151 -0.076988 0.068814
v -0.106704 -0.075966 0.070568
v -0.106704 -0.076010 0.070568
v -0.106705 -0.075921 0.070568
v -0.106705 -0.075921 0.070568
v -0.106704 -0.076010 0.070568
v -0.106703 -0.076054 0.070568
v -0.106705 -0.075921 0.070568
v -0.106703 -0.076054 0.070568
v -0.077646 -0.076054 0.075692
v -0.077646 -0.076054 0.075692
v -0.077589 -0.075500 0.075702
v -0.106705 -0.075921 0.070568
v -0.106705 -0.075921 0.070568
v -0.077589 -0.075500 0.075702
v -0.106705 -0.037245 0.070568
v -0.106705 -0.037245 0.070568
v -0.077589 -0.075500 0.075702
v -0.078578 -0.026690 0.075527
v -0.106705 -0.037245 0.070568
v -0.078578 -0.026690 0.075527
v -0.106704 -0.037085 0.070568
v -0.077290 -0.075500 0.075754
v -0.077290 -0.027307 0.075754
v -0.077589 -0.075500 0.075702
v -0.077589 -0.075500 0.075702
v -0.077290 -0.027307 0.075754
v -0.077628 -0.027268 0.075695
v -0.077589 -0.075500 0.075702
v -0.077628 -0.027268 0.075695
v -0.077949 -0.027154 0.075638
v -0.077949 -0.027154 0.075638
v -0.078236 -0.026969 0.075588
v -0.077589 -0.075500 0.075702
v -0.077589 -0.075500 0.075702
v -0.078236 -0.026969 0.075588
v -0.078578 -0.026690 0.075527
v -0.106704 -0.037085 0.070568
v -0.106704 -0.037138 0.070568
v -0.106705 -0.037245 0.070568
v -0.106705 -0.037245 0.070568
v -0.106704 -0.037138 0.070568
v -0.106705 -0.037191 0.070568
v -0.106444 -0.075921 0.069091
v -0.106705 -0.075921 0.070568
v -0.106444 -0.037245 0.069091
v -0.106444 -0.037245 0.069091
v -0.106705 -0.075921 0.070568
v -0.106705 -0.037245 0.070568
v -0.077386 -0.076054 0.074214
v -0.106442 -0.076054 0.069091
v -0.106444 -0.075921 0.069091
v -0.106444 -0.075921 0.069091
v -0.106442 -0.076054 0.069091
v -0.106443 -0.076010 0.069091
v -0.106444 -0.075921 0.069091
v -0.106443 -0.076010 0.069091
v -0.106444 -0.075966 0.069091
v -0.077386 -0.076054 0.074214
v -0.106444 -0.075921 0.069091
v -0.077329 -0.075500 0.074224
v -0.077329 -0.075500 0.074224
v -0.106444 -0.075921 0.069091
v -0.106444 -0.037245 0.069091
v -0.077329 -0.075500 0.074224
v -0.106444 -0.037245 0.069091
v -0.078318 -0.026690 0.074050
v -0.078318 -0.026690 0.074050
v -0.106444 -0.037245 0.069091
v -0.106443 -0.037085 0.069091
v -0.106443 -0.037085 0.069091
v -0.106444 -0.037245 0.069091
v -0.106444 -0.037138 0.069091
v -0.106444 -0.037138 0.069091
v -0.106444 -0.037245 0.069091
v -0.106444 -0.037191 0.069091
v -0.078318 -0.026690 0.074050
v -0.077976 -0.026969 0.074110
v -0.077329 -0.075500 0.074224
v -0.077329 -0.075500 0.074224
v -0.077976 -0.026969 0.074110
v -0.077688 -0.027154 0.074161
v -0.077329 -0.075500 0.074224
v -0.077688 -0.027154 0.074161
v -0.077367 -0.027268 0.074218
v -0.077367 -0.027268 0.074218
v -0.077029 -0.027307 0.074277
v -0.077329 -0.075500 0.074224
v -0.077329 -0.075500 0.074224
v -0.077029 -0.027307 0.074277
v -0.077029 -0.075500 0.074277
v -0.106292 -0.076722 0.068957
v -0.100610 -0.076648 0.069995
v -0.106191 -0.076914 0.068860
v -0.106191 -0.076914 0.068860
v -0.100610 -0.076648 0.069995
v -0.094798 -0.076648 0.071019
v -0.106191 -0.076914 0.068860
v -0.094798 -0.076648 0.071019
v -0.088987 -0.076648 0.072044
v -0.088987 -0.076648 0.072044
v -0.094798 -0.076648 0.071019
v -0.089003 -0.076357 0.072134
v -0.088987 -0.076648 0.072044
v -0.089003 -0.076357 0.072134
v -0.083192 -0.076357 0.073159
v -0.083192 -0.076357 0.073159
v -0.089003 -0.076357 0.072134
v -0.077386 -0.076054 0.074214
v -0.083192 -0.076357 0.073159
v -0.077386 -0.076054 0.074214
v -0.077413 -0.076282 0.074192
v -0.106292 -0.076722 0.068957
v -0.106369 -0.076510 0.069031
v -0.100610 -0.076648 0.069995
v -0.100610 -0.076648 0.069995
v -0.106369 -0.076510 0.069031
v -0.100625 -0.076357 0.070085
v -0.100610 -0.076648 0.069995
v -0.100625 -0.076357 0.070085
v -0.094814 -0.076357 0.071110
v -0.094814 -0.076357 0.071110
v -0.100625 -0.076357 0.070085
v -0.106419 -0.076286 0.069076
v -0.094814 -0.076357 0.071110
v -0.106419 -0.076286 0.069076
v -0.077386 -0.076054 0.074214
v -0.077386 -0.076054 0.074214
v -0.106419 -0.076286 0.069076
v -0.106442 -0.076054 0.069091
v -0.106369 -0.076510 0.069031
v -0.106419 -0.076286 0.069076
v -0.100625 -0.076357 0.070085
v -0.077413 -0.076282 0.074192
v -0.077433 -0.076505 0.074135
v -0.083192 -0.076357 0.073159
v -0.083192 -0.076357 0.073159
v -0.077433 -0.076505 0.074135
v -0.083176 -0.076648 0.073069
v -0.083192 -0.076357 0.073159
v -0.083176 -0.076648 0.073069
v -0.088987 -0.076648 0.072044
v -0.088987 -0.076648 0.072044
v -0.083176 -0.076648 0.073069
v -0.077448 -0.076718 0.074046
v -0.088987 -0.076648 0.072044
v -0.077448 -0.076718 0.074046
v -0.106191 -0.076914 0.068860
v -0.106191 -0.076914 0.068860
v -0.077448 -0.076718 0.074046
v -0.077457 -0.076914 0.073926
v -0.077433 -0.076505 0.074135
v -0.077448 -0.076718 0.074046
v -0.083176 -0.076648 0.073069
v -0.089003 -0.076357 0.072134
v -0.094798 -0.076648 0.071019
v -0.094814 -0.076357 0.071110
v -0.094814 -0.076357 0.071110
v -0.094798 -0.076648 0.071019
v -0.100610 -0.076648 0.069995
v -0.077386 -0.076054 0.074214
v -0.089003 -0.076357 0.072134
v -0.094814 -0.076357 0.071110
v -0.077504 -0.086721 0.066946
v -0.077718 -0.087581 0.068156
v -0.077598 -0.087404 0.066443
v -0.077598 -0.087404 0.066443
v -0.077718 -0.087581 0.068156
v -0.077811 -0.088265 0.067653
v -0.077598 -0.087404 0.066443
v -0.077811 -0.088265 0.067653
v -0.077867 -0.088041 0.065943
v -0.077867 -0.088041 0.065943
v -0.077811 -0.088265 0.067653
v -0.078080 -0.088902 0.067153
v -0.077867 -0.088041 0.065943
v -0.078080 -0.088902 0.067153
v -0.078300 -0.088603 0.065467
v -0.078300 -0.088603 0.065467
v -0.078080 -0.088902 0.067153
v -0.078514 -0.089463 0.066677
v -0.078300 -0.088603 0.065467
v -0.078514 -0.089463 0.066677
v -0.078878 -0.089062 0.065039
v -0.078878 -0.089062 0.065039
v -0.078514 -0.089463 0.066677
v -0.079091 -0.089923 0.066249
v -0.077671 -0.077775 0.075136
v -0.106404 -0.077775 0.070070
v -0.106364 -0.077849 0.070024
v -0.106364 -0.077849 0.070024
v -0.106404 -0.077775 0.070070
v -0.106391 -0.077800 0.070055
v -0.106364 -0.077849 0.070024
v -0.106391 -0.077800 0.070055
v -0.106378 -0.077824 0.070040
v -0.077671 -0.077775 0.075136
v -0.106364 -0.077849 0.070024
v -0.077718 -0.087581 0.068156
v -0.077718 -0.087581 0.068156
v -0.106364 -0.077849 0.070024
v -0.097625 -0.093477 0.060454
v -0.077718 -0.087581 0.068156
v -0.097625 -0.093477 0.060454
v -0.079091 -0.089923 0.066249
v -0.079091 -0.089923 0.066249
v -0.097625 -0.093477 0.060454
v -0.087255 -0.095040 0.061170
v -0.087255 -0.095040 0.061170
v -0.097625 -0.093477 0.060454
v -0.089443 -0.095633 0.060363
v -0.087255 -0.095040 0.061170
v -0.089443 -0.095633 0.060363
v -0.087915 -0.095365 0.060823
v -0.087915 -0.095365 0.060823
v -0.089443 -0.095633 0.060363
v -0.088654 -0.095565 0.060551
v -0.089443 -0.095633 0.060363
v -0.097625 -0.093477 0.060454
v -0.093661 -0.095633 0.059620
v -0.093661 -0.095633 0.059620
v -0.097625 -0.093477 0.060454
v -0.097203 -0.094076 0.060102
v -0.093661 -0.095633 0.059620
v -0.097203 -0.094076 0.060102
v -0.096652 -0.094605 0.059823
v -0.096652 -0.094605 0.059823
v -0.095993 -0.095040 0.059630
v -0.093661 -0.095633 0.059620
v -0.093661 -0.095633 0.059620
v -0.095993 -0.095040 0.059630
v -0.095254 -0.095365 0.059529
v -0.093661 -0.095633 0.059620
v -0.095254 -0.095365 0.059529
v -0.094466 -0.095565 0.059526
v -0.078514 -0.089463 0.066677
v -0.078080 -0.088902 0.067153
v -0.079091 -0.089923 0.066249
v -0.079091 -0.089923 0.066249
v -0.078080 -0.088902 0.067153
v -0.077811 -0.088265 0.067653
v -0.079091 -0.089923 0.066249
v -0.077811 -0.088265 0.067653
v -0.077718 -0.087581 0.068156
v -0.079091 -0.089923 0.066249
v -0.087255 -0.095040 0.061170
v -0.078878 -0.089062 0.065039
v -0.078878 -0.089062 0.065039
v -0.087255 -0.095040 0.061170
v -0.087042 -0.094180 0.059960
v -0.087042 -0.094180 0.059960
v -0.087255 -0.095040 0.061170
v -0.087702 -0.094504 0.059613
v -0.087702 -0.094504 0.059613
v -0.087255 -0.095040 0.061170
v -0.087915 -0.095365 0.060823
v -0.087702 -0.094504 0.059613
v -0.087915 -0.095365 0.060823
v -0.088441 -0.094705 0.059341
v -0.088441 -0.094705 0.059341
v -0.087915 -0.095365 0.060823
v -0.088654 -0.095565 0.060551
v -0.088441 -0.094705 0.059341
v -0.088654 -0.095565 0.060551
v -0.089229 -0.094772 0.059153
v -0.089229 -0.094772 0.059153
v -0.088654 -0.095565 0.060551
v -0.089443 -0.095633 0.060363
v -0.093448 -0.094772 0.058410
v -0.093661 -0.095633 0.059620
v -0.094253 -0.094705 0.058316
v -0.094253 -0.094705 0.058316
v -0.093661 -0.095633 0.059620
v -0.094466 -0.095565 0.059526
v -0.094253 -0.094705 0.058316
v -0.094466 -0.095565 0.059526
v -0.095041 -0.094504 0.058319
v -0.095041 -0.094504 0.058319
v -0.094466 -0.095565 0.059526
v -0.095254 -0.095365 0.059529
v -0.095041 -0.094504 0.058319
v -0.095254 -0.095365 0.059529
v -0.095780 -0.094180 0.058420
v -0.095780 -0.094180 0.058420
v -0.095254 -0.095365 0.059529
v -0.095993 -0.095040 0.059630
v -0.095780 -0.094180 0.058420
v -0.095993 -0.095040 0.059630
v -0.096438 -0.093744 0.058613
v -0.096438 -0.093744 0.058613
v -0.095993 -0.095040 0.059630
v -0.096652 -0.094605 0.059823
v -0.096438 -0.093744 0.058613
v -0.096652 -0.094605 0.059823
v -0.096990 -0.093216 0.058892
v -0.096990 -0.093216 0.058892
v -0.096652 -0.094605 0.059823
v -0.097203 -0.094076 0.060102
v -0.096990 -0.093216 0.058892
v -0.097203 -0.094076 0.060102
v -0.097412 -0.092616 0.059243
v -0.097412 -0.092616 0.059243
v -0.097203 -0.094076 0.060102
v -0.097625 -0.093477 0.060454
v -0.106151 -0.076988 0.068814
v -0.097412 -0.092616 0.059243
v -0.106364 -0.077849 0.070024
v -0.106364 -0.077849 0.070024
v -0.097412 -0.092616 0.059243
v -0.097625 -0.093477 0.060454
v -0.060900 -0.071500 0.074300
v -0.060900 -0.071500 0.075800
v -0.061000 -0.072390 0.074300
v -0.061000 -0.072390 0.074300
v -0.060900 -0.071500 0.075800
v -0.061000 -0.072390 0.075800
v -0.061000 -0.072390 0.074300
v -0.061000 -0.072390 0.075800
v -0.061296 -0.073236 0.074300
v -0.061296 -0.073236 0.074300
v -0.061000 -0.072390 0.075800
v -0.061296 -0.073236 0.075800
v -0.061296 -0.073236 0.074300
v -0.061296 -0.073236 0.075800
v -0.061773 -0.073994 0.074300
v -0.061773 -0.073994 0.074300
v -0.061296 -0.073236 0.075800
v -0.061773 -0.073994 0.075800
v -0.061773 -0.073994 0.074300
v -0.061773 -0.073994 0.075800
v -0.062406 -0.074627 0.074300
v -0.062406 -0.074627 0.074300
v -0.061773 -0.073994 0.075800
v -0.062406 -0.074627 0.075800
v -0.062406 -0.074627 0.074300
v -0.062406 -0.074627 0.075800
v -0.063164 -0.075104 0.074300
v -0.063164 -0.075104 0.074300
v -0.062406 -0.074627 0.075800
v -0.063164 -0.075104 0.075800
v -0.063164 -0.075104 0.074300
v -0.063164 -0.075104 0.075800
v -0.064010 -0.075400 0.074300
v -0.064010 -0.075400 0.074300
v -0.063164 -0.075104 0.075800
v -0.064010 -0.075400 0.075800
v -0.064010 -0.075400 0.074300
v -0.064010 -0.075400 0.075800
v -0.064900 -0.075500 0.074300
v -0.064900 -0.075500 0.074300
v -0.064010 -0.075400 0.075800
v -0.064900 -0.075500 0.075800
v -0.077290 -0.075500 0.075754
v -0.077589 -0.075500 0.075702
v -0.077029 -0.075500 0.074277
v -0.077029 -0.075500 0.074277
v -0.077589 -0.075500 0.075702
v -0.077329 -0.075500 0.074224
v -0.102661 -0.020933 0.061581
v -0.103139 -0.020229 0.062816
v -0.102379 -0.020146 0.061240
v -0.102379 -0.020146 0.061240
v -0.103139 -0.020229 0.062816
v -0.102857 -0.019441 0.062475
v -0.102379 -0.020146 0.061240
v -0.102857 -0.019441 0.062475
v -0.101924 -0.019406 0.060995
v -0.101924 -0.019406 0.060995
v -0.102857 -0.019441 0.062475
v -0.102402 -0.018702 0.062229
v -0.101924 -0.019406 0.060995
v -0.102402 -0.018702 0.062229
v -0.101318 -0.018752 0.060856
v -0.101318 -0.018752 0.060856
v -0.102402 -0.018702 0.062229
v -0.101796 -0.018047 0.062091
v -0.101318 -0.018752 0.060856
v -0.101796 -0.018047 0.062091
v -0.100591 -0.018216 0.060831
v -0.100591 -0.018216 0.060831
v -0.101796 -0.018047 0.062091
v -0.101069 -0.017511 0.062066
v -0.100591 -0.018216 0.060831
v -0.101069 -0.017511 0.062066
v -0.099782 -0.017827 0.060922
v -0.099782 -0.017827 0.060922
v -0.101069 -0.017511 0.062066
v -0.100260 -0.017122 0.062157
v -0.102661 -0.020933 0.061581
v -0.106254 -0.036118 0.068856
v -0.103139 -0.020229 0.062816
v -0.103139 -0.020229 0.062816
v -0.106254 -0.036118 0.068856
v -0.106732 -0.035413 0.070091
v -0.093000 -0.014939 0.063723
v -0.094403 -0.014957 0.063190
v -0.092623 -0.015155 0.063992
v -0.092623 -0.015155 0.063992
v -0.094403 -0.014957 0.063190
v -0.100260 -0.017122 0.062157
v -0.092623 -0.015155 0.063992
v -0.100260 -0.017122 0.062157
v -0.103139 -0.020229 0.062816
v -0.103139 -0.020229 0.062816
v -0.100260 -0.017122 0.062157
v -0.102857 -0.019441 0.062475
v -0.102857 -0.019441 0.062475
v -0.100260 -0.017122 0.062157
v -0.102402 -0.018702 0.062229
v -0.102402 -0.018702 0.062229
v -0.100260 -0.017122 0.062157
v -0.101796 -0.018047 0.062091
v -0.101796 -0.018047 0.062091
v -0.100260 -0.017122 0.062157
v -0.101069 -0.017511 0.062066
v -0.093000 -0.014939 0.063723
v -0.093442 -0.014831 0.063490
v -0.094403 -0.014957 0.063190
v -0.094403 -0.014957 0.063190
v -0.093442 -0.014831 0.063490
v -0.093920 -0.014837 0.063308
v -0.092623 -0.015155 0.063992
v -0.103139 -0.020229 0.062816
v -0.079565 -0.025484 0.074945
v -0.079565 -0.025484 0.074945
v -0.103139 -0.020229 0.062816
v -0.106732 -0.035413 0.070091
v -0.079565 -0.025484 0.074945
v -0.106732 -0.035413 0.070091
v -0.106742 -0.035454 0.070111
v -0.106742 -0.035454 0.070111
v -0.106751 -0.035495 0.070130
v -0.079565 -0.025484 0.074945
v -0.079565 -0.025484 0.074945
v -0.106751 -0.035495 0.070130
v -0.106760 -0.035535 0.070150
v -0.106760 -0.035535 0.070150
v -0.106751 -0.035495 0.070130
v -0.106402 -0.036064 0.069224
v -0.106402 -0.036064 0.069224
v -0.106751 -0.035495 0.070130
v -0.106273 -0.036199 0.068895
v -0.106402 -0.036064 0.069224
v -0.106273 -0.036199 0.068895
v -0.106282 -0.036240 0.068915
v -0.106273 -0.036199 0.068895
v -0.106751 -0.035495 0.070130
v -0.106263 -0.036159 0.068876
v -0.106263 -0.036159 0.068876
v -0.106751 -0.035495 0.070130
v -0.106742 -0.035454 0.070111
v -0.106263 -0.036159 0.068876
v -0.106742 -0.035454 0.070111
v -0.106254 -0.036118 0.068856
v -0.106254 -0.036118 0.068856
v -0.106742 -0.035454 0.070111
v -0.106732 -0.035413 0.070091
v -0.106385 -0.036651 0.069048
v -0.099534 -0.034120 0.070256
v -0.106443 -0.037085 0.069091
v -0.106443 -0.037085 0.069091
v -0.099534 -0.034120 0.070256
v -0.092503 -0.031522 0.071497
v -0.106443 -0.037085 0.069091
v -0.092503 -0.031522 0.071497
v -0.085471 -0.028924 0.072737
v -0.085471 -0.028924 0.072737
v -0.092503 -0.031522 0.071497
v -0.079087 -0.026189 0.073710
v -0.085471 -0.028924 0.072737
v -0.079087 -0.026189 0.073710
v -0.078715 -0.026427 0.073928
v -0.106385 -0.036651 0.069048
v -0.106282 -0.036240 0.068915
v -0.099534 -0.034120 0.070256
v -0.099534 -0.034120 0.070256
v -0.106282 -0.036240 0.068915
v -0.079087 -0.026189 0.073710
v -0.099534 -0.034120 0.070256
v -0.079087 -0.026189 0.073710
v -0.092503 -0.031522 0.071497
v -0.078318 -0.026690 0.074050
v -0.106443 -0.037085 0.069091
v -0.078715 -0.026427 0.073928
v -0.078715 -0.026427 0.073928
v -0.106443 -0.037085 0.069091
v -0.085471 -0.028924 0.072737
v -0.093924 -0.015662 0.061955
v -0.099782 -0.017827 0.060922
v -0.094403 -0.014957 0.063190
v -0.094403 -0.014957 0.063190
v -0.099782 -0.017827 0.060922
v -0.100260 -0.017122 0.062157
v -0.077290 -0.027307 0.075754
v -0.077159 -0.027307 0.075016
v -0.077628 -0.027268 0.075695
v -0.077628 -0.027268 0.075695
v -0.077159 -0.027307 0.075016
v -0.077367 -0.027268 0.074218
v -0.077628 -0.027268 0.075695
v -0.077367 -0.027268 0.074218
v -0.077949 -0.027154 0.075638
v -0.077949 -0.027154 0.075638
v -0.077367 -0.027268 0.074218
v -0.077688 -0.027154 0.074161
v -0.077949 -0.027154 0.075638
v -0.077688 -0.027154 0.074161
v -0.078236 -0.026969 0.075588
v -0.078236 -0.026969 0.075588
v -0.077688 -0.027154 0.074161
v -0.077976 -0.026969 0.074110
v -0.077159 -0.027307 0.075016
v -0.077094 -0.027307 0.074647
v -0.077367 -0.027268 0.074218
v -0.077367 -0.027268 0.074218
v -0.077094 -0.027307 0.074647
v -0.077029 -0.027307 0.074277
v -0.077646 -0.076054 0.075692
v -0.077451 -0.076054 0.074584
v -0.077589 -0.075500 0.075702
v -0.077589 -0.075500 0.075702
v -0.077451 -0.076054 0.074584
v -0.077329 -0.075500 0.074224
v -0.077329 -0.075500 0.074224
v -0.077451 -0.076054 0.074584
v -0.077386 -0.076054 0.074214
v -0.089443 -0.095633 0.060363
v -0.093661 -0.095633 0.059620
v -0.089229 -0.094772 0.059153
v -0.089229 -0.094772 0.059153
v -0.093661 -0.095633 0.059620
v -0.093448 -0.094772 0.058410
v -0.077854 -0.023832 0.075398
v -0.077700 -0.012214 0.075481
v -0.078282 -0.023634 0.075098
v -0.078282 -0.023634 0.075098
v -0.077700 -0.012214 0.075481
v -0.077700 0.000000 0.075481
v -0.078282 -0.023634 0.075098
v -0.077700 0.000000 0.075481
v -0.077700 0.012214 0.075481
v -0.077700 0.012214 0.075481
v -0.077700 0.000000 0.075481
v -0.077046 0.012214 0.075719
v -0.077700 0.012214 0.075481
v -0.077046 0.012214 0.075719
v -0.077380 0.024031 0.075619
v -0.077380 0.024031 0.075619
v -0.077046 0.012214 0.075719
v -0.076875 0.024229 0.075754
v -0.076875 0.024229 0.075754
v -0.077046 0.012214 0.075719
v -0.076354 0.024428 0.075800
v -0.076354 0.024428 0.075800
v -0.077046 0.012214 0.075719
v -0.077046 0.000000 0.075719
v -0.076354 0.024428 0.075800
v -0.077046 0.000000 0.075719
v -0.077046 -0.012214 0.075719
v -0.077046 -0.012214 0.075719
v -0.077046 0.000000 0.075719
v -0.077700 -0.012214 0.075481
v -0.077046 -0.012214 0.075719
v -0.077700 -0.012214 0.075481
v -0.077380 -0.024031 0.075619
v -0.077380 -0.024031 0.075619
v -0.077700 -0.012214 0.075481
v -0.077854 -0.023832 0.075398
v -0.077380 -0.024031 0.075619
v -0.076875 -0.024229 0.075754
v -0.077046 -0.012214 0.075719
v -0.077046 -0.012214 0.075719
v -0.076875 -0.024229 0.075754
v -0.076354 0.024428 0.075800
v -0.076875 -0.024229 0.075754
v -0.076354 -0.024428 0.075800
v -0.076354 0.024428 0.075800
v -0.077380 0.024031 0.075619
v -0.077855 0.023832 0.075398
v -0.077700 0.012214 0.075481
v -0.077700 0.012214 0.075481
v -0.077855 0.023832 0.075398
v -0.078282 -0.023634 0.075098
v -0.077855 0.023832 0.075398
v -0.078282 0.023634 0.075098
v -0.078282 -0.023634 0.075098
v -0.077046 0.012214 0.075719
v -0.077700 0.000000 0.075481
v -0.077046 0.000000 0.075719
v -0.077046 0.000000 0.075719
v -0.077700 0.000000 0.075481
v -0.077700 -0.012214 0.075481
v -0.079565 -0.025484 0.074945
v -0.106760 -0.035535 0.070150
v -0.092886 -0.031155 0.072900
v -0.092886 -0.031155 0.072900
v -0.106760 -0.035535 0.070150
v -0.106768 -0.036283 0.070451
v -0.092886 -0.031155 0.072900
v -0.106768 -0.036283 0.070451
v -0.106704 -0.037085 0.070568
v -0.106704 -0.037085 0.070568
v -0.078578 -0.026690 0.075527
v -0.092886 -0.031155 0.072900
v -0.092886 -0.031155 0.072900
v -0.078578 -0.026690 0.075527
v -0.079098 -0.026063 0.075332
v -0.092886 -0.031155 0.072900
v -0.079098 -0.026063 0.075332
v -0.079565 -0.025484 0.074945
v -0.076615 -0.024229 0.074277
v -0.076700 -0.017448 0.074260
v -0.076354 -0.024428 0.074300
v -0.076354 -0.024428 0.074300
v -0.076700 -0.017448 0.074260
v -0.076700 -0.010469 0.074260
v -0.076354 -0.024428 0.074300
v -0.076700 -0.010469 0.074260
v -0.076700 -0.003490 0.074260
v -0.076700 -0.003490 0.074260
v -0.076700 -0.010469 0.074260
v -0.077027 -0.003490 0.074140
v -0.076700 -0.003490 0.074260
v -0.077027 -0.003490 0.074140
v -0.077027 0.003490 0.074140
v -0.077027 0.003490 0.074140
v -0.077027 -0.003490 0.074140
v -0.077318 0.023634 0.073949
v -0.077027 0.003490 0.074140
v -0.077318 0.023634 0.073949
v -0.077027 0.010469 0.074140
v -0.077027 0.010469 0.074140
v -0.077318 0.023634 0.073949
v -0.077027 0.017448 0.074140
v -0.077027 0.010469 0.074140
v -0.077027 0.017448 0.074140
v -0.076700 0.010469 0.074260
v -0.076700 0.010469 0.074260
v -0.077027 0.017448 0.074140
v -0.076700 0.017448 0.074260
v -0.076700 0.010469 0.074260
v -0.076700 0.017448 0.074260
v -0.076614 0.024230 0.074277
v -0.076614 0.024230 0.074277
v -0.076700 0.017448 0.074260
v -0.076867 0.024031 0.074210
v -0.076867 0.024031 0.074210
v -0.076700 0.017448 0.074260
v -0.077027 0.017448 0.074140
v -0.076867 0.024031 0.074210
v -0.077027 0.017448 0.074140
v -0.077104 0.023832 0.074099
v -0.077104 0.023832 0.074099
v -0.077027 0.017448 0.074140
v -0.077318 0.023634 0.073949
v -0.076615 -0.024229 0.074277
v -0.076867 -0.024031 0.074210
v -0.076700 -0.017448 0.074260
v -0.076700 -0.017448 0.074260
v -0.076867 -0.024031 0.074210
v -0.077027 -0.017448 0.074140
v -0.076700 -0.017448 0.074260
v -0.077027 -0.017448 0.074140
v -0.077027 -0.010469 0.074140
v -0.077027 -0.010469 0.074140
v -0.077027 -0.017448 0.074140
v -0.077104 -0.023832 0.074099
v -0.077027 -0.010469 0.074140
v -0.077104 -0.023832 0.074099
v -0.077318 0.023634 0.073949
v -0.077318 0.023634 0.073949
v -0.077104 -0.023832 0.074099
v -0.077318 -0.023634 0.073949
v -0.076867 -0.024031 0.074210
v -0.077104 -0.023832 0.074099
v -0.077027 -0.017448 0.074140
v -0.076354 0.024428 0.074300
v -0.076354 -0.024428 0.074300
v -0.076614 0.024230 0.074277
v -0.076614 0.024230 0.074277
v -0.076354 -0.024428 0.074300
v -0.076700 0.010469 0.074260
v -0.077027 -0.003490 0.074140
v -0.076700 -0.010469 0.074260
v -0.077027 -0.010469 0.074140
v -0.077027 -0.010469 0.074140
v -0.076700 -0.010469 0.074260
v -0.076700 -0.017448 0.074260
v -0.076700 0.010469 0.074260
v -0.076354 -0.024428 0.074300
v -0.076700 0.003490 0.074260
v -0.076700 0.003490 0.074260
v -0.076354 -0.024428 0.074300
v -0.076700 -0.003490 0.074260
v -0.076700 0.003490 0.074260
v -0.076700 -0.003490 0.074260
v -0.077027 0.003490 0.074140
v -0.077027 0.010469 0.074140
v -0.076700 0.010469 0.074260
v -0.076700 0.003490 0.074260
v -0.077027 0.010469 0.074140
v -0.076700 0.003490 0.074260
v -0.077027 0.003490 0.074140
v -0.077318 0.023634 0.073949
v -0.077027 -0.003490 0.074140
v -0.077027 -0.010469 0.074140
v -0.106676 -0.076518 0.070535
v -0.097006 -0.076661 0.072215
v -0.106703 -0.076054 0.070568
v -0.106703 -0.076054 0.070568
v -0.097006 -0.076661 0.072215
v -0.087321 -0.076661 0.073923
v -0.106703 -0.076054 0.070568
v -0.087321 -0.076661 0.073923
v -0.077670 -0.076510 0.075652
v -0.077670 -0.076510 0.075652
v -0.087321 -0.076661 0.073923
v -0.077682 -0.076956 0.075544
v -0.077682 -0.076956 0.075544
v -0.087321 -0.076661 0.073923
v -0.087289 -0.077242 0.073742
v -0.077682 -0.076956 0.075544
v -0.087289 -0.077242 0.073742
v -0.077682 -0.077381 0.075371
v -0.077682 -0.077381 0.075371
v -0.087289 -0.077242 0.073742
v -0.077671 -0.077775 0.075136
v -0.077671 -0.077775 0.075136
v -0.087289 -0.077242 0.073742
v -0.096975 -0.077242 0.072034
v -0.077671 -0.077775 0.075136
v -0.096975 -0.077242 0.072034
v -0.106525 -0.077390 0.070280
v -0.106525 -0.077390 0.070280
v -0.096975 -0.077242 0.072034
v -0.106617 -0.076967 0.070437
v -0.106617 -0.076967 0.070437
v -0.096975 -0.077242 0.072034
v -0.097006 -0.076661 0.072215
v -0.106617 -0.076967 0.070437
v -0.097006 -0.076661 0.072215
v -0.106676 -0.076518 0.070535
v -0.106525 -0.077390 0.070280
v -0.106404 -0.077775 0.070070
v -0.077671 -0.077775 0.075136
v -0.077670 -0.076510 0.075652
v -0.077646 -0.076054 0.075692
v -0.106703 -0.076054 0.070568
v -0.087289 -0.077242 0.073742
v -0.087321 -0.076661 0.073923
v -0.097006 -0.076661 0.072215
v -0.096975 -0.077242 0.072034
v -0.087289 -0.077242 0.073742
v -0.097006 -0.076661 0.072215
v -0.106164 -0.076964 0.068829
v -0.106178 -0.076939 0.068845
v -0.106151 -0.076988 0.068814
v -0.106151 -0.076988 0.068814
v -0.106178 -0.076939 0.068845
v -0.106191 -0.076914 0.068860
v -0.106151 -0.076988 0.068814
v -0.106191 -0.076914 0.068860
v -0.077457 -0.076914 0.073926
v -0.077457 -0.076914 0.073926
v -0.077504 -0.086721 0.066946
v -0.106151 -0.076988 0.068814
v -0.106151 -0.076988 0.068814
v -0.077504 -0.086721 0.066946
v -0.097412 -0.092616 0.059243
v -0.097412 -0.092616 0.059243
v -0.077504 -0.086721 0.066946
v -0.078878 -0.089062 0.065039
v -0.097412 -0.092616 0.059243
v -0.078878 -0.089062 0.065039
v -0.087042 -0.094180 0.059960
v -0.077504 -0.086721 0.066946
v -0.077598 -0.087404 0.066443
v -0.078878 -0.089062 0.065039
v -0.078878 -0.089062 0.065039
v -0.077598 -0.087404 0.066443
v -0.077867 -0.088041 0.065943
v -0.078878 -0.089062 0.065039
v -0.077867 -0.088041 0.065943
v -0.078300 -0.088603 0.065467
v -0.097412 -0.092616 0.059243
v -0.087042 -0.094180 0.059960
v -0.089229 -0.094772 0.059153
v -0.089229 -0.094772 0.059153
v -0.087042 -0.094180 0.059960
v -0.087702 -0.094504 0.059613
v -0.089229 -0.094772 0.059153
v -0.087702 -0.094504 0.059613
v -0.088441 -0.094705 0.059341
v -0.089229 -0.094772 0.059153
v -0.093448 -0.094772 0.058410
v -0.097412 -0.092616 0.059243
v -0.097412 -0.092616 0.059243
v -0.093448 -0.094772 0.058410
v -0.096990 -0.093216 0.058892
v -0.096990 -0.093216 0.058892
v -0.093448 -0.094772 0.058410
v -0.096438 -0.093744 0.058613
v -0.096438 -0.093744 0.058613
v -0.093448 -0.094772 0.058410
v -0.095780 -0.094180 0.058420
v -0.095780 -0.094180 0.058420
v -0.093448 -0.094772 0.058410
v -0.095041 -0.094504 0.058319
v -0.095041 -0.094504 0.058319
v -0.093448 -0.094772 0.058410
v -0.094253 -0.094705 0.058316
v -0.076769 -0.075500 0.075800
v -0.076769 -0.027271 0.075800
v -0.076943 -0.075500 0.075795
v -0.076943 -0.075500 0.075795
v -0.076769 -0.027271 0.075800
v -0.077290 -0.027307 0.075754
v -0.076943 -0.075500 0.075795
v -0.077290 -0.027307 0.075754
v -0.077117 -0.075500 0.075780
v -0.077117 -0.075500 0.075780
v -0.077290 -0.027307 0.075754
v -0.077290 -0.075500 0.075754
v -0.077029 -0.075500 0.074277
v -0.077029 -0.027307 0.074277
v -0.076943 -0.075500 0.074290
v -0.076943 -0.075500 0.074290
v -0.077029 -0.027307 0.074277
v -0.076899 -0.027298 0.074294
v -0.076943 -0.075500 0.074290
v -0.076899 -0.027298 0.074294
v -0.076856 -0.075500 0.074297
v -0.076856 -0.075500 0.074297
v -0.076899 -0.027298 0.074294
v -0.076769 -0.027271 0.074300
v -0.076856 -0.075500 0.074297
v -0.076769 -0.027271 0.074300
v -0.076769 -0.075500 0.074300
v -0.064258 -0.069560 0.075800
v -0.064258 -0.069560 0.074300
v -0.064200 -0.070000 0.075800
v -0.064200 -0.070000 0.075800
v -0.064258 -0.069560 0.074300
v -0.064200 -0.070000 0.074300
v -0.064200 -0.070000 0.075800
v -0.064200 -0.070000 0.074300
v -0.064258 -0.070440 0.075800
v -0.064258 -0.070440 0.075800
v -0.064200 -0.070000 0.074300
v -0.064258 -0.070440 0.074300
v -0.064258 -0.070440 0.075800
v -0.064258 -0.070440 0.074300
v -0.064428 -0.070850 0.075800
v -0.064428 -0.070850 0.075800
v -0.064258 -0.070440 0.074300
v -0.064428 -0.070850 0.074300
v -0.064428 -0.070850 0.075800
v -0.064428 -0.070850 0.074300
v -0.064698 -0.071202 0.075800
v -0.064698 -0.071202 0.075800
v -0.064428 -0.070850 0.074300
v -0.064698 -0.071202 0.074300
v -0.064698 -0.071202 0.075800
v -0.064698 -0.071202 0.074300
v -0.065050 -0.071472 0.075800
v -0.065050 -0.071472 0.075800
v -0.064698 -0.071202 0.074300
v -0.065050 -0.071472 0.074300
v -0.065050 -0.071472 0.075800
v -0.065050 -0.071472 0.074300
v -0.065460 -0.071642 0.075800
v -0.065460 -0.071642 0.075800
v -0.065050 -0.071472 0.074300
v -0.065460 -0.071642 0.074300
v -0.065460 -0.071642 0.075800
v -0.065460 -0.071642 0.074300
v -0.065900 -0.071700 0.075800
v -0.065900 -0.071700 0.075800
v -0.065460 -0.071642 0.074300
v -0.065900 -0.071700 0.074300
v -0.065900 -0.071700 0.075800
v -0.065900 -0.071700 0.074300
v -0.066340 -0.071642 0.075800
v -0.066340 -0.071642 0.075800
v -0.065900 -0.071700 0.074300
v -0.066340 -0.071642 0.074300
v -0.066340 -0.071642 0.075800
v -0.066340 -0.071642 0.074300
v -0.066750 -0.071472 0.075800
v -0.066750 -0.071472 0.075800
v -0.066340 -0.071642 0.074300
v -0.066750 -0.071472 0.074300
v -0.066750 -0.071472 0.075800
v -0.066750 -0.071472 0.074300
v -0.067102 -0.071202 0.075800
v -0.067102 -0.071202 0.075800
v -0.066750 -0.071472 0.074300
v -0.067102 -0.071202 0.074300
v -0.067102 -0.071202 0.075800
v -0.067102 -0.071202 0.074300
v -0.067372 -0.070850 0.075800
v -0.067372 -0.070850 0.075800
v -0.067102 -0.071202 0.074300
v -0.067372 -0.070850 0.074300
v -0.067372 -0.070850 0.075800
v -0.067372 -0.070850 0.074300
v -0.067542 -0.070440 0.075800
v -0.067542 -0.070440 0.075800
v -0.067372 -0.070850 0.074300
v -0.067542 -0.070440 0.074300
v -0.067542 -0.070440 0.075800
v -0.067542 -0.070440 0.074300
v -0.067600 -0.070000 0.075800
v -0.067600 -0.070000 0.075800
v -0.067542 -0.070440 0.074300
v -0.067600 -0.070000 0.074300
v -0.067600 -0.070000 0.075800
v -0.067600 -0.070000 0.074300
v -0.067542 -0.069560 0.075800
v -0.067542 -0.069560 0.075800
v -0.067600 -0.070000 0.074300
v -0.067542 -0.069560 0.074300
v -0.067542 -0.069560 0.075800
v -0.067542 -0.069560 0.074300
v -0.067372 -0.069150 0.075800
v -0.067372 -0.069150 0.075800
v -0.067542 -0.069560 0.074300
v -0.067372 -0.069150 0.074300
v -0.067372 -0.069150 0.075800
v -0.067372 -0.069150 0.074300
v -0.067102 -0.068798 0.075800
v -0.067102 -0.068798 0.075800
v -0.067372 -0.069150 0.074300
v -0.067102 -0.068798 0.074300
v -0.067102 -0.068798 0.075800
v -0.067102 -0.068798 0.074300
v -0.066750 -0.068528 0.075800
v -0.066750 -0.068528 0.075800
v -0.067102 -0.068798 0.074300
v -0.066750 -0.068528 0.074300
v -0.066750 -0.068528 0.075800
v -0.066750 -0.068528 0.074300
v -0.066340 -0.068358 0.075800
v -0.066340 -0.068358 0.075800
v -0.066750 -0.068528 0.074300
v -0.066340 -0.068358 0.074300
v -0.066340 -0.068358 0.075800
v -0.066340 -0.068358 0.074300
v -0.065900 -0.068300 0.075800
v -0.065900 -0.068300 0.075800
v -0.066340 -0.068358 0.074300
v -0.065900 -0.068300 0.074300
v -0.065900 -0.068300 0.075800
v -0.065900 -0.068300 0.074300
v -0.065460 -0.068358 0.075800
v -0.065460 -0.068358 0.075800
v -0.065900 -0.068300 0.074300
v -0.065460 -0.068358 0.074300
v -0.065460 -0.068358 0.075800
v -0.065460 -0.068358 0.074300
v -0.065050 -0.068528 0.075800
v -0.065050 -0.068528 0.075800
v -0.065460 -0.068358 0.074300
v -0.065050 -0.068528 0.074300
v -0.065050 -0.068528 0.075800
v -0.065050 -0.068528 0.074300
v -0.064698 -0.068798 0.075800
v -0.064698 -0.068798 0.075800
v -0.065050 -0.068528 0.074300
v -0.064698 -0.068798 0.074300
v -0.064698 -0.068798 0.075800
v -0.064698 -0.068798 0.074300
v -0.064428 -0.069150 0.075800
v -0.064428 -0.069150 0.075800
v -0.064698 -0.068798 0.074300
v -0.064428 -0.069150 0.074300
v -0.064428 -0.069150 0.075800
v -0.064428 -0.069150 0.074300
v -0.064258 -0.069560 0.075800
v -0.064258 -0.069560 0.075800
v -0.064428 -0.069150 0.074300
v -0.064258 -0.069560 0.074300
v -0.076769 0.027271 0.075800
v -0.077290 0.027307 0.075754
v -0.076964 0.027298 0.075042
v -0.076964 0.027298 0.075042
v -0.077290 0.027307 0.075754
v -0.077159 0.027307 0.075016
v -0.076964 0.027298 0.075042
v -0.077159 0.027307 0.075016
v -0.077094 0.027307 0.074647
v -0.077094 0.027307 0.074647
v -0.077029 0.027307 0.074277
v -0.076964 0.027298 0.075042
v -0.076964 0.027298 0.075042
v -0.077029 0.027307 0.074277
v -0.076899 0.027298 0.074294
v -0.076964 0.027298 0.075042
v -0.076899 0.027298 0.074294
v -0.076769 0.027271 0.074675
v -0.076769 0.027271 0.074675
v -0.076899 0.027298 0.074294
v -0.076769 0.027271 0.074300
v -0.076769 0.027271 0.074675
v -0.076769 0.027271 0.075238
v -0.076964 0.027298 0.075042
v -0.076964 0.027298 0.075042
v -0.076769 0.027271 0.075238
v -0.076769 0.027271 0.075800
v -0.077290 0.075500 0.075754
v -0.077117 0.075500 0.075780
v -0.077029 0.075500 0.074277
v -0.077029 0.075500 0.074277
v -0.077117 0.075500 0.075780
v -0.076943 0.075500 0.075795
v -0.077029 0.075500 0.074277
v -0.076943 0.075500 0.075795
v -0.076943 0.075500 0.074290
v -0.076943 0.075500 0.074290
v -0.076943 0.075500 0.075795
v -0.076856 0.075500 0.074297
v -0.076856 0.075500 0.074297
v -0.076943 0.075500 0.075795
v -0.076769 0.075500 0.075800
v -0.076856 0.075500 0.074297
v -0.076769 0.075500 0.075800
v -0.076769 0.075500 0.074300
v -0.076769 0.075500 0.075800
v -0.064900 0.075500 0.075800
v -0.076769 0.075500 0.074300
v -0.076769 0.075500 0.074300
v -0.064900 0.075500 0.075800
v -0.064900 0.075500 0.074300
v -0.076769 0.027271 0.074300
v -0.076424 0.027152 0.074300
v -0.076769 0.027271 0.074675
v -0.076769 0.027271 0.074675
v -0.076424 0.027152 0.074300
v -0.076769 0.027271 0.075238
v -0.076769 0.027271 0.075238
v -0.076424 0.027152 0.074300
v -0.076424 0.027152 0.075800
v -0.076769 0.027271 0.075238
v -0.076424 0.027152 0.075800
v -0.076769 0.027271 0.075800
v -0.076424 0.027152 0.074300
v -0.076118 0.026954 0.074300
v -0.076424 0.027152 0.075800
v -0.076424 0.027152 0.075800
v -0.076118 0.026954 0.074300
v -0.076118 0.026954 0.075800
v -0.076118 0.026954 0.075800
v -0.076118 0.026954 0.074300
v -0.075867 0.026690 0.074300
v -0.076118 0.026954 0.075800
v -0.075867 0.026690 0.074300
v -0.075867 0.026690 0.075800
v -0.075867 0.026690 0.075800
v -0.075867 0.026690 0.074300
v -0.075685 0.026374 0.074300
v -0.075867 0.026690 0.075800
v -0.075685 0.026374 0.074300
v -0.075685 0.026374 0.075800
v -0.075685 0.026374 0.075800
v -0.075685 0.026374 0.074300
v -0.075583 0.026024 0.074300
v -0.075685 0.026374 0.075800
v -0.075583 0.026024 0.074300
v -0.075583 0.026024 0.075800
v -0.075583 0.026024 0.075800
v -0.075583 0.026024 0.074300
v -0.075566 0.025660 0.074300
v -0.075583 0.026024 0.075800
v -0.075566 0.025660 0.074300
v -0.075566 0.025660 0.075800
v -0.075566 0.025660 0.075800
v -0.075566 0.025660 0.074300
v -0.075636 0.025302 0.074300
v -0.075566 0.025660 0.075800
v -0.075636 0.025302 0.074300
v -0.075636 0.025302 0.075800
v -0.075636 0.025302 0.075800
v -0.075636 0.025302 0.074300
v -0.075788 0.024971 0.074300
v -0.075636 0.025302 0.075800
v -0.075788 0.024971 0.074300
v -0.075788 0.024971 0.075800
v -0.075788 0.024971 0.075800
v -0.075788 0.024971 0.074300
v -0.076014 0.024685 0.074300
v -0.075788 0.024971 0.075800
v -0.076014 0.024685 0.074300
v -0.076014 0.024685 0.075800
v -0.076014 0.024685 0.075800
v -0.076014 0.024685 0.074300
v -0.076301 0.024460 0.075800
v -0.076301 0.024460 0.075800
v -0.076014 0.024685 0.074300
v -0.076301 0.024460 0.074300
v -0.079087 0.026189 0.073710
v -0.078955 0.026239 0.073999
v -0.079206 0.026013 0.074019
v -0.079206 0.026013 0.074019
v -0.078955 0.026239 0.073999
v -0.079010 0.026172 0.074165
v -0.079206 0.026013 0.074019
v -0.079010 0.026172 0.074165
v -0.079064 0.026105 0.074332
v -0.079064 0.026105 0.074332
v -0.079010 0.026172 0.074165
v -0.078803 0.026343 0.074282
v -0.079064 0.026105 0.074332
v -0.078803 0.026343 0.074282
v -0.078851 0.026298 0.074458
v -0.078851 0.026298 0.074458
v -0.078803 0.026343 0.074282
v -0.078383 0.026690 0.074419
v -0.078851 0.026298 0.074458
v -0.078383 0.026690 0.074419
v -0.078898 0.026253 0.074634
v -0.078898 0.026253 0.074634
v -0.078383 0.026690 0.074419
v -0.078578 0.026690 0.075527
v -0.078898 0.026253 0.074634
v -0.078578 0.026690 0.075527
v -0.078993 0.026164 0.074985
v -0.078993 0.026164 0.074985
v -0.078578 0.026690 0.075527
v -0.079098 0.026063 0.075332
v -0.078993 0.026164 0.074985
v -0.079098 0.026063 0.075332
v -0.079226 0.025904 0.074832
v -0.079226 0.025904 0.074832
v -0.079098 0.026063 0.075332
v -0.079565 0.025484 0.074945
v -0.079226 0.025904 0.074832
v -0.079565 0.025484 0.074945
v -0.079206 0.026013 0.074019
v -0.079087 0.026189 0.073710
v -0.078715 0.026427 0.073928
v -0.078955 0.026239 0.073999
v -0.078955 0.026239 0.073999
v -0.078715 0.026427 0.073928
v -0.078756 0.026387 0.074107
v -0.078955 0.026239 0.073999
v -0.078756 0.026387 0.074107
v -0.079010 0.026172 0.074165
v -0.079010 0.026172 0.074165
v -0.078756 0.026387 0.074107
v -0.078803 0.026343 0.074282
v -0.078715 0.026427 0.073928
v -0.078318 0.026690 0.074050
v -0.078756 0.026387 0.074107
v -0.078756 0.026387 0.074107
v -0.078318 0.026690 0.074050
v -0.078383 0.026690 0.074419
v -0.078756 0.026387 0.074107
v -0.078383 0.026690 0.074419
v -0.078803 0.026343 0.074282
v -0.079206 0.026013 0.074019
v -0.079064 0.026105 0.074332
v -0.079118 0.026038 0.074498
v -0.079118 0.026038 0.074498
v -0.079064 0.026105 0.074332
v -0.078851 0.026298 0.074458
v -0.079118 0.026038 0.074498
v -0.078851 0.026298 0.074458
v -0.078898 0.026253 0.074634
v -0.079206 0.026013 0.074019
v -0.079118 0.026038 0.074498
v -0.079226 0.025904 0.074832
v -0.079226 0.025904 0.074832
v -0.079118 0.026038 0.074498
v -0.078898 0.026253 0.074634
v -0.079226 0.025904 0.074832
v -0.078898 0.026253 0.074634
v -0.078993 0.026164 0.074985
v -0.106760 0.035535 0.070150
v -0.106557 0.036180 0.069661
v -0.106402 0.036064 0.069224
v -0.106402 0.036064 0.069224
v -0.106557 0.036180 0.069661
v -0.106385 0.036651 0.069048
v -0.106402 0.036064 0.069224
v -0.106385 0.036651 0.069048
v -0.106282 0.036240 0.068915
v -0.106760 0.035535 0.070150
v -0.106768 0.036283 0.070451
v -0.106557 0.036180 0.069661
v -0.106557 0.036180 0.069661
v -0.106768 0.036283 0.070451
v -0.106577 0.036488 0.069755
v -0.106557 0.036180 0.069661
v -0.106577 0.036488 0.069755
v -0.106385 0.036651 0.069048
v -0.106385 0.036651 0.069048
v -0.106577 0.036488 0.069755
v -0.106581 0.036784 0.069809
v -0.106385 0.036651 0.069048
v -0.106581 0.036784 0.069809
v -0.106443 0.037085 0.069091
v -0.106443 0.037085 0.069091
v -0.106581 0.036784 0.069809
v -0.106509 0.037085 0.069460
v -0.106509 0.037085 0.069460
v -0.106581 0.036784 0.069809
v -0.106704 0.037085 0.070568
v -0.106704 0.037085 0.070568
v -0.106581 0.036784 0.069809
v -0.106768 0.036283 0.070451
v -0.106768 0.036283 0.070451
v -0.106581 0.036784 0.069809
v -0.106577 0.036488 0.069755
v -0.078318 0.026690 0.074050
v -0.077976 0.026969 0.074110
v -0.078383 0.026690 0.074419
v -0.078383 0.026690 0.074419
v -0.077976 0.026969 0.074110
v -0.078236 0.026969 0.075588
v -0.078383 0.026690 0.074419
v -0.078236 0.026969 0.075588
v -0.078578 0.026690 0.075527
v -0.106704 0.037085 0.070568
v -0.106704 0.037138 0.070568
v -0.106509 0.037085 0.069460
v -0.106509 0.037085 0.069460
v -0.106704 0.037138 0.070568
v -0.106444 0.037138 0.069091
v -0.106509 0.037085 0.069460
v -0.106444 0.037138 0.069091
v -0.106443 0.037085 0.069091
v -0.106444 0.037138 0.069091
v -0.106704 0.037138 0.070568
v -0.106444 0.037191 0.069091
v -0.106444 0.037191 0.069091
v -0.106704 0.037138 0.070568
v -0.106705 0.037191 0.070568
v -0.106444 0.037191 0.069091
v -0.106705 0.037191 0.070568
v -0.106444 0.037245 0.069091
v -0.106444 0.037245 0.069091
v -0.106705 0.037191 0.070568
v -0.106705 0.037245 0.070568
v -0.076354 0.024428 0.074675
v -0.076354 0.024428 0.074300
v -0.076647 0.024229 0.074461
v -0.076647 0.024229 0.074461
v -0.076354 0.024428 0.074300
v -0.076614 0.024230 0.074277
v -0.076647 0.024229 0.074461
v -0.076614 0.024230 0.074277
v -0.076867 0.024031 0.074210
v -0.077104 0.023832 0.074099
v -0.077198 0.023832 0.074262
v -0.076867 0.024031 0.074210
v -0.076867 0.024031 0.074210
v -0.077198 0.023832 0.074262
v -0.076931 0.024031 0.074385
v -0.076867 0.024031 0.074210
v -0.076931 0.024031 0.074385
v -0.076647 0.024229 0.074461
v -0.076647 0.024229 0.074461
v -0.076931 0.024031 0.074385
v -0.076995 0.024031 0.074561
v -0.076647 0.024229 0.074461
v -0.076995 0.024031 0.074561
v -0.076679 0.024229 0.074646
v -0.076679 0.024229 0.074646
v -0.076995 0.024031 0.074561
v -0.077124 0.024031 0.074914
v -0.076679 0.024229 0.074646
v -0.077124 0.024031 0.074914
v -0.076745 0.024229 0.075015
v -0.076745 0.024229 0.075015
v -0.077124 0.024031 0.074914
v -0.076810 0.024229 0.075385
v -0.076745 0.024229 0.075015
v -0.076810 0.024229 0.075385
v -0.076354 0.024428 0.075800
v -0.076354 0.024428 0.075800
v -0.076810 0.024229 0.075385
v -0.076875 0.024229 0.075754
v -0.076875 0.024229 0.075754
v -0.076810 0.024229 0.075385
v -0.077380 0.024031 0.075619
v -0.077380 0.024031 0.075619
v -0.076810 0.024229 0.075385
v -0.077252 0.024031 0.075267
v -0.077380 0.024031 0.075619
v -0.077252 0.024031 0.075267
v -0.077855 0.023832 0.075398
v -0.077855 0.023832 0.075398
v -0.077252 0.024031 0.075267
v -0.077667 0.023832 0.075074
v -0.077855 0.023832 0.075398
v -0.077667 0.023832 0.075074
v -0.078282 0.023634 0.075098
v -0.078282 0.023634 0.075098
v -0.077667 0.023832 0.075074
v -0.077480 0.023832 0.074749
v -0.078282 0.023634 0.075098
v -0.077480 0.023832 0.074749
v -0.077559 0.023634 0.074236
v -0.077559 0.023634 0.074236
v -0.077480 0.023832 0.074749
v -0.077292 0.023832 0.074424
v -0.077559 0.023634 0.074236
v -0.077292 0.023832 0.074424
v -0.077198 0.023832 0.074262
v -0.077198 0.023832 0.074262
v -0.077292 0.023832 0.074424
v -0.076931 0.024031 0.074385
v -0.077104 0.023832 0.074099
v -0.077318 0.023634 0.073949
v -0.077198 0.023832 0.074262
v -0.077198 0.023832 0.074262
v -0.077318 0.023634 0.073949
v -0.077559 0.023634 0.074236
v -0.076354 0.024428 0.075800
v -0.076354 0.024428 0.074675
v -0.076745 0.024229 0.075015
v -0.076745 0.024229 0.075015
v -0.076354 0.024428 0.074675
v -0.076679 0.024229 0.074646
v -0.076679 0.024229 0.074646
v -0.076354 0.024428 0.074675
v -0.076647 0.024229 0.074461
v -0.076995 0.024031 0.074561
v -0.076931 0.024031 0.074385
v -0.077292 0.023832 0.074424
v -0.076995 0.024031 0.074561
v -0.077292 0.023832 0.074424
v -0.077124 0.024031 0.074914
v -0.077124 0.024031 0.074914
v -0.077292 0.023832 0.074424
v -0.077480 0.023832 0.074749
v -0.077124 0.024031 0.074914
v -0.077480 0.023832 0.074749
v -0.077252 0.024031 0.075267
v -0.077252 0.024031 0.075267
v -0.077480 0.023832 0.074749
v -0.077667 0.023832 0.075074
v -0.076810 0.024229 0.075385
v -0.077124 0.024031 0.074914
v -0.077252 0.024031 0.075267
v -0.076354 0.024428 0.075800
v -0.076301 0.024460 0.075800
v -0.076354 0.024428 0.074675
v -0.076354 0.024428 0.074675
v -0.076301 0.024460 0.075800
v -0.076301 0.024460 0.074300
v -0.076354 0.024428 0.074675
v -0.076301 0.024460 0.074300
v -0.076354 0.024428 0.074300
v -0.077671 0.077775 0.075136
v -0.077511 0.077130 0.074229
v -0.077718 0.087581 0.068156
v -0.077718 0.087581 0.068156
v -0.077511 0.077130 0.074229
v -0.077504 0.086721 0.066946
v -0.077504 0.086721 0.066946
v -0.077511 0.077130 0.074229
v -0.077457 0.076914 0.073926
v -0.106191 0.076914 0.068860
v -0.106292 0.076722 0.068957
v -0.106244 0.077130 0.069162
v -0.106244 0.077130 0.069162
v -0.106292 0.076722 0.068957
v -0.106414 0.077038 0.069626
v -0.106244 0.077130 0.069162
v -0.106414 0.077038 0.069626
v -0.106404 0.077775 0.070070
v -0.106404 0.077775 0.070070
v -0.106414 0.077038 0.069626
v -0.106525 0.077390 0.070280
v -0.106525 0.077390 0.070280
v -0.106414 0.077038 0.069626
v -0.106617 0.076967 0.070437
v -0.106617 0.076967 0.070437
v -0.106414 0.077038 0.069626
v -0.106500 0.076701 0.069744
v -0.106617 0.076967 0.070437
v -0.106500 0.076701 0.069744
v -0.106676 0.076518 0.070535
v -0.106676 0.076518 0.070535
v -0.106500 0.076701 0.069744
v -0.106550 0.076382 0.069808
v -0.106676 0.076518 0.070535
v -0.106550 0.076382 0.069808
v -0.106703 0.076054 0.070568
v -0.106703 0.076054 0.070568
v -0.106550 0.076382 0.069808
v -0.106572 0.076054 0.069830
v -0.106572 0.076054 0.069830
v -0.106550 0.076382 0.069808
v -0.106442 0.076054 0.069091
v -0.106442 0.076054 0.069091
v -0.106550 0.076382 0.069808
v -0.106419 0.076286 0.069076
v -0.106419 0.076286 0.069076
v -0.106550 0.076382 0.069808
v -0.106500 0.076701 0.069744
v -0.106419 0.076286 0.069076
v -0.106500 0.076701 0.069744
v -0.106369 0.076510 0.069031
v -0.106369 0.076510 0.069031
v -0.106500 0.076701 0.069744
v -0.106414 0.077038 0.069626
v -0.106369 0.076510 0.069031
v -0.106414 0.077038 0.069626
v -0.106292 0.076722 0.068957
v -0.077671 0.077775 0.075136
v -0.077565 0.077059 0.074703
v -0.077511 0.077130 0.074229
v -0.077511 0.077130 0.074229
v -0.077565 0.077059 0.074703
v -0.077448 0.076718 0.074046
v -0.077511 0.077130 0.074229
v -0.077448 0.076718 0.074046
v -0.077457 0.076914 0.073926
v -0.077671 0.077775 0.075136
v -0.077682 0.077381 0.075371
v -0.077565 0.077059 0.074703
v -0.077565 0.077059 0.074703
v -0.077682 0.077381 0.075371
v -0.077558 0.076752 0.074832
v -0.077565 0.077059 0.074703
v -0.077558 0.076752 0.074832
v -0.077448 0.076718 0.074046
v -0.077448 0.076718 0.074046
v -0.077558 0.076752 0.074832
v -0.077433 0.076505 0.074135
v -0.077433 0.076505 0.074135
v -0.077558 0.076752 0.074832
v -0.077542 0.076407 0.074920
v -0.077433 0.076505 0.074135
v -0.077542 0.076407 0.074920
v -0.077413 0.076282 0.074192
v -0.077413 0.076282 0.074192
v -0.077542 0.076407 0.074920
v -0.077451 0.076054 0.074584
v -0.077413 0.076282 0.074192
v -0.077451 0.076054 0.074584
v -0.077386 0.076054 0.074214
v -0.077682 0.077381 0.075371
v -0.077682 0.076956 0.075544
v -0.077558 0.076752 0.074832
v -0.077558 0.076752 0.074832
v -0.077682 0.076956 0.075544
v -0.077542 0.076407 0.074920
v -0.077682 0.076956 0.075544
v -0.077670 0.076510 0.075652
v -0.077542 0.076407 0.074920
v -0.077542 0.076407 0.074920
v -0.077670 0.076510 0.075652
v -0.077646 0.076054 0.075692
v -0.077542 0.076407 0.074920
v -0.077646 0.076054 0.075692
v -0.077451 0.076054 0.074584
v -0.106703 0.076054 0.070568
v -0.106572 0.076054 0.069830
v -0.106704 0.076010 0.070568
v -0.106704 0.076010 0.070568
v -0.106572 0.076054 0.069830
v -0.106443 0.076010 0.069091
v -0.106704 0.076010 0.070568
v -0.106443 0.076010 0.069091
v -0.106704 0.075966 0.070568
v -0.106704 0.075966 0.070568
v -0.106443 0.076010 0.069091
v -0.106444 0.075966 0.069091
v -0.106704 0.075966 0.070568
v -0.106444 0.075966 0.069091
v -0.106705 0.075921 0.070568
v -0.106705 0.075921 0.070568
v -0.106444 0.075966 0.069091
v -0.106444 0.075921 0.069091
v -0.106572 0.076054 0.069830
v -0.106442 0.076054 0.069091
v -0.106443 0.076010 0.069091
v -0.092145 0.015860 0.062758
v -0.092623 0.015155 0.063992
v -0.092522 0.015644 0.062488
v -0.092522 0.015644 0.062488
v -0.092623 0.015155 0.063992
v -0.093000 0.014939 0.063723
v -0.092522 0.015644 0.062488
v -0.093000 0.014939 0.063723
v -0.092964 0.015535 0.062255
v -0.092964 0.015535 0.062255
v -0.093000 0.014939 0.063723
v -0.093442 0.014831 0.063490
v -0.092964 0.015535 0.062255
v -0.093442 0.014831 0.063490
v -0.093442 0.015541 0.062074
v -0.093442 0.015541 0.062074
v -0.093442 0.014831 0.063490
v -0.093920 0.014837 0.063308
v -0.093442 0.015541 0.062074
v -0.093920 0.014837 0.063308
v -0.093924 0.015662 0.061955
v -0.093924 0.015662 0.061955
v -0.093920 0.014837 0.063308
v -0.094403 0.014957 0.063190
v -0.079087 0.026189 0.073710
v -0.079206 0.026013 0.074019
v -0.092145 0.015860 0.062758
v -0.092145 0.015860 0.062758
v -0.079206 0.026013 0.074019
v -0.092623 0.015155 0.063992
v -0.092623 0.015155 0.063992
v -0.079206 0.026013 0.074019
v -0.079565 0.025484 0.074945
v -0.092522 0.015644 0.062488
v -0.093924 0.015662 0.061955
v -0.092145 0.015860 0.062758
v -0.092145 0.015860 0.062758
v -0.093924 0.015662 0.061955
v -0.099782 0.017827 0.060922
v -0.092145 0.015860 0.062758
v -0.099782 0.017827 0.060922
v -0.102661 0.020933 0.061581
v -0.102661 0.020933 0.061581
v -0.099782 0.017827 0.060922
v -0.102379 0.020146 0.061240
v -0.102379 0.020146 0.061240
v -0.099782 0.017827 0.060922
v -0.101924 0.019406 0.060995
v -0.101924 0.019406 0.060995
v -0.099782 0.017827 0.060922
v -0.101318 0.018752 0.060856
v -0.101318 0.018752 0.060856
v -0.099782 0.017827 0.060922
v -0.100591 0.018216 0.060831
v -0.092522 0.015644 0.062488
v -0.092964 0.015535 0.062255
v -0.093924 0.015662 0.061955
v -0.093924 0.015662 0.061955
v -0.092964 0.015535 0.062255
v -0.093442 0.015541 0.062074
v -0.092145 0.015860 0.062758
v -0.102661 0.020933 0.061581
v -0.079087 0.026189 0.073710
v -0.079087 0.026189 0.073710
v -0.102661 0.020933 0.061581
v -0.106254 0.036118 0.068856
v -0.079087 0.026189 0.073710
v -0.106254 0.036118 0.068856
v -0.106263 0.036159 0.068876
v -0.106263 0.036159 0.068876
v -0.106273 0.036199 0.068895
v -0.079087 0.026189 0.073710
v -0.079087 0.026189 0.073710
v -0.106273 0.036199 0.068895
v -0.106282 0.036240 0.068915
v -0.091107 0.011585 0.062379
v -0.092071 0.011585 0.063528
v -0.091057 0.012092 0.062421
v -0.091057 0.012092 0.062421
v -0.092071 0.011585 0.063528
v -0.092021 0.012092 0.063570
v -0.091057 0.012092 0.062421
v -0.092021 0.012092 0.063570
v -0.090910 0.012566 0.062544
v -0.090910 0.012566 0.062544
v -0.092021 0.012092 0.063570
v -0.091874 0.012566 0.063693
v -0.090910 0.012566 0.062544
v -0.091874 0.012566 0.063693
v -0.090676 0.012976 0.062741
v -0.090676 0.012976 0.062741
v -0.091874 0.012566 0.063693
v -0.091640 0.012976 0.063890
v -0.090676 0.012976 0.062741
v -0.091640 0.012976 0.063890
v -0.090370 0.013295 0.062998
v -0.090370 0.013295 0.062998
v -0.091640 0.012976 0.063890
v -0.091334 0.013295 0.064147
v -0.077318 0.023634 0.073949
v -0.077318 -0.023634 0.073949
v -0.090370 0.013295 0.062998
v -0.090370 0.013295 0.062998
v -0.077318 -0.023634 0.073949
v -0.090370 -0.013295 0.062998
v -0.090370 0.013295 0.062998
v -0.090370 -0.013295 0.062998
v -0.091107 0.011585 0.062379
v -0.091107 0.011585 0.062379
v -0.090370 -0.013295 0.062998
v -0.091107 -0.011585 0.062379
v -0.091107 -0.011585 0.062379
v -0.090370 -0.013295 0.062998
v -0.090676 -0.012976 0.062741
v -0.091107 -0.011585 0.062379
v -0.090676 -0.012976 0.062741
v -0.090910 -0.012566 0.062544
v -0.090910 -0.012566 0.062544
v -0.091057 -0.012092 0.062421
v -0.091107 -0.011585 0.062379
v -0.091057 0.012092 0.062421
v -0.090910 0.012566 0.062544
v -0.091107 0.011585 0.062379
v -0.091107 0.011585 0.062379
v -0.090910 0.012566 0.062544
v -0.090676 0.012976 0.062741
v -0.091107 0.011585 0.062379
v -0.090676 0.012976 0.062741
v -0.090370 0.013295 0.062998
v -0.077318 0.023634 0.073949
v -0.090370 0.013295 0.062998
v -0.077559 0.023634 0.074236
v -0.077559 0.023634 0.074236
v -0.090370 0.013295 0.062998
v -0.091334 0.013295 0.064147
v -0.077559 0.023634 0.074236
v -0.091334 0.013295 0.064147
v -0.078282 0.023634 0.075098
v -0.106191 0.076914 0.068860
v -0.106244 0.077130 0.069162
v -0.106178 0.076939 0.068845
v -0.106178 0.076939 0.068845
v -0.106244 0.077130 0.069162
v -0.106391 0.077800 0.070055
v -0.106178 0.076939 0.068845
v -0.106391 0.077800 0.070055
v -0.106164 0.076964 0.068829
v -0.106164 0.076964 0.068829
v -0.106391 0.077800 0.070055
v -0.106378 0.077824 0.070040
v -0.106164 0.076964 0.068829
v -0.106378 0.077824 0.070040
v -0.106151 0.076988 0.068814
v -0.106151 0.076988 0.068814
v -0.106378 0.077824 0.070040
v -0.106364 0.077849 0.070024
v -0.106244 0.077130 0.069162
v -0.106404 0.077775 0.070070
v -0.106391 0.077800 0.070055
v -0.077646 0.076054 0.075692
v -0.106703 0.076054 0.070568
v -0.106705 0.075921 0.070568
v -0.106705 0.075921 0.070568
v -0.106703 0.076054 0.070568
v -0.106704 0.076010 0.070568
v -0.106705 0.075921 0.070568
v -0.106704 0.076010 0.070568
v -0.106704 0.075966 0.070568
v -0.077646 0.076054 0.075692
v -0.106705 0.075921 0.070568
v -0.077589 0.075500 0.075702
v -0.077589 0.075500 0.075702
v -0.106705 0.075921 0.070568
v -0.106705 0.037245 0.070568
v -0.077589 0.075500 0.075702
v -0.106705 0.037245 0.070568
v -0.078578 0.026690 0.075527
v -0.078578 0.026690 0.075527
v -0.106705 0.037245 0.070568
v -0.106704 0.037085 0.070568
v -0.106704 0.037085 0.070568
v -0.106705 0.037245 0.070568
v -0.106704 0.037138 0.070568
v -0.106704 0.037138 0.070568
v -0.106705 0.037245 0.070568
v -0.106705 0.037191 0.070568
v -0.078578 0.026690 0.075527
v -0.078236 0.026969 0.075588
v -0.077589 0.075500 0.075702
v -0.077589 0.075500 0.075702
v -0.078236 0.026969 0.075588
v -0.077949 0.027154 0.075638
v -0.077589 0.075500 0.075702
v -0.077949 0.027154 0.075638
v -0.077628 0.027268 0.075695
v -0.077628 0.027268 0.075695
v -0.077290 0.027307 0.075754
v -0.077589 0.075500 0.075702
v -0.077589 0.075500 0.075702
v -0.077290 0.027307 0.075754
v -0.077290 0.075500 0.075754
v -0.106705 0.075921 0.070568
v -0.106444 0.075921 0.069091
v -0.106705 0.037245 0.070568
v -0.106705 0.037245 0.070568
v -0.106444 0.075921 0.069091
v -0.106444 0.037245 0.069091
v -0.106444 0.075966 0.069091
v -0.106443 0.076010 0.069091
v -0.106444 0.075921 0.069091
v -0.106444 0.075921 0.069091
v -0.106443 0.076010 0.069091
v -0.106442 0.076054 0.069091
v -0.106444 0.075921 0.069091
v -0.106442 0.076054 0.069091
v -0.077386 0.076054 0.074214
v -0.077386 0.076054 0.074214
v -0.077329 0.075500 0.074224
v -0.106444 0.075921 0.069091
v -0.106444 0.075921 0.069091
v -0.077329 0.075500 0.074224
v -0.106444 0.037245 0.069091
v -0.106444 0.037245 0.069091
v -0.077329 0.075500 0.074224
v -0.078318 0.026690 0.074050
v -0.106444 0.037245 0.069091
v -0.078318 0.026690 0.074050
v -0.106443 0.037085 0.069091
v -0.077029 0.075500 0.074277
v -0.077029 0.027307 0.074277
v -0.077329 0.075500 0.074224
v -0.077329 0.075500 0.074224
v -0.077029 0.027307 0.074277
v -0.077367 0.027268 0.074218
v -0.077329 0.075500 0.074224
v -0.077367 0.027268 0.074218
v -0.077688 0.027154 0.074161
v -0.077688 0.027154 0.074161
v -0.077976 0.026969 0.074110
v -0.077329 0.075500 0.074224
v -0.077329 0.075500 0.074224
v -0.077976 0.026969 0.074110
v -0.078318 0.026690 0.074050
v -0.106443 0.037085 0.069091
v -0.106444 0.037138 0.069091
v -0.106444 0.037245 0.069091
v -0.106444 0.037245 0.069091
v -0.106444 0.037138 0.069091
v -0.106444 0.037191 0.069091
v -0.106419 0.076286 0.069076
v -0.100625 0.076357 0.070085
v -0.106442 0.076054 0.069091
v -0.106442 0.076054 0.069091
v -0.100625 0.076357 0.070085
v -0.094814 0.076357 0.071110
v -0.106442 0.076054 0.069091
v -0.094814 0.076357 0.071110
v -0.089003 0.076357 0.072134
v -0.089003 0.076357 0.072134
v -0.094814 0.076357 0.071110
v -0.088987 0.076648 0.072044
v -0.089003 0.076357 0.072134
v -0.088987 0.076648 0.072044
v -0.083176 0.076648 0.073069
v -0.083176 0.076648 0.073069
v -0.088987 0.076648 0.072044
v -0.077457 0.076914 0.073926
v -0.083176 0.076648 0.073069
v -0.077457 0.076914 0.073926
v -0.077448 0.076718 0.074046
v -0.106419 0.076286 0.069076
v -0.106369 0.076510 0.069031
v -0.100625 0.076357 0.070085
v -0.100625 0.076357 0.070085
v -0.106369 0.076510 0.069031
v -0.100610 0.076648 0.069995
v -0.100625 0.076357 0.070085
v -0.100610 0.076648 0.069995
v -0.094798 0.076648 0.071019
v -0.094798 0.076648 0.071019
v -0.100610 0.076648 0.069995
v -0.106292 0.076722 0.068957
v -0.094798 0.076648 0.071019
v -0.106292 0.076722 0.068957
v -0.077457 0.076914 0.073926
v -0.077457 0.076914 0.073926
v -0.106292 0.076722 0.068957
v -0.106191 0.076914 0.068860
v -0.106369 0.076510 0.069031
v -0.106292 0.076722 0.068957
v -0.100610 0.076648 0.069995
v -0.077448 0.076718 0.074046
v -0.077433 0.076505 0.074135
v -0.083176 0.076648 0.073069
v -0.083176 0.076648 0.073069
v -0.077433 0.076505 0.074135
v -0.083192 0.076357 0.073159
v -0.083176 0.076648 0.073069
v -0.083192 0.076357 0.073159
v -0.089003 0.076357 0.072134
v -0.089003 0.076357 0.072134
v -0.083192 0.076357 0.073159
v -0.077413 0.076282 0.074192
v -0.089003 0.076357 0.072134
v -0.077413 0.076282 0.074192
v -0.106442 0.076054 0.069091
v -0.106442 0.076054 0.069091
v -0.077413 0.076282 0.074192
v -0.077386 0.076054 0.074214
v -0.077433 0.076505 0.074135
v -0.077413 0.076282 0.074192
v -0.083192 0.076357 0.073159
v -0.088987 0.076648 0.072044
v -0.094814 0.076357 0.071110
v -0.094798 0.076648 0.071019
v -0.094798 0.076648 0.071019
v -0.094814 0.076357 0.071110
v -0.100625 0.076357 0.070085
v -0.077457 0.076914 0.073926
v -0.088987 0.076648 0.072044
v -0.094798 0.076648 0.071019
v -0.078878 0.089062 0.065039
v -0.079091 0.089923 0.066249
v -0.078300 0.088603 0.065467
v -0.078300 0.088603 0.065467
v -0.079091 0.089923 0.066249
v -0.078514 0.089463 0.066677
v -0.078300 0.088603 0.065467
v -0.078514 0.089463 0.066677
v -0.077867 0.088041 0.065943
v -0.077867 0.088041 0.065943
v -0.078514 0.089463 0.066677
v -0.078080 0.088902 0.067153
v -0.077867 0.088041 0.065943
v -0.078080 0.088902 0.067153
v -0.077598 0.087404 0.066443
v -0.077598 0.087404 0.066443
v -0.078080 0.088902 0.067153
v -0.077811 0.088265 0.067653
v -0.077598 0.087404 0.066443
v -0.077811 0.088265 0.067653
v -0.077504 0.086721 0.066946
v -0.077504 0.086721 0.066946
v -0.077811 0.088265 0.067653
v -0.077718 0.087581 0.068156
v -0.106378 0.077824 0.070040
v -0.106391 0.077800 0.070055
v -0.106364 0.077849 0.070024
v -0.106364 0.077849 0.070024
v -0.106391 0.077800 0.070055
v -0.106404 0.077775 0.070070
v -0.106364 0.077849 0.070024
v -0.106404 0.077775 0.070070
v -0.077671 0.077775 0.075136
v -0.077671 0.077775 0.075136
v -0.077718 0.087581 0.068156
v -0.106364 0.077849 0.070024
v -0.106364 0.077849 0.070024
v -0.077718 0.087581 0.068156
v -0.097625 0.093477 0.060454
v -0.097625 0.093477 0.060454
v -0.077718 0.087581 0.068156
v -0.079091 0.089923 0.066249
v -0.097625 0.093477 0.060454
v -0.079091 0.089923 0.066249
v -0.087255 0.095040 0.061170
v -0.077718 0.087581 0.068156
v -0.077811 0.088265 0.067653
v -0.079091 0.089923 0.066249
v -0.079091 0.089923 0.066249
v -0.077811 0.088265 0.067653
v -0.078080 0.088902 0.067153
v -0.079091 0.089923 0.066249
v -0.078080 0.088902 0.067153
v -0.078514 0.089463 0.066677
v -0.097625 0.093477 0.060454
v -0.087255 0.095040 0.061170
v -0.089443 0.095633 0.060363
v -0.089443 0.095633 0.060363
v -0.087255 0.095040 0.061170
v -0.087915 0.095365 0.060823
v -0.089443 0.095633 0.060363
v -0.087915 0.095365 0.060823
v -0.088654 0.095565 0.060551
v -0.089443 0.095633 0.060363
v -0.093661 0.095633 0.059620
v -0.097625 0.093477 0.060454
v -0.097625 0.093477 0.060454
v -0.093661 0.095633 0.059620
v -0.097203 0.094076 0.060102
v -0.097203 0.094076 0.060102
v -0.093661 0.095633 0.059620
v -0.096652 0.094605 0.059823
v -0.096652 0.094605 0.059823
v -0.093661 0.095633 0.059620
v -0.095993 0.095040 0.059630
v -0.095993 0.095040 0.059630
v -0.093661 0.095633 0.059620
v -0.095254 0.095365 0.059529
v -0.095254 0.095365 0.059529
v -0.093661 0.095633 0.059620
v -0.094466 0.095565 0.059526
v -0.078878 0.089062 0.065039
v -0.087042 0.094180 0.059960
v -0.079091 0.089923 0.066249
v -0.079091 0.089923 0.066249
v -0.087042 0.094180 0.059960
v -0.087255 0.095040 0.061170
v -0.089229 0.094772 0.059153
v -0.089443 0.095633 0.060363
v -0.088441 0.094705 0.059341
v -0.088441 0.094705 0.059341
v -0.089443 0.095633 0.060363
v -0.088654 0.095565 0.060551
v -0.088441 0.094705 0.059341
v -0.088654 0.095565 0.060551
v -0.087702 0.094504 0.059613
v -0.087702 0.094504 0.059613
v -0.088654 0.095565 0.060551
v -0.087915 0.095365 0.060823
v -0.087702 0.094504 0.059613
v -0.087915 0.095365 0.060823
v -0.087042 0.094180 0.059960
v -0.087042 0.094180 0.059960
v -0.087915 0.095365 0.060823
v -0.087255 0.095040 0.061170
v -0.097412 0.092616 0.059243
v -0.097625 0.093477 0.060454
v -0.096990 0.093216 0.058892
v -0.096990 0.093216 0.058892
v -0.097625 0.093477 0.060454
v -0.097203 0.094076 0.060102
v -0.096990 0.093216 0.058892
v -0.097203 0.094076 0.060102
v -0.096438 0.093744 0.058613
v -0.096438 0.093744 0.058613
v -0.097203 0.094076 0.060102
v -0.096652 0.094605 0.059823
v -0.096438 0.093744 0.058613
v -0.096652 0.094605 0.059823
v -0.095780 0.094180 0.058420
v -0.095780 0.094180 0.058420
v -0.096652 0.094605 0.059823
v -0.095993 0.095040 0.059630
v -0.095780 0.094180 0.058420
v -0.095993 0.095040 0.059630
v -0.095041 0.094504 0.058319
v -0.095041 0.094504 0.058319
v -0.095993 0.095040 0.059630
v -0.095254 0.095365 0.059529
v -0.095041 0.094504 0.058319
v -0.095254 0.095365 0.059529
v -0.094253 0.094705 0.058316
v -0.094253 0.094705 0.058316
v -0.095254 0.095365 0.059529
v -0.094466 0.095565 0.059526
v -0.094253 0.094705 0.058316
v -0.094466 0.095565 0.059526
v -0.093448 0.094772 0.058410
v -0.093448 0.094772 0.058410
v -0.094466 0.095565 0.059526
v -0.093661 0.095633 0.059620
v -0.106364 0.077849 0.070024
v -0.097625 0.093477 0.060454
v -0.106151 0.076988 0.068814
v -0.106151 0.076988 0.068814
v -0.097625 0.093477 0.060454
v -0.097412 0.092616 0.059243
v -0.064900 0.075500 0.074300
v -0.064900 0.075500 0.075800
v -0.064010 0.075400 0.074300
v -0.064010 0.075400 0.074300
v -0.064900 0.075500 0.075800
v -0.064010 0.075400 0.075800
v -0.064010 0.075400 0.074300
v -0.064010 0.075400 0.075800
v -0.063164 0.075104 0.074300
v -0.063164 0.075104 0.074300
v -0.064010 0.075400 0.075800
v -0.063164 0.075104 0.075800
v -0.063164 0.075104 0.074300
v -0.063164 0.075104 0.075800
v -0.062406 0.074627 0.074300
v -0.062406 0.074627 0.074300
v -0.063164 0.075104 0.075800
v -0.062406 0.074627 0.075800
v -0.062406 0.074627 0.074300
v -0.062406 0.074627 0.075800
v -0.061773 0.073994 0.074300
v -0.061773 0.073994 0.074300
v -0.062406 0.074627 0.075800
v -0.061773 0.073994 0.075800
v -0.061773 0.073994 0.074300
v -0.061773 0.073994 0.075800
v -0.061296 0.073236 0.074300
v -0.061296 0.073236 0.074300
v -0.061773 0.073994 0.075800
v -0.061296 0.073236 0.075800
v -0.061296 0.073236 0.074300
v -0.061296 0.073236 0.075800
v -0.061000 0.072390 0.074300
v -0.061000 0.072390 0.074300
v -0.061296 0.073236 0.075800
v -0.061000 0.072390 0.075800
v -0.061000 0.072390 0.074300
v -0.061000 0.072390 0.075800
v -0.060900 0.071500 0.074300
v -0.060900 0.071500 0.074300
v -0.061000 0.072390 0.075800
v -0.060900 0.071500 0.075800
v -0.064900 -0.075500 0.075800
v -0.067372 -0.070850 0.075800
v -0.076769 -0.075500 0.075800
v -0.076769 -0.075500 0.075800
v -0.067372 -0.070850 0.075800
v -0.067542 -0.070440 0.075800
v -0.076769 -0.075500 0.075800
v -0.067542 -0.070440 0.075800
v -0.067600 -0.070000 0.075800
v -0.064010 -0.075400 0.075800
v -0.064428 -0.070850 0.075800
v -0.064900 -0.075500 0.075800
v -0.064900 -0.075500 0.075800
v -0.064428 -0.070850 0.075800
v -0.064698 -0.071202 0.075800
v -0.064900 -0.075500 0.075800
v -0.064698 -0.071202 0.075800
v -0.065050 -0.071472 0.075800
v -0.063164 -0.075104 0.075800
v -0.064200 -0.070000 0.075800
v -0.064010 -0.075400 0.075800
v -0.064010 -0.075400 0.075800
v -0.064200 -0.070000 0.075800
v -0.064258 -0.070440 0.075800
v -0.064010 -0.075400 0.075800
v -0.064258 -0.070440 0.075800
v -0.064428 -0.070850 0.075800
v -0.063164 -0.075104 0.075800
v -0.062406 -0.074627 0.075800
v -0.064200 -0.070000 0.075800
v -0.064200 -0.070000 0.075800
v -0.062406 -0.074627 0.075800
v -0.064258 -0.069560 0.075800
v -0.064258 -0.069560 0.075800
v -0.062406 -0.074627 0.075800
v -0.061773 -0.073994 0.075800
v -0.064258 -0.069560 0.075800
v -0.061773 -0.073994 0.075800
v -0.060900 -0.071500 0.075800
v -0.060900 -0.071500 0.075800
v -0.061773 -0.073994 0.075800
v -0.061296 -0.073236 0.075800
v -0.060900 -0.071500 0.075800
v -0.061296 -0.073236 0.075800
v -0.061000 -0.072390 0.075800
v -0.064258 -0.069560 0.075800
v -0.060900 -0.071500 0.075800
v -0.064258 0.069560 0.075800
v -0.064258 0.069560 0.075800
v -0.060900 -0.071500 0.075800
v -0.060900 0.071500 0.075800
v -0.064258 0.069560 0.075800
v -0.060900 0.071500 0.075800
v -0.061773 0.073994 0.075800
v -0.061773 0.073994 0.075800
v -0.060900 0.071500 0.075800
v -0.061296 0.073236 0.075800
v -0.061296 0.073236 0.075800
v -0.060900 0.071500 0.075800
v -0.061000 0.072390 0.075800
v -0.061773 0.073994 0.075800
v -0.062406 0.074627 0.075800
v -0.064258 0.069560 0.075800
v -0.064258 0.069560 0.075800
v -0.062406 0.074627 0.075800
v -0.064200 0.070000 0.075800
v -0.064200 0.070000 0.075800
v -0.062406 0.074627 0.075800
v -0.063164 0.075104 0.075800
v -0.064200 0.070000 0.075800
v -0.063164 0.075104 0.075800
v -0.064010 0.075400 0.075800
v -0.064900 0.075500 0.075800
v -0.064428 0.070850 0.075800
v -0.064010 0.075400 0.075800
v -0.064010 0.075400 0.075800
v -0.064428 0.070850 0.075800
v -0.064258 0.070440 0.075800
v -0.064010 0.075400 0.075800
v -0.064258 0.070440 0.075800
v -0.064200 0.070000 0.075800
v -0.076769 0.075500 0.075800
v -0.067372 0.070850 0.075800
v -0.064900 0.075500 0.075800
v -0.064900 0.075500 0.075800
v -0.067372 0.070850 0.075800
v -0.067102 0.071202 0.075800
v -0.064900 0.075500 0.075800
v -0.067102 0.071202 0.075800
v -0.066750 0.071472 0.075800
v -0.076769 0.027271 0.075800
v -0.076424 0.027152 0.075800
v -0.076769 0.075500 0.075800
v -0.076769 0.075500 0.075800
v -0.076424 0.027152 0.075800
v -0.076118 0.026954 0.075800
v -0.076769 0.075500 0.075800
v -0.076118 0.026954 0.075800
v -0.075867 0.026690 0.075800
v -0.075867 0.026690 0.075800
v -0.075685 0.026374 0.075800
v -0.076769 0.075500 0.075800
v -0.076769 0.075500 0.075800
v -0.075685 0.026374 0.075800
v -0.075583 0.026024 0.075800
v -0.076769 0.075500 0.075800
v -0.075583 0.026024 0.075800
v -0.067600 0.070000 0.075800
v -0.067600 0.070000 0.075800
v -0.075583 0.026024 0.075800
v -0.075566 0.025660 0.075800
v -0.067600 0.070000 0.075800
v -0.075566 0.025660 0.075800
v -0.067542 0.069560 0.075800
v -0.067542 0.069560 0.075800
v -0.075566 0.025660 0.075800
v -0.067372 0.069150 0.075800
v -0.067372 0.069150 0.075800
v -0.075566 0.025660 0.075800
v -0.075566 -0.025660 0.075800
v -0.067372 0.069150 0.075800
v -0.075566 -0.025660 0.075800
v -0.067372 -0.069150 0.075800
v -0.067372 -0.069150 0.075800
v -0.075566 -0.025660 0.075800
v -0.067542 -0.069560 0.075800
v -0.067542 -0.069560 0.075800
v -0.075566 -0.025660 0.075800
v -0.067600 -0.070000 0.075800
v -0.067600 -0.070000 0.075800
v -0.075566 -0.025660 0.075800
v -0.075583 -0.026024 0.075800
v -0.067600 -0.070000 0.075800
v -0.075583 -0.026024 0.075800
v -0.076769 -0.075500 0.075800
v -0.076769 -0.075500 0.075800
v -0.075583 -0.026024 0.075800
v -0.075685 -0.026374 0.075800
v -0.076769 -0.075500 0.075800
v -0.075685 -0.026374 0.075800
v -0.075867 -0.026690 0.075800
v -0.075566 -0.025660 0.075800
v -0.075566 0.025660 0.075800
v -0.075636 -0.025302 0.075800
v -0.075636 -0.025302 0.075800
v -0.075566 0.025660 0.075800
v -0.075636 0.025302 0.075800
v -0.075636 -0.025302 0.075800
v -0.075636 0.025302 0.075800
v -0.075788 0.024971 0.075800
v -0.075636 -0.025302 0.075800
v -0.075788 0.024971 0.075800
v -0.075788 -0.024971 0.075800
v -0.075788 -0.024971 0.075800
v -0.075788 0.024971 0.075800
v -0.076014 0.024685 0.075800
v -0.075788 -0.024971 0.075800
v -0.076014 0.024685 0.075800
v -0.076014 -0.024685 0.075800
v -0.076014 -0.024685 0.075800
v -0.076014 0.024685 0.075800
v -0.076301 0.024460 0.075800
v -0.076014 -0.024685 0.075800
v -0.076301 0.024460 0.075800
v -0.076301 -0.024460 0.075800
v -0.076301 -0.024460 0.075800
v -0.076301 0.024460 0.075800
v -0.076354 0.024428 0.075800
v -0.076301 -0.024460 0.075800
v -0.076354 0.024428 0.075800
v -0.076354 -0.024428 0.075800
v -0.075867 -0.026690 0.075800
v -0.076118 -0.026954 0.075800
v -0.076769 -0.075500 0.075800
v -0.076769 -0.075500 0.075800
v -0.076118 -0.026954 0.075800
v -0.076424 -0.027152 0.075800
v -0.076769 -0.075500 0.075800
v -0.076424 -0.027152 0.075800
v -0.076769 -0.027271 0.075800
v -0.065050 -0.071472 0.075800
v -0.065460 -0.071642 0.075800
v -0.064900 -0.075500 0.075800
v -0.064900 -0.075500 0.075800
v -0.065460 -0.071642 0.075800
v -0.065900 -0.071700 0.075800
v -0.064900 -0.075500 0.075800
v -0.065900 -0.071700 0.075800
v -0.066340 -0.071642 0.075800
v -0.066340 -0.071642 0.075800
v -0.066750 -0.071472 0.075800
v -0.064900 -0.075500 0.075800
v -0.064900 -0.075500 0.075800
v -0.066750 -0.071472 0.075800
v -0.067102 -0.071202 0.075800
v -0.064900 -0.075500 0.075800
v -0.067102 -0.071202 0.075800
v -0.067372 -0.070850 0.075800
v -0.067372 0.069150 0.075800
v -0.067372 -0.069150 0.075800
v -0.067102 0.068798 0.075800
v -0.067102 0.068798 0.075800
v -0.067372 -0.069150 0.075800
v -0.067102 -0.068798 0.075800
v -0.067102 0.068798 0.075800
v -0.067102 -0.068798 0.075800
v -0.066750 0.068528 0.075800
v -0.066750 0.068528 0.075800
v -0.067102 -0.068798 0.075800
v -0.066750 -0.068528 0.075800
v -0.066750 0.068528 0.075800
v -0.066750 -0.068528 0.075800
v -0.066340 0.068358 0.075800
v -0.066340 0.068358 0.075800
v -0.066750 -0.068528 0.075800
v -0.066340 -0.068358 0.075800
v -0.066340 0.068358 0.075800
v -0.066340 -0.068358 0.075800
v -0.065900 0.068300 0.075800
v -0.065900 0.068300 0.075800
v -0.066340 -0.068358 0.075800
v -0.065900 -0.068300 0.075800
v -0.065900 0.068300 0.075800
v -0.065900 -0.068300 0.075800
v -0.065460 -0.068358 0.075800
v -0.065900 0.068300 0.075800
v -0.065460 -0.068358 0.075800
v -0.065460 0.068358 0.075800
v -0.065460 0.068358 0.075800
v -0.065460 -0.068358 0.075800
v -0.065050 -0.068528 0.075800
v -0.065460 0.068358 0.075800
v -0.065050 -0.068528 0.075800
v -0.065050 0.068528 0.075800
v -0.065050 0.068528 0.075800
v -0.065050 -0.068528 0.075800
v -0.064698 0.068798 0.075800
v -0.064698 0.068798 0.075800
v -0.065050 -0.068528 0.075800
v -0.064698 -0.068798 0.075800
v -0.064698 0.068798 0.075800
v -0.064698 -0.068798 0.075800
v -0.064428 0.069150 0.075800
v -0.064428 0.069150 0.075800
v -0.064698 -0.068798 0.075800
v -0.064428 -0.069150 0.075800
v -0.064428 0.069150 0.075800
v -0.064428 -0.069150 0.075800
v -0.064258 0.069560 0.075800
v -0.064258 0.069560 0.075800
v -0.064428 -0.069150 0.075800
v -0.064258 -0.069560 0.075800
v -0.067600 0.070000 0.075800
v -0.067542 0.070440 0.075800
v -0.076769 0.075500 0.075800
v -0.076769 0.075500 0.075800
v -0.067542 0.070440 0.075800
v -0.067372 0.070850 0.075800
v -0.066750 0.071472 0.075800
v -0.066340 0.071642 0.075800
v -0.064900 0.075500 0.075800
v -0.064900 0.075500 0.075800
v -0.066340 0.071642 0.075800
v -0.065900 0.071700 0.075800
v -0.064900 0.075500 0.075800
v -0.065900 0.071700 0.075800
v -0.065460 0.071642 0.075800
v -0.065460 0.071642 0.075800
v -0.065050 0.071472 0.075800
v -0.064900 0.075500 0.075800
v -0.064900 0.075500 0.075800
v -0.065050 0.071472 0.075800
v -0.064698 0.071202 0.075800
v -0.064900 0.075500 0.075800
v -0.064698 0.071202 0.075800
v -0.064428 0.070850 0.075800
v -0.077029 0.075500 0.074277
v -0.077329 0.075500 0.074224
v -0.077290 0.075500 0.075754
v -0.077290 0.075500 0.075754
v -0.077329 0.075500 0.074224
v -0.077589 0.075500 0.075702
v -0.099782 0.017827 0.060922
v -0.100260 0.017122 0.062157
v -0.100591 0.018216 0.060831
v -0.100591 0.018216 0.060831
v -0.100260 0.017122 0.062157
v -0.101069 0.017511 0.062066
v -0.100591 0.018216 0.060831
v -0.101069 0.017511 0.062066
v -0.101318 0.018752 0.060856
v -0.101318 0.018752 0.060856
v -0.101069 0.017511 0.062066
v -0.101796 0.018047 0.062091
v -0.101318 0.018752 0.060856
v -0.101796 0.018047 0.062091
v -0.101924 0.019406 0.060995
v -0.101924 0.019406 0.060995
v -0.101796 0.018047 0.062091
v -0.102402 0.018702 0.062229
v -0.101924 0.019406 0.060995
v -0.102402 0.018702 0.062229
v -0.102379 0.020146 0.061240
v -0.102379 0.020146 0.061240
v -0.102402 0.018702 0.062229
v -0.102857 0.019441 0.062475
v -0.102379 0.020146 0.061240
v -0.102857 0.019441 0.062475
v -0.102661 0.020933 0.061581
v -0.102661 0.020933 0.061581
v -0.102857 0.019441 0.062475
v -0.103139 0.020229 0.062816
v -0.103139 0.020229 0.062816
v -0.106732 0.035413 0.070091
v -0.102661 0.020933 0.061581
v -0.102661 0.020933 0.061581
v -0.106732 0.035413 0.070091
v -0.106254 0.036118 0.068856
v -0.093920 0.014837 0.063308
v -0.093442 0.014831 0.063490
v -0.094403 0.014957 0.063190
v -0.094403 0.014957 0.063190
v -0.093442 0.014831 0.063490
v -0.093000 0.014939 0.063723
v -0.094403 0.014957 0.063190
v -0.093000 0.014939 0.063723
v -0.092623 0.015155 0.063992
v -0.079565 0.025484 0.074945
v -0.103139 0.020229 0.062816
v -0.092623 0.015155 0.063992
v -0.092623 0.015155 0.063992
v -0.103139 0.020229 0.062816
v -0.100260 0.017122 0.062157
v -0.092623 0.015155 0.063992
v -0.100260 0.017122 0.062157
v -0.094403 0.014957 0.063190
v -0.106760 0.035535 0.070150
v -0.106751 0.035495 0.070130
v -0.079565 0.025484 0.074945
v -0.079565 0.025484 0.074945
v -0.106751 0.035495 0.070130
v -0.106742 0.035454 0.070111
v -0.079565 0.025484 0.074945
v -0.106742 0.035454 0.070111
v -0.106732 0.035413 0.070091
v -0.106732 0.035413 0.070091
v -0.103139 0.020229 0.062816
v -0.079565 0.025484 0.074945
v -0.103139 0.020229 0.062816
v -0.102857 0.019441 0.062475
v -0.100260 0.017122 0.062157
v -0.100260 0.017122 0.062157
v -0.102857 0.019441 0.062475
v -0.102402 0.018702 0.062229
v -0.100260 0.017122 0.062157
v -0.102402 0.018702 0.062229
v -0.101796 0.018047 0.062091
v -0.101796 0.018047 0.062091
v -0.101069 0.017511 0.062066
v -0.100260 0.017122 0.062157
v -0.106760 0.035535 0.070150
v -0.106402 0.036064 0.069224
v -0.106751 0.035495 0.070130
v -0.106751 0.035495 0.070130
v -0.106402 0.036064 0.069224
v -0.106273 0.036199 0.068895
v -0.106751 0.035495 0.070130
v -0.106273 0.036199 0.068895
v -0.106742 0.035454 0.070111
v -0.106742 0.035454 0.070111
v -0.106273 0.036199 0.068895
v -0.106263 0.036159 0.068876
v -0.106742 0.035454 0.070111
v -0.106263 0.036159 0.068876
v -0.106732 0.035413 0.070091
v -0.106732 0.035413 0.070091
v -0.106263 0.036159 0.068876
v -0.106254 0.036118 0.068856
v -0.106402 0.036064 0.069224
v -0.106282 0.036240 0.068915
v -0.106273 0.036199 0.068895
v -0.106385 0.036651 0.069048
v -0.099534 0.034120 0.070256
v -0.106282 0.036240 0.068915
v -0.106282 0.036240 0.068915
v -0.099534 0.034120 0.070256
v -0.092503 0.031522 0.071497
v -0.106282 0.036240 0.068915
v -0.092503 0.031522 0.071497
v -0.079087 0.026189 0.073710
v -0.079087 0.026189 0.073710
v -0.092503 0.031522 0.071497
v -0.085471 0.028924 0.072737
v -0.079087 0.026189 0.073710
v -0.085471 0.028924 0.072737
v -0.078715 0.026427 0.073928
v -0.078715 0.026427 0.073928
v -0.085471 0.028924 0.072737
v -0.078318 0.026690 0.074050
v -0.078318 0.026690 0.074050
v -0.085471 0.028924 0.072737
v -0.092503 0.031522 0.071497
v -0.078318 0.026690 0.074050
v -0.092503 0.031522 0.071497
v -0.106443 0.037085 0.069091
v -0.106443 0.037085 0.069091
v -0.092503 0.031522 0.071497
v -0.099534 0.034120 0.070256
v -0.106443 0.037085 0.069091
v -0.099534 0.034120 0.070256
v -0.106385 0.036651 0.069048
v -0.091107 0.011585 0.062379
v -0.091107 -0.011585 0.062379
v -0.092071 0.011585 0.063528
v -0.092071 0.011585 0.063528
v -0.091107 -0.011585 0.062379
v -0.092071 -0.011585 0.063528
v -0.094403 0.014957 0.063190
v -0.100260 0.017122 0.062157
v -0.093924 0.015662 0.061955
v -0.093924 0.015662 0.061955
v -0.100260 0.017122 0.062157
v -0.099782 0.017827 0.060922
v -0.077029 0.027307 0.074277
v -0.077094 0.027307 0.074647
v -0.077367 0.027268 0.074218
v -0.077367 0.027268 0.074218
v -0.077094 0.027307 0.074647
v -0.077159 0.027307 0.075016
v -0.077367 0.027268 0.074218
v -0.077159 0.027307 0.075016
v -0.077628 0.027268 0.075695
v -0.077628 0.027268 0.075695
v -0.077159 0.027307 0.075016
v -0.077290 0.027307 0.075754
v -0.077367 0.027268 0.074218
v -0.077628 0.027268 0.075695
v -0.077688 0.027154 0.074161
v -0.077688 0.027154 0.074161
v -0.077628 0.027268 0.075695
v -0.077949 0.027154 0.075638
v -0.077688 0.027154 0.074161
v -0.077949 0.027154 0.075638
v -0.077976 0.026969 0.074110
v -0.077976 0.026969 0.074110
v -0.077949 0.027154 0.075638
v -0.078236 0.026969 0.075588
v -0.077646 0.076054 0.075692
v -0.077589 0.075500 0.075702
v -0.077451 0.076054 0.074584
v -0.077451 0.076054 0.074584
v -0.077589 0.075500 0.075702
v -0.077329 0.075500 0.074224
v -0.077451 0.076054 0.074584
v -0.077329 0.075500 0.074224
v -0.077386 0.076054 0.074214
v -0.089229 0.094772 0.059153
v -0.093448 0.094772 0.058410
v -0.089443 0.095633 0.060363
v -0.089443 0.095633 0.060363
v -0.093448 0.094772 0.058410
v -0.093661 0.095633 0.059620
v -0.091640 0.012976 0.063890
v -0.092071 0.011585 0.063528
v -0.091334 0.013295 0.064147
v -0.091334 0.013295 0.064147
v -0.092071 0.011585 0.063528
v -0.092071 -0.011585 0.063528
v -0.091334 0.013295 0.064147
v -0.092071 -0.011585 0.063528
v -0.091334 -0.013295 0.064147
v -0.091334 -0.013295 0.064147
v -0.092071 -0.011585 0.063528
v -0.091640 -0.012976 0.063890
v -0.091640 -0.012976 0.063890
v -0.092071 -0.011585 0.063528
v -0.091874 -0.012566 0.063693
v -0.091874 -0.012566 0.063693
v -0.092071 -0.011585 0.063528
v -0.092021 -0.012092 0.063570
v -0.091640 0.012976 0.063890
v -0.091874 0.012566 0.063693
v -0.092071 0.011585 0.063528
v -0.092071 0.011585 0.063528
v -0.091874 0.012566 0.063693
v -0.092021 0.012092 0.063570
v -0.091334 -0.013295 0.064147
v -0.078282 -0.023634 0.075098
v -0.091334 0.013295 0.064147
v -0.091334 0.013295 0.064147
v -0.078282 -0.023634 0.075098
v -0.078282 0.023634 0.075098
v -0.106768 0.036283 0.070451
v -0.092886 0.031155 0.072900
v -0.106704 0.037085 0.070568
v -0.106704 0.037085 0.070568
v -0.092886 0.031155 0.072900
v -0.079098 0.026063 0.075332
v -0.106704 0.037085 0.070568
v -0.079098 0.026063 0.075332
v -0.078578 0.026690 0.075527
v -0.106760 0.035535 0.070150
v -0.079565 0.025484 0.074945
v -0.106768 0.036283 0.070451
v -0.106768 0.036283 0.070451
v -0.079565 0.025484 0.074945
v -0.092886 0.031155 0.072900
v -0.079565 0.025484 0.074945
v -0.079098 0.026063 0.075332
v -0.092886 0.031155 0.072900
v -0.060900 0.071500 0.074300
v -0.060900 0.071500 0.075800
v -0.060900 -0.071500 0.074300
v -0.060900 -0.071500 0.074300
v -0.060900 0.071500 0.075800
v -0.060900 -0.071500 0.075800
v -0.106525 0.077390 0.070280
v -0.096975 0.077242 0.072034
v -0.106404 0.077775 0.070070
v -0.106404 0.077775 0.070070
v -0.096975 0.077242 0.072034
v -0.087289 0.077242 0.073742
v -0.106404 0.077775 0.070070
v -0.087289 0.077242 0.073742
v -0.077682 0.077381 0.075371
v -0.077682 0.077381 0.075371
v -0.087289 0.077242 0.073742
v -0.077682 0.076956 0.075544
v -0.077682 0.076956 0.075544
v -0.087289 0.077242 0.073742
v -0.087321 0.076661 0.073923
v -0.077682 0.076956 0.075544
v -0.087321 0.076661 0.073923
v -0.077670 0.076510 0.075652
v -0.077670 0.076510 0.075652
v -0.087321 0.076661 0.073923
v -0.077646 0.076054 0.075692
v -0.077646 0.076054 0.075692
v -0.087321 0.076661 0.073923
v -0.097006 0.076661 0.072215
v -0.077646 0.076054 0.075692
v -0.097006 0.076661 0.072215
v -0.106676 0.076518 0.070535
v -0.106676 0.076518 0.070535
v -0.097006 0.076661 0.072215
v -0.106617 0.076967 0.070437
v -0.106617 0.076967 0.070437
v -0.097006 0.076661 0.072215
v -0.096975 0.077242 0.072034
v -0.106617 0.076967 0.070437
v -0.096975 0.077242 0.072034
v -0.106525 0.077390 0.070280
v -0.106676 0.076518 0.070535
v -0.106703 0.076054 0.070568
v -0.077646 0.076054 0.075692
v -0.077682 0.077381 0.075371
v -0.077671 0.077775 0.075136
v -0.106404 0.077775 0.070070
v -0.087321 0.076661 0.073923
v -0.087289 0.077242 0.073742
v -0.096975 0.077242 0.072034
v -0.097006 0.076661 0.072215
v -0.087321 0.076661 0.073923
v -0.096975 0.077242 0.072034
v -0.077457 0.076914 0.073926
v -0.106191 0.076914 0.068860
v -0.106151 0.076988 0.068814
v -0.106151 0.076988 0.068814
v -0.106191 0.076914 0.068860
v -0.106178 0.076939 0.068845
v -0.106151 0.076988 0.068814
v -0.106178 0.076939 0.068845
v -0.106164 0.076964 0.068829
v -0.077457 0.076914 0.073926
v -0.106151 0.076988 0.068814
v -0.077504 0.086721 0.066946
v -0.077504 0.086721 0.066946
v -0.106151 0.076988 0.068814
v -0.097412 0.092616 0.059243
v -0.077504 0.086721 0.066946
v -0.097412 0.092616 0.059243
v -0.078878 0.089062 0.065039
v -0.078878 0.089062 0.065039
v -0.097412 0.092616 0.059243
v -0.087042 0.094180 0.059960
v -0.087042 0.094180 0.059960
v -0.097412 0.092616 0.059243
v -0.089229 0.094772 0.059153
v -0.087042 0.094180 0.059960
v -0.089229 0.094772 0.059153
v -0.087702 0.094504 0.059613
v -0.087702 0.094504 0.059613
v -0.089229 0.094772 0.059153
v -0.088441 0.094705 0.059341
v -0.089229 0.094772 0.059153
v -0.097412 0.092616 0.059243
v -0.093448 0.094772 0.058410
v -0.093448 0.094772 0.058410
v -0.097412 0.092616 0.059243
v -0.096990 0.093216 0.058892
v -0.093448 0.094772 0.058410
v -0.096990 0.093216 0.058892
v -0.096438 0.093744 0.058613
v -0.096438 0.093744 0.058613
v -0.095780 0.094180 0.058420
v -0.093448 0.094772 0.058410
v -0.093448 0.094772 0.058410
v -0.095780 0.094180 0.058420
v -0.095041 0.094504 0.058319
v -0.093448 0.094772 0.058410
v -0.095041 0.094504 0.058319
v -0.094253 0.094705 0.058316
v -0.078300 0.088603 0.065467
v -0.077867 0.088041 0.065943
v -0.078878 0.089062 0.065039
v -0.078878 0.089062 0.065039
v -0.077867 0.088041 0.065943
v -0.077598 0.087404 0.066443
v -0.078878 0.089062 0.065039
v -0.077598 0.087404 0.066443
v -0.077504 0.086721 0.066946
v -0.076769 0.027271 0.075800
v -0.076943 0.075500 0.075795
v -0.077290 0.027307 0.075754
v -0.077290 0.027307 0.075754
v -0.076943 0.075500 0.075795
v -0.077117 0.075500 0.075780
v -0.077290 0.027307 0.075754
v -0.077117 0.075500 0.075780
v -0.077290 0.075500 0.075754
v -0.076769 0.027271 0.075800
v -0.076769 0.075500 0.075800
v -0.076943 0.075500 0.075795
v -0.076769 0.075500 0.074300
v -0.076769 0.027271 0.074300
v -0.076856 0.075500 0.074297
v -0.076856 0.075500 0.074297
v -0.076769 0.027271 0.074300
v -0.076899 0.027298 0.074294
v -0.076856 0.075500 0.074297
v -0.076899 0.027298 0.074294
v -0.076943 0.075500 0.074290
v -0.076943 0.075500 0.074290
v -0.076899 0.027298 0.074294
v -0.077029 0.027307 0.074277
v -0.076943 0.075500 0.074290
v -0.077029 0.027307 0.074277
v -0.077029 0.075500 0.074277
v -0.064258 0.070440 0.075800
v -0.064258 0.070440 0.074300
v -0.064200 0.070000 0.075800
v -0.064200 0.070000 0.075800
v -0.064258 0.070440 0.074300
v -0.064200 0.070000 0.074300
v -0.064200 0.070000 0.075800
v -0.064200 0.070000 0.074300
v -0.064258 0.069560 0.075800
v -0.064258 0.069560 0.075800
v -0.064200 0.070000 0.074300
v -0.064258 0.069560 0.074300
v -0.064258 0.069560 0.075800
v -0.064258 0.069560 0.074300
v -0.064428 0.069150 0.075800
v -0.064428 0.069150 0.075800
v -0.064258 0.069560 0.074300
v -0.064428 0.069150 0.074300
v -0.064428 0.069150 0.075800
v -0.064428 0.069150 0.074300
v -0.064698 0.068798 0.075800
v -0.064698 0.068798 0.075800
v -0.064428 0.069150 0.074300
v -0.064698 0.068798 0.074300
v -0.064698 0.068798 0.075800
v -0.064698 0.068798 0.074300
v -0.065050 0.068528 0.075800
v -0.065050 0.068528 0.075800
v -0.064698 0.068798 0.074300
v -0.065050 0.068528 0.074300
v -0.065050 0.068528 0.075800
v -0.065050 0.068528 0.074300
v -0.065460 0.068358 0.075800
v -0.065460 0.068358 0.075800
v -0.065050 0.068528 0.074300
v -0.065460 0.068358 0.074300
v -0.065460 0.068358 0.075800
v -0.065460 0.068358 0.074300
v -0.065900 0.068300 0.075800
v -0.065900 0.068300 0.075800
v -0.065460 0.068358 0.074300
v -0.065900 0.068300 0.074300
v -0.065900 0.068300 0.075800
v -0.065900 0.068300 0.074300
v -0.066340 0.068358 0.075800
v -0.066340 0.068358 0.075800
v -0.065900 0.068300 0.074300
v -0.066340 0.068358 0.074300
v -0.066340 0.068358 0.075800
v -0.066340 0.068358 0.074300
v -0.066750 0.068528 0.075800
v -0.066750 0.068528 0.075800
v -0.066340 0.068358 0.074300
v -0.066750 0.068528 0.074300
v -0.066750 0.068528 0.075800
v -0.066750 0.068528 0.074300
v -0.067102 0.068798 0.075800
v -0.067102 0.068798 0.075800
v -0.066750 0.068528 0.074300
v -0.067102 0.068798 0.074300
v -0.067102 0.068798 0.075800
v -0.067102 0.068798 0.074300
v -0.067372 0.069150 0.075800
v -0.067372 0.069150 0.075800
v -0.067102 0.068798 0.074300
v -0.067372 0.069150 0.074300
v -0.067372 0.069150 0.075800
v -0.067372 0.069150 0.074300
v -0.067542 0.069560 0.075800
v -0.067542 0.069560 0.075800
v -0.067372 0.069150 0.074300
v -0.067542 0.069560 0.074300
v -0.067542 0.069560 0.075800
v -0.067542 0.069560 0.074300
v -0.067600 0.070000 0.075800
v -0.067600 0.070000 0.075800
v -0.067542 0.069560 0.074300
v -0.067600 0.070000 0.074300
v -0.067600 0.070000 0.075800
v -0.067600 0.070000 0.074300
v -0.067542 0.070440 0.075800
v -0.067542 0.070440 0.075800
v -0.067600 0.070000 0.074300
v -0.067542 0.070440 0.074300
v -0.067542 0.070440 0.075800
v -0.067542 0.070440 0.074300
v -0.067372 0.070850 0.075800
v -0.067372 0.070850 0.075800
v -0.067542 0.070440 0.074300
v -0.067372 0.070850 0.074300
v -0.067372 0.070850 0.075800
v -0.067372 0.070850 0.074300
v -0.067102 0.071202 0.075800
v -0.067102 0.071202 0.075800
v -0.067372 0.070850 0.074300
v -0.067102 0.071202 0.074300
v -0.067102 0.071202 0.075800
v -0.067102 0.071202 0.074300
v -0.066750 0.071472 0.075800
v -0.066750 0.071472 0.075800
v -0.067102 0.071202 0.074300
v -0.066750 0.071472 0.074300
v -0.066750 0.071472 0.075800
v -0.066750 0.071472 0.074300
v -0.066340 0.071642 0.075800
v -0.066340 0.071642 0.075800
v -0.066750 0.071472 0.074300
v -0.066340 0.071642 0.074300
v -0.066340 0.071642 0.075800
v -0.066340 0.071642 0.074300
v -0.065900 0.071700 0.075800
v -0.065900 0.071700 0.075800
v -0.066340 0.071642 0.074300
v -0.065900 0.071700 0.074300
v -0.065900 0.071700 0.075800
v -0.065900 0.071700 0.074300
v -0.065460 0.071642 0.075800
v -0.065460 0.071642 0.075800
v -0.065900 0.071700 0.074300
v -0.065460 0.071642 0.074300
v -0.065460 0.071642 0.075800
v -0.065460 0.071642 0.074300
v -0.065050 0.071472 0.075800
v -0.065050 0.071472 0.075800
v -0.065460 0.071642 0.074300
v -0.065050 0.071472 0.074300
v -0.065050 0.071472 0.075800
v -0.065050 0.071472 0.074300
v -0.064698 0.071202 0.075800
v -0.064698 0.071202 0.075800
v -0.065050 0.071472 0.074300
v -0.064698 0.071202 0.074300
v -0.064698 0.071202 0.075800
v -0.064698 0.071202 0.074300
v -0.064428 0.070850 0.075800
v -0.064428 0.070850 0.075800
v -0.064698 0.071202 0.074300
v -0.064428 0.070850 0.074300
v -0.064428 0.070850 0.075800
v -0.064428 0.070850 0.074300
v -0.064258 0.070440 0.075800
v -0.064258 0.070440 0.075800
v -0.064428 0.070850 0.074300
v -0.064258 0.070440 0.074300
vn -0.0000 -0.0000 -1.0000
vn 0.0001 -0.0000 -1.0000
vn -0.0002 -0.0000 -1.0000
vn -0.0001 -0.0000 -1.0000
vn -0.0618 -0.0000 -0.9981
vn -0.1028 -0.0000 -0.9947
vn -0.0003 -0.0000 -1.0000
vn -0.0146 -0.0000 -0.9999
vn -0.0004 -0.0000 -1.0000
vn -0.0617 -0.9980 0.0109
vn -0.0304 -0.9995 0.0065
vn 0.1150 -0.9933 -0.0083
vn 0.0853 -0.9963 -0.0102
vn 0.2517 -0.9678 -0.0028
vn 0.2928 -0.9562 -0.0000
vn 0.1545 -0.9879 -0.0099
vn 0.1546 -0.9879 -0.0099
vn 0.0854 -0.9963 -0.0102
vn 0.0047 -1.0000 -0.0038
vn 0.0046 -1.0000 -0.0038
vn -0.0800 -0.9967 0.0141
vn 0.2944 -0.9557 -0.0000
vn 0.1150 -0.9933 -0.0084
vn -0.0000 1.0000 -0.0000
vn -0.0079 1.0000 -0.0000
vn 0.2945 -0.9557 -0.0000
vn 0.4491 -0.8935 -0.0000
vn 0.2927 -0.9562 -0.0000
vn 0.4210 -0.9071 -0.0000
vn 0.6065 -0.7951 -0.0000
vn 0.6679 -0.7443 -0.0000
vn 0.7769 -0.6296 -0.0000
vn 0.8246 -0.5658 -0.0000
vn 0.9035 -0.4286 -0.0000
vn 0.8246 -0.5657 -0.0000
vn 0.9347 -0.3553 -0.0000
vn 0.9791 -0.2035 -0.0000
vn 0.9922 -0.1248 -0.0000
vn 0.9922 -0.1249 -0.0000
vn 0.9791 -0.2034 -0.0000
vn 0.9994 0.0332 -0.0000
vn 0.9936 0.1127 -0.0000
vn 0.9936 0.1126 -0.0000
vn 0.9634 0.2680 -0.0000
vn 0.9390 0.3438 -0.0000
vn 0.8731 0.4876 -0.0000
vn 0.8315 0.5556 -0.0000
vn 0.7058 0.7084 -0.0000
vn 0.6075 0.7943 -0.0000
vn 0.7057 0.7085 -0.0000
vn 0.5948 0.8039 -0.0000
vn -0.5836 -0.8078 -0.0835
vn -0.6833 -0.7161 -0.1429
vn -0.6302 -0.7693 -0.1052
vn -0.6833 -0.7160 -0.1428
vn -0.6851 -0.7145 -0.1423
vn -0.6851 -0.7144 -0.1423
vn -0.6654 -0.7434 -0.0675
vn -0.6851 -0.7145 -0.1422
vn -0.6824 -0.7288 -0.0568
vn -0.6655 -0.7434 -0.0675
vn -0.6547 -0.7555 -0.0259
vn -0.6547 -0.7554 -0.0259
vn -0.6662 -0.7456 -0.0169
vn -0.6476 -0.7567 0.0895
vn -0.7192 -0.6918 0.0646
vn -0.6948 -0.7115 0.1048
vn -0.7642 -0.6446 0.0223
vn -0.7192 -0.6918 0.0645
vn -0.7649 -0.6441 0.0006
vn -0.6877 -0.7125 -0.1392
vn -0.7650 -0.6441 0.0006
vn -0.7346 -0.6765 -0.0520
vn -0.6851 -0.7144 -0.1422
vn -0.5892 -0.8048 0.0720
vn -0.5957 -0.8031 0.0168
vn -0.6408 -0.7670 -0.0330
vn -0.6408 -0.7670 -0.0329
vn -0.5835 -0.8078 -0.0835
vn 0.9673 0.0805 -0.2406
vn 0.9510 0.0688 -0.3014
vn 0.9533 0.0229 -0.3012
vn 0.9362 0.0202 -0.3510
vn 0.9330 -0.0760 -0.3517
vn 0.9589 -0.0557 -0.2781
vn 0.9672 0.0082 -0.2540
vn 0.9772 0.0668 -0.2016
vn 0.9790 0.0758 -0.1892
vn 0.9784 -0.0117 -0.2064
vn 0.9772 0.0667 -0.2015
vn 0.9784 -0.0118 -0.2064
vn 0.9795 -0.1040 -0.1727
vn -0.5827 -0.8062 0.1027
vn -0.5749 -0.8119 0.1014
vn 0.9848 -0.0076 -0.1736
vn 0.9848 -0.0075 -0.1736
vn 0.9848 -0.0066 -0.1736
vn 0.9848 -0.0067 -0.1736
vn 0.9848 -0.0041 -0.1736
vn 0.9848 -0.0042 -0.1736
vn 0.9848 -0.0030 -0.1736
vn 0.9848 -0.0000 -0.1736
vn 0.9795 -0.1041 -0.1727
vn 0.3282 0.9297 -0.1668
vn 0.3946 0.8574 -0.3304
vn 0.3445 0.9124 -0.2211
vn 0.3445 0.9124 -0.2210
vn 0.3970 0.8555 -0.3325
vn 0.4237 0.8749 -0.2344
vn 0.4442 0.8631 -0.2402
vn 0.4530 0.8754 -0.1688
vn 0.4771 0.8584 -0.1884
vn 0.4975 0.8599 -0.1140
vn 0.4975 0.8599 -0.1139
vn 0.5153 0.8495 -0.1131
vn 0.5077 0.8614 -0.0146
vn 0.5077 0.8614 -0.0145
vn 0.5521 0.8311 -0.0666
vn 0.5676 0.8227 -0.0303
vn 0.5521 0.8311 -0.0665
vn 0.5725 0.8080 -0.1392
vn 0.5967 0.7951 -0.1085
vn 0.5965 0.7952 -0.1085
vn 0.5706 0.8024 -0.1748
vn 0.5725 0.8080 -0.1393
vn 0.5330 0.8133 -0.2334
vn 0.5321 0.8021 -0.2712
vn 0.5321 0.8021 -0.2711
vn 0.5134 0.8041 -0.2998
vn 0.3990 0.8541 -0.3337
vn 0.4675 0.8278 -0.3101
vn 0.4709 0.8446 -0.2546
vn 0.4574 0.8525 -0.2531
vn 0.4574 0.8525 -0.2530
vn 0.5047 0.8426 -0.1880
vn 0.5047 0.8426 -0.1881
vn 0.5153 0.8495 -0.1132
vn 0.4296 0.9015 -0.0516
vn 0.4230 0.9056 -0.0314
vn 0.3506 0.9343 -0.0639
vn 0.3526 0.9295 -0.1080
vn 0.3723 0.9238 -0.0899
vn 0.3506 0.9344 -0.0639
vn 0.3504 0.9344 -0.0639
vn 0.3723 0.9238 -0.0898
vn 0.4140 0.9041 -0.1061
vn 0.3505 0.9344 -0.0639
vn 0.4297 0.9015 -0.0516
vn 0.4112 0.8970 -0.1624
vn 0.3733 0.9174 -0.1379
vn 0.3282 0.9298 -0.1668
vn 0.5522 0.8311 -0.0665
vn 0.5241 0.8289 -0.1953
vn -0.9898 0.0846 0.1147
vn -0.9898 0.0921 0.1090
vn -0.9898 0.0856 0.1137
vn -0.9898 0.0903 0.1103
vn -0.9898 0.0856 0.1136
vn -0.9898 0.0859 0.1134
vn 0.8895 0.2834 -0.3583
vn 0.9221 0.2301 -0.3112
vn 0.9195 0.2543 -0.2996
vn 0.9196 0.2543 -0.2996
vn 0.9221 0.2301 -0.3111
vn 0.9491 0.1808 -0.2578
vn 0.9526 0.1880 -0.2394
vn 0.9693 0.1324 -0.2071
vn 0.9725 0.1220 -0.1983
vn 0.9805 0.0755 -0.1817
vn 0.9817 0.0660 -0.1784
vn 0.9835 0.0505 -0.1734
vn 0.9831 0.0478 -0.1765
vn 0.9790 0.0774 -0.1888
vn 0.9790 0.0775 -0.1888
vn 0.9685 0.1221 -0.2168
vn 0.9685 0.1221 -0.2169
vn 0.9601 0.1434 -0.2402
vn 0.9601 0.1433 -0.2402
vn 0.9411 0.1855 -0.2828
vn 0.9492 0.1808 -0.2578
vn -0.9873 0.0654 0.1451
vn -0.9883 0.0744 0.1329
vn -0.9883 0.0744 0.1330
vn -0.9898 0.0846 0.1146
vn -0.9898 0.0856 0.1138
vn -0.9870 0.0976 0.1274
vn -0.9898 0.0860 0.1133
vn -0.9883 0.0743 0.1329
vn -0.9864 0.0818 0.1428
vn -0.9864 0.0818 0.1429
vn -0.9836 0.1080 0.1443
vn -0.9837 0.0841 0.1592
vn -0.9836 0.1079 0.1443
vn -0.9804 0.1176 0.1578
vn -0.9799 0.1025 0.1713
vn -0.9799 0.1026 0.1713
vn -0.9786 0.1122 0.1725
vn -0.9813 0.0897 0.1704
vn -0.9845 0.0650 0.1631
vn -0.9855 0.0693 0.1550
vn -0.9855 0.0693 0.1551
vn -0.9873 0.0655 0.1450
vn -0.9873 0.0655 0.1451
vn 0.9817 0.0661 -0.1784
vn 0.9835 0.0506 -0.1734
vn 0.9845 0.0232 -0.1736
vn 0.9846 0.0213 -0.1736
vn 0.9847 0.0129 -0.1736
vn 0.9848 0.0092 -0.1736
vn 0.9848 0.0093 -0.1736
vn 0.1960 -0.8170 -0.5422
vn 0.0042 -0.8678 -0.4969
vn 0.1960 -0.8170 -0.5423
vn -0.0771 -0.8785 -0.4716
vn -0.2362 -0.8805 -0.4111
vn -0.3141 -0.8718 -0.3760
vn -0.4612 -0.8356 -0.2983
vn -0.5305 -0.8081 -0.2558
vn -0.6816 -0.7172 -0.1454
vn -0.6815 -0.7172 -0.1454
vn -0.5306 -0.8081 -0.2558
vn -0.6837 -0.7155 -0.1437
vn -0.6833 -0.7161 -0.1428
vn -0.6837 -0.7155 -0.1436
vn -0.6850 -0.7145 -0.1423
vn -0.3188 0.4699 -0.8232
vn -0.3188 0.4698 -0.8232
vn -0.3180 0.4668 -0.8252
vn -0.2920 0.3691 -0.8824
vn -0.3189 0.4699 -0.8231
vn -0.3180 0.4667 -0.8253
vn -0.3187 0.4698 -0.8232
vn -0.3180 0.4667 -0.8252
vn -0.3190 0.4699 -0.8231
vn 0.3991 0.8536 -0.3349
vn 0.3998 0.8530 -0.3354
vn 0.5271 0.7256 -0.4423
vn 0.3998 0.8530 -0.3355
vn 0.5728 0.6640 -0.4807
vn 0.5728 0.6640 -0.4806
vn 0.6508 0.5275 -0.5461
vn 0.6831 0.4527 -0.5732
vn 0.7320 0.2948 -0.6142
vn 0.7487 0.2118 -0.6282
vn 0.7660 0.0028 -0.6428
vn 0.7660 0.0027 -0.6428
vn 0.3970 0.8555 -0.3324
vn 0.3990 0.8540 -0.3337
vn 0.8896 0.2834 -0.3583
vn 0.8977 0.2686 -0.3493
vn 0.8985 0.2671 -0.3483
vn 0.8953 0.2730 -0.3520
vn 0.8942 0.2751 -0.3532
vn 0.8942 0.2751 -0.3533
vn 0.8913 0.2802 -0.3564
vn 0.8914 0.2802 -0.3564
vn 0.1694 -0.0001 0.9855
vn 0.1644 -0.0002 0.9864
vn 0.1737 -0.0000 0.9848
vn 0.1736 -0.0000 0.9848
vn 0.1730 0.0851 0.9812
vn 0.1736 0.0305 0.9843
vn 0.1747 -0.0030 0.9846
vn 0.1736 0.0001 0.9848
vn 0.2118 -0.1096 0.9712
vn 0.1632 -0.0000 0.9866
vn 0.1308 -0.0001 0.9914
vn 0.1806 -0.0000 0.9836
vn 0.1806 -0.0000 0.9835
vn 0.2039 -0.0001 0.9790
vn -0.1735 -0.0434 -0.9839
vn -0.1734 -0.0509 -0.9835
vn -0.1737 -0.0000 -0.9848
vn -0.1736 -0.0000 -0.9848
vn -0.1720 -0.0000 -0.9851
vn -0.1593 0.0001 -0.9872
vn -0.1740 0.0009 -0.9848
vn -0.1740 0.0010 -0.9847
vn -0.2097 0.1035 -0.9723
vn -0.1611 -0.0001 -0.9869
vn -0.1612 -0.0001 -0.9869
vn -0.1961 0.0001 -0.9806
vn -0.1642 -0.0000 -0.9864
vn -0.1672 -0.0000 -0.9859
vn -0.1555 -0.4420 -0.8834
vn -0.1608 -0.3742 -0.9133
vn -0.1500 -0.5040 -0.8506
vn -0.1608 -0.3772 -0.9121
vn -0.1608 -0.3772 -0.9120
vn -0.1593 -0.3992 -0.9029
vn -0.1594 -0.3992 -0.9029
vn -0.1693 -0.2222 -0.9602
vn -0.1592 -0.3992 -0.9029
vn -0.1695 -0.2249 -0.9595
vn -0.1720 -0.1521 -0.9733
vn -0.1655 -0.3023 -0.9387
vn -0.1608 -0.3741 -0.9133
vn -0.1669 -0.2733 -0.9473
vn -0.1610 -0.3742 -0.9133
vn -0.1701 -0.1980 -0.9653
vn -0.1725 -0.1126 -0.9786
vn -0.1657 -0.3006 -0.9392
vn -0.1658 -0.3006 -0.9392
vn -0.1643 -0.3289 -0.9300
vn -0.1692 -0.2249 -0.9596
vn -0.1525 -0.4785 -0.8647
vn -0.1525 -0.4785 -0.8648
vn -0.1424 -0.5724 -0.8075
vn -0.1702 -0.1980 -0.9653
vn -0.1608 -0.3773 -0.9120
vn -0.9735 0.2286 0.0092
vn -0.9735 0.2285 0.0092
vn -0.9898 0.0922 0.1090
vn -0.9582 0.2842 -0.0331
vn -0.9133 0.3903 -0.1164
vn -0.9133 0.3902 -0.1164
vn -0.8837 0.4407 -0.1575
vn -0.8116 0.5342 -0.2367
vn -0.7690 0.5772 -0.2748
vn -0.6522 0.6674 -0.3595
vn -0.6522 0.6673 -0.3595
vn -0.6523 0.6673 -0.3595
vn 0.1430 0.5669 0.8112
vn 0.1484 0.5197 0.8413
vn 0.1423 0.5736 0.8067
vn 0.1422 0.5736 0.8067
vn 0.1483 0.5197 0.8413
vn 0.1400 0.5729 0.8075
vn 0.1400 0.5729 0.8076
vn 0.1530 0.5769 0.8024
vn 0.1430 0.5670 0.8112
vn 0.1422 0.5735 0.8067
vn -0.6412 0.6743 -0.3664
vn -0.6411 0.6743 -0.3664
vn -0.5107 0.7407 -0.4366
vn -0.4518 0.7628 -0.4627
vn -0.3286 0.7961 -0.5081
vn -0.3287 0.7961 -0.5081
vn -0.2644 0.8074 -0.5275
vn -0.1156 0.8191 -0.5620
vn -0.1156 0.8190 -0.5620
vn -0.0836 0.8190 -0.5676
vn 0.0680 0.8074 -0.5861
vn 0.1351 0.7961 -0.5899
vn 0.2663 0.7628 -0.5893
vn 0.1350 0.7961 -0.5899
vn 0.3306 0.7407 -0.5849
vn 0.3305 0.7407 -0.5849
vn 0.4536 0.6866 -0.5682
vn 0.5124 0.6546 -0.5558
vn 0.6221 0.5821 -0.5236
vn 0.6731 0.5415 -0.5037
vn 0.7650 0.4535 -0.4573
vn 0.6731 0.5416 -0.5037
vn 0.8059 0.4061 -0.4308
vn 0.8897 0.2832 -0.3582
vn 0.8059 0.4060 -0.4308
vn -1.0000 0.0004 -0.0000
vn -1.0000 0.0014 -0.0000
vn -0.9826 0.1858 -0.0000
vn -0.9659 0.2590 -0.0000
vn -0.9166 0.3997 -0.0000
vn -0.8840 0.4674 -0.0000
vn -0.9166 0.3998 -0.0000
vn -0.8047 0.5937 -0.0000
vn -0.8841 0.4674 -0.0000
vn -0.7579 0.6524 -0.0000
vn -0.6524 0.7579 -0.0000
vn -0.5937 0.8047 -0.0000
vn -0.4674 0.8840 -0.0000
vn -0.3997 0.9166 -0.0000
vn -0.2590 0.9659 -0.0000
vn -0.1858 0.9826 -0.0000
vn -0.0078 1.0000 -0.0000
vn 0.9234 -0.0420 -0.3816
vn 0.8691 -0.2016 -0.4516
vn 0.9234 -0.0421 -0.3816
vn 0.8381 -0.2660 -0.4764
vn 0.8691 -0.2015 -0.4516
vn 0.7622 -0.3892 -0.5173
vn 0.7174 -0.4479 -0.5335
vn 0.6164 -0.5569 -0.5566
vn 0.5602 -0.6071 -0.5635
vn 0.6164 -0.5570 -0.5566
vn 0.5603 -0.6071 -0.5635
vn 0.4393 -0.6963 -0.5676
vn 0.3745 -0.7354 -0.5648
vn 0.4393 -0.6964 -0.5676
vn 0.2179 -0.8089 -0.5461
vn 0.9246 -0.0371 -0.3792
vn 0.3188 -0.4699 0.8232
vn 0.3188 -0.4698 0.8232
vn 0.3175 -0.4646 0.8266
vn 0.3189 -0.4698 0.8231
vn 0.3175 -0.4647 0.8266
vn 0.3187 -0.4698 0.8233
vn 0.2905 -0.3638 0.8850
vn 0.9258 -0.0317 -0.3766
vn 0.9361 0.0202 -0.3510
vn 0.9258 -0.0317 -0.3767
vn 0.9259 -0.0315 -0.3766
vn 0.9259 -0.0315 -0.3765
vn 0.9253 -0.0339 -0.3777
vn 0.9253 -0.0340 -0.3777
vn 0.9251 -0.0348 -0.3781
vn -0.2549 0.2432 -0.9359
vn -0.2726 0.3018 -0.9135
vn -0.2097 0.1034 -0.9723
vn -0.2726 0.3018 -0.9136
vn -0.2291 0.1619 -0.9598
vn -0.2550 0.2432 -0.9359
vn -0.2920 0.3691 -0.8823
vn -0.2291 0.1620 -0.9598
vn -0.0801 -0.9967 0.0141
vn -0.1981 -0.9796 0.0349
vn -0.2354 -0.9710 0.0415
vn -0.3953 -0.9159 0.0697
vn -0.4621 -0.8831 0.0815
vn -0.3952 -0.9159 0.0697
vn -0.4622 -0.8830 0.0815
vn -0.9794 0.1045 0.1727
vn -0.1155 0.8190 -0.5620
vn -0.0836 0.8191 -0.5676
vn 0.4999 -0.0004 0.8661
vn 0.4244 -0.0004 0.9055
vn 0.6388 -0.0000 0.7694
vn 0.4278 -0.0000 0.9039
vn 0.4487 0.0004 0.8937
vn 0.2563 0.0004 0.9666
vn 0.3417 0.0002 0.9398
vn 0.3418 0.0002 0.9398
vn 0.1736 0.0004 0.9848
vn 0.1735 0.0004 0.9848
vn 0.1020 -0.0000 0.9948
vn 0.1019 -0.0000 0.9948
vn 0.2533 -0.0000 0.9674
vn 0.2302 -0.0004 0.9731
vn 0.2303 -0.0004 0.9731
vn 0.3417 -0.0002 0.9398
vn 0.3416 -0.0002 0.9398
vn 0.1315 -0.0001 0.9913
vn 0.0791 -0.0000 0.9969
vn 0.5363 0.0001 0.8440
vn 0.4486 0.0004 0.8937
vn 0.6408 -0.0000 0.7677
vn 0.2546 -0.2422 0.9362
vn 0.2550 -0.2432 0.9359
vn 0.2549 -0.2432 0.9359
vn 0.2118 -0.1096 0.9711
vn -0.1734 0.0004 -0.9849
vn -0.2562 0.0004 -0.9666
vn -0.2533 -0.0000 -0.9674
vn -0.4278 -0.0000 -0.9039
vn -0.6396 -0.0000 -0.7687
vn -0.4240 -0.0004 -0.9056
vn -0.4241 -0.0004 -0.9056
vn -0.2253 -0.0000 -0.9743
vn -0.2253 -0.0001 -0.9743
vn -0.4241 -0.0000 -0.9056
vn -0.3098 -0.0003 -0.9508
vn -0.1248 -0.0001 -0.9922
vn -0.3414 -0.0002 -0.9399
vn -0.3414 -0.0001 -0.9399
vn -0.4997 -0.0004 -0.8662
vn -0.3414 0.0002 -0.9399
vn -0.2563 0.0004 -0.9666
vn -0.3414 0.0001 -0.9399
vn -0.3735 0.0003 -0.9276
vn -0.2563 -0.0000 -0.9666
vn -0.4528 0.0001 -0.8916
vn -0.5421 0.0001 -0.8403
vn -0.4528 0.0002 -0.8916
vn -0.6422 -0.0000 -0.7666
vn -0.3413 0.0001 -0.9399
vn -0.1249 -0.0001 -0.9922
vn -0.4528 -0.0000 -0.8916
vn -0.2253 -0.0002 -0.9743
vn -0.1029 -0.0000 -0.9947
vn 0.1713 0.1562 0.9728
vn 0.1689 0.2257 0.9594
vn 0.1730 0.0852 0.9812
vn 0.1704 0.2034 0.9642
vn 0.1704 0.2033 0.9642
vn 0.1726 0.1184 0.9779
vn 0.1658 0.3006 0.9392
vn 0.1658 0.3007 0.9392
vn 0.1614 0.3746 0.9130
vn 0.1561 0.4423 0.8832
vn 0.1591 0.3961 0.9043
vn 0.1530 0.4725 0.8680
vn 0.1530 0.4725 0.8679
vn 0.1655 0.3023 0.9387
vn 0.1484 0.5197 0.8414
vn -0.1644 -0.5802 -0.7977
vn -0.1439 -0.5741 -0.8060
vn -0.1422 -0.5736 -0.8067
vn -0.1423 -0.5736 -0.8067
vn -0.1422 -0.5734 -0.8068
vn -0.1422 -0.5735 -0.8067
vn -0.1423 -0.5735 -0.8067
vn -0.1422 -0.5735 -0.8068
vn 0.0004 -0.0000 1.0000
vn 0.0487 -0.0001 0.9988
vn 0.0756 -0.0002 0.9971
vn 0.1307 -0.0001 0.9914
vn 0.1161 -0.0001 0.9932
vn -0.1673 -0.0000 -0.9859
vn -0.1221 -0.0000 -0.9925
vn -0.1641 -0.0000 -0.9864
vn -0.0872 -0.0000 -0.9962
vn -0.0871 -0.0000 -0.9962
vn -0.0519 -0.0000 -0.9987
vn -0.0520 -0.0000 -0.9986
vn 0.9536 0.3009 -0.0000
vn 0.9763 0.2162 -0.0000
vn 0.9990 0.0438 -0.0000
vn 0.9990 -0.0438 -0.0000
vn 0.9763 -0.2162 -0.0000
vn 0.9536 -0.3009 -0.0000
vn 0.8871 -0.4615 -0.0000
vn 0.8433 -0.5375 -0.0000
vn 0.8871 -0.4616 -0.0000
vn 0.7374 -0.6754 -0.0000
vn 0.6754 -0.7374 -0.0000
vn 0.5375 -0.8433 -0.0000
vn 0.4615 -0.8871 -0.0000
vn 0.4616 -0.8871 -0.0000
vn 0.3009 -0.9537 -0.0000
vn 0.2162 -0.9763 -0.0000
vn 0.0438 -0.9990 -0.0000
vn -0.0438 -0.9990 -0.0000
vn -0.2162 -0.9763 -0.0000
vn -0.3009 -0.9536 -0.0000
vn -0.3009 -0.9537 -0.0000
vn -0.4616 -0.8871 -0.0000
vn -0.5375 -0.8433 -0.0000
vn -0.6754 -0.7374 -0.0000
vn -0.7374 -0.6754 -0.0000
vn -0.8433 -0.5375 -0.0000
vn -0.8871 -0.4616 -0.0000
vn -0.8871 -0.4615 -0.0000
vn -0.9536 -0.3009 -0.0000
vn -0.9763 -0.2162 -0.0000
vn -0.9537 -0.3009 -0.0000
vn -0.9990 -0.0438 -0.0000
vn -0.9990 0.0438 -0.0000
vn -0.9990 0.0439 -0.0000
vn -0.9763 0.2162 -0.0000
vn -0.9537 0.3009 -0.0000
vn -0.9536 0.3009 -0.0000
vn -0.8871 0.4615 -0.0000
vn -0.8433 0.5375 -0.0000
vn -0.8871 0.4616 -0.0000
vn -0.7374 0.6754 -0.0000
vn -0.6754 0.7374 -0.0000
vn -0.5375 0.8433 -0.0000
vn -0.4616 0.8871 -0.0000
vn -0.3009 0.9537 -0.0000
vn -0.2162 0.9763 -0.0000
vn -0.3009 0.9536 -0.0000
vn -0.0438 0.9990 -0.0000
vn 0.0438 0.9990 -0.0000
vn 0.2162 0.9763 -0.0000
vn 0.3009 0.9537 -0.0000
vn 0.4615 0.8871 -0.0000
vn 0.4616 0.8871 -0.0000
vn 0.5375 0.8433 -0.0000
vn 0.6754 0.7374 -0.0000
vn 0.7374 0.6754 -0.0000
vn 0.8433 0.5375 -0.0000
vn 0.8871 0.4616 -0.0000
vn 0.8871 0.4615 -0.0000
vn 0.1546 0.9879 -0.0099
vn 0.0047 1.0000 -0.0038
vn 0.0845 0.9964 -0.0102
vn 0.0046 1.0000 -0.0038
vn -0.0801 0.9967 0.0141
vn -0.0542 0.9985 0.0096
vn -0.0144 0.9999 0.0045
vn -0.0143 0.9999 0.0048
vn 0.1341 0.9909 -0.0085
vn 0.2517 0.9678 -0.0028
vn 0.2944 0.9557 -0.0000
vn 0.2928 0.9562 -0.0000
vn 0.1545 0.9879 -0.0099
vn -0.0000 -1.0000 -0.0000
vn -0.0079 -1.0000 -0.0000
vn 0.2945 0.9557 -0.0000
vn 0.4123 0.9111 -0.0000
vn 0.2927 0.9562 -0.0000
vn 0.4578 0.8890 -0.0000
vn 0.6065 0.7951 -0.0000
vn 0.4579 0.8890 -0.0000
vn 0.6679 0.7443 -0.0000
vn 0.7769 0.6296 -0.0000
vn 0.8246 0.5658 -0.0000
vn 0.9035 0.4286 -0.0000
vn 0.9347 0.3553 -0.0000
vn 0.9791 0.2035 -0.0000
vn 0.9922 0.1248 -0.0000
vn 0.9922 0.1249 -0.0000
vn 0.9791 0.2034 -0.0000
vn 0.9994 -0.0332 -0.0000
vn 0.9936 -0.1127 -0.0000
vn 0.9936 -0.1126 -0.0000
vn 0.9634 -0.2680 -0.0000
vn 0.9390 -0.3438 -0.0000
vn 0.8731 -0.4876 -0.0000
vn 0.8315 -0.5556 -0.0000
vn 0.8730 -0.4876 -0.0000
vn 0.7058 -0.7084 -0.0000
vn 0.6043 -0.7967 -0.0000
vn 0.6044 -0.7967 -0.0000
vn 0.6000 -0.8000 -0.0000
vn -0.6833 0.7161 -0.1428
vn -0.6277 0.7695 -0.1182
vn -0.6853 0.7143 -0.1419
vn -0.6277 0.7695 -0.1181
vn -0.6531 0.7536 -0.0752
vn -0.6713 0.7384 -0.0639
vn -0.6713 0.7384 -0.0638
vn -0.6502 0.7592 -0.0282
vn -0.6634 0.7480 -0.0214
vn -0.6633 0.7480 -0.0214
vn -0.6326 0.7686 0.0950
vn -0.7015 0.7097 0.0645
vn -0.6895 0.7186 0.0905
vn -0.7550 0.6547 0.0371
vn -0.7642 0.6446 0.0223
vn -0.7495 0.6613 -0.0296
vn -0.6878 0.7124 -0.1395
vn -0.6878 0.7123 -0.1395
vn -0.6854 0.7143 -0.1419
vn -0.6833 0.7161 -0.1429
vn -0.5836 0.8078 -0.0835
vn -0.5835 0.8078 -0.0836
vn -0.6029 0.7978 0.0067
vn -0.5836 0.8078 -0.0836
vn -0.5892 0.8047 0.0720
vn -0.5892 0.8048 0.0720
vn -0.6886 0.7229 -0.0568
vn -0.6886 0.7230 -0.0568
vn -0.6885 0.7230 -0.0568
vn 0.9510 -0.0688 -0.3014
vn 0.9562 -0.0342 -0.2906
vn 0.9355 0.0285 -0.3522
vn 0.9573 0.0480 -0.2851
vn 0.9573 0.0481 -0.2851
vn 0.9107 0.0889 -0.4034
vn 0.9673 -0.0805 -0.2406
vn 0.9562 -0.0343 -0.2906
vn 0.9660 -0.0248 -0.2573
vn 0.9660 -0.0249 -0.2573
vn 0.9765 -0.0317 -0.2134
vn 0.9741 0.0692 -0.2153
vn 0.9845 -0.0250 -0.1736
vn 0.9790 -0.0758 -0.1892
vn -0.5673 0.8174 0.1000
vn -0.5672 0.8174 0.1000
vn -0.5894 0.8011 0.1039
vn -0.5895 0.8011 0.1039
vn 0.9848 0.0070 -0.1736
vn 0.9845 -0.0251 -0.1736
vn 0.9848 0.0069 -0.1736
vn 0.9848 0.0073 -0.1736
vn 0.9848 0.0041 -0.1736
vn 0.9848 0.0042 -0.1736
vn 0.9848 0.0029 -0.1736
vn 0.4925 -0.8701 -0.0189
vn 0.5676 -0.8228 -0.0296
vn 0.5496 -0.8298 -0.0968
vn 0.5971 -0.7952 -0.1051
vn 0.5450 -0.8146 -0.1987
vn 0.5249 -0.7952 -0.3033
vn 0.4819 -0.8252 -0.2947
vn 0.5114 -0.8341 -0.2068
vn 0.5115 -0.8341 -0.2068
vn 0.4981 -0.8508 -0.1674
vn 0.4981 -0.8508 -0.1675
vn 0.4893 -0.8654 -0.1085
vn 0.4893 -0.8654 -0.1084
vn 0.4355 -0.8882 -0.1464
vn 0.4412 -0.8963 -0.0442
vn 0.3725 -0.9238 -0.0883
vn 0.4153 -0.9093 -0.0265
vn 0.3508 -0.9344 -0.0620
vn 0.3530 -0.9296 -0.1056
vn 0.3657 -0.9173 -0.1576
vn 0.3530 -0.9296 -0.1057
vn 0.3294 -0.9296 -0.1653
vn 0.3657 -0.9173 -0.1577
vn 0.3262 -0.9263 -0.1884
vn 0.3949 -0.8574 -0.3299
vn 0.3678 -0.8999 -0.2343
vn 0.3678 -0.8999 -0.2344
vn 0.3973 -0.8552 -0.3329
vn 0.4531 -0.8619 -0.2277
vn 0.5249 -0.7953 -0.3033
vn 0.3990 -0.8541 -0.3337
vn 0.4153 -0.9093 -0.0264
vn 0.4893 -0.8653 -0.1084
vn 0.4531 -0.8619 -0.2276
vn 0.4356 -0.8882 -0.1464
vn 0.3679 -0.8999 -0.2344
vn -0.9898 -0.0846 0.1147
vn -0.9898 -0.0856 0.1137
vn -0.9898 -0.0890 0.1113
vn -0.9897 -0.0945 0.1073
vn -0.9898 -0.0856 0.1136
vn -0.9898 -0.0859 0.1134
vn 0.8895 -0.2834 -0.3583
vn 0.9195 -0.2543 -0.2996
vn 0.9221 -0.2301 -0.3112
vn 0.9196 -0.2543 -0.2996
vn 0.9492 -0.1808 -0.2578
vn 0.9411 -0.1855 -0.2828
vn 0.9491 -0.1808 -0.2578
vn 0.9601 -0.1434 -0.2402
vn 0.9685 -0.1221 -0.2168
vn 0.9693 -0.1324 -0.2071
vn 0.9790 -0.0774 -0.1888
vn 0.9790 -0.0775 -0.1888
vn 0.9805 -0.0755 -0.1817
vn 0.9831 -0.0478 -0.1765
vn 0.9835 -0.0506 -0.1734
vn 0.9817 -0.0660 -0.1784
vn 0.9725 -0.1220 -0.1983
vn 0.9526 -0.1880 -0.2394
vn -0.9898 -0.0846 0.1146
vn -0.9883 -0.0744 0.1330
vn -0.9898 -0.0856 0.1138
vn -0.9870 -0.0976 0.1274
vn -0.9898 -0.0860 0.1133
vn -0.9873 -0.0654 0.1451
vn -0.9883 -0.0744 0.1329
vn -0.9883 -0.0743 0.1329
vn -0.9873 -0.0655 0.1451
vn -0.9864 -0.0818 0.1429
vn -0.9864 -0.0818 0.1428
vn -0.9836 -0.1079 0.1443
vn -0.9836 -0.1080 0.1443
vn -0.9837 -0.0841 0.1592
vn -0.9804 -0.1176 0.1578
vn -0.9799 -0.1025 0.1713
vn -0.9786 -0.1122 0.1725
vn -0.9873 -0.0655 0.1450
vn -0.9855 -0.0693 0.1551
vn -0.9855 -0.0693 0.1550
vn -0.9845 -0.0650 0.1631
vn -0.9813 -0.0897 0.1704
vn -0.9799 -0.1026 0.1713
vn 0.9845 -0.0232 -0.1736
vn 0.9835 -0.0505 -0.1734
vn 0.9846 -0.0213 -0.1736
vn 0.9847 -0.0129 -0.1736
vn 0.9847 -0.0128 -0.1736
vn 0.9848 -0.0092 -0.1736
vn 0.9817 -0.0661 -0.1784
vn -0.6832 0.7159 -0.1440
vn -0.6825 0.7164 -0.1446
vn -0.5306 0.8081 -0.2558
vn -0.6825 0.7164 -0.1447
vn -0.4612 0.8356 -0.2983
vn -0.5305 0.8081 -0.2558
vn -0.3141 0.8718 -0.3760
vn -0.2362 0.8805 -0.4111
vn -0.0771 0.8785 -0.4716
vn 0.0042 0.8678 -0.4969
vn 0.1960 0.8170 -0.5423
vn -0.6825 0.7165 -0.1446
vn -0.3188 -0.4699 -0.8232
vn -0.3188 -0.4698 -0.8232
vn -0.3189 -0.4699 -0.8231
vn -0.3181 -0.4672 -0.8249
vn -0.3181 -0.4672 -0.8250
vn -0.3190 -0.4698 -0.8232
vn -0.3187 -0.4699 -0.8232
vn -0.2916 -0.3676 -0.8831
vn 0.7660 -0.0028 -0.6428
vn 0.7487 -0.2118 -0.6282
vn 0.7660 -0.0027 -0.6428
vn 0.7320 -0.2948 -0.6142
vn 0.7320 -0.2949 -0.6142
vn 0.6831 -0.4527 -0.5732
vn 0.6508 -0.5275 -0.5461
vn 0.5728 -0.6640 -0.4807
vn 0.5271 -0.7256 -0.4423
vn 0.5728 -0.6640 -0.4806
vn 0.4007 -0.8523 -0.3362
vn 0.3986 -0.8539 -0.3345
vn -0.6421 -0.0000 -0.7666
vn -0.6428 -0.0000 -0.7660
vn -0.6423 -0.0000 -0.7665
vn -0.6428 -0.0000 -0.7661
vn -0.6429 -0.0000 -0.7660
vn -0.6427 -0.0000 -0.7661
vn 0.3991 -0.8540 -0.3337
vn 0.3972 -0.8553 -0.3328
vn 0.3972 -0.8552 -0.3328
vn 0.9221 -0.2301 -0.3111
vn 0.8983 -0.2676 -0.3486
vn 0.8983 -0.2675 -0.3486
vn 0.8980 -0.2681 -0.3490
vn 0.8979 -0.2681 -0.3490
vn 0.8953 -0.2730 -0.3520
vn 0.8953 -0.2731 -0.3520
vn 0.8942 -0.2751 -0.3533
vn 0.8942 -0.2751 -0.3532
vn 0.8913 -0.2802 -0.3564
vn 0.8914 -0.2801 -0.3564
vn 0.1734 -0.0590 0.9831
vn 0.1733 -0.0622 0.9829
vn 0.1644 0.0002 0.9864
vn 0.1694 0.0001 0.9855
vn 0.1744 0.0020 0.9847
vn 0.1744 0.0021 0.9847
vn 0.2128 0.1126 0.9706
vn 0.1807 -0.0000 0.9835
vn 0.2039 0.0001 0.9790
vn 0.1307 0.0001 0.9914
vn 0.1308 0.0001 0.9914
vn -0.1593 -0.0001 -0.9872
vn -0.1731 0.0776 -0.9818
vn -0.1736 0.0191 -0.9846
vn -0.1742 -0.0015 -0.9847
vn -0.2080 -0.0985 -0.9732
vn -0.1611 0.0001 -0.9869
vn -0.1961 -0.0001 -0.9806
vn -0.1713 0.1562 -0.9728
vn -0.1689 0.2257 -0.9594
vn -0.1693 0.2222 -0.9602
vn -0.1703 0.1987 -0.9651
vn -0.1703 0.1987 -0.9652
vn -0.1608 0.3773 -0.9120
vn -0.1702 0.1987 -0.9652
vn -0.1608 0.3772 -0.9120
vn -0.1613 0.3745 -0.9131
vn -0.1427 0.5701 -0.8091
vn -0.1561 0.4422 -0.8832
vn -0.1713 0.1561 -0.9728
vn -0.1655 0.3023 -0.9387
vn -0.1637 0.3304 -0.9295
vn -0.1692 0.2257 -0.9594
vn -0.1637 0.3305 -0.9295
vn -0.1590 0.4006 -0.9024
vn -0.1524 0.4785 -0.8647
vn -0.1475 0.5276 -0.8366
vn -0.1524 0.4786 -0.8647
vn -0.1657 0.3006 -0.9392
vn -0.1658 0.3006 -0.9392
vn -0.1674 0.2723 -0.9476
vn -0.1610 0.3745 -0.9131
vn -0.1674 0.2722 -0.9476
vn -0.1726 0.1116 -0.9786
vn -0.1726 0.1117 -0.9786
vn -0.1591 0.4006 -0.9023
vn -0.6523 -0.6673 -0.3595
vn -0.6522 -0.6673 -0.3595
vn -0.7690 -0.5772 -0.2748
vn -0.8116 -0.5342 -0.2367
vn -0.8837 -0.4407 -0.1575
vn -0.9133 -0.3903 -0.1164
vn -0.9582 -0.2842 -0.0331
vn -0.9133 -0.3902 -0.1164
vn -0.9735 -0.2285 0.0091
vn -0.9735 -0.2285 0.0092
vn -0.9735 -0.2286 0.0092
vn -0.9898 -0.0890 0.1112
vn 0.1530 -0.5769 0.8024
vn 0.1400 -0.5729 0.8075
vn 0.1422 -0.5736 0.8067
vn 0.1505 -0.4994 0.8532
vn 0.1423 -0.5736 0.8067
vn 0.1505 -0.4993 0.8532
vn 0.1425 -0.5713 0.8083
vn 0.1422 -0.5735 0.8067
vn -0.6412 -0.6743 -0.3664
vn -0.6411 -0.6743 -0.3664
vn -0.1156 -0.8190 -0.5620
vn -0.2644 -0.8074 -0.5274
vn -0.2644 -0.8074 -0.5275
vn -0.3287 -0.7961 -0.5081
vn -0.3286 -0.7961 -0.5081
vn -0.4518 -0.7628 -0.4626
vn -0.4518 -0.7628 -0.4627
vn -0.5107 -0.7407 -0.4366
vn 0.8897 -0.2832 -0.3582
vn 0.8059 -0.4061 -0.4308
vn 0.7650 -0.4535 -0.4573
vn 0.6731 -0.5415 -0.5037
vn 0.6221 -0.5821 -0.5236
vn 0.5124 -0.6546 -0.5558
vn 0.4536 -0.6866 -0.5682
vn 0.3305 -0.7407 -0.5849
vn 0.2663 -0.7628 -0.5893
vn 0.3306 -0.7407 -0.5849
vn 0.1350 -0.7961 -0.5898
vn 0.1351 -0.7961 -0.5899
vn 0.0680 -0.8074 -0.5861
vn -0.0836 -0.8191 -0.5676
vn -0.0836 -0.8190 -0.5676
vn -0.0078 -1.0000 -0.0000
vn -0.1858 -0.9826 -0.0000
vn -0.2590 -0.9659 -0.0000
vn -0.3997 -0.9166 -0.0000
vn -0.4674 -0.8840 -0.0000
vn -0.5937 -0.8047 -0.0000
vn -0.6524 -0.7579 -0.0000
vn -0.7579 -0.6524 -0.0000
vn -0.8047 -0.5937 -0.0000
vn -0.8841 -0.4674 -0.0000
vn -0.8840 -0.4674 -0.0000
vn -0.9166 -0.3998 -0.0000
vn -0.9166 -0.3997 -0.0000
vn -0.9659 -0.2590 -0.0000
vn -0.9826 -0.1858 -0.0000
vn -1.0000 -0.0014 -0.0000
vn -1.0000 -0.0004 -0.0000
vn -0.0000 -0.0000 1.0000
vn 0.0005 -0.0000 1.0000
vn 0.0001 -0.0000 1.0000
vn -0.0001 -0.0000 1.0000
vn 0.0487 0.0001 0.9988
vn 0.0006 -0.0000 1.0000
vn -0.0002 -0.0000 1.0000
vn 0.2179 0.8089 -0.5461
vn 0.3745 0.7354 -0.5648
vn 0.4393 0.6963 -0.5676
vn 0.5603 0.6071 -0.5635
vn 0.5602 0.6071 -0.5635
vn 0.6164 0.5569 -0.5566
vn 0.7174 0.4479 -0.5335
vn 0.7622 0.3892 -0.5173
vn 0.7174 0.4480 -0.5335
vn 0.8381 0.2659 -0.4764
vn 0.8381 0.2660 -0.4764
vn 0.8691 0.2015 -0.4516
vn 0.8691 0.2016 -0.4516
vn 0.9234 0.0420 -0.3816
vn 0.9246 0.0371 -0.3792
vn 0.3188 0.4698 0.8232
vn 0.3188 0.4699 0.8232
vn 0.3171 0.4630 0.8277
vn 0.2910 0.3655 0.8841
vn 0.3188 0.4699 0.8231
vn 0.9259 0.0312 -0.3764
vn 0.9259 0.0313 -0.3764
vn 0.9258 0.0319 -0.3768
vn 0.9258 0.0320 -0.3768
vn 0.9253 0.0339 -0.3777
vn 0.9251 0.0349 -0.3782
vn 0.9253 0.0340 -0.3777
vn 0.9246 0.0370 -0.3792
vn 0.9251 0.0347 -0.3781
vn 0.9107 0.0889 -0.4035
vn 0.9258 0.0319 -0.3767
vn -0.2550 -0.2432 -0.9359
vn -0.2549 -0.2432 -0.9359
vn -0.2916 -0.3675 -0.8831
vn -0.2545 -0.2419 -0.9363
vn 0.1960 0.8170 -0.5422
vn -0.1981 0.9796 0.0349
vn -0.2354 0.9710 0.0415
vn -0.1980 0.9796 0.0349
vn -0.2353 0.9710 0.0415
vn -0.3952 0.9159 0.0697
vn -0.3953 0.9159 0.0697
vn -0.4621 0.8831 0.0815
vn -0.4622 0.8830 0.0815
vn -0.9794 -0.1045 0.1727
vn 0.6428 -0.0000 0.7660
vn 0.6428 -0.0000 0.7661
vn 0.6428 -0.0001 0.7660
vn 0.6428 0.0001 0.7660
vn 0.2727 0.3018 0.9136
vn 0.2550 0.2436 0.9357
vn 0.2128 0.1125 0.9706
vn 0.2550 0.2436 0.9358
vn 0.2358 0.1826 0.9545
vn 0.2910 0.3655 0.8842
vn 0.2726 0.3018 0.9136
vn 0.2726 0.3018 0.9135
vn -1.0000 -0.0003 -0.0000
vn -1.0000 0.0003 -0.0000
vn 0.1555 -0.4420 0.8834
vn 0.1607 -0.3742 0.9133
vn 0.1599 -0.3949 0.9047
vn 0.1532 -0.4724 0.8680
vn 0.1532 -0.4724 0.8679
vn 0.1658 -0.3007 0.9392
vn 0.1696 -0.2249 0.9595
vn 0.1658 -0.3006 0.9392
vn 0.1720 -0.1521 0.9733
vn 0.1734 -0.0591 0.9831
vn 0.1697 -0.2037 0.9642
vn 0.1697 -0.2036 0.9642
vn 0.1723 -0.1199 0.9777
vn 0.1655 -0.3023 0.9387
vn 0.1723 -0.1200 0.9777
vn 0.1532 -0.4725 0.8679
vn -0.1423 0.5737 -0.8066
vn -0.1423 0.5736 -0.8067
vn -0.1439 0.5741 -0.8060
vn -0.1422 0.5736 -0.8067
vn -0.1439 0.5741 -0.8061
vn -0.1644 0.5802 -0.7977
vn -0.1422 0.5735 -0.8067
vn -0.1423 0.5735 -0.8067
vn 0.0756 0.0002 0.9971
vn 0.1161 0.0001 0.9932
vn 0.0002 -0.0000 -1.0000
vn 0.0618 -0.0000 -0.9981
vn 0.1028 -0.0000 -0.9947
vn 0.0004 -0.0000 -1.0000
vn 0.0146 -0.0000 -0.9999
vn 0.0003 -0.0000 -1.0000
vn 0.0617 0.9980 0.0109
vn 0.0304 0.9995 0.0065
vn -0.1150 0.9933 -0.0083
vn -0.0853 0.9963 -0.0102
vn -0.2517 0.9678 -0.0028
vn -0.0854 0.9963 -0.0102
vn -0.2927 0.9562 -0.0000
vn -0.1546 0.9879 -0.0099
vn -0.0047 1.0000 -0.0038
vn -0.0046 1.0000 -0.0038
vn 0.0801 0.9967 0.0141
vn -0.2944 0.9557 -0.0000
vn -0.1150 0.9933 -0.0084
vn 0.0079 -1.0000 -0.0000
vn -0.2945 0.9557 -0.0000
vn -0.4491 0.8935 -0.0000
vn -0.4492 0.8935 -0.0000
vn -0.2928 0.9562 -0.0000
vn -0.4210 0.9071 -0.0000
vn -0.1545 0.9879 -0.0099
vn -0.6065 0.7951 -0.0000
vn -0.6679 0.7443 -0.0000
vn -0.7769 0.6296 -0.0000
vn -0.8246 0.5658 -0.0000
vn -0.9035 0.4286 -0.0000
vn -0.9347 0.3553 -0.0000
vn -0.9791 0.2034 -0.0000
vn -0.9922 0.1249 -0.0000
vn -0.9791 0.2035 -0.0000
vn -0.9994 -0.0332 -0.0000
vn -0.9922 0.1248 -0.0000
vn -0.9936 -0.1126 -0.0000
vn -0.9634 -0.2680 -0.0000
vn -0.9390 -0.3438 -0.0000
vn -0.8730 -0.4876 -0.0000
vn -0.8315 -0.5556 -0.0000
vn -0.8731 -0.4876 -0.0000
vn -0.7058 -0.7084 -0.0000
vn -0.6075 -0.7943 -0.0000
vn -0.7058 -0.7085 -0.0000
vn -0.5948 -0.8039 -0.0000
vn 0.5836 0.8078 -0.0836
vn 0.6833 0.7160 -0.1428
vn 0.6302 0.7693 -0.1052
vn 0.6833 0.7161 -0.1428
vn 0.6851 0.7144 -0.1422
vn 0.6851 0.7144 -0.1423
vn 0.6654 0.7434 -0.0675
vn 0.6851 0.7145 -0.1422
vn 0.6824 0.7288 -0.0568
vn 0.6547 0.7554 -0.0259
vn 0.6662 0.7456 -0.0169
vn 0.6476 0.7567 0.0895
vn 0.7192 0.6918 0.0646
vn 0.6948 0.7115 0.1048
vn 0.7193 0.6917 0.0646
vn 0.7642 0.6446 0.0223
vn 0.7649 0.6441 0.0006
vn 0.6877 0.7125 -0.1392
vn 0.7650 0.6441 0.0006
vn 0.7346 0.6765 -0.0520
vn 0.5892 0.8048 0.0720
vn 0.5957 0.8031 0.0168
vn 0.5957 0.8030 0.0168
vn 0.6408 0.7670 -0.0329
vn 0.6547 0.7555 -0.0259
vn 0.5892 0.8047 0.0720
vn 0.5835 0.8078 -0.0835
vn 0.5835 0.8078 -0.0836
vn 0.7346 0.6766 -0.0520
vn -0.9673 -0.0805 -0.2406
vn -0.9510 -0.0688 -0.3014
vn -0.9533 -0.0229 -0.3012
vn -0.9362 -0.0202 -0.3510
vn -0.9533 -0.0229 -0.3011
vn -0.9361 -0.0202 -0.3510
vn -0.9330 0.0760 -0.3517
vn -0.9589 0.0557 -0.2781
vn -0.9672 -0.0081 -0.2540
vn -0.9672 -0.0082 -0.2540
vn -0.9772 -0.0668 -0.2016
vn -0.9790 -0.0758 -0.1892
vn -0.9772 -0.0668 -0.2015
vn -0.9784 0.0118 -0.2064
vn -0.9784 0.0117 -0.2064
vn -0.9772 -0.0667 -0.2015
vn -0.9672 -0.0082 -0.2539
vn -0.9795 0.1041 -0.1727
vn 0.5827 0.8062 0.1027
vn 0.5748 0.8120 0.1014
vn 0.5749 0.8119 0.1014
vn -0.9848 0.0076 -0.1736
vn -0.9848 0.0075 -0.1736
vn -0.9848 0.0066 -0.1736
vn -0.9848 0.0067 -0.1736
vn -0.9848 0.0041 -0.1736
vn -0.9848 0.0040 -0.1736
vn -0.9848 0.0029 -0.1736
vn -0.9848 -0.0000 -0.1737
vn -0.9848 -0.0000 -0.1736
vn -0.3282 -0.9298 -0.1669
vn -0.3946 -0.8574 -0.3304
vn -0.3445 -0.9124 -0.2211
vn -0.3445 -0.9124 -0.2210
vn -0.3970 -0.8555 -0.3325
vn -0.4237 -0.8749 -0.2344
vn -0.4442 -0.8631 -0.2402
vn -0.4238 -0.8749 -0.2344
vn -0.4530 -0.8754 -0.1688
vn -0.4771 -0.8584 -0.1884
vn -0.4975 -0.8599 -0.1140
vn -0.5153 -0.8495 -0.1132
vn -0.5077 -0.8614 -0.0145
vn -0.5077 -0.8614 -0.0146
vn -0.5153 -0.8495 -0.1131
vn -0.5522 -0.8311 -0.0665
vn -0.5521 -0.8311 -0.0666
vn -0.5676 -0.8227 -0.0303
vn -0.5725 -0.8080 -0.1392
vn -0.5964 -0.7953 -0.1084
vn -0.5966 -0.7952 -0.1085
vn -0.5706 -0.8024 -0.1748
vn -0.5330 -0.8133 -0.2334
vn -0.5321 -0.8021 -0.2712
vn -0.5134 -0.8041 -0.2998
vn -0.3990 -0.8541 -0.3337
vn -0.4675 -0.8278 -0.3101
vn -0.4709 -0.8446 -0.2546
vn -0.4574 -0.8525 -0.2530
vn -0.5047 -0.8426 -0.1880
vn -0.5047 -0.8426 -0.1881
vn -0.4296 -0.9015 -0.0516
vn -0.4230 -0.9056 -0.0314
vn -0.3506 -0.9343 -0.0639
vn -0.3526 -0.9295 -0.1080
vn -0.3723 -0.9238 -0.0898
vn -0.3506 -0.9344 -0.0639
vn -0.3505 -0.9344 -0.0639
vn -0.4140 -0.9041 -0.1061
vn -0.4112 -0.8970 -0.1624
vn -0.3733 -0.9174 -0.1379
vn -0.3282 -0.9298 -0.1668
vn -0.5241 -0.8289 -0.1953
vn -0.5241 -0.8290 -0.1953
vn -0.4975 -0.8599 -0.1139
vn -0.5521 -0.8311 -0.0665
vn 0.9898 -0.0846 0.1146
vn 0.9898 -0.0921 0.1090
vn 0.9898 -0.0856 0.1137
vn 0.9898 -0.0903 0.1103
vn 0.9898 -0.0861 0.1133
vn -0.8895 -0.2834 -0.3584
vn -0.9221 -0.2301 -0.3112
vn -0.9196 -0.2543 -0.2996
vn -0.9221 -0.2301 -0.3111
vn -0.9491 -0.1808 -0.2578
vn -0.9526 -0.1880 -0.2394
vn -0.9693 -0.1324 -0.2071
vn -0.9725 -0.1221 -0.1983
vn -0.9725 -0.1220 -0.1983
vn -0.9805 -0.0755 -0.1817
vn -0.9817 -0.0660 -0.1784
vn -0.9805 -0.0755 -0.1816
vn -0.9835 -0.0506 -0.1734
vn -0.9831 -0.0478 -0.1765
vn -0.9790 -0.0774 -0.1888
vn -0.9790 -0.0775 -0.1888
vn -0.9685 -0.1221 -0.2168
vn -0.9601 -0.1434 -0.2402
vn -0.9411 -0.1855 -0.2828
vn 0.9873 -0.0655 0.1451
vn 0.9898 -0.0846 0.1147
vn 0.9883 -0.0744 0.1329
vn 0.9898 -0.0856 0.1138
vn 0.9870 -0.0976 0.1274
vn 0.9898 -0.0860 0.1134
vn 0.9864 -0.0818 0.1428
vn 0.9836 -0.1079 0.1443
vn 0.9837 -0.0841 0.1592
vn 0.9804 -0.1176 0.1578
vn 0.9799 -0.1025 0.1713
vn 0.9786 -0.1122 0.1726
vn 0.9813 -0.0897 0.1704
vn 0.9845 -0.0650 0.1631
vn 0.9845 -0.0649 0.1631
vn 0.9855 -0.0693 0.1550
vn 0.9873 -0.0655 0.1450
vn 0.9864 -0.0818 0.1429
vn 0.9883 -0.0743 0.1329
vn -0.9817 -0.0661 -0.1784
vn -0.9845 -0.0232 -0.1736
vn -0.9845 -0.0233 -0.1736
vn -0.9846 -0.0213 -0.1736
vn -0.9847 -0.0129 -0.1736
vn -0.9846 -0.0214 -0.1736
vn -0.9848 -0.0092 -0.1736
vn -0.9835 -0.0505 -0.1734
vn -0.1960 0.8170 -0.5423
vn -0.0042 0.8678 -0.4969
vn 0.0771 0.8785 -0.4716
vn 0.2362 0.8805 -0.4111
vn 0.0771 0.8784 -0.4716
vn 0.3141 0.8718 -0.3760
vn 0.4612 0.8356 -0.2983
vn 0.5305 0.8081 -0.2558
vn 0.5306 0.8081 -0.2558
vn 0.6816 0.7172 -0.1454
vn 0.6815 0.7172 -0.1454
vn 0.6837 0.7155 -0.1436
vn 0.6836 0.7155 -0.1437
vn 0.3188 -0.4698 -0.8232
vn 0.3180 -0.4667 -0.8253
vn 0.3188 -0.4699 -0.8232
vn 0.2920 -0.3691 -0.8823
vn 0.3187 -0.4699 -0.8232
vn 0.3180 -0.4667 -0.8252
vn 0.3180 -0.4668 -0.8252
vn 0.3187 -0.4700 -0.8232
vn 0.3189 -0.4698 -0.8232
vn -0.3991 -0.8536 -0.3349
vn -0.3998 -0.8530 -0.3354
vn -0.5271 -0.7256 -0.4423
vn -0.3998 -0.8530 -0.3355
vn -0.5728 -0.6640 -0.4807
vn -0.6508 -0.5275 -0.5461
vn -0.6831 -0.4526 -0.5732
vn -0.6831 -0.4527 -0.5732
vn -0.7320 -0.2948 -0.6142
vn -0.7487 -0.2118 -0.6282
vn -0.7660 -0.0027 -0.6428
vn -0.3970 -0.8555 -0.3324
vn -0.3970 -0.8554 -0.3326
vn -0.3990 -0.8536 -0.3348
vn -0.8977 -0.2686 -0.3493
vn -0.8985 -0.2671 -0.3483
vn -0.8977 -0.2687 -0.3493
vn -0.8953 -0.2730 -0.3520
vn -0.8942 -0.2751 -0.3532
vn -0.8914 -0.2801 -0.3563
vn -0.8914 -0.2802 -0.3564
vn -0.8942 -0.2750 -0.3532
vn -0.1694 0.0001 0.9855
vn -0.1631 0.0002 0.9866
vn -0.1737 -0.0000 0.9848
vn -0.1736 -0.0000 0.9848
vn -0.1730 -0.0851 0.9812
vn -0.1736 -0.0305 0.9843
vn -0.1747 0.0030 0.9846
vn -0.1736 -0.0001 0.9848
vn -0.2118 0.1096 0.9712
vn -0.1632 -0.0000 0.9866
vn -0.1308 0.0001 0.9914
vn -0.1307 0.0001 0.9914
vn -0.1843 -0.0000 0.9829
vn -0.1961 0.0001 0.9806
vn 0.1735 0.0434 -0.9839
vn 0.1734 0.0509 -0.9835
vn 0.1736 -0.0000 -0.9848
vn 0.1720 -0.0000 -0.9851
vn 0.1544 -0.0002 -0.9880
vn 0.1740 -0.0010 -0.9847
vn 0.1740 -0.0009 -0.9847
vn 0.1737 -0.0000 -0.9848
vn 0.2097 -0.1035 -0.9723
vn 0.1611 0.0001 -0.9869
vn 0.2040 -0.0001 -0.9790
vn 0.1642 -0.0000 -0.9864
vn 0.1672 -0.0000 -0.9859
vn 0.1555 0.4419 -0.8835
vn 0.1608 0.3742 -0.9133
vn 0.1500 0.5040 -0.8506
vn 0.1608 0.3772 -0.9121
vn 0.1608 0.3772 -0.9120
vn 0.1593 0.3992 -0.9029
vn 0.1594 0.3992 -0.9029
vn 0.1693 0.2222 -0.9602
vn 0.1592 0.3992 -0.9029
vn 0.1695 0.2249 -0.9595
vn 0.1720 0.1521 -0.9733
vn 0.1555 0.4420 -0.8835
vn 0.1655 0.3023 -0.9387
vn 0.1608 0.3741 -0.9133
vn 0.1656 0.3023 -0.9387
vn 0.1669 0.2733 -0.9473
vn 0.1610 0.3742 -0.9133
vn 0.1701 0.1979 -0.9653
vn 0.1701 0.1980 -0.9653
vn 0.1668 0.2733 -0.9473
vn 0.1725 0.1126 -0.9786
vn 0.1725 0.1126 -0.9785
vn 0.1657 0.3006 -0.9392
vn 0.1658 0.3006 -0.9392
vn 0.1643 0.3288 -0.9300
vn 0.1692 0.2249 -0.9596
vn 0.1643 0.3289 -0.9300
vn 0.1525 0.4785 -0.8647
vn 0.1424 0.5724 -0.8075
vn 0.1702 0.1980 -0.9653
vn 0.9735 -0.2285 0.0092
vn 0.9735 -0.2286 0.0091
vn 0.9582 -0.2842 -0.0331
vn 0.9735 -0.2285 0.0091
vn 0.9133 -0.3903 -0.1164
vn 0.8837 -0.4407 -0.1575
vn 0.8116 -0.5342 -0.2367
vn 0.7690 -0.5772 -0.2748
vn 0.6522 -0.6674 -0.3595
vn 0.6523 -0.6673 -0.3595
vn -0.1430 -0.5670 0.8112
vn -0.1484 -0.5197 0.8414
vn -0.1422 -0.5735 0.8067
vn -0.1422 -0.5736 0.8067
vn -0.1483 -0.5197 0.8413
vn -0.1381 -0.5724 0.8083
vn -0.1423 -0.5736 0.8067
vn -0.1450 -0.5745 0.8056
vn -0.1422 -0.5735 0.8068
vn 0.6412 -0.6743 -0.3664
vn 0.6411 -0.6743 -0.3664
vn 0.5107 -0.7407 -0.4366
vn 0.4518 -0.7628 -0.4627
vn 0.3286 -0.7961 -0.5081
vn 0.2644 -0.8074 -0.5275
vn 0.3287 -0.7961 -0.5081
vn 0.2644 -0.8074 -0.5274
vn 0.1156 -0.8191 -0.5620
vn 0.1156 -0.8190 -0.5620
vn 0.0836 -0.8190 -0.5676
vn -0.0680 -0.8074 -0.5861
vn -0.1351 -0.7961 -0.5899
vn -0.2663 -0.7628 -0.5893
vn -0.1350 -0.7961 -0.5899
vn -0.3306 -0.7407 -0.5849
vn -0.3305 -0.7407 -0.5849
vn -0.4536 -0.6866 -0.5682
vn -0.5124 -0.6546 -0.5558
vn -0.6221 -0.5821 -0.5236
vn -0.6731 -0.5415 -0.5037
vn -0.7649 -0.4535 -0.4573
vn -0.7650 -0.4535 -0.4573
vn -0.6731 -0.5416 -0.5037
vn -0.8059 -0.4061 -0.4308
vn -0.8897 -0.2832 -0.3582
vn 1.0000 -0.0004 -0.0000
vn 1.0000 -0.0014 -0.0000
vn 0.9826 -0.1858 -0.0000
vn 0.9659 -0.2589 -0.0000
vn 0.9659 -0.2590 -0.0000
vn 0.9166 -0.3997 -0.0000
vn 0.9166 -0.3998 -0.0000
vn 0.8840 -0.4674 -0.0000
vn 0.8841 -0.4674 -0.0000
vn 0.8047 -0.5937 -0.0000
vn 0.7579 -0.6524 -0.0000
vn 0.6524 -0.7579 -0.0000
vn 0.5937 -0.8047 -0.0000
vn 0.4674 -0.8840 -0.0000
vn 0.3997 -0.9166 -0.0000
vn 0.2590 -0.9659 -0.0000
vn 0.1858 -0.9826 -0.0000
vn 0.0078 -1.0000 -0.0000
vn -0.9234 0.0420 -0.3816
vn -0.8691 0.2016 -0.4516
vn -0.8380 0.2660 -0.4764
vn -0.8691 0.2015 -0.4516
vn -0.8381 0.2660 -0.4764
vn -0.7622 0.3892 -0.5173
vn -0.7174 0.4479 -0.5335
vn -0.6164 0.5569 -0.5566
vn -0.5603 0.6071 -0.5635
vn -0.6164 0.5570 -0.5566
vn -0.4393 0.6963 -0.5676
vn -0.4393 0.6964 -0.5676
vn -0.5602 0.6071 -0.5635
vn -0.3745 0.7354 -0.5648
vn -0.2179 0.8089 -0.5461
vn -0.9246 0.0371 -0.3792
vn -0.9234 0.0421 -0.3816
vn -0.3188 0.4698 0.8232
vn -0.3188 0.4699 0.8232
vn -0.3175 0.4646 0.8266
vn -0.3175 0.4647 0.8266
vn -0.3189 0.4699 0.8231
vn -0.3187 0.4697 0.8233
vn -0.2905 0.3638 0.8850
vn -0.9258 0.0317 -0.3767
vn -0.9258 0.0317 -0.3766
vn -0.9259 0.0315 -0.3765
vn -0.9253 0.0340 -0.3777
vn -0.9253 0.0339 -0.3777
vn -0.9251 0.0348 -0.3781
vn -0.9251 0.0349 -0.3782
vn -0.9246 0.0370 -0.3792
vn -0.9245 0.0371 -0.3793
vn 0.2549 -0.2432 -0.9359
vn 0.2726 -0.3018 -0.9135
vn 0.2097 -0.1034 -0.9723
vn 0.2291 -0.1619 -0.9598
vn 0.2550 -0.2432 -0.9359
vn 0.2726 -0.3018 -0.9136
vn 0.2291 -0.1620 -0.9598
vn 0.1981 0.9796 0.0349
vn 0.2354 0.9710 0.0415
vn 0.3953 0.9159 0.0697
vn 0.4621 0.8831 0.0815
vn 0.5749 0.8120 0.1014
vn 0.4622 0.8830 0.0815
vn 0.9799 -0.1026 0.1713
vn 0.9794 -0.1045 0.1727
vn 0.1155 -0.8190 -0.5620
vn -0.4998 0.0004 0.8661
vn -0.4244 0.0004 0.9055
vn -0.6388 -0.0000 0.7694
vn -0.4278 -0.0000 0.9039
vn -0.4487 -0.0004 0.8937
vn -0.2563 -0.0004 0.9666
vn -0.4486 -0.0004 0.8937
vn -0.3417 -0.0001 0.9398
vn -0.3418 -0.0002 0.9398
vn -0.1736 -0.0004 0.9848
vn -0.1735 -0.0004 0.9848
vn -0.1020 -0.0000 0.9948
vn -0.1019 -0.0000 0.9948
vn -0.2533 -0.0000 0.9674
vn -0.2302 0.0004 0.9731
vn -0.2303 0.0004 0.9731
vn -0.3417 0.0002 0.9398
vn -0.3416 0.0002 0.9398
vn -0.1315 0.0001 0.9913
vn -0.0791 -0.0000 0.9969
vn -0.5363 -0.0001 0.8440
vn -0.6408 -0.0000 0.7677
vn -0.2546 0.2422 0.9362
vn -0.2549 0.2432 0.9359
vn -0.2550 0.2432 0.9359
vn -0.2118 0.1096 0.9711
vn 0.1734 -0.0004 -0.9849
vn 0.2562 -0.0004 -0.9666
vn 0.1029 -0.0000 -0.9947
vn 0.2533 -0.0000 -0.9674
vn 0.4278 -0.0000 -0.9039
vn 0.6396 -0.0000 -0.7687
vn 0.4241 0.0004 -0.9056
vn 0.4240 0.0004 -0.9056
vn 0.2253 -0.0000 -0.9743
vn 0.2253 0.0001 -0.9743
vn 0.4240 -0.0000 -0.9056
vn 0.3098 0.0003 -0.9508
vn 0.2252 0.0001 -0.9743
vn 0.1249 0.0001 -0.9922
vn 0.3413 0.0002 -0.9399
vn 0.3414 0.0001 -0.9399
vn 0.3413 0.0001 -0.9399
vn 0.4997 0.0004 -0.8662
vn 0.3414 -0.0002 -0.9399
vn 0.2563 -0.0004 -0.9666
vn 0.3414 -0.0001 -0.9399
vn 0.3735 -0.0003 -0.9276
vn 0.2563 -0.0000 -0.9666
vn 0.4528 -0.0001 -0.8916
vn 0.5421 -0.0001 -0.8403
vn 0.6421 -0.0000 -0.7666
vn 0.3413 -0.0001 -0.9399
vn 0.1248 0.0001 -0.9922
vn 0.4528 -0.0002 -0.8916
vn 0.4528 -0.0000 -0.8916
vn 0.2253 0.0002 -0.9743
vn -0.1713 -0.1562 0.9728
vn -0.1689 -0.2257 0.9594
vn -0.1730 -0.0852 0.9812
vn -0.1704 -0.2033 0.9642
vn -0.1726 -0.1184 0.9779
vn -0.1725 -0.1184 0.9779
vn -0.1658 -0.3007 0.9392
vn -0.1657 -0.3006 0.9392
vn -0.1614 -0.3746 0.9130
vn -0.1561 -0.4423 0.8832
vn -0.1591 -0.3961 0.9043
vn -0.1430 -0.5669 0.8112
vn -0.1530 -0.4725 0.8680
vn -0.1655 -0.3023 0.9387
vn 0.1689 0.5815 -0.7958
vn 0.1479 0.5752 -0.8045
vn 0.1423 0.5736 -0.8067
vn 0.1422 0.5736 -0.8067
vn 0.1479 0.5753 -0.8045
vn 0.1422 0.5735 -0.8067
vn 0.1422 0.5734 -0.8068
vn -0.0004 -0.0000 1.0000
vn -0.0487 0.0001 0.9988
vn -0.0756 0.0002 0.9971
vn -0.1161 0.0001 0.9932
vn 0.1221 -0.0000 -0.9925
vn 0.0871 -0.0000 -0.9962
vn 0.0519 -0.0000 -0.9987
vn 0.0872 -0.0000 -0.9962
vn 0.0520 -0.0000 -0.9986
vn -0.1546 -0.9879 -0.0099
vn -0.0047 -1.0000 -0.0038
vn -0.0845 -0.9964 -0.0102
vn -0.0046 -1.0000 -0.0038
vn 0.0800 -0.9967 0.0141
vn 0.0542 -0.9985 0.0095
vn 0.0542 -0.9985 0.0096
vn 0.0144 -0.9999 0.0045
vn 0.0143 -0.9999 0.0049
vn -0.1341 -0.9909 -0.0085
vn -0.2517 -0.9678 -0.0028
vn -0.2944 -0.9557 -0.0000
vn -0.2927 -0.9562 -0.0000
vn 0.0079 1.0000 -0.0000
vn -0.2945 -0.9557 -0.0000
vn -0.4123 -0.9111 -0.0000
vn -0.2928 -0.9562 -0.0000
vn -0.4578 -0.8890 -0.0000
vn -0.1545 -0.9879 -0.0099
vn -0.6065 -0.7951 -0.0000
vn -0.4579 -0.8890 -0.0000
vn -0.6679 -0.7443 -0.0000
vn -0.7769 -0.6296 -0.0000
vn -0.8246 -0.5658 -0.0000
vn -0.8246 -0.5657 -0.0000
vn -0.9035 -0.4286 -0.0000
vn -0.9347 -0.3553 -0.0000
vn -0.9791 -0.2034 -0.0000
vn -0.9922 -0.1249 -0.0000
vn -0.9791 -0.2035 -0.0000
vn -0.9994 0.0332 -0.0000
vn -0.9922 -0.1248 -0.0000
vn -0.9936 0.1126 -0.0000
vn -0.9634 0.2680 -0.0000
vn -0.9390 0.3438 -0.0000
vn -0.8730 0.4876 -0.0000
vn -0.8731 0.4876 -0.0000
vn -0.8315 0.5556 -0.0000
vn -0.7058 0.7084 -0.0000
vn -0.7057 0.7085 -0.0000
vn -0.6043 0.7967 -0.0000
vn -0.7058 0.7085 -0.0000
vn -0.6000 0.8000 -0.0000
vn 0.6833 -0.7161 -0.1428
vn 0.6277 -0.7695 -0.1182
vn 0.6853 -0.7143 -0.1419
vn 0.6277 -0.7695 -0.1181
vn 0.6531 -0.7536 -0.0752
vn 0.6713 -0.7384 -0.0639
vn 0.6713 -0.7384 -0.0638
vn 0.6502 -0.7592 -0.0282
vn 0.6633 -0.7480 -0.0215
vn 0.6633 -0.7480 -0.0214
vn 0.6326 -0.7686 0.0950
vn 0.7015 -0.7097 0.0645
vn 0.6895 -0.7186 0.0905
vn 0.7550 -0.6547 0.0371
vn 0.7642 -0.6446 0.0223
vn 0.7495 -0.6613 -0.0296
vn 0.6878 -0.7124 -0.1395
vn 0.6878 -0.7123 -0.1395
vn 0.6854 -0.7143 -0.1419
vn 0.5836 -0.8078 -0.0836
vn 0.5835 -0.8078 -0.0836
vn 0.6029 -0.7978 0.0067
vn 0.5836 -0.8078 -0.0835
vn 0.5892 -0.8047 0.0720
vn 0.6886 -0.7230 -0.0568
vn 0.6634 -0.7480 -0.0214
vn 0.6886 -0.7229 -0.0568
vn -0.9510 0.0688 -0.3014
vn -0.9562 0.0343 -0.2906
vn -0.9355 -0.0285 -0.3522
vn -0.9562 0.0342 -0.2906
vn -0.9573 -0.0480 -0.2851
vn -0.9573 -0.0481 -0.2851
vn -0.9107 -0.0889 -0.4035
vn -0.9673 0.0805 -0.2406
vn -0.9660 0.0249 -0.2573
vn -0.9660 0.0248 -0.2573
vn -0.9765 0.0317 -0.2134
vn -0.9741 -0.0692 -0.2153
vn -0.9845 0.0250 -0.1736
vn -0.9790 0.0758 -0.1892
vn 0.5673 -0.8174 0.1000
vn 0.5895 -0.8011 0.1039
vn -0.9848 -0.0070 -0.1736
vn -0.9845 0.0251 -0.1736
vn -0.9848 -0.0073 -0.1736
vn -0.9848 -0.0069 -0.1736
vn -0.9848 -0.0042 -0.1736
vn -0.9848 -0.0029 -0.1736
vn -0.9848 -0.0030 -0.1736
vn -0.4924 0.8701 -0.0189
vn -0.5676 0.8228 -0.0296
vn -0.5496 0.8298 -0.0968
vn -0.5971 0.7953 -0.1051
vn -0.5971 0.7952 -0.1051
vn -0.5450 0.8146 -0.1987
vn -0.5249 0.7953 -0.3033
vn -0.4819 0.8252 -0.2947
vn -0.5450 0.8145 -0.1987
vn -0.5114 0.8341 -0.2068
vn -0.5496 0.8298 -0.0969
vn -0.4981 0.8508 -0.1674
vn -0.4981 0.8508 -0.1675
vn -0.4893 0.8653 -0.1085
vn -0.4893 0.8654 -0.1084
vn -0.4356 0.8882 -0.1464
vn -0.4355 0.8882 -0.1464
vn -0.4412 0.8963 -0.0442
vn -0.4356 0.8882 -0.1463
vn -0.3725 0.9238 -0.0883
vn -0.4411 0.8963 -0.0442
vn -0.4153 0.9093 -0.0265
vn -0.4153 0.9093 -0.0264
vn -0.3508 0.9344 -0.0620
vn -0.3530 0.9296 -0.1056
vn -0.3530 0.9296 -0.1057
vn -0.3657 0.9173 -0.1576
vn -0.3657 0.9173 -0.1577
vn -0.3294 0.9296 -0.1653
vn -0.3262 0.9263 -0.1883
vn -0.3262 0.9263 -0.1884
vn -0.3949 0.8574 -0.3299
vn -0.3678 0.8999 -0.2344
vn -0.3949 0.8575 -0.3299
vn -0.3973 0.8552 -0.3329
vn -0.4531 0.8619 -0.2276
vn -0.4531 0.8619 -0.2277
vn -0.3990 0.8541 -0.3337
vn -0.3990 0.8540 -0.3337
vn -0.4925 0.8701 -0.0189
vn -0.4893 0.8653 -0.1084
vn -0.3678 0.8999 -0.2343
vn 0.9898 0.0846 0.1146
vn 0.9898 0.0856 0.1137
vn 0.9898 0.0890 0.1113
vn 0.9898 0.0855 0.1140
vn 0.9897 0.0945 0.1073
vn 0.9898 0.0860 0.1134
vn -0.8895 0.2834 -0.3584
vn -0.9196 0.2543 -0.2996
vn -0.9221 0.2301 -0.3112
vn -0.9491 0.1808 -0.2578
vn -0.9221 0.2301 -0.3111
vn -0.9411 0.1855 -0.2828
vn -0.9601 0.1434 -0.2402
vn -0.9685 0.1221 -0.2169
vn -0.9685 0.1221 -0.2168
vn -0.9492 0.1808 -0.2578
vn -0.9693 0.1324 -0.2071
vn -0.9790 0.0774 -0.1888
vn -0.9805 0.0755 -0.1817
vn -0.9831 0.0478 -0.1765
vn -0.9835 0.0505 -0.1734
vn -0.9835 0.0506 -0.1734
vn -0.9817 0.0660 -0.1784
vn -0.9725 0.1220 -0.1983
vn -0.9725 0.1221 -0.1983
vn -0.9526 0.1880 -0.2394
vn -0.9525 0.1880 -0.2394
vn 0.9898 0.0846 0.1147
vn 0.9883 0.0744 0.1330
vn 0.9898 0.0856 0.1138
vn 0.9883 0.0744 0.1329
vn 0.9870 0.0976 0.1274
vn 0.9873 0.0655 0.1451
vn 0.9864 0.0818 0.1429
vn 0.9864 0.0818 0.1428
vn 0.9836 0.1079 0.1443
vn 0.9837 0.0841 0.1592
vn 0.9804 0.1176 0.1578
vn 0.9799 0.1025 0.1713
vn 0.9786 0.1122 0.1726
vn 0.9873 0.0655 0.1450
vn 0.9855 0.0693 0.1550
vn 0.9855 0.0693 0.1551
vn 0.9845 0.0650 0.1631
vn 0.9813 0.0897 0.1704
vn 0.9799 0.1026 0.1713
vn -0.9845 0.0232 -0.1736
vn -0.9845 0.0233 -0.1736
vn -0.9846 0.0213 -0.1736
vn -0.9847 0.0129 -0.1736
vn -0.9848 0.0092 -0.1736
vn -0.9848 0.0091 -0.1736
vn -0.9817 0.0661 -0.1784
vn 0.6832 -0.7159 -0.1440
vn 0.6825 -0.7164 -0.1446
vn 0.5306 -0.8081 -0.2558
vn 0.5305 -0.8081 -0.2558
vn 0.6825 -0.7165 -0.1446
vn 0.4612 -0.8356 -0.2983
vn 0.3141 -0.8718 -0.3760
vn 0.2362 -0.8805 -0.4111
vn 0.0771 -0.8785 -0.4716
vn -0.0042 -0.8678 -0.4969
vn -0.1960 -0.8170 -0.5423
vn -0.1960 -0.8170 -0.5422
vn 0.3188 0.4698 -0.8232
vn 0.3188 0.4699 -0.8232
vn 0.3189 0.4698 -0.8232
vn 0.3181 0.4672 -0.8249
vn 0.3187 0.4699 -0.8232
vn 0.3187 0.4698 -0.8232
vn 0.3188 0.4699 -0.8231
vn 0.2916 0.3675 -0.8831
vn -0.7660 0.0028 -0.6428
vn -0.7487 0.2118 -0.6282
vn -0.7320 0.2948 -0.6142
vn -0.6831 0.4527 -0.5732
vn -0.6508 0.5275 -0.5461
vn -0.6831 0.4527 -0.5731
vn -0.5728 0.6640 -0.4807
vn -0.5728 0.6639 -0.4807
vn -0.5271 0.7256 -0.4423
vn -0.5728 0.6640 -0.4806
vn -0.4007 0.8523 -0.3362
vn -0.3986 0.8539 -0.3345
vn 0.6428 -0.0000 -0.7660
vn 0.6428 -0.0000 -0.7661
vn 0.6428 -0.0001 -0.7661
vn 0.6428 0.0001 -0.7661
vn -0.3973 0.8551 -0.3330
vn -0.3972 0.8552 -0.3328
vn -0.8982 0.2677 -0.3487
vn -0.8982 0.2676 -0.3487
vn -0.8980 0.2681 -0.3490
vn -0.8953 0.2730 -0.3519
vn -0.8953 0.2730 -0.3520
vn -0.8942 0.2750 -0.3532
vn -0.8953 0.2729 -0.3519
vn -0.8914 0.2801 -0.3564
vn -0.8913 0.2802 -0.3564
vn -0.1734 0.0590 0.9831
vn -0.1733 0.0622 0.9829
vn -0.1631 -0.0002 0.9866
vn -0.1632 -0.0002 0.9866
vn -0.1694 -0.0001 0.9855
vn -0.1744 -0.0020 0.9847
vn -0.2128 -0.1126 0.9706
vn -0.2128 -0.1125 0.9706
vn -0.1961 -0.0001 0.9806
vn -0.1744 -0.0021 0.9847
vn -0.1308 -0.0001 0.9914
vn 0.1544 0.0002 -0.9880
vn 0.1731 -0.0776 -0.9818
vn 0.1736 -0.0190 -0.9846
vn 0.1736 -0.0191 -0.9846
vn 0.1742 0.0015 -0.9847
vn 0.2080 0.0984 -0.9732
vn 0.1641 -0.0000 -0.9864
vn 0.2080 0.0985 -0.9732
vn 0.1611 -0.0001 -0.9869
vn 0.1612 -0.0001 -0.9869
vn 0.2039 0.0001 -0.9790
vn 0.1713 -0.1561 -0.9728
vn 0.1689 -0.2257 -0.9594
vn 0.1731 -0.0775 -0.9818
vn 0.1693 -0.2222 -0.9602
vn 0.1703 -0.1987 -0.9651
vn 0.1608 -0.3773 -0.9120
vn 0.1702 -0.1987 -0.9652
vn 0.1613 -0.3745 -0.9131
vn 0.1608 -0.3772 -0.9120
vn 0.1427 -0.5701 -0.8091
vn 0.1561 -0.4423 -0.8832
vn 0.1713 -0.1562 -0.9728
vn 0.1655 -0.3023 -0.9387
vn 0.1656 -0.3023 -0.9387
vn 0.1637 -0.3304 -0.9295
vn 0.1692 -0.2257 -0.9594
vn 0.1637 -0.3305 -0.9295
vn 0.1590 -0.4006 -0.9024
vn 0.1524 -0.4785 -0.8647
vn 0.1475 -0.5276 -0.8366
vn 0.1524 -0.4786 -0.8647
vn 0.1657 -0.3006 -0.9392
vn 0.1614 -0.3746 -0.9130
vn 0.1658 -0.3006 -0.9392
vn 0.1674 -0.2722 -0.9476
vn 0.1610 -0.3745 -0.9131
vn 0.1726 -0.1117 -0.9786
vn 0.1674 -0.2723 -0.9476
vn 0.1591 -0.4006 -0.9023
vn 0.6523 0.6673 -0.3595
vn 0.7690 0.5772 -0.2748
vn 0.8116 0.5342 -0.2367
vn 0.8837 0.4407 -0.1575
vn 0.9133 0.3902 -0.1164
vn 0.9133 0.3903 -0.1164
vn 0.9582 0.2842 -0.0331
vn 0.9735 0.2285 0.0091
vn 0.9735 0.2286 0.0091
vn 0.9735 0.2286 0.0092
vn 0.9898 0.0890 0.1112
vn -0.1450 0.5745 0.8056
vn -0.1381 0.5724 0.8083
vn -0.1423 0.5736 0.8067
vn -0.1422 0.5736 0.8067
vn -0.1505 0.4994 0.8532
vn -0.1422 0.5735 0.8067
vn -0.1505 0.4993 0.8532
vn -0.1425 0.5713 0.8083
vn -0.1423 0.5737 0.8066
vn -0.1422 0.5735 0.8068
vn 0.6412 0.6743 -0.3664
vn 0.1156 0.8190 -0.5620
vn 0.2644 0.8074 -0.5275
vn 0.3287 0.7961 -0.5081
vn 0.2644 0.8074 -0.5274
vn 0.3286 0.7961 -0.5081
vn 0.4518 0.7628 -0.4626
vn 0.4518 0.7628 -0.4627
vn 0.5107 0.7407 -0.4366
vn 0.6411 0.6743 -0.3664
vn -0.8897 0.2832 -0.3582
vn -0.8059 0.4061 -0.4308
vn -0.7650 0.4535 -0.4573
vn -0.6731 0.5415 -0.5037
vn -0.7650 0.4535 -0.4574
vn -0.6221 0.5821 -0.5236
vn -0.6222 0.5821 -0.5236
vn -0.5124 0.6546 -0.5558
vn -0.4536 0.6866 -0.5682
vn -0.3305 0.7407 -0.5849
vn -0.2663 0.7628 -0.5893
vn -0.3306 0.7407 -0.5849
vn -0.1350 0.7961 -0.5899
vn -0.0680 0.8074 -0.5861
vn -0.1351 0.7961 -0.5899
vn 0.0836 0.8191 -0.5676
vn 0.0836 0.8190 -0.5676
vn -0.8914 0.2802 -0.3564
vn -0.8897 0.2831 -0.3582
vn 0.0078 1.0000 -0.0000
vn 0.1858 0.9826 -0.0000
vn 0.2590 0.9659 -0.0000
vn 0.3997 0.9166 -0.0000
vn 0.4674 0.8840 -0.0000
vn 0.5937 0.8047 -0.0000
vn 0.6524 0.7579 -0.0000
vn 0.7579 0.6524 -0.0000
vn 0.8047 0.5937 -0.0000
vn 0.8840 0.4674 -0.0000
vn 0.8841 0.4674 -0.0000
vn 0.9166 0.3998 -0.0000
vn 0.9659 0.2590 -0.0000
vn 0.9166 0.3997 -0.0000
vn 0.9826 0.1858 -0.0000
vn 0.9659 0.2589 -0.0000
vn 1.0000 0.0014 -0.0000
vn 1.0000 0.0004 -0.0000
vn -0.0005 -0.0000 1.0000
vn -0.0487 -0.0001 0.9988
vn -0.0006 -0.0000 1.0000
vn 0.0002 -0.0000 1.0000
vn -0.2179 -0.8089 -0.5461
vn -0.3745 -0.7354 -0.5648
vn -0.4393 -0.6964 -0.5676
vn -0.4393 -0.6963 -0.5676
vn -0.5603 -0.6071 -0.5635
vn -0.5602 -0.6071 -0.5635
vn -0.6165 -0.5569 -0.5566
vn -0.6164 -0.5569 -0.5566
vn -0.7174 -0.4480 -0.5335
vn -0.7174 -0.4479 -0.5335
vn -0.7622 -0.3892 -0.5173
vn -0.8381 -0.2660 -0.4764
vn -0.8691 -0.2015 -0.4516
vn -0.8381 -0.2659 -0.4763
vn -0.8691 -0.2016 -0.4516
vn -0.9234 -0.0420 -0.3816
vn -0.9246 -0.0371 -0.3792
vn -0.3188 -0.4699 0.8232
vn -0.3188 -0.4698 0.8232
vn -0.3171 -0.4630 0.8277
vn -0.2910 -0.3655 0.8841
vn -0.3188 -0.4697 0.8233
vn -0.3188 -0.4699 0.8231
vn -0.9259 -0.0312 -0.3764
vn -0.9259 -0.0313 -0.3765
vn -0.9258 -0.0319 -0.3768
vn -0.9258 -0.0320 -0.3768
vn -0.9253 -0.0339 -0.3777
vn -0.9251 -0.0348 -0.3781
vn -0.9253 -0.0340 -0.3777
vn -0.9251 -0.0349 -0.3782
vn -0.9246 -0.0370 -0.3792
vn -0.9107 -0.0890 -0.4034
vn 0.2550 0.2432 -0.9359
vn 0.2549 0.2432 -0.9359
vn 0.2545 0.2419 -0.9363
vn 0.3181 0.4672 -0.8250
vn -0.7660 0.0027 -0.6428
vn -0.7660 -0.0028 -0.6428
vn 0.1981 -0.9796 0.0349
vn 0.0801 -0.9967 0.0141
vn 0.2354 -0.9710 0.0415
vn 0.3953 -0.9159 0.0697
vn 0.4621 -0.8831 0.0815
vn 0.5672 -0.8175 0.1000
vn 0.9794 0.1045 0.1727
vn 0.1155 0.8190 -0.5620
vn -0.6428 -0.0000 0.7661
vn -0.6428 -0.0000 0.7660
vn -0.2726 -0.3018 0.9136
vn -0.2550 -0.2436 0.9357
vn -0.2550 -0.2436 0.9358
vn -0.2358 -0.1826 0.9545
vn -0.2910 -0.3655 0.8842
vn -0.2727 -0.3018 0.9135
vn 1.0000 0.0003 -0.0000
vn 1.0000 -0.0003 -0.0000
vn -0.1555 0.4420 0.8834
vn -0.1607 0.3742 0.9133
vn -0.1599 0.3949 0.9047
vn -0.1532 0.4725 0.8679
vn -0.1532 0.4724 0.8679
vn -0.1658 0.3007 0.9392
vn -0.1657 0.3006 0.9392
vn -0.1696 0.2249 0.9595
vn -0.1720 0.1521 0.9733
vn -0.1697 0.2037 0.9642
vn -0.1723 0.1199 0.9777
vn -0.1697 0.2036 0.9642
vn -0.1655 0.3023 0.9387
vn -0.1532 0.4724 0.8680
vn 0.1422 -0.5736 -0.8067
vn 0.1479 -0.5753 -0.8045
vn 0.1423 -0.5736 -0.8067
vn 0.1689 -0.5815 -0.7958
vn 0.1422 -0.5734 -0.8068
vn 0.1422 -0.5735 -0.8067
vn -0.0756 -0.0002 0.9971
vn -0.1307 -0.0001 0.9914
vn -0.1161 -0.0001 0.9932
s 0
f 1//1 2//1 3//1
f 4//1 5//1 6//1
f 7//1 8//1 9//1
f 10//2 11//2 12//2
f 13//1 14//1 15//1
f 16//1 17//1 18//1
f 19//1 20//1 21//1
f 22//1 23//1 24//1
f 25//1 26//1 27//1
f 28//1 29//1 30//1
f 31//1 32//1 33//1
f 34//1 35//1 36//1
f 37//1 38//1 39//1
f 40//1 41//1 42//1
f 43//1 44//1 45//1
f 46//1 47//1 48//1
f 49//1 50//1 51//1
f 52//3 53//3 54//3
f 55//1 56//1 57//1
f 58//1 59//1 60//1
f 61//1 62//1 63//1
f 64//1 65//1 66//1
f 67//1 68//1 69//1
f 70//1 71//1 72//1
f 73//1 74//1 75//1
f 76//1 77//1 78//1
f 79//1 80//1 81//1
f 82//1 83//1 84//1
f 85//1 86//1 87//1
f 88//1 89//1 90//1
f 91//1 92//1 93//1
f 94//1 95//1 96//1
f 97//1 98//1 99//1
f 100//1 101//1 102//1
f 103//1 104//1 105//1
f 106//1 107//1 108//1
f 109//1 110//1 111//1
f 112//1 113//1 114//1
f 115//1 116//1 117//1
f 118//1 119//1 120//1
f 121//4 122//4 123//4
f 124//1 125//1 126//1
f 127//4 128//4 129//4
f 130//1 131//1 132//1
f 133//1 134//1 135//1
f 136//1 137//1 138//1
f 139//1 140//1 141//1
f 142//1 143//1 144//1
f 145//1 146//1 147//1
f 148//1 149//1 150//1
f 151//1 152//1 153//1
f 154//1 155//1 156//1
f 157//1 158//1 159//1
f 160//1 161//1 162//1
f 163//1 164//1 165//1
f 166//3 167//3 168//3
f 169//1 170//1 171//1
f 172//1 173//1 174//1
f 175//1 176//1 177//1
f 178//1 179//1 180//1
f 181//1 182//1 183//1
f 184//1 185//1 186//1
f 187//1 188//1 189//1
f 190//1 191//1 192//1
f 193//1 194//1 195//1
f 196//1 197//1 198//1
f 199//1 200//1 201//1
f 202//1 203//1 204//1
f 205//1 206//1 207//1
f 208//1 209//1 210//1
f 211//1 212//1 213//1
s 1
f 214//3 215//3 216//5
f 217//5 218//3 219//6
s 0
f 220//1 221//1 222//1
f 223//1 224//1 225//1
f 226//2 227//2 228//2
f 229//1 230//1 231//1
f 232//1 233//1 234//1
f 235//1 236//1 237//1
f 238//1 239//1 240//1
f 241//7 242//1 243//1
s 1
f 244//1 245//1 246//8
s 0
f 247//4 248//4 249//4
f 250//1 251//1 252//1
f 253//1 254//1 255//1
f 256//1 257//1 258//1
f 259//1 260//1 261//1
s 1
f 262//8 263//1 264//1
s 0
f 265//9 266//1 267//1
f 268//1 269//1 270//1
f 271//1 272//1 273//1
f 274//1 275//1 276//1
s 1
f 277//10 278//11 279//12
f 280//12 281//11 282//13
f 283//12 284//13 285//14
f 286//14 287//13 288//15
f 289//15 290//13 291//16
f 292//17 293//18 294//19
f 295//20 296//13 297//21
f 298//21 299//13 300//11
f 301//14 302//22 303//23
s 0
f 304//24 305//24 306//24
f 307//24 308//24 309//24
f 310//24 311//24 312//24
f 313//24 314//24 315//24
f 316//24 317//24 318//24
f 319//24 320//24 321//24
s 1
f 322//24 323//25 324//24
f 325//24 326//25 327//25
f 328//26 329//14 330//27
f 331//27 332//14 333//28
f 334//27 335//15 336//29
f 337//29 338//28 339//17
f 340//29 341//30 342//27
f 343//27 344//30 345//31
f 346//31 347//30 348//32
f 349//31 350//32 351//33
f 352//33 353//32 354//34
f 355//35 356//34 357//36
f 358//36 359//34 360//37
f 361//36 362//37 363//38
f 364//39 365//40 366//41
f 367//39 368//41 369//42
f 370//43 371//41 372//44
f 373//43 374//44 375//45
f 376//45 377//44 378//46
f 379//45 380//46 381//47
f 382//47 383//46 384//48
f 385//47 386//48 387//48
f 388//48 389//48 390//49
f 391//49 392//50 393//51
f 394//52 395//53 396//54
f 397//54 398//55 399//56
f 400//54 401//57 402//58
f 403//58 404//59 405//60
f 406//61 407//60 408//62
f 409//63 410//60 411//64
f 412//63 413//64 414//65
f 415//65 416//64 417//66
f 418//65 419//66 420//67
f 421//67 422//66 423//68
f 424//68 425//69 426//70
f 427//68 428//70 429//71
f 430//71 431//72 432//73
f 433//71 434//73 435//74
f 436//59 437//73 438//60
f 439//75 440//76 441//65
f 442//65 443//76 444//77
f 445//65 446//77 447//63
f 448//62 449//78 450//61
f 451//75 452//79 453//76
f 454//76 455//79 456//54
f 457//76 458//54 459//78
f 460//78 461//54 462//58
f 463//73 464//70 465//66
f 466//60 467//73 468//64
f 469//64 470//73 471//66
f 472//80 473//81 474//82
f 475//82 476//81 477//83
f 478//82 479//83 480//84
f 481//84 482//85 483//82
f 484//82 485//85 486//86
f 487//82 488//86 489//80
f 490//80 491//86 492//87
f 493//80 494//87 495//88
f 496//88 497//87 498//89
f 499//89 500//90 501//86
f 502//91 503//86 504//85
f 505//85 506//92 507//91
f 508//75 509//65 510//93
f 511//93 512//65 513//94
f 514//94 515//65 516//67
f 517//88 518//91 519//95
f 520//96 521//91 522//97
f 523//95 524//98 525//99
f 526//100 527//98 528//101
f 529//100 530//101 531//102
f 532//102 533//101 534//102
f 535//89 536//103 537//97
f 538//104 539//105 540//106
f 541//107 542//105 543//108
f 544//106 545//108 546//109
f 547//109 548//108 549//110
f 550//109 551//110 552//111
f 553//111 554//110 555//112
f 556//111 557//112 558//113
f 559//114 560//112 561//115
f 562//114 563//115 564//116
f 565//117 566//115 567//118
f 568//117 569//118 570//119
f 571//119 572//120 573//121
f 574//119 575//121 576//122
f 577//123 578//121 579//124
f 580//124 581//125 582//126
f 583//124 584//126 585//127
f 586//128 587//126 588//129
f 589//127 590//129 591//130
f 592//130 593//129 594//131
f 595//130 596//131 597//108
f 598//108 599//131 600//132
f 601//108 602//132 603//133
f 604//134 605//132 606//135
f 607//134 608//136 609//112
f 610//112 611//135 612//137
f 613//114 614//116 615//138
f 616//138 617//117 618//139
f 619//138 620//139 621//140
f 622//141 623//142 624//143
f 625//144 626//145 627//146
f 628//147 629//146 630//148
f 631//138 632//146 633//149
f 634//138 635//149 636//111
f 637//111 638//149 639//109
f 640//145 641//141 642//150
f 643//150 644//141 645//151
f 646//150 647//151 648//107
f 649//112 650//110 651//134
f 652//133 653//110 654//108
f 655//146 656//142 657//150
f 658//109 659//149 660//106
f 661//106 662//149 663//150
f 664//149 665//146 666//150
f 667//152 668//115 669//136
f 670//136 671//132 672//153
f 673//153 674//132 675//131
f 676//153 677//131 678//126
f 679//126 680//131 681//129
f 682//111 683//114 684//148
f 685//153 686//126 687//125
f 688//136 689//153 690//120
f 691//120 692//153 693//121
f 694//139 695//117 696//51
f 697//51 698//116 699//49
f 700//49 701//117 702//119
f 703//154 704//155 705//156
f 706//156 707//155 708//157
f 709//158 710//157 711//159
f 712//160 713//161 714//162
f 715//163 716//164 717//165
f 718//163 719//165 720//166
f 721//166 722//165 723//167
f 724//166 725//167 726//168
f 727//168 728//167 729//169
f 730//168 731//169 732//170
f 733//170 734//169 735//171
f 736//171 737//169 738//172
f 739//172 740//169 741//173
f 742//174 743//169 744//167
f 745//173 746//167 747//175
f 748//175 749//167 750//165
f 751//176 752//165 753//177
f 754//178 755//165 756//179
f 757//179 758//180 759//161
f 760//181 761//154 762//182
f 763//183 764//184 765//185
f 766//183 767//185 768//186
f 769//186 770//185 771//187
f 772//188 773//186 774//189
f 775//190 776//186 777//191
f 778//189 779//191 780//192
f 781//192 782//193 783//194
f 784//192 785//194 786//195
f 787//196 788//194 789//197
f 790//195 791//198 792//192
f 793//192 794//198 795//199
f 796//192 797//199 798//200
f 799//192 800//201 801//189
f 802//190 803//201 804//202
f 805//189 806//203 807//188
f 808//204 809//205 810//206
f 811//206 812//171 813//207
f 814//206 815//207 816//208
f 817//208 818//207 819//209
f 820//208 821//210 822//102
f 823//102 824//209 825//102
f 826//171 827//172 828//207
f 829//211 830//211 831//212
f 832//212 833//213 834//214
f 835//212 836//214 837//215
f 838//215 839//214 840//216
f 841//215 842//216 843//217
f 844//217 845//216 846//218
f 847//217 848//218 849//219
f 850//220 851//221 852//222
f 853//223 854//219 855//74
f 856//74 857//219 858//224
f 859//225 860//224 861//71
s 0
f 862//226 863//226 864//226
f 865//227 866//227 867//227
f 868//226 869//226 870//226
s 1
f 871//228 872//227 873//227
s 0
f 874//227 875//227 876//227
f 877//226 878//226 879//226
s 1
f 880//229 881//230 882//231
f 883//228 884//232 885//232
f 886//233 887//234 888//234
f 889//227 890//227 891//228
s 0
f 892//227 893//227 894//227
f 895//227 896//227 897//227
f 898//226 899//226 900//226
f 901//230 902//230 903//230
s 1
f 904//235 905//236 906//237
f 907//237 908//238 909//239
f 910//237 911//240 912//241
f 913//241 914//239 915//242
f 916//241 917//242 918//243
f 919//243 920//242 921//244
f 922//243 923//244 924//245
f 925//246 926//244 927//246
f 928//105 929//238 930//108
f 931//108 932//238 933//235
f 934//247 935//235 936//248
f 937//249 938//250 939//164
f 940//164 941//250 942//251
f 943//164 944//251 945//179
f 946//251 947//250 948//252
f 949//252 950//250 951//253
f 952//252 953//254 954//255
f 955//255 956//254 957//256
f 958//257 959//258 960//259
f 961//260 962//258 963//261
f 964//260 965//261 966//262
f 967//262 968//260 969//260
s 0
f 970//260 971//260 972//260
s 1
f 973//260 974//260 975//263
f 976//264 977//263 978//265
f 979//266 980//267 981//259
f 982//260 983//267 984//260
s 0
f 985//260 986//260 987//260
f 988//259 989//259 990//259
s 1
f 991//260 992//260 993//263
f 994//265 995//268 996//259
f 997//259 998//269 999//270
s 0
f 1000//102 1001//102 1002//102
f 1003//102 1004//102 1005//102
s 1
f 1006//271 1007//272 1008//273
f 1009//274 1010//272 1011//275
f 1012//274 1013//275 1014//276
f 1015//271 1016//274 1017//274
s 0
f 1018//274 1019//274 1020//274
s 1
f 1021//274 1022//274 1023//277
f 1024//278 1025//273 1026//279
f 1027//279 1028//273 1029//280
f 1030//281 1031//274 1032//282
f 1033//277 1034//274 1035//274
s 0
f 1036//274 1037//274 1038//274
f 1039//273 1040//273 1041//273
s 1
f 1042//273 1043//283 1044//273
f 1045//274 1046//283 1047//284
f 1048//285 1049//286 1050//287
f 1051//287 1052//286 1053//288
f 1054//287 1055//289 1056//290
f 1057//291 1058//289 1059//292
f 1060//293 1061//292 1062//294
f 1063//294 1064//292 1065//271
f 1066//294 1067//271 1068//295
f 1069//285 1070//296 1071//297
f 1072//297 1073//296 1074//298
f 1075//299 1076//298 1077//300
f 1078//300 1079//298 1080//301
f 1081//300 1082//301 1083//271
f 1084//271 1085//301 1086//272
f 1087//296 1088//301 1089//298
f 1090//295 1091//302 1092//294
f 1093//294 1094//303 1095//304
f 1096//305 1097//304 1098//290
f 1099//291 1100//304 1101//306
f 1102//291 1103//306 1104//287
f 1105//287 1106//307 1107//308
f 1108//302 1109//306 1110//304
f 1111//292 1112//288 1113//300
f 1114//309 1115//310 1116//297
f 1117//271 1118//292 1119//300
f 1120//157 1121//155 1122//311
f 1123//312 1124//313 1125//314
f 1126//311 1127//314 1128//315
f 1129//316 1130//314 1131//317
f 1132//315 1133//317 1134//318
f 1135//318 1136//317 1137//319
f 1138//318 1139//319 1140//320
f 1141//321 1142//319 1143//322
f 1144//323 1145//324 1146//325
f 1147//326 1148//327 1149//328
f 1150//326 1151//329 1152//330
f 1153//331 1154//326 1155//326
s 0
f 1156//326 1157//326 1158//326
f 1159//326 1160//326 1161//326
f 1162//326 1163//326 1164//326
f 1165//326 1166//326 1167//326
f 1168//332 1169//332 1170//332
f 1171//325 1172//325 1173//325
f 1174//326 1175//326 1176//326
f 1177//325 1178//325 1179//325
f 1180//326 1181//326 1182//326
f 1183//325 1184//325 1185//325
f 1186//332 1187//332 1188//332
f 1189//326 1190//326 1191//326
f 1192//326 1193//326 1194//326
f 1195//326 1196//326 1197//326
f 1198//326 1199//326 1200//326
s 1
f 1201//322 1202//333 1203//322
f 1204//322 1205//333 1206//333
f 1207//334 1208//334 1209//335
f 1210//335 1211//333 1212//336
f 1213//335 1214//336 1215//337
f 1216//338 1217//336 1218//339
f 1219//338 1220//339 1221//340
f 1222//341 1223//339 1224//341
f 1225//342 1226//342 1227//343
f 1228//343 1229//342 1230//344
f 1231//343 1232//344 1233//345
f 1234//345 1235//346 1236//347
f 1237//345 1238//348 1239//349
f 1240//349 1241//348 1242//350
f 1243//349 1244//350 1245//351
f 1246//351 1247//350 1248//352
f 1249//351 1250//352 1251//353
f 1252//353 1253//354 1254//355
f 1255//353 1256//355 1257//356
f 1258//356 1259//357 1260//356
f 1261//255 1262//356 1263//255
f 1264//255 1265//356 1266//356
f 1267//358 1268//359 1269//360
f 1270//360 1271//359 1272//361
f 1273//360 1274//361 1275//362
f 1276//362 1277//361 1278//363
f 1279//364 1280//363 1281//365
f 1282//365 1283//366 1284//367
f 1285//365 1286//367 1287//368
f 1288//368 1289//367 1290//369
f 1291//368 1292//369 1293//370
f 1294//370 1295//369 1296//371
f 1297//370 1298//371 1299//372
f 1300//372 1301//371 1302//373
f 1303//372 1304//373 1305//374
f 1306//374 1307//373 1308//374
s 0
f 1309//24 1310//24 1311//24
f 1312//24 1313//24 1314//24
s 1
f 1315//375 1316//375 1317//376
f 1318//376 1319//377 1320//378
f 1321//379 1322//378 1323//380
f 1324//380 1325//378 1326//381
f 1327//380 1328//381 1329//382
f 1330//382 1331//381 1332//383
f 1333//384 1334//385 1335//386
f 1336//386 1337//383 1338//387
f 1339//388 1340//387 1341//389
f 1342//389 1343//387 1344//389
f 1345//375 1346//390 1347//375
f 1348//375 1349//390 1350//390
s 0
f 1351//391 1352//391 1353//391
f 1354//392 1355//392 1356//392
f 1357//392 1358//392 1359//392
s 1
f 1360//391 1361//391 1362//391
s 0
f 1363//392 1364//392 1365//392
f 1366//392 1367//392 1368//392
f 1369//392 1370//392 1371//392
f 1372//391 1373//391 1374//391
f 1375//392 1376//392 1377//392
s 1
f 1378//392 1379//392 1380//393
f 1381//393 1382//392 1383//392
f 1384//393 1385//391 1386//391
f 1387//394 1388//394 1389//393
f 1390//395 1391//396 1392//397
f 1393//81 1394//398 1395//399
f 1396//83 1397//400 1398//401
f 1399//399 1400//401 1401//84
f 1402//402 1403//400 1404//403
f 1405//404 1406//398 1407//405
f 1408//403 1409//405 1410//390
f 1411//390 1412//405 1413//390
f 1414//406 1415//407 1416//408
f 1417//279 1418//409 1419//406
f 1420//279 1421//406 1422//406
f 1423//406 1424//406 1425//228
f 1426//406 1427//233 1428//410
f 1429//411 1430//412 1431//409
f 1432//409 1433//229 1434//228
f 1435//409 1436//228 1437//406
f 1438//278 1439//408 1440//413
f 1441//410 1442//279 1443//406
f 1444//213 1445//389 1446//211
f 1447//213 1448//389 1449//389
f 1450//20 1451//414 1452//415
f 1453//415 1454//414 1455//416
f 1456//415 1457//416 1458//417
f 1459//417 1460//416 1461//418
f 1462//419 1463//420 1464//94
f 1465//94 1466//420 1467//93
f 1468//414 1469//11 1470//416
f 1471//416 1472//11 1473//10
f 1474//198 1475//195 1476//421
f 1477//421 1478//196 1479//421
f 1480//421 1481//195 1482//197
f 1483//422 1484//342 1485//341
f 1486//341 1487//342 1488//423
f 1489//424 1490//425 1491//426
f 1492//426 1493//425 1494//427
f 1495//426 1496//427 1497//428
f 1498//428 1499//427 1500//429
f 1501//428 1502//429 1503//430
f 1504//431 1505//429 1506//432
f 1507//433 1508//429 1509//434
f 1510//435 1511//429 1512//436
f 1513//434 1514//436 1515//437
f 1516//438 1517//436 1518//425
f 1519//437 1520//425 1521//439
f 1522//439 1523//425 1524//424
f 1525//440 1526//441 1527//438
f 1528//437 1529//441 1530//435
f 1531//441 1532//442 1533//434
f 1534//430 1535//443 1536//444
f 1537//428 1538//443 1539//426
f 1540//443 1541//445 1542//426
f 1543//429 1544//427 1545//436
f 1546//436 1547//427 1548//425
f 1549//395 1550//397 1551//446
f 1552//446 1553//397 1554//447
f 1555//446 1556//448 1557//265
f 1558//449 1559//263 1560//446
f 1561//446 1562//263 1563//448
f 1564//446 1565//448 1566//395
f 1567//450 1568//451 1569//6
f 1570//6 1571//451 1572//452
f 1573//6 1574//452 1575//452
f 1576//452 1577//452 1578//453
f 1579//452 1580//453 1581//453
f 1582//453 1583//453 1584//454
f 1585//453 1586//454 1587//453
f 1588//453 1589//454 1590//455
f 1591//453 1592//456 1593//457
f 1594//458 1595//459 1596//460
f 1597//458 1598//460 1599//461
f 1600//461 1601//460 1602//462
f 1603//462 1604//460 1605//456
f 1606//463 1607//456 1608//464
f 1609//464 1610//456 1611//454
f 1612//450 1613//465 1614//466
f 1615//451 1616//467 1617//468
f 1618//469 1619//468 1620//470
f 1621//470 1622//468 1623//471
f 1624//472 1625//471 1626//454
f 1627//454 1628//471 1629//473
f 1630//474 1631//471 1632//468
f 1633//5 1634//6 1635//461
f 1636//475 1637//6 1638//458
f 1639//453 1640//452 1641//472
f 1642//476 1643//452 1644//466
f 1645//477 1646//478 1647//452
f 1648//452 1649//6 1650//452
f 1651//452 1652//452 1653//453
f 1654//453 1655//458 1656//452
f 1657//453 1658//452 1659//453
f 1660//454 1661//453 1662//470
f 1663//479 1664//480 1665//481
f 1666//261 1667//480 1668//482
f 1669//261 1670//483 1671//484
f 1672//484 1673//483 1674//485
f 1675//486 1676//483 1677//487
f 1678//486 1679//487 1680//488
f 1681//488 1682//487 1683//331
f 1684//331 1685//487 1686//489
f 1687//323 1688//489 1689//490
f 1690//491 1691//489 1692//492
f 1693//492 1694//489 1695//480
f 1696//492 1697//480 1698//479
f 1699//490 1700//493 1701//331
f 1702//484 1703//262 1704//261
f 1705//487 1706//483 1707//480
f 1708//489 1709//487 1710//480
f 1711//494 1712//495 1713//496
f 1714//497 1715//495 1716//287
f 1717//498 1718//287 1719//308
f 1720//308 1721//496 1722//496
s 0
f 1723//496 1724//496 1725//496
f 1726//496 1727//496 1728//496
s 1
f 1729//496 1730//496 1731//496
s 0
f 1732//496 1733//496 1734//496
f 1735//497 1736//497 1737//497
f 1738//496 1739//496 1740//496
f 1741//496 1742//496 1743//496
f 1744//496 1745//496 1746//496
f 1747//499 1748//499 1749//499
f 1750//496 1751//496 1752//496
f 1753//496 1754//496 1755//496
f 1756//496 1757//496 1758//496
f 1759//500 1760//500 1761//500
f 1762//496 1763//496 1764//496
f 1765//501 1766//501 1767//501
s 1
f 1768//502 1769//503 1770//504
f 1771//504 1772//503 1773//267
f 1774//504 1775//505 1776//506
f 1777//506 1778//505 1779//266
f 1780//507 1781//283 1782//508
f 1783//508 1784//509 1785//510
f 1786//508 1787//511 1788//512
f 1789//512 1790//510 1791//8
f 1792//513 1793//8 1794//3
f 1795//514 1796//515 1797//516
f 1798//516 1799//515 1800//517
f 1801//516 1802//517 1803//518
f 1804//518 1805//517 1806//519
f 1807//518 1808//519 1809//520
f 1810//520 1811//519 1812//521
f 1813//522 1814//521 1815//523
f 1816//523 1817//521 1818//524
f 1819//523 1820//524 1821//525
f 1822//525 1823//524 1824//526
f 1825//525 1826//527 1827//528
f 1828//528 1829//526 1830//529
f 1831//528 1832//529 1833//530
f 1834//530 1835//529 1836//531
f 1837//530 1838//531 1839//532
f 1840//532 1841//531 1842//533
f 1843//532 1844//534 1845//535
f 1846//535 1847//534 1848//536
f 1849//535 1850//536 1851//537
f 1852//537 1853//536 1854//538
f 1855//537 1856//538 1857//539
f 1858//539 1859//538 1860//540
f 1861//539 1862//541 1863//542
f 1864//542 1865//541 1866//543
f 1867//544 1868//543 1869//545
f 1870//545 1871//543 1872//546
f 1873//545 1874//547 1875//548
f 1876//548 1877//546 1878//549
f 1879//548 1880//550 1881//551
f 1882//551 1883//550 1884//552
f 1885//553 1886//552 1887//554
f 1888//554 1889//552 1890//555
f 1891//554 1892//555 1893//556
f 1894//556 1895//555 1896//557
f 1897//556 1898//557 1899//558
f 1900//558 1901//557 1902//559
f 1903//560 1904//559 1905//561
f 1906//561 1907//559 1908//562
f 1909//561 1910//562 1911//563
f 1912//563 1913//562 1914//564
f 1915//563 1916//564 1917//565
f 1918//566 1919//564 1920//567
f 1921//565 1922//567 1923//568
f 1924//568 1925//567 1926//569
f 1927//568 1928//569 1929//570
f 1930//570 1931//569 1932//571
f 1933//570 1934//572 1935//514
f 1936//514 1937//572 1938//515
f 1939//573 1940//574 1941//575
f 1942//575 1943//576 1944//577
f 1945//575 1946//577 1947//578
f 1948//578 1949//579 1950//575
f 1951//575 1952//580 1953//581
f 1954//575 1955//581 1956//582
f 1957//582 1958//581 1959//583
f 1960//582 1961//584 1962//575
f 1963//575 1964//584 1965//585
s 0
f 1966//586 1967//586 1968//586
f 1969//586 1970//586 1971//586
f 1972//586 1973//586 1974//586
f 1975//586 1976//586 1977//586
f 1978//586 1979//586 1980//586
f 1981//586 1982//586 1983//586
s 1
f 1984//586 1985//587 1986//586
f 1987//586 1988//587 1989//587
f 1990//588 1991//589 1992//582
f 1993//582 1994//589 1995//590
f 1996//584 1997//589 1998//591
f 1999//590 2000//591 2001//573
f 2002//589 2003//592 2004//593
f 2005//593 2006//592 2007//594
f 2008//594 2009//592 2010//595
f 2011//594 2012//595 2013//596
f 2014//596 2015//595 2016//597
f 2017//596 2018//597 2019//598
f 2020//598 2021//597 2022//599
f 2023//598 2024//599 2025//600
f 2026//601 2027//602 2028//603
f 2029//601 2030//603 2031//604
f 2032//605 2033//603 2034//606
f 2035//605 2036//606 2037//607
f 2038//607 2039//606 2040//608
f 2041//607 2042//608 2043//609
f 2044//609 2045//610 2046//611
f 2047//609 2048//611 2049//611
f 2050//611 2051//611 2052//612
f 2053//613 2054//611 2055//614
f 2056//615 2057//616 2058//617
f 2059//617 2060//618 2061//619
f 2062//617 2063//619 2064//620
f 2065//621 2066//619 2067//622
f 2068//621 2069//622 2070//623
f 2071//624 2072//622 2073//625
f 2074//624 2075//625 2076//626
f 2077//626 2078//625 2079//627
f 2080//626 2081//627 2082//628
f 2083//628 2084//627 2085//629
f 2086//628 2087//629 2088//630
f 2089//630 2090//629 2091//631
f 2092//630 2093//632 2094//633
f 2095//634 2096//635 2097//616
f 2098//616 2099//636 2100//637
f 2101//616 2102//637 2103//619
f 2104//619 2105//637 2106//622
f 2107//638 2108//639 2109//637
f 2110//637 2111//640 2112//625
f 2113//637 2114//625 2115//622
f 2116//633 2117//620 2118//641
f 2119//641 2120//620 2121//624
f 2122//642 2123//623 2124//626
f 2125//633 2126//641 2127//630
f 2128//630 2129//643 2130//626
f 2131//630 2132//626 2133//628
f 2134//644 2135//645 2136//646
f 2137//646 2138//645 2139//647
f 2140//646 2141//648 2142//649
f 2143//644 2144//650 2145//651
f 2146//645 2147//650 2148//652
f 2149//651 2150//653 2151//647
f 2152//648 2153//652 2154//654
f 2155//647 2156//654 2157//655
f 2158//655 2159//654 2160//656
f 2161//656 2162//654 2163//657
f 2164//657 2165//654 2166//650
f 2167//650 2168//654 2169//652
f 2170//639 2171//658 2172//625
f 2173//625 2174//659 2175//660
f 2176//625 2177//661 2178//627
f 2179//657 2180//662 2181//663
f 2182//656 2183//664 2184//665
f 2185//656 2186//665 2187//655
f 2188//665 2189//662 2190//666
f 2191//667 2192//662 2193//668
f 2194//666 2195//668 2196//102
f 2197//102 2198//668 2199//102
f 2200//669 2201//670 2202//671
f 2203//671 2204//670 2205//672
f 2206//671 2207//672 2208//673
f 2209//674 2210//675 2211//673
f 2212//673 2213//675 2214//676
f 2215//673 2216//677 2217//671
f 2218//671 2219//676 2220//678
f 2221//671 2222//679 2223//680
f 2224//681 2225//679 2226//682
f 2227//681 2228//682 2229//683
f 2230//683 2231//682 2232//684
f 2233//683 2234//684 2235//685
f 2236//685 2237//684 2238//686
f 2239//686 2240//684 2241//687
f 2242//687 2243//684 2244//688
f 2245//689 2246//688 2247//690
f 2248//690 2249//691 2250//692
f 2251//690 2252//692 2253//693
f 2254//693 2255//692 2256//694
f 2257//693 2258//695 2259//696
f 2260//696 2261//695 2262//697
f 2263//696 2264//697 2265//675
f 2266//675 2267//697 2268//676
f 2269//698 2270//699 2271//675
f 2272//675 2273//699 2274//696
f 2275//700 2276//669 2277//683
f 2278//683 2279//669 2280//680
f 2281//701 2282//669 2283//671
f 2284//678 2285//676 2286//702
f 2287//679 2288//702 2289//703
f 2290//703 2291//702 2292//704
f 2293//682 2294//704 2295//688
f 2296//688 2297//695 2298//692
f 2299//684 2300//703 2301//688
f 2302//700 2303//612 2304//669
f 2305//669 2306//612 2307//614
f 2308//669 2309//614 2310//670
f 2311//705 2312//706 2313//707
f 2314//707 2315//706 2316//708
f 2317//708 2318//709 2319//710
f 2320//711 2321//712 2322//713
f 2323//713 2324//714 2325//715
f 2326//713 2327//715 2328//716
f 2329//716 2330//717 2331//718
f 2332//718 2333//717 2334//719
f 2335//719 2336//717 2337//720
f 2338//719 2339//720 2340//721
f 2341//722 2342//720 2343//723
f 2344//721 2345//723 2346//724
f 2347//724 2348//723 2349//725
f 2350//725 2351//723 2352//726
f 2353//726 2354//723 2355//727
f 2356//727 2357//723 2358//720
f 2359//727 2360//720 2361//728
f 2362//728 2363//720 2364//717
f 2365//728 2366//715 2367//714
f 2368//729 2369//730 2370//731
f 2371//731 2372//730 2373//732
f 2374//731 2375//732 2376//733
f 2377//705 2378//734 2379//735
f 2380//736 2381//737 2382//738
f 2383//736 2384//739 2385//732
f 2386//732 2387//738 2388//740
f 2389//741 2390//739 2391//742
f 2392//741 2393//742 2394//743
f 2395//743 2396//742 2397//744
f 2398//743 2399//744 2400//745
f 2401//746 2402//747 2403//738
f 2404//739 2405//747 2406//742
f 2407//748 2408//749 2409//742
f 2410//742 2411//749 2412//750
f 2413//742 2414//750 2415//751
f 2416//724 2417//725 2418//752
f 2419//752 2420//753 2421//754
f 2422//752 2423//754 2424//755
f 2425//756 2426//754 2427//757
f 2428//756 2429//757 2430//102
f 2431//102 2432//757 2433//102
f 2434//725 2435//758 2436//754
f 2437//759 2438//760 2439//761
f 2440//761 2441//762 2442//763
f 2443//764 2444//763 2445//765
f 2446//765 2447//763 2448//766
f 2449//765 2450//766 2451//767
f 2452//767 2453//766 2454//768
f 2455//767 2456//768 2457//769
f 2458//769 2459//768 2460//769
f 2461//615 2462//617 2463//759
f 2464//759 2465//633 2466//770
f 2467//760 2468//617 2469//631
s 0
f 2470//771 2471//771 2472//771
s 1
f 2473//771 2474//771 2475//771
s 0
f 2476//772 2477//772 2478//772
f 2479//772 2480//772 2481//772
f 2482//772 2483//772 2484//772
f 2485//771 2486//771 2487//771
f 2488//773 2489//773 2490//773
f 2491//772 2492//772 2493//772
f 2494//771 2495//771 2496//771
s 1
f 2497//772 2498//772 2499//774
f 2500//774 2501//772 2502//772
f 2503//775 2504//776 2505//777
f 2506//772 2507//772 2508//774
f 2509//774 2510//777 2511//778
f 2512//779 2513//779 2514//780
f 2515//780 2516//781 2517//782
f 2518//780 2519//783 2520//784
f 2521//784 2522//782 2523//785
f 2524//784 2525//785 2526//786
f 2527//786 2528//785 2529//787
f 2530//788 2531//787 2532//789
f 2533//789 2534//787 2535//790
f 2536//454 2537//791 2538//792
f 2539//792 2540//793 2541//792
s 0
f 2542//794 2543//794 2544//794
f 2545//794 2546//794 2547//794
s 1
f 2548//794 2549//794 2550//794
s 0
f 2551//795 2552//795 2553//795
f 2554//796 2555//796 2556//796
f 2557//796 2558//796 2559//796
f 2560//795 2561//795 2562//795
f 2563//794 2564//794 2565//794
s 1
f 2566//797 2567//789 2568//798
f 2569//799 2570//789 2571//790
f 2572//799 2573//790 2574//693
f 2575//711 2576//800 2577//801
f 2578//802 2579//713 2580//803
f 2581//802 2582//804 2583//805
f 2584//806 2585//803 2586//807
f 2587//805 2588//808 2589//809
f 2590//810 2591//807 2592//809
f 2593//800 2594//716 2595//803
f 2596//811 2597//812 2598//260
f 2599//260 2600//812 2601//813
f 2602//260 2603//813 2604//814
f 2605//811 2606//260 2607//260
s 0
f 2608//260 2609//260 2610//260
s 1
f 2611//260 2612//260 2613//815
f 2614//816 2615//260 2616//817
f 2617//817 2618//259 2619//268
f 2620//818 2621//259 2622//819
f 2623//815 2624//260 2625//260
s 0
f 2626//259 2627//259 2628//259
f 2629//260 2630//260 2631//260
s 1
f 2632//259 2633//820 2634//259
f 2635//259 2636//821 2637//266
s 0
f 2638//102 2639//102 2640//102
f 2641//102 2642//102 2643//102
s 1
f 2644//822 2645//275 2646//274
f 2647//274 2648//275 2649//823
f 2650//273 2651//823 2652//824
f 2653//824 2654//274 2655//274
s 0
f 2656//274 2657//274 2658//274
s 1
f 2659//274 2660//274 2661//825
f 2662//273 2663//825 2664//826
f 2665//284 2666//283 2667//274
f 2668//273 2669//283 2670//273
s 0
f 2671//273 2672//273 2673//273
f 2674//274 2675//274 2676//274
s 1
f 2677//273 2678//273 2679//825
f 2680//826 2681//827 2682//273
f 2683//273 2684//827 2685//828
f 2686//829 2687//830 2688//823
f 2689//823 2690//830 2691//831
f 2692//823 2693//831 2694//832
f 2695//833 2696//831 2697//834
f 2698//835 2699//836 2700//837
f 2701//837 2702//834 2703//838
f 2704//837 2705//838 2706//839
f 2707//840 2708//841 2709//830
f 2710//830 2711//841 2712//842
f 2713//843 2714//844 2715//845
f 2716//845 2717//844 2718//846
f 2719//845 2720//846 2721//838
f 2722//838 2723//846 2724//847
f 2725//841 2726//848 2727//844
f 2728//839 2729//849 2730//837
f 2731//837 2732//850 2733//851
f 2734//852 2735//853 2736//832
f 2737//832 2738//851 2739//854
f 2740//832 2741//855 2742//823
f 2743//823 2744//855 2745//824
f 2746//849 2747//855 2748//851
f 2749//834 2750//831 2751//845
f 2752//856 2753//831 2754//830
f 2755//838 2756//836 2757//845
f 2758//857 2759//858 2760//859
f 2761//859 2762//857 2763//860
f 2764//859 2765//860 2766//861
f 2767//861 2768//860 2769//862
f 2770//861 2771//862 2772//863
f 2773//863 2774//864 2775//865
f 2776//863 2777//866 2778//708
f 2779//708 2780//867 2781//868
f 2782//869 2783//870 2784//871
f 2785//871 2786//870 2787//872
f 2788//873 2789//874 2790//875
f 2791//875 2792//871 2793//871
s 0
f 2794//871 2795//871 2796//871
f 2797//871 2798//871 2799//871
f 2800//871 2801//871 2802//871
f 2803//871 2804//871 2805//871
f 2806//871 2807//871 2808//871
f 2809//871 2810//871 2811//871
f 2812//871 2813//871 2814//871
f 2815//876 2816//876 2817//876
s 1
f 2818//873 2819//873 2820//873
s 0
f 2821//871 2822//871 2823//871
f 2824//873 2825//873 2826//873
f 2827//871 2828//871 2829//871
f 2830//873 2831//873 2832//873
f 2833//871 2834//871 2835//871
f 2836//871 2837//871 2838//871
s 1
f 2839//857 2840//877 2841//857
f 2842//857 2843//877 2844//878
f 2845//879 2846//879 2847//880
f 2848//881 2849//879 2850//882
f 2851//880 2852//883 2853//884
f 2854//885 2855//883 2856//886
f 2857//885 2858//886 2859//877
f 2860//877 2861//886 2862//877
f 2863//887 2864//887 2865//888
f 2866//888 2867//887 2868//889
f 2869//888 2870//889 2871//890
f 2872//890 2873//889 2874//891
f 2875//890 2876//891 2877//892
f 2878//892 2879//891 2880//893
f 2881//892 2882//893 2883//894
f 2884//894 2885//893 2886//895
f 2887//896 2888//895 2889//897
f 2890//898 2891//895 2892//899
f 2893//898 2894//899 2895//900
f 2896//901 2897//899 2898//900
f 2899//809 2900//887 2901//809
f 2902//809 2903//887 2904//887
f 2905//902 2906//902 2907//903
f 2908//903 2909//902 2910//904
f 2911//903 2912//904 2913//905
f 2914//905 2915//904 2916//906
f 2917//905 2918//906 2919//907
f 2920//907 2921//906 2922//908
f 2923//907 2924//908 2925//909
f 2926//909 2927//908 2928//910
f 2929//909 2930//910 2931//911
f 2932//912 2933//910 2934//913
f 2935//912 2936//914 2937//915
f 2938//915 2939//914 2940//916
f 2941//915 2942//916 2943//917
f 2944//917 2945//916 2946//918
f 2947//919 2948//919 2949//920
f 2950//920 2951//919 2952//919
f 2953//920 2954//919 2955//919
s 0
f 2956//919 2957//919 2958//919
f 2959//919 2960//919 2961//919
f 2962//919 2963//919 2964//919
f 2965//919 2966//919 2967//919
f 2968//921 2969//921 2970//921
f 2971//919 2972//919 2973//919
f 2974//919 2975//919 2976//919
f 2977//922 2978//922 2979//922
f 2980//919 2981//919 2982//919
f 2983//919 2984//919 2985//919
f 2986//919 2987//919 2988//919
f 2989//919 2990//919 2991//919
f 2992//919 2993//919 2994//919
f 2995//919 2996//919 2997//919
f 2998//919 2999//919 3000//919
f 3001//922 3002//922 3003//922
f 3004//919 3005//919 3006//919
f 3007//919 3008//919 3009//919
f 3010//919 3011//919 3012//919
f 3013//919 3014//919 3015//919
f 3016//919 3017//919 3018//919
f 3019//919 3020//919 3021//919
f 3022//919 3023//919 3024//919
f 3025//921 3026//921 3027//921
s 1
f 3028//920 3029//919 3030//919
s 0
f 3031//921 3032//921 3033//921
f 3034//919 3035//919 3036//919
s 1
f 3037//923 3038//919 3039//502
f 3040//924 3041//919 3042//919
f 3043//920 3044//919 3045//919
f 3046//922 3047//922 3048//502
f 3049//920 3050//919 3051//919
f 3052//920 3053//919 3054//919
s 0
f 3055//921 3056//921 3057//921
f 3058//919 3059//919 3060//919
f 3061//919 3062//919 3063//919
f 3064//919 3065//919 3066//919
f 3067//919 3068//919 3069//919
f 3070//919 3071//919 3072//919
f 3073//919 3074//919 3075//919
f 3076//921 3077//921 3078//921
s 1
f 3079//919 3080//919 3081//920
f 3082//920 3083//919 3084//919
f 3085//920 3086//922 3087//922
s 0
f 3088//919 3089//919 3090//919
f 3091//921 3092//921 3093//921
f 3094//919 3095//919 3096//919
f 3097//919 3098//919 3099//919
f 3100//922 3101//922 3102//922
f 3103//919 3104//919 3105//919
f 3106//919 3107//919 3108//919
f 3109//919 3110//919 3111//919
s 1
f 3112//921 3113//921 3114//435
f 3115//925 3116//435 3117//442
f 3118//919 3119//919 3120//920
f 3121//924 3122//919 3123//919
f 3124//920 3125//919 3126//503
s 0
f 3127//919 3128//919 3129//919
f 3130//919 3131//919 3132//919
f 3133//919 3134//919 3135//919
f 3136//919 3137//919 3138//919
f 3139//919 3140//919 3141//919
f 3142//921 3143//921 3144//921
f 3145//919 3146//919 3147//919
f 3148//919 3149//919 3150//919
f 3151//919 3152//919 3153//919
f 3154//919 3155//919 3156//919
f 3157//919 3158//919 3159//919
f 3160//919 3161//919 3162//919
f 3163//919 3164//919 3165//919
f 3166//919 3167//919 3168//919
f 3169//919 3170//919 3171//919
f 3172//919 3173//919 3174//919
f 3175//919 3176//919 3177//919
f 3178//919 3179//919 3180//919
f 3181//919 3182//919 3183//919
f 3184//919 3185//919 3186//919
f 3187//921 3188//921 3189//921
f 3190//919 3191//919 3192//919
f 3193//919 3194//919 3195//919
f 3196//919 3197//919 3198//919
s 1
f 3199//919 3200//919 3201//920
f 3202//920 3203//919 3204//919
s 0
f 3205//919 3206//919 3207//919
f 3208//919 3209//919 3210//919
f 3211//919 3212//919 3213//919
f 3214//919 3215//919 3216//919
f 3217//919 3218//919 3219//919
f 3220//919 3221//919 3222//919
f 3223//586 3224//586 3225//586
f 3226//586 3227//586 3228//586
s 1
f 3229//926 3230//926 3231//927
f 3232//927 3233//926 3234//928
f 3235//927 3236//928 3237//929
f 3238//930 3239//928 3240//931
f 3241//930 3242//931 3243//932
f 3244//932 3245//931 3246//933
f 3247//934 3248//933 3249//935
f 3250//936 3251//933 3252//937
f 3253//935 3254//938 3255//939
f 3256//939 3257//938 3258//939
f 3259//939 3260//940 3261//939
f 3262//939 3263//940 3264//940
s 0
f 3265//941 3266//941 3267//941
f 3268//942 3269//942 3270//942
f 3271//942 3272//942 3273//942
s 1
f 3274//943 3275//941 3276//941
s 0
f 3277//941 3278//941 3279//941
f 3280//941 3281//941 3282//941
s 1
f 3283//944 3284//941 3285//943
f 3286//943 3287//945 3288//945
f 3289//943 3290//942 3291//942
f 3292//941 3293//941 3294//943
s 0
f 3295//942 3296//942 3297//942
f 3298//941 3299//941 3300//941
f 3301//941 3302//941 3303//941
f 3304//941 3305//941 3306//941
s 1
f 3307//644 3308//646 3309//946
f 3310//947 3311//646 3312//948
f 3313//947 3314//949 3315//950
f 3316//950 3317//949 3318//951
f 3319//952 3320//951 3321//953
f 3322//940 3323//954 3324//940
f 3325//646 3326//955 3327//956
f 3328//957 3329//958 3330//959
f 3331//959 3332//958 3333//960
f 3334//959 3335//960 3336//774
f 3337//775 3338//960 3339//958
f 3340//775 3341//958 3342//958
f 3343//958 3344//958 3345//825
f 3346//825 3347//958 3348//960
f 3349//825 3350//960 3351//826
f 3352//826 3353//960 3354//958
f 3355//826 3356//958 3357//958
f 3358//781 3359//246 3360//781
f 3361//779 3362//245 3363//245
f 3364//961 3365//926 3366//961
f 3367//769 3368//926 3369//926
f 3370//579 3371//578 3372//962
f 3373//962 3374//578 3375//577
f 3376//962 3377//577 3378//963
f 3379//963 3380//577 3381//576
f 3382//964 3383//965 3384//966
f 3385//967 3386//963 3387//968
f 3388//967 3389//968 3390//658
f 3391//658 3392//969 3393//661
f 3394//750 3395//970 3396//744
f 3397//744 3398//970 3399//970
f 3400//751 3401//970 3402//745
f 3403//879 3404//901 3405//879
f 3406//879 3407//901 3408//901
s 0
f 3409//971 3410//971 3411//971
f 3412//972 3413//972 3414//972
f 3415//971 3416//971 3417//971
f 3418//971 3419//971 3420//971
f 3421//972 3422//972 3423//972
f 3424//973 3425//973 3426//973
f 3427//972 3428//972 3429//972
f 3430//974 3431//974 3432//974
s 1
f 3433//971 3434//426 3435//971
f 3436//971 3437//426 3438//445
f 3439//975 3440//976 3441//817
f 3442//977 3443//978 3444//979
f 3445//977 3446//979 3447//815
f 3448//980 3449//943 3450//981
f 3451//982 3452//943 3453//976
f 3454//943 3455//979 3456//976
f 3457//917 3458//983 3459//984
f 3460//984 3461//983 3462//359
f 3463//985 3464//986 3465//872
f 3466//872 3467//986 3468//987
f 3469//874 3470//987 3471//988
f 3472//989 3473//987 3474//990
f 3475//990 3476//987 3477//991
f 3478//992 3479//991 3480//993
f 3481//993 3482//991 3483//994
f 3484//811 3485//991 3486//995
f 3487//811 3488//996 3489//997
f 3490//997 3491//996 3492//998
f 3493//998 3494//996 3495//986
f 3496//998 3497//986 3498//985
f 3499//999 3500//812 3501//811
f 3502//1000 3503//875 3504//872
f 3505//991 3506//987 3507//986
f 3508//996 3509//991 3510//986
f 3511//838 3512//847 3513//1001
f 3514//1002 3515//847 3516//1003
f 3517//1004 3518//1005 3519//1006
f 3520//838 3521//1004 3522//1004
s 0
f 3523//1004 3524//1004 3525//1004
f 3526//1004 3527//1004 3528//1004
f 3529//1004 3530//1004 3531//1004
f 3532//1004 3533//1004 3534//1004
f 3535//1004 3536//1004 3537//1004
f 3538//1007 3539//1007 3540//1007
f 3541//1004 3542//1004 3543//1004
f 3544//1004 3545//1004 3546//1004
f 3547//1004 3548//1004 3549//1004
f 3550//1008 3551//1008 3552//1008
f 3553//1004 3554//1004 3555//1004
f 3556//1007 3557//1007 3558//1007
f 3559//1004 3560//1004 3561//1004
f 3562//1002 3563//1002 3564//1002
f 3565//1004 3566//1004 3567//1004
s 1
f 3568//923 3569//1009 3570//821
f 3571//820 3572//1009 3573//1010
f 3574//820 3575//1010 3576//266
f 3577//923 3578//502 3579//1009
f 3580//3 3581//8 3582//513
f 3583//512 3584//8 3585//510
f 3586//512 3587//511 3588//508
f 3589//508 3590//511 3591//283
f 3592//508 3593//283 3594//507
f 3595//514 3596//515 3597//516
f 3598//516 3599//515 3600//517
f 3601//516 3602//517 3603//518
f 3604//518 3605//517 3606//519
f 3607//518 3608//519 3609//520
f 3610//520 3611//519 3612//521
f 3613//522 3614//521 3615//523
f 3616//523 3617//521 3618//524
f 3619//523 3620//524 3621//525
f 3622//525 3623//524 3624//526
f 3625//525 3626//527 3627//528
f 3628//528 3629//526 3630//529
f 3631//528 3632//529 3633//530
f 3634//530 3635//529 3636//531
f 3637//530 3638//531 3639//532
f 3640//532 3641//531 3642//533
f 3643//532 3644//534 3645//535
f 3646//535 3647//534 3648//536
f 3649//535 3650//536 3651//537
f 3652//537 3653//536 3654//538
f 3655//537 3656//538 3657//539
f 3658//539 3659//538 3660//540
f 3661//539 3662//541 3663//542
f 3664//542 3665//541 3666//543
f 3667//544 3668//543 3669//545
f 3670//545 3671//543 3672//546
f 3673//545 3674//547 3675//548
f 3676//548 3677//546 3678//549
f 3679//548 3680//550 3681//551
f 3682//551 3683//550 3684//552
f 3685//553 3686//552 3687//554
f 3688//554 3689//552 3690//555
f 3691//554 3692//555 3693//556
f 3694//556 3695//555 3696//557
f 3697//556 3698//557 3699//558
f 3700//558 3701//557 3702//559
f 3703//560 3704//559 3705//561
f 3706//561 3707//559 3708//562
f 3709//561 3710//562 3711//563
f 3712//563 3713//562 3714//564
f 3715//563 3716//564 3717//565
f 3718//566 3719//564 3720//567
f 3721//565 3722//567 3723//568
f 3724//568 3725//567 3726//569
f 3727//568 3728//569 3729//570
f 3730//570 3731//569 3732//571
f 3733//570 3734//572 3735//514
f 3736//514 3737//572 3738//515
s 0
f 3739//1 3740//1 3741//1
f 3742//1 3743//1 3744//1
f 3745//1 3746//1 3747//1
f 3748//4 3749//4 3750//4
f 3751//1 3752//1 3753//1
f 3754//1 3755//1 3756//1
f 3757//1 3758//1 3759//1
f 3760//1 3761//1 3762//1
f 3763//1 3764//1 3765//1
f 3766//1 3767//1 3768//1
f 3769//1 3770//1 3771//1
f 3772//1 3773//1 3774//1
f 3775//1 3776//1 3777//1
f 3778//1 3779//1 3780//1
f 3781//1 3782//1 3783//1
f 3784//1 3785//1 3786//1
f 3787//1 3788//1 3789//1
f 3790//4 3791//4 3792//4
f 3793//1 3794//1 3795//1
f 3796//1 3797//1 3798//1
f 3799//1 3800//1 3801//1
f 3802//1 3803//1 3804//1
f 3805//1 3806//1 3807//1
f 3808//1 3809//1 3810//1
f 3811//1 3812//1 3813//1
f 3814//1 3815//1 3816//1
f 3817//1 3818//1 3819//1
f 3820//1 3821//1 3822//1
f 3823//1 3824//1 3825//1
f 3826//1 3827//1 3828//1
f 3829//1 3830//1 3831//1
f 3832//1 3833//1 3834//1
f 3835//1 3836//1 3837//1
f 3838//1 3839//1 3840//1
f 3841//1 3842//1 3843//1
f 3844//1 3845//1 3846//1
f 3847//1 3848//1 3849//1
f 3850//1 3851//1 3852//1
f 3853//1 3854//1 3855//1
f 3856//1 3857//1 3858//1
f 3859//2 3860//2 3861//2
f 3862//1 3863//1 3864//1
f 3865//2 3866//2 3867//2
f 3868//1 3869//1 3870//1
f 3871//1 3872//1 3873//1
f 3874//1 3875//1 3876//1
f 3877//1 3878//1 3879//1
f 3880//1 3881//1 3882//1
f 3883//1 3884//1 3885//1
f 3886//1 3887//1 3888//1
f 3889//1 3890//1 3891//1
f 3892//1 3893//1 3894//1
f 3895//1 3896//1 3897//1
f 3898//1 3899//1 3900//1
f 3901//1 3902//1 3903//1
f 3904//4 3905//4 3906//4
f 3907//1 3908//1 3909//1
f 3910//1 3911//1 3912//1
f 3913//1 3914//1 3915//1
f 3916//1 3917//1 3918//1
f 3919//1 3920//1 3921//1
f 3922//1 3923//1 3924//1
f 3925//1 3926//1 3927//1
f 3928//1 3929//1 3930//1
f 3931//1 3932//1 3933//1
f 3934//1 3935//1 3936//1
f 3937//1 3938//1 3939//1
f 3940//1 3941//1 3942//1
f 3943//1 3944//1 3945//1
f 3946//1 3947//1 3948//1
f 3949//1 3950//1 3951//1
s 1
f 3952//1011 3953//1011 3954//1012
f 3955//1012 3956//1011 3957//1013
s 0
f 3958//1 3959//1 3960//1
f 3961//1 3962//1 3963//1
f 3964//1 3965//1 3966//1
f 3967//1 3968//1 3969//1
f 3970//2 3971//2 3972//2
f 3973//4 3974//4 3975//4
f 3976//1 3977//1 3978//1
f 3979//1014 3980//1 3981//1
s 1
f 3982//1 3983//1 3984//1015
s 0
f 3985//2 3986//2 3987//2
f 3988//1 3989//1 3990//1
f 3991//1 3992//1 3993//1
f 3994//1 3995//1 3996//1
f 3997//1 3998//1 3999//1
s 1
f 4000//1015 4001//1 4002//1
s 0
f 4003//1016 4004//1 4005//1
f 4006//1 4007//1 4008//1
f 4009//1 4010//1 4011//1
f 4012//1 4013//1 4014//1
s 1
f 4015//1017 4016//1018 4017//1019
f 4018//1019 4019//1018 4020//1020
f 4021//1019 4022//1020 4023//1021
f 4024//1021 4025//1022 4026//1023
f 4027//1023 4028//1022 4029//1024
f 4030//1024 4031//1022 4032//1025
f 4033//1026 4034//1022 4035//1027
f 4036//1027 4037//1022 4038//1018
f 4039//1021 4040//1028 4041//1029
s 0
f 4042//586 4043//586 4044//586
f 4045//586 4046//586 4047//586
f 4048//586 4049//586 4050//586
f 4051//586 4052//586 4053//586
f 4054//586 4055//586 4056//586
f 4057//586 4058//586 4059//586
s 1
f 4060//586 4061//1030 4062//586
f 4063//586 4064//1030 4065//1030
f 4066//1031 4067//1021 4068//1032
f 4069//1033 4070//1021 4071//1034
f 4072//1032 4073//1034 4074//1035
f 4075//1035 4076//1023 4077//1036
f 4078//1035 4079//1037 4080//1032
f 4081//1032 4082//1037 4083//1038
f 4084//1038 4085//1037 4086//1039
f 4087//1038 4088//1039 4089//1040
f 4090//1040 4091//1039 4092//1041
f 4093//1040 4094//1041 4095//1042
f 4096//1042 4097//1041 4098//1043
f 4099//1042 4100//1043 4101//1044
f 4102//1044 4103//1045 4104//1046
f 4105//1047 4106//1046 4107//1048
f 4108//1048 4109//1046 4110//1049
f 4111//1048 4112//1049 4113//1050
f 4114//1050 4115//1049 4116//1051
f 4117//1050 4118//1051 4119//1052
f 4120//1052 4121//1053 4122//1054
f 4123//1052 4124//1054 4125//1054
f 4126//1054 4127//1054 4128//1055
f 4129//1055 4130//1056 4131//1057
f 4132//1058 4133//1059 4134//1060
f 4135//1060 4136//1061 4137//1062
f 4138//1060 4139//1063 4140//1064
f 4141//1064 4142//1065 4143//1066
f 4144//1064 4145//1066 4146//1067
f 4147//1067 4148//1066 4149//1068
f 4150//1067 4151//1068 4152//1069
f 4153//1069 4154//1068 4155//1070
f 4156//1069 4157//1070 4158//1071
f 4159//1071 4160//1072 4161//1073
f 4162//1073 4163//1070 4164//1074
f 4165//1073 4166//1074 4167//1075
f 4168//1075 4169//1076 4170//1077
f 4171//1075 4172//1077 4173//1062
f 4174//1063 4175//1077 4176//1066
f 4177//1078 4178//1079 4179//1069
f 4180//1069 4181//1080 4182//1081
f 4183//1069 4184//1081 4185//1082
f 4186//1082 4187//1081 4188//1064
f 4189//1083 4190//1084 4191//1080
f 4192//1079 4193//1085 4194//1060
f 4195//1079 4196//1060 4197//1081
f 4198//1081 4199//1060 4200//1064
f 4201//1077 4202//1074 4203//1070
f 4204//1066 4205//1086 4206//1068
f 4207//1068 4208//1077 4209//1070
f 4210//1087 4211//1088 4212//1089
f 4213//1089 4214//1088 4215//1090
f 4216//1091 4217//1092 4218//1093
f 4219//1093 4220//1094 4221//1089
f 4222//1089 4223//1094 4224//1095
f 4225//1089 4226//1096 4227//1087
f 4228//1087 4229//1096 4230//1097
f 4231//1087 4232//1097 4233//1098
f 4234//1098 4235//1099 4236//1100
f 4237//1101 4238//1102 4239//1103
f 4240//1100 4241//1096 4242//1094
f 4243//1094 4244//1104 4245//1100
f 4246//1083 4247//1069 4248//1105
f 4249//1105 4250//1069 4251//1106
f 4252//1107 4253//1069 4254//1071
f 4255//1098 4256//1101 4257//1108
f 4258//1109 4259//1101 4260//1110
f 4261//1108 4262//1111 4263//1112
f 4264//1113 4265//1111 4266//1114
f 4267//1112 4268//1114 4269//1115
f 4270//1116 4271//1114 4272//1115
f 4273//1101 4274//1104 4275//1111
f 4276//1117 4277//1118 4278//1119
f 4279//1120 4280//1118 4281//1121
f 4282//1119 4283//1121 4284//1122
f 4285//1122 4286//1121 4287//1123
f 4288//1124 4289//1123 4290//1125
f 4291//1125 4292//1123 4293//1126
f 4294//1125 4295//1126 4296//1127
f 4297//1127 4298//1126 4299//1128
f 4300//1127 4301//1128 4302//1129
f 4303//1130 4304//1131 4305//1132
f 4306//1129 4307//1133 4308//1134
f 4309//1134 4310//1133 4311//1135
f 4312//1134 4313//1135 4314//1136
f 4315//1137 4316//1135 4317//1138
f 4318//1138 4319//1135 4320//1139
f 4321//1138 4322//1139 4323//1140
f 4324//1140 4325//1139 4326//1141
f 4327//1140 4328//1141 4329//1142
f 4330//1142 4331//1141 4332//1143
f 4333//1142 4334//1143 4335//1121
f 4336//1121 4337//1143 4338//1144
f 4339//1121 4340//1144 4341//1145
f 4342//1145 4343//1144 4344//1146
f 4345//1145 4346//1147 4347//1126
f 4348//1126 4349//1146 4350//1128
f 4351//1127 4352//1130 4353//1148
f 4354//1148 4355//1130 4356//1149
f 4357//1148 4358//1149 4359//1150
f 4360//1151 4361//1152 4362//1153
f 4363//1154 4364//1152 4365//1155
f 4366//1154 4367//1155 4368//1148
f 4369//1148 4370//1155 4371//1156
f 4372//1148 4373//1156 4374//1125
f 4375//1125 4376//1156 4377//1122
f 4378//1152 4379//1151 4380//1157
f 4381//1157 4382//1151 4383//1158
f 4384//1157 4385//1158 4386//1119
f 4387//1126 4388//1123 4389//1145
f 4390//1145 4391//1123 4392//1121
f 4393//1155 4394//1152 4395//1157
f 4396//1124 4397//1156 4398//1119
f 4399//1119 4400//1156 4401//1157
f 4402//1156 4403//1155 4404//1157
f 4405//1133 4406//1128 4407//1147
f 4408//1147 4409//1144 4410//1159
f 4411//1159 4412//1144 4413//1143
f 4414//1160 4415//1143 4416//1139
f 4417//1139 4418//1143 4419//1141
f 4420//1125 4421//1161 4422//1148
f 4423//1160 4424//1139 4425//1135
f 4426//1147 4427//1160 4428//1133
f 4429//1162 4430//1159 4431//1135
f 4432//1149 4433//1129 4434//1057
f 4435//1057 4436//1130 4437//1055
f 4438//1055 4439//1129 4440//1134
f 4441//1163 4442//1164 4443//1165
f 4444//1165 4445//1164 4446//1166
f 4447//1165 4448//1166 4449//1167
f 4450//1168 4451//1169 4452//1170
f 4453//1170 4454//1171 4455//1172
f 4456//1170 4457//1172 4458//1173
f 4459//1173 4460//1172 4461//1174
f 4462//1173 4463//1174 4464//1175
f 4465//1176 4466//1174 4467//1177
f 4468//1176 4469//1177 4470//1178
f 4471//1178 4472//1179 4473//1180
f 4474//1180 4475//1177 4476//1181
f 4477//1181 4478//1177 4479//1182
f 4480//1182 4481//1177 4482//1174
f 4483//1183 4484//1174 4485//1184
f 4486//1184 4487//1174 4488//1172
f 4489//1184 4490//1172 4491//1185
f 4492//1185 4493//1172 4494//1186
f 4495//1186 4496//1172 4497//1171
f 4498//1187 4499//1188 4500//1189
f 4501//1189 4502//1163 4503//1190
f 4504//1189 4505//1190 4506//1191
f 4507//1191 4508//1190 4509//1192
f 4510//1189 4511//1191 4512//1193
f 4513//1193 4514//1191 4515//1194
f 4516//1193 4517//1194 4518//1195
f 4519//1195 4520//1194 4521//1196
f 4522//1195 4523//1196 4524//1197
f 4525//1197 4526//1196 4527//1198
f 4528//1197 4529//1199 4530//1195
f 4531//1195 4532//1199 4533//1200
f 4534//1195 4535//1201 4536//1202
f 4537//1195 4538//1202 4539//1193
f 4540//1193 4541//1202 4542//1203
f 4543//1204 4544//1187 4545//1205
f 4546//1206 4547//1180 4548//1207
f 4549//1208 4550//1180 4551//1209
f 4552//1207 4553//1209 4554//1210
f 4555//1210 4556//1211 4557//1212
f 4558//1210 4559//1212 4560//1116
f 4561//1115 4562//1212 4563//1116
f 4564//1213 4565//1181 4566//1211
f 4567//1214 4568//1214 4569//1215
f 4570//1215 4571//1214 4572//1216
f 4573//1215 4574//1216 4575//1217
f 4576//1217 4577//1218 4578//1219
f 4579//1217 4580//1219 4581//1220
f 4582//1220 4583//1219 4584//1221
f 4585//1220 4586//1222 4587//1223
f 4588//1224 4589//1222 4590//1225
f 4591//1061 4592//1224 4593//1062
f 4594//1062 4595//1224 4596//1226
f 4597//1062 4598//1225 4599//1075
s 0
f 4600//1227 4601//1227 4602//1227
f 4603//1227 4604//1227 4605//1227
f 4606//1227 4607//1227 4608//1227
s 1
f 4609//1228 4610//1227 4611//1227
s 0
f 4612//1227 4613//1227 4614//1227
f 4615//1229 4616//1229 4617//1229
s 1
f 4618//1230 4619//1231 4620//1232
f 4621//1232 4622//1227 4623//1227
f 4624//1233 4625//1234 4626//1234
f 4627//1227 4628//1227 4629//1228
s 0
f 4630//1227 4631//1227 4632//1227
f 4633//1227 4634//1227 4635//1227
s 1
f 4636//1227 4637//1227 4638//1227
s 0
f 4639//1235 4640//1235 4641//1235
s 1
f 4642//1236 4643//1237 4644//1238
f 4645//1238 4646//1239 4647//1240
f 4648//1238 4649//1240 4650//1241
f 4651//1241 4652//1240 4653//1242
f 4654//1241 4655//1243 4656//1244
f 4657//1244 4658//1243 4659//1245
f 4660//1244 4661//1245 4662//1246
f 4663//1246 4664//1245 4665//1246
f 4666//1118 4667//1239 4668//1247
f 4669//1247 4670//1239 4671//1236
f 4672//1248 4673//1249 4674//1142
f 4675//1168 4676//1250 4677//1171
f 4678//1171 4679//1250 4680//1251
f 4681//1171 4682//1251 4683//1186
f 4684//1251 4685//1252 4686//1253
f 4687//1253 4688//1250 4689//1254
f 4690//1253 4691//1254 4692//1255
f 4693//1256 4694//1257 4695//1256
f 4696//1258 4697//1259 4698//1260
f 4699//1261 4700//1259 4701//1262
f 4702//1260 4703//1262 4704//1263
f 4705//1263 4706//1261 4707//1261
s 0
f 4708//1261 4709//1261 4710//1261
s 1
f 4711//1261 4712//1261 4713//1264
f 4714//1265 4715//1264 4716//1266
f 4717//1267 4718//1268 4719//1260
f 4720//1260 4721//1269 4722//1260
s 0
f 4723//1261 4724//1261 4725//1261
f 4726//1260 4727//1260 4728//1260
s 1
f 4729//1261 4730//1261 4731//1264
f 4732//1266 4733//1270 4734//1261
f 4735//1261 4736//1270 4737//1271
s 0
f 4738//1116 4739//1116 4740//1116
f 4741//1115 4742//1115 4743//1115
s 1
f 4744//1272 4745//1273 4746//1274
f 4747//1274 4748//1273 4749//1275
f 4750//1274 4751//1275 4752//1276
f 4753//1272 4754//1274 4755//1274
s 0
f 4756//1274 4757//1274 4758//1274
s 1
f 4759//1274 4760//1274 4761//1277
f 4762//1278 4763//1279 4764//1280
f 4765//1280 4766//1279 4767//1281
f 4768//1281 4769//1279 4770//1282
f 4771//1277 4772//1274 4773//1274
s 0
f 4774//1274 4775//1274 4776//1274
f 4777//1279 4778//1279 4779//1279
s 1
f 4780//1279 4781//1283 4782//1279
f 4783//1274 4784//1283 4785//1284
f 4786//1285 4787//1286 4788//1287
f 4789//1287 4790//1286 4791//1288
f 4792//1287 4793//1289 4794//1290
f 4795//1291 4796//1289 4797//1292
f 4798//1293 4799//1292 4800//1294
f 4801//1294 4802//1292 4803//1272
f 4804//1294 4805//1272 4806//1295
f 4807//1296 4808//1297 4809//1298
f 4810//1298 4811//1299 4812//1300
f 4813//1301 4814//1300 4815//1302
f 4816//1303 4817//1304 4818//1305
f 4819//1303 4820//1305 4821//1272
f 4822//1272 4823//1306 4824//1273
f 4825//1297 4826//1305 4827//1300
f 4828//1295 4829//1307 4830//1294
f 4831//1294 4832//1308 4833//1309
f 4834//1310 4835//1309 4836//1290
f 4837//1290 4838//1311 4839//1312
f 4840//1291 4841//1312 4842//1287
f 4843//1287 4844//1312 4845//1313
f 4846//1307 4847//1312 4848//1311
f 4849//1292 4850//1288 4851//1303
f 4852//1314 4853//1289 4854//1298
f 4855//1272 4856//1292 4857//1303
f 4858//1166 4859//1164 4860//1315
f 4861//1316 4862//1164 4863//1317
f 4864//1318 4865//1317 4866//1319
f 4867//1319 4868//1317 4869//1320
f 4870//1319 4871//1320 4872//1321
f 4873//1321 4874//1320 4875//1322
f 4876//1321 4877//1322 4878//1323
f 4879//1324 4880//1322 4881//1324
f 4882//1325 4883//1326 4884//1327
f 4885//1328 4886//1329 4887//1330
f 4888//1331 4889//1330 4890//1332
f 4891//1325 4892//1328 4893//1328
s 0
f 4894//1328 4895//1328 4896//1328
f 4897//1328 4898//1328 4899//1328
f 4900//1328 4901//1328 4902//1328
f 4903//1328 4904//1328 4905//1328
f 4906//1327 4907//1327 4908//1327
f 4909//1331 4910//1331 4911//1331
f 4912//1328 4913//1328 4914//1328
f 4915//1331 4916//1331 4917//1331
f 4918//1328 4919//1328 4920//1328
f 4921//1331 4922//1331 4923//1331
f 4924//1328 4925//1328 4926//1328
f 4927//1333 4928//1333 4929//1333
f 4930//1328 4931//1328 4932//1328
f 4933//1328 4934//1328 4935//1328
f 4936//1328 4937//1328 4938//1328
s 1
f 4939//1324 4940//1334 4941//1324
f 4942//1324 4943//1334 4944//1334
f 4945//1335 4946//1335 4947//1336
f 4948//1336 4949//1334 4950//1337
f 4951//1336 4952//1337 4953//1338
f 4954//1338 4955//1337 4956//1339
f 4957//1340 4958//1341 4959//1342
f 4960//1343 4961//1341 4962//1343
f 4963//1344 4964//1344 4965//1345
f 4966//1345 4967//1344 4968//1346
f 4969//1345 4970//1346 4971//1347
f 4972//1347 4973//1348 4974//1349
f 4975//1347 4976//1350 4977//1351
f 4978//1351 4979//1350 4980//1352
f 4981//1351 4982//1352 4983//1353
f 4984//1353 4985//1352 4986//1354
f 4987//1353 4988//1354 4989//1355
f 4990//1356 4991//1357 4992//1358
f 4993//1356 4994//1358 4995//1359
f 4996//1359 4997//1358 4998//1359
f 4999//1256 5000//1359 5001//1256
f 5002//1256 5003//1359 5004//1359
f 5005//1360 5006//1361 5007//1362
f 5008//1362 5009//1361 5010//1363
f 5011//1362 5012//1364 5013//1365
f 5014//1366 5015//1364 5016//1367
f 5017//1366 5018//1368 5019//1369
f 5020//1369 5021//1367 5022//1370
f 5023//1369 5024//1370 5025//1371
f 5026//1371 5027//1370 5028//1372
f 5029//1371 5030//1372 5031//1373
f 5032//1373 5033//1372 5034//1374
f 5035//1373 5036//1374 5037//1375
f 5038//1375 5039//1374 5040//1376
f 5041//1375 5042//1376 5043//1377
f 5044//1377 5045//1376 5046//1377
s 0
f 5047//586 5048//586 5049//586
f 5050//586 5051//586 5052//586
s 1
f 5053//1378 5054//1378 5055//1379
f 5056//1379 5057//1378 5058//1380
f 5059//1381 5060//1382 5061//1383
f 5062//1383 5063//1382 5064//1384
f 5065//1383 5066//1384 5067//1385
f 5068//1385 5069//1384 5070//1386
f 5071//1387 5072//1386 5073//1388
f 5074//1389 5075//1390 5076//1391
f 5077//1389 5078//1391 5079//1392
f 5080//1392 5081//1391 5082//1392
f 5083//1378 5084//1393 5085//1394
f 5086//1378 5087//1393 5088//1393
s 0
f 5089//1395 5090//1395 5091//1395
f 5092//1395 5093//1395 5094//1395
f 5095//1395 5096//1395 5097//1395
f 5098//1395 5099//1395 5100//1395
s 1
f 5101//1395 5102//1395 5103//1395
s 0
f 5104//1395 5105//1395 5106//1395
f 5107//1395 5108//1395 5109//1395
s 1
f 5110//1395 5111//1395 5112//1395
s 0
f 5113//1396 5114//1396 5115//1396
s 1
f 5116//1395 5117//1395 5118//1397
f 5119//1397 5120//1395 5121//1395
f 5122//1398 5123//1395 5124//1395
f 5125//1399 5126//1399 5127//1398
f 5128//1398 5129//1400 5130//1401
f 5131//1088 5132//1402 5133//1090
f 5134//1092 5135//1403 5136//1404
f 5137//1090 5138//1404 5139//1093
f 5140//1404 5141//1403 5142//1405
f 5143//1406 5144//1402 5145//1407
f 5146//1406 5147//1408 5148//1409
f 5149//1393 5150//1407 5151//1410
f 5152//1411 5153//1412 5154//1413
f 5155//1413 5156//1412 5157//1411
f 5158//1280 5159//1411 5160//1411
f 5161//1411 5162//1411 5163//1233
f 5164//1411 5165//1232 5166//1414
f 5167//1415 5168//1230 5169//1416
f 5170//1416 5171//1230 5172//1233
f 5173//1412 5174//1232 5175//1411
f 5176//1277 5177//1413 5178//1417
f 5179//1414 5180//1280 5181//1411
f 5182//1214 5183//1392 5184//1214
f 5185//1214 5186//1392 5187//1392
f 5188//1026 5189//1027 5190//1418
f 5191//1418 5192//1027 5193//1419
f 5194//1418 5195//1419 5196//1420
f 5197//1420 5198//1419 5199//1421
f 5200//1420 5201//1421 5202//1107
f 5203//1422 5204//1423 5205//1105
f 5206//1027 5207//1018 5208//1419
f 5209//1419 5210//1018 5211//1017
f 5212//1199 5213//1424 5214//1425
f 5215//1425 5216//1424 5217//1425
f 5218//1425 5219//1197 5220//1198
f 5221//1426 5222//1344 5223//1426
f 5224//1426 5225//1344 5226//1344
f 5227//1427 5228//1428 5229//1429
f 5230//1429 5231//1428 5232//1430
f 5233//1429 5234//1430 5235//1431
f 5236//1431 5237//1430 5238//1432
f 5239//1433 5240//1432 5241//1434
f 5242//1435 5243//1432 5244//1436
f 5245//1437 5246//1432 5247//1438
f 5248//1439 5249//1432 5250//1440
f 5251//1439 5252//1440 5253//1441
f 5254//1442 5255//1440 5256//1428
f 5257//1442 5258//1428 5259//1443
f 5260//1444 5261//1428 5262//1427
f 5263//1444 5264//1445 5265//1442
f 5266//1442 5267//1445 5268//1438
f 5269//1445 5270//1446 5271//1438
f 5272//1435 5273//1447 5274//1433
f 5275//1433 5276//1447 5277//1429
f 5278//1447 5279//1448 5280//1429
f 5281//1432 5282//1430 5283//1440
f 5284//1440 5285//1430 5286//1428
f 5287//1398 5288//1401 5289//1449
f 5290//1449 5291//1401 5292//1450
f 5293//1449 5294//1451 5295//1266
f 5296//1452 5297//1264 5298//1449
f 5299//1449 5300//1264 5301//1450
f 5302//1449 5303//1450 5304//1398
f 5305//1453 5306//1454 5307//1455
f 5308//1013 5309//1454 5310//1456
f 5311//1013 5312//1456 5313//1456
f 5314//1456 5315//1456 5316//1457
f 5317//1456 5318//1457 5319//1457
f 5320//1457 5321//1457 5322//1458
f 5323//1457 5324//1458 5325//1457
f 5326//1457 5327//1458 5328//1459
f 5329//1457 5330//1460 5331//1461
f 5332//1462 5333//1463 5334//1464
f 5335//1465 5336//1464 5337//1466
f 5338//1466 5339//1464 5340//1467
f 5341//1468 5342//1464 5343//1460
f 5344//1469 5345//1459 5346//1470
f 5347//1470 5348//1459 5349//1458
f 5350//1453 5351//1471 5352//1454
f 5353//1472 5354//1473 5355//1474
f 5356//1475 5357//1474 5358//1476
f 5359//1476 5360//1474 5361//1477
f 5362//1476 5363//1477 5364//1458
f 5365//1458 5366//1477 5367//1478
f 5368//1479 5369//1477 5370//1474
f 5371//1012 5372//1013 5373//1480
f 5374//1466 5375//1013 5376//1462
f 5377//1457 5378//1456 5379//1481
f 5380//1482 5381//1456 5382//1472
f 5383//1483 5384//1013 5385//1456
f 5386//1456 5387//1013 5388//1456
f 5389//1456 5390//1456 5391//1457
f 5392//1457 5393//1462 5394//1456
f 5395//1457 5396//1456 5397//1457
f 5398//1458 5399//1457 5400//1476
f 5401//1484 5402//1485 5403//1486
f 5404//1262 5405//1485 5406//1487
f 5407//1262 5408//1487 5409//1488
f 5410//1489 5411//1487 5412//1490
f 5413//1491 5414//1487 5415//1492
f 5416//1490 5417//1492 5418//1493
f 5419//1493 5420//1492 5421//1325
f 5422//1325 5423//1492 5424//1494
f 5425//1495 5426//1494 5427//1496
f 5428//1496 5429//1494 5430//1497
f 5431//1497 5432//1494 5433//1485
f 5434//1497 5435//1485 5436//1484
f 5437//1496 5438//1326 5439//1325
f 5440//1488 5441//1263 5442//1262
f 5443//1492 5444//1487 5445//1485
f 5446//1494 5447//1492 5448//1485
f 5449//1498 5450//1499 5451//1500
f 5452//1501 5453//1502 5454//1287
f 5455//1503 5456//1287 5457//1313
f 5458//1313 5459//1501 5460//1501
s 0
f 5461//1501 5462//1501 5463//1501
f 5464//1501 5465//1501 5466//1501
f 5467//1501 5468//1501 5469//1501
f 5470//1501 5471//1501 5472//1501
f 5473//1500 5474//1500 5475//1500
s 1
f 5476//1501 5477//1501 5478//1501
s 0
f 5479//1501 5480//1501 5481//1501
f 5482//1501 5483//1501 5484//1501
f 5485//1504 5486//1504 5487//1504
f 5488//1501 5489//1501 5490//1501
f 5491//1501 5492//1501 5493//1501
f 5494//1501 5495//1501 5496//1501
f 5497//1503 5498//1503 5499//1503
f 5500//1501 5501//1501 5502//1501
f 5503//1501 5504//1501 5505//1501
s 1
f 5506//1505 5507//1506 5508//1507
f 5509//1507 5510//1506 5511//1268
f 5512//1507 5513//1269 5514//1508
f 5515//1508 5516//1268 5517//1267
f 5518//1284 5519//1283 5520//1509
f 5521//1509 5522//1283 5523//1510
f 5524//1509 5525//1510 5526//1511
f 5527//1511 5528//1512 5529//1015
f 5530//1513 5531//1015 5532//1011
f 5533//544 5534//543 5535//545
f 5536//545 5537//543 5538//546
f 5539//545 5540//547 5541//548
f 5542//548 5543//546 5544//549
f 5545//548 5546//550 5547//551
f 5548//551 5549//550 5550//552
f 5551//553 5552//552 5553//554
f 5554//554 5555//552 5556//555
f 5557//554 5558//555 5559//556
f 5560//556 5561//555 5562//557
f 5563//556 5564//557 5565//558
f 5566//558 5567//557 5568//559
f 5569//560 5570//559 5571//561
f 5572//561 5573//559 5574//562
f 5575//561 5576//562 5577//563
f 5578//563 5579//562 5580//564
f 5581//563 5582//564 5583//565
f 5584//566 5585//564 5586//567
f 5587//565 5588//567 5589//568
f 5590//568 5591//567 5592//569
f 5593//568 5594//569 5595//570
f 5596//570 5597//569 5598//571
f 5599//570 5600//572 5601//514
f 5602//514 5603//572 5604//515
f 5605//514 5606//515 5607//516
f 5608//516 5609//515 5610//517
f 5611//516 5612//517 5613//518
f 5614//518 5615//517 5616//519
f 5617//518 5618//519 5619//520
f 5620//520 5621//519 5622//521
f 5623//522 5624//521 5625//523
f 5626//523 5627//521 5628//524
f 5629//523 5630//524 5631//525
f 5632//525 5633//524 5634//526
f 5635//525 5636//527 5637//528
f 5638//528 5639//526 5640//529
f 5641//528 5642//529 5643//530
f 5644//530 5645//529 5646//531
f 5647//530 5648//531 5649//532
f 5650//532 5651//531 5652//533
f 5653//532 5654//534 5655//535
f 5656//535 5657//534 5658//536
f 5659//535 5660//536 5661//537
f 5662//537 5663//536 5664//538
f 5665//537 5666//538 5667//539
f 5668//539 5669//538 5670//540
f 5671//539 5672//541 5673//542
f 5674//542 5675//541 5676//543
f 5677//1514 5678//1515 5679//1516
f 5680//1516 5681//1517 5682//1518
f 5683//1516 5684//1518 5685//1519
f 5686//1520 5687//1521 5688//1516
f 5689//1516 5690//1522 5691//1523
f 5692//1516 5693//1523 5694//1524
f 5695//1524 5696//1523 5697//1525
f 5698//1524 5699//1526 5700//1516
f 5701//1516 5702//1526 5703//1514
s 0
f 5704//24 5705//24 5706//24
f 5707//24 5708//24 5709//24
f 5710//24 5711//24 5712//24
f 5713//24 5714//24 5715//24
f 5716//24 5717//24 5718//24
f 5719//24 5720//24 5721//24
s 1
f 5722//24 5723//1527 5724//24
f 5725//24 5726//1527 5727//1527
f 5728//1528 5729//1529 5730//1524
f 5731//1524 5732//1529 5733//1530
f 5734//1530 5735//1529 5736//1531
f 5737//1526 5738//1531 5739//1532
f 5740//1529 5741//1533 5742//1534
f 5743//1534 5744//1533 5745//1535
f 5746//1535 5747//1533 5748//1536
f 5749//1535 5750//1536 5751//1537
f 5752//1538 5753//1536 5754//1539
f 5755//1537 5756//1539 5757//1540
f 5758//1540 5759//1539 5760//1541
f 5761//1540 5762//1541 5763//1542
f 5764//1542 5765//1543 5766//1544
f 5767//1545 5768//1544 5769//1546
f 5770//1546 5771//1544 5772//1547
f 5773//1546 5774//1547 5775//1548
f 5776//1548 5777//1547 5778//1549
f 5779//1548 5780//1550 5781//1551
f 5782//1551 5783//1550 5784//1552
f 5785//1551 5786//1552 5787//1552
f 5788//1553 5789//1553 5790//1554
f 5791//1554 5792//1555 5793//1556
f 5794//1557 5795//1558 5796//1559
f 5797//1559 5798//1560 5799//1561
f 5800//1559 5801//1561 5802//1562
f 5803//1563 5804//1561 5805//1564
f 5806//1562 5807//1564 5808//1565
f 5809//1566 5810//1564 5811//1567
f 5812//1566 5813//1567 5814//1568
f 5815//1568 5816//1567 5817//1569
f 5818//1568 5819//1569 5820//1570
f 5821//1570 5822//1569 5823//1571
f 5824//1570 5825//1571 5826//1572
f 5827//1572 5828//1571 5829//1573
f 5830//1572 5831//1574 5832//1575
f 5833//1557 5834//1576 5835//1558
f 5836//1558 5837//1577 5838//1578
f 5839//1558 5840//1578 5841//1561
f 5842//1561 5843//1578 5844//1564
f 5845//1579 5846//1580 5847//1578
f 5848//1578 5849//1580 5850//1567
f 5851//1578 5852//1567 5853//1564
f 5854//1575 5855//1563 5856//1581
f 5857//1581 5858//1563 5859//1565
f 5860//1581 5861//1582 5862//1568
f 5863//1575 5864//1583 5865//1572
f 5866//1572 5867//1581 5868//1568
f 5869//1572 5870//1568 5871//1570
f 5872//1584 5873//1585 5874//1586
f 5875//1586 5876//1587 5877//1588
f 5878//1586 5879//1589 5880//1590
f 5881//1584 5882//1591 5883//1587
f 5884//1585 5885//1591 5886//1592
f 5887//1587 5888//1593 5889//1588
f 5890//1588 5891//1592 5892//1594
f 5893//1588 5894//1594 5895//1595
f 5896//1595 5897//1594 5898//1596
f 5899//1596 5900//1594 5901//1597
f 5902//1597 5903//1594 5904//1591
f 5905//1591 5906//1594 5907//1593
f 5908//1580 5909//1598 5910//1567
f 5911//1567 5912//1598 5913//1599
f 5914//1567 5915//1599 5916//1569
f 5917//1597 5918//1600 5919//1601
f 5920//1596 5921//1600 5922//1602
f 5923//1596 5924//1602 5925//1595
f 5926//1602 5927//1603 5928//1604
f 5929//1604 5930//1603 5931//1605
f 5932//1604 5933//1606 5934//1115
f 5935//1116 5936//1606 5937//1116
f 5938//1607 5939//1608 5940//1609
f 5941//1609 5942//1608 5943//1610
f 5944//1609 5945//1611 5946//1612
f 5947//1613 5948//1614 5949//1612
f 5950//1615 5951//1614 5952//1616
f 5953//1612 5954//1616 5955//1617
f 5956//1617 5957//1616 5958//1618
f 5959//1609 5960//1619 5961//1620
f 5962//1621 5963//1618 5964//1622
f 5965//1621 5966//1623 5967//1624
f 5968//1624 5969//1625 5970//1626
f 5971//1627 5972//1626 5973//1628
f 5974//1629 5975//1626 5976//1630
f 5977//1630 5978//1626 5979//1631
f 5980//1632 5981//1626 5982//1633
f 5983//1632 5984//1634 5985//1635
f 5986//1635 5987//1634 5988//1636
f 5989//1635 5990//1637 5991//1638
f 5992//1638 5993//1637 5994//1639
f 5995//1640 5996//1639 5997//1641
f 5998//1641 5999//1639 6000//1642
f 6001//1641 6002//1643 6003//1614
f 6004//1614 6005//1642 6006//1616
f 6007//1613 6008//1644 6009//1614
f 6010//1614 6011//1645 6012//1641
f 6013//1629 6014//1607 6015//1624
f 6016//1624 6017//1646 6018//1620
f 6019//1647 6020//1646 6021//1609
f 6022//1618 6023//1616 6024//1642
f 6025//1618 6026//1642 6027//1623
f 6028//1622 6029//1642 6030//1639
f 6031//1622 6032//1639 6033//1633
f 6034//1634 6035//1648 6036//1636
f 6037//1626 6038//1622 6039//1634
f 6040//1629 6041//1554 6042//1646
f 6043//1646 6044//1554 6045//1556
f 6046//1646 6047//1556 6048//1608
f 6049//1649 6050//1650 6051//1651
f 6052//1651 6053//1652 6054//1653
f 6055//1653 6056//1652 6057//1654
f 6058//1655 6059//1656 6060//1657
f 6061//1657 6062//1656 6063//1658
f 6064//1659 6065//1658 6066//1660
f 6067//1660 6068//1658 6069//1661
f 6070//1661 6071//1658 6072//1662
f 6073//1663 6074//1664 6075//1665
f 6076//1663 6077//1665 6078//1666
f 6079//1666 6080//1665 6081//1667
f 6082//1666 6083//1667 6084//1668
f 6085//1668 6086//1667 6087//1669
f 6088//1670 6089//1667 6090//1671
f 6091//1671 6092//1667 6093//1672
f 6094//1672 6095//1667 6096//1665
f 6097//1673 6098//1665 6099//1674
f 6100//1675 6101//1665 6102//1658
f 6103//1674 6104//1658 6105//1656
f 6106//1676 6107//1677 6108//1678
f 6109//1678 6110//1679 6111//1680
f 6112//1678 6113//1680 6114//1654
f 6115//1649 6116//1681 6117//1677
f 6118//1679 6119//1681 6120//1682
f 6121//1679 6122//1683 6123//1680
f 6124//1680 6125//1682 6126//1684
f 6127//1684 6128//1683 6129//1685
f 6130//1684 6131//1685 6132//1686
f 6133//1686 6134//1685 6135//1687
f 6136//1686 6137//1687 6138//1688
f 6139//1689 6140//1690 6141//1683
f 6142//1683 6143//1691 6144//1685
f 6145//1690 6146//1692 6147//1685
f 6148//1685 6149//1692 6150//1693
f 6151//1685 6152//1693 6153//1694
f 6154//1668 6155//1670 6156//1695
f 6157//1696 6158//1670 6159//1697
f 6160//1696 6161//1697 6162//1698
f 6163//1698 6164//1697 6165//1699
f 6166//1698 6167//1700 6168//1115
f 6169//1115 6170//1699 6171//1115
f 6172//1670 6173//1701 6174//1697
f 6175//1702 6176//1703 6177//1704
f 6178//1705 6179//1706 6180//1707
f 6181//1705 6182//1707 6183//1708
f 6184//1708 6185//1707 6186//1709
f 6187//1708 6188//1709 6189//1710
f 6190//1710 6191//1709 6192//1711
f 6193//1710 6194//1711 6195//1712
f 6196//1712 6197//1711 6198//1713
f 6199//1557 6200//1575 6201//1702
f 6202//1702 6203//1575 6204//1706
f 6205//1706 6206//1575 6207//1574
s 0
f 6208//1714 6209//1714 6210//1714
f 6211//1715 6212//1715 6213//1715
f 6214//1714 6215//1714 6216//1714
f 6217//1714 6218//1714 6219//1714
f 6220//1714 6221//1714 6222//1714
f 6223//1715 6224//1715 6225//1715
f 6226//1716 6227//1716 6228//1716
f 6229//1715 6230//1715 6231//1715
f 6232//1714 6233//1714 6234//1714
s 1
f 6235//1714 6236//1714 6237//1717
f 6238//1717 6239//1714 6240//1714
f 6241//1717 6242//1718 6243//1718
f 6244//1719 6245//1719 6246//1717
f 6247//1717 6248//1720 6249//1721
f 6250//1722 6251//1722 6252//1723
f 6253//1723 6254//1722 6255//1724
f 6256//1723 6257//1724 6258//1725
f 6259//1725 6260//1724 6261//1726
f 6262//1727 6263//1726 6264//1728
f 6265//1729 6266//1726 6267//1730
f 6268//1731 6269//1730 6270//1732
f 6271//1732 6272//1730 6273//1733
f 6274//1458 6275//1478 6276//1734
f 6277//1734 6278//1478 6279//1734
s 0
f 6280//1735 6281//1735 6282//1735
f 6283//1734 6284//1734 6285//1734
f 6286//1735 6287//1735 6288//1735
f 6289//1734 6290//1734 6291//1734
f 6292//1736 6293//1736 6294//1736
f 6295//1737 6296//1737 6297//1737
f 6298//1734 6299//1734 6300//1734
f 6301//1735 6302//1735 6303//1735
s 1
f 6304//1644 6305//1732 6306//1738
f 6307//1739 6308//1732 6309//1733
f 6310//1641 6311//1733 6312//1638
f 6313//1655 6314//1659 6315//1740
f 6316//1741 6317//1659 6318//1742
f 6319//1740 6320//1742 6321//1743
f 6322//1744 6323//1742 6324//1745
f 6325//1746 6326//1745 6327//1747
f 6328//1748 6329//1745 6330//1748
f 6331//1659 6332//1660 6333//1742
f 6334//1749 6335//1750 6336//1260
f 6337//1261 6338//1750 6339//1751
f 6340//1261 6341//1752 6342//1753
f 6343//1749 6344//1261 6345//1261
s 0
f 6346//1261 6347//1261 6348//1261
s 1
f 6349//1261 6350//1261 6351//1754
f 6352//1754 6353//1261 6354//1755
f 6355//1756 6356//1261 6357//1270
f 6358//1270 6359//1261 6360//1757
f 6361//1758 6362//1261 6363//1261
s 0
f 6364//1260 6365//1260 6366//1260
f 6367//1261 6368//1261 6369//1261
s 1
f 6370//1261 6371//1759 6372//1261
f 6373//1260 6374//1759 6375//1267
s 0
f 6376//1115 6377//1115 6378//1115
f 6379//1116 6380//1116 6381//1116
s 1
f 6382//1760 6383//1275 6384//1279
f 6385//1274 6386//1275 6387//1761
f 6388//1274 6389//1761 6390//1762
f 6391//1763 6392//1274 6393//1274
s 0
f 6394//1274 6395//1274 6396//1274
s 1
f 6397//1274 6398//1274 6399//1764
f 6400//1279 6401//1764 6402//1765
f 6403//1284 6404//1283 6405//1274
f 6406//1279 6407//1766 6408//1279
s 0
f 6409//1279 6410//1279 6411//1279
f 6412//1274 6413//1274 6414//1274
s 1
f 6415//1274 6416//1274 6417//1764
f 6418//1767 6419//1768 6420//1279
f 6421//1274 6422//1769 6423//1770
f 6424//1771 6425//1772 6426//1761
f 6427//1773 6428//1772 6429//1774
f 6430//1773 6431//1774 6432//1775
f 6433//1775 6434//1774 6435//1776
f 6436//1777 6437//1776 6438//1778
f 6439//1778 6440//1779 6441//1780
f 6442//1778 6443//1780 6444//1781
f 6445//1782 6446//1783 6447//1772
f 6448//1772 6449//1784 6450//1785
f 6451//1786 6452//1787 6453//1788
f 6454//1788 6455//1787 6456//1789
f 6457//1788 6458//1789 6459//1780
f 6460//1780 6461//1789 6462//1790
f 6463//1783 6464//1791 6465//1787
f 6466//1781 6467//1792 6468//1793
f 6469//1778 6470//1794 6471//1795
f 6472//1796 6473//1795 6474//1775
f 6475//1775 6476//1795 6477//1797
f 6478//1775 6479//1797 6480//1761
f 6481//1761 6482//1797 6483//1763
f 6484//1792 6485//1797 6486//1798
f 6487//1779 6488//1774 6489//1788
f 6490//1799 6491//1774 6492//1772
f 6493//1780 6494//1779 6495//1788
f 6496//1800 6497//1800 6498//1801
f 6499//1801 6500//1800 6501//1802
f 6502//1801 6503//1802 6504//1803
f 6505//1803 6506//1802 6507//1804
f 6508//1803 6509//1805 6510//1806
f 6511//1806 6512//1805 6513//1807
f 6514//1806 6515//1808 6516//1653
f 6517//1653 6518//1809 6519//1810
f 6520//1811 6521//1812 6522//1813
f 6523//1814 6524//1812 6525//1815
f 6526//1816 6527//1817 6528//1818
f 6529//1818 6530//1814 6531//1814
s 0
f 6532//1814 6533//1814 6534//1814
f 6535//1814 6536//1814 6537//1814
f 6538//1814 6539//1814 6540//1814
f 6541//1814 6542//1814 6543//1814
f 6544//1814 6545//1814 6546//1814
f 6547//1814 6548//1814 6549//1814
f 6550//1814 6551//1814 6552//1814
f 6553//1816 6554//1816 6555//1816
f 6556//1813 6557//1813 6558//1813
f 6559//1814 6560//1814 6561//1814
f 6562//1813 6563//1813 6564//1813
f 6565//1814 6566//1814 6567//1814
f 6568//1813 6569//1813 6570//1813
f 6571//1814 6572//1814 6573//1814
f 6574//1819 6575//1819 6576//1820
s 1
f 6577//1800 6578//1821 6579//1800
f 6580//1800 6581//1821 6582//1821
f 6583//1822 6584//1822 6585//1823
f 6586//1823 6587//1822 6588//1824
f 6589//1825 6590//1826 6591//1827
f 6592//1828 6593//1826 6594//1829
f 6595//1828 6596//1829 6597//1830
f 6598//1821 6599//1829 6600//1821
f 6601//1831 6602//1831 6603//1832
f 6604//1832 6605//1831 6606//1833
f 6607//1832 6608//1833 6609//1834
f 6610//1834 6611//1835 6612//1836
f 6613//1834 6614//1837 6615//1838
f 6616//1838 6617//1836 6618//1839
f 6619//1838 6620//1839 6621//1840
f 6622//1840 6623//1839 6624//1841
f 6625//1842 6626//1841 6627//1843
f 6628//1843 6629//1841 6630//1844
f 6631//1845 6632//1844 6633//1846
f 6634//1847 6635//1844 6636//1847
f 6637//1848 6638//1849 6639//1848
f 6640//1748 6641//1831 6642//1831
f 6643//1850 6644//1850 6645//1851
f 6646//1851 6647//1850 6648//1852
f 6649//1851 6650//1852 6651//1853
f 6652//1853 6653//1852 6654//1854
f 6655//1853 6656//1854 6657//1855
f 6658//1855 6659//1854 6660//1856
f 6661//1855 6662//1856 6663//1857
f 6664//1857 6665//1856 6666//1858
f 6667//1857 6668//1858 6669//1859
f 6670//1860 6671//1858 6672//1861
f 6673//1859 6674//1861 6675//1862
f 6676//1862 6677//1863 6678//1864
f 6679//1865 6680//1864 6681//1866
f 6682//1866 6683//1864 6684//1867
f 6685//919 6686//919 6687//1868
f 6688//1868 6689//919 6690//919
f 6691//1868 6692//919 6693//919
s 0
f 6694//919 6695//919 6696//919
f 6697//919 6698//919 6699//919
f 6700//919 6701//919 6702//919
f 6703//919 6704//919 6705//919
f 6706//922 6707//922 6708//922
f 6709//919 6710//919 6711//919
f 6712//919 6713//919 6714//919
f 6715//921 6716//921 6717//921
f 6718//919 6719//919 6720//919
f 6721//919 6722//919 6723//919
f 6724//919 6725//919 6726//919
f 6727//919 6728//919 6729//919
f 6730//919 6731//919 6732//919
f 6733//919 6734//919 6735//919
f 6736//919 6737//919 6738//919
f 6739//921 6740//921 6741//921
f 6742//919 6743//919 6744//919
f 6745//919 6746//919 6747//919
f 6748//919 6749//919 6750//919
f 6751//919 6752//919 6753//919
f 6754//919 6755//919 6756//919
f 6757//919 6758//919 6759//919
f 6760//919 6761//919 6762//919
f 6763//922 6764//922 6765//922
s 1
f 6766//1868 6767//919 6768//919
s 0
f 6769//922 6770//922 6771//922
f 6772//919 6773//919 6774//919
s 1
f 6775//1869 6776//919 6777//1505
f 6778//1870 6779//919 6780//919
f 6781//1868 6782//919 6783//919
f 6784//921 6785//921 6786//1505
f 6787//1868 6788//919 6789//919
f 6790//1868 6791//919 6792//919
s 0
f 6793//922 6794//922 6795//922
f 6796//919 6797//919 6798//919
f 6799//919 6800//919 6801//919
f 6802//919 6803//919 6804//919
f 6805//919 6806//919 6807//919
f 6808//919 6809//919 6810//919
f 6811//919 6812//919 6813//919
f 6814//922 6815//922 6816//922
s 1
f 6817//919 6818//919 6819//1868
f 6820//1868 6821//919 6822//919
f 6823//1868 6824//921 6825//921
s 0
f 6826//919 6827//919 6828//919
f 6829//919 6830//919 6831//919
f 6832//921 6833//921 6834//921
f 6835//922 6836//922 6837//922
f 6838//921 6839//921 6840//921
f 6841//919 6842//919 6843//919
f 6844//919 6845//919 6846//919
f 6847//919 6848//919 6849//919
s 1
f 6850//922 6851//922 6852//1439
f 6853//1871 6854//1439 6855//1446
f 6856//919 6857//919 6858//1868
f 6859//1870 6860//919 6861//919
f 6862//1868 6863//919 6864//1506
s 0
f 6865//919 6866//919 6867//919
f 6868//919 6869//919 6870//919
f 6871//919 6872//919 6873//919
f 6874//919 6875//919 6876//919
f 6877//919 6878//919 6879//919
f 6880//922 6881//922 6882//922
f 6883//919 6884//919 6885//919
f 6886//919 6887//919 6888//919
f 6889//919 6890//919 6891//919
f 6892//919 6893//919 6894//919
f 6895//919 6896//919 6897//919
f 6898//919 6899//919 6900//919
f 6901//919 6902//919 6903//919
f 6904//919 6905//919 6906//919
f 6907//919 6908//919 6909//919
f 6910//919 6911//919 6912//919
f 6913//919 6914//919 6915//919
f 6916//919 6917//919 6918//919
f 6919//919 6920//919 6921//919
f 6922//919 6923//919 6924//919
f 6925//922 6926//922 6927//922
f 6928//919 6929//919 6930//919
f 6931//919 6932//919 6933//919
f 6934//919 6935//919 6936//919
s 1
f 6937//919 6938//919 6939//1868
f 6940//1868 6941//919 6942//919
s 0
f 6943//919 6944//919 6945//919
f 6946//919 6947//919 6948//919
f 6949//919 6950//919 6951//919
f 6952//919 6953//919 6954//919
f 6955//919 6956//919 6957//919
f 6958//919 6959//919 6960//919
f 6961//24 6962//24 6963//24
f 6964//24 6965//24 6966//24
s 1
f 6967//1872 6968//1872 6969//1873
f 6970//1873 6971//1872 6972//1874
f 6973//1873 6974//1875 6975//1876
f 6976//1877 6977//1875 6978//1878
f 6979//1876 6980//1879 6981//1880
f 6982//1881 6983//1879 6984//1882
f 6985//1881 6986//1882 6987//1883
f 6988//1883 6989//1882 6990//1884
f 6991//1885 6992//1886 6993//1887
f 6994//1887 6995//1886 6996//1887
f 6997//1887 6998//1888 6999//1887
f 7000//1887 7001//1888 7002//1888
s 0
f 7003//1889 7004//1889 7005//1889
f 7006//1890 7007//1890 7008//1890
f 7009//1890 7010//1890 7011//1890
s 1
f 7012//1891 7013//1890 7014//1890
s 0
f 7015//1890 7016//1890 7017//1890
f 7018//1890 7019//1890 7020//1890
s 1
f 7021//1892 7022//1893 7023//1891
f 7024//1891 7025//1894 7026//1894
f 7027//1891 7028//1890 7029//1890
f 7030//1890 7031//1890 7032//1891
s 0
f 7033//1890 7034//1890 7035//1890
f 7036//1890 7037//1890 7038//1890
f 7039//1890 7040//1890 7041//1890
s 1
f 7042//1890 7043//1890 7044//1890
f 7045//1584 7046//1586 7047//1895
f 7048//1896 7049//1586 7050//1897
f 7051//1896 7052//1898 7053//1899
f 7054//1899 7055//1898 7056//1900
f 7057//1901 7058//1902 7059//1903
f 7060//1903 7061//1902 7062//1903
f 7063//1586 7064//1904 7065//1897
f 7066//1905 7067//1906 7068//1721
f 7069//1721 7070//1906 7071//1907
f 7072//1721 7073//1907 7074//1717
f 7075//1908 7076//1907 7077//1906
f 7078//1908 7079//1906 7080//1906
f 7081//1906 7082//1906 7083//1764
f 7084//1764 7085//1906 7086//1907
f 7087//1764 7088//1907 7089//1767
f 7090//1767 7091//1907 7092//1906
f 7093//1767 7094//1906 7095//1906
f 7096//1909 7097//1246 7098//1909
f 7099//1722 7100//1910 7101//1910
f 7102//1712 7103//1872 7104//1712
f 7105//1712 7106//1872 7107//1872
f 7108//1521 7109//1520 7110//1911
f 7111//1911 7112//1520 7113//1912
f 7114//1911 7115//1912 7116//1913
f 7117//1913 7118//1912 7119//1517
f 7120//1911 7121//1913 7122//1914
f 7123//1914 7124//1913 7125//1915
f 7126//1914 7127//1915 7128//1916
f 7129//1598 7130//1915 7131//1599
f 7132//1693 7133//1917 7134//1694
f 7135//1687 7136//1917 7137//1917
f 7138//1694 7139//1917 7140//1688
f 7141//1918 7142//1847 7143//1918
f 7144//1918 7145//1847 7146//1847
s 0
f 7147//1919 7148//1919 7149//1919
f 7150//1919 7151//1919 7152//1919
f 7153//1920 7154//1920 7155//1920
f 7156//1919 7157//1919 7158//1919
f 7159//1919 7160//1919 7161//1919
f 7162//1920 7163//1920 7164//1920
f 7165//1919 7166//1919 7167//1919
f 7168//1920 7169//1920 7170//1920
s 1
f 7171//1920 7172//1429 7173//1920
f 7174//1920 7175//1429 7176//1448
f 7177//1921 7178//1922 7179//1755
f 7180//1756 7181//1923 7182//1924
f 7183//1756 7184//1924 7185//1754
f 7186//1925 7187//1891 7188//1921
f 7189//1926 7190//1891 7191//1922
f 7192//1891 7193//1924 7194//1922
f 7195//1866 7196//1927 7197//1928
f 7198//1928 7199//1927 7200//1361
f 7201//1929 7202//1930 7203//1815
f 7204//1815 7205//1930 7206//1931
f 7207//1815 7208//1931 7209//1932
f 7210//1933 7211//1931 7212//1934
f 7213//1935 7214//1931 7215//1936
f 7216//1934 7217//1936 7218//1937
f 7219//1937 7220//1936 7221//1749
f 7222//1749 7223//1936 7224//1938
f 7225//1749 7226//1938 7227//1939
f 7228//1939 7229//1940 7230//1941
f 7231//1941 7232//1940 7233//1930
f 7234//1941 7235//1930 7236//1929
f 7237//1939 7238//1750 7239//1749
f 7240//1942 7241//1818 7242//1817
f 7243//1936 7244//1931 7245//1930
f 7246//1940 7247//1936 7248//1930
f 7249//1780 7250//1790 7251//1943
f 7252//1943 7253//1790 7254//1944
f 7255//1945 7256//1944 7257//1946
f 7258//1780 7259//1943 7260//1943
s 0
f 7261//1943 7262//1943 7263//1943
f 7264//1943 7265//1943 7266//1943
f 7267//1943 7268//1943 7269//1943
f 7270//1943 7271//1943 7272//1943
f 7273//1943 7274//1943 7275//1943
f 7276//1947 7277//1947 7278//1947
f 7279//1943 7280//1943 7281//1943
f 7282//1943 7283//1943 7284//1943
f 7285//1943 7286//1943 7287//1943
f 7288//1948 7289//1948 7290//1948
f 7291//1943 7292//1943 7293//1943
f 7294//1943 7295//1943 7296//1943
s 1
f 7297//1943 7298//1943 7299//1943
s 0
f 7300//1945 7301//1945 7302//1945
f 7303//1943 7304//1943 7305//1943
s 1
f 7306//1869 7307//1949 7308//1759
f 7309//1950 7310//1949 7311//1951
f 7312//1759 7313//1951 7314//1267
f 7315//1869 7316//1505 7317//1949
f 7318//1011 7319//1015 7320//1513
f 7321//1511 7322//1015 7323//1512
f 7324//1511 7325//1510 7326//1509
f 7327//1509 7328//1512 7329//1283
f 7330//1509 7331//1283 7332//1284
f 7333//544 7334//543 7335//545
f 7336//545 7337//543 7338//546
f 7339//545 7340//547 7341//548
f 7342//548 7343//546 7344//549
f 7345//548 7346//550 7347//551
f 7348//551 7349//550 7350//552
f 7351//553 7352//552 7353//554
f 7354//554 7355//552 7356//555
f 7357//554 7358//555 7359//556
f 7360//556 7361//555 7362//557
f 7363//556 7364//557 7365//558
f 7366//558 7367//557 7368//559
f 7369//560 7370//559 7371//561
f 7372//561 7373//559 7374//562
f 7375//561 7376//562 7377//563
f 7378//563 7379//562 7380//564
f 7381//563 7382//564 7383//565
f 7384//566 7385//564 7386//567
f 7387//565 7388//567 7389//568
f 7390//568 7391//567 7392//569
f 7393//568 7394//569 7395//570
f 7396//570 7397//569 7398//571
f 7399//570 7400//572 7401//514
f 7402//514 7403//572 7404//515
f 7405//514 7406//515 7407//516
f 7408//516 7409//515 7410//517
f 7411//516 7412//517 7413//518
f 7414//518 7415//517 7416//519
f 7417//518 7418//519 7419//520
f 7420//520 7421//519 7422//521
f 7423//522 7424//521 7425//523
f 7426//523 7427//521 7428//524
f 7429//523 7430//524 7431//525
f 7432//525 7433//524 7434//526
f 7435//525 7436//527 7437//528
f 7438//528 7439//526 7440//529
f 7441//528 7442//529 7443//530
f 7444//530 7445//529 7446//531
f 7447//530 7448//531 7449//532
f 7450//532 7451//531 7452//533
f 7453//532 7454//534 7455//535
f 7456//535 7457//534 7458//536
f 7459//535 7460//536 7461//537
f 7462//537 7463//536 7464//538
f 7465//537 7466//538 7467//539
f 7468//539 7469//538 7470//540
f 7471//539 7472//541 7473//542
f 7474//542 7475//541 7476//543
