# Blender 4.0.2
# www.blender.org
o wheel_b_rim-node
v 0.003318 -0.013206 -0.006522
v 0.005577 -0.013163 -0.004441
v -0.001150 -0.013173 -0.007328
v 0.001561 -0.013207 -0.007125
v -0.014938 -0.014785 -0.006158
v -0.006209 -0.013160 -0.003286
v -0.006817 -0.013159 0.002004
v 0.014981 -0.014809 0.006132
v 0.003571 -0.013156 0.006216
v 0.007350 -0.013168 0.000000
v -0.002414 -0.013150 0.001271
v -0.002452 -0.013141 0.006626
v 0.002212 -0.013150 0.001389
v 0.000487 -0.013150 -0.002630
v -0.027496 -0.017226 -0.001998
v -0.027157 -0.017202 -0.003993
v -0.013160 -0.014427 -0.002656
v -0.026954 -0.017163 -0.003989
v -0.012625 -0.014322 -0.002626
v -0.016074 -0.015097 -0.004924
v -0.030838 -0.017952 -0.005068
v -0.027929 -0.017279 -0.001663
v -0.031268 -0.017948 0.001269
v -0.028028 -0.017250 -0.001232
v -0.027904 -0.017201 0.001502
v -0.027496 -0.017226 0.001998
v -0.022367 -0.016331 0.003515
v -0.016074 -0.015097 0.004924
v -0.012428 -0.014155 0.002241
v -0.010765 -0.013719 0.000600
v -0.011751 -0.014008 -0.002021
v -0.027420 -0.017259 -0.006132
v -0.027615 -0.017236 -0.004748
v -0.014777 -0.014901 -0.006985
v -0.014841 -0.015097 -0.007902
v -0.021872 -0.017163 -0.016257
v -0.010776 -0.014322 -0.007088
v -0.011176 -0.014427 -0.007445
v -0.024377 -0.017964 -0.019638
v -0.020848 -0.017226 -0.018047
v -0.020948 -0.017290 -0.018682
v -0.018636 -0.017191 -0.020809
v -0.018516 -0.017951 -0.025242
v -0.016303 -0.017258 -0.022511
v -0.022911 -0.017245 -0.016155
v -0.028775 -0.017949 -0.012460
v -0.025583 -0.017254 -0.011699
v 0.010516 -0.017243 -0.026171
v 0.004528 -0.017185 -0.027541
v 0.004524 -0.017956 -0.031056
v 0.002023 -0.017226 -0.027521
v 0.004014 -0.017163 -0.026979
v 0.002681 -0.014427 -0.013185
v 0.002651 -0.014322 -0.012650
v 0.004949 -0.015097 -0.016099
v 0.005873 -0.014805 -0.015047
v 0.007352 -0.014933 -0.014967
v 0.007927 -0.015097 -0.014866
v 0.007451 -0.014422 -0.011183
v 0.006978 -0.014211 -0.010344
v 0.016282 -0.017163 -0.021897
v 0.018072 -0.017226 -0.020873
v 0.020581 -0.017954 -0.023572
v 0.018601 -0.017271 -0.020943
v 0.020837 -0.017196 -0.018660
v 0.024893 -0.017953 -0.019039
v 0.020898 -0.017226 -0.018047
v 0.021926 -0.017164 -0.016262
v 0.011226 -0.014427 -0.007445
v 0.014618 -0.014945 -0.007039
v 0.016304 -0.017209 -0.022740
v 0.014227 -0.017941 -0.027982
v 0.027650 -0.017245 0.004341
v 0.029485 -0.017933 0.011298
v 0.026830 -0.017258 0.008493
v 0.025007 -0.017268 0.012941
v 0.022613 -0.017155 0.016316
v 0.023836 -0.017964 0.020362
v 0.020898 -0.017226 0.018047
v 0.011226 -0.014427 0.007445
v 0.031275 -0.017951 0.001280
v 0.027546 -0.017226 0.001998
v 0.027004 -0.017163 0.003989
v 0.013210 -0.014427 0.002656
v 0.012675 -0.014322 0.002626
v 0.016124 -0.015097 0.004924
v 0.011739 -0.014101 0.002150
v 0.014993 -0.014931 0.007326
v 0.014891 -0.015097 0.007902
v 0.010826 -0.014322 0.007088
v 0.010369 -0.014211 0.006953
v 0.021922 -0.017163 0.016257
v -0.004688 -0.017293 0.027737
v -0.003165 -0.017949 0.031113
v -0.015517 -0.017942 0.027736
v -0.010219 -0.017246 0.026197
v -0.016329 -0.017346 0.023107
v -0.018022 -0.017226 0.020873
v -0.018657 -0.017290 0.020973
v -0.020762 -0.017183 0.018579
v -0.025585 -0.017949 0.018028
v -0.022345 -0.017327 0.016675
v -0.003967 -0.017202 0.027182
v -0.003964 -0.017163 0.026979
v -0.002631 -0.014427 0.013185
v -0.001973 -0.017226 0.027521
v -0.001747 -0.017240 0.027737
v -0.004899 -0.015097 0.016099
v -0.005823 -0.014805 0.015047
v -0.007282 -0.014926 0.014964
v -0.007877 -0.015097 0.014866
v -0.016232 -0.017163 0.021897
v -0.007420 -0.014427 0.011201
v 0.001524 -0.017287 -0.028065
v -0.001473 -0.017197 -0.027931
v -0.003909 -0.017955 -0.031036
v -0.001973 -0.017226 -0.027521
v -0.002631 -0.014427 -0.013185
v -0.003964 -0.017163 -0.026979
v -0.002601 -0.014322 -0.012650
v -0.004899 -0.015097 -0.016099
v -0.005374 -0.014937 -0.015764
v -0.006208 -0.014801 -0.014913
v -0.007666 -0.015074 -0.015054
v -0.002214 -0.014151 -0.012461
v -0.001153 -0.013855 -0.011101
v 0.000573 -0.013757 -0.010835
v 0.002111 -0.014087 -0.011778
v 0.001797 -0.017240 -0.027737
v 0.027957 -0.017202 -0.001501
v 0.031070 -0.017949 -0.003794
v 0.028106 -0.017290 0.001481
v 0.027771 -0.017243 0.001773
v 0.027546 -0.017226 -0.001998
v 0.027207 -0.017202 -0.003992
v 0.027834 -0.017328 -0.004528
v 0.013210 -0.014427 -0.002656
v 0.027004 -0.017163 -0.003989
v 0.012675 -0.014322 -0.002626
v 0.016124 -0.015097 -0.004924
v 0.012434 -0.014249 -0.002482
v 0.010839 -0.013763 -0.000697
v 0.011515 -0.013894 0.001694
v -0.001474 -0.017287 0.028064
v 0.001523 -0.017197 0.027931
v 0.003221 -0.017955 0.031156
v 0.002023 -0.017226 0.027521
v 0.004014 -0.017163 0.026979
v 0.002681 -0.014427 0.013185
v 0.004949 -0.015097 0.016099
v 0.002263 -0.014149 0.012461
v 0.000722 -0.013764 0.010813
v -0.001635 -0.013897 0.011458
v -0.002062 -0.014088 0.011777
v -0.006926 -0.014212 0.010345
v -0.006819 -0.013931 0.009260
v -0.008024 -0.013757 0.007275
v -0.009778 -0.014087 0.006854
v -0.011176 -0.014427 0.007445
v -0.021872 -0.017163 0.016257
v -0.014841 -0.015097 0.007902
v -0.014880 -0.014834 0.006178
v 0.018685 -0.017196 0.020812
v 0.020996 -0.017288 0.018682
v 0.009285 -0.013931 0.006844
v 0.007299 -0.013758 0.008048
v 0.006879 -0.014087 0.009803
v 0.007113 -0.014322 0.010802
v 0.007927 -0.015097 0.014866
v 0.016282 -0.017163 0.021897
v 0.007470 -0.014427 0.011201
v 0.018072 -0.017226 0.020873
v 0.018530 -0.017951 0.025214
v 0.016381 -0.017208 0.022336
v 0.007178 -0.013764 -0.008139
v 0.009301 -0.013897 -0.006929
v 0.009829 -0.014088 -0.006852
v -0.010319 -0.014211 -0.006953
v -0.008114 -0.013764 -0.007153
v -0.006875 -0.013938 -0.009315
v 0.009841 -0.017243 0.026393
v 0.016029 -0.017248 0.023128
v 0.007142 -0.014900 0.014864
v 0.006112 -0.014828 0.014996
v 0.005429 -0.014931 0.015765
v 0.004485 -0.017195 0.027560
v 0.011887 -0.017954 0.029052
v 0.023622 -0.017214 -0.015466
v 0.022566 -0.017142 -0.016275
v 0.015021 -0.014828 -0.006087
v 0.015790 -0.014931 -0.005404
v 0.029315 -0.017949 -0.011260
v 0.027098 -0.017271 -0.007717
v -0.015982 -0.017250 -0.023127
v -0.009064 -0.017255 -0.026697
v -0.010642 -0.017949 -0.029511
v -0.004503 -0.017327 -0.027809
v -0.027348 -0.017217 0.004166
v -0.027488 -0.017122 0.004483
v -0.029702 -0.017942 0.010049
v -0.027134 -0.017272 0.007452
v -0.025344 -0.017262 0.012083
v -0.022833 -0.017300 0.016390
v -0.031120 0.018050 -0.003831
v -0.029968 0.018050 0.010153
v -0.022389 0.018050 0.021961
v -0.010738 0.018050 0.029780
v 0.007071 0.018050 0.030871
v 0.019590 0.018050 0.024533
v 0.028554 0.018050 0.013739
v 0.031405 0.018050 -0.000000
v 0.028554 0.018050 -0.013739
v 0.017622 0.018050 -0.026190
v 0.005754 0.018050 -0.030852
v -0.006996 0.018050 -0.030762
v -0.018523 0.018050 -0.025311
v -0.027193 0.018050 -0.015962
v -0.027803 -0.016955 -0.001459
v -0.026012 -0.016599 -0.001607
v -0.027559 -0.016788 -0.001509
v -0.023058 -0.016018 -0.001745
v -0.024538 -0.016392 -0.001713
v -0.023044 -0.016099 -0.001783
v -0.024045 -0.016406 -0.001817
v -0.023032 -0.016172 -0.001835
v -0.023023 -0.016234 -0.001900
v -0.024277 -0.016546 -0.001942
v -0.023017 -0.016284 -0.001976
v -0.022849 -0.016277 -0.002037
v -0.024507 -0.016628 -0.002046
v -0.021441 -0.016027 -0.002187
v -0.020027 -0.015723 -0.002166
v -0.018137 -0.015354 -0.002253
v -0.018139 -0.015329 -0.002201
v -0.016346 -0.014979 -0.002284
v -0.016718 -0.014971 -0.002158
v -0.014085 -0.014464 -0.002284
v -0.027718 -0.017080 -0.001579
v -0.027627 -0.017167 -0.001708
v -0.026000 -0.016922 -0.001977
v -0.018136 -0.015380 -0.002339
v -0.016344 -0.015004 -0.002336
v -0.014553 -0.014631 -0.002367
v -0.013161 -0.014362 -0.002431
v -0.013158 -0.014408 -0.002539
v -0.014976 -0.014766 -0.002486
v -0.014551 -0.014656 -0.002418
v -0.014594 -0.014366 -0.002139
v -0.013222 -0.013988 -0.002179
v -0.018180 -0.015063 -0.001972
v -0.020212 -0.015461 -0.001877
v -0.021550 -0.015806 -0.001852
v -0.017277 -0.014970 -0.002051
v -0.016387 -0.014714 -0.002056
v -0.019223 -0.015429 -0.002008
v -0.021377 -0.015882 -0.001942
v -0.021523 -0.015991 -0.002045
v -0.020029 -0.015699 -0.002114
v -0.027566 -0.013151 0.000959
v -0.017144 -0.014944 0.002051
v -0.013222 -0.013988 0.002179
v -0.016428 -0.014989 0.002249
v -0.019989 -0.015671 0.002082
v -0.018447 -0.015414 0.002239
v -0.017955 -0.015345 0.002348
v -0.025938 -0.016910 0.001980
v -0.020804 -0.015901 0.002217
v -0.024351 -0.016572 0.001966
v -0.022753 -0.016258 0.002040
v -0.023853 -0.016427 0.001900
v -0.022755 -0.016233 0.001988
v -0.021915 -0.015989 0.001919
v -0.023088 -0.016108 0.001781
v -0.024395 -0.016281 0.001682
v -0.022796 -0.015967 0.001757
v -0.027559 -0.016788 0.001509
v -0.021198 -0.015653 0.001831
v -0.019599 -0.015340 0.001906
v -0.019586 -0.015461 0.001966
v -0.025539 -0.016796 0.001887
v -0.026322 -0.016750 0.001628
v -0.021154 -0.015944 0.002114
v -0.021184 -0.015734 0.001869
v -0.027513 -0.013144 -0.001033
v -0.027181 -0.013077 -0.001144
v -0.023087 -0.012269 -0.001334
v -0.024778 -0.012603 -0.001255
v -0.011971 -0.010013 -0.001705
v -0.018900 -0.011445 -0.001529
v -0.020670 -0.011793 -0.001446
v -0.022544 -0.013131 0.015522
v -0.015032 -0.014922 0.007446
v -0.019736 -0.016234 0.013045
v -0.016954 -0.015602 0.010026
v -0.019253 -0.016277 0.012760
v -0.017608 -0.015829 0.010891
v -0.018689 -0.016146 0.012176
v -0.017533 -0.015851 0.010948
v -0.018615 -0.016168 0.012233
v -0.020759 -0.016804 0.014787
v -0.015037 -0.015051 0.007748
v -0.016526 -0.015514 0.009605
v -0.014939 -0.015090 0.007821
v -0.016451 -0.015535 0.009663
v -0.021179 -0.016884 0.015139
v -0.022610 -0.016989 0.016221
v -0.020895 -0.016763 0.014714
v -0.019769 -0.016465 0.013462
v -0.015873 -0.014884 0.005406
v -0.021331 -0.016078 0.004571
v -0.019708 -0.015771 0.004711
v -0.018085 -0.015466 0.004850
v -0.018630 -0.015543 0.004899
v -0.027052 -0.013159 0.005101
v -0.023261 -0.016353 0.004644
v -0.024313 -0.017155 0.013936
v -0.022953 -0.016947 0.015991
v -0.015143 -0.010926 0.006412
v -0.027277 -0.017081 -0.004416
v -0.023626 -0.017009 -0.015056
v -0.022474 -0.017102 -0.016253
v -0.019162 -0.015939 -0.012277
v -0.022630 -0.013141 -0.015537
v -0.018696 -0.015955 -0.011842
v -0.021378 -0.016896 -0.015248
v -0.018981 -0.016215 -0.012477
v -0.019605 -0.016461 -0.013410
v -0.018475 -0.016127 -0.012066
v -0.017344 -0.015795 -0.010722
v -0.016212 -0.015466 -0.009378
v -0.016287 -0.015445 -0.009321
v -0.014939 -0.015090 -0.007821
v -0.014900 -0.014999 -0.007527
v -0.015071 -0.014941 -0.007576
v -0.016811 -0.015530 -0.009790
v -0.017418 -0.015774 -0.010665
v -0.016526 -0.015362 -0.009317
v -0.017464 -0.015751 -0.010632
v -0.018549 -0.016105 -0.012009
v -0.016087 -0.015090 -0.005051
v -0.015717 -0.014778 -0.005496
v -0.027043 -0.013172 -0.005082
v -0.020532 -0.015780 -0.004935
v -0.025613 -0.016664 -0.004553
v -0.020011 -0.015780 -0.004836
v -0.021642 -0.016088 -0.004695
v -0.020001 -0.015802 -0.004780
v -0.021633 -0.016111 -0.004639
v -0.019989 -0.015824 -0.004687
v -0.021621 -0.016133 -0.004546
v -0.018369 -0.015495 -0.004920
v -0.018357 -0.015517 -0.004827
v -0.025440 -0.016864 -0.004215
v -0.023253 -0.016444 -0.004405
v -0.024340 -0.016618 -0.004433
v -0.023265 -0.016422 -0.004497
v -0.023274 -0.016399 -0.004553
v -0.025281 -0.016701 -0.004499
v -0.023291 -0.016350 -0.004634
v -0.015150 -0.010935 -0.006490
v -0.027240 -0.014636 -0.005116
v -0.027041 -0.013149 -0.005381
v -0.027052 -0.013150 -0.005337
v -0.004769 -0.017134 -0.027604
v -0.004199 -0.017172 -0.027239
v -0.004653 -0.017047 -0.027539
v -0.004467 -0.017074 -0.027413
v -0.004430 -0.016927 -0.027208
v -0.004458 -0.016812 -0.027092
v -0.004423 -0.016885 -0.026681
v -0.004726 -0.016228 -0.023438
v -0.004711 -0.016176 -0.022549
v -0.004591 -0.016217 -0.022268
v -0.004276 -0.016873 -0.025635
v -0.004373 -0.016461 -0.023363
v -0.004524 -0.016127 -0.021613
v -0.004675 -0.015795 -0.019863
v -0.004924 -0.015635 -0.019400
v -0.004768 -0.015774 -0.019875
v -0.005188 -0.015233 -0.018365
v -0.006061 -0.011069 -0.015650
v -0.004879 -0.015894 -0.021689
v -0.004824 -0.015751 -0.019885
v -0.004617 -0.016105 -0.021625
v -0.006942 -0.011030 -0.015288
v -0.015512 -0.013115 -0.022596
v -0.015693 -0.014827 -0.022874
v -0.015309 -0.013149 -0.022943
v -0.015379 -0.013147 -0.022883
v 0.004290 -0.017122 -0.027112
v 0.004966 -0.016947 -0.027555
v 0.015081 -0.017009 -0.023651
v 0.016140 -0.017065 -0.022279
v 0.011503 -0.015827 -0.018461
v 0.016013 -0.016725 -0.022350
v 0.012508 -0.016217 -0.019012
v 0.014205 -0.016653 -0.020277
v 0.013436 -0.016461 -0.019630
v 0.012091 -0.016127 -0.018500
v 0.010747 -0.015795 -0.017369
v 0.010270 -0.015641 -0.017240
v 0.010690 -0.015774 -0.017443
v 0.011312 -0.015695 -0.018356
v 0.006558 -0.010935 -0.015148
v 0.010657 -0.015751 -0.017489
v 0.012035 -0.016105 -0.018574
v 0.005076 -0.015090 -0.016112
v 0.004980 -0.013105 -0.026913
v 0.005474 -0.014718 -0.016093
v 0.004783 -0.016213 -0.023833
v 0.004960 -0.015781 -0.020562
v 0.004710 -0.016361 -0.023946
v 0.004861 -0.015780 -0.020036
v 0.004720 -0.016088 -0.021667
v 0.004805 -0.015802 -0.020027
v 0.004664 -0.016111 -0.021658
v 0.004712 -0.015824 -0.020014
v 0.004571 -0.016133 -0.021646
v 0.004945 -0.015495 -0.018394
v 0.004852 -0.015517 -0.018382
v 0.004240 -0.016864 -0.025465
v 0.004430 -0.016444 -0.023278
v 0.004458 -0.016619 -0.024369
v 0.004523 -0.016422 -0.023290
v 0.004578 -0.016399 -0.023299
v 0.004524 -0.016700 -0.025301
v 0.004659 -0.016350 -0.023316
v 0.005313 -0.013147 -0.027073
v 0.005406 -0.013149 -0.027066
v 0.027629 -0.017134 -0.004794
v 0.027264 -0.017172 -0.004224
v 0.027564 -0.017047 -0.004678
v 0.027437 -0.017074 -0.004492
v 0.027233 -0.016927 -0.004455
v 0.027117 -0.016812 -0.004483
v 0.026706 -0.016885 -0.004448
v 0.023463 -0.016228 -0.004751
v 0.022574 -0.016176 -0.004736
v 0.022293 -0.016217 -0.004616
v 0.025660 -0.016873 -0.004301
v 0.023388 -0.016461 -0.004398
v 0.021638 -0.016127 -0.004549
v 0.019888 -0.015795 -0.004700
v 0.019436 -0.015637 -0.004948
v 0.019900 -0.015774 -0.004793
v 0.018390 -0.015233 -0.005213
v 0.015650 -0.011055 -0.006092
v 0.021714 -0.015894 -0.004904
v 0.019910 -0.015751 -0.004849
v 0.021650 -0.016105 -0.004642
v 0.015034 -0.014855 -0.007345
v 0.015384 -0.011033 -0.006751
v 0.022527 -0.013090 -0.015545
v 0.022900 -0.014881 -0.015727
v 0.022968 -0.013149 -0.015333
v 0.022908 -0.013147 -0.015404
v 0.027506 -0.017009 0.004537
v 0.027580 -0.016947 0.004941
v 0.023671 -0.017008 0.015064
v 0.018489 -0.015828 0.011481
v 0.022375 -0.016725 0.015988
v 0.019037 -0.016217 0.012484
v 0.020302 -0.016653 0.014180
v 0.019655 -0.016461 0.013410
v 0.018524 -0.016127 0.012066
v 0.017394 -0.015795 0.010722
v 0.017265 -0.015641 0.010245
v 0.017468 -0.015774 0.010665
v 0.018381 -0.015695 0.011286
v 0.022586 -0.013117 0.015533
v 0.017514 -0.015751 0.010632
v 0.018599 -0.016105 0.012009
v 0.016137 -0.015090 0.005051
v 0.015705 -0.014756 0.005541
v 0.026938 -0.013106 0.004955
v 0.015225 -0.011010 0.006590
v 0.023858 -0.016213 0.004758
v 0.020582 -0.015780 0.004935
v 0.023971 -0.016361 0.004685
v 0.020061 -0.015780 0.004836
v 0.021692 -0.016088 0.004695
v 0.020052 -0.015802 0.004780
v 0.021683 -0.016111 0.004639
v 0.020039 -0.015824 0.004687
v 0.021671 -0.016133 0.004546
v 0.018419 -0.015495 0.004920
v 0.018407 -0.015517 0.004827
v 0.025490 -0.016864 0.004215
v 0.023302 -0.016444 0.004405
v 0.024219 -0.016585 0.004448
v 0.023315 -0.016422 0.004497
v 0.023324 -0.016399 0.004553
v 0.025263 -0.016688 0.004505
v 0.023340 -0.016350 0.004634
v 0.027098 -0.013147 0.005288
v 0.027091 -0.013149 0.005381
v 0.016242 -0.017007 0.022575
v 0.016278 -0.017172 0.022050
v 0.004966 -0.016947 0.027555
v 0.004498 -0.016932 0.027304
v 0.004473 -0.016885 0.026681
v 0.004776 -0.016228 0.023438
v 0.004761 -0.016175 0.022542
v 0.004641 -0.016217 0.022270
v 0.004326 -0.016873 0.025635
v 0.004423 -0.016461 0.023363
v 0.004574 -0.016127 0.021613
v 0.004725 -0.015795 0.019863
v 0.004973 -0.015636 0.019408
v 0.004818 -0.015774 0.019875
v 0.005238 -0.015233 0.018365
v 0.006201 -0.011063 0.015468
v 0.004929 -0.015894 0.021689
v 0.005041 -0.013136 0.027001
v 0.004874 -0.015751 0.019885
v 0.004667 -0.016105 0.021625
v 0.006892 -0.011008 0.015302
v 0.011884 -0.016005 0.018692
v 0.012074 -0.016122 0.018485
v 0.013318 -0.016431 0.019531
v 0.014650 -0.016752 0.020800
v 0.013261 -0.016409 0.019605
v 0.015562 -0.013115 0.022596
v 0.015752 -0.014881 0.022875
v 0.015358 -0.013149 0.022943
v 0.015429 -0.013147 0.022883
v -0.004258 -0.017155 0.027291
v -0.004608 -0.016988 0.027527
v -0.004445 -0.016885 0.027166
v -0.007309 -0.017097 0.027050
v -0.004916 -0.016947 0.027555
v -0.016121 -0.017122 0.022880
v -0.015039 -0.017008 0.023646
v -0.016213 -0.017118 0.022446
v -0.012459 -0.016217 0.019012
v -0.011935 -0.016051 0.018734
v -0.013385 -0.016461 0.019630
v -0.012041 -0.016127 0.018500
v -0.010697 -0.015795 0.017369
v -0.010220 -0.015641 0.017240
v -0.010640 -0.015774 0.017443
v -0.015072 -0.013020 0.022231
v -0.011262 -0.015695 0.018356
v -0.010607 -0.015751 0.017489
v -0.011984 -0.016105 0.018574
v -0.005026 -0.015090 0.016112
v -0.004930 -0.013105 0.026913
v -0.006541 -0.011030 0.015229
v -0.004733 -0.016213 0.023833
v -0.004910 -0.015781 0.020562
v -0.004660 -0.016361 0.023946
v -0.004811 -0.015780 0.020036
v -0.004670 -0.016088 0.021667
v -0.004755 -0.015802 0.020027
v -0.004614 -0.016111 0.021658
v -0.004662 -0.015824 0.020014
v -0.004521 -0.016133 0.021646
v -0.004895 -0.015495 0.018394
v -0.004802 -0.015517 0.018382
v -0.004190 -0.016864 0.025467
v -0.004380 -0.016444 0.023278
v -0.004413 -0.016608 0.024313
v -0.004472 -0.016422 0.023290
v -0.004528 -0.016399 0.023299
v -0.004474 -0.016702 0.025308
v -0.004609 -0.016350 0.023316
v -0.005263 -0.013147 0.027073
v -0.005356 -0.013149 0.027066
v -0.020644 -0.016972 -0.018514
v -0.020710 -0.017085 -0.018795
v -0.020645 -0.017100 -0.018318
v -0.018413 -0.016788 -0.020572
v -0.015137 -0.016085 -0.017644
v -0.016301 -0.016593 -0.018865
v -0.014929 -0.016158 -0.017554
v -0.014876 -0.016221 -0.017594
v -0.015118 -0.016369 -0.017949
v -0.014486 -0.016241 -0.017465
v -0.012929 -0.015805 -0.015990
v -0.011116 -0.015290 -0.014267
v -0.009857 -0.014959 -0.013119
v -0.009914 -0.014908 -0.013071
v -0.008655 -0.014578 -0.011923
v -0.008706 -0.014516 -0.011884
v -0.007496 -0.014210 -0.010730
v -0.008682 -0.014696 -0.012138
v -0.008751 -0.014443 -0.011856
v -0.008787 -0.014363 -0.011839
v -0.007801 -0.013988 -0.010907
v -0.011307 -0.015025 -0.014134
v -0.013864 -0.015700 -0.016462
v -0.013855 -0.015789 -0.016506
v -0.010011 -0.014774 -0.013003
v -0.010047 -0.014693 -0.012986
v -0.011270 -0.015105 -0.014151
v -0.009966 -0.014846 -0.013032
v -0.011225 -0.015178 -0.014179
v -0.012742 -0.015578 -0.015561
v -0.013694 -0.015973 -0.016617
v -0.013555 -0.015871 -0.016391
v -0.011173 -0.015240 -0.014218
v -0.010147 -0.013935 -0.007235
v -0.010575 -0.014145 -0.007373
v -0.010882 -0.013988 -0.007826
v -0.010982 -0.014338 -0.007630
v -0.012373 -0.014524 -0.009426
v -0.014113 -0.015026 -0.011336
v -0.013527 -0.014967 -0.010605
v -0.014144 -0.015109 -0.011316
v -0.014729 -0.015373 -0.011838
v -0.012888 -0.014879 -0.009730
v -0.013969 -0.015220 -0.010806
v -0.014281 -0.015316 -0.011107
v -0.013374 -0.015064 -0.009986
v -0.014610 -0.015421 -0.011338
v -0.012742 -0.014865 -0.009465
v -0.012408 -0.014785 -0.008926
v -0.019523 -0.016848 -0.016727
v -0.019177 -0.016736 -0.016506
v -0.018145 -0.016438 -0.015345
v -0.019069 -0.016693 -0.016434
v -0.019344 -0.016718 -0.016896
v -0.016851 -0.016012 -0.014114
v -0.017768 -0.016228 -0.015216
v -0.018129 -0.016269 -0.015690
v -0.019308 -0.016536 -0.017039
v -0.017605 -0.016040 -0.015171
v -0.020547 -0.016788 -0.018438
v -0.015040 -0.015295 -0.012355
v -0.016108 -0.015681 -0.013471
v -0.015234 -0.015520 -0.012392
v -0.019420 -0.016760 -0.016933
v -0.019352 -0.016625 -0.017032
v -0.016544 -0.015982 -0.013460
v -0.017179 -0.016157 -0.014285
v -0.016213 -0.015877 -0.013226
v -0.017144 -0.016133 -0.014324
v -0.015230 -0.015576 -0.012225
v -0.016090 -0.015739 -0.013374
v -0.015247 -0.015596 -0.012166
v -0.007080 -0.009946 -0.009036
v -0.009970 -0.010161 -0.007512
v -0.018039 -0.012497 -0.016254
v -0.016946 -0.012177 -0.015053
v -0.015631 -0.011793 -0.013611
v -0.020022 -0.013077 -0.018429
v -0.014438 -0.011445 -0.012301
v -0.020161 -0.013142 -0.018777
v 0.001447 -0.017021 -0.027899
v 0.001606 -0.017011 -0.027605
v 0.001638 -0.016574 -0.025911
v 0.001534 -0.016788 -0.027584
v 0.001773 -0.016004 -0.023013
v 0.001740 -0.016383 -0.024516
v 0.001840 -0.015960 -0.022366
v 0.001793 -0.016456 -0.024504
v 0.001864 -0.016158 -0.022987
v 0.001858 -0.016519 -0.024494
v 0.001929 -0.016221 -0.022978
v 0.001934 -0.016570 -0.024490
v 0.001986 -0.016593 -0.024486
v 0.002056 -0.016295 -0.022969
v 0.002003 -0.016917 -0.026002
v 0.002169 -0.016208 -0.022392
v 0.002283 -0.015727 -0.019933
v 0.002196 -0.015700 -0.019935
v 0.002366 -0.014975 -0.016224
v 0.002235 -0.015290 -0.017966
v 0.002314 -0.014959 -0.016264
v 0.002240 -0.014908 -0.016270
v 0.002318 -0.014578 -0.014568
v 0.002254 -0.014516 -0.014577
v 0.002243 -0.014104 -0.012882
v 0.001723 -0.016754 -0.026021
v 0.001788 -0.016817 -0.026011
v 0.001909 -0.016785 -0.025520
v 0.002373 -0.015342 -0.017962
v 0.002397 -0.014737 -0.015043
v 0.002476 -0.014309 -0.012836
v 0.002515 -0.014748 -0.014906
v 0.002203 -0.014443 -0.014589
v 0.002165 -0.014363 -0.014603
v 0.002204 -0.013988 -0.013247
v 0.002006 -0.015025 -0.018007
v 0.001861 -0.015632 -0.021115
v 0.002123 -0.014774 -0.016291
v 0.002086 -0.014693 -0.016305
v 0.002044 -0.015105 -0.017993
v 0.001952 -0.015491 -0.019964
v 0.002175 -0.014846 -0.016279
v 0.002096 -0.015178 -0.017981
v 0.002005 -0.015563 -0.019952
v 0.001934 -0.015861 -0.021470
v 0.002126 -0.015998 -0.021452
v 0.002101 -0.015858 -0.020865
v 0.002017 -0.015847 -0.021071
v 0.002161 -0.015240 -0.017972
v 0.001908 -0.013804 -0.011952
v -0.002026 -0.014948 -0.017186
v -0.002154 -0.013988 -0.013247
v -0.002224 -0.014989 -0.016454
v -0.002057 -0.015671 -0.020014
v -0.002214 -0.015414 -0.018472
v -0.002323 -0.015345 -0.017980
v -0.001955 -0.016910 -0.025963
v -0.002170 -0.015993 -0.021297
v -0.001941 -0.016572 -0.024376
v -0.002015 -0.016258 -0.022778
v -0.001876 -0.016423 -0.023854
v -0.001963 -0.016233 -0.022780
v -0.001894 -0.015987 -0.021926
v -0.001756 -0.016108 -0.023113
v -0.001657 -0.016281 -0.024420
v -0.001732 -0.015967 -0.022821
v -0.001484 -0.016788 -0.027584
v -0.001806 -0.015653 -0.021223
v -0.001881 -0.015340 -0.019624
v -0.001941 -0.015461 -0.019610
v -0.001862 -0.016796 -0.025564
v -0.001603 -0.016750 -0.026347
v -0.002249 -0.015657 -0.019579
v -0.002089 -0.015944 -0.021179
v -0.001844 -0.015734 -0.021209
v 0.001390 -0.009949 -0.011413
v -0.001731 -0.010160 -0.012379
v -0.001309 -0.012269 -0.023110
v -0.001421 -0.011793 -0.020695
v -0.001119 -0.013077 -0.027206
v -0.001230 -0.012603 -0.024803
v -0.001504 -0.011445 -0.018925
v -0.000971 -0.013142 -0.027551
v 0.018539 -0.016972 -0.020669
v 0.018830 -0.017137 -0.020747
v 0.018343 -0.017100 -0.020670
v 0.020597 -0.016788 -0.018438
v 0.017624 -0.016072 -0.015112
v 0.018905 -0.016597 -0.016343
v 0.017336 -0.016116 -0.014644
v 0.017972 -0.016368 -0.015140
v 0.017668 -0.016285 -0.014767
v 0.018787 -0.016619 -0.015865
v 0.017430 -0.016224 -0.014379
v 0.015717 -0.015727 -0.012499
v 0.015656 -0.015700 -0.012560
v 0.014327 -0.015315 -0.011102
v 0.014292 -0.015290 -0.011141
v 0.013144 -0.014959 -0.009882
v 0.013096 -0.014908 -0.009939
v 0.011948 -0.014578 -0.008680
v 0.011909 -0.014516 -0.008731
v 0.010702 -0.014104 -0.007540
v 0.019810 -0.016917 -0.016987
v 0.014387 -0.015342 -0.011041
v 0.013179 -0.014983 -0.009844
v 0.012332 -0.014735 -0.008952
v 0.010835 -0.014309 -0.007343
v 0.012330 -0.014749 -0.008784
v 0.011881 -0.014443 -0.008776
v 0.011864 -0.014363 -0.008812
v 0.010932 -0.013988 -0.007826
v 0.014159 -0.015025 -0.011332
v 0.015488 -0.015410 -0.012791
v 0.016510 -0.015707 -0.013914
v 0.016517 -0.015785 -0.013865
v 0.013028 -0.014774 -0.010036
v 0.013011 -0.014693 -0.010072
v 0.014176 -0.015105 -0.011295
v 0.013057 -0.014846 -0.009991
v 0.014204 -0.015178 -0.011250
v 0.016532 -0.015853 -0.013805
v 0.016651 -0.015975 -0.013728
v 0.016573 -0.015917 -0.013753
v 0.014243 -0.015240 -0.011198
v 0.007260 -0.013935 -0.010172
v 0.007398 -0.014145 -0.010600
v 0.007851 -0.013988 -0.010907
v 0.007655 -0.014338 -0.011007
v 0.009452 -0.014524 -0.012399
v 0.011361 -0.015026 -0.014138
v 0.010636 -0.014968 -0.013557
v 0.011325 -0.015106 -0.014155
v 0.012190 -0.015421 -0.015007
v 0.009746 -0.014877 -0.012905
v 0.010831 -0.015220 -0.013994
v 0.011132 -0.015316 -0.014306
v 0.010011 -0.015064 -0.013399
v 0.011070 -0.015343 -0.014366
v 0.009486 -0.014864 -0.012764
v 0.008951 -0.014785 -0.012433
v 0.016752 -0.016848 -0.019548
v 0.016531 -0.016736 -0.019202
v 0.015370 -0.016438 -0.018170
v 0.016460 -0.016694 -0.019095
v 0.016921 -0.016718 -0.019369
v 0.014140 -0.016012 -0.016877
v 0.015237 -0.016227 -0.017790
v 0.015716 -0.016269 -0.018155
v 0.017064 -0.016536 -0.019332
v 0.014653 -0.015897 -0.017136
v 0.018463 -0.016788 -0.020572
v 0.013482 -0.015586 -0.016069
v 0.013440 -0.015666 -0.016082
v 0.012404 -0.015516 -0.015247
v 0.016958 -0.016760 -0.019445
v 0.017057 -0.016625 -0.019377
v 0.012422 -0.015306 -0.015103
v 0.014248 -0.016184 -0.017264
v 0.012815 -0.015804 -0.015956
v 0.014310 -0.016157 -0.017204
v 0.013251 -0.015877 -0.016238
v 0.014216 -0.016098 -0.017048
v 0.013399 -0.015739 -0.016115
v 0.012191 -0.015596 -0.015272
v 0.012230 -0.015571 -0.015237
v 0.009817 -0.010111 -0.007381
v 0.007155 -0.010050 -0.009231
v 0.016277 -0.012496 -0.018063
v 0.015078 -0.012177 -0.016971
v 0.013636 -0.011793 -0.015656
v 0.018454 -0.013077 -0.020047
v 0.012326 -0.011445 -0.014463
v 0.018804 -0.013143 -0.020186
v 0.027925 -0.017036 0.001426
v 0.027629 -0.017011 0.001581
v 0.025936 -0.016574 0.001613
v 0.027609 -0.016788 0.001509
v 0.023038 -0.016004 0.001748
v 0.024541 -0.016383 0.001715
v 0.022390 -0.015960 0.001815
v 0.024529 -0.016456 0.001768
v 0.023012 -0.016158 0.001839
v 0.024520 -0.016519 0.001833
v 0.023003 -0.016221 0.001904
v 0.024516 -0.016570 0.001909
v 0.024511 -0.016593 0.001961
v 0.022994 -0.016295 0.002031
v 0.026027 -0.016917 0.001978
v 0.022418 -0.016208 0.002144
v 0.019958 -0.015727 0.002258
v 0.019960 -0.015700 0.002171
v 0.017988 -0.015315 0.002262
v 0.017991 -0.015290 0.002210
v 0.016289 -0.014959 0.002289
v 0.016295 -0.014908 0.002214
v 0.014593 -0.014578 0.002293
v 0.014602 -0.014516 0.002230
v 0.012907 -0.014104 0.002218
v 0.026046 -0.016754 0.001698
v 0.026037 -0.016817 0.001763
v 0.025545 -0.016785 0.001884
v 0.017987 -0.015342 0.002348
v 0.016287 -0.014983 0.002341
v 0.015068 -0.014737 0.002372
v 0.012861 -0.014309 0.002451
v 0.014931 -0.014748 0.002490
v 0.014614 -0.014443 0.002178
v 0.014628 -0.014363 0.002140
v 0.013271 -0.013988 0.002179
v 0.018032 -0.015025 0.001981
v 0.021140 -0.015632 0.001836
v 0.016316 -0.014774 0.002098
v 0.016330 -0.014693 0.002061
v 0.018018 -0.015105 0.002019
v 0.019989 -0.015491 0.001927
v 0.016304 -0.014846 0.002150
v 0.018006 -0.015178 0.002071
v 0.019977 -0.015563 0.001980
v 0.021495 -0.015861 0.001909
v 0.021477 -0.015998 0.002101
v 0.020891 -0.015858 0.002076
v 0.021096 -0.015847 0.001992
v 0.017997 -0.015240 0.002136
v 0.012478 -0.013993 -0.002155
v 0.017141 -0.014934 -0.002054
v 0.013271 -0.013988 -0.002179
v 0.016479 -0.014989 -0.002249
v 0.020054 -0.015674 -0.002081
v 0.018498 -0.015415 -0.002239
v 0.018005 -0.015345 -0.002348
v 0.025988 -0.016910 -0.001980
v 0.020844 -0.015900 -0.002218
v 0.024401 -0.016572 -0.001966
v 0.022803 -0.016258 -0.002040
v 0.023879 -0.016423 -0.001901
v 0.022805 -0.016233 -0.001988
v 0.021931 -0.015983 -0.001920
v 0.023138 -0.016108 -0.001781
v 0.024445 -0.016281 -0.001682
v 0.022846 -0.015967 -0.001757
v 0.027609 -0.016788 -0.001509
v 0.021248 -0.015653 -0.001831
v 0.019649 -0.015340 -0.001906
v 0.019810 -0.015495 -0.001958
v 0.025588 -0.016796 -0.001887
v 0.026372 -0.016750 -0.001628
v 0.021204 -0.015944 -0.002114
v 0.021234 -0.015734 -0.001869
v 0.012168 -0.010111 0.001705
v 0.011675 -0.010004 -0.001514
v 0.023136 -0.012269 -0.001334
v 0.020720 -0.011793 -0.001446
v 0.027231 -0.013077 -0.001144
v 0.024828 -0.012603 -0.001255
v 0.018950 -0.011445 -0.001529
v 0.027577 -0.013143 -0.000995
v 0.020694 -0.016972 0.018514
v 0.020762 -0.017090 0.018798
v 0.020695 -0.017100 0.018318
v 0.018463 -0.016788 0.020572
v 0.015159 -0.016078 0.017618
v 0.016365 -0.016597 0.018878
v 0.014979 -0.016158 0.017554
v 0.014926 -0.016221 0.017594
v 0.015166 -0.016369 0.017947
v 0.014830 -0.016295 0.017678
v 0.015890 -0.016619 0.018761
v 0.014305 -0.016198 0.017314
v 0.012524 -0.015727 0.015691
v 0.012585 -0.015700 0.015631
v 0.011127 -0.015315 0.014302
v 0.011166 -0.015290 0.014267
v 0.009907 -0.014959 0.013119
v 0.009964 -0.014908 0.013071
v 0.008705 -0.014578 0.011923
v 0.008756 -0.014516 0.011884
v 0.007565 -0.014104 0.010677
v 0.017012 -0.016917 0.019785
v 0.011066 -0.015342 0.014362
v 0.009869 -0.014983 0.013154
v 0.008978 -0.014735 0.012307
v 0.007368 -0.014309 0.010810
v 0.008809 -0.014749 0.012305
v 0.008801 -0.014443 0.011856
v 0.008837 -0.014363 0.011839
v 0.007851 -0.013988 0.010907
v 0.011357 -0.015025 0.014134
v 0.013920 -0.015702 0.016468
v 0.013909 -0.015790 0.016509
v 0.010061 -0.014774 0.013003
v 0.010097 -0.014693 0.012986
v 0.011320 -0.015105 0.014151
v 0.010016 -0.014846 0.013032
v 0.011275 -0.015178 0.014179
v 0.012792 -0.015578 0.015561
v 0.013708 -0.015998 0.016654
v 0.013748 -0.015974 0.016622
v 0.013510 -0.015846 0.016304
v 0.011223 -0.015240 0.014218
v 0.010625 -0.014145 0.007373
v 0.010932 -0.013988 0.007826
v 0.011032 -0.014338 0.007630
v 0.007145 -0.013804 0.009783
v 0.012423 -0.014524 0.009427
v 0.014163 -0.015026 0.011336
v 0.013571 -0.014965 0.010598
v 0.014180 -0.015106 0.011300
v 0.015021 -0.015418 0.012154
v 0.012930 -0.014877 0.009720
v 0.014019 -0.015220 0.010806
v 0.014331 -0.015316 0.011107
v 0.013424 -0.015064 0.009986
v 0.014659 -0.015421 0.011338
v 0.012789 -0.014864 0.009461
v 0.012458 -0.014785 0.008926
v 0.019573 -0.016848 0.016728
v 0.019226 -0.016736 0.016505
v 0.018195 -0.016438 0.015345
v 0.019125 -0.016695 0.016443
v 0.017672 -0.016272 0.014849
v 0.019393 -0.016718 0.016895
v 0.016905 -0.016013 0.014118
v 0.017766 -0.016212 0.015159
v 0.018178 -0.016268 0.015688
v 0.019358 -0.016536 0.017040
v 0.017484 -0.015991 0.014982
v 0.020597 -0.016788 0.018438
v 0.016094 -0.015586 0.013457
v 0.016108 -0.015666 0.013416
v 0.015547 -0.015596 0.012681
v 0.019471 -0.016760 0.016933
v 0.019402 -0.016625 0.017032
v 0.015128 -0.015306 0.012397
v 0.016316 -0.015901 0.013156
v 0.017229 -0.016157 0.014285
v 0.016263 -0.015877 0.013226
v 0.015279 -0.015576 0.012223
v 0.016140 -0.015739 0.013374
v 0.015297 -0.015596 0.012166
v 0.007129 -0.009952 0.009035
v 0.009068 -0.009913 0.006949
v 0.018087 -0.012496 0.016252
v 0.016996 -0.012177 0.015053
v 0.015681 -0.011793 0.013611
v 0.020072 -0.013077 0.018429
v 0.014488 -0.011445 0.012301
v 0.020207 -0.013142 0.018777
v -0.001398 -0.017021 0.027899
v -0.001556 -0.017011 0.027605
v -0.001588 -0.016574 0.025911
v -0.001484 -0.016788 0.027584
v -0.001723 -0.016004 0.023013
v -0.001695 -0.016370 0.024446
v -0.001675 -0.016744 0.025967
v -0.001814 -0.016158 0.022987
v -0.001808 -0.016519 0.024494
v -0.001879 -0.016221 0.022978
v -0.001884 -0.016570 0.024490
v -0.001936 -0.016593 0.024486
v -0.002006 -0.016295 0.022969
v -0.001953 -0.016917 0.026002
v -0.002119 -0.016208 0.022392
v -0.002233 -0.015727 0.019933
v -0.002146 -0.015700 0.019935
v -0.002316 -0.014975 0.016224
v -0.002185 -0.015290 0.017966
v -0.002264 -0.014959 0.016264
v -0.002190 -0.014908 0.016270
v -0.002268 -0.014578 0.014568
v -0.002204 -0.014516 0.014577
v -0.002193 -0.014104 0.012882
v -0.001738 -0.016817 0.026011
v -0.001859 -0.016785 0.025520
v -0.002323 -0.015342 0.017962
v -0.002347 -0.014737 0.015043
v -0.002426 -0.014309 0.012836
v -0.002465 -0.014748 0.014906
v -0.002153 -0.014443 0.014589
v -0.002115 -0.014363 0.014603
v -0.002154 -0.013988 0.013247
v -0.001956 -0.015025 0.018007
v -0.001811 -0.015632 0.021115
v -0.001832 -0.015788 0.021481
v -0.002073 -0.014774 0.016291
v -0.002036 -0.014693 0.016305
v -0.001994 -0.015105 0.017993
v -0.001902 -0.015491 0.019964
v -0.002125 -0.014846 0.016279
v -0.002046 -0.015178 0.017981
v -0.001955 -0.015563 0.019952
v -0.001884 -0.015861 0.021470
v -0.002076 -0.015998 0.021452
v -0.002051 -0.015858 0.020865
v -0.001967 -0.015847 0.021071
v -0.002111 -0.015240 0.017972
v 0.002076 -0.014948 0.017188
v 0.002204 -0.013988 0.013247
v 0.002274 -0.014989 0.016454
v 0.002107 -0.015671 0.020014
v 0.002264 -0.015414 0.018472
v 0.002373 -0.015345 0.017980
v 0.002004 -0.016910 0.025967
v 0.002152 -0.016284 0.022777
v 0.001991 -0.016572 0.024376
v 0.002065 -0.016258 0.022778
v 0.001926 -0.016423 0.023854
v 0.002013 -0.016233 0.022780
v 0.001944 -0.015987 0.021926
v 0.001806 -0.016105 0.023100
v 0.001707 -0.016281 0.024420
v 0.001782 -0.015967 0.022821
v 0.001534 -0.016788 0.027584
v 0.001856 -0.015653 0.021223
v 0.001931 -0.015340 0.019624
v 0.001991 -0.015461 0.019612
v 0.001912 -0.016796 0.025564
v 0.001653 -0.016750 0.026347
v 0.002247 -0.015879 0.020716
v 0.002139 -0.015944 0.021179
v 0.001894 -0.015734 0.021209
v -0.001340 -0.009948 0.011413
v 0.001781 -0.010160 0.012379
v 0.001359 -0.012269 0.023110
v 0.001471 -0.011793 0.020695
v 0.001169 -0.013077 0.027206
v 0.001280 -0.012603 0.024803
v 0.001554 -0.011445 0.018925
v 0.001021 -0.013142 0.027551
v -0.018489 -0.016972 0.020669
v -0.019115 -0.016885 0.020640
v -0.018293 -0.017100 0.020670
v -0.020547 -0.016788 0.018438
v -0.017594 -0.016078 0.015134
v -0.018841 -0.016593 0.016328
v -0.017529 -0.016158 0.014954
v -0.017569 -0.016221 0.014901
v -0.017926 -0.016370 0.015145
v -0.017391 -0.016227 0.014457
v -0.018736 -0.016619 0.015865
v -0.016690 -0.016024 0.013621
v -0.015667 -0.015727 0.012499
v -0.015606 -0.015700 0.012561
v -0.014277 -0.015315 0.011102
v -0.014242 -0.015290 0.011141
v -0.013094 -0.014959 0.009882
v -0.013046 -0.014908 0.009939
v -0.011898 -0.014578 0.008680
v -0.011859 -0.014516 0.008731
v -0.010652 -0.014104 0.007540
v -0.019760 -0.016917 0.016987
v -0.014337 -0.015342 0.011041
v -0.013129 -0.014983 0.009844
v -0.012282 -0.014735 0.008952
v -0.010785 -0.014309 0.007343
v -0.012280 -0.014749 0.008784
v -0.011831 -0.014443 0.008776
v -0.011814 -0.014363 0.008812
v -0.010882 -0.013988 0.007826
v -0.014109 -0.015025 0.011332
v -0.016435 -0.015699 0.013887
v -0.016480 -0.015788 0.013879
v -0.012978 -0.014774 0.010036
v -0.012961 -0.014693 0.010072
v -0.014126 -0.015105 0.011295
v -0.013007 -0.014846 0.009991
v -0.014154 -0.015178 0.011250
v -0.015535 -0.015578 0.012766
v -0.016629 -0.015998 0.013683
v -0.016576 -0.015968 0.013700
v -0.016321 -0.015858 0.013531
v -0.014193 -0.015240 0.011198
v -0.007348 -0.014145 0.010600
v -0.007801 -0.013988 0.010907
v -0.007605 -0.014338 0.011007
v -0.009758 -0.013804 0.007120
v -0.009401 -0.014524 0.012398
v -0.011311 -0.015026 0.014138
v -0.010585 -0.014968 0.013556
v -0.011275 -0.015106 0.014155
v -0.012135 -0.015420 0.015002
v -0.009696 -0.014877 0.012905
v -0.010781 -0.015220 0.013994
v -0.011082 -0.015316 0.014306
v -0.009961 -0.015064 0.013399
v -0.011020 -0.015343 0.014366
v -0.009436 -0.014864 0.012764
v -0.008901 -0.014785 0.012433
v -0.016703 -0.016848 0.019548
v -0.016480 -0.016736 0.019201
v -0.015320 -0.016438 0.018170
v -0.016412 -0.016694 0.019096
v -0.016871 -0.016718 0.019368
v -0.014093 -0.016013 0.016880
v -0.015125 -0.016210 0.017733
v -0.015663 -0.016268 0.018152
v -0.017014 -0.016536 0.019333
v -0.015146 -0.016040 0.017630
v -0.018413 -0.016788 0.020572
v -0.013432 -0.015586 0.016069
v -0.013389 -0.015666 0.016081
v -0.012645 -0.015593 0.015512
v -0.016908 -0.016760 0.019445
v -0.017007 -0.016625 0.019377
v -0.012372 -0.015306 0.015103
v -0.014198 -0.016184 0.017264
v -0.012765 -0.015804 0.015955
v -0.014260 -0.016157 0.017204
v -0.013201 -0.015877 0.016238
v -0.014166 -0.016098 0.017048
v -0.013349 -0.015739 0.016115
v -0.012141 -0.015596 0.015272
v -0.012180 -0.015571 0.015237
v -0.008971 -0.009975 0.007082
v -0.007487 -0.010159 0.009995
v -0.016231 -0.012497 0.018066
v -0.015028 -0.012177 0.016971
v -0.013586 -0.011793 0.015656
v -0.018404 -0.013077 0.020047
v -0.012276 -0.011445 0.014463
v -0.018715 -0.013139 0.020188
v -0.022858 -0.013147 0.015404
v -0.022918 -0.013149 0.015333
v -0.024051 -0.013149 0.013485
v -0.025035 -0.013149 0.011554
v -0.025865 -0.013149 0.009551
v -0.026535 -0.013149 0.007489
v -0.027041 -0.013149 0.005381
v -0.027181 -0.013077 0.001144
v -0.027095 -0.013512 0.005189
v -0.027052 -0.013150 0.005340
v -0.023087 -0.012269 0.001334
v -0.020670 -0.011793 0.001446
v -0.024778 -0.012603 0.001255
v -0.018900 -0.011445 0.001529
v -0.011624 -0.010003 0.001514
v -0.028368 0.018050 0.000018
v -0.027288 0.018050 0.007214
v -0.026567 0.018050 0.009535
v -0.025649 0.018050 0.011786
v -0.024541 0.018050 0.013949
v -0.023251 0.018050 0.016009
v -0.021788 0.018050 0.017951
v -0.020164 0.018050 0.019760
v -0.017495 0.018050 0.022194
v -0.014450 0.018050 0.024260
v -0.012310 0.018050 0.025415
v -0.010080 0.018050 0.026381
v -0.007775 0.018050 0.027152
v -0.005412 0.018050 0.027722
v 0.000805 0.018050 0.028348
v 0.006649 0.018050 0.027462
v 0.008986 0.018050 0.026791
v 0.011256 0.018050 0.025922
v 0.013442 0.018050 0.024860
v 0.015530 0.018050 0.023615
v 0.020238 0.018050 0.019918
v 0.023968 0.018050 0.014993
v 0.025168 0.018050 0.012879
v 0.026182 0.018050 0.010670
v 0.027003 0.018050 0.008382
v 0.027624 0.018050 0.006032
v 0.028403 0.018050 -0.000000
v 0.027624 0.018050 -0.006032
v 0.027003 0.018050 -0.008382
v 0.026182 0.018050 -0.010670
v 0.025168 0.018050 -0.012879
v 0.023968 0.018050 -0.014993
v 0.020238 0.018050 -0.019918
v 0.015530 0.018050 -0.023615
v 0.013442 0.018050 -0.024860
v 0.011256 0.018050 -0.025922
v 0.008986 0.018050 -0.026791
v 0.006649 0.018050 -0.027462
v 0.000805 0.018050 -0.028348
v -0.005412 0.018050 -0.027722
v -0.007775 0.018050 -0.027152
v -0.010080 0.018050 -0.026381
v -0.012310 0.018050 -0.025415
v -0.014450 0.018050 -0.024260
v -0.019299 0.018050 -0.020758
v -0.023251 0.018050 -0.016009
v -0.024541 0.018050 -0.013949
v -0.025649 0.018050 -0.011786
v -0.026567 0.018050 -0.009535
v -0.027288 0.018050 -0.007214
v -0.026748 -0.013150 0.006704
v -0.026387 -0.013150 0.008010
v -0.025962 -0.013150 0.009297
v -0.025474 -0.013150 0.010562
v -0.024925 -0.013150 0.011801
v -0.024315 -0.013150 0.013012
v -0.023647 -0.013150 0.014191
v -0.022922 -0.013150 0.015336
v -0.021550 -0.013150 0.017213
v -0.020167 -0.013139 0.018728
v -0.019130 -0.013150 0.019874
v -0.017188 -0.013150 0.021575
v -0.015311 -0.013150 0.022947
v -0.014166 -0.013150 0.023672
v -0.012987 -0.013150 0.024340
v -0.011776 -0.013150 0.024950
v -0.010537 -0.013150 0.025499
v -0.009273 -0.013150 0.025987
v -0.007985 -0.013150 0.026412
v -0.006679 -0.013150 0.026773
v -0.005357 -0.013150 0.027070
v -0.003059 -0.013150 0.027427
v -0.001026 -0.013139 0.027523
v 0.003109 -0.013150 0.027427
v 0.005407 -0.013150 0.027070
v 0.006729 -0.013150 0.026773
v 0.008035 -0.013150 0.026412
v 0.009323 -0.013150 0.025987
v 0.010587 -0.013150 0.025499
v 0.011826 -0.013150 0.024950
v 0.013037 -0.013150 0.024340
v 0.014216 -0.013150 0.023672
v 0.015361 -0.013150 0.022947
v 0.017238 -0.013150 0.021575
v 0.018754 -0.013139 0.020197
v 0.021600 -0.013150 0.017213
v 0.022972 -0.013150 0.015336
v 0.023697 -0.013150 0.014191
v 0.024365 -0.013150 0.013012
v 0.024975 -0.013150 0.011801
v 0.025524 -0.013150 0.010562
v 0.026012 -0.013150 0.009297
v 0.026437 -0.013150 0.008010
v 0.026798 -0.013150 0.006704
v 0.027095 -0.013150 0.005382
v 0.027452 -0.013150 0.003084
v 0.027543 -0.013138 0.001053
v 0.027452 -0.013150 -0.003084
v 0.027095 -0.013150 -0.005382
v 0.026798 -0.013150 -0.006704
v 0.026437 -0.013150 -0.008010
v 0.026012 -0.013150 -0.009297
v 0.025524 -0.013150 -0.010562
v 0.024975 -0.013150 -0.011801
v 0.024365 -0.013150 -0.013012
v 0.023697 -0.013150 -0.014191
v 0.022972 -0.013150 -0.015336
v 0.021600 -0.013150 -0.017213
v 0.020222 -0.013139 -0.018729
v 0.017238 -0.013150 -0.021575
v 0.015361 -0.013150 -0.022947
v 0.014216 -0.013150 -0.023672
v 0.013037 -0.013150 -0.024340
v 0.011826 -0.013150 -0.024950
v 0.010587 -0.013150 -0.025499
v 0.009323 -0.013150 -0.025987
v 0.008035 -0.013150 -0.026412
v 0.006729 -0.013150 -0.026773
v 0.005407 -0.013150 -0.027070
v 0.003109 -0.013150 -0.027427
v 0.001075 -0.013139 -0.027524
v -0.003059 -0.013150 -0.027427
v -0.005357 -0.013150 -0.027070
v -0.006679 -0.013150 -0.026773
v -0.007985 -0.013150 -0.026412
v -0.009273 -0.013150 -0.025987
v -0.010537 -0.013150 -0.025499
v -0.011776 -0.013150 -0.024950
v -0.012987 -0.013150 -0.024340
v -0.014166 -0.013150 -0.023672
v -0.015311 -0.013150 -0.022947
v -0.017188 -0.013150 -0.021575
v -0.018711 -0.013140 -0.020199
v -0.021550 -0.013150 -0.017213
v -0.022922 -0.013150 -0.015336
v -0.023647 -0.013150 -0.014191
v -0.024315 -0.013150 -0.013012
v -0.024925 -0.013150 -0.011801
v -0.025474 -0.013150 -0.010562
v -0.025962 -0.013150 -0.009297
v -0.026387 -0.013150 -0.008010
v -0.026748 -0.013150 -0.006704
v -0.020022 -0.013077 0.018429
v -0.014438 -0.011445 0.012301
v -0.015631 -0.011793 0.013611
v -0.016946 -0.012177 0.015053
v -0.018048 -0.012500 0.016264
v -0.010396 -0.009727 0.002693
v -0.006431 -0.009903 0.009146
v -0.015395 -0.013066 0.022378
v -0.015506 -0.013120 0.022630
v -0.015368 -0.013148 0.022895
v -0.015309 -0.013149 0.022943
v -0.013460 -0.013149 0.024076
v -0.011529 -0.013149 0.025060
v -0.001119 -0.013077 0.027206
v -0.001504 -0.011445 0.018925
v -0.001421 -0.011793 0.020695
v -0.001309 -0.012269 0.023113
v -0.001230 -0.012603 0.024803
v -0.001984 -0.009364 0.009566
v 0.004303 -0.009615 0.009427
v 0.018454 -0.013077 0.020047
v 0.012326 -0.011445 0.014463
v 0.013636 -0.011793 0.015656
v 0.015078 -0.012177 0.016971
v 0.016277 -0.012496 0.018063
v 0.022920 -0.013148 0.015393
v 0.022968 -0.013149 0.015333
v 0.024101 -0.013149 0.013485
v 0.025085 -0.013149 0.011554
v 0.027231 -0.013077 0.001144
v 0.018950 -0.011445 0.001529
v 0.020720 -0.011793 0.001446
v 0.023134 -0.012269 0.001334
v 0.024828 -0.012603 0.001255
v 0.026752 -0.013066 -0.004920
v 0.020072 -0.013077 -0.018429
v 0.014488 -0.011445 -0.012301
v 0.015681 -0.011793 -0.013611
v 0.016996 -0.012177 -0.015053
v 0.018097 -0.012499 -0.016262
v 0.008844 -0.009400 -0.004088
v 0.002207 -0.009697 -0.010441
v 0.015558 -0.013117 -0.022611
v 0.015418 -0.013148 -0.022896
v 0.015358 -0.013149 -0.022943
v 0.013510 -0.013149 -0.024076
v 0.011579 -0.013149 -0.025060
v 0.001169 -0.013077 -0.027206
v 0.001554 -0.011445 -0.018925
v 0.001471 -0.011793 -0.020695
v 0.001359 -0.012269 -0.023113
v 0.001280 -0.012603 -0.024803
v -0.003588 -0.009441 -0.009183
v -0.004895 -0.013066 -0.026727
v -0.018404 -0.013077 -0.020047
v -0.012276 -0.011445 -0.014463
v -0.013586 -0.011793 -0.015656
v -0.015028 -0.012177 -0.016971
v -0.016229 -0.012497 -0.018064
v -0.022871 -0.013148 -0.015393
v -0.022918 -0.013149 -0.015333
v -0.024051 -0.013149 -0.013485
v -0.025035 -0.013149 -0.011554
v -0.007464 -0.013149 0.026560
v -0.009526 -0.013149 0.025890
v 0.013510 -0.013149 0.024076
v 0.011579 -0.013149 0.025060
v 0.009576 -0.013149 0.025890
v 0.007514 -0.013149 0.026560
v 0.005406 -0.013149 0.027066
v 0.005330 -0.013148 0.027074
v 0.026585 -0.013149 0.007489
v 0.025915 -0.013149 0.009551
v 0.024101 -0.013149 -0.013485
v 0.025085 -0.013149 -0.011554
v 0.025915 -0.013149 -0.009551
v 0.026585 -0.013149 -0.007489
v 0.027091 -0.013149 -0.005381
v 0.027098 -0.013147 -0.005289
v 0.027092 -0.013144 -0.005234
v 0.027030 -0.013126 -0.005083
v 0.026922 -0.013101 -0.004982
v 0.026840 -0.013084 -0.004941
v 0.007514 -0.013149 -0.026560
v 0.009576 -0.013149 -0.025890
v -0.013460 -0.013149 -0.024076
v -0.011529 -0.013149 -0.025060
v -0.009526 -0.013149 -0.025890
v -0.007464 -0.013149 -0.026560
v -0.005356 -0.013149 -0.027066
v -0.005264 -0.013147 -0.027073
v -0.005209 -0.013144 -0.027067
v -0.005058 -0.013126 -0.027005
v -0.004957 -0.013101 -0.026897
v -0.004916 -0.013084 -0.026815
v -0.026535 -0.013149 -0.007489
v -0.025865 -0.013149 -0.009551
v -0.005282 -0.008602 0.007648
v 0.009379 -0.008860 0.001255
v 0.007330 -0.008305 0.005613
v 0.000414 -0.008497 -0.009370
v -0.008184 -0.008599 0.004373
v -0.009219 -0.008424 -0.001018
v 0.002995 -0.008308 0.008660
v 0.005398 -0.008605 -0.007551
v -0.007356 -0.008607 -0.005600
v -0.008285 -0.005649 0.002674
v -0.004373 -0.005650 0.007421
v 0.003557 -0.005644 0.008310
v 0.009028 -0.005644 -0.000703
v 0.004586 -0.005650 -0.007323
v -0.001227 -0.005649 -0.008613
v -0.007383 -0.005648 -0.004740
v -0.005056 -0.005650 0.004081
v 0.003620 -0.005650 0.005435
v 0.005769 -0.005650 -0.003078
v -0.000137 -0.005650 -0.006121
v -0.005102 -0.005650 -0.003643
v -0.006479 -0.010650 0.000407
v -0.002076 -0.010650 -0.005928
v 0.003385 -0.010650 -0.005119
v 0.006493 -0.010650 0.000795
v -0.000170 -0.010650 0.006514
v -0.001508 -0.010650 0.002186
v 0.002685 -0.010650 0.000235
v -0.001102 -0.010650 -0.002421
v -0.005144 -0.014483 -0.027246
v -0.004923 -0.015387 -0.027352
v -0.004777 -0.015043 -0.027198
v -0.004787 -0.014467 -0.027052
v -0.004688 -0.015113 -0.027085
v -0.004734 -0.014479 -0.026914
v -0.004601 -0.015648 -0.027063
v -0.004653 -0.015636 -0.027201
v 0.027271 -0.014483 -0.005169
v 0.027377 -0.015387 -0.004948
v 0.027223 -0.015043 -0.004802
v 0.027077 -0.014467 -0.004812
v 0.027115 -0.015151 -0.004709
v 0.026939 -0.014479 -0.004759
v 0.027088 -0.015648 -0.004626
v 0.027226 -0.015636 -0.004678
vn -0.0829 -0.9877 0.1326
vn -0.1123 -0.9933 0.0277
vn 0.0482 -0.9908 0.1268
vn -0.0506 -0.9857 0.1607
vn -0.1568 -0.9568 -0.2450
vn 0.1114 -0.9915 0.0677
vn 0.1373 -0.9888 -0.0578
vn 0.2154 -0.9730 0.0829
vn -0.0749 -0.9887 -0.1302
vn -0.1241 -0.9922 -0.0150
vn 0.4217 -0.9033 -0.0782
vn 0.0704 -0.9877 -0.1400
vn -0.3040 -0.8873 -0.3468
vn -0.1340 -0.9321 0.3365
vn 0.1924 -0.9764 0.0983
vn 0.2867 -0.9499 -0.1242
vn 0.1949 -0.9715 0.1352
vn 0.1804 -0.9776 -0.1081
vn 0.2485 -0.9682 0.0299
vn 0.1880 -0.9791 -0.0771
vn -0.1255 -0.9913 -0.0393
vn 0.3612 -0.8261 0.4325
vn -0.1792 -0.9835 0.0253
vn 0.8191 -0.5411 0.1905
vn 0.3511 -0.7469 -0.5647
vn 0.2022 -0.9665 -0.1582
vn 0.1932 -0.9788 -0.0681
vn 0.1106 -0.9803 0.1637
vn 0.0096 -0.6936 -0.7203
vn -0.7079 -0.7015 -0.0828
vn 0.0382 -0.8393 0.5424
vn 0.7871 -0.5931 0.1692
vn 0.7715 -0.6100 -0.1811
vn -0.3776 -0.8769 0.2974
vn 0.0879 -0.9799 0.1790
vn 0.0360 -0.9777 0.2071
vn 0.1921 -0.9788 0.0709
vn 0.2118 -0.9754 0.0606
vn -0.1341 -0.9852 -0.1065
vn 0.2244 -0.9733 0.0492
vn 0.5726 -0.8190 -0.0374
vn 0.0409 -0.7846 0.6186
vn -0.1018 -0.9821 -0.1582
vn 0.4567 -0.8875 0.0611
vn 0.5775 -0.5759 0.5786
vn -0.4450 -0.8796 -0.1679
vn 0.8548 -0.3446 0.3880
vn -0.3377 -0.2977 0.8930
vn 0.3511 -0.7909 0.5012
vn 0.0096 -0.9579 -0.2868
vn -0.0888 -0.9798 0.1793
vn 0.0852 -0.9802 0.1788
vn -0.1799 -0.9682 0.1741
vn -0.0857 -0.9792 0.1838
vn 0.0646 -0.9799 0.1886
vn 0.3537 -0.9307 -0.0935
vn -0.3777 -0.8428 -0.3834
vn -0.2041 -0.9769 0.0639
vn -0.0529 -0.9826 0.1783
vn 0.2742 -0.8774 0.3937
vn -0.2220 -0.9725 0.0712
vn -0.0540 -0.9735 0.2220
vn 0.0893 -0.9910 -0.0999
vn 0.0184 -0.8107 0.5852
vn -0.6399 -0.7684 -0.0018
vn 0.2450 -0.9550 -0.1674
vn -0.2183 -0.9749 0.0443
vn -0.1645 -0.9673 0.1929
vn -0.2336 -0.9720 0.0237
vn 0.0031 -0.9840 0.1782
vn -0.7385 -0.6194 0.2664
vn 0.2508 -0.7852 -0.5662
vn -0.2743 -0.9441 0.1829
vn 0.3489 -0.9318 0.1005
vn -0.9164 -0.3211 -0.2389
vn -0.8354 -0.3372 -0.4341
vn -0.0406 -0.7536 -0.6561
vn 0.1852 -0.9732 0.1366
vn -0.2272 -0.9727 -0.0483
vn -0.2118 -0.9754 -0.0606
vn 0.1211 -0.9924 -0.0234
vn -0.1907 -0.9767 -0.0981
vn -0.1758 -0.9834 0.0438
vn -0.1777 -0.9693 -0.1699
vn -0.2077 -0.9778 -0.0292
vn -0.1902 -0.9802 0.0555
vn -0.1225 -0.9654 -0.2302
vn 0.6506 -0.6236 -0.4334
vn 0.0693 -0.9793 -0.1901
vn -0.1766 -0.9762 -0.1260
vn -0.3933 -0.9119 0.1177
vn -0.0665 -0.9815 -0.1795
vn -0.0772 -0.7663 -0.6378
vn -0.0194 -0.9553 0.2950
vn -0.1149 -0.9758 0.1859
vn 0.3532 -0.3346 -0.8737
vn 0.4366 -0.8483 -0.2995
vn 0.0642 -0.9768 -0.2045
vn -0.0608 -0.7835 -0.6185
vn 0.6316 -0.7752 0.0119
vn -0.3110 -0.9301 0.1954
vn 0.0916 -0.9631 -0.2530
vn -0.0876 -0.9623 -0.2575
vn -0.0871 -0.9793 -0.1826
vn 0.1596 -0.9712 -0.1769
vn 0.1066 -0.9756 -0.1922
vn 0.3952 -0.8882 -0.2345
vn -0.0817 -0.9789 -0.1873
vn -0.2715 -0.9613 0.0467
vn 0.4354 -0.7740 0.4597
vn 0.2247 -0.9737 -0.0385
vn 0.2863 -0.9569 -0.0483
vn 0.0550 -0.9743 -0.2185
vn -0.2397 -0.8597 0.4511
vn 0.4711 -0.7151 0.5164
vn -0.0073 -0.9986 -0.0524
vn 0.1459 -0.9716 0.1860
vn 0.1735 -0.9660 0.1915
vn -0.0837 -0.9798 0.1817
vn 0.1635 -0.9714 0.1724
vn -0.0982 -0.9757 0.1961
vn -0.5640 -0.8258 0.0042
vn -0.2332 -0.6885 -0.6867
vn 0.1915 -0.9804 -0.0460
vn 0.6829 -0.7292 0.0446
vn 0.3752 -0.7056 -0.6011
vn -0.2460 -0.8773 -0.4122
vn -0.4268 -0.9040 -0.0233
vn -0.3922 -0.8902 0.2315
vn -0.4845 -0.7648 0.4247
vn 0.3818 -0.9231 -0.0451
vn -0.5001 -0.8462 -0.1841
vn -0.2708 -0.8551 -0.4420
vn -0.1875 -0.9735 0.1309
vn -0.2213 -0.9738 -0.0520
vn -0.4236 -0.8998 -0.1042
vn -0.1916 -0.9722 0.1350
vn -0.1825 -0.9796 -0.0845
vn -0.2987 -0.9500 -0.0915
vn -0.2509 -0.9530 -0.1697
vn -0.1633 -0.9695 0.1826
vn 0.6276 -0.7418 0.2361
vn 0.2495 -0.7921 -0.5570
vn 0.2418 -0.8602 -0.4490
vn -0.4719 -0.7142 -0.5169
vn 0.0113 -0.9963 0.0853
vn -0.1339 -0.9728 -0.1890
vn 0.0678 -0.9814 -0.1796
vn -0.1910 -0.9615 -0.1974
vn 0.1373 -0.9735 -0.1828
vn -0.7216 -0.6918 -0.0275
vn -0.2076 -0.8316 0.5151
vn 0.5295 -0.8014 0.2782
vn 0.3984 -0.9151 -0.0619
vn -0.2272 -0.8786 -0.4199
vn -0.6143 -0.7818 -0.1069
vn -0.1377 -0.8833 0.4480
vn 0.2926 -0.8824 0.3684
vn 0.1714 -0.9809 -0.0919
vn 0.0451 -0.9703 -0.2378
vn 0.0339 -0.9763 -0.2137
vn -0.4786 -0.8541 0.2034
vn 0.0072 -0.7992 -0.6011
vn -0.5761 -0.8166 0.0367
vn -0.0599 -0.8638 0.5002
vn 0.5720 -0.7951 0.2015
vn 0.3130 -0.9059 -0.2852
vn -0.0766 -0.9790 -0.1890
vn -0.1879 -0.9785 -0.0854
vn -0.1523 -0.9840 -0.0928
vn 0.0043 -0.9681 -0.2504
vn -0.0501 -0.9778 -0.2032
vn 0.0888 -0.9907 0.1027
vn -0.3434 -0.9370 -0.0633
vn 0.4984 -0.8369 -0.2265
vn -0.1678 -0.8001 -0.5759
vn -0.2918 -0.9370 -0.1919
vn 0.3931 -0.8775 -0.2748
vn -0.1574 -0.8222 -0.5470
vn -0.4718 -0.8731 0.1230
vn -0.2941 -0.4749 -0.8295
vn -0.6642 -0.4483 -0.5982
vn -0.3148 -0.8774 0.3622
vn 0.2890 -0.6810 0.6728
vn 0.5710 -0.8209 0.0017
vn 0.5576 -0.5884 -0.5855
vn 0.3211 -0.6085 0.7257
vn -0.6892 -0.5334 0.4904
vn 0.0782 -0.7312 0.6777
vn 0.5952 -0.7761 -0.2084
vn -0.0104 -0.8238 -0.5667
vn 0.2485 -0.9625 -0.1086
vn -0.8788 -0.4059 0.2511
vn 0.5986 -0.5005 0.6255
vn 0.2834 -0.4553 0.8441
vn -0.2507 -0.7800 -0.5733
vn -0.0658 -0.8969 0.4373
vn 0.1284 -0.9666 0.2220
vn 0.4980 -0.8222 0.2756
vn -0.2590 -0.9622 0.0848
vn 0.8922 -0.3809 -0.2428
vn 0.7484 -0.5459 -0.3767
vn 0.5063 -0.7212 -0.4728
vn -0.7859 0.6079 -0.1131
vn -0.4618 0.8731 0.1563
vn -0.3588 0.8619 0.3584
vn -0.1031 0.9395 0.3267
vn 0.0862 0.8390 0.5372
vn 0.4249 0.7144 0.5560
vn 0.3042 0.9390 0.1606
vn 0.8894 0.4561 0.0306
vn 0.4004 0.8989 -0.1777
vn 0.3351 0.8378 -0.4309
vn 0.1325 0.8049 -0.5784
vn -0.0915 0.8368 -0.5398
vn -0.4133 0.7137 -0.5655
vn -0.3335 0.9216 -0.1985
vn 0.4563 -0.3233 0.8290
vn 0.1141 -0.2840 0.9520
vn 0.1116 -0.1455 0.9830
vn 0.1087 -0.3308 0.9374
vn 0.1444 -0.5256 0.8384
vn 0.1359 -0.4918 0.8601
vn 0.1669 -0.6832 0.7109
vn 0.1579 -0.6241 0.7652
vn 0.1790 -0.7674 0.6156
vn 0.1924 -0.8777 0.4388
vn 0.1893 -0.8396 0.5092
vn 0.1955 -0.9132 0.3575
vn 0.1977 -0.9544 0.2238
vn 0.1926 -0.9546 0.2273
vn 0.1952 -0.9124 0.3598
vn 0.1947 -0.9120 0.3610
vn 0.1887 -0.8495 0.4927
vn 0.1868 -0.8401 0.5092
vn 0.1756 -0.8032 0.5692
vn 0.1818 -0.8866 0.4252
vn 0.2174 -0.5996 0.7702
vn 0.2194 -0.6742 0.7052
vn 0.2182 -0.8836 0.4143
vn 0.1963 -0.9495 0.2448
vn 0.1939 -0.9110 0.3639
vn 0.1872 -0.8489 0.4943
vn 0.1679 -0.8925 0.4186
vn 0.1849 -0.9428 0.2773
vn 0.1954 -0.9506 0.2411
vn 0.1931 -0.9089 0.3696
vn 0.0227 0.0329 0.9992
vn 0.0270 -0.0556 0.9981
vn 0.1119 -0.3557 0.9279
vn 0.1138 -0.3559 0.9276
vn 0.1381 -0.5015 0.8541
vn 0.0999 -0.3667 0.9250
vn 0.1068 -0.3236 0.9401
vn 0.1568 -0.6185 0.7700
vn 0.1725 -0.7195 0.6727
vn 0.1881 -0.8366 0.5145
vn 0.1872 -0.8356 0.5164
vn 0.9102 0.1098 -0.3994
vn 0.1326 -0.5051 -0.8528
vn 0.0660 -0.1572 -0.9854
vn 0.1982 -0.9035 -0.3800
vn 0.1828 -0.7964 -0.5764
vn 0.1951 -0.9164 -0.3496
vn 0.2051 -0.9646 -0.1660
vn 0.1981 -0.9513 -0.2363
vn 0.2096 -0.9499 -0.2318
vn 0.1967 -0.9140 -0.3548
vn 0.1936 -0.9125 -0.3603
vn 0.1916 -0.7955 -0.5748
vn 0.1895 -0.8508 -0.4902
vn 0.1677 -0.6866 -0.7074
vn 0.1348 -0.4773 -0.8684
vn 0.1081 -0.3306 -0.9376
vn 0.1092 -0.3345 -0.9361
vn 0.1231 -0.1634 -0.9788
vn 0.1106 -0.3395 -0.9341
vn 0.1072 -0.3259 -0.9393
vn 0.1470 -0.5528 -0.8203
vn 0.2014 -0.9237 -0.3260
vn 0.1326 -0.3852 -0.9133
vn 0.1956 -0.9101 -0.3652
vn 0.1345 -0.4809 -0.8664
vn 0.8416 0.1047 0.5298
vn 0.6603 0.7395 -0.1312
vn -0.2795 0.1901 0.9412
vn -0.0702 0.5663 0.8212
vn -0.5339 0.8312 0.1550
vn -0.1659 0.8794 0.4463
vn 0.1942 -0.9804 0.0318
vn -0.5003 0.6880 -0.5257
vn -0.4858 -0.7256 -0.4874
vn -0.4821 -0.6604 -0.5758
vn -0.2275 -0.8851 -0.4060
vn -0.2625 -0.8658 -0.4260
vn -0.1177 -0.9369 -0.3293
vn -0.1183 -0.9381 -0.3256
vn -0.0203 -0.9667 -0.2552
vn -0.0263 -0.9649 -0.2615
vn 0.0364 -0.9742 -0.2228
vn -0.1411 -0.9183 -0.3698
vn -0.1184 -0.9373 -0.3277
vn 0.0286 -0.9428 -0.3320
vn -0.0080 -0.9699 -0.2434
vn -0.1831 -0.9049 -0.3843
vn 0.0983 -0.5420 -0.8346
vn -0.2597 -0.8631 -0.4332
vn -0.1212 -0.9345 -0.3347
vn -0.1042 -0.6805 0.7253
vn 0.1657 -0.9648 0.2042
vn 0.1677 -0.9699 0.1763
vn 0.1646 -0.9536 0.2522
vn 0.1522 -0.9365 0.3159
vn 0.4895 0.7073 0.5100
vn 0.0949 -0.7520 0.6523
vn 0.8439 0.0463 -0.5344
vn 0.7174 0.1593 -0.6782
vn -0.8365 0.4206 0.3513
vn 0.2858 -0.7199 -0.6325
vn 0.8371 -0.0476 0.5450
vn -0.2043 -0.7875 0.5815
vn -0.6070 -0.4942 0.6223
vn -0.4052 0.4816 0.7771
vn -0.4356 -0.7123 0.5504
vn -0.1541 -0.9211 0.3576
vn -0.2223 -0.8864 0.4061
vn -0.0512 -0.9587 0.2796
vn -0.0196 -0.9666 0.2556
vn -0.0179 -0.9674 0.2526
vn 0.0067 -0.9729 0.2311
vn -0.1084 -0.9415 0.3190
vn -0.1632 -0.9500 0.2664
vn -0.3831 -0.8512 0.3587
vn -0.1976 -0.9300 0.3100
vn -0.2952 -0.8429 0.4499
vn -0.1233 -0.9345 0.3340
vn -0.2592 -0.8692 0.4210
vn -0.2494 -0.8715 0.4223
vn -0.1074 -0.9404 0.3227
vn 0.0071 -0.9308 -0.3655
vn -0.2204 -0.4879 -0.8446
vn 0.5641 0.4243 -0.7083
vn 0.0617 -0.6719 -0.7381
vn 0.0245 -0.4641 -0.8855
vn 0.1243 -0.8682 -0.4804
vn 0.1253 -0.8732 -0.4710
vn 0.1495 -0.9369 -0.3160
vn 0.1501 -0.9354 -0.3200
vn 0.1658 -0.9665 -0.1958
vn 0.1667 -0.9661 -0.1973
vn 0.1354 -0.8999 -0.4144
vn 0.1664 -0.9701 -0.1770
vn 0.1579 -0.9573 -0.2420
vn 0.1675 -0.9664 -0.1950
vn 0.1401 -0.8999 -0.4130
vn 0.1528 -0.9392 -0.3075
vn 0.1265 -0.8756 -0.4662
vn 0.0940 -0.7283 -0.6788
vn 0.0942 -0.7764 -0.6231
vn -0.7245 0.5832 -0.3673
vn 0.9876 -0.1174 0.1046
vn 0.8314 0.5292 0.1696
vn 0.9802 0.1716 0.0990
vn -0.1653 -0.3193 0.9331
vn -0.4247 -0.8697 0.2516
vn -0.5054 -0.1128 0.8555
vn -0.6700 -0.3978 0.6267
vn -0.9194 -0.3285 0.2164
vn -0.9780 -0.2077 -0.0216
vn -0.8355 -0.5476 0.0447
vn -0.9109 -0.4126 0.0012
vn -0.6738 -0.7343 0.0826
vn -0.3930 -0.9091 0.1384
vn -0.3057 -0.9394 0.1553
vn -0.2176 -0.9621 0.1644
vn -0.1947 -0.9666 0.1668
vn -0.2374 -0.9570 0.1667
vn -0.5133 -0.8503 0.1161
vn -0.3033 -0.9395 0.1591
vn -0.8943 -0.4474 0.0013
vn -0.8919 0.2659 -0.3657
vn -0.9131 -0.4077 -0.0029
vn -0.3749 -0.9162 0.1416
vn -0.3041 -0.9404 0.1522
vn 0.1650 0.5110 -0.8436
vn 0.6453 0.7549 -0.1171
vn 0.8290 -0.1520 0.5382
vn 0.4778 0.7136 0.5123
vn 0.3889 0.8942 0.2216
vn 0.2993 -0.9356 0.1873
vn -0.1101 0.0179 0.9938
vn -0.5523 0.0411 0.8327
vn -0.5989 -0.7574 -0.2602
vn -0.6070 -0.5790 -0.5444
vn -0.7527 -0.2773 -0.5971
vn -0.3880 -0.9002 -0.1976
vn -0.2907 -0.9544 -0.0677
vn -0.2610 -0.9650 -0.0257
vn -0.2556 -0.9666 -0.0196
vn -0.2868 -0.9567 -0.0501
vn -0.4591 -0.8387 -0.2928
vn -0.3275 -0.9394 -0.1016
vn -0.6473 -0.3956 -0.6515
vn 0.0324 0.2495 -0.9678
vn -0.3655 -0.9160 -0.1654
vn -0.3227 -0.9404 -0.1075
vn 0.1271 -0.9759 0.1772
vn 0.7267 0.6868 -0.0171
vn 0.9828 -0.0946 -0.1588
vn 0.9412 -0.3379 -0.0019
vn 0.7547 -0.6544 0.0476
vn 0.7205 -0.6877 0.0891
vn 0.4805 -0.8682 0.1243
vn 0.4710 -0.8732 0.1253
vn 0.3165 -0.9367 0.1495
vn 0.3200 -0.9354 0.1501
vn 0.1959 -0.9665 0.1658
vn 0.1975 -0.9660 0.1667
vn 0.3065 -0.9408 0.1450
vn 0.1771 -0.9700 0.1664
vn 0.2126 -0.9633 0.1640
vn 0.1951 -0.9664 0.1676
vn 0.3893 -0.9102 0.1415
vn 0.3075 -0.9392 0.1529
vn 0.4665 -0.8755 0.1264
vn 0.4690 -0.8719 0.1410
vn 0.6128 -0.7844 0.0961
vn 0.1574 0.7350 0.6595
vn -0.1284 0.7224 0.6795
vn -0.9310 -0.3218 -0.1723
vn -0.2680 -0.8465 -0.4600
vn -0.8554 -0.1127 -0.5056
vn -0.6266 -0.3978 -0.6702
vn -0.2176 -0.3285 -0.9191
vn 0.0216 -0.2078 -0.9779
vn -0.0447 -0.5476 -0.8355
vn -0.0013 -0.4128 -0.9108
vn -0.0825 -0.7343 -0.6738
vn -0.1384 -0.9090 -0.3931
vn -0.1553 -0.9394 -0.3057
vn -0.1644 -0.9621 -0.2176
vn -0.1668 -0.9666 -0.1947
vn -0.1669 -0.9566 -0.2389
vn -0.1164 -0.8504 -0.5131
vn -0.1593 -0.9395 -0.3032
vn -0.0010 -0.4472 -0.8944
vn 0.3594 0.2668 -0.8942
vn 0.0029 -0.4080 -0.9130
vn -0.1416 -0.9162 -0.3748
vn -0.1522 -0.9404 -0.3040
vn 0.6243 -0.6819 0.3811
vn 0.9189 0.3401 0.2000
vn 0.1783 0.8532 0.4902
vn -0.5689 -0.1405 0.8103
vn -0.5370 0.7104 0.4548
vn -0.1906 0.8990 0.3944
vn -0.6563 -0.3560 0.6653
vn -0.9893 0.1408 -0.0383
vn -0.8110 0.0338 -0.5840
vn 0.5668 -0.5393 -0.6228
vn 0.7196 -0.1906 -0.6678
vn 0.1801 -0.9079 -0.3786
vn 0.0262 -0.9648 -0.2616
vn 0.0257 -0.9650 -0.2611
vn 0.0196 -0.9666 -0.2556
vn 0.0504 -0.9566 -0.2871
vn 0.2927 -0.8388 -0.4590
vn 0.1016 -0.9394 -0.3275
vn 0.6576 -0.3815 -0.6496
vn 0.6075 0.4476 -0.6562
vn 0.1654 -0.9160 -0.3655
vn 0.1075 -0.9404 -0.3227
vn -0.0034 -0.9313 0.3642
vn 0.2479 -0.5522 0.7960
vn -0.0022 0.8117 0.5840
vn 0.6747 0.1988 0.7109
vn 0.0190 -0.3053 0.9521
vn -0.0593 -0.6624 0.7468
vn -0.0663 -0.6352 0.7695
vn -0.1243 -0.8682 0.4804
vn -0.1253 -0.8732 0.4710
vn -0.1495 -0.9368 0.3164
vn -0.1501 -0.9354 0.3201
vn -0.1658 -0.9665 0.1959
vn -0.1667 -0.9660 0.1975
vn -0.1359 -0.9025 0.4087
vn -0.1664 -0.9701 0.1770
vn -0.1753 -0.9721 0.1561
vn -0.1675 -0.9664 0.1951
vn -0.1466 -0.9038 0.4021
vn -0.1529 -0.9392 0.3075
vn -0.1265 -0.8758 0.4658
vn -0.1060 -0.7573 0.6444
vn -0.0961 -0.7843 0.6128
vn -0.6541 0.7334 0.1851
vn -0.6861 0.7174 -0.1205
vn -0.9394 -0.3175 0.1290
vn -0.2227 -0.9746 -0.0220
vn -0.1244 0.0045 -0.9922
vn 0.9613 -0.2743 -0.0266
vn 0.9585 -0.2848 -0.0121
vn 0.8725 -0.4881 -0.0210
vn 0.7491 -0.6591 -0.0665
vn 0.3931 -0.9090 -0.1384
vn 0.2770 -0.9472 -0.1613
vn 0.2175 -0.9621 -0.1644
vn 0.1947 -0.9666 -0.1668
vn 0.2389 -0.9566 -0.1668
vn 0.5131 -0.8504 -0.1164
vn 0.3032 -0.9395 -0.1593
vn 0.8909 -0.4543 -0.0024
vn 0.9273 0.1204 0.3545
vn 0.9088 -0.4172 0.0007
vn 0.5686 0.8194 -0.0727
vn 0.3747 -0.9162 -0.1416
vn 0.3040 -0.9404 -0.1522
vn -0.2570 0.4156 0.8725
vn -0.5196 -0.7602 0.3899
vn -0.2890 -0.9552 0.0638
vn -0.2591 -0.9656 0.0221
vn -0.3041 -0.9498 0.0729
vn -0.3408 -0.9317 0.1259
vn -0.6416 0.7559 0.1303
vn -0.8394 -0.1508 -0.5222
vn -0.4780 0.7137 -0.5121
vn -0.3888 0.8942 -0.2216
vn -0.4988 -0.8040 -0.3236
vn -0.4376 -0.2116 -0.8739
vn -0.8764 -0.4517 -0.1671
vn 0.2294 0.0294 -0.9729
vn 0.0714 0.1358 -0.9882
vn 0.7702 -0.4429 -0.4590
vn 0.5285 -0.2676 -0.8057
vn 0.8046 -0.4886 0.3374
vn 0.3747 -0.9075 0.1899
vn 0.4699 -0.8218 0.3222
vn 0.3287 -0.9356 0.1287
vn 0.2556 -0.9666 0.0196
vn 0.2870 -0.9566 0.0504
vn 0.4300 -0.8664 0.2539
vn 0.3275 -0.9394 0.1016
vn 0.4457 0.4789 0.7563
vn 0.6363 -0.4491 0.6272
vn 0.3655 -0.9160 0.1654
vn 0.3227 -0.9404 0.1075
vn -0.1271 -0.9759 -0.1772
vn -0.7029 0.7071 -0.0767
vn -0.6686 0.2847 0.6869
vn -0.9522 -0.3039 0.0307
vn -0.7300 -0.6813 -0.0538
vn -0.8068 -0.5892 -0.0435
vn -0.4805 -0.8682 -0.1243
vn -0.4711 -0.8732 -0.1253
vn -0.3164 -0.9368 -0.1495
vn -0.3200 -0.9354 -0.1501
vn -0.1958 -0.9665 -0.1658
vn -0.1974 -0.9660 -0.1667
vn -0.3065 -0.9408 -0.1450
vn -0.1771 -0.9700 -0.1664
vn -0.2031 -0.9650 -0.1660
vn -0.1951 -0.9664 -0.1676
vn -0.3925 -0.9087 -0.1424
vn -0.3074 -0.9392 -0.1529
vn -0.4661 -0.8756 -0.1265
vn -0.6749 -0.7331 -0.0844
vn -0.6128 -0.7844 -0.0961
vn -0.1583 0.7360 -0.6582
vn 0.1200 0.7178 -0.6858
vn 0.7754 -0.5275 -0.3470
vn 0.8631 -0.3553 0.3589
vn 0.7310 -0.4885 -0.4764
vn -0.6188 -0.1694 0.7671
vn -0.5318 -0.4433 0.7215
vn -0.2226 -0.8422 0.4911
vn -0.4382 -0.6108 0.6595
vn -0.3210 -0.7528 0.5747
vn -0.1299 -0.9104 0.3927
vn -0.0201 -0.9559 0.2930
vn -0.0243 -0.9517 0.3059
vn -0.1307 -0.9040 0.4072
vn -0.1175 -0.9143 0.3876
vn -0.3227 -0.7544 0.5716
vn -0.3020 -0.7806 0.5472
vn -0.4239 -0.6447 0.6362
vn -0.4685 -0.6403 0.6086
vn -0.0513 -0.9381 0.3426
vn -0.5139 -0.5013 0.6962
vn -0.5909 -0.3241 0.7388
vn -0.6450 -0.1664 0.7459
vn -0.5840 -0.3367 0.7387
vn -0.5852 -0.3329 0.7394
vn -0.5163 -0.4878 0.7039
vn -0.5159 -0.4848 0.7062
vn -0.5826 -0.3411 0.7377
vn -0.5151 -0.4859 0.7061
vn -0.4255 -0.6307 0.6490
vn -0.4246 -0.6314 0.6489
vn -0.4239 -0.6320 0.6488
vn -0.2053 -0.8502 0.4848
vn -0.3168 -0.7593 0.5684
vn -0.3208 -0.7558 0.5708
vn 0.3945 -0.5126 -0.7627
vn 0.6217 -0.6160 -0.4838
vn 0.7287 -0.2071 -0.6527
vn 0.6516 -0.5918 -0.4745
vn 0.7391 -0.3321 -0.5860
vn 0.7390 -0.3381 -0.5827
vn 0.6885 -0.5371 -0.4873
vn 0.7097 -0.4811 -0.5146
vn 0.6230 -0.6781 -0.3899
vn 0.5500 -0.7802 -0.2980
vn 0.4532 -0.8724 -0.1833
vn 0.3846 -0.9166 -0.1088
vn 0.3195 -0.9467 -0.0415
vn 0.3032 -0.9523 -0.0334
vn 0.5401 -0.7869 -0.2986
vn 0.2984 -0.9541 -0.0258
vn 0.2902 -0.9569 -0.0064
vn 0.4490 -0.8784 -0.1638
vn 0.3970 -0.9099 -0.1200
vn 0.4972 -0.8340 -0.2394
vn 0.6059 -0.7102 -0.3586
vn 0.5641 -0.7645 -0.3120
vn 0.6578 -0.6137 -0.4367
vn 0.7108 -0.4708 -0.5226
vn 0.7438 -0.3164 -0.5888
vn 0.7369 -0.3368 -0.5862
vn 0.8133 -0.1841 -0.5520
vn 0.7402 -0.3266 -0.5878
vn 0.7046 -0.4925 -0.5108
vn 0.6154 -0.6922 -0.3771
vn 0.6445 -0.6530 -0.3977
vn 0.6987 -0.5164 -0.4951
vn 0.3024 -0.9531 -0.0111
vn 0.3912 -0.9131 -0.1146
vn 0.3905 -0.9129 -0.1188
vn 0.4732 -0.8570 -0.2042
vn 0.4828 -0.8434 -0.2358
vn 0.6578 -0.6142 -0.4360
vn 0.4010 -0.9085 -0.1179
vn -0.6414 0.7661 -0.0409
vn 0.0423 0.7546 -0.6548
vn 0.2300 0.9199 -0.3175
vn -0.0104 0.9691 -0.2466
vn -0.0026 0.9676 -0.2523
vn -0.4515 0.8812 -0.1401
vn 0.2082 0.8783 -0.4304
vn 0.9357 0.1618 0.3136
vn -0.6644 -0.3948 0.6346
vn -0.7039 -0.6527 0.2803
vn -0.9242 -0.3585 0.1317
vn -0.9837 -0.1396 0.1129
vn -0.9374 -0.3308 0.1088
vn -0.8599 -0.4918 0.1369
vn -0.8631 -0.4864 0.1358
vn -0.7566 -0.6341 0.1597
vn -0.7575 -0.6332 0.1588
vn -0.6245 -0.7604 0.1782
vn -0.6288 -0.7570 0.1777
vn -0.4911 -0.8484 0.1977
vn -0.3594 -0.9123 0.1963
vn -0.3517 -0.9165 0.1907
vn -0.2138 -0.9554 0.2037
vn -0.2259 -0.9549 0.1928
vn -0.2359 -0.9516 0.1970
vn -0.3589 -0.9127 0.1951
vn -0.3582 -0.9134 0.1936
vn -0.4958 -0.8477 0.1885
vn -0.4946 -0.8486 0.1879
vn -0.6323 -0.7545 0.1759
vn -0.6249 -0.7607 0.1755
vn -0.7494 -0.6436 0.1558
vn -0.8713 -0.4901 0.0243
vn -0.7437 -0.6488 0.1612
vn -0.6414 -0.7462 0.1780
vn -0.4487 -0.8721 0.1951
vn -0.2490 -0.9484 0.1963
vn -0.4339 -0.8809 0.1893
vn -0.4896 -0.8638 0.1192
vn -0.2565 -0.9465 0.1959
vn -0.8556 -0.5010 0.1300
vn -0.9471 -0.3054 0.0991
vn -0.9871 -0.1489 0.0597
vn -0.9351 -0.3371 0.1094
vn -0.9360 -0.3346 0.1091
vn -0.8642 -0.4848 0.1346
vn -0.9334 -0.3415 0.1100
vn -0.8636 -0.4857 0.1350
vn -0.8626 -0.4873 0.1356
vn -0.7600 -0.6304 0.1580
vn -0.7590 -0.6315 0.1585
vn -0.7591 -0.6313 0.1588
vn -0.7578 -0.6328 0.1591
vn -0.3544 -0.9144 0.1958
vn -0.4927 -0.8483 0.1939
vn -0.6289 -0.7564 0.1800
vn -0.6307 -0.7556 0.1767
vn -0.7938 -0.3778 -0.4766
vn 0.8531 -0.5046 0.1326
vn 0.9871 -0.1441 0.0699
vn 0.4635 -0.8663 0.1864
vn 0.5764 -0.7965 0.1828
vn 0.3493 -0.9165 0.1950
vn 0.2565 -0.9462 0.1974
vn 0.2385 -0.9508 0.1978
vn 0.2170 -0.9524 0.2140
vn 0.3550 -0.9140 0.1965
vn 0.3605 -0.9125 0.1936
vn 0.5767 -0.7942 0.1914
vn 0.4900 -0.8509 0.1895
vn 0.7073 -0.6867 0.1677
vn 0.8684 -0.4772 0.1348
vn 0.9376 -0.3306 0.1081
vn 0.9361 -0.3345 0.1092
vn 0.9796 -0.1617 0.1195
vn 0.9341 -0.3395 0.1105
vn 0.9393 -0.3259 0.1072
vn 0.8202 -0.5528 0.1470
vn 0.3286 -0.9228 0.2009
vn 0.9147 -0.3819 0.1324
vn 0.2421 -0.9500 0.1970
vn 0.3651 -0.9103 0.1953
vn 0.8664 -0.4810 0.1345
vn -0.4844 0.6173 -0.6199
vn 0.5117 0.7477 -0.4231
vn 0.2200 0.2040 0.9539
vn 0.0323 -0.9805 0.1940
vn -0.3584 0.9335 0.0077
vn 0.8229 0.5638 -0.0699
vn 0.4476 0.8802 -0.1576
vn 0.4786 0.1692 0.8616
vn 0.3334 -0.5352 0.7761
vn -0.3953 -0.2484 0.8843
vn 0.4329 -0.5864 0.6846
vn -0.7665 -0.1698 -0.6194
vn -0.7187 -0.4553 -0.5256
vn -0.5353 -0.8033 -0.2610
vn -0.6247 -0.6769 -0.3893
vn -0.4511 -0.8741 -0.1800
vn -0.3807 -0.9191 -0.1019
vn -0.3019 -0.9531 -0.0228
vn -0.2965 -0.9548 -0.0231
vn -0.3062 -0.9516 -0.0277
vn -0.3919 -0.9127 -0.1159
vn -0.3930 -0.9120 -0.1177
vn -0.4834 -0.8481 -0.2169
vn -0.4817 -0.8493 -0.2159
vn -0.5716 -0.7544 -0.3227
vn -0.5661 -0.7606 -0.3179
vn -0.6400 -0.6436 -0.4197
vn -0.6217 -0.5244 -0.5818
vn -0.3372 -0.9397 -0.0565
vn -0.3144 -0.9486 -0.0367
vn -0.3874 -0.9150 -0.1128
vn -0.4405 -0.8810 -0.1728
vn -0.4305 -0.8637 -0.2621
vn -0.3198 -0.9465 -0.0428
vn -0.6969 -0.5011 -0.5130
vn -0.7397 -0.3061 -0.5994
vn -0.7468 -0.1306 -0.6521
vn -0.7386 -0.3367 -0.5840
vn -0.7389 -0.3350 -0.5846
vn -0.7395 -0.3330 -0.5851
vn -0.7041 -0.4896 -0.5143
vn -0.7062 -0.4848 -0.5159
vn -0.7378 -0.3410 -0.5826
vn -0.7061 -0.4859 -0.5151
vn -0.6490 -0.6307 -0.4255
vn -0.6489 -0.6314 -0.4246
vn -0.6502 -0.6279 -0.4276
vn -0.4862 -0.8476 -0.2127
vn -0.5717 -0.7576 -0.3150
vn -0.5708 -0.7558 -0.3208
vn 0.7672 -0.5052 0.3952
vn 0.4838 -0.6160 0.6217
vn 0.6530 -0.2161 0.7258
vn 0.4746 -0.5916 0.6517
vn 0.5861 -0.3321 0.7391
vn 0.5820 -0.3400 0.7387
vn 0.4932 -0.5260 0.6929
vn 0.5358 -0.4458 0.7171
vn 0.4467 -0.5998 0.6638
vn 0.3007 -0.7776 0.5521
vn 0.1916 -0.8661 0.4616
vn 0.1083 -0.9168 0.3844
vn 0.0399 -0.9473 0.3178
vn 0.0300 -0.9509 0.3080
vn 0.2988 -0.7867 0.5402
vn 0.0260 -0.9540 0.2986
vn 0.0109 -0.9559 0.2936
vn 0.1619 -0.8817 0.4432
vn 0.1199 -0.9100 0.3969
vn 0.2395 -0.8337 0.4976
vn 0.3586 -0.7101 0.6059
vn 0.3119 -0.7645 0.5641
vn 0.4367 -0.6136 0.6578
vn 0.5222 -0.4715 0.7106
vn 0.5886 -0.3169 0.7437
vn 0.5869 -0.3373 0.7361
vn 0.5484 -0.1867 0.8151
vn 0.5867 -0.3274 0.7406
vn 0.5060 -0.4995 0.7032
vn 0.3621 -0.7103 0.6036
vn 0.3519 -0.7139 0.6054
vn 0.4951 -0.5164 0.6987
vn 0.5756 -0.3588 0.7348
vn 0.0199 -0.9540 0.2992
vn 0.0296 -0.9507 0.3087
vn 0.1137 -0.9136 0.3905
vn 0.1157 -0.9117 0.3942
vn 0.1973 -0.8547 0.4802
vn 0.4357 -0.6150 0.6572
vn 0.1239 -0.9115 0.3923
vn 0.2176 -0.8472 0.4847
vn -0.0539 0.5786 -0.8138
vn 0.5795 0.7926 -0.1896
vn 0.3037 0.9286 0.2132
vn 0.2478 0.9688 -0.0108
vn 0.2518 0.9678 -0.0021
vn 0.1450 0.8788 -0.4547
vn 0.4363 0.8793 0.1912
vn -0.3147 0.1622 0.9352
vn -0.6167 -0.4906 -0.6156
vn -0.2189 -0.6886 -0.6913
vn -0.1350 -0.3750 -0.9171
vn -0.1126 -0.1420 -0.9834
vn -0.1088 -0.3308 -0.9374
vn -0.1369 -0.4918 -0.8599
vn -0.1358 -0.4864 -0.8631
vn -0.1597 -0.6340 -0.7567
vn -0.1586 -0.6333 -0.7575
vn -0.1782 -0.7604 -0.6246
vn -0.1777 -0.7569 -0.6289
vn -0.1973 -0.8481 -0.4918
vn -0.1963 -0.9123 -0.3594
vn -0.1907 -0.9165 -0.3516
vn -0.2038 -0.9556 -0.2128
vn -0.1927 -0.9549 -0.2258
vn -0.1970 -0.9516 -0.2359
vn -0.1951 -0.9127 -0.3589
vn -0.1947 -0.9120 -0.3610
vn -0.1885 -0.8481 -0.4952
vn -0.1880 -0.8495 -0.4929
vn -0.1761 -0.7545 -0.6322
vn -0.1756 -0.7607 -0.6249
vn -0.1558 -0.6435 -0.7494
vn -0.0301 -0.4626 -0.8861
vn -0.1612 -0.6486 -0.7439
vn -0.1780 -0.7461 -0.6416
vn -0.1953 -0.8721 -0.4486
vn -0.1963 -0.9486 -0.2483
vn -0.1942 -0.9150 -0.3537
vn -0.1893 -0.8809 -0.4339
vn -0.1072 -0.8769 -0.4685
vn -0.1959 -0.9465 -0.2565
vn -0.1300 -0.5010 -0.8556
vn -0.0991 -0.3054 -0.9470
vn -0.0669 -0.1306 -0.9892
vn -0.1094 -0.3371 -0.9351
vn -0.1090 -0.3345 -0.9361
vn -0.1346 -0.4849 -0.8641
vn -0.1100 -0.3415 -0.9334
vn -0.1350 -0.4857 -0.8636
vn -0.1356 -0.4873 -0.8627
vn -0.1580 -0.6305 -0.7599
vn -0.1585 -0.6315 -0.7590
vn -0.1588 -0.6313 -0.7591
vn -0.1592 -0.6331 -0.7575
vn -0.1957 -0.9143 -0.3545
vn -0.1939 -0.8483 -0.4927
vn -0.1800 -0.7564 -0.6289
vn -0.1767 -0.7556 -0.6307
vn 0.1508 -0.4119 0.8987
vn -0.1229 -0.4549 0.8820
vn -0.0491 -0.1169 0.9919
vn -0.1859 -0.8595 0.4762
vn -0.1828 -0.7958 0.5773
vn -0.1951 -0.9164 0.3495
vn -0.1974 -0.9462 0.2565
vn -0.1981 -0.9513 0.2362
vn -0.2084 -0.9489 0.2370
vn -0.1966 -0.9141 0.3547
vn -0.1936 -0.9127 0.3600
vn -0.1916 -0.7954 0.5750
vn -0.1895 -0.8509 0.4900
vn -0.1676 -0.6862 0.7078
vn -0.1348 -0.4772 0.8684
vn -0.1081 -0.3306 0.9376
vn -0.1092 -0.3345 0.9361
vn -0.1192 -0.1623 0.9795
vn -0.1106 -0.3396 0.9341
vn -0.1071 -0.3251 0.9396
vn -0.1468 -0.5512 0.8213
vn -0.2014 -0.9239 0.3254
vn -0.1325 -0.3838 0.9139
vn -0.1955 -0.9102 0.3652
vn -0.1345 -0.4808 0.8665
vn 0.5254 0.6005 -0.6028
vn 0.4635 0.8193 0.3376
vn -0.9527 0.2055 0.2237
vn -0.1942 -0.9805 0.0316
vn -0.0084 0.9334 -0.3588
vn 0.0702 0.5659 0.8215
vn 0.1734 0.8727 0.4563
vn -0.8618 0.1702 0.4779
vn -0.7757 -0.5281 0.3454
vn -0.8622 -0.3545 -0.3618
vn -0.7321 -0.4857 0.4776
vn 0.6194 -0.1698 -0.7665
vn 0.5306 -0.4459 -0.7209
vn 0.2814 -0.7859 -0.5506
vn 0.4383 -0.6106 -0.6596
vn 0.3211 -0.7527 -0.5747
vn 0.1742 -0.8779 -0.4461
vn 0.1030 -0.9191 -0.3804
vn 0.0231 -0.9530 -0.3021
vn 0.0238 -0.9549 -0.2961
vn 0.0277 -0.9516 -0.3062
vn 0.1158 -0.9128 -0.3917
vn 0.1178 -0.9120 -0.3930
vn 0.2169 -0.8481 -0.4834
vn 0.2159 -0.8493 -0.4817
vn 0.3226 -0.7544 -0.5716
vn 0.3179 -0.7606 -0.5661
vn 0.4197 -0.6436 -0.6400
vn 0.5990 -0.4901 -0.6333
vn 0.0565 -0.9397 -0.3372
vn 0.0368 -0.9485 -0.3145
vn 0.1127 -0.9150 -0.3873
vn 0.1728 -0.8810 -0.4405
vn 0.2619 -0.8638 -0.4305
vn 0.0428 -0.9465 -0.3198
vn 0.5130 -0.5011 -0.6969
vn 0.5994 -0.3060 -0.7397
vn 0.6557 -0.1489 -0.7402
vn 0.5840 -0.3367 -0.7387
vn 0.5851 -0.3330 -0.7394
vn 0.5162 -0.4880 -0.7039
vn 0.5160 -0.4848 -0.7063
vn 0.5826 -0.3411 -0.7377
vn 0.5151 -0.4858 -0.7061
vn 0.4255 -0.6307 -0.6490
vn 0.4247 -0.6314 -0.6489
vn 0.4238 -0.6322 -0.6486
vn 0.1115 -0.9146 -0.3886
vn 0.2144 -0.8442 -0.4913
vn 0.3171 -0.7590 -0.5686
vn 0.3208 -0.7558 -0.5708
vn -0.5718 -0.6756 0.4654
vn -0.7121 -0.2253 0.6650
vn -0.6519 -0.5911 0.4750
vn 0.8984 -0.3776 -0.2243
vn -0.7391 -0.3322 0.5860
vn -0.7387 -0.3400 0.5820
vn -0.6928 -0.5260 0.4932
vn -0.7170 -0.4459 0.5358
vn -0.6650 -0.5972 0.4485
vn -0.5521 -0.7776 0.3007
vn -0.4601 -0.8672 0.1904
vn -0.3847 -0.9166 0.1088
vn -0.3195 -0.9467 0.0415
vn -0.3031 -0.9524 0.0333
vn -0.5404 -0.7865 0.2990
vn -0.2986 -0.9540 0.0259
vn -0.2904 -0.9569 0.0066
vn -0.4485 -0.8787 0.1635
vn -0.3963 -0.9104 0.1192
vn -0.4978 -0.8359 0.2311
vn -0.4881 -0.8462 0.2140
vn -0.6051 -0.7104 0.3595
vn -0.5653 -0.7634 0.3126
vn -0.6580 -0.6133 0.4369
vn -0.7106 -0.4714 0.5223
vn -0.7438 -0.3167 0.5887
vn -0.7367 -0.3365 0.5865
vn -0.8138 -0.1845 0.5511
vn -0.7407 -0.3269 0.5869
vn -0.7045 -0.4956 0.5080
vn -0.6067 -0.7057 0.3659
vn -0.6453 -0.6516 0.3988
vn -0.6988 -0.5164 0.4951
vn -0.7347 -0.3589 0.5756
vn -0.3047 -0.9524 0.0103
vn -0.3890 -0.9143 0.1126
vn -0.3916 -0.9130 0.1147
vn -0.4834 -0.8424 0.2380
vn -0.6577 -0.6142 0.4361
vn -0.4009 -0.9085 0.1180
vn 0.7649 0.6391 0.0803
vn 0.2095 0.9061 0.3675
vn -0.3434 0.8115 0.4728
vn -0.1750 0.8999 0.3995
vn -0.0769 -0.9791 -0.1885
vn 0.6625 0.7457 0.0700
vn -0.2195 0.8573 0.4658
vn -0.9348 0.1621 -0.3160
vn 0.6644 -0.3945 -0.6347
vn 0.7038 -0.6527 -0.2803
vn 0.9242 -0.3585 -0.1317
vn 0.9837 -0.1396 -0.1129
vn 0.9375 -0.3305 -0.1086
vn 0.8606 -0.4912 -0.1342
vn 0.7502 -0.6431 -0.1533
vn 0.7577 -0.6327 -0.1602
vn 0.6256 -0.7595 -0.1781
vn 0.6289 -0.7569 -0.1777
vn 0.4911 -0.8484 -0.1977
vn 0.3594 -0.9123 -0.1963
vn 0.3516 -0.9165 -0.1907
vn 0.2138 -0.9554 -0.2037
vn 0.2258 -0.9549 -0.1927
vn 0.2359 -0.9516 -0.1970
vn 0.3590 -0.9127 -0.1951
vn 0.3582 -0.9134 -0.1936
vn 0.4958 -0.8477 -0.1885
vn 0.4946 -0.8486 -0.1879
vn 0.6321 -0.7545 -0.1763
vn 0.6249 -0.7607 -0.1755
vn 0.7494 -0.6436 -0.1558
vn 0.8460 -0.5326 -0.0253
vn 0.6412 -0.7458 -0.1807
vn 0.4487 -0.8721 -0.1952
vn 0.2490 -0.9484 -0.1963
vn 0.4339 -0.8809 -0.1893
vn 0.4897 -0.8637 -0.1192
vn 0.2565 -0.9465 -0.1959
vn 0.8556 -0.5010 -0.1300
vn 0.9470 -0.3054 -0.0991
vn 0.9871 -0.1489 -0.0597
vn 0.9351 -0.3371 -0.1094
vn 0.9356 -0.3358 -0.1092
vn 0.8633 -0.4863 -0.1352
vn 0.8642 -0.4849 -0.1346
vn 0.9334 -0.3415 -0.1100
vn 0.8636 -0.4857 -0.1350
vn 0.8626 -0.4873 -0.1356
vn 0.7600 -0.6304 -0.1580
vn 0.7590 -0.6315 -0.1585
vn 0.7591 -0.6313 -0.1588
vn 0.7582 -0.6323 -0.1590
vn 0.3549 -0.9142 -0.1957
vn 0.4927 -0.8483 -0.1940
vn 0.6289 -0.7564 -0.1800
vn 0.6307 -0.7557 -0.1767
vn -0.8534 -0.5041 -0.1325
vn -0.9872 -0.1437 -0.0697
vn -0.4638 -0.8661 -0.1865
vn -0.5764 -0.7964 -0.1828
vn -0.3496 -0.9164 -0.1950
vn -0.2565 -0.9462 -0.1974
vn -0.2382 -0.9508 -0.1978
vn -0.2221 -0.9548 -0.1976
vn -0.3549 -0.9141 -0.1962
vn -0.3612 -0.9119 -0.1951
vn -0.5765 -0.7943 -0.1915
vn -0.4900 -0.8509 -0.1895
vn -0.7073 -0.6868 -0.1677
vn -0.8685 -0.4769 -0.1347
vn -0.9378 -0.3300 -0.1081
vn -0.9361 -0.3345 -0.1092
vn -0.9795 -0.1619 -0.1195
vn -0.9338 -0.3401 -0.1106
vn -0.9393 -0.3259 -0.1072
vn -0.8202 -0.5528 -0.1470
vn -0.3281 -0.9230 -0.2010
vn -0.9145 -0.3822 -0.1324
vn -0.2314 -0.9529 -0.1961
vn -0.3658 -0.9099 -0.1956
vn -0.8665 -0.4808 -0.1344
vn 0.5055 0.6719 0.5413
vn -0.5935 0.6663 0.4514
vn -0.2186 0.2056 -0.9539
vn -0.0319 -0.9805 -0.1941
vn 0.3583 0.9336 -0.0070
vn -0.8225 0.5644 0.0700
vn -0.4476 0.8802 0.1576
vn -0.4783 0.1698 -0.8616
vn -0.3704 -0.5140 -0.7737
vn 0.4397 -0.2169 -0.8716
vn -0.4764 -0.4886 -0.7310
vn 0.7605 -0.1774 0.6247
vn 0.7181 -0.4530 0.5283
vn 0.5551 -0.7800 0.2890
vn 0.6596 -0.6106 0.4383
vn 0.5747 -0.7528 0.3210
vn 0.4457 -0.8781 0.1739
vn 0.3197 -0.9466 0.0413
vn 0.2665 -0.9637 -0.0135
vn 0.2775 -0.9607 -0.0004
vn 0.2780 -0.9606 -0.0000
vn 0.3919 -0.9126 0.1161
vn 0.3931 -0.9119 0.1178
vn 0.4836 -0.8479 0.2171
vn 0.4818 -0.8493 0.2160
vn 0.5716 -0.7544 0.3227
vn 0.5661 -0.7606 0.3179
vn 0.6400 -0.6436 0.4197
vn 0.6330 -0.4904 0.5990
vn 0.3053 -0.9517 0.0335
vn 0.3144 -0.9486 0.0367
vn 0.3873 -0.9150 0.1127
vn 0.4405 -0.8810 0.1728
vn 0.4305 -0.8638 0.2619
vn 0.3199 -0.9465 0.0429
vn 0.6969 -0.5011 0.5130
vn 0.7397 -0.3060 0.5994
vn 0.7398 -0.1498 0.6559
vn 0.7386 -0.3367 0.5840
vn 0.7394 -0.3329 0.5852
vn 0.7039 -0.4878 0.5163
vn 0.7063 -0.4848 0.5160
vn 0.7378 -0.3410 0.5826
vn 0.7061 -0.4858 0.5151
vn 0.6490 -0.6307 0.4255
vn 0.6489 -0.6314 0.4246
vn 0.6489 -0.6319 0.4238
vn 0.4004 -0.9078 0.1248
vn 0.4905 -0.8445 0.2149
vn 0.5685 -0.7592 0.3170
vn 0.5708 -0.7558 0.3208
vn -0.4650 -0.6759 -0.5717
vn -0.6640 -0.2204 -0.7145
vn -0.4707 -0.5969 -0.6497
vn 0.2244 -0.3761 0.8990
vn -0.5860 -0.3321 -0.7391
vn -0.5820 -0.3399 -0.7387
vn -0.4932 -0.5260 -0.6929
vn -0.5358 -0.4458 -0.7170
vn -0.4485 -0.5972 -0.6650
vn -0.3007 -0.7776 -0.5521
vn -0.1904 -0.8672 -0.4601
vn -0.1083 -0.9168 -0.3844
vn -0.0398 -0.9474 -0.3177
vn -0.0301 -0.9509 -0.3081
vn -0.2965 -0.7888 -0.5384
vn -0.0255 -0.9542 -0.2981
vn -0.0063 -0.9570 -0.2901
vn -0.1636 -0.8786 -0.4487
vn -0.1199 -0.9100 -0.3969
vn -0.2406 -0.8334 -0.4975
vn -0.3586 -0.7103 -0.6057
vn -0.3126 -0.7638 -0.5647
vn -0.4366 -0.6138 -0.6577
vn -0.5226 -0.4708 -0.7108
vn -0.5887 -0.3164 -0.7438
vn -0.5868 -0.3351 -0.7371
vn -0.5384 -0.1840 -0.8223
vn -0.5867 -0.3274 -0.7406
vn -0.5078 -0.4956 -0.7046
vn -0.3661 -0.7055 -0.6069
vn -0.3977 -0.6531 -0.6444
vn -0.4951 -0.5164 -0.6987
vn -0.5756 -0.3588 -0.7348
vn -0.0199 -0.9540 -0.2992
vn -0.0295 -0.9507 -0.3086
vn -0.1136 -0.9136 -0.3905
vn -0.1156 -0.9117 -0.3942
vn -0.1973 -0.8547 -0.4801
vn -0.4364 -0.6139 -0.6579
vn -0.1240 -0.9115 -0.3922
vn -0.2186 -0.8464 -0.4856
vn -0.2205 0.6970 0.6823
vn -0.6320 0.7733 -0.0504
vn -0.4765 0.8101 -0.3415
vn -0.4000 0.9002 -0.1723
vn 0.1837 -0.9794 -0.0833
vn -0.0044 0.7689 0.6394
vn -0.4324 0.8768 -0.2105
vn -0.0635 0.5506 -0.8323
vn 0.3488 0.7219 -0.5976
vn 0.5692 0.7177 -0.4012
vn 0.8465 0.2497 -0.4702
vn 0.6485 0.7085 -0.2783
vn 0.4140 0.8980 -0.1490
vn 0.8732 0.4203 -0.2468
vn 0.8169 0.5514 -0.1694
vn 0.4836 0.8315 0.2734
vn 0.9922 -0.0817 -0.0946
vn 0.9752 0.1885 -0.1157
vn 0.9524 0.2061 -0.2247
vn 0.1942 -0.9805 -0.0317
vn -0.0699 0.5649 -0.8222
vn -0.1746 0.8774 -0.4468
vn -0.5433 0.5685 -0.6178
vn 0.9089 0.4171 -0.0021
vn 0.8627 0.4616 -0.2063
vn 0.8350 0.4619 -0.2991
vn 0.8039 0.4619 -0.3746
vn 0.7166 0.5666 -0.4066
vn 0.6534 0.6107 -0.4472
vn 0.6269 0.5673 -0.5341
vn 0.5934 0.5672 -0.5711
vn 0.4924 0.6111 -0.6197
vn 0.4582 0.4619 -0.7595
vn 0.3833 0.4620 -0.7998
vn 0.2953 0.5667 -0.7692
vn 0.2512 0.4619 -0.8506
vn 0.1571 0.4617 -0.8730
vn -0.0299 0.4640 -0.8853
vn -0.2024 0.4619 -0.8635
vn -0.2604 0.5666 -0.7817
vn -0.3460 0.4619 -0.8166
vn -0.3747 0.6106 -0.6977
vn -0.4579 0.5669 -0.6848
vn -0.6457 0.4121 -0.6428
vn -0.6908 0.5667 -0.4490
vn -0.7858 0.4620 -0.4112
vn -0.8203 0.4619 -0.3372
vn -0.8479 0.4620 -0.2603
vn -0.8070 0.5669 -0.1657
vn -0.8589 0.5121 -0.0002
vn -0.8070 0.5669 0.1657
vn -0.8479 0.4620 0.2603
vn -0.8203 0.4619 0.3372
vn -0.7858 0.4620 0.4112
vn -0.6908 0.5667 0.4490
vn -0.6460 0.4121 0.6425
vn -0.4579 0.5669 0.6848
vn -0.4197 0.4620 0.7813
vn -0.3460 0.4620 0.8166
vn -0.2211 0.7145 0.6637
vn -0.2024 0.4619 0.8635
vn -0.0304 0.4640 0.8853
vn 0.1570 0.4617 0.8730
vn 0.2512 0.4620 0.8506
vn 0.2953 0.5666 0.7692
vn 0.3422 0.6106 0.7142
vn 0.4637 0.4618 0.7561
vn 0.6026 0.4640 0.6493
vn 0.7258 0.4618 0.5098
vn 0.7166 0.5667 0.4066
vn 0.8039 0.4619 0.3746
vn 0.8350 0.4619 0.2990
vn 0.7703 0.6105 0.1841
vn 0.7748 0.6014 -0.1951
vn 0.8825 0.3841 -0.2715
vn 0.8895 0.3419 -0.3031
vn 0.9179 -0.1266 -0.3760
vn 0.8415 0.3470 -0.4140
vn 0.8181 0.3830 -0.4289
vn 0.7848 0.3929 -0.4793
vn 0.3435 0.9096 -0.2336
vn 0.2323 0.9537 -0.1911
vn 0.9257 0.1006 -0.3646
vn 0.6792 0.1544 -0.7175
vn 0.0234 0.9993 -0.0278
vn 0.3473 0.7861 -0.5114
vn 0.4225 0.5713 -0.7036
vn 0.4356 0.3831 -0.8146
vn 0.4141 0.3463 -0.8418
vn 0.3880 -0.1500 -0.9094
vn 0.3153 0.1804 -0.9317
vn 0.2441 0.5506 -0.7983
vn 0.2197 0.3939 -0.8925
vn 0.0778 0.9092 -0.4090
vn 0.0266 0.9584 -0.2840
vn 0.3974 0.1217 -0.9095
vn -0.0122 0.9896 -0.1430
vn -0.1061 0.7851 -0.6102
vn -0.1985 0.5727 -0.7954
vn -0.2643 0.3841 -0.8846
vn -0.3337 0.1804 -0.9253
vn -0.3330 -0.4851 -0.8086
vn -0.4301 0.2020 -0.8799
vn -0.3925 0.5488 -0.7381
vn -0.4725 0.3930 -0.7889
vn -0.3633 0.7848 -0.5021
vn -0.0823 0.9919 -0.0970
vn -0.3378 0.1224 -0.9332
vn -0.1038 0.9911 -0.0832
vn -0.5041 0.7855 -0.3589
vn -0.7929 0.3929 -0.4657
vn -0.7381 0.5487 -0.3925
vn -0.8842 0.2019 -0.4213
vn -0.8086 -0.4851 -0.3330
vn -0.9285 0.1803 -0.3245
vn -0.7983 0.5506 -0.2441
vn -0.8906 0.3939 -0.2274
vn -0.6121 0.7843 -0.1006
vn -0.1295 0.9915 -0.0089
vn -0.9088 0.1225 -0.3988
vn 0.0040 1.0000 -0.0050
vn -0.6123 0.7842 0.1006
vn -0.8906 0.3939 0.2274
vn -0.7983 0.5506 0.2441
vn -0.9285 0.1803 0.3246
vn -0.8086 -0.4851 0.3330
vn -0.8842 0.2019 0.4213
vn -0.7382 0.5487 0.3925
vn -0.7929 0.3929 0.4658
vn -0.5047 0.7849 0.3595
vn -0.0916 0.9927 0.0787
vn -0.9337 0.1223 0.3366
vn -0.0877 0.9918 0.0934
vn -0.3627 0.7855 0.5014
vn -0.4725 0.3930 0.7889
vn -0.3925 0.5488 0.7381
vn -0.4302 0.2020 0.8799
vn -0.3329 -0.4851 0.8086
vn -0.3338 0.1804 0.9252
vn -0.2643 0.3841 0.8846
vn -0.1985 0.5727 0.7954
vn -0.1062 0.7844 0.6110
vn -0.0110 0.9917 0.1282
vn -0.3971 0.1223 0.9096
vn 0.0045 0.9953 0.0967
vn 0.0779 0.9089 0.4097
vn 0.2198 0.3939 0.8925
vn 0.2442 0.5506 0.7983
vn 0.3154 0.1804 0.9317
vn 0.3880 -0.1500 0.9093
vn 0.4141 0.3463 0.8418
vn 0.4356 0.3831 0.8145
vn 0.4225 0.5713 0.7036
vn 0.3545 0.7850 0.5081
vn 0.0811 0.9919 0.0975
vn 0.3392 0.1225 0.9327
vn 0.2332 0.9527 0.1950
vn 0.3425 0.9102 0.2328
vn 0.7848 0.3929 0.4793
vn 0.8181 0.3830 0.4289
vn 0.8415 0.3470 0.4140
vn 0.9179 -0.1266 0.3760
vn 0.8896 0.3419 0.3030
vn 0.8825 0.3841 0.2715
vn 0.7747 0.6015 0.1951
vn 0.0341 0.6725 -0.7393
vn 0.2060 0.8628 0.4617
vn 0.4216 0.7006 0.5757
vn 0.7490 -0.0791 0.6578
vn -0.6275 -0.3872 -0.6755
vn -0.3302 0.9387 0.0989
vn -0.1112 0.9819 0.1531
vn 0.2218 0.8619 0.4559
vn 0.8647 0.5022 0.0051
vn 0.4940 0.7482 -0.4429
vn 0.2883 0.8695 -0.4011
vn 0.4623 0.2626 -0.8470
vn 0.1873 0.8983 -0.3974
vn -0.3029 0.9132 -0.2725
vn 0.4614 0.8683 0.1821
vn 0.0320 -0.9804 -0.1945
vn 0.2659 0.2166 -0.9393
vn 0.8215 0.5654 0.0735
vn -0.0851 0.8015 0.5918
vn 0.1283 0.9278 0.3504
vn -0.3885 0.8956 -0.2167
vn 0.4570 0.8668 -0.1997
vn -0.1601 -0.9814 -0.1058
vn 0.3967 0.9018 -0.1715
vn 0.6130 0.7846 -0.0933
vn -0.4127 0.7438 -0.5258
vn -0.4011 0.8695 -0.2882
vn -0.8395 0.2425 -0.4861
vn -0.3987 0.8976 -0.1878
vn -0.2728 0.9132 0.3026
vn 0.1613 0.8785 -0.4498
vn -0.1949 -0.9803 -0.0319
vn -0.9369 0.2182 -0.2731
vn 0.0735 0.5664 -0.8208
vn 0.0361 0.5167 -0.8554
vn -0.2222 0.8942 0.3887
vn -0.2071 0.8765 -0.4346
vn -0.1070 -0.9803 0.1659
vn -0.1758 0.8996 -0.3996
vn -0.0903 0.7900 -0.6064
vn 0.4767 0.8449 -0.2428
vn 0.0390 0.9331 -0.3574
vn -0.4620 0.8216 -0.3339
vn -0.5038 0.7475 0.4330
vn -0.2882 0.8695 0.4012
vn -0.4691 0.2531 0.8461
vn -0.1893 0.8960 0.4016
vn 0.3031 0.9132 0.2723
vn -0.4614 0.8683 -0.1821
vn -0.0321 -0.9804 0.1944
vn -0.2655 0.2179 0.9392
vn -0.8229 0.5635 -0.0730
vn -0.2604 0.7862 -0.5605
vn -0.8555 0.5165 -0.0359
vn 0.7202 0.6912 0.0590
vn -0.4604 0.8641 0.2032
vn -0.2451 0.9694 -0.0152
vn -0.3603 -0.7095 0.6056
vn 0.6830 -0.3238 -0.6548
vn 0.4782 0.7293 0.4893
vn 0.4012 0.8695 0.2882
vn 0.8438 0.2466 0.4766
vn 0.4012 0.8963 0.1890
vn 0.2683 0.2535 -0.9294
vn 0.1562 0.8874 -0.4337
vn -0.4628 0.2654 -0.8458
vn -0.1872 0.8984 -0.3972
vn -0.1570 0.8863 -0.4358
vn -0.2443 0.4389 -0.8647
vn -0.1327 0.7206 -0.6806
vn 0.0788 0.7252 -0.6840
vn -0.8681 0.4315 -0.2453
vn -0.6746 0.6911 -0.2592
vn -0.7919 0.4206 0.4428
vn -0.6340 0.7163 0.2915
vn -0.4304 0.8892 0.1552
vn -0.8723 0.4224 0.2465
vn -0.6909 0.7144 0.1105
vn -0.4433 0.8955 -0.0401
vn -0.8342 0.5136 -0.2006
vn -0.7601 0.3397 -0.5539
vn -0.4365 0.4664 -0.7694
vn -0.2567 0.3313 -0.9079
vn -0.2434 0.4451 0.8618
vn -0.1575 0.8854 0.4373
vn 0.4591 0.2721 0.8457
vn 0.1865 0.8994 0.3955
vn 0.1578 0.8852 0.4377
vn 0.2467 0.4200 0.8734
vn 0.1175 0.7164 0.6878
vn -0.0401 0.8955 0.4433
vn -0.2007 0.5136 0.8342
vn -0.5539 0.3397 0.7601
vn -0.7693 0.4665 0.4365
vn -0.9079 0.3313 0.2567
vn 0.9254 0.2577 0.2778
vn 0.4151 0.8975 0.1491
vn -0.5022 0.5077 0.7000
vn 0.7569 0.6441 0.1106
vn 0.6284 0.5756 0.5233
vn 0.1234 0.5159 -0.8477
vn -0.7161 0.5795 0.3891
vn -0.8025 0.5947 -0.0474
vn 0.3185 0.3659 0.8744
vn 0.4782 0.5862 -0.6540
vn -0.7384 0.3649 -0.5671
vn -0.6644 0.7266 0.1749
vn -0.4136 0.6694 0.6172
vn 0.2511 0.7707 0.5856
vn 0.6060 0.7947 0.0339
vn 0.3634 0.7578 -0.5419
vn -0.0781 0.8295 -0.5530
vn -0.5373 0.7614 -0.3628
vn 0.3337 0.8913 -0.3069
vn -0.3912 0.7519 -0.5307
vn -0.6009 0.7428 0.2953
vn -0.0398 0.7144 0.6986
vn 0.5715 0.7313 0.3723
vn 0.5946 0.8034 -0.0326
vn 0.3180 0.6348 0.7042
vn -0.3483 0.7573 0.5524
vn -0.7250 0.6720 -0.1509
vn 0.0464 0.8158 -0.5765
vn 0.1721 0.8265 -0.5360
vn -0.4430 0.8941 0.0653
vn 0.2778 0.8991 0.3383
vn 0.0270 -0.1259 0.9917
vn -0.2729 -0.1574 0.9491
vn -0.7278 -0.1729 0.6636
vn -0.8434 -0.1623 0.5123
vn -0.9267 -0.1523 0.3436
vn -0.9613 -0.1401 0.2371
vn -0.9844 -0.1343 0.1133
vn -0.8763 -0.1662 0.4522
vn -0.9917 -0.1273 0.0181
vn -0.9491 -0.1574 -0.2729
vn -0.6635 -0.1729 -0.7279
vn -0.5125 -0.1623 -0.8432
vn -0.3448 -0.1523 -0.9262
vn -0.2369 -0.1401 -0.9614
vn -0.1145 -0.1344 -0.9843
vn -0.4525 -0.1662 -0.8761
s 1
f 1//1 2//2 3//3
f 1//1 3//3 4//4
f 5//5 6//6 7//7
f 8//8 9//9 10//10
f 11//11 7//7 6//6
f 7//7 11//11 12//12
f 12//12 11//11 13//13
f 12//12 13//13 9//9
f 9//9 13//13 10//10
f 10//10 13//13 14//14
f 10//10 14//14 2//2
f 2//2 14//14 3//3
f 3//3 14//14 6//6
f 6//6 14//14 11//11
f 15//15 16//16 17//17
f 17//17 16//16 18//18
f 17//17 18//18 19//19
f 19//19 18//18 20//20
f 19//19 20//20 5//5
f 16//16 15//15 21//21
f 21//21 15//15 22//22
f 21//21 22//22 23//23
f 22//22 24//24 23//23
f 23//23 24//24 25//25
f 23//23 25//25 26//26
f 23//23 26//26 27//27
f 7//7 28//28 27//27
f 7//7 29//29 30//30
f 30//30 31//31 7//7
f 7//7 31//31 5//5
f 31//31 19//19 5//5
f 32//32 33//33 21//21
f 21//21 33//33 16//16
f 6//6 5//5 34//34
f 6//6 34//34 35//35
f 36//36 37//37 35//35
f 35//35 37//37 6//6
f 37//37 36//36 38//38
f 38//38 36//36 39//39
f 38//38 39//39 40//40
f 40//40 39//39 41//41
f 41//41 39//39 42//42
f 42//42 39//39 43//43
f 42//42 43//43 44//44
f 39//39 45//45 46//46
f 46//46 45//45 47//47
f 46//46 47//47 32//32
f 46//46 32//32 21//21
f 48//48 49//49 50//50
f 50//50 49//49 51//51
f 51//51 49//49 52//52
f 51//51 52//52 53//53
f 53//53 52//52 54//54
f 54//54 52//52 55//55
f 54//54 55//55 4//4
f 4//4 55//55 56//56
f 4//4 56//56 1//1
f 1//1 56//56 57//57
f 57//57 58//58 1//1
f 1//1 58//58 59//59
f 1//1 59//59 60//60
f 58//58 61//61 59//59
f 59//59 61//61 62//62
f 62//62 61//61 63//63
f 62//62 63//63 64//64
f 64//64 63//63 65//65
f 65//65 63//63 66//66
f 65//65 66//66 67//67
f 67//67 66//66 68//68
f 67//67 68//68 69//69
f 69//69 68//68 70//70
f 61//61 71//71 63//63
f 63//63 71//71 72//72
f 72//72 71//71 48//48
f 72//72 48//48 50//50
f 73//73 74//74 75//75
f 75//75 74//74 76//76
f 76//76 74//74 77//77
f 77//77 74//74 78//78
f 78//78 79//79 80//80
f 74//74 73//73 81//81
f 81//81 73//73 82//82
f 82//82 73//73 83//83
f 82//82 83//83 84//84
f 84//84 83//83 85//85
f 85//85 83//83 86//86
f 85//85 86//86 87//87
f 87//87 86//86 10//10
f 86//86 8//8 10//10
f 88//88 89//89 8//8
f 8//8 89//89 90//90
f 8//8 90//90 91//91
f 89//89 92//92 90//90
f 90//90 92//92 80//80
f 80//80 92//92 78//78
f 93//93 94//94 95//95
f 93//93 95//95 96//96
f 96//96 95//95 97//97
f 97//97 95//95 98//98
f 98//98 95//95 99//99
f 99//99 95//95 100//100
f 100//100 95//95 101//101
f 100//100 101//101 102//102
f 94//94 93//93 103//103
f 104//104 105//105 103//103
f 103//103 105//105 106//106
f 103//103 106//106 94//94
f 94//94 106//106 107//107
f 105//105 104//104 12//12
f 12//12 104//104 108//108
f 12//12 108//108 109//109
f 109//109 110//110 12//12
f 110//110 111//111 12//12
f 111//111 112//112 12//12
f 12//12 112//112 113//113
f 113//113 112//112 98//98
f 98//98 112//112 97//97
f 114//114 115//115 116//116
f 116//116 115//115 117//117
f 118//118 116//116 117//117
f 116//116 118//118 119//119
f 119//119 118//118 120//120
f 119//119 120//120 121//121
f 121//121 120//120 3//3
f 121//121 3//3 122//122
f 122//122 3//3 123//123
f 123//123 3//3 124//124
f 120//120 125//125 3//3
f 3//3 125//125 126//126
f 3//3 126//126 127//127
f 3//3 127//127 4//4
f 4//4 127//127 128//128
f 4//4 128//128 54//54
f 51//51 129//129 50//50
f 50//50 129//129 114//114
f 50//50 114//114 116//116
f 130//130 131//131 81//81
f 130//130 81//81 132//132
f 132//132 81//81 133//133
f 133//133 81//81 82//82
f 130//130 134//134 131//131
f 131//131 134//134 135//135
f 131//131 135//135 136//136
f 134//134 137//137 135//135
f 135//135 137//137 138//138
f 138//138 137//137 139//139
f 138//138 139//139 140//140
f 140//140 139//139 141//141
f 140//140 141//141 10//10
f 10//10 141//141 142//142
f 10//10 142//142 143//143
f 10//10 143//143 87//87
f 144//144 145//145 146//146
f 146//146 145//145 147//147
f 146//146 147//147 148//148
f 148//148 147//147 149//149
f 148//148 149//149 9//9
f 9//9 150//150 148//148
f 9//9 151//151 152//152
f 9//9 152//152 12//12
f 12//12 152//152 153//153
f 153//153 154//154 12//12
f 94//94 107//107 144//144
f 94//94 144//144 146//146
f 12//12 155//155 156//156
f 12//12 156//156 157//157
f 12//12 157//157 7//7
f 7//7 157//157 158//158
f 159//159 160//160 7//7
f 7//7 160//160 161//161
f 7//7 161//161 162//162
f 159//159 102//102 160//160
f 163//163 164//164 78//78
f 78//78 164//164 79//79
f 8//8 91//91 165//165
f 8//8 165//165 9//9
f 9//9 165//165 166//166
f 9//9 166//166 167//167
f 9//9 167//167 168//168
f 9//9 168//168 169//169
f 169//169 168//168 170//170
f 170//170 168//168 171//171
f 170//170 171//171 172//172
f 163//163 173//173 172//172
f 172//172 173//173 174//174
f 172//172 174//174 170//170
f 173//173 163//163 78//78
f 1//1 60//60 175//175
f 1//1 175//175 2//2
f 2//2 175//175 176//176
f 2//2 176//176 177//177
f 2//2 177//177 70//70
f 37//37 178//178 6//6
f 6//6 178//178 179//179
f 6//6 179//179 3//3
f 3//3 179//179 180//180
f 3//3 180//180 124//124
f 181//181 182//182 173//173
f 173//173 182//182 174//174
f 169//169 183//183 9//9
f 183//183 184//184 9//9
f 9//9 184//184 185//185
f 9//9 185//185 150//150
f 148//148 186//186 146//146
f 146//146 186//186 181//181
f 181//181 187//187 146//146
f 187//187 181//181 173//173
f 188//188 189//189 66//66
f 189//189 68//68 66//66
f 2//2 70//70 10//10
f 70//70 190//190 10//10
f 10//10 190//190 191//191
f 10//10 191//191 140//140
f 131//131 136//136 192//192
f 192//192 136//136 193//193
f 192//192 193//193 188//188
f 192//192 188//188 66//66
f 194//194 43//43 195//195
f 195//195 43//43 196//196
f 195//195 196//196 197//197
f 197//197 196//196 116//116
f 43//43 194//194 44//44
f 7//7 162//162 28//28
f 27//27 198//198 23//23
f 23//23 198//198 199//199
f 23//23 199//199 200//200
f 199//199 201//201 200//200
f 200//200 201//201 202//202
f 200//200 202//202 101//101
f 101//101 202//202 203//203
f 203//203 102//102 101//101
f 204//204 23//23 205//205
f 205//205 23//23 200//200
f 205//205 200//200 101//101
f 205//205 101//101 206//206
f 206//206 101//101 95//95
f 206//206 95//95 207//207
f 207//207 95//95 94//94
f 207//207 94//94 208//208
f 208//208 94//94 146//146
f 208//208 146//146 187//187
f 208//208 187//187 209//209
f 209//209 187//187 173//173
f 209//209 173//173 78//78
f 209//209 78//78 210//210
f 210//210 78//78 74//74
f 210//210 74//74 211//211
f 211//211 74//74 81//81
f 211//211 81//81 131//131
f 211//211 131//131 212//212
f 212//212 131//131 192//192
f 212//212 192//192 66//66
f 212//212 66//66 213//213
f 213//213 66//66 63//63
f 213//213 63//63 72//72
f 213//213 72//72 214//214
f 214//214 72//72 50//50
f 214//214 50//50 215//215
f 215//215 50//50 116//116
f 215//215 116//116 196//196
f 215//215 196//196 216//216
f 216//216 196//196 43//43
f 216//216 43//43 39//39
f 216//216 39//39 217//217
f 217//217 39//39 46//46
f 217//217 46//46 204//204
f 204//204 46//46 21//21
f 204//204 21//21 23//23
f 218//218 219//219 220//220
f 220//220 219//219 221//221
f 221//221 219//219 222//222
f 221//221 222//222 223//223
f 223//223 222//222 224//224
f 223//223 224//224 225//225
f 225//225 224//224 226//226
f 226//226 224//224 227//227
f 226//226 227//227 228//228
f 228//228 227//227 229//229
f 229//229 227//227 230//230
f 229//229 230//230 231//231
f 231//231 230//230 15//15
f 232//232 231//231 233//233
f 232//232 233//233 234//234
f 234//234 233//233 235//235
f 234//234 235//235 236//236
f 236//236 235//235 237//237
f 219//219 218//218 238//238
f 239//239 22//22 240//240
f 239//239 240//240 227//227
f 227//227 240//240 230//230
f 22//22 15//15 240//240
f 240//240 15//15 230//230
f 15//15 17//17 231//231
f 231//231 17//17 241//241
f 231//231 241//241 233//233
f 233//233 241//241 242//242
f 233//233 242//242 235//235
f 235//235 242//242 243//243
f 235//235 243//243 237//237
f 237//237 243//243 244//244
f 237//237 244//244 31//31
f 245//245 246//246 17//17
f 17//17 246//246 241//241
f 241//241 246//246 242//242
f 246//246 245//245 247//247
f 247//247 245//245 244//244
f 247//247 244//244 243//243
f 248//248 31//31 249//249
f 248//248 249//249 220//220
f 250//250 220//220 251//251
f 252//252 251//251 223//223
f 252//252 223//223 225//225
f 227//227 224//224 239//239
f 224//224 222//222 239//239
f 239//239 222//222 238//238
f 251//251 220//220 221//221
f 222//222 219//219 238//238
f 31//31 248//248 253//253
f 253//253 248//248 254//254
f 253//253 254//254 250//250
f 253//253 250//250 255//255
f 255//255 250//250 251//251
f 255//255 251//251 252//252
f 237//237 31//31 236//236
f 236//236 31//31 253//253
f 236//236 253//253 255//255
f 256//256 255//255 252//252
f 256//256 252//252 225//225
f 246//246 247//247 242//242
f 242//242 247//247 243//243
f 223//223 251//251 221//221
f 229//229 231//231 232//232
f 228//228 229//229 257//257
f 257//257 229//229 258//258
f 258//258 229//229 232//232
f 258//258 232//232 234//234
f 256//256 225//225 226//226
f 226//226 228//228 256//256
f 256//256 228//228 257//257
f 256//256 257//257 255//255
f 255//255 257//257 258//258
f 255//255 258//258 236//236
f 236//236 258//258 234//234
f 248//248 220//220 254//254
f 254//254 220//220 250//250
f 218//218 24//24 22//22
f 218//218 22//22 238//238
f 238//238 22//22 239//239
f 25//25 24//24 259//259
f 29//29 260//260 261//261
f 260//260 262//262 263//263
f 263//263 262//262 264//264
f 264//264 262//262 265//265
f 265//265 262//262 27//27
f 265//265 27//27 26//26
f 29//29 27//27 262//262
f 25//25 266//266 26//26
f 26//26 266//266 267//267
f 267//267 266//266 268//268
f 267//267 268//268 269//269
f 269//269 268//268 270//270
f 269//269 270//270 271//271
f 271//271 270//270 272//272
f 273//273 274//274 275//275
f 275//275 274//274 276//276
f 275//275 276//276 277//277
f 277//277 276//276 278//278
f 277//277 278//278 279//279
f 279//279 278//278 260//260
f 266//266 25//25 280//280
f 280//280 25//25 270//270
f 270//270 25//25 281//281
f 270//270 281//281 272//272
f 272//272 281//281 273//273
f 273//273 281//281 274//274
f 25//25 276//276 281//281
f 281//281 276//276 274//274
f 276//276 261//261 278//278
f 278//278 261//261 260//260
f 267//267 282//282 264//264
f 264//264 282//282 263//263
f 279//279 272//272 283//283
f 279//279 283//283 277//277
f 26//26 267//267 265//265
f 265//265 267//267 264//264
f 263//263 272//272 279//279
f 263//263 279//279 260//260
f 262//262 260//260 29//29
f 270//270 268//268 280//280
f 268//268 266//266 280//280
f 267//267 269//269 282//282
f 269//269 271//271 282//282
f 282//282 271//271 263//263
f 271//271 272//272 263//263
f 275//275 277//277 283//283
f 272//272 273//273 283//283
f 273//273 275//275 283//283
f 19//19 31//31 17//17
f 17//17 31//31 245//245
f 244//244 245//245 31//31
f 29//29 7//7 27//27
f 259//259 24//24 284//284
f 284//284 24//24 218//218
f 284//284 218//218 220//220
f 284//284 220//220 285//285
f 249//249 286//286 220//220
f 220//220 286//286 287//287
f 220//220 287//287 285//285
f 288//288 289//289 249//249
f 249//249 289//289 290//290
f 249//249 290//290 286//286
f 291//291 292//292 293//293
f 293//293 294//294 295//295
f 295//295 294//294 296//296
f 295//295 296//296 297//297
f 297//297 296//296 298//298
f 297//297 298//298 299//299
f 299//299 298//298 160//160
f 299//299 160//160 300//300
f 292//292 301//301 294//294
f 294//294 301//301 302//302
f 294//294 302//302 296//296
f 301//301 303//303 302//302
f 302//302 303//303 304//304
f 302//302 304//304 296//296
f 296//296 304//304 298//298
f 303//303 161//161 304//304
f 304//304 161//161 298//298
f 161//161 160//160 298//298
f 300//300 160//160 102//102
f 300//300 102//102 305//305
f 305//305 102//102 306//306
f 306//306 291//291 293//293
f 294//294 293//293 292//292
f 307//307 306//306 293//293
f 307//307 293//293 295//295
f 297//297 299//299 308//308
f 308//308 299//299 300//300
f 308//308 300//300 305//305
f 307//307 295//295 308//308
f 308//308 295//295 297//297
f 307//307 308//308 305//305
f 306//306 307//307 305//305
f 28//28 162//162 309//309
f 292//292 303//303 301//301
f 292//292 162//162 161//161
f 292//292 161//161 303//303
f 198//198 27//27 310//310
f 310//310 27//27 28//28
f 310//310 28//28 311//311
f 311//311 28//28 312//312
f 311//311 312//312 313//313
f 313//313 312//312 309//309
f 28//28 309//309 312//312
f 311//311 313//313 310//310
f 309//309 314//314 315//315
f 315//315 314//314 199//199
f 198//198 315//315 199//199
f 315//315 198//198 310//310
f 315//315 310//310 313//313
f 309//309 315//315 313//313
f 316//316 317//317 306//306
f 316//316 306//306 203//203
f 316//316 203//203 202//202
f 306//306 102//102 203//203
f 309//309 318//318 314//314
f 318//318 309//309 162//162
f 318//318 162//162 292//292
f 318//318 292//292 291//291
f 319//319 18//18 16//16
f 319//319 16//16 33//33
f 47//47 45//45 320//320
f 39//39 36//36 321//321
f 321//321 45//45 39//39
f 321//321 322//322 323//323
f 322//322 321//321 324//324
f 324//324 321//321 325//325
f 326//326 325//325 327//327
f 327//327 325//325 36//36
f 327//327 36//36 328//328
f 328//328 36//36 35//35
f 328//328 35//35 329//329
f 329//329 35//35 330//330
f 329//329 330//330 331//331
f 331//331 330//330 332//332
f 331//331 332//332 333//333
f 321//321 36//36 325//325
f 35//35 332//332 330//330
f 334//334 335//335 333//333
f 333//333 335//335 331//331
f 331//331 335//335 336//336
f 331//331 336//336 329//329
f 329//329 336//336 328//328
f 335//335 334//334 337//337
f 337//337 334//334 34//34
f 337//337 34//34 322//322
f 34//34 323//323 322//322
f 337//337 322//322 324//324
f 338//338 335//335 337//337
f 338//338 337//337 326//326
f 326//326 337//337 324//324
f 326//326 324//324 325//325
f 326//326 327//327 339//339
f 339//339 327//327 328//328
f 339//339 328//328 336//336
f 338//338 326//326 339//339
f 338//338 339//339 336//336
f 335//335 338//338 336//336
f 35//35 34//34 332//332
f 332//332 34//34 333//333
f 5//5 340//340 341//341
f 5//5 20//20 340//340
f 333//333 34//34 334//334
f 342//342 341//341 343//343
f 342//342 343//343 344//344
f 343//343 345//345 346//346
f 346//346 345//345 347//347
f 346//346 347//347 348//348
f 348//348 347//347 349//349
f 348//348 349//349 350//350
f 350//350 349//349 20//20
f 350//350 20//20 18//18
f 343//343 341//341 351//351
f 343//343 351//351 345//345
f 345//345 351//351 347//347
f 341//341 340//340 351//351
f 351//351 340//340 352//352
f 351//351 352//352 347//347
f 347//347 352//352 349//349
f 340//340 20//20 352//352
f 352//352 20//20 349//349
f 319//319 353//353 18//18
f 18//18 353//353 354//354
f 354//354 353//353 355//355
f 354//354 355//355 356//356
f 356//356 355//355 357//357
f 357//357 355//355 358//358
f 357//357 358//358 359//359
f 359//359 358//358 344//344
f 355//355 319//319 358//358
f 358//358 319//319 344//344
f 319//319 342//342 344//344
f 350//350 18//18 354//354
f 355//355 353//353 319//319
f 354//354 356//356 350//350
f 350//350 356//356 348//348
f 356//356 357//357 348//348
f 348//348 357//357 346//346
f 357//357 359//359 346//346
f 346//346 359//359 343//343
f 359//359 344//344 343//343
f 360//360 34//34 5//5
f 360//360 5//5 341//341
f 360//360 341//341 342//342
f 342//342 319//319 33//33
f 342//342 33//33 361//361
f 361//361 33//33 32//32
f 32//32 362//362 361//361
f 361//361 362//362 363//363
f 361//361 363//363 342//342
f 197//197 364//364 195//195
f 116//116 119//119 365//365
f 366//366 364//364 367//367
f 368//368 367//367 365//365
f 365//365 197//197 116//116
f 365//365 367//367 197//197
f 197//197 367//367 364//364
f 369//369 370//370 371//371
f 371//371 370//370 372//372
f 373//373 374//374 375//375
f 375//375 374//374 119//119
f 375//375 119//119 376//376
f 376//376 119//119 121//121
f 376//376 121//121 377//377
f 377//377 121//121 122//122
f 377//377 122//122 378//378
f 369//369 368//368 370//370
f 365//365 119//119 374//374
f 378//378 379//379 377//377
f 377//377 379//379 376//376
f 380//380 122//122 381//381
f 382//382 381//381 371//371
f 382//382 371//371 372//372
f 381//381 369//369 371//371
f 374//374 372//372 365//365
f 372//372 370//370 365//365
f 365//365 370//370 368//368
f 380//380 381//381 382//382
f 122//122 380//380 378//378
f 378//378 380//380 372//372
f 372//372 380//380 382//382
f 383//383 378//378 373//373
f 373//373 378//378 372//372
f 373//373 372//372 374//374
f 373//373 375//375 384//384
f 384//384 375//375 376//376
f 384//384 376//376 379//379
f 383//383 373//373 384//384
f 383//383 384//384 379//379
f 378//378 383//383 379//379
f 124//124 44//44 385//385
f 381//381 122//122 123//123
f 381//381 123//123 385//385
f 385//385 123//123 124//124
f 385//385 44//44 386//386
f 386//386 44//44 387//387
f 387//387 44//44 194//194
f 194//194 388//388 387//387
f 387//387 388//388 389//389
f 387//387 389//389 386//386
f 390//390 52//52 49//49
f 49//49 48//48 391//391
f 48//48 71//71 392//392
f 393//393 394//394 395//395
f 396//396 393//393 397//397
f 396//396 397//397 398//398
f 398//398 397//397 61//61
f 398//398 61//61 399//399
f 399//399 61//61 58//58
f 399//399 58//58 400//400
f 400//400 58//58 57//57
f 400//400 57//57 401//401
f 71//71 61//61 393//393
f 393//393 61//61 397//397
f 401//401 402//402 400//400
f 400//400 402//402 399//399
f 403//403 57//57 404//404
f 404//404 395//395 403//403
f 403//403 395//395 394//394
f 57//57 403//403 401//401
f 401//401 403//403 394//394
f 405//405 401//401 396//396
f 396//396 401//401 394//394
f 396//396 394//394 393//393
f 396//396 398//398 406//406
f 406//406 398//398 399//399
f 406//406 399//399 402//402
f 405//405 396//396 406//406
f 405//405 406//406 402//402
f 401//401 405//405 402//402
f 56//56 55//55 407//407
f 408//408 409//409 410//410
f 410//410 409//409 411//411
f 410//410 411//411 412//412
f 411//411 413//413 414//414
f 414//414 413//413 415//415
f 414//414 415//415 416//416
f 416//416 415//415 417//417
f 416//416 417//417 418//418
f 418//418 417//417 55//55
f 418//418 55//55 52//52
f 411//411 409//409 56//56
f 411//411 56//56 419//419
f 411//411 419//419 413//413
f 413//413 419//419 415//415
f 56//56 407//407 419//419
f 419//419 407//407 420//420
f 419//419 420//420 415//415
f 415//415 420//420 417//417
f 407//407 55//55 420//420
f 420//420 55//55 417//417
f 390//390 421//421 52//52
f 52//52 421//421 422//422
f 422//422 421//421 423//423
f 422//422 423//423 424//424
f 424//424 423//423 425//425
f 425//425 423//423 426//426
f 425//425 426//426 427//427
f 427//427 426//426 412//412
f 423//423 390//390 426//426
f 390//390 49//49 426//426
f 426//426 49//49 412//412
f 49//49 410//410 412//412
f 49//49 408//408 410//410
f 418//418 52//52 422//422
f 423//423 421//421 390//390
f 422//422 424//424 418//418
f 418//418 424//424 416//416
f 424//424 425//425 416//416
f 416//416 425//425 414//414
f 425//425 427//427 414//414
f 414//414 427//427 411//411
f 427//427 412//412 411//411
f 404//404 57//57 56//56
f 404//404 56//56 409//409
f 404//404 409//409 408//408
f 408//408 49//49 428//428
f 428//428 49//49 391//391
f 391//391 429//429 428//428
f 136//136 430//430 193//193
f 135//135 138//138 431//431
f 432//432 430//430 433//433
f 434//434 433//433 431//431
f 431//431 136//136 135//135
f 431//431 433//433 136//136
f 136//136 433//433 430//430
f 435//435 436//436 437//437
f 437//437 436//436 438//438
f 439//439 440//440 441//441
f 441//441 440//440 138//138
f 441//441 138//138 442//442
f 442//442 138//138 140//140
f 442//442 140//140 443//443
f 443//443 140//140 191//191
f 443//443 191//191 444//444
f 435//435 434//434 436//436
f 431//431 138//138 440//440
f 444//444 445//445 443//443
f 443//443 445//445 442//442
f 446//446 191//191 447//447
f 448//448 447//447 437//437
f 448//448 437//437 438//438
f 447//447 435//435 437//437
f 440//440 438//438 431//431
f 438//438 436//436 431//431
f 431//431 436//436 434//434
f 446//446 447//447 448//448
f 191//191 446//446 444//444
f 444//444 446//446 438//438
f 438//438 446//446 448//448
f 449//449 444//444 439//439
f 439//439 444//444 438//438
f 439//439 438//438 440//440
f 439//439 441//441 450//450
f 450//450 441//441 442//442
f 450//450 442//442 445//445
f 449//449 439//439 450//450
f 449//449 450//450 445//445
f 444//444 449//449 445//445
f 190//190 70//70 451//451
f 451//451 70//70 68//68
f 68//68 189//189 451//451
f 451//451 189//189 452//452
f 447//447 191//191 190//190
f 447//447 190//190 452//452
f 452//452 190//190 451//451
f 189//189 453//453 452//452
f 453//453 189//189 454//454
f 454//454 189//189 188//188
f 188//188 455//455 454//454
f 454//454 455//455 456//456
f 454//454 456//456 453//453
f 73//73 75//75 457//457
f 457//457 75//75 458//458
f 76//76 77//77 459//459
f 78//78 92//92 77//77
f 77//77 460//460 461//461
f 462//462 77//77 463//463
f 462//462 463//463 464//464
f 464//464 463//463 92//92
f 464//464 92//92 465//465
f 465//465 92//92 89//89
f 465//465 89//89 466//466
f 466//466 89//89 88//88
f 466//466 88//88 467//467
f 77//77 92//92 463//463
f 467//467 468//468 466//466
f 466//466 468//468 465//465
f 469//469 88//88 470//470
f 470//470 461//461 469//469
f 469//469 461//461 460//460
f 88//88 469//469 467//467
f 467//467 469//469 460//460
f 471//471 467//467 462//462
f 462//462 467//467 460//460
f 462//462 460//460 77//77
f 462//462 464//464 472//472
f 472//472 464//464 465//465
f 472//472 465//465 468//468
f 471//471 462//462 472//472
f 471//471 472//472 468//468
f 467//467 471//471 468//468
f 8//8 473//473 474//474
f 8//8 86//86 473//473
f 475//475 476//476 477//477
f 477//477 476//476 478//478
f 477//477 478//478 479//479
f 478//478 480//480 481//481
f 481//481 480//480 482//482
f 481//481 482//482 483//483
f 483//483 482//482 484//484
f 483//483 484//484 485//485
f 485//485 484//484 86//86
f 485//485 86//86 83//83
f 478//478 476//476 474//474
f 478//478 474//474 486//486
f 478//478 486//486 480//480
f 480//480 486//486 482//482
f 474//474 473//473 486//486
f 486//486 473//473 487//487
f 486//486 487//487 482//482
f 482//482 487//487 484//484
f 473//473 86//86 487//487
f 487//487 86//86 484//484
f 73//73 488//488 83//83
f 83//83 488//488 489//489
f 489//489 488//488 490//490
f 489//489 490//490 491//491
f 491//491 490//490 492//492
f 492//492 490//490 493//493
f 492//492 493//493 494//494
f 494//494 493//493 479//479
f 490//490 73//73 493//493
f 73//73 457//457 493//493
f 493//493 457//457 479//479
f 457//457 477//477 479//479
f 457//457 475//475 477//477
f 485//485 83//83 489//489
f 490//490 488//488 73//73
f 489//489 491//491 485//485
f 485//485 491//491 483//483
f 491//491 492//492 483//483
f 483//483 492//492 481//481
f 492//492 494//494 481//481
f 481//481 494//494 478//478
f 494//494 479//479 478//478
f 470//470 88//88 476//476
f 476//476 88//88 8//8
f 476//476 8//8 474//474
f 475//475 457//457 495//495
f 495//495 457//457 458//458
f 458//458 496//496 495//495
f 497//497 174//174 182//182
f 498//498 170//170 174//174
f 186//186 499//499 181//181
f 500//500 501//501 502//502
f 502//502 501//501 503//503
f 504//504 505//505 506//506
f 506//506 505//505 148//148
f 506//506 148//148 507//507
f 507//507 148//148 150//150
f 507//507 150//150 508//508
f 508//508 150//150 185//185
f 508//508 185//185 509//509
f 186//186 148//148 505//505
f 509//509 510//510 508//508
f 508//508 510//510 507//507
f 511//511 185//185 512//512
f 513//513 512//512 502//502
f 513//513 502//502 503//503
f 512//512 514//514 500//500
f 512//512 500//500 502//502
f 505//505 503//503 186//186
f 503//503 501//501 186//186
f 186//186 501//501 500//500
f 511//511 512//512 513//513
f 185//185 511//511 509//509
f 509//509 511//511 503//503
f 503//503 511//511 513//513
f 515//515 509//509 504//504
f 504//504 509//509 503//503
f 504//504 503//503 505//505
f 504//504 506//506 516//516
f 516//516 506//506 507//507
f 516//516 507//507 510//510
f 515//515 504//504 516//516
f 515//515 516//516 510//510
f 509//509 515//515 510//510
f 517//517 183//183 518//518
f 518//518 183//183 519//519
f 519//519 183//183 169//169
f 519//519 169//169 170//170
f 170//170 498//498 520//520
f 520//520 498//498 521//521
f 520//520 521//521 522//522
f 522//522 521//521 518//518
f 518//518 174//174 497//497
f 518//518 497//497 517//517
f 521//521 498//498 174//174
f 521//521 174//174 518//518
f 519//519 170//170 520//520
f 520//520 522//522 519//519
f 519//519 522//522 518//518
f 512//512 185//185 184//184
f 512//512 184//184 517//517
f 517//517 184//184 183//183
f 517//517 497//497 523//523
f 523//523 497//497 524//524
f 524//524 497//497 182//182
f 182//182 525//525 524//524
f 524//524 525//525 526//526
f 524//524 526//526 523//523
f 527//527 104//104 103//103
f 527//527 103//103 93//93
f 527//527 528//528 529//529
f 528//528 527//527 93//93
f 93//93 96//96 530//530
f 93//93 530//530 528//528
f 528//528 530//530 531//531
f 97//97 532//532 533//533
f 97//97 533//533 96//96
f 97//97 112//112 534//534
f 97//97 534//534 532//532
f 535//535 536//536 537//537
f 537//537 536//536 112//112
f 537//537 112//112 538//538
f 538//538 112//112 111//111
f 538//538 111//111 539//539
f 539//539 111//111 110//110
f 539//539 110//110 540//540
f 534//534 112//112 536//536
f 540//540 541//541 539//539
f 539//539 541//541 538//538
f 110//110 542//542 543//543
f 543//543 542//542 534//534
f 543//543 534//534 536//536
f 110//110 543//543 540//540
f 540//540 543//543 536//536
f 544//544 540//540 535//535
f 535//535 540//540 536//536
f 535//535 537//537 545//545
f 545//545 537//537 538//538
f 545//545 538//538 541//541
f 544//544 535//535 545//545
f 544//544 545//545 541//541
f 540//540 544//544 541//541
f 109//109 108//108 546//546
f 547//547 548//548 549//549
f 549//549 548//548 550//550
f 549//549 550//550 551//551
f 550//550 552//552 553//553
f 553//553 552//552 554//554
f 553//553 554//554 555//555
f 555//555 554//554 556//556
f 555//555 556//556 557//557
f 557//557 556//556 108//108
f 557//557 108//108 104//104
f 550//550 548//548 109//109
f 550//550 109//109 558//558
f 550//550 558//558 552//552
f 552//552 558//558 554//554
f 109//109 546//546 558//558
f 558//558 546//546 559//559
f 558//558 559//559 554//554
f 554//554 559//559 556//556
f 546//546 108//108 559//559
f 559//559 108//108 556//556
f 527//527 560//560 104//104
f 104//104 560//560 561//561
f 561//561 560//560 562//562
f 561//561 562//562 563//563
f 563//563 562//562 564//564
f 564//564 562//562 565//565
f 564//564 565//565 566//566
f 566//566 565//565 551//551
f 562//562 527//527 565//565
f 527//527 529//529 565//565
f 565//565 529//529 551//551
f 529//529 549//549 551//551
f 529//529 547//547 549//549
f 557//557 104//104 561//561
f 562//562 560//560 527//527
f 561//561 563//563 557//557
f 557//557 563//563 555//555
f 563//563 564//564 555//555
f 555//555 564//564 553//553
f 564//564 566//566 553//553
f 553//553 566//566 550//550
f 566//566 551//551 550//550
f 548//548 110//110 109//109
f 547//547 529//529 528//528
f 547//547 528//528 567//567
f 567//567 528//528 531//531
f 531//531 568//568 567//567
f 569//569 41//41 570//570
f 571//571 41//41 569//569
f 41//41 42//42 570//570
f 572//572 42//42 573//573
f 573//573 42//42 574//574
f 573//573 574//574 575//575
f 575//575 574//574 576//576
f 576//576 574//574 577//577
f 578//578 577//577 44//44
f 44//44 124//124 579//579
f 579//579 124//124 580//580
f 580//580 124//124 581//581
f 580//580 581//581 582//582
f 582//582 581//581 583//583
f 582//582 583//583 584//584
f 584//584 583//583 585//585
f 574//574 42//42 44//44
f 574//574 44//44 577//577
f 124//124 586//586 581//581
f 581//581 586//586 583//583
f 583//583 586//586 585//585
f 585//585 586//586 124//124
f 584//584 585//585 587//587
f 587//587 585//585 588//588
f 588//588 585//585 589//589
f 588//588 589//589 572//572
f 590//590 572//572 591//591
f 592//592 591//591 573//573
f 592//592 573//573 575//575
f 591//591 572//572 573//573
f 587//587 588//588 593//593
f 593//593 588//588 594//594
f 593//593 594//594 595//595
f 595//595 594//594 590//590
f 595//595 590//590 592//592
f 592//592 590//590 591//591
f 584//584 587//587 596//596
f 596//596 587//587 593//593
f 596//596 593//593 597//597
f 597//597 593//593 595//595
f 597//597 595//595 598//598
f 598//598 595//595 592//592
f 598//598 592//592 575//575
f 579//579 578//578 44//44
f 577//577 578//578 599//599
f 599//599 578//578 579//579
f 599//599 579//579 580//580
f 598//598 575//575 576//576
f 576//576 577//577 600//600
f 600//600 577//577 599//599
f 600//600 599//599 601//601
f 601//601 599//599 580//580
f 601//601 580//580 582//582
f 588//588 572//572 594//594
f 594//594 572//572 590//590
f 600//600 598//598 576//576
f 597//597 598//598 600//600
f 597//597 600//600 601//601
f 596//596 597//597 601//601
f 596//596 601//601 582//582
f 584//584 596//596 582//582
f 124//124 180//180 585//585
f 179//179 178//178 602//602
f 602//602 178//178 603//603
f 602//602 603//603 604//604
f 603//603 178//178 605//605
f 178//178 37//37 38//38
f 603//603 606//606 604//604
f 604//604 606//606 607//607
f 607//607 606//606 608//608
f 607//607 608//608 609//609
f 609//609 608//608 610//610
f 610//610 608//608 611//611
f 610//610 611//611 612//612
f 613//613 612//612 614//614
f 613//613 614//614 615//615
f 615//615 614//614 38//38
f 615//615 38//38 40//40
f 603//603 605//605 611//611
f 611//611 605//605 616//616
f 611//611 616//616 612//612
f 605//605 178//178 616//616
f 616//616 178//178 617//617
f 616//616 617//617 612//612
f 612//612 617//617 614//614
f 178//178 38//38 617//617
f 617//617 38//38 614//614
f 41//41 618//618 40//40
f 618//618 619//619 620//620
f 620//620 619//619 621//621
f 621//621 622//622 623//623
f 623//623 622//622 624//624
f 625//625 626//626 627//627
f 627//627 626//626 628//628
f 627//627 628//628 629//629
f 627//627 629//629 630//630
f 630//630 629//629 609//609
f 630//630 609//609 631//631
f 631//631 609//609 610//610
f 618//618 41//41 619//619
f 619//619 41//41 632//632
f 619//619 632//632 621//621
f 621//621 632//632 622//622
f 41//41 571//571 632//632
f 632//632 571//571 622//622
f 571//571 569//569 622//622
f 622//622 569//569 633//633
f 622//622 633//633 624//624
f 624//624 633//633 625//625
f 633//633 569//569 626//626
f 633//633 626//626 625//625
f 569//569 628//628 626//626
f 628//628 604//604 629//629
f 634//634 635//635 636//636
f 636//636 635//635 637//637
f 636//636 637//637 638//638
f 638//638 637//637 623//623
f 623//623 624//624 639//639
f 639//639 624//624 630//630
f 40//40 634//634 615//615
f 615//615 634//634 636//636
f 615//615 636//636 640//640
f 640//640 636//636 638//638
f 638//638 623//623 631//631
f 631//631 623//623 639//639
f 631//631 639//639 630//630
f 611//611 608//608 603//603
f 629//629 604//604 607//607
f 608//608 606//606 603//603
f 634//634 40//40 618//618
f 609//609 629//629 607//607
f 615//615 640//640 613//613
f 640//640 638//638 613//613
f 613//613 638//638 612//612
f 638//638 631//631 612//612
f 612//612 631//631 610//610
f 618//618 620//620 634//634
f 634//634 620//620 635//635
f 620//620 621//621 635//635
f 635//635 621//621 637//637
f 621//621 623//623 637//637
f 624//624 625//625 630//630
f 625//625 627//627 630//630
f 641//641 589//589 585//585
f 641//641 585//585 180//180
f 641//641 180//180 179//179
f 641//641 179//179 642//642
f 642//642 179//179 602//602
f 642//642 602//602 604//604
f 628//628 643//643 604//604
f 604//604 643//643 644//644
f 604//604 644//644 645//645
f 628//628 646//646 643//643
f 645//645 647//647 604//604
f 604//604 647//647 642//642
f 628//628 569//569 570//570
f 628//628 570//570 648//648
f 648//648 646//646 628//628
f 115//115 114//114 649//649
f 650//650 114//114 129//129
f 114//114 650//650 649//649
f 649//649 651//651 652//652
f 652//652 651//651 653//653
f 653//653 651//651 654//654
f 653//653 654//654 655//655
f 655//655 654//654 656//656
f 655//655 656//656 657//657
f 657//657 656//656 658//658
f 657//657 658//658 659//659
f 659//659 658//658 660//660
f 660//660 661//661 662//662
f 662//662 661//661 663//663
f 662//662 663//663 664//664
f 664//664 663//663 51//51
f 664//664 51//51 665//665
f 664//664 665//665 666//666
f 666//666 665//665 667//667
f 666//666 667//667 668//668
f 668//668 667//667 669//669
f 668//668 669//669 670//670
f 670//670 669//669 671//671
f 670//670 671//671 672//672
f 672//672 671//671 673//673
f 651//651 649//649 650//650
f 674//674 650//650 129//129
f 674//674 129//129 675//675
f 675//675 129//129 676//676
f 660//660 676//676 661//661
f 676//676 129//129 663//663
f 676//676 663//663 661//661
f 129//129 51//51 663//663
f 51//51 53//53 665//665
f 665//665 53//53 677//677
f 665//665 677//677 667//667
f 669//669 667//667 678//678
f 669//669 678//678 671//671
f 671//671 678//678 679//679
f 671//671 679//679 673//673
f 679//679 680//680 53//53
f 53//53 680//680 677//677
f 677//677 680//680 667//667
f 680//680 679//679 678//678
f 672//672 673//673 681//681
f 681//681 673//673 682//682
f 682//682 673//673 683//683
f 682//682 683//683 652//652
f 684//684 652//652 685//685
f 660//660 658//658 676//676
f 676//676 658//658 675//675
f 658//658 656//656 675//675
f 675//675 656//656 674//674
f 656//656 654//654 674//674
f 674//674 654//654 650//650
f 685//685 652//652 653//653
f 654//654 651//651 650//650
f 681//681 682//682 686//686
f 686//686 682//682 687//687
f 686//686 687//687 688//688
f 688//688 687//687 684//684
f 688//688 684//684 689//689
f 689//689 684//684 685//685
f 689//689 685//685 655//655
f 672//672 681//681 690//690
f 690//690 681//681 686//686
f 690//690 686//686 691//691
f 691//691 686//686 688//688
f 691//691 688//688 692//692
f 692//692 688//688 689//689
f 692//692 689//689 693//693
f 693//693 689//689 655//655
f 693//693 655//655 657//657
f 680//680 678//678 667//667
f 655//655 685//685 653//653
f 662//662 664//664 694//694
f 694//694 664//664 666//666
f 660//660 662//662 695//695
f 695//695 662//662 694//694
f 695//695 694//694 666//666
f 695//695 666//666 668//668
f 693//693 657//657 659//659
f 659//659 660//660 696//696
f 696//696 660//660 695//695
f 696//696 695//695 697//697
f 697//697 695//695 668//668
f 697//697 668//668 670//670
f 682//682 652//652 687//687
f 687//687 652//652 684//684
f 692//692 693//693 696//696
f 696//696 693//693 659//659
f 691//691 692//692 696//696
f 691//691 696//696 697//697
f 690//690 691//691 697//697
f 690//690 697//697 670//670
f 672//672 690//690 670//670
f 54//54 128//128 53//53
f 53//53 128//128 679//679
f 673//673 679//679 128//128
f 125//125 120//120 118//118
f 698//698 673//673 128//128
f 698//698 128//128 127//127
f 125//125 699//699 700//700
f 699//699 701//701 702//702
f 702//702 701//701 703//703
f 703//703 701//701 704//704
f 704//704 701//701 118//118
f 704//704 118//118 117//117
f 125//125 118//118 701//701
f 115//115 705//705 117//117
f 117//117 705//705 706//706
f 706//706 705//705 707//707
f 706//706 707//707 708//708
f 708//708 707//707 709//709
f 708//708 709//709 710//710
f 710//710 709//709 711//711
f 712//712 713//713 714//714
f 714//714 713//713 715//715
f 714//714 715//715 716//716
f 716//716 715//715 717//717
f 716//716 717//717 718//718
f 718//718 717//717 699//699
f 705//705 115//115 719//719
f 719//719 115//115 709//709
f 709//709 115//115 720//720
f 709//709 720//720 711//711
f 711//711 720//720 712//712
f 712//712 720//720 713//713
f 115//115 715//715 720//720
f 720//720 715//715 713//713
f 715//715 700//700 717//717
f 717//717 700//700 699//699
f 117//117 706//706 721//721
f 721//721 706//706 722//722
f 721//721 722//722 703//703
f 703//703 722//722 702//702
f 718//718 711//711 723//723
f 718//718 723//723 716//716
f 117//117 721//721 704//704
f 704//704 721//721 703//703
f 702//702 711//711 718//718
f 702//702 718//718 699//699
f 701//701 699//699 125//125
f 709//709 707//707 719//719
f 707//707 705//705 719//719
f 706//706 708//708 722//722
f 708//708 710//710 722//722
f 722//722 710//710 702//702
f 710//710 711//711 702//702
f 714//714 716//716 723//723
f 711//711 712//712 723//723
f 712//712 714//714 723//723
f 724//724 683//683 673//673
f 724//724 673//673 698//698
f 724//724 698//698 127//127
f 724//724 127//127 126//126
f 724//724 126//126 725//725
f 725//725 126//126 125//125
f 725//725 125//125 700//700
f 715//715 726//726 700//700
f 700//700 726//726 727//727
f 715//715 728//728 729//729
f 715//715 729//729 726//726
f 727//727 730//730 700//700
f 700//700 730//730 725//725
f 715//715 115//115 731//731
f 731//731 728//728 715//715
f 732//732 64//64 733//733
f 734//734 64//64 732//732
f 64//64 65//65 733//733
f 735//735 65//65 736//736
f 736//736 65//65 737//737
f 736//736 737//737 738//738
f 738//738 737//737 739//739
f 740//740 739//739 741//741
f 740//740 741//741 742//742
f 742//742 741//741 67//67
f 742//742 67//67 743//743
f 742//742 743//743 744//744
f 744//744 743//743 745//745
f 744//744 745//745 746//746
f 746//746 745//745 747//747
f 746//746 747//747 748//748
f 748//748 747//747 749//749
f 748//748 749//749 750//750
f 750//750 749//749 751//751
f 737//737 65//65 752//752
f 737//737 752//752 739//739
f 739//739 752//752 741//741
f 65//65 67//67 752//752
f 752//752 67//67 741//741
f 67//67 69//69 743//743
f 743//743 69//69 753//753
f 743//743 753//753 745//745
f 745//745 753//753 754//754
f 745//745 754//754 747//747
f 747//747 754//754 755//755
f 747//747 755//755 749//749
f 749//749 755//755 756//756
f 749//749 756//756 751//751
f 756//756 757//757 69//69
f 69//69 757//757 753//753
f 753//753 757//757 754//754
f 757//757 756//756 755//755
f 750//750 751//751 758//758
f 758//758 751//751 759//759
f 759//759 751//751 760//760
f 759//759 760//760 735//735
f 761//761 735//735 762//762
f 762//762 735//735 763//763
f 762//762 763//763 764//764
f 764//764 763//763 736//736
f 764//764 736//736 738//738
f 763//763 735//735 736//736
f 758//758 759//759 765//765
f 765//765 759//759 766//766
f 765//765 766//766 767//767
f 767//767 766//766 761//761
f 767//767 761//761 764//764
f 764//764 761//761 762//762
f 750//750 758//758 768//768
f 768//768 758//758 765//765
f 768//768 765//765 769//769
f 769//769 765//765 767//767
f 769//769 767//767 770//770
f 770//770 767//767 764//764
f 770//770 764//764 738//738
f 757//757 755//755 754//754
f 740//740 742//742 744//744
f 739//739 740//740 771//771
f 771//771 740//740 744//744
f 771//771 744//744 746//746
f 738//738 739//739 772//772
f 772//772 739//739 771//771
f 772//772 771//771 773//773
f 773//773 771//771 746//746
f 773//773 746//746 748//748
f 759//759 735//735 766//766
f 766//766 735//735 761//761
f 772//772 770//770 738//738
f 769//769 770//770 772//772
f 769//769 772//772 773//773
f 768//768 769//769 773//773
f 768//768 773//773 748//748
f 750//750 768//768 748//748
f 70//70 177//177 69//69
f 69//69 177//177 756//756
f 751//751 756//756 177//177
f 175//175 60//60 774//774
f 774//774 60//60 775//775
f 774//774 775//775 776//776
f 775//775 60//60 777//777
f 176//176 751//751 177//177
f 775//775 778//778 776//776
f 776//776 778//778 779//779
f 779//779 778//778 780//780
f 779//779 780//780 781//781
f 781//781 780//780 782//782
f 782//782 780//780 783//783
f 782//782 783//783 784//784
f 785//785 784//784 786//786
f 785//785 786//786 787//787
f 787//787 786//786 59//59
f 787//787 59//59 62//62
f 775//775 777//777 783//783
f 783//783 777//777 788//788
f 783//783 788//788 784//784
f 777//777 60//60 788//788
f 788//788 60//60 789//789
f 788//788 789//789 784//784
f 784//784 789//789 786//786
f 60//60 59//59 789//789
f 789//789 59//59 786//786
f 64//64 790//790 62//62
f 790//790 791//791 792//792
f 792//792 791//791 793//793
f 793//793 794//794 795//795
f 795//795 794//794 796//796
f 797//797 798//798 799//799
f 799//799 798//798 800//800
f 799//799 800//800 801//801
f 799//799 801//801 802//802
f 802//802 801//801 782//782
f 802//802 782//782 803//803
f 790//790 64//64 791//791
f 791//791 64//64 804//804
f 791//791 804//804 793//793
f 793//793 804//804 794//794
f 64//64 734//734 804//804
f 804//804 734//734 794//794
f 734//734 732//732 794//794
f 794//794 732//732 805//805
f 794//794 805//805 796//796
f 796//796 805//805 797//797
f 805//805 732//732 798//798
f 805//805 798//798 797//797
f 732//732 800//800 798//798
f 800//800 776//776 801//801
f 801//801 776//776 806//806
f 801//801 806//806 782//782
f 782//782 806//806 781//781
f 62//62 807//807 808//808
f 808//808 807//807 809//809
f 808//808 809//809 810//810
f 810//810 809//809 811//811
f 795//795 796//796 812//812
f 812//812 796//796 802//802
f 808//808 810//810 813//813
f 813//813 810//810 811//811
f 813//813 811//811 814//814
f 814//814 811//811 795//795
f 814//814 795//795 803//803
f 803//803 795//795 812//812
f 803//803 812//812 802//802
f 783//783 780//780 775//775
f 806//806 776//776 779//779
f 780//780 778//778 775//775
f 807//807 62//62 790//790
f 781//781 806//806 779//779
f 808//808 813//813 787//787
f 787//787 813//813 785//785
f 813//813 814//814 785//785
f 785//785 814//814 784//784
f 814//814 803//803 784//784
f 784//784 803//803 782//782
f 62//62 808//808 787//787
f 790//790 792//792 807//807
f 807//807 792//792 809//809
f 792//792 793//793 809//809
f 809//809 793//793 811//811
f 793//793 795//795 811//811
f 796//796 797//797 802//802
f 797//797 799//799 802//802
f 815//815 760//760 751//751
f 815//815 751//751 176//176
f 815//815 176//176 175//175
f 815//815 175//175 816//816
f 816//816 175//175 774//774
f 816//816 774//774 776//776
f 800//800 817//817 776//776
f 776//776 817//817 818//818
f 776//776 818//818 819//819
f 800//800 820//820 817//817
f 819//819 821//821 776//776
f 776//776 821//821 816//816
f 800//800 732//732 733//733
f 800//800 733//733 822//822
f 822//822 820//820 800//800
f 130//130 132//132 823//823
f 824//824 823//823 133//133
f 823//823 132//132 133//133
f 823//823 825//825 826//826
f 826//826 825//825 827//827
f 827//827 825//825 828//828
f 827//827 828//828 829//829
f 829//829 828//828 830//830
f 829//829 830//830 831//831
f 831//831 830//830 832//832
f 831//831 832//832 833//833
f 833//833 832//832 834//834
f 834//834 835//835 836//836
f 836//836 835//835 837//837
f 836//836 837//837 838//838
f 838//838 837//837 82//82
f 838//838 82//82 839//839
f 838//838 839//839 840//840
f 840//840 839//839 841//841
f 840//840 841//841 842//842
f 842//842 841//841 843//843
f 842//842 843//843 844//844
f 844//844 843//843 845//845
f 844//844 845//845 846//846
f 846//846 845//845 847//847
f 825//825 823//823 824//824
f 848//848 824//824 133//133
f 848//848 133//133 849//849
f 849//849 133//133 850//850
f 834//834 850//850 835//835
f 850//850 133//133 837//837
f 850//850 837//837 835//835
f 133//133 82//82 837//837
f 82//82 84//84 839//839
f 839//839 84//84 851//851
f 839//839 851//851 841//841
f 841//841 851//851 852//852
f 841//841 852//852 843//843
f 843//843 852//852 853//853
f 843//843 853//853 845//845
f 845//845 853//853 854//854
f 845//845 854//854 847//847
f 854//854 855//855 84//84
f 84//84 855//855 851//851
f 851//851 855//855 852//852
f 855//855 854//854 853//853
f 846//846 847//847 856//856
f 856//856 847//847 857//857
f 857//857 847//847 858//858
f 857//857 858//858 826//826
f 859//859 826//826 860//860
f 834//834 832//832 850//850
f 850//850 832//832 849//849
f 832//832 830//830 849//849
f 849//849 830//830 848//848
f 830//830 828//828 848//848
f 848//848 828//828 824//824
f 860//860 826//826 827//827
f 828//828 825//825 824//824
f 856//856 857//857 861//861
f 861//861 857//857 862//862
f 861//861 862//862 863//863
f 863//863 862//862 859//859
f 863//863 859//859 864//864
f 864//864 859//859 860//860
f 864//864 860//860 829//829
f 846//846 856//856 865//865
f 865//865 856//856 861//861
f 865//865 861//861 866//866
f 866//866 861//861 863//863
f 866//866 863//863 867//867
f 867//867 863//863 864//864
f 867//867 864//864 868//868
f 868//868 864//864 829//829
f 868//868 829//829 831//831
f 855//855 853//853 852//852
f 829//829 860//860 827//827
f 836//836 838//838 869//869
f 869//869 838//838 840//840
f 834//834 836//836 870//870
f 870//870 836//836 869//869
f 870//870 869//869 840//840
f 870//870 840//840 842//842
f 868//868 831//831 833//833
f 833//833 834//834 871//871
f 871//871 834//834 870//870
f 871//871 870//870 872//872
f 872//872 870//870 842//842
f 872//872 842//842 844//844
f 857//857 826//826 862//862
f 862//862 826//826 859//859
f 867//867 868//868 871//871
f 871//871 868//868 833//833
f 866//866 867//867 871//871
f 866//866 871//871 872//872
f 865//865 866//866 872//872
f 865//865 872//872 844//844
f 846//846 865//865 844//844
f 85//85 87//87 84//84
f 84//84 87//87 854//854
f 847//847 854//854 143//143
f 142//142 141//141 873//873
f 141//141 139//139 137//137
f 854//854 87//87 143//143
f 873//873 874//874 875//875
f 874//874 876//876 877//877
f 877//877 876//876 878//878
f 878//878 876//876 879//879
f 879//879 876//876 137//137
f 879//879 137//137 134//134
f 876//876 873//873 141//141
f 141//141 137//137 876//876
f 130//130 880//880 134//134
f 134//134 880//880 881//881
f 881//881 880//880 882//882
f 881//881 882//882 883//883
f 883//883 882//882 884//884
f 883//883 884//884 885//885
f 885//885 884//884 886//886
f 887//887 888//888 889//889
f 889//889 888//888 890//890
f 889//889 890//890 891//891
f 891//891 890//890 892//892
f 891//891 892//892 893//893
f 893//893 892//892 874//874
f 880//880 130//130 894//894
f 894//894 130//130 884//884
f 884//884 130//130 895//895
f 884//884 895//895 886//886
f 886//886 895//895 887//887
f 887//887 895//895 888//888
f 130//130 890//890 895//895
f 895//895 890//890 888//888
f 890//890 875//875 892//892
f 892//892 875//875 874//874
f 881//881 896//896 878//878
f 878//878 896//896 877//877
f 893//893 886//886 897//897
f 893//893 897//897 891//891
f 134//134 881//881 879//879
f 879//879 881//881 878//878
f 877//877 886//886 893//893
f 877//877 893//893 874//874
f 876//876 874//874 873//873
f 884//884 882//882 894//894
f 882//882 880//880 894//894
f 881//881 883//883 896//896
f 883//883 885//885 896//896
f 896//896 885//885 877//877
f 885//885 886//886 877//877
f 889//889 891//891 897//897
f 886//886 887//887 897//897
f 887//887 889//889 897//897
f 898//898 858//858 847//847
f 898//898 847//847 143//143
f 898//898 143//143 142//142
f 898//898 142//142 899//899
f 899//899 142//142 873//873
f 899//899 873//873 875//875
f 890//890 900//900 875//875
f 875//875 900//900 901//901
f 890//890 902//902 903//903
f 890//890 903//903 900//900
f 901//901 904//904 875//875
f 875//875 904//904 899//899
f 890//890 130//130 905//905
f 905//905 902//902 890//890
f 906//906 164//164 907//907
f 908//908 164//164 906//906
f 164//164 163//163 907//907
f 909//909 163//163 910//910
f 910//910 163//163 911//911
f 910//910 911//911 912//912
f 912//912 911//911 913//913
f 913//913 911//911 914//914
f 915//915 914//914 916//916
f 915//915 916//916 917//917
f 917//917 916//916 172//172
f 917//917 172//172 918//918
f 917//917 918//918 919//919
f 919//919 918//918 920//920
f 919//919 920//920 921//921
f 921//921 920//920 922//922
f 921//921 922//922 923//923
f 923//923 922//922 924//924
f 923//923 924//924 925//925
f 925//925 924//924 926//926
f 911//911 163//163 927//927
f 911//911 927//927 914//914
f 914//914 927//927 916//916
f 163//163 172//172 927//927
f 927//927 172//172 916//916
f 172//172 171//171 918//918
f 918//918 171//171 928//928
f 918//918 928//928 920//920
f 920//920 928//928 929//929
f 920//920 929//929 922//922
f 922//922 929//929 930//930
f 922//922 930//930 924//924
f 924//924 930//930 931//931
f 924//924 931//931 926//926
f 931//931 932//932 171//171
f 171//171 932//932 928//928
f 928//928 932//932 929//929
f 932//932 931//931 930//930
f 925//925 926//926 933//933
f 933//933 926//926 934//934
f 934//934 926//926 935//935
f 934//934 935//935 909//909
f 936//936 909//909 937//937
f 938//938 937//937 910//910
f 938//938 910//910 912//912
f 937//937 909//909 910//910
f 933//933 934//934 939//939
f 939//939 934//934 940//940
f 939//939 940//940 941//941
f 941//941 940//940 936//936
f 941//941 936//936 938//938
f 938//938 936//936 937//937
f 925//925 933//933 942//942
f 942//942 933//933 939//939
f 942//942 939//939 943//943
f 943//943 939//939 941//941
f 943//943 941//941 944//944
f 944//944 941//941 938//938
f 944//944 938//938 912//912
f 932//932 930//930 929//929
f 915//915 917//917 945//945
f 945//945 917//917 919//919
f 914//914 915//915 946//946
f 946//946 915//915 945//945
f 946//946 945//945 919//919
f 946//946 919//919 921//921
f 944//944 912//912 913//913
f 913//913 914//914 947//947
f 947//947 914//914 946//946
f 947//947 946//946 948//948
f 948//948 946//946 921//921
f 948//948 921//921 923//923
f 934//934 909//909 940//940
f 940//940 909//909 936//936
f 947//947 944//944 913//913
f 943//943 944//944 947//947
f 943//943 947//947 948//948
f 942//942 943//943 948//948
f 942//942 948//948 923//923
f 925//925 942//942 923//923
f 168//168 167//167 171//171
f 171//171 167//167 931//931
f 926//926 931//931 167//167
f 165//165 91//91 949//949
f 165//165 949//949 950//950
f 949//949 91//91 951//951
f 91//91 90//90 80//80
f 952//952 926//926 167//167
f 952//952 167//167 166//166
f 949//949 953//953 950//950
f 950//950 953//953 954//954
f 954//954 953//953 955//955
f 954//954 955//955 956//956
f 956//956 955//955 957//957
f 957//957 955//955 958//958
f 957//957 958//958 959//959
f 960//960 959//959 961//961
f 960//960 961//961 962//962
f 962//962 961//961 80//80
f 962//962 80//80 79//79
f 949//949 951//951 958//958
f 958//958 951//951 963//963
f 958//958 963//963 959//959
f 951//951 91//91 963//963
f 963//963 91//91 964//964
f 963//963 964//964 959//959
f 959//959 964//964 961//961
f 91//91 80//80 964//964
f 964//964 80//80 961//961
f 164//164 965//965 79//79
f 965//965 966//966 967//967
f 967//967 966//966 968//968
f 967//967 968//968 969//969
f 969//969 968//968 970//970
f 969//969 970//970 971//971
f 971//971 970//970 972//972
f 973//973 974//974 975//975
f 975//975 974//974 976//976
f 975//975 976//976 977//977
f 975//975 977//977 978//978
f 978//978 977//977 957//957
f 978//978 957//957 979//979
f 965//965 164//164 966//966
f 966//966 164//164 980//980
f 966//966 980//980 968//968
f 968//968 980//980 970//970
f 164//164 908//908 980//980
f 980//980 908//908 970//970
f 908//908 906//906 970//970
f 970//970 906//906 981//981
f 970//970 981//981 972//972
f 972//972 981//981 973//973
f 981//981 906//906 974//974
f 981//981 974//974 973//973
f 906//906 976//976 974//974
f 976//976 950//950 977//977
f 977//977 950//950 982//982
f 977//977 982//982 957//957
f 957//957 982//982 956//956
f 983//983 984//984 985//985
f 985//985 984//984 969//969
f 985//985 969//969 986//986
f 986//986 969//969 971//971
f 971//971 972//972 987//987
f 987//987 972//972 978//978
f 79//79 983//983 962//962
f 962//962 983//983 985//985
f 962//962 985//985 988//988
f 988//988 985//985 986//986
f 986//986 971//971 979//979
f 979//979 971//971 987//987
f 979//979 987//987 978//978
f 958//958 955//955 949//949
f 982//982 950//950 954//954
f 955//955 953//953 949//949
f 983//983 79//79 965//965
f 956//956 982//982 954//954
f 962//962 988//988 960//960
f 988//988 986//986 960//960
f 960//960 986//986 959//959
f 986//986 979//979 959//959
f 959//959 979//979 957//957
f 965//965 967//967 983//983
f 983//983 967//967 984//984
f 967//967 969//969 984//984
f 972//972 973//973 978//978
f 973//973 975//975 978//978
f 989//989 935//935 926//926
f 989//989 926//926 952//952
f 989//989 952//952 166//166
f 989//989 166//166 165//165
f 989//989 165//165 990//990
f 990//990 165//165 950//950
f 976//976 991//991 950//950
f 950//950 991//991 992//992
f 950//950 992//992 993//993
f 976//976 994//994 991//991
f 993//993 995//995 950//950
f 950//950 995//995 990//990
f 976//976 906//906 907//907
f 976//976 907//907 996//996
f 996//996 994//994 976//976
f 145//145 144//144 997//997
f 998//998 144//144 107//107
f 144//144 998//998 997//997
f 997//997 999//999 1000//1000
f 1000//1000 999//999 1001//1001
f 1001//1001 999//999 1002//1002
f 1002//1002 1003//1003 1004//1004
f 1004//1004 1003//1003 1005//1005
f 1004//1004 1005//1005 1006//1006
f 1006//1006 1005//1005 1007//1007
f 1007//1007 1008//1008 1009//1009
f 1009//1009 1008//1008 1010//1010
f 1009//1009 1010//1010 1011//1011
f 1011//1011 1010//1010 106//106
f 1011//1011 106//106 1012//1012
f 1011//1011 1012//1012 1013//1013
f 1013//1013 1012//1012 1014//1014
f 1013//1013 1014//1014 1015//1015
f 1015//1015 1014//1014 1016//1016
f 1015//1015 1016//1016 1017//1017
f 1017//1017 1016//1016 1018//1018
f 1017//1017 1018//1018 1019//1019
f 1019//1019 1018//1018 1020//1020
f 999//999 997//997 998//998
f 1003//1003 998//998 107//107
f 1003//1003 107//107 1021//1021
f 1021//1021 107//107 1022//1022
f 1007//1007 1022//1022 1008//1008
f 1022//1022 107//107 1010//1010
f 1022//1022 1010//1010 1008//1008
f 107//107 106//106 1010//1010
f 106//106 105//105 1012//1012
f 1012//1012 105//105 1023//1023
f 1012//1012 1023//1023 1014//1014
f 1016//1016 1014//1014 1024//1024
f 1016//1016 1024//1024 1018//1018
f 1018//1018 1024//1024 1025//1025
f 1018//1018 1025//1025 1020//1020
f 1025//1025 1026//1026 105//105
f 105//105 1026//1026 1023//1023
f 1023//1023 1026//1026 1014//1014
f 1026//1026 1025//1025 1024//1024
f 1019//1019 1020//1020 1027//1027
f 1027//1027 1020//1020 1028//1028
f 1028//1028 1020//1020 1029//1029
f 1028//1028 1029//1029 1000//1000
f 1030//1030 1000//1000 1031//1031
f 1032//1032 1031//1031 1002//1002
f 1032//1032 1002//1002 1004//1004
f 1007//1007 1005//1005 1022//1022
f 1022//1022 1005//1005 1021//1021
f 1005//1005 1003//1003 1021//1021
f 1003//1003 1002//1002 998//998
f 1031//1031 1000//1000 1001//1001
f 1002//1002 999//999 998//998
f 1027//1027 1028//1028 1033//1033
f 1033//1033 1028//1028 1034//1034
f 1033//1033 1034//1034 1035//1035
f 1035//1035 1034//1034 1030//1030
f 1035//1035 1030//1030 1036//1036
f 1036//1036 1030//1030 1031//1031
f 1036//1036 1031//1031 1032//1032
f 1019//1019 1027//1027 1037//1037
f 1037//1037 1027//1027 1033//1033
f 1037//1037 1033//1033 1038//1038
f 1038//1038 1033//1033 1035//1035
f 1038//1038 1035//1035 1039//1039
f 1039//1039 1035//1035 1036//1036
f 1039//1039 1036//1036 1040//1040
f 1040//1040 1036//1036 1032//1032
f 1040//1040 1032//1032 1004//1004
f 1026//1026 1024//1024 1014//1014
f 1002//1002 1031//1031 1001//1001
f 1009//1009 1011//1011 1041//1041
f 1041//1041 1011//1011 1013//1013
f 1007//1007 1009//1009 1042//1042
f 1042//1042 1009//1009 1041//1041
f 1042//1042 1041//1041 1013//1013
f 1042//1042 1013//1013 1015//1015
f 1040//1040 1004//1004 1006//1006
f 1006//1006 1007//1007 1043//1043
f 1043//1043 1007//1007 1042//1042
f 1043//1043 1042//1042 1044//1044
f 1044//1044 1042//1042 1015//1015
f 1044//1044 1015//1015 1017//1017
f 1028//1028 1000//1000 1034//1034
f 1034//1034 1000//1000 1030//1030
f 1039//1039 1040//1040 1043//1043
f 1043//1043 1040//1040 1006//1006
f 1038//1038 1039//1039 1043//1043
f 1038//1038 1043//1043 1044//1044
f 1037//1037 1038//1038 1044//1044
f 1037//1037 1044//1044 1017//1017
f 1019//1019 1037//1037 1017//1017
f 12//12 154//154 105//105
f 105//105 154//154 1025//1025
f 1020//1020 1025//1025 154//154
f 151//151 9//9 149//149
f 153//153 1020//1020 154//154
f 151//151 1045//1045 1046//1046
f 1045//1045 1047//1047 1048//1048
f 1048//1048 1047//1047 1049//1049
f 1049//1049 1047//1047 1050//1050
f 1050//1050 1047//1047 149//149
f 1050//1050 149//149 147//147
f 151//151 149//149 1047//1047
f 145//145 1051//1051 147//147
f 147//147 1051//1051 1052//1052
f 1052//1052 1051//1051 1053//1053
f 1052//1052 1053//1053 1054//1054
f 1054//1054 1053//1053 1055//1055
f 1054//1054 1055//1055 1056//1056
f 1056//1056 1055//1055 1057//1057
f 1058//1058 1059//1059 1060//1060
f 1060//1060 1059//1059 1061//1061
f 1060//1060 1061//1061 1062//1062
f 1062//1062 1061//1061 1063//1063
f 1062//1062 1063//1063 1064//1064
f 1064//1064 1063//1063 1045//1045
f 1051//1051 145//145 1065//1065
f 1065//1065 145//145 1055//1055
f 1055//1055 145//145 1066//1066
f 1055//1055 1066//1066 1057//1057
f 1057//1057 1066//1066 1058//1058
f 1058//1058 1066//1066 1059//1059
f 145//145 1061//1061 1066//1066
f 1066//1066 1061//1061 1059//1059
f 1061//1061 1046//1046 1063//1063
f 1063//1063 1046//1046 1045//1045
f 1067//1067 1068//1068 1049//1049
f 1049//1049 1068//1068 1048//1048
f 1064//1064 1057//1057 1069//1069
f 1064//1064 1069//1069 1062//1062
f 147//147 1067//1067 1050//1050
f 1050//1050 1067//1067 1049//1049
f 1048//1048 1057//1057 1064//1064
f 1048//1048 1064//1064 1045//1045
f 1047//1047 1045//1045 151//151
f 1055//1055 1053//1053 1065//1065
f 1067//1067 147//147 1052//1052
f 1053//1053 1051//1051 1065//1065
f 1052//1052 1054//1054 1067//1067
f 1067//1067 1054//1054 1068//1068
f 1054//1054 1056//1056 1068//1068
f 1068//1068 1056//1056 1048//1048
f 1056//1056 1057//1057 1048//1048
f 1060//1060 1062//1062 1069//1069
f 1057//1057 1058//1058 1069//1069
f 1058//1058 1060//1060 1069//1069
f 1070//1070 1029//1029 1020//1020
f 1070//1070 1020//1020 153//153
f 1070//1070 153//153 152//152
f 1070//1070 152//152 1071//1071
f 1071//1071 152//152 151//151
f 1071//1071 151//151 1046//1046
f 1061//1061 1072//1072 1046//1046
f 1046//1046 1072//1072 1073//1073
f 1061//1061 1074//1074 1075//1075
f 1061//1061 1075//1075 1072//1072
f 1073//1073 1076//1076 1046//1046
f 1046//1046 1076//1076 1071//1071
f 1061//1061 145//145 1077//1077
f 1077//1077 1074//1074 1061//1061
f 1078//1078 99//99 1079//1079
f 1080//1080 99//99 1078//1078
f 100//100 1079//1079 99//99
f 1081//1081 100//100 1082//1082
f 1082//1082 100//100 1083//1083
f 1082//1082 1083//1083 1084//1084
f 1084//1084 1083//1083 1085//1085
f 1085//1085 1083//1083 1086//1086
f 1087//1087 1086//1086 1088//1088
f 1087//1087 1088//1088 102//102
f 1087//1087 102//102 1089//1089
f 1089//1089 102//102 1090//1090
f 1089//1089 1090//1090 1091//1091
f 1091//1091 1090//1090 1092//1092
f 1091//1091 1092//1092 1093//1093
f 1093//1093 1092//1092 1094//1094
f 1093//1093 1094//1094 1095//1095
f 1095//1095 1094//1094 1096//1096
f 1095//1095 1096//1096 1097//1097
f 1097//1097 1096//1096 1098//1098
f 1083//1083 100//100 1099//1099
f 1083//1083 1099//1099 1086//1086
f 1086//1086 1099//1099 1088//1088
f 100//100 102//102 1099//1099
f 1099//1099 102//102 1088//1088
f 102//102 159//159 1090//1090
f 1090//1090 159//159 1100//1100
f 1090//1090 1100//1100 1092//1092
f 1092//1092 1100//1100 1101//1101
f 1092//1092 1101//1101 1094//1094
f 1094//1094 1101//1101 1102//1102
f 1094//1094 1102//1102 1096//1096
f 1096//1096 1102//1102 1103//1103
f 1096//1096 1103//1103 1098//1098
f 1103//1103 1104//1104 159//159
f 159//159 1104//1104 1100//1100
f 1100//1100 1104//1104 1101//1101
f 1104//1104 1103//1103 1102//1102
f 1097//1097 1098//1098 1105//1105
f 1105//1105 1098//1098 1106//1106
f 1106//1106 1098//1098 1107//1107
f 1106//1106 1107//1107 1081//1081
f 1108//1108 1081//1081 1109//1109
f 1110//1110 1109//1109 1082//1082
f 1110//1110 1082//1082 1084//1084
f 1109//1109 1081//1081 1082//1082
f 1105//1105 1106//1106 1111//1111
f 1111//1111 1106//1106 1112//1112
f 1111//1111 1112//1112 1113//1113
f 1113//1113 1112//1112 1108//1108
f 1113//1113 1108//1108 1110//1110
f 1110//1110 1108//1108 1109//1109
f 1097//1097 1105//1105 1114//1114
f 1114//1114 1105//1105 1111//1111
f 1114//1114 1111//1111 1115//1115
f 1115//1115 1111//1111 1113//1113
f 1115//1115 1113//1113 1116//1116
f 1116//1116 1113//1113 1110//1110
f 1116//1116 1110//1110 1084//1084
f 1104//1104 1102//1102 1101//1101
f 1117//1117 1087//1087 1089//1089
f 1117//1117 1089//1089 1091//1091
f 1086//1086 1087//1087 1118//1118
f 1118//1118 1087//1087 1117//1117
f 1118//1118 1117//1117 1091//1091
f 1118//1118 1091//1091 1093//1093
f 1116//1116 1084//1084 1085//1085
f 1085//1085 1086//1086 1119//1119
f 1119//1119 1086//1086 1118//1118
f 1119//1119 1118//1118 1120//1120
f 1120//1120 1118//1118 1093//1093
f 1120//1120 1093//1093 1095//1095
f 1106//1106 1081//1081 1112//1112
f 1112//1112 1081//1081 1108//1108
f 1119//1119 1116//1116 1085//1085
f 1115//1115 1116//1116 1119//1119
f 1115//1115 1119//1119 1120//1120
f 1114//1114 1115//1115 1120//1120
f 1114//1114 1120//1120 1095//1095
f 1097//1097 1114//1114 1095//1095
f 7//7 158//158 159//159
f 159//159 158//158 1103//1103
f 1098//1098 1103//1103 158//158
f 156//156 155//155 1121//1121
f 156//156 1121//1121 1122//1122
f 1121//1121 155//155 1123//1123
f 155//155 12//12 113//113
f 1124//1124 1098//1098 158//158
f 1124//1124 158//158 157//157
f 1121//1121 1125//1125 1122//1122
f 1122//1122 1125//1125 1126//1126
f 1126//1126 1125//1125 1127//1127
f 1126//1126 1127//1127 1128//1128
f 1128//1128 1127//1127 1129//1129
f 1129//1129 1127//1127 1130//1130
f 1129//1129 1130//1130 1131//1131
f 1132//1132 1131//1131 1133//1133
f 1132//1132 1133//1133 1134//1134
f 1134//1134 1133//1133 113//113
f 1134//1134 113//113 98//98
f 1121//1121 1123//1123 1130//1130
f 1130//1130 1123//1123 1135//1135
f 1130//1130 1135//1135 1131//1131
f 1123//1123 155//155 1135//1135
f 1135//1135 155//155 1136//1136
f 1135//1135 1136//1136 1131//1131
f 1131//1131 1136//1136 1133//1133
f 155//155 113//113 1136//1136
f 1136//1136 113//113 1133//1133
f 99//99 1137//1137 98//98
f 1137//1137 1138//1138 1139//1139
f 1139//1139 1138//1138 1140//1140
f 1140//1140 1141//1141 1142//1142
f 1142//1142 1141//1141 1143//1143
f 1144//1144 1145//1145 1146//1146
f 1146//1146 1145//1145 1147//1147
f 1146//1146 1147//1147 1148//1148
f 1146//1146 1148//1148 1149//1149
f 1149//1149 1148//1148 1129//1129
f 1149//1149 1129//1129 1150//1150
f 1137//1137 99//99 1138//1138
f 1138//1138 99//99 1151//1151
f 1138//1138 1151//1151 1140//1140
f 1140//1140 1151//1151 1141//1141
f 99//99 1080//1080 1151//1151
f 1151//1151 1080//1080 1141//1141
f 1080//1080 1078//1078 1141//1141
f 1141//1141 1078//1078 1152//1152
f 1141//1141 1152//1152 1143//1143
f 1143//1143 1152//1152 1144//1144
f 1152//1152 1078//1078 1145//1145
f 1152//1152 1145//1145 1144//1144
f 1078//1078 1147//1147 1145//1145
f 1147//1147 1122//1122 1148//1148
f 1148//1148 1122//1122 1153//1153
f 1148//1148 1153//1153 1129//1129
f 1129//1129 1153//1153 1128//1128
f 98//98 1154//1154 1155//1155
f 1155//1155 1154//1154 1156//1156
f 1155//1155 1156//1156 1157//1157
f 1157//1157 1156//1156 1158//1158
f 1142//1142 1143//1143 1159//1159
f 1159//1159 1143//1143 1149//1149
f 1155//1155 1157//1157 1160//1160
f 1160//1160 1157//1157 1158//1158
f 1160//1160 1158//1158 1161//1161
f 1161//1161 1158//1158 1142//1142
f 1161//1161 1142//1142 1150//1150
f 1150//1150 1142//1142 1159//1159
f 1150//1150 1159//1159 1149//1149
f 1130//1130 1127//1127 1121//1121
f 1153//1153 1122//1122 1126//1126
f 1127//1127 1125//1125 1121//1121
f 1154//1154 98//98 1137//1137
f 1128//1128 1153//1153 1126//1126
f 1155//1155 1160//1160 1134//1134
f 1134//1134 1160//1160 1132//1132
f 1160//1160 1161//1161 1132//1132
f 1132//1132 1161//1161 1131//1131
f 1161//1161 1150//1150 1131//1131
f 1131//1131 1150//1150 1129//1129
f 98//98 1155//1155 1134//1134
f 1137//1137 1139//1139 1154//1154
f 1154//1154 1139//1139 1156//1156
f 1139//1139 1140//1140 1156//1156
f 1156//1156 1140//1140 1158//1158
f 1140//1140 1142//1142 1158//1158
f 1143//1143 1144//1144 1149//1149
f 1144//1144 1146//1146 1149//1149
f 1162//1162 1107//1107 1098//1098
f 1162//1162 1098//1098 1124//1124
f 1162//1162 1124//1124 157//157
f 1162//1162 157//157 156//156
f 1162//1162 156//156 1163//1163
f 1163//1163 156//156 1122//1122
f 1147//1147 1164//1164 1122//1122
f 1122//1122 1164//1164 1165//1165
f 1122//1122 1165//1165 1166//1166
f 1147//1147 1167//1167 1164//1164
f 1166//1166 1168//1168 1122//1122
f 1122//1122 1168//1168 1163//1163
f 1147//1147 1078//1078 1079//1079
f 1147//1147 1079//1079 1169//1169
f 1169//1169 1167//1167 1147//1147
f 291//291 306//306 1170//1170
f 1170//1170 306//306 317//317
f 317//317 1171//1171 1170//1170
f 317//317 316//316 1171//1171
f 1171//1171 316//316 1172//1172
f 1172//1172 316//316 202//202
f 1172//1172 202//202 1173//1173
f 1173//1173 202//202 201//201
f 1173//1173 201//201 1174//1174
f 1174//1174 201//201 1175//1175
f 1175//1175 201//201 1176//1176
f 276//276 25//25 259//259
f 259//259 1177//1177 276//276
f 201//201 199//199 1178//1178
f 201//201 1178//1178 1176//1176
f 1176//1176 1178//1178 1179//1179
f 1179//1179 1178//1178 314//314
f 1178//1178 199//199 314//314
f 276//276 1180//1180 261//261
f 261//261 1180//1180 1181//1181
f 276//276 1177//1177 1182//1182
f 276//276 1182//1182 1180//1180
f 1181//1181 1183//1183 261//261
f 261//261 1183//1183 1184//1184
f 288//288 249//249 31//31
f 288//288 31//31 30//30
f 288//288 30//30 1184//1184
f 1184//1184 30//30 29//29
f 1184//1184 29//29 261//261
f 1185//1185 204//204 205//205
f 1185//1185 205//205 1186//1186
f 1186//1186 205//205 1187//1187
f 1187//1187 205//205 1188//1188
f 1188//1188 205//205 1189//1189
f 1189//1189 205//205 1190//1190
f 1190//1190 205//205 206//206
f 1190//1190 206//206 1191//1191
f 1191//1191 206//206 1192//1192
f 1192//1192 206//206 1193//1193
f 1193//1193 206//206 207//207
f 1193//1193 207//207 1194//1194
f 1194//1194 207//207 1195//1195
f 1195//1195 207//207 1196//1196
f 1196//1196 207//207 1197//1197
f 1197//1197 207//207 1198//1198
f 1198//1198 207//207 1199//1199
f 1199//1199 207//207 208//208
f 1199//1199 208//208 1200//1200
f 1200//1200 208//208 1201//1201
f 1201//1201 208//208 1202//1202
f 1202//1202 208//208 1203//1203
f 1203//1203 208//208 209//209
f 1203//1203 209//209 1204//1204
f 1204//1204 209//209 1205//1205
f 1205//1205 209//209 210//210
f 1205//1205 210//210 1206//1206
f 1206//1206 210//210 1207//1207
f 1207//1207 210//210 1208//1208
f 1208//1208 210//210 1209//1209
f 1209//1209 210//210 1210//1210
f 1210//1210 210//210 1211//1211
f 1211//1211 210//210 211//211
f 1211//1211 211//211 212//212
f 1211//1211 212//212 1212//1212
f 1212//1212 212//212 1213//1213
f 1213//1213 212//212 1214//1214
f 1214//1214 212//212 1215//1215
f 1215//1215 212//212 1216//1216
f 1216//1216 212//212 1217//1217
f 1217//1217 212//212 213//213
f 1217//1217 213//213 1218//1218
f 1218//1218 213//213 1219//1219
f 1219//1219 213//213 1220//1220
f 1220//1220 213//213 1221//1221
f 1221//1221 213//213 214//214
f 1221//1221 214//214 1222//1222
f 1222//1222 214//214 1223//1223
f 1223//1223 214//214 215//215
f 1223//1223 215//215 1224//1224
f 1224//1224 215//215 1225//1225
f 1225//1225 215//215 1226//1226
f 1226//1226 215//215 1227//1227
f 1227//1227 215//215 216//216
f 1227//1227 216//216 1228//1228
f 1228//1228 216//216 1229//1229
f 1229//1229 216//216 217//217
f 1229//1229 217//217 1230//1230
f 1230//1230 217//217 1231//1231
f 1231//1231 217//217 1232//1232
f 1232//1232 217//217 1233//1233
f 1233//1233 217//217 1234//1234
f 1234//1234 217//217 204//204
f 1234//1234 204//204 1185//1185
f 259//259 1185//1185 314//314
f 314//314 1185//1185 1179//1179
f 1179//1179 1185//1185 1186//1186
f 1179//1179 1186//1186 1235//1235
f 1235//1235 1186//1186 1236//1236
f 1236//1236 1186//1186 1187//1187
f 1236//1236 1187//1187 1237//1237
f 1237//1237 1187//1187 1238//1238
f 1238//1238 1187//1187 1188//1188
f 1238//1238 1188//1188 1239//1239
f 1239//1239 1188//1188 1240//1240
f 1240//1240 1188//1188 1189//1189
f 1240//1240 1189//1189 1241//1241
f 1241//1241 1189//1189 1190//1190
f 1241//1241 1190//1190 1242//1242
f 1242//1242 1190//1190 1243//1243
f 1243//1243 1190//1190 1191//1191
f 1243//1243 1191//1191 1244//1244
f 1244//1244 1191//1191 1192//1192
f 1244//1244 1192//1192 1245//1245
f 1245//1245 1192//1192 1193//1193
f 1245//1245 1193//1193 1246//1246
f 1246//1246 1193//1193 1247//1247
f 1247//1247 1193//1193 1194//1194
f 1247//1247 1194//1194 1248//1248
f 1248//1248 1194//1194 1249//1249
f 1249//1249 1194//1194 1195//1195
f 1249//1249 1195//1195 1250//1250
f 1250//1250 1195//1195 1251//1251
f 1251//1251 1195//1195 1196//1196
f 1251//1251 1196//1196 1252//1252
f 1252//1252 1196//1196 1197//1197
f 1252//1252 1197//1197 1253//1253
f 1253//1253 1197//1197 1254//1254
f 1254//1254 1197//1197 1198//1198
f 1254//1254 1198//1198 1255//1255
f 1255//1255 1198//1198 1256//1256
f 1256//1256 1198//1198 1199//1199
f 1256//1256 1199//1199 1257//1257
f 1257//1257 1199//1199 1077//1077
f 1077//1077 1199//1199 1258//1258
f 1258//1258 1199//1199 1259//1259
f 1259//1259 1199//1199 1200//1200
f 1259//1259 1200//1200 1260//1260
f 1260//1260 1200//1200 1261//1261
f 1261//1261 1200//1200 1201//1201
f 1261//1261 1201//1201 1262//1262
f 1262//1262 1201//1201 1202//1202
f 1262//1262 1202//1202 1263//1263
f 1263//1263 1202//1202 1264//1264
f 1264//1264 1202//1202 1203//1203
f 1264//1264 1203//1203 1265//1265
f 1265//1265 1203//1203 1266//1266
f 1266//1266 1203//1203 1204//1204
f 1266//1266 1204//1204 1267//1267
f 1267//1267 1204//1204 1205//1205
f 1267//1267 1205//1205 1268//1268
f 1268//1268 1205//1205 1269//1269
f 1269//1269 1205//1205 996//996
f 996//996 1205//1205 1270//1270
f 1270//1270 1205//1205 1271//1271
f 1271//1271 1205//1205 1206//1206
f 1271//1271 1206//1206 1272//1272
f 1272//1272 1206//1206 1207//1207
f 1272//1272 1207//1207 1273//1273
f 1273//1273 1207//1207 1274//1274
f 1274//1274 1207//1207 1208//1208
f 1274//1274 1208//1208 1275//1275
f 1275//1275 1208//1208 1276//1276
f 1276//1276 1208//1208 1209//1209
f 1276//1276 1209//1209 1277//1277
f 1277//1277 1209//1209 1278//1278
f 1278//1278 1209//1209 1210//1210
f 1278//1278 1210//1210 1279//1279
f 1279//1279 1210//1210 1211//1211
f 1279//1279 1211//1211 1280//1280
f 1280//1280 1211//1211 1281//1281
f 1281//1281 1211//1211 905//905
f 905//905 1211//1211 1282//1282
f 1282//1282 1211//1211 1283//1283
f 1283//1283 1211//1211 1212//1212
f 1283//1283 1212//1212 1284//1284
f 1284//1284 1212//1212 1213//1213
f 1284//1284 1213//1213 1285//1285
f 1285//1285 1213//1213 1286//1286
f 1286//1286 1213//1213 1214//1214
f 1286//1286 1214//1214 1287//1287
f 1287//1287 1214//1214 1288//1288
f 1288//1288 1214//1214 1215//1215
f 1288//1288 1215//1215 1289//1289
f 1289//1289 1215//1215 1290//1290
f 1290//1290 1215//1215 1216//1216
f 1290//1290 1216//1216 1291//1291
f 1291//1291 1216//1216 1217//1217
f 1291//1291 1217//1217 1292//1292
f 1292//1292 1217//1217 1293//1293
f 1293//1293 1217//1217 822//822
f 822//822 1217//1217 1294//1294
f 1294//1294 1217//1217 1295//1295
f 1295//1295 1217//1217 1218//1218
f 1295//1295 1218//1218 1296//1296
f 1296//1296 1218//1218 1219//1219
f 1296//1296 1219//1219 1297//1297
f 1297//1297 1219//1219 1298//1298
f 1298//1298 1219//1219 1220//1220
f 1298//1298 1220//1220 1299//1299
f 1299//1299 1220//1220 1300//1300
f 1300//1300 1220//1220 1221//1221
f 1300//1300 1221//1221 1301//1301
f 1301//1301 1221//1221 1222//1222
f 1301//1301 1222//1222 1302//1302
f 1302//1302 1222//1222 1303//1303
f 1303//1303 1222//1222 1223//1223
f 1303//1303 1223//1223 1304//1304
f 1304//1304 1223//1223 1305//1305
f 1305//1305 1223//1223 731//731
f 731//731 1223//1223 1306//1306
f 1306//1306 1223//1223 1224//1224
f 1306//1306 1224//1224 1307//1307
f 1307//1307 1224//1224 1308//1308
f 1308//1308 1224//1224 1225//1225
f 1308//1308 1225//1225 1309//1309
f 1309//1309 1225//1225 1310//1310
f 1310//1310 1225//1225 1226//1226
f 1310//1310 1226//1226 1311//1311
f 1311//1311 1226//1226 1227//1227
f 1311//1311 1227//1227 1312//1312
f 1312//1312 1227//1227 1313//1313
f 1313//1313 1227//1227 1228//1228
f 1313//1313 1228//1228 1314//1314
f 1314//1314 1228//1228 1315//1315
f 1315//1315 1228//1228 1229//1229
f 1315//1315 1229//1229 1316//1316
f 1316//1316 1229//1229 1317//1317
f 1317//1317 1229//1229 648//648
f 648//648 1229//1229 1318//1318
f 1318//1318 1229//1229 1230//1230
f 1318//1318 1230//1230 1319//1319
f 1319//1319 1230//1230 1320//1320
f 1320//1320 1230//1230 1231//1231
f 1320//1320 1231//1231 1321//1321
f 1321//1321 1231//1231 1232//1232
f 1321//1321 1232//1232 1322//1322
f 1322//1322 1232//1232 1323//1323
f 1323//1323 1232//1232 1233//1233
f 1323//1323 1233//1233 1324//1324
f 1324//1324 1233//1233 1325//1325
f 1325//1325 1233//1233 1234//1234
f 1325//1325 1234//1234 1326//1326
f 1326//1326 1234//1234 363//363
f 363//363 1234//1234 1185//1185
f 363//363 1185//1185 342//342
f 342//342 1185//1185 284//284
f 284//284 1185//1185 259//259
f 1169//1169 1246//1246 1167//1167
f 1167//1167 1246//1246 1168//1168
f 1167//1167 1168//1168 1166//1166
f 1246//1246 1169//1169 1245//1245
f 1243//1243 1244//1244 1327//1327
f 1243//1243 1327//1327 1328//1328
f 1328//1328 1327//1327 1329//1329
f 1329//1329 1327//1327 1330//1330
f 1330//1330 1327//1327 1331//1331
f 1328//1328 1162//1162 1243//1243
f 1243//1243 1162//1162 291//291
f 291//291 1162//1162 1332//1332
f 291//291 1332//1332 318//318
f 318//318 1332//1332 314//314
f 314//314 1332//1332 1184//1184
f 1176//1176 1179//1179 1235//1235
f 1176//1176 1235//1235 1175//1175
f 1175//1175 1235//1235 1236//1236
f 1175//1175 1236//1236 1174//1174
f 1174//1174 1236//1236 1237//1237
f 1174//1174 1237//1237 1238//1238
f 1162//1162 1163//1163 1333//1333
f 1333//1333 1163//1163 1334//1334
f 1334//1334 1163//1163 1246//1246
f 1334//1334 1246//1246 1335//1335
f 1335//1335 1246//1246 1336//1336
f 1336//1336 1246//1246 1247//1247
f 1336//1336 1247//1247 1337//1337
f 1337//1337 1247//1247 1248//1248
f 1337//1337 1248//1248 1338//1338
f 1338//1338 1248//1248 1249//1249
f 1338//1338 1249//1249 1339//1339
f 1339//1339 1249//1249 1250//1250
f 1339//1339 1250//1250 1251//1251
f 1246//1246 1163//1163 1168//1168
f 1166//1166 1165//1165 1167//1167
f 1167//1167 1165//1165 1164//1164
f 1077//1077 1258//1258 1074//1074
f 1074//1074 1258//1258 1076//1076
f 1074//1074 1076//1076 1073//1073
f 1256//1256 1257//1257 1340//1340
f 1256//1256 1340//1340 1341//1341
f 1341//1341 1340//1340 1342//1342
f 1342//1342 1340//1340 1343//1343
f 1343//1343 1340//1340 1344//1344
f 1341//1341 1070//1070 1256//1256
f 1256//1256 1070//1070 547//547
f 547//547 1070//1070 1345//1345
f 547//547 1345//1345 548//548
f 548//548 1345//1345 542//542
f 542//542 1345//1345 1333//1333
f 542//542 1333//1333 1334//1334
f 1070//1070 1071//1071 1346//1346
f 1346//1346 1071//1071 514//514
f 1071//1071 1258//1258 514//514
f 1071//1071 1076//1076 1258//1258
f 1073//1073 1072//1072 1074//1074
f 1074//1074 1072//1072 1075//1075
f 996//996 1270//1270 994//994
f 994//994 1270//1270 995//995
f 994//994 995//995 993//993
f 1268//1268 1269//1269 1347//1347
f 1268//1268 1347//1347 1348//1348
f 1348//1348 1347//1347 1349//1349
f 1349//1349 1347//1347 1350//1350
f 1350//1350 1347//1347 1351//1351
f 1348//1348 989//989 1268//1268
f 1268//1268 989//989 523//523
f 470//470 990//990 1270//1270
f 470//470 1270//1270 1352//1352
f 1352//1352 1270//1270 1271//1271
f 1352//1352 1271//1271 1353//1353
f 1353//1353 1271//1271 1272//1272
f 1353//1353 1272//1272 1354//1354
f 1354//1354 1272//1272 1273//1273
f 1354//1354 1273//1273 1355//1355
f 1355//1355 1273//1273 1274//1274
f 1355//1355 1274//1274 1275//1275
f 1270//1270 990//990 995//995
f 993//993 992//992 994//994
f 994//994 992//992 991//991
f 905//905 1282//1282 902//902
f 902//902 1282//1282 904//904
f 902//902 904//904 901//901
f 1280//1280 1281//1281 1356//1356
f 1280//1280 1356//1356 1357//1357
f 1357//1357 1356//1356 1358//1358
f 1358//1358 1356//1356 1359//1359
f 1359//1359 1356//1356 1360//1360
f 1357//1357 898//898 1280//1280
f 1280//1280 898//898 475//475
f 475//475 898//898 990//990
f 475//475 990//990 476//476
f 476//476 990//990 470//470
f 898//898 899//899 990//990
f 899//899 1282//1282 1361//1361
f 899//899 1361//1361 447//447
f 899//899 904//904 1282//1282
f 901//901 900//900 902//902
f 902//902 900//900 903//903
f 822//822 1294//1294 820//820
f 820//820 1294//1294 821//821
f 820//820 821//821 819//819
f 1292//1292 1293//1293 1362//1362
f 1292//1292 1362//1362 1363//1363
f 1363//1363 1362//1362 1364//1364
f 1364//1364 1362//1362 1365//1365
f 1365//1365 1362//1362 1366//1366
f 1363//1363 815//815 1292//1292
f 1292//1292 815//815 453//453
f 453//453 815//815 1367//1367
f 453//453 1367//1367 452//452
f 452//452 1367//1367 447//447
f 447//447 1367//1367 899//899
f 1367//1367 815//815 816//816
f 1368//1368 816//816 1369//1369
f 1369//1369 816//816 1294//1294
f 1369//1369 1294//1294 1370//1370
f 1370//1370 1294//1294 1295//1295
f 1370//1370 1295//1295 1371//1371
f 1371//1371 1295//1295 1296//1296
f 1371//1371 1296//1296 1372//1372
f 1372//1372 1296//1296 1297//1297
f 1372//1372 1297//1297 1373//1373
f 1373//1373 1297//1297 1298//1298
f 1373//1373 1298//1298 1299//1299
f 1294//1294 816//816 821//821
f 819//819 818//818 820//820
f 820//820 818//818 817//817
f 731//731 1306//1306 728//728
f 728//728 1306//1306 730//730
f 728//728 730//730 727//727
f 1304//1304 1305//1305 1374//1374
f 1304//1304 1374//1374 1375//1375
f 1375//1375 1374//1374 1376//1376
f 1376//1376 1374//1374 1377//1377
f 1377//1377 1374//1374 1378//1378
f 1375//1375 724//724 1304//1304
f 1304//1304 724//724 408//408
f 408//408 724//724 1368//1368
f 408//408 1368//1368 404//404
f 404//404 1368//1368 1369//1369
f 724//724 725//725 1379//1379
f 1379//1379 725//725 381//381
f 725//725 1306//1306 1380//1380
f 725//725 1380//1380 381//381
f 725//725 730//730 1306//1306
f 727//727 726//726 728//728
f 728//728 726//726 729//729
f 648//648 1318//1318 646//646
f 646//646 1318//1318 647//647
f 646//646 647//647 645//645
f 1316//1316 1317//1317 1381//1381
f 1316//1316 1381//1381 1382//1382
f 1382//1382 1381//1381 1383//1383
f 1383//1383 1381//1381 1384//1384
f 1384//1384 1381//1381 1385//1385
f 1382//1382 641//641 1316//1316
f 1316//1316 641//641 386//386
f 386//386 641//641 385//385
f 288//288 641//641 642//642
f 288//288 642//642 360//360
f 360//360 642//642 323//323
f 323//323 642//642 1318//1318
f 323//323 1318//1318 1386//1386
f 1386//1386 1318//1318 1319//1319
f 1386//1386 1319//1319 1387//1387
f 1387//1387 1319//1319 1320//1320
f 1387//1387 1320//1320 1388//1388
f 1388//1388 1320//1320 1321//1321
f 1388//1388 1321//1321 1389//1389
f 1389//1389 1321//1321 1322//1322
f 1389//1389 1322//1322 1323//1323
f 1318//1318 642//642 647//647
f 645//645 644//644 646//646
f 646//646 644//644 643//643
f 1256//1256 547//547 567//567
f 1256//1256 567//567 1255//1255
f 1255//1255 567//567 568//568
f 1255//1255 568//568 1254//1254
f 1254//1254 568//568 1390//1390
f 1254//1254 1390//1390 1253//1253
f 1253//1253 1390//1390 1391//1391
f 1253//1253 1391//1391 1252//1252
f 1252//1252 1391//1391 1251//1251
f 1251//1251 1391//1391 1339//1339
f 989//989 517//517 523//523
f 1268//1268 523//523 526//526
f 1268//1268 526//526 1267//1267
f 1267//1267 526//526 525//525
f 1267//1267 525//525 1266//1266
f 1266//1266 525//525 1392//1392
f 1266//1266 1392//1392 1265//1265
f 1265//1265 1392//1392 1393//1393
f 1265//1265 1393//1393 1264//1264
f 1264//1264 1393//1393 1263//1263
f 1263//1263 1393//1393 1394//1394
f 1263//1263 1394//1394 1262//1262
f 1262//1262 1394//1394 1261//1261
f 1261//1261 1394//1394 1395//1395
f 1261//1261 1395//1395 1260//1260
f 1260//1260 1395//1395 1396//1396
f 1260//1260 1396//1396 1259//1259
f 1259//1259 1396//1396 1397//1397
f 1259//1259 1397//1397 1258//1258
f 1258//1258 1397//1397 514//514
f 514//514 512//512 1346//1346
f 1346//1346 512//512 517//517
f 1346//1346 517//517 989//989
f 1280//1280 475//475 495//495
f 1280//1280 495//495 1279//1279
f 1279//1279 495//495 496//496
f 1279//1279 496//496 1278//1278
f 1278//1278 496//496 1398//1398
f 1278//1278 1398//1398 1277//1277
f 1277//1277 1398//1398 1399//1399
f 1277//1277 1399//1399 1276//1276
f 1276//1276 1399//1399 1275//1275
f 1275//1275 1399//1399 1355//1355
f 1292//1292 453//453 456//456
f 1292//1292 456//456 1291//1291
f 1291//1291 456//456 455//455
f 1291//1291 455//455 1290//1290
f 1290//1290 455//455 1400//1400
f 1290//1290 1400//1400 1289//1289
f 1289//1289 1400//1400 1401//1401
f 1289//1289 1401//1401 1288//1288
f 1288//1288 1401//1401 1287//1287
f 1287//1287 1401//1401 1402//1402
f 1287//1287 1402//1402 1286//1286
f 1286//1286 1402//1402 1285//1285
f 1285//1285 1402//1402 1403//1403
f 1285//1285 1403//1403 1284//1284
f 1284//1284 1403//1403 1404//1404
f 1284//1284 1404//1404 1283//1283
f 1283//1283 1404//1404 1405//1405
f 1283//1283 1405//1405 1282//1282
f 1282//1282 1405//1405 1406//1406
f 1282//1282 1406//1406 1407//1407
f 1282//1282 1407//1407 1408//1408
f 1282//1282 1408//1408 1409//1409
f 1409//1409 1361//1361 1282//1282
f 1304//1304 408//408 428//428
f 1304//1304 428//428 1303//1303
f 1303//1303 428//428 429//429
f 1303//1303 429//429 1302//1302
f 1302//1302 429//429 1410//1410
f 1302//1302 1410//1410 1301//1301
f 1301//1301 1410//1410 1411//1411
f 1301//1301 1411//1411 1300//1300
f 1300//1300 1411//1411 1299//1299
f 1299//1299 1411//1411 1373//1373
f 1316//1316 386//386 389//389
f 1316//1316 389//389 1315//1315
f 1315//1315 389//389 388//388
f 1315//1315 388//388 1314//1314
f 1314//1314 388//388 1412//1412
f 1314//1314 1412//1412 1313//1313
f 1313//1313 1412//1412 1413//1413
f 1313//1313 1413//1413 1312//1312
f 1312//1312 1413//1413 1311//1311
f 1311//1311 1413//1413 1414//1414
f 1311//1311 1414//1414 1310//1310
f 1310//1310 1414//1414 1309//1309
f 1309//1309 1414//1414 1415//1415
f 1309//1309 1415//1415 1308//1308
f 1308//1308 1415//1415 1416//1416
f 1308//1308 1416//1416 1307//1307
f 1307//1307 1416//1416 1417//1417
f 1307//1307 1417//1417 1306//1306
f 1306//1306 1417//1417 1418//1418
f 1306//1306 1418//1418 1419//1419
f 1306//1306 1419//1419 1420//1420
f 1306//1306 1420//1420 1421//1421
f 1421//1421 1380//1380 1306//1306
f 1379//1379 381//381 385//385
f 363//363 362//362 1326//1326
f 1326//1326 362//362 1422//1422
f 1326//1326 1422//1422 1325//1325
f 1325//1325 1422//1422 1423//1423
f 1325//1325 1423//1423 1324//1324
f 1324//1324 1423//1423 1323//1323
f 1323//1323 1423//1423 1389//1389
f 288//288 360//360 342//342
f 1243//1243 291//291 1170//1170
f 1243//1243 1170//1170 1242//1242
f 1242//1242 1170//1170 1171//1171
f 1242//1242 1171//1171 1241//1241
f 1241//1241 1171//1171 1172//1172
f 1241//1241 1172//1172 1240//1240
f 1240//1240 1172//1172 1173//1173
f 1240//1240 1173//1173 1239//1239
f 1239//1239 1173//1173 1238//1238
f 1238//1238 1173//1173 1174//1174
f 285//285 286//286 290//290
f 285//285 287//287 286//286
f 290//290 289//289 285//285
f 285//285 289//289 342//342
f 285//285 342//342 284//284
f 289//289 288//288 342//342
f 314//314 1184//1184 1183//1183
f 314//314 1183//1183 1177//1177
f 1177//1177 1183//1183 1181//1181
f 1177//1177 1181//1181 1180//1180
f 1177//1177 1180//1180 1182//1182
f 1177//1177 259//259 314//314
f 1184//1184 1332//1332 288//288
f 1345//1345 1070//1070 1346//1346
f 1346//1346 989//989 990//990
f 1162//1162 1333//1333 1345//1345
f 1162//1162 1345//1345 1424//1424
f 990//990 1425//1425 1426//1426
f 990//990 899//899 1425//1425
f 1425//1425 899//899 1367//1367
f 1379//1379 385//385 641//641
f 1379//1379 641//641 288//288
f 816//816 1368//1368 1427//1427
f 1368//1368 1379//1379 1427//1427
f 724//724 1379//1379 1368//1368
f 990//990 1426//1426 1346//1346
f 1424//1424 1428//1428 1162//1162
f 1162//1162 1428//1428 1332//1332
f 288//288 1332//1332 1429//1429
f 1332//1332 1428//1428 1429//1429
f 1345//1345 1346//1346 1430//1430
f 1430//1430 1346//1346 1426//1426
f 1367//1367 816//816 1431//1431
f 816//816 1427//1427 1431//1431
f 1379//1379 288//288 1432//1432
f 1432//1432 288//288 1429//1429
f 1433//1433 1429//1429 1428//1428
f 1433//1433 1428//1428 1434//1434
f 1434//1434 1428//1428 1424//1424
f 1434//1434 1424//1424 1345//1345
f 1434//1434 1345//1345 1435//1435
f 1435//1435 1345//1345 1430//1430
f 1435//1435 1430//1430 1426//1426
f 1435//1435 1426//1426 1436//1436
f 1436//1436 1426//1426 1425//1425
f 1436//1436 1425//1425 1367//1367
f 1436//1436 1367//1367 1437//1437
f 1437//1437 1367//1367 1431//1431
f 1437//1437 1431//1431 1427//1427
f 1437//1437 1427//1427 1438//1438
f 1438//1438 1427//1427 1379//1379
f 1438//1438 1379//1379 1439//1439
f 1439//1439 1379//1379 1432//1432
f 1439//1439 1432//1432 1429//1429
f 1439//1439 1429//1429 1433//1433
f 1439//1439 1433//1433 1440//1440
f 1440//1440 1433//1433 1434//1434
f 1440//1440 1434//1434 1435//1435
f 1440//1440 1435//1435 1441//1441
f 1441//1441 1435//1435 1436//1436
f 1441//1441 1436//1436 1442//1442
f 1442//1442 1436//1436 1437//1437
f 1442//1442 1437//1437 1443//1443
f 1443//1443 1437//1437 1438//1438
f 1443//1443 1438//1438 1444//1444
f 1444//1444 1438//1438 1439//1439
f 1444//1444 1439//1439 1440//1440
f 1440//1440 1445//1445 1444//1444
f 1444//1444 1445//1445 1446//1446
f 1444//1444 1446//1446 1443//1443
f 1443//1443 1446//1446 1447//1447
f 1443//1443 1447//1447 1442//1442
f 1442//1442 1447//1447 1448//1448
f 1442//1442 1448//1448 1441//1441
f 1441//1441 1448//1448 1449//1449
f 1441//1441 1449//1449 1440//1440
f 1440//1440 1449//1449 1445//1445
f 1450//1450 1445//1445 1449//1449
f 1450//1450 1449//1449 1451//1451
f 1451//1451 1449//1449 1448//1448
f 1451//1451 1448//1448 1447//1447
f 1451//1451 1447//1447 1452//1452
f 1452//1452 1447//1447 1446//1446
f 1452//1452 1446//1446 1445//1445
f 1452//1452 1445//1445 1450//1450
f 1450//1450 11//11 1452//1452
f 1452//1452 11//11 14//14
f 1452//1452 14//14 1451//1451
f 1451//1451 14//14 13//13
f 1451//1451 13//13 1450//1450
f 1450//1450 13//13 11//11
f 362//362 32//32 1422//1422
f 1422//1422 32//32 47//47
f 1422//1422 47//47 1423//1423
f 1423//1423 47//47 1389//1389
f 1389//1389 47//47 1388//1388
f 1388//1388 47//47 320//320
f 1388//1388 320//320 1387//1387
f 320//320 45//45 1386//1386
f 320//320 1386//1386 1387//1387
f 1386//1386 45//45 323//323
f 45//45 321//321 323//323
f 34//34 360//360 323//323
f 388//388 194//194 1412//1412
f 1412//1412 194//194 195//195
f 1412//1412 195//195 1413//1413
f 1413//1413 195//195 1414//1414
f 1414//1414 195//195 1415//1415
f 1415//1415 195//195 1416//1416
f 195//195 364//364 1453//1453
f 195//195 1453//1453 1416//1416
f 1416//1416 1453//1453 1417//1417
f 1417//1417 1453//1453 1418//1418
f 1418//1418 1454//1454 1419//1419
f 1419//1419 1455//1455 1420//1420
f 1420//1420 1455//1455 1456//1456
f 1420//1420 1456//1456 1421//1421
f 1421//1421 1456//1456 1457//1457
f 1421//1421 1457//1457 1458//1458
f 1458//1458 1457//1457 1459//1459
f 1458//1458 1459//1459 1380//1380
f 1380//1380 1459//1459 369//369
f 1380//1380 369//369 381//381
f 364//364 1454//1454 1453//1453
f 1453//1453 1454//1454 1418//1418
f 1454//1454 364//364 366//366
f 366//366 367//367 1455//1455
f 366//366 1455//1455 1419//1419
f 1455//1455 367//367 1460//1460
f 1455//1455 1460//1460 1456//1456
f 367//367 368//368 1460//1460
f 1460//1460 368//368 1457//1457
f 1460//1460 1457//1457 1456//1456
f 1457//1457 368//368 1459//1459
f 1459//1459 368//368 369//369
f 1380//1380 1421//1421 1458//1458
f 1454//1454 366//366 1419//1419
f 391//391 48//48 429//429
f 429//429 48//48 1410//1410
f 1410//1410 48//48 1411//1411
f 1411//1411 48//48 1373//1373
f 1373//1373 48//48 1372//1372
f 1372//1372 48//48 392//392
f 1372//1372 392//392 1371//1371
f 392//392 71//71 1370//1370
f 392//392 1370//1370 1371//1371
f 1369//1369 71//71 395//395
f 1369//1369 395//395 404//404
f 1370//1370 71//71 1369//1369
f 71//71 393//393 395//395
f 455//455 188//188 1400//1400
f 1400//1400 188//188 1401//1401
f 1401//1401 188//188 193//193
f 1401//1401 193//193 1402//1402
f 1402//1402 193//193 1403//1403
f 1403//1403 193//193 1404//1404
f 193//193 430//430 1461//1461
f 193//193 1461//1461 1404//1404
f 1404//1404 1461//1461 1405//1405
f 1405//1405 1461//1461 1406//1406
f 1406//1406 1462//1462 1407//1407
f 1407//1407 1463//1463 1408//1408
f 1408//1408 1463//1463 1464//1464
f 1408//1408 1464//1464 1409//1409
f 1409//1409 1464//1464 1465//1465
f 1409//1409 1465//1465 1466//1466
f 1466//1466 1465//1465 1467//1467
f 1466//1466 1467//1467 1361//1361
f 1361//1361 1467//1467 435//435
f 1361//1361 435//435 447//447
f 430//430 1462//1462 1461//1461
f 1461//1461 1462//1462 1406//1406
f 1462//1462 430//430 432//432
f 432//432 433//433 1463//1463
f 432//432 1463//1463 1407//1407
f 1463//1463 433//433 1468//1468
f 1463//1463 1468//1468 1464//1464
f 433//433 434//434 1468//1468
f 1468//1468 434//434 1465//1465
f 1468//1468 1465//1465 1464//1464
f 1465//1465 434//434 1467//1467
f 1467//1467 434//434 435//435
f 1361//1361 1409//1409 1466//1466
f 1462//1462 432//432 1407//1407
f 458//458 75//75 496//496
f 496//496 75//75 1398//1398
f 1398//1398 75//75 1399//1399
f 1399//1399 75//75 76//76
f 1399//1399 76//76 1355//1355
f 1355//1355 76//76 1354//1354
f 1354//1354 76//76 459//459
f 1354//1354 459//459 1353//1353
f 459//459 77//77 1352//1352
f 459//459 1352//1352 1353//1353
f 470//470 77//77 461//461
f 1352//1352 77//77 470//470
f 525//525 182//182 1392//1392
f 1392//1392 182//182 181//181
f 1392//1392 181//181 1393//1393
f 1393//1393 181//181 1394//1394
f 1394//1394 181//181 1395//1395
f 1395//1395 181//181 1396//1396
f 1396//1396 181//181 499//499
f 499//499 186//186 1397//1397
f 499//499 1397//1397 1396//1396
f 1397//1397 186//186 514//514
f 186//186 500//500 514//514
f 531//531 530//530 568//568
f 568//568 530//530 1390//1390
f 1390//1390 530//530 96//96
f 1390//1390 96//96 1391//1391
f 1391//1391 96//96 1339//1339
f 1339//1339 96//96 1338//1338
f 1338//1338 96//96 533//533
f 1338//1338 533//533 1337//1337
f 533//533 532//532 1336//1336
f 533//533 1336//1336 1337//1337
f 1335//1335 534//534 1334//1334
f 1334//1334 534//534 542//542
f 1336//1336 532//532 1335//1335
f 532//532 534//534 1335//1335
f 110//110 548//548 542//542
f 648//648 570//570 1317//1317
f 1317//1317 570//570 42//42
f 1317//1317 42//42 572//572
f 1317//1317 572//572 1381//1381
f 589//589 1385//1385 572//572
f 572//572 1385//1385 1381//1381
f 641//641 1382//1382 589//589
f 589//589 1382//1382 1383//1383
f 589//589 1383//1383 1384//1384
f 1384//1384 1385//1385 589//589
f 731//731 115//115 1305//1305
f 1305//1305 115//115 649//649
f 1305//1305 652//652 1374//1374
f 1305//1305 649//649 652//652
f 683//683 1377//1377 652//652
f 652//652 1377//1377 1378//1378
f 652//652 1378//1378 1374//1374
f 724//724 1375//1375 683//683
f 683//683 1375//1375 1376//1376
f 683//683 1376//1376 1377//1377
f 822//822 733//733 1293//1293
f 1293//1293 733//733 65//65
f 1293//1293 65//65 735//735
f 1293//1293 735//735 1362//1362
f 760//760 1366//1366 735//735
f 735//735 1366//1366 1362//1362
f 815//815 1363//1363 760//760
f 760//760 1363//1363 1364//1364
f 760//760 1364//1364 1365//1365
f 1365//1365 1366//1366 760//760
f 905//905 130//130 1281//1281
f 1281//1281 130//130 823//823
f 1281//1281 826//826 1356//1356
f 1281//1281 823//823 826//826
f 858//858 1359//1359 826//826
f 826//826 1359//1359 1360//1360
f 826//826 1360//1360 1356//1356
f 898//898 1357//1357 858//858
f 858//858 1357//1357 1358//1358
f 858//858 1358//1358 1359//1359
f 996//996 907//907 1269//1269
f 1269//1269 907//907 163//163
f 1269//1269 163//163 909//909
f 1269//1269 909//909 1347//1347
f 935//935 1351//1351 909//909
f 909//909 1351//1351 1347//1347
f 989//989 1348//1348 935//935
f 935//935 1348//1348 1349//1349
f 935//935 1349//1349 1350//1350
f 1350//1350 1351//1351 935//935
f 1077//1077 145//145 1257//1257
f 1257//1257 145//145 997//997
f 1257//1257 1000//1000 1340//1340
f 1257//1257 997//997 1000//1000
f 1029//1029 1343//1343 1000//1000
f 1000//1000 1343//1343 1344//1344
f 1000//1000 1344//1344 1340//1340
f 1070//1070 1341//1341 1029//1029
f 1029//1029 1341//1341 1342//1342
f 1029//1029 1342//1342 1343//1343
f 1169//1169 1079//1079 1245//1245
f 1245//1245 1079//1079 1244//1244
f 1244//1244 100//100 1081//1081
f 1244//1244 1081//1081 1327//1327
f 1079//1079 100//100 1244//1244
f 1107//1107 1331//1331 1081//1081
f 1081//1081 1331//1331 1327//1327
f 1162//1162 1328//1328 1107//1107
f 1107//1107 1328//1328 1329//1329
f 1107//1107 1329//1329 1330//1330
f 1330//1330 1331//1331 1107//1107
